id,ams_asset_id,number,legacy_number,lot_id,subcategory_code,location_id,status,condition,price,image_url,ams_image_url,type,classification,burden,project_id,vendor_id,created_at,updated_at,specification
1450,2613,00020-COMP-NB-ICT-PTRE-02,00020-COMP-NB-ICT-PTRE-02,136,COMP-NB,77,Tidak Aktif,Rusak,0.0,,,LT,Aset,Corporate,,1,2021-02-11 08:02:24.000,2021-02-11 08:02:24.000,"P3:700 Mhz, RAM:256 Mb, HD:10 Gb, 140016:16 MB"
1451,2949,00356-COMP-NB-ICT-PTRE-03,00356-COMP-NB-ICT-PTRE-03,137,COMP-NB,77,Tidak Aktif,Rusak,0.0,,,LT,Aset,Corporate,,1,2021-02-11 08:02:35.000,2021-02-11 08:02:35.000,"CENTRINO:1700 Mhz, RAM:512 Mb, HD:30 Gb, 140016:16 MB, LCD:11"""
1452,2990,00397-COMP-NB-ICT-PTRE-04,00397-COMP-NB-ICT-PTRE-04,138,COMP-NB,77,Tidak Aktif,Rusak,0.0,,,LT,Aset,Corporate,,1,2021-02-11 08:02:44.000,2021-02-11 08:02:44.000,"P4:2400 Mhz, RAM:512 Mb, HD:40 Gb, 140016:16 MB, LCD:14"""
1453,2996,00403-COMP-NB-ICT-PTRE-04,00403-COMP-NB-ICT-PTRE-04,137,COMP-NB,77,Tidak Aktif,Rusak,0.0,,,LT,Aset,Corporate,,1,2021-02-11 08:02:52.000,2021-02-11 08:02:52.000,"CENTRINO:1600 Mhz, RAM:512 Mb, HD:60 Gb, 140016:16 MB, LCD:13"""
1454,3021,00428-COMP-NB-ICT-PTRE-06,00428-COMP-NB-ICT-PTRE-06,139,COMP-NB,77,Tidak Aktif,Rusak,0.0,,,LT,Aset,Corporate,,1,2021-02-11 08:03:00.000,2021-02-11 08:03:00.000,"TURION: 1700, RAM: 512 MB, HD: 40 GB, LCD 13"""
1455,3027,00434-COMP-NB-ICT-PTRE-07,00434-COMP-NB-ICT-PTRE-07,140,COMP-NB,77,Tidak Aktif,Rusak,0.0,,,LT,Aset,Corporate,,1,2021-02-11 08:03:08.000,2021-02-11 08:03:08.000,"CENTRINO:1700 Mhz, RAM:1 Gb, HD:120 Gb, 140016:64 MB, LCD:13"""
1456,3190,00597-COMP-NB-ICT-PTRE-10,00597-COMP-NB-ICT-PTRE-10,141,COMP-NB,77,Tidak Aktif,Rusak,0.0,,,LT,Aset,Corporate,,1,2021-02-11 08:03:15.000,2021-02-11 08:03:15.000,"CORE I 330, 2 GB RAM, 320 GB HD, 14 WIDE, NON OS"
1457,3196,00603-COMP-NB-ICT-PTRE-10,00603-COMP-NB-ICT-PTRE-10,142,COMP-NB,77,Tidak Aktif,Rusak,0.0,,,LT,Aset,Corporate,,1,2021-02-11 08:03:29.000,2021-02-11 08:03:29.000,"CORE I 330, 2 GB RAM, 320 GB HD, 14 WIDE, NON OS"
1458,3213,00620-COMP-NB-ICT-PTRE-10,00620-COMP-NB-ICT-PTRE-10,142,COMP-NB,77,Tidak Aktif,Rusak,0.0,,,LT,Aset,Corporate,,1,2021-02-11 08:03:35.000,2021-02-11 08:03:35.000,"CORE I 330, 2 GB RAM, 320 GB HD, 14 WIDE, NON OS"
1459,3259,00666-COMP-NB-ICT-PTRE-11,00666-COMP-NB-ICT-PTRE-11,143,COMP-NB,77,Tidak Aktif,Rusak,0.0,,,LT,Aset,Corporate,,1,2021-02-11 08:03:40.000,2021-02-11 08:03:40.000,"Core 1 5, 14 "", RAM 4 GB"
1460,3475,00882-COMP-NB-ICT-PTRE-12,00882-COMP-NB-ICT-PTRE-12,143,COMP-NB,77,Tidak Aktif,Rusak,0.0,,,LT,Aset,Corporate,,1,2021-02-11 08:03:47.000,2021-02-11 08:03:47.000,"Core 2 Duo, 2 GB RAM, 500 GB, 14"""
1461,3476,00883-COMP-NB-ICT-PTRE-12,00883-COMP-NB-ICT-PTRE-12,143,COMP-NB,77,Tidak Aktif,Rusak,0.0,,,LT,Aset,Corporate,,1,2021-02-11 08:03:57.000,2021-02-11 08:03:57.000,"CORE I3, HD 500GB, 2GB RAM, Gforce"
1462,3548,00955-COMP-NB-ICT-PTRE-12,00955-COMP-NB-ICT-PTRE-12,144,COMP-NB,77,Tersedia,Rusak,0.0,,,LT,Aset,Corporate,,1,2023-03-29 09:18:17.000,2023-03-29 09:18:17.000,ULTRABOOK CORE I3
1463,3549,00956-COMP-NB-ICT-PTRE-12,00956-COMP-NB-ICT-PTRE-12,145,COMP-NB,77,Tidak Aktif,Rusak,0.0,,,LT,Aset,Corporate,,1,2021-02-11 08:04:29.000,2021-02-11 08:04:29.000,CORE I3
1464,3560,00967-COMP-NB-ICT-PTRE-12,00967-COMP-NB-ICT-PTRE-12,145,COMP-NB,77,Tidak Aktif,Rusak,0.0,,,LT,Aset,Corporate,,1,2021-02-11 08:04:35.000,2021-02-11 08:04:35.000,"CORE I3, 2315, HD 500GB, 2GB RAM, Gforce"
1465,3564,00971-COMP-NB-ICT-PTRE-12,00971-COMP-NB-ICT-PTRE-12,146,COMP-NB,77,Tidak Aktif,Rusak,0.0,,,LT,Aset,Corporate,,1,2023-03-29 09:18:26.000,2023-03-29 09:18:26.000,"CORE I5, 2315, HD 500GB, 2GB RAM, 140016 Intel"
1466,3587,00994-COMP-NB-ICT-PTRE-12,00994-COMP-NB-ICT-PTRE-12,145,COMP-NB,77,Tidak Aktif,Rusak,0.0,,,LT,Aset,Corporate,,1,2021-02-11 08:05:01.000,2021-02-11 08:05:01.000,"CORE I7, 3517, HD 500GB, 8GB RAM, Gforce 615"
1467,3707,01113-COMP-NB-ICT-PTRE-13,01113-COMP-NB-ICT-PTRE-13,147,COMP-NB,77,Tidak Aktif,Rusak,0.0,,,LT,Aset,Corporate,,1,2021-02-11 08:05:13.000,2021-02-11 08:05:13.000,"Core I 7 3610, RAM 8GB, 750 GB HD, 140016 K2000M"
1468,3746,01152-COMP-NB-ICT-PTRE-13,01152-COMP-NB-ICT-PTRE-13,137,COMP-NB,77,Tidak Aktif,Rusak,0.0,,,LT,Aset,Corporate,,1,2021-02-11 08:05:32.000,2021-02-11 08:05:32.000,"Core I 5, 4 GB RAM, 500 GB HD, GT 740 140016, 13"""
1469,3758,01164-COMP-NB-ICT-PTRE-13,01164-COMP-NB-ICT-PTRE-13,148,COMP-NB,77,Dipinjam,Rusak,0.0,,,LT,Aset,Corporate,,,2017-01-04 00:00:00.000,2017-01-04 00:00:00.000,"Core I 5, 4 GB RAM, 500 GB HD, 12"""
1470,3761,01167-COMP-NB-ICT-PTRE-13,01167-COMP-NB-ICT-PTRE-13,137,COMP-NB,77,Tidak Aktif,Rusak,0.0,,,LT,Aset,Corporate,,1,2021-02-11 08:05:55.000,2021-02-11 08:05:55.000,"Core I 5, 4 GB RAM, 500 GB HD, 12"""
1471,3762,01168-COMP-NB-ICT-PTRE-13,01168-COMP-NB-ICT-PTRE-13,137,COMP-NB,77,Tidak Aktif,Rusak,0.0,,,LT,Aset,Corporate,,1,2021-02-11 08:06:03.000,2021-02-11 08:06:03.000,"Core I 5, 4 GB RAM, 500 GB HD, 12"""
1472,3763,01169-COMP-NB-ICT-PTRE-13,01169-COMP-NB-ICT-PTRE-13,137,COMP-NB,77,Tidak Aktif,Rusak,0.0,,,LT,Aset,Corporate,,1,2021-02-11 08:06:11.000,2021-02-11 08:06:11.000,"Core I 5, 4 GB RAM, 500 GB HD, 12"""
1473,3774,01180-COMP-NB-ICT-PTRE-13,01180-COMP-NB-ICT-PTRE-13,137,COMP-NB,77,Tidak Aktif,Rusak,0.0,,,LT,Aset,Corporate,,1,2021-02-11 08:06:23.000,2021-02-11 08:06:23.000,"Core I 5, 4 GB RAM, 128 GB SSD HD, 13"""
1474,3775,01181-COMP-NB-ICT-PTRE-13,01181-COMP-NB-ICT-PTRE-13,137,COMP-NB,77,Tidak Aktif,Rusak,0.0,,,LT,Aset,Corporate,,1,2021-02-11 08:06:29.000,2021-02-11 08:06:29.000,"Core I 5, 4 GB RAM, 128 GB SSD HD, 13"""
1475,3782,01188-COMP-NB-ICT-PTRE-13,01188-COMP-NB-ICT-PTRE-13,149,COMP-NB,77,Tersedia,Rusak,0.0,,,LT,Aset,Corporate,,1,2024-03-31 21:49:41.000,2024-03-31 21:49:41.000,"Core I 7, 8 GB RAM, 750 GB HD, Gforce 740, 15"""
1476,3784,01190-COMP-NB-ICT-PTRE-13,01190-COMP-NB-ICT-PTRE-13,137,COMP-NB,77,Dipinjam,Rusak,0.0,,,LT,Aset,Corporate,,,2017-01-04 00:00:00.000,2017-01-04 00:00:00.000,"Core I 5, 4 GB RAM, 128 GB SSD HD, 13"""
1477,3785,01191-COMP-NB-ICT-PTRE-13,01191-COMP-NB-ICT-PTRE-13,145,COMP-NB,77,Tidak Aktif,Rusak,0.0,,,LT,Aset,Corporate,,1,2021-02-11 08:07:46.000,2021-02-11 08:07:46.000,"Core I 7, 4 GB RAM, 500 GB HD, 13"""
1478,3807,01213-COMP-NB-ICT-PTRE-10,01213-COMP-NB-ICT-PTRE-10,150,COMP-NB,77,Tidak Aktif,Rusak,0.0,,,LT,Aset,Corporate,,1,2021-02-11 08:07:58.000,2021-02-11 08:07:58.000,"Core 2 Duo, 2 GB RAM, 500 GB, 14"""
1479,3808,01214-COMP-NB-ICT-PTRE-13,01214-COMP-NB-ICT-PTRE-13,150,COMP-NB,77,Tidak Aktif,Rusak,0.0,,,LT,Aset,Corporate,,1,2021-02-11 08:08:06.000,2021-02-11 08:08:06.000,"Core 2 Duo, 2 GB RAM, 500 GB, 14"""
1480,3809,01215-COMP-NB-ICT-PTRE-13,01215-COMP-NB-ICT-PTRE-13,151,COMP-NB,77,Tidak Aktif,Rusak,0.0,,,LT,Aset,Corporate,,1,2021-02-11 08:08:20.000,2021-02-11 08:08:20.000,"Core 2 Duo, 2 GB RAM, 500 GB, 14"""
1481,3810,01216-COMP-NB-ICT-PTRE-13,01216-COMP-NB-ICT-PTRE-13,143,COMP-NB,77,Tidak Aktif,Rusak,0.0,,,LT,Aset,Corporate,,1,2021-02-11 08:08:35.000,2021-02-11 08:08:35.000,"Core 2 Duo, 2 GB RAM, 500 GB, 14"""
1482,3811,01217-COMP-NB-ICT-PTRE-13,01217-COMP-NB-ICT-PTRE-13,143,COMP-NB,77,Tidak Aktif,Rusak,0.0,,,LT,Aset,Corporate,,1,2021-02-11 08:08:49.000,2021-02-11 08:08:49.000,"Core I 3, 2 GB RAM, 500 GB, 14"""
1483,3812,01218-COMP-NB-ICT-PTRE-13,01218-COMP-NB-ICT-PTRE-13,145,COMP-NB,77,Tidak Aktif,Rusak,0.0,,,LT,Aset,Corporate,,1,2021-02-11 08:09:04.000,2021-02-11 08:09:04.000,"Core I 3, 2 GB RAM, 500 GB, 14"""
1484,3813,01219-COMP-NB-ICT-PTRE-13,01219-COMP-NB-ICT-PTRE-13,145,COMP-NB,77,Tidak Aktif,Rusak,0.0,,,LT,Aset,Corporate,,1,2021-02-11 08:09:25.000,2021-02-11 08:09:25.000,"Core I 3, 2 GB RAM, 500 GB, 14"""
1485,3816,01222-COMP-NB-ICT-PTRE-14,01222-COMP-NB-ICT-PTRE-14,145,COMP-NB,77,Tidak Aktif,Rusak,0.0,,,ST,Aset,Corporate,,1,2021-02-11 08:09:44.000,2021-02-11 08:09:44.000,"Core I 5, 4 GB RAM, 500 GB, 14"""
1486,3821,01227-COMP-NB-ICT-PTRE-14,01227-COMP-NB-ICT-PTRE-14,145,COMP-NB,77,Tidak Aktif,Rusak,0.0,,,LT,Aset,Corporate,,1,2021-02-11 08:10:28.000,2021-02-11 08:10:28.000,"Core I 7, 4 GB RAM, 500 GB, 14"""
1487,3830,01236-COMP-NB-ICT-PTRE-14,01236-COMP-NB-ICT-PTRE-14,145,COMP-NB,77,Tidak Aktif,Rusak,0.0,,,LT,Aset,Corporate,,1,2021-02-11 08:10:16.000,2021-02-11 08:10:16.000,"Core I 5, 4 GB RAM, 500 GB, 14"""
1488,3831,01237-COMP-NB-ICT-PTRE-14,01237-COMP-NB-ICT-PTRE-14,145,COMP-NB,77,Dipinjam,Rusak,0.0,,,LT,Aset,Corporate,,,2017-01-04 00:00:00.000,2017-01-04 00:00:00.000,"Core I 5, 4 GB RAM, 500 GB, 14"""
1489,3833,01239-COMP-NB-ICT-PTRE-14,01239-COMP-NB-ICT-PTRE-14,145,COMP-NB,77,Tidak Aktif,Rusak,0.0,,,LT,Aset,Corporate,,1,2021-02-11 08:11:29.000,2021-02-11 08:11:29.000,"Core I 5, 4 GB RAM, 500 GB, 14"""
1490,3836,01242-COMP-NB-ICT-PTRE-14,01242-COMP-NB-ICT-PTRE-14,145,COMP-NB,77,Tidak Aktif,Rusak,0.0,,,LT,Aset,Corporate,,1,2021-02-11 08:11:46.000,2021-02-11 08:11:46.000,"Core I 5, 4 GB RAM, 500 GB, 14"""
1491,3853,01259-COMP-NB-ICT-PTRE-14,01259-COMP-NB-ICT-PTRE-14,145,COMP-NB,77,Tidak Aktif,Rusak,0.0,,,LT,Aset,Corporate,,1,2021-02-11 08:12:00.000,2021-02-11 08:12:00.000,"Core I 5, 4 GB RAM, 500 GB, 14"""
1492,3896,01302-COMP-NB-ICT-PTRE-15,01302-COMP-NB-ICT-PTRE-15,152,COMP-NB,77,Tidak Aktif,Rusak,0.0,,,LT,Aset,Corporate,,1,2021-02-11 08:12:43.000,2021-02-11 08:12:43.000,"Core I7, 4GB RAM, 1TB, 14 Inch"
1493,3897,01303-COMP-NB-ICT-PTRE-15,01303-COMP-NB-ICT-PTRE-15,152,COMP-NB,77,Tidak Aktif,Rusak,0.0,,,ST,Aset,Corporate,,1,2021-02-11 08:13:14.000,2021-02-11 08:13:14.000,"Core I7, 4GB RAM, 1TB, 14 Inch"
1494,3898,01304-COMP-NB-ICT-PTRE-15,01304-COMP-NB-ICT-PTRE-15,152,COMP-NB,223,Dipinjam,Rusak,0.0,,,ST,Aset,Corporate,10604,1,2025-05-09 11:12:45.000,2025-05-09 11:12:45.000,"Core I7, 4GB RAM, 1TB, 14 Inch"
1495,3899,01305-COMP-NB-ICT-PTRE-15,01305-COMP-NB-ICT-PTRE-15,152,COMP-NB,77,Tersedia,Rusak,0.0,,,ST,Aset,Corporate,,1,2023-03-29 09:19:16.000,2023-03-29 09:19:16.000,"Core I7, 4GB RAM, 1TB, 14 Inch"
1496,3900,01306-COMP-NB-ICT-PTRE-15,01306-COMP-NB-ICT-PTRE-15,152,COMP-NB,77,Tersedia,Rusak,0.0,,,ST,Aset,Corporate,,1,2023-03-29 09:19:23.000,2023-03-29 09:19:23.000,"Core I7, 4GB RAM, 1TB, 14 Inch"
1497,3901,01307-COMP-NB-ICT-PTRE-15,01307-COMP-NB-ICT-PTRE-15,152,COMP-NB,77,Tersedia,Rusak,0.0,,,ST,Aset,Corporate,,1,2023-03-30 12:49:13.000,2023-03-30 12:49:13.000,"Core I7, 4GB RAM, 1TB, 14 Inch"
1498,3902,01308-COMP-NB-ICT-PTRE-15,01308-COMP-NB-ICT-PTRE-15,152,COMP-NB,77,Dipinjam,Rusak,0.0,,,LT,Aset,Corporate,,1,2023-03-30 12:49:23.000,2023-03-30 12:49:23.000,"Core I7, 4GB RAM, 1TB, 14 Inch"
1499,3903,01309-COMP-NB-ICT-PTRE-15,01309-COMP-NB-ICT-PTRE-15,152,COMP-NB,77,Dipinjam,Rusak,0.0,,,ST,Aset,Corporate,,1,2023-03-30 12:49:34.000,2023-03-30 12:49:34.000,"Core I7, 4GB RAM, 1TB, 14 Inch"
1500,3931,01337-COMP-NB-ICT-PTRE-15,01337-COMP-NB-ICT-PTRE-15,152,COMP-NB,77,Dipinjam,Rusak,0.0,,,LT,Aset,Corporate,,1,2024-03-31 21:50:03.000,2024-03-31 21:50:03.000,"Core I7, 4GB RAM, 1TB, 14 Inch"
1501,3993,01397-COMP-NB-ICT-PTRE-16,01397-COMP-NB-ICT-PTRE-16,145,COMP-NB,77,Dipinjam,Rusak,0.0,,,LT,Aset,Corporate,,,2017-01-04 00:00:00.000,2017-01-04 00:00:00.000,"Core I7, 4GB RAM, 1TB, 14 Inch"
1502,3994,01398-COMP-NB-ICT-PTRE-16,01398-COMP-NB-ICT-PTRE-16,145,COMP-NB,77,Dipinjam,Rusak,0.0,,,LT,Aset,Corporate,,,2017-01-04 00:00:00.000,2017-01-04 00:00:00.000,"Core I7, 4GB RAM, 1TB, 14 Inch"
1503,3996,01400-COMP-NB-ICT-PTRE-16,01400-COMP-NB-ICT-PTRE-16,152,COMP-NB,77,Dipinjam,Rusak,0.0,,,LT,Aset,Corporate,,1,2023-03-30 12:49:54.000,2023-03-30 12:49:54.000,"Core I7, 4GB RAM, 1TB, 14 Inch"
1504,3997,01401-COMP-NB-ICT-PTRE-16,01401-COMP-NB-ICT-PTRE-16,152,COMP-NB,77,Dipinjam,Rusak,0.0,,,LT,Aset,Corporate,,1,2023-03-29 09:20:13.000,2023-03-29 09:20:13.000,"Core I7, 4GB RAM, 1TB, 14 Inch"
1505,3998,01402-COMP-NB-ICT-PTRE-16,01402-COMP-NB-ICT-PTRE-16,152,COMP-NB,77,Dipinjam,Rusak,0.0,,,LT,Aset,Corporate,,1,2023-03-29 09:20:19.000,2023-03-29 09:20:19.000,"Core I7, 4GB RAM, 1TB, 14 Inch"
1506,3999,01403-COMP-NB-ICT-PTRE-16,01403-COMP-NB-ICT-PTRE-16,152,COMP-NB,77,Dipinjam,Rusak,0.0,,,LT,Aset,Corporate,,,2017-01-04 00:00:00.000,2017-01-04 00:00:00.000,"Core I7, 4GB RAM, 1TB, 14 Inch"
1507,4000,01404-COMP-NB-ICT-PTRE-16,01404-COMP-NB-ICT-PTRE-16,152,COMP-NB,77,Dipinjam,Rusak,0.0,,,LT,Aset,Corporate,,1,2023-03-29 09:20:24.000,2023-03-29 09:20:24.000,"Core I7, 4GB RAM, 1TB, 14 Inch"
1508,4001,01405-COMP-NB-ICT-PTRE-16,01405-COMP-NB-ICT-PTRE-16,152,COMP-NB,77,Dipinjam,Rusak,0.0,,,LT,Aset,Corporate,,1,2023-03-30 12:50:08.000,2023-03-30 12:50:08.000,"Core I7, 4GB RAM, 1TB, 14 Inch"
1509,4002,01406-COMP-NB-ICT-PTRE-16,01406-COMP-NB-ICT-PTRE-16,152,COMP-NB,77,Dipinjam,Rusak,0.0,,,LT,Aset,Corporate,,1,2024-03-31 21:50:21.000,2024-03-31 21:50:21.000,"Core I7, 4GB RAM, 1TB, 14 Inch"
1510,4003,01407-COMP-NB-ICT-PTRE-16,01407-COMP-NB-ICT-PTRE-16,152,COMP-NB,77,Tidak Aktif,Rusak,0.0,,,LT,Aset,Corporate,,1,2024-03-31 21:50:41.000,2024-03-31 21:50:41.000,"Core I7, 4GB RAM, 1TB, 14 Inch"
1511,4046,01409-COMP-NB-ICT-PTRE-16,01409-COMP-NB-ICT-PTRE-16,145,COMP-NB,230,Dipinjam,QC Passed,0.0,,,LT,Aset,Corporate,,1,2023-10-27 22:03:24.000,2023-10-27 22:03:24.000,"Asus A456UQ i5-7200U, 8GB, 1TB, Geforce GT940MX"
1512,4047,01410-COMP-NB-ICT-PTRE-17,01410-COMP-NB-ICT-PTRE-17,145,COMP-NB,223,Dipinjam,QC Passed,0.0,,,LT,Aset,Corporate,9198,1,2025-05-01 21:45:04.000,2025-05-01 21:45:04.000,"Asus A456UR i5-7200U, 8GB, 1TB, Geforce GT930MX"
1513,4048,01411-COMP-NB-ICT-PTRE-17,01411-COMP-NB-ICT-PTRE-17,142,COMP-NB,215,Dipinjam,Rusak,0.0,,,LT,Aset,Corporate,,1,2024-03-31 21:51:04.000,2024-03-31 21:51:04.000,"DELL Inspiron 13 5378 i5-7200U, 8GB, 1TB, 13"" Touch"
1514,4065,01428-COMP-NB-ICT-PTRE-17,01428-COMP-NB-ICT-PTRE-17,142,COMP-NB,215,Dipinjam,Bagus,0.0,,,LT,Aset,Corporate,,1,2018-04-26 10:17:46.000,2018-04-26 10:17:46.000,"Dell Inspiron 14 5468 i7,8gb,1tb"
1515,4066,01429-COMP-NB-ICT-PTRE-17,01429-COMP-NB-ICT-PTRE-17,142,COMP-NB,215,Dipinjam,Bagus,0.0,,,LT,Aset,Corporate,,1,2018-04-26 10:19:14.000,2018-04-26 10:19:14.000,"Dell Inspiron 14 5468 i7,8gb,1tb"
1516,4067,01430-COMP-NB-ICT-PTRE-17,01430-COMP-NB-ICT-PTRE-17,142,COMP-NB,215,Dipinjam,Bagus,0.0,,,LT,Aset,Corporate,,1,2018-04-26 10:21:05.000,2018-04-26 10:21:05.000,"Dell Inspiron 14 5468 i7,8gb,1tb"
1517,4068,01431-COMP-NB-ICT-PTRE-17,01431-COMP-NB-ICT-PTRE-17,142,COMP-NB,215,Dipinjam,Bagus,0.0,,,LT,Aset,Corporate,,1,2018-04-26 10:22:42.000,2018-04-26 10:22:42.000,"Dell Inspiron 14 5468 i7,8gb,1tb"
1518,4069,01432-COMP-NB-ICT-PTRE-17,01432-COMP-NB-ICT-PTRE-17,142,COMP-NB,215,Dipinjam,Bagus,0.0,,,LT,Aset,Corporate,,1,2018-04-26 10:24:22.000,2018-04-26 10:24:22.000,"Dell Inspiron 14 5468 i7,8gb,1tb"
1519,4070,01433-COMP-NB-ICT-PTRE-17,01433-COMP-NB-ICT-PTRE-17,142,COMP-NB,223,Dipinjam,QC Passed,0.0,,,LT,Aset,Corporate,2557,1,2026-08-20 16:01:22.000,2026-08-20 16:01:22.000,"Dell Inspiron 14 5468 i7,8gb,1tb"
1520,4071,01434-COMP-NB-ICT-PTRE-17,01434-COMP-NB-ICT-PTRE-17,154,COMP-NB,215,Dipinjam,Bagus,0.0,,,LT,Aset,Corporate,,1,2018-04-26 10:31:35.000,2018-04-26 10:31:35.000,"HP Pavilion 14 Ci5,4gb,1tb"
1521,4072,01435-COMP-NB-ICT-PTRE-17,01435-COMP-NB-ICT-PTRE-17,154,COMP-NB,215,Dipinjam,Bagus,0.0,,,LT,Aset,Corporate,,1,2018-04-26 10:32:59.000,2018-04-26 10:32:59.000,"HP Pavilion 14 Ci5,4gb,1tb"
1522,4073,01436-COMP-NB-ICT-PTRE-17,01436-COMP-NB-ICT-PTRE-17,154,COMP-NB,215,Dipinjam,Bagus,0.0,,,LT,Aset,Corporate,,1,2018-04-26 10:34:18.000,2018-04-26 10:34:18.000,"HP Pavilion 14 Ci5,4gb,1tb"
1523,4074,01437-COMP-NB-ICT-PTRE-17,01437-COMP-NB-ICT-PTRE-17,154,COMP-NB,215,Dipinjam,Bagus,0.0,,,LT,Aset,Corporate,,1,2018-04-26 10:36:21.000,2018-04-26 10:36:21.000,"HP Pavilion 14 Ci5,4gb,1tb"
1524,4075,01438-COMP-NB-ICT-PTRE-17,01438-COMP-NB-ICT-PTRE-17,154,COMP-NB,215,Dipinjam,Bagus,0.0,,,LT,Aset,Corporate,,1,2018-04-26 10:37:49.000,2018-04-26 10:37:49.000,"HP Pavilion 14 Ci5,4gb,1tb"
1525,4076,01439-COMP-NB-ICT-PTRE-17,01439-COMP-NB-ICT-PTRE-17,154,COMP-NB,215,Dipinjam,Bagus,0.0,,,LT,Aset,Corporate,,1,2018-04-26 10:39:10.000,2018-04-26 10:39:10.000,"HP Pavilion 14 Ci5,4gb,1tb"
1526,4077,01440-COMP-NB-ICT-PTRE-17,01440-COMP-NB-ICT-PTRE-17,154,COMP-NB,215,Dipinjam,Bagus,0.0,,,LT,Aset,Corporate,,1,2018-04-26 10:40:22.000,2018-04-26 10:40:22.000,"HP Pavilion 14 Ci5,8gb,1tb"
1527,4078,01441-COMP-NB-ICT-PTRE-17,01441-COMP-NB-ICT-PTRE-17,154,COMP-NB,215,Dipinjam,Bagus,0.0,,,LT,Aset,Corporate,,1,2018-04-26 10:41:34.000,2018-04-26 10:41:34.000,"HP Pavilion 14 Ci5,8gb,1tb"
1528,4080,01442-COMP-NB-ICT-PTRE-17,01442-COMP-NB-ICT-PTRE-17,154,COMP-NB,215,Tersedia,Bagus,0.0,,,LT,Aset,Corporate,,1,2018-04-26 10:44:26.000,2018-04-26 10:44:26.000,"HP Pavilion 14 Ci5,8gb,1tb"
1529,4081,01443-COMP-NB-ICT-PTRE-17,01443-COMP-NB-ICT-PTRE-17,154,COMP-NB,215,Dipinjam,Bagus,0.0,,,LT,Aset,Corporate,,1,2018-04-26 10:45:42.000,2018-04-26 10:45:42.000,"HP Pavilion 14 Ci5,8gb,1tb"
1530,4082,01444-COMP-NB-ICT-PTRE-17,01444-COMP-NB-ICT-PTRE-17,154,COMP-NB,215,Dipinjam,Bagus,0.0,,,LT,Aset,Corporate,,1,2018-04-26 10:47:32.000,2018-04-26 10:47:32.000,"HP Pavilion 14 Ci5,8gb,1tb"
1531,4083,01445-COMP-NB-ICT-PTRE-17,01445-COMP-NB-ICT-PTRE-17,154,COMP-NB,215,Dipinjam,Bagus,0.0,,,LT,Aset,Corporate,,1,2018-04-26 10:48:56.000,2018-04-26 10:48:56.000,"HP Pavilion 14 Ci5,8gb,1tb"
1532,4084,01446-COMP-NB-ICT-PTRE-17,01446-COMP-NB-ICT-PTRE-17,154,COMP-NB,215,Dipinjam,Bagus,0.0,,,LT,Aset,Corporate,,1,2018-04-26 10:50:50.000,2018-04-26 10:50:50.000,"HP Pavilion 14 Ci5,8gb,1tb"
1533,4085,01447-COMP-NB-ICT-PTRE-17,01447-COMP-NB-ICT-PTRE-17,155,COMP-NB,117,Dipinjam,QC Passed,0.0,,,LT,Aset,Corporate,10604,1,2024-08-27 11:08:10.000,2024-08-27 11:08:10.000,"HP Probook 14 Ci5,8gb,1tb"
1534,4086,01448-COMP-NB-ICT-PTRE-17,01448-COMP-NB-ICT-PTRE-17,155,COMP-NB,215,Dipinjam,Bagus,0.0,,,LT,Aset,Corporate,,1,2018-04-26 10:53:38.000,2018-04-26 10:53:38.000,"HP Probook 14 Ci5,8gb,1tb"
1535,4087,01449-COMP-NB-ICT-PTRE-17,01449-COMP-NB-ICT-PTRE-17,155,COMP-NB,215,Dipinjam,Bagus,0.0,,,LT,Aset,Corporate,,1,2018-04-26 10:54:50.000,2018-04-26 10:54:50.000,"HP Probook 14 Ci5,8gb,1tb"
1536,4088,01450-COMP-NB-ICT-PTRE-17,01450-COMP-NB-ICT-PTRE-17,155,COMP-NB,215,Tersedia,Rusak,0.0,,,LT,Aset,Corporate,,1,2018-04-26 10:56:10.000,2018-04-26 10:56:10.000,"HP Probook 14 Ci5,8gb,1tb"
1537,4089,01451-COMP-NB-ICT-PTRE-17,01451-COMP-NB-ICT-PTRE-17,155,COMP-NB,115,Dipinjam,Bagus,0.0,,,LT,Aset,Corporate,9105,1,2025-10-20 18:54:53.000,2025-10-20 18:54:53.000,"HP Probook 14 Ci5,8gb,1tb IDLE"
1538,4090,01452-COMP-NB-ICT-PTRE-17,01452-COMP-NB-ICT-PTRE-17,155,COMP-NB,215,Tersedia,Bagus,0.0,,,LT,Aset,Corporate,,1,2018-04-26 10:58:55.000,2018-04-26 10:58:55.000,"HP Probook 14 Ci5,8gb,1tb"
1539,4091,01453-COMP-NB-ICT-PTRE-17,01453-COMP-NB-ICT-PTRE-17,154,COMP-NB,215,Dipinjam,Bagus,0.0,,,LT,Aset,Corporate,,1,2018-04-26 11:00:42.000,2018-04-26 11:00:42.000,"HP Pavilion 14 Ci5,8gb,1tb"
1540,4092,01454 COMP-COMP-NB-ICT-PTRE-18,01454 COMP-NB-ICT-PTRE-18,154,COMP-NB,117,Dipinjam,QC Passed,0.0,,,LT,Aset,Corporate,,1,2024-04-23 17:14:43.000,2024-04-23 17:14:43.000,"HP Pavilion 14 Ci5,8gb,1tb"
1541,4093,01455-COMP-NB-ICT-PTRE-18,01455-COMP-NB-ICT-PTRE-18,154,COMP-NB,225,Dipinjam,QC Passed,0.0,,,LT,Aset,Corporate,10604,1,2024-04-17 14:31:23.000,2024-04-17 14:31:23.000,"HP Pavilion 14 Ci5,8gb,1tb"
1542,4094,01456-COMP-NB-ICT-PTRE-18,01456-COMP-NB-ICT-PTRE-18,154,COMP-NB,115,Dipinjam,QC Passed,0.0,,,LT,Aset,Corporate,360,1,2024-04-16 13:57:33.000,2024-04-16 13:57:33.000,"HP Pavilion 14 Ci5,8gb,1tb"
1543,4095,01457-COMP-NB-ICT-PTRE-18,01457-COMP-NB-ICT-PTRE-18,154,COMP-NB,215,Dipinjam,Bagus,0.0,,,LT,Aset,Corporate,,1,2018-04-26 11:06:25.000,2018-04-26 11:06:25.000,"HP Pavilion 14 Ci5,8gb,1tb"
1544,4096,01458-COMP-NB-ICT-PTRE-18,01458-COMP-NB-ICT-PTRE-18,154,COMP-NB,215,Dipinjam,Bagus,0.0,,,LT,Aset,Corporate,,1,2018-04-26 11:07:32.000,2018-04-26 11:07:32.000,"HP Pavilion 14 Ci5,8gb,1tb"
1545,4097,01459-COMP-NB-ICT-PTRE-18,01459-COMP-NB-ICT-PTRE-18,154,COMP-NB,215,Dipinjam,Bagus,0.0,,,LT,Aset,Corporate,,1,2018-04-26 11:09:01.000,2018-04-26 11:09:01.000,"HP Pavilion 14 Ci5,8gb,1tb"
1546,4098,01460-COMP-NB-ICT-PTRE-18,01460-COMP-NB-ICT-PTRE-18,154,COMP-NB,215,Dipinjam,Bagus,0.0,,,LT,Aset,Corporate,,1,2018-04-26 11:10:18.000,2018-04-26 11:10:18.000,"HP Pavilion 14 Ci5,8gb,1tb"
1547,4099,01461-COMP-NB-ICT-PTRE-18,01461-COMP-NB-ICT-PTRE-18,154,COMP-NB,223,Dipinjam,QC Passed,0.0,,,LT,Aset,Corporate,2557,1,2026-04-28 10:19:25.000,2026-04-28 10:19:25.000,"HP Pavilion 14 Ci5,8gb,1tb"
1548,4100,01462-COMP-NB-ICT-PTRE-18,01462-COMP-NB-ICT-PTRE-18,154,COMP-NB,215,Dipinjam,Bagus,0.0,,,LT,Aset,Corporate,,1,2018-04-26 11:13:50.000,2018-04-26 11:13:50.000,"HP Pavilion 14 Ci5,8gb,1tb"
1549,4101,01463-COMP-NB-ICT-PTRE-18,01463-COMP-NB-ICT-PTRE-18,154,COMP-NB,115,Dipinjam,QC Passed,0.0,,,LT,Aset,Corporate,10604,1,2026-07-03 15:57:42.000,2026-07-03 15:57:42.000,"HP Pavilion 14 Ci5,8gb,1tb"
1550,4102,01464-COMP-NB-ICT-PTRE-18,01464-COMP-NB-ICT-PTRE-18,154,COMP-NB,215,Dipinjam,Bagus,0.0,,,LT,Aset,Corporate,,1,2018-04-26 11:17:54.000,2018-04-26 11:17:54.000,"HP Pavilion 14 Ci5,8gb,1tb"
1551,4103,01465-COMP-NB-ICT-PTRE-17,01465-COMP-NB-ICT-PTRE-17,142,COMP-NB,245,Dipinjam,QC Passed,0.0,,,LT,Aset,Corporate,9198,1,2024-12-27 11:38:46.000,2024-12-27 11:38:46.000,"Dell Inspiron 14 5468 i7, RAM 8GB, SSD 1TB, HDD 1TB"
1552,4105,01467-COMP-NB-ICT-PTRE-18,01467-COMP-NB-ICT-PTRE-18,156,COMP-NB,215,Dipinjam,Rusak,0.0,,,LT,Aset,Corporate,,1,2018-04-26 11:23:55.000,2018-04-26 11:23:55.000,"ASUS ROG,15,1Ci7,6gb,128gb+1tb GTX1050"
1553,4106,01468-COMP-NB-ICT-PTRE-18,01468-COMP-NB-ICT-PTRE-18,156,COMP-NB,232,Dipinjam,QC Passed,0.0,,,LT,Aset,Corporate,,1,2026-10-02 11:00:47.000,2026-10-02 11:00:47.000,"ASUS ROG,15,1Ci7,16gb, SSD128gb+HDD1tb GTX1050 Freeport"
1554,4110,01472-COMP-NB-ICT-PTRE-18,01472-COMP-NB-ICT-PTRE-18,157,COMP-NB,215,Dipinjam,Rusak,0.0,,,LT,Aset,Corporate,,1,2023-01-06 17:35:51.000,2023-01-06 17:35:51.000,Core i5 Gen 7 8Gb RAM 256SSD
1555,4111,01473-COMP-NB-ICT-PTRE-18,01473-COMP-NB-ICT-PTRE-18,158,COMP-NB,215,Dipinjam,Rusak,0.0,,,LT,Aset,Corporate,,1,2024-08-07 07:51:38.000,2024-08-07 07:51:38.000,
1556,4112,01474-COMP-NB-ICT-PTRE-18,01474-COMP-NB-ICT-PTRE-18,159,COMP-NB,215,Dipinjam,Rusak,0.0,,,LT,Aset,Corporate,,1,2024-08-07 07:51:58.000,2024-08-07 07:51:58.000,
1557,4113,01475-COMP-NB-ICT-PTRE-18,01475-COMP-NB-ICT-PTRE-18,160,COMP-NB,223,Dipinjam,QC Passed,0.0,,,LT,Aset,Corporate,5853,1,2026-01-13 20:44:00.000,2026-01-13 20:44:00.000,"HP 14 Ci7,8gb,1tb"
1558,4114,01476-COMP-NB-ICT-PTRE-18,01476-COMP-NB-ICT-PTRE-18,160,COMP-NB,215,Dipinjam,Bagus,0.0,,,LT,Aset,Corporate,,1,2018-04-26 13:23:23.000,2018-04-26 13:23:23.000,"HP 14 Ci7,8gb,1tb"
1559,4115,01477-COMP-NB-ICT-PTRE-18,01477-COMP-NB-ICT-PTRE-18,160,COMP-NB,232,Dipinjam,QC Passed,0.0,,,LT,Aset,Corporate,10519,1,2024-03-12 02:28:41.000,2024-03-12 02:28:41.000,"HP 14 Ci7,8gb,1tb"
1560,4116,01478-COMP-NB-ICT-PTRE-18,01478-COMP-NB-ICT-PTRE-18,160,COMP-NB,117,Dipinjam,QC Passed,0.0,,,LT,Aset,Corporate,5853,1,2024-04-06 01:19:37.000,2024-04-06 01:19:37.000,"HP 14 Ci7,8gb,1tb"
1561,4117,01479-COMP-NB-ICT-PTRE-18,01479-COMP-NB-ICT-PTRE-18,160,COMP-NB,232,Dipinjam,QC Passed,0.0,,,LT,Aset,Corporate,10970,1,2025-02-26 16:39:48.000,2025-02-26 16:39:48.000,"HP 14 Ci7,8gb,1tb"
1562,4118,01480-COMP-NB-ICT-PTRE-18,01480-COMP-NB-ICT-PTRE-18,160,COMP-NB,215,Dipinjam,Bagus,0.0,,,LT,Aset,Corporate,,1,2018-04-26 13:30:10.000,2018-04-26 13:30:10.000,"HP 14 Ci7,8gb,1tb"
1563,4119,01481-COMP-NB-ICT-PTRE-18,01481-COMP-NB-ICT-PTRE-18,160,COMP-NB,215,Dipinjam,Bagus,0.0,,,LT,Aset,Corporate,,1,2018-04-26 13:31:26.000,2018-04-26 13:31:26.000,"HP 14 Ci7,8gb,1tb"
1564,4120,01482-COMP-NB-ICT-PTRE-18,01482-COMP-NB-ICT-PTRE-18,160,COMP-NB,215,Dipinjam,Bagus,0.0,,,LT,Aset,Corporate,,1,2018-04-26 13:33:07.000,2018-04-26 13:33:07.000,"HP 14 Ci7,8gb,1tb"
1565,4121,01483-COMP-NB-ICT-PTRE-18,01483-COMP-NB-ICT-PTRE-18,160,COMP-NB,215,Dipinjam,Bagus,0.0,,,LT,Aset,Corporate,,1,2018-04-26 13:34:30.000,2018-04-26 13:34:30.000,"HP 14 Ci7,8gb,1tb"
1566,4122,01484-COMP-NB-ICT-PTRE-18,01484-COMP-NB-ICT-PTRE-18,160,COMP-NB,215,Dipinjam,Bagus,0.0,,,LT,Aset,Corporate,,1,2018-04-26 13:35:39.000,2018-04-26 13:35:39.000,"HP 14 Ci7,8gb,1tb"
1567,4123,01485-COMP-NB-ICT-PTRE-18,01485-COMP-NB-ICT-PTRE-18,154,COMP-NB,232,Dipinjam,QC Passed,0.0,,,LT,Aset,Corporate,360,1,2026-01-13 20:37:29.000,2026-01-13 20:37:29.000,"HP Pavilion 14 Ci7,8gb,128gb,1tb"
1568,4124,01486-COMP-NB-ICT-PTRE-18,01486-COMP-NB-ICT-PTRE-18,154,COMP-NB,138,Dipinjam,QC Passed,0.0,,,LT,Aset,Corporate,10519,1,2024-01-22 15:41:27.000,2024-01-22 15:41:27.000,"HP Pavilion 14 Ci7,8gb,128gb,1tb"
1569,4125,01487-COMP-NB-ICT-PTRE-18,01487-COMP-NB-ICT-PTRE-18,154,COMP-NB,176,Dipinjam,QC Passed,0.0,,,LT,Aset,Corporate,,1,2024-12-27 10:15:33.000,2024-12-27 10:15:33.000,"HP Pavilion 14 Ci7,8gb,128gb,1tb"
1570,4126,01488-COMP-NB-ICT-PTRE-18,01488-COMP-NB-ICT-PTRE-18,154,COMP-NB,138,Dipinjam,QC Passed,0.0,,,LT,Aset,Corporate,10685,1,2024-04-30 16:55:39.000,2024-04-30 16:55:39.000,"HP Pavilion 14 Ci7,8gb,128gb,1tb"
1571,4127,01489-COMP-NB-ICT-PTRE-18,01489-COMP-NB-ICT-PTRE-18,154,COMP-NB,215,Dipinjam,Bagus,0.0,,,LT,Aset,Corporate,,1,2018-04-26 13:43:54.000,2018-04-26 13:43:54.000,"HP Pavilion 14 Ci7,8gb,128gb,1tb"
1572,4128,01490-COMP-NB-ICT-PTRE-18,01490-COMP-NB-ICT-PTRE-18,154,COMP-NB,215,Dipinjam,Bagus,0.0,,,LT,Aset,Corporate,,1,2018-04-26 13:45:02.000,2018-04-26 13:45:02.000,"HP Pavilion 14 Ci7,8gb,128gb,1tb"
1573,4140,01501-COMP-NB-ICT-PTRE-18,01501-COMP-NB-ICT-PTRE-18,160,COMP-NB,215,Dipinjam,QC Passed,0.0,,,LT,Aset,Corporate,2557,1,2025-02-28 16:07:14.000,2025-02-28 16:07:14.000,"HP 14 Ci7,8gb,1tb"
1574,4141,01502-COMP-NB-ICT-PTRE-18,01502-COMP-NB-ICT-PTRE-18,160,COMP-NB,215,Tersedia,Bagus,0.0,,,LT,Aset,Project,2557,1,2018-04-30 16:36:32.000,2018-04-30 16:36:32.000,"HP 14 Ci7,8gb,1tb"
1575,4142,01503-COMP-NB-ICT-PTRE-18,01503-COMP-NB-ICT-PTRE-18,160,COMP-NB,223,Dipinjam,QC Passed,0.0,,,LT,Aset,Corporate,2557,1,2026-05-18 15:16:32.000,2026-05-18 15:16:32.000,"HP 14 Ci7,8gb,1tb"
1576,4143,01504-COMP-NB-ICT-PTRE-18,01504-COMP-NB-ICT-PTRE-18,160,COMP-NB,117,Dipinjam,QC Passed,0.0,,,LT,Aset,Corporate,2557,1,2024-03-12 07:27:52.000,2024-03-12 07:27:52.000,"HP 14 Ci7,8gb,1tb"
1577,5152,01515 COMP-COMP-NB-ICT-PTRE-18,01515 COMP-NB-ICT-PTRE-18,142,COMP-NB,223,Dipinjam,QC Passed,0.0,,,LT,Aset,Corporate,9105,1,2024-04-16 13:52:37.000,2024-04-16 13:52:37.000,"Core i5-7200,8GB DDR4,1TB HDD"
1578,5153,01516 COMP-COMP-NB-ICT-PTRE-18,01516 COMP-NB-ICT-PTRE-18,160,COMP-NB,215,Tersedia,Bagus,0.0,,,LT,Aset,Corporate,2557,1,2018-06-21 09:39:03.000,2018-06-21 09:39:03.000,"HP 14 Core i7, 8gb, 1tb"
1579,5154,01517 COMP-COMP-NB-ICT-PTRE-18,01517 COMP-NB-ICT-PTRE-18,160,COMP-NB,215,Tersedia,Bagus,0.0,,,LT,Aset,Project,2557,1,2018-06-21 09:38:54.000,2018-06-21 09:38:54.000,"HP 14 Core i7, 8gb, 1tb"
1580,5155,01518 COMP-COMP-NB-ICT-PTRE-18,01518 COMP-NB-ICT-PTRE-18,160,COMP-NB,215,Dipinjam,QC Passed,0.0,,,LT,Aset,Corporate,2557,1,2025-02-16 05:22:00.000,2025-02-16 05:22:00.000,"HP 14 Core i7, 8gb, 1tb"
1581,5156,01519 COMP-COMP-NB-ICT-PTRE-18,01519 COMP-NB-ICT-PTRE-18,160,COMP-NB,215,Tersedia,Bagus,0.0,,,LT,Aset,Project,2557,1,2018-06-21 09:44:55.000,2018-06-21 09:44:55.000,"HP 14 Core i7, 8gb, 1tb"
1582,5157,01520 COMP-COMP-NB-ICT-PTRE-18,01520 COMP-NB-ICT-PTRE-18,160,COMP-NB,215,Dipinjam,Bagus,0.0,,,LT,Aset,Project,2557,1,2018-06-21 09:55:40.000,2018-06-21 09:55:40.000,"HP 14 Core i7, 8gb, 1tb"
1583,5158,01521-COMP-NB-ICT-PTRE-18,01521-COMP-NB-ICT-PTRE-18,154,COMP-NB,138,Dipinjam,Rusak,0.0,,,LT,Aset,Corporate,,1,2024-08-07 07:37:14.000,2024-08-07 07:37:14.000,"HP 14 Ci5,8gb,1tb"
1584,5170,01532 COMP-COMP-NB-ICT-PTRE-18,01532 COMP-NB-ICT-PTRE-18,142,COMP-NB,114,Tersedia,Bagus,0.0,,,LT,Aset,Corporate,,1,2018-11-14 14:39:05.000,2018-11-14 14:39:05.000,
1585,5171,01533 COMP-COMP-NB-ICT-PTRE-18,01533 COMP-NB-ICT-PTRE-18,154,COMP-NB,114,Tersedia,Bagus,0.0,,,LT,Aset,Corporate,,1,2018-11-14 14:37:50.000,2018-11-14 14:37:50.000,"HP PAVILION 14 Ci7 ,8GB, 128GB, 1TB"
1586,5173,01534 COMP-COMP-NB-ICT-PTRE-18,01534 COMP-NB-ICT-PTRE-18,154,COMP-NB,114,Dipinjam,Bagus,0.0,,,LT,Aset,Corporate,,1,2018-11-14 14:41:05.000,2018-11-14 14:41:05.000,"HP 14 Ci5 ,8GB, 1TB"
1587,5174,01535 COMP-COMP-NB-ICT-PTRE-18,01535 COMP-NB-ICT-PTRE-18,154,COMP-NB,114,Tersedia,Rusak,0.0,,,LT,Aset,Corporate,,1,2018-11-14 14:42:54.000,2018-11-14 14:42:54.000,
1588,5175,01536 COMP-COMP-NB-ICT-PTRE-18,01536 COMP-NB-ICT-PTRE-18,142,COMP-NB,114,Dipinjam,Bagus,0.0,,,LT,Aset,Corporate,,1,2018-11-14 14:44:25.000,2018-11-14 14:44:25.000,"DELL INSPIRON 14 5468 i7, 8GB, 1TB"
1589,5257,01617 COMP-COMP-NB-ICT-PTRE-18,01617 COMP-NB-ICT-PTRE-18,161,COMP-NB,114,Tersedia,Bagus,0.0,,,LT,Aset,Corporate,,1,2018-11-14 16:40:48.000,2018-11-14 16:40:48.000,"CORE i5-8250U,8GB DDR4,256 SSD"
1590,5258,01618 COMP-COMP-NB-ICT-PTRE-18,01618 COMP-NB-ICT-PTRE-18,162,COMP-NB,114,Tersedia,Bagus,0.0,,,LT,Aset,Corporate,,1,2019-02-15 14:09:41.000,2019-02-15 14:09:41.000,"Core i5-8250U,4GB DDR4,1TB"
1591,5259,01619 COMP-COMP-NB-ICT-PTRE-18,01619 COMP-NB-ICT-PTRE-18,162,COMP-NB,114,Tersedia,Bagus,0.0,,,LT,Aset,Corporate,,1,2019-02-15 14:13:21.000,2019-02-15 14:13:21.000,"Core i5-8250U0,4GB DDR4,1TB"
1592,5284,01644 COMP-COMP-NB-ICT-PTRE-18,01644 COMP-NB-ICT-PTRE-18,161,COMP-NB,114,Dipinjam,Bagus,0.0,,,LT,Aset,Corporate,,1,2019-02-15 15:06:14.000,2019-02-15 15:06:14.000,"Ryzen 7-2700U 512GB SSD,8GB DDR4"
1593,5285,01645 COMP-COMP-NB-ICT-PTRE-18,01645 COMP-NB-ICT-PTRE-18,161,COMP-NB,114,Dipinjam,Bagus,0.0,,,LT,Aset,Corporate,,1,2019-02-15 15:08:53.000,2019-02-15 15:08:53.000,"Ryzen 7-2700U 512GB SSD,8GB DDR4"
1594,5286,01646 COMP-COMP-NB-ICT-PTRE-18,01646 COMP-NB-ICT-PTRE-18,161,COMP-NB,114,Dipinjam,Bagus,0.0,,,LT,Aset,Corporate,,1,2019-02-15 15:10:39.000,2019-02-15 15:10:39.000,"Ryzen 7-2700U 512GB SSD,8GB DDR4"
1595,5287,01647 COMP-COMP-NB-ICT-PTRE-18,01647 COMP-NB-ICT-PTRE-18,161,COMP-NB,114,Tersedia,Bagus,0.0,,,LT,Aset,Corporate,,1,2019-02-15 15:12:55.000,2019-02-15 15:12:55.000,"Ryzen 7-2700U 512GB,8GB DDR4"
1596,5288,01648 COMP-COMP-NB-ICT-PTRE-18,01648 COMP-NB-ICT-PTRE-18,161,COMP-NB,114,Tersedia,Bagus,0.0,,,LT,Aset,Corporate,,1,2019-02-15 15:14:41.000,2019-02-15 15:14:41.000,"Ryzen 7-2700U 512GB,8GB DDR4"
1597,5289,01649 COMP-COMP-NB-ICT-PTRE-18,01649 COMP-NB-ICT-PTRE-18,162,COMP-NB,114,Tersedia,Bagus,0.0,,,LT,Aset,Corporate,,1,2019-02-15 15:17:22.000,2019-02-15 15:17:22.000,"Ryzen 3-2200U 1TB,4GB DDR4"
1598,5290,1650 COMP-COMP-NB-ICT-PTRE-18,1650 COMP-NB-ICT-PTRE-18,162,COMP-NB,117,Dipinjam,QC Passed,0.0,,,LT,Aset,Corporate,9105,1,2026-08-20 16:07:16.000,2026-08-20 16:07:16.000,"Ryzen 3-2200U 1TB,4GB DDR4"
1599,5291,01651 COMP-COMP-NB-ICT-PTRE-18,01651 COMP-NB-ICT-PTRE-18,162,COMP-NB,114,Tersedia,Bagus,0.0,,,LT,Aset,Corporate,,1,2019-02-15 15:20:01.000,2019-02-15 15:20:01.000,"Ryzen 3-2200U 1TB,4GB DDR4"
1600,5292,01652 COMP-COMP-NB-ICT-PTRE-18,01652 COMP-NB-ICT-PTRE-18,162,COMP-NB,114,Dipinjam,Bagus,0.0,,,LT,Aset,Corporate,,1,2024-04-05 10:20:19.000,2024-04-05 10:20:19.000,"Ryzen 5-2500U 128GBSSD + 1TB,4GB DDR4"
1601,5293,01653 COMP-COMP-NB-ICT-PTRE-18,01653 COMP-NB-ICT-PTRE-18,162,COMP-NB,114,Tersedia,Bagus,0.0,,,LT,Aset,Corporate,,1,2019-02-15 15:23:58.000,2019-02-15 15:23:58.000,"Ryzen 3-2500U 128GBSSD + 1TB,4GB DDR4"
1602,5294,01654 COMP-COMP-NB-ICT-PTRE-19,01654 COMP-NB-ICT-PTRE-19,162,COMP-NB,114,Dipinjam,Bagus,0.0,,,LT,Aset,Corporate,,1,2019-04-16 14:39:56.000,2019-04-16 14:39:56.000,"Core i7-8565U,128GB SSD 1TB HDD, 8GB DDR4"
1603,5295,01655 COMP-COMP-NB-ICT-PTRE-19,01655 COMP-NB-ICT-PTRE-19,162,COMP-NB,223,Tidak Aktif,Hilang,0.0,,,LT,Aset,Corporate,10519,1,2026-08-20 16:35:02.000,2026-08-20 16:35:02.000,"Core i7-8565U,128GB SSD 1TB HDD, 8GB DDR4 Di bawa kabur maksalmina"
1604,6159,01656 COMP-COMP-NB-ICT-PTRE-19,01656 COMP-NB-ICT-PTRE-19,162,COMP-NB,114,Tersedia,Bagus,0.0,,,LT,Aset,Corporate,,1,2020-01-29 14:35:49.000,2020-01-29 14:35:49.000,"core i5-8250U,1TB,4GB DDR4 Black project"
1605,6160,01657 COMP-COMP-NB-ICT-PTRE-19,01657 COMP-NB-ICT-PTRE-19,162,COMP-NB,114,Dipinjam,Bagus,0.0,,,LT,Aset,Corporate,5853,1,2024-04-04 12:48:00.000,2024-04-04 12:48:00.000,"Core 15-8250U,1TB HDD,4GB DDR4 IDLE, Keyboard Rusak"
1606,6195,01692 COMP-COMP-NB-ICT-PTRE-19,01692 COMP-NB-ICT-PTRE-19,163,COMP-NB,114,Tersedia,Bagus,0.0,,,LT,Aset,Corporate,,1,2020-01-29 16:53:32.000,2020-01-29 16:53:32.000,"Core17-8750H,16GB DDR4,128GB SSD+1TB HDD,GTX1050TI 4GB NUGROHO ADHI S FREEPORT"
1607,6248,01745 COMP-COMP-NB-ICT-PTRE-19,01745 COMP-NB-ICT-PTRE-19,162,COMP-NB,121,Dipinjam,QC Passed,0.0,,,LT,Aset,Corporate,,1,2023-10-27 16:44:22.000,2023-10-27 16:44:22.000,"Core i7-8565U, 512GB SSD , 16GB DDR4"
1608,6249,01746 COMP-COMP-NB-ICT-PTRE-19,01746 COMP-NB-ICT-PTRE-19,162,COMP-NB,223,Dipinjam,QC Passed,0.0,,,LT,Aset,Corporate,360,1,2025-02-15 23:13:26.000,2025-02-15 23:13:26.000,"Core i7-8565U,128GB SSD ,1TB HDD, 8GB DDR4"
1609,6250,01747 COMP-COMP-NB-ICT-PTRE-19,01747 COMP-NB-ICT-PTRE-19,154,COMP-NB,114,Dipinjam,Bagus,0.0,,,LT,Aset,Corporate,,1,2020-01-29 18:45:55.000,2020-01-29 18:45:55.000,"Core i7-8565U,128GB SSD ,1TB HDD, 8GB DDR4 Touch Screen"
1610,6251,01748 COMP-COMP-NB-ICT-PTRE-19,01748 COMP-NB-ICT-PTRE-19,154,COMP-NB,114,Tersedia,Bagus,0.0,,,LT,Aset,Corporate,,1,2020-01-29 18:47:09.000,2020-01-29 18:47:09.000,"Core i7-8565U,128GB SSD ,1TB HDD, 8GB DDR4 Touch Screen"
1611,6252,01749 COMP-COMP-NB-ICT-PTRE-19,01749 COMP-NB-ICT-PTRE-19,154,COMP-NB,114,Tersedia,Bagus,0.0,,,LT,Aset,Corporate,,1,2020-01-29 18:48:09.000,2020-01-29 18:48:09.000,"Core i7-8565U,128GB SSD ,1TB HDD, 8GB DDR4 Touch Screen"
1612,6254,01751 COMP-COMP-NB-ICT-PTRE-19,01751 COMP-NB-ICT-PTRE-19,162,COMP-NB,114,Tersedia,Bagus,0.0,,,LT,Aset,Corporate,,1,2020-01-29 19:21:16.000,2020-01-29 19:21:16.000,"Core i5-8250U,1TB HDD, 8GB DDR4"
1613,6255,01752 COMP-COMP-NB-ICT-PTRE-19,01752 COMP-NB-ICT-PTRE-19,162,COMP-NB,215,Dipinjam,QC Passed,0.0,,,LT,Aset,Corporate,10612,1,2023-10-31 14:22:48.000,2023-10-31 14:22:48.000,"Core i5-8250U,1TB HDD, 8GB DDR4"
1614,6256,01753 COMP-COMP-NB-ICT-PTRE-19,01753 COMP-NB-ICT-PTRE-19,162,COMP-NB,114,Tersedia,Rusak,0.0,,,LT,Aset,Corporate,,1,2024-08-07 07:37:49.000,2024-08-07 07:37:49.000,"Core i5-8250U,1TB HDD, 8GB DDR4 FINISYA"
1615,6257,01754 COMP-COMP-NB-ICT-PTRE-19,01754 COMP-NB-ICT-PTRE-19,162,COMP-NB,117,Dipinjam,QC Passed,0.0,,,LT,Aset,Corporate,10970,1,2025-02-26 16:38:33.000,2025-02-26 16:38:33.000,"Core i5-8250U,1TB HDD, 8GB DDR4"
1616,6258,01755 COMP-COMP-NB-ICT-PTRE-19,01755 COMP-NB-ICT-PTRE-19,162,COMP-NB,114,Dipinjam,Bagus,0.0,,,LT,Aset,Corporate,,1,2020-01-29 19:22:18.000,2020-01-29 19:22:18.000,"Core i5-8250U,1TB HDD, 8GB DDR4"
1617,6259,01756 COMP-COMP-NB-ICT-PTRE-19,01756 COMP-NB-ICT-PTRE-19,162,COMP-NB,114,Tersedia,Bagus,0.0,,,LT,Aset,Corporate,,1,2020-01-29 19:22:35.000,2020-01-29 19:22:35.000,"Core i5-8250U,1TB HDD, 8GB DDR4"
1618,6260,01757 COMP-COMP-NB-ICT-PTRE-19,01757 COMP-NB-ICT-PTRE-19,162,COMP-NB,223,Tersedia,QC Passed,0.0,,,LT,Aset,Corporate,10519,1,2026-01-19 08:04:37.000,2026-01-19 08:04:37.000,"Core i5-8250U,1TB HDD, 8GB DDR4"
1619,6261,01758 COMP-COMP-NB-ICT-PTRE-19,01758 COMP-NB-ICT-PTRE-19,162,COMP-NB,114,Tersedia,Bagus,0.0,,,LT,Aset,Corporate,,1,2020-01-29 19:22:56.000,2020-01-29 19:22:56.000,"Core i5-8250U,1TB HDD, 8GB DDR4"
1620,6262,01759 COMP-COMP-NB-ICT-PTRE-19,01759 COMP-NB-ICT-PTRE-19,162,COMP-NB,222,Dipinjam,QC Passed,0.0,,,LT,Aset,Corporate,2557,1,2026-01-17 21:47:55.000,2026-01-17 21:47:55.000,"Core i5-8250U,1TB HDD, 8GB DDR4"
1621,6263,01760 COMP-COMP-NB-ICT-PTRE-19,01760 COMP-NB-ICT-PTRE-19,162,COMP-NB,242,Dipinjam,QC Passed,0.0,,,LT,Aset,Corporate,9198,1,2024-12-27 11:42:19.000,2024-12-27 11:42:19.000,"Core i7-8565U,128GB SSD ,1TB HDD, 8GB DDR4"
1622,6264,01761 COMP-COMP-NB-ICT-PTRE-19,01761 COMP-NB-ICT-PTRE-19,162,COMP-NB,114,Tersedia,Bagus,0.0,,,LT,Aset,Corporate,,1,2020-01-29 19:28:08.000,2020-01-29 19:28:08.000,"Core i7-8565U,128GB SSD ,1TB HDD, 8GB DDR4 Biak/bagus ppc"
1623,6265,01762 COMP-COMP-NB-ICT-PTRE-19,01762 COMP-NB-ICT-PTRE-19,162,COMP-NB,121,Dipinjam,QC Passed,0.0,,,LT,Aset,Corporate,10519,1,2025-02-26 15:39:42.000,2025-02-26 15:39:42.000,"Core i7-8565U,128GB SSD ,1TB HDD, 8GB DDR4"
1624,6266,01763 COMP-COMP-NB-ICT-PTRE-19,01763 COMP-NB-ICT-PTRE-19,162,COMP-NB,114,Tersedia,Bagus,0.0,,,LT,Aset,Corporate,,1,2020-01-29 19:30:40.000,2020-01-29 19:30:40.000,"Core i7-8565U,128GB SSD ,1TB HDD, 8GB DDR4 OK"
1625,6267,01766 COMP-COMP-NB-ICT-PTRE-19,01766 COMP-NB-ICT-PTRE-19,154,COMP-NB,245,Dipinjam,QC Passed,0.0,,,LT,Aset,Corporate,2557,1,2026-04-21 10:19:07.000,2026-04-21 10:19:07.000,"Core i7-8565U,128GB SSD ,1TB HDD, 8GB DDR4 Touch Screen"
1626,6268,01767 COMP-COMP-NB-ICT-PTRE-19,01767 COMP-NB-ICT-PTRE-19,154,COMP-NB,149,Dipinjam,QC Passed,0.0,,,LT,Aset,Corporate,,1,2024-04-25 10:18:07.000,2024-04-25 10:18:07.000,"Core i7-8565U,128GB SSD ,1TB HDD, 8GB DDR4 Touch Screen"
1627,6332,01830 COMP-COMP-NB-ICT-PTRE-19,01830 COMP-NB-ICT-PTRE-19,154,COMP-NB,114,Tersedia,Rusak,0.0,,,LT,Aset,Corporate,,1,2024-08-07 07:39:00.000,2024-08-07 07:39:00.000,"Core i7-8750H,128GB SSD ,1TB HDD, 16GB DDR4 1050ti oktav Freeport"
1628,6372,01870 COMP-COMP-NB-ICT-PTRE-19,01870 COMP-NB-ICT-PTRE-19,162,COMP-NB,117,Dipinjam,QC Passed,0.0,,,LT,Aset,Corporate,10612,1,2023-11-06 15:32:18.000,2023-11-06 15:32:18.000,"Core i5-8265U,1TB HDD, 8GB DDR4"
1629,6373,01871 COMP-COMP-NB-ICT-PTRE-19,01871 COMP-NB-ICT-PTRE-19,162,COMP-NB,114,Tersedia,Bagus,0.0,,,LT,Aset,Corporate,,1,2020-01-30 09:55:14.000,2020-01-30 09:55:14.000,"Core i5-8265U,1TB HDD, 8GB DDR4"
1630,6374,01872 COMP-COMP-NB-ICT-PTRE-19,01872 COMP-NB-ICT-PTRE-19,162,COMP-NB,114,Tersedia,Bagus,0.0,,,LT,Aset,Corporate,,1,2020-01-30 09:55:52.000,2020-01-30 09:55:52.000,"Core i5-8265U,1TB HDD, 8GB DDR4"
1631,6375,01873 COMP-COMP-NB-ICT-PTRE-19,01873 COMP-NB-ICT-PTRE-19,162,COMP-NB,114,Tersedia,Bagus,0.0,,,LT,Aset,Corporate,,1,2020-01-30 09:57:39.000,2020-01-30 09:57:39.000,"Core i7-8565U,1TB HDD+ 128GB SSD, 8GB DDR4"
1632,6376,01874 COMP-COMP-NB-ICT-PTRE-19,01874 COMP-NB-ICT-PTRE-19,164,COMP-NB,228,Tersedia,Bagus,0.0,,,LT,Aset,Corporate,,1,2025-09-24 09:44:15.000,2025-09-24 09:44:15.000,"Core i5-8265U,512GB SSD, 8GB DDR4"
1633,6377,01875 COMP-COMP-NB-ICT-PTRE-19,01875 COMP-NB-ICT-PTRE-19,155,COMP-NB,153,Dipinjam,Bagus,0.0,,,LT,Aset,Corporate,10488,1,2026-09-29 14:11:24.000,2026-09-29 14:11:24.000,"Core i7-8550U,1TB HDD, 8GB DDR4"
1634,6378,01876 COMP-COMP-NB-ICT-PTRE-19,01876 COMP-NB-ICT-PTRE-19,161,COMP-NB,215,Dipinjam,QC Passed,0.0,,,LT,Aset,Corporate,360,1,2025-10-20 21:20:00.000,2025-10-20 21:20:00.000,"Ryzen 7-2700U 512GB SSD, 8GB DDR4"
1635,6379,01877 COMP-COMP-NB-ICT-PTRE-19,01877 COMP-NB-ICT-PTRE-19,161,COMP-NB,225,Dipinjam,QC Passed,0.0,,,LT,Aset,Corporate,10604,1,2024-04-17 16:07:03.000,2024-04-17 16:07:03.000,"Ryzen 7-2700U 512GB SSD, 8GB DDR4"
1636,6380,01878 COMP-COMP-NB-ICT-PTRE-19,01878 COMP-NB-ICT-PTRE-19,161,COMP-NB,230,Dipinjam,QC Passed,0.0,,,LT,Aset,Corporate,9198,1,2026-08-14 14:31:55.000,2026-08-14 14:31:55.000,"Ryzen 7-2700U 512GB SSD, 8GB DDR4"
1637,6382,01880 COMP-COMP-NB-ICT-PTRE-19,01880 COMP-NB-ICT-PTRE-19,154,COMP-NB,114,Tersedia,Rusak,0.0,,,LT,Aset,Corporate,,1,2020-01-30 10:22:01.000,2020-01-30 10:22:01.000,"Core i7-8565U,128GB SSD ,1TB HDD, 8GB DDR4 Touch Screen RECON"
1638,6383,01881 COMP-COMP-NB-ICT-PTRE-19,01881 COMP-NB-ICT-PTRE-19,154,COMP-NB,114,Tersedia,Rusak,0.0,,,LT,Aset,Corporate,,1,2020-01-30 10:23:08.000,2020-01-30 10:23:08.000,"Core i7-8565U,128GB SSD ,1TB HDD, 8GB DDR4 Touch Screen RECON"
1639,6384,01882 COMP-COMP-NB-ICT-PTRE-19,01882 COMP-NB-ICT-PTRE-19,162,COMP-NB,223,Tidak Aktif,QC Passed,0.0,,,LT,Aset,Corporate,11139,1,2025-05-01 22:05:37.000,2025-05-01 22:05:37.000,"Core i5-8250U,1TB HDD, 8GB DDR4"
1640,6385,01883 COMP-COMP-NB-ICT-PTRE-19,01883 COMP-NB-ICT-PTRE-19,162,COMP-NB,114,Tersedia,Rusak,0.0,,,LT,Aset,Corporate,,1,2020-01-30 10:25:34.000,2020-01-30 10:25:34.000,"Core i5-8250U,1TB HDD, 8GB DDR4 RECON"
1641,6386,01884 COMP-COMP-NB-ICT-PTRE-19,01884 COMP-NB-ICT-PTRE-19,142,COMP-NB,114,Dipinjam,Rusak,0.0,,,LT,Aset,Corporate,,1,2020-01-30 10:28:20.000,2020-01-30 10:28:20.000,"Core i7-8565U,1TB HDD, 8GB DDR4 RECON"
1642,6387,01885 COMP-COMP-NB-ICT-PTRE-19,01885 COMP-NB-ICT-PTRE-19,165,COMP-NB,114,Tersedia,Rusak,0.0,,,LT,Aset,Corporate,,1,2024-08-07 07:40:10.000,2024-08-07 07:40:10.000,"Core i5-8265U,1TB HDD, 4GB DDR4 Wilmar toto"
1643,6388,01886 COMP-COMP-NB-ICT-PTRE-19,01886 COMP-NB-ICT-PTRE-19,162,COMP-NB,176,Dipinjam,QC Passed,0.0,,,LT,Aset,Corporate,5854,1,2025-02-15 21:41:50.000,2025-02-15 21:41:50.000,"Core i7-8565U,1TB HDD+ 128GB SSD, 8GB DDR4 JTB"
1644,6389,01887 COMP-COMP-NB-ICT-PTRE-19,01887 COMP-NB-ICT-PTRE-19,162,COMP-NB,221,Dipinjam,Bagus,0.0,,,LT,Aset,Corporate,,1,2023-10-06 09:09:00.000,2023-10-06 09:09:00.000,"Core i7-8565U,1TB HDD+ 128GB SSD, 8GB DDR4 JTB"
1645,6390,01888 COMP-COMP-NB-ICT-PTRE-19,01888 COMP-NB-ICT-PTRE-19,162,COMP-NB,114,Tersedia,Bagus,0.0,,,LT,Aset,Corporate,,1,2020-01-30 10:35:06.000,2020-01-30 10:35:06.000,"Core i7-8565U,1TB HDD+ 128GB SSD, 8GB DDR4 RDMP"
1646,6391,01889 COMP-COMP-NB-ICT-PTRE-19,01889 COMP-NB-ICT-PTRE-19,162,COMP-NB,223,Dipinjam,QC Passed,0.0,,,LT,Aset,Corporate,,1,2026-02-09 14:33:24.000,2026-02-09 14:33:24.000,"Core i7-8565U,1TB HDD+ 128GB SSD, 8GB DDR4"
1647,6392,01890 COMP-COMP-NB-ICT-PTRE-19,01890 COMP-NB-ICT-PTRE-19,162,COMP-NB,114,Dipinjam,Bagus,0.0,,,LT,Aset,Corporate,,1,2020-01-30 10:46:52.000,2020-01-30 10:46:52.000,"Core i7-8565U,1TB HDD+ 128GB SSD, 8GB DDR4 soca"
1648,6393,01891 COMP-COMP-NB-ICT-PTRE-19,01891 COMP-NB-ICT-PTRE-19,154,COMP-NB,223,Dipinjam,Bagus,0.0,,,LT,Aset,Corporate,,1,2025-06-25 13:24:37.000,2025-06-25 13:24:37.000,"Core i7-8565U,128GB SSD ,1TB HDD, 8GB DDR4 Touch Screen"
1649,6394,01892 COMP-COMP-NB-ICT-PTRE-19,01892 COMP-NB-ICT-PTRE-19,163,COMP-NB,114,Tersedia,Bagus,0.0,,,LT,Aset,Corporate,,1,2020-01-30 10:44:17.000,2020-01-30 10:44:17.000,"Core i7-8750H, DDR 8GB,HDD 1TB + SSD 128GB, GTX 1050 Ti 15.6"" zanti star energy"
1650,6395,01893 COMP-COMP-NB-ICT-PTRE-19,01893 COMP-NB-ICT-PTRE-19,154,COMP-NB,114,Dipinjam,Bagus,0.0,,,LT,Aset,Corporate,,1,2020-01-30 10:48:20.000,2020-01-30 10:48:20.000,"Core i7-10510U,512GB SSD, 8GB DDR4 Touch Screen"
1651,6396,01894 COMP-COMP-NB-ICT-PTRE-19,01894 COMP-NB-ICT-PTRE-19,154,COMP-NB,139,Dipinjam,QC Passed,0.0,,,LT,Aset,Corporate,,1,2024-06-03 11:11:47.000,2024-06-03 11:11:47.000,"Core i7-10510U,512GB SSD, 8GB DDR4 Touch Screen"
1652,6417,01915 COMP-COMP-NB-ICT-PTRE-19,01915 COMP-NB-ICT-PTRE-19,162,COMP-NB,114,Tersedia,Bagus,0.0,,,LT,Aset,Corporate,,1,2020-01-30 11:51:22.000,2020-01-30 11:51:22.000,"Core i7-8565U,1TB HDD+ 128GB SSD, 8GB DDR4 freeport"
1653,6418,01916 COMP-COMP-NB-ICT-PTRE-19,01916 COMP-NB-ICT-PTRE-19,162,COMP-NB,225,Dipinjam,QC Passed,0.0,,,LT,Aset,Corporate,10519,1,2026-09-02 14:36:24.000,2026-09-02 14:36:24.000,"Core i7-8565U,1TB HDD+ 128GB SSD, 8GB DDR4"
1654,6419,01917 COMP-COMP-NB-ICT-PTRE-19,01917 COMP-NB-ICT-PTRE-19,162,COMP-NB,223,Dipinjam,QC Passed,0.0,,,LT,Aset,Corporate,10519,1,2025-07-25 10:18:50.000,2025-07-25 10:18:50.000,"Core i7-8565U,1TB HDD+ 128GB SSD, 8GB DDR4"
1655,6420,01918 COMP-COMP-NB-ICT-PTRE-19,01918 COMP-NB-ICT-PTRE-19,162,COMP-NB,232,Dipinjam,QC Passed,0.0,,,LT,Aset,Corporate,10612,1,2025-10-20 21:31:41.000,2025-10-20 21:31:41.000,"Core i7-8565U,1TB HDD+ 128GB SSD, 8GB DDR4"
1656,6421,01919 COMP-COMP-NB-ICT-PTRE-19,01919 COMP-NB-ICT-PTRE-19,162,COMP-NB,140,Dipinjam,QC Passed,0.0,,,LT,Aset,Corporate,2557,1,2024-03-27 14:47:27.000,2024-03-27 14:47:27.000,"Core i7-8565U,1TB HDD+ 128GB SSD, 8GB DDR4 Boi sormin procces"
1657,6422,01920 COMP-COMP-NB-ICT-PTRE-19,01920 COMP-NB-ICT-PTRE-19,162,COMP-NB,114,Tersedia,Bagus,0.0,,,LT,Aset,Corporate,,1,2020-01-30 11:58:25.000,2020-01-30 11:58:25.000,"Core i7-8565U,1TB HDD+ 128GB SSD, 8GB DDR4"
1658,6423,01921 COMP-COMP-NB-ICT-PTRE-19,01921 COMP-NB-ICT-PTRE-19,166,COMP-NB,114,Tersedia,Bagus,0.0,,,LT,Aset,Corporate,,1,2020-01-30 12:00:06.000,2020-01-30 12:00:06.000,"Core i5-8265U,1TB, 8GB DDR4 Muchtar Imron ppc"
1659,6424,01922 COMP-COMP-NB-ICT-PTRE-19,01922 COMP-NB-ICT-PTRE-19,161,COMP-NB,223,Tersedia,QC Passed,0.0,,,LT,Aset,Corporate,9198,1,2025-10-20 19:45:51.000,2025-10-20 19:45:51.000,"Ryzen 7-2700U 512GB SSD, 8GB DDR4"
1660,6425,01923 COMP-COMP-NB-ICT-PTRE-19,01923 COMP-NB-ICT-PTRE-19,162,COMP-NB,139,Tersedia,QC Passed,0.0,,,LT,Aset,Corporate,,1,2024-06-07 14:50:03.000,2024-06-07 14:50:03.000,"Core i7-8565U,1TB HDD+ 128GB SSD, 8GB DDR4"
1661,6426,01924 COMP-COMP-NB-ICT-PTRE-19,01924 COMP-NB-ICT-PTRE-19,163,COMP-NB,223,Dipinjam,QC Passed,0.0,,,LT,Aset,Corporate,2557,1,2024-03-27 14:36:50.000,2024-03-27 14:36:50.000,"Ryzen 7-3750H 512GB SSD, 8GB DDR4 abdi IFS"
1662,6427,01925 COMP-COMP-NB-ICT-PTRE-19,01925 COMP-NB-ICT-PTRE-19,160,COMP-NB,114,Dipinjam,Rusak,0.0,,,LT,Aset,Corporate,,1,2020-01-30 12:07:21.000,2020-01-30 12:07:21.000,"Core i7-8565U,1TB HDD 8GB DDR4"
1663,6428,01926 COMP-COMP-NB-ICT-PTRE-19,01926 COMP-NB-ICT-PTRE-19,160,COMP-NB,137,Dipinjam,Bagus,0.0,,,LT,Aset,Corporate,,1,2025-07-01 16:40:43.000,2025-07-01 16:40:43.000,"Core i7-8565U,1TB HDD 8GB DDR4"
1664,6429,01927 COMP-COMP-NB-ICT-PTRE-19,01927 COMP-NB-ICT-PTRE-19,166,COMP-NB,232,Dipinjam,QC Passed,0.0,,,LT,Aset,Corporate,,1,2024-06-12 09:34:16.000,2024-06-12 09:34:16.000,"Core i5-8265U,1TB, 8GB DDR4"
1665,6430,01928 COMP-COMP-NB-ICT-PTRE-19,01928 COMP-NB-ICT-PTRE-19,162,COMP-NB,114,Tersedia,Bagus,0.0,,,LT,Aset,Corporate,,1,2020-01-30 13:27:36.000,2020-01-30 13:27:36.000,"Core i7-8565U,1TB HDD+ 128GB SSD, 8GB DDR4"
1666,6431,01929 COMP-COMP-NB-ICT-PTRE-19,01929 COMP-NB-ICT-PTRE-19,167,COMP-NB,114,Tersedia,Rusak,0.0,,,LT,Aset,Corporate,,1,2020-01-30 13:29:25.000,2020-01-30 13:29:25.000,'- sony
1667,6432,01930 COMP-COMP-NB-ICT-PTRE-19,01930 COMP-NB-ICT-PTRE-19,166,COMP-NB,114,Tersedia,Rusak,0.0,,,LT,Aset,Corporate,,1,2020-01-30 13:32:34.000,2020-01-30 13:32:34.000,"Core i5-8265U,1TB, 8GB DDR4"
1668,6433,01931 COMP-COMP-NB-ICT-PTRE-19,01931 COMP-NB-ICT-PTRE-19,156,COMP-NB,114,Tersedia,Bagus,0.0,,,LT,Aset,Corporate,,1,2024-08-07 07:30:46.000,2024-08-07 07:30:46.000,"Core i7-9750H,1TB SSD 32GB DDR4 Zanuar"
1669,6473,01971 COMP-COMP-NB-ICT-PTRE-19,01971 COMP-NB-ICT-PTRE-19,162,COMP-NB,114,Tersedia,Rusak,0.0,,,LT,Aset,Corporate,,1,2020-01-30 14:29:12.000,2020-01-30 14:29:12.000,"Core i5-10210U,1TB HDD, 8GB DDR4 , Radeon 530 Poject iwan k"
1670,6474,01972 COMP-COMP-NB-ICT-PTRE-19,01972 COMP-NB-ICT-PTRE-19,162,COMP-NB,114,Tersedia,Rusak,0.0,,,LT,Aset,Corporate,,1,2020-01-30 14:30:15.000,2020-01-30 14:30:15.000,"Core i5-10210U,1TB HDD, 8GB DDR4 , Radeon 530 Project iwan k"
1671,6475,01973 COMP-COMP-NB-ICT-PTRE-19,01973 COMP-NB-ICT-PTRE-19,162,COMP-NB,221,Dipinjam,QC Passed,0.0,inventory/ams/inventoryPhoto/1601611459MobileKit.png,inventory/ams/assets/uploads/assetsre/ap/1601611459MobileKit.png,LT,Aset,Corporate,5853,1,2024-01-23 09:36:29.000,2024-01-23 09:36:29.000,"Core i5-10210U,1TB HDD, 8GB DDR4 , Radeon 530"
1672,6476,01974 COMP-COMP-NB-ICT-PTRE-19,01974 COMP-NB-ICT-PTRE-19,162,COMP-NB,114,Tersedia,Rusak,0.0,,,LT,Aset,Corporate,,1,2020-01-30 14:32:02.000,2020-01-30 14:32:02.000,"Core i5-10210U,1TB HDD, 8GB DDR4 , Radeon 530"
1673,6497,01995 COMP-COMP-NB-ICT-PTRE-19,01995 COMP-NB-ICT-PTRE-19,162,COMP-NB,114,Dipinjam,Rusak,0.0,,,LT,Aset,Corporate,,1,2020-01-30 14:56:56.000,2020-01-30 14:56:56.000,"Core i7-8565U,1TB HDD + 128GB SSD 8GB DDR4 Project Sutarno"
1674,6498,01996 COMP-COMP-NB-ICT-PTRE-19,01996 COMP-NB-ICT-PTRE-19,162,COMP-NB,232,Dipinjam,QC Passed,0.0,,,LT,Aset,Corporate,10519,1,2024-03-12 09:56:57.000,2024-03-12 09:56:57.000,"Core i7-8565U,1TB HDD + 128GB SSD 8GB DDR4"
1675,6499,01997 COMP-COMP-NB-ICT-PTRE-19,01997 COMP-NB-ICT-PTRE-19,162,COMP-NB,221,Dipinjam,QC Passed,0.0,,,LT,Aset,Corporate,5853,1,2025-02-16 04:15:24.000,2025-02-16 04:15:24.000,"Core i7-8565U,1TB HDD + 128GB SSD 8GB DDR4"
1676,6500,01998 COMP-COMP-NB-ICT-PTRE-19,01998 COMP-NB-ICT-PTRE-19,162,COMP-NB,114,Tersedia,Rusak,0.0,,,LT,Aset,Corporate,,1,2020-01-30 15:38:39.000,2020-01-30 15:38:39.000,"Core i7-8565U,1TB HDD + 128GB SSD 8GB DDR4"
1677,6511,02009 COMP-COMP-NB-ICT-PTRE-19,02009 COMP-NB-ICT-PTRE-19,162,COMP-NB,215,Dipinjam,QC Passed,0.0,,,LT,Aset,Corporate,,1,2023-10-30 10:36:38.000,2023-10-30 10:36:38.000,"Core i7-8565U,1TB HDD + 128GB SSD 8GB DDR4"
1678,6512,02010 COMP-COMP-NB-ICT-PTRE-20,02010 COMP-NB-ICT-PTRE-20,142,COMP-NB,153,Dipinjam,QC Passed,0.0,,,LT,Aset,Corporate,10519,1,2025-02-26 16:22:28.000,2025-02-26 16:22:28.000,"Core i5-8265U,2TB HDD 8GB DDR4"
1679,6513,02011 COMP-COMP-NB-ICT-PTRE-20,02011 COMP-NB-ICT-PTRE-20,142,COMP-NB,114,Dipinjam,Rusak,0.0,,,LT,Aset,Corporate,,1,2020-05-20 14:49:27.000,2020-05-20 14:49:27.000,"Core i5-8265U,2TB HDD 8GB DDR4 FA"
1680,6514,02012 COMP-COMP-NB-ICT-PTRE-20,02012 COMP-NB-ICT-PTRE-20,142,COMP-NB,215,Dipinjam,Bagus,0.0,,,LT,Aset,Corporate,,1,2025-02-14 14:37:32.000,2025-02-14 14:37:32.000,"Core i5-8265U,2TB HDD 8GB DDR4"
1681,6515,02013 COMP-COMP-NB-ICT-PTRE-20,02013 COMP-NB-ICT-PTRE-20,162,COMP-NB,176,Dipinjam,QC Passed,0.0,,,LT,Aset,Corporate,9198,1,2024-12-27 10:30:51.000,2024-12-27 10:30:51.000,"Core i7-8565U,1TB HDD + 128GB SSD 8GB DDR4 Wachidah"
1682,6516,02014 COMP-COMP-NB-ICT-PTRE-20,02014 COMP-NB-ICT-PTRE-20,162,COMP-NB,121,Dipinjam,QC Passed,0.0,,,LT,Aset,Corporate,9198,1,2025-10-20 19:14:27.000,2025-10-20 19:14:27.000,"Core i7-8565U,1TB HDD + 128GB SSD 8GB DDR4"
1683,6517,02015 COMP-COMP-NB-ICT-PTRE-20,02015 COMP-NB-ICT-PTRE-20,162,COMP-NB,221,Dipinjam,QC Passed,0.0,,,LT,Aset,Corporate,9105,1,2025-02-16 04:25:15.000,2025-02-16 04:25:15.000,"Core i7-8565U,1TB HDD + 128GB SSD 8GB DDR4 JTB Project"
1684,6518,02016 COMP-COMP-NB-ICT-PTRE-20,02016 COMP-NB-ICT-PTRE-20,162,COMP-NB,223,Dipinjam,QC Passed,0.0,,,LT,Aset,Corporate,,1,2026-02-10 16:43:28.000,2026-02-10 16:43:28.000,"Core i7-8565U,1TB HDD + 128GB SSD 8GB DDR4"
1685,6523,2021 COMP-COMP-NB-ICT-PTRE-20,2021 COMP-NB-ICT-PTRE-20,162,COMP-NB,121,Tersedia,Bagus,0.0,,,LT,Aset,Corporate,,1,2024-05-08 07:57:41.000,2024-05-08 07:57:41.000,"Core i7-10510U,512GB SSD, 8GB DDR4"
1686,6524,2022 COMP-COMP-NB-ICT-PTRE-20,2022 COMP-NB-ICT-PTRE-20,154,COMP-NB,232,Dipinjam,QC Passed,0.0,,,LT,Aset,Corporate,10604,1,2024-04-17 14:48:27.000,2024-04-17 14:48:27.000,"Core i7-10510U,512GB SSD, 8GB DDR4 Touch Screen"
1687,6525,2023 COMP-COMP-NB-ICT-PTRE-20,2023 COMP-NB-ICT-PTRE-20,154,COMP-NB,222,Dipinjam,QC Passed,0.0,,,LT,Aset,Corporate,2557,1,2024-03-27 14:54:00.000,2024-03-27 14:54:00.000,"Core i7-10510U,512GB SSD, 8GB DDR4 Touch Screen"
1688,6526,2024 COMP-COMP-NB-ICT-PTRE-20,2024 COMP-NB-ICT-PTRE-20,162,COMP-NB,223,Dipinjam,QC Passed,0.0,,,LT,Aset,Corporate,,1,2026-07-03 09:30:09.000,2026-07-03 09:30:09.000,"Core i7-10510U,512GB SSD, 8GB DDR4"
1689,6527,2025 COMP-COMP-NB-ICT-PTRE-20,2025 COMP-NB-ICT-PTRE-20,162,COMP-NB,221,Dipinjam,QC Passed,0.0,,,LT,Aset,Corporate,,1,2024-06-26 16:36:48.000,2024-06-26 16:36:48.000,"Core i7-10510U,512GB SSD, 8GB DDR4"
1690,6528,2026 COMP-COMP-NB-ICT-PTRE-20,2026 COMP-NB-ICT-PTRE-20,162,COMP-NB,114,Dipinjam,Bagus,0.0,,,LT,Aset,Corporate,,1,2020-05-20 15:48:29.000,2020-05-20 15:48:29.000,"Core i5-10210U,1TB HDD, 8GB DDR4 , Radeon 530"
1691,6529,2027 COMP-COMP-NB-ICT-PTRE-20,2027 COMP-NB-ICT-PTRE-20,162,COMP-NB,114,Tersedia,Bagus,0.0,,,LT,Aset,Corporate,,1,2020-05-20 16:25:36.000,2020-05-20 16:25:36.000,"Core i5-10210U,1TB HDD, 8GB DDR4 , Radeon 530"
1692,6558,2056 COMP-COMP-NB-ICT-PTRE-20,2056 COMP-NB-ICT-PTRE-20,154,COMP-NB,223,Dipinjam,QC Passed,0.0,,,LT,Aset,Corporate,,1,2025-01-09 13:35:50.000,2025-01-09 13:35:50.000,"Core i7-10510U,512GB SSD, 8GB DDR4 Touch Screen"
1693,6559,2057 COMP-COMP-NB-ICT-PTRE-20,2057 COMP-NB-ICT-PTRE-20,162,COMP-NB,114,Dipinjam,Bagus,0.0,,,LT,Aset,Corporate,,1,2020-05-20 19:26:32.000,2020-05-20 19:26:32.000,"Core i7-10510U,512GB SSD, 8GB DDR4"
1694,6560,2058 COMP-COMP-NB-ICT-PTRE-20,2058 COMP-NB-ICT-PTRE-20,162,COMP-NB,114,Dipinjam,QC Passed,0.0,,,LT,Aset,Corporate,,1,2024-09-13 09:05:39.000,2024-09-13 09:05:39.000,"Core i7-10510U,512GB SSD, 8GB DDR4"
1695,6561,2059 COMP-COMP-NB-ICT-PTRE-20,2059 COMP-NB-ICT-PTRE-20,162,COMP-NB,223,Tersedia,Rusak,0.0,,,LT,Aset,Corporate,10519,1,2025-02-16 05:48:53.000,2025-02-16 05:48:53.000,"Core i7-10510U,512GB SSD, 8GB DDR4"
1696,6562,2060 COMP-COMP-NB-ICT-PTRE-20,2060 COMP-NB-ICT-PTRE-20,162,COMP-NB,114,Dipinjam,Bagus,0.0,,,LT,Aset,Corporate,,1,2020-05-20 19:29:27.000,2020-05-20 19:29:27.000,"Core i7-10510U,512GB SSD, 8GB DDR4"
1697,6567,02064-COMP-NB-ICT-PTRE-20,02064-COMP-NB-ICT-PTRE-20,162,COMP-NB,114,Dipinjam,Bagus,0.0,,,LT,Aset,Corporate,,1,2020-05-27 13:56:28.000,2020-05-27 13:56:28.000,"Core i7-10510U,512GB SSD, 8GB DDR4"
1698,6568,02065-COMP-NB-ICT-PTRE-20,02065-COMP-NB-ICT-PTRE-20,162,COMP-NB,223,Dipinjam,QC Passed,0.0,inventory/ams/inventoryPhoto/1601607461MobileKit.png,inventory/ams/assets/uploads/assetsre/ap/1601607461MobileKit.png,LT,Aset,Corporate,2557,1,2026-08-10 09:24:57.000,2026-08-10 09:24:57.000,"Core i7-10510U,512GB SSD, 8GB DDR4"
1699,6569,02066-COMP-NB-ICT-PTRE-20,02066-COMP-NB-ICT-PTRE-20,162,COMP-NB,221,Dipinjam,QC Passed,0.0,inventory/ams/inventoryPhoto/1601611520Suha.png,inventory/ams/assets/uploads/assetsre/ap/1601611520Suha.png,LT,Aset,Corporate,10604,1,2024-05-21 17:01:45.000,2024-05-21 17:01:45.000,"Core i7-10510U,512GB SSD, 8GB DDR4"
1700,6570,02067-COMP-NB-ICT-PTRE-20,02067-COMP-NB-ICT-PTRE-20,168,COMP-NB,114,Dipinjam,Bagus,0.0,inventory/ams/inventoryPhoto/1592187647bd6635fb-699e-4bc8-9677-ee72a8b820ef.jpeg,inventory/ams/assets/uploads/assetsre/ap/1592187647bd6635fb-699e-4bc8-9677-ee72a8b820ef.jpeg,LT,Aset,Corporate,,1,2020-06-15 09:20:47.000,2020-06-15 09:20:47.000,"Intel Core i5 -1035G1 14"" RAM4GB SSD512GB"
1701,6571,02068-COMP-NB-ICT-PTRE-20,02068-COMP-NB-ICT-PTRE-20,168,COMP-NB,114,Dipinjam,Bagus,0.0,inventory/ams/inventoryPhoto/1592187721bd6635fb-699e-4bc8-9677-ee72a8b820ef.jpeg,inventory/ams/assets/uploads/assetsre/ap/1592187721bd6635fb-699e-4bc8-9677-ee72a8b820ef.jpeg,LT,Aset,Corporate,,1,2020-06-15 09:22:01.000,2020-06-15 09:22:01.000,"Intel Core i5 -1035G1 14"" RAM4GB SSD512GB"
1702,6572,02069-COMP-NB-ICT-PTRE-20,02069-COMP-NB-ICT-PTRE-20,168,COMP-NB,114,Dipinjam,Bagus,0.0,inventory/ams/inventoryPhoto/1592187516WhatsApp_Image_2020-06-15_at_09_04_57.jpeg,inventory/ams/assets/uploads/assetsre/ap/1592187516WhatsApp_Image_2020-06-15_at_09_04_57.jpeg,LT,Aset,Corporate,,1,2020-09-12 12:05:38.000,2020-09-12 12:05:38.000,"Intel Core i5 -1035G1 14"" RAM4GB SSD512GB"
1703,7574,02070-COMP-NB-ICT-PTRE-20,02070-COMP-NB-ICT-PTRE-20,142,COMP-NB,224,Dipinjam,Bagus,17000000.0,,,LT,Aset,Corporate,10519,1,2024-05-21 16:42:18.000,2024-05-21 16:42:18.000,"Core i7-10510U,512GB SSD, 8GB DDR4"
1704,7575,02073-COMP-NB-ICT-PTRE-20,02073-COMP-NB-ICT-PTRE-20,162,COMP-NB,215,Dipinjam,Bagus,0.0,,,LT,Aset,Project,5854,1,2021-02-09 05:58:49.000,2021-02-09 05:58:49.000,"Intel Core i7 -1065G7 14"" RAM 8GB SSD512GB"
1705,7576,02074-COMP-NB-ICT-PTRE-20,02074-COMP-NB-ICT-PTRE-20,162,COMP-NB,215,Dipinjam,Bagus,0.0,,,LT,Aset,Project,5854,1,2021-02-09 06:02:10.000,2021-02-09 06:02:10.000,"Intel Core i7 -1065G7 14"" RAM 8GB SSD512GB"
1706,7577,02075-COMP-NB-ICT-PTRE-20,02075-COMP-NB-ICT-PTRE-20,162,COMP-NB,117,Dipinjam,QC Passed,0.0,,,LT,Aset,Corporate,5854,1,2023-11-02 08:25:53.000,2023-11-02 08:25:53.000,"Intel Core i7 -1065G7 14"" RAM 8GB SSD512GB"
1707,7578,02076-COMP-NB-ICT-PTRE-20,02076-COMP-NB-ICT-PTRE-20,167,COMP-NB,215,Dipinjam,Rusak,0.0,,,LT,Aset,Corporate,5853,1,2023-10-11 16:34:32.000,2023-10-11 16:34:32.000,"Intel Core i7 - 10510 14"" RAM 8GB 1TB+128ssd MX250 2GB"
1708,7579,02080-COMP-NB-ICT-PTRE-20,02080-COMP-NB-ICT-PTRE-20,169,COMP-NB,215,Dipinjam,Bagus,0.0,,,LT,Aset,Project,2557,95,2021-02-09 06:16:23.000,2021-02-09 06:16:23.000,"Intel Core i5 -1035G1 14"" RAM8GB SSD512GB"
1709,7580,02081-COMP-NB-ICT-PTRE-20,02081-COMP-NB-ICT-PTRE-20,169,COMP-NB,215,Dipinjam,Bagus,0.0,,,LT,Aset,Project,2557,95,2021-02-09 06:25:24.000,2021-02-09 06:25:24.000,"Intel Core i5 -1035G1 14"" RAM8GB SSD512GB"
1710,7581,02082-COMP-NB-ICT-PTRE-20,02082-COMP-NB-ICT-PTRE-20,169,COMP-NB,215,Dipinjam,Bagus,0.0,,,LT,Aset,Project,2557,95,2021-02-09 06:28:20.000,2021-02-09 06:28:20.000,"Intel Core i5 -1035G1 14"" RAM8GB SSD512GB"
1711,7582,02083-COMP-NB-ICT-PTRE-20,02083-COMP-NB-ICT-PTRE-20,170,COMP-NB,137,Dipinjam,Bagus,20000000.0,,,LT,Aset,Corporate,5853,95,2021-02-09 06:45:19.000,2021-02-09 06:45:19.000,"Intel Core i7 -1065G7 RAM 16GB/1TB SSD/Geforce MX350-2GB/14"""
1712,7583,02084-COMP-NB-ICT-PTRE-20,02084-COMP-NB-ICT-PTRE-20,169,COMP-NB,223,Dipinjam,Bagus,12000000.0,,,LT,Aset,Corporate,5854,95,2024-04-17 17:20:50.000,2024-04-17 17:20:50.000,Intel Core I5-1035G1 8GB DDR4 SSD 512GB Engsel Rusak / Patah
1713,7584,02085-COMP-NB-ICT-PTRE-20,02085-COMP-NB-ICT-PTRE-20,142,COMP-NB,215,Dipinjam,Bagus,24000000.0,,,LT,Aset,Corporate,,95,2021-02-09 07:10:35.000,2021-02-09 07:10:35.000,"Core i7- 1165G7 Processor 13.3-inch UHD DDR 16GB, SSD 512GB"
1714,7585,02086-COMP-NB-ICT-PTRE-20,02086-COMP-NB-ICT-PTRE-20,169,COMP-NB,221,Dipinjam,QC Passed,13000000.0,,,LT,Aset,Corporate,5853,95,2024-06-25 08:45:35.000,2024-06-25 08:45:35.000,Intel Core I5-1035G1 8GB DDR4 SSD 512GB
1715,7586,02087-COMP-NB-ICT-PTRE-20,02087-COMP-NB-ICT-PTRE-20,169,COMP-NB,175,Dipinjam,QC Passed,13000000.0,,,LT,Aset,Corporate,5853,95,2024-04-06 01:14:48.000,2024-04-06 01:14:48.000,Intel Core I5-1035G1 8GB DDR4 SSD 512GB
1716,7587,02088-COMP-NB-ICT-PTRE-20,02088-COMP-NB-ICT-PTRE-20,169,COMP-NB,221,Dipinjam,QC Passed,13000000.0,,,LT,Aset,Corporate,5853,95,2024-06-25 08:00:52.000,2024-06-25 08:00:52.000,Intel Core I5-1035G1 8GB DDR4 SSD 512GB
1717,7588,02089-COMP-NB-ICT-PTRE-21,02089-COMP-NB-ICT-PTRE-21,170,COMP-NB,228,Dipinjam,QC Passed,21000000.0,,,LT,Aset,Corporate,5854,95,2024-04-17 10:09:59.000,2024-04-17 10:09:59.000,Intel Core I7-1165G7 16GB DDDR4 1TB SSD
1718,7589,02090-COMP-NB-ICT-PTRE-21,02090-COMP-NB-ICT-PTRE-21,170,COMP-NB,136,Tersedia,Bagus,21000000.0,,,LT,Aset,Corporate,,95,2021-02-09 07:23:14.000,2021-02-09 07:23:14.000,Intel Core I7-1165G7 16GB DDDR4 1TB SSD
1719,7590,02091-COMP-NB-ICT-PTRE-21,02091-COMP-NB-ICT-PTRE-21,171,COMP-NB,176,Dipinjam,QC Passed,16000000.0,,,LT,Aset,Corporate,10519,95,2024-01-23 09:01:08.000,2024-01-23 09:01:08.000,"Intel Core i7-1065G7 16GB DDR4 512GB SSD 14"" FHD"
1720,7591,02092-COMP-NB-ICT-PTRE-21,02092-COMP-NB-ICT-PTRE-21,153,COMP-NB,215,Dipinjam,Bagus,34000000.0,,,LT,Aset,Project,2557,95,2021-02-09 07:29:12.000,2021-02-09 07:29:12.000,Intel Core i7 10750 32GB 1TB+512ssd RTX2070 Super 8GB MaxQ OHS 15.6FHD
1721,7592,02093-COMP-NB-ICT-PTRE-21,02093-COMP-NB-ICT-PTRE-21,169,COMP-NB,215,Dipinjam,Bagus,12000000.0,,,LT,Aset,Project,2557,95,2021-02-09 07:32:53.000,2021-02-09 07:32:53.000,"Intel Core i5 -1035G1 14"" RAM8GB SSD512GB"
1722,7593,02094-COMP-NB-ICT-PTRE-21,02094-COMP-NB-ICT-PTRE-21,169,COMP-NB,215,Dipinjam,Bagus,12000000.0,,,LT,Aset,Project,2557,95,2021-02-09 07:38:23.000,2021-02-09 07:38:23.000,"Intel Core i5 -1035G1 14"" RAM8GB SSD512GB"
1723,7594,02095-COMP-NB-ICT-PTRE-21,02095-COMP-NB-ICT-PTRE-21,169,COMP-NB,117,Dipinjam,QC Passed,12000000.0,,,LT,Aset,Corporate,2557,95,2025-02-13 08:46:32.000,2025-02-13 08:46:32.000,"Intel Core i5 -1035G1 14"" RAM8GB SSD512GB"
1724,7595,02096-COMP-NB-ICT-PTRE-21,02096-COMP-NB-ICT-PTRE-21,169,COMP-NB,215,Dipinjam,Bagus,12000000.0,,,LT,Aset,Project,2557,95,2021-02-09 07:38:00.000,2021-02-09 07:38:00.000,"Intel Core i5 -1035G1 14"" RAM8GB SSD512GB"
1725,7596,02097-COMP-NB-ICT-PTRE-21,02097-COMP-NB-ICT-PTRE-21,169,COMP-NB,175,Dipinjam,QC Passed,12000000.0,,,LT,Aset,Corporate,2557,95,2024-03-25 10:54:32.000,2024-03-25 10:54:32.000,"Intel Core i5 -1035G1 14"" RAM8GB SSD512GB"
1726,7597,02098-COMP-NB-ICT-PTRE-21,02098-COMP-NB-ICT-PTRE-21,171,COMP-NB,137,Dipinjam,Bagus,16000000.0,,,LT,Aset,Project,2557,95,2021-02-09 07:47:45.000,2021-02-09 07:47:45.000,"Intel Core i7-1065G7 16GB DDR4 512GB SSD 14"" FHD"
1727,7598,02099-COMP-NB-ICT-PTRE-21,02099-COMP-NB-ICT-PTRE-21,169,COMP-NB,242,Dipinjam,QC Passed,12000000.0,,,LT,Aset,Corporate,5854,95,2024-06-07 18:10:19.000,2024-06-07 18:10:19.000,"Intel Core i5 -1035G1 14"" RAM8GB SSD512GB"
1728,7599,02100-COMP-NB-ICT-PTRE-21,02100-COMP-NB-ICT-PTRE-21,169,COMP-NB,215,Dipinjam,Bagus,12000000.0,,,LT,Aset,Project,5853,95,2021-02-09 07:58:43.000,2021-02-09 07:58:43.000,"Intel Core i5 -1035G1 14"" RAM8GB SSD512GB"
1729,7600,02101-COMP-NB-ICT-PTRE-21,02101-COMP-NB-ICT-PTRE-21,169,COMP-NB,221,Dipinjam,QC Passed,12000000.0,,,LT,Aset,Corporate,9105,95,2024-12-27 11:15:01.000,2024-12-27 11:15:01.000,"Intel Core i5 -1035G1 14"" RAM8GB SSD512GB"
1730,7601,02102-COMP-NB-ICT-PTRE-21,02102-COMP-NB-ICT-PTRE-21,169,COMP-NB,221,Dipinjam,QC Passed,12000000.0,,,LT,Aset,Corporate,9105,95,2024-04-06 01:07:37.000,2024-04-06 01:07:37.000,"Intel Core i5 -1035G1 14"" RAM8GB SSD512GB"
1731,7602,02103-COMP-NB-ICT-PTRE-21,02103-COMP-NB-ICT-PTRE-21,169,COMP-NB,223,Dipinjam,QC Passed,13000000.0,,,LT,Aset,Corporate,6034,1,2026-05-25 16:13:38.000,2026-05-25 16:13:38.000,Intel Core I5-1135G1 8GB DDR4 SSD 512GB
1732,7603,02104-COMP-NB-ICT-PTRE-21,02104-COMP-NB-ICT-PTRE-21,169,COMP-NB,140,Dipinjam,QC Passed,13000000.0,,,LT,Aset,Corporate,6034,1,2024-03-25 10:43:54.000,2024-03-25 10:43:54.000,Intel Core I5-1135G1 8GB DDR4 SSD 512GB
1733,7604,02105-COMP-NB-ICT-PTRE-21,02105-COMP-NB-ICT-PTRE-21,169,COMP-NB,228,Dipinjam,QC Passed,16000000.0,,,LT,Aset,Corporate,10519,1,2024-04-17 14:28:01.000,2024-04-17 14:28:01.000,Intel Core I7-1165G1 16GB DDR4 SSD 512GB
1734,7605,02106-COMP-NB-ICT-PTRE-21,02106-COMP-NB-ICT-PTRE-21,172,COMP-NB,137,Dipinjam,Bagus,20000000.0,,,LT,Aset,Project,9068,1,2021-03-09 14:21:54.000,2021-03-09 14:21:54.000,Intel Core I7-1165G1 16GB DDR4 SSD 1TB Touch Screen
1735,7606,02107-COMP-NB-ICT-PTRE-21,02107-COMP-NB-ICT-PTRE-21,169,COMP-NB,215,Dipinjam,Bagus,13000000.0,,,LT,Aset,Project,6034,1,2021-03-09 14:32:24.000,2021-03-09 14:32:24.000,Intel Core I5-1135G1 8GB DDR4 SSD 512GB
1736,7607,02108-COMP-NB-ICT-PTRE-21,02108-COMP-NB-ICT-PTRE-21,169,COMP-NB,114,Dipinjam,Bagus,13000000.0,,,LT,Aset,Project,9163,1,2021-10-21 14:47:39.000,2021-10-21 14:47:39.000,Intel Core I5-1135G1 8GB DDR4 SSD 512GB
1737,7822,2109-COMP-NB-ICT-PTRE-21,2109-COMP-NB-ICT-PTRE-21,169,COMP-NB,140,Dipinjam,QC Passed,12000000.0,,,LT,Aset,Corporate,,95,2024-04-25 11:02:19.000,2024-04-25 11:02:19.000,"Intel Core i5 -1035G1 15"" RAM8GB SSD512GB"
1738,7823,2110-COMP-NB-ICT-PTRE-21,2110-COMP-NB-ICT-PTRE-21,169,COMP-NB,117,Dipinjam,QC Passed,12000000.0,,,LT,Aset,Corporate,360,95,2024-05-07 16:02:01.000,2024-05-07 16:02:01.000,"Intel Core i5 -1035G1 15"" RAM8GB SSD512GB"
1739,7824,2111-COMP-NB-ICT-PTRE-21,2111-COMP-NB-ICT-PTRE-21,169,COMP-NB,215,Dipinjam,Bagus,12000000.0,,,LT,Aset,Corporate,,95,2023-03-29 09:43:42.000,2023-03-29 09:43:42.000,
1740,7825,2112-COMP-NB-ICT-PTRE-21,2112-COMP-NB-ICT-PTRE-21,169,COMP-NB,232,Dipinjam,QC Passed,12000000.0,,,LT,Aset,Corporate,10519,95,2024-03-12 09:59:43.000,2024-03-12 09:59:43.000,
1741,7826,2113-COMP-NB-ICT-PTRE-21,2113-COMP-NB-ICT-PTRE-21,142,COMP-NB,215,Dipinjam,Bagus,12000000.0,,,LT,Aset,Corporate,,95,2023-03-29 09:44:21.000,2023-03-29 09:44:21.000,
1742,7827,2114-COMP-NB-ICT-PTRE-21,2114-COMP-NB-ICT-PTRE-21,167,COMP-NB,175,Dipinjam,QC Passed,13500000.0,,,LT,Aset,Corporate,2557,95,2025-02-13 08:51:09.000,2025-02-13 08:51:09.000,Core i7 - 1165G7 RAM 8GB SSD 512GB MX350 2GB 14.0FHD
1743,7828,2115-COMP-NB-ICT-PTRE-21,2115-COMP-NB-ICT-PTRE-21,167,COMP-NB,215,Dipinjam,Bagus,9500000.0,,,LT,Aset,Corporate,,95,2023-03-29 09:44:53.000,2023-03-29 09:44:53.000,
1744,7829,2116-COMP-NB-ICT-PTRE-21,2116-COMP-NB-ICT-PTRE-21,167,COMP-NB,117,Dipinjam,QC Passed,9500000.0,,,LT,Aset,Corporate,5853,95,2026-09-14 10:05:09.000,2026-09-14 10:05:09.000,Ryzen 5 4500 Ram8GB SSD 512GB 15.6 HD
1745,7830,2117-COMP-NB-ICT-PTRE-21,2117-COMP-NB-ICT-PTRE-21,153,COMP-NB,215,Dipinjam,Bagus,34000000.0,,,LT,Aset,Corporate,,95,2023-03-29 09:45:28.000,2023-03-29 09:45:28.000,
1746,7831,2118-COMP-NB-ICT-PTRE-21,2118-COMP-NB-ICT-PTRE-21,169,COMP-NB,175,Dipinjam,QC Passed,12000000.0,,,LT,Aset,Corporate,2557,95,2024-03-25 14:22:37.000,2024-03-25 14:22:37.000,
1747,7832,2119-COMP-NB-ICT-PTRE-21,2119-COMP-NB-ICT-PTRE-21,172,COMP-NB,215,Dipinjam,Bagus,20000000.0,,,LT,Aset,Corporate,,95,2023-03-29 09:45:54.000,2023-03-29 09:45:54.000,
1748,7833,2120-COMP-NB-ICT-PTRE-21,2120-COMP-NB-ICT-PTRE-21,167,COMP-NB,232,Dipinjam,QC Passed,13500000.0,,,LT,Aset,Corporate,,95,2024-04-23 17:19:09.000,2024-04-23 17:19:09.000,
1749,7834,2121-COMP-NB-ICT-PTRE-21,2121-COMP-NB-ICT-PTRE-21,173,COMP-NB,215,Dipinjam,Bagus,22000000.0,,,LT,Aset,Corporate,,95,2023-03-29 09:46:24.000,2023-03-29 09:46:24.000,
1750,7835,2122-COMP-NB-ICT-PTRE-21,2122-COMP-NB-ICT-PTRE-21,174,COMP-NB,120,Dipinjam,QC Passed,15000000.0,,,LT,Aset,Corporate,9105,95,2025-02-16 04:30:25.000,2025-02-16 04:30:25.000,"Prossesor i7-10750H, RAM 16GB, SSD 512GB, VGA GTX 1650M"
1751,7836,2123-COMP-NB-ICT-PTRE-21,2123-COMP-NB-ICT-PTRE-21,167,COMP-NB,175,Dipinjam,QC Passed,13500000.0,,,LT,Aset,Corporate,6034,95,2025-02-07 15:29:17.000,2025-02-07 15:29:17.000,Intel Core i7 1165G7 8GB 512ssd MX350 2GB 14.0 FHD
1752,7837,2124-COMP-NB-ICT-PTRE-21,2124-COMP-NB-ICT-PTRE-21,175,COMP-NB,175,Dipinjam,QC Passed,12000000.0,,,LT,Aset,Corporate,9198,95,2024-04-04 08:18:23.000,2024-04-04 08:18:23.000,Intel i5 1035G1 8GB 512ssd MX330 2GB 14.0 FHD
1753,7838,2125-COMP-NB-ICT-PTRE-21,2125-COMP-NB-ICT-PTRE-21,175,COMP-NB,242,Dipinjam,QC Passed,12000000.0,,,LT,Aset,Corporate,,95,2024-06-26 16:46:58.000,2024-06-26 16:46:58.000,Intel i5 1035G1 8GB 512ssd MX330 2GB 14.0 FHD
1754,7839,2126-COMP-NB-ICT-PTRE-21,2126-COMP-NB-ICT-PTRE-21,174,COMP-NB,215,Dipinjam,QC Passed,13500000.0,,,LT,Aset,Corporate,9198,95,2025-09-23 15:04:08.000,2025-09-23 15:04:08.000,Intel i5 8GB 512ssd GTX1650Ti 4GB 15.6FHD
1755,7840,2127-COMP-NB-ICT-PTRE-21,2127-COMP-NB-ICT-PTRE-21,174,COMP-NB,115,Dipinjam,QC Passed,13500000.0,,,LT,Aset,Corporate,360,95,2024-10-14 10:28:34.000,2024-10-14 10:28:34.000,Intel i5 8GB 512ssd GTX1650Ti 4GB 15.6FHD
1756,7841,2128-COMP-NB-ICT-PTRE-21,2128-COMP-NB-ICT-PTRE-21,175,COMP-NB,115,Dipinjam,QC Passed,12000000.0,,,LT,Aset,Corporate,360,95,2024-04-16 14:05:12.000,2024-04-16 14:05:12.000,
1757,7842,2129-COMP-NB-ICT-PTRE-21,2129-COMP-NB-ICT-PTRE-21,175,COMP-NB,115,Dipinjam,QC Passed,12000000.0,,,LT,Aset,Corporate,360,95,2025-10-20 19:57:53.000,2025-10-20 19:57:53.000,Intel i3-1115G4 Iris Xe 8G DDR 512G ssd 14 FHD
1758,7843,2130-COMP-NB-ICT-PTRE-21,2130-COMP-NB-ICT-PTRE-21,175,COMP-NB,121,Dipinjam,QC Passed,12000000.0,,,LT,Aset,Corporate,10519,95,2025-02-26 15:50:24.000,2025-02-26 15:50:24.000,Intel i3-1115G4 Iris Xe 8G DDR 512G ssd 14 FHD
1759,7844,2131-COMP-NB-ICT-PTRE-21,2131-COMP-NB-ICT-PTRE-21,175,COMP-NB,140,Dipinjam,QC Passed,12000000.0,,,LT,Aset,Corporate,9198,95,2026-05-18 16:34:42.000,2026-05-18 16:34:42.000,Intel i5 1035G1 8GB 512ssd MX330 2GB 14.0 FHD
1760,7845,2132-COMP-NB-ICT-PTRE-21,2132-COMP-NB-ICT-PTRE-21,175,COMP-NB,215,Dipinjam,Bagus,10000000.0,,,LT,Aset,Corporate,,95,2023-03-29 09:49:58.000,2023-03-29 09:49:58.000,
1761,7846,2133-COMP-NB-ICT-PTRE-21,2133-COMP-NB-ICT-PTRE-21,175,COMP-NB,175,Dipinjam,QC Passed,12000000.0,,,LT,Aset,Corporate,10604,95,2025-09-22 13:14:34.000,2025-09-22 13:14:34.000,Intel i5-1135G7 Iris Xe 8G DDR 512G ssd 14 FHD
1762,7847,2134-COMP-NB-ICT-PTRE-21,2134-COMP-NB-ICT-PTRE-21,173,COMP-NB,215,Dipinjam,Bagus,24000000.0,,,LT,Aset,Corporate,,95,2023-03-29 09:50:24.000,2023-03-29 09:50:24.000,
1763,7848,2135-COMP-NB-ICT-PTRE-21,2135-COMP-NB-ICT-PTRE-21,176,COMP-NB,215,Dipinjam,Bagus,16600000.0,,,LT,Aset,Corporate,,95,2023-03-29 09:50:37.000,2023-03-29 09:50:37.000,
1764,7849,2136-COMP-NB-ICT-PTRE-21,2136-COMP-NB-ICT-PTRE-21,175,COMP-NB,140,Dipinjam,QC Passed,12000000.0,,,LT,Aset,Corporate,10519,95,2025-04-29 09:10:07.000,2025-04-29 09:10:07.000,Intel i5 1035G1 8GB 512ssd MX350 2GB 14.0 FHD
1765,7850,2137-COMP-NB-ICT-PTRE-21,2137-COMP-NB-ICT-PTRE-21,175,COMP-NB,215,Dipinjam,Bagus,12000000.0,,,LT,Aset,Corporate,,95,2023-03-29 09:51:42.000,2023-03-29 09:51:42.000,
1766,7851,2138-COMP-NB-ICT-PTRE-21,2138-COMP-NB-ICT-PTRE-21,177,COMP-NB,223,Dipinjam,QC Passed,14000000.0,,,LT,Aset,Corporate,10519,95,2024-05-08 08:37:55.000,2024-05-08 08:37:55.000,Intel Core i5 11300H 512 SSD 16GB GTX1650 15.6 FHD
1767,7852,2139-COMP-NB-ICT-PTRE-21,2139-COMP-NB-ICT-PTRE-21,177,COMP-NB,223,Dipinjam,QC Passed,14000000.0,,,LT,Aset,Corporate,2557,95,2024-04-25 11:38:08.000,2024-04-25 11:38:08.000,Intel Core i5 11300H 512 SSD 16GB GTX1650 15.6 FHD
1768,7853,2140-COMP-NB-ICT-PTRE-21,2140-COMP-NB-ICT-PTRE-21,177,COMP-NB,223,Dipinjam,QC Passed,14000000.0,,,LT,Aset,Corporate,10519,95,2024-05-08 08:40:01.000,2024-05-08 08:40:01.000,Intel Core i5 11300H 512 SSD 16GB GTX1650 15.6 FHD
1769,7854,2141-COMP-NB-ICT-PTRE-21,2141-COMP-NB-ICT-PTRE-21,178,COMP-NB,215,Dipinjam,Bagus,14000000.0,,,LT,Aset,Corporate,,95,2023-03-29 09:52:53.000,2023-03-29 09:52:53.000,
1770,7855,2142-COMP-NB-ICT-PTRE-21,2142-COMP-NB-ICT-PTRE-21,175,COMP-NB,225,Dipinjam,QC Passed,14000000.0,,,LT,Aset,Corporate,9198,95,2024-04-23 14:54:34.000,2024-04-23 14:54:34.000,
1771,7856,2143-COMP-NB-ICT-PTRE-21,2143-COMP-NB-ICT-PTRE-21,175,COMP-NB,175,Dipinjam,QC Passed,12000000.0,,,LT,Aset,Project,10531,95,2026-08-14 16:09:30.000,2026-08-14 16:09:30.000,Intel i5 1035G1 8GB 512ssd MX350 2GB 14.0 FHD
1772,7857,2144-COMP-NB-ICT-PTRE-21,2144-COMP-NB-ICT-PTRE-21,175,COMP-NB,221,Dipinjam,QC Passed,12000000.0,,,LT,Aset,Corporate,9198,95,2025-02-28 16:15:03.000,2025-02-28 16:15:03.000,Intel i5 1035G1 8GB 512ssd MX350 2GB 14.0 FHD
1773,7858,2145-COMP-NB-ICT-PTRE-21,2145-COMP-NB-ICT-PTRE-21,175,COMP-NB,221,Dipinjam,QC Passed,12000000.0,,,LT,Aset,Corporate,10685,95,2024-04-30 16:58:22.000,2024-04-30 16:58:22.000,Intel i5 1035G1 8GB 512ssd MX350 2GB 14.0 FHD
1774,7859,2146-COMP-NB-ICT-PTRE-21,2146-COMP-NB-ICT-PTRE-21,176,COMP-NB,223,Dipinjam,QC Passed,16500000.0,,,LT,Aset,Corporate,10866,95,2026-05-25 16:28:23.000,2026-05-25 16:28:23.000,"Intel i7 1165g7 16gb 512Gb SSD Iris XE 14"" FHD"
1775,7861,2148-COMP-NB-ICT-PTRE-21,2148-COMP-NB-ICT-PTRE-21,175,COMP-NB,176,Dipinjam,QC Passed,12000000.0,,,LT,Aset,Corporate,2557,95,2024-03-27 14:49:10.000,2024-03-27 14:49:10.000,
1776,7862,2149-COMP-NB-ICT-PTRE-21,2149-COMP-NB-ICT-PTRE-21,175,COMP-NB,176,Dipinjam,QC Passed,12000000.0,,,LT,Aset,Corporate,10519,95,2024-10-28 14:01:48.000,2024-10-28 14:01:48.000,Intel i5 1035G1 8GB 512ssd MX350 2GB 14.0 FHD
1777,7863,2150-COMP-NB-ICT-PTRE-21,2150-COMP-NB-ICT-PTRE-21,177,COMP-NB,215,Dipinjam,Bagus,16000000.0,,,LT,Aset,Corporate,,95,2023-03-29 09:55:55.000,2023-03-29 09:55:55.000,
1778,7864,2151-COMP-NB-ICT-PTRE-21,2151-COMP-NB-ICT-PTRE-21,153,COMP-NB,215,Dipinjam,Bagus,34000000.0,,,LT,Aset,Corporate,,95,2023-03-29 09:56:09.000,2023-03-29 09:56:09.000,
1779,7865,2152-COMP-NB-ICT-PTRE-21,2152-COMP-NB-ICT-PTRE-21,167,COMP-NB,223,Dipinjam,QC Passed,11000000.0,,,LT,Aset,Corporate,2557,95,2024-04-25 11:34:57.000,2024-04-25 11:34:57.000,Intel Core i5-1135G7 8GB 512GB SSD 14FHD
1780,7866,2153-COMP-NB-ICT-PTRE-21,2153-COMP-NB-ICT-PTRE-21,167,COMP-NB,215,Tidak Aktif,Hilang,11000000.0,,,LT,Aset,Corporate,2557,95,2024-03-31 21:55:05.000,2024-03-31 21:55:05.000,
1781,7867,2154-COMP-NB-ICT-PTRE-21,2154-COMP-NB-ICT-PTRE-21,175,COMP-NB,215,Dipinjam,Bagus,12000000.0,,,LT,Aset,Corporate,,95,2023-03-29 09:56:42.000,2023-03-29 09:56:42.000,
1782,7868,2155-COMP-NB-ICT-PTRE-21,2155-COMP-NB-ICT-PTRE-21,169,COMP-NB,221,Dipinjam,QC Passed,15000000.0,,,LT,Aset,Corporate,5853,95,2026-01-19 00:38:05.000,2026-01-19 00:38:05.000,Intel Core i7-1165G7 MX450 16GB 512GB SSD 14 FHD
1783,7869,2156-COMP-NB-ICT-PTRE-21,2156-COMP-NB-ICT-PTRE-21,169,COMP-NB,221,Dipinjam,QC Passed,13000000.0,,,LT,Aset,Corporate,2557,95,2024-03-25 11:06:54.000,2024-03-25 11:06:54.000,
1784,7870,2157-COMP-NB-ICT-PTRE-21,2157-COMP-NB-ICT-PTRE-21,169,COMP-NB,232,Dipinjam,QC Passed,13000000.0,,,LT,Aset,Corporate,5854,95,2024-04-17 17:27:13.000,2024-04-17 17:27:13.000,
1785,7871,2158-COMP-NB-ICT-PTRE-21,2158-COMP-NB-ICT-PTRE-21,167,COMP-NB,242,Dipinjam,QC Passed,12000000.0,,,LT,Aset,Corporate,,95,2024-06-07 17:55:22.000,2024-06-07 17:55:22.000,Intel Core i5-1135G7 8GB 512GB SSD 14FHD
1786,7872,2159-COMP-NB-ICT-PTRE-21,2159-COMP-NB-ICT-PTRE-21,176,COMP-NB,215,Dipinjam,Bagus,13500000.0,,,LT,Aset,Corporate,,95,2023-03-29 09:58:10.000,2023-03-29 09:58:10.000,
1787,7873,2160-COMP-NB-ICT-PTRE-21,2160-COMP-NB-ICT-PTRE-21,176,COMP-NB,221,Dipinjam,QC Passed,13500000.0,,,LT,Aset,Corporate,5853,95,2024-03-25 11:22:18.000,2024-03-25 11:22:18.000,
1788,7874,2161-COMP-NB-ICT-PTRE-21,2161-COMP-NB-ICT-PTRE-21,176,COMP-NB,121,Dipinjam,Bagus,13500000.0,,,LT,Aset,Corporate,,95,2025-08-05 08:46:45.000,2025-08-05 08:46:45.000,"Intel Core i5 1135g7 16gb 512Gb SSD Iris XE 14"" FHD"
1789,7875,2162-COMP-NB-ICT-PTRE-21,2162-COMP-NB-ICT-PTRE-21,176,COMP-NB,140,Dipinjam,Bagus,13500000.0,,,LT,Aset,Corporate,10519,95,2024-05-08 08:43:40.000,2024-05-08 08:43:40.000,"Intel Core i5 1135g7 16gb 512Gb SSD Iris XE 14"" FHD"
1790,7876,2163-COMP-NB-ICT-PTRE-21,2163-COMP-NB-ICT-PTRE-21,145,COMP-NB,225,Dipinjam,QC Passed,9500000.0,,,LT,Aset,Corporate,10612,95,2026-09-08 10:38:27.000,2026-09-08 10:38:27.000,Intel Core i3-1115G4 8GB 512GB 15.6 FHD
1791,7877,2164-COMP-NB-ICT-PTRE-21,2164-COMP-NB-ICT-PTRE-21,145,COMP-NB,223,Dipinjam,QC Passed,9500000.0,,,LT,Aset,Corporate,5854,95,2024-04-25 11:26:43.000,2024-04-25 11:26:43.000,Intel Core i3-1115G4 8GB 512GB 15.6 FHD
1792,7878,2165-COMP-NB-ICT-PTRE-21,2165-COMP-NB-ICT-PTRE-21,145,COMP-NB,225,Dipinjam,QC Passed,9500000.0,,,LT,Aset,Corporate,10604,95,2024-04-17 16:00:09.000,2024-04-17 16:00:09.000,
1793,7879,2166-COMP-NB-ICT-PTRE-21,2166-COMP-NB-ICT-PTRE-21,145,COMP-NB,153,Dipinjam,QC Passed,9500000.0,,,LT,Aset,Corporate,10519,95,2024-05-07 17:06:39.000,2024-05-07 17:06:39.000,Intel Core i3-1115G4 8GB 512GB 15.6 FHD
1794,7880,2167-COMP-NB-ICT-PTRE-21,2167-COMP-NB-ICT-PTRE-21,145,COMP-NB,153,Dipinjam,QC Passed,9500000.0,,,LT,Aset,Corporate,,95,2024-05-07 11:08:28.000,2024-05-07 11:08:28.000,Intel Core i3-1115G4 8GB 512GB 15.6 FHD
1795,7881,2168-COMP-NB-ICT-PTRE-21,2168-COMP-NB-ICT-PTRE-21,177,COMP-NB,215,Dipinjam,QC Passed,18000000.0,,,LT,Aset,Corporate,,95,2024-12-27 09:57:47.000,2024-12-27 09:57:47.000,Intel Core i7-11800H 16GB 512GB RTX3050
1796,7882,2169-COMP-NB-ICT-PTRE-21,2169-COMP-NB-ICT-PTRE-21,172,COMP-NB,138,Dipinjam,QC Passed,17000000.0,,,LT,Aset,Corporate,10519,95,2024-04-17 13:37:53.000,2024-04-17 13:37:53.000,
1797,7883,2170-COMP-NB-ICT-PTRE-21,2170-COMP-NB-ICT-PTRE-21,176,COMP-NB,242,Dipinjam,QC Passed,13500000.0,,,LT,Aset,Corporate,2557,95,2024-06-07 18:06:20.000,2024-06-07 18:06:20.000,"Intel Core i5 1135g7 16gb 512Gb SSD Iris XE 14"" FHD"
1798,7884,2171-COMP-NB-ICT-PTRE-21,2171-COMP-NB-ICT-PTRE-21,176,COMP-NB,223,Dipinjam,QC Passed,13500000.0,,,LT,Aset,Corporate,2557,95,2026-05-25 16:22:42.000,2026-05-25 16:22:42.000,"Intel Core i5 1135g7 16gb 512Gb SSD Iris XE 14"" FHD"
1799,7885,2172-COMP-NB-ICT-PTRE-21,2172-COMP-NB-ICT-PTRE-21,176,COMP-NB,176,Dipinjam,QC Passed,13500000.0,,,LT,Aset,Corporate,,95,2024-06-07 18:00:10.000,2024-06-07 18:00:10.000,"Intel Core i5 1135g7 16gb 512Gb SSD Iris XE 14"" FHD"
1800,7886,2173-COMP-NB-ICT-PTRE-21,2173-COMP-NB-ICT-PTRE-21,167,COMP-NB,215,Dipinjam,Bagus,10500000.0,,,LT,Aset,Corporate,,95,2026-08-14 15:40:47.000,2026-08-14 15:40:47.000,Intel Core i3 1115G4 8GB 512SSD 14.0 FHD
1801,7887,2174-COMP-NB-ICT-PTRE-21,2174-COMP-NB-ICT-PTRE-21,175,COMP-NB,176,Dipinjam,QC Passed,12500000.0,,,LT,Aset,Corporate,5853,95,2024-12-27 11:44:29.000,2024-12-27 11:44:29.000,"Intel Core I5-1135G7, RAM 8GB, SSD 512GB."
1802,7889,2176-COMP-NB-ICT-PTRE-21,2176-COMP-NB-ICT-PTRE-21,167,COMP-NB,230,Dipinjam,QC Passed,12000000.0,,,LT,Aset,Corporate,9198,95,2025-07-21 09:50:40.000,2025-07-21 09:50:40.000,Intel Core I5 1135G7 8GB 512SSD 14.0FHD
1803,7890,2177-COMP-NB-ICT-PTRE-21,2177-COMP-NB-ICT-PTRE-21,167,COMP-NB,215,Tidak Aktif,Hilang,13500000.0,,,LT,Aset,Corporate,,95,2024-03-31 21:57:45.000,2024-03-31 21:57:45.000,
1804,7891,2178-COMP-NB-ICT-PTRE-21,2178-COMP-NB-ICT-PTRE-21,175,COMP-NB,223,Dipinjam,QC Passed,13500000.0,,,LT,Aset,Corporate,2557,95,2026-05-25 13:30:21.000,2026-05-25 13:30:21.000,Intel Core I5 1135G7 8GB 512SSD MX330 14' FHD
1805,7892,2179-COMP-NB-ICT-PTRE-21,2179-COMP-NB-ICT-PTRE-21,175,COMP-NB,138,Dipinjam,QC Passed,12000000.0,,,LT,Aset,Corporate,9198,95,2024-12-27 13:23:59.000,2024-12-27 13:23:59.000,"Intel Core i3 115G4 8G 512 SSD 14"" FHD"
1806,7893,2180-COMP-NB-ICT-PTRE-21,2180-COMP-NB-ICT-PTRE-21,175,COMP-NB,215,Dipinjam,Bagus,12000000.0,,,LT,Aset,Corporate,,95,2023-03-29 10:04:37.000,2023-03-29 10:04:37.000,
1807,7894,2181-COMP-NB-ICT-PTRE-21,2181-COMP-NB-ICT-PTRE-21,175,COMP-NB,223,Dipinjam,QC Passed,12000000.0,,,LT,Aset,Corporate,2557,95,2024-03-27 14:34:44.000,2024-03-27 14:34:44.000,
1808,7895,2182-COMP-NB-ICT-PTRE-21,2182-COMP-NB-ICT-PTRE-21,175,COMP-NB,223,Dipinjam,QC Passed,12000000.0,,,LT,Aset,Corporate,6034,95,2026-01-13 21:02:47.000,2026-01-13 21:02:47.000,"Intel Core i3 115G4 8G 512 SSD 14"" FHD"
1809,7896,2183-COMP-NB-ICT-PTRE-21,2183-COMP-NB-ICT-PTRE-21,175,COMP-NB,225,Dipinjam,QC Passed,12000000.0,,,LT,Aset,Corporate,360,95,2024-04-16 14:07:37.000,2024-04-16 14:07:37.000,
1810,7897,2184-COMP-NB-ICT-PTRE-21,2184-COMP-NB-ICT-PTRE-21,175,COMP-NB,225,Dipinjam,QC Passed,12000000.0,,,LT,Aset,Corporate,360,95,2025-01-07 14:49:19.000,2025-01-07 14:49:19.000,"Intel Core i3 115G4 8G 512 SSD 14"" FHD"
1811,7898,2185-COMP-NB-ICT-PTRE-21,2185-COMP-NB-ICT-PTRE-21,175,COMP-NB,222,Dipinjam,QC Passed,12000000.0,,,LT,Aset,Corporate,2557,95,2024-04-23 14:31:51.000,2024-04-23 14:31:51.000,
1812,7900,2186-COMP-NB-ICT-PTRE-22,2186-COMP-NB-ICT-PTRE-22,161,COMP-NB,137,Dipinjam,QC Passed,17000000.0,,,LT,Aset,Corporate,10368,1,2024-05-07 15:51:17.000,2024-05-07 15:51:17.000,AMD Ryzen 7 5800U RAM 16GB 1TB SSD
1813,7903,2188-COMP-NB-ICT-PTRE-22,2188-COMP-NB-ICT-PTRE-22,179,COMP-NB,138,Dipinjam,QC Passed,16500000.0,,,LT,Aset,Corporate,9198,1,2024-04-17 10:56:50.000,2024-04-17 10:56:50.000,"Intel Core i7 1165G7 Ram 16Gb 512Gb SSD 14"" FHD"
1814,7905,2190-COMP-NB-ICT-PTRE-22,2190-COMP-NB-ICT-PTRE-22,169,COMP-NB,232,Dipinjam,QC Passed,17000000.0,,,LT,Aset,Corporate,5854,95,2025-02-19 16:19:40.000,2025-02-19 16:19:40.000,"Intel Core I7 1195G7 16GB 1TBSSD MX450 14"""
1815,7910,2194 COMP-COMP-NB-ICT-PTRE-22,2194 COMP-NB-ICT-PTRE-22,173,COMP-NB,215,Dipinjam,Bagus,22000000.0,,,LT,Aset,Project,2557,95,2022-10-20 15:32:16.000,2022-10-20 15:32:16.000,Intel Core I7 12700H 16GB 512SSD RTX3050TI 15.6FHD
1816,7911,2195-COMP-NB-ICT-PTRE-22,2195-COMP-NB-ICT-PTRE-22,161,COMP-NB,157,Dipinjam,Bagus,21000000.0,,,LT,Aset,Corporate,,95,2022-10-20 17:02:30.000,2022-10-20 17:02:30.000,Intel Core I7 1250U 16GB 512SSD 13.3WUXGA
1817,7912,2196-COMP-NB-ICT-PTRE-22,2196-COMP-NB-ICT-PTRE-22,172,COMP-NB,156,Dipinjam,Bagus,23000000.0,,,LT,Aset,Corporate,,65,2022-10-20 17:06:38.000,2022-10-20 17:06:38.000,Intel Core I7 1260P 16GB 1TBSSD IRISXE 14.0 2.8K
1818,7915,2199-COMP-NB-ICT-PTRE-22,2199-COMP-NB-ICT-PTRE-22,180,COMP-NB,215,Dipinjam,Bagus,14000000.0,,,LT,Aset,Corporate,,65,2022-10-21 13:36:43.000,2022-10-21 13:36:43.000,Intel Core I5 12500H 12GB 512SSD IRISXE 14.0 2.8K
1819,7916,2200-COMP-NB-ICT-PTRE-22,2200-COMP-NB-ICT-PTRE-22,180,COMP-NB,215,Tidak Aktif,Hilang,14000000.0,,,LT,Aset,Corporate,2557,65,2024-03-31 21:55:47.000,2024-03-31 21:55:47.000,Intel Core I5 12500H 12GB 512SSD IRISXE 14.0 2.8K
1820,7917,2201-COMP-NB-ICT-PTRE-22,2201-COMP-NB-ICT-PTRE-22,180,COMP-NB,114,Dipinjam,Bagus,14000000.0,,,LT,Aset,Corporate,,65,2022-10-21 13:42:57.000,2022-10-21 13:42:57.000,Intel Core I5 12500H 12GB 512SSD IRISXE 14.0 2.8K
1821,7918,2202-COMP-NB-ICT-PTRE-22,2202-COMP-NB-ICT-PTRE-22,180,COMP-NB,229,Dipinjam,QC Passed,14000000.0,,,LT,Aset,Corporate,9198,65,2025-02-15 22:52:55.000,2025-02-15 22:52:55.000,Intel Core I5 12500H 12GB 512SSD IRISXE 14.0 2.8K
1822,7919,2203-COMP-NB-ICT-PTRE-22,2203-COMP-NB-ICT-PTRE-22,180,COMP-NB,117,Dipinjam,QC Passed,14000000.0,,,LT,Aset,Corporate,2557,1,2024-03-27 14:25:04.000,2024-03-27 14:25:04.000,Intel Core I5 12500H 12GB 512SSD IRISXE 14.0 2.8K
1823,7920,2204-COMP-NB-ICT-PTRE-22,2204-COMP-NB-ICT-PTRE-22,180,COMP-NB,138,Dipinjam,QC Passed,14000000.0,,,LT,Aset,Corporate,5854,1,2024-04-17 10:04:42.000,2024-04-17 10:04:42.000,Intel Core I5 12500H 12GB 512SSD IRISXE 14.0 2.8K
1824,7921,2205-COMP-NB-ICT-PTRE-22,2205-COMP-NB-ICT-PTRE-22,161,COMP-NB,137,Dipinjam,Bagus,21000000.0,,,LT,Aset,Project,6034,95,2022-12-16 15:02:47.000,2022-12-16 15:02:47.000,Intel Core I7 1250U 16GB 512SSD 13.3WUXGA
1825,7922,2206-COMP-NB-ICT-PTRE-22,2206-COMP-NB-ICT-PTRE-22,170,COMP-NB,137,Dipinjam,QC Passed,21000000.0,,,LT,Aset,Corporate,10295,95,2025-02-15 23:40:08.000,2025-02-15 23:40:08.000,Intel i7 1260P 16GB 1TBSSD IRISXE 13.3 2.5K
1826,7923,2207-COMP-NB-ICT-PTRE-22,2207-COMP-NB-ICT-PTRE-22,174,COMP-NB,221,Dipinjam,Bagus,13000000.0,,,LT,Aset,Project,9095,95,2022-12-16 15:30:04.000,2022-12-16 15:30:04.000,RYZEN 5 5600H 16GB 512SSD GTX1650 SSD512GB 15.6
1827,7924,2208-COMP-NB-ICT-PTRE-22,2208-COMP-NB-ICT-PTRE-22,174,COMP-NB,221,Dipinjam,QC Passed,13000000.0,,,LT,Aset,Corporate,9095,95,2025-02-15 23:26:45.000,2025-02-15 23:26:45.000,RYZEN 5 5600H 16GB 512SSD GTX1650 SSD512GB 15.6
1828,7925,2209-COMP-NB-ICT-PTRE-22,2209-COMP-NB-ICT-PTRE-22,180,COMP-NB,115,Dipinjam,Bagus,13000000.0,,,LT,Aset,Corporate,,1,2022-12-16 15:43:08.000,2022-12-16 15:43:08.000,Intel Core I5 12500H 12GB 512SSD IRISXE 14.0 2.8K
1829,7926,2210-COMP-NB-ICT-PTRE-22,2210-COMP-NB-ICT-PTRE-22,180,COMP-NB,117,Dipinjam,QC Passed,13000000.0,,,LT,Aset,Corporate,6034,65,2024-04-16 11:25:02.000,2024-04-16 11:25:02.000,Intel Core I5 12500H 12GB 512SSD IRISXE 14.0 2.8K
1830,7927,2211-COMP-NB-ICT-PTRE-22,2211-COMP-NB-ICT-PTRE-22,181,COMP-NB,117,Dipinjam,QC Passed,12000000.0,,,LT,Aset,Corporate,9198,1,2024-03-27 14:57:37.000,2024-03-27 14:57:37.000,RYZEN 5 5600H 16GB 512SSD 14.0 2.8K
1831,7928,2212-COMP-NB-ICT-PTRE-22,2212-COMP-NB-ICT-PTRE-22,181,COMP-NB,117,Dipinjam,QC Passed,12000000.0,,,LT,Aset,Corporate,5854,1,2024-03-27 14:23:17.000,2024-03-27 14:23:17.000,RYZEN 5 5600H 16GB 512SSD 14.0 2.8K
1832,7931,2215-COMP-NB-ICT-PTRE-22,2215-COMP-NB-ICT-PTRE-22,181,COMP-NB,223,Dipinjam,QC Passed,12000000.0,,,LT,Aset,Corporate,10519,1,2025-07-22 05:45:29.000,2025-07-22 05:45:29.000,RYZEN 5 5600H 16GB 512SSD 14.0 2.8K
1833,7932,2216-COMP-NB-ICT-PTRE-22,2216-COMP-NB-ICT-PTRE-22,164,COMP-NB,136,Dipinjam,Bagus,20000000.0,,,LT,Aset,Corporate,,95,2022-12-30 10:53:44.000,2022-12-30 10:53:44.000,Intel Core I7-1165G7 16GB SSD 1TB 2.8K OLED TOUCH
1834,7933,2217-COMP-NB-ICT-PTRE-22,2217-COMP-NB-ICT-PTRE-22,172,COMP-NB,137,Dipinjam,Bagus,23000000.0,,,LT,Aset,Project,10507,95,2022-12-30 10:56:32.000,2022-12-30 10:56:32.000,"Intel Core i7-1260P 16GB 1TB SSD 14"" 2.8K"
1835,7934,2218-COMP-NB-ICT-PTRE-22,2218-COMP-NB-ICT-PTRE-22,176,COMP-NB,215,Dipinjam,Bagus,17000000.0,,,LT,Aset,Project,10465,65,2023-01-16 11:25:33.000,2023-01-16 11:25:33.000,"Intel Core i7 1165g7 16gb 512Gb SSD Iris XE 14"" FHD"
1836,7935,2219-COMP-NB-ICT-PTRE-22,2219-COMP-NB-ICT-PTRE-22,176,COMP-NB,215,Dipinjam,Bagus,17000000.0,,,LT,Aset,Project,10465,65,2023-01-16 11:26:54.000,2023-01-16 11:26:54.000,"Intel Core i7 1165g7 16gb 512Gb SSD Iris XE 14"" FHD"
1837,7936,2220-COMP-NB-ICT-PTRE-22,2220-COMP-NB-ICT-PTRE-22,176,COMP-NB,215,Dipinjam,Bagus,17000000.0,,,LT,Aset,Project,10465,65,2023-01-16 11:29:13.000,2023-01-16 11:29:13.000,"Intel Core i7 1165g7 16gb 512Gb SSD Iris XE 14"" FHD"
1838,7937,2221-COMP-NB-ICT-PTRE-22,2221-COMP-NB-ICT-PTRE-22,181,COMP-NB,215,Dipinjam,Bagus,12000000.0,,,LT,Aset,Corporate,2557,1,2023-01-20 10:21:07.000,2023-01-20 10:21:07.000,RYZEN 5 5600H 16GB 512SSD 14.0 2.8K
1839,7938,2222-COMP-NB-ICT-PTRE-22,2222-COMP-NB-ICT-PTRE-22,181,COMP-NB,215,Dipinjam,Bagus,12000000.0,,,LT,Aset,Corporate,2557,1,2023-01-20 10:31:40.000,2023-01-20 10:31:40.000,RYZEN 5 5600H 16GB 512SSD 14.0 2.8K
1840,7939,2223-COMP-NB-ICT-PTRE-22,2223-COMP-NB-ICT-PTRE-22,181,COMP-NB,243,Dipinjam,Bagus,12000000.0,,,LT,Aset,Corporate,2557,1,2026-04-29 16:00:34.000,2026-04-29 16:00:34.000,RYZEN 5 5600H 16GB 512SSD 14.0 2.8K
1841,7940,2224-COMP-NB-ICT-PTRE-22,2224-COMP-NB-ICT-PTRE-22,164,COMP-NB,232,Dipinjam,QC Passed,20000000.0,,,LT,Aset,Corporate,2557,1,2024-04-23 14:03:12.000,2024-04-23 14:03:12.000,Intel Core I7-1165G7 16GB SSD 1TB 2.8K OLED TOUCH
1842,8037,2225-COMP-NB-ICT-PTRE-23,2225-COMP-NB-ICT-PTRE-23,172,COMP-NB,223,Dipinjam,QC Passed,17500000.0,,,LT,Aset,Corporate,2557,95,2024-03-27 14:41:11.000,2024-03-27 14:41:11.000,RYZEN 7 6800U 16GB 512SSD OLED 14.0 2.8K Touch
1843,8039,2227-COMP-NB-ICT-PTRE-23,2227-COMP-NB-ICT-PTRE-23,182,COMP-NB,215,Dipinjam,Bagus,13000000.0,,,LT,Aset,Project,10519,65,2023-06-21 15:13:19.000,2023-06-21 15:13:19.000,"Intel Core I7 11800H RAM 16GB 512SSD W11 15"" FHD GTX1650"
1844,8040,2228-COMP-NB-ICT-PTRE-23,2228-COMP-NB-ICT-PTRE-23,182,COMP-NB,245,Dipinjam,Bagus,13000000.0,,,LT,Aset,Corporate,10519,65,2026-04-20 10:43:21.000,2026-04-20 10:43:21.000,"Intel Core I7 11800H RAM 16GB 512SSD W11 15"" FHD GTX1650"
1845,8041,2229-COMP-NB-ICT-PTRE-23,2229-COMP-NB-ICT-PTRE-23,182,COMP-NB,245,Dipinjam,Bagus,13000000.0,,,LT,Aset,Corporate,10519,65,2026-05-05 10:11:30.000,2026-05-05 10:11:30.000,"Intel Core I7 11800H RAM 16GB 512SSD W11 15"" FHD GTX1650"
1846,8042,2230-COMP-NB-ICT-PTRE-23,2230-COMP-NB-ICT-PTRE-23,182,COMP-NB,215,Dipinjam,Bagus,13000000.0,,,LT,Aset,Project,10519,65,2023-06-21 15:29:11.000,2023-06-21 15:29:11.000,"Intel Core I7 11800H RAM 16GB 512SSD W11 15"" FHD GTX1650"
1847,8043,2231-COMP-NB-ICT-PTRE-23,2231-COMP-NB-ICT-PTRE-23,182,COMP-NB,215,Dipinjam,Bagus,13000000.0,,,LT,Aset,Project,10519,65,2023-06-21 15:31:39.000,2023-06-21 15:31:39.000,"Intel Core I7 11800H RAM 16GB 512SSD W11 15"" FHD GTX1650"
1848,8044,2232-COMP-NB-ICT-PTRE-23,2232-COMP-NB-ICT-PTRE-23,182,COMP-NB,221,Dipinjam,Bagus,13000000.0,,,LT,Aset,Corporate,10519,65,2026-03-05 13:43:43.000,2026-03-05 13:43:43.000,"Intel Core I7 11800H RAM 16GB 512SSD W11 15"" FHD GTX1650"
1849,8045,2233-COMP-NB-ICT-PTRE-23,2233-COMP-NB-ICT-PTRE-23,182,COMP-NB,245,Dipinjam,Bagus,13000000.0,,,LT,Aset,Corporate,10519,65,2026-03-11 11:24:38.000,2026-03-11 11:24:38.000,"Intel Core I7 11800H RAM 16GB 512SSD W11 15"" FHD GTX1650"
1850,8046,2234-COMP-NB-ICT-PTRE-23,2234-COMP-NB-ICT-PTRE-23,182,COMP-NB,215,Dipinjam,Bagus,13000000.0,,,LT,Aset,Project,10519,65,2023-06-21 15:39:39.000,2023-06-21 15:39:39.000,"Intel Core I7 11800H RAM 16GB 512SSD W11 15"" FHD GTX1650"
1851,8049,2237-COMP-NB-ICT-PTRE-23,2237-COMP-NB-ICT-PTRE-23,182,COMP-NB,121,Dipinjam,Bagus,13000000.0,,,LT,Aset,Corporate,10519,65,2026-03-12 14:37:55.000,2026-03-12 14:37:55.000,"Intel Core I7 11800H RAM 16GB 512SSD W11 15"" FHD GTX1650"
1852,8050,2238-COMP-NB-ICT-PTRE-23,2238-COMP-NB-ICT-PTRE-23,182,COMP-NB,245,Dipinjam,Bagus,13000000.0,,,LT,Aset,Corporate,10519,65,2026-04-23 14:01:05.000,2026-04-23 14:01:05.000,"Intel Core I7 11800H RAM 16GB 512SSD W11 15"" FHD GTX1650"
1853,8051,2239-COMP-NB-ICT-PTRE-23,2239-COMP-NB-ICT-PTRE-23,182,COMP-NB,121,Dipinjam,Bagus,13000000.0,,,LT,Aset,Corporate,10519,65,2026-03-04 09:25:58.000,2026-03-04 09:25:58.000,"Intel Core I7 11800H RAM 16GB 512SSD W11 15"" FHD GTX1650"
1854,8052,2240-COMP-NB-ICT-PTRE-23,2240-COMP-NB-ICT-PTRE-23,182,COMP-NB,245,Dipinjam,Bagus,13000000.0,,,LT,Aset,Corporate,10519,65,2026-04-28 10:49:37.000,2026-04-28 10:49:37.000,"Intel Core I7 11800H RAM 16GB 512SSD W11 15"" FHD GTX1650"
1855,8053,2241-COMP-NB-ICT-PTRE-23,2241-COMP-NB-ICT-PTRE-23,182,COMP-NB,245,Dipinjam,Bagus,13000000.0,,,LT,Aset,Corporate,10519,65,2026-04-28 10:41:20.000,2026-04-28 10:41:20.000,"Intel Core I7 11800H RAM 16GB 512SSD W11 15"" FHD GTX1650"
1856,8054,2242-COMP-NB-ICT-PTRE-23,2242-COMP-NB-ICT-PTRE-23,182,COMP-NB,215,Dipinjam,Bagus,13000000.0,,,LT,Aset,Project,10519,65,2023-06-23 14:34:53.000,2023-06-23 14:34:53.000,"Intel Core I7 11800H RAM 16GB 512SSD W11 15"" FHD GTX1650"
1857,8055,2243-COMP-NB-ICT-PTRE-23,2243-COMP-NB-ICT-PTRE-23,163,COMP-NB,215,Dipinjam,Bagus,11000000.0,,,LT,Aset,Project,10519,95,2023-06-23 14:54:22.000,2023-06-23 14:54:22.000,"Intel Core I5 10300H RAM 8GB 512SSD W11 15"" FHD GTX1650"
1858,8056,2244-COMP-NB-ICT-PTRE-23,2244-COMP-NB-ICT-PTRE-23,163,COMP-NB,215,Dipinjam,Bagus,11000000.0,,,LT,Aset,Project,10519,95,2023-06-23 14:55:36.000,2023-06-23 14:55:36.000,"Intel Core I5 10300H RAM 8GB 512SSD W11 15"" FHD GTX1650"
1859,8057,2245-COMP-NB-ICT-PTRE-23,2245-COMP-NB-ICT-PTRE-23,163,COMP-NB,215,Dipinjam,Bagus,11000000.0,,,LT,Aset,Project,10519,95,2023-06-23 14:57:03.000,2023-06-23 14:57:03.000,"Intel Core I5 10300H RAM 8GB 512SSD W11 15"" FHD GTX1650"
1860,8058,2246-COMP-NB-ICT-PTRE-23,2246-COMP-NB-ICT-PTRE-23,163,COMP-NB,215,Dipinjam,Bagus,11000000.0,,,LT,Aset,Corporate,10519,95,2023-06-23 14:57:51.000,2023-06-23 14:57:51.000,"Intel Core I5 10300H RAM 8GB 512SSD W11 15"" FHD GTX1650"
1861,8059,2247-COMP-NB-ICT-PTRE-23,2247-COMP-NB-ICT-PTRE-23,163,COMP-NB,232,Dipinjam,Bagus,11000000.0,,,LT,Aset,Corporate,10519,95,2026-04-24 13:44:11.000,2026-04-24 13:44:11.000,"Intel Core I5 10300H RAM 8GB 512SSD W11 15"" FHD GTX1650"
1862,8060,2248-COMP-NB-ICT-PTRE-23,2248-COMP-NB-ICT-PTRE-23,163,COMP-NB,232,Dipinjam,Bagus,11000000.0,,,LT,Aset,Corporate,10519,95,2026-02-26 15:01:06.000,2026-02-26 15:01:06.000,"Intel Core I5 10300H RAM 8GB 512SSD W11 15"" FHD GTX1650"
1863,8061,2249-COMP-NB-ICT-PTRE-23,2249-COMP-NB-ICT-PTRE-23,163,COMP-NB,215,Dipinjam,Bagus,11000000.0,,,LT,Aset,Corporate,10519,95,2023-06-23 15:02:32.000,2023-06-23 15:02:32.000,"Intel Core I5 10300H RAM 8GB 512SSD W11 15"" FHD GTX1650"
1864,8062,2250-COMP-NB-ICT-PTRE-23,2250-COMP-NB-ICT-PTRE-23,163,COMP-NB,176,Dipinjam,Bagus,11000000.0,,,LT,Aset,Corporate,10519,95,2026-03-04 10:23:49.000,2026-03-04 10:23:49.000,"Intel Core I5 10300H RAM 8GB 512SSD W11 15"" FHD GTX1650"
1865,8063,2251-COMP-NB-ICT-PTRE-23,2251-COMP-NB-ICT-PTRE-23,180,COMP-NB,153,Dipinjam,QC Passed,13000000.0,,,LT,Aset,Corporate,10519,65,2024-05-07 11:15:51.000,2024-05-07 11:15:51.000,Intel Core I5 12500H 12GB 512SSD IRISXE 14.0 2.8K
1866,8064,2252-COMP-NB-ICT-PTRE-23,2252-COMP-NB-ICT-PTRE-23,181,COMP-NB,223,Dipinjam,QC Passed,12000000.0,,,LT,Aset,Corporate,10685,95,2024-04-30 16:54:03.000,2024-04-30 16:54:03.000,RYZEN 5 5600H 16GB 512SSD 14.0 2.8K
1867,8065,2253-COMP-NB-ICT-PTRE-23,2253-COMP-NB-ICT-PTRE-23,182,COMP-NB,221,Dipinjam,Bagus,13000000.0,,,LT,Aset,Corporate,10519,65,2026-05-18 13:30:36.000,2026-05-18 13:30:36.000,"Intel Core I7 11800H RAM 16GB 512SSD W11 15"" FHD GTX1650"
1868,8066,2254-COMP-NB-ICT-PTRE-23,2254-COMP-NB-ICT-PTRE-23,182,COMP-NB,215,Dipinjam,Bagus,13000000.0,,,LT,Aset,Project,10519,65,2023-06-23 15:32:10.000,2023-06-23 15:32:10.000,"Intel Core I7 11800H RAM 16GB 512SSD W11 15"" FHD GTX1650"
1869,8067,2255-COMP-NB-ICT-PTRE-23,2255-COMP-NB-ICT-PTRE-23,181,COMP-NB,215,Dipinjam,Bagus,12000000.0,,,LT,Aset,Project,2557,65,2023-07-07 14:43:39.000,2023-07-07 14:43:39.000,RYZEN 7 5800H 16GB 512SSD 14.0 2.8K
1870,8068,2256-COMP-NB-ICT-PTRE-23,2256-COMP-NB-ICT-PTRE-23,164,COMP-NB,175,Dipinjam,QC Passed,17000000.0,,,LT,Aset,Corporate,5854,65,2024-04-17 09:11:15.000,2024-04-17 09:11:15.000,"RYZEN 7-5800H 16GB 512GB 14"""
1871,8069,2257-COMP-NB-ICT-PTRE-23,2257-COMP-NB-ICT-PTRE-23,181,COMP-NB,242,Dipinjam,QC Passed,12000000.0,,,LT,Aset,Corporate,10638,65,2025-07-07 11:24:00.000,2025-07-07 11:24:00.000,RYZEN 7 5800H 16GB 512SSD 14.0 2.8K
1872,8070,2258-COMP-NB-ICT-PTRE-23,2258-COMP-NB-ICT-PTRE-23,182,COMP-NB,215,Dipinjam,Bagus,15000000.0,,,LT,Aset,Project,10519,65,2023-07-07 15:15:32.000,2023-07-07 15:15:32.000,"Intel Core I7 11800H RAM 16GB 512SSD W11 15"" FHD GTX1650"
1873,8071,2259-COMP-NB-ICT-PTRE-23,2259-COMP-NB-ICT-PTRE-23,181,COMP-NB,215,Dipinjam,Bagus,12000000.0,,,LT,Aset,Project,2557,65,2023-07-07 15:19:00.000,2023-07-07 15:19:00.000,RYZEN 7 5800H 16GB 512SSD 14.0 2.8K
1874,8072,2260-COMP-NB-ICT-PTRE-23,2260-COMP-NB-ICT-PTRE-23,172,COMP-NB,226,Dipinjam,QC Passed,19000000.0,,,LT,Aset,Corporate,6034,67,2024-04-16 13:15:07.000,2024-04-16 13:15:07.000,"Intel Core i7-1360 16GB 1TB SSD 14"" 2.8K"
1875,8074,2262-COMP-NB-ICT-PTRE-23,2262-COMP-NB-ICT-PTRE-23,174,COMP-NB,221,Dipinjam,Bagus,15000000.0,,,LT,Aset,Project,10574,67,2023-09-13 14:27:35.000,2023-09-13 14:27:35.000,"RYZEN 5 5600H 16GB 512SSD 15"" FHD"
1876,8075,2263-COMP-NB-ICT-PTRE-23,2263-COMP-NB-ICT-PTRE-23,182,COMP-NB,215,Dipinjam,Bagus,15000000.0,,,LT,Aset,Project,10519,1,2023-09-13 14:33:07.000,2023-09-13 14:33:07.000,"Intel Core I7 11800H RAM 16GB 512SSD W11 15"" FHD GTX2050"
1877,8076,2264-COMP-NB-ICT-PTRE-23,2264-COMP-NB-ICT-PTRE-23,182,COMP-NB,221,Dipinjam,Bagus,15000000.0,,,LT,Aset,Corporate,10519,1,2026-03-11 08:17:34.000,2026-03-11 08:17:34.000,"Intel Core I7 11800H RAM 16GB 512SSD W11 15"" FHD GTX2050"
1878,8077,2265-COMP-NB-ICT-PTRE-23,2265-COMP-NB-ICT-PTRE-23,181,COMP-NB,223,Dipinjam,QC Passed,12000000.0,,,LT,Aset,Corporate,2557,65,2024-03-27 14:33:25.000,2024-03-27 14:33:25.000,RYZEN 7 5800H 16GB 512SSD 14.0 2.8K
1879,8078,2266-COMP-NB-ICT-PTRE-23,2266-COMP-NB-ICT-PTRE-23,173,COMP-NB,215,Dipinjam,Bagus,31000000.0,,,LT,Aset,Project,2557,65,2023-10-04 15:25:30.000,2023-10-04 15:25:30.000,"Intel i7-13700H 32GB 512GB SSD 16"" WQXGA RTX 4060"
1880,8079,2267-COMP-NB-ICT-PTRE-23,2267-COMP-NB-ICT-PTRE-23,181,COMP-NB,117,Dipinjam,QC Passed,12000000.0,,,LT,Aset,Corporate,10387,95,2024-12-13 11:41:39.000,2024-12-13 11:41:39.000,RYZEN 7 5800H 16GB 512SSD 14.0 2.8K
1881,8088,2276-COMP-NB-ICT-PTRE-23,2276-COMP-NB-ICT-PTRE-23,183,COMP-NB,176,Dipinjam,QC Passed,10000000.0,,,LT,Aset,Corporate,10612,95,2023-10-27 16:37:53.000,2023-10-27 16:37:53.000,"Ryzen R5 5600H 16GBSSD 512GB 14"" FHD"
1882,8089,2277-COMP-NB-ICT-PTRE-23,2277-COMP-NB-ICT-PTRE-23,163,COMP-NB,165,Dipinjam,Bagus,14000000.0,,,LT,Aset,Project,10612,95,2023-10-27 15:03:35.000,2023-10-27 15:03:35.000,Intel i5-11400H 16GB|SSD 512GB RTX 2050
1883,8101,2289-COMP-NB-ICT-PTRE-23,2289-COMP-NB-ICT-PTRE-23,183,COMP-NB,221,Dipinjam,QC Passed,10000000.0,,,LT,Aset,Corporate,360,95,2024-04-16 13:55:29.000,2024-04-16 13:55:29.000,"Ryzen R5 5600H 16GBSSD 512GB 14"" FHD"
1884,8102,2290-COMP-NB-ICT-PTRE-23,2290-COMP-NB-ICT-PTRE-23,183,COMP-NB,117,Dipinjam,QC Passed,10000000.0,,,LT,Aset,Corporate,360,95,2024-05-07 15:57:38.000,2024-05-07 15:57:38.000,"Ryzen R5 5600H 16GBSSD 512GB 14"" FHD"
1885,8103,2291-COMP-NB-ICT-PTRE-23,2291-COMP-NB-ICT-PTRE-23,183,COMP-NB,138,Dipinjam,QC Passed,10000000.0,,,LT,Aset,Corporate,10604,95,2024-04-04 08:10:23.000,2024-04-04 08:10:23.000,"Ryzen R5 5600H 16GBSSD 512GB 14"" FHD"
1886,8104,2292-COMP-NB-ICT-PTRE-23,2292-COMP-NB-ICT-PTRE-23,179,COMP-NB,138,Dipinjam,QC Passed,12000000.0,,,LT,Aset,Corporate,10519,95,2024-03-12 02:11:50.000,2024-03-12 02:11:50.000,"Ryzen™ 5 7530U DDR4 16GB Soldered 512GB SSD Nvme 14"""
1887,8106,2294-COMP-NB-ICT-PTRE-23,2294-COMP-NB-ICT-PTRE-23,169,COMP-NB,215,Dipinjam,QC Passed,13000000.0,,,LT,Aset,Corporate,10519,95,2024-03-12 06:16:06.000,2024-03-12 06:16:06.000,CORE I7-13620H RAM 16GB 512GB SSD 14.0 WUXGA
1888,8107,2295-COMP-NB-ICT-PTRE-23,2295-COMP-NB-ICT-PTRE-23,169,COMP-NB,215,Dipinjam,QC Passed,13000000.0,,,LT,Aset,Corporate,10519,95,2024-03-12 04:57:21.000,2024-03-12 04:57:21.000,CORE I7-13620H RAM 16GB 512GB SSD 14.0 WUXGA
1889,8108,2296-COMP-NB-ICT-PTRE-23,2296-COMP-NB-ICT-PTRE-23,169,COMP-NB,215,Dipinjam,QC Passed,13000000.0,,,LT,Aset,Corporate,10519,65,2024-03-12 02:06:44.000,2024-03-12 02:06:44.000,CORE I7-13620H RAM 16GB 512GB SSD 14.0 WUXGA PHR Zona 4
1890,8109,2297-COMP-NB-ICT-PTRE-23,2297-COMP-NB-ICT-PTRE-23,169,COMP-NB,215,Dipinjam,QC Passed,13000000.0,,,LT,Aset,Corporate,10519,65,2024-03-12 02:31:30.000,2024-03-12 02:31:30.000,CORE I7-13620H RAM 16GB 512GB SSD 14.0 WUXGA
1891,8110,2298-COMP-NB-ICT-PTRE-23,2298-COMP-NB-ICT-PTRE-23,169,COMP-NB,215,Dipinjam,QC Passed,13000000.0,,,LT,Aset,Corporate,10519,65,2024-03-12 02:37:43.000,2024-03-12 02:37:43.000,CORE I7-13620H RAM 16GB 512GB SSD 14.0 WUXGA
1892,8111,2299-COMP-NB-ICT-PTRE-23,2299-COMP-NB-ICT-PTRE-23,183,COMP-NB,117,Dipinjam,QC Passed,10000000.0,,,LT,Aset,Corporate,10604,95,2026-05-05 13:29:39.000,2026-05-05 13:29:39.000,"Ryzen R5 5600H 16GBSSD 512GB 14"" FHD"
1893,8112,2300-COMP-NB-ICT-PTRE-23,2300-COMP-NB-ICT-PTRE-23,183,COMP-NB,117,Dipinjam,QC Passed,10000000.0,,,LT,Aset,Corporate,10604,65,2023-11-02 16:33:30.000,2023-11-02 16:33:30.000,"Ryzen R5 5600H 16GBSSD 512GB 14"" FHD"
1894,8113,2301-COMP-NB-ICT-PTRE-23,2301-COMP-NB-ICT-PTRE-23,183,COMP-NB,117,Dipinjam,QC Passed,10000000.0,,,LT,Aset,Corporate,10604,95,2023-11-02 16:29:08.000,2023-11-02 16:29:08.000,"Ryzen R5 5600H 16GBSSD 512GB 14"" FHD"
1895,8114,2302-COMP-NB-ICT-PTRE-23,2302-COMP-NB-ICT-PTRE-23,183,COMP-NB,117,Dipinjam,QC Passed,10000000.0,,,LT,Aset,Corporate,10604,95,2023-11-02 16:07:34.000,2023-11-02 16:07:34.000,"Ryzen R5 5600H 16GBSSD 512GB 14"" FHD"
1896,8115,2303-COMP-NB-ICT-PTRE-23,2303-COMP-NB-ICT-PTRE-23,183,COMP-NB,117,Dipinjam,QC Passed,10000000.0,,,LT,Aset,Corporate,10604,95,2024-08-01 10:51:48.000,2024-08-01 10:51:48.000,"Ryzen R5 5600H 16GBSSD 512GB 14"" FHD"
1897,8116,2304-COMP-NB-ICT-PTRE-23,2304-COMP-NB-ICT-PTRE-23,183,COMP-NB,117,Dipinjam,QC Passed,10000000.0,,,LT,Aset,Corporate,10604,95,2024-10-03 14:49:14.000,2024-10-03 14:49:14.000,"Ryzen R5 5600H 16GBSSD 512GB 14"" FHD"
1898,8120,2308-COMP-NB-ICT-PTRE-23,2308-COMP-NB-ICT-PTRE-23,163,COMP-NB,215,Dipinjam,QC Passed,19500000.0,,,LT,Aset,Corporate,2557,71,2024-01-23 09:17:19.000,2024-01-23 09:17:19.000,CORE I7-12700H RAM 16GB 512GB SSD RTX 4060
1899,8121,2309-COMP-NB-ICT-PTRE-23,2309-COMP-NB-ICT-PTRE-23,181,COMP-NB,223,Dipinjam,QC Passed,11000000.0,,,LT,Aset,Corporate,10604,95,2026-05-25 14:17:45.000,2026-05-25 14:17:45.000,RYZEN 7 5800H 16GB 512SSD 14.0 2.8K
1900,8122,2310-COMP-NB-ICT-PTRE-23,2310-COMP-NB-ICT-PTRE-23,183,COMP-NB,215,Dipinjam,Bagus,9000000.0,,,LT,Aset,Project,2557,71,2024-01-21 23:44:14.000,2024-01-21 23:44:14.000,RYZEN 7 5800H 16GB 512SSD 14.0 FHD
1901,8123,2311-COMP-NB-ICT-PTRE-23,2311-COMP-NB-ICT-PTRE-23,184,COMP-NB,165,Dipinjam,QC Passed,15000000.0,,,LT,Aset,Corporate,2557,71,2024-03-25 11:23:55.000,2024-03-25 11:23:55.000,RYZEN 7 7840HS 16GB 512SSD RTX 3050
1902,8151,2318-COMP-NB-ICT-PTRE-24,2318-COMP-NB-ICT-PTRE-24,183,COMP-NB,117,Dipinjam,QC Passed,10000000.0,,,LT,Aset,Corporate,10604,95,2024-04-06 01:34:57.000,2024-04-06 01:34:57.000,"Ryzen R5 5600H 16GBSSD 512GB 14"" FHD"
1903,8152,2319-COMP-NB-ICT-PTRE-24,2319-COMP-NB-ICT-PTRE-24,183,COMP-NB,117,Dipinjam,QC Passed,10000000.0,,,LT,Aset,Corporate,10604,95,2024-04-06 01:46:18.000,2024-04-06 01:46:18.000,"Ryzen R5 5600H 16GBSSD 512GB 14"" FHD"
1904,8153,2320-COMP-NB-ICT-PTRE-24,2320-COMP-NB-ICT-PTRE-24,183,COMP-NB,231,Dipinjam,QC Passed,10000000.0,,,LT,Aset,Corporate,10638,95,2024-04-06 01:53:01.000,2024-04-06 01:53:01.000,"Ryzen R5 5600H 16GBSSD 512GB 14"" FHD"
1905,8188,2321-COMP-NB-ICT-PTRE-24,2321-COMP-NB-ICT-PTRE-24,183,COMP-NB,231,Dipinjam,QC Passed,10000000.0,,,LT,Aset,Corporate,10866,95,2024-04-06 01:39:50.000,2024-04-06 01:39:50.000,"Ryzen R7 5800HS 16GBSSD 512GB 14"" FHD"
1906,8189,2322-COMP-NB-ICT-PTRE-24,2322-COMP-NB-ICT-PTRE-0324,170,COMP-NB,153,Dipinjam,Bagus,19000000.0,,,LT,Aset,Corporate,,95,2024-03-12 17:05:24.000,2024-03-12 17:05:24.000,"Intel Core i5-1340P 13.3"" 2.5K (2560x1600) IPS 400nits , Touch, 16GB DDR5 512GB SSD"
1907,8190,2323-COMP-NB-ICT-PTRE-24,2323-COMP-NB-ICT-PTRE-24,178,COMP-NB,153,Dipinjam,QC Passed,15000000.0,,,LT,Aset,Corporate,6034,95,2024-04-16 11:29:24.000,2024-04-16 11:29:24.000,"Intel i71355U RAM 16GB SSD 1TB 14"""
1908,8191,2324-COMP-NB-ICT-PTRE-24,2324-COMP-NB-ICT-PTRE-24,183,COMP-NB,117,Dipinjam,QC Passed,10000000.0,,,LT,Aset,Corporate,10755,95,2024-04-16 15:16:05.000,2024-04-16 15:16:05.000,"Ryzen R7 5800HS 16GBSSD 512GB 14"" FHD"
1909,8192,2325-COMP-NB-ICT-PTRE-24,2325-COMP-NB-ICT-PTRE-24,183,COMP-NB,117,Dipinjam,QC Passed,10000000.0,,,LT,Aset,Corporate,10755,95,2026-04-28 15:58:43.000,2026-04-28 15:58:43.000,"Ryzen R7 5800HS 16GBSSD 512GB 14"" FHD"
1910,8193,2326-COMP-NB-ICT-PTRE-24,2326-COMP-NB-ICT-PTRE-24,179,COMP-NB,220,Tidak Aktif,QC Passed,15000000.0,,,LT,Aset,Corporate,10755,95,2024-07-30 15:57:50.000,2024-07-30 15:57:50.000,"Intel Core i7-1355U, 16GB DDR4 512GB SSD 14"" WUXGA , Touchscreen,"
1911,8194,2327-COMP-NB-ICT-PTRE-24,2327-COMP-NB-ICT-PTRE-24,179,COMP-NB,230,Dipinjam,QC Passed,15000000.0,,,LT,Aset,Corporate,10519,95,2024-04-17 08:49:01.000,2024-04-17 08:49:01.000,"Intel Core i7-1355U, 16GB DDR4 512GB SSD 14"" WUXGA , Touchscreen,"
1912,8197,2330-COMP-NB-ICT-PTRE-24,2330-COMP-NB-ICT-PTRE-24,183,COMP-NB,117,Dipinjam,QC Passed,10000000.0,,,LT,Aset,Corporate,10755,95,2024-04-17 10:15:13.000,2024-04-17 10:15:13.000,"Ryzen R7 5800HS 16GBSSD 512GB 14"" FHD"
1913,8198,2331-COMP-NB-ICT-PTRE-24,2331-COMP-NB-ICT-PTRE-24,183,COMP-NB,139,Dipinjam,QC Passed,10000000.0,,,LT,Aset,Corporate,10604,95,2024-04-23 13:49:25.000,2024-04-23 13:49:25.000,"Ryzen R7 5800HS 16GBSSD 512GB 14"" FHD"
1914,8199,2332-COMP-NB-ICT-PTRE-24,2332-COMP-NB-ICT-PTRE-24,183,COMP-NB,139,Dipinjam,QC Passed,10000000.0,,,LT,Aset,Corporate,10868,95,2024-05-20 13:51:57.000,2024-05-20 13:51:57.000,"Ryzen R7 5800HS 16GBSSD 512GB 14"" FHD"
1915,8270,2335-COMP-NB-ICT-PTRE-24,2335-COMP-NB-ICT-PTRE-24,183,COMP-NB,215,Tersedia,Bagus,10000000.0,,,LT,Aset,Project,2557,71,2024-03-26 14:45:34.000,2024-03-26 14:45:34.000,"Ryzen R7 5800HS 16GBSSD 512GB 14"" FHD"
1916,8271,2336-COMP-NB-ICT-PTRE-24,2336-COMP-NB-ICT-PTRE-24,170,COMP-NB,138,Dipinjam,QC Passed,18000000.0,,,LT,Aset,Corporate,9198,95,2024-04-01 07:27:16.000,2024-04-01 07:27:16.000,"Intel Core i5-1340P 13.3"" 2.5K (2560x1600) IPS 400nits , Touch, 16GB DDR5 512GB SSD"
1917,8643,2337-COMP-NB-ICT-PTRE-24,2337-COMP-NB-ICT-PTRE-24,183,COMP-NB,215,Dipinjam,QC Passed,10000000.0,,,LT,Aset,Corporate,2557,71,2025-02-14 16:18:22.000,2025-02-14 16:18:22.000,"Ryzen R7 5800HS 16GBSSD 512GB 14"" FHD"
1918,8644,2338-COMP-NB-ICT-PTRE-24,2338-COMP-NB-ICT-PTRE-24,170,COMP-NB,137,Dipinjam,QC Passed,19000000.0,,,LT,Aset,Corporate,5820,71,2025-02-14 17:51:34.000,2025-02-14 17:51:34.000,Intel Core i7 RAM 16GB SSD 1TB OLED Touchscreen
1919,9475,2339-COMP-NB-ICT-PTRE-24,2339-COMP-NB-ICT-PTRE-24,179,COMP-NB,222,Dipinjam,QC Passed,16500000.0,,,LT,Aset,Corporate,10519,71,2025-02-14 17:57:20.000,2025-02-14 17:57:20.000,"Intel Core i7-1355U, 16GB DDR4 512GB SSD 14"" WUXGA , Touchscreen"
1920,10524,2344-COMP-NB-ICT-PTRE-24,2344-COMP-NB-ICT-PTRE-24,184,COMP-NB,139,Dipinjam,Bagus,15000000.0,,,LT,Aset,Corporate,10532,71,2026-05-29 11:03:29.000,2026-05-29 11:03:29.000,"Intel Core i5 12450HX 12GB SSD 2x512GB RTX 2050 15"" FHD"
1921,10525,2345-COMP-NB-ICT-PTRE-24,2345-COMP-NB-ICT-PTRE-24,184,COMP-NB,232,Dipinjam,Bagus,15000000.0,,,LT,Aset,Corporate,10532,71,2026-09-02 13:47:48.000,2026-09-02 13:47:48.000,"Intel Core i5 12450HX 12GB SSD 2x512GB RTX 2050 15"" FHD"
1922,10526,2346-COMP-NB-ICT-PTRE-24,2346-COMP-NB-ICT-PTRE-24,185,COMP-NB,164,Dipinjam,QC Passed,8500000.0,,,LT,Aset,Corporate,10970,106,2025-10-20 19:50:58.000,2025-10-20 19:50:58.000,"Intel Core i5 1235U 8GB SSD 512GB Integrated VGA 14"" FHD"
1923,10527,2347-COMP-NB-ICT-PTRE-24,2347-COMP-NB-ICT-PTRE-24,185,COMP-NB,223,Dipinjam,QC Passed,8500000.0,,,LT,Aset,Corporate,10970,106,2025-05-01 22:17:08.000,2025-05-01 22:17:08.000,"Intel Core i5 1235U 8GB SSD 512GB Integrated VGA 14"" FHD"
1924,10528,2348-COMP-NB-ICT-PTRE-24,2348-COMP-NB-ICT-PTRE-24,185,COMP-NB,117,Dipinjam,QC Passed,8500000.0,,,LT,Aset,Corporate,10970,106,2025-05-24 23:33:26.000,2025-05-24 23:33:26.000,"Intel Core i5 1235U 8GB SSD 512GB Integrated VGA 14"" FHD"
1925,10529,2349-COMP-NB-ICT-PTRE-24,2349-COMP-NB-ICT-PTRE-24,185,COMP-NB,223,Dipinjam,QC Passed,8500000.0,,,LT,Aset,Corporate,10970,106,2026-09-14 10:47:45.000,2026-09-14 10:47:45.000,"Intel Core i5 1235U 8GB SSD 512GB Integrated VGA 14"" FHD"
1926,10530,2350-COMP-NB-ICT-PTRE-24,2350-COMP-NB-ICT-PTRE-24,185,COMP-NB,232,Dipinjam,QC Passed,8500000.0,,,LT,Aset,Corporate,10970,106,2025-02-21 15:34:02.000,2025-02-21 15:34:02.000,"Intel Core i5 1235U 8GB SSD 512GB Integrated VGA 14"" FHD"
1927,10531,2351-COMP-NB-ICT-PTRE-24,2351-COMP-NB-ICT-PTRE-24,185,COMP-NB,115,Dipinjam,QC Passed,8500000.0,,,LT,Aset,Corporate,10970,106,2025-09-23 15:03:28.000,2025-09-23 15:03:28.000,"Intel Core i5 1235U 8GB SSD 512GB Integrated VGA 14"" FHD"
1928,10532,2352-COMP-NB-ICT-PTRE-24,2352-COMP-NB-ICT-PTRE-24,185,COMP-NB,245,Dipinjam,QC Passed,8500000.0,,,LT,Aset,Corporate,10970,106,2025-02-21 10:08:30.000,2025-02-21 10:08:30.000,"Intel Core i5 1235U 8GB SSD 512GB Integrated VGA 14"" FHD"
1929,10533,2353-COMP-NB-ICT-PTRE-24,2353-COMP-NB-ICT-PTRE-24,185,COMP-NB,138,Dipinjam,QC Passed,8500000.0,,,LT,Aset,Corporate,10970,106,2025-03-03 08:01:57.000,2025-03-03 08:01:57.000,"Intel Core i5 1235U 8GB SSD 512GB Integrated VGA 14"" FHD"
1930,10534,2354-COMP-NB-ICT-PTRE-24,2354-COMP-NB-ICT-PTRE-24,185,COMP-NB,225,Dipinjam,QC Passed,8500000.0,,,LT,Aset,Corporate,10970,106,2026-07-03 09:35:23.000,2026-07-03 09:35:23.000,"Intel Core i5 1235U 8GB SSD 512GB Integrated VGA 14"" FHD"
1931,10535,2355-COMP-NB-ICT-PTRE-24,2355-COMP-NB-ICT-PTRE-24,185,COMP-NB,245,Dipinjam,QC Passed,8500000.0,,,LT,Aset,Corporate,10970,106,2025-05-01 22:24:58.000,2025-05-01 22:24:58.000,"Intel Core i5 1235U 8GB SSD 512GB Integrated VGA 14"" FHD"
1932,10536,2356-COMP-NB-ICT-PTRE-24,2356-COMP-NB-ICT-PTRE-24,178,COMP-NB,230,Dipinjam,QC Passed,9000000.0,,,LT,Aset,Corporate,10753,95,2025-06-03 11:40:58.000,2025-06-03 11:40:58.000,Ryzen R5 7520U 16GB DDR4/ SSD 512GB 14 FHD
1933,10537,2357-COMP-NB-ICT-PTRE-24,2357-COMP-NB-ICT-PTRE-24,178,COMP-NB,117,Dipinjam,QC Passed,9000000.0,,,LT,Aset,Corporate,10422,95,2025-02-16 03:54:47.000,2025-02-16 03:54:47.000,Ryzen R5 7520U 16GB DDR4/ SSD 512GB 14 FHD
1934,10538,2358-COMP-NB-ICT-PTRE-24,2358-COMP-NB-ICT-PTRE-24,169,COMP-NB,176,Dipinjam,QC Passed,10000000.0,,,LT,Aset,Corporate,10753,95,2025-02-16 03:55:53.000,2025-02-16 03:55:53.000,Intel Core i5 12450H 16GB SSD 512GB 14 FHD
1935,10539,2359-COMP-NB-ICT-PTRE-24,2359-COMP-NB-ICT-PTRE-24,178,COMP-NB,229,Dipinjam,Bagus,9000000.0,,,LT,Aset,Corporate,,95,2024-09-24 14:32:20.000,2024-09-24 14:32:20.000,Ryzen R5 7520U 16GB DDR4/ SSD 512GB 14 FHD
1936,10540,2360-COMP-NB-ICT-PTRE-24,2360-COMP-NB-ICT-PTRE-24,184,COMP-NB,221,Dipinjam,Bagus,15000000.0,,,LT,Aset,Corporate,10531,71,2026-04-28 14:32:03.000,2026-04-28 14:32:03.000,"Intel Core i5 12450HX 12GB SSD 2x512GB RTX 2050 15"" FHD"
1937,10541,2361-COMP-NB-ICT-PTRE-24,2361-COMP-NB-ICT-PTRE-24,184,COMP-NB,245,Dipinjam,Bagus,15000000.0,,,LT,Aset,Corporate,10531,71,2026-01-21 11:03:02.000,2026-01-21 11:03:02.000,"Intel Core i5 12450HX 12GB SSD 2x512GB RTX 2050 15"" FHD"
1938,10542,2362-COMP-NB-ICT-PTRE-24,2362-COMP-NB-ICT-PTRE-24,184,COMP-NB,221,Dipinjam,Bagus,15000000.0,,,LT,Aset,Project,2557,95,2024-09-24 14:38:55.000,2024-09-24 14:38:55.000,"Intel Core i5 12450HX 20GB SSD 2x512GB RTX 3050 15"" FHD"
1939,10566,2368-COMP-NB-ICT-PTRE-24,2368-COMP-NB-ICT-PTRE-24,182,COMP-NB,225,Dipinjam,QC Passed,13000000.0,,,LT,Aset,Corporate,,95,2024-12-27 13:44:35.000,2024-12-27 13:44:35.000,"Intel Core i7 12650H 32GB SSD 512GB RTX2050 15""FHD"
1940,10567,2369-COMP-NB-ICT-PTRE-24,2369-COMP-NB-ICT-PTRE-24,178,COMP-NB,117,Dipinjam,QC Passed,11000000.0,,,LT,Aset,Corporate,360,95,2024-12-27 13:13:06.000,2024-12-27 13:13:06.000,"AMD RYZEN 7 7730 16GB 512GB 14"" FHD"
1941,10568,2370-COMP-NB-ICT-PTRE-24,2370-COMP-NB-ICT-PTRE-24,180,COMP-NB,140,Dipinjam,Bagus,16000000.0,,,LT,Aset,Corporate,11139,95,2025-02-16 06:07:41.000,2025-02-16 06:07:41.000,"Intel Core Ultra 7 155H 16GB 1TB W11 14"" 2K EVO"
1942,10569,2371-COMP-NB-ICT-PTRE-24,2371-COMP-NB-ICT-PTRE-24,178,COMP-NB,231,Dipinjam,Bagus,11000000.0,,,LT,Aset,Project,11139,95,2024-12-04 09:26:43.000,2024-12-04 09:26:43.000,"AMD RYZEN 7 7730 16GB 512GB 14"" FHD"
1943,10570,2372-COMP-NB-ICT-PTRE-24,2372-COMP-NB-ICT-PTRE-24,178,COMP-NB,117,Dipinjam,QC Passed,11000000.0,,,LT,Aset,Corporate,11139,95,2024-12-27 13:15:41.000,2024-12-27 13:15:41.000,"AMD RYZEN 7 7730 16GB 512GB 14"" FHD"
1944,10571,2373-COMP-NB-ICT-PTRE-24,2373-COMP-NB-ICT-PTRE-24,178,COMP-NB,115,Dipinjam,QC Passed,11000000.0,,,LT,Aset,Corporate,,95,2024-12-27 13:35:49.000,2024-12-27 13:35:49.000,"AMD RYZEN 7 7730 16GB 512GB 14"" FHD"
1945,10573,2375-COMP-NB-ICT-PTRE-24,2375-COMP-NB-ICT-PTRE-24,169,COMP-NB,165,Dipinjam,QC Passed,13000000.0,,,LT,Aset,Corporate,11139,95,2025-02-16 04:54:38.000,2025-02-16 04:54:38.000,"Intel Core i7 13620H 16GB SSD 512GB UHD 14""FHD"
1946,10580,2382-COMP-NB-ICT-PTRE-24,2382-COMP-NB-ICT-PTRE-24,172,COMP-NB,117,Dipinjam,QC Passed,17000000.0,,,LT,Aset,Corporate,9198,95,2025-02-16 05:05:23.000,2025-02-16 05:05:23.000,AMD RYZEN 7 8840HS 16GB 1TB 14.0 WUXGA 2IN1 TOUCH
1947,10581,2383-COMP-NB-ICT-PTRE-24,2383-COMP-NB-ICT-PTRE-24,167,COMP-NB,215,Tersedia,Bagus,11000000.0,,,LT,Aset,Corporate,10531,95,2025-02-16 06:25:13.000,2025-02-16 06:25:13.000,"Intel Core I5 13420H DDR5 16GB SSD 512GB RTX2050 4GB 14"" FHD PHR JP"
1948,10582,2384-COMP-NB-ICT-PTRE-24,2384-COMP-NB-ICT-PTRE-24,167,COMP-NB,120,Dipinjam,Bagus,11000000.0,,,LT,Aset,Corporate,10531,95,2026-02-10 16:47:20.000,2026-02-10 16:47:20.000,"Intel Core I5 13420H DDR5 16GB SSD 512GB RTX2050 4GB 14"" FHD"
1949,10583,2385-COMP-NB-ICT-PTRE-24,2385-COMP-NB-ICT-PTRE-24,167,COMP-NB,221,Dipinjam,Bagus,11000000.0,,,LT,Aset,Corporate,10531,95,2026-01-20 14:54:28.000,2026-01-20 14:54:28.000,"Intel Core I5 13420H DDR5 16GB SSD 512GB RTX2050 4GB 14"" FHD"
1950,10584,2386-COMP-NB-ICT-PTRE-24,2386-COMP-NB-ICT-PTRE-24,167,COMP-NB,215,Dipinjam,Bagus,11000000.0,,,LT,Aset,Corporate,10531,95,2025-02-16 06:32:13.000,2025-02-16 06:32:13.000,"Intel Core I5 13420H DDR5 16GB SSD 512GB RTX2050 4GB 14"" FHD PHR JP"
1951,10585,2387-COMP-NB-ICT-PTRE-24,2387-COMP-NB-ICT-PTRE-24,167,COMP-NB,215,Tersedia,Bagus,11000000.0,,,LT,Aset,Corporate,10531,95,2025-02-16 06:33:25.000,2025-02-16 06:33:25.000,"Intel Core I5 13420H DDR5 16GB SSD 512GB RTX2050 4GB 14"" FHD PHR JP"
1952,10586,2388-COMP-NB-ICT-PTRE-24,2388-COMP-NB-ICT-PTRE-24,167,COMP-NB,215,Tersedia,Bagus,11000000.0,,,LT,Aset,Corporate,10531,95,2025-02-16 06:34:09.000,2025-02-16 06:34:09.000,"Intel Core I5 13420H DDR5 16GB SSD 512GB RTX2050 4GB 14"" FHD PHR JP"
1953,10587,2389-COMP-NB-ICT-PTRE-24,2389-COMP-NB-ICT-PTRE-24,167,COMP-NB,215,Tersedia,Bagus,11000000.0,,,LT,Aset,Corporate,10531,95,2025-02-16 06:35:00.000,2025-02-16 06:35:00.000,"Intel Core I5 13420H DDR5 16GB SSD 512GB RTX2050 4GB 14"" FHD PHR JP"
1954,10588,2390-COMP-NB-ICT-PTRE-24,2390-COMP-NB-ICT-PTRE-24,167,COMP-NB,215,Tersedia,Bagus,11000000.0,,,LT,Aset,Corporate,10531,95,2025-02-16 06:36:46.000,2025-02-16 06:36:46.000,"Intel Core I5 13420H DDR5 16GB SSD 512GB RTX2050 4GB 14"" FHD PHR JP"
1955,10589,2391-COMP-NB-ICT-PTRE-24,2391-COMP-NB-ICT-PTRE-24,167,COMP-NB,215,Tersedia,Bagus,11000000.0,,,LT,Aset,Corporate,10531,95,2025-02-16 06:58:41.000,2025-02-16 06:58:41.000,"Intel Core I5 13420H DDR5 16GB SSD 512GB RTX2050 4GB 14"" FHD PHR JP"
1956,10590,2392-COMP-NB-ICT-PTRE-24,2392-COMP-NB-ICT-PTRE-24,167,COMP-NB,221,Dipinjam,Bagus,11000000.0,,,LT,Aset,Corporate,10531,95,2026-08-14 15:47:58.000,2026-08-14 15:47:58.000,"Intel Core I5 13420H DDR5 16GB SSD 512GB RTX2050 4GB 14"" FHD PHR JP"
1957,10591,2393-COMP-NB-ICT-PTRE-24,2393-COMP-NB-ICT-PTRE-24,167,COMP-NB,215,Tersedia,Bagus,11000000.0,,,LT,Aset,Corporate,10531,95,2025-02-16 07:07:02.000,2025-02-16 07:07:02.000,"Intel Core I5 13420H DDR5 16GB SSD 512GB RTX2050 4GB 14"" FHD PHR JP"
1958,10592,2394-COMP-NB-ICT-PTRE-24,2394-COMP-NB-ICT-PTRE-24,167,COMP-NB,215,Tersedia,Bagus,11000000.0,,,LT,Aset,Corporate,10531,95,2025-02-16 07:07:41.000,2025-02-16 07:07:41.000,"Intel Core I5 13420H DDR5 16GB SSD 512GB RTX2050 4GB 14"" FHD PHR JP"
1959,10593,2395-COMP-NB-ICT-PTRE-24,2395-COMP-NB-ICT-PTRE-24,167,COMP-NB,245,Dipinjam,Bagus,11000000.0,,,LT,Aset,Corporate,10531,95,2026-02-09 14:38:40.000,2026-02-09 14:38:40.000,"Intel Core I5 13420H DDR5 16GB SSD 512GB RTX2050 4GB 14"" FHD PHR JP"
1960,10594,2396-COMP-NB-ICT-PTRE-24,2396-COMP-NB-ICT-PTRE-24,167,COMP-NB,215,Tersedia,Bagus,11000000.0,,,LT,Aset,Corporate,10531,95,2025-02-16 07:09:34.000,2025-02-16 07:09:34.000,"Intel Core I5 13420H DDR5 16GB SSD 512GB RTX2050 4GB 14"" FHD PHR JP"
1961,10595,2397-COMP-NB-ICT-PTRE-24,2397-COMP-NB-ICT-PTRE-24,167,COMP-NB,215,Tersedia,Bagus,11000000.0,,,LT,Aset,Corporate,10531,95,2025-02-16 07:11:31.000,2025-02-16 07:11:31.000,"Intel Core I5 13420H DDR5 16GB SSD 512GB RTX2050 4GB 14"" FHD PHR JP"
1962,10596,2398-COMP-NB-ICT-PTRE-24,2398-COMP-NB-ICT-PTRE-24,167,COMP-NB,215,Dipinjam,Bagus,11000000.0,,,LT,Aset,Corporate,10531,95,2025-02-16 07:12:03.000,2025-02-16 07:12:03.000,"Intel Core I5 13420H DDR5 16GB SSD 512GB RTX2050 4GB 14"" FHD PHR JP"
1963,10597,2399-COMP-NB-ICT-PTRE-24,2399-COMP-NB-ICT-PTRE-24,167,COMP-NB,215,Tersedia,Bagus,11000000.0,,,LT,Aset,Corporate,10531,95,2025-02-16 07:13:35.000,2025-02-16 07:13:35.000,"Intel Core I5 13420H DDR5 16GB SSD 512GB RTX2050 4GB 14"" FHD PHR JP"
1964,10598,2400-COMP-NB-ICT-PTRE-24,2400-COMP-NB-ICT-PTRE-24,167,COMP-NB,215,Tersedia,Bagus,11000000.0,,,LT,Aset,Corporate,10531,95,2025-02-16 07:14:07.000,2025-02-16 07:14:07.000,"Intel Core I5 13420H DDR5 16GB SSD 512GB RTX2050 4GB 14"" FHD PHR JP"
1965,10599,2401-COMP-NB-ICT-PTRE-24,2401-COMP-NB-ICT-PTRE-24,167,COMP-NB,215,Tersedia,Bagus,11000000.0,,,LT,Aset,Corporate,10531,95,2025-02-16 07:14:42.000,2025-02-16 07:14:42.000,"Intel Core I5 13420H DDR5 16GB SSD 512GB RTX2050 4GB 14"" FHD PHR JP"
1966,10600,2402-COMP-NB-ICT-PTRE-24,2402-COMP-NB-ICT-PTRE-24,182,COMP-NB,245,Dipinjam,QC Passed,11000000.0,,,LT,Aset,Corporate,10531,95,2025-12-24 10:04:19.000,2025-12-24 10:04:19.000,"Intel Core I5 12450H DDR4 16GB SSD 512GB RTX2050 4GB 15.6"" FHD"
1967,10601,2403-COMP-NB-ICT-PTRE-24,2403-COMP-NB-ICT-PTRE-24,182,COMP-NB,215,Tersedia,Bagus,11000000.0,,,LT,Aset,Corporate,10531,95,2025-02-16 07:15:59.000,2025-02-16 07:15:59.000,"Intel Core I5 12450H DDR4 16GB SSD 512GB RTX2050 4GB 15.6"" FHD PHR JP"
1968,10602,2404-COMP-NB-ICT-PTRE-24,2404-COMP-NB-ICT-PTRE-24,182,COMP-NB,215,Tersedia,Bagus,11000000.0,,,LT,Aset,Corporate,10531,95,2025-02-16 07:16:30.000,2025-02-16 07:16:30.000,"Intel Core I5 12450H DDR4 16GB SSD 512GB RTX2050 4GB 15.6"" FHD PHR JP"
1969,10603,2405-COMP-NB-ICT-PTRE-24,2405-COMP-NB-ICT-PTRE-24,169,COMP-NB,215,Dipinjam,Bagus,13000000.0,,,LT,Aset,Corporate,2557,95,2025-02-16 11:41:56.000,2025-02-16 11:41:56.000,"Intel Core i7- 13620H 16GB Soldered LPDDR5 512GB SSD Intel UHD 14"" FHD Di Freeport"
1970,10604,2406-COMP-NB-ICT-PTRE-24,2406-COMP-NB-ICT-PTRE-24,169,COMP-NB,215,Dipinjam,Bagus,13000000.0,,,LT,Aset,Corporate,2557,95,2025-02-16 11:37:17.000,2025-02-16 11:37:17.000,"Intel Core i7- 13620H 16GB Soldered LPDDR5 512GB SSD Intel UHD 14"" FHD Di Freeport"
1971,10605,2407-COMP-NB-ICT-PTRE-24,2407-COMP-NB-ICT-PTRE-24,170,COMP-NB,137,Dipinjam,QC Passed,15000000.0,,,LT,Aset,Corporate,11164,95,2025-02-16 05:07:56.000,2025-02-16 05:07:56.000,Intel ULTRA 5 125H RAM DDR5 16GB 512GB SSD 14.0 WUXGA EVO
1972,10606,2408-COMP-NB-ICT-PTRE-24,2408-COMP-NB-ICT-PTRE-24,169,COMP-NB,176,Dipinjam,QC Passed,12000000.0,,,LT,Aset,Corporate,,95,2025-02-16 14:29:56.000,2025-02-16 14:29:56.000,AMD RYZEN 7 7730 16GB 512GB 14.0FHD IPS
1973,10607,2409-COMP-NB-ICT-PTRE-24,2409-COMP-NB-ICT-PTRE-24,169,COMP-NB,176,Dipinjam,QC Passed,12000000.0,,,LT,Aset,Corporate,9105,95,2025-02-16 14:33:51.000,2025-02-16 14:33:51.000,AMD RYZEN 7 7730 16GB 512GB 14.0FHD IPS
1974,10608,2410-COMP-NB-ICT-PTRE-24,2410-COMP-NB-ICT-PTRE-24,169,COMP-NB,176,Dipinjam,Bagus,12000000.0,,,LT,Aset,Corporate,9105,95,2025-02-16 12:13:15.000,2025-02-16 12:13:15.000,AMD RYZEN 7 7730 16GB 512GB 14.0FHD IPS
1975,10609,2411-COMP-NB-ICT-PTRE-24,2411-COMP-NB-ICT-PTRE-24,169,COMP-NB,176,Dipinjam,QC Passed,12000000.0,,,LT,Aset,Corporate,9105,95,2025-02-16 14:38:02.000,2025-02-16 14:38:02.000,AMD RYZEN 7 7730 16GB 512GB 14.0FHD IPS
1976,10610,2412-COMP-NB-ICT-PTRE-24,2412-COMP-NB-ICT-PTRE-24,169,COMP-NB,176,Dipinjam,QC Passed,12000000.0,,,LT,Aset,Corporate,360,95,2026-09-02 14:38:44.000,2026-09-02 14:38:44.000,AMD RYZEN 7 7730 16GB 512GB 14.0FHD IPS
1977,10611,2413-COMP-NB-ICT-PTRE-24,2413-COMP-NB-ICT-PTRE-24,169,COMP-NB,176,Dipinjam,QC Passed,12000000.0,,,LT,Aset,Corporate,9105,95,2025-02-16 12:31:00.000,2025-02-16 12:31:00.000,AMD RYZEN 7 7730 16GB 512GB 14.0FHD IPS
1978,10612,2414-COMP-NB-ICT-PTRE-24,2414-COMP-NB-ICT-PTRE-24,169,COMP-NB,176,Dipinjam,QC Passed,12000000.0,,,LT,Aset,Corporate,9105,95,2025-02-16 14:41:19.000,2025-02-16 14:41:19.000,AMD RYZEN 7 7730 16GB 512GB 14.0FHD IPS
1979,10613,2415-COMP-NB-ICT-PTRE-24,2415-COMP-NB-ICT-PTRE-24,169,COMP-NB,176,Dipinjam,QC Passed,12000000.0,,,LT,Aset,Corporate,360,95,2025-02-16 14:50:17.000,2025-02-16 14:50:17.000,AMD RYZEN 7 7730 16GB 512GB 14.0FHD IPS
1980,10614,2416-COMP-NB-ICT-PTRE-24,2416-COMP-NB-ICT-PTRE-24,169,COMP-NB,176,Dipinjam,QC Passed,12000000.0,,,LT,Aset,Corporate,360,95,2025-02-16 14:56:02.000,2025-02-16 14:56:02.000,AMD RYZEN 7 7730 16GB 512GB 14.0FHD IPS
1981,10615,2417-COMP-NB-ICT-PTRE-25,2417-COMP-NB-ICT-PTRE-25,170,COMP-NB,137,Dipinjam,Bagus,17000000.0,,,LT,Aset,Project,2557,71,2025-01-20 10:59:04.000,2025-01-20 10:59:04.000,LENOVO YOGA SLIM 7 14 TOUCH OLED ULTRA 7 155H 16GB 1TB W11+OHS 14.0WUXGA EVO
1982,10635,2418-COMP-NB-ICT-PTRE-25,2418-COMP-NB-ICT-PTRE-25,170,COMP-NB,232,Dipinjam,QC Passed,17000000.0,,,LT,Aset,Corporate,2557,1,2025-02-16 15:27:25.000,2025-02-16 15:27:25.000,LENOVO YOGA SLIM 7 14 TOUCH OLED ULTRA 7 155H 16GB 1TB W11+OHS 14.0WUXGA EVO
1983,10641,2419-COMP-NB-ICT-PTRE-25,2419-COMP-NB-ICT-PTRE-25,182,COMP-NB,215,Tersedia,Bagus,10000000.0,,,LT,Aset,Corporate,10531,107,2025-02-16 15:59:43.000,2025-02-16 15:59:43.000,i5 12450H 8GB 512SSD 15.6 FHD IPS 144HZ RTX2050 PHR JP
1984,10642,2420-COMP-NB-ICT-PTRE-25,2420-COMP-NB-ICT-PTRE-25,182,COMP-NB,215,Tersedia,Bagus,10000000.0,,,LT,Aset,Corporate,10531,107,2025-02-16 16:01:37.000,2025-02-16 16:01:37.000,i5 12450H 8GB 512SSD 15.6 FHD IPS 144HZ RTX2050 PHR JP
1985,10643,2421-COMP-NB-ICT-PTRE-25,2421-COMP-NB-ICT-PTRE-25,182,COMP-NB,245,Dipinjam,Bagus,10000000.0,,,LT,Aset,Corporate,10531,107,2026-04-28 10:35:00.000,2026-04-28 10:35:00.000,i5 12450H 8GB 512SSD 15.6 FHD IPS 144HZ RTX2050 PHR JP
1986,10644,2422-COMP-NB-ICT-PTRE-25,2422-COMP-NB-ICT-PTRE-25,182,COMP-NB,121,Dipinjam,Bagus,11000000.0,,,LT,Aset,Corporate,10531,107,2026-03-13 11:14:25.000,2026-03-13 11:14:25.000,i7 12650H 16GB 512SSD 15.6 FHD IPS 144HZ RTX2050 PHR JP
1987,10645,2423-COMP-NB-ICT-PTRE-25,2423-COMP-NB-ICT-PTRE-25,182,COMP-NB,215,Tersedia,Bagus,11000000.0,,,LT,Aset,Corporate,10531,107,2025-02-16 16:04:41.000,2025-02-16 16:04:41.000,i7 12650H 16GB 512SSD 15.6 FHD IPS 144HZ RTX2050 PHR JP
1988,10646,2424-COMP-NB-ICT-PTRE-25,2424-COMP-NB-ICT-PTRE-25,182,COMP-NB,215,Dipinjam,Bagus,12000000.0,,,LT,Aset,Corporate,10531,107,2025-02-16 16:05:15.000,2025-02-16 16:05:15.000,i7 12650H 16GB 1TB SSD 15.6 FHD IPS 144HZ RTX2050 PHR JP
1989,10647,2425-COMP-NB-ICT-PTRE-25,2425-COMP-NB-ICT-PTRE-25,182,COMP-NB,215,Tersedia,Bagus,12000000.0,,,LT,Aset,Corporate,10531,107,2025-02-16 16:05:59.000,2025-02-16 16:05:59.000,i7 12650H 16GB 1TB SSD 15.6 FHD IPS 144HZ RTX2050 PHR JP
1990,10648,2426-COMP-NB-ICT-PTRE-25,2426-COMP-NB-ICT-PTRE-25,182,COMP-NB,121,Dipinjam,Bagus,12000000.0,,,LT,Aset,Corporate,10531,107,2026-03-02 11:24:53.000,2026-03-02 11:24:53.000,i7 12650H 16GB 1TB SSD 15.6 FHD IPS 144HZ RTX2050
1991,10650,2428-COMP-NB-ICT-PTRE-25,2428-COMP-NB-ICT-PTRE-25,169,COMP-NB,138,Dipinjam,QC Passed,12000000.0,,,LT,Aset,Corporate,,108,2025-02-11 15:28:15.000,2025-02-11 15:28:15.000,AMD RYZEN 7 7730 16GB 512GB 14.0FHD IPS
1992,10651,2429-COMP-NB-ICT-PTRE-25,2429-COMP-NB-ICT-PTRE-25,169,COMP-NB,232,Dipinjam,QC Passed,12000000.0,,,LT,Aset,Corporate,10604,108,2025-02-16 05:12:10.000,2025-02-16 05:12:10.000,AMD RYZEN 7 7730 16GB 512GB 14.0FHD IPS
1993,10707,2430-COMP-NB-ICT-PTRE-25,2430-COMP-NB-ICT-PTRE-25,186,COMP-NB,138,Dipinjam,QC Passed,18000000.0,,,LT,Aset,Corporate,,107,2025-04-11 14:07:39.000,2025-04-11 14:07:39.000,"Intel Core i7 - 1335U 16GB, SSD512GB"
1994,10716,2435-COMP-NB-ICT-PTRE-25,2435-COMP-NB-ICT-PTRE-25,184,COMP-NB,121,Dipinjam,QC Passed,0.0,,,LT,Aset,Corporate,,1,2025-03-19 14:24:28.000,2025-03-19 14:24:28.000,
1995,10717,2436-COMP-NB-ICT-PTRE-25,2436-COMP-NB-ICT-PTRE-25,184,COMP-NB,221,Dipinjam,QC Passed,0.0,,,LT,Aset,Corporate,10604,1,2025-03-18 14:29:43.000,2025-03-18 14:29:43.000,
1996,10718,2437-COMP-NB-ICT-PTRE-25,2437-COMP-NB-ICT-PTRE-25,169,COMP-NB,215,Dipinjam,Bagus,0.0,,,LT,Aset,Corporate,360,1,2025-10-20 20:23:10.000,2025-10-20 20:23:10.000,AMD RYZEN 7 7730 16GB 512GB 14.0FHD IPS
1997,10741,2438-COMP-NB-ICT-PTRE-25,2438-COMP-NB-ICT-PTRE-25,172,COMP-NB,137,Dipinjam,QC Passed,0.0,,,LT,Aset,Corporate,10970,1,2026-01-19 00:34:21.000,2026-01-19 00:34:21.000,"Intel Ultra 5 125H 16GB DDR, 1TB SSD 14"" OLED Touch"
1998,10742,2439-COMP-NB-ICT-PTRE-25,2439-COMP-NB-ICT-PTRE-25,173,COMP-NB,215,Tersedia,QC Passed,0.0,,,LT,Aset,Corporate,10970,1,2026-01-19 00:21:42.000,2026-01-19 00:21:42.000,"Intel Core i9 14900HX 32GB 1TB RTX4070 8GB 15"" LED Freeport"
1999,10743,2440-COMP-NB-ICT-PTRE-25,2440-COMP-NB-ICT-PTRE-25,169,COMP-NB,242,Dipinjam,QC Passed,0.0,,,LT,Aset,Corporate,5853,1,2026-01-19 00:40:18.000,2026-01-19 00:40:18.000,AMD RYZEN 7 7730 16GB 512GB 14.0FHD IPS
2000,10744,2441-COMP-NB-ICT-PTRE-25,2441-COMP-NB-ICT-PTRE-25,169,COMP-NB,117,Dipinjam,QC Passed,0.0,,,LT,Aset,Corporate,5853,1,2026-01-19 00:42:45.000,2026-01-19 00:42:45.000,AMD RYZEN 7 7730 16GB 512GB 14.0FHD IPS
2001,10756,2442-COMP-NB-ICT-PTRE-25,2442-COMP-NB-ICT-PTRE-25,169,COMP-NB,232,Tersedia,Bagus,0.0,,,LT,Aset,Corporate,,1,2025-05-09 09:22:05.000,2025-05-09 09:22:05.000,AMD RYZEN 7 7730 16GB 512GB 14.0FHD IPS
2002,10757,2443-COMP-NB-ICT-PTRE-25,2443-COMP-NB-ICT-PTRE-25,169,COMP-NB,215,Tersedia,Bagus,0.0,,,LT,Aset,Corporate,,1,2025-05-09 09:23:23.000,2025-05-09 09:23:23.000,AMD RYZEN 7 7730 16GB 512GB 14.0FHD IPS
2003,10760,2444-COMP-NB-ICT-PTRE-25,2444-COMP-NB-ICT-PTRE-25,182,COMP-NB,221,Dipinjam,Bagus,0.0,,,LT,Aset,Corporate,,95,2026-02-23 07:46:24.000,2026-02-23 07:46:24.000,"Intel Core i7 12650H 16GB 1TB 15"" FHD"
2004,10762,2446-COMP-NB-ICT-PTRE-25,2446-COMP-NB-ICT-PTRE-25,187,COMP-NB,215,Dipinjam,Bagus,0.0,,,LT,Aset,Corporate,2557,1,2025-09-23 16:53:22.000,2025-09-23 16:53:22.000,Intel
2005,10763,2447-COMP-NB-ICT-PTRE-25,2447-COMP-NB-ICT-PTRE-25,187,COMP-NB,242,Dipinjam,QC Passed,0.0,,,LT,Aset,Corporate,10638,1,2026-05-25 13:57:59.000,2026-05-25 13:57:59.000,"Intel Core i7 13620H 16GB 512GB RTX 3050 15"" FHD"
2006,11760,2448-COMP-NB-ICT-PTRE-25,2448-COMP-NB-ICT-PTRE-25,182,COMP-NB,215,Dipinjam,Bagus,0.0,,,LT,Aset,Corporate,,95,2025-06-16 14:47:07.000,2025-06-16 14:47:07.000,"Intel Core i7 12650H 16GB 1TB RTX 2050 15"" FHD IPS"
2007,11761,2449-COMP-NB-ICT-PTRE-25,2449-COMP-NB-ICT-PTRE-25,182,COMP-NB,215,Dipinjam,Bagus,0.0,,,LT,Aset,Corporate,10531,1,2026-02-09 14:42:00.000,2026-02-09 14:42:00.000,"Intel Core i7 12650H 16GB 512GB RTX 2050 15"" FHD IPS"
2008,11776,2454-COMP-NB-ICT-PTRE-25,2454-COMP-NB-ICT-PTRE-25,188,COMP-NB,153,Dipinjam,Bagus,0.0,,,LT,Aset,Corporate,,1,2025-08-01 13:16:58.000,2025-08-01 13:16:58.000,Intel Core i5
2009,11780,2457-COMP-NB-ICT-PTRE-25,2457-COMP-NB-ICT-PTRE-25,178,COMP-NB,215,Dipinjam,Bagus,0.0,,,LT,Aset,Corporate,,107,2025-09-12 13:15:31.000,2025-09-12 13:15:31.000,AMD RYZEN 7 7730 16GB 512GB 14.0FHD IPS
2010,11781,2458-COMP-NB-ICT-PTRE-25,2458-COMP-NB-ICT-PTRE-25,178,COMP-NB,215,Dipinjam,Bagus,0.0,,,LT,Aset,Corporate,,107,2025-09-12 13:16:16.000,2025-09-12 13:16:16.000,AMD RYZEN 7 7730 16GB 512GB 14.0FHD IPS
2011,11861,2468-COMP-NB-ICT-PTRE-25,2468-COMP-NB-ICT-PTRE-25,169,COMP-NB,117,Dipinjam,QC Passed,0.0,,,LT,Aset,Project,10488,95,2025-12-08 17:03:28.000,2025-12-08 17:03:28.000,Intel Core i7 240H 16GB 512GB 14 WUXGA OLED
2012,11876,2473-COMP-NB-ICT-PTRE-26,2473-COMP-NB-ICT-PTRE-26,179,COMP-NB,155,Dipinjam,Bagus,0.0,,,LT,Aset,Corporate,,87,2026-01-27 10:07:23.000,2026-01-27 10:07:23.000,"AMD Ryzen 7 5825U 16GB SSD 512GB 14""FHD IPS"
2013,11890,2475-COMP-NB-ICT-PTRE-26,2475-COMP-NB-ICT-PTRE-26,170,COMP-NB,137,Dipinjam,Bagus,0.0,,,LT,Aset,Corporate,,107,2026-02-06 15:28:45.000,2026-02-06 15:28:45.000,Intel Ultra 155H 16GB 1TB 14 WUXGA OLED Touch
2014,11945,2477-COMP-NB-ICT-PTRE-26,2477-COMP-NB-ICT-PTRE-26,164,COMP-NB,137,Dipinjam,Bagus,18000000.0,,,LT,Aset,Project,11621,1,2026-04-30 11:29:53.000,2026-04-30 11:29:53.000,"Intel Ultra 5 225H 16GB DDR5 SSD 1TB ARC 130T 14"" WUXGA OLED"
2015,11946,2478-COMP-NB-ICT-PTRE-26,2478-COMP-NB-ICT-PTRE-26,163,COMP-NB,115,Dipinjam,Bagus,15000000.0,,,LT,Aset,Corporate,,1,2026-04-30 11:29:00.000,2026-04-30 11:29:00.000,"AMD Ryzen 7 7445HS 16GB DDR5 SSD 512GB RTX3050M 15"" FHD IPS"
2016,11947,2479-COMP-NB-ICT-PTRE-26,2479-COMP-NB-ICT-PTRE-26,189,COMP-NB,223,Dipinjam,Bagus,18000000.0,,,LT,Aset,Corporate,,95,2026-05-05 13:14:09.000,2026-05-05 13:14:09.000,"Intel Ultra 5 125H 32GB DDR5 512GB SSD 14"" WUXGA Touch"
2017,11950,2482-COMP-NB-ICT-PTRE-26,2482-COMP-NB-ICT-PTRE-26,164,COMP-NB,138,Dipinjam,Bagus,0.0,,,LT,Aset,Corporate,10948,107,2026-05-19 16:44:06.000,2026-05-19 16:44:06.000,"Intel Ultra 5 225H 16GB DDR5 SSD 1TB ARC 130T 14"" WUXGA OLED Touch"
2018,11951,2483-COMP-NB-ICT-PTRE-26,2483-COMP-NB-ICT-PTRE-26,190,COMP-NB,117,Dipinjam,Bagus,11000000.0,,,LT,Aset,Project,10948,107,2026-05-19 16:19:06.000,2026-05-19 16:19:06.000,"AMD Ryzen 5 150 16GB DDR5 SSD 512GB 14"" FHD VIPS"
2019,11952,2484-COMP-NB-ICT-PTRE-26,2484-COMP-NB-ICT-PTRE-26,167,COMP-NB,242,Dipinjam,Bagus,15000000.0,,,LT,Aset,Project,11557,109,2026-05-19 16:43:47.000,2026-05-19 16:43:47.000,"Intel i7 13620H 16GB DDR5 SSD 512GB RTX3050M 15"" FHD 144Hz"
2020,11960,2485-COMP-NB-ICT-PTRE-26,2485-COMP-NB-ICT-PTRE-26,189,COMP-NB,223,Tersedia,Bagus,14000000.0,,,LT,Aset,Corporate,,95,2026-05-29 10:46:58.000,2026-05-29 10:46:58.000,"Intel Ultra 5 125H 32GB DDR5 512GB SSD 14"" WUXGA Touch"
2021,11967,2486-COMP-NB-ICT-PTRE-26,2486-COMP-NB-ICT-PTRE-26,167,COMP-NB,223,Tersedia,Bagus,15500000.0,,,LT,Aset,Project,11356,109,2026-06-10 14:13:32.000,2026-06-10 14:13:32.000,"Intel i7 13620H 16GB DDR5 SSD 512GB RTX3050M 15"" FHD 144Hz"
2022,11968,2487-COMP-NB-ICT-PTRE-26,2487-COMP-NB-ICT-PTRE-26,173,COMP-NB,215,Tersedia,Bagus,30400000.0,,,LT,Aset,Project,11246,107,2026-06-12 16:20:00.000,2026-06-12 16:20:00.000,"Intel i9 14900HX 32GB DDR5 SSD 1TB RTX 5060M 16"" WQXGA 240Hz"
2023,11969,2488-COMP-NB-ICT-PTRE-26,2488-COMP-NB-ICT-PTRE-26,173,COMP-NB,223,Tersedia,Bagus,30400000.0,,,LT,Aset,Project,11584,107,2026-06-22 17:21:57.000,2026-06-22 17:21:57.000,"Intel i9 14900HX 32GB DDR5 SSD 1TB RTX 5060M 16"" WQXGA 240Hz"
2024,11971,2489-COMP-NB-ICT-PTRE-26,2489-COMP-NB-ICT-PTRE-26,190,COMP-NB,223,Tersedia,Bagus,0.0,,,LT,Aset,Corporate,,95,2026-07-03 13:53:01.000,2026-07-03 13:53:01.000,"Ryzen 5 150 16GB DDR5 SSD 512GB 14"" FHD"
2025,12016,2490-COMP-NB-ICT-PTRE-26,2490-COMP-NB-ICT-PTRE-26,190,COMP-NB,117,Dipinjam,Bagus,12000000.0,,,LT,Aset,Project,10604,95,2026-08-06 13:27:57.000,2026-08-06 13:27:57.000,"Ryzen 5 150 16GB DDR5 SSD 512GB 14"" FHD"
2026,12017,2491-COMP-NB-ICT-PTRE-26,2491-COMP-NB-ICT-PTRE-26,173,COMP-NB,215,Dipinjam,Bagus,31000000.0,,,LT,Aset,Project,2557,108,2026-08-14 14:38:59.000,2026-08-14 14:38:59.000,"Intel i9 14900HX 32GB DDR5 SSD 1TB RTX 5060M 16"" WQXGA 240Hz"
2027,12018,2492-COMP-NB-ICT-PTRE-26,2492-COMP-NB-ICT-PTRE-26,164,COMP-NB,136,Dipinjam,Bagus,21000000.0,,,LT,Aset,Corporate,,107,2026-08-14 14:45:10.000,2026-08-14 14:45:10.000,"Intel Ultra 5 225H 16GB DDR5 SSD 1TB ARC 130T 14"" WUXGA OLED Touch"
2028,12019,2493-COMP-NB-ICT-PTRE-26,2493-COMP-NB-ICT-PTRE-26,173,COMP-NB,245,Dipinjam,Bagus,0.0,,,LT,Aset,Project,11594,109,2026-08-20 09:46:37.000,2026-08-20 09:46:37.000,"Intel Ultra 7 255HX 32GB DDR5 SSD 1TB RTX5070M 16"" WQXGA OLED"
2029,12021,2495-COMP-NB-ICT-PTRE-26,2495-COMP-NB-ICT-PTRE-26,190,COMP-NB,117,Dipinjam,Bagus,12000000.0,,,LT,Aset,Project,11356,95,2026-09-08 10:25:29.000,2026-09-08 10:25:29.000,"Ryzen 5 150 16GB DDR5 SSD 512GB 14"" FHD"
2030,12022,2496-COMP-NB-ICT-PTRE-26,2496-COMP-NB-ICT-PTRE-26,190,COMP-NB,153,Dipinjam,Bagus,12000000.0,,,LT,Aset,Corporate,,95,2026-09-08 10:27:32.000,2026-09-08 10:27:32.000,"Ryzen 5 150 16GB DDR5 SSD 512GB 14"" FHD"
2031,12023,2497-COMP-NB-ICT-PTRE-26,2497-COMP-NB-ICT-PTRE-26,167,COMP-NB,242,Dipinjam,Bagus,15000000.0,,,LT,Aset,Corporate,11717,107,2026-09-21 13:41:32.000,2026-09-21 13:41:32.000,"Intel i7 13620H 16GB DDR5 SSD 512GB RTX3050M 15"" FHD 144Hz"
2032,12037,2498-COMP-NB-ICT-PTRE-26,2498-COMP-NB-ICT-PTRE-26,189,COMP-NB,231,Dipinjam,Bagus,12500000.0,,,LT,Aset,Corporate,,108,2026-09-18 16:57:15.000,2026-09-18 16:57:15.000,Intel Ultra 7 155H 16GB DDR5 SSD 512GB FHD IPS WUXGA
2033,12038,2499-COMP-NB-ICT-PTRE-26,2499-COMP-NB-ICT-PTRE-26,190,COMP-NB,231,Dipinjam,Bagus,12000000.0,,,LT,Aset,Corporate,,108,2026-09-18 17:11:07.000,2026-09-18 17:11:07.000,"Intel i5 13420H 16GB DDR5 SSD 512GB 14"" FHD WUXGA"
