id,ams_asset_id,number,legacy_number,lot_id,subcategory_code,location_id,status,condition,price,image_url,ams_image_url,type,classification,burden,project_id,vendor_id,created_at,updated_at,specification
671,2601,00008-COMP-DESK-ICT-PTRE-02,00008-COMP-DESK-ICT-PTRE-02,117,COMP-DESK,77,Tidak Aktif,Rusak,0.0,,,LT,Aset,Corporate,,1,2021-02-11 07:33:30.000,2021-02-11 07:33:30.000,"P3:500 Mhz, RAM:128 Mb, HD:40 Gb, 140016:16 MB"
672,2602,00009-COMP-DESK-ICT-PTRE-02,00009-COMP-DESK-ICT-PTRE-02,117,COMP-DESK,77,Tidak Aktif,Rusak,0.0,,,LT,Aset,Corporate,,1,2021-02-11 07:33:24.000,2021-02-11 07:33:24.000,"P3:500 Mhz, RAM:128 Mb, HD:40 Gb, 140016:16 MB"
673,2604,00011-COMP-DESK-ICT-PTRE-02,00011-COMP-DESK-ICT-PTRE-02,114,COMP-DESK,77,Tidak Aktif,Rusak,0.0,,,LT,Aset,Corporate,,1,2021-02-11 07:33:19.000,2021-02-11 07:33:19.000,"P4:1700 Mhz, RAM:640 Mb, HD:40 Gb, 140016:64 MB"
674,2605,00012-COMP-DESK-ICT-PTRE-02,00012-COMP-DESK-ICT-PTRE-02,114,COMP-DESK,77,Tidak Aktif,Rusak,0.0,,,LT,Aset,Corporate,,1,2021-02-11 07:33:14.000,2021-02-11 07:33:14.000,"P4:1800 Mhz, RAM:512 Mb, HD:40 Gb, 140016:64 MB"
675,2606,00013-COMP-DESK-ICT-PTRE-02,00013-COMP-DESK-ICT-PTRE-02,114,COMP-DESK,77,Tidak Aktif,Rusak,0.0,,,LT,Aset,Corporate,,1,2021-02-11 07:33:08.000,2021-02-11 07:33:08.000,"P4:1800 Mhz, RAM:512 Mb, HD:40 Gb, 140016:64 MB"
676,2607,00014-COMP-DESK-ICT-PTRE-02,00014-COMP-DESK-ICT-PTRE-02,118,COMP-DESK,77,Tidak Aktif,Rusak,0.0,,,LT,Aset,Corporate,,1,2021-02-11 07:33:02.000,2021-02-11 07:33:02.000,"P4:1500 Mhz, RAM:128 Gb, HD:- ,140016:-"
677,2608,00015-COMP-DESK-ICT-PTRE-02,00015-COMP-DESK-ICT-PTRE-02,118,COMP-DESK,77,Tidak Aktif,Rusak,0.0,,,LT,Aset,Corporate,,1,2021-02-11 07:32:56.000,2021-02-11 07:32:56.000,"P4:1500 Mhz, RAM:128 Gb, HD:- ,140016:-"
678,2609,00016-COMP-DESK-ICT-PTRE-02,00016-COMP-DESK-ICT-PTRE-02,118,COMP-DESK,77,Tidak Aktif,Rusak,0.0,,,LT,Aset,Corporate,,1,2021-02-11 07:32:51.000,2021-02-11 07:32:51.000,"P4:1500 Mhz, RAM:128 Gb, HD:- ,140016:-"
679,2610,00017-COMP-DESK-ICT-PTRE-02,00017-COMP-DESK-ICT-PTRE-02,118,COMP-DESK,77,Tidak Aktif,Rusak,0.0,,,LT,Aset,Corporate,,1,2021-02-11 07:32:40.000,2021-02-11 07:32:40.000,"P4:1500 Mhz, RAM:128 Gb, HD:- ,140016:-"
680,2611,00018-COMP-DESK-ICT-PTRE-02,00018-COMP-DESK-ICT-PTRE-02,118,COMP-DESK,77,Tidak Aktif,Rusak,0.0,,,LT,Aset,Corporate,,1,2021-02-11 07:32:34.000,2021-02-11 07:32:34.000,"P4:1500 Mhz, RAM:128 Gb, HD:- ,140016:-"
681,2614,00021-COMP-DESK-ICT-PTRE-02,00021-COMP-DESK-ICT-PTRE-02,119,COMP-DESK,77,Tidak Aktif,Rusak,0.0,,,LT,Aset,Corporate,,1,2021-02-11 07:32:22.000,2021-02-11 07:32:22.000,"P4:1500 Mhz, RAM:128 Mb, HD:40 Gb, 140016:64 MB"
682,2615,00022-COMP-DESK-ICT-PTRE-02,00022-COMP-DESK-ICT-PTRE-02,119,COMP-DESK,77,Tidak Aktif,Rusak,0.0,,,LT,Aset,Corporate,,1,2021-02-11 07:32:14.000,2021-02-11 07:32:14.000,"P4:1500 Mhz, RAM:192 Mb, HD:40 Gb, 140016:64 MB"
683,2616,00023-COMP-DESK-ICT-PTRE-02,00023-COMP-DESK-ICT-PTRE-02,118,COMP-DESK,77,Tidak Aktif,Rusak,0.0,,,LT,Aset,Corporate,,1,2021-02-11 07:32:09.000,2021-02-11 07:32:09.000,"P4:1500 Mhz, RAM:320 Mb, HD:20 Gb, 140016:16 MB"
684,2617,00024-COMP-DESK-ICT-PTRE-02,00024-COMP-DESK-ICT-PTRE-02,119,COMP-DESK,77,Tidak Aktif,Rusak,0.0,,,LT,Aset,Corporate,,1,2021-02-11 07:32:03.000,2021-02-11 07:32:03.000,"P4:1500 Mhz, RAM:128 Mb, HD:40 Gb, 140016:64 MB"
685,2618,00025-COMP-DESK-ICT-PTRE-02,00025-COMP-DESK-ICT-PTRE-02,119,COMP-DESK,77,Tidak Aktif,Rusak,0.0,,,LT,Aset,Corporate,,1,2021-02-11 07:31:56.000,2021-02-11 07:31:56.000,"P4:1500 Mhz, RAM:256 Mb, HD:40 Gb, 140016:64 MB"
686,2619,00026-COMP-DESK-ICT-PTRE-02,00026-COMP-DESK-ICT-PTRE-02,114,COMP-DESK,77,Tidak Aktif,Rusak,0.0,,,LT,Aset,Corporate,,1,2021-02-11 07:31:51.000,2021-02-11 07:31:51.000,"P4:1500 Mhz, RAM:768 Mb, HD:40 Gb, 140016:64 MB"
687,2620,00027-COMP-DESK-ICT-PTRE-02,00027-COMP-DESK-ICT-PTRE-02,119,COMP-DESK,77,Tidak Aktif,Rusak,0.0,,,LT,Aset,Corporate,,1,2021-02-11 07:31:41.000,2021-02-11 07:31:41.000,"P4:1700 Mhz, RAM:128 Mb, HD:20 Gb, 140016:32 MB"
688,2621,00028-COMP-DESK-ICT-PTRE-02,00028-COMP-DESK-ICT-PTRE-02,119,COMP-DESK,77,Tidak Aktif,Rusak,0.0,,,LT,Aset,Corporate,,1,2021-02-11 07:31:36.000,2021-02-11 07:31:36.000,"P4:1700 Mhz, RAM:256 Mb, HD:40 Gb, 140016:64 MB"
689,2625,00032-COMP-DESK-ICT-PTRE-02,00032-COMP-DESK-ICT-PTRE-02,128,COMP-DESK,77,Tidak Aktif,Rusak,0.0,,,LT,Aset,Corporate,,1,2021-02-11 07:31:31.000,2021-02-11 07:31:31.000,"P4:1600 Mhz, RAM:256 Mb, HD:20 Gb, 140016:128 MB"
690,2626,00033-COMP-DESK-ICT-PTRE-02,00033-COMP-DESK-ICT-PTRE-02,128,COMP-DESK,77,Tidak Aktif,Rusak,0.0,,,LT,Aset,Corporate,,1,2021-02-11 07:31:21.000,2021-02-11 07:31:21.000,"P4:1600 Mhz, RAM:512 Mb, HD:20 Gb, 140016:128 MB"
691,2627,00034-COMP-DESK-ICT-PTRE-02,00034-COMP-DESK-ICT-PTRE-02,128,COMP-DESK,77,Tidak Aktif,Rusak,0.0,,,LT,Aset,Corporate,,1,2021-02-11 07:31:15.000,2021-02-11 07:31:15.000,"P4:1600 Mhz, RAM:512 Mb, HD:20 Gb, 140016:128 MB"
692,2628,00035-COMP-DESK-ICT-PTRE-02,00035-COMP-DESK-ICT-PTRE-02,128,COMP-DESK,77,Tidak Aktif,Rusak,0.0,,,LT,Aset,Corporate,,1,2021-02-11 07:31:08.000,2021-02-11 07:31:08.000,"P4:1600 Mhz, RAM:256 Mb, HD:40 Gb, 140016:16 MB"
693,2629,00036-COMP-DESK-ICT-PTRE-02,00036-COMP-DESK-ICT-PTRE-02,128,COMP-DESK,77,Tidak Aktif,Rusak,0.0,,,LT,Aset,Corporate,,1,2021-02-11 07:31:03.000,2021-02-11 07:31:03.000,"P4:1600 Mhz, RAM:768 Mb, HD:20 Gb, 140016:128 MB"
694,2630,00037-COMP-DESK-ICT-PTRE-02,00037-COMP-DESK-ICT-PTRE-02,128,COMP-DESK,77,Tidak Aktif,Rusak,0.0,,,LT,Aset,Corporate,,1,2021-02-11 07:30:58.000,2021-02-11 07:30:58.000,"P4:1600 Mhz, RAM:512 Mb, HD:20 Gb, 140016:32 MB"
695,2631,00038-COMP-DESK-ICT-PTRE-02,00038-COMP-DESK-ICT-PTRE-02,128,COMP-DESK,77,Tidak Aktif,Rusak,0.0,,,LT,Aset,Corporate,,1,2021-02-11 07:30:52.000,2021-02-11 07:30:52.000,"P4:1600 Mhz, RAM:128 Mb, HD:20 Gb, 140016:128 MB"
696,2632,00039-COMP-DESK-ICT-PTRE-02,00039-COMP-DESK-ICT-PTRE-02,128,COMP-DESK,77,Tidak Aktif,Rusak,0.0,,,LT,Aset,Corporate,,1,2021-02-11 07:30:47.000,2021-02-11 07:30:47.000,"P4:1600 Mhz, RAM:128 Mb, HD:20 Gb, 140016:128 MB"
697,2633,00040-COMP-DESK-ICT-PTRE-02,00040-COMP-DESK-ICT-PTRE-02,128,COMP-DESK,77,Tidak Aktif,Rusak,0.0,,,LT,Aset,Corporate,,1,2021-02-11 07:30:41.000,2021-02-11 07:30:41.000,"P4:1600 Mhz, RAM:1 Gb, HD:20 Gb, 140016:128 MB"
698,2634,00041-COMP-DESK-ICT-PTRE-02,00041-COMP-DESK-ICT-PTRE-02,128,COMP-DESK,77,Tidak Aktif,Rusak,0.0,,,LT,Aset,Corporate,,1,2021-02-11 07:30:35.000,2021-02-11 07:30:35.000,"P4:1600 Mhz, RAM:512 Mb, HD:20 Gb, 140016:128 MB"
699,2643,00050-COMP-DESK-ICT-PTRE-03,00050-COMP-DESK-ICT-PTRE-03,114,COMP-DESK,77,Tidak Aktif,Rusak,0.0,,,LT,Aset,Corporate,,1,2021-02-11 07:30:26.000,2021-02-11 07:30:26.000,"P4:1500 Mhz, RAM:512 Mb, HD:40 Gb, 140016:64 MB"
700,2644,00051-COMP-DESK-ICT-PTRE-03,00051-COMP-DESK-ICT-PTRE-03,114,COMP-DESK,77,Tidak Aktif,Rusak,0.0,,,LT,Aset,Corporate,,1,2021-02-11 07:30:19.000,2021-02-11 07:30:19.000,"P4:1800 Mhz, RAM:256 Mb, HD:80 Gb, 140016:64 MB"
701,2646,00053-COMP-DESK-ICT-PTRE-03,00053-COMP-DESK-ICT-PTRE-03,114,COMP-DESK,77,Tidak Aktif,Rusak,0.0,,,LT,Aset,Corporate,,1,2021-02-11 07:30:12.000,2021-02-11 07:30:12.000,"P4:1800 Mhz, RAM:256 Mb, HD:40 Gb + 20 Gb, 140016:64 MB"
702,2647,00054-COMP-DESK-ICT-PTRE-03,00054-COMP-DESK-ICT-PTRE-03,114,COMP-DESK,77,Tidak Aktif,Rusak,0.0,,,LT,Aset,Corporate,,1,2021-02-11 07:30:06.000,2021-02-11 07:30:06.000,"P4:1700 Mhz, RAM:512 Mb, HD:40 Gb, 140016:64 MB"
703,2662,00069-COMP-DESK-ICT-PTRE-03,00069-COMP-DESK-ICT-PTRE-03,114,COMP-DESK,77,Tidak Aktif,Rusak,0.0,,,LT,Aset,Corporate,,1,2021-02-11 07:30:01.000,2021-02-11 07:30:01.000,"P4:1800 Mhz, RAM:512 Mb, HD:40 Gb, 140016:64 MB"
704,2664,00071-COMP-DESK-ICT-PTRE-03,00071-COMP-DESK-ICT-PTRE-03,114,COMP-DESK,77,Tidak Aktif,Rusak,0.0,,,LT,Aset,Corporate,,1,2021-02-11 07:29:54.000,2021-02-11 07:29:54.000,"P4:1800 Mhz, RAM:896 Mb, HD:40 Gb, 140016:64 MB"
705,2667,00074-COMP-DESK-ICT-PTRE-03,00074-COMP-DESK-ICT-PTRE-03,114,COMP-DESK,77,Tidak Aktif,Rusak,0.0,,,LT,Aset,Corporate,,1,2021-02-11 07:29:49.000,2021-02-11 07:29:49.000,"P4:2000 Mhz, RAM:768 Mb, HD:40 Gb, 140016:64 MB"
706,2669,00076-COMP-DESK-ICT-PTRE-03,00076-COMP-DESK-ICT-PTRE-03,114,COMP-DESK,77,Tidak Aktif,Rusak,0.0,,,LT,Aset,Corporate,,1,2021-02-11 07:29:43.000,2021-02-11 07:29:43.000,"P4:1800 Mhz, RAM:768 Mb, HD:40 Gb, 140016:64 MB"
707,2671,00078-COMP-DESK-ICT-PTRE-03,00078-COMP-DESK-ICT-PTRE-03,114,COMP-DESK,77,Tidak Aktif,Rusak,0.0,,,LT,Aset,Corporate,,1,2021-02-11 07:29:37.000,2021-02-11 07:29:37.000,"P4:2000 Mhz, RAM:768 Mb, HD:40 Gb, 140016:64 MB"
708,2673,00080-COMP-DESK-ICT-PTRE-03,00080-COMP-DESK-ICT-PTRE-03,114,COMP-DESK,77,Tidak Aktif,Rusak,0.0,,,LT,Aset,Corporate,,1,2021-02-11 07:29:31.000,2021-02-11 07:29:31.000,"P4:1800 Mhz, RAM:512 Mb, HD:40 Gb, 140016:64 MB"
709,2675,00082-COMP-DESK-ICT-PTRE-03,00082-COMP-DESK-ICT-PTRE-03,114,COMP-DESK,77,Tidak Aktif,Rusak,0.0,,,LT,Aset,Corporate,,1,2021-02-11 07:29:25.000,2021-02-11 07:29:25.000,"P4:1700 Mhz, RAM:512 Mb, HD:40 Gb, 140016:64 MB"
710,2677,00084-COMP-DESK-ICT-PTRE-03,00084-COMP-DESK-ICT-PTRE-03,114,COMP-DESK,77,Tidak Aktif,Rusak,0.0,,,LT,Aset,Corporate,,1,2021-02-11 07:29:19.000,2021-02-11 07:29:19.000,"P4:2000 Mhz, RAM:768 Mb, HD:40 Gb, 140016:64 MB"
711,2679,00086-COMP-DESK-ICT-PTRE-03,00086-COMP-DESK-ICT-PTRE-03,114,COMP-DESK,77,Tidak Aktif,Rusak,0.0,,,LT,Aset,Corporate,,1,2021-02-11 07:29:12.000,2021-02-11 07:29:12.000,"P4:1800 Mhz, RAM:512 Mb, HD:40 Gb, 140016:64 MB"
712,2681,00088-COMP-DESK-ICT-PTRE-03,00088-COMP-DESK-ICT-PTRE-03,114,COMP-DESK,77,Tidak Aktif,Rusak,0.0,,,LT,Aset,Corporate,,1,2021-02-11 07:29:07.000,2021-02-11 07:29:07.000,"P4:1800 Mhz, RAM:768 Mb, HD:40 Gb, 140016:64 MB"
713,2683,00090-COMP-DESK-ICT-PTRE-03,00090-COMP-DESK-ICT-PTRE-03,114,COMP-DESK,77,Tidak Aktif,Rusak,0.0,,,LT,Aset,Corporate,,1,2021-02-11 07:29:02.000,2021-02-11 07:29:02.000,"P4:1800 Mhz, RAM:768 Mb, HD:40 Gb, 140016:64 MB"
714,2685,00092-COMP-DESK-ICT-PTRE-03,00092-COMP-DESK-ICT-PTRE-03,114,COMP-DESK,77,Tidak Aktif,Rusak,0.0,,,LT,Aset,Corporate,,1,2021-02-11 07:28:56.000,2021-02-11 07:28:56.000,"P4:1800 Mhz, RAM:768 Mb, HD:40 Gb, 140016:64 MB"
715,2687,00094-COMP-DESK-ICT-PTRE-03,00094-COMP-DESK-ICT-PTRE-03,114,COMP-DESK,77,Tidak Aktif,Rusak,0.0,,,LT,Aset,Corporate,,1,2021-02-11 07:28:51.000,2021-02-11 07:28:51.000,"P4:1700 Mhz, RAM:768 Mb, HD:40 Gb, 140016:64 MB"
716,2689,00096-COMP-DESK-ICT-PTRE-03,00096-COMP-DESK-ICT-PTRE-03,114,COMP-DESK,77,Tidak Aktif,Rusak,0.0,,,LT,Aset,Corporate,,1,2021-02-11 07:28:41.000,2021-02-11 07:28:41.000,"P4:1700 Mhz, RAM:768 Mb, HD:40 Gb, 140016:64 MB"
717,2691,00098-COMP-DESK-ICT-PTRE-03,00098-COMP-DESK-ICT-PTRE-03,114,COMP-DESK,77,Tidak Aktif,Rusak,0.0,,,LT,Aset,Corporate,,1,2021-02-11 07:28:35.000,2021-02-11 07:28:35.000,"P4:1800 Mhz, RAM:768 Mb, HD:40 Gb, 140016:64 MB"
718,2693,00100-COMP-DESK-ICT-PTRE-03,00100-COMP-DESK-ICT-PTRE-03,114,COMP-DESK,77,Tidak Aktif,Rusak,0.0,,,LT,Aset,Corporate,,1,2021-02-11 07:28:30.000,2021-02-11 07:28:30.000,"P4:1800 Mhz, RAM:768 Mb, HD:40 Gb, 140016:64 MB"
719,2695,00102-COMP-DESK-ICT-PTRE-03,00102-COMP-DESK-ICT-PTRE-03,114,COMP-DESK,77,Tidak Aktif,Rusak,0.0,,,LT,Aset,Corporate,,1,2021-02-11 07:28:25.000,2021-02-11 07:28:25.000,"P4:1800 Mhz, RAM:512 Mb, HD:40 Gb, 140016:64 MB"
720,2697,00104-COMP-DESK-ICT-PTRE-03,00104-COMP-DESK-ICT-PTRE-03,114,COMP-DESK,77,Tidak Aktif,Rusak,0.0,,,LT,Aset,Corporate,,1,2021-02-11 07:28:20.000,2021-02-11 07:28:20.000,"P4:1800 Mhz, RAM:512 Mb, HD:40 Gb, 140016:64 MB"
721,2699,00106-COMP-DESK-ICT-PTRE-03,00106-COMP-DESK-ICT-PTRE-03,114,COMP-DESK,77,Tidak Aktif,Rusak,0.0,,,LT,Aset,Corporate,,1,2021-02-11 07:28:15.000,2021-02-11 07:28:15.000,"P4:1700 Mhz, RAM:512 Mb, HD:40 Gb, 140016:64 MB"
722,2701,00108-COMP-DESK-ICT-PTRE-03,00108-COMP-DESK-ICT-PTRE-03,114,COMP-DESK,77,Tidak Aktif,Rusak,0.0,,,LT,Aset,Corporate,,1,2021-02-11 07:28:09.000,2021-02-11 07:28:09.000,"P4:1700 Mhz, RAM:512 Mb, HD:40 Gb, 140016:64 MB"
723,2702,00109-COMP-DESK-ICT-PTRE-03,00109-COMP-DESK-ICT-PTRE-03,114,COMP-DESK,77,Tidak Aktif,Rusak,0.0,,,LT,Aset,Corporate,,1,2021-02-11 07:27:58.000,2021-02-11 07:27:58.000,"P4:1700 Mhz, RAM:256 Mb, HD:40 Gb, 140016:64 MB"
724,2706,00113-COMP-DESK-ICT-PTRE-03,00113-COMP-DESK-ICT-PTRE-03,114,COMP-DESK,77,Tidak Aktif,Rusak,0.0,,,LT,Aset,Corporate,,1,2021-02-11 07:27:54.000,2021-02-11 07:27:54.000,"P4:1800 Mhz, RAM:256 Mb, HD:40 Gb, 140016:64 MB"
725,2708,00115-COMP-DESK-ICT-PTRE-03,00115-COMP-DESK-ICT-PTRE-03,114,COMP-DESK,77,Tidak Aktif,Rusak,0.0,,,LT,Aset,Corporate,,1,2021-02-11 07:27:48.000,2021-02-11 07:27:48.000,"P4:1700 Mhz, RAM:768 Mb, HD:40 Gb, 140016:64 MB"
726,2711,00118-COMP-DESK-ICT-PTRE-03,00118-COMP-DESK-ICT-PTRE-03,114,COMP-DESK,77,Tidak Aktif,Rusak,0.0,,,LT,Aset,Corporate,,1,2021-02-11 07:27:44.000,2021-02-11 07:27:44.000,"P4:1800 Mhz, RAM:512 Mb, HD:40 Gb, 140016:64 MB"
727,2712,00119-COMP-DESK-ICT-PTRE-03,00119-COMP-DESK-ICT-PTRE-03,114,COMP-DESK,77,Tidak Aktif,Rusak,0.0,,,LT,Aset,Corporate,,1,2021-02-11 07:27:39.000,2021-02-11 07:27:39.000,"P4:1800 Mhz, RAM:768 Mb, HD:40 Gb, 140016:64 MB"
728,2714,00121-COMP-DESK-ICT-PTRE-03,00121-COMP-DESK-ICT-PTRE-03,114,COMP-DESK,77,Tidak Aktif,Rusak,0.0,,,LT,Aset,Corporate,,1,2021-02-11 07:27:30.000,2021-02-11 07:27:30.000,"P4:1800 Mhz, RAM:640 Mb, HD:40 Gb, 140016:64 MB"
729,2717,00124-COMP-DESK-ICT-PTRE-03,00124-COMP-DESK-ICT-PTRE-03,114,COMP-DESK,77,Tidak Aktif,Rusak,0.0,,,LT,Aset,Corporate,,1,2021-02-11 07:27:24.000,2021-02-11 07:27:24.000,"P4:1800 Mhz, RAM:256 Mb, HD:40 Gb, 140016:64 MB"
730,2719,00126-COMP-DESK-ICT-PTRE-03,00126-COMP-DESK-ICT-PTRE-03,114,COMP-DESK,77,Tidak Aktif,Rusak,0.0,,,LT,Aset,Corporate,,1,2021-02-11 07:27:18.000,2021-02-11 07:27:18.000,"P4:1800 Mhz, RAM:768 Mb, HD:20 Gb, 140016:64 MB"
731,2721,00128-COMP-DESK-ICT-PTRE-03,00128-COMP-DESK-ICT-PTRE-03,114,COMP-DESK,77,Tidak Aktif,Rusak,0.0,,,LT,Aset,Corporate,,1,2021-02-11 07:27:13.000,2021-02-11 07:27:13.000,"P4:1800 Mhz, RAM:512 Mb, HD:40 Gb, 140016:64 MB"
732,2723,00130-COMP-DESK-ICT-PTRE-03,00130-COMP-DESK-ICT-PTRE-03,114,COMP-DESK,77,Tidak Aktif,Rusak,0.0,,,LT,Aset,Corporate,,1,2021-02-11 07:27:08.000,2021-02-11 07:27:08.000,"P4:1800 Mhz, RAM:512 Mb, HD:40 Gb, 140016:64 MB"
733,2725,00132-COMP-DESK-ICT-PTRE-03,00132-COMP-DESK-ICT-PTRE-03,114,COMP-DESK,77,Tidak Aktif,Rusak,0.0,,,LT,Aset,Corporate,,1,2021-02-11 07:27:04.000,2021-02-11 07:27:04.000,"P4:1800 Mhz, RAM:640 Mb, HD:40 Gb, 140016:64 MB"
734,2727,00134-COMP-DESK-ICT-PTRE-03,00134-COMP-DESK-ICT-PTRE-03,114,COMP-DESK,77,Tidak Aktif,Rusak,0.0,,,LT,Aset,Corporate,,1,2021-02-11 07:26:59.000,2021-02-11 07:26:59.000,"P4:1800 Mhz, RAM:512 Mb, HD:80 Gb, 140016:64 MB"
735,2731,00138-COMP-DESK-ICT-PTRE-03,00138-COMP-DESK-ICT-PTRE-03,114,COMP-DESK,77,Tidak Aktif,Rusak,0.0,,,LT,Aset,Corporate,,1,2021-02-11 07:26:53.000,2021-02-11 07:26:53.000,"P4:1800 Mhz, RAM:768 Mb, HD:40 Gb, 140016:64 MB"
736,2733,00140-COMP-DESK-ICT-PTRE-03,00140-COMP-DESK-ICT-PTRE-03,114,COMP-DESK,77,Tidak Aktif,Rusak,0.0,,,LT,Aset,Corporate,,1,2021-02-11 07:26:47.000,2021-02-11 07:26:47.000,"P4:1800 Mhz, RAM:640 Mb, HD:40 Gb, 140016:64 MB"
737,2735,00142-COMP-DESK-ICT-PTRE-03,00142-COMP-DESK-ICT-PTRE-03,114,COMP-DESK,77,Tidak Aktif,Rusak,0.0,,,LT,Aset,Corporate,,1,2021-02-11 07:26:40.000,2021-02-11 07:26:40.000,"P4:1800 Mhz, RAM:512 Mb, HD:40 Gb, 140016:64 MB"
738,2737,00144-COMP-DESK-ICT-PTRE-03,00144-COMP-DESK-ICT-PTRE-03,114,COMP-DESK,77,Tidak Aktif,Rusak,0.0,,,LT,Aset,Corporate,,1,2021-02-11 07:26:34.000,2021-02-11 07:26:34.000,"P4:1800 Mhz, RAM:512 Mb, HD:40 Gb, 140016:64 MB"
739,2740,00147-COMP-DESK-ICT-PTRE-03,00147-COMP-DESK-ICT-PTRE-03,114,COMP-DESK,77,Tidak Aktif,Rusak,0.0,,,LT,Aset,Corporate,,1,2021-02-11 07:26:29.000,2021-02-11 07:26:29.000,"P4:1800 Mhz, RAM:512 Mb, HD:40 Gb, 140016:64 MB"
740,2742,00149-COMP-DESK-ICT-PTRE-03,00149-COMP-DESK-ICT-PTRE-03,114,COMP-DESK,77,Tidak Aktif,Rusak,0.0,,,LT,Aset,Corporate,,1,2021-02-11 07:26:22.000,2021-02-11 07:26:22.000,"P4:1800 Mhz, RAM:640 Mb, HD:40 Gb, 140016:64 MB"
741,2744,00151-COMP-DESK-ICT-PTRE-03,00151-COMP-DESK-ICT-PTRE-03,114,COMP-DESK,77,Tidak Aktif,Rusak,0.0,,,LT,Aset,Corporate,,1,2021-02-11 07:26:16.000,2021-02-11 07:26:16.000,"P4:1800 Mhz, RAM:512 Mb, HD:40 Gb, 140016:64 MB"
742,2746,00153-COMP-DESK-ICT-PTRE-03,00153-COMP-DESK-ICT-PTRE-03,114,COMP-DESK,77,Tidak Aktif,Rusak,0.0,,,LT,Aset,Corporate,,1,2021-02-11 07:26:11.000,2021-02-11 07:26:11.000,"P4:1800 Mhz, RAM:640 Mb, HD:40 Gb, 140016:64 MB"
743,2749,00156-COMP-DESK-ICT-PTRE-03,00156-COMP-DESK-ICT-PTRE-03,114,COMP-DESK,77,Tidak Aktif,Rusak,0.0,,,LT,Aset,Corporate,,1,2021-02-11 07:26:04.000,2021-02-11 07:26:04.000,"P4:1800 Mhz, RAM:768 Mb, HD:40 Gb, 140016:64 MB"
744,2752,00159-COMP-DESK-ICT-PTRE-03,00159-COMP-DESK-ICT-PTRE-03,114,COMP-DESK,77,Tidak Aktif,Rusak,0.0,,,LT,Aset,Corporate,,1,2021-02-11 07:25:57.000,2021-02-11 07:25:57.000,"P4:1800 Mhz, RAM:256 Mb, HD:40 Gb, 140016:64 MB"
745,2754,00161-COMP-DESK-ICT-PTRE-03,00161-COMP-DESK-ICT-PTRE-03,114,COMP-DESK,77,Tidak Aktif,Rusak,0.0,,,LT,Aset,Corporate,,1,2021-02-11 07:25:52.000,2021-02-11 07:25:52.000,"P4:1800 Mhz, RAM:512 Mb, HD:40 Gb, 140016:64 MB"
746,2756,00163-COMP-DESK-ICT-PTRE-03,00163-COMP-DESK-ICT-PTRE-03,114,COMP-DESK,77,Tidak Aktif,Rusak,0.0,,,LT,Aset,Corporate,,1,2021-02-11 07:25:44.000,2021-02-11 07:25:44.000,"P4:1800 Mhz, RAM:256 Mb, HD:40 Gb, 140016:64 MB"
747,2758,00165-COMP-DESK-ICT-PTRE-03,00165-COMP-DESK-ICT-PTRE-03,114,COMP-DESK,77,Tidak Aktif,Rusak,0.0,,,LT,Aset,Corporate,,1,2021-02-11 07:25:39.000,2021-02-11 07:25:39.000,"P4:1700 Mhz, RAM:512 Mb, HD:40 Gb, 140016:64 MB"
748,2760,00167-COMP-DESK-ICT-PTRE-03,00167-COMP-DESK-ICT-PTRE-03,114,COMP-DESK,77,Tidak Aktif,Rusak,0.0,,,LT,Aset,Corporate,,1,2021-02-11 07:25:33.000,2021-02-11 07:25:33.000,"P4:1700 Mhz, RAM:256 Mb, HD:40 Gb, 140016:64 MB"
749,2762,00169-COMP-DESK-ICT-PTRE-03,00169-COMP-DESK-ICT-PTRE-03,114,COMP-DESK,77,Tidak Aktif,Rusak,0.0,,,LT,Aset,Corporate,,1,2021-02-11 07:25:27.000,2021-02-11 07:25:27.000,"P4:1800 Mhz, RAM:512 Mb, HD:40 Gb, 140016:64 MB"
750,2764,00171-COMP-DESK-ICT-PTRE-03,00171-COMP-DESK-ICT-PTRE-03,114,COMP-DESK,77,Tidak Aktif,Rusak,0.0,,,LT,Aset,Corporate,,1,2021-02-11 07:24:44.000,2021-02-11 07:24:44.000,"P4:2000 Mhz, RAM:640 Mb, HD:40 Gb, 140016:64 MB"
751,2766,00173-COMP-DESK-ICT-PTRE-03,00173-COMP-DESK-ICT-PTRE-03,114,COMP-DESK,77,Tidak Aktif,Rusak,0.0,,,LT,Aset,Corporate,,1,2021-02-11 07:24:31.000,2021-02-11 07:24:31.000,"P4:1800 Mhz, RAM:256 Mb, HD:40 Gb, 140016:64 MB"
752,2768,00175-COMP-DESK-ICT-PTRE-03,00175-COMP-DESK-ICT-PTRE-03,114,COMP-DESK,77,Tidak Aktif,Rusak,0.0,,,LT,Aset,Corporate,,1,2021-02-11 07:24:25.000,2021-02-11 07:24:25.000,"P4:1700 Mhz, RAM:256 Mb, HD:40 Gb, 140016:64 MB"
753,2770,00177-COMP-DESK-ICT-PTRE-03,00177-COMP-DESK-ICT-PTRE-03,114,COMP-DESK,77,Tidak Aktif,Rusak,0.0,,,LT,Aset,Corporate,,1,2021-02-11 07:24:18.000,2021-02-11 07:24:18.000,"P4:1800 Mhz, RAM:512 Mb, HD:40 Gb, 140016:64 MB"
754,2772,00179-COMP-DESK-ICT-PTRE-03,00179-COMP-DESK-ICT-PTRE-03,114,COMP-DESK,77,Tidak Aktif,Rusak,0.0,,,LT,Aset,Corporate,,1,2021-02-11 07:24:13.000,2021-02-11 07:24:13.000,"P4:1700 Mhz, RAM:512 Mb, HD:40 Gb, 140016:64 MB"
755,2774,00181-COMP-DESK-ICT-PTRE-03,00181-COMP-DESK-ICT-PTRE-03,114,COMP-DESK,77,Tidak Aktif,Rusak,0.0,,,LT,Aset,Corporate,,1,2021-02-11 07:24:02.000,2021-02-11 07:24:02.000,"P4:1800 Mhz, RAM:768 Mb, HD:40 Gb, 140016:64 MB"
756,2776,00183-COMP-DESK-ICT-PTRE-03,00183-COMP-DESK-ICT-PTRE-03,114,COMP-DESK,77,Tidak Aktif,Rusak,0.0,,,LT,Aset,Corporate,,1,2021-02-11 07:23:57.000,2021-02-11 07:23:57.000,"P4:1700 Mhz, RAM:512 Mb, HD:40 Gb, 140016:64 MB"
757,2778,00185-COMP-DESK-ICT-PTRE-03,00185-COMP-DESK-ICT-PTRE-03,114,COMP-DESK,77,Tidak Aktif,Rusak,0.0,,,LT,Aset,Corporate,,1,2021-02-11 07:23:51.000,2021-02-11 07:23:51.000,"P4:1500 Mhz, RAM:512 Mb, HD:40 Gb, 140016:64 MB"
758,2780,00187-COMP-DESK-ICT-PTRE-03,00187-COMP-DESK-ICT-PTRE-03,114,COMP-DESK,77,Tidak Aktif,Rusak,0.0,,,LT,Aset,Corporate,,1,2021-02-11 07:23:45.000,2021-02-11 07:23:45.000,"P4:1700 Mhz, RAM:512 Mb, HD:40 Gb, 140016:64 MB"
759,2783,00190-COMP-DESK-ICT-PTRE-03,00190-COMP-DESK-ICT-PTRE-03,114,COMP-DESK,77,Tidak Aktif,Rusak,0.0,,,LT,Aset,Corporate,,1,2021-02-11 07:23:37.000,2021-02-11 07:23:37.000,"P4:2000 Mhz, RAM:1 Gb, HD:80 Gb, 140016:128 MB"
760,2800,00207-COMP-DESK-ICT-PTRE-03,00207-COMP-DESK-ICT-PTRE-03,114,COMP-DESK,77,Tidak Aktif,Rusak,0.0,,,LT,Aset,Corporate,,1,2021-02-11 07:23:29.000,2021-02-11 07:23:29.000,"P4:1700 Mhz, RAM:128 Gb, HD:- ,140016:-"
761,2801,00208-COMP-DESK-ICT-PTRE-03,00208-COMP-DESK-ICT-PTRE-03,114,COMP-DESK,77,Tidak Aktif,Rusak,0.0,,,LT,Aset,Corporate,,1,2021-02-11 07:23:22.000,2021-02-11 07:23:22.000,"P4:1700 Mhz, RAM:128 Gb, HD:- ,140016:-"
762,2802,00209-COMP-DESK-ICT-PTRE-03,00209-COMP-DESK-ICT-PTRE-03,114,COMP-DESK,77,Tidak Aktif,Rusak,0.0,,,LT,Aset,Corporate,,1,2021-02-11 07:23:15.000,2021-02-11 07:23:15.000,"P4:1700 Mhz, RAM:128 Gb, HD:- ,140016:-"
763,2803,00210-COMP-DESK-ICT-PTRE-03,00210-COMP-DESK-ICT-PTRE-03,114,COMP-DESK,77,Tidak Aktif,Rusak,0.0,,,LT,Aset,Corporate,,1,2021-02-11 07:23:07.000,2021-02-11 07:23:07.000,"P4:1800 Mhz, RAM:128 Gb, HD:- ,140016:-"
764,2804,00211-COMP-DESK-ICT-PTRE-03,00211-COMP-DESK-ICT-PTRE-03,114,COMP-DESK,77,Tidak Aktif,Rusak,0.0,,,LT,Aset,Corporate,,1,2021-02-11 07:23:00.000,2021-02-11 07:23:00.000,"P4:1800 Mhz, RAM:128 Gb, HD:- ,140016:-"
765,2805,00212-COMP-DESK-ICT-PTRE-03,00212-COMP-DESK-ICT-PTRE-03,114,COMP-DESK,77,Tidak Aktif,Rusak,0.0,,,LT,Aset,Corporate,,1,2021-02-11 07:22:53.000,2021-02-11 07:22:53.000,"P4:1800 Mhz, RAM:128 Gb, HD:- ,140016:-"
766,2806,00213-COMP-DESK-ICT-PTRE-03,00213-COMP-DESK-ICT-PTRE-03,114,COMP-DESK,77,Tidak Aktif,Rusak,0.0,,,LT,Aset,Corporate,,1,2021-02-11 07:22:46.000,2021-02-11 07:22:46.000,"P4:1800 Mhz, RAM:128 Gb, HD:- ,140016:-"
767,2807,00214-COMP-DESK-ICT-PTRE-03,00214-COMP-DESK-ICT-PTRE-03,114,COMP-DESK,77,Tidak Aktif,Rusak,0.0,,,LT,Aset,Corporate,,1,2021-02-11 07:22:36.000,2021-02-11 07:22:36.000,"P4:1800 Mhz, RAM:128 Gb, HD:- ,140016:-"
768,2808,00215-COMP-DESK-ICT-PTRE-03,00215-COMP-DESK-ICT-PTRE-03,114,COMP-DESK,77,Tidak Aktif,Rusak,0.0,,,LT,Aset,Corporate,,1,2021-02-11 07:22:28.000,2021-02-11 07:22:28.000,"P4:1800 Mhz, RAM:128 Gb, HD:- ,140016:-"
769,2809,00216-COMP-DESK-ICT-PTRE-03,00216-COMP-DESK-ICT-PTRE-03,114,COMP-DESK,77,Tidak Aktif,Rusak,0.0,,,LT,Aset,Corporate,,1,2021-02-11 07:22:23.000,2021-02-11 07:22:23.000,"P4:1800 Mhz, RAM:128 Gb, HD:- ,140016:-"
770,2810,00217-COMP-DESK-ICT-PTRE-03,00217-COMP-DESK-ICT-PTRE-03,114,COMP-DESK,77,Tidak Aktif,Rusak,0.0,,,LT,Aset,Corporate,,1,2021-02-11 07:22:17.000,2021-02-11 07:22:17.000,"P4:1800 Mhz, RAM:512 Mb, HD:40 Gb, 140016:64 MB"
771,2812,00219-COMP-DESK-ICT-PTRE-03,00219-COMP-DESK-ICT-PTRE-03,114,COMP-DESK,77,Tidak Aktif,Rusak,0.0,,,LT,Aset,Corporate,,1,2021-02-11 07:22:11.000,2021-02-11 07:22:11.000,"P4:1800 Mhz, RAM:1 Gb, HD:40 Gb, 140016:64 MB"
772,2814,00221-COMP-DESK-ICT-PTRE-03,00221-COMP-DESK-ICT-PTRE-03,114,COMP-DESK,77,Tidak Aktif,Rusak,0.0,,,LT,Aset,Corporate,,1,2021-02-11 07:22:05.000,2021-02-11 07:22:05.000,"P4:1800 Mhz, RAM:1 Gb, HD:40 Gb, 140016:64 MB"
773,2816,00223-COMP-DESK-ICT-PTRE-03,00223-COMP-DESK-ICT-PTRE-03,114,COMP-DESK,77,Tidak Aktif,Rusak,0.0,,,LT,Aset,Corporate,,1,2021-02-11 07:21:59.000,2021-02-11 07:21:59.000,"P4:1800 Mhz, RAM:1 Gb, HD:40 Gb, 140016:64 MB"
774,2818,00225-COMP-DESK-ICT-PTRE-03,00225-COMP-DESK-ICT-PTRE-03,114,COMP-DESK,77,Tidak Aktif,Rusak,0.0,,,LT,Aset,Corporate,,1,2021-02-11 07:21:52.000,2021-02-11 07:21:52.000,"P4:1800 Mhz, RAM:512 Mb, HD:40 Gb, 140016:64 MB"
775,2821,00228-COMP-DESK-ICT-PTRE-03,00228-COMP-DESK-ICT-PTRE-03,114,COMP-DESK,77,Tidak Aktif,Rusak,0.0,,,LT,Aset,Corporate,,1,2021-02-11 07:21:44.000,2021-02-11 07:21:44.000,"P4:1800 Mhz, RAM:512 Mb, HD:40 Gb, 140016:64 MB"
776,2823,00230-COMP-DESK-ICT-PTRE-03,00230-COMP-DESK-ICT-PTRE-03,114,COMP-DESK,77,Tidak Aktif,Rusak,0.0,,,LT,Aset,Corporate,,1,2021-02-11 07:21:38.000,2021-02-11 07:21:38.000,"P4:2000 Mhz, RAM:1 Gb, HD:40 Gb, 140016:64 MB"
777,2825,00232-COMP-DESK-ICT-PTRE-03,00232-COMP-DESK-ICT-PTRE-03,114,COMP-DESK,77,Tidak Aktif,Rusak,0.0,,,LT,Aset,Corporate,,1,2021-02-11 07:21:30.000,2021-02-11 07:21:30.000,"P4:1800 Mhz, RAM:640 Mb, HD:40 Gb, 140016:64 MB"
778,2827,00234-COMP-DESK-ICT-PTRE-03,00234-COMP-DESK-ICT-PTRE-03,114,COMP-DESK,77,Tidak Aktif,Rusak,0.0,,,LT,Aset,Corporate,,1,2021-02-11 07:21:24.000,2021-02-11 07:21:24.000,"P4:1800 Mhz, RAM:640 Mb, HD:40 Gb, 140016:64 MB"
779,2829,00236-COMP-DESK-ICT-PTRE-03,00236-COMP-DESK-ICT-PTRE-03,114,COMP-DESK,77,Tidak Aktif,Rusak,0.0,,,LT,Aset,Corporate,,1,2021-02-11 07:21:18.000,2021-02-11 07:21:18.000,"P4:2400 Mhz, RAM:1Gb, HD:80 Gb, 140016:64 MB"
780,2831,00238-COMP-DESK-ICT-PTRE-03,00238-COMP-DESK-ICT-PTRE-03,114,COMP-DESK,77,Tidak Aktif,Rusak,0.0,,,LT,Aset,Corporate,,1,2021-02-11 07:21:05.000,2021-02-11 07:21:05.000,"P4:1800 Mhz, RAM:640 Mb, HD:40 Gb, 140016:64 MB"
781,2832,00239-COMP-DESK-ICT-PTRE-03,00239-COMP-DESK-ICT-PTRE-03,114,COMP-DESK,77,Tidak Aktif,Rusak,0.0,,,LT,Aset,Corporate,,1,2021-02-11 07:20:59.000,2021-02-11 07:20:59.000,"P4:1800 Mhz, RAM:1 Gb, HD:40 Gb, 140016:64 MB"
782,2834,00241-COMP-DESK-ICT-PTRE-03,00241-COMP-DESK-ICT-PTRE-03,114,COMP-DESK,77,Tidak Aktif,Rusak,0.0,,,LT,Aset,Corporate,,1,2021-02-11 07:20:53.000,2021-02-11 07:20:53.000,"P4:1700 Mhz, RAM:1 Gb, HD:40 Gb, 140016:64 MB"
783,2837,00244-COMP-DESK-ICT-PTRE-03,00244-COMP-DESK-ICT-PTRE-03,114,COMP-DESK,77,Tidak Aktif,Rusak,0.0,,,LT,Aset,Corporate,,1,2021-02-11 07:20:48.000,2021-02-11 07:20:48.000,"P4:1800 Mhz, RAM:256 Mb, HD:40 Gb, 140016:64 MB"
784,2839,00246-COMP-DESK-ICT-PTRE-03,00246-COMP-DESK-ICT-PTRE-03,114,COMP-DESK,77,Tidak Aktif,Rusak,0.0,,,LT,Aset,Corporate,,1,2021-02-11 07:20:42.000,2021-02-11 07:20:42.000,"P4:1800 Mhz, RAM:1 Gb, HD:40 Gb, 140016:64 MB"
785,2841,00248-COMP-DESK-ICT-PTRE-03,00248-COMP-DESK-ICT-PTRE-03,114,COMP-DESK,77,Tidak Aktif,Rusak,0.0,,,LT,Aset,Corporate,,1,2021-02-11 07:20:36.000,2021-02-11 07:20:36.000,"P4:1800 Mhz, RAM:640 Mb, HD:40 Gb, 140016:64 MB"
786,2843,00250-COMP-DESK-ICT-PTRE-03,00250-COMP-DESK-ICT-PTRE-03,114,COMP-DESK,77,Tidak Aktif,Rusak,0.0,,,LT,Aset,Corporate,,1,2021-02-11 07:20:30.000,2021-02-11 07:20:30.000,"P4:1700 Mhz, RAM:1 Gb, HD:40 Gb, 140016:64 MB"
787,2845,00252-COMP-DESK-ICT-PTRE-03,00252-COMP-DESK-ICT-PTRE-03,114,COMP-DESK,77,Tidak Aktif,Rusak,0.0,,,LT,Aset,Corporate,,1,2021-02-11 07:20:24.000,2021-02-11 07:20:24.000,"P4:1700 Mhz, RAM:1 Gb, HD:40 Gb, 140016:64 MB"
788,2847,00254-COMP-DESK-ICT-PTRE-03,00254-COMP-DESK-ICT-PTRE-03,114,COMP-DESK,77,Tidak Aktif,Rusak,0.0,,,LT,Aset,Corporate,,1,2021-02-11 07:20:19.000,2021-02-11 07:20:19.000,"P4:1700 Mhz, RAM:512 Mb, HD:40 Gb, 140016:64 MB"
789,2849,00256-COMP-DESK-ICT-PTRE-03,00256-COMP-DESK-ICT-PTRE-03,114,COMP-DESK,77,Tidak Aktif,Rusak,0.0,,,LT,Aset,Corporate,,1,2021-02-11 07:20:14.000,2021-02-11 07:20:14.000,"P4:1700 Mhz, RAM:1 Gb, HD:40 Gb, 140016:64 MB"
790,2851,00258-COMP-DESK-ICT-PTRE-03,00258-COMP-DESK-ICT-PTRE-03,114,COMP-DESK,77,Tidak Aktif,Rusak,0.0,,,LT,Aset,Corporate,,1,2021-02-11 07:20:08.000,2021-02-11 07:20:08.000,"P4:1800 Mhz, RAM:1 Gb, HD:80 Gb, 140016:64 MB"
791,2853,00260-COMP-DESK-ICT-PTRE-03,00260-COMP-DESK-ICT-PTRE-03,114,COMP-DESK,77,Tidak Aktif,Rusak,0.0,,,LT,Aset,Corporate,,1,2021-02-11 07:20:02.000,2021-02-11 07:20:02.000,"P4:1800 Mhz, RAM:1 Gb, HD:40 Gb, 140016:64 MB"
792,2855,00262-COMP-DESK-ICT-PTRE-03,00262-COMP-DESK-ICT-PTRE-03,114,COMP-DESK,77,Tidak Aktif,Rusak,0.0,,,LT,Aset,Corporate,,1,2021-02-11 07:19:56.000,2021-02-11 07:19:56.000,"P4:1800 Mhz, RAM:256 Mb, HD:40 Gb, 140016:64 MB"
793,2857,00264-COMP-DESK-ICT-PTRE-03,00264-COMP-DESK-ICT-PTRE-03,114,COMP-DESK,77,Tidak Aktif,Rusak,0.0,,,LT,Aset,Corporate,,1,2021-02-11 07:19:49.000,2021-02-11 07:19:49.000,"P4:1800 Mhz, RAM:256 Mb, HD:40 Gb, 140016:64 MB"
794,2859,00266-COMP-DESK-ICT-PTRE-03,00266-COMP-DESK-ICT-PTRE-03,114,COMP-DESK,77,Tidak Aktif,Rusak,0.0,,,LT,Aset,Corporate,,1,2021-02-11 07:19:41.000,2021-02-11 07:19:41.000,"P4:1800 Mhz, RAM:768 Mb, HD:40 Gb, 140016:64 MB"
795,2861,00268-COMP-DESK-ICT-PTRE-03,00268-COMP-DESK-ICT-PTRE-03,114,COMP-DESK,77,Tidak Aktif,Rusak,0.0,,,LT,Aset,Corporate,,1,2021-02-11 07:19:35.000,2021-02-11 07:19:35.000,"P4:1800 Mhz, RAM:640 Mb, HD:40 Gb, 140016:64 MB"
796,2862,00269-COMP-DESK-ICT-PTRE-03,00269-COMP-DESK-ICT-PTRE-03,114,COMP-DESK,77,Tidak Aktif,Rusak,0.0,,,LT,Aset,Corporate,,1,2021-02-11 07:19:29.000,2021-02-11 07:19:29.000,"P4:1800 Mhz, RAM:768 Mb, HD:40 Gb, 140016:64 MB"
797,2864,00271-COMP-DESK-ICT-PTRE-03,00271-COMP-DESK-ICT-PTRE-03,114,COMP-DESK,77,Tidak Aktif,Rusak,0.0,,,LT,Aset,Corporate,,1,2021-02-11 07:19:23.000,2021-02-11 07:19:23.000,"P4:1800 Mhz, RAM:1 Gb, HD:40 Gb, 140016:64 MB"
798,2866,00273-COMP-DESK-ICT-PTRE-03,00273-COMP-DESK-ICT-PTRE-03,114,COMP-DESK,77,Tidak Aktif,Rusak,0.0,,,LT,Aset,Corporate,,1,2021-02-11 07:19:17.000,2021-02-11 07:19:17.000,"P4:1800 Mhz, RAM:512 Gb, HD:40 Gb, 140016:64 MB"
799,2868,00275-COMP-DESK-ICT-PTRE-03,00275-COMP-DESK-ICT-PTRE-03,114,COMP-DESK,77,Tidak Aktif,Rusak,0.0,,,LT,Aset,Corporate,,1,2021-02-11 07:19:13.000,2021-02-11 07:19:13.000,"P4:1800 Mhz, RAM:512 Mb, HD:40 Gb, 140016:64 MB"
800,2870,00277-COMP-DESK-ICT-PTRE-03,00277-COMP-DESK-ICT-PTRE-03,114,COMP-DESK,77,Tidak Aktif,Rusak,0.0,,,LT,Aset,Corporate,,1,2021-02-11 07:19:04.000,2021-02-11 07:19:04.000,"P4:1800 Mhz, RAM:512 Mb, HD:40 Gb, 140016:64 MB"
801,2872,00279-COMP-DESK-ICT-PTRE-03,00279-COMP-DESK-ICT-PTRE-03,114,COMP-DESK,77,Tidak Aktif,Rusak,0.0,,,LT,Aset,Corporate,,1,2021-02-11 07:18:58.000,2021-02-11 07:18:58.000,"P4:1800 Mhz, RAM:640 Mb, HD:40 Gb, 140016:64 MB"
802,2874,00281-COMP-DESK-ICT-PTRE-03,00281-COMP-DESK-ICT-PTRE-03,114,COMP-DESK,77,Tidak Aktif,Rusak,0.0,,,LT,Aset,Corporate,,1,2021-02-11 07:18:52.000,2021-02-11 07:18:52.000,"P4:1800 Mhz, RAM:512 Mb, HD:40 Gb, 140016:64 MB"
803,2876,00283-COMP-DESK-ICT-PTRE-03,00283-COMP-DESK-ICT-PTRE-03,114,COMP-DESK,77,Tidak Aktif,Rusak,0.0,,,LT,Aset,Corporate,,1,2021-02-11 07:18:45.000,2021-02-11 07:18:45.000,"P4:1800 Mhz, RAM:640 Mb, HD:80 Gb, 140016:64 MB"
804,2878,00285-COMP-DESK-ICT-PTRE-03,00285-COMP-DESK-ICT-PTRE-03,114,COMP-DESK,77,Tidak Aktif,Rusak,0.0,,,LT,Aset,Corporate,,1,2021-02-11 07:18:39.000,2021-02-11 07:18:39.000,"P4:1800 Mhz, RAM:1 GB, HD:40 Gb, 140016:32 MB"
805,2880,00287-COMP-DESK-ICT-PTRE-03,00287-COMP-DESK-ICT-PTRE-03,114,COMP-DESK,77,Tidak Aktif,Rusak,0.0,,,LT,Aset,Corporate,,1,2021-02-11 07:18:33.000,2021-02-11 07:18:33.000,"P4:1800 Mhz, RAM:384 Mb, HD:40 Gb, 140016:64 MB"
806,2882,00289-COMP-DESK-ICT-PTRE-03,00289-COMP-DESK-ICT-PTRE-03,114,COMP-DESK,77,Tidak Aktif,Rusak,0.0,,,LT,Aset,Corporate,,1,2021-02-11 07:18:28.000,2021-02-11 07:18:28.000,"P4:1800 Mhz, RAM:512 Mb, HD:40 Gb, 140016:64 MB"
807,2884,00291-COMP-DESK-ICT-PTRE-03,00291-COMP-DESK-ICT-PTRE-03,114,COMP-DESK,77,Tidak Aktif,Rusak,0.0,,,LT,Aset,Corporate,,1,2021-02-11 07:18:21.000,2021-02-11 07:18:21.000,"P4:1800 Mhz, RAM:256 Mb, HD:40 Gb, 140016:64 MB"
808,2886,00293-COMP-DESK-ICT-PTRE-03,00293-COMP-DESK-ICT-PTRE-03,114,COMP-DESK,77,Tidak Aktif,Rusak,0.0,,,LT,Aset,Corporate,,1,2021-02-11 07:18:13.000,2021-02-11 07:18:13.000,"P4:1800 Mhz, RAM:640 Mb, HD:40 Gb, 140016:64 MB"
809,2888,00295-COMP-DESK-ICT-PTRE-03,00295-COMP-DESK-ICT-PTRE-03,114,COMP-DESK,77,Tidak Aktif,Rusak,0.0,,,LT,Aset,Corporate,,1,2021-02-11 07:18:08.000,2021-02-11 07:18:08.000,"P4:1800 Mhz, RAM:512 Mb, HD:40 Gb, 140016:64 MB"
810,2890,00297-COMP-DESK-ICT-PTRE-03,00297-COMP-DESK-ICT-PTRE-03,114,COMP-DESK,77,Tidak Aktif,Rusak,0.0,,,LT,Aset,Corporate,,1,2021-02-11 07:18:04.000,2021-02-11 07:18:04.000,"P4:1800 Mhz, RAM:768 Mb, HD:40 Gb, 140016:64 MB"
811,2892,00299-COMP-DESK-ICT-PTRE-03,00299-COMP-DESK-ICT-PTRE-03,114,COMP-DESK,77,Tidak Aktif,Rusak,0.0,,,LT,Aset,Corporate,,1,2021-02-11 07:17:58.000,2021-02-11 07:17:58.000,"P4:1800 Mhz, RAM:384 Mb, HD:40 Gb, 140016:64 MB"
812,2894,00301-COMP-DESK-ICT-PTRE-03,00301-COMP-DESK-ICT-PTRE-03,114,COMP-DESK,77,Tidak Aktif,Rusak,0.0,,,LT,Aset,Corporate,,1,2021-02-11 07:17:53.000,2021-02-11 07:17:53.000,"P4:1700 Mhz, RAM:256 Mb, HD:40 Gb, 140016:64 MB"
813,2896,00303-COMP-DESK-ICT-PTRE-03,00303-COMP-DESK-ICT-PTRE-03,114,COMP-DESK,77,Tidak Aktif,Rusak,0.0,,,LT,Aset,Corporate,,1,2021-02-11 07:17:48.000,2021-02-11 07:17:48.000,"P4:1800 Mhz, RAM:768 Mb, HD:40 Gb, 140016:64 MB"
814,2898,00305-COMP-DESK-ICT-PTRE-03,00305-COMP-DESK-ICT-PTRE-03,114,COMP-DESK,77,Tidak Aktif,Rusak,0.0,,,LT,Aset,Corporate,,1,2021-02-11 07:17:42.000,2021-02-11 07:17:42.000,"P4:1800 Mhz, RAM:512 Mb, HD:40 Gb, 140016:64 MB"
815,2900,00307-COMP-DESK-ICT-PTRE-03,00307-COMP-DESK-ICT-PTRE-03,114,COMP-DESK,77,Tidak Aktif,Rusak,0.0,,,LT,Aset,Corporate,,1,2021-02-11 07:17:37.000,2021-02-11 07:17:37.000,"P4:1800 Mhz, RAM:512 Mb, HD:40 Gb, 140016:64 MB"
816,2902,00309-COMP-DESK-ICT-PTRE-03,00309-COMP-DESK-ICT-PTRE-03,114,COMP-DESK,77,Tidak Aktif,Rusak,0.0,,,LT,Aset,Corporate,,1,2021-02-11 07:17:32.000,2021-02-11 07:17:32.000,"P4:1800 Mhz, RAM:1 Gb, HD:40 Gb, 140016:64 MB"
817,2904,00311-COMP-DESK-ICT-PTRE-03,00311-COMP-DESK-ICT-PTRE-03,114,COMP-DESK,77,Tidak Aktif,Rusak,0.0,,,LT,Aset,Corporate,,1,2021-02-11 07:17:27.000,2021-02-11 07:17:27.000,"P4:1700 Mhz, RAM:512 Mb, HD:40 Gb, 140016:64 MB"
818,2906,00313-COMP-DESK-ICT-PTRE-03,00313-COMP-DESK-ICT-PTRE-03,114,COMP-DESK,77,Tidak Aktif,Rusak,0.0,,,LT,Aset,Corporate,,1,2021-02-11 07:17:21.000,2021-02-11 07:17:21.000,"P4:1700 Mhz, RAM:512 Mb, HD:40 Gb, 140016:64 MB"
819,2909,00316-COMP-DESK-ICT-PTRE-03,00316-COMP-DESK-ICT-PTRE-03,114,COMP-DESK,77,Tidak Aktif,Rusak,0.0,,,LT,Aset,Corporate,,1,2021-02-11 07:17:16.000,2021-02-11 07:17:16.000,"P4:1700 Mhz, RAM:256 Mb, HD:40 Gb, 140016:64 MB"
820,2911,00318-COMP-DESK-ICT-PTRE-03,00318-COMP-DESK-ICT-PTRE-03,114,COMP-DESK,77,Tidak Aktif,Rusak,0.0,,,LT,Aset,Corporate,,1,2021-02-11 07:17:11.000,2021-02-11 07:17:11.000,"P4:1800 Mhz, RAM:256 Mb, HD:40 Gb, 140016:64 MB"
821,2913,00320-COMP-DESK-ICT-PTRE-03,00320-COMP-DESK-ICT-PTRE-03,114,COMP-DESK,77,Tidak Aktif,Rusak,0.0,,,LT,Aset,Corporate,,1,2021-02-11 07:17:06.000,2021-02-11 07:17:06.000,"P4:1800 Mhz, RAM:256 Mb, HD:40 Gb, 140016:64 MB"
822,2915,00322-COMP-DESK-ICT-PTRE-03,00322-COMP-DESK-ICT-PTRE-03,114,COMP-DESK,77,Tidak Aktif,Rusak,0.0,,,LT,Aset,Corporate,,1,2021-02-11 07:17:01.000,2021-02-11 07:17:01.000,"P4:1700 Mhz, RAM:640 Mb, HD:40 Gb, 140016:64 MB"
823,2917,00324-COMP-DESK-ICT-PTRE-03,00324-COMP-DESK-ICT-PTRE-03,114,COMP-DESK,77,Tidak Aktif,Rusak,0.0,,,LT,Aset,Corporate,,1,2021-02-11 07:16:54.000,2021-02-11 07:16:54.000,"P4:1800 Mhz, RAM:768 Mb, HD:40 Gb, 140016:64 MB"
824,2919,00326-COMP-DESK-ICT-PTRE-03,00326-COMP-DESK-ICT-PTRE-03,114,COMP-DESK,77,Tidak Aktif,Rusak,0.0,,,LT,Aset,Corporate,,1,2021-02-11 07:16:49.000,2021-02-11 07:16:49.000,"P4:1800 Mhz, RAM:768 Mb, HD:40 Gb, 140016:64 MB"
825,2921,00328-COMP-DESK-ICT-PTRE-03,00328-COMP-DESK-ICT-PTRE-03,114,COMP-DESK,77,Tidak Aktif,Rusak,0.0,,,LT,Aset,Corporate,,1,2021-02-11 07:16:39.000,2021-02-11 07:16:39.000,"P4:1800 Mhz, RAM:512 Mb, HD:40 Gb, 140016:64 MB"
826,2923,00330-COMP-DESK-ICT-PTRE-03,00330-COMP-DESK-ICT-PTRE-03,114,COMP-DESK,77,Tidak Aktif,Rusak,0.0,,,LT,Aset,Corporate,,1,2021-02-11 07:16:31.000,2021-02-11 07:16:31.000,"P4:1800 Mhz, RAM:640 Mb, HD:40 Gb, 140016:64 MB"
827,2927,00334-COMP-DESK-ICT-PTRE-03,00334-COMP-DESK-ICT-PTRE-03,114,COMP-DESK,77,Tidak Aktif,Rusak,0.0,,,LT,Aset,Corporate,,1,2021-02-11 07:16:24.000,2021-02-11 07:16:24.000,"P4:1800 Mhz, RAM:1 Gb, HD:40 Gb, 140016:64 MB"
828,2929,00336-COMP-DESK-ICT-PTRE-03,00336-COMP-DESK-ICT-PTRE-03,114,COMP-DESK,77,Tidak Aktif,Rusak,0.0,,,LT,Aset,Corporate,,1,2021-02-11 07:16:16.000,2021-02-11 07:16:16.000,"P4:1800 Mhz, RAM:256 Mb, HD:80 Gb, 140016:64 MB"
829,2930,00337-COMP-DESK-ICT-PTRE-03,00337-COMP-DESK-ICT-PTRE-03,114,COMP-DESK,77,Tidak Aktif,Rusak,0.0,,,LT,Aset,Corporate,,1,2021-02-11 07:16:10.000,2021-02-11 07:16:10.000,"P4:1800 Mhz, RAM:256 Mb, HD:40 Gb, 140016:64 MB"
830,2931,00338-COMP-DESK-ICT-PTRE-03,00338-COMP-DESK-ICT-PTRE-03,114,COMP-DESK,77,Tidak Aktif,Rusak,0.0,,,LT,Aset,Corporate,,1,2021-02-11 07:15:55.000,2021-02-11 07:15:55.000,"P4:1800 Mhz, RAM:512 Mb, HD:80 Gb, 140016:64 MB"
831,2946,00353-COMP-DESK-ICT-PTRE-03,00353-COMP-DESK-ICT-PTRE-03,114,COMP-DESK,77,Tidak Aktif,Rusak,0.0,,,LT,Aset,Corporate,,1,2021-02-11 07:15:43.000,2021-02-11 07:15:43.000,"P4:1800 Mhz, RAM:512 Mb, HD:80 Gb, 140016:64 MB"
832,2947,00354-COMP-DESK-ICT-PTRE-03,00354-COMP-DESK-ICT-PTRE-03,114,COMP-DESK,77,Tidak Aktif,Rusak,0.0,,,LT,Aset,Corporate,,1,2021-02-11 07:15:30.000,2021-02-11 07:15:30.000,"P4:1800 Mhz, RAM:512 Mb, HD:40 Gb, 140016:64 MB"
833,2950,00357-COMP-DESK-ICT-PTRE-03,00357-COMP-DESK-ICT-PTRE-03,114,COMP-DESK,77,Tidak Aktif,Rusak,0.0,,,LT,Aset,Corporate,,1,2021-02-11 07:15:22.000,2021-02-11 07:15:22.000,"P4:1800 Mhz, RAM:256 Mb, HD:40 Gb, 140016:64 MB"
834,2952,00359-COMP-DESK-ICT-PTRE-03,00359-COMP-DESK-ICT-PTRE-03,114,COMP-DESK,77,Tidak Aktif,Rusak,0.0,,,LT,Aset,Corporate,,1,2021-02-11 07:15:08.000,2021-02-11 07:15:08.000,"P4:1800 Mhz, RAM:256 Mb, HD:40 Gb, 140016:64 MB"
835,2954,00361-COMP-DESK-ICT-PTRE-03,00361-COMP-DESK-ICT-PTRE-03,114,COMP-DESK,77,Tidak Aktif,Rusak,0.0,,,LT,Aset,Corporate,,1,2021-02-11 07:33:50.000,2021-02-11 07:33:50.000,"P4:1800 Mhz, RAM:1 Gb, HD:40 Gb, 140016:64 MB"
836,2956,00363-COMP-DESK-ICT-PTRE-03,00363-COMP-DESK-ICT-PTRE-03,114,COMP-DESK,77,Tidak Aktif,Rusak,0.0,,,LT,Aset,Corporate,,1,2021-02-11 07:33:57.000,2021-02-11 07:33:57.000,"P4:1800 Mhz, RAM:512 Mb, HD:40 Gb, 140016:64 MB"
837,2958,00365-COMP-DESK-ICT-PTRE-03,00365-COMP-DESK-ICT-PTRE-03,114,COMP-DESK,77,Tidak Aktif,Rusak,0.0,,,LT,Aset,Corporate,,1,2021-02-11 07:34:02.000,2021-02-11 07:34:02.000,"P4:1800 Mhz, RAM:256 Mb, HD:40 Gb, 140016:64 MB"
838,2960,00367-COMP-DESK-ICT-PTRE-03,00367-COMP-DESK-ICT-PTRE-03,114,COMP-DESK,77,Tidak Aktif,Rusak,0.0,,,LT,Aset,Corporate,,1,2021-02-11 07:34:11.000,2021-02-11 07:34:11.000,"P4:1800 Mhz, RAM:1 Gb, HD:40 Gb, 140016:64 MB"
839,2962,00369-COMP-DESK-ICT-PTRE-03,00369-COMP-DESK-ICT-PTRE-03,114,COMP-DESK,77,Tidak Aktif,Rusak,0.0,,,LT,Aset,Corporate,,1,2021-02-11 07:34:16.000,2021-02-11 07:34:16.000,"P4:1800 Mhz, RAM:256 Mb, HD:40 Gb, 140016:64 MB"
840,2964,00371-COMP-DESK-ICT-PTRE-03,00371-COMP-DESK-ICT-PTRE-03,114,COMP-DESK,77,Tidak Aktif,Rusak,0.0,,,LT,Aset,Corporate,,1,2021-02-11 07:34:22.000,2021-02-11 07:34:22.000,"P4:1800 Mhz, RAM:256 Mb, HD:40 Gb, 140016:64 MB"
841,2987,00394-COMP-DESK-ICT-PTRE-04,00394-COMP-DESK-ICT-PTRE-04,114,COMP-DESK,77,Tidak Aktif,Rusak,0.0,,,LT,Aset,Corporate,,1,2021-02-11 07:34:29.000,2021-02-11 07:34:29.000,"P4:2400 Mhz, RAM:768 Mb, HD:80 Gb, 140016:64 MB"
842,3002,00409-COMP-DESK-ICT-PTRE-05,00409-COMP-DESK-ICT-PTRE-05,114,COMP-DESK,77,Tidak Aktif,Rusak,0.0,,,LT,Aset,Corporate,,1,2021-02-11 07:34:35.000,2021-02-11 07:34:35.000,"P4:3000 Mhz, RAM:512 Mb, HD:80 Gb, 140016:64 MB, MODEM"
843,3019,00426-COMP-DESK-ICT-PTRE-06,00426-COMP-DESK-ICT-PTRE-06,114,COMP-DESK,77,Tidak Aktif,Rusak,0.0,,,LT,Aset,Corporate,,1,2021-02-11 07:34:46.000,2021-02-11 07:34:46.000,"P4:2400 Mhz, RAM:1 Gb, HD:40 Gb, 140016:64 MB"
844,3028,00435-COMP-DESK-ICT-PTRE-07,00435-COMP-DESK-ICT-PTRE-07,115,COMP-DESK,77,Tidak Aktif,Rusak,0.0,,,LT,Aset,Corporate,,1,2021-02-11 07:34:54.000,2021-02-11 07:34:54.000,"AMD ATHLON:2600 Mhz, RAM:512 Mb, HD:320 Gb, 140016:128 MB"
845,3029,00436-COMP-DESK-ICT-PTRE-07,00436-COMP-DESK-ICT-PTRE-07,115,COMP-DESK,77,Tidak Aktif,Rusak,0.0,,,LT,Aset,Corporate,,1,2021-02-11 07:35:01.000,2021-02-11 07:35:01.000,"AMD ATHLON:2600 Mhz, RAM:512 Mb, HD:320 Gb x 3, 140016:64 MB"
846,3030,00437-COMP-DESK-ICT-PTRE-07,00437-COMP-DESK-ICT-PTRE-07,115,COMP-DESK,77,Tidak Aktif,Rusak,0.0,,,LT,Aset,Corporate,,1,2021-02-11 07:35:06.000,2021-02-11 07:35:06.000,"AMD ATHLON:3800 Mhz, RAM:512 Mb, HD:80 Gb, 140016:128 MB"
847,3033,00440-COMP-DESK-ICT-PTRE-07,00440-COMP-DESK-ICT-PTRE-07,115,COMP-DESK,77,Tidak Aktif,Rusak,0.0,,,LT,Aset,Corporate,,1,2021-02-11 07:35:12.000,2021-02-11 07:35:12.000,"AMD ATHLON:3800 Mhz, RAM:512 Mb, HD:80 Gb, 140016:128 MB"
848,3035,00442-COMP-DESK-ICT-PTRE-07,00442-COMP-DESK-ICT-PTRE-07,115,COMP-DESK,77,Tidak Aktif,Rusak,0.0,,,LT,Aset,Corporate,,1,2021-02-11 07:35:18.000,2021-02-11 07:35:18.000,"AMD ATHLON:3800 Mhz, RAM:1 Gb, HD:80 Gb, 140016:128 MB"
849,3036,00443-COMP-DESK-ICT-PTRE-07,00443-COMP-DESK-ICT-PTRE-07,115,COMP-DESK,77,Tidak Aktif,Rusak,0.0,,,LT,Aset,Corporate,,1,2021-02-11 07:35:23.000,2021-02-11 07:35:23.000,"AMD ATHLON:3800 Mhz, RAM:1 Gb, HD:80 Gb, 140016:128 MB"
850,3039,00446-COMP-DESK-ICT-PTRE-07,00446-COMP-DESK-ICT-PTRE-07,115,COMP-DESK,77,Tidak Aktif,Rusak,0.0,,,LT,Aset,Corporate,,1,2021-02-11 07:35:30.000,2021-02-11 07:35:30.000,"AMD ATHLON:3000 Mhz, RAM:1,5 Gb, HD:80 Gb, 140016:128 MB"
851,3041,00448-COMP-DESK-ICT-PTRE-07,00448-COMP-DESK-ICT-PTRE-07,115,COMP-DESK,77,Tidak Aktif,Rusak,0.0,,,LT,Aset,Corporate,,1,2021-02-11 07:35:38.000,2021-02-11 07:35:38.000,"AMD ATHLON:3000 Mhz, RAM:1 Gb, HD:80 Gb, 140016:64 MB"
852,3043,00450-COMP-DESK-ICT-PTRE-07,00450-COMP-DESK-ICT-PTRE-07,115,COMP-DESK,77,Tidak Aktif,Rusak,0.0,,,LT,Aset,Corporate,,1,2021-02-11 07:35:46.000,2021-02-11 07:35:46.000,"AMD ATHLON:3800 Mhz, RAM:1 Gb, HD:80 Gb, 140016:128 MB"
853,3044,00451-COMP-DESK-ICT-PTRE-07,00451-COMP-DESK-ICT-PTRE-07,115,COMP-DESK,77,Tidak Aktif,Rusak,0.0,,,LT,Aset,Corporate,,1,2021-02-11 07:35:52.000,2021-02-11 07:35:52.000,"AMD ATHLON:3000 Mhz, RAM:1 Gb, HD:80 Gb, 140016:64 MB"
854,3045,00452-COMP-DESK-ICT-PTRE-07,00452-COMP-DESK-ICT-PTRE-07,115,COMP-DESK,77,Tidak Aktif,Rusak,0.0,,,LT,Aset,Corporate,,1,2021-02-11 07:35:56.000,2021-02-11 07:35:56.000,"AMD ATHLON:3800 Mhz, RAM:1 Gb, HD:80 Gb, 140016:128 MB"
855,3046,00453-COMP-DESK-ICT-PTRE-07,00453-COMP-DESK-ICT-PTRE-07,115,COMP-DESK,77,Tidak Aktif,Rusak,0.0,,,LT,Aset,Corporate,,1,2021-02-11 07:36:03.000,2021-02-11 07:36:03.000,"AMD ATHLON:3000 Mhz, RAM:1,5 Gb, HD:80 Gb, 140016:128 MB"
856,3047,00454-COMP-DESK-ICT-PTRE-07,00454-COMP-DESK-ICT-PTRE-07,115,COMP-DESK,77,Tidak Aktif,Rusak,0.0,,,LT,Aset,Corporate,,1,2021-02-11 07:36:10.000,2021-02-11 07:36:10.000,"AMD ATHLON:3000 Mhz, RAM:1 Gb, HD:80 Gb, 140016:64 MB"
857,3054,00461-COMP-DESK-ICT-PTRE-08,00461-COMP-DESK-ICT-PTRE-08,120,COMP-DESK,77,Tidak Aktif,Rusak,0.0,,,LT,Aset,Corporate,,1,2021-02-11 07:36:19.000,2021-02-11 07:36:19.000,"Dual Core:1800 Mhz, RAM:1 Gb, HD:80 Gb, 140016:128 MB"
858,3056,00463-COMP-DESK-ICT-PTRE-08,00463-COMP-DESK-ICT-PTRE-08,120,COMP-DESK,77,Tidak Aktif,Rusak,0.0,,,LT,Aset,Corporate,,1,2021-02-11 07:36:26.000,2021-02-11 07:36:26.000,"Dual Core:1800 Mhz, RAM:1 Gb, HD:80 Gb, 140016:128 MB"
859,3058,00465-COMP-DESK-ICT-PTRE-08,00465-COMP-DESK-ICT-PTRE-08,120,COMP-DESK,77,Tidak Aktif,Rusak,0.0,,,LT,Aset,Corporate,,1,2021-02-11 07:36:38.000,2021-02-11 07:36:38.000,"Dual Core:1800 Mhz, RAM:1 Gb, HD:320 Gb, 140016:128 MB"
860,3060,00467-COMP-DESK-ICT-PTRE-08,00467-COMP-DESK-ICT-PTRE-08,120,COMP-DESK,77,Tidak Aktif,Rusak,0.0,,,LT,Aset,Corporate,,1,2021-02-11 07:36:44.000,2021-02-11 07:36:44.000,"Dual Core:1800 Mhz, RAM:1 Gb, HD:320 Gb, 140016:128 MB"
861,3062,00469-COMP-DESK-ICT-PTRE-08,00469-COMP-DESK-ICT-PTRE-08,120,COMP-DESK,165,Tidak Aktif,Rusak,0.0,,,LT,Aset,Corporate,9198,1,2024-06-13 14:39:51.000,2024-06-13 14:39:51.000,"Dual Core:1800 Mhz, RAM:1 Gb, HD:320 Gb, 140016:128 MB"
862,3064,00471-COMP-DESK-ICT-PTRE-08,00471-COMP-DESK-ICT-PTRE-08,120,COMP-DESK,77,Tidak Aktif,Rusak,0.0,,,LT,Aset,Corporate,,1,2021-02-11 07:36:55.000,2021-02-11 07:36:55.000,"Dual Core:1800 Mhz, RAM:1 Gb, HD:320 Gb, 140016:128 MB"
863,3069,00476-COMP-DESK-ICT-PTRE-08,00476-COMP-DESK-ICT-PTRE-08,120,COMP-DESK,77,Tidak Aktif,Rusak,0.0,,,LT,Aset,Corporate,,1,2021-02-11 07:37:02.000,2021-02-11 07:37:02.000,"Dual Core:1800 Mhz, RAM:1 Gb, HD:80 Gb, 140016:128 MB"
864,3076,00483-COMP-DESK-ICT-PTRE-08,00483-COMP-DESK-ICT-PTRE-08,120,COMP-DESK,77,Tidak Aktif,Rusak,0.0,,,LT,Aset,Corporate,,1,2021-02-11 07:37:08.000,2021-02-11 07:37:08.000,"Dual Core:1800 Mhz, RAM:1 Gb, HD:320 Gb, 140016:128 MB"
865,3078,00485-COMP-DESK-ICT-PTRE-08,00485-COMP-DESK-ICT-PTRE-08,120,COMP-DESK,77,Tidak Aktif,Rusak,0.0,,,LT,Aset,Corporate,,1,2021-02-11 07:37:14.000,2021-02-11 07:37:14.000,"Dual Core:1800 Mhz, RAM:1 Gb, HD:320 Gb, 140016:128 MB"
866,3081,00488-COMP-DESK-ICT-PTRE-08,00488-COMP-DESK-ICT-PTRE-08,120,COMP-DESK,77,Tidak Aktif,Rusak,0.0,,,LT,Aset,Corporate,,1,2021-02-11 07:37:20.000,2021-02-11 07:37:20.000,"Dual Core:1800 Mhz, RAM:1 Gb, HD:320 Gb, 140016:128 MB"
867,3083,00490-COMP-DESK-ICT-PTRE-08,00490-COMP-DESK-ICT-PTRE-08,120,COMP-DESK,77,Tidak Aktif,Rusak,0.0,,,LT,Aset,Corporate,,1,2021-02-11 07:37:25.000,2021-02-11 07:37:25.000,"Dual Core:1800 Mhz, RAM:1 Gb, HD:320 Gb, 140016:128 MB"
868,3085,00492-COMP-DESK-ICT-PTRE-08,00492-COMP-DESK-ICT-PTRE-08,120,COMP-DESK,77,Tidak Aktif,Rusak,0.0,,,LT,Aset,Corporate,,1,2021-02-11 07:37:34.000,2021-02-11 07:37:34.000,"Dual Core:1800 Mhz, RAM:1 Gb, HD:320 Gb, 140016:128 MB"
869,3087,00494-COMP-DESK-ICT-PTRE-08,00494-COMP-DESK-ICT-PTRE-08,120,COMP-DESK,77,Tidak Aktif,Rusak,0.0,,,LT,Aset,Corporate,,1,2021-02-11 07:37:41.000,2021-02-11 07:37:41.000,"Dual Core:1800 Mhz, RAM:1 Gb, HD:80 Gb, 140016:128 MB"
870,3089,00496-COMP-DESK-ICT-PTRE-08,00496-COMP-DESK-ICT-PTRE-08,120,COMP-DESK,77,Tidak Aktif,Rusak,0.0,,,LT,Aset,Corporate,,1,2021-02-11 07:37:50.000,2021-02-11 07:37:50.000,"Dual Core:1800 Mhz, RAM:1 Gb, HD:80 Gb, 140016:128 MB"
871,3091,00498-COMP-DESK-ICT-PTRE-08,00498-COMP-DESK-ICT-PTRE-08,120,COMP-DESK,77,Tidak Aktif,Rusak,0.0,,,LT,Aset,Corporate,,1,2021-02-11 07:37:55.000,2021-02-11 07:37:55.000,"Dual Core:1800 Mhz, RAM:1 Gb, HD:320 Gb, 140016:128 MB"
872,3093,00500-COMP-DESK-ICT-PTRE-08,00500-COMP-DESK-ICT-PTRE-08,120,COMP-DESK,77,Tidak Aktif,Rusak,0.0,,,LT,Aset,Corporate,,1,2021-02-11 07:38:02.000,2021-02-11 07:38:02.000,"Dual Core:1800 Mhz, RAM:1 Gb, HD:320 Gb, 140016:128 MB"
873,3097,00504-COMP-DESK-ICT-PTRE-08,00504-COMP-DESK-ICT-PTRE-08,120,COMP-DESK,77,Tidak Aktif,Rusak,0.0,,,LT,Aset,Corporate,,1,2021-02-11 07:38:09.000,2021-02-11 07:38:09.000,"Dual Core:1800 Mhz, RAM:1 Gb, HD:320 Gb, 140016:128 MB"
874,3103,00510-COMP-DESK-ICT-PTRE-08,00510-COMP-DESK-ICT-PTRE-08,120,COMP-DESK,77,Tidak Aktif,Rusak,0.0,,,LT,Aset,Corporate,,1,2021-02-11 07:38:24.000,2021-02-11 07:38:24.000,"Dual Core:1800 Mhz, RAM:1 Gb, HD:320 Gb, 140016:128 MB"
875,3109,00516-COMP-DESK-ICT-PTRE-08,00516-COMP-DESK-ICT-PTRE-08,120,COMP-DESK,77,Tidak Aktif,Rusak,0.0,,,LT,Aset,Corporate,,1,2021-02-11 07:38:30.000,2021-02-11 07:38:30.000,"Dual Core:1800 Mhz, RAM:1 Gb, HD:320 Gb, 140016:128 MB"
876,3111,00518-COMP-DESK-ICT-PTRE-08,00518-COMP-DESK-ICT-PTRE-08,120,COMP-DESK,77,Tidak Aktif,Rusak,0.0,,,LT,Aset,Corporate,,1,2021-02-11 07:38:36.000,2021-02-11 07:38:36.000,"Dual Core:1800 Mhz, RAM:1 Gb, HD:320 Gb, 140016:128 MB"
877,3117,00524-COMP-DESK-ICT-PTRE-08,00524-COMP-DESK-ICT-PTRE-08,120,COMP-DESK,77,Tidak Aktif,Rusak,0.0,,,LT,Aset,Corporate,,1,2021-02-11 07:38:46.000,2021-02-11 07:38:46.000,"Dual Core:1800 Mhz, RAM:1 Gb, HD:320 Gb, 140016:128 MB"
878,3120,00527-COMP-DESK-ICT-PTRE-08,00527-COMP-DESK-ICT-PTRE-08,120,COMP-DESK,77,Tidak Aktif,Rusak,0.0,,,LT,Aset,Corporate,,1,2021-02-11 07:39:08.000,2021-02-11 07:39:08.000,"Dual Core:1800 Mhz, RAM:1 Gb, HD:320 Gb, 140016:128 MB"
879,3122,00529-COMP-DESK-ICT-PTRE-08,00529-COMP-DESK-ICT-PTRE-08,120,COMP-DESK,77,Tidak Aktif,Rusak,0.0,,,LT,Aset,Corporate,,1,2021-02-11 07:39:32.000,2021-02-11 07:39:32.000,"Dual Core:1800 Mhz, RAM:1 Gb, HD:320 Gb, 140016:128 MB"
880,3124,00531-COMP-DESK-ICT-PTRE-08,00531-COMP-DESK-ICT-PTRE-08,120,COMP-DESK,77,Tidak Aktif,Rusak,0.0,,,LT,Aset,Corporate,,1,2021-02-11 07:40:08.000,2021-02-11 07:40:08.000,"Dual Core:1800 Mhz, RAM:1 Gb, HD:320 Gb, 140016:128 MB"
881,3126,00533-COMP-DESK-ICT-PTRE-08,00533-COMP-DESK-ICT-PTRE-08,120,COMP-DESK,77,Tidak Aktif,Rusak,0.0,,,LT,Aset,Corporate,,1,2021-02-11 07:40:14.000,2021-02-11 07:40:14.000,"Dual Core:1800 Mhz, RAM:1 Gb, HD:320 Gb, 140016:128 MB"
882,3129,00536-COMP-DESK-ICT-PTRE-08,00536-COMP-DESK-ICT-PTRE-08,120,COMP-DESK,77,Tidak Aktif,Rusak,0.0,,,LT,Aset,Corporate,,1,2021-02-11 07:40:22.000,2021-02-11 07:40:22.000,"Dual Core:1800 Mhz, RAM:1 Gb, HD:320 Gb, 140016:128 MB"
883,3131,00538-COMP-DESK-ICT-PTRE-08,00538-COMP-DESK-ICT-PTRE-08,120,COMP-DESK,77,Tidak Aktif,Rusak,0.0,,,LT,Aset,Corporate,,1,2021-02-11 07:40:29.000,2021-02-11 07:40:29.000,"Dual Core:1800 Mhz, RAM:1 Gb, HD:320 Gb, 140016:128 MB"
884,3133,00540-COMP-DESK-ICT-PTRE-08,00540-COMP-DESK-ICT-PTRE-08,120,COMP-DESK,77,Tidak Aktif,Rusak,0.0,,,LT,Aset,Corporate,,1,2021-02-11 07:40:36.000,2021-02-11 07:40:36.000,"Dual Core:1800 Mhz, RAM:1 Gb, HD:320 Gb, 140016:128 MB"
885,3137,00544-COMP-DESK-ICT-PTRE-08,00544-COMP-DESK-ICT-PTRE-08,120,COMP-DESK,77,Tidak Aktif,Rusak,0.0,,,LT,Aset,Corporate,,1,2021-02-11 07:40:42.000,2021-02-11 07:40:42.000,"Dual Core:1800 Mhz, RAM:1 Gb, HD:320 Gb, 140016:128 MB"
886,3139,00546-COMP-DESK-ICT-PTRE-08,00546-COMP-DESK-ICT-PTRE-08,120,COMP-DESK,77,Tidak Aktif,Rusak,0.0,,,LT,Aset,Corporate,,1,2021-02-11 07:40:51.000,2021-02-11 07:40:51.000,"Dual Core:1800 Mhz, RAM:1 Gb, HD:320 Gb, 140016:128 MB"
887,3159,00566-COMP-DESK-ICT-PTRE-09,00566-COMP-DESK-ICT-PTRE-09,116,COMP-DESK,175,Tidak Aktif,Rusak,0.0,,,LT,Aset,Corporate,,1,2021-02-11 07:40:58.000,2021-02-11 07:40:58.000,"QUAD CORE 8600, HD 250 GB, RAM 4 GB, 140016 9800 GT 512 MB"
888,3160,00567-COMP-DESK-ICT-PTRE-09,00567-COMP-DESK-ICT-PTRE-09,116,COMP-DESK,81,Tidak Aktif,Rusak,0.0,,,LT,Aset,Corporate,,1,2021-02-11 07:41:12.000,2021-02-11 07:41:12.000,"QUAD CORE 9500, HD 250 GB, RAM 4 GB, 140016 9800 GT 512 MB"
889,3161,00568-COMP-DESK-ICT-PTRE-09,00568-COMP-DESK-ICT-PTRE-09,116,COMP-DESK,77,Tidak Aktif,Rusak,0.0,,,LT,Aset,Corporate,,1,2021-02-11 07:41:17.000,2021-02-11 07:41:17.000,"QUAD CORE 9500, HD 250 GB, RAM 4 GB, 140016 9800 GT 512 MB"
890,3166,00573-COMP-DESK-ICT-PTRE-09,00573-COMP-DESK-ICT-PTRE-09,116,COMP-DESK,165,Tidak Aktif,Rusak,0.0,,,LT,Aset,Corporate,,1,2021-02-11 07:41:27.000,2021-02-11 07:41:27.000,"i CORE 7 , HD 320 GB, RAM 4 GB, 140016 GTX 275, CASING ENLIGHT"
891,3168,00575-COMP-DESK-ICT-PTRE-09,00575-COMP-DESK-ICT-PTRE-09,116,COMP-DESK,77,Tidak Aktif,Rusak,0.0,,,LT,Aset,Corporate,,1,2021-02-11 07:41:38.000,2021-02-11 07:41:38.000,"i CORE 7 , HD 320 GB, RAM 4 GB, 140016 GTX 275, CASING ENLIGHT"
892,3171,00578-COMP-DESK-ICT-PTRE-09,00578-COMP-DESK-ICT-PTRE-09,116,COMP-DESK,77,Tidak Aktif,Rusak,0.0,,,LT,Aset,Corporate,,1,2021-02-11 07:41:44.000,2021-02-11 07:41:44.000,"QUAD CORE 9200 , HD 250 GB, RAM 2 GB, 140016 GSO 9500, CASING ENLIGHT"
893,3173,00580-COMP-DESK-ICT-PTRE-09,00580-COMP-DESK-ICT-PTRE-09,116,COMP-DESK,77,Tidak Aktif,Rusak,0.0,,,LT,Aset,Corporate,,1,2021-02-11 07:41:56.000,2021-02-11 07:41:56.000,"QUAD CORE 9200 , HD 250 GB, RAM 2 GB, 140016 GSO 9500, CASING ENLIGHT"
894,3175,00582-COMP-DESK-ICT-PTRE-10,00582-COMP-DESK-ICT-PTRE-10,116,COMP-DESK,77,Tidak Aktif,Rusak,0.0,,,LT,Aset,Corporate,,1,2021-02-11 07:42:05.000,2021-02-11 07:42:05.000,"QUAD CORE 9200 , HD 250 GB, RAM 2 GB, 140016 GS 240, CASING ENLIGHT"
895,3177,00584-COMP-DESK-ICT-PTRE-10,00584-COMP-DESK-ICT-PTRE-10,116,COMP-DESK,77,Tidak Aktif,Rusak,0.0,,,LT,Aset,Corporate,,1,2021-02-11 07:42:11.000,2021-02-11 07:42:11.000,"QUAD CORE 9200 , HD 250 GB, RAM 2 GB, 140016 GS 240, CASING ENLIGHT"
896,3191,00598-COMP-DESK-ICT-PTRE-10,00598-COMP-DESK-ICT-PTRE-10,116,COMP-DESK,77,Tidak Aktif,Rusak,0.0,,,LT,Aset,Corporate,,1,2021-02-11 07:42:17.000,2021-02-11 07:42:17.000,"CORE I 7 860, RAM 6 GB, HD 4 X 1,5 TB, CASING ENLIGHT"
897,3192,00599-COMP-DESK-ICT-PTRE-10,00599-COMP-DESK-ICT-PTRE-10,116,COMP-DESK,77,Tidak Aktif,Rusak,0.0,,,LT,Aset,Corporate,,1,2021-02-11 07:42:23.000,2021-02-11 07:42:23.000,"QUAD CORE 8400 , HD 320 GB, RAM 2 GB, 140016 GT 9500, CASING ENLIGHT"
898,3194,00601-COMP-DESK-ICT-PTRE-10,00601-COMP-DESK-ICT-PTRE-10,116,COMP-DESK,77,Tidak Aktif,Rusak,0.0,,,LT,Aset,Corporate,,1,2021-02-11 07:42:31.000,2021-02-11 07:42:31.000,"QUAD CORE 8400 , HD 320 GB, RAM 2 GB, 140016 GT 9500, CASING ENLIGHT"
899,3199,00606-COMP-DESK-ICT-PTRE-10,00606-COMP-DESK-ICT-PTRE-10,116,COMP-DESK,77,Tidak Aktif,Rusak,0.0,,,LT,Aset,Corporate,,1,2021-02-11 07:42:37.000,2021-02-11 07:42:37.000,"QUAD CORE 8400 , HD 320 GB, RAM 2 GB, 140016 GT 240, CASING ENLIGHT"
900,3201,00608-COMP-DESK-ICT-PTRE-10,00608-COMP-DESK-ICT-PTRE-10,116,COMP-DESK,77,Tidak Aktif,Rusak,0.0,,,LT,Aset,Corporate,,1,2021-02-11 07:42:43.000,2021-02-11 07:42:43.000,"QUAD CORE 8400 , HD 320 GB, RAM 2 GB, 140016 GT 240, CASING ENLIGHT"
901,3203,00610-COMP-DESK-ICT-PTRE-10,00610-COMP-DESK-ICT-PTRE-10,116,COMP-DESK,77,Tidak Aktif,Rusak,0.0,,,LT,Aset,Corporate,,1,2021-02-11 07:42:49.000,2021-02-11 07:42:49.000,"QUAD CORE 8400 , HD 320 GB, RAM 2 GB, 140016 GT 240, CASING ENLIGHT"
902,3207,00614-COMP-DESK-ICT-PTRE-10,00614-COMP-DESK-ICT-PTRE-10,116,COMP-DESK,77,Tidak Aktif,Rusak,0.0,,,LT,Aset,Corporate,,1,2021-02-11 07:42:55.000,2021-02-11 07:42:55.000,"QUAD CORE 8400 , HD 250 GB, RAM 2 GB, 140016 GS 9500, CASING ENLIGHT"
903,3209,00616-COMP-DESK-ICT-PTRE-10,00616-COMP-DESK-ICT-PTRE-10,116,COMP-DESK,77,Tidak Aktif,Rusak,0.0,,,LT,Aset,Corporate,,1,2021-02-11 07:43:00.000,2021-02-11 07:43:00.000,"QUAD CORE 8400 , HD 250 GB, RAM 2 GB, 140016 GS 9500, CASING ENLIGHT"
904,3211,00618-COMP-DESK-ICT-PTRE-10,00618-COMP-DESK-ICT-PTRE-10,116,COMP-DESK,77,Tidak Aktif,Rusak,0.0,,,LT,Aset,Corporate,,1,2021-02-11 07:43:18.000,2021-02-11 07:43:18.000,"QUAD CORE 8400 , HD 250 GB, RAM 2 GB, 140016 GS 9500, CASING ENLIGHT"
905,3214,00621-COMP-DESK-ICT-PTRE-10,00621-COMP-DESK-ICT-PTRE-10,116,COMP-DESK,77,Tidak Aktif,Rusak,0.0,,,LT,Aset,Corporate,,1,2021-02-11 07:43:23.000,2021-02-11 07:43:23.000,"QUAD CORE 8400 , HD 250 GB, RAM 2 GB, 140016 GS 9500 1 GB, CASING ENLIGHT"
906,3216,00623-COMP-DESK-ICT-PTRE-10,00623-COMP-DESK-ICT-PTRE-10,116,COMP-DESK,77,Tidak Aktif,Rusak,0.0,,,LT,Aset,Corporate,,1,2021-02-11 07:43:28.000,2021-02-11 07:43:28.000,"QUAD CORE 8400 , HD 250 GB, RAM 2 GB, 140016 GS 9500 1 GB, CASING ENLIGHT"
907,3218,00625-COMP-DESK-ICT-PTRE-10,00625-COMP-DESK-ICT-PTRE-10,116,COMP-DESK,77,Tidak Aktif,Rusak,0.0,,,LT,Aset,Corporate,,1,2021-02-11 07:43:55.000,2021-02-11 07:43:55.000,"QUAD CORE 8400 , HD 250 GB, RAM 2 GB, 140016 GS 9500 1 GB, CASING ENLIGHT"
908,3220,00627-COMP-DESK-ICT-PTRE-10,00627-COMP-DESK-ICT-PTRE-10,116,COMP-DESK,77,Tidak Aktif,Rusak,0.0,,,LT,Aset,Corporate,,1,2021-02-11 07:44:00.000,2021-02-11 07:44:00.000,"QUAD CORE 8400 , HD 250 GB, RAM 2 GB, 140016 GS 9500 1 GB, CASING ENLIGHT"
909,3222,00629-COMP-DESK-ICT-PTRE-10,00629-COMP-DESK-ICT-PTRE-10,116,COMP-DESK,77,Tidak Aktif,Rusak,0.0,,,LT,Aset,Corporate,,1,2021-02-11 07:44:06.000,2021-02-11 07:44:06.000,"QUAD CORE 8400 , HD 250 GB, RAM 2 GB, 140016 GS 9500 1 GB, CASING ENLIGHT"
910,3224,00631-COMP-DESK-ICT-PTRE-10,00631-COMP-DESK-ICT-PTRE-10,116,COMP-DESK,77,Tidak Aktif,Rusak,0.0,,,LT,Aset,Corporate,,1,2021-02-11 07:44:34.000,2021-02-11 07:44:34.000,"QUAD CORE 8400 , HD 250 GB, RAM 2 GB, 140016 GS 9500 1 GB, CASING ENLIGHT"
911,3226,00633-COMP-DESK-ICT-PTRE-10,00633-COMP-DESK-ICT-PTRE-10,116,COMP-DESK,77,Tidak Aktif,Rusak,0.0,,,LT,Aset,Corporate,,1,2021-02-11 07:44:40.000,2021-02-11 07:44:40.000,"QUAD CORE 8400 , HD 250 GB, RAM 2 GB, 140016 GS 9500 1 GB, CASING ENLIGHT"
912,3228,00635-COMP-DESK-ICT-PTRE-10,00635-COMP-DESK-ICT-PTRE-10,116,COMP-DESK,77,Tidak Aktif,Rusak,0.0,,,LT,Aset,Corporate,,1,2021-02-11 07:44:46.000,2021-02-11 07:44:46.000,"QUAD CORE 8400 , HD 250 GB, RAM 2 GB, 140016 GS 9500 1 GB, CASING ENLIGHT"
913,3231,00638-COMP-DESK-ICT-PTRE-10,00638-COMP-DESK-ICT-PTRE-10,116,COMP-DESK,77,Tidak Aktif,Rusak,0.0,,,LT,Aset,Corporate,,1,2021-02-11 07:44:53.000,2021-02-11 07:44:53.000,"QUAD CORE 8400 , HD 250 GB, RAM 2 GB, 140016 GS 9500 1 GB, CASING ENLIGHT"
914,3233,00640-COMP-DESK-ICT-PTRE-10,00640-COMP-DESK-ICT-PTRE-10,116,COMP-DESK,77,Tidak Aktif,Rusak,0.0,,,LT,Aset,Corporate,,1,2021-02-11 07:44:59.000,2021-02-11 07:44:59.000,"QUAD CORE 8400 , HD 250 GB, RAM 2 GB, 140016 GS 9500 1 GB, CASING ENLIGHT"
915,3236,00643-COMP-DESK-ICT-PTRE-10,00643-COMP-DESK-ICT-PTRE-10,116,COMP-DESK,77,Tidak Aktif,Rusak,0.0,,,LT,Aset,Corporate,,1,2021-02-11 07:45:05.000,2021-02-11 07:45:05.000,"QUAD CORE 8400 , HD 250 GB, RAM 2 GB, 140016 GS 9500 1 GB, CASING ENLIGHT"
916,3239,00646-COMP-DESK-ICT-PTRE-10,00646-COMP-DESK-ICT-PTRE-10,116,COMP-DESK,77,Tidak Aktif,Rusak,0.0,,,LT,Aset,Corporate,,1,2021-02-11 07:45:12.000,2021-02-11 07:45:12.000,"QUAD CORE 8400 , HD 250 GB, RAM 2 GB, 140016 GS 9500 1 GB, CASING ENLIGHT"
917,3241,00648-COMP-DESK-ICT-PTRE-10,00648-COMP-DESK-ICT-PTRE-10,116,COMP-DESK,77,Tidak Aktif,Rusak,0.0,,,LT,Aset,Corporate,,1,2021-02-11 07:45:18.000,2021-02-11 07:45:18.000,"QUAD CORE 8400 , HD 250 GB, RAM 2 GB, 140016 GS 9500 1 GB, CASING ENLIGHT"
918,3243,00650-COMP-DESK-ICT-PTRE-10,00650-COMP-DESK-ICT-PTRE-10,116,COMP-DESK,77,Tidak Aktif,Rusak,0.0,,,LT,Aset,Corporate,,1,2021-02-11 07:45:25.000,2021-02-11 07:45:25.000,"QUAD CORE 8400 , HD 250 GB, RAM 2 GB, 140016 GS 9500 1 GB, CASING ENLIGHT"
919,3250,00657-COMP-DESK-ICT-PTRE-10,00657-COMP-DESK-ICT-PTRE-10,130,COMP-DESK,77,Tidak Aktif,Rusak,0.0,,,LT,Aset,Corporate,,1,2021-02-11 07:53:11.000,2021-02-11 07:53:11.000,"CORE 2 DUO 7500, HD 500 GB, RAM 4 GB, 23 INC"
920,3251,00658-COMP-DESK-ICT-PTRE-10,00658-COMP-DESK-ICT-PTRE-10,130,COMP-DESK,77,Tidak Aktif,Rusak,0.0,,,LT,Aset,Corporate,,1,2021-02-11 07:53:17.000,2021-02-11 07:53:17.000,"CORE 2 DUO 7500, HD 500 GB, RAM 4 GB, 23 INC"
921,3253,00660-COMP-DESK-ICT-PTRE-10,00660-COMP-DESK-ICT-PTRE-10,116,COMP-DESK,77,Tidak Aktif,Rusak,0.0,,,LT,Aset,Corporate,,1,2021-02-11 07:45:38.000,2021-02-11 07:45:38.000,"QUAD CORE 8400 , HD 250 GB, RAM 2 GB, 140016 GS 9500 1 GB, CASING ENLIGHT"
922,3260,00667-COMP-DESK-ICT-PTRE-11,00667-COMP-DESK-ICT-PTRE-11,116,COMP-DESK,77,Tidak Aktif,Rusak,0.0,,,LT,Aset,Corporate,,1,2021-02-11 07:45:45.000,2021-02-11 07:45:45.000,"CORE 2 QUAD 8400, RAM 4 GB, HD 320 GB"
923,3262,00669-COMP-DESK-ICT-PTRE-11,00669-COMP-DESK-ICT-PTRE-11,116,COMP-DESK,77,Tidak Aktif,Rusak,0.0,,,LT,Aset,Corporate,,1,2021-02-11 07:45:53.000,2021-02-11 07:45:53.000,"CORE 2 QUAD 8400, RAM 4 GB, HD 320 GB"
924,3264,00671-COMP-DESK-ICT-PTRE-11,00671-COMP-DESK-ICT-PTRE-11,116,COMP-DESK,77,Tidak Aktif,Rusak,0.0,,,LT,Aset,Corporate,,1,2021-02-11 07:45:59.000,2021-02-11 07:45:59.000,"CORE 2 QUAD 8400, RAM 4 GB, HD 320 GB"
925,3266,00673-COMP-DESK-ICT-PTRE-10,00673-COMP-DESK-ICT-PTRE-10,116,COMP-DESK,77,Tidak Aktif,Rusak,0.0,,,LT,Aset,Corporate,,1,2021-02-11 07:46:05.000,2021-02-11 07:46:05.000,"CORE 2 QUAD 8400, RAM 2 GB, HD 320 GB"
926,3268,00675-COMP-DESK-ICT-PTRE-10,00675-COMP-DESK-ICT-PTRE-10,116,COMP-DESK,77,Tidak Aktif,Rusak,0.0,,,LT,Aset,Corporate,,1,2021-02-11 07:46:34.000,2021-02-11 07:46:34.000,"CORE 2 QUAD 8400, RAM 2 GB, HD 320 GB"
927,3270,00677-COMP-DESK-ICT-PTRE-10,00677-COMP-DESK-ICT-PTRE-10,116,COMP-DESK,77,Tidak Aktif,Rusak,0.0,,,LT,Aset,Corporate,,1,2021-02-11 07:46:41.000,2021-02-11 07:46:41.000,"CORE 2 QUAD 8400, RAM 2 GB, HD 320 GB"
928,3272,00679-COMP-DESK-ICT-PTRE-10,00679-COMP-DESK-ICT-PTRE-10,116,COMP-DESK,77,Tidak Aktif,Rusak,0.0,,,LT,Aset,Corporate,,1,2021-02-11 07:46:46.000,2021-02-11 07:46:46.000,"CORE 2 QUAD 8400, RAM 2 GB, HD 320 GB"
929,3274,00681-COMP-DESK-ICT-PTRE-10,00681-COMP-DESK-ICT-PTRE-10,116,COMP-DESK,77,Tidak Aktif,Rusak,0.0,,,LT,Aset,Corporate,,1,2021-02-11 07:46:54.000,2021-02-11 07:46:54.000,"CORE 2 QUAD 8400, RAM 2 GB, HD 320 GB"
930,3276,00683-COMP-DESK-ICT-PTRE-10,00683-COMP-DESK-ICT-PTRE-10,116,COMP-DESK,77,Tidak Aktif,Rusak,0.0,,,LT,Aset,Corporate,,1,2021-02-11 07:47:01.000,2021-02-11 07:47:01.000,"CORE 2 QUAD 8400, RAM 2 GB, HD 320 GB"
931,3278,00685-COMP-DESK-ICT-PTRE-10,00685-COMP-DESK-ICT-PTRE-10,116,COMP-DESK,77,Tidak Aktif,Rusak,0.0,,,LT,Aset,Corporate,,1,2021-02-11 07:47:06.000,2021-02-11 07:47:06.000,"CORE 2 QUAD 8400, RAM 2 GB, HD 320 GB"
932,3280,00687-COMP-DESK-ICT-PTRE-10,00687-COMP-DESK-ICT-PTRE-10,116,COMP-DESK,77,Tidak Aktif,Rusak,0.0,,,LT,Aset,Corporate,,1,2021-02-11 07:47:12.000,2021-02-11 07:47:12.000,"CORE 2 QUAD 8400, RAM 2 GB, HD 320 GB"
933,3282,00689-COMP-DESK-ICT-PTRE-10,00689-COMP-DESK-ICT-PTRE-10,116,COMP-DESK,77,Tidak Aktif,Rusak,0.0,,,LT,Aset,Corporate,,1,2021-02-11 07:47:19.000,2021-02-11 07:47:19.000,"CORE 2 QUAD 8400, RAM 2 GB, HD 320 GB"
934,3284,00691-COMP-DESK-ICT-PTRE-10,00691-COMP-DESK-ICT-PTRE-10,116,COMP-DESK,77,Tidak Aktif,Rusak,0.0,,,LT,Aset,Corporate,,1,2021-02-11 07:47:23.000,2021-02-11 07:47:23.000,"CORE 2 QUAD 8400, RAM 2 GB, HD 320 GB"
935,3286,00693-COMP-DESK-ICT-PTRE-10,00693-COMP-DESK-ICT-PTRE-10,116,COMP-DESK,77,Tidak Aktif,Rusak,0.0,,,LT,Aset,Corporate,,1,2021-02-11 07:47:28.000,2021-02-11 07:47:28.000,"CORE 2 QUAD 8400, RAM 2 GB, HD 320 GB"
936,3288,00695-COMP-DESK-ICT-PTRE-10,00695-COMP-DESK-ICT-PTRE-10,116,COMP-DESK,77,Tidak Aktif,Rusak,0.0,,,LT,Aset,Corporate,,1,2021-02-11 07:47:34.000,2021-02-11 07:47:34.000,"CORE 2 QUAD 8400, RAM 2 GB, HD 320 GB"
937,3290,00697-COMP-DESK-ICT-PTRE-10,00697-COMP-DESK-ICT-PTRE-10,116,COMP-DESK,77,Tidak Aktif,Rusak,0.0,,,LT,Aset,Corporate,,1,2021-02-11 07:47:39.000,2021-02-11 07:47:39.000,"CORE 2 QUAD 8400, RAM 2 GB, HD 320 GB"
938,3292,00699-COMP-DESK-ICT-PTRE-10,00699-COMP-DESK-ICT-PTRE-10,116,COMP-DESK,77,Tidak Aktif,Rusak,0.0,,,LT,Aset,Corporate,,1,2021-02-11 07:47:45.000,2021-02-11 07:47:45.000,"CORE 2 QUAD 8400, RAM 2 GB, HD 320 GB"
939,3294,00701-COMP-DESK-ICT-PTRE-10,00701-COMP-DESK-ICT-PTRE-10,116,COMP-DESK,77,Tidak Aktif,Rusak,0.0,,,LT,Aset,Corporate,,1,2021-02-11 07:47:50.000,2021-02-11 07:47:50.000,"CORE 2 QUAD 8400, RAM 2 GB, HD 320 GB"
940,3296,00703-COMP-DESK-ICT-PTRE-10,00703-COMP-DESK-ICT-PTRE-10,116,COMP-DESK,77,Tidak Aktif,Rusak,0.0,,,LT,Aset,Corporate,,1,2021-02-11 07:47:55.000,2021-02-11 07:47:55.000,"CORE 2 QUAD 8400, RAM 2 GB, HD 320 GB"
941,3298,00705-COMP-DESK-ICT-PTRE-10,00705-COMP-DESK-ICT-PTRE-10,116,COMP-DESK,77,Tidak Aktif,Rusak,0.0,,,LT,Aset,Corporate,,1,2021-02-11 07:48:00.000,2021-02-11 07:48:00.000,"CORE 2 QUAD 8400, RAM 2 GB, HD 320 GB"
942,3300,00707-COMP-DESK-ICT-PTRE-10,00707-COMP-DESK-ICT-PTRE-10,116,COMP-DESK,77,Tidak Aktif,Rusak,0.0,,,LT,Aset,Corporate,,1,2021-02-11 07:48:05.000,2021-02-11 07:48:05.000,"CORE 2 QUAD 8400, RAM 2 GB, HD 320 GB"
943,3302,00709-COMP-DESK-ICT-PTRE-10,00709-COMP-DESK-ICT-PTRE-10,116,COMP-DESK,77,Tidak Aktif,Rusak,0.0,,,LT,Aset,Corporate,,1,2021-02-11 07:48:12.000,2021-02-11 07:48:12.000,"CORE 2 QUAD 8400, RAM 2 GB, HD 320 GB"
944,3304,00711-COMP-DESK-ICT-PTRE-10,00711-COMP-DESK-ICT-PTRE-10,116,COMP-DESK,77,Tidak Aktif,Rusak,0.0,,,LT,Aset,Corporate,,1,2021-02-11 07:48:17.000,2021-02-11 07:48:17.000,"CORE 2 QUAD 8400, RAM 2 GB, HD 320 GB"
945,3306,00713-COMP-DESK-ICT-PTRE-10,00713-COMP-DESK-ICT-PTRE-10,116,COMP-DESK,77,Tidak Aktif,Rusak,0.0,,,LT,Aset,Corporate,,1,2021-02-11 07:48:24.000,2021-02-11 07:48:24.000,"CORE 2 QUAD 8400, RAM 2 GB, HD 320 GB"
946,3308,00715-COMP-DESK-ICT-PTRE-10,00715-COMP-DESK-ICT-PTRE-10,116,COMP-DESK,77,Tidak Aktif,Rusak,0.0,,,LT,Aset,Corporate,,1,2021-02-11 07:48:29.000,2021-02-11 07:48:29.000,"CORE 2 QUAD 8400, RAM 2 GB, HD 320 GB"
947,3310,00717-COMP-DESK-ICT-PTRE-10,00717-COMP-DESK-ICT-PTRE-10,116,COMP-DESK,77,Tidak Aktif,Rusak,0.0,,,LT,Aset,Corporate,,1,2021-02-11 07:48:35.000,2021-02-11 07:48:35.000,"CORE 2 QUAD 8400, RAM 2 GB, HD 320 GB"
948,3312,00719-COMP-DESK-ICT-PTRE-10,00719-COMP-DESK-ICT-PTRE-10,116,COMP-DESK,77,Tidak Aktif,Rusak,0.0,,,LT,Aset,Corporate,,1,2021-02-11 07:48:42.000,2021-02-11 07:48:42.000,"CORE 2 QUAD 8400, RAM 2 GB, HD 320 GB"
949,3314,00721-COMP-DESK-ICT-PTRE-10,00721-COMP-DESK-ICT-PTRE-10,116,COMP-DESK,77,Tidak Aktif,Rusak,0.0,,,LT,Aset,Corporate,,1,2021-02-11 07:48:49.000,2021-02-11 07:48:49.000,"CORE 2 QUAD 8400, RAM 2 GB, HD 320 GB"
950,3316,00723-COMP-DESK-ICT-PTRE-10,00723-COMP-DESK-ICT-PTRE-10,116,COMP-DESK,77,Tidak Aktif,Rusak,0.0,,,LT,Aset,Corporate,,1,2021-02-11 07:48:56.000,2021-02-11 07:48:56.000,"CORE 2 QUAD 8400, RAM 2 GB, HD 320 GB"
951,3318,00725-COMP-DESK-ICT-PTRE-10,00725-COMP-DESK-ICT-PTRE-10,116,COMP-DESK,77,Tidak Aktif,Rusak,0.0,,,LT,Aset,Corporate,,1,2021-02-11 07:49:02.000,2021-02-11 07:49:02.000,"CORE 2 QUAD 8400, RAM 2 GB, HD 320 GB"
952,3320,00727-COMP-DESK-ICT-PTRE-10,00727-COMP-DESK-ICT-PTRE-10,116,COMP-DESK,77,Tidak Aktif,Rusak,0.0,,,LT,Aset,Corporate,,1,2021-02-11 07:49:09.000,2021-02-11 07:49:09.000,"CORE 2 QUAD 8400, RAM 2 GB, HD 320 GB"
953,3322,00729-COMP-DESK-ICT-PTRE-10,00729-COMP-DESK-ICT-PTRE-10,116,COMP-DESK,77,Tidak Aktif,Rusak,0.0,,,LT,Aset,Corporate,,1,2021-02-11 07:49:16.000,2021-02-11 07:49:16.000,"CORE 2 QUAD 8400, RAM 2 GB, HD 320 GB"
954,3324,00731-COMP-DESK-ICT-PTRE-10,00731-COMP-DESK-ICT-PTRE-10,116,COMP-DESK,77,Tidak Aktif,Rusak,0.0,,,LT,Aset,Corporate,,1,2021-02-11 07:49:34.000,2021-02-11 07:49:34.000,"CORE 2 QUAD 8400, RAM 2 GB, HD 320 GB"
955,3326,00733-COMP-DESK-ICT-PTRE-11,00733-COMP-DESK-ICT-PTRE-11,116,COMP-DESK,77,Tidak Aktif,Rusak,0.0,,,LT,Aset,Corporate,,1,2021-02-11 07:49:42.000,2021-02-11 07:49:42.000,"CORE 2 QUAD 8400, RAM 4 GB, HD 320 GB"
956,3328,00735-COMP-DESK-ICT-PTRE-11,00735-COMP-DESK-ICT-PTRE-11,116,COMP-DESK,77,Tidak Aktif,Rusak,0.0,,,LT,Aset,Corporate,,1,2021-02-11 07:49:49.000,2021-02-11 07:49:49.000,"CORE 2 QUAD 8400, RAM 4 GB, HD 320 GB"
957,3330,00737-COMP-DESK-ICT-PTRE-11,00737-COMP-DESK-ICT-PTRE-11,116,COMP-DESK,77,Tidak Aktif,Rusak,0.0,,,LT,Aset,Corporate,,1,2021-02-11 07:49:59.000,2021-02-11 07:49:59.000,"CORE 2 QUAD 8400, RAM 4 GB, HD 320 GB"
958,3332,00739-COMP-DESK-ICT-PTRE-11,00739-COMP-DESK-ICT-PTRE-11,135,COMP-DESK,77,Tidak Aktif,Rusak,0.0,,,LT,Aset,Corporate,,1,2023-04-10 07:19:26.000,2023-04-10 07:19:26.000,"CORE I 5 3,3 GHZ , RAM 4 GB, HD 1 TB, 140016 ATI HD 4550"
959,3334,00741-COMP-DESK-ICT-PTRE-11,00741-COMP-DESK-ICT-PTRE-11,135,COMP-DESK,77,Tidak Aktif,Rusak,0.0,,,LT,Aset,Corporate,,1,2021-02-11 07:54:13.000,2021-02-11 07:54:13.000,"CORE I 5 3,3 GHZ , RAM 4 GB, HD 1 TB, 140016 ATI HD 4550"
960,3336,00743-COMP-DESK-ICT-PTRE-11,00743-COMP-DESK-ICT-PTRE-11,135,COMP-DESK,77,Tidak Aktif,Rusak,0.0,,,LT,Aset,Corporate,,1,2023-04-10 07:19:04.000,2023-04-10 07:19:04.000,"CORE I 5 3,3 GHZ , RAM 4 GB, HD 1 TB, 140016 ATI HD 4550"
961,3338,00745-COMP-DESK-ICT-PTRE-11,00745-COMP-DESK-ICT-PTRE-11,135,COMP-DESK,77,Tidak Aktif,Rusak,0.0,,,LT,Aset,Corporate,,1,2021-02-11 07:54:28.000,2021-02-11 07:54:28.000,"CORE I 5 3,3 GHZ , RAM 4 GB, HD 1 TB, 140016 ATI HD 4550"
962,3340,00747-COMP-DESK-ICT-PTRE-11,00747-COMP-DESK-ICT-PTRE-11,135,COMP-DESK,77,Tidak Aktif,Rusak,0.0,,,LT,Aset,Corporate,,1,2022-11-08 08:54:18.000,2022-11-08 08:54:18.000,"CORE I 5 3,3 GHZ , RAM 4 GB, HD 1 TB, 140016 ATI HD 4550"
963,3342,00749-COMP-DESK-ICT-PTRE-11,00749-COMP-DESK-ICT-PTRE-11,135,COMP-DESK,77,Tidak Aktif,Rusak,0.0,,,LT,Aset,Corporate,,1,2021-02-11 07:54:41.000,2021-02-11 07:54:41.000,"CORE I 5 3,3 GHZ , RAM 4 GB, HD 1 TB, 140016 ATI HD 4550"
964,3344,00751-COMP-DESK-ICT-PTRE-11,00751-COMP-DESK-ICT-PTRE-11,135,COMP-DESK,77,Tidak Aktif,Rusak,0.0,,,LT,Aset,Corporate,,1,2021-02-11 07:54:47.000,2021-02-11 07:54:47.000,"CORE I 5 3,3 GHZ , RAM 4 GB, HD 1 TB, 140016 ATI HD 4550"
965,3346,00753-COMP-DESK-ICT-PTRE-11,00753-COMP-DESK-ICT-PTRE-11,135,COMP-DESK,77,Tidak Aktif,Rusak,0.0,,,LT,Aset,Corporate,,1,2021-02-11 07:54:56.000,2021-02-11 07:54:56.000,"CORE I 5 3,3 GHZ , RAM 4 GB, HD 1 TB, 140016 ATI HD 4550"
966,3348,00755-COMP-DESK-ICT-PTRE-11,00755-COMP-DESK-ICT-PTRE-11,135,COMP-DESK,77,Tidak Aktif,Rusak,0.0,,,LT,Aset,Corporate,,1,2021-02-11 07:55:10.000,2021-02-11 07:55:10.000,"CORE I 5 3,3 GHZ , RAM 4 GB, HD 1 TB, 140016 ATI HD 4550"
967,3350,00757-COMP-DESK-ICT-PTRE-11,00757-COMP-DESK-ICT-PTRE-11,122,COMP-DESK,77,Tidak Aktif,Rusak,0.0,,,LT,Aset,Corporate,,1,2023-03-29 10:39:25.000,2023-03-29 10:39:25.000,"CORE 2 DUA E7500 2,9 GHZ, RAM 4 GB, HD 500 GB, 140016 INTEL 4500, LCD 20"""
968,3351,00758-COMP-DESK-ICT-PTRE-11,00758-COMP-DESK-ICT-PTRE-11,122,COMP-DESK,77,Tidak Aktif,Rusak,0.0,,,LT,Aset,Corporate,,1,2021-02-11 07:58:44.000,2021-02-11 07:58:44.000,"CORE 2 DUA E7500 2,9 GHZ, RAM 4 GB, HD 500 GB, 140016 INTEL 4500, LCD 20"""
969,3352,00759-COMP-DESK-ICT-PTRE-11,00759-COMP-DESK-ICT-PTRE-11,122,COMP-DESK,77,Tidak Aktif,Rusak,0.0,,,LT,Aset,Corporate,,1,2024-06-13 10:49:29.000,2024-06-13 10:49:29.000,"CORE 2 DUA E7500 2,9 GHZ, RAM 4 GB, HD 500 GB, 140016 INTEL 4500, LCD 20"""
970,3353,00760-COMP-DESK-ICT-PTRE-11,00760-COMP-DESK-ICT-PTRE-11,122,COMP-DESK,77,Tidak Aktif,Rusak,0.0,,,LT,Aset,Corporate,,1,2023-03-29 10:40:01.000,2023-03-29 10:40:01.000,"CORE 2 DUA E7500 2,9 GHZ, RAM 4 GB, HD 500 GB, 140016 INTEL 4500, LCD 20"""
971,3354,00761-COMP-DESK-ICT-PTRE-11,00761-COMP-DESK-ICT-PTRE-11,122,COMP-DESK,77,Tidak Aktif,Rusak,0.0,,,LT,Aset,Corporate,,1,2023-04-10 07:11:23.000,2023-04-10 07:11:23.000,"CORE 2 DUA E7500 2,9 GHZ, RAM 4 GB, HD 500 GB, 140016 INTEL 4500, LCD 20"""
972,3355,00762-COMP-DESK-ICT-PTRE-11,00762-COMP-DESK-ICT-PTRE-11,122,COMP-DESK,77,Tidak Aktif,Rusak,0.0,,,LT,Aset,Corporate,,1,2021-02-11 07:59:11.000,2021-02-11 07:59:11.000,"CORE 2 DUA E7500 2,9 GHZ, RAM 4 GB, HD 500 GB, 140016 INTEL 4500, LCD 20"""
973,3356,00763-COMP-DESK-ICT-PTRE-11,00763-COMP-DESK-ICT-PTRE-11,122,COMP-DESK,77,Tidak Aktif,Rusak,0.0,,,LT,Aset,Corporate,,1,2024-06-13 10:49:46.000,2024-06-13 10:49:46.000,"CORE 2 DUA E7500 2,9 GHZ, RAM 4 GB, HD 500 GB, 140016 INTEL 4500, LCD 20"""
974,3357,00764-COMP-DESK-ICT-PTRE-11,00764-COMP-DESK-ICT-PTRE-11,122,COMP-DESK,77,Tidak Aktif,Rusak,0.0,,,LT,Aset,Corporate,,1,2024-06-13 10:50:03.000,2024-06-13 10:50:03.000,"CORE 2 DUA E7500 2,9 GHZ, RAM 4 GB, HD 500 GB, 140016 INTEL 4500, LCD 20"""
975,3358,00765-COMP-DESK-ICT-PTRE-11,00765-COMP-DESK-ICT-PTRE-11,122,COMP-DESK,77,Tidak Aktif,Rusak,0.0,,,LT,Aset,Corporate,,1,2021-02-11 07:59:30.000,2021-02-11 07:59:30.000,"CORE 2 DUA E7500 2,9 GHZ, RAM 4 GB, HD 500 GB, 140016 INTEL 4500, LCD 20"""
976,3359,00766-COMP-DESK-ICT-PTRE-11,00766-COMP-DESK-ICT-PTRE-11,122,COMP-DESK,77,Tidak Aktif,Rusak,0.0,,,LT,Aset,Corporate,,1,2021-02-11 07:59:36.000,2021-02-11 07:59:36.000,"CORE 2 DUA E7500 2,9 GHZ, RAM 4 GB, HD 500 GB, 140016 INTEL 4500, LCD 20"""
977,3360,00767-COMP-DESK-ICT-PTRE-11,00767-COMP-DESK-ICT-PTRE-11,122,COMP-DESK,77,Tidak Aktif,Rusak,0.0,,,LT,Aset,Corporate,,1,2021-02-11 07:59:43.000,2021-02-11 07:59:43.000,"CORE 2 DUA E7500 2,9 GHZ, RAM 4 GB, HD 500 GB, 140016 INTEL 4500, LCD 20"""
978,3361,00768-COMP-DESK-ICT-PTRE-11,00768-COMP-DESK-ICT-PTRE-11,122,COMP-DESK,77,Tidak Aktif,Rusak,0.0,,,LT,Aset,Corporate,,1,2023-03-29 10:40:39.000,2023-03-29 10:40:39.000,"CORE 2 DUA E7500 2,9 GHZ, RAM 4 GB, HD 500 GB, 140016 INTEL 4500, LCD 20"""
979,3362,00769-COMP-DESK-ICT-PTRE-11,00769-COMP-DESK-ICT-PTRE-11,122,COMP-DESK,77,Tidak Aktif,Rusak,0.0,,,LT,Aset,Corporate,,1,2021-02-11 07:59:56.000,2021-02-11 07:59:56.000,"CORE 2 DUA E7500 2,9 GHZ, RAM 4 GB, HD 500 GB, 140016 INTEL 4500, LCD 20"""
980,3363,00770-COMP-DESK-ICT-PTRE-11,00770-COMP-DESK-ICT-PTRE-11,135,COMP-DESK,77,Dipinjam,Rusak,0.0,,,LT,Aset,Corporate,,1,2023-04-10 07:11:59.000,2023-04-10 07:11:59.000,"CORE I 5 3,3 GHZ , RAM 4 GB, HD 1 TB, 140016 ATI HD 4550"
981,3365,00772-COMP-DESK-ICT-PTRE-11,00772-COMP-DESK-ICT-PTRE-11,135,COMP-DESK,77,Dipinjam,Rusak,0.0,,,LT,Aset,Corporate,,1,2023-04-10 07:12:42.000,2023-04-10 07:12:42.000,"CORE I 5 3,3 GHZ , RAM 4 GB, HD 1 TB, 140016 ATI HD 4550"
982,3367,00774-COMP-DESK-ICT-PTRE-11,00774-COMP-DESK-ICT-PTRE-11,135,COMP-DESK,77,Dipinjam,Rusak,0.0,,,LT,Aset,Corporate,,1,2023-04-10 07:18:43.000,2023-04-10 07:18:43.000,"CORE I 5 3,3 GHZ , RAM 4 GB, HD 1 TB, 140016 ATI HD 4550"
983,3369,00776-COMP-DESK-ICT-PTRE-11,00776-COMP-DESK-ICT-PTRE-11,135,COMP-DESK,77,Dipinjam,Rusak,0.0,,,LT,Aset,Corporate,,,2017-01-04 00:00:00.000,2017-01-04 00:00:00.000,"CORE I 5 3,3 GHZ , RAM 4 GB, HD 1 TB, 140016 ATI HD 4550"
984,3371,00778-COMP-DESK-ICT-PTRE-11,00778-COMP-DESK-ICT-PTRE-11,135,COMP-DESK,77,Dipinjam,Rusak,0.0,,,LT,Aset,Corporate,,,2017-01-04 00:00:00.000,2017-01-04 00:00:00.000,"CORE I 5 3,3 GHZ , RAM 4 GB, HD 1 TB, 140016 ATI HD 4550"
985,3380,00787-COMP-DESK-ICT-PTRE-11,00787-COMP-DESK-ICT-PTRE-11,122,COMP-DESK,77,Tersedia,Rusak,0.0,,,LT,Aset,Corporate,,,2017-01-04 00:00:00.000,2017-01-04 00:00:00.000,"CORE 2 DUA E7500 2,9 GHZ, RAM 4 GB, HD 500 GB, 140016 INTEL 4500, LCD 20"""
986,3381,00788-COMP-DESK-ICT-PTRE-11,00788-COMP-DESK-ICT-PTRE-11,122,COMP-DESK,77,Dipinjam,Rusak,0.0,,,LT,Aset,Corporate,,,2017-01-04 00:00:00.000,2017-01-04 00:00:00.000,"CORE 2 DUA E7500 2,9 GHZ, RAM 4 GB, HD 500 GB, 140016 INTEL 4500, LCD 20"""
987,3382,00789-COMP-DESK-ICT-PTRE-11,00789-COMP-DESK-ICT-PTRE-11,122,COMP-DESK,77,Dipinjam,Rusak,0.0,,,LT,Aset,Corporate,,1,2023-03-29 10:41:04.000,2023-03-29 10:41:04.000,"CORE 2 DUA E7500 2,9 GHZ, RAM 4 GB, HD 500 GB, 140016 INTEL 4500, LCD 20"""
988,3383,00790-COMP-DESK-ICT-PTRE-11,00790-COMP-DESK-ICT-PTRE-11,122,COMP-DESK,77,Dipinjam,Rusak,0.0,,,LT,Aset,Corporate,,1,2023-04-10 07:13:41.000,2023-04-10 07:13:41.000,"CORE 2 DUA E7500 2,9 GHZ, RAM 4 GB, HD 500 GB, 140016 INTEL 4500, LCD 20"""
989,3384,00791-COMP-DESK-ICT-PTRE-11,00791-COMP-DESK-ICT-PTRE-11,122,COMP-DESK,77,Dipinjam,Rusak,0.0,,,LT,Aset,Corporate,,1,2023-03-29 10:41:35.000,2023-03-29 10:41:35.000,"CORE 2 DUA E7500 2,9 GHZ, RAM 4 GB, HD 500 GB, 140016 INTEL 4500, LCD 20"""
990,3385,00792-COMP-DESK-ICT-PTRE-11,00792-COMP-DESK-ICT-PTRE-11,122,COMP-DESK,77,Dipinjam,Rusak,0.0,,,LT,Aset,Corporate,,1,2023-03-29 10:46:16.000,2023-03-29 10:46:16.000,"CORE 2 DUA E7500 2,9 GHZ, RAM 4 GB, HD 500 GB, 140016 INTEL 4500, LCD 20"""
991,3386,00793-COMP-DESK-ICT-PTRE-11,00793-COMP-DESK-ICT-PTRE-11,122,COMP-DESK,77,Dipinjam,Rusak,0.0,,,LT,Aset,Corporate,,1,2023-03-29 10:45:37.000,2023-03-29 10:45:37.000,"CORE 2 DUA E7500 2,9 GHZ, RAM 4 GB, HD 500 GB, 140016 INTEL 4500, LCD 20"""
992,3387,00794-COMP-DESK-ICT-PTRE-11,00794-COMP-DESK-ICT-PTRE-11,122,COMP-DESK,77,Dipinjam,Rusak,0.0,,,LT,Aset,Corporate,,1,2023-03-29 10:42:01.000,2023-03-29 10:42:01.000,"CORE 2 DUA E7500 2,9 GHZ, RAM 4 GB, HD 500 GB, 140016 INTEL 4500, LCD 20"""
993,3388,00795-COMP-DESK-ICT-PTRE-11,00795-COMP-DESK-ICT-PTRE-11,122,COMP-DESK,77,Dipinjam,Rusak,0.0,,,LT,Aset,Corporate,,,2017-01-04 00:00:00.000,2017-01-04 00:00:00.000,"CORE 2 DUA E7500 2,9 GHZ, RAM 4 GB, HD 500 GB, 140016 INTEL 4500, LCD 20"""
994,3389,00796-COMP-DESK-ICT-PTRE-11,00796-COMP-DESK-ICT-PTRE-11,122,COMP-DESK,77,Tidak Aktif,Rusak,0.0,,,LT,Aset,Corporate,,1,2024-06-13 10:50:57.000,2024-06-13 10:50:57.000,"CORE 2 DUA E7500 2,9 GHZ, RAM 4 GB, HD 500 GB, 140016 INTEL 4500, LCD 20"""
995,3390,00797-COMP-DESK-ICT-PTRE-11,00797-COMP-DESK-ICT-PTRE-11,122,COMP-DESK,77,Tidak Aktif,Rusak,0.0,,,LT,Aset,Corporate,,1,2024-06-13 10:51:25.000,2024-06-13 10:51:25.000,"CORE 2 DUA E7500 2,9 GHZ, RAM 4 GB, HD 500 GB, 140016 INTEL 4500, LCD 20"""
996,3391,00798-COMP-DESK-ICT-PTRE-11,00798-COMP-DESK-ICT-PTRE-11,122,COMP-DESK,77,Dipinjam,Rusak,0.0,,,LT,Aset,Corporate,,1,2023-03-29 10:44:55.000,2023-03-29 10:44:55.000,"CORE 2 DUA E7500 2,9 GHZ, RAM 4 GB, HD 500 GB, 140016 INTEL 4500, LCD 20"""
997,3392,00799-COMP-DESK-ICT-PTRE-11,00799-COMP-DESK-ICT-PTRE-11,122,COMP-DESK,77,Dipinjam,Rusak,0.0,,,LT,Aset,Corporate,,,2017-01-04 00:00:00.000,2017-01-04 00:00:00.000,"CORE 2 DUA E7500 2,9 GHZ, RAM 4 GB, HD 500 GB, 140016 INTEL 4500, LCD 20"""
998,3393,00800-COMP-DESK-ICT-PTRE-11,00800-COMP-DESK-ICT-PTRE-11,122,COMP-DESK,77,Dipinjam,Rusak,0.0,,,LT,Aset,Corporate,,,2017-01-04 00:00:00.000,2017-01-04 00:00:00.000,"CORE 2 DUA E7500 2,9 GHZ, RAM 4 GB, HD 500 GB, 140016 INTEL 4500, LCD 20"""
999,3394,00801-COMP-DESK-ICT-PTRE-11,00801-COMP-DESK-ICT-PTRE-11,122,COMP-DESK,77,Tersedia,Rusak,0.0,,,LT,Aset,Corporate,,,2017-01-04 00:00:00.000,2017-01-04 00:00:00.000,"CORE 2 DUA E7500 2,9 GHZ, RAM 4 GB, HD 500 GB, 140016 INTEL 4500, LCD 20"""
1000,3395,00802-COMP-DESK-ICT-PTRE-11,00802-COMP-DESK-ICT-PTRE-11,122,COMP-DESK,77,Tersedia,Rusak,0.0,,,LT,Aset,Corporate,,1,2023-03-29 10:44:28.000,2023-03-29 10:44:28.000,"CORE 2 DUA E7500 2,9 GHZ, RAM 4 GB, HD 500 GB, 140016 INTEL 4500, LCD 20"""
1001,3396,00803-COMP-DESK-ICT-PTRE-11,00803-COMP-DESK-ICT-PTRE-11,122,COMP-DESK,77,Tersedia,Rusak,0.0,,,LT,Aset,Corporate,,1,2023-03-29 10:43:05.000,2023-03-29 10:43:05.000,"CORE 2 DUA E7500 2,9 GHZ, RAM 4 GB, HD 500 GB, 140016 INTEL 4500, LCD 20"""
1002,3397,00804-COMP-DESK-ICT-PTRE-11,00804-COMP-DESK-ICT-PTRE-11,122,COMP-DESK,77,Dipinjam,Rusak,0.0,,,LT,Aset,Corporate,,,2017-01-04 00:00:00.000,2017-01-04 00:00:00.000,"CORE 2 DUA E7500 2,9 GHZ, RAM 4 GB, HD 500 GB, 140016 INTEL 4500, LCD 20"""
1003,3398,00805-COMP-DESK-ICT-PTRE-11,00805-COMP-DESK-ICT-PTRE-11,122,COMP-DESK,77,Tidak Aktif,Rusak,0.0,,,LT,Aset,Corporate,,1,2024-06-13 10:51:38.000,2024-06-13 10:51:38.000,"CORE 2 DUA E7500 2,9 GHZ, RAM 4 GB, HD 500 GB, 140016 INTEL 4500, LCD 20"""
1004,3405,00812-COMP-DESK-ICT-PTRE-12,00812-COMP-DESK-ICT-PTRE-12,135,COMP-DESK,77,Dipinjam,Rusak,0.0,,,LT,Aset,Corporate,,1,2023-04-10 07:14:02.000,2023-04-10 07:14:02.000,"CORE I 5 ,2400 3,1 GHZ , RAM 4 GB, HD 1 TB, 140016 ATI HD 6450"
1005,3407,00814-COMP-DESK-ICT-PTRE-12,00814-COMP-DESK-ICT-PTRE-12,135,COMP-DESK,77,Tersedia,Rusak,0.0,,,LT,Aset,Corporate,,,2017-01-04 00:00:00.000,2017-01-04 00:00:00.000,"CORE I 5 ,2400 3,1 GHZ , RAM 4 GB, HD 1 TB, 140016 ATI HD 6450"
1006,3409,00816-COMP-DESK-ICT-PTRE-12,00816-COMP-DESK-ICT-PTRE-12,135,COMP-DESK,77,Dipinjam,Rusak,0.0,,,LT,Aset,Corporate,,1,2023-04-10 07:14:20.000,2023-04-10 07:14:20.000,"CORE I 5 ,2400 3,1 GHZ , RAM 4 GB, HD 1 TB, 140016 ATI HD 6450"
1007,3411,00818-COMP-DESK-ICT-PTRE-12,00818-COMP-DESK-ICT-PTRE-12,135,COMP-DESK,77,Dipinjam,Rusak,0.0,,,LT,Aset,Corporate,,1,2023-04-10 07:14:57.000,2023-04-10 07:14:57.000,"CORE I 5 ,2400 3,1 GHZ , RAM 4 GB, HD 1 TB, 140016 ATI HD 6450"
1008,3413,00820-COMP-DESK-ICT-PTRE-12,00820-COMP-DESK-ICT-PTRE-12,135,COMP-DESK,77,Tersedia,Rusak,0.0,,,LT,Aset,Corporate,,,2017-01-04 00:00:00.000,2017-01-04 00:00:00.000,"CORE I 5 ,2400 3,1 GHZ , RAM 4 GB, HD 1 TB, 140016 ATI HD 6450"
1009,3415,00822-COMP-DESK-ICT-PTRE-12,00822-COMP-DESK-ICT-PTRE-12,135,COMP-DESK,77,Dipinjam,Rusak,0.0,,,LT,Aset,Corporate,,1,2023-04-10 07:14:41.000,2023-04-10 07:14:41.000,"CORE I 5 ,2400 3,1 GHZ , RAM 4 GB, HD 1 TB, 140016 ATI HD 6450"
1010,3417,00824-COMP-DESK-ICT-PTRE-12,00824-COMP-DESK-ICT-PTRE-12,135,COMP-DESK,77,Tersedia,Rusak,0.0,,,LT,Aset,Corporate,,,2017-01-04 00:00:00.000,2017-01-04 00:00:00.000,"CORE I 5 ,2400 3,1 GHZ , RAM 4 GB, HD 1 TB, 140016 ATI HD 6450"
1011,3419,00826-COMP-DESK-ICT-PTRE-12,00826-COMP-DESK-ICT-PTRE-12,135,COMP-DESK,77,Tersedia,Rusak,0.0,,,LT,Aset,Corporate,,,2017-01-04 00:00:00.000,2017-01-04 00:00:00.000,"CORE I 5 ,2400 3,1 GHZ , RAM 4 GB, HD 1 TB, 140016 ATI HD 6450"
1012,3421,00828-COMP-DESK-ICT-PTRE-12,00828-COMP-DESK-ICT-PTRE-12,135,COMP-DESK,77,Tersedia,Rusak,0.0,,,LT,Aset,Corporate,,,2017-01-04 00:00:00.000,2017-01-04 00:00:00.000,"CORE I 5 ,2400 3,1 GHZ , RAM 4 GB, HD 1 TB, 140016 ATI HD 6450"
1013,3423,00830-COMP-DESK-ICT-PTRE-12,00830-COMP-DESK-ICT-PTRE-12,135,COMP-DESK,102,Tidak Aktif,Rusak,0.0,,,LT,Aset,Corporate,10519,1,2024-06-13 14:40:18.000,2024-06-13 14:40:18.000,"CORE I 5 ,2400 3,1 GHZ , RAM 4 GB, HD 1 TB, 140016 ATI HD 6450"
1014,3425,00832-COMP-DESK-ICT-PTRE-12,00832-COMP-DESK-ICT-PTRE-12,122,COMP-DESK,77,Dipinjam,Rusak,0.0,,,LT,Aset,Corporate,,,2017-01-04 00:00:00.000,2017-01-04 00:00:00.000,"CORE 2 DUA E7500 2,9 GHZ, RAM 4 GB, HD 500 GB, 140016 INTEL 4500, LCD 20"""
1015,3426,00833-COMP-DESK-ICT-PTRE-12,00833-COMP-DESK-ICT-PTRE-12,122,COMP-DESK,77,Dipinjam,Rusak,0.0,,,LT,Aset,Corporate,,,2017-01-04 00:00:00.000,2017-01-04 00:00:00.000,"CORE 2 DUA E7500 2,9 GHZ, RAM 4 GB, HD 500 GB, 140016 INTEL 4500, LCD 20"""
1016,3427,00834-COMP-DESK-ICT-PTRE-12,00834-COMP-DESK-ICT-PTRE-12,122,COMP-DESK,77,Dipinjam,Rusak,0.0,,,LT,Aset,Corporate,,,2017-01-04 00:00:00.000,2017-01-04 00:00:00.000,"CORE 2 DUA E7500 2,9 GHZ, RAM 4 GB, HD 500 GB, 140016 INTEL 4500, LCD 20"""
1017,3428,00835-COMP-DESK-ICT-PTRE-12,00835-COMP-DESK-ICT-PTRE-12,122,COMP-DESK,77,Tersedia,Rusak,0.0,,,LT,Aset,Corporate,,,2017-01-04 00:00:00.000,2017-01-04 00:00:00.000,"CORE 2 DUA E7500 2,9 GHZ, RAM 4 GB, HD 500 GB, 140016 INTEL 4500, LCD 20"""
1018,3429,00836-COMP-DESK-ICT-PTRE-12,00836-COMP-DESK-ICT-PTRE-12,122,COMP-DESK,77,Tersedia,Rusak,0.0,,,LT,Aset,Corporate,,,2017-01-04 00:00:00.000,2017-01-04 00:00:00.000,"CORE 2 DUA E7500 2,9 GHZ, RAM 4 GB, HD 500 GB, 140016 INTEL 4500, LCD 20"""
1019,3431,00838-COMP-DESK-ICT-PTRE-12,00838-COMP-DESK-ICT-PTRE-12,122,COMP-DESK,77,Tersedia,Rusak,0.0,,,LT,Aset,Corporate,,,2017-01-04 00:00:00.000,2017-01-04 00:00:00.000,"CORE 2 DUA E7500 2,9 GHZ, RAM 4 GB, HD 500 GB, 140016 INTEL 4500, LCD 20"""
1020,3432,00839-COMP-DESK-ICT-PTRE-12,00839-COMP-DESK-ICT-PTRE-12,122,COMP-DESK,77,Dipinjam,Rusak,0.0,,,LT,Aset,Corporate,,,2017-01-04 00:00:00.000,2017-01-04 00:00:00.000,"CORE 2 DUA E7500 2,9 GHZ, RAM 4 GB, HD 500 GB, 140016 INTEL 4500, LCD 20"""
1021,3433,00840-COMP-DESK-ICT-PTRE-12,00840-COMP-DESK-ICT-PTRE-12,122,COMP-DESK,77,Dipinjam,Rusak,0.0,,,LT,Aset,Corporate,,,2017-01-04 00:00:00.000,2017-01-04 00:00:00.000,"CORE 2 DUA E7500 2,9 GHZ, RAM 4 GB, HD 500 GB, 140016 INTEL 4500, LCD 20"""
1022,3434,00841-COMP-DESK-ICT-PTRE-12,00841-COMP-DESK-ICT-PTRE-12,122,COMP-DESK,77,Tersedia,Rusak,0.0,,,LT,Aset,Corporate,,,2017-01-04 00:00:00.000,2017-01-04 00:00:00.000,"CORE 2 DUA E7500 2,9 GHZ, RAM 4 GB, HD 500 GB, 140016 INTEL 4500, LCD 20"""
1023,3435,00842-COMP-DESK-ICT-PTRE-12,00842-COMP-DESK-ICT-PTRE-12,122,COMP-DESK,77,Tersedia,Rusak,0.0,,,LT,Aset,Corporate,,,2017-01-04 00:00:00.000,2017-01-04 00:00:00.000,"CORE 2 DUA E7500 2,9 GHZ, RAM 4 GB, HD 500 GB, 140016 INTEL 4500, LCD 20"""
1024,3436,00843-COMP-DESK-ICT-PTRE-12,00843-COMP-DESK-ICT-PTRE-12,122,COMP-DESK,77,Dipinjam,Rusak,0.0,,,LT,Aset,Corporate,,,2017-01-04 00:00:00.000,2017-01-04 00:00:00.000,"CORE 2 DUA E7500 2,9 GHZ, RAM 4 GB, HD 500 GB, 140016 INTEL 4500, LCD 20"""
1025,3437,00844-COMP-DESK-ICT-PTRE-12,00844-COMP-DESK-ICT-PTRE-12,122,COMP-DESK,77,Dipinjam,Rusak,0.0,,,LT,Aset,Corporate,,,2017-01-04 00:00:00.000,2017-01-04 00:00:00.000,"CORE 2 DUA E7500 2,9 GHZ, RAM 4 GB, HD 500 GB, 140016 INTEL 4500, LCD 20"""
1026,3438,00845-COMP-DESK-ICT-PTRE-12,00845-COMP-DESK-ICT-PTRE-12,122,COMP-DESK,77,Dipinjam,Rusak,0.0,,,LT,Aset,Corporate,,1,2023-03-29 10:47:03.000,2023-03-29 10:47:03.000,"CORE 2 DUA E7500 2,9 GHZ, RAM 4 GB, HD 500 GB, 140016 INTEL 4500, LCD 20"""
1027,3439,00846-COMP-DESK-ICT-PTRE-12,00846-COMP-DESK-ICT-PTRE-12,122,COMP-DESK,77,Tersedia,Rusak,0.0,,,LT,Aset,Corporate,,,2017-01-04 00:00:00.000,2017-01-04 00:00:00.000,"CORE 2 DUA E7500 2,9 GHZ, RAM 4 GB, HD 500 GB, 140016 INTEL 4500, LCD 20"""
1028,3440,00847-COMP-DESK-ICT-PTRE-12,00847-COMP-DESK-ICT-PTRE-12,122,COMP-DESK,77,Tersedia,Rusak,0.0,,,LT,Aset,Corporate,,,2017-01-04 00:00:00.000,2017-01-04 00:00:00.000,"CORE 2 DUA E7500 2,9 GHZ, RAM 4 GB, HD 500 GB, 140016 INTEL 4500, LCD 20"""
1029,3441,00848-COMP-DESK-ICT-PTRE-12,00848-COMP-DESK-ICT-PTRE-12,122,COMP-DESK,77,Tersedia,Rusak,0.0,,,LT,Aset,Corporate,,,2017-01-04 00:00:00.000,2017-01-04 00:00:00.000,"CORE 2 DUA E7500 2,9 GHZ, RAM 4 GB, HD 500 GB, 140016 INTEL 4500, LCD 20"""
1030,3442,00849-COMP-DESK-ICT-PTRE-12,00849-COMP-DESK-ICT-PTRE-12,135,COMP-DESK,77,Dipinjam,Rusak,0.0,,,LT,Aset,Corporate,,1,2023-04-10 07:15:50.000,2023-04-10 07:15:50.000,"CORE I 5 ,2400 3,1 GHZ , RAM 4 GB, HD 1 TB, 140016 ATI HD 6450"
1031,3444,00851-COMP-DESK-ICT-PTRE-12,00851-COMP-DESK-ICT-PTRE-12,135,COMP-DESK,77,Dipinjam,Rusak,0.0,,,LT,Aset,Corporate,,1,2023-04-10 07:15:36.000,2023-04-10 07:15:36.000,"CORE I 5 ,2400 3,1 GHZ , RAM 4 GB, HD 1 TB, 140016 ATI HD 6450"
1032,3446,00853-COMP-DESK-ICT-PTRE-12,00853-COMP-DESK-ICT-PTRE-12,135,COMP-DESK,77,Dipinjam,Rusak,0.0,,,LT,Aset,Corporate,,1,2023-04-10 07:16:23.000,2023-04-10 07:16:23.000,"CORE I 5 ,2400 3,1 GHZ , RAM 4 GB, HD 1 TB, 140016 ATI HD 6450"
1033,3448,00855-COMP-DESK-ICT-PTRE-12,00855-COMP-DESK-ICT-PTRE-12,135,COMP-DESK,77,Dipinjam,Rusak,0.0,,,LT,Aset,Corporate,,1,2023-04-10 07:16:43.000,2023-04-10 07:16:43.000,"CORE I 5 ,2400 3,1 GHZ , RAM 4 GB, HD 1 TB, 140016 ATI HD 6450"
1034,3450,00857-COMP-DESK-ICT-PTRE-12,00857-COMP-DESK-ICT-PTRE-12,135,COMP-DESK,77,Dipinjam,Rusak,0.0,,,LT,Aset,Corporate,,1,2023-04-10 07:17:02.000,2023-04-10 07:17:02.000,"CORE I 5 ,2400 3,1 GHZ , RAM 4 GB, HD 1 TB, 140016 ATI HD 6450"
1035,3452,00859-COMP-DESK-ICT-PTRE-12,00859-COMP-DESK-ICT-PTRE-12,125,COMP-DESK,77,Dipinjam,Rusak,0.0,,,LT,Aset,Corporate,,,2017-01-04 00:00:00.000,2017-01-04 00:00:00.000,"CORE I 3 ,2120 3,1 GHZ , RAM 4 GB, HD 500GB, 140016 ATI HD 6750 1 GB"
1036,3454,00861-COMP-DESK-ICT-PTRE-12,00861-COMP-DESK-ICT-PTRE-12,125,COMP-DESK,77,Tersedia,Rusak,0.0,,,LT,Aset,Corporate,,,2017-01-04 00:00:00.000,2017-01-04 00:00:00.000,"CORE I 3 ,2120 3,1 GHZ , RAM 4 GB, HD 500GB, 140016 ATI HD 6750 1 GB"
1037,3456,00863-COMP-DESK-ICT-PTRE-12,00863-COMP-DESK-ICT-PTRE-12,125,COMP-DESK,77,Tersedia,Rusak,0.0,,,LT,Aset,Corporate,,,2017-01-04 00:00:00.000,2017-01-04 00:00:00.000,"CORE I 3 ,2120 3,1 GHZ , RAM 4 GB, HD 500GB, 140016 ATI HD 6750 1 GB"
1038,3458,00865-COMP-DESK-ICT-PTRE-12,00865-COMP-DESK-ICT-PTRE-12,125,COMP-DESK,77,Tersedia,Rusak,0.0,,,LT,Aset,Corporate,,,2017-01-04 00:00:00.000,2017-01-04 00:00:00.000,"CORE I 3 ,2120 3,1 GHZ , RAM 4 GB, HD 500GB, 140016 ATI HD 6750 1 GB"
1039,3460,00867-COMP-DESK-ICT-PTRE-12,00867-COMP-DESK-ICT-PTRE-12,125,COMP-DESK,77,Dipinjam,Rusak,0.0,,,LT,Aset,Corporate,,,2017-01-04 00:00:00.000,2017-01-04 00:00:00.000,"CORE I 3 ,2120 3,1 GHZ , RAM 4 GB, HD 500GB, 140016 ATI HD 6750 1 GB"
1040,3462,00869-COMP-DESK-ICT-PTRE-12,00869-COMP-DESK-ICT-PTRE-12,125,COMP-DESK,77,Tersedia,Rusak,0.0,,,LT,Aset,Corporate,,,2017-01-04 00:00:00.000,2017-01-04 00:00:00.000,"CORE I 3 ,2120 3,1 GHZ , RAM 4 GB, HD 500GB, 140016 ATI HD 6750 1 GB"
1041,3464,00871-COMP-DESK-ICT-PTRE-12,00871-COMP-DESK-ICT-PTRE-12,125,COMP-DESK,77,Dipinjam,Rusak,0.0,,,LT,Aset,Corporate,,1,2023-04-10 07:17:19.000,2023-04-10 07:17:19.000,"CORE I 3 ,2120 3,1 GHZ , RAM 4 GB, HD 500GB, 140016 ATI HD 6750 1 GB"
1042,3466,00873-COMP-DESK-ICT-PTRE-12,00873-COMP-DESK-ICT-PTRE-12,125,COMP-DESK,77,Dipinjam,Rusak,0.0,,,LT,Aset,Corporate,,1,2023-04-10 07:17:39.000,2023-04-10 07:17:39.000,"CORE I 3 ,2120 3,1 GHZ , RAM 4 GB, HD 500GB, 140016 ATI HD 6750 1 GB"
1043,3468,00875-COMP-DESK-ICT-PTRE-12,00875-COMP-DESK-ICT-PTRE-12,125,COMP-DESK,77,Dipinjam,Rusak,0.0,,,LT,Aset,Corporate,,1,2023-04-10 07:18:03.000,2023-04-10 07:18:03.000,"CORE I 3 ,2120 3,1 GHZ , RAM 4 GB, HD 500GB, 140016 ATI HD 6750 1 GB"
1044,3470,00877-COMP-DESK-ICT-PTRE-12,00877-COMP-DESK-ICT-PTRE-12,125,COMP-DESK,77,Tersedia,Rusak,0.0,,,LT,Aset,Corporate,,1,2023-04-10 07:18:24.000,2023-04-10 07:18:24.000,"CORE I 3 ,2120 3,1 GHZ , RAM 4 GB, HD 500GB, 140016 ATI HD 6750 1 GB"
1045,3478,00885-COMP-DESK-ICT-PTRE-12,00885-COMP-DESK-ICT-PTRE-12,122,COMP-DESK,77,Tersedia,Rusak,0.0,,,LT,Aset,Corporate,,,2017-01-04 00:00:00.000,2017-01-04 00:00:00.000,"CORE 2 DUA E7500 2,9 GHZ, RAM 4 GB, HD 500 GB, 140016 INTEL 4500, LCD 20"""
1046,3479,00886-COMP-DESK-ICT-PTRE-12,00886-COMP-DESK-ICT-PTRE-12,122,COMP-DESK,77,Tidak Aktif,Rusak,0.0,,,LT,Aset,Corporate,,1,2024-06-13 10:51:49.000,2024-06-13 10:51:49.000,"CORE 2 DUA E7500 2,9 GHZ, RAM 4 GB, HD 500 GB, 140016 INTEL 4500, LCD 20"""
1047,3480,00887-COMP-DESK-ICT-PTRE-12,00887-COMP-DESK-ICT-PTRE-12,122,COMP-DESK,77,Tidak Aktif,Rusak,0.0,,,LT,Aset,Corporate,,1,2024-06-13 10:52:03.000,2024-06-13 10:52:03.000,"CORE 2 DUA E7500 2,9 GHZ, RAM 4 GB, HD 500 GB, 140016 INTEL 4500, LCD 20"""
1048,3481,00888-COMP-DESK-ICT-PTRE-12,00888-COMP-DESK-ICT-PTRE-12,122,COMP-DESK,77,Dipinjam,Rusak,0.0,,,LT,Aset,Corporate,,1,2023-04-10 07:21:45.000,2023-04-10 07:21:45.000,"CORE 2 DUA E7500 2,9 GHZ, RAM 4 GB, HD 500 GB, 140016 INTEL 4500, LCD 20"""
1049,3482,00889-COMP-DESK-ICT-PTRE-12,00889-COMP-DESK-ICT-PTRE-12,122,COMP-DESK,77,Dipinjam,Rusak,0.0,,,LT,Aset,Corporate,,1,2023-02-08 16:51:36.000,2023-02-08 16:51:36.000,"CORE 2 DUA E7500 2,9 GHZ, RAM 4 GB, HD 500 GB, 140016 INTEL 4500, LCD 20"""
1050,3483,00890-COMP-DESK-ICT-PTRE-12,00890-COMP-DESK-ICT-PTRE-12,122,COMP-DESK,77,Tersedia,Rusak,0.0,,,LT,Aset,Corporate,,,2017-01-04 00:00:00.000,2017-01-04 00:00:00.000,"CORE 2 DUA E7500 2,9 GHZ, RAM 4 GB, HD 500 GB, 140016 INTEL 4500, LCD 20"""
1051,3484,00891-COMP-DESK-ICT-PTRE-12,00891-COMP-DESK-ICT-PTRE-12,122,COMP-DESK,77,Tersedia,Rusak,0.0,,,LT,Aset,Corporate,,,2017-01-04 00:00:00.000,2017-01-04 00:00:00.000,"CORE 2 DUA E7500 2,9 GHZ, RAM 4 GB, HD 500 GB, 140016 INTEL 4500, LCD 20"""
1052,3485,00892-COMP-DESK-ICT-PTRE-12,00892-COMP-DESK-ICT-PTRE-12,122,COMP-DESK,77,Dipinjam,Rusak,0.0,,,LT,Aset,Corporate,,1,2023-04-10 07:21:22.000,2023-04-10 07:21:22.000,"CORE 2 DUA E7500 2,9 GHZ, RAM 4 GB, HD 500 GB, 140016 INTEL 4500, LCD 20"""
1053,3486,00893-COMP-DESK-ICT-PTRE-12,00893-COMP-DESK-ICT-PTRE-12,122,COMP-DESK,77,Tersedia,Rusak,0.0,,,LT,Aset,Corporate,,,2017-01-04 00:00:00.000,2017-01-04 00:00:00.000,"CORE 2 DUA E7500 2,9 GHZ, RAM 4 GB, HD 500 GB, 140016 INTEL 4500, LCD 20"""
1054,3487,00894-COMP-DESK-ICT-PTRE-12,00894-COMP-DESK-ICT-PTRE-12,122,COMP-DESK,77,Tersedia,Rusak,0.0,,,LT,Aset,Corporate,,1,2023-04-10 07:20:55.000,2023-04-10 07:20:55.000,"CORE 2 DUA E7500 2,9 GHZ, RAM 4 GB, HD 500 GB, 140016 INTEL 4500, LCD 20"""
1055,3488,00895-COMP-DESK-ICT-PTRE-12,00895-COMP-DESK-ICT-PTRE-12,122,COMP-DESK,77,Dipinjam,Rusak,0.0,,,LT,Aset,Corporate,,,2017-01-04 00:00:00.000,2017-01-04 00:00:00.000,"CORE 2 DUA E7500 2,9 GHZ, RAM 4 GB, HD 500 GB, 140016 INTEL 4500, LCD 20"""
1056,3489,00896-COMP-DESK-ICT-PTRE-12,00896-COMP-DESK-ICT-PTRE-12,122,COMP-DESK,77,Dipinjam,Rusak,0.0,,,LT,Aset,Corporate,,,2017-01-04 00:00:00.000,2017-01-04 00:00:00.000,"CORE 2 DUA E7500 2,9 GHZ, RAM 4 GB, HD 500 GB, 140016 INTEL 4500, LCD 20"""
1057,3490,00897-COMP-DESK-ICT-PTRE-12,00897-COMP-DESK-ICT-PTRE-12,122,COMP-DESK,77,Dipinjam,Rusak,0.0,,,LT,Aset,Corporate,,,2017-01-04 00:00:00.000,2017-01-04 00:00:00.000,"CORE 2 DUA E7500 2,9 GHZ, RAM 4 GB, HD 500 GB, 140016 INTEL 4500, LCD 20"""
1058,3491,00898-COMP-DESK-ICT-PTRE-12,00898-COMP-DESK-ICT-PTRE-12,122,COMP-DESK,77,Tidak Aktif,Rusak,0.0,,,LT,Aset,Corporate,,1,2023-02-08 16:54:34.000,2023-02-08 16:54:34.000,"CORE 2 DUA E7500 2,9 GHZ, RAM 4 GB, HD 500 GB, 140016 INTEL 4500, LCD 20"""
1059,3492,00899-COMP-DESK-ICT-PTRE-12,00899-COMP-DESK-ICT-PTRE-12,122,COMP-DESK,77,Dipinjam,Rusak,0.0,,,LT,Aset,Corporate,,,2017-01-04 00:00:00.000,2017-01-04 00:00:00.000,"CORE 2 DUA E7500 2,9 GHZ, RAM 4 GB, HD 500 GB, 140016 INTEL 4500, LCD 20"""
1060,3503,00910-COMP-DESK-ICT-PTRE-12,00910-COMP-DESK-ICT-PTRE-12,122,COMP-DESK,77,Tersedia,Rusak,0.0,,,LT,Aset,Corporate,,,2017-01-04 00:00:00.000,2017-01-04 00:00:00.000,"CORE 2 DUA E7500 2,9 GHZ, RAM 4 GB, HD 500 GB, 140016 INTEL 4500, LCD 20"""
1061,3504,00911-COMP-DESK-ICT-PTRE-12,00911-COMP-DESK-ICT-PTRE-12,122,COMP-DESK,77,Dipinjam,Rusak,0.0,,,LT,Aset,Corporate,,,2017-01-04 00:00:00.000,2017-01-04 00:00:00.000,"CORE 2 DUA E7500 2,9 GHZ, RAM 4 GB, HD 500 GB, 140016 INTEL 4500, LCD 20"""
1062,3505,00912-COMP-DESK-ICT-PTRE-12,00912-COMP-DESK-ICT-PTRE-12,122,COMP-DESK,77,Dipinjam,Rusak,0.0,,,LT,Aset,Corporate,,,2017-01-04 00:00:00.000,2017-01-04 00:00:00.000,"CORE 2 DUA E7500 2,9 GHZ, RAM 4 GB, HD 500 GB, 140016 INTEL 4500, LCD 20"""
1063,3506,00913-COMP-DESK-ICT-PTRE-12,00913-COMP-DESK-ICT-PTRE-12,122,COMP-DESK,77,Tersedia,Rusak,0.0,,,LT,Aset,Corporate,,,2017-01-04 00:00:00.000,2017-01-04 00:00:00.000,"CORE 2 DUA E7500 2,9 GHZ, RAM 4 GB, HD 500 GB, 140016 INTEL 4500, LCD 20"""
1064,3507,00914-COMP-DESK-ICT-PTRE-12,00914-COMP-DESK-ICT-PTRE-12,122,COMP-DESK,77,Dipinjam,Rusak,0.0,,,LT,Aset,Corporate,,,2017-01-04 00:00:00.000,2017-01-04 00:00:00.000,"CORE 2 DUA E7500 2,9 GHZ, RAM 4 GB, HD 500 GB, 140016 INTEL 4500, LCD 20"""
1065,3508,00915-COMP-DESK-ICT-PTRE-12,00915-COMP-DESK-ICT-PTRE-12,122,COMP-DESK,77,Tersedia,Rusak,0.0,,,LT,Aset,Corporate,,,2017-01-04 00:00:00.000,2017-01-04 00:00:00.000,"CORE 2 DUA E7500 2,9 GHZ, RAM 4 GB, HD 500 GB, 140016 INTEL 4500, LCD 20"""
1066,3509,00916-COMP-DESK-ICT-PTRE-12,00916-COMP-DESK-ICT-PTRE-12,122,COMP-DESK,77,Dipinjam,Rusak,0.0,,,LT,Aset,Corporate,,1,2023-04-10 07:20:08.000,2023-04-10 07:20:08.000,"CORE 2 DUA E7500 2,9 GHZ, RAM 4 GB, HD 500 GB, 140016 INTEL 4500, LCD 20"""
1067,3510,00917-COMP-DESK-ICT-PTRE-12,00917-COMP-DESK-ICT-PTRE-12,122,COMP-DESK,77,Tersedia,Rusak,0.0,,,LT,Aset,Corporate,,,2017-01-04 00:00:00.000,2017-01-04 00:00:00.000,"CORE 2 DUA E7500 2,9 GHZ, RAM 4 GB, HD 500 GB, 140016 INTEL 4500, LCD 20"""
1068,3511,00918-COMP-DESK-ICT-PTRE-12,00918-COMP-DESK-ICT-PTRE-12,122,COMP-DESK,77,Tidak Aktif,Rusak,0.0,,,LT,Aset,Corporate,,1,2024-06-13 10:52:25.000,2024-06-13 10:52:25.000,"CORE 2 DUA E7500 2,9 GHZ, RAM 4 GB, HD 500 GB, 140016 INTEL 4500, LCD 20"""
1069,3512,00919-COMP-DESK-ICT-PTRE-12,00919-COMP-DESK-ICT-PTRE-12,122,COMP-DESK,77,Tersedia,Rusak,0.0,,,LT,Aset,Corporate,,,2017-01-04 00:00:00.000,2017-01-04 00:00:00.000,"CORE 2 DUA E7500 2,9 GHZ, RAM 4 GB, HD 500 GB, 140016 INTEL 4500, LCD 20"""
1070,3513,00920-COMP-DESK-ICT-PTRE-12,00920-COMP-DESK-ICT-PTRE-12,122,COMP-DESK,77,Dipinjam,Rusak,0.0,,,LT,Aset,Corporate,,,2017-01-04 00:00:00.000,2017-01-04 00:00:00.000,"CORE 2 DUA E7500 2,9 GHZ, RAM 4 GB, HD 500 GB, 140016 INTEL 4500, LCD 20"""
1071,3514,00921-COMP-DESK-ICT-PTRE-12,00921-COMP-DESK-ICT-PTRE-12,122,COMP-DESK,77,Dipinjam,Rusak,0.0,,,LT,Aset,Corporate,,,2017-01-04 00:00:00.000,2017-01-04 00:00:00.000,"CORE 2 DUA E7500 2,9 GHZ, RAM 4 GB, HD 500 GB, 140016 INTEL 4500, LCD 20"""
1072,3515,00922-COMP-DESK-ICT-PTRE-12,00922-COMP-DESK-ICT-PTRE-12,122,COMP-DESK,77,Tersedia,Rusak,0.0,,,LT,Aset,Corporate,,,2017-01-04 00:00:00.000,2017-01-04 00:00:00.000,"CORE 2 DUA E7500 2,9 GHZ, RAM 4 GB, HD 500 GB, 140016 INTEL 4500, LCD 20"""
1073,3516,00923-COMP-DESK-ICT-PTRE-12,00923-COMP-DESK-ICT-PTRE-12,122,COMP-DESK,77,Tersedia,Rusak,0.0,,,LT,Aset,Corporate,,,2017-01-04 00:00:00.000,2017-01-04 00:00:00.000,"CORE 2 DUA E7500 2,9 GHZ, RAM 4 GB, HD 500 GB, 140016 INTEL 4500, LCD 20"""
1074,3517,00924-COMP-DESK-ICT-PTRE-12,00924-COMP-DESK-ICT-PTRE-12,122,COMP-DESK,77,Dipinjam,Rusak,0.0,,,LT,Aset,Corporate,,,2017-01-04 00:00:00.000,2017-01-04 00:00:00.000,"CORE 2 DUA E7500 2,9 GHZ, RAM 4 GB, HD 500 GB, 140016 INTEL 4500, LCD 20"""
1075,3518,00925-COMP-DESK-ICT-PTRE-10,00925-COMP-DESK-ICT-PTRE-10,116,COMP-DESK,77,Tersedia,Rusak,0.0,,,LT,Aset,Corporate,,,2017-01-04 00:00:00.000,2017-01-04 00:00:00.000,"CORE 2 QUAD 8400, RAM 2 GB, HD 320 GB"
1076,3520,00927-COMP-DESK-ICT-PTRE-10,00927-COMP-DESK-ICT-PTRE-10,116,COMP-DESK,77,Tersedia,Rusak,0.0,,,LT,Aset,Corporate,,,2017-01-04 00:00:00.000,2017-01-04 00:00:00.000,"CORE 2 QUAD 8400, RAM 2 GB, HD 320 GB"
1077,3522,00929-COMP-DESK-ICT-PTRE-10,00929-COMP-DESK-ICT-PTRE-10,116,COMP-DESK,77,Tersedia,Rusak,0.0,,,LT,Aset,Corporate,,,2017-01-04 00:00:00.000,2017-01-04 00:00:00.000,"CORE 2 QUAD 8400, RAM 2 GB, HD 320 GB"
1078,3524,00931-COMP-DESK-ICT-PTRE-10,00931-COMP-DESK-ICT-PTRE-10,116,COMP-DESK,77,Tersedia,Rusak,0.0,,,LT,Aset,Corporate,,,2017-01-04 00:00:00.000,2017-01-04 00:00:00.000,"CORE 2 QUAD 8400, RAM 2 GB, HD 320 GB"
1079,3526,00933-COMP-DESK-ICT-PTRE-10,00933-COMP-DESK-ICT-PTRE-10,116,COMP-DESK,77,Tersedia,Rusak,0.0,,,LT,Aset,Corporate,,,2017-01-04 00:00:00.000,2017-01-04 00:00:00.000,"CORE 2 QUAD 8400, RAM 2 GB, HD 320 GB"
1080,3528,00935-COMP-DESK-ICT-PTRE-10,00935-COMP-DESK-ICT-PTRE-10,116,COMP-DESK,77,Tersedia,Rusak,0.0,,,LT,Aset,Corporate,,,2017-01-04 00:00:00.000,2017-01-04 00:00:00.000,"CORE 2 QUAD 8400, RAM 2 GB, HD 320 GB"
1081,3531,00938-COMP-DESK-ICT-PTRE-10,00938-COMP-DESK-ICT-PTRE-10,116,COMP-DESK,77,Tersedia,Rusak,0.0,,,LT,Aset,Corporate,,,2017-01-04 00:00:00.000,2017-01-04 00:00:00.000,"CORE 2 QUAD 8400, RAM 2 GB, HD 320 GB"
1082,3532,00939-COMP-DESK-ICT-PTRE-10,00939-COMP-DESK-ICT-PTRE-10,116,COMP-DESK,77,Tersedia,Rusak,0.0,,,LT,Aset,Corporate,,,2017-01-04 00:00:00.000,2017-01-04 00:00:00.000,"CORE 2 QUAD 8400, RAM 2 GB, HD 320 GB"
1083,3534,00941-COMP-DESK-ICT-PTRE-10,00941-COMP-DESK-ICT-PTRE-10,116,COMP-DESK,77,Tersedia,Rusak,0.0,,,LT,Aset,Corporate,,,2017-01-04 00:00:00.000,2017-01-04 00:00:00.000,"CORE 2 QUAD 8400, RAM 2 GB, HD 320 GB"
1084,3536,00943-COMP-DESK-ICT-PTRE-10,00943-COMP-DESK-ICT-PTRE-10,116,COMP-DESK,77,Tersedia,Rusak,0.0,,,LT,Aset,Corporate,,,2017-01-04 00:00:00.000,2017-01-04 00:00:00.000,"CORE 2 QUAD 8400, RAM 2 GB, HD 320 GB"
1085,3538,00945-COMP-DESK-ICT-PTRE-10,00945-COMP-DESK-ICT-PTRE-10,116,COMP-DESK,77,Tersedia,Rusak,0.0,,,LT,Aset,Corporate,,,2017-01-04 00:00:00.000,2017-01-04 00:00:00.000,"CORE 2 QUAD 8400, RAM 2 GB, HD 320 GB"
1086,3540,00947-COMP-DESK-ICT-PTRE-10,00947-COMP-DESK-ICT-PTRE-10,116,COMP-DESK,77,Tersedia,Rusak,0.0,,,LT,Aset,Corporate,,,2017-01-04 00:00:00.000,2017-01-04 00:00:00.000,"CORE 2 QUAD 8400, RAM 2 GB, HD 320 GB"
1087,3542,00949-COMP-DESK-ICT-PTRE-10,00949-COMP-DESK-ICT-PTRE-10,116,COMP-DESK,77,Tersedia,Rusak,0.0,,,LT,Aset,Corporate,,,2017-01-04 00:00:00.000,2017-01-04 00:00:00.000,"CORE 2 QUAD 8400, RAM 2 GB, HD 320 GB"
1088,3544,00951-COMP-DESK-ICT-PTRE-10,00951-COMP-DESK-ICT-PTRE-10,116,COMP-DESK,77,Tersedia,Rusak,0.0,,,LT,Aset,Corporate,,,2017-01-04 00:00:00.000,2017-01-04 00:00:00.000,"CORE 2 QUAD 8400, RAM 2 GB, HD 320 GB"
1089,3546,00953-COMP-DESK-ICT-PTRE-10,00953-COMP-DESK-ICT-PTRE-10,116,COMP-DESK,77,Dipinjam,Rusak,0.0,,,LT,Aset,Corporate,,,2017-01-04 00:00:00.000,2017-01-04 00:00:00.000,"CORE 2 QUAD 8400, RAM 2 GB, HD 320 GB"
1090,3550,00957-COMP-DESK-ICT-PTRE-12,00957-COMP-DESK-ICT-PTRE-12,129,COMP-DESK,77,Tidak Aktif,Rusak,0.0,,,LT,Aset,Corporate,,1,2024-06-13 10:52:46.000,2024-06-13 10:52:46.000,"CORE I 3, RAM 2 GB, HD 500 GB, 140016 INTEL 4500, LCD 22"""
1091,3551,00958-COMP-DESK-ICT-PTRE-12,00958-COMP-DESK-ICT-PTRE-12,129,COMP-DESK,77,Tidak Aktif,Rusak,0.0,,,LT,Aset,Corporate,,1,2024-06-13 10:53:36.000,2024-06-13 10:53:36.000,"CORE I 3, RAM 2 GB, HD 500 GB, 140016 INTEL 4500, LCD 22"""
1092,3552,00959-COMP-DESK-ICT-PTRE-12,00959-COMP-DESK-ICT-PTRE-12,129,COMP-DESK,77,Tidak Aktif,Rusak,0.0,,,LT,Aset,Corporate,,1,2024-06-13 10:53:55.000,2024-06-13 10:53:55.000,"CORE I 3, RAM 2 GB, HD 500 GB, 140016 INTEL 4500, LCD 22"""
1093,3553,00960-COMP-DESK-ICT-PTRE-12,00960-COMP-DESK-ICT-PTRE-12,129,COMP-DESK,77,Tidak Aktif,Rusak,0.0,,,LT,Aset,Corporate,,1,2024-06-13 10:54:08.000,2024-06-13 10:54:08.000,"CORE I 3, RAM 2 GB, HD 500 GB, 140016 INTEL 4500, LCD 22"""
1094,3554,00961-COMP-DESK-ICT-PTRE-12,00961-COMP-DESK-ICT-PTRE-12,129,COMP-DESK,77,Tidak Aktif,Rusak,0.0,,,LT,Aset,Corporate,,1,2024-06-13 10:54:25.000,2024-06-13 10:54:25.000,"CORE I 3, RAM 2 GB, HD 500 GB, 140016 INTEL 4500, LCD 22"""
1095,3555,00962-COMP-DESK-ICT-PTRE-12,00962-COMP-DESK-ICT-PTRE-12,129,COMP-DESK,77,Tidak Aktif,Rusak,0.0,,,LT,Aset,Corporate,,1,2024-06-13 10:54:37.000,2024-06-13 10:54:37.000,"CORE I 3, RAM 2 GB, HD 500 GB, 140016 INTEL 4500, LCD 22"""
1096,3556,00963-COMP-DESK-ICT-PTRE-12,00963-COMP-DESK-ICT-PTRE-12,129,COMP-DESK,77,Tidak Aktif,Rusak,0.0,,,LT,Aset,Corporate,,1,2024-06-13 10:54:47.000,2024-06-13 10:54:47.000,"CORE I 3, RAM 2 GB, HD 500 GB, 140016 INTEL 4500, LCD 22"""
1097,3557,00964-COMP-DESK-ICT-PTRE-12,00964-COMP-DESK-ICT-PTRE-12,129,COMP-DESK,77,Tidak Aktif,Rusak,0.0,,,LT,Aset,Corporate,,1,2024-06-13 10:55:11.000,2024-06-13 10:55:11.000,"CORE I 3, RAM 2 GB, HD 500 GB, 140016 INTEL 4500, LCD 22"""
1098,3558,00965-COMP-DESK-ICT-PTRE-12,00965-COMP-DESK-ICT-PTRE-12,129,COMP-DESK,77,Dipinjam,Rusak,0.0,,,LT,Aset,Corporate,,,2017-01-04 00:00:00.000,2017-01-04 00:00:00.000,"CORE I 3, RAM 2 GB, HD 500 GB, 140016 INTEL 4500, LCD 22"""
1099,3559,00966-COMP-DESK-ICT-PTRE-12,00966-COMP-DESK-ICT-PTRE-12,129,COMP-DESK,77,Tidak Aktif,Rusak,0.0,,,LT,Aset,Corporate,,1,2024-06-13 10:55:20.000,2024-06-13 10:55:20.000,"CORE I 3, RAM 2 GB, HD 500 GB, 140016 INTEL 4500, LCD 22"""
1100,3565,00972-COMP-DESK-ICT-PTRE-12,00972-COMP-DESK-ICT-PTRE-12,135,COMP-DESK,77,Tidak Aktif,Rusak,0.0,,,LT,Aset,Corporate,,1,2024-06-13 10:55:32.000,2024-06-13 10:55:32.000,"Core I 3, RAM 2 GB, HD 500 GB"
1101,3567,00974-COMP-DESK-ICT-PTRE-12,00974-COMP-DESK-ICT-PTRE-12,135,COMP-DESK,77,Tidak Aktif,Rusak,0.0,,,LT,Aset,Corporate,,1,2024-06-13 10:55:43.000,2024-06-13 10:55:43.000,"Core I 3, RAM 2 GB, HD 500 GB"
1102,3569,00976-COMP-DESK-ICT-PTRE-12,00976-COMP-DESK-ICT-PTRE-12,135,COMP-DESK,77,Tersedia,Rusak,0.0,,,LT,Aset,Corporate,,,2017-01-04 00:00:00.000,2017-01-04 00:00:00.000,"Core I 3, RAM 2 GB, HD 500 GB"
1103,3571,00978-COMP-DESK-ICT-PTRE-12,00978-COMP-DESK-ICT-PTRE-12,135,COMP-DESK,77,Tersedia,Rusak,0.0,,,LT,Aset,Corporate,,,2017-01-04 00:00:00.000,2017-01-04 00:00:00.000,"Core I 3, RAM 2 GB, HD 500 GB"
1104,3573,00980-COMP-DESK-ICT-PTRE-12,00980-COMP-DESK-ICT-PTRE-12,135,COMP-DESK,77,Tersedia,Rusak,0.0,,,LT,Aset,Corporate,,,2017-01-04 00:00:00.000,2017-01-04 00:00:00.000,"Core I 3, RAM 2 GB, HD 500 GB"
1105,3575,00982-COMP-DESK-ICT-PTRE-12,00982-COMP-DESK-ICT-PTRE-12,135,COMP-DESK,77,Tidak Aktif,Rusak,0.0,,,LT,Aset,Corporate,,1,2024-06-13 10:55:52.000,2024-06-13 10:55:52.000,"Core I 3, RAM 2 GB, HD 500 GB"
1106,3577,00984-COMP-DESK-ICT-PTRE-12,00984-COMP-DESK-ICT-PTRE-12,135,COMP-DESK,77,Tidak Aktif,Rusak,0.0,,,LT,Aset,Corporate,,1,2024-06-13 10:56:03.000,2024-06-13 10:56:03.000,"Core I 3, RAM 2 GB, HD 500 GB"
1107,3579,00986-COMP-DESK-ICT-PTRE-12,00986-COMP-DESK-ICT-PTRE-12,135,COMP-DESK,77,Tersedia,Rusak,0.0,,,LT,Aset,Corporate,,,2017-01-04 00:00:00.000,2017-01-04 00:00:00.000,"Core I 3, RAM 2 GB, HD 500 GB"
1108,3581,00988-COMP-DESK-ICT-PTRE-12,00988-COMP-DESK-ICT-PTRE-12,135,COMP-DESK,77,Tidak Aktif,Rusak,0.0,,,LT,Aset,Corporate,,1,2024-06-13 10:56:17.000,2024-06-13 10:56:17.000,"Core I 3, RAM 2 GB, HD 500 GB"
1109,3583,00990-COMP-DESK-ICT-PTRE-12,00990-COMP-DESK-ICT-PTRE-12,135,COMP-DESK,77,Tersedia,Rusak,0.0,,,LT,Aset,Corporate,,,2017-01-04 00:00:00.000,2017-01-04 00:00:00.000,"Core I 3, RAM 2 GB, HD 500 GB"
1110,3585,00992-COMP-DESK-ICT-PTRE-12,00992-COMP-DESK-ICT-PTRE-12,135,COMP-DESK,77,Tersedia,Rusak,0.0,,,LT,Aset,Corporate,,,2017-01-04 00:00:00.000,2017-01-04 00:00:00.000,"Core I 3, RAM 2 GB, HD 500 GB"
1111,3588,00995-COMP-DESK-ICT-PTRE-12,00995-COMP-DESK-ICT-PTRE-12,126,COMP-DESK,77,Dipinjam,Rusak,0.0,,,LT,Aset,Corporate,,,2017-01-04 00:00:00.000,2017-01-04 00:00:00.000,"Core I 3, RAM 2 GB, HD 500 GB"
1112,3596,01003-COMP-DESK-ICT-PTRE-13,01003-COMP-DESK-ICT-PTRE-13,123,COMP-DESK,77,Dipinjam,Rusak,0.0,,,LT,Aset,Corporate,,,2017-01-04 00:00:00.000,2017-01-04 00:00:00.000,"Core I 3, RAM 4 GB, HD 500 GB, 140016 Gforce"
1113,3597,01004-COMP-DESK-ICT-PTRE-13,01004-COMP-DESK-ICT-PTRE-13,123,COMP-DESK,77,Tidak Aktif,Rusak,0.0,,,LT,Aset,Corporate,,1,2024-06-13 10:56:28.000,2024-06-13 10:56:28.000,"Core I 3, RAM 4 GB, HD 500 GB, 140016 Gforce"
1114,3598,01005-COMP-DESK-ICT-PTRE-13,01005-COMP-DESK-ICT-PTRE-13,123,COMP-DESK,77,Dipinjam,Rusak,0.0,,,LT,Aset,Corporate,,,2017-01-04 00:00:00.000,2017-01-04 00:00:00.000,"Core I 3, RAM 4 GB, HD 500 GB, 140016 Gforce"
1115,3599,01006-COMP-DESK-ICT-PTRE-13,01006-COMP-DESK-ICT-PTRE-13,123,COMP-DESK,77,Tersedia,Rusak,0.0,,,LT,Aset,Corporate,,,2017-01-04 00:00:00.000,2017-01-04 00:00:00.000,"Core I 3, RAM 4 GB, HD 500 GB, 140016 Gforce"
1116,3600,01007-COMP-DESK-ICT-PTRE-13,01007-COMP-DESK-ICT-PTRE-13,123,COMP-DESK,77,Dipinjam,Rusak,0.0,,,LT,Aset,Corporate,,,2017-01-04 00:00:00.000,2017-01-04 00:00:00.000,"Core I 3, RAM 4 GB, HD 500 GB, 140016 Gforce"
1117,3601,01008-COMP-DESK-ICT-PTRE-13,01008-COMP-DESK-ICT-PTRE-13,123,COMP-DESK,77,Dipinjam,Rusak,0.0,,,LT,Aset,Corporate,,,2017-01-04 00:00:00.000,2017-01-04 00:00:00.000,"Core I 3, RAM 4 GB, HD 500 GB, 140016 Gforce"
1118,3602,01009-COMP-DESK-ICT-PTRE-13,01009-COMP-DESK-ICT-PTRE-13,123,COMP-DESK,77,Tersedia,Rusak,0.0,,,LT,Aset,Corporate,,,2017-01-04 00:00:00.000,2017-01-04 00:00:00.000,"Core I 3, RAM 4 GB, HD 500 GB, 140016 Gforce"
1119,3603,01010-COMP-DESK-ICT-PTRE-13,01010-COMP-DESK-ICT-PTRE-13,123,COMP-DESK,77,Tidak Aktif,Rusak,0.0,,,LT,Aset,Corporate,,1,2024-06-13 10:56:40.000,2024-06-13 10:56:40.000,"Core I 3, RAM 4 GB, HD 500 GB, 140016 Gforce"
1120,3604,01011-COMP-DESK-ICT-PTRE-13,01011-COMP-DESK-ICT-PTRE-13,123,COMP-DESK,77,Tidak Aktif,Rusak,0.0,,,LT,Aset,Corporate,,1,2024-06-13 10:56:48.000,2024-06-13 10:56:48.000,"Core I 3, RAM 4 GB, HD 500 GB, 140016 Gforce"
1121,3605,01012-COMP-DESK-ICT-PTRE-13,01012-COMP-DESK-ICT-PTRE-13,123,COMP-DESK,77,Dipinjam,Rusak,0.0,,,LT,Aset,Corporate,,,2017-01-04 00:00:00.000,2017-01-04 00:00:00.000,"Core I 3, RAM 4 GB, HD 500 GB, 140016 Gforce"
1122,3606,01013-COMP-DESK-ICT-PTRE-13,01013-COMP-DESK-ICT-PTRE-13,123,COMP-DESK,77,Dipinjam,Rusak,0.0,,,LT,Aset,Corporate,,,2017-01-04 00:00:00.000,2017-01-04 00:00:00.000,"Core I 3, RAM 4 GB, HD 500 GB, 140016 Gforce"
1123,3607,01014-COMP-DESK-ICT-PTRE-13,01014-COMP-DESK-ICT-PTRE-13,123,COMP-DESK,77,Tidak Aktif,Rusak,0.0,,,LT,Aset,Corporate,,1,2024-06-13 10:56:56.000,2024-06-13 10:56:56.000,"Core I 3, RAM 4 GB, HD 500 GB, 140016 Gforce"
1124,3608,01015-COMP-DESK-ICT-PTRE-13,01015-COMP-DESK-ICT-PTRE-13,123,COMP-DESK,77,Tidak Aktif,Rusak,0.0,,,LT,Aset,Corporate,,1,2024-06-13 10:57:06.000,2024-06-13 10:57:06.000,"Core I 3, RAM 4 GB, HD 500 GB, 140016 Gforce"
1125,3609,01016-COMP-DESK-ICT-PTRE-13,01016-COMP-DESK-ICT-PTRE-13,123,COMP-DESK,77,Dipinjam,Rusak,0.0,,,LT,Aset,Corporate,,,2017-01-04 00:00:00.000,2017-01-04 00:00:00.000,"Core I 3, RAM 4 GB, HD 500 GB, 140016 Gforce"
1126,3610,01017-COMP-DESK-ICT-PTRE-13,01017-COMP-DESK-ICT-PTRE-13,123,COMP-DESK,77,Tidak Aktif,Rusak,0.0,,,LT,Aset,Corporate,,1,2024-06-13 10:57:21.000,2024-06-13 10:57:21.000,"Core I 3, RAM 4 GB, HD 500 GB, 140016 Gforce"
1127,3611,01018-COMP-DESK-ICT-PTRE-13,01018-COMP-DESK-ICT-PTRE-13,123,COMP-DESK,77,Dipinjam,Rusak,0.0,,,LT,Aset,Corporate,,,2017-01-04 00:00:00.000,2017-01-04 00:00:00.000,"Core I 3, RAM 4 GB, HD 500 GB, 140016 Gforce"
1128,3612,01019-COMP-DESK-ICT-PTRE-13,01019-COMP-DESK-ICT-PTRE-13,123,COMP-DESK,77,Tidak Aktif,Rusak,0.0,,,LT,Aset,Corporate,,1,2024-06-13 10:57:46.000,2024-06-13 10:57:46.000,"Core I 3, RAM 4 GB, HD 500 GB, 140016 Gforce"
1129,3613,01020-COMP-DESK-ICT-PTRE-13,01020-COMP-DESK-ICT-PTRE-13,123,COMP-DESK,77,Tidak Aktif,Rusak,0.0,,,LT,Aset,Corporate,,1,2024-06-13 10:57:56.000,2024-06-13 10:57:56.000,"Core I 3, RAM 4 GB, HD 500 GB, 140016 Gforce"
1130,3614,01021-COMP-DESK-ICT-PTRE-13,01021-COMP-DESK-ICT-PTRE-13,123,COMP-DESK,77,Tidak Aktif,Rusak,0.0,,,LT,Aset,Corporate,,1,2024-06-13 10:58:07.000,2024-06-13 10:58:07.000,"Core I 3, RAM 4 GB, HD 500 GB, 140016 Gforce"
1131,3615,01022-COMP-DESK-ICT-PTRE-13,01022-COMP-DESK-ICT-PTRE-13,123,COMP-DESK,77,Dipinjam,Rusak,0.0,,,LT,Aset,Corporate,,,2017-01-04 00:00:00.000,2017-01-04 00:00:00.000,"Core I 3, RAM 4 GB, HD 500 GB, 140016 Gforce"
1132,3616,01023-COMP-DESK-ICT-PTRE-13,01023-COMP-DESK-ICT-PTRE-13,123,COMP-DESK,77,Tersedia,Rusak,0.0,,,LT,Aset,Corporate,,,2017-01-04 00:00:00.000,2017-01-04 00:00:00.000,"Core I 3, RAM 4 GB, HD 500 GB, 140016 Gforce"
1133,3617,01024-COMP-DESK-ICT-PTRE-13,01024-COMP-DESK-ICT-PTRE-13,123,COMP-DESK,77,Dipinjam,Rusak,0.0,,,LT,Aset,Corporate,,,2017-01-04 00:00:00.000,2017-01-04 00:00:00.000,"Core I 3, RAM 4 GB, HD 500 GB, 140016 Gforce"
1134,3618,01025-COMP-DESK-ICT-PTRE-13,01025-COMP-DESK-ICT-PTRE-13,123,COMP-DESK,77,Dipinjam,Rusak,0.0,,,LT,Aset,Corporate,,,2017-01-04 00:00:00.000,2017-01-04 00:00:00.000,"Core I 3, RAM 4 GB, HD 500 GB, 140016 Gforce"
1135,3619,01026-COMP-DESK-ICT-PTRE-13,01026-COMP-DESK-ICT-PTRE-13,123,COMP-DESK,77,Tidak Aktif,Rusak,0.0,,,LT,Aset,Corporate,,1,2024-06-13 10:58:20.000,2024-06-13 10:58:20.000,"Core I 3, RAM 4 GB, HD 500 GB, 140016 Gforce"
1136,3620,01027-COMP-DESK-ICT-PTRE-13,01027-COMP-DESK-ICT-PTRE-13,124,COMP-DESK,77,Tidak Aktif,Rusak,0.0,,,LT,Aset,Corporate,,1,2024-06-13 10:59:22.000,2024-06-13 10:59:22.000,"Core I 3, RAM 4 GB, HD 500 GB, 140016 Gforce, 21"""
1137,3621,01028-COMP-DESK-ICT-PTRE-13,01028-COMP-DESK-ICT-PTRE-13,124,COMP-DESK,77,Dipinjam,Rusak,0.0,,,LT,Aset,Corporate,,,2017-01-04 00:00:00.000,2017-01-04 00:00:00.000,"Core I 3, RAM 4 GB, HD 500 GB, 140016 Gforce, 21"""
1138,3622,01029-COMP-DESK-ICT-PTRE-13,01029-COMP-DESK-ICT-PTRE-13,124,COMP-DESK,77,Tidak Aktif,Rusak,0.0,,,LT,Aset,Corporate,,1,2024-06-13 10:59:31.000,2024-06-13 10:59:31.000,"Core I 3, RAM 4 GB, HD 500 GB, 140016 Gforce, 21"""
1139,3623,01030-COMP-DESK-ICT-PTRE-13,01030-COMP-DESK-ICT-PTRE-13,124,COMP-DESK,77,Tidak Aktif,Rusak,0.0,,,LT,Aset,Corporate,,1,2024-06-13 10:59:40.000,2024-06-13 10:59:40.000,"Core I 3, RAM 4 GB, HD 500 GB, 140016 Gforce, 21"""
1140,3624,01031-COMP-DESK-ICT-PTRE-13,01031-COMP-DESK-ICT-PTRE-13,124,COMP-DESK,77,Dipinjam,Rusak,0.0,,,LT,Aset,Corporate,,,2017-01-04 00:00:00.000,2017-01-04 00:00:00.000,"Core I 3, RAM 4 GB, HD 500 GB, 140016 Gforce, 21"""
1141,3625,01032-COMP-DESK-ICT-PTRE-13,01032-COMP-DESK-ICT-PTRE-13,124,COMP-DESK,77,Tidak Aktif,Rusak,0.0,,,LT,Aset,Corporate,,1,2024-06-13 10:59:52.000,2024-06-13 10:59:52.000,"Core I 3, RAM 4 GB, HD 500 GB, 140016 Gforce, 21"""
1142,3626,01033-COMP-DESK-ICT-PTRE-13,01033-COMP-DESK-ICT-PTRE-13,124,COMP-DESK,77,Tidak Aktif,Rusak,0.0,,,LT,Aset,Corporate,,1,2024-06-13 11:00:04.000,2024-06-13 11:00:04.000,"Core I 3, RAM 4 GB, HD 500 GB, 140016 Gforce, 21"""
1143,3627,01034-COMP-DESK-ICT-PTRE-13,01034-COMP-DESK-ICT-PTRE-13,124,COMP-DESK,77,Tidak Aktif,Rusak,0.0,,,LT,Aset,Corporate,,1,2024-06-13 11:00:15.000,2024-06-13 11:00:15.000,"Core I 3, RAM 4 GB, HD 500 GB, 140016 Gforce, 21"""
1144,3628,01035-COMP-DESK-ICT-PTRE-13,01035-COMP-DESK-ICT-PTRE-13,124,COMP-DESK,77,Tersedia,Rusak,0.0,,,LT,Aset,Corporate,,,2017-01-04 00:00:00.000,2017-01-04 00:00:00.000,"Core I 3, RAM 4 GB, HD 500 GB, 140016 Gforce, 21"""
1145,3629,01036-COMP-DESK-ICT-PTRE-13,01036-COMP-DESK-ICT-PTRE-13,124,COMP-DESK,77,Dipinjam,Rusak,0.0,,,LT,Aset,Corporate,,,2017-01-04 00:00:00.000,2017-01-04 00:00:00.000,"Core I 3, RAM 4 GB, HD 500 GB, 140016 Gforce, 21"""
1146,3630,01037-COMP-DESK-ICT-PTRE-13,01037-COMP-DESK-ICT-PTRE-13,124,COMP-DESK,77,Tidak Aktif,Rusak,0.0,,,LT,Aset,Corporate,,95,2021-03-09 13:34:09.000,2021-03-09 13:34:09.000,"Core I 3, RAM 4 GB, HD 500 GB, 140016 Gforce, 21"""
1147,3631,01038-COMP-DESK-ICT-PTRE-13,01038-COMP-DESK-ICT-PTRE-13,124,COMP-DESK,77,Dipinjam,Rusak,0.0,,,LT,Aset,Corporate,,,2017-01-04 00:00:00.000,2017-01-04 00:00:00.000,"Core I 3, RAM 4 GB, HD 500 GB, 140016 Gforce, 21"""
1148,3632,01039-COMP-DESK-ICT-PTRE-13,01039-COMP-DESK-ICT-PTRE-13,124,COMP-DESK,77,Dipinjam,Rusak,0.0,,,LT,Aset,Corporate,,,2017-01-04 00:00:00.000,2017-01-04 00:00:00.000,"Core I 3, RAM 4 GB, HD 500 GB, 140016 Gforce, 21"""
1149,3633,01040-COMP-DESK-ICT-PTRE-13,01040-COMP-DESK-ICT-PTRE-13,124,COMP-DESK,77,Tersedia,Rusak,0.0,,,LT,Aset,Corporate,,,2017-01-04 00:00:00.000,2017-01-04 00:00:00.000,"Core I 3, RAM 4 GB, HD 500 GB, 140016 Gforce, 21"""
1150,3634,01041-COMP-DESK-ICT-PTRE-13,01041-COMP-DESK-ICT-PTRE-13,124,COMP-DESK,77,Dipinjam,Rusak,0.0,,,LT,Aset,Corporate,,,2017-01-04 00:00:00.000,2017-01-04 00:00:00.000,"Core I 3, RAM 4 GB, HD 500 GB, 140016 Gforce, 21"""
1151,3635,01042-COMP-DESK-ICT-PTRE-13,01042-COMP-DESK-ICT-PTRE-13,124,COMP-DESK,77,Dipinjam,Rusak,0.0,,,LT,Aset,Corporate,,,2017-01-04 00:00:00.000,2017-01-04 00:00:00.000,"Core I 3, RAM 4 GB, HD 500 GB, 140016 Gforce, 21"""
1152,3636,01043-COMP-DESK-ICT-PTRE-13,01043-COMP-DESK-ICT-PTRE-13,124,COMP-DESK,77,Dipinjam,Rusak,0.0,,,LT,Aset,Corporate,,,2017-01-04 00:00:00.000,2017-01-04 00:00:00.000,"Core I 3, RAM 4 GB, HD 500 GB, 140016 Gforce, 21"""
1153,3637,01044-COMP-DESK-ICT-PTRE-13,01044-COMP-DESK-ICT-PTRE-13,124,COMP-DESK,77,Tersedia,Rusak,0.0,,,LT,Aset,Corporate,,,2017-01-04 00:00:00.000,2017-01-04 00:00:00.000,"Core I 3, RAM 4 GB, HD 500 GB, 140016 Gforce, 21"""
1154,3638,01045-COMP-DESK-ICT-PTRE-13,01045-COMP-DESK-ICT-PTRE-13,124,COMP-DESK,77,Tersedia,Rusak,0.0,,,LT,Aset,Corporate,,,2017-01-04 00:00:00.000,2017-01-04 00:00:00.000,"Core I 3, RAM 4 GB, HD 500 GB, 140016 Gforce, 21"""
1155,3639,01046-COMP-DESK-ICT-PTRE-13,01046-COMP-DESK-ICT-PTRE-13,124,COMP-DESK,77,Tersedia,Rusak,0.0,,,LT,Aset,Corporate,,,2017-01-04 00:00:00.000,2017-01-04 00:00:00.000,"Core I 3, RAM 4 GB, HD 500 GB, 140016 Gforce, 21"""
1156,3716,01122-COMP-DESK-ICT-PTRE-13,01122-COMP-DESK-ICT-PTRE-13,134,COMP-DESK,77,Tidak Aktif,Rusak,0.0,,,LT,Aset,Corporate,,1,2024-06-13 11:00:24.000,2024-06-13 11:00:24.000,"Core I 3, RAM 4 GB, HD 500 GB, 140016 Intel 20"""
1157,3717,01123-COMP-DESK-ICT-PTRE-13,01123-COMP-DESK-ICT-PTRE-13,134,COMP-DESK,77,Tidak Aktif,Rusak,0.0,,,LT,Aset,Corporate,,1,2024-06-13 11:00:36.000,2024-06-13 11:00:36.000,"Core I 3, RAM 4 GB, HD 500 GB, 140016 Intel 20"""
1158,3718,01124-COMP-DESK-ICT-PTRE-13,01124-COMP-DESK-ICT-PTRE-13,134,COMP-DESK,77,Tidak Aktif,Rusak,0.0,,,LT,Aset,Corporate,,1,2024-06-13 11:05:28.000,2024-06-13 11:05:28.000,"Core I 3, RAM 4 GB, HD 500 GB, 140016 Intel 20"""
1159,3719,01125-COMP-DESK-ICT-PTRE-13,01125-COMP-DESK-ICT-PTRE-13,134,COMP-DESK,77,Tidak Aktif,Rusak,0.0,,,LT,Aset,Corporate,,1,2024-06-13 11:05:40.000,2024-06-13 11:05:40.000,"Core I 3, RAM 4 GB, HD 500 GB, 140016 Intel 20"""
1160,3720,01126-COMP-DESK-ICT-PTRE-13,01126-COMP-DESK-ICT-PTRE-13,134,COMP-DESK,77,Tersedia,Rusak,0.0,,,LT,Aset,Corporate,,,2017-01-04 00:00:00.000,2017-01-04 00:00:00.000,"Core I 3, RAM 4 GB, HD 500 GB, 140016 Intel 20"""
1161,3721,01127-COMP-DESK-ICT-PTRE-13,01127-COMP-DESK-ICT-PTRE-13,134,COMP-DESK,77,Tidak Aktif,Rusak,0.0,,,LT,Aset,Corporate,,1,2024-06-13 11:06:10.000,2024-06-13 11:06:10.000,"Core I 3, RAM 4 GB, HD 500 GB, 140016 Intel 20"""
1162,3722,01128-COMP-DESK-ICT-PTRE-13,01128-COMP-DESK-ICT-PTRE-13,134,COMP-DESK,77,Dipinjam,Rusak,0.0,,,LT,Aset,Corporate,,,2017-01-04 00:00:00.000,2017-01-04 00:00:00.000,"Core I 3, RAM 4 GB, HD 500 GB, 140016 Intel 20"""
1163,3723,01129-COMP-DESK-ICT-PTRE-13,01129-COMP-DESK-ICT-PTRE-13,134,COMP-DESK,77,Dipinjam,Rusak,0.0,,,LT,Aset,Corporate,,,2017-01-04 00:00:00.000,2017-01-04 00:00:00.000,"Core I 3, RAM 4 GB, HD 500 GB, 140016 Intel 20"""
1164,3724,01130-COMP-DESK-ICT-PTRE-13,01130-COMP-DESK-ICT-PTRE-13,134,COMP-DESK,77,Dipinjam,Rusak,0.0,,,LT,Aset,Corporate,,,2017-01-04 00:00:00.000,2017-01-04 00:00:00.000,"Core I 3, RAM 4 GB, HD 500 GB, 140016 Intel 20"""
1165,3725,01131-COMP-DESK-ICT-PTRE-13,01131-COMP-DESK-ICT-PTRE-13,134,COMP-DESK,77,Tidak Aktif,Rusak,0.0,,,LT,Aset,Corporate,,1,2024-06-13 11:06:19.000,2024-06-13 11:06:19.000,"Core I 3, RAM 4 GB, HD 500 GB, 140016 Intel 20"""
1166,3726,01132-COMP-DESK-ICT-PTRE-13,01132-COMP-DESK-ICT-PTRE-13,134,COMP-DESK,77,Tidak Aktif,Rusak,0.0,,,LT,Aset,Corporate,,1,2024-06-13 11:09:39.000,2024-06-13 11:09:39.000,"Core I 3, RAM 4 GB, HD 500 GB, 140016 Intel 20"""
1167,3727,01133-COMP-DESK-ICT-PTRE-13,01133-COMP-DESK-ICT-PTRE-13,134,COMP-DESK,77,Tersedia,Rusak,0.0,,,LT,Aset,Corporate,,,2017-01-04 00:00:00.000,2017-01-04 00:00:00.000,"Core I 3, RAM 4 GB, HD 500 GB, 140016 Intel 20"""
1168,3728,01134-COMP-DESK-ICT-PTRE-13,01134-COMP-DESK-ICT-PTRE-13,134,COMP-DESK,77,Dipinjam,Rusak,0.0,,,LT,Aset,Corporate,,,2017-01-04 00:00:00.000,2017-01-04 00:00:00.000,"Core I 3, RAM 4 GB, HD 500 GB, 140016 Intel 20"""
1169,3729,01135-COMP-DESK-ICT-PTRE-13,01135-COMP-DESK-ICT-PTRE-13,134,COMP-DESK,77,Tidak Aktif,Rusak,0.0,,,LT,Aset,Corporate,,1,2024-06-13 11:09:48.000,2024-06-13 11:09:48.000,"Core I 3, RAM 4 GB, HD 500 GB, 140016 Intel 20"""
1170,3730,01136-COMP-DESK-ICT-PTRE-13,01136-COMP-DESK-ICT-PTRE-13,134,COMP-DESK,77,Dipinjam,Rusak,0.0,,,LT,Aset,Corporate,,,2017-01-04 00:00:00.000,2017-01-04 00:00:00.000,"Core I 3, RAM 4 GB, HD 500 GB, 140016 Intel 20"""
1171,3731,01137-COMP-DESK-ICT-PTRE-13,01137-COMP-DESK-ICT-PTRE-13,135,COMP-DESK,77,Tidak Aktif,Rusak,0.0,,,LT,Aset,Corporate,,1,2024-06-13 11:09:59.000,2024-06-13 11:09:59.000,"Core I 5, RAM 4 GB, HD 500 GB"
1172,3732,01138-COMP-DESK-ICT-PTRE-13,01138-COMP-DESK-ICT-PTRE-13,135,COMP-DESK,77,Tidak Aktif,Rusak,0.0,,,LT,Aset,Corporate,,1,2024-06-13 11:10:10.000,2024-06-13 11:10:10.000,"Core I 5, RAM 4 GB, HD 500 GB"
1173,3733,01139-COMP-DESK-ICT-PTRE-13,01139-COMP-DESK-ICT-PTRE-13,135,COMP-DESK,140,Tidak Aktif,Rusak,0.0,,,LT,Aset,Corporate,10519,1,2024-06-13 14:40:33.000,2024-06-13 14:40:33.000,"Core i5 2400s, RAM 4 GB, HDD 1000 GB"
1174,3734,01140-COMP-DESK-ICT-PTRE-13,01140-COMP-DESK-ICT-PTRE-13,135,COMP-DESK,77,Tidak Aktif,Rusak,0.0,,,LT,Aset,Corporate,,1,2024-06-13 11:10:19.000,2024-06-13 11:10:19.000,"Core I 5, RAM 4 GB, HD 500 GB"
1175,3735,01141-COMP-DESK-ICT-PTRE-13,01141-COMP-DESK-ICT-PTRE-13,135,COMP-DESK,77,Tidak Aktif,Rusak,0.0,,,LT,Aset,Corporate,,1,2024-06-13 11:10:29.000,2024-06-13 11:10:29.000,"Core I 5, RAM 4 GB, HD 500 GB"
1176,3736,01142-COMP-DESK-ICT-PTRE-13,01142-COMP-DESK-ICT-PTRE-13,135,COMP-DESK,77,Tidak Aktif,Rusak,0.0,,,LT,Aset,Corporate,,1,2024-06-13 11:10:43.000,2024-06-13 11:10:43.000,"Core I 5, RAM 4 GB, HD 500 GB"
1177,3737,01143-COMP-DESK-ICT-PTRE-13,01143-COMP-DESK-ICT-PTRE-13,135,COMP-DESK,232,Tidak Aktif,Rusak,0.0,,,LT,Aset,Corporate,10519,1,2024-06-13 14:40:54.000,2024-06-13 14:40:54.000,"Core I 5, RAM 4 GB, HD 500 GB"
1178,3747,01153-COMP-DESK-ICT-PTRE-13,01153-COMP-DESK-ICT-PTRE-13,134,COMP-DESK,77,Tidak Aktif,Rusak,0.0,,,LT,Aset,Corporate,,1,2024-06-13 11:10:51.000,2024-06-13 11:10:51.000,"Core I 3, RAM 4 GB, HD 500 GB, 140016 Intel 20"""
1179,3748,01154-COMP-DESK-ICT-PTRE-13,01154-COMP-DESK-ICT-PTRE-13,134,COMP-DESK,77,Tidak Aktif,Rusak,0.0,,,LT,Aset,Corporate,,1,2024-06-13 11:11:01.000,2024-06-13 11:11:01.000,"Core I 3, RAM 4 GB, HD 500 GB, 140016 Intel 20"""
1180,3749,01155-COMP-DESK-ICT-PTRE-13,01155-COMP-DESK-ICT-PTRE-13,134,COMP-DESK,77,Dipinjam,Rusak,0.0,,,LT,Aset,Corporate,,1,2022-11-01 10:54:59.000,2022-11-01 10:54:59.000,"Core I 3, RAM 4 GB, HD 500 GB, 140016 Intel 20"""
1181,3750,01156-COMP-DESK-ICT-PTRE-13,01156-COMP-DESK-ICT-PTRE-13,134,COMP-DESK,77,Tidak Aktif,Rusak,0.0,,,LT,Aset,Corporate,,1,2024-06-13 11:11:12.000,2024-06-13 11:11:12.000,"Core I 3, RAM 4 GB, HD 500 GB, 140016 Intel 20"""
1182,3751,01157-COMP-DESK-ICT-PTRE-13,01157-COMP-DESK-ICT-PTRE-13,134,COMP-DESK,77,Tidak Aktif,Rusak,0.0,,,LT,Aset,Corporate,,1,2024-06-13 11:11:21.000,2024-06-13 11:11:21.000,"Core I 3, RAM 4 GB, HD 500 GB, 140016 Intel 20"""
1183,3752,01158-COMP-DESK-ICT-PTRE-13,01158-COMP-DESK-ICT-PTRE-13,134,COMP-DESK,77,Tidak Aktif,Rusak,0.0,,,LT,Aset,Corporate,,1,2024-06-13 11:11:41.000,2024-06-13 11:11:41.000,"Core I 3, RAM 4 GB, HD 500 GB, 140016 Intel 20"""
1184,3753,01159-COMP-DESK-ICT-PTRE-13,01159-COMP-DESK-ICT-PTRE-13,135,COMP-DESK,77,Tidak Aktif,Rusak,0.0,,,LT,Aset,Corporate,,1,2024-06-13 11:11:59.000,2024-06-13 11:11:59.000,"Core I 5, RAM 4 GB, HD 500 GB"
1185,3755,01161-COMP-DESK-ICT-PTRE-13,01161-COMP-DESK-ICT-PTRE-13,135,COMP-DESK,77,Tidak Aktif,Rusak,0.0,,,LT,Aset,Corporate,,1,2024-06-13 11:12:11.000,2024-06-13 11:12:11.000,"Core I 5, RAM 4 GB, HD 500 GB"
1186,3764,01170-COMP-DESK-ICT-PTRE-13,01170-COMP-DESK-ICT-PTRE-13,134,COMP-DESK,77,Tidak Aktif,Rusak,0.0,,,LT,Aset,Corporate,,1,2024-06-13 14:20:15.000,2024-06-13 14:20:15.000,"Core I 3, RAM 4 GB, HD 500 GB, 140016 Intel 20"""
1187,3765,01171-COMP-DESK-ICT-PTRE-13,01171-COMP-DESK-ICT-PTRE-13,134,COMP-DESK,77,Tidak Aktif,Rusak,0.0,,,LT,Aset,Corporate,,1,2024-06-13 14:20:30.000,2024-06-13 14:20:30.000,"Core I 3, RAM 4 GB, HD 500 GB, 140016 Intel 20"""
1188,3766,01172-COMP-DESK-ICT-PTRE-13,01172-COMP-DESK-ICT-PTRE-13,134,COMP-DESK,77,Dipinjam,Rusak,0.0,,,LT,Aset,Corporate,,,2017-01-04 00:00:00.000,2017-01-04 00:00:00.000,"Core I 3, RAM 4 GB, HD 500 GB, 140016 Intel 20"""
1189,3767,01173-COMP-DESK-ICT-PTRE-13,01173-COMP-DESK-ICT-PTRE-13,134,COMP-DESK,77,Tidak Aktif,Rusak,0.0,,,LT,Aset,Corporate,,1,2024-06-13 14:20:41.000,2024-06-13 14:20:41.000,"Core I 3, RAM 4 GB, HD 500 GB, 140016 Intel 20"""
1190,3768,01174-COMP-DESK-ICT-PTRE-13,01174-COMP-DESK-ICT-PTRE-13,134,COMP-DESK,77,Tidak Aktif,Rusak,0.0,,,LT,Aset,Corporate,,1,2024-06-13 14:20:53.000,2024-06-13 14:20:53.000,"Core I 3, RAM 4 GB, HD 500 GB, 140016 Intel 20"""
1191,3769,01175-COMP-DESK-ICT-PTRE-13,01175-COMP-DESK-ICT-PTRE-13,134,COMP-DESK,77,Tidak Aktif,Rusak,0.0,,,LT,Aset,Corporate,,1,2024-06-13 14:21:04.000,2024-06-13 14:21:04.000,"Core I 3, RAM 4 GB, HD 500 GB, 140016 Intel 20"""
1192,3770,01176-COMP-DESK-ICT-PTRE-13,01176-COMP-DESK-ICT-PTRE-13,134,COMP-DESK,77,Tidak Aktif,Rusak,0.0,,,LT,Aset,Corporate,,1,2024-06-13 14:26:48.000,2024-06-13 14:26:48.000,"Core I 3, RAM 4 GB, HD 500 GB, 140016 Intel 20"""
1193,3771,01177-COMP-DESK-ICT-PTRE-13,01177-COMP-DESK-ICT-PTRE-13,134,COMP-DESK,77,Dipinjam,Rusak,0.0,,,LT,Aset,Corporate,,,2017-01-04 00:00:00.000,2017-01-04 00:00:00.000,"Core I 3, RAM 4 GB, HD 500 GB, 140016 Intel 20"""
1194,3772,01178-COMP-DESK-ICT-PTRE-13,01178-COMP-DESK-ICT-PTRE-13,134,COMP-DESK,77,Dipinjam,Rusak,0.0,,,LT,Aset,Corporate,,1,2022-10-31 14:32:11.000,2022-10-31 14:32:11.000,"Core I 3, RAM 4 GB, HD 500 GB, 140016 Intel 20"""
1195,3773,01179-COMP-DESK-ICT-PTRE-13,01179-COMP-DESK-ICT-PTRE-13,134,COMP-DESK,77,Tidak Aktif,Rusak,0.0,,,LT,Aset,Corporate,,1,2024-06-13 14:26:58.000,2024-06-13 14:26:58.000,"Core I 3, RAM 4 GB, HD 500 GB, 140016 Intel 20"""
1196,3776,01182-COMP-DESK-ICT-PTRE-13,01182-COMP-DESK-ICT-PTRE-13,133,COMP-DESK,77,Tidak Aktif,Rusak,0.0,,,LT,Aset,Corporate,,1,2024-06-13 14:27:10.000,2024-06-13 14:27:10.000,"Core I 5, RAM 4 GB, HD 500 GB, Gforce"
1197,3778,01184-COMP-DESK-ICT-PTRE-13,01184-COMP-DESK-ICT-PTRE-13,133,COMP-DESK,77,Tidak Aktif,Rusak,0.0,,,LT,Aset,Corporate,,1,2024-06-13 14:27:23.000,2024-06-13 14:27:23.000,"Core I 5, RAM 4 GB, HD 500 GB, Gforce"
1198,3814,01220-COMP-DESK-ICT-PTRE-14,01220-COMP-DESK-ICT-PTRE-14,134,COMP-DESK,77,Tidak Aktif,Rusak,0.0,,,LT,Aset,Corporate,,1,2024-06-13 14:27:34.000,2024-06-13 14:27:34.000,"Core I 3, RAM 4 GB, HD 500 GB, 140016 Intel 20"""
1199,3815,01221-COMP-DESK-ICT-PTRE-14,01221-COMP-DESK-ICT-PTRE-14,134,COMP-DESK,77,Tidak Aktif,Rusak,0.0,,,LT,Aset,Corporate,,1,2024-06-13 14:27:45.000,2024-06-13 14:27:45.000,"Core I 3, RAM 4 GB, HD 500 GB, 140016 Intel 20"""
1200,3817,01223-COMP-DESK-ICT-PTRE-14,01223-COMP-DESK-ICT-PTRE-14,135,COMP-DESK,77,Dipinjam,Rusak,0.0,,,LT,Aset,Corporate,,1,2022-11-01 10:15:29.000,2022-11-01 10:15:29.000,"Core I 5, 8 GB RAM, 1 TB"
1201,3819,01225-COMP-DESK-ICT-PTRE-14,01225-COMP-DESK-ICT-PTRE-14,135,COMP-DESK,77,Tidak Aktif,Rusak,0.0,,,LT,Aset,Corporate,,1,2024-06-13 14:27:56.000,2024-06-13 14:27:56.000,"Core I 5, 8 GB RAM, 1 TB"
1202,3822,01228-COMP-DESK-ICT-PTRE-14,01228-COMP-DESK-ICT-PTRE-14,135,COMP-DESK,77,Tidak Aktif,Rusak,0.0,,,LT,Aset,Corporate,,1,2024-06-13 14:28:07.000,2024-06-13 14:28:07.000,"Core I 5, 8 GB RAM, 1 TB"
1203,3824,01230-COMP-DESK-ICT-PTRE-14,01230-COMP-DESK-ICT-PTRE-14,135,COMP-DESK,77,Tidak Aktif,Rusak,0.0,,,LT,Aset,Corporate,,1,2024-06-13 14:28:18.000,2024-06-13 14:28:18.000,"Core I 5, 8 GB RAM, 1 TB"
1204,3826,01232-COMP-DESK-ICT-PTRE-14,01232-COMP-DESK-ICT-PTRE-14,135,COMP-DESK,77,Tidak Aktif,Rusak,0.0,,,LT,Aset,Corporate,,1,2024-06-13 14:28:33.000,2024-06-13 14:28:33.000,"Core I 5, 8 GB RAM, 1 TB"
1205,3828,01234-COMP-DESK-ICT-PTRE-14,01234-COMP-DESK-ICT-PTRE-14,135,COMP-DESK,77,Dipinjam,Rusak,0.0,,,LT,Aset,Corporate,,,2017-01-04 00:00:00.000,2017-01-04 00:00:00.000,"Core I 5, 8 GB RAM, 1 TB"
1206,3838,01244-COMP-DESK-ICT-PTRE-14,01244-COMP-DESK-ICT-PTRE-14,135,COMP-DESK,77,Tidak Aktif,Rusak,0.0,,,LT,Aset,Corporate,,1,2024-06-13 14:28:43.000,2024-06-13 14:28:43.000,"Core I 5, 8 GB RAM, 1 TB"
1207,3840,01246-COMP-DESK-ICT-PTRE-14,01246-COMP-DESK-ICT-PTRE-14,135,COMP-DESK,77,Tidak Aktif,Rusak,0.0,,,LT,Aset,Corporate,,1,2024-06-13 14:28:53.000,2024-06-13 14:28:53.000,"Core I 5, 8 GB RAM, 1 TB"
1208,3843,01249-COMP-DESK-ICT-PTRE-14,01249-COMP-DESK-ICT-PTRE-14,135,COMP-DESK,77,Tidak Aktif,Rusak,0.0,,,LT,Aset,Corporate,,1,2024-06-13 14:29:10.000,2024-06-13 14:29:10.000,"Core I 5, 8 GB RAM, 1 TB"
1209,3845,01251-COMP-DESK-ICT-PTRE-14,01251-COMP-DESK-ICT-PTRE-14,135,COMP-DESK,77,Tidak Aktif,Rusak,0.0,,,LT,Aset,Corporate,,1,2024-06-13 14:29:24.000,2024-06-13 14:29:24.000,"Core I 5, 8 GB RAM, 1 TB"
1210,3847,01253-COMP-DESK-ICT-PTRE-14,01253-COMP-DESK-ICT-PTRE-14,135,COMP-DESK,77,Tidak Aktif,Rusak,0.0,,,LT,Aset,Corporate,,1,2024-06-13 14:29:33.000,2024-06-13 14:29:33.000,"Core I 5, 8 GB RAM, 1 TB"
1211,3849,01255-COMP-DESK-ICT-PTRE-14,01255-COMP-DESK-ICT-PTRE-14,135,COMP-DESK,77,Tidak Aktif,Rusak,0.0,,,LT,Aset,Corporate,,1,2024-06-13 14:29:46.000,2024-06-13 14:29:46.000,"Core I 5, 8 GB RAM, 1 TB"
1212,3851,01257-COMP-DESK-ICT-PTRE-14,01257-COMP-DESK-ICT-PTRE-14,135,COMP-DESK,77,Tidak Aktif,Rusak,0.0,,,LT,Aset,Corporate,,1,2024-06-13 14:29:55.000,2024-06-13 14:29:55.000,"Core I 5, 8 GB RAM, 1 TB"
1213,3854,01260-COMP-DESK-ICT-PTRE-14,01260-COMP-DESK-ICT-PTRE-14,135,COMP-DESK,77,Tidak Aktif,Rusak,0.0,,,LT,Aset,Corporate,,1,2024-06-13 14:30:07.000,2024-06-13 14:30:07.000,"Core I 5, 8 GB RAM, 1 TB"
1214,3856,01262-COMP-DESK-ICT-PTRE-14,01262-COMP-DESK-ICT-PTRE-14,135,COMP-DESK,77,Tidak Aktif,Rusak,0.0,,,LT,Aset,Corporate,,1,2024-06-13 14:30:16.000,2024-06-13 14:30:16.000,"Core I 5, 8 GB RAM, 1 TB"
1215,3858,01264-COMP-DESK-ICT-PTRE-14,01264-COMP-DESK-ICT-PTRE-14,135,COMP-DESK,77,Tidak Aktif,Rusak,0.0,,,LT,Aset,Corporate,,1,2024-06-13 14:30:25.000,2024-06-13 14:30:25.000,"Core I 5, 8 GB RAM, 1 TB"
1216,3860,01266-COMP-DESK-ICT-PTRE-14,01266-COMP-DESK-ICT-PTRE-14,135,COMP-DESK,77,Tidak Aktif,Rusak,0.0,,,LT,Aset,Corporate,,1,2024-06-13 14:30:36.000,2024-06-13 14:30:36.000,"Core I 5, 8 GB RAM, 1 TB"
1217,3862,01268-COMP-DESK-ICT-PTRE-14,01268-COMP-DESK-ICT-PTRE-14,135,COMP-DESK,77,Tidak Aktif,Rusak,0.0,,,LT,Aset,Corporate,,1,2024-06-13 14:30:48.000,2024-06-13 14:30:48.000,"Core I 5, 8 GB RAM, 1 TB"
1218,3866,01272-COMP-DESK-ICT-PTRE-14,01272-COMP-DESK-ICT-PTRE-14,135,COMP-DESK,77,Dipinjam,Rusak,0.0,,,LT,Aset,Corporate,,1,2022-11-01 10:17:11.000,2022-11-01 10:17:11.000,"Core I 5, 8 GB RAM, 1 TB"
1219,3868,01274-COMP-DESK-ICT-PTRE-14,01274-COMP-DESK-ICT-PTRE-14,135,COMP-DESK,77,Dipinjam,Rusak,0.0,,,LT,Aset,Corporate,,,2017-01-04 00:00:00.000,2017-01-04 00:00:00.000,"Core I 5, 8 GB RAM, 1 TB"
1220,3870,01276-COMP-DESK-ICT-PTRE-14,01276-COMP-DESK-ICT-PTRE-14,135,COMP-DESK,77,Tidak Aktif,Rusak,0.0,,,LT,Aset,Corporate,,1,2024-06-13 14:30:57.000,2024-06-13 14:30:57.000,"Core I 5, 8 GB RAM, 1 TB"
1221,3872,01278-COMP-DESK-ICT-PTRE-14,01278-COMP-DESK-ICT-PTRE-14,135,COMP-DESK,77,Tidak Aktif,Rusak,0.0,,,LT,Aset,Corporate,,1,2024-06-13 14:31:05.000,2024-06-13 14:31:05.000,"Core I 5, 8 GB RAM, 1 TB"
1222,3874,01280-COMP-DESK-ICT-PTRE-14,01280-COMP-DESK-ICT-PTRE-14,135,COMP-DESK,77,Tidak Aktif,Rusak,0.0,,,LT,Aset,Corporate,,1,2024-06-13 14:31:14.000,2024-06-13 14:31:14.000,"Core I 5, 8 GB RAM, 1 TB"
1223,3876,01282-COMP-DESK-ICT-PTRE-14,01282-COMP-DESK-ICT-PTRE-14,135,COMP-DESK,77,Tidak Aktif,Rusak,0.0,,,LT,Aset,Corporate,,1,2024-06-13 14:31:28.000,2024-06-13 14:31:28.000,"Core I 5, 8 GB RAM, 1 TB"
1224,3878,01284-COMP-DESK-ICT-PTRE-14,01284-COMP-DESK-ICT-PTRE-14,135,COMP-DESK,77,Dipinjam,Rusak,0.0,,,LT,Aset,Corporate,,,2017-01-04 00:00:00.000,2017-01-04 00:00:00.000,"Core I 5, 8 GB RAM, 1 TB"
1225,3880,01286-COMP-DESK-ICT-PTRE-14,01286-COMP-DESK-ICT-PTRE-14,135,COMP-DESK,117,Tidak Aktif,Rusak,0.0,,,LT,Aset,Corporate,6034,95,2024-06-13 14:41:06.000,2024-06-13 14:41:06.000,"Core I 5, 8 GB RAM, 1 TB"
1226,3882,01288-COMP-DESK-ICT-PTRE-14,01288-COMP-DESK-ICT-PTRE-14,135,COMP-DESK,77,Tersedia,Rusak,0.0,,,LT,Aset,Corporate,,,2017-01-04 00:00:00.000,2017-01-04 00:00:00.000,"Core I 5, 8 GB RAM, 1 TB"
1227,3884,01290-COMP-DESK-ICT-PTRE-14,01290-COMP-DESK-ICT-PTRE-14,135,COMP-DESK,77,Tidak Aktif,Rusak,0.0,,,LT,Aset,Corporate,,1,2024-06-13 14:31:37.000,2024-06-13 14:31:37.000,"Core I 5, 8 GB RAM, 1 TB"
1228,3886,01292-COMP-DESK-ICT-PTRE-15,01292-COMP-DESK-ICT-PTRE-15,135,COMP-DESK,77,Tidak Aktif,Rusak,0.0,,,LT,Aset,Corporate,,1,2024-06-13 14:31:54.000,2024-06-13 14:31:54.000,"Core I 5, 8 GB RAM, 1 TB"
1229,3888,01294-COMP-DESK-ICT-PTRE-15,01294-COMP-DESK-ICT-PTRE-15,135,COMP-DESK,77,Tidak Aktif,Rusak,0.0,,,LT,Aset,Corporate,,1,2024-06-13 14:32:18.000,2024-06-13 14:32:18.000,"Core I 5, 8 GB RAM, 1 TB"
1230,3890,01296-COMP-DESK-ICT-PTRE-15,01296-COMP-DESK-ICT-PTRE-15,135,COMP-DESK,77,Tidak Aktif,Rusak,0.0,,,LT,Aset,Corporate,,1,2024-06-13 14:32:29.000,2024-06-13 14:32:29.000,"Core I 5, 8 GB RAM, 1 TB"
1231,3892,01298-COMP-DESK-ICT-PTRE-15,01298-COMP-DESK-ICT-PTRE-15,135,COMP-DESK,77,Tidak Aktif,Rusak,0.0,,,LT,Aset,Corporate,,1,2024-06-13 14:32:39.000,2024-06-13 14:32:39.000,"Core I 5, 8 GB RAM, 1 TB"
1232,3932,01338-COMP-DESK-ICT-PTRE-15,01338-COMP-DESK-ICT-PTRE-15,135,COMP-DESK,77,Tidak Aktif,Rusak,0.0,,,LT,Aset,Corporate,,1,2024-06-13 14:32:51.000,2024-06-13 14:32:51.000,"Core I 5, 8 GB RAM, 1 TB"
1233,3934,01340-COMP-DESK-ICT-PTRE-15,01340-COMP-DESK-ICT-PTRE-15,135,COMP-DESK,77,Tidak Aktif,Rusak,0.0,,,LT,Aset,Corporate,,1,2024-06-13 14:33:00.000,2024-06-13 14:33:00.000,"Core I 5, 8 GB RAM, 1 TB"
1234,3936,01342-COMP-DESK-ICT-PTRE-15,01342-COMP-DESK-ICT-PTRE-15,135,COMP-DESK,77,Tidak Aktif,Rusak,0.0,,,LT,Aset,Corporate,,1,2024-06-13 14:33:11.000,2024-06-13 14:33:11.000,"Core I 5, 8 GB RAM, 1 TB"
1235,3938,01344-COMP-DESK-ICT-PTRE-15,01344-COMP-DESK-ICT-PTRE-15,135,COMP-DESK,77,Tidak Aktif,Rusak,0.0,,,LT,Aset,Corporate,,1,2024-06-13 14:33:30.000,2024-06-13 14:33:30.000,"Core I 5, 8 GB RAM, 1 TB"
1236,3941,01347-COMP-DESK-ICT-PTRE-16,01347-COMP-DESK-ICT-PTRE-16,135,COMP-DESK,77,Tidak Aktif,Rusak,0.0,,,LT,Aset,Corporate,,1,2024-06-13 14:33:40.000,2024-06-13 14:33:40.000,"Core I 5, 8 GB RAM, 1 TB"
1237,3943,01349-COMP-DESK-ICT-PTRE-16,01349-COMP-DESK-ICT-PTRE-16,135,COMP-DESK,77,Tidak Aktif,Rusak,0.0,,,LT,Aset,Corporate,,1,2024-06-13 14:34:07.000,2024-06-13 14:34:07.000,"Core I 5, 8 GB RAM, 1 TB"
1238,3945,01351-COMP-DESK-ICT-PTRE-16,01351-COMP-DESK-ICT-PTRE-16,135,COMP-DESK,77,Dipinjam,Rusak,0.0,,,LT,Aset,Corporate,,1,2022-11-01 10:14:50.000,2022-11-01 10:14:50.000,"Core I 5, 8 GB RAM, 1 TB"
1239,3947,01353-COMP-DESK-ICT-PTRE-16,01353-COMP-DESK-ICT-PTRE-16,135,COMP-DESK,77,Tidak Aktif,Rusak,0.0,,,LT,Aset,Corporate,,1,2024-06-13 14:34:21.000,2024-06-13 14:34:21.000,"Core I 5, 8 GB RAM, 1 TB"
1240,3965,01371-COMP-DESK-ICT-PTRE-16,01371-COMP-DESK-ICT-PTRE-16,135,COMP-DESK,77,Tidak Aktif,Rusak,0.0,,,LT,Aset,Corporate,,1,2021-01-12 13:57:50.000,2021-01-12 13:57:50.000,"Core I 5, 8 GB RAM, 1 TB"
1241,3967,01373-COMP-DESK-ICT-PTRE-16,01373-COMP-DESK-ICT-PTRE-16,135,COMP-DESK,139,Tidak Aktif,Rusak,0.0,,,LT,Aset,Corporate,10519,1,2024-06-13 14:41:16.000,2024-06-13 14:41:16.000,"Core I 5, 8 GB RAM, 1 TB"
1242,3969,01375-COMP-DESK-ICT-PTRE-16,01375-COMP-DESK-ICT-PTRE-16,135,COMP-DESK,77,Dipinjam,Rusak,0.0,,,LT,Aset,Corporate,,,2017-01-04 00:00:00.000,2017-01-04 00:00:00.000,"Core I 5, 8 GB RAM, 1 TB"
1243,3971,01377-COMP-DESK-ICT-PTRE-16,01377-COMP-DESK-ICT-PTRE-16,135,COMP-DESK,77,Dipinjam,Rusak,0.0,,,LT,Aset,Corporate,,,2017-01-04 00:00:00.000,2017-01-04 00:00:00.000,"Core I 5, 8 GB RAM, 1 TB"
1244,3973,01379-COMP-DESK-ICT-PTRE-16,01379-COMP-DESK-ICT-PTRE-16,135,COMP-DESK,77,Tidak Aktif,Rusak,0.0,,,LT,Aset,Corporate,,1,2024-06-13 14:35:49.000,2024-06-13 14:35:49.000,"Core I 5, 8 GB RAM, 1 TB"
1245,3976,01381-COMP-DESK-ICT-PTRE-16,01381-COMP-DESK-ICT-PTRE-16,135,COMP-DESK,77,Tidak Aktif,Rusak,0.0,,,LT,Aset,Corporate,,1,2024-06-13 14:36:15.000,2024-06-13 14:36:15.000,"Core I 5, 8 GB RAM, 1 TB"
1246,3979,01383-COMP-DESK-ICT-PTRE-16,01383-COMP-DESK-ICT-PTRE-16,135,COMP-DESK,77,Tidak Aktif,Rusak,0.0,,,LT,Aset,Corporate,,1,2024-06-13 14:36:35.000,2024-06-13 14:36:35.000,"Core I 5, 8 GB RAM, 1 TB"
1247,3981,01385-COMP-DESK-ICT-PTRE-16,01385-COMP-DESK-ICT-PTRE-16,135,COMP-DESK,77,Tidak Aktif,Rusak,0.0,,,LT,Aset,Corporate,,1,2024-06-13 14:36:46.000,2024-06-13 14:36:46.000,"Core I 5, 8 GB RAM, 1 TB"
1248,3983,01387-COMP-DESK-ICT-PTRE-16,01387-COMP-DESK-ICT-PTRE-16,135,COMP-DESK,77,Tidak Aktif,Rusak,0.0,,,LT,Aset,Corporate,,1,2024-06-13 14:36:58.000,2024-06-13 14:36:58.000,"Core I 5, 8 GB RAM, 1 TB"
1249,3985,01389-COMP-DESK-ICT-PTRE-16,01389-COMP-DESK-ICT-PTRE-16,135,COMP-DESK,77,Tidak Aktif,Rusak,0.0,,,LT,Aset,Corporate,,1,2024-06-13 14:37:09.000,2024-06-13 14:37:09.000,"Core I 5, 8 GB RAM, 1 TB"
1250,3987,01391-COMP-DESK-ICT-PTRE-16,01391-COMP-DESK-ICT-PTRE-16,135,COMP-DESK,77,Tidak Aktif,Rusak,0.0,,,LT,Aset,Corporate,,1,2024-06-13 14:37:19.000,2024-06-13 14:37:19.000,"Core I 5, 8 GB RAM, 1 TB"
1251,3989,01393-COMP-DESK-ICT-PTRE-16,01393-COMP-DESK-ICT-PTRE-16,135,COMP-DESK,77,Tidak Aktif,Rusak,0.0,,,LT,Aset,Corporate,,1,2024-06-13 14:37:58.000,2024-06-13 14:37:58.000,"Core I 5, 8 GB RAM, 1 TB"
1252,3995,01399-COMP-DESK-ICT-PTRE-16,01399-COMP-DESK-ICT-PTRE-16,134,COMP-DESK,77,Tidak Aktif,Rusak,0.0,,,LT,Aset,Corporate,,1,2024-06-13 14:38:12.000,2024-06-13 14:38:12.000,"Core I 5, 8 GB RAM, 1 TB"
1253,4104,01466-COMP-DESK-ICT-PTRE-18,01466-COMP-DSK-ICT-PTRE-18,132,COMP-DESK,215,Dipinjam,Bagus,0.0,,,LT,Aset,Corporate,,1,2018-04-26 11:22:09.000,2018-04-26 11:22:09.000,"HP i3,4GB,1Tb AIO"
1254,4107,01469-COMP-DESK-ICT-PTRE-18,01469-COMP-DSK-ICT-PTRE-18,131,COMP-DESK,140,Dipinjam,QC Passed,0.0,,,LT,Aset,Corporate,10519,1,2024-01-22 15:39:32.000,2024-01-22 15:39:32.000,"Ci5,8gb,1tb"
1255,4108,01470-COMP-DESK-ICT-PTRE-18,01470-COMP-DSK-ICT-PTRE-18,131,COMP-DESK,215,Dipinjam,Bagus,0.0,,,LT,Aset,Corporate,,1,2018-04-26 13:12:39.000,2018-04-26 13:12:39.000,"Ci5,8gb,1tb"
1256,4109,01471-COMP-DESK-ICT-PTRE-18,01471-COMP-DSK-ICT-PTRE-18,131,COMP-DESK,215,Dipinjam,Bagus,0.0,,,LT,Aset,Corporate,,1,2018-04-26 13:13:47.000,2018-04-26 13:13:47.000,"Ci5,8gb,1tb"
1257,4133,01495-COMP-DESK-ICT-PTRE-18,01495-COMP-DSK-ICT-PTRE-18,131,COMP-DESK,215,Dipinjam,Bagus,0.0,,,LT,Aset,Corporate,,1,2018-04-26 13:54:21.000,2018-04-26 13:54:21.000,"Ci5,8gb,1tb"
1258,4134,01496-COMP-DESK-ICT-PTRE-18,01496-COMP-DSK-ICT-PTRE-18,131,COMP-DESK,221,Dipinjam,QC Passed,0.0,,,LT,Aset,Corporate,10519,1,2024-01-22 15:43:15.000,2024-01-22 15:43:15.000,"Ci5,8gb,1tb"
1259,4136,01497-COMP-DESK-ICT-PTRE-18,01497-COMP-DSK-ICT-PTRE-18,131,COMP-DESK,215,Dipinjam,Bagus,0.0,,,LT,Aset,Corporate,,1,2018-04-26 13:58:28.000,2018-04-26 13:58:28.000,"Ci5,8gb,1tb"
1260,4137,01498-COMP-DESK-ICT-PTRE-18,01498-COMP-DSK-ICT-PTRE-18,131,COMP-DESK,215,Dipinjam,Bagus,0.0,,,LT,Aset,Corporate,,1,2018-04-26 13:59:37.000,2018-04-26 13:59:37.000,"Ci5,8gb,1tb"
1261,4138,01499-COMP-DESK-ICT-PTRE-18,01499-COMP-DSK-ICT-PTRE-18,131,COMP-DESK,215,Dipinjam,Bagus,0.0,,,LT,Aset,Corporate,,1,2018-04-26 14:00:32.000,2018-04-26 14:00:32.000,"Ci5,8gb,1tb"
1262,4144,01505 COMP-COMP-DESK-ICT-PTRE-18,01505 COMP-DSK-ICT-PTRE-18,121,COMP-DESK,175,Dipinjam,QC Passed,0.0,,,LT,Aset,Corporate,,1,2023-10-28 23:11:41.000,2023-10-28 23:11:41.000,"Core i5-7400,8GB DDR4,1TB HDD"
1263,4145,01507 COMP-COMP-DESK-ICT-PTRE-18,01507 COMP-DSK-ICT-PTRE-18,121,COMP-DESK,114,Dipinjam,Bagus,0.0,,,LT,Aset,Corporate,,1,2018-05-22 10:21:34.000,2018-05-22 10:21:34.000,"Core i5-7400,8GB DDR4,1TB HDD"
1264,5144,01509 COMP-COMP-DESK-ICT-PTRE-18,01509 COMP-DSK-ICT-PTRE-18,121,COMP-DESK,114,Dipinjam,Bagus,0.0,,,LT,Aset,Corporate,,1,2018-05-22 10:26:45.000,2018-05-22 10:26:45.000,"Core i5-7400,8GB DDR4,1TB HDD"
1265,5145,01511 COMP-COMP-DESK-ICT-PTRE-18,01511 COMP-DSK-ICT-PTRE-18,121,COMP-DESK,114,Dipinjam,Bagus,0.0,,,LT,Aset,Corporate,,1,2018-05-22 10:28:46.000,2018-05-22 10:28:46.000,"Core i5-7400,8GB DDR4,1TB HDD"
1266,5146,01513 COMP-COMP-DESK-ICT-PTRE-18,01513 COMP-DSK-ICT-PTRE-18,121,COMP-DESK,139,Dipinjam,QC Passed,0.0,,,LT,Aset,Corporate,5853,1,2024-03-25 11:20:11.000,2024-03-25 11:20:11.000,"Core i5-7400,8GB DDR4,1TB HDD"
1267,5160,01522-COMP-DESK-ICT-PTRE-18,01522-COM-DSK-ICT-PTRE-18,121,COMP-DESK,114,Dipinjam,Bagus,0.0,,,LT,Aset,Corporate,,1,2020-05-27 13:16:27.000,2020-05-27 13:16:27.000,"Core i5 7400,8GB DDR4,1TB HDD"
1268,5162,01524 COMP-COMP-DESK-ICT-PTRE-18,01524 COMP-DSK-ICT-PTRE-18,121,COMP-DESK,114,Dipinjam,Bagus,0.0,,,LT,Aset,Corporate,,1,2018-11-14 14:17:20.000,2018-11-14 14:17:20.000,"CORE i5-7400,8GB DDR4,1TB HDD"
1269,5164,01526 COMP-COMP-DESK-ICT-PTRE-18,01526 COMP-DSK-ICT-PTRE-18,121,COMP-DESK,114,Dipinjam,Bagus,0.0,,,LT,Aset,Corporate,,1,2018-11-14 14:21:39.000,2018-11-14 14:21:39.000,"CORE i5-7400,8GB DDR4,1TB HDD"
1270,5166,01528 COMP-COMP-DESK-ICT-PTRE-18,01528 COMP-DSK-ICT-PTRE-18,121,COMP-DESK,114,Dipinjam,Bagus,0.0,,,LT,Aset,Corporate,,1,2018-11-14 14:25:12.000,2018-11-14 14:25:12.000,"CORE i5-7400,8GB DDR4,1TB HDD"
1271,5168,01530 COMP-COMP-DESK-ICT-PTRE-18,01530 COMP-DSK-ICT-PTRE-18,121,COMP-DESK,114,Dipinjam,Bagus,0.0,,,LT,Aset,Corporate,,1,2018-11-14 14:28:36.000,2018-11-14 14:28:36.000,"CORE i5-7400,8GB DDR4,1TB HDD"
1272,5176,01537 COMP-COMP-DESK-ICT-PTRE-18,01537 COMP-DSK-ICT-PTRE-18,121,COMP-DESK,114,Dipinjam,Bagus,0.0,,,LT,Aset,Corporate,,1,2018-11-14 14:46:03.000,2018-11-14 14:46:03.000,"CORE i5- 8400,8GB DDR4, 1TB HDD"
1273,5178,01539 COMP-COMP-DESK-ICT-PTRE-18,01539 COMP-DSK-ICT-PTRE-18,121,COMP-DESK,139,Dipinjam,QC Passed,0.0,,,LT,Aset,Corporate,10519,1,2024-04-17 08:41:58.000,2024-04-17 08:41:58.000,"CORE i5-8400, 8GB DDR4, 1TB HDD"
1274,5180,01541-COMP-DESK-ICT-PTRE-18,01541 -DSK-ICT-PTRE-18,121,COMP-DESK,114,Dipinjam,Bagus,0.0,,,LT,Aset,Corporate,,1,2020-05-27 13:18:56.000,2020-05-27 13:18:56.000,"CORE i5-8400, 8GB DDR4, 1TB HDD"
1275,5182,01543 COMP-COMP-DESK-ICT-PTRE-18,01543 COMP-DSK-ICT-PTRE-18,121,COMP-DESK,223,Tersedia,QC Passed,0.0,,,LT,Aset,Corporate,2557,1,2024-04-25 11:31:36.000,2024-04-25 11:31:36.000,"CORE i5-8400, 8GB DDR4, 1TB HDD"
1276,5184,01545 COMP-COMP-DESK-ICT-PTRE-18,01545 COMP-DSK-ICT-PTRE-18,121,COMP-DESK,221,Dipinjam,QC Passed,0.0,,,LT,Aset,Corporate,10519,1,2024-04-17 08:34:37.000,2024-04-17 08:34:37.000,"CORE i5-8400, 8GB DDR4, 1TB HDD"
1277,5186,01547 COMP-COMP-DESK-ICT-PTRE-18,01547 COMP-DSK-ICT-PTRE-18,121,COMP-DESK,114,Dipinjam,Bagus,0.0,,,LT,Aset,Corporate,,1,2018-11-14 15:23:53.000,2018-11-14 15:23:53.000,"CORE i5-8400, 8GB DDR4, 1TB HDD"
1278,5188,01549 COMP-COMP-DESK-ICT-PTRE-18,01549 COMP-DSK-ICT-PTRE-18,121,COMP-DESK,223,Dipinjam,QC Passed,0.0,,,LT,Aset,Corporate,5854,1,2024-04-25 11:13:10.000,2024-04-25 11:13:10.000,"CORE i5-8400, 8GB DDR4, 1TB HDD PC HYSYS"
1279,5191,1551 COMP-COMP-DESK-ICT-PTRE-18,1551 COMP-DSK-ICT-PTRE-18,121,COMP-DESK,232,Dipinjam,QC Passed,0.0,,,LT,Aset,Corporate,10295,1,2026-04-28 13:52:12.000,2026-04-28 13:52:12.000,"CORE i5-8400, 8GB DDR4, 1TB HDD"
1280,5193,01553 COMP-COMP-DESK-ICT-PTRE-18,01553 COMP-DSK-ICT-PTRE-18,121,COMP-DESK,215,Dipinjam,Bagus,0.0,,,LT,Aset,Corporate,10519,1,2025-01-24 11:20:39.000,2025-01-24 11:20:39.000,"CORE i5-8400, 8GB DDR4, 1TB HDD"
1281,5195,01555 COMP-COMP-DESK-ICT-PTRE-18,01555 COMP-DSK-ICT-PTRE-18,121,COMP-DESK,166,Dipinjam,QC Passed,0.0,,,LT,Aset,Corporate,10612,1,2023-10-27 16:45:51.000,2023-10-27 16:45:51.000,"CORE i5-8400, 8GB DDR4, 1TB HDD"
1282,5197,01557 COMP-COMP-DESK-ICT-PTRE-18,01557 COMP-DSK-ICT-PTRE-18,121,COMP-DESK,114,Dipinjam,Bagus,0.0,,,LT,Aset,Corporate,,1,2018-11-14 16:21:15.000,2018-11-14 16:21:15.000,"CORE i5-8400, 8GB DDR4, 1TB HDD"
1283,5199,01559 COMP-COMP-DESK-ICT-PTRE-18,01559 COMP-DSK-ICT-PTRE-18,121,COMP-DESK,139,Dipinjam,QC Passed,0.0,,,LT,Aset,Corporate,10519,1,2024-01-22 15:44:15.000,2024-01-22 15:44:15.000,"CORE i5-8400, 8GB DDR4, 1TB HDD"
1284,5201,01561 COMP-COMP-DESK-ICT-PTRE-18,01561 COMP-DSK-ICT-PTRE-18,121,COMP-DESK,140,Dipinjam,QC Passed,0.0,,,LT,Aset,Corporate,10519,1,2024-03-12 05:21:23.000,2024-03-12 05:21:23.000,"CORE i5-8400, 8GB DDR4, 1TB HDD"
1285,5203,01563 COMP-COMP-DESK-ICT-PTRE-18,01563 COMP-DSK-ICT-PTRE-18,121,COMP-DESK,86,Tidak Aktif,Rusak,0.0,,,LT,Aset,Corporate,5854,1,2024-07-30 15:54:10.000,2024-07-30 15:54:10.000,"CORE i5-8400, 8GB DDR4, 1TB HDD"
1286,5205,01565 COMP-COMP-DESK-ICT-PTRE-18,01565 COMP-DSK-ICT-PTRE-18,121,COMP-DESK,215,Dipinjam,QC Passed,0.0,,,LT,Aset,Corporate,,1,2024-06-03 09:05:14.000,2024-06-03 09:05:14.000,"CORE i5-8400, 8GB DDR4, 1TB HDD"
1287,5207,01567 COMP-COMP-DESK-ICT-PTRE-18,01567 COMP-DSK-ICT-PTRE-18,121,COMP-DESK,114,Tersedia,Bagus,0.0,,,LT,Aset,Corporate,,1,2018-11-14 16:24:16.000,2018-11-14 16:24:16.000,"CORE i5-8400, 8GB DDR4, 1TB HDD"
1288,5209,01569 COMP-COMP-DESK-ICT-PTRE-18,01569 COMP-DSK-ICT-PTRE-18,121,COMP-DESK,175,Dipinjam,QC Passed,0.0,,,LT,Aset,Corporate,2557,1,2024-03-27 14:27:31.000,2024-03-27 14:27:31.000,"CORE i5-8400, 8GB DDR4, 1TB HDD"
1289,5211,01571 COMP-COMP-DESK-ICT-PTRE-18,01571 COMP-DSK-ICT-PTRE-18,121,COMP-DESK,120,Dipinjam,QC Passed,0.0,,,LT,Aset,Corporate,10519,1,2024-03-12 08:48:42.000,2024-03-12 08:48:42.000,"CORE i5-8400, 8GB DDR4, 1TB HDD"
1290,5213,01573 COMP-COMP-DESK-ICT-PTRE-18,01573 COMP-DSK-ICT-PTRE-18,121,COMP-DESK,215,Dipinjam,QC Passed,0.0,,,LT,Aset,Corporate,,1,2024-12-27 10:14:32.000,2024-12-27 10:14:32.000,"CORE i5-8400, 8GB DDR4, 1TB HDD"
1291,5215,01575 COMP-COMP-DESK-ICT-PTRE-18,01575 COMP-DSK-ICT-PTRE-18,121,COMP-DESK,114,Dipinjam,Bagus,0.0,,,LT,Aset,Corporate,,1,2018-11-14 16:25:22.000,2018-11-14 16:25:22.000,"CORE i5-8400, 8GB DDR4, 1TB HDD"
1292,5217,01577 COMP-COMP-DESK-ICT-PTRE-18,01577 COMP-DSK-ICT-PTRE-18,121,COMP-DESK,114,Tersedia,Bagus,0.0,,,LT,Aset,Corporate,,1,2018-11-14 16:25:45.000,2018-11-14 16:25:45.000,"CORE i5-8400, 8GB DDR4, 1TB HDD"
1293,5219,01579 COMP-COMP-DESK-ICT-PTRE-18,01579 COMP-DSK-ICT-PTRE-18,121,COMP-DESK,104,Dipinjam,QC Passed,0.0,,,LT,Aset,Corporate,10519,1,2024-03-12 08:53:33.000,2024-03-12 08:53:33.000,"CORE i5-8400, 8GB DDR4, 1TB HDD"
1294,5221,01581 COMP-COMP-DESK-ICT-PTRE-18,01581 COMP-DSK-ICT-PTRE-18,121,COMP-DESK,121,Dipinjam,QC Passed,0.0,,,LT,Aset,Corporate,9198,1,2025-02-16 04:35:49.000,2025-02-16 04:35:49.000,"CORE i5-8400, 16GB DDR4, 1TB HDD, 512GB SSD"
1295,5223,01583 COMP-COMP-DESK-ICT-PTRE-18,01583 COMP-DSK-ICT-PTRE-18,121,COMP-DESK,114,Tersedia,Bagus,0.0,,,LT,Aset,Corporate,,1,2018-11-14 16:26:20.000,2018-11-14 16:26:20.000,"CORE i5-8400, 8GB DDR4, 1TB HDD"
1296,5225,01585 COMP-COMP-DESK-ICT-PTRE-18,01585 COMP-DSK-ICT-PTRE-18,121,COMP-DESK,114,Dipinjam,Bagus,0.0,,,LT,Aset,Corporate,,1,2018-11-14 16:26:50.000,2018-11-14 16:26:50.000,"CORE i5-8400, 8GB DDR4, 1TB HDD"
1297,5227,01587 COMP-COMP-DESK-ICT-PTRE-18,01587 COMP-DSK-ICT-PTRE-18,121,COMP-DESK,176,Dipinjam,QC Passed,0.0,,,LT,Aset,Corporate,2557,1,2024-03-25 14:19:54.000,2024-03-25 14:19:54.000,"CORE i5-8400, 8GB DDR4, 1TB HDD"
1298,5229,01589 COMP-COMP-DESK-ICT-PTRE-18,01589 COMP-DSK-ICT-PTRE-18,121,COMP-DESK,114,Dipinjam,Bagus,0.0,,,LT,Aset,Corporate,,1,2018-11-14 16:27:19.000,2018-11-14 16:27:19.000,"CORE i5-8400, 8GB DDR4, 1TB HDD"
1299,5231,01591 COMP-COMP-DESK-ICT-PTRE-18,01591 COMP-DSK-ICT-PTRE-18,121,COMP-DESK,140,Dipinjam,QC Passed,0.0,,,LT,Aset,Corporate,,1,2023-10-28 22:56:59.000,2023-10-28 22:56:59.000,"CORE i5-8400, 8GB DDR4, 1TB HDD"
1300,5233,01593 COMP-COMP-DESK-ICT-PTRE-18,01593 COMP-DSK-ICT-PTRE-18,121,COMP-DESK,215,Dipinjam,Bagus,0.0,,,LT,Aset,Corporate,,1,2020-11-09 13:35:41.000,2020-11-09 13:35:41.000,"CORE i5-8400, 8GB DDR4, 1TB HDD"
1301,5235,01595 COMP-COMP-DESK-ICT-PTRE-18,01595 COMP-DSK-ICT-PTRE-18,121,COMP-DESK,245,Dipinjam,QC Passed,0.0,,,LT,Aset,Corporate,10604,1,2024-12-27 11:05:51.000,2024-12-27 11:05:51.000,"CORE i5-8400, 8GB DDR4, 1TB HDD"
1302,5237,01597 COMP-COMP-DESK-ICT-PTRE-18,01597 COMP-DSK-ICT-PTRE-18,121,COMP-DESK,165,Dipinjam,QC Passed,0.0,,,LT,Aset,Corporate,2557,1,2024-01-23 09:14:43.000,2024-01-23 09:14:43.000,"CORE i5-8400, 8GB DDR4, 1TB HDD"
1303,5239,01599 COMP-COMP-DESK-ICT-PTRE-18,01599 COMP-DSK-ICT-PTRE-18,121,COMP-DESK,140,Dipinjam,QC Passed,0.0,,,LT,Aset,Corporate,6034,1,2024-04-16 13:39:16.000,2024-04-16 13:39:16.000,"CORE i5-8400, 8GB DDR4, 1TB HDD"
1304,5241,01601 COMP-COMP-DESK-ICT-PTRE-18,01601 COMP-DSK-ICT-PTRE-18,121,COMP-DESK,176,Dipinjam,QC Passed,0.0,,,LT,Aset,Corporate,,1,2023-10-28 23:00:36.000,2023-10-28 23:00:36.000,"CORE i5-8400, 8GB DDR4, 1TB HDD"
1305,5243,01603 COMP-COMP-DESK-ICT-PTRE-18,01603 COMP-DSK-ICT-PTRE-18,121,COMP-DESK,95,Dipinjam,QC Passed,0.0,,,LT,Aset,Corporate,2557,1,2023-11-06 14:46:39.000,2023-11-06 14:46:39.000,"CORE i5-8400, 8GB DDR4, 1TB HDD Security Graha 1 RE"
1306,5245,01605 COMP-COMP-DESK-ICT-PTRE-18,01605 COMP-DSK-ICT-PTRE-18,121,COMP-DESK,121,Dipinjam,QC Passed,0.0,,,LT,Aset,Corporate,10519,1,2024-03-12 09:04:35.000,2024-03-12 09:04:35.000,"CORE i5-8400, 8GB DDR4, 1TB HDD"
1307,5247,01607 COMP-COMP-DESK-ICT-PTRE-18,01607 COMP-DSK-ICT-PTRE-18,121,COMP-DESK,215,Dipinjam,QC Passed,0.0,,,LT,Aset,Corporate,,1,2024-04-23 17:05:08.000,2024-04-23 17:05:08.000,"CORE i5-8400, 8GB DDR4, 1TB HDD"
1308,5249,01609 COMP-COMP-DESK-ICT-PTRE-18,01609 COMP-DSK-ICT-PTRE-18,121,COMP-DESK,114,Dipinjam,QC Passed,0.0,,,LT,Aset,Corporate,2557,1,2024-04-23 14:06:42.000,2024-04-23 14:06:42.000,"CORE i5-8400, 8GB DDR4, 1TB HDD"
1309,5251,01611 COMP-COMP-DESK-ICT-PTRE-18,01611 COMP-DSK-ICT-PTRE-18,121,COMP-DESK,223,Dipinjam,QC Passed,0.0,,,LT,Aset,Corporate,10604,1,2024-03-12 06:36:09.000,2024-03-12 06:36:09.000,"CORE i5-8400, 8GB DDR4, 1TB HDD Agus PKL September 2023"
1310,5253,01613 COMP-COMP-DESK-ICT-PTRE-18,01613 COMP-DSK-ICT-PTRE-18,121,COMP-DESK,114,Dipinjam,Bagus,0.0,,,LT,Aset,Corporate,,1,2018-11-14 16:35:35.000,2018-11-14 16:35:35.000,"CORE i5-8400, 8GB DDR4, 1TB HDD"
1311,5255,01615 COMP-COMP-DESK-ICT-PTRE-18,01615 COMP-DSK-ICT-PTRE-18,121,COMP-DESK,231,Dipinjam,QC Passed,0.0,,,LT,Aset,Corporate,10612,1,2024-03-12 04:42:02.000,2024-03-12 04:42:02.000,"CORE i5-8400, 8GB DDR4, 1TB HDD"
1312,5264,01624 COMP-COMP-DESK-ICT-PTRE-18,01624 COMP-DSK-ICT-PTRE-18,121,COMP-DESK,139,Dipinjam,QC Passed,0.0,,,LT,Aset,Corporate,2557,1,2024-03-27 14:31:58.000,2024-03-27 14:31:58.000,"Core i5-8400,8GB DDR4,1TB HDD"
1313,5266,01626 COMP-COMP-DESK-ICT-PTRE-18,01626 COMP-DSK-ICT-PTRE-18,121,COMP-DESK,225,Dipinjam,QC Passed,0.0,,,LT,Aset,Corporate,2557,1,2025-03-26 15:07:43.000,2025-03-26 15:07:43.000,"Core i5-8400,8GB DDR4,1TB HDD"
1314,5268,01628 COMP-COMP-DESK-ICT-PTRE-18,01628 COMP-DSK-ICT-PTRE-18,121,COMP-DESK,232,Dipinjam,QC Passed,0.0,,,LT,Aset,Corporate,,1,2024-04-23 13:42:53.000,2024-04-23 13:42:53.000,"Core i5-8400,8GB DDR4,1TB HDD"
1315,5270,01630 COMP-COMP-DESK-ICT-PTRE-18,01630 COMP-DSK-ICT-PTRE-18,121,COMP-DESK,232,Dipinjam,QC Passed,0.0,,,LT,Aset,Corporate,10519,1,2024-04-24 16:50:06.000,2024-04-24 16:50:06.000,"Core i5-8400,8GB DDR4,1TB HDD"
1316,5272,01632 COMP-COMP-DESK-ICT-PTRE-18,01632 COMP-DSK-ICT-PTRE-18,121,COMP-DESK,114,Dipinjam,Bagus,0.0,,,LT,Aset,Corporate,,1,2019-02-15 14:40:36.000,2019-02-15 14:40:36.000,"Core i5-8400,8GB DDR4,1TB HDD"
1317,5274,01634 COMP-COMP-DESK-ICT-PTRE-18,01634 COMP-DSK-ICT-PTRE-18,121,COMP-DESK,215,Dipinjam,Bagus,0.0,,,LT,Aset,Corporate,,1,2020-11-09 14:45:29.000,2020-11-09 14:45:29.000,"Core i5-8400,8GB DDR4,1TB HDD"
1318,5276,01636 COMP-COMP-DESK-ICT-PTRE-18,01636 COMP-DSK-ICT-PTRE-18,121,COMP-DESK,114,Dipinjam,Bagus,0.0,,,LT,Aset,Corporate,,1,2019-02-15 14:47:22.000,2019-02-15 14:47:22.000,"Core i5-8400,8GB DDR4,1TB HDD"
1319,5278,01638 COMP-COMP-DESK-ICT-PTRE-18,01638 COMP-DSK-ICT-PTRE-18,121,COMP-DESK,114,Dipinjam,Bagus,0.0,,,LT,Aset,Corporate,,1,2019-02-15 14:51:43.000,2019-02-15 14:51:43.000,"Core i5-8400,8GB DDR4,1TB HDD"
1320,5280,01640 COMP-COMP-DESK-ICT-PTRE-18,01640 COMP-DSK-ICT-PTRE-18,121,COMP-DESK,121,Dipinjam,QC Passed,0.0,,,LT,Aset,Corporate,2557,1,2025-10-22 16:33:43.000,2025-10-22 16:33:43.000,"Core i5-8400,8GB DDR4,1TB HDD"
1321,5282,01642 COMP-COMP-DESK-ICT-PTRE-18,01642 COMP-DSK-ICT-PTRE-18,121,COMP-DESK,223,Dipinjam,QC Passed,0.0,,,LT,Aset,Corporate,10519,1,2024-01-22 15:48:35.000,2024-01-22 15:48:35.000,"Core i5-8400,8GB DDR4,1TB HDD"
1322,6161,01658 COMP-COMP-DESK-ICT-PTRE-19,01658 COMP-DSK-ICT-PTRE-19,121,COMP-DESK,221,Dipinjam,QC Passed,0.0,,,LT,Aset,Corporate,10519,1,2024-01-22 15:50:30.000,2024-01-22 15:50:30.000,"Core 15-8400,8GB DDR4,1TB HDD, Geforce 730 Eko Riswanto"
1323,6163,01660 COMP-COMP-DESK-ICT-PTRE-19,01660 COMP-DSK-ICT-PTRE-19,121,COMP-DESK,114,Tersedia,Bagus,0.0,,,LT,Aset,Corporate,,1,2020-01-29 14:36:30.000,2020-01-29 14:36:30.000,"CCore i5-8400,8GB DDR4,1TB HDD, Geforce 730"
1324,6165,01662 COMP-COMP-DESK-ICT-PTRE-19,01662 COMP-DSK-ICT-PTRE-19,121,COMP-DESK,245,Dipinjam,QC Passed,0.0,,,LT,Aset,Corporate,10519,1,2025-02-26 16:21:52.000,2025-02-26 16:21:52.000,"Core i5-8400,8GB DDR4, 1TB HDD, Geforce 730"
1325,6167,01664 COMP-COMP-DESK-ICT-PTRE-19,01664 COMP-DSK-ICT-PTRE-19,121,COMP-DESK,114,Tersedia,Bagus,0.0,,,LT,Aset,Corporate,,1,2020-01-29 14:58:09.000,2020-01-29 14:58:09.000,"core i5-8400,8GB DDR4, 1TB HDD,Geforce 730 ibnu ismoko"
1326,6169,01666 COMP-COMP-DESK-ICT-PTRE-19,01666 COMP-DSK-ICT-PTRE-19,121,COMP-DESK,223,Tersedia,QC Passed,0.0,,,LT,Aset,Corporate,,1,2025-02-15 21:50:57.000,2025-02-15 21:50:57.000,"core i5-8400, 8GB DDR4, 1TB HDD, Geforce 730 PC PDMS"
1327,6171,01668 COMP-COMP-DESK-ICT-PTRE-19,01668 COMP-DSK-ICT-PTRE-19,121,COMP-DESK,232,Dipinjam,QC Passed,0.0,,,LT,Aset,Corporate,2557,1,2024-12-17 13:46:34.000,2024-12-17 13:46:34.000,"Core i5-8400, 8GB DDR4, 1TB HDD, Geforce Bagus"
1328,6173,01670 COMP-COMP-DESK-ICT-PTRE-19,01670 COMP-DSK-ICT-PTRE-19,121,COMP-DESK,215,Tersedia,Bagus,0.0,,,LT,Aset,Corporate,,1,2020-11-09 14:43:11.000,2020-11-09 14:43:11.000,"Core i5-8400, 8GB DDR4, 1TB HDD, Geforce 730 dana nugraha"
1329,6175,01672 COMP-COMP-DESK-ICT-PTRE-19,01672 COMP-DSK-ICT-PTRE-19,121,COMP-DESK,215,Dipinjam,QC Passed,0.0,,,LT,Aset,Corporate,2557,1,2024-06-03 08:17:17.000,2024-06-03 08:17:17.000,"Core i5-8400, 8GB DDR4, 1TB HDD, Geforce 730"
1330,6177,01674 COMP-COMP-DESK-ICT-PTRE-19,01674 COMP-DSK-ICT-PTRE-19,121,COMP-DESK,140,Dipinjam,QC Passed,0.0,,,LT,Aset,Corporate,,1,2023-10-31 09:10:10.000,2023-10-31 09:10:10.000,"Core i5-8400, 8GB DDR4, 1TB HDD, Geforce"
1331,6179,01676 COMP-COMP-DESK-ICT-PTRE-19,01676 COMP-DSK-ICT-PTRE-19,121,COMP-DESK,121,Dipinjam,QC Passed,0.0,,,LT,Aset,Corporate,9198,1,2026-04-28 14:58:37.000,2026-04-28 14:58:37.000,"core i5-8400, 4GB DDR4, 1TB HDD,Geforce 730"
1332,6181,01678 COMP-COMP-DESK-ICT-PTRE-19,01678 COMP-DSK-ICT-PTRE-19,121,COMP-DESK,166,Dipinjam,QC Passed,0.0,,,LT,Aset,Corporate,10519,1,2024-03-12 02:25:24.000,2024-03-12 02:25:24.000,"Core i5-8400,4GB DDR4,1TB HDD,Geforce 730 agus maryanto"
1333,6183,01680 COMP-COMP-DESK-ICT-PTRE-19,01680 COMP-DSK-ICT-PTRE-19,121,COMP-DESK,232,Dipinjam,QC Passed,0.0,,,LT,Aset,Corporate,10612,1,2024-03-12 05:59:17.000,2024-03-12 05:59:17.000,"Core i5-8400, 8 GB DDR4,1TB HDD,Geforce 730"
1334,6185,01682 COMP-COMP-DESK-ICT-PTRE-19,01682 COMP-DSK-ICT-PTRE-19,121,COMP-DESK,176,Dipinjam,QC Passed,0.0,,,LT,Aset,Corporate,2557,1,2024-01-23 09:08:30.000,2024-01-23 09:08:30.000,"Core i5-8400,8GB DDR4,1TB HDD, Geforce 730 afif denny"
1335,6187,01684 COMP-COMP-DESK-ICT-PTRE-19,01684 COMP-DSK-ICT-PTRE-19,121,COMP-DESK,114,Dipinjam,Bagus,0.0,,,LT,Aset,Corporate,,1,2020-01-29 15:35:40.000,2020-01-29 15:35:40.000,"Core i5-8400,8GB DDR4,1TB HDD, Geforce 730"
1336,6189,01686 COMP-COMP-DESK-ICT-PTRE-19,01686 COMP-DSK-ICT-PTRE-19,121,COMP-DESK,176,Dipinjam,QC Passed,0.0,,,LT,Aset,Corporate,5853,1,2024-12-27 11:08:47.000,2024-12-27 11:08:47.000,"Core i5-8400,8GB DDR4,1TB HDD,Geforce 730 Iqbal Alaydrus"
1337,6191,01688 COMP-COMP-DESK-ICT-PTRE-19,01688 COMP-DSK-ICT-PTRE-19,121,COMP-DESK,221,Dipinjam,QC Passed,0.0,,,LT,Aset,Corporate,360,1,2024-04-16 17:17:04.000,2024-04-16 17:17:04.000,"Core i5-8400,8GB DDR4,1TB HDD,Geforce 730"
1338,6193,01690 COMP-COMP-DESK-ICT-PTRE-19,01690 COMP-DSK-ICT-PTRE-19,121,COMP-DESK,223,Dipinjam,QC Passed,0.0,,,LT,Aset,Corporate,2557,1,2023-11-06 14:52:08.000,2023-11-06 14:52:08.000,"Core i5-8400,8GB DDR4,1TB HDD,Geforce 730"
1339,6198,01695 COMP-COMP-DESK-ICT-PTRE-19,01695 COMP-DSK-ICT-PTRE-19,121,COMP-DESK,232,Dipinjam,QC Passed,0.0,,,LT,Aset,Corporate,10612,1,2023-10-27 22:58:35.000,2023-10-27 22:58:35.000,"Core i5-8400,8GB DDR4,1TB HDD,Geforce 730"
1340,6200,01697 COMP-COMP-DESK-ICT-PTRE-19,01697 COMP-DSK-ICT-PTRE-19,121,COMP-DESK,232,Dipinjam,QC Passed,0.0,,,LT,Aset,Corporate,10604,1,2024-03-12 02:01:04.000,2024-03-12 02:01:04.000,"Core i5-8400,8GB DDR4,1TB HDD,Geforce 730"
1341,6202,01699 COMP-COMP-DESK-ICT-PTRE-19,01699 COMP-DSK-ICT-PTRE-19,121,COMP-DESK,223,Dipinjam,Bagus,0.0,,,LT,Aset,Corporate,10612,1,2025-10-20 19:06:44.000,2025-10-20 19:06:44.000,"Core i5-8400,8GB DDR4,1TB HDD,Geforce 730"
1342,6204,01701 COMP-COMP-DESK-ICT-PTRE-19,01701 COMP-DSK-ICT-PTRE-19,121,COMP-DESK,232,Dipinjam,QC Passed,0.0,,,LT,Aset,Corporate,,1,2023-10-27 22:28:49.000,2023-10-27 22:28:49.000,"Core i5-8400,16GB DDR4,1TB HDD, Geforce 730 Wahyudi civil"
1343,6206,01703 COMP-COMP-DESK-ICT-PTRE-19,01703 COMP-DSK-ICT-PTRE-19,121,COMP-DESK,223,Dipinjam,QC Passed,0.0,,,LT,Aset,Corporate,,1,2024-04-24 08:19:48.000,2024-04-24 08:19:48.000,"Core i5-8400,8GB DDR4,1TB HDD, Geforce 730"
1344,6208,01705 COMP-COMP-DESK-ICT-PTRE-19,01705 COMP-DSK-ICT-PTRE-19,121,COMP-DESK,165,Dipinjam,QC Passed,0.0,,,LT,Aset,Corporate,5853,1,2024-01-23 09:28:15.000,2024-01-23 09:28:15.000,"Core i5-8400,8GB DDR4,1TB HDD, Geforce 730 ZILLA MARTINI"
1345,6210,01707 COMP-COMP-DESK-ICT-PTRE-19,01707 COMP-DSK-ICT-PTRE-19,121,COMP-DESK,114,Dipinjam,QC Passed,0.0,,,LT,Aset,Corporate,,1,2024-03-12 01:40:45.000,2024-03-12 01:40:45.000,"Core i5-8400,8GB DDR4,1TB HDD, Geforce 730 IDLE"
1346,6212,01709 COMP-COMP-DESK-ICT-PTRE-19,01709 COMP-DSK-ICT-PTRE-19,121,COMP-DESK,232,Dipinjam,QC Passed,0.0,,,LT,Aset,Corporate,,1,2023-10-27 22:41:54.000,2023-10-27 22:41:54.000,"Core i5-8400,8GB DDR4,1TB HDD, Geforce 730"
1347,6214,01711 COMP-COMP-DESK-ICT-PTRE-19,01711 COMP-DSK-ICT-PTRE-19,121,COMP-DESK,232,Dipinjam,QC Passed,0.0,,,LT,Aset,Corporate,,1,2024-03-06 11:07:31.000,2024-03-06 11:07:31.000,"Core i5-8400,8GB DDR4,1TB HDD, Geforce 730"
1348,6216,01713 COMP-COMP-DESK-ICT-PTRE-19,01713 COMP-DSK-ICT-PTRE-19,121,COMP-DESK,114,Dipinjam,Bagus,0.0,,,LT,Aset,Corporate,,1,2020-01-29 17:40:38.000,2020-01-29 17:40:38.000,"Core i5-8400,8GB DDR4,1TB HDD, Geforce 730 ANI husniah instrument"
1349,6218,01715 COMP-COMP-DESK-ICT-PTRE-19,01715 COMP-DSK-ICT-PTRE-19,121,COMP-DESK,114,Dipinjam,QC Passed,0.0,,,LT,Aset,Corporate,10519,1,2024-03-12 09:11:47.000,2024-03-12 09:11:47.000,"Core i5-8400,8GB DDR4,1TB HDD, Geforce 730 Okthree CIVIL"
1350,6220,01717 COMP-COMP-DESK-ICT-PTRE-19,01717 COMP-DSK-ICT-PTRE-19,121,COMP-DESK,139,Dipinjam,QC Passed,0.0,,,LT,Aset,Corporate,10866,1,2024-05-14 09:11:54.000,2024-05-14 09:11:54.000,"Core i5-8400,8GB DDR4,1TB HDD, Geforce 730"
1351,6222,01719 COMP-COMP-DESK-ICT-PTRE-19,01719 COMP-DSK-ICT-PTRE-19,121,COMP-DESK,175,Dipinjam,QC Passed,0.0,,,LT,Aset,Corporate,9198,1,2024-03-27 14:58:50.000,2024-03-27 14:58:50.000,"Core i5-8400,8GB DDR4,1TB HDD, Geforce 730"
1352,6224,01721 COMP-COMP-DESK-ICT-PTRE-19,01721 COMP-DSK-ICT-PTRE-19,121,COMP-DESK,114,Tidak Aktif,Rusak,0.0,,,LT,Aset,Corporate,,1,2021-04-07 15:40:46.000,2021-04-07 15:40:46.000,"Core i5-8400,8GB DDR4,1TB HDD, Geforce 730 Irfan safitra civil designer"
1353,6226,1723 COMP-COMP-DESK-ICT-PTRE-19,1723 COMP-DSK-ICT-PTRE-19,121,COMP-DESK,232,Dipinjam,QC Passed,0.0,,,LT,Aset,Corporate,10612,1,2026-04-28 13:56:37.000,2026-04-28 13:56:37.000,"Core i5-8400, 8GB DDR4, 1TB HDD, Geforce 730"
1354,6228,01725 COMP-COMP-DESK-ICT-PTRE-19,01725 COMP-DSK-ICT-PTRE-19,121,COMP-DESK,232,Dipinjam,QC Passed,0.0,,,LT,Aset,Corporate,9198,1,2025-10-20 19:37:09.000,2025-10-20 19:37:09.000,"Core i5-8400,8GB DDR4,1TB HDD, Geforce 730"
1355,6230,01727 COMP-COMP-DESK-ICT-PTRE-19,01727 COMP-DSK-ICT-PTRE-19,121,COMP-DESK,114,Dipinjam,Bagus,0.0,,,LT,Aset,Corporate,,1,2020-01-29 17:59:12.000,2020-01-29 17:59:12.000,"Core i5-8400,8GB DDR4,1TB HDD, Geforce 730"
1356,6232,01729 COMP-COMP-DESK-ICT-PTRE-19,01729 COMP-DSK-ICT-PTRE-19,121,COMP-DESK,114,Dipinjam,Bagus,0.0,,,LT,Aset,Corporate,,1,2020-01-29 18:01:55.000,2020-01-29 18:01:55.000,"Core i5-8400,8GB DDR4,1TB HDD, Geforce 730 iRWAN santosa procces designer"
1357,6234,01731 COMP-COMP-DESK-ICT-PTRE-19,01731 COMP-DSK-ICT-PTRE-19,121,COMP-DESK,176,Dipinjam,QC Passed,0.0,,,LT,Aset,Corporate,,1,2024-03-12 01:33:50.000,2024-03-12 01:33:50.000,"Core i5-8400,8GB DDR4,1TB HDD, Geforce 730 IDLE"
1358,6236,01733 COMP-COMP-DESK-ICT-PTRE-19,01733 COMP-DSK-ICT-PTRE-19,121,COMP-DESK,140,Dipinjam,QC Passed,0.0,,,LT,Aset,Corporate,5853,1,2024-04-16 16:25:21.000,2024-04-16 16:25:21.000,"Core i5-8400,8GB DDR4,1TB HDD, Geforce 730"
1359,6269,01768 COMP-COMP-DESK-ICT-PTRE-19,01768 COMP-DSK-ICT-PTRE-19,121,COMP-DESK,176,Tersedia,QC Passed,0.0,,,LT,Aset,Corporate,5853,1,2024-04-16 16:33:03.000,2024-04-16 16:33:03.000,"Core i5-8400,16GB DDR4,1TB HDD, Geforce 730 WILDAN AF"
1360,6271,01770 COMP-COMP-DESK-ICT-PTRE-19,01770 COMP-DSK-ICT-PTRE-19,121,COMP-DESK,114,Tersedia,Bagus,0.0,,,LT,Aset,Corporate,,1,2020-01-29 19:43:59.000,2020-01-29 19:43:59.000,"Core i5-8400,16GB DDR4,1TB HDD, Geforce 730 marta"
1361,6273,01772 COMP-COMP-DESK-ICT-PTRE-19,01772 COMP-DSK-ICT-PTRE-19,121,COMP-DESK,114,Dipinjam,Rusak,0.0,,,LT,Aset,Corporate,,1,2022-08-30 14:02:10.000,2022-08-30 14:02:10.000,"Core i5-8400,16GB DDR4,1TB HDD, Geforce 730 ade darma procces drafter"
1362,6275,01774 COMP-COMP-DESK-ICT-PTRE-19,01774 COMP-DSK-ICT-PTRE-19,121,COMP-DESK,232,Dipinjam,QC Passed,0.0,,,LT,Aset,Corporate,,1,2023-10-28 22:40:34.000,2023-10-28 22:40:34.000,"Core i5-8400,16GB DDR4,1TB HDD, Geforce GT710"
1363,6277,01776 COMP-COMP-DESK-ICT-PTRE-19,01776 COMP-DSK-ICT-PTRE-19,121,COMP-DESK,114,Tersedia,Bagus,0.0,,,LT,Aset,Corporate,,1,2020-01-29 19:51:48.000,2020-01-29 19:51:48.000,"Core i5-8400,16GB DDR4,1TB HDD, Geforce 730 Nadzir miladi electrical designer"
1364,6279,01778 COMP-COMP-DESK-ICT-PTRE-19,01778 COMP-DSK-ICT-PTRE-19,121,COMP-DESK,232,Dipinjam,QC Passed,0.0,,,LT,Aset,Corporate,10519,1,2024-03-12 03:04:40.000,2024-03-12 03:04:40.000,"Core i5-8400,16GB DDR4,1TB HDD, Geforce 730"
1365,6281,01780 COMP-COMP-DESK-ICT-PTRE-19,01780 COMP-DSK-ICT-PTRE-19,121,COMP-DESK,140,Dipinjam,QC Passed,0.0,,,LT,Aset,Corporate,9198,1,2024-04-03 08:57:06.000,2024-04-03 08:57:06.000,"Core i5-8400,16GB DDR4,1TB HDD, Geforce 730"
1366,6283,01782 COMP-COMP-DESK-ICT-PTRE-19,01782 COMP-DSK-ICT-PTRE-19,121,COMP-DESK,176,Dipinjam,QC Passed,0.0,,,LT,Aset,Corporate,5853,1,2024-01-23 09:34:37.000,2024-01-23 09:34:37.000,"Core i5-8400,16GB DDR4,1TB HDD, Geforce 730 Restu Giwantoro procces"
1367,6285,01784 COMP-COMP-DESK-ICT-PTRE-19,01784 COMP-DSK-ICT-PTRE-19,121,COMP-DESK,245,Dipinjam,QC Passed,0.0,,,LT,Aset,Corporate,10519,1,2025-01-30 15:18:31.000,2025-01-30 15:18:31.000,"Core i5-8400,16GB DDR4,1TB HDD, Geforce 730"
1368,6287,01786 COMP-COMP-DESK-ICT-PTRE-19,01786 COMP-DSK-ICT-PTRE-19,121,COMP-DESK,221,Dipinjam,QC Passed,0.0,,,LT,Aset,Corporate,10519,1,2024-04-17 09:04:11.000,2024-04-17 09:04:11.000,"Core i5-8400,16GB DDR4,1TB HDD, Geforce 730"
1369,6289,01788 COMP-COMP-DESK-ICT-PTRE-19,01788 COMP-DSK-ICT-PTRE-19,121,COMP-DESK,121,Dipinjam,Bagus,0.0,,,LT,Aset,Corporate,9198,1,2026-04-28 14:50:37.000,2026-04-28 14:50:37.000,"Core i5-8400,16GB DDR4,1TB HDD, Geforce 730"
1370,6291,01790 COMP-COMP-DESK-ICT-PTRE-19,01790 COMP-DSK-ICT-PTRE-19,121,COMP-DESK,215,Dipinjam,Bagus,0.0,,,LT,Aset,Corporate,,1,2020-11-09 15:53:21.000,2020-11-09 15:53:21.000,"Core i5-8400,16GB DDR4,1TB HDD, Geforce 730 Eli maulani piping drafter"
1371,6293,01792 COMP-COMP-DESK-ICT-PTRE-19,01792 COMP-DSK-ICT-PTRE-19,121,COMP-DESK,222,Dipinjam,QC Passed,0.0,,,LT,Aset,Corporate,,1,2024-10-18 09:07:29.000,2024-10-18 09:07:29.000,"Core i5-8400,16GB DDR4,1TB HDD, Geforce 730"
1372,6295,01794 COMP-COMP-DESK-ICT-PTRE-19,01794 COMP-DSK-ICT-PTRE-19,121,COMP-DESK,114,Tersedia,Bagus,0.0,,,LT,Aset,Corporate,,1,2020-01-30 08:07:42.000,2020-01-30 08:07:42.000,"Core i5-8400,16GB DDR4,1TB HDD, Geforce 730"
1373,6297,01796 COMP-COMP-DESK-ICT-PTRE-19,01796 COMP-DSK-ICT-PTRE-19,121,COMP-DESK,114,Tersedia,Bagus,0.0,,,LT,Aset,Corporate,,1,2020-01-30 08:08:38.000,2020-01-30 08:08:38.000,"Core i5-8400,16GB DDR4,1TB HDD, Geforce 730"
1374,6299,01798 COMP-COMP-DESK-ICT-PTRE-19,01798 COMP-DSK-ICT-PTRE-19,121,COMP-DESK,114,Tersedia,Bagus,0.0,,,LT,Aset,Corporate,,1,2020-01-30 08:08:10.000,2020-01-30 08:08:10.000,"Core i5-8400,16GB DDR4,1TB HDD, Geforce 730 mahawib rizki elctrical designer"
1375,6301,01800 COMP-COMP-DESK-ICT-PTRE-19,01800 COMP-DSK-ICT-PTRE-19,121,COMP-DESK,242,Dipinjam,Bagus,0.0,,,LT,Aset,Corporate,,1,2024-10-18 09:05:02.000,2024-10-18 09:05:02.000,"Core i5-8400,16GB DDR4,1TB HDD, Geforce 730"
1376,6303,01802 COMP-COMP-DESK-ICT-PTRE-19,01802 COMP-DSK-ICT-PTRE-19,121,COMP-DESK,176,Dipinjam,QC Passed,0.0,,,LT,Aset,Corporate,2557,1,2024-01-23 09:11:50.000,2024-01-23 09:11:50.000,"Core i5-8400,16GB DDR4,1TB HDD, Geforce 730"
1377,6305,01804 COMP-COMP-DESK-ICT-PTRE-19,01804 COMP-DSK-ICT-PTRE-19,121,COMP-DESK,114,Tersedia,Bagus,0.0,,,LT,Aset,Corporate,,1,2020-01-30 08:13:36.000,2020-01-30 08:13:36.000,"Core i5-8400,16GB DDR4,1TB HDD, Geforce 730"
1378,6308,01806 COMP-COMP-DESK-ICT-PTRE-19,01806 COMP-DSK-ICT-PTRE-19,121,COMP-DESK,215,Dipinjam,QC Passed,0.0,,,LT,Aset,Corporate,2557,1,2025-03-26 14:51:58.000,2025-03-26 14:51:58.000,"Core i5-8400,16GB DDR4,1TB HDD, Geforce 730"
1379,6312,01810 COMP-COMP-DESK-ICT-PTRE-19,01810 COMP-DSK-ICT-PTRE-19,121,COMP-DESK,165,Dipinjam,QC Passed,0.0,,,LT,Aset,Corporate,5853,1,2024-01-23 09:30:41.000,2024-01-23 09:30:41.000,"Core i5-8400,16GB DDR4,1TB HDD, Geforce 730"
1380,6314,01812 COMP-COMP-DESK-ICT-PTRE-19,01812 COMP-DSK-ICT-PTRE-19,121,COMP-DESK,114,Dipinjam,Bagus,0.0,,,LT,Aset,Corporate,,1,2020-01-30 08:42:47.000,2020-01-30 08:42:47.000,"Core i5-8400,16GB DDR4,1TB HDD, Geforce 730"
1381,6316,01814 COMP-COMP-DESK-ICT-PTRE-19,01814 COMP-DSK-ICT-PTRE-19,121,COMP-DESK,215,Tersedia,Bagus,0.0,,,LT,Aset,Corporate,,1,2020-11-09 15:13:50.000,2020-11-09 15:13:50.000,"Core i5-8400,16GB DDR4,1TB HDD, Geforce 730 yusi darmawan civil designer"
1382,6318,01816 COMP-COMP-DESK-ICT-PTRE-19,01816 COMP-DSK-ICT-PTRE-19,121,COMP-DESK,114,Dipinjam,Bagus,0.0,,,LT,Aset,Corporate,,1,2020-01-30 08:48:11.000,2020-01-30 08:48:11.000,"Core i5-8400,16GB DDR4,1TB HDD, Geforce 730"
1383,6320,01818 COMP-COMP-DESK-ICT-PTRE-19,01818 COMP-DSK-ICT-PTRE-19,121,COMP-DESK,157,Dipinjam,QC Passed,0.0,,,LT,Aset,Corporate,9198,1,2024-03-27 15:16:21.000,2024-03-27 15:16:21.000,"Core i5-8400,16GB DDR4,1TB HDD, Geforce 730 irvan ajisatyo"
1384,6322,01820 COMP-COMP-DESK-ICT-PTRE-19,01820 COMP-DSK-ICT-PTRE-19,121,COMP-DESK,114,Tersedia,Bagus,0.0,,,LT,Aset,Corporate,,1,2020-01-30 09:06:24.000,2020-01-30 09:06:24.000,"Core i5-8400,16GB DDR4,1TB HDD, Geforce 730 evodie salam civil designer"
1385,6324,01822 COMP-COMP-DESK-ICT-PTRE-19,01822 COMP-DSK-ICT-PTRE-19,121,COMP-DESK,176,Dipinjam,QC Passed,0.0,,,LT,Aset,Corporate,,1,2023-10-27 22:07:25.000,2023-10-27 22:07:25.000,"Core i5-8400,16GB DDR4,1TB HDD, Geforce 730 M toyib mechanical"
1386,6326,01824 COMP-COMP-DESK-ICT-PTRE-19,01824 COMP-DSK-ICT-PTRE-19,121,COMP-DESK,215,Dipinjam,QC Passed,0.0,,,LT,Aset,Corporate,10519,1,2025-02-16 05:32:47.000,2025-02-16 05:32:47.000,"Core i5-8400,16GB DDR4,1TB HDD, Geforce 730"
1387,6328,01826 COMP-COMP-DESK-ICT-PTRE-19,01826 COMP-DSK-ICT-PTRE-19,121,COMP-DESK,114,Tersedia,Bagus,0.0,,,LT,Aset,Corporate,,1,2020-01-30 09:11:45.000,2020-01-30 09:11:45.000,"Core i5-8400,16GB DDR4,1TB HDD, Geforce 730"
1388,6330,01828 COMP-COMP-DESK-ICT-PTRE-19,01828 COMP-DSK-ICT-PTRE-19,121,COMP-DESK,120,Dipinjam,QC Passed,0.0,,,LT,Aset,Corporate,10866,1,2024-05-21 14:40:43.000,2024-05-21 14:40:43.000,"Core i5-8400,16GB DDR4,1TB HDD, Geforce 730"
1389,6337,01835 COMP-COMP-DESK-ICT-PTRE-19,01835 COMP-DSK-ICT-PTRE-19,121,COMP-DESK,165,Dipinjam,QC Passed,0.0,,,LT,Aset,Corporate,10519,1,2024-01-22 16:09:57.000,2024-01-22 16:09:57.000,"Core i5-8400,16GB DDR4,1TB HDD, Geforce 730"
1390,6339,01837 COMP-COMP-DESK-ICT-PTRE-19,01837 COMP-DSK-ICT-PTRE-19,121,COMP-DESK,151,Dipinjam,Bagus,0.0,,,LT,Aset,Corporate,,1,2023-06-13 17:02:55.000,2023-06-13 17:02:55.000,"Core i5-8400,16GB DDR4,1TB HDD, Geforce 730"
1391,6341,01839 COMP-COMP-DESK-ICT-PTRE-19,01839 COMP-DSK-ICT-PTRE-19,121,COMP-DESK,176,Dipinjam,QC Passed,0.0,,,LT,Aset,Corporate,5853,1,2024-01-23 10:01:49.000,2024-01-23 10:01:49.000,"Core i5-8400,16GB DDR4,1TB HDD, Geforce 730"
1392,6343,01841 COMP-COMP-DESK-ICT-PTRE-19,01841 COMP-DSK-ICT-PTRE-19,121,COMP-DESK,176,Dipinjam,QC Passed,0.0,,,LT,Aset,Corporate,,1,2023-10-28 23:06:43.000,2023-10-28 23:06:43.000,"Core i5-8400,16GB DDR4,1TB HDD,"
1393,6345,01843 COMP-COMP-DESK-ICT-PTRE-19,01843 COMP-DSK-ICT-PTRE-19,121,COMP-DESK,114,Dipinjam,Bagus,0.0,,,LT,Aset,Corporate,,1,2020-01-30 09:31:32.000,2020-01-30 09:31:32.000,"Core i5-8400,16GB DDR4,1TB HDD, Geforce 730"
1394,6347,01845 COMP-COMP-DESK-ICT-PTRE-19,01845 COMP-DSK-ICT-PTRE-19,121,COMP-DESK,114,Tersedia,Bagus,0.0,,,LT,Aset,Corporate,,1,2020-01-30 09:33:05.000,2020-01-30 09:33:05.000,"Core i5-8400,16GB DDR4,1TB HDD, Geforce 730"
1395,6349,01847 COMP-COMP-DESK-ICT-PTRE-19,01847 COMP-DSK-ICT-PTRE-19,121,COMP-DESK,114,Tersedia,Bagus,0.0,,,LT,Aset,Corporate,,1,2020-01-30 09:34:16.000,2020-01-30 09:34:16.000,"Core i5-8400,16GB DDR4,1TB HDD, Geforce 730"
1396,6351,01849 COMP-COMP-DESK-ICT-PTRE-19,01849 COMP-DSK-ICT-PTRE-19,121,COMP-DESK,114,Dipinjam,Bagus,0.0,,,LT,Aset,Corporate,,1,2020-01-30 09:36:42.000,2020-01-30 09:36:42.000,"Core i5-8400,16GB DDR4,1TB HDD, Geforce 730"
1397,6353,01851 COMP-COMP-DESK-ICT-PTRE-19,01851 COMP-DSK-ICT-PTRE-19,121,COMP-DESK,215,Dipinjam,QC Passed,0.0,,,LT,Aset,Corporate,2557,1,2024-06-03 08:45:40.000,2024-06-03 08:45:40.000,"Core i5-8400,16GB DDR4,1TB HDD, Geforce 730"
1398,6355,01853 COMP-COMP-DESK-ICT-PTRE-19,01853 COMP-DSK-ICT-PTRE-19,121,COMP-DESK,114,Tersedia,Bagus,0.0,,,LT,Aset,Corporate,,1,2020-01-30 09:40:05.000,2020-01-30 09:40:05.000,"Core i5-8400,16GB DDR4,1TB HDD, Geforce 730"
1399,6397,01895 COMP-COMP-DESK-ICT-PTRE-19,01895 COMP-DSK-ICT-PTRE-19,121,COMP-DESK,176,Dipinjam,QC Passed,0.0,,,LT,Aset,Corporate,,1,2024-10-14 10:12:38.000,2024-10-14 10:12:38.000,"Core i5-9400,16GB DDR4,1TB HDD, Geforce 730"
1400,6399,01897 COMP-COMP-DESK-ICT-PTRE-19,01897 COMP-DSK-ICT-PTRE-19,121,COMP-DESK,223,Dipinjam,QC Passed,0.0,,,LT,Aset,Corporate,2557,1,2023-11-06 14:54:01.000,2023-11-06 14:54:01.000,"Core i5-9400,16GB DDR4,1TB HDD, Geforce 730"
1401,6401,01899 COMP-COMP-DESK-ICT-PTRE-19,01899 COMP-DSK-ICT-PTRE-19,121,COMP-DESK,215,Dipinjam,QC Passed,0.0,,,LT,Aset,Corporate,2557,1,2024-06-03 08:23:48.000,2024-06-03 08:23:48.000,"Core i5-9400,16GB DDR4,1TB HDD, Geforce 730"
1402,6403,01901 COMP-COMP-DESK-ICT-PTRE-19,01901 COMP-DSK-ICT-PTRE-19,121,COMP-DESK,114,Tersedia,Bagus,0.0,,,LT,Aset,Corporate,,1,2020-01-30 11:14:56.000,2020-01-30 11:14:56.000,"Core i5-9400,16GB DDR4,1TB HDD, Geforce 730"
1403,6405,01903 COMP-COMP-DESK-ICT-PTRE-19,01903 COMP-DSK-ICT-PTRE-19,121,COMP-DESK,232,Dipinjam,QC Passed,0.0,,,LT,Aset,Corporate,,1,2023-10-27 22:46:47.000,2023-10-27 22:46:47.000,"Core i5-9400,16GB DDR4,1TB HDD, Geforce 730"
1404,6407,01905 COMP-COMP-DESK-ICT-PTRE-19,01905 COMP-DSK-ICT-PTRE-19,121,COMP-DESK,139,Dipinjam,QC Passed,0.0,,,LT,Aset,Corporate,10604,1,2024-01-22 15:09:44.000,2024-01-22 15:09:44.000,"Core i5-9400,16GB DDR4,1TB HDD, Geforce 730"
1405,6409,01907 COMP-COMP-DESK-ICT-PTRE-19,01907 COMP-DSK-ICT-PTRE-19,121,COMP-DESK,215,Dipinjam,Bagus,0.0,,,LT,Aset,Corporate,,1,2020-11-09 15:11:02.000,2020-11-09 15:11:02.000,"Core i5-9400,16GB DDR4,1TB HDD, Geforce 730"
1406,6411,01909 COMP-COMP-DESK-ICT-PTRE-19,01909 COMP-DSK-ICT-PTRE-19,121,COMP-DESK,176,Dipinjam,QC Passed,0.0,,,LT,Aset,Corporate,5853,1,2024-01-23 09:58:47.000,2024-01-23 09:58:47.000,"Core i5-9400,16GB DDR4,1TB HDD, Geforce 730"
1407,6413,01911 COMP-COMP-DESK-ICT-PTRE-19,01911 COMP-DSK-ICT-PTRE-19,121,COMP-DESK,114,Tersedia,Bagus,0.0,,,LT,Aset,Corporate,,1,2020-01-30 11:47:06.000,2020-01-30 11:47:06.000,"Core i5-9400,16GB DDR4,1TB HDD, Geforce 730"
1408,6415,01913 COMP-COMP-DESK-ICT-PTRE-19,01913 COMP-DSK-ICT-PTRE-19,121,COMP-DESK,114,Dipinjam,Bagus,0.0,,,LT,Aset,Corporate,,1,2020-01-30 11:48:47.000,2020-01-30 11:48:47.000,"Core i5-9400,16GB DDR4,1TB HDD, Geforce 730"
1409,6440,01938 COMP-COMP-DESK-ICT-PTRE-19,01938 COMP-DSK-ICT-PTRE-19,121,COMP-DESK,114,Tersedia,Bagus,0.0,,,LT,Aset,Corporate,,1,2020-01-30 13:46:29.000,2020-01-30 13:46:29.000,"Core i5-9400,16GB DDR4,1TB HDD, Geforce 730"
1410,6442,01940 COMP-COMP-DESK-ICT-PTRE-19,01940 COMP-DSK-ICT-PTRE-19,121,COMP-DESK,221,Dipinjam,QC Passed,0.0,,,LT,Aset,Corporate,10519,1,2024-04-24 16:30:30.000,2024-04-24 16:30:30.000,"Core i5-9400,16GB DDR4,1TB HDD, Geforce 730"
1411,6444,01942 COMP-COMP-DESK-ICT-PTRE-19,01942 COMP-DSK-ICT-PTRE-19,121,COMP-DESK,140,Dipinjam,QC Passed,0.0,,,LT,Aset,Corporate,6034,1,2024-04-16 13:36:27.000,2024-04-16 13:36:27.000,"Core i5-9400,16GB DDR4,1TB HDD, Geforce 730"
1412,6446,01944 COMP-COMP-DESK-ICT-PTRE-19,01944 COMP-DSK-ICT-PTRE-19,121,COMP-DESK,139,Dipinjam,QC Passed,0.0,,,LT,Aset,Corporate,360,1,2024-04-16 17:07:13.000,2024-04-16 17:07:13.000,"Core i5-9400,16GB DDR4,1TB HDD, Geforce 730"
1413,6448,01946 COMP-COMP-DESK-ICT-PTRE-19,01946 COMP-DSK-ICT-PTRE-19,121,COMP-DESK,114,Tersedia,Bagus,0.0,,,LT,Aset,Corporate,,1,2020-01-30 13:55:27.000,2020-01-30 13:55:27.000,"Core i5-9400,16GB DDR4,1TB HDD, Geforce 730"
1414,6451,01948 COMP-COMP-DESK-ICT-PTRE-19,01948 COMP-DSK-ICT-PTRE-19,121,COMP-DESK,215,Dipinjam,QC Passed,0.0,,,LT,Aset,Corporate,,1,2024-06-03 09:04:19.000,2024-06-03 09:04:19.000,"Core i5-9400,16GB DDR4,1TB HDD, Geforce 730"
1415,6453,01950 COMP-COMP-DESK-ICT-PTRE-19,01950 COMP-DSK-ICT-PTRE-19,121,COMP-DESK,120,Dipinjam,QC Passed,0.0,,,LT,Aset,Corporate,5853,1,2025-02-16 04:47:43.000,2025-02-16 04:47:43.000,"Core i5-9400,16GB DDR4,1TB HDD, SSD 256GB, Geforce 730"
1416,6456,01954 COMP-COMP-DESK-ICT-PTRE-19,01954 COMP-DSK-ICT-PTRE-19,121,COMP-DESK,232,Dipinjam,QC Passed,0.0,,,LT,Aset,Corporate,10612,1,2023-11-06 16:14:15.000,2023-11-06 16:14:15.000,"Core i5-9400,16GB DDR4,1TB HDD, Geforce 730"
1417,6458,01956 COMP-COMP-DESK-ICT-PTRE-19,01956 COMP-DSK-ICT-PTRE-19,121,COMP-DESK,165,Dipinjam,QC Passed,0.0,,,LT,Aset,Corporate,10604,1,2024-01-23 09:21:27.000,2024-01-23 09:21:27.000,"Core i5-9400,16GB DDR4,1TB HDD, Geforce 730"
1418,6477,01975 COMP-COMP-DESK-ICT-PTRE-19,01975 COMP-DSK-ICT-PTRE-19,121,COMP-DESK,121,Dipinjam,QC Passed,0.0,,,LT,Aset,Corporate,9198,1,2026-04-28 14:44:08.000,2026-04-28 14:44:08.000,"Core i5-9400,16GB DDR4,1TB HDD, Geforce 730"
1419,6479,01977 COMP-COMP-DESK-ICT-PTRE-19,01977 COMP-DSK-ICT-PTRE-19,121,COMP-DESK,221,Dipinjam,QC Passed,0.0,,,LT,Aset,Corporate,10519,1,2024-04-24 16:54:27.000,2024-04-24 16:54:27.000,"Core i5-9400,16GB DDR4,1TB HDD, Geforce 730"
1420,6481,01979 COMP-COMP-DESK-ICT-PTRE-19,01979 COMP-DSK-ICT-PTRE-19,121,COMP-DESK,140,Dipinjam,QC Passed,0.0,,,LT,Aset,Corporate,10519,1,2024-03-12 05:01:49.000,2024-03-12 05:01:49.000,"Core i5-9400,16GB DDR4,1TB HDD, Geforce 730"
1421,6483,01981 COMP-COMP-DESK-ICT-PTRE-19,01981 COMP-DSK-ICT-PTRE-19,121,COMP-DESK,114,Dipinjam,Bagus,0.0,,,LT,Aset,Corporate,,1,2020-01-30 14:39:44.000,2020-01-30 14:39:44.000,"Core i5-9400,16GB DDR4,1TB HDD, Geforce 730"
1422,6485,01983 COMP-COMP-DESK-ICT-PTRE-19,01983 COMP-DSK-ICT-PTRE-19,121,COMP-DESK,114,Dipinjam,Bagus,0.0,,,LT,Aset,Corporate,,1,2020-01-30 14:41:22.000,2020-01-30 14:41:22.000,"Core i5-9400,16GB DDR4,1TB HDD, Geforce 730"
1423,6487,01985 COMP-COMP-DESK-ICT-PTRE-19,01985 COMP-DSK-ICT-PTRE-19,121,COMP-DESK,232,Dipinjam,QC Passed,0.0,,,LT,Aset,Corporate,10519,1,2024-03-12 02:18:14.000,2024-03-12 02:18:14.000,"Core i5-9400,16GB DDR4,1TB HDD, Geforce 730"
1424,6489,01987 COMP-COMP-DESK-ICT-PTRE-19,01987 COMP-DSK-ICT-PTRE-19,121,COMP-DESK,114,Dipinjam,Bagus,0.0,,,LT,Aset,Corporate,,1,2020-01-30 14:44:04.000,2020-01-30 14:44:04.000,"Core i5-9400,16GB DDR4,1TB HDD, Geforce 730"
1425,6491,1989 COMP-COMP-DESK-ICT-PTRE-19,1989 COMP-DSK-ICT-PTRE-19,121,COMP-DESK,232,Dipinjam,QC Passed,0.0,,,LT,Aset,Corporate,10295,1,2026-04-28 13:49:23.000,2026-04-28 13:49:23.000,"Core i5-9400,16GB DDR4,1TB HDD, Geforce 730 IDLE"
1426,6493,01991 COMP-COMP-DESK-ICT-PTRE-19,01991 COMP-DSK-ICT-PTRE-19,121,COMP-DESK,114,Dipinjam,Bagus,0.0,,,LT,Aset,Corporate,,1,2020-01-30 14:49:28.000,2020-01-30 14:49:28.000,"Core i5-9400,16GB DDR4,1TB HDD, Geforce 730"
1427,6495,01993 COMP-COMP-DESK-ICT-PTRE-19,01993 COMP-DSK-ICT-PTRE-19,121,COMP-DESK,114,Dipinjam,Bagus,0.0,,,LT,Aset,Corporate,5854,1,2023-01-13 15:21:43.000,2023-01-13 15:21:43.000,"Core i5-9400,16GB DDR4,1TB HDD, Geforce 730"
1428,6530,2028 COMP-COMP-DESK-ICT-PTRE-20,2028 COMP-DSK-ICT-PTRE-20,121,COMP-DESK,223,Dipinjam,QC Passed,0.0,,,LT,Aset,Corporate,,1,2024-06-03 11:19:58.000,2024-06-03 11:19:58.000,"Core i5-9400,16GB DDR4,1TB HDD, Geforce 730"
1429,6532,2030 COMP-COMP-DESK-ICT-PTRE-20,2030 COMP-DSK-ICT-PTRE-20,121,COMP-DESK,223,Dipinjam,QC Passed,0.0,,,LT,Aset,Corporate,10519,1,2025-01-24 11:19:52.000,2025-01-24 11:19:52.000,"Core i5-9400,16GB DDR4,1TB HDD, Geforce 730"
1430,6534,2032 COMP-COMP-DESK-ICT-PTRE-20,2032 COMP-DSK-ICT-PTRE-20,121,COMP-DESK,114,Dipinjam,Bagus,0.0,,,LT,Aset,Corporate,,1,2020-05-20 17:39:29.000,2020-05-20 17:39:29.000,"Core i5-9400,16GB DDR4,1TB HDD, Geforce 730"
1431,6536,2034 COMP-COMP-DESK-ICT-PTRE-20,2034 COMP-DSK-ICT-PTRE-20,121,COMP-DESK,140,Dipinjam,QC Passed,0.0,,,LT,Aset,Corporate,6034,1,2024-04-16 13:27:17.000,2024-04-16 13:27:17.000,"Core i5-9400,16GB DDR4,1TB HDD, Geforce 730"
1432,6538,2036 COMP-COMP-DESK-ICT-PTRE-20,2036 COMP-DSK-ICT-PTRE-20,121,COMP-DESK,114,Tersedia,Bagus,0.0,,,LT,Aset,Corporate,,1,2020-05-20 18:17:30.000,2020-05-20 18:17:30.000,"Core i5-9400,16GB DDR4,1TB HDD, Geforce 730"
1433,6540,2038 COMP-COMP-DESK-ICT-PTRE-20,2038 COMP-DSK-ICT-PTRE-20,121,COMP-DESK,215,Dipinjam,Bagus,0.0,,,LT,Aset,Corporate,,1,2024-05-08 08:07:52.000,2024-05-08 08:07:52.000,"Core i5-9400,16GB DDR4,1TB HDD, Geforce 730"
1434,6542,2040 COMP-COMP-DESK-ICT-PTRE-20,2040 COMP-DSK-ICT-PTRE-20,121,COMP-DESK,114,Dipinjam,Bagus,0.0,,,LT,Aset,Corporate,,1,2020-05-20 18:29:54.000,2020-05-20 18:29:54.000,"Core i5-9400,16GB DDR4,1TB HDD, Geforce 730"
1435,6566,1952 COMP-COMP-DESK-ICT-PTRE-19,1952 COMP-DSK-ICT-PTRE-19,121,COMP-DESK,221,Dipinjam,QC Passed,0.0,,,LT,Aset,Corporate,,1,2024-04-16 11:12:10.000,2024-04-16 11:12:10.000,1952 COMP-DSK-ICT-PTRE-19
1436,7888,2175-COMP-DESK-ICT-PTRE-21,2175-COMP-DSK-ICT-PTRE-21,113,COMP-DESK,215,Dipinjam,Bagus,17000000.0,,,LT,Aset,Corporate,,95,2023-03-29 10:02:29.000,2023-03-29 10:02:29.000,
1437,8080,2268-COMP-DESK-ICT-PTRE-23,2268-COMP-DESK-ICT-PTRE-23,113,COMP-DESK,121,Dipinjam,QC Passed,20000000.0,,,LT,Aset,Corporate,2557,95,2024-05-21 15:12:54.000,2024-05-21 15:12:54.000,Intel Core i9 RAM 32 GB SSD 1TB RTX 3060
1438,8081,2269-COMP-DESK-ICT-PTRE-23,2269-COMP-DESK-ICT-PTRE-23,113,COMP-DESK,140,Tersedia,Bagus,2000000.0,,,LT,Aset,Corporate,2557,65,2024-01-23 09:02:13.000,2024-01-23 09:02:13.000,Intel Core i7 RAM 32 GB SSD 1TB GTX 1660
1439,8082,2270-COMP-DESK-ICT-PTRE-23,2270-COMP-DESK-ICT-PTRE-23,113,COMP-DESK,140,Dipinjam,QC Passed,2000000.0,,,LT,Aset,Corporate,2557,65,2024-01-23 09:05:45.000,2024-01-23 09:05:45.000,Intel Core i7 RAM 32 GB SSD 1TB GTX 1660
1440,8084,2272-COMP-DESK-ICT-PTRE-23,2272-COMP-DESK-ICT-PTRE-23,127,COMP-DESK,154,Dipinjam,Bagus,8000000.0,,,LT,Aset,Corporate,10784,1,2026-09-10 13:33:29.000,2026-09-10 13:33:29.000,"Intel i3 1215U 8GB 512GB 21,5"" FHD OHS W11"
1441,8085,2273-COMP-DESK-ICT-PTRE-23,2273-COMP-DESK-ICT-PTRE-23,127,COMP-DESK,229,Dipinjam,Bagus,8000000.0,,,LT,Aset,Corporate,10784,1,2026-09-08 14:56:13.000,2026-09-08 14:56:13.000,"Intel i3 1215U 8GB 512GB 21,5"" FHD OHS W11"
1442,8086,2274-COMP-DESK-ICT-PTRE-23,2274-COMP-DESK-ICT-PTRE-23,127,COMP-DESK,215,Dipinjam,Bagus,8000000.0,,,LT,Aset,Project,10784,69,2023-10-27 14:37:56.000,2023-10-27 14:37:56.000,"Intel i3 1215U 8GB 512GB 21,5"" FHD OHS W11"
1443,10574,2376-COMP-DESK-ICT-PTRE-24,2376-COMP-DESK-ICT-PTRE-24,113,COMP-DESK,139,Dipinjam,Bagus,23000000.0,,,LT,Aset,Project,2557,95,2024-12-04 15:27:44.000,2024-12-04 15:27:44.000,Intel Core i912900KF 32GB SSD 1TB RTX3060 12GB
1444,10575,2377-COMP-DESK-ICT-PTRE-24,2377-COMP-DESK-ICT-PTRE-24,113,COMP-DESK,139,Dipinjam,Bagus,23000000.0,,,LT,Aset,Corporate,2557,95,2024-12-04 15:31:46.000,2024-12-04 15:31:46.000,Intel Core i912900KF 32GB SSD 1TB RTX3060 12GB
1445,11775,2453-COMP-DESK-ICT-PTRE-25,2453-COMP-DESK-ICT-PTRE-25,113,COMP-DESK,120,Dipinjam,Bagus,0.0,,,LT,Aset,Corporate,,1,2025-08-01 11:22:30.000,2025-08-01 11:22:30.000,Intel Core i9
1446,11777,2455-COMP-DESK-ICT-PTRE-25,2455-COMP-DESK-ICT-PTRE-25,113,COMP-DESK,232,Dipinjam,Bagus,0.0,,,LT,Aset,Corporate,,1,2025-08-29 14:51:51.000,2025-08-29 14:51:51.000,
1447,11855,2462-COMP-DESK-ICT-PTRE-25,2462-COMP-DESK-ICT-PTRE-25,113,COMP-DESK,232,Dipinjam,QC Passed,0.0,,,LT,Aset,Project,360,107,2025-12-08 16:46:07.000,2025-12-08 16:46:07.000,"Intel Core i9, 32GB DDR5 SSD 1TB RTX 3060"
1448,11864,2469-COMP-DESK-ICT-PTRE-26,2469-COMP-DESK-ICT-PTRE-26,113,COMP-DESK,121,Dipinjam,QC Passed,0.0,,,LT,Aset,Corporate,,1,2026-01-12 14:23:24.000,2026-01-12 14:23:24.000,"Intel Core i9, 32GB DDR5 SSD 1TB RTX 3060"
1449,12020,2494-COMP-DESK-ICT-PTRE-26,2494-COMP-DESK-ICT-PTRE-26,113,COMP-DESK,121,Dipinjam,Bagus,33000000.0,,,LT,Aset,Project,11584,110,2026-08-31 10:09:48.000,2026-08-31 10:09:48.000,Intel i9 14900KF 32GB DDR5 SSD 1TB RTX 5060
