id,ams_asset_id,number,legacy_number,lot_id,subcategory_code,location_id,status,condition,price,image_url,ams_image_url,type,classification,burden,project_id,vendor_id,created_at,updated_at,specification
2651,1,00001-FUR-KK-CFS-PTRE-15,00001-FUR-KK-CFS-PTRE-15,265,FUR-KK,223,Dipinjam,Bagus,0.0,inventory/ams/inventoryPhoto/1726197313kursi_cokelat_jaring.jpeg,inventory/ams/assets/uploads/assetsre/ap/1726197313kursi_cokelat_jaring.jpeg,LT,Aset,Corporate,10780,65,2025-03-18 14:14:12.000,2025-03-18 14:14:12.000,Warna Hitam
2652,3,00003-FUR-KK-CFS-PTRE-14,00003-FUR-KK-CFS-PTRE-14,265,FUR-KK,223,Dipinjam,Bagus,0.0,inventory/ams/inventoryPhoto/1726197319kursi_cokelat_jaring.jpeg,inventory/ams/assets/uploads/assetsre/ap/1726197319kursi_cokelat_jaring.jpeg,LT,Aset,Corporate,10780,65,2025-03-18 14:14:02.000,2025-03-18 14:14:02.000,Warna Hitam
2653,4,00004-FUR-KK-CFS-PTRE-12,00004-FUR-KK-CFS-PTRE-12,269,FUR-KK,85,Tersedia,Bagus,0.0,inventory/ams/inventoryPhoto/1726197325kursi_cokelat_jaring.jpeg,inventory/ams/assets/uploads/assetsre/ap/1726197325kursi_cokelat_jaring.jpeg,LT,Aset,Corporate,10780,1,2026-04-09 14:16:15.000,2026-04-09 14:16:15.000,Warna Coklat
2654,5,00005-FUR-KK-CFS-PTRE-13,00005-FUR-KK-CFS-PTRE-13,268,FUR-KK,153,Tersedia,Bagus,0.0,inventory/ams/inventoryPhoto/1726197331kursi_cokelat_jaring.jpeg,inventory/ams/assets/uploads/assetsre/ap/1726197331kursi_cokelat_jaring.jpeg,LT,Aset,Corporate,,65,2024-09-13 10:15:31.000,2024-09-13 10:15:31.000,Warna Hitam
2655,6,00006-FUR-KK-CFS-PTRE-12,00006-FUR-KK-CFS-PTRE-12,269,FUR-KK,85,Tersedia,Bagus,0.0,inventory/ams/inventoryPhoto/1726197337kursi_cokelat_jaring.jpeg,inventory/ams/assets/uploads/assetsre/ap/1726197337kursi_cokelat_jaring.jpeg,LT,Aset,Corporate,10780,1,2026-04-09 14:15:59.000,2026-04-09 14:15:59.000,Warna Coklat
2656,7,00007-FUR-KK-CFS-PTRE-12,00007-FUR-KK-CFS-PTRE-12,268,FUR-KK,120,Tidak Aktif,Bagus,0.0,inventory/ams/inventoryPhoto/1603176200KURSI_JARING_HITAM_SAVELLO.jpg,inventory/ams/assets/uploads/assetsre/ap/1603176200KURSI_JARING_HITAM_SAVELLO.jpg,LT,Aset,Corporate,,65,2024-07-26 14:50:40.000,2024-07-26 14:50:40.000,Warna Hitam
2657,9,00009-FUR-KK-CFS-PTRE-12,00009-FUR-KK-CFS-PTRE-12,287,FUR-KK,151,Tidak Aktif,Bagus,0.0,inventory/ams/inventoryPhoto/1601879871WhatsApp_Image_2020-10-05_at_13_41_12.jpeg,inventory/ams/assets/uploads/assetsre/ap/1601879871WhatsApp_Image_2020-10-05_at_13_41_12.jpeg,LT,Aset,Corporate,10780,65,2026-05-29 10:22:09.000,2026-05-29 10:22:09.000,Warna Hitam
2658,10,00010-FUR-KK-CFS-PTRE-12,00010-FUR-KK-CFS-RE-12,287,FUR-KK,151,Tidak Aktif,Bagus,0.0,inventory/ams/inventoryPhoto/1601879996WhatsApp_Image_2020-10-05_at_13_41_12.jpeg,inventory/ams/assets/uploads/assetsre/ap/1601879996WhatsApp_Image_2020-10-05_at_13_41_12.jpeg,LT,Aset,Corporate,10780,65,2026-05-29 10:22:24.000,2026-05-29 10:22:24.000,Warna Hitam
2659,11,00011-FUR-KK-CFS-PTRE-12,00011-FUR-KK-CFS-PTRE-12,287,FUR-KK,151,Tidak Aktif,Bagus,0.0,inventory/ams/inventoryPhoto/1601880121WhatsApp_Image_2020-10-05_at_13_41_12.jpeg,inventory/ams/assets/uploads/assetsre/ap/1601880121WhatsApp_Image_2020-10-05_at_13_41_12.jpeg,LT,Aset,Corporate,10780,65,2026-05-29 10:22:32.000,2026-05-29 10:22:32.000,Warna Hitam
2660,12,00012-FUR-KK-CFS-PTRE-12,00012-FUR-KK-CFS-PTRE-12,287,FUR-KK,151,Tersedia,Bagus,0.0,inventory/ams/inventoryPhoto/1601880192WhatsApp_Image_2020-10-05_at_13_41_12.jpeg,inventory/ams/assets/uploads/assetsre/ap/1601880192WhatsApp_Image_2020-10-05_at_13_41_12.jpeg,LT,Aset,Corporate,,65,2020-10-05 13:43:12.000,2020-10-05 13:43:12.000,Warna Hitam
2661,13,00013-FUR-KK-CFS-PTRE-12,00013-FUR-KK-CFS-PTRE-12,287,FUR-KK,151,Tersedia,Bagus,0.0,inventory/ams/inventoryPhoto/1601880250WhatsApp_Image_2020-10-05_at_13_41_12.jpeg,inventory/ams/assets/uploads/assetsre/ap/1601880250WhatsApp_Image_2020-10-05_at_13_41_12.jpeg,LT,Aset,Corporate,,65,2020-10-05 13:44:10.000,2020-10-05 13:44:10.000,Warna Hitam
2662,14,00014-FUR-KK-CFS-PTRE-12,00014-FUR-KK-CFS-PTRE-12,287,FUR-KK,151,Tersedia,Bagus,0.0,inventory/ams/inventoryPhoto/1601880322WhatsApp_Image_2020-10-05_at_13_41_12.jpeg,inventory/ams/assets/uploads/assetsre/ap/1601880322WhatsApp_Image_2020-10-05_at_13_41_12.jpeg,LT,Aset,Corporate,,65,2020-10-05 13:45:22.000,2020-10-05 13:45:22.000,Warna Hitam
2663,15,00015-FUR-KK-CFS-PTRE-12,00015-FUR-KK-CFS-PTRE-12,287,FUR-KK,151,Tersedia,Bagus,0.0,inventory/ams/inventoryPhoto/1601880390WhatsApp_Image_2020-10-05_at_13_41_12.jpeg,inventory/ams/assets/uploads/assetsre/ap/1601880390WhatsApp_Image_2020-10-05_at_13_41_12.jpeg,LT,Aset,Corporate,,65,2020-10-05 13:46:30.000,2020-10-05 13:46:30.000,Warna Hitam
2664,16,00016-FUR-KK-CFS-PTRE-12,00016-FUR-KK-CFS-PTRE-12,287,FUR-KK,151,Tersedia,Bagus,0.0,inventory/ams/inventoryPhoto/1601880467WhatsApp_Image_2020-10-05_at_13_41_12.jpeg,inventory/ams/assets/uploads/assetsre/ap/1601880467WhatsApp_Image_2020-10-05_at_13_41_12.jpeg,LT,Aset,Corporate,,65,2020-10-05 13:47:47.000,2020-10-05 13:47:47.000,Warna Hitam
2665,17,00017-FUR-KK-CFS-PTRE-12,00017-FUR-KK-CFS-PTRE-12,287,FUR-KK,151,Tersedia,Bagus,0.0,inventory/ams/inventoryPhoto/1601880571WhatsApp_Image_2020-10-05_at_13_41_12.jpeg,inventory/ams/assets/uploads/assetsre/ap/1601880571WhatsApp_Image_2020-10-05_at_13_41_12.jpeg,LT,Aset,Corporate,,65,2020-10-05 13:49:31.000,2020-10-05 13:49:31.000,Warna Hitam
2666,18,00018-FUR-KK-CFS-PTRE-12,00018-FUR-KK-CFS-PTRE-12,287,FUR-KK,151,Tersedia,Bagus,0.0,inventory/ams/inventoryPhoto/1601880690WhatsApp_Image_2020-10-05_at_13_41_12.jpeg,inventory/ams/assets/uploads/assetsre/ap/1601880690WhatsApp_Image_2020-10-05_at_13_41_12.jpeg,LT,Aset,Corporate,,65,2020-10-05 13:51:30.000,2020-10-05 13:51:30.000,Warna Hitam
2667,19,00019-FUR-KK-CFS-PTRE-12,00019-FUR-KK-CFS-PTRE-12,287,FUR-KK,151,Tersedia,Bagus,0.0,inventory/ams/inventoryPhoto/1601880772WhatsApp_Image_2020-10-05_at_13_41_12.jpeg,inventory/ams/assets/uploads/assetsre/ap/1601880772WhatsApp_Image_2020-10-05_at_13_41_12.jpeg,LT,Aset,Corporate,,65,2020-10-05 13:52:52.000,2020-10-05 13:52:52.000,Warna Hitam
2668,20,00020-FUR-KK-CFS-PTRE-12,00020-FUR-KK-CFS-PTRE-12,287,FUR-KK,151,Tersedia,Bagus,0.0,inventory/ams/inventoryPhoto/1601881230WhatsApp_Image_2020-10-05_at_13_41_12.jpeg,inventory/ams/assets/uploads/assetsre/ap/1601881230WhatsApp_Image_2020-10-05_at_13_41_12.jpeg,LT,Aset,Corporate,,65,2020-10-05 14:00:30.000,2020-10-05 14:00:30.000,Warna Hitam
2669,21,00021-FUR-KK-CFS-PTRE-12,00021-FUR-KK-CFS-PTRE-12,287,FUR-KK,151,Tersedia,Bagus,0.0,inventory/ams/inventoryPhoto/1601881327WhatsApp_Image_2020-10-05_at_13_41_12.jpeg,inventory/ams/assets/uploads/assetsre/ap/1601881327WhatsApp_Image_2020-10-05_at_13_41_12.jpeg,LT,Aset,Corporate,,65,2020-10-05 14:02:07.000,2020-10-05 14:02:07.000,Warna Hitam
2670,22,00022-FUR-KK-CFS-PTRE-14,00022-FUR-KK-CFS-PTRE-14,265,FUR-KK,222,Dipinjam,Bagus,0.0,inventory/ams/inventoryPhoto/1714099628DSC_0011.png,inventory/ams/assets/uploads/assetsre/ap/1714099628DSC_0011.png,LT,Aset,Corporate,10780,65,2026-04-21 10:23:27.000,2026-04-21 10:23:27.000,Warna Hitam
2671,23,00023-FUR-KK-CFS-PTRE-14,00023-FUR-KK-CFS-PTRE-14,291,FUR-KK,88,Tidak Aktif,Bagus,0.0,,,LT,Aset,Corporate,,1,2024-08-07 08:20:05.000,2024-08-07 08:20:05.000,
2672,24,00024-FUR-KK-CFS-PTRE-12,00024-FUR-KK-CFS-PTRE-12,287,FUR-KK,151,Tersedia,Bagus,0.0,inventory/ams/inventoryPhoto/1601881405WhatsApp_Image_2020-10-05_at_13_41_121.jpeg,inventory/ams/assets/uploads/assetsre/ap/1601881405WhatsApp_Image_2020-10-05_at_13_41_121.jpeg,LT,Aset,Corporate,,65,2020-10-05 14:03:25.000,2020-10-05 14:03:25.000,Warna Hitam
2673,25,00025-FUR-KK-CFS-PTRE-12,00025-FUR-KK-CFS-PTRE-12,287,FUR-KK,151,Tersedia,Bagus,0.0,inventory/ams/inventoryPhoto/1601881494WhatsApp_Image_2020-10-05_at_13_41_12.jpeg,inventory/ams/assets/uploads/assetsre/ap/1601881494WhatsApp_Image_2020-10-05_at_13_41_12.jpeg,LT,Aset,Corporate,,65,2020-10-05 14:04:54.000,2020-10-05 14:04:54.000,Warna Hitam
2674,26,00026-FUR-KK-CFS-PTRE-12,00026-FUR-KK-CFS-PTRE-12,287,FUR-KK,151,Tersedia,Bagus,0.0,inventory/ams/inventoryPhoto/1601881581WhatsApp_Image_2020-10-05_at_13_41_12.jpeg,inventory/ams/assets/uploads/assetsre/ap/1601881581WhatsApp_Image_2020-10-05_at_13_41_12.jpeg,LT,Aset,Corporate,,65,2020-10-05 14:06:21.000,2020-10-05 14:06:21.000,Warna Hitam
2675,27,00027-FUR-KK-CFS-PTRE-12,00027-FUR-KK-CFS-PTRE-12,287,FUR-KK,151,Tersedia,Bagus,0.0,inventory/ams/inventoryPhoto/1601881712WhatsApp_Image_2020-10-05_at_13_41_12.jpeg,inventory/ams/assets/uploads/assetsre/ap/1601881712WhatsApp_Image_2020-10-05_at_13_41_12.jpeg,LT,Aset,Corporate,,65,2020-10-05 14:08:32.000,2020-10-05 14:08:32.000,Warna Hitam
2676,28,00028-FUR-KK-CFS-PTRE-12,00028-FUR-KK-CFS-PTRE-12,287,FUR-KK,151,Tersedia,Bagus,0.0,inventory/ams/inventoryPhoto/1601881830WhatsApp_Image_2020-10-05_at_13_41_12.jpeg,inventory/ams/assets/uploads/assetsre/ap/1601881830WhatsApp_Image_2020-10-05_at_13_41_12.jpeg,LT,Aset,Corporate,,65,2020-10-05 14:10:30.000,2020-10-05 14:10:30.000,Warna Hitam
2677,29,00029-FUR-KK-CFS-PTRE-12,00029-FUR-KK-CFS-PTRE-12,287,FUR-KK,151,Tersedia,Bagus,0.0,inventory/ams/inventoryPhoto/1601881904WhatsApp_Image_2020-10-05_at_13_41_12.jpeg,inventory/ams/assets/uploads/assetsre/ap/1601881904WhatsApp_Image_2020-10-05_at_13_41_12.jpeg,LT,Aset,Corporate,,65,2020-10-05 14:11:44.000,2020-10-05 14:11:44.000,Warna Hitam
2678,30,00030-FUR-KK-CFS-PTRE-12,00030-FUR-KK-CFS-PTRE-12,287,FUR-KK,151,Tersedia,Bagus,0.0,inventory/ams/inventoryPhoto/1601881977WhatsApp_Image_2020-10-05_at_13_41_12.jpeg,inventory/ams/assets/uploads/assetsre/ap/1601881977WhatsApp_Image_2020-10-05_at_13_41_12.jpeg,LT,Aset,Corporate,,65,2020-10-05 14:12:57.000,2020-10-05 14:12:57.000,Warna Hitam
2679,31,00031-FUR-KK-CFS-PTRE-12,00031-FUR-KK-CFS-PTRE-12,287,FUR-KK,151,Tersedia,Bagus,0.0,inventory/ams/inventoryPhoto/1601882051WhatsApp_Image_2020-10-05_at_13_41_12.jpeg,inventory/ams/assets/uploads/assetsre/ap/1601882051WhatsApp_Image_2020-10-05_at_13_41_12.jpeg,LT,Aset,Corporate,,65,2020-10-05 14:14:11.000,2020-10-05 14:14:11.000,Warna Hitam
2680,32,00032-FUR-KK-CFS-PTRE-12,00032-FUR-KK-CFS-PTRE-12,287,FUR-KK,151,Tersedia,Bagus,0.0,inventory/ams/inventoryPhoto/1601882126WhatsApp_Image_2020-10-05_at_13_41_12.jpeg,inventory/ams/assets/uploads/assetsre/ap/1601882126WhatsApp_Image_2020-10-05_at_13_41_12.jpeg,LT,Aset,Corporate,,65,2020-10-05 14:15:26.000,2020-10-05 14:15:26.000,Warna Hitam
2681,33,00033-FUR-KK-CFS-PTRE-12,00033-FUR-KK-CFS-PTRE-12,287,FUR-KK,151,Tersedia,Bagus,0.0,inventory/ams/inventoryPhoto/1601882304WhatsApp_Image_2020-10-05_at_13_41_12.jpeg,inventory/ams/assets/uploads/assetsre/ap/1601882304WhatsApp_Image_2020-10-05_at_13_41_12.jpeg,LT,Aset,Corporate,,65,2020-10-05 14:18:24.000,2020-10-05 14:18:24.000,Warna Hitam
2682,34,00034-FUR-KK-CFS-PTRE-12,00034-FUR-KK-CFS-PTRE-12,287,FUR-KK,151,Tersedia,Bagus,0.0,inventory/ams/inventoryPhoto/1601882595WhatsApp_Image_2020-10-05_at_13_41_12.jpeg,inventory/ams/assets/uploads/assetsre/ap/1601882595WhatsApp_Image_2020-10-05_at_13_41_12.jpeg,LT,Aset,Corporate,,65,2020-10-05 14:23:15.000,2020-10-05 14:23:15.000,Warna Hitam
2683,35,00035-FUR-KK-CFS-PTRE-12,00035-FUR-KK-CFS-PTRE-12,287,FUR-KK,151,Tersedia,Bagus,0.0,inventory/ams/inventoryPhoto/1601882838WhatsApp_Image_2020-10-05_at_13_41_12.jpeg,inventory/ams/assets/uploads/assetsre/ap/1601882838WhatsApp_Image_2020-10-05_at_13_41_12.jpeg,LT,Aset,Corporate,,65,2020-10-05 14:27:18.000,2020-10-05 14:27:18.000,Warna Hitam
2684,36,00036-FUR-KK-CFS-PTRE-12,00036-FUR-KK-CFS-PTRE-12,287,FUR-KK,151,Tersedia,Bagus,0.0,inventory/ams/inventoryPhoto/1601882979WhatsApp_Image_2020-10-05_at_13_41_12.jpeg,inventory/ams/assets/uploads/assetsre/ap/1601882979WhatsApp_Image_2020-10-05_at_13_41_12.jpeg,LT,Aset,Corporate,,65,2020-10-05 14:29:39.000,2020-10-05 14:29:39.000,Warna Hitam
2685,37,00037-FUR-KK-CFS-PTRE-12,00037-FUR-KK-CFS-PTRE-12,287,FUR-KK,151,Tersedia,Bagus,0.0,inventory/ams/inventoryPhoto/1601883065WhatsApp_Image_2020-10-05_at_13_41_12.jpeg,inventory/ams/assets/uploads/assetsre/ap/1601883065WhatsApp_Image_2020-10-05_at_13_41_12.jpeg,LT,Aset,Corporate,,65,2020-10-05 14:31:05.000,2020-10-05 14:31:05.000,Warna Hitam
2686,38,00038-FUR-KK-CFS-PTRE-12,00038-FUR-KK-CFS-PTRE-12,287,FUR-KK,151,Tersedia,Bagus,0.0,inventory/ams/inventoryPhoto/1601883141WhatsApp_Image_2020-10-05_at_13_41_12.jpeg,inventory/ams/assets/uploads/assetsre/ap/1601883141WhatsApp_Image_2020-10-05_at_13_41_12.jpeg,LT,Aset,Corporate,,65,2020-10-05 14:32:21.000,2020-10-05 14:32:21.000,Warna Hitam
2687,57,00057-FUR-KK-CFS-PTRE-13,00057-FUR-KK-CFS-PTRE-13,268,FUR-KK,153,Tersedia,Bagus,0.0,inventory/ams/inventoryPhoto/1726197293kursi_cokelat_jaring.jpeg,inventory/ams/assets/uploads/assetsre/ap/1726197293kursi_cokelat_jaring.jpeg,LT,Aset,Corporate,,65,2024-09-13 10:14:53.000,2024-09-13 10:14:53.000,Warna Hitam
2688,59,01905-FUR-KK-CFS-PTRE-14,01905-FUR-KK-CFS-PTRE-14,278,FUR-KK,236,Tersedia,Bagus,0.0,inventory/ams/inventoryPhoto/1709283413WhatsApp_Image_2024-02-28_at_14_18_19.jpeg,inventory/ams/assets/uploads/assetsre/ap/1709283413WhatsApp_Image_2024-02-28_at_14_18_19.jpeg,LT,Aset,Corporate,,65,2024-03-01 15:56:53.000,2024-03-01 15:56:53.000,Warna Hitam Coklat
2689,90,00090-FUR-KK-CFS-PTRE-14,00090-FUR-MK-CFS-PTRE-14,285,FUR-KK,95,Tidak Aktif,Bagus,0.0,,,LT,Aset,Corporate,,1,2024-07-25 14:14:47.000,2024-07-25 14:14:47.000,Warna Coklat
2690,91,00091-FUR-KK-CFS-PTRE-14,00091-FUR-MK-CFS-PTRE-14,285,FUR-KK,95,Tidak Aktif,Bagus,0.0,,,LT,Aset,Corporate,,1,2024-07-25 14:14:54.000,2024-07-25 14:14:54.000,Warna Coklat
2691,92,00092-FUR-KK-CFS-PTRE-14,00092-FUR-MK-CFS-PTRE-14,290,FUR-KK,95,Tidak Aktif,Bagus,0.0,,,LT,Aset,Corporate,,1,2024-07-25 14:15:04.000,2024-07-25 14:15:04.000,
2692,93,00093-FUR-KK-CFS-PTRE-14,00093-FUR-MK-CFS-PTRE-14,290,FUR-KK,95,Tidak Aktif,Bagus,0.0,,,LT,Aset,Corporate,,1,2024-07-25 14:15:11.000,2024-07-25 14:15:11.000,
2693,94,00094-FUR-KK-CFS-PTRE-14,00094-FUR-MK-CFS-PTRE-14,290,FUR-KK,95,Tidak Aktif,Bagus,0.0,,,LT,Aset,Corporate,,1,2024-07-25 14:15:19.000,2024-07-25 14:15:19.000,
2694,95,00095-FUR-KK-CFS-PTRE-14,00095-FUR-KK-CFS-PTRE-14,266,FUR-KK,174,Tidak Aktif,Bagus,0.0,inventory/ams/inventoryPhoto/1739506760kursi_cokelat_jaring.jpeg,inventory/ams/assets/uploads/assetsre/ap/1739506760kursi_cokelat_jaring.jpeg,LT,Aset,Corporate,10604,65,2026-06-07 21:26:46.000,2026-06-07 21:26:46.000,Warna Coklat
2695,96,00096-FUR-KK-CFS-PTRE-13,00096-FUR-KK-CFS-PTRE-13,268,FUR-KK,153,Tersedia,Bagus,0.0,inventory/ams/inventoryPhoto/1726197282kursi_cokelat_jaring.jpeg,inventory/ams/assets/uploads/assetsre/ap/1726197282kursi_cokelat_jaring.jpeg,LT,Aset,Corporate,,65,2024-09-13 10:14:42.000,2024-09-13 10:14:42.000,Warna Hitam
2696,100,00100-FUR-KK-CFS-PTRE-12,00100-FUR-KK-CFS-PTRE-12,287,FUR-KK,151,Tersedia,Bagus,0.0,inventory/ams/inventoryPhoto/1601883303WhatsApp_Image_2020-10-05_at_13_41_12.jpeg,inventory/ams/assets/uploads/assetsre/ap/1601883303WhatsApp_Image_2020-10-05_at_13_41_12.jpeg,LT,Aset,Corporate,,65,2020-10-05 14:35:03.000,2020-10-05 14:35:03.000,Warna Hitam
2697,107,00107-FUR-KK-CFS-PTRE-14,00107-FUR-KK-CFS-PTRE-14,270,FUR-KK,38,Tersedia,Bagus,0.0,,,LT,Aset,Corporate,10780,1,2025-11-18 09:50:22.000,2025-11-18 09:50:22.000,Warna Cream
2698,108,00108-FUR-KK-CFS-PTRE-14,00108-FUR-KK-CFS-PTRE-14,270,FUR-KK,38,Tersedia,Bagus,0.0,,,LT,Aset,Corporate,10780,1,2025-11-18 09:49:59.000,2025-11-18 09:49:59.000,Warna Cream
2699,109,00109-FUR-KK-CFS-PTRE-14,00109-FUR-KK-CFS-PTRE-14,270,FUR-KK,38,Tersedia,Bagus,0.0,,,LT,Aset,Corporate,10780,1,2025-11-18 09:49:50.000,2025-11-18 09:49:50.000,Warna Cream
2700,110,00110-FUR-KK-CFS-PTRE-14,00110-FUR-KK-CFS-PTRE-14,270,FUR-KK,38,Tersedia,Bagus,0.0,,,LT,Aset,Corporate,10780,1,2025-11-18 09:49:34.000,2025-11-18 09:49:34.000,Warna Cream
2701,115,00115-FUR-KK-CFS-PTRE-14,00115-FUR-KK-CFS-PTRE-14,265,FUR-KK,222,Dipinjam,Bagus,0.0,inventory/ams/inventoryPhoto/17140996711.png,inventory/ams/assets/uploads/assetsre/ap/17140996711.png,LT,Aset,Corporate,10780,65,2026-04-21 10:23:18.000,2026-04-21 10:23:18.000,Warna Hitam
2702,117,00117-FUR-KK-CFS-PTRE-13,00117-FUR-KK-CFS-PTRE-13,268,FUR-KK,121,Tidak Aktif,Bagus,0.0,inventory/ams/inventoryPhoto/1603175999LACI_KERJA.jpg,inventory/ams/assets/uploads/assetsre/ap/1603175999LACI_KERJA.jpg,LT,Aset,Corporate,,65,2024-07-26 15:34:21.000,2024-07-26 15:34:21.000,Warna Hitam
2703,130,00130-FUR-KK-CFS-PTRE-14,00130-ACC-TS-CFS-PTRE-14,265,FUR-KK,222,Dipinjam,Bagus,0.0,inventory/ams/inventoryPhoto/1714099708DSC_0011.png,inventory/ams/assets/uploads/assetsre/ap/1714099708DSC_0011.png,LT,Aset,Corporate,10780,65,2026-04-21 10:23:10.000,2026-04-21 10:23:10.000,Warna Hitam
2704,131,00131-FUR-KK-CFS-PTRE-14,00131-FUR-KK-CFS-PTRE-14,265,FUR-KK,222,Dipinjam,Bagus,0.0,inventory/ams/inventoryPhoto/1747970725Kursi_Savello_Jaring.jpeg,inventory/ams/assets/uploads/assetsre/ap/1747970725Kursi_Savello_Jaring.jpeg,LT,Aset,Corporate,,65,2025-05-23 10:25:25.000,2025-05-23 10:25:25.000,Warna Hitam
2705,132,00132-FUR-KK-CFS-PTRE-13,00132-FUR-KK-CFS-PTRE-13,268,FUR-KK,121,Tidak Aktif,Bagus,0.0,inventory/ams/inventoryPhoto/1603175841KURSI_JARING_HITAM_SAVELLO.jpg,inventory/ams/assets/uploads/assetsre/ap/1603175841KURSI_JARING_HITAM_SAVELLO.jpg,LT,Aset,Corporate,,65,2024-07-26 15:34:38.000,2024-07-26 15:34:38.000,Warna Hitam
2706,135,00135-FUR-KK-CFS-PTRE-13,00135-FUR-LK-CFS-PTRE-13,268,FUR-KK,121,Tidak Aktif,Bagus,0.0,inventory/ams/inventoryPhoto/1603175915KURSI_JARING_HITAM_SAVELLO.jpg,inventory/ams/assets/uploads/assetsre/ap/1603175915KURSI_JARING_HITAM_SAVELLO.jpg,LT,Aset,Corporate,,65,2024-07-26 15:34:29.000,2024-07-26 15:34:29.000,Warna Hitam
2707,141,00141-FUR-KK-CFS-PTRE-14,00141-FUR-KK-CFS-PTRE-14,272,FUR-KK,222,Tersedia,Bagus,0.0,inventory/ams/inventoryPhoto/1714099850DSC_0007.png,inventory/ams/assets/uploads/assetsre/ap/1714099850DSC_0007.png,LT,Aset,Corporate,10780,65,2026-04-21 10:22:51.000,2026-04-21 10:22:51.000,Warna Coklat
2708,150,00150-FUR-KK-CFS-PTRE-14,00150-FUR-KK-CFS-PTRE-14,268,FUR-KK,139,Tidak Aktif,Bagus,0.0,inventory/ams/inventoryPhoto/1712299136WhatsApp_Image_2024-02-28_at_14_29_47.jpeg,inventory/ams/assets/uploads/assetsre/ap/1712299136WhatsApp_Image_2024-02-28_at_14_29_47.jpeg,LT,Aset,Corporate,,65,2024-04-05 13:38:56.000,2024-04-05 13:38:56.000,Warna Hitam
2709,153,00153-FUR-KK-CFS-PTRE-13,00153-FUR-KK-CFS-PTRE-13,268,FUR-KK,121,Tidak Aktif,Bagus,0.0,inventory/ams/inventoryPhoto/1603178032KURSI_JARING_HITAM_SAVELLO.jpg,inventory/ams/assets/uploads/assetsre/ap/1603178032KURSI_JARING_HITAM_SAVELLO.jpg,LT,Aset,Corporate,,65,2024-07-26 15:34:45.000,2024-07-26 15:34:45.000,Warna Hitam
2710,155,00155-FUR-KK-CFS-PTRE-13,00155-FUR-KK-CFS-PTRE-13,265,FUR-KK,165,Tidak Aktif,Bagus,0.0,inventory/ams/inventoryPhoto/1602743026Kursi_Kerja_Hitam.jpg,inventory/ams/assets/uploads/assetsre/ap/1602743026Kursi_Kerja_Hitam.jpg,LT,Aset,Corporate,,65,2024-07-31 14:43:10.000,2024-07-31 14:43:10.000,Warna Hitam
2711,157,00157-FUR-KK-CFS-PTRE-14,00157-FUR-KK-CFS-PTRE-14,285,FUR-KK,103,Tidak Aktif,Bagus,0.0,,,LT,Aset,Corporate,,1,2024-07-26 09:39:00.000,2024-07-26 09:39:00.000,Warna Coklat
2712,158,00158-FUR-KK-CFS-PTRE-14,00158-FUR-KK-CFS-PTRE-14,285,FUR-KK,103,Tidak Aktif,Bagus,0.0,,,LT,Aset,Corporate,,1,2024-07-26 09:39:19.000,2024-07-26 09:39:19.000,Warna Coklat
2713,159,00159-FUR-KK-CFS-PTRE-14,00159-FUR-KK-CFS-PTRE-14,268,FUR-KK,165,Tidak Aktif,Bagus,0.0,inventory/ams/inventoryPhoto/1603352082KURSI_JARING_HITAM_SAVELLO.jpg,inventory/ams/assets/uploads/assetsre/ap/1603352082KURSI_JARING_HITAM_SAVELLO.jpg,LT,Aset,Corporate,,65,2024-07-31 14:43:02.000,2024-07-31 14:43:02.000,Warna Hitam
2714,162,00162-FUR-KK-CFS-PTRE-13,00162-FUR-KK-CFS-PTRE-13,268,FUR-KK,120,Tidak Aktif,Bagus,0.0,inventory/ams/inventoryPhoto/1603176943KURSI_JARING_HITAM_SAVELLO.jpg,inventory/ams/assets/uploads/assetsre/ap/1603176943KURSI_JARING_HITAM_SAVELLO.jpg,LT,Aset,Corporate,,65,2024-07-26 14:50:47.000,2024-07-26 14:50:47.000,Warna Hitam
2715,165,00165-FUR-KK-CFS-PTRE-13,00165-FUR-KK-CFS-PTRE-13,268,FUR-KK,121,Tidak Aktif,Bagus,0.0,inventory/ams/inventoryPhoto/1603176581KURSI_JARING_HITAM_SAVELLO.jpg,inventory/ams/assets/uploads/assetsre/ap/1603176581KURSI_JARING_HITAM_SAVELLO.jpg,LT,Aset,Corporate,,65,2024-07-26 15:35:11.000,2024-07-26 15:35:11.000,Warna Hitam
2716,166,00166-FUR-KK-CFS-PTRE-13,00166-FUR-KK-CFS-PTRE-13,268,FUR-KK,121,Tidak Aktif,Bagus,0.0,inventory/ams/inventoryPhoto/1603177801KURSI_JARING_HITAM_SAVELLO.jpg,inventory/ams/assets/uploads/assetsre/ap/1603177801KURSI_JARING_HITAM_SAVELLO.jpg,LT,Aset,Corporate,,65,2024-07-26 15:34:51.000,2024-07-26 15:34:51.000,Warna Hitam
2717,168,00168-FUR-KK-CFS-PTRE-13,00168-FUR-KK-CFS-PTRE-13,268,FUR-KK,121,Tidak Aktif,Bagus,0.0,inventory/ams/inventoryPhoto/1603177642KURSI_JARING_HITAM_SAVELLO.jpg,inventory/ams/assets/uploads/assetsre/ap/1603177642KURSI_JARING_HITAM_SAVELLO.jpg,LT,Aset,Corporate,,65,2024-07-26 15:34:57.000,2024-07-26 15:34:57.000,Warna Hitam
2718,170,00170-FUR-KK-CFS-PTRE-13,00170-FUR-KK-CFS-PTRE-13,268,FUR-KK,121,Tidak Aktif,Bagus,0.0,inventory/ams/inventoryPhoto/1603176455KURSI_JARING_HITAM_SAVELLO.jpg,inventory/ams/assets/uploads/assetsre/ap/1603176455KURSI_JARING_HITAM_SAVELLO.jpg,LT,Aset,Corporate,,65,2024-07-26 15:35:05.000,2024-07-26 15:35:05.000,Warna Hitam
2719,171,00171-FUR-KK-CFS-PTRE-13,00171-FUR-KK-CFS-PTRE-13,268,FUR-KK,153,Tersedia,Bagus,0.0,inventory/ams/inventoryPhoto/1601862789Kursi_Kerja_Hitam.jpg,inventory/ams/assets/uploads/assetsre/ap/1601862789Kursi_Kerja_Hitam.jpg,LT,Aset,Corporate,,65,2020-10-05 08:53:09.000,2020-10-05 08:53:09.000,Warna Hitam
2720,173,00173-FUR-KK-CFS-PTRE-13,00173-FUR-KK-CFS-PTRE-13,268,FUR-KK,121,Tidak Aktif,Bagus,0.0,inventory/ams/inventoryPhoto/1603178119KURSI_JARING_HITAM_SAVELLO.jpg,inventory/ams/assets/uploads/assetsre/ap/1603178119KURSI_JARING_HITAM_SAVELLO.jpg,LT,Aset,Corporate,,65,2024-07-26 15:35:40.000,2024-07-26 15:35:40.000,Warna Hitam
2721,174,00174-FUR-KK-CFS-PTRE-13,00174-FUR-KK-CFS-PTRE-13,268,FUR-KK,121,Tidak Aktif,Bagus,0.0,inventory/ams/inventoryPhoto/1603177138KURSI_JARING_HITAM_SAVELLO.jpg,inventory/ams/assets/uploads/assetsre/ap/1603177138KURSI_JARING_HITAM_SAVELLO.jpg,LT,Aset,Corporate,,65,2024-07-26 15:35:47.000,2024-07-26 15:35:47.000,Warna Hitam
2722,175,00175-FUR-KK-CFS-PTRE-13,00175-FUR-KK-CFS-PTRE-13,268,FUR-KK,121,Tidak Aktif,Bagus,0.0,inventory/ams/inventoryPhoto/1603177351KURSI_JARING_HITAM_SAVELLO.jpg,inventory/ams/assets/uploads/assetsre/ap/1603177351KURSI_JARING_HITAM_SAVELLO.jpg,LT,Aset,Corporate,,65,2024-07-26 15:35:24.000,2024-07-26 15:35:24.000,Warna Hitam
2723,178,00178-FUR-KK-CFS-PTRE-13,00178-FUR-KK-CFS-PTRE-13,268,FUR-KK,121,Tidak Aktif,Bagus,0.0,inventory/ams/inventoryPhoto/1603176801KURSI_JARING_HITAM_SAVELLO.jpg,inventory/ams/assets/uploads/assetsre/ap/1603176801KURSI_JARING_HITAM_SAVELLO.jpg,LT,Aset,Corporate,,65,2024-07-26 15:37:48.000,2024-07-26 15:37:48.000,Warna Hitam
2724,179,00179-FUR-KK-CFS-PTRE-13,00179-FUR-KK-CFS-PTRE-13,268,FUR-KK,108,Tidak Aktif,Bagus,0.0,inventory/ams/inventoryPhoto/1603177075KURSI_JARING_HITAM_SAVELLO.jpg,inventory/ams/assets/uploads/assetsre/ap/1603177075KURSI_JARING_HITAM_SAVELLO.jpg,LT,Aset,Corporate,,65,2024-07-26 09:45:28.000,2024-07-26 09:45:28.000,Warna Hitam
2725,180,00180-FUR-KK-CFS-PTRE-13,00180-FUR-KK-CFS-PTRE-13,268,FUR-KK,121,Tidak Aktif,Bagus,0.0,inventory/ams/inventoryPhoto/1603177281KURSI_JARING_HITAM_SAVELLO.jpg,inventory/ams/assets/uploads/assetsre/ap/1603177281KURSI_JARING_HITAM_SAVELLO.jpg,LT,Aset,Corporate,,65,2024-07-26 15:35:54.000,2024-07-26 15:35:54.000,Warna Hitam
2726,181,00181-FUR-KK-CFS-PTRE-13,00181-FUR-KK-CFS-PTRE-13,268,FUR-KK,121,Tidak Aktif,Bagus,0.0,inventory/ams/inventoryPhoto/1603176868KURSI_JARING_HITAM_SAVELLO.jpg,inventory/ams/assets/uploads/assetsre/ap/1603176868KURSI_JARING_HITAM_SAVELLO.jpg,LT,Aset,Corporate,,65,2024-07-26 15:36:07.000,2024-07-26 15:36:07.000,Warna Hitam
2727,182,00182-FUR-KK-CFS-PTRE-13,00182-FUR-KK-CFS-PTRE-13,268,FUR-KK,120,Tidak Aktif,Bagus,0.0,inventory/ams/inventoryPhoto/1603176295KURSI_JARING_HITAM_SAVELLO.jpg,inventory/ams/assets/uploads/assetsre/ap/1603176295KURSI_JARING_HITAM_SAVELLO.jpg,LT,Aset,Corporate,,65,2024-07-26 14:50:55.000,2024-07-26 14:50:55.000,Warna Hitam
2728,184,00184-FUR-KK-CFS-PTRE-13,00184-FUR-KK-CFS-PTRE-13,268,FUR-KK,121,Tidak Aktif,Bagus,0.0,inventory/ams/inventoryPhoto/1603177217KURSI_JARING_HITAM_SAVELLO.jpg,inventory/ams/assets/uploads/assetsre/ap/1603177217KURSI_JARING_HITAM_SAVELLO.jpg,LT,Aset,Corporate,,65,2024-07-26 15:36:00.000,2024-07-26 15:36:00.000,Warna Hitam
2729,186,00186-FUR-KK-CFS-PTRE-13,00186-FUR-KK-CFS-PTRE-13,265,FUR-KK,121,Tidak Aktif,Bagus,0.0,inventory/ams/inventoryPhoto/1603177503KURSI_JARING_HITAM_SAVELLO.jpg,inventory/ams/assets/uploads/assetsre/ap/1603177503KURSI_JARING_HITAM_SAVELLO.jpg,LT,Aset,Corporate,10780,65,2026-06-07 17:59:58.000,2026-06-07 17:59:58.000,Warna Hitam
2730,187,00187-FUR-KK-CFS-PTRE-13,00187-FUR-KK-CFS-PTRE-13,265,FUR-KK,121,Tidak Aktif,Bagus,0.0,inventory/ams/inventoryPhoto/1603177718KURSI_JARING_HITAM_SAVELLO.jpg,inventory/ams/assets/uploads/assetsre/ap/1603177718KURSI_JARING_HITAM_SAVELLO.jpg,LT,Aset,Corporate,10780,65,2026-06-07 18:00:07.000,2026-06-07 18:00:07.000,Warna Hitam
2731,188,00188-FUR-KK-CFS-PTRE-13,00188-FUR-KK-CFS-PTRE-13,265,FUR-KK,121,Tidak Aktif,Bagus,0.0,inventory/ams/inventoryPhoto/1603176090KURSI_JARING_HITAM_SAVELLO.jpg,inventory/ams/assets/uploads/assetsre/ap/1603176090KURSI_JARING_HITAM_SAVELLO.jpg,LT,Aset,Corporate,10780,65,2026-06-07 18:00:19.000,2026-06-07 18:00:19.000,Warna Hitam
2732,189,00189-FUR-KK-CFS-PTRE-13,00189-FUR-KK-CFS-PTRE-13,265,FUR-KK,121,Tidak Aktif,Bagus,0.0,inventory/ams/inventoryPhoto/1603176512KURSI_JARING_HITAM_SAVELLO.jpg,inventory/ams/assets/uploads/assetsre/ap/1603176512KURSI_JARING_HITAM_SAVELLO.jpg,LT,Aset,Corporate,10780,65,2026-06-07 18:00:31.000,2026-06-07 18:00:31.000,Warna Hitam
2733,191,00191-FUR-KK-CFS-PTRE-13,00191-FUR-KK-CFS-PTRE-13,265,FUR-KK,121,Tidak Aktif,Bagus,0.0,inventory/ams/inventoryPhoto/1726197355kursi_cokelat_jaring.jpeg,inventory/ams/assets/uploads/assetsre/ap/1726197355kursi_cokelat_jaring.jpeg,LT,Aset,Corporate,10780,65,2026-06-07 18:01:11.000,2026-06-07 18:01:11.000,Warna Hitam
2734,193,00193-FUR-KK-CFS-PTRE-13,00193-FUR-KK-CFS-PTRE-13,268,FUR-KK,120,Tidak Aktif,Bagus,0.0,inventory/ams/inventoryPhoto/1603175675KURSI_JARING_HITAM_SAVELLO.jpg,inventory/ams/assets/uploads/assetsre/ap/1603175675KURSI_JARING_HITAM_SAVELLO.jpg,LT,Aset,Corporate,,65,2024-07-26 14:51:04.000,2024-07-26 14:51:04.000,Warna Hitam
2735,195,00195-FUR-KK-CFS-PTRE-13,00195-FUR-KK-CFS-PTRE-13,268,FUR-KK,120,Tidak Aktif,Bagus,0.0,inventory/ams/inventoryPhoto/1603175763KURSI_JARING_HITAM_SAVELLO.jpg,inventory/ams/assets/uploads/assetsre/ap/1603175763KURSI_JARING_HITAM_SAVELLO.jpg,LT,Aset,Corporate,,65,2024-07-26 14:51:11.000,2024-07-26 14:51:11.000,Warna Hitam
2736,196,00196-FUR-KK-CFS-PTRE-13,00196-FUR-KK-CFS-PTRE-13,265,FUR-KK,121,Tidak Aktif,Bagus,0.0,inventory/ams/inventoryPhoto/1603176729KURSI_JARING_HITAM_SAVELLO.jpg,inventory/ams/assets/uploads/assetsre/ap/1603176729KURSI_JARING_HITAM_SAVELLO.jpg,LT,Aset,Corporate,10780,65,2026-06-07 18:01:20.000,2026-06-07 18:01:20.000,Warna Hitam
2737,197,00197-FUR-KK-CFS-PTRE-13,00197-FUR-KK-CFS-PTRE-13,268,FUR-KK,120,Tidak Aktif,Bagus,0.0,inventory/ams/inventoryPhoto/1603177008KURSI_JARING_HITAM_SAVELLO.jpg,inventory/ams/assets/uploads/assetsre/ap/1603177008KURSI_JARING_HITAM_SAVELLO.jpg,LT,Aset,Corporate,,65,2024-07-26 14:51:19.000,2024-07-26 14:51:19.000,Warna Hitam
2738,198,00198-FUR-KK-CFS-PTRE-13,00198-FUR-KK-CFS-PTRE-13,268,FUR-KK,38,Tidak Aktif,Bagus,0.0,inventory/ams/inventoryPhoto/1603176373KURSI_JARING_HITAM_SAVELLO.jpg,inventory/ams/assets/uploads/assetsre/ap/1603176373KURSI_JARING_HITAM_SAVELLO.jpg,LT,Aset,Corporate,,65,2024-07-26 09:59:57.000,2024-07-26 09:59:57.000,Warna Hitam
2739,199,00199-FUR-KK-CFS-PTRE-13,00199-FUR-KK-CFS-PTRE-13,268,FUR-KK,38,Tidak Aktif,Bagus,0.0,inventory/ams/inventoryPhoto/1603177438KURSI_JARING_HITAM_SAVELLO.jpg,inventory/ams/assets/uploads/assetsre/ap/1603177438KURSI_JARING_HITAM_SAVELLO.jpg,LT,Aset,Corporate,,65,2024-07-26 09:59:50.000,2024-07-26 09:59:50.000,Warna Hitam
2740,200,00200-FUR-KK-CFS-PTRE-14,00200-FUR-KK-CFS-PTRE-14,270,FUR-KK,38,Tidak Aktif,Bagus,0.0,,,LT,Aset,Corporate,,65,2024-07-26 09:59:41.000,2024-07-26 09:59:41.000,Warna Cream
2741,201,00201-FUR-KK-CFS-PTRE-14,00201-FUR-KK-CFS-PTRE-14,270,FUR-KK,38,Tidak Aktif,Bagus,0.0,,,LT,Aset,Corporate,,65,2024-07-26 09:59:34.000,2024-07-26 09:59:34.000,Warna Cream
2742,202,00202-FUR-KK-CFS-PTRE-14,00202-FUR-KK-CFS-PTRE-14,268,FUR-KK,192,Tidak Aktif,Bagus,0.0,inventory/ams/inventoryPhoto/1601624488Kursi_Kerja_Hitam.jpg,inventory/ams/assets/uploads/assetsre/ap/1601624488Kursi_Kerja_Hitam.jpg,LT,Inventaris,Corporate,,65,2024-02-28 11:23:21.000,2024-02-28 11:23:21.000,Warna Hitam
2743,203,00203-FUR-KK-CFS-PTRE-14,00203-FUR-KK-CFS-PTRE-14,268,FUR-KK,192,Tidak Aktif,Bagus,0.0,inventory/ams/inventoryPhoto/1601622936Kursi_Kerja_Hitam.jpg,inventory/ams/assets/uploads/assetsre/ap/1601622936Kursi_Kerja_Hitam.jpg,LT,Inventaris,Corporate,,65,2024-02-28 11:21:37.000,2024-02-28 11:21:37.000,Warna Hitam
2744,204,00204-FUR-KK-CFS-PTRE-14,00204-FUR-KK-CFS-PTRE-14,268,FUR-KK,192,Tidak Aktif,Bagus,0.0,,,LT,Inventaris,Corporate,,65,2024-02-28 11:21:27.000,2024-02-28 11:21:27.000,Warna Hitam
2745,205,00205-FUR-KK-CFS-PTRE-14,00205-FUR-KK-CFS-PTRE-14,268,FUR-KK,192,Tidak Aktif,Bagus,0.0,inventory/ams/inventoryPhoto/1601604171kusi_kerja_hitam.jpeg,inventory/ams/assets/uploads/assetsre/ap/1601604171kusi_kerja_hitam.jpeg,LT,Inventaris,Corporate,,65,2024-02-28 11:21:15.000,2024-02-28 11:21:15.000,Warna Hitam
2746,206,00206-FUR-KK-CFS-PTRE-14,00206-FUR-KK-CFS-PTRE-14,268,FUR-KK,192,Tidak Aktif,Bagus,0.0,inventory/ams/inventoryPhoto/1601624607Kursi_Kerja_Hitam.jpg,inventory/ams/assets/uploads/assetsre/ap/1601624607Kursi_Kerja_Hitam.jpg,LT,Inventaris,Corporate,,65,2024-02-28 11:21:05.000,2024-02-28 11:21:05.000,Warna Hitam
2747,207,00207-FUR-KK-CFS-PTRE-14,00207-FUR-KK-CFS-PTRE-14,270,FUR-KK,38,Tidak Aktif,Bagus,0.0,,,LT,Aset,Corporate,,65,2024-07-26 09:59:26.000,2024-07-26 09:59:26.000,Warna Cream
2748,208,00208-FUR-KK-CFS-PTRE-14,00208-FUR-KK-CFS-PTRE-14,268,FUR-KK,192,Tidak Aktif,Bagus,0.0,inventory/ams/inventoryPhoto/1601622139Kursi_Kerja_Hitam.jpg,inventory/ams/assets/uploads/assetsre/ap/1601622139Kursi_Kerja_Hitam.jpg,LT,Inventaris,Corporate,,65,2024-02-28 11:20:56.000,2024-02-28 11:20:56.000,Warna Hitam
2749,209,00209-FUR-KK-CFS-PTRE-14,00209-FUR-KK-CFS-PTRE-14,268,FUR-KK,192,Tidak Aktif,Bagus,0.0,inventory/ams/inventoryPhoto/1601622544Kursi_Kerja_Hitam.jpg,inventory/ams/assets/uploads/assetsre/ap/1601622544Kursi_Kerja_Hitam.jpg,LT,Inventaris,Corporate,,65,2024-02-28 11:20:47.000,2024-02-28 11:20:47.000,Warna Hitam
2750,210,00210-FUR-KK-CFS-PTRE-14,00210-FUR-KK-CFS-PTRE-14,268,FUR-KK,192,Tidak Aktif,Bagus,0.0,inventory/ams/inventoryPhoto/1601622863Kursi_Kerja_Hitam.jpg,inventory/ams/assets/uploads/assetsre/ap/1601622863Kursi_Kerja_Hitam.jpg,LT,Inventaris,Corporate,,65,2024-02-28 11:20:39.000,2024-02-28 11:20:39.000,Warna Hitam
2751,211,00211-FUR-KK-CFS-PTRE-14,00211-FUR-KK-CFS-PTRE-14,268,FUR-KK,192,Tidak Aktif,Bagus,0.0,inventory/ams/inventoryPhoto/1601621852Kursi_Kerja_Hitam.jpg,inventory/ams/assets/uploads/assetsre/ap/1601621852Kursi_Kerja_Hitam.jpg,LT,Inventaris,Corporate,,65,2024-02-28 11:20:31.000,2024-02-28 11:20:31.000,Warna Hitam
2752,212,00212-FUR-KK-CFS-PTRE-14,00212-FUR-KK-CFS-PTRE-14,268,FUR-KK,192,Tidak Aktif,Bagus,0.0,inventory/ams/inventoryPhoto/1601622724Kursi_Kerja_Hitam.jpg,inventory/ams/assets/uploads/assetsre/ap/1601622724Kursi_Kerja_Hitam.jpg,LT,Inventaris,Corporate,,65,2024-02-28 11:20:20.000,2024-02-28 11:20:20.000,Warna Hitam
2753,213,00213-FUR-KK-CFS-PTRE-14,00213-FUR-KK--CFS-PTRE-14,268,FUR-KK,192,Tidak Aktif,Bagus,0.0,inventory/ams/inventoryPhoto/1601622266Kursi_Kerja_Hitam.jpg,inventory/ams/assets/uploads/assetsre/ap/1601622266Kursi_Kerja_Hitam.jpg,LT,Inventaris,Corporate,,65,2024-02-28 11:20:10.000,2024-02-28 11:20:10.000,Warna Hitam
2754,215,00215-FUR-KK-CFS-PTRE-14,00215-FUR-KK-CFS-PTRE-14,294,FUR-KK,192,Tidak Aktif,Bagus,0.0,,,LT,Inventaris,Corporate,,65,2024-02-28 11:20:01.000,2024-02-28 11:20:01.000,Warna Putih
2755,216,00216-FUR-KK-CFS-PTRE-14,00216-FUR-KK-CFS-PTRE-14,268,FUR-KK,192,Tidak Aktif,Bagus,0.0,inventory/ams/inventoryPhoto/1601621453Kursi_Kerja_Hitam.jpg,inventory/ams/assets/uploads/assetsre/ap/1601621453Kursi_Kerja_Hitam.jpg,LT,Inventaris,Corporate,,65,2024-02-28 11:19:53.000,2024-02-28 11:19:53.000,Warna Hitam
2756,217,00217-FUR-KK-CFS-PTRE-14,00217-FUR-KK-CFS-PTRE-14,268,FUR-KK,192,Tidak Aktif,Bagus,0.0,inventory/ams/inventoryPhoto/1601606032Kursi_Kerja_Hitam.jpg,inventory/ams/assets/uploads/assetsre/ap/1601606032Kursi_Kerja_Hitam.jpg,LT,Inventaris,Corporate,,65,2024-02-28 11:53:03.000,2024-02-28 11:53:03.000,Warna Hitam
2757,218,00218-FUR-KK-CFS-PTRE-14,00218-FUR-KK-CFS-PTRE-14,268,FUR-KK,192,Tidak Aktif,Bagus,0.0,inventory/ams/inventoryPhoto/1601606266Kursi_Kerja_Hitam.jpg,inventory/ams/assets/uploads/assetsre/ap/1601606266Kursi_Kerja_Hitam.jpg,LT,Inventaris,Corporate,,65,2024-02-28 11:52:54.000,2024-02-28 11:52:54.000,Warna Hitam
2758,220,00220-FUR-KK-CFS-PTRE-14,00220-FUR-KK-CFS-PTRE-14,268,FUR-KK,192,Tidak Aktif,Bagus,0.0,inventory/ams/inventoryPhoto/1601622062Kursi_Kerja_Hitam.jpg,inventory/ams/assets/uploads/assetsre/ap/1601622062Kursi_Kerja_Hitam.jpg,LT,Inventaris,Corporate,,65,2024-02-28 11:52:37.000,2024-02-28 11:52:37.000,Warna Hitam
2759,221,00221-FUR-KK-CFS-PTRE-14,00221-FUR-KK-CFS-PTRE-14,268,FUR-KK,192,Tidak Aktif,Bagus,0.0,inventory/ams/inventoryPhoto/1601624546Kursi_Kerja_Hitam.jpg,inventory/ams/assets/uploads/assetsre/ap/1601624546Kursi_Kerja_Hitam.jpg,LT,Inventaris,Corporate,,65,2024-02-28 11:52:27.000,2024-02-28 11:52:27.000,Warna Hitam
2760,222,00222-FUR-KK-CFS-PTRE-14,00222-FUR-KK-CFS-PTRE-14,268,FUR-KK,192,Tidak Aktif,Bagus,0.0,inventory/ams/inventoryPhoto/1601623082Kursi_Kerja_Hitam.jpg,inventory/ams/assets/uploads/assetsre/ap/1601623082Kursi_Kerja_Hitam.jpg,LT,Inventaris,Corporate,,65,2024-02-28 11:52:19.000,2024-02-28 11:52:19.000,Warna Hitam
2761,223,00223-FUR-KK-CFS-PTRE-14,00223-FUR-KK-CFS-PTRE-14,268,FUR-KK,192,Tidak Aktif,Bagus,0.0,inventory/ams/inventoryPhoto/1601604512kusi_kerja_hitam.jpeg,inventory/ams/assets/uploads/assetsre/ap/1601604512kusi_kerja_hitam.jpeg,LT,Inventaris,Corporate,,65,2024-02-28 11:52:10.000,2024-02-28 11:52:10.000,Warna Hitam
2762,224,00224-FUR-KK-CFS-PTRE-14,00224-FUR-KK-CFS-PTRE-14,268,FUR-KK,192,Tidak Aktif,Bagus,0.0,inventory/ams/inventoryPhoto/1601622639Kursi_Kerja_Hitam.jpg,inventory/ams/assets/uploads/assetsre/ap/1601622639Kursi_Kerja_Hitam.jpg,LT,Inventaris,Corporate,,65,2024-02-28 11:52:01.000,2024-02-28 11:52:01.000,Warna Hitam
2763,225,00225-FUR-KK-CFS-PTRE-14,00225-FUR-KK-CFS-PTRE-14,268,FUR-KK,192,Tidak Aktif,Bagus,0.0,inventory/ams/inventoryPhoto/1601621643Kursi_Kerja_Hitam.jpg,inventory/ams/assets/uploads/assetsre/ap/1601621643Kursi_Kerja_Hitam.jpg,LT,Inventaris,Corporate,,65,2024-02-28 11:51:53.000,2024-02-28 11:51:53.000,Warna Hitam
2764,226,00226-FUR-KK-CFS-PTRE-14,00226-FUR-KK-CFS-PTRE-14,268,FUR-KK,192,Tidak Aktif,Bagus,0.0,inventory/ams/inventoryPhoto/1601623911Kursi_Kerja_Hitam.jpg,inventory/ams/assets/uploads/assetsre/ap/1601623911Kursi_Kerja_Hitam.jpg,LT,Inventaris,Corporate,,65,2024-02-28 11:51:46.000,2024-02-28 11:51:46.000,Warna Hitam
2765,227,00227-FUR-KK-CFS-PTRE-14,00227-FUR-KK-CFS-PTRE-14,268,FUR-KK,192,Tidak Aktif,Bagus,0.0,inventory/ams/inventoryPhoto/1601623395Kursi_Kerja_Hitam.jpg,inventory/ams/assets/uploads/assetsre/ap/1601623395Kursi_Kerja_Hitam.jpg,LT,Inventaris,Corporate,,65,2024-02-28 11:51:38.000,2024-02-28 11:51:38.000,Warna Hitam
2766,228,00228-FUR-KK-CFS-PTRE-14,00228-FUR-KK-CFS-PTRE-14,296,FUR-KK,112,Tidak Aktif,Bagus,0.0,,,LT,Aset,Corporate,,1,2024-07-29 11:39:17.000,2024-07-29 11:39:17.000,Warna Hitam
2767,229,00229-FUR-KK-CFS-PTRE-14,00229-FUR-KK-CFS-PTRE-14,268,FUR-KK,192,Tidak Aktif,Bagus,0.0,inventory/ams/inventoryPhoto/1601622354Kursi_Kerja_Hitam.jpg,inventory/ams/assets/uploads/assetsre/ap/1601622354Kursi_Kerja_Hitam.jpg,LT,Inventaris,Corporate,,65,2024-02-28 11:51:29.000,2024-02-28 11:51:29.000,Warna Hitam
2768,230,00230-FUR-KK-CFS-PTRE-14,00230-FUR-KK-CFS-PTRE-14,268,FUR-KK,192,Tidak Aktif,Bagus,0.0,inventory/ams/inventoryPhoto/1601623205Kursi_Kerja_Hitam.jpg,inventory/ams/assets/uploads/assetsre/ap/1601623205Kursi_Kerja_Hitam.jpg,LT,Inventaris,Corporate,,65,2024-02-28 11:51:21.000,2024-02-28 11:51:21.000,Warna Hitam
2769,231,00231-FUR-KK-CFS-PTRE-14,00231-FUR-KK-CFS-PTRE-14,268,FUR-KK,192,Tidak Aktif,Bagus,0.0,inventory/ams/inventoryPhoto/1601623020Kursi_Kerja_Hitam.jpg,inventory/ams/assets/uploads/assetsre/ap/1601623020Kursi_Kerja_Hitam.jpg,LT,Inventaris,Corporate,,65,2024-02-28 11:51:10.000,2024-02-28 11:51:10.000,Warna Hitam
2770,232,00232-FUR-KK-CFS-PTRE-14,00232-FUR-KK-CFS-PTRE-14,268,FUR-KK,192,Tidak Aktif,Bagus,0.0,inventory/ams/inventoryPhoto/1601621776Kursi_Kerja_Hitam.jpg,inventory/ams/assets/uploads/assetsre/ap/1601621776Kursi_Kerja_Hitam.jpg,LT,Inventaris,Corporate,,65,2024-02-28 11:51:01.000,2024-02-28 11:51:01.000,Warna Hitam
2771,233,00233-FUR-KK-CFS-PTRE-14,00233-ACC-PH-CFS-PTRE-14,268,FUR-KK,192,Tidak Aktif,Bagus,0.0,inventory/ams/inventoryPhoto/1601606423Kursi_Kerja_Hitam.jpg,inventory/ams/assets/uploads/assetsre/ap/1601606423Kursi_Kerja_Hitam.jpg,LT,Inventaris,Corporate,,65,2024-02-28 11:50:52.000,2024-02-28 11:50:52.000,Warna Hitam
2772,234,00234-FUR-KK-CFS-PTRE-14,00234-FUR-KK-CFS-PTRE-14,268,FUR-KK,192,Tidak Aktif,Bagus,0.0,inventory/ams/inventoryPhoto/1601622811Kursi_Kerja_Hitam.jpg,inventory/ams/assets/uploads/assetsre/ap/1601622811Kursi_Kerja_Hitam.jpg,LT,Inventaris,Corporate,,65,2024-02-28 11:50:44.000,2024-02-28 11:50:44.000,Warna Hitam
2773,236,00236-FUR-KK-CFS-PTRE-13,00236-FUR-KK-CFS-PTRE-13,265,FUR-KK,243,Dipinjam,Bagus,0.0,inventory/ams/inventoryPhoto/1603176658KURSI_JARING_HITAM_SAVELLO.jpg,inventory/ams/assets/uploads/assetsre/ap/1603176658KURSI_JARING_HITAM_SAVELLO.jpg,LT,Aset,Corporate,10780,65,2026-06-08 08:55:06.000,2026-06-08 08:55:06.000,Warna Hitam
2774,238,00238-FUR-KK-CFS-PTRE-14,00238-FUR-KK-CFS-PTRE-14,265,FUR-KK,223,Dipinjam,Bagus,0.0,inventory/ams/inventoryPhoto/1739347775Kursi_Savello_Jaring.jpeg,inventory/ams/assets/uploads/assetsre/ap/1739347775Kursi_Savello_Jaring.jpeg,LT,Aset,Corporate,10780,65,2025-03-18 14:13:53.000,2025-03-18 14:13:53.000,Warna Hitam
2775,240,00240-FUR-KK-CFS-PTRE-14,00240-FUR-KK-CFS-PTRE-14,265,FUR-KK,223,Dipinjam,Bagus,0.0,inventory/ams/inventoryPhoto/1739347784Kursi_Savello_Jaring.jpeg,inventory/ams/assets/uploads/assetsre/ap/1739347784Kursi_Savello_Jaring.jpeg,LT,Aset,Corporate,10780,1,2025-03-18 14:13:46.000,2025-03-18 14:13:46.000,Warna Hitam
2776,241,00241-FUR-KK-CFS-PTRE-13,00241-FUR-KK-CFS-PTRE-13,269,FUR-KK,118,Tidak Aktif,Bagus,0.0,inventory/ams/inventoryPhoto/1601630184kursi_coklt_pendek.jpg,inventory/ams/assets/uploads/assetsre/ap/1601630184kursi_coklt_pendek.jpg,LT,Aset,Corporate,,1,2024-07-30 15:29:21.000,2024-07-30 15:29:21.000,Warna Coklat
2777,242,00242-FUR-KK-CFS-PTRE-14,00242-FUR-KK-CFS-PTRE-14,265,FUR-KK,223,Tersedia,Bagus,0.0,inventory/ams/inventoryPhoto/1739347792Kursi_Savello_Jaring.jpeg,inventory/ams/assets/uploads/assetsre/ap/1739347792Kursi_Savello_Jaring.jpeg,LT,Aset,Corporate,10780,65,2025-03-18 14:13:38.000,2025-03-18 14:13:38.000,Warna Hitam
2778,243,00243-FUR-KK-CFS-PTRE-14,00243-FUR-KK-CFS-PTRE-14,270,FUR-KK,113,Tidak Aktif,Bagus,0.0,,,LT,Aset,Corporate,,65,2024-07-26 10:01:08.000,2024-07-26 10:01:08.000,Warna Cream
2779,244,00244-FUR-KK-CFS-PTRE-14,00244-FUR-KK-CFS-PTRE-14,270,FUR-KK,113,Tidak Aktif,Bagus,0.0,,,LT,Aset,Corporate,,65,2024-07-26 10:01:03.000,2024-07-26 10:01:03.000,Warna Cream
2780,245,00245-FUR-KK-CFS-PTRE-14,00245-FUR-KK-CFS-PTRE-14,270,FUR-KK,113,Tidak Aktif,Bagus,0.0,,,LT,Aset,Corporate,,65,2024-07-26 10:00:56.000,2024-07-26 10:00:56.000,Warna Cream
2781,246,00246-FUR-KK-CFS-PTRE-14,00246-FUR-KK-CFS-PTRE-14,268,FUR-KK,153,Tersedia,Bagus,0.0,inventory/ams/inventoryPhoto/1726197267kursi_cokelat_jaring.jpeg,inventory/ams/assets/uploads/assetsre/ap/1726197267kursi_cokelat_jaring.jpeg,LT,Aset,Corporate,10780,65,2025-11-18 09:44:39.000,2025-11-18 09:44:39.000,Warna Hitam
2782,247,00247-FUR-KK-CFS-PTRE-14,00247-FUR-KK-CFS-PTRE-14,265,FUR-KK,223,Dipinjam,Bagus,0.0,inventory/ams/inventoryPhoto/1738233687Kursi_Savello_Jaring.jpeg,inventory/ams/assets/uploads/assetsre/ap/1738233687Kursi_Savello_Jaring.jpeg,LT,Aset,Corporate,10780,65,2025-03-18 14:13:26.000,2025-03-18 14:13:26.000,Warna Hitam
2783,248,00248-FUR-KK-CFS-PTRE-14,00248-FUR-KK-CFS-PTRE-14,265,FUR-KK,223,Tersedia,Bagus,0.0,inventory/ams/inventoryPhoto/1739347815Kursi_Savello_Jaring.jpeg,inventory/ams/assets/uploads/assetsre/ap/1739347815Kursi_Savello_Jaring.jpeg,LT,Aset,Corporate,10780,65,2025-03-18 14:13:21.000,2025-03-18 14:13:21.000,Warna Hitam
2784,250,00250-FUR-KK-CFS-PTRE-13,00250-FUR-KK-CFS-PTRE-13,266,FUR-KK,223,Dipinjam,Bagus,0.0,inventory/ams/inventoryPhoto/1739347826Kursi_Savello_Jaring.jpeg,inventory/ams/assets/uploads/assetsre/ap/1739347826Kursi_Savello_Jaring.jpeg,LT,Aset,Corporate,10780,1,2026-01-21 09:18:02.000,2026-01-21 09:18:02.000,Warna Coklat
2785,254,00254-FUR-KK-CFS-PTRE-14,00254-FUR-KK-CFS-PTRE-14,265,FUR-KK,223,Dipinjam,Bagus,0.0,inventory/ams/inventoryPhoto/1738233647Kursi_Savello_Jaring.jpeg,inventory/ams/assets/uploads/assetsre/ap/1738233647Kursi_Savello_Jaring.jpeg,LT,Aset,Corporate,10780,1,2025-03-18 14:12:46.000,2025-03-18 14:12:46.000,Warna Hitam
2786,255,00255-FUR-KK-CFS-PTRE-14,00255-FUR-KK-CFS-PTRE-14,266,FUR-KK,138,Dipinjam,Bagus,0.0,inventory/ams/inventoryPhoto/1739347842Kursi_Savello_Jaring.jpeg,inventory/ams/assets/uploads/assetsre/ap/1739347842Kursi_Savello_Jaring.jpeg,LT,Aset,Corporate,10780,1,2026-01-21 09:21:09.000,2026-01-21 09:21:09.000,Warna Coklat
2787,256,00256-FUR-KK-CFS-PTRE-14,00256-FUR-KK-CFS-PTRE-14,265,FUR-KK,175,Tidak Aktif,Bagus,0.0,inventory/ams/inventoryPhoto/1602746161KURSI_JARING_HITAM_SAVELLO.jpg,inventory/ams/assets/uploads/assetsre/ap/1602746161KURSI_JARING_HITAM_SAVELLO.jpg,LT,Inventaris,Corporate,,65,2024-02-28 11:04:30.000,2024-02-28 11:04:30.000,Warna Hitam
2788,261,00261-FUR-KK-CFS-PTRE-13,00261-FUR-KK-CFS-PTRE-13,265,FUR-KK,117,Tersedia,Bagus,0.0,inventory/ams/inventoryPhoto/1726197198kursi_cokelat_jaring.jpeg,inventory/ams/assets/uploads/assetsre/ap/1726197198kursi_cokelat_jaring.jpeg,LT,Aset,Corporate,10780,1,2026-04-10 08:27:39.000,2026-04-10 08:27:39.000,Warna Hitam
2789,262,00262-FUR-KK-CFS-PTRE-13,00262-FUR-KK-CFS-PTRE-13,266,FUR-KK,117,Tersedia,Bagus,0.0,inventory/ams/inventoryPhoto/1726197192kursi_cokelat_jaring.jpeg,inventory/ams/assets/uploads/assetsre/ap/1726197192kursi_cokelat_jaring.jpeg,LT,Aset,Corporate,10780,1,2026-04-10 08:27:44.000,2026-04-10 08:27:44.000,Warna Coklat
2790,263,00263-FUR-KK-CFS-PTRE-13,00263-FUR-KK-CFS-PTRE-13,265,FUR-KK,117,Tersedia,Bagus,0.0,inventory/ams/inventoryPhoto/1726197187kursi_cokelat_jaring.jpeg,inventory/ams/assets/uploads/assetsre/ap/1726197187kursi_cokelat_jaring.jpeg,LT,Aset,Corporate,10780,1,2026-04-10 08:27:33.000,2026-04-10 08:27:33.000,Warna Hitam
2791,265,00265-FUR-KK-CFS-PTRE-13,00265-FUR-KK-CFS-PTRE-13,265,FUR-KK,117,Tersedia,Bagus,0.0,inventory/ams/inventoryPhoto/1726197176kursi_cokelat_jaring.jpeg,inventory/ams/assets/uploads/assetsre/ap/1726197176kursi_cokelat_jaring.jpeg,LT,Aset,Corporate,10780,1,2026-04-10 08:27:50.000,2026-04-10 08:27:50.000,Warna Hitam
2792,271,00271-FUR-KK-CFS-PTRE-13,00271-FUR-KK-CFS-PTRE-13,265,FUR-KK,117,Tersedia,Bagus,0.0,inventory/ams/inventoryPhoto/1726197171kursi_cokelat_jaring.jpeg,inventory/ams/assets/uploads/assetsre/ap/1726197171kursi_cokelat_jaring.jpeg,LT,Aset,Corporate,10780,1,2026-04-10 08:27:56.000,2026-04-10 08:27:56.000,Warna Hitam
2793,272,00272-FUR-KK-CFS-PTRE-13,00272-FUR-KK-CFS-PTRE-13,266,FUR-KK,117,Dipinjam,Bagus,0.0,inventory/ams/inventoryPhoto/1726197165kursi_cokelat_jaring.jpeg,inventory/ams/assets/uploads/assetsre/ap/1726197165kursi_cokelat_jaring.jpeg,LT,Aset,Corporate,10780,1,2026-04-10 08:27:24.000,2026-04-10 08:27:24.000,Warna Coklat
2794,276,00276-FUR-KK-CFS-PTRE-14,00276-FUR-KK-CFS-PTRE-14,265,FUR-KK,223,Dipinjam,Bagus,0.0,inventory/ams/inventoryPhoto/1739347878Kursi_Savello_Jaring.jpeg,inventory/ams/assets/uploads/assetsre/ap/1739347878Kursi_Savello_Jaring.jpeg,LT,Aset,Corporate,10780,65,2026-01-21 09:20:00.000,2026-01-21 09:20:00.000,Warna Hitam
2795,279,00279-FUR-KK-CFS-PTRE-13,00279-FUR-kK-CFS-PTRE-13,293,FUR-KK,118,Tidak Aktif,Bagus,0.0,inventory/ams/inventoryPhoto/1601630895kursi_coklt_pendek.jpg,inventory/ams/assets/uploads/assetsre/ap/1601630895kursi_coklt_pendek.jpg,LT,Aset,Corporate,,1,2024-07-30 15:29:28.000,2024-07-30 15:29:28.000,Warna Coklat
2796,282,00282-FUR-KK-CFS-PTRE-14,00282-FUR-KK-CFS-PTRE-14,265,FUR-KK,225,Tersedia,Bagus,0.0,inventory/ams/inventoryPhoto/1739412063Kursi_Savello_Jaring.jpeg,inventory/ams/assets/uploads/assetsre/ap/1739412063Kursi_Savello_Jaring.jpeg,LT,Aset,Corporate,,1,2025-06-16 10:52:15.000,2025-06-16 10:52:15.000,Warna Hitam
2797,284,00284-FUR-KK-CFS-PTRE-14,00284-FUR-KK-CFS-PTRE-14,266,FUR-KK,117,Dipinjam,Bagus,0.0,inventory/ams/inventoryPhoto/1726197145kursi_cokelat_jaring.jpeg,inventory/ams/assets/uploads/assetsre/ap/1726197145kursi_cokelat_jaring.jpeg,LT,Aset,Corporate,10780,1,2026-04-10 08:27:16.000,2026-04-10 08:27:16.000,Warna Coklat
2798,285,00285-FUR-KK-CFS-PTRE-14,00285-FUR-KK-CFS-PTRE-14,266,FUR-KK,115,Tersedia,Bagus,0.0,inventory/ams/inventoryPhoto/1726197139kursi_cokelat_jaring.jpeg,inventory/ams/assets/uploads/assetsre/ap/1726197139kursi_cokelat_jaring.jpeg,LT,Aset,Corporate,,65,2025-02-13 09:01:46.000,2025-02-13 09:01:46.000,Warna Coklat
2799,286,00286-FUR-KK-CFS-PTRE-14,00286-FUR-KK-CFS-PTRE-14,266,FUR-KK,115,Tersedia,Bagus,0.0,inventory/ams/inventoryPhoto/1726197128kursi_cokelat_jaring.jpeg,inventory/ams/assets/uploads/assetsre/ap/1726197128kursi_cokelat_jaring.jpeg,LT,Aset,Corporate,,65,2025-02-13 09:01:38.000,2025-02-13 09:01:38.000,Warna Coklat
2800,295,00295-FUR-KK-CFS-PTRE-16,00295-FUR-KK-CFS-PTRE-16,269,FUR-KK,174,Tidak Aktif,Bagus,0.0,inventory/ams/inventoryPhoto/1739506766kursi_cokelat_jaring.jpeg,inventory/ams/assets/uploads/assetsre/ap/1739506766kursi_cokelat_jaring.jpeg,LT,Aset,Corporate,10604,65,2026-06-07 21:27:43.000,2026-06-07 21:27:43.000,Warna Coklat
2801,299,00299-FUR-KK-CFS-PTRE-13,00299-FUR-KK-CFS-PTRE-13,268,FUR-KK,117,Dipinjam,Bagus,0.0,inventory/ams/inventoryPhoto/1726197116kursi_cokelat_jaring.jpeg,inventory/ams/assets/uploads/assetsre/ap/1726197116kursi_cokelat_jaring.jpeg,LT,Aset,Corporate,,1,2026-06-07 17:40:06.000,2026-06-07 17:40:06.000,Warna Hitam
2802,301,00301-FUR-KK-CFS-PTRE-14,00301-FUR-KK-CFS-PTRE-14,265,FUR-KK,223,Dipinjam,Bagus,0.0,inventory/ams/inventoryPhoto/1739347887Kursi_Savello_Jaring.jpeg,inventory/ams/assets/uploads/assetsre/ap/1739347887Kursi_Savello_Jaring.jpeg,LT,Aset,Corporate,10780,65,2025-03-18 14:12:03.000,2025-03-18 14:12:03.000,Warna Hitam
2803,304,00304-FUR-KK-CFS-PTRE-16,00304-FUR-KK-CFS-PTRE-16,265,FUR-KK,223,Dipinjam,Bagus,0.0,inventory/ams/inventoryPhoto/1739347896Kursi_Savello_Jaring.jpeg,inventory/ams/assets/uploads/assetsre/ap/1739347896Kursi_Savello_Jaring.jpeg,LT,Aset,Corporate,10780,65,2025-03-18 14:12:29.000,2025-03-18 14:12:29.000,Warna Hitam
2804,307,00307-FUR-KK-CFS-PTRE-13,00307-FUR-KK-CFS-PTRE-13,266,FUR-KK,117,Dipinjam,Bagus,0.0,inventory/ams/inventoryPhoto/1726197080kursi_cokelat_jaring.jpeg,inventory/ams/assets/uploads/assetsre/ap/1726197080kursi_cokelat_jaring.jpeg,LT,Aset,Corporate,10780,1,2026-04-10 08:27:11.000,2026-04-10 08:27:11.000,Warna Coklat
2805,311,00311-FUR-KK-CFS-PTRE-13,00311-FUR-KK-CFS-PTRE-13,265,FUR-KK,117,Dipinjam,Bagus,0.0,inventory/ams/inventoryPhoto/1726197013Kursi_Savello_Jaring.jpeg,inventory/ams/assets/uploads/assetsre/ap/1726197013Kursi_Savello_Jaring.jpeg,LT,Aset,Corporate,10780,1,2026-04-10 08:27:05.000,2026-04-10 08:27:05.000,Warna Hitam
2806,312,00312-FUR-KK-CFS-PTRE-14,00312-FUR-KK-CFS-PTRE-14,285,FUR-KK,116,Tidak Aktif,Rusak,0.0,,,LT,Inventaris,Corporate,,79,2024-02-28 10:29:30.000,2024-02-28 10:29:30.000,Warna Coklat
2807,313,00313-FUR-KK-CFS-PTRE-14,00313-FUR-KK-CFS-PTRE-14,266,FUR-KK,116,Tidak Aktif,Bagus,0.0,,,LT,Inventaris,Corporate,,79,2024-02-28 10:30:43.000,2024-02-28 10:30:43.000,Warna Coklat
2808,314,00314-FUR-KK-CFS-PTRE-14,00314-FUR-KK-CFS-PTRE-14,269,FUR-KK,116,Tidak Aktif,Rusak,0.0,,,LT,Inventaris,Corporate,,79,2024-02-28 10:29:18.000,2024-02-28 10:29:18.000,Warna Coklat
2809,319,00319-FUR-KK-CFS-PTRE-16,00319-FUR-KK-CFS-PTRE-16,269,FUR-KK,111,Tersedia,Bagus,0.0,inventory/ams/inventoryPhoto/1741914522kursi_Coklat.jpeg,inventory/ams/assets/uploads/assetsre/ap/1741914522kursi_Coklat.jpeg,LT,Aset,Corporate,10780,65,2026-02-06 10:51:26.000,2026-02-06 10:51:26.000,Warna Coklat
2810,325,00325-FUR-KK-CFS-PTRE-13,00325-FUR-KK-CFS-PTRE-13,269,FUR-KK,118,Tidak Aktif,Bagus,0.0,inventory/ams/inventoryPhoto/1601630020kursi_coklt_pendek.jpg,inventory/ams/assets/uploads/assetsre/ap/1601630020kursi_coklt_pendek.jpg,LT,Aset,Corporate,,1,2024-07-30 15:29:51.000,2024-07-30 15:29:51.000,Warna Coklat
2811,334,00334-FUR-KK-CFS-PTRE-14,00334-FUR-KK-CFS-PTRE-14,265,FUR-KK,223,Dipinjam,Bagus,0.0,inventory/ams/inventoryPhoto/1739347914Kursi_Savello_Jaring.jpeg,inventory/ams/assets/uploads/assetsre/ap/1739347914Kursi_Savello_Jaring.jpeg,LT,Aset,Corporate,10780,65,2025-03-18 14:12:16.000,2025-03-18 14:12:16.000,Warna Hitam
2812,339,00339-FUR-KK-CFS-PTRE-12,00339-FUR-MK-CFS-PTRE-12,268,FUR-KK,192,Tidak Aktif,Bagus,0.0,inventory/ams/inventoryPhoto/1601605824Kursi_Kerja_Hitam.jpg,inventory/ams/assets/uploads/assetsre/ap/1601605824Kursi_Kerja_Hitam.jpg,LT,Inventaris,Corporate,,65,2024-02-28 11:50:35.000,2024-02-28 11:50:35.000,Warna Hitam
2813,341,00341-FUR-KK-CFS-PTRE-16,00341-FUR-KK-CFS-PTRE-16,269,FUR-KK,111,Tersedia,Bagus,0.0,inventory/ams/inventoryPhoto/1741914537kursi_Coklat.jpeg,inventory/ams/assets/uploads/assetsre/ap/1741914537kursi_Coklat.jpeg,LT,Aset,Corporate,10780,65,2026-06-07 21:18:19.000,2026-06-07 21:18:19.000,Warna Coklat
2814,349,00349-FUR-KK-CFS-PTRE-12,00349-FUR-KK-CFS-PTRE-12,265,FUR-KK,117,Tersedia,Bagus,0.0,inventory/ams/inventoryPhoto/1749008988Kursi_Savello_Jaring.jpeg,inventory/ams/assets/uploads/assetsre/ap/1749008988Kursi_Savello_Jaring.jpeg,LT,Aset,Corporate,10780,65,2025-06-04 10:49:48.000,2025-06-04 10:49:48.000,Warna Hitam
2815,351,00351-FUR-KK-CFS-PTRE-13,00351-FUR-KK-CFS-PTRE-13,265,FUR-KK,117,Dipinjam,Bagus,0.0,inventory/ams/inventoryPhoto/1726196956Kursi_Savello_Jaring.jpeg,inventory/ams/assets/uploads/assetsre/ap/1726196956Kursi_Savello_Jaring.jpeg,LT,Aset,Corporate,10780,1,2026-04-10 08:26:58.000,2026-04-10 08:26:58.000,Warna Hitam
2816,352,00352-FUR-KK-CFS-PTRE-13,00352-FUR-KK-CFS-PTRE-13,265,FUR-KK,117,Dipinjam,Bagus,0.0,inventory/ams/inventoryPhoto/1726196950Kursi_Savello_Jaring.jpeg,inventory/ams/assets/uploads/assetsre/ap/1726196950Kursi_Savello_Jaring.jpeg,LT,Aset,Corporate,10780,65,2026-04-10 08:26:51.000,2026-04-10 08:26:51.000,Warna Hitam
2817,353,00353-FUR-KK-CFS-PTRE-13,00353-FUR-KK-CFS-PTRE-13,265,FUR-KK,117,Tersedia,Bagus,0.0,inventory/ams/inventoryPhoto/1726196939Kursi_Savello_Jaring.jpeg,inventory/ams/assets/uploads/assetsre/ap/1726196939Kursi_Savello_Jaring.jpeg,LT,Aset,Corporate,10780,65,2026-04-10 08:26:44.000,2026-04-10 08:26:44.000,Warna Hitam
2818,354,00354-FUR-KK-CFS-PTRE-13,00354-FUR-KK-CFS-PTRE-13,265,FUR-KK,117,Dipinjam,Bagus,0.0,inventory/ams/inventoryPhoto/1726196932Kursi_Savello_Jaring.jpeg,inventory/ams/assets/uploads/assetsre/ap/1726196932Kursi_Savello_Jaring.jpeg,LT,Aset,Corporate,10780,65,2026-04-10 08:26:35.000,2026-04-10 08:26:35.000,Warna Hitam
2819,355,00355-FUR-KK-CFS-PTRE-13,00355-FUR-KK-CFS-PTRE-13,265,FUR-KK,117,Dipinjam,Bagus,0.0,inventory/ams/inventoryPhoto/1726196927Kursi_Savello_Jaring.jpeg,inventory/ams/assets/uploads/assetsre/ap/1726196927Kursi_Savello_Jaring.jpeg,LT,Aset,Corporate,10780,65,2026-04-10 08:26:29.000,2026-04-10 08:26:29.000,Warna Hitam
2820,356,00356-FUR-KK-CFS-PTRE-13,00356-FUR-KK-CFS-PTRE-13,265,FUR-KK,117,Dipinjam,Bagus,0.0,inventory/ams/inventoryPhoto/1726196919Kursi_Savello_Jaring.jpeg,inventory/ams/assets/uploads/assetsre/ap/1726196919Kursi_Savello_Jaring.jpeg,LT,Aset,Corporate,10780,65,2026-04-10 08:26:23.000,2026-04-10 08:26:23.000,Warna Hitam
2821,357,00357-FUR-KK-CFS-PTRE-13,00357-FUR-KK-CFS-PTRE-13,265,FUR-KK,117,Tersedia,Bagus,0.0,inventory/ams/inventoryPhoto/1726196907Kursi_Savello_Jaring.jpeg,inventory/ams/assets/uploads/assetsre/ap/1726196907Kursi_Savello_Jaring.jpeg,LT,Aset,Corporate,10780,65,2026-04-10 08:26:16.000,2026-04-10 08:26:16.000,Warna Hitam
2822,358,00358-FUR-KK-CFS-PTRE-13,00358-FUR-KK-CFS-PTRE-13,265,FUR-KK,117,Dipinjam,Bagus,0.0,inventory/ams/inventoryPhoto/1726196900Kursi_Savello_Jaring.jpeg,inventory/ams/assets/uploads/assetsre/ap/1726196900Kursi_Savello_Jaring.jpeg,LT,Aset,Corporate,10780,65,2026-04-10 08:26:09.000,2026-04-10 08:26:09.000,Warna Hitam
2823,359,00359-FUR-KK-CFS-PTRE-13,00359-FUR-KK-CFS-PTRE-13,265,FUR-KK,117,Dipinjam,Bagus,0.0,inventory/ams/inventoryPhoto/1726196893Kursi_Savello_Jaring.jpeg,inventory/ams/assets/uploads/assetsre/ap/1726196893Kursi_Savello_Jaring.jpeg,LT,Aset,Corporate,10780,65,2026-04-10 08:26:01.000,2026-04-10 08:26:01.000,Warna Hitam
2824,360,00360-FUR-KK-CFS-PTRE-13,00360-FUR-KK-CFS-PTRE-13,265,FUR-KK,117,Dipinjam,Bagus,0.0,inventory/ams/inventoryPhoto/1726196887Kursi_Savello_Jaring.jpeg,inventory/ams/assets/uploads/assetsre/ap/1726196887Kursi_Savello_Jaring.jpeg,LT,Aset,Corporate,10780,65,2026-04-10 08:25:54.000,2026-04-10 08:25:54.000,Warna Hitam
2825,361,00361-FUR-KK-CFS-PTRE-13,00361-FUR-KK-CFS-PTRE-13,265,FUR-KK,117,Dipinjam,Bagus,0.0,inventory/ams/inventoryPhoto/1726196880Kursi_Savello_Jaring.jpeg,inventory/ams/assets/uploads/assetsre/ap/1726196880Kursi_Savello_Jaring.jpeg,LT,Aset,Corporate,10780,65,2026-04-10 08:25:48.000,2026-04-10 08:25:48.000,Warna Hitam
2826,362,00362-FUR-KK-CFS-PTRE-13,00362-FUR-KK-CFS-PTRE-13,265,FUR-KK,117,Dipinjam,Bagus,0.0,inventory/ams/inventoryPhoto/1726196869Kursi_Savello_Jaring.jpeg,inventory/ams/assets/uploads/assetsre/ap/1726196869Kursi_Savello_Jaring.jpeg,LT,Aset,Corporate,,65,2026-04-10 08:25:39.000,2026-04-10 08:25:39.000,Warna Hitam
2827,363,00363-FUR-KK-CFS-PTRE-13,00363-FUR-KK-CFS-PTRE-13,269,FUR-KK,117,Tersedia,Bagus,0.0,inventory/ams/inventoryPhoto/1740740165kursi_Coklat.jpeg,inventory/ams/assets/uploads/assetsre/ap/1740740165kursi_Coklat.jpeg,LT,Aset,Corporate,10780,65,2025-11-18 09:41:11.000,2025-11-18 09:41:11.000,Warna Coklat
2828,364,00364-FUR-KK-CFS-PTRE-13,00364-FUR-KK-CFS-PTRE-13,269,FUR-KK,117,Dipinjam,Bagus,0.0,inventory/ams/inventoryPhoto/1740740146kursi_Coklat.jpeg,inventory/ams/assets/uploads/assetsre/ap/1740740146kursi_Coklat.jpeg,LT,Aset,Corporate,10780,65,2025-11-18 09:41:02.000,2025-11-18 09:41:02.000,Warna Coklat
2829,378,00378-FUR-KK-CFS-PTRE-14,00378-FUR-KK-CFS-PTRE-14,268,FUR-KK,157,Tidak Aktif,Bagus,0.0,inventory/ams/inventoryPhoto/1601864484Kursi_Kerja_Hitam.jpg,inventory/ams/assets/uploads/assetsre/ap/1601864484Kursi_Kerja_Hitam.jpg,LT,Aset,Corporate,,65,2024-08-22 15:21:19.000,2024-08-22 15:21:19.000,Warna Hitam
2830,380,00380-FUR-KK-CFS-PTRE-14,00380-FUR-KK-CFS-PTRE-14,268,FUR-KK,157,Tidak Aktif,Bagus,0.0,inventory/ams/inventoryPhoto/1601864279Kursi_Kerja_Hitam.jpg,inventory/ams/assets/uploads/assetsre/ap/1601864279Kursi_Kerja_Hitam.jpg,LT,Aset,Corporate,,65,2024-08-22 15:21:24.000,2024-08-22 15:21:24.000,Warna Hitam
2831,381,00381-FUR-KK-CFS-PTRE-14,00381-FUR-KK-CFS-PTRE-14,268,FUR-KK,156,Tidak Aktif,Bagus,0.0,inventory/ams/inventoryPhoto/1601863743Kursi_Kerja_Hitam.jpg,inventory/ams/assets/uploads/assetsre/ap/1601863743Kursi_Kerja_Hitam.jpg,LT,Aset,Corporate,,65,2024-08-01 11:53:43.000,2024-08-01 11:53:43.000,Warna Hitam
2832,382,00382-FUR-KK-CFS-PTRE-13,00382-FUR-LC-CFS-PTRE-13,268,FUR-KK,157,Tidak Aktif,Bagus,0.0,inventory/ams/inventoryPhoto/1601864449Kursi_Kerja_Hitam.jpg,inventory/ams/assets/uploads/assetsre/ap/1601864449Kursi_Kerja_Hitam.jpg,LT,Aset,Corporate,,65,2024-08-22 15:21:31.000,2024-08-22 15:21:31.000,Warna Hitam
2833,389,00389-FUR-KK-CFS-PTRE-13,00389-FUR-KK-CFS-RE-13,269,FUR-KK,118,Tidak Aktif,Bagus,0.0,inventory/ams/inventoryPhoto/1601629864kursi_coklt_pendek.jpg,inventory/ams/assets/uploads/assetsre/ap/1601629864kursi_coklt_pendek.jpg,LT,Aset,Corporate,,1,2024-07-30 15:30:08.000,2024-07-30 15:30:08.000,Warna Coklat
2834,403,01913-FUR-KK-CFS-PTRE-14,01913-FUR-KK-CFS-PTRE-14,277,FUR-KK,236,Tersedia,Bagus,0.0,inventory/ams/inventoryPhoto/1709283145WhatsApp_Image_2024-02-28_at_14_18_19.jpeg,inventory/ams/assets/uploads/assetsre/ap/1709283145WhatsApp_Image_2024-02-28_at_14_18_19.jpeg,LT,Aset,Corporate,,65,2024-03-01 15:52:25.000,2024-03-01 15:52:25.000,Warna Coklat
2835,405,00405-FUR-KK-CFS-PTRE-13,00405-FUR-KK-CFS-PTRE-13,268,FUR-KK,153,Tersedia,Bagus,0.0,inventory/ams/inventoryPhoto/1726196796Kursi_Savello_Jaring.jpeg,inventory/ams/assets/uploads/assetsre/ap/1726196796Kursi_Savello_Jaring.jpeg,LT,Aset,Corporate,,65,2024-09-13 10:06:36.000,2024-09-13 10:06:36.000,Warna Hitam
2836,415,01914-FUR-KK-CFS-PTRE-14,01914-FUR-KK-CFS-PTRE-14,277,FUR-KK,236,Tersedia,Bagus,0.0,inventory/ams/inventoryPhoto/1709283114WhatsApp_Image_2024-02-28_at_14_18_19.jpeg,inventory/ams/assets/uploads/assetsre/ap/1709283114WhatsApp_Image_2024-02-28_at_14_18_19.jpeg,LT,Aset,Corporate,,65,2024-03-01 15:51:54.000,2024-03-01 15:51:54.000,Warna Coklat
2837,416,01915-FUR-KK-CFS-PTRE-14,01915-FUR-KK-CFS-PTRE-14,277,FUR-KK,236,Tersedia,Bagus,0.0,inventory/ams/inventoryPhoto/1709283083WhatsApp_Image_2024-02-28_at_14_18_19.jpeg,inventory/ams/assets/uploads/assetsre/ap/1709283083WhatsApp_Image_2024-02-28_at_14_18_19.jpeg,LT,Aset,Corporate,,65,2024-03-01 15:51:23.000,2024-03-01 15:51:23.000,Warna Coklat
2838,426,00426-FUR-KK-CFS-PTRE-14,00426-FUR-KK-CFS-PTRE-14,268,FUR-KK,111,Tidak Aktif,Rusak,0.0,inventory/ams/inventoryPhoto/1726196802Kursi_Savello_Jaring.jpeg,inventory/ams/assets/uploads/assetsre/ap/1726196802Kursi_Savello_Jaring.jpeg,LT,Aset,Corporate,10780,65,2026-02-06 10:53:36.000,2026-02-06 10:53:36.000,Warna Hitam
2839,429,00429-FUR-KK-CFS-PTRE-14,00429-FUR-KK-CFS-PTRE-14,265,FUR-KK,165,Tidak Aktif,Bagus,0.0,inventory/ams/inventoryPhoto/1602733997Kursi_Kerja_Hitam.jpg,inventory/ams/assets/uploads/assetsre/ap/1602733997Kursi_Kerja_Hitam.jpg,LT,Aset,Corporate,,65,2024-07-31 14:42:48.000,2024-07-31 14:42:48.000,Warna Hitam
2840,432,00432-FUR-KK-CFS-PTRE-14,00432-FUR-KK-CFS-PTRE-14,269,FUR-KK,111,Tersedia,Bagus,0.0,inventory/ams/inventoryPhoto/1726196814Kursi_Savello_Jaring.jpeg,inventory/ams/assets/uploads/assetsre/ap/1726196814Kursi_Savello_Jaring.jpeg,LT,Aset,Corporate,10780,65,2026-06-07 21:18:33.000,2026-06-07 21:18:33.000,Warna Coklat
2841,435,00435-FUR-KK-CFS-PTRE-14,00435-FUR-KK-CFS-PTRE-14,269,FUR-KK,246,Tersedia,Bagus,0.0,inventory/ams/inventoryPhoto/1726196808Kursi_Savello_Jaring.jpeg,inventory/ams/assets/uploads/assetsre/ap/1726196808Kursi_Savello_Jaring.jpeg,LT,Aset,Corporate,,65,2026-02-06 11:20:29.000,2026-02-06 11:20:29.000,Warna Coklat
2842,436,00436-FUR-KK-CFS-PTRE-14,00436-FUR-KK-CFS-PTRE-14,269,FUR-KK,246,Tersedia,Bagus,0.0,inventory/ams/inventoryPhoto/1726196789Kursi_Savello_Jaring.jpeg,inventory/ams/assets/uploads/assetsre/ap/1726196789Kursi_Savello_Jaring.jpeg,LT,Aset,Corporate,,65,2026-02-06 11:20:35.000,2026-02-06 11:20:35.000,Warna Coklat
2843,440,00440-FUR-KK-CFS-PTRE-12,00440-FUR-KK-CFS-PTRE-12,284,FUR-KK,118,Tidak Aktif,Bagus,0.0,,,LT,Aset,Corporate,,65,2024-07-30 15:27:30.000,2024-07-30 15:27:30.000,Warna Hitam
2844,441,00441-FUR-KK-CFS-PTRE-12,00441-FUR-KK-CFS-PTRE-12,291,FUR-KK,118,Tidak Aktif,Bagus,0.0,,,LT,Aset,Corporate,,65,2024-07-30 15:28:27.000,2024-07-30 15:28:27.000,
2845,442,00442-FUR-KK-CFS-PTRE-14,00442-FUR-KK-CFS-PTRE-14,268,FUR-KK,118,Tidak Aktif,Bagus,0.0,,,LT,Aset,Corporate,,65,2024-07-30 15:27:13.000,2024-07-30 15:27:13.000,Warna Hitam
2846,443,00443-FUR-KK-CFS-PTRE-14,00443-FUR-KK-CFS-PTRE-14,268,FUR-KK,118,Tidak Aktif,Bagus,0.0,,,LT,Aset,Corporate,,65,2024-07-30 15:27:54.000,2024-07-30 15:27:54.000,Warna Hitam
2847,444,00444-FUR-KK-CFS-PTRE-14,00444-FUR-KK-CFS-PTRE-14,268,FUR-KK,118,Tidak Aktif,Bagus,0.0,,,LT,Aset,Corporate,,65,2024-07-30 15:27:36.000,2024-07-30 15:27:36.000,Warna Hitam
2848,445,00445-FUR-KK-CFS-PTRE-14,00445-FUR-KK-CFS-PTRE-14,269,FUR-KK,118,Tidak Aktif,Bagus,0.0,,,LT,Aset,Corporate,,65,2024-07-30 15:26:55.000,2024-07-30 15:26:55.000,Warna Coklat
2849,446,00446-FUR-KK-CFS-PTRE-14,00446-FUR-KK-CFS-PTRE-14,269,FUR-KK,118,Tidak Aktif,Bagus,0.0,,,LT,Aset,Corporate,,65,2024-07-30 15:27:00.000,2024-07-30 15:27:00.000,Warna Coklat
2850,447,00447-FUR-KK-CFS-PTRE-14,00447-FUR-KK-CFS-PTRE-14,269,FUR-KK,118,Tidak Aktif,Bagus,0.0,,,LT,Aset,Corporate,,65,2024-07-30 15:27:25.000,2024-07-30 15:27:25.000,Warna Coklat
2851,448,00448-FUR-KK-CFS-PTRE-14,00448-FUR-KK-CFS-PTRE-14,269,FUR-KK,118,Tidak Aktif,Bagus,0.0,,,LT,Aset,Corporate,,65,2024-07-30 15:26:35.000,2024-07-30 15:26:35.000,Warna Coklat
2852,449,00449-FUR-KK-CFS-PTRE-14,00449-FUR-KK-CFS-PTRE-14,269,FUR-KK,118,Tidak Aktif,Bagus,0.0,,,LT,Aset,Corporate,,65,2024-07-30 15:27:19.000,2024-07-30 15:27:19.000,Warna Coklat
2853,450,00450-FUR-KK-CFS-PTRE-14,00450-FUR-KK-CFS-PTRE-14,269,FUR-KK,118,Tidak Aktif,Bagus,0.0,,,LT,Aset,Corporate,,65,2024-07-30 15:26:29.000,2024-07-30 15:26:29.000,Warna Coklat
2854,451,00451-FUR-KK-CFS-PTRE-14,00451-FUR-KK-CFS-PTRE-14,269,FUR-KK,246,Tersedia,Bagus,0.0,inventory/ams/inventoryPhoto/1726196772Kursi_Savello_Jaring.jpeg,inventory/ams/assets/uploads/assetsre/ap/1726196772Kursi_Savello_Jaring.jpeg,LT,Aset,Corporate,10780,65,2026-02-06 11:20:43.000,2026-02-06 11:20:43.000,Warna Coklat
2855,452,00452-FUR-KK-CFS-PTRE-14,00452-FUR-KK-CFS-PTRE-14,269,FUR-KK,118,Tidak Aktif,Bagus,0.0,,,LT,Aset,Corporate,,65,2024-07-30 15:26:46.000,2024-07-30 15:26:46.000,Warna Coklat
2856,453,00453-FUR-KK-CFS-PTRE-14,00453-FUR-KK-CFS-PTRE-14,269,FUR-KK,118,Tidak Aktif,Bagus,0.0,,,LT,Aset,Corporate,,65,2024-07-30 15:28:00.000,2024-07-30 15:28:00.000,Warna Coklat
2857,454,00454-FUR-KK-CFS-PTRE-14,00454-FUR-KK-CFS-PTRE-14,269,FUR-KK,174,Tidak Aktif,Bagus,0.0,,,LT,Aset,Corporate,10604,65,2026-06-07 21:27:49.000,2026-06-07 21:27:49.000,Warna Coklat
2858,455,00455-FUR-KK-CFS-PTRE-14,00455-FUR-KK-CFS-PTRE-14,269,FUR-KK,118,Tidak Aktif,Bagus,0.0,,,LT,Aset,Corporate,,65,2024-07-30 15:26:17.000,2024-07-30 15:26:17.000,Warna Coklat
2859,456,00456-FUR-KK-CFS-PTRE-14,00456-FUR-KK-CFS-PTRE-14,269,FUR-KK,118,Tidak Aktif,Bagus,0.0,,,LT,Aset,Corporate,,65,2024-07-30 15:26:05.000,2024-07-30 15:26:05.000,Warna Coklat
2860,458,00458-FUR-KK-CFS-PTRE-14,00458-FUR-KK-CFS-PTRE-14,269,FUR-KK,174,Tersedia,Bagus,0.0,,,LT,Aset,Corporate,,1,2026-05-13 14:20:42.000,2026-05-13 14:20:42.000,Warna Coklat
2861,459,00459-FUR-KK-CFS-PTRE-14,00459-FUR-KK-CFS-PTRE-14,269,FUR-KK,246,Tersedia,Bagus,0.0,inventory/ams/inventoryPhoto/1726196736Kursi_Savello_Jaring.jpeg,inventory/ams/assets/uploads/assetsre/ap/1726196736Kursi_Savello_Jaring.jpeg,LT,Aset,Corporate,10780,65,2026-02-06 11:20:52.000,2026-02-06 11:20:52.000,Warna Coklat
2862,460,00460-FUR-KK-CFS-PTRE-14,00460-FUR-KK-CFS-PTRE-14,269,FUR-KK,118,Tidak Aktif,Bagus,0.0,,,LT,Aset,Corporate,,65,2024-07-30 15:25:53.000,2024-07-30 15:25:53.000,Warna Coklat
2863,461,00461-FUR-KK-CFS-PTRE-14,00461-FUR-KK-CFS-PTRE-14,269,FUR-KK,118,Tidak Aktif,Bagus,0.0,,,LT,Aset,Corporate,,65,2024-07-30 15:25:59.000,2024-07-30 15:25:59.000,Warna Coklat
2864,462,00462-FUR-KK-CFS-PTRE-14,00462-FUR-KK-CFS-PTRE-14,269,FUR-KK,118,Tidak Aktif,Bagus,0.0,,,LT,Aset,Corporate,,65,2024-07-30 15:24:52.000,2024-07-30 15:24:52.000,Warna Coklat
2865,463,00463-FUR-KK-CFS-PTRE-14,00463-FUR-KK-CFS-PTRE-14,269,FUR-KK,118,Tidak Aktif,Bagus,0.0,,,LT,Aset,Corporate,,65,2024-07-30 15:24:59.000,2024-07-30 15:24:59.000,Warna Coklat
2866,464,00464-FUR-KK-CFS-PTRE-14,00464-FUR-KK-CFS-PTRE-14,269,FUR-KK,118,Tidak Aktif,Bagus,0.0,,,LT,Aset,Corporate,,65,2024-07-30 15:26:11.000,2024-07-30 15:26:11.000,Warna Coklat
2867,488,00488-FUR-KK-CFS-PTRE-13,00488-FUR-KK-CFS-PTRE-13,268,FUR-KK,151,Tersedia,Bagus,0.0,inventory/ams/inventoryPhoto/1726196726Kursi_Savello_Jaring.jpeg,inventory/ams/assets/uploads/assetsre/ap/1726196726Kursi_Savello_Jaring.jpeg,LT,Aset,Corporate,,65,2024-09-13 10:05:26.000,2024-09-13 10:05:26.000,Warna Hitam
2868,489,00489-FUR-KK-CFS-PTRE-13,00489-FUR-KK-CFS-PTRE-13,268,FUR-KK,151,Tersedia,Bagus,0.0,inventory/ams/inventoryPhoto/1726196718Kursi_Savello_Jaring.jpeg,inventory/ams/assets/uploads/assetsre/ap/1726196718Kursi_Savello_Jaring.jpeg,LT,Aset,Corporate,,65,2024-09-13 10:05:18.000,2024-09-13 10:05:18.000,Warna Hitam
2869,490,00490-FUR-KK-CFS-PTRE-13,00490-FUR-KK-CFS-PTRE-13,268,FUR-KK,151,Tersedia,Bagus,0.0,inventory/ams/inventoryPhoto/1726196710Kursi_Savello_Jaring.jpeg,inventory/ams/assets/uploads/assetsre/ap/1726196710Kursi_Savello_Jaring.jpeg,LT,Aset,Corporate,,65,2024-09-13 10:05:10.000,2024-09-13 10:05:10.000,Warna Hitam
2870,491,00491-FUR-KK-CFS-PTRE-13,00491-FUR-KK-CFS-PTRE-13,268,FUR-KK,151,Tersedia,Bagus,0.0,inventory/ams/inventoryPhoto/1726196702Kursi_Savello_Jaring.jpeg,inventory/ams/assets/uploads/assetsre/ap/1726196702Kursi_Savello_Jaring.jpeg,LT,Aset,Corporate,,65,2024-09-13 10:05:02.000,2024-09-13 10:05:02.000,Warna Hitam
2871,492,00492-FUR-KK-CFS-PTRE-13,00492-FUR-KK-CFS-PTRE-13,268,FUR-KK,151,Tersedia,Bagus,0.0,inventory/ams/inventoryPhoto/1726196662Kursi_Savello_Jaring.jpeg,inventory/ams/assets/uploads/assetsre/ap/1726196662Kursi_Savello_Jaring.jpeg,LT,Aset,Corporate,,65,2024-09-13 10:04:22.000,2024-09-13 10:04:22.000,Warna Hitam
2872,493,00493-FUR-KK-CFS-PTRE-13,00493-FUR-KK-CFS-PTRE-13,270,FUR-KK,118,Tidak Aktif,Bagus,0.0,inventory/ams/inventoryPhoto/1601869670KURSI_SOFFA_SAVELLO.jpg,inventory/ams/assets/uploads/assetsre/ap/1601869670KURSI_SOFFA_SAVELLO.jpg,LT,Aset,Corporate,,65,2024-07-30 15:21:52.000,2024-07-30 15:21:52.000,Warna Cream
2873,494,00494-FUR-KK-CFS-PTRE-13,00494-FUR-KK-CFS-PTRE-13,270,FUR-KK,151,Tersedia,Bagus,0.0,inventory/ams/inventoryPhoto/1726196648Kursi_Savello_Jaring.jpeg,inventory/ams/assets/uploads/assetsre/ap/1726196648Kursi_Savello_Jaring.jpeg,LT,Aset,Corporate,,65,2024-09-13 10:04:08.000,2024-09-13 10:04:08.000,Warna Cream
2874,495,00495-FUR-KK-CFS-PTRE-13,00495-FUR-KK-CFS-PTRE-13,268,FUR-KK,151,Tersedia,Bagus,0.0,inventory/ams/inventoryPhoto/1726196672Kursi_Savello_Jaring.jpeg,inventory/ams/assets/uploads/assetsre/ap/1726196672Kursi_Savello_Jaring.jpeg,LT,Aset,Corporate,,65,2024-09-13 10:04:32.000,2024-09-13 10:04:32.000,Warna Hitam
2875,496,00496-FUR-KK-CFS-PTRE-13,00496-FUR-KK-CFS-PTRE-13,268,FUR-KK,151,Tersedia,Bagus,0.0,inventory/ams/inventoryPhoto/1726196678Kursi_Savello_Jaring.jpeg,inventory/ams/assets/uploads/assetsre/ap/1726196678Kursi_Savello_Jaring.jpeg,LT,Aset,Corporate,,65,2024-09-13 10:04:38.000,2024-09-13 10:04:38.000,Warna Hitam
2876,497,00497-FUR-KK-CFS-PTRE-13,00497-FUR-KK-CFS-PTRE-13,270,FUR-KK,151,Tersedia,Bagus,0.0,inventory/ams/inventoryPhoto/1726196637Kursi_Savello_Jaring.jpeg,inventory/ams/assets/uploads/assetsre/ap/1726196637Kursi_Savello_Jaring.jpeg,LT,Aset,Corporate,,65,2024-09-13 10:03:57.000,2024-09-13 10:03:57.000,Warna Cream
2877,498,00498-FUR-KK-CFS-PTRE-13,00498-FUR-KK-CFS-PTRE-13,270,FUR-KK,151,Tersedia,Bagus,0.0,inventory/ams/inventoryPhoto/1726196630Kursi_Savello_Jaring.jpeg,inventory/ams/assets/uploads/assetsre/ap/1726196630Kursi_Savello_Jaring.jpeg,LT,Aset,Corporate,,65,2024-09-13 10:03:50.000,2024-09-13 10:03:50.000,Warna Cream
2878,499,00499-FUR-KK-CFS-PTRE-13,00499-FUR-KK-CFS-PTRE-13,270,FUR-KK,151,Tersedia,Bagus,0.0,inventory/ams/inventoryPhoto/1726196624Kursi_Savello_Jaring.jpeg,inventory/ams/assets/uploads/assetsre/ap/1726196624Kursi_Savello_Jaring.jpeg,LT,Aset,Corporate,,65,2024-09-13 10:03:44.000,2024-09-13 10:03:44.000,Warna Cream
2879,500,00500-FUR-KK-CFS-PTRE-13,00500-FUR-KK-CFS-PTRE-13,270,FUR-KK,151,Tersedia,Bagus,0.0,inventory/ams/inventoryPhoto/1726196620Kursi_Savello_Jaring.jpeg,inventory/ams/assets/uploads/assetsre/ap/1726196620Kursi_Savello_Jaring.jpeg,LT,Aset,Corporate,,65,2024-09-13 10:03:40.000,2024-09-13 10:03:40.000,Warna Cream
2880,501,00501-FUR-KK-CFS-PTRE-13,00501-FUR-KK-CFS-PTRE-13,270,FUR-KK,151,Tersedia,Bagus,0.0,inventory/ams/inventoryPhoto/1726196614Kursi_Savello_Jaring.jpeg,inventory/ams/assets/uploads/assetsre/ap/1726196614Kursi_Savello_Jaring.jpeg,LT,Aset,Corporate,,65,2024-09-13 10:03:34.000,2024-09-13 10:03:34.000,Warna Cream
2881,502,00502-FUR-KK-CFS-PTRE-13,00502-FUR-KK-CFS-PTRE-13,270,FUR-KK,151,Tersedia,Bagus,0.0,inventory/ams/inventoryPhoto/1726196603Kursi_Savello_Jaring.jpeg,inventory/ams/assets/uploads/assetsre/ap/1726196603Kursi_Savello_Jaring.jpeg,LT,Aset,Corporate,,65,2024-09-13 10:03:23.000,2024-09-13 10:03:23.000,Warna Cream
2882,503,00503-FUR-KK-CFS-PTRE-13,00503-FUR-KK-CFS-PTRE-13,270,FUR-KK,118,Tidak Aktif,Bagus,0.0,inventory/ams/inventoryPhoto/1601872613KURSI_SOFFA_SAVELLO.jpg,inventory/ams/assets/uploads/assetsre/ap/1601872613KURSI_SOFFA_SAVELLO.jpg,LT,Aset,Corporate,,65,2024-07-30 15:20:58.000,2024-07-30 15:20:58.000,Warna Cream
2883,504,00504-FUR-KK-CFS-PTRE-13,00504-FUR-KK-CFS-PTRE-13,270,FUR-KK,151,Tersedia,Bagus,0.0,inventory/ams/inventoryPhoto/1726196608Kursi_Savello_Jaring.jpeg,inventory/ams/assets/uploads/assetsre/ap/1726196608Kursi_Savello_Jaring.jpeg,LT,Aset,Corporate,,65,2024-09-13 10:03:28.000,2024-09-13 10:03:28.000,Warna Cream
2884,505,00505-FUR-KK-CFS-PTRE-13,00505-FUR-KK-CFS-PTRE-13,270,FUR-KK,151,Tersedia,Bagus,0.0,inventory/ams/inventoryPhoto/1726196597Kursi_Savello_Jaring.jpeg,inventory/ams/assets/uploads/assetsre/ap/1726196597Kursi_Savello_Jaring.jpeg,LT,Aset,Corporate,,65,2024-09-13 10:03:17.000,2024-09-13 10:03:17.000,Warna Cream
2885,508,00508-FUR-KK-CFS-PTRE-14,00508-FUR-KK-CFS-PTRE-14,269,FUR-KK,246,Tersedia,Bagus,0.0,inventory/ams/inventoryPhoto/1726196590Kursi_Savello_Jaring.jpeg,inventory/ams/assets/uploads/assetsre/ap/1726196590Kursi_Savello_Jaring.jpeg,LT,Aset,Corporate,10780,65,2026-02-06 11:20:59.000,2026-02-06 11:20:59.000,Warna Coklat
2886,515,00515-FUR-KK-CFS-PTRE-12,00515-FUR-KK-CFS-PTRE-12,284,FUR-KK,119,Tidak Aktif,Bagus,0.0,,,LT,Aset,Corporate,,1,2024-07-26 14:32:23.000,2024-07-26 14:32:23.000,Warna Hitam
2887,516,00516-FUR-KK-CFS-PTRE-12,00516-FUR-KK-CFS-PTRE-12,284,FUR-KK,119,Tidak Aktif,Bagus,0.0,,,LT,Aset,Corporate,,1,2024-07-26 14:30:49.000,2024-07-26 14:30:49.000,Warna Hitam
2888,517,00517-FUR-KK-CFS-PTRE-12,00517-FUR-KK-CFS-PTRE-12,284,FUR-KK,119,Tidak Aktif,Bagus,0.0,,,LT,Aset,Corporate,,1,2024-07-26 14:30:42.000,2024-07-26 14:30:42.000,Warna Hitam
2889,518,00518-FUR-KK-CFS-PTRE-12,00518-FUR-KK-CFS-PTRE-12,284,FUR-KK,119,Tidak Aktif,Bagus,0.0,,,LT,Aset,Corporate,,1,2024-07-26 14:30:55.000,2024-07-26 14:30:55.000,Warna Hitam
2890,519,00519-FUR-KK-CFS-PTRE-12,00519-FUR-KK-CFS-PTRE-12,284,FUR-KK,119,Tidak Aktif,Bagus,0.0,,,LT,Aset,Corporate,,1,2024-07-26 14:31:02.000,2024-07-26 14:31:02.000,Warna Hitam
2891,520,00520-FUR-KK-CFS-PTRE-12,00520-FUR-KK-CFS-PTRE-12,284,FUR-KK,119,Tidak Aktif,Bagus,0.0,,,LT,Aset,Corporate,,1,2024-07-26 14:31:08.000,2024-07-26 14:31:08.000,Warna Hitam
2892,521,00521-FUR-KK-CFS-PTRE-12,00521-FUR-KK-CFS-PTRE-12,284,FUR-KK,119,Tidak Aktif,Bagus,0.0,,,LT,Aset,Corporate,,1,2024-07-26 14:30:18.000,2024-07-26 14:30:18.000,Warna Hitam
2893,522,00522-FUR-KK-CFS-PTRE-12,00522-FUR-KK-CFS-PTRE-12,284,FUR-KK,119,Tidak Aktif,Bagus,0.0,,,LT,Aset,Corporate,,1,2024-07-26 14:30:27.000,2024-07-26 14:30:27.000,Warna Hitam
2894,523,00523-FUR-KK-CFS-PTRE-12,00523-FUR-KK-CFS-PTRE-12,284,FUR-KK,119,Tidak Aktif,Bagus,0.0,,,LT,Aset,Corporate,,1,2024-07-26 14:30:35.000,2024-07-26 14:30:35.000,Warna Hitam
2895,524,00524-FUR-KK-CFS-PTRE-12,00524-FUR-KK-CFS-PTRE-12,284,FUR-KK,119,Tidak Aktif,Bagus,0.0,,,LT,Aset,Corporate,,1,2024-07-26 14:30:10.000,2024-07-26 14:30:10.000,Warna Hitam
2896,534,00534-FUR-KK-CFS-PTRE-14,00534-FUR-KK-CFS-PTRE-14,269,FUR-KK,246,Tersedia,Bagus,0.0,inventory/ams/inventoryPhoto/1726196586Kursi_Savello_Jaring.jpeg,inventory/ams/assets/uploads/assetsre/ap/1726196586Kursi_Savello_Jaring.jpeg,LT,Aset,Corporate,10780,65,2026-02-06 11:21:14.000,2026-02-06 11:21:14.000,Warna Coklat
2897,535,00535-FUR-KK-CFS-PTRE-14,00535-FUR-KK-CFS-PTRE-14,269,FUR-KK,246,Tersedia,Bagus,0.0,inventory/ams/inventoryPhoto/1726196576Kursi_Savello_Jaring.jpeg,inventory/ams/assets/uploads/assetsre/ap/1726196576Kursi_Savello_Jaring.jpeg,LT,Aset,Corporate,10780,65,2026-02-06 11:21:07.000,2026-02-06 11:21:07.000,Warna Coklat
2898,536,00536-FUR-KK-CFS-PTRE-14,00536-FUR-KK-CFS-PTRE-14,269,FUR-KK,246,Tersedia,Bagus,0.0,inventory/ams/inventoryPhoto/1726196567Kursi_Savello_Jaring.jpeg,inventory/ams/assets/uploads/assetsre/ap/1726196567Kursi_Savello_Jaring.jpeg,LT,Aset,Corporate,10780,65,2026-02-06 11:21:21.000,2026-02-06 11:21:21.000,Warna Coklat
2899,538,00538-FUR-KK-CFS-PTRE-14,00538-FUR-KK-CFS-PTRE-14,269,FUR-KK,246,Tersedia,Bagus,0.0,inventory/ams/inventoryPhoto/1726196550Kursi_Savello_Jaring.jpeg,inventory/ams/assets/uploads/assetsre/ap/1726196550Kursi_Savello_Jaring.jpeg,LT,Aset,Corporate,10780,65,2026-02-06 11:21:28.000,2026-02-06 11:21:28.000,Warna Coklat
2900,539,00539-FUR-KK-CFS-PTRE-14,00539-FUR-kK-CFS-PTRE-14,269,FUR-KK,246,Tersedia,Bagus,0.0,inventory/ams/inventoryPhoto/1726196541Kursi_Savello_Jaring.jpeg,inventory/ams/assets/uploads/assetsre/ap/1726196541Kursi_Savello_Jaring.jpeg,LT,Aset,Corporate,10780,65,2026-02-06 11:21:36.000,2026-02-06 11:21:36.000,Warna Coklat
2901,541,00541-FUR-KK-CFS-PTRE-12,00541-FUR-KK-CFS-PTRE-12,291,FUR-KK,120,Tidak Aktif,Bagus,0.0,,,LT,Aset,Corporate,,65,2024-07-26 14:51:41.000,2024-07-26 14:51:41.000,
2902,542,00542-FUR-KK-CFS-PTRE-14,00542-FUR-KK-CFS-PTRE-14,265,FUR-KK,111,Tidak Aktif,Rusak,0.0,inventory/ams/inventoryPhoto/1726196532Kursi_Savello_Jaring.jpeg,inventory/ams/assets/uploads/assetsre/ap/1726196532Kursi_Savello_Jaring.jpeg,LT,Aset,Corporate,10780,65,2026-02-06 10:53:43.000,2026-02-06 10:53:43.000,Warna Hitam
2903,543,00543-FUR-KK-CFS-PTRE-14,00543-FUR-KK-CFS-PTRE-14,268,FUR-KK,120,Tidak Aktif,Bagus,0.0,,,LT,Aset,Corporate,,65,2024-07-26 14:51:49.000,2024-07-26 14:51:49.000,Warna Hitam
2904,544,00544-FUR-KK-CFS-PTRE-14,00544-FUR-KK-CFS-PTRE-14,268,FUR-KK,120,Tidak Aktif,Bagus,0.0,,,LT,Aset,Corporate,,65,2024-07-26 14:51:57.000,2024-07-26 14:51:57.000,Warna Hitam
2905,545,00545-FUR-KK-CFS-PTRE-14,00545-FUR-KK-CFS-PTRE-14,269,FUR-KK,111,Tidak Aktif,Rusak,0.0,inventory/ams/inventoryPhoto/1726196514Kursi_Savello_Jaring.jpeg,inventory/ams/assets/uploads/assetsre/ap/1726196514Kursi_Savello_Jaring.jpeg,LT,Aset,Corporate,10780,65,2026-02-06 10:53:49.000,2026-02-06 10:53:49.000,Warna Coklat
2906,546,00546-FUR-KK-CFS-PTRE-14,00546-FUR-KK-CFS-PTRE-14,268,FUR-KK,120,Tidak Aktif,Bagus,0.0,,,LT,Aset,Corporate,,65,2024-07-26 14:52:07.000,2024-07-26 14:52:07.000,Warna Hitam
2907,547,00547-FUR-KK-CFS-PTRE-14,00547-FUR-KK-CFS-PTRE-14,268,FUR-KK,120,Tidak Aktif,Bagus,0.0,,,LT,Aset,Corporate,,65,2024-07-26 14:52:14.000,2024-07-26 14:52:14.000,Warna Hitam
2908,548,00548-FUR-KK-CFS-PTRE-14,00548-FUR-KK-CFS-PTRE-14,269,FUR-KK,111,Tidak Aktif,Rusak,0.0,inventory/ams/inventoryPhoto/1726196507Kursi_Savello_Jaring.jpeg,inventory/ams/assets/uploads/assetsre/ap/1726196507Kursi_Savello_Jaring.jpeg,LT,Aset,Corporate,10780,65,2026-02-06 10:53:55.000,2026-02-06 10:53:55.000,Warna Coklat
2909,549,00549-FUR-KK-CFS-PTRE-14,00549-FUR-KK-CFS-PTRE-14,268,FUR-KK,120,Tidak Aktif,Bagus,0.0,,,LT,Aset,Corporate,,65,2024-07-26 14:53:16.000,2024-07-26 14:53:16.000,Warna Hitam
2910,550,00550-FUR-KK-CFS-PTRE-14,00550-FUR-KK-CFS-PTRE-14,268,FUR-KK,120,Tidak Aktif,Bagus,0.0,,,LT,Aset,Corporate,,65,2024-07-26 14:53:39.000,2024-07-26 14:53:39.000,Warna Hitam
2911,551,00551-FUR-KK-CFS-PTRE-14,00551-FUR-KK-CFS-PTRE-14,269,FUR-KK,111,Tidak Aktif,Rusak,0.0,inventory/ams/inventoryPhoto/1726196500Kursi_Savello_Jaring.jpeg,inventory/ams/assets/uploads/assetsre/ap/1726196500Kursi_Savello_Jaring.jpeg,LT,Aset,Corporate,10780,65,2026-02-06 10:54:05.000,2026-02-06 10:54:05.000,Warna Coklat
2912,552,00552-FUR-KK-CFS-PTRE-14,00552-FUR-KK-CFS-PTRE-14,268,FUR-KK,120,Tidak Aktif,Bagus,0.0,,,LT,Aset,Corporate,,65,2024-07-26 14:53:23.000,2024-07-26 14:53:23.000,Warna Hitam
2913,553,00553-FUR-KK-CFS-PTRE-14,00553-FUR-KK-CFS-PTRE-14,268,FUR-KK,120,Tidak Aktif,Bagus,0.0,,,LT,Aset,Corporate,,65,2024-07-26 14:53:29.000,2024-07-26 14:53:29.000,Warna Hitam
2914,554,00554-FUR-KK-CFS-PTRE-14,00554-FUR-KK-CFS-PTRE-14,268,FUR-KK,120,Tidak Aktif,Bagus,0.0,,,LT,Aset,Corporate,,65,2024-07-26 14:53:52.000,2024-07-26 14:53:52.000,Warna Hitam
2915,555,00555-FUR-KK-CFS-PTRE-14,00555-FUR-KK-CFS-PTRE-14,269,FUR-KK,218,Tidak Aktif,Bagus,0.0,inventory/ams/inventoryPhoto/1602730705KURSI_SAVELLO.jpg,inventory/ams/assets/uploads/assetsre/ap/1602730705KURSI_SAVELLO.jpg,LT,Aset,Corporate,,65,2024-02-16 16:35:37.000,2024-02-16 16:35:37.000,Warna Coklat
2916,556,00556-FUR-KK-CFS-PTRE-14,00556-FUR-KK-CFS-PTRE-14,265,FUR-KK,138,Tidak Aktif,Rusak,0.0,inventory/ams/inventoryPhoto/1726196493Kursi_Savello_Jaring.jpeg,inventory/ams/assets/uploads/assetsre/ap/1726196493Kursi_Savello_Jaring.jpeg,LT,Inventaris,Corporate,10780,1,2026-07-22 17:22:10.000,2026-07-22 17:22:10.000,Warna Hitam
2917,557,00557-FUR-KK-CFS-PTRE-14,00557-FUR-KK-CFS-PTRE-14,266,FUR-KK,215,Tidak Aktif,Rusak,0.0,inventory/ams/inventoryPhoto/1726196485Kursi_Savello_Jaring.jpeg,inventory/ams/assets/uploads/assetsre/ap/1726196485Kursi_Savello_Jaring.jpeg,LT,Aset,Corporate,10780,1,2026-07-15 11:37:00.000,2026-07-15 11:37:00.000,Warna Coklat
2918,558,00558-FUR-KK-CFS-PTRE-14,00558-FUR-KK-CFS-PTRE-14,266,FUR-KK,215,Dipinjam,Bagus,0.0,inventory/ams/inventoryPhoto/1726196489Kursi_Savello_Jaring.jpeg,inventory/ams/assets/uploads/assetsre/ap/1726196489Kursi_Savello_Jaring.jpeg,LT,Aset,Corporate,10780,1,2026-07-15 11:35:43.000,2026-07-15 11:35:43.000,Warna Coklat
2919,559,00559-FUR-KK-CFS-PTRE-14,00559-FUR-KK-CFS-PTRE-14,266,FUR-KK,215,Tersedia,Bagus,0.0,inventory/ams/inventoryPhoto/1726196481Kursi_Savello_Jaring.jpeg,inventory/ams/assets/uploads/assetsre/ap/1726196481Kursi_Savello_Jaring.jpeg,LT,Aset,Corporate,10780,1,2026-07-15 11:35:56.000,2026-07-15 11:35:56.000,Warna Coklat
2920,560,00560-FUR-KK-CFS-PTRE-14,00560-FUR-KK-CFS-PTRE-14,269,FUR-KK,218,Tidak Aktif,Bagus,0.0,inventory/ams/inventoryPhoto/1602730792KURSI_SAVELLO.jpg,inventory/ams/assets/uploads/assetsre/ap/1602730792KURSI_SAVELLO.jpg,LT,Aset,Corporate,,65,2024-02-16 16:35:23.000,2024-02-16 16:35:23.000,Warna Coklat
2921,562,00562-FUR-KK-CFS-PTRE-14,00562-FUR-KK-CFS-PTRE-14,265,FUR-KK,215,Tersedia,Bagus,0.0,inventory/ams/inventoryPhoto/1726196474Kursi_Savello_Jaring.jpeg,inventory/ams/assets/uploads/assetsre/ap/1726196474Kursi_Savello_Jaring.jpeg,LT,Aset,Corporate,10780,1,2026-07-15 11:36:06.000,2026-07-15 11:36:06.000,Warna Hitam
2922,563,00563-FUR-KK-CFS-PTRE-14,00563-FUR-KK-CFS-PTRE-14,265,FUR-KK,215,Tidak Aktif,Rusak,0.0,inventory/ams/inventoryPhoto/1726196444Kursi_Savello_Jaring.jpeg,inventory/ams/assets/uploads/assetsre/ap/1726196444Kursi_Savello_Jaring.jpeg,LT,Aset,Corporate,10780,1,2026-07-15 11:36:47.000,2026-07-15 11:36:47.000,Warna Hitam
2923,564,00564-FUR-KK-CFS-PTRE-14,00564-FUR-KK-CFS-PTRE-14,265,FUR-KK,121,Dipinjam,Bagus,0.0,inventory/ams/inventoryPhoto/1726196429Kursi_Savello_Jaring.jpeg,inventory/ams/assets/uploads/assetsre/ap/1726196429Kursi_Savello_Jaring.jpeg,LT,Aset,Corporate,10780,1,2026-04-10 09:08:35.000,2026-04-10 09:08:35.000,Warna Hitam
2924,565,00565-FUR-KK-CFS-PTRE-14,00565-FUR-KK-CFS-PTRE-14,265,FUR-KK,121,Tersedia,Bagus,0.0,inventory/ams/inventoryPhoto/1726196415Kursi_Savello_Jaring.jpeg,inventory/ams/assets/uploads/assetsre/ap/1726196415Kursi_Savello_Jaring.jpeg,LT,Aset,Corporate,10780,1,2026-04-10 09:08:04.000,2026-04-10 09:08:04.000,Warna Hitam
2925,566,00566-FUR-KK-CFS-PTRE-14,00566-FUR-KK-CFS-PTRE-14,265,FUR-KK,121,Dipinjam,Bagus,0.0,inventory/ams/inventoryPhoto/1726196404Kursi_Savello_Jaring.jpeg,inventory/ams/assets/uploads/assetsre/ap/1726196404Kursi_Savello_Jaring.jpeg,LT,Aset,Corporate,10780,1,2026-04-10 09:08:11.000,2026-04-10 09:08:11.000,Warna Hitam
2926,567,00567-FUR-KK-CFS-PTRE-14,00567-FUR-KK-CFS-PTRE-14,265,FUR-KK,121,Tersedia,Bagus,0.0,inventory/ams/inventoryPhoto/1726196393Kursi_Savello_Jaring.jpeg,inventory/ams/assets/uploads/assetsre/ap/1726196393Kursi_Savello_Jaring.jpeg,LT,Aset,Corporate,10780,1,2026-04-10 09:08:22.000,2026-04-10 09:08:22.000,Warna Hitam
2927,568,00568-FUR-KK-CFS-PTRE-14,00568-FUR-KK-CFS-PTRE-14,265,FUR-KK,121,Tersedia,Bagus,0.0,inventory/ams/inventoryPhoto/1726196379Kursi_Savello_Jaring.jpeg,inventory/ams/assets/uploads/assetsre/ap/1726196379Kursi_Savello_Jaring.jpeg,LT,Aset,Corporate,10780,1,2026-04-10 09:07:59.000,2026-04-10 09:07:59.000,Warna Hitam
2928,569,00569-FUR-KK-CFS-PTRE-14,00569-FUR-KK-CFS-PTRE-14,266,FUR-KK,121,Dipinjam,Bagus,0.0,inventory/ams/inventoryPhoto/1726196367Kursi_Savello_Jaring.jpeg,inventory/ams/assets/uploads/assetsre/ap/1726196367Kursi_Savello_Jaring.jpeg,LT,Aset,Corporate,10780,1,2026-04-10 09:02:01.000,2026-04-10 09:02:01.000,Warna Coklat
2929,615,00615-FUR-KK-CFS-PTRE-14,00615-FUR-KK-CFS-PTRE-14,265,FUR-KK,121,Dipinjam,Bagus,0.0,inventory/ams/inventoryPhoto/1726194910Kursi_Savello_Jaring.jpeg,inventory/ams/assets/uploads/assetsre/ap/1726194910Kursi_Savello_Jaring.jpeg,LT,Aset,Corporate,10780,79,2026-04-10 09:02:07.000,2026-04-10 09:02:07.000,Warna Hitam
2930,618,00618-FUR-KK-CFS-PTRE-14,00618-FUR-KK-CFS-PTRE-14,265,FUR-KK,121,Dipinjam,Bagus,0.0,inventory/ams/inventoryPhoto/1726194832Kursi_Savello_Jaring.jpeg,inventory/ams/assets/uploads/assetsre/ap/1726194832Kursi_Savello_Jaring.jpeg,LT,Aset,Corporate,10780,79,2026-04-10 09:01:56.000,2026-04-10 09:01:56.000,Warna Hitam
2931,619,00619-FUR-KK-CFS-PTRE-14,00619-FUR-KK-CFS-PTRE-14,265,FUR-KK,121,Dipinjam,Bagus,0.0,inventory/ams/inventoryPhoto/1726194876Kursi_Savello_Jaring.jpeg,inventory/ams/assets/uploads/assetsre/ap/1726194876Kursi_Savello_Jaring.jpeg,LT,Aset,Corporate,10780,79,2026-04-10 09:01:43.000,2026-04-10 09:01:43.000,Warna Hitam
2932,620,00620-FUR-KK-CFS-PTRE-14,00620-FUR-KK-CFS-PTRE-14,265,FUR-KK,121,Dipinjam,Bagus,0.0,inventory/ams/inventoryPhoto/1726194848Kursi_Savello_Jaring.jpeg,inventory/ams/assets/uploads/assetsre/ap/1726194848Kursi_Savello_Jaring.jpeg,LT,Aset,Corporate,10780,79,2026-04-10 09:01:28.000,2026-04-10 09:01:28.000,Warna Hitam
2933,621,00621-FUR-KK-CFS-PTRE-14,00621-FUR-KK-CFS-PTRE-14,265,FUR-KK,121,Dipinjam,Bagus,0.0,inventory/ams/inventoryPhoto/1726194838Kursi_Savello_Jaring.jpeg,inventory/ams/assets/uploads/assetsre/ap/1726194838Kursi_Savello_Jaring.jpeg,LT,Aset,Corporate,10780,79,2026-04-10 09:01:50.000,2026-04-10 09:01:50.000,Warna Hitam
2934,624,00624-FUR-KK-CFS-PTRE-14,00624-FUR-KK-CFS-PTRE-14,265,FUR-KK,121,Dipinjam,Bagus,0.0,inventory/ams/inventoryPhoto/1726194694Kursi_Savello_Jaring.jpeg,inventory/ams/assets/uploads/assetsre/ap/1726194694Kursi_Savello_Jaring.jpeg,LT,Aset,Corporate,10780,79,2026-04-10 09:01:22.000,2026-04-10 09:01:22.000,Warna Hitam
2935,625,00625-FUR-KK-CFS-PTRE-14,00625-FUR-KK-CFS-PTRE-14,265,FUR-KK,121,Dipinjam,Bagus,0.0,inventory/ams/inventoryPhoto/1726194688Kursi_Savello_Jaring.jpeg,inventory/ams/assets/uploads/assetsre/ap/1726194688Kursi_Savello_Jaring.jpeg,LT,Aset,Corporate,10780,79,2026-04-10 09:01:38.000,2026-04-10 09:01:38.000,Warna Hitam
2936,626,00626-FUR-KK-CFS-PTRE-14,00626-FUR-KK-CFS-PTRE-14,265,FUR-KK,121,Dipinjam,Bagus,0.0,inventory/ams/inventoryPhoto/1726194682Kursi_Savello_Jaring.jpeg,inventory/ams/assets/uploads/assetsre/ap/1726194682Kursi_Savello_Jaring.jpeg,LT,Inventaris,Corporate,10780,79,2026-07-22 17:17:57.000,2026-07-22 17:17:57.000,Warna Hitam
2937,628,00628-FUR-KK-CFS-PTRE-14,00628-FUR-KK-CFS-PTRE-14,265,FUR-KK,121,Dipinjam,Bagus,0.0,inventory/ams/inventoryPhoto/1726194676Kursi_Savello_Jaring.jpeg,inventory/ams/assets/uploads/assetsre/ap/1726194676Kursi_Savello_Jaring.jpeg,LT,Aset,Corporate,10780,79,2026-04-10 09:01:16.000,2026-04-10 09:01:16.000,Warna Hitam
2938,630,00630-FUR-KK-CFS-PTRE-14,00630-FUR-KK-CFS-PTRE-14,265,FUR-KK,121,Tersedia,Bagus,0.0,inventory/ams/inventoryPhoto/1726194668Kursi_Savello_Jaring.jpeg,inventory/ams/assets/uploads/assetsre/ap/1726194668Kursi_Savello_Jaring.jpeg,LT,Aset,Corporate,10780,79,2026-04-10 09:01:09.000,2026-04-10 09:01:09.000,Warna Hitam
2939,631,00631-FUR-KK-CFS-PTRE-14,00631-FUR-KK-CFS-PTRE-14,265,FUR-KK,121,Dipinjam,Bagus,0.0,inventory/ams/inventoryPhoto/1726194663Kursi_Savello_Jaring.jpeg,inventory/ams/assets/uploads/assetsre/ap/1726194663Kursi_Savello_Jaring.jpeg,LT,Aset,Corporate,10780,79,2026-04-10 09:00:59.000,2026-04-10 09:00:59.000,Warna Hitam
2940,634,00634-FUR-KK-CFS-PTRE-14,00634-FUR-KK-CFS-PTRE-14,265,FUR-KK,121,Dipinjam,Bagus,0.0,inventory/ams/inventoryPhoto/1726194658Kursi_Savello_Jaring.jpeg,inventory/ams/assets/uploads/assetsre/ap/1726194658Kursi_Savello_Jaring.jpeg,LT,Aset,Corporate,10780,79,2026-04-10 09:00:52.000,2026-04-10 09:00:52.000,Warna Hitam
2941,635,00635-FUR-KK-CFS-PTRE-14,00635-FUR-KK-CFS-PTRE-14,265,FUR-KK,121,Dipinjam,Bagus,0.0,inventory/ams/inventoryPhoto/1726194650Kursi_Savello_Jaring.jpeg,inventory/ams/assets/uploads/assetsre/ap/1726194650Kursi_Savello_Jaring.jpeg,LT,Aset,Corporate,10780,79,2026-04-10 09:00:45.000,2026-04-10 09:00:45.000,Warna Hitam
2942,636,00636-FUR-KK-CFS-PTRE-14,00636-FUR-KK-CFS-PTRE-14,265,FUR-KK,121,Tidak Aktif,Rusak,0.0,inventory/ams/inventoryPhoto/1726194646Kursi_Savello_Jaring.jpeg,inventory/ams/assets/uploads/assetsre/ap/1726194646Kursi_Savello_Jaring.jpeg,LT,Aset,Corporate,10780,79,2026-07-22 17:17:04.000,2026-07-22 17:17:04.000,Warna Hitam
2943,637,00637-FUR-KK-CFS-PTRE-14,00637-FUR-KK-CFS-PTRE-14,265,FUR-KK,121,Dipinjam,Bagus,0.0,inventory/ams/inventoryPhoto/1726194642Kursi_Savello_Jaring.jpeg,inventory/ams/assets/uploads/assetsre/ap/1726194642Kursi_Savello_Jaring.jpeg,LT,Aset,Corporate,10780,79,2026-04-10 09:00:33.000,2026-04-10 09:00:33.000,Warna Hitam
2944,638,00638-FUR-KK-CFS-PTRE-14,00638-FUR-KK-CFS-PTRE-14,265,FUR-KK,121,Tersedia,Bagus,0.0,inventory/ams/inventoryPhoto/1726194637Kursi_Savello_Jaring.jpeg,inventory/ams/assets/uploads/assetsre/ap/1726194637Kursi_Savello_Jaring.jpeg,LT,Aset,Corporate,10780,79,2026-04-10 09:00:27.000,2026-04-10 09:00:27.000,Warna Hitam
2945,679,00679-FUR-KK-CFS-PTRE-12,00679-FUR-KK-CFS-PTRE-12,290,FUR-KK,123,Tidak Aktif,Bagus,0.0,,,LT,Aset,Corporate,,1,2024-07-29 16:37:34.000,2024-07-29 16:37:34.000,
2946,680,00680-FUR-KK-CFS-PTRE-12,00680-FUR-KK-CFS-PTRE-12,290,FUR-KK,123,Tidak Aktif,Bagus,0.0,,,LT,Aset,Corporate,,1,2024-07-29 16:37:43.000,2024-07-29 16:37:43.000,
2947,712,00712-FUR-KK-CFS-PTRE-13,00712-FUR-KK-CFS-PTRE-13,268,FUR-KK,132,Tidak Aktif,Bagus,0.0,,,LT,Inventaris,Corporate,,1,2024-02-28 10:35:14.000,2024-02-28 10:35:14.000,Warna Hitam
2948,713,00713-FUR-KK-CFS-PTRE-13,00713-FUR-KK-CFS-PTRE-13,268,FUR-KK,132,Tidak Aktif,Bagus,0.0,,,LT,Inventaris,Corporate,,1,2024-02-28 10:35:04.000,2024-02-28 10:35:04.000,Warna Hitam
2949,714,00714-FUR-KK-CFS-PTRE-13,00714-FUR-KK-CFS-PTRE-13,268,FUR-KK,132,Tidak Aktif,Bagus,0.0,,,LT,Inventaris,Corporate,,1,2024-02-28 10:34:54.000,2024-02-28 10:34:54.000,Warna Hitam
2950,715,00715-FUR-KK-CFS-PTRE-13,00715-FUR-KK-CFS-PTRE-13,268,FUR-KK,132,Tidak Aktif,Bagus,0.0,,,LT,Inventaris,Corporate,,1,2024-02-28 10:34:43.000,2024-02-28 10:34:43.000,Warna Hitam
2951,716,00716-FUR-KK-CFS-PTRE-13,00716-FUR-KK-CFS-PTRE-13,268,FUR-KK,132,Tidak Aktif,Bagus,0.0,,,LT,Inventaris,Corporate,,1,2024-02-28 10:34:33.000,2024-02-28 10:34:33.000,Warna Hitam
2952,717,00717-FUR-KK-CFS-PTRE-13,00717-FUR-KK-CFS-PTRE-13,268,FUR-KK,132,Tidak Aktif,Bagus,0.0,,,LT,Inventaris,Corporate,,1,2024-02-28 10:34:22.000,2024-02-28 10:34:22.000,Warna Hitam
2953,718,00718-FUR-KK-CFS-PTRE-13,00718-FUR-KK-CFS-PTRE-13,268,FUR-KK,132,Tidak Aktif,Bagus,0.0,,,LT,Inventaris,Corporate,,1,2024-02-28 10:34:12.000,2024-02-28 10:34:12.000,Warna Hitam
2954,719,00719-FUR-KK-CFS-PTRE-13,00719-FUR-KK-CFS-PTRE-13,268,FUR-KK,132,Tidak Aktif,Bagus,0.0,,,LT,Inventaris,Corporate,,1,2024-02-28 10:34:02.000,2024-02-28 10:34:02.000,Warna Hitam
2955,720,00720-FUR-KK-CFS-PTRE-13,00720-FUR-KK-CFS-PTRE-13,268,FUR-KK,132,Tidak Aktif,Bagus,0.0,,,LT,Inventaris,Corporate,,1,2024-02-28 10:33:51.000,2024-02-28 10:33:51.000,Warna Hitam
2956,734,00734-FUR-KK-CFS-PTRE-13,00734-FUR-KK-CFS-PTRE-13,268,FUR-KK,39,Tidak Aktif,Bagus,0.0,,,LT,Aset,Corporate,,79,2024-10-02 08:05:07.000,2024-10-02 08:05:07.000,Warna Hitam
2957,735,00735-FUR-KK-CFS-PTRE-13,00735-FUR-KK-CFS-PTRE-13,269,FUR-KK,39,Tidak Aktif,Bagus,0.0,,,LT,Aset,Corporate,,79,2024-10-02 08:04:47.000,2024-10-02 08:04:47.000,Warna Coklat
2958,736,00736-FUR-KK-CFS-PTRE-13,00736-FUR-KK-CFS-PTRE-13,269,FUR-KK,39,Tidak Aktif,Bagus,0.0,,,LT,Aset,Corporate,,79,2024-10-02 08:05:18.000,2024-10-02 08:05:18.000,Warna Coklat
2959,737,00737-FUR-KK-CFS-PTRE-13,00737-FUR-KK-CFS-PTRE-13,269,FUR-KK,39,Tidak Aktif,Bagus,0.0,,,LT,Aset,Corporate,,79,2024-10-02 08:04:42.000,2024-10-02 08:04:42.000,Warna Coklat
2960,738,00738-FUR-KK-CFS-PTRE-13,00738-FUR-KK-CFS-PTRE-13,269,FUR-KK,39,Tidak Aktif,Bagus,0.0,,,LT,Aset,Corporate,,79,2024-10-02 08:04:52.000,2024-10-02 08:04:52.000,Warna Coklat
2961,739,00739-FUR-KK-CFS-PTRE-13,00739-FUR-KK-CFS-PTRE-13,269,FUR-KK,39,Tidak Aktif,Bagus,0.0,,,LT,Aset,Corporate,,79,2024-10-02 08:05:02.000,2024-10-02 08:05:02.000,Warna Coklat
2962,740,00740-FUR-KK-CFS-PTRE-13,00740-FUR-KK-CFS-PTRE-13,269,FUR-KK,39,Tidak Aktif,Bagus,0.0,,,LT,Aset,Corporate,,79,2024-10-02 08:04:37.000,2024-10-02 08:04:37.000,Warna Coklat
2963,741,00741-FUR-KK-CFS-PTRE-13,00741-FUR-KK-CFS-PTRE-13,269,FUR-KK,39,Tidak Aktif,Bagus,0.0,,,LT,Aset,Corporate,,79,2024-10-02 08:04:31.000,2024-10-02 08:04:31.000,Warna Coklat
2964,742,00742-FUR-KK-CFS-PTRE-13,00742-FUR-KK-CFS-PTRE-13,269,FUR-KK,39,Tidak Aktif,Bagus,0.0,,,LT,Aset,Corporate,,79,2024-10-02 08:04:26.000,2024-10-02 08:04:26.000,Warna Coklat
2965,743,00743-FUR-KK-CFS-PTRE-13,00743-FUR-KK-CFS-PTRE-13,269,FUR-KK,39,Tidak Aktif,Bagus,0.0,,,LT,Aset,Corporate,,79,2024-10-02 08:04:57.000,2024-10-02 08:04:57.000,Warna Coklat
2966,744,00744-FUR-KK-CFS-PTRE-13,00744-FUR-KK-CFS-PTRE-13,269,FUR-KK,39,Tidak Aktif,Bagus,0.0,inventory/ams/inventoryPhoto/1726194618Kursi_Savello_Jaring.jpeg,inventory/ams/assets/uploads/assetsre/ap/1726194618Kursi_Savello_Jaring.jpeg,LT,Aset,Corporate,,79,2024-10-02 08:04:20.000,2024-10-02 08:04:20.000,Warna Coklat
2967,745,00745-FUR-KK-CFS-PTRE-13,00745-FUR-KK-CFS-PTRE-13,269,FUR-KK,39,Tidak Aktif,Bagus,0.0,inventory/ams/inventoryPhoto/1726194622Kursi_Savello_Jaring.jpeg,inventory/ams/assets/uploads/assetsre/ap/1726194622Kursi_Savello_Jaring.jpeg,LT,Aset,Corporate,,79,2024-10-02 08:05:12.000,2024-10-02 08:05:12.000,Warna Coklat
2968,746,00746-FUR-KK-CFS-PTRE-13,00746-FUR-KK-CFS-PTRE-13,269,FUR-KK,39,Tidak Aktif,Bagus,0.0,inventory/ams/inventoryPhoto/1726194615Kursi_Savello_Jaring.jpeg,inventory/ams/assets/uploads/assetsre/ap/1726194615Kursi_Savello_Jaring.jpeg,LT,Aset,Corporate,,79,2024-10-02 08:04:12.000,2024-10-02 08:04:12.000,Warna Coklat
2969,939,00939-FUR-KK-CFS-PTRE-13,00939-FUR-MK-CFS-PTRE-13,269,FUR-KK,118,Tidak Aktif,Bagus,0.0,inventory/ams/inventoryPhoto/1601629328kursi_coklt_pendek.jpg,inventory/ams/assets/uploads/assetsre/ap/1601629328kursi_coklt_pendek.jpg,LT,Aset,Corporate,,1,2024-07-30 15:21:16.000,2024-07-30 15:21:16.000,Warna Coklat
2970,1023,01023-FUR-KK-CFS-PTRE-13,01023-FUR-KK-CFS-PTRE-13,268,FUR-KK,226,Tidak Aktif,Bagus,0.0,inventory/ams/inventoryPhoto/1726194610Kursi_Savello_Jaring.jpeg,inventory/ams/assets/uploads/assetsre/ap/1726194610Kursi_Savello_Jaring.jpeg,LT,Aset,Corporate,10780,79,2026-06-07 20:57:45.000,2026-06-07 20:57:45.000,Warna Hitam
2971,1024,01024-FUR-KK-CFS-PTRE-13,01024-FUR-KK-CFS-PTRE-13,268,FUR-KK,226,Tidak Aktif,Bagus,0.0,inventory/ams/inventoryPhoto/1726194606Kursi_Savello_Jaring.jpeg,inventory/ams/assets/uploads/assetsre/ap/1726194606Kursi_Savello_Jaring.jpeg,LT,Aset,Corporate,10780,79,2026-06-07 20:57:40.000,2026-06-07 20:57:40.000,Warna Hitam
2972,1025,01025-FUR-KK-CFS-PTRE-13,01025-FUR-KK-CFS-PTRE-13,269,FUR-KK,136,Tidak Aktif,Bagus,0.0,,,LT,Aset,Corporate,,1,2024-07-29 17:13:40.000,2024-07-29 17:13:40.000,Warna Coklat
2973,1105,0102-FUR-KK-CFS-PTRE-14,0102-FUR-KK-CFS-PTRE-14,265,FUR-KK,223,Tersedia,Bagus,0.0,inventory/ams/inventoryPhoto/1726194601Kursi_Savello_Jaring.jpeg,inventory/ams/assets/uploads/assetsre/ap/1726194601Kursi_Savello_Jaring.jpeg,LT,Aset,Corporate,10780,79,2026-04-09 14:55:18.000,2026-04-09 14:55:18.000,Warna Hitam
2974,1106,01106-FUR-KK-CFS-PTRE-14,01106-FUR-KK-CFS-PTRE-14,265,FUR-KK,138,Tersedia,Bagus,0.0,inventory/ams/inventoryPhoto/1726194594Kursi_Savello_Jaring.jpeg,inventory/ams/assets/uploads/assetsre/ap/1726194594Kursi_Savello_Jaring.jpeg,LT,Aset,Corporate,10780,79,2026-05-29 15:23:57.000,2026-05-29 15:23:57.000,Warna Hitam
2975,1107,01107-FUR-KK-CFS-PTRE-12,01107-FUR-KK-CFS-PTRE-12,291,FUR-KK,138,Tersedia,Bagus,0.0,,,LT,Aset,Corporate,,,2018-03-15 16:23:06.777,2018-03-15 16:23:06.777,
2976,1108,01108-FUR-KK-CFS-PTRE-12,01108-FUR-KK-CFS-PTRE-12,265,FUR-KK,138,Tersedia,Bagus,0.0,,,LT,Aset,Corporate,10780,79,2026-05-29 15:23:46.000,2026-05-29 15:23:46.000,Warna Hitam
2977,1109,01109-FUR-KK-CFS-PTRE-12,01109-FUR-KK-CFS-PTRE-12,265,FUR-KK,138,Tersedia,Bagus,0.0,,,LT,Aset,Corporate,10780,79,2026-05-29 15:23:37.000,2026-05-29 15:23:37.000,Warna Hitam
2978,1110,01110-FUR-KK-CFS-PTRE-12,01110-FUR-KK-CFS-PTRE-12,265,FUR-KK,138,Tidak Aktif,Rusak,0.0,,,LT,Inventaris,Corporate,10780,79,2026-07-22 17:22:32.000,2026-07-22 17:22:32.000,Warna Hitam
2979,1111,01111-FUR-KK-CFS-PTRE-14,01111-FUR-KK-CFS-PTRE-14,265,FUR-KK,138,Tersedia,Bagus,0.0,inventory/ams/inventoryPhoto/1726194588Kursi_Savello_Jaring.jpeg,inventory/ams/assets/uploads/assetsre/ap/1726194588Kursi_Savello_Jaring.jpeg,LT,Aset,Corporate,10780,79,2026-05-29 15:22:52.000,2026-05-29 15:22:52.000,Warna Hitam
2980,1112,01112-FUR-KK-CFS-PTRE-14,01112-FUR-KK-CFS-PTRE-14,265,FUR-KK,138,Tersedia,Bagus,0.0,inventory/ams/inventoryPhoto/1726194582Kursi_Savello_Jaring.jpeg,inventory/ams/assets/uploads/assetsre/ap/1726194582Kursi_Savello_Jaring.jpeg,LT,Aset,Corporate,10780,79,2026-05-29 15:22:44.000,2026-05-29 15:22:44.000,Warna Hitam
2981,1113,01113-FUR-KK-CFS-PTRE-14,01113-FUR-KK-CFS-PTRE-14,265,FUR-KK,138,Tersedia,Bagus,0.0,inventory/ams/inventoryPhoto/1726194574Kursi_Savello_Jaring.jpeg,inventory/ams/assets/uploads/assetsre/ap/1726194574Kursi_Savello_Jaring.jpeg,LT,Aset,Corporate,10780,79,2026-05-29 15:22:30.000,2026-05-29 15:22:30.000,Warna Hitam
2982,1114,01114-FUR-KK-CFS-PTRE-14,01114-FUR-KK-CFS-PTRE-14,268,FUR-KK,138,Tersedia,Bagus,0.0,inventory/ams/inventoryPhoto/1726194568Kursi_Savello_Jaring.jpeg,inventory/ams/assets/uploads/assetsre/ap/1726194568Kursi_Savello_Jaring.jpeg,LT,Aset,Corporate,,79,2025-02-13 10:48:10.000,2025-02-13 10:48:10.000,Warna Hitam
2983,1115,01115-FUR-KK-CFS-PTRE-14,01115-FUR-KK-CFS-PTRE-14,265,FUR-KK,138,Tersedia,Bagus,0.0,inventory/ams/inventoryPhoto/1726194562Kursi_Savello_Jaring.jpeg,inventory/ams/assets/uploads/assetsre/ap/1726194562Kursi_Savello_Jaring.jpeg,LT,Aset,Corporate,10780,79,2026-05-29 15:22:36.000,2026-05-29 15:22:36.000,Warna Hitam
2984,1150,01150-FUR-KK-CFS-PTRE-14,01150-FUR-KK-CFS-PTRE-14,268,FUR-KK,139,Tidak Aktif,Bagus,0.0,inventory/ams/inventoryPhoto/1712299111WhatsApp_Image_2024-02-28_at_14_29_47.jpeg,inventory/ams/assets/uploads/assetsre/ap/1712299111WhatsApp_Image_2024-02-28_at_14_29_47.jpeg,LT,Aset,Corporate,,1,2024-04-05 13:38:31.000,2024-04-05 13:38:31.000,Warna Hitam
2985,1151,01151-FUR-KK-CFS-PTRE-14,01151-FUR-KK-CFS-PTRE-14,272,FUR-KK,139,Tidak Aktif,Bagus,0.0,inventory/ams/inventoryPhoto/1712299056WhatsApp_Image_2024-02-28_at_14_29_47.jpeg,inventory/ams/assets/uploads/assetsre/ap/1712299056WhatsApp_Image_2024-02-28_at_14_29_47.jpeg,LT,Aset,Corporate,,1,2024-07-30 13:37:40.000,2024-07-30 13:37:40.000,Warna Coklat
2986,1152,01152-FUR-KK-CFS-PTRE-14,01152-FUR-KK-CFS-PTRE-14,272,FUR-KK,139,Tidak Aktif,Bagus,0.0,inventory/ams/inventoryPhoto/1712299024WhatsApp_Image_2024-02-28_at_14_29_47.jpeg,inventory/ams/assets/uploads/assetsre/ap/1712299024WhatsApp_Image_2024-02-28_at_14_29_47.jpeg,LT,Aset,Corporate,,1,2024-07-30 13:37:00.000,2024-07-30 13:37:00.000,Warna Coklat
2987,1153,01153-FUR-KK-CFS-PTRE-14,01153-FUR-KK-CFS-PTRE-14,272,FUR-KK,139,Tidak Aktif,Bagus,0.0,inventory/ams/inventoryPhoto/1712298994WhatsApp_Image_2024-02-28_at_14_29_47.jpeg,inventory/ams/assets/uploads/assetsre/ap/1712298994WhatsApp_Image_2024-02-28_at_14_29_47.jpeg,LT,Aset,Corporate,,1,2024-07-30 13:36:48.000,2024-07-30 13:36:48.000,Warna Coklat
2988,1154,01154-FUR-KK-CFS-PTRE-14,01154-FUR-KK-CFS-PTRE-14,272,FUR-KK,139,Tidak Aktif,Bagus,0.0,inventory/ams/inventoryPhoto/1712298965WhatsApp_Image_2024-02-28_at_14_29_47.jpeg,inventory/ams/assets/uploads/assetsre/ap/1712298965WhatsApp_Image_2024-02-28_at_14_29_47.jpeg,LT,Aset,Corporate,,1,2024-07-30 13:36:19.000,2024-07-30 13:36:19.000,Warna Coklat
2989,1155,01155-FUR-KK-CFS-PTRE-14,01155-FUR-KK-CFS-PTRE-14,272,FUR-KK,139,Tidak Aktif,Bagus,0.0,inventory/ams/inventoryPhoto/1712298930WhatsApp_Image_2024-02-28_at_14_29_47.jpeg,inventory/ams/assets/uploads/assetsre/ap/1712298930WhatsApp_Image_2024-02-28_at_14_29_47.jpeg,LT,Aset,Corporate,,1,2024-07-30 13:36:29.000,2024-07-30 13:36:29.000,Warna Coklat
2990,1156,01156-FUR-KK-CFS-PTRE-14,01156-FUR-KK-CFS-PTRE-14,272,FUR-KK,139,Tidak Aktif,Bagus,0.0,inventory/ams/inventoryPhoto/1712298882WhatsApp_Image_2024-02-28_at_14_29_47.jpeg,inventory/ams/assets/uploads/assetsre/ap/1712298882WhatsApp_Image_2024-02-28_at_14_29_47.jpeg,LT,Aset,Corporate,,1,2024-07-30 13:36:35.000,2024-07-30 13:36:35.000,Warna Coklat
2991,1157,01157-FUR-KK-CFS-PTRE-14,01157-FUR-KK-CFS-PTRE-14,265,FUR-KK,215,Tersedia,Bagus,0.0,inventory/ams/inventoryPhoto/1712298785WhatsApp_Image_2024-03-09_at_11_11_53.jpeg,inventory/ams/assets/uploads/assetsre/ap/1712298785WhatsApp_Image_2024-03-09_at_11_11_53.jpeg,LT,Aset,Corporate,10780,1,2026-07-15 11:38:19.000,2026-07-15 11:38:19.000,Warna Hitam
2992,1158,01158-FUR-KK-CFS-PTRE-14,01158-FUR-KK-CFS-PTRE-14,265,FUR-KK,221,Tersedia,Bagus,0.0,inventory/ams/inventoryPhoto/1712298756WhatsApp_Image_2024-03-09_at_11_11_53.jpeg,inventory/ams/assets/uploads/assetsre/ap/1712298756WhatsApp_Image_2024-03-09_at_11_11_53.jpeg,LT,Aset,Corporate,10780,1,2026-05-31 18:16:33.000,2026-05-31 18:16:33.000,Warna Hitam
2993,1159,01159-FUR-KK-CFS-PTRE-14,01159-FUR-KK-CFS-PTRE-14,265,FUR-KK,139,Tidak Aktif,Bagus,0.0,inventory/ams/inventoryPhoto/1712298727WhatsApp_Image_2024-03-09_at_11_11_53.jpeg,inventory/ams/assets/uploads/assetsre/ap/1712298727WhatsApp_Image_2024-03-09_at_11_11_53.jpeg,LT,Aset,Corporate,,1,2024-07-30 13:36:13.000,2024-07-30 13:36:13.000,Warna Hitam
2994,1160,01160-FUR-KK-CFS-PTRE-14,01160-FUR-KK-CFS-PTRE-14,265,FUR-KK,139,Tidak Aktif,Bagus,0.0,inventory/ams/inventoryPhoto/1712298698WhatsApp_Image_2024-03-09_at_11_11_53.jpeg,inventory/ams/assets/uploads/assetsre/ap/1712298698WhatsApp_Image_2024-03-09_at_11_11_53.jpeg,LT,Aset,Corporate,,1,2024-07-30 13:36:42.000,2024-07-30 13:36:42.000,Warna Hitam
2995,1161,01161-FUR-KK-CFS-PTRE-14,01161-FUR-KK-CFS-PTRE-14,265,FUR-KK,221,Tersedia,Bagus,0.0,inventory/ams/inventoryPhoto/1712298668WhatsApp_Image_2024-03-09_at_11_11_53.jpeg,inventory/ams/assets/uploads/assetsre/ap/1712298668WhatsApp_Image_2024-03-09_at_11_11_53.jpeg,LT,Aset,Corporate,10780,1,2026-05-31 18:16:21.000,2026-05-31 18:16:21.000,Warna Hitam
2996,1162,01162-FUR-KK-CFS-PTRE-14,01162-FUR-KK-CFS-PTRE-14,265,FUR-KK,139,Tidak Aktif,Bagus,0.0,inventory/ams/inventoryPhoto/1712298639WhatsApp_Image_2024-03-09_at_11_11_53.jpeg,inventory/ams/assets/uploads/assetsre/ap/1712298639WhatsApp_Image_2024-03-09_at_11_11_53.jpeg,LT,Aset,Corporate,,1,2024-07-30 13:35:46.000,2024-07-30 13:35:46.000,Warna Hitam
2997,1163,01163-FUR-KK-CFS-PTRE-14,01163-FUR-KK-CFS-PTRE-14,265,FUR-KK,221,Tersedia,Bagus,0.0,inventory/ams/inventoryPhoto/1712298614WhatsApp_Image_2024-03-09_at_11_11_53.jpeg,inventory/ams/assets/uploads/assetsre/ap/1712298614WhatsApp_Image_2024-03-09_at_11_11_53.jpeg,LT,Aset,Corporate,10780,1,2026-05-31 18:16:42.000,2026-05-31 18:16:42.000,Warna Hitam
2998,1226,01226-FUR-KK-CFS-PTRE-14,01226-FUR-KK-CFS-PTRE-14,265,FUR-KK,221,Tersedia,Bagus,0.0,inventory/ams/inventoryPhoto/1712298535WhatsApp_Image_2024-03-09_at_11_11_53.jpeg,inventory/ams/assets/uploads/assetsre/ap/1712298535WhatsApp_Image_2024-03-09_at_11_11_53.jpeg,LT,Aset,Corporate,10780,1,2026-05-31 18:15:45.000,2026-05-31 18:15:45.000,Warna Hitam
2999,1227,01227-FUR-KK-CFS-PTRE-14,01227-FUR-KK-CFS-PTRE-14,265,FUR-KK,221,Tersedia,Bagus,0.0,inventory/ams/inventoryPhoto/1712298502WhatsApp_Image_2024-03-09_at_11_11_53.jpeg,inventory/ams/assets/uploads/assetsre/ap/1712298502WhatsApp_Image_2024-03-09_at_11_11_53.jpeg,LT,Aset,Corporate,10780,1,2026-05-31 18:17:07.000,2026-05-31 18:17:07.000,Warna Hitam
3000,1228,01228-FUR-KK-CFS-PTRE-14,01228-FUR-KK-CFS-PTRE-14,265,FUR-KK,221,Tersedia,Bagus,0.0,inventory/ams/inventoryPhoto/1712298464WhatsApp_Image_2024-03-09_at_11_11_53.jpeg,inventory/ams/assets/uploads/assetsre/ap/1712298464WhatsApp_Image_2024-03-09_at_11_11_53.jpeg,LT,Aset,Corporate,10780,1,2026-05-31 18:15:01.000,2026-05-31 18:15:01.000,Warna Hitam
3001,1230,01230-FUR-KK-CFS-PTRE-14,01230-FUR-KK-CFS-PTRE-14,265,FUR-KK,221,Tersedia,Bagus,0.0,inventory/ams/inventoryPhoto/1712298428WhatsApp_Image_2024-03-09_at_11_11_53.jpeg,inventory/ams/assets/uploads/assetsre/ap/1712298428WhatsApp_Image_2024-03-09_at_11_11_53.jpeg,LT,Aset,Corporate,10780,1,2026-05-31 18:15:13.000,2026-05-31 18:15:13.000,Warna Hitam
3002,1231,01231-FUR-KK-CFS-PTRE-14,01231-FUR-KK-CFS-PTRE-14,265,FUR-KK,221,Tersedia,Bagus,0.0,inventory/ams/inventoryPhoto/1712298399WhatsApp_Image_2024-03-09_at_11_11_53.jpeg,inventory/ams/assets/uploads/assetsre/ap/1712298399WhatsApp_Image_2024-03-09_at_11_11_53.jpeg,LT,Aset,Corporate,10780,1,2026-05-31 18:15:26.000,2026-05-31 18:15:26.000,Warna Hitam
3003,1232,01232-FUR-KK-CFS-PTRE-14,01232-FUR-KK-CFS-PTRE-14,265,FUR-KK,221,Tersedia,Bagus,0.0,inventory/ams/inventoryPhoto/1712298374WhatsApp_Image_2024-03-09_at_11_11_53.jpeg,inventory/ams/assets/uploads/assetsre/ap/1712298374WhatsApp_Image_2024-03-09_at_11_11_53.jpeg,LT,Aset,Corporate,10780,1,2026-05-31 18:15:55.000,2026-05-31 18:15:55.000,Warna Hitam
3004,1233,01233-FUR-KK-CFS-PTRE-14,01233-FUR-KK-CFS-PTRE-14,265,FUR-KK,140,Tidak Aktif,Bagus,0.0,inventory/ams/inventoryPhoto/1712298341WhatsApp_Image_2024-03-09_at_11_11_53.jpeg,inventory/ams/assets/uploads/assetsre/ap/1712298341WhatsApp_Image_2024-03-09_at_11_11_53.jpeg,LT,Aset,Corporate,,1,2024-07-30 13:53:25.000,2024-07-30 13:53:25.000,Warna Hitam
3005,1235,01235-FUR-KK-CFS-PTRE-14,01235-FUR-KK-CFS-PTRE-14,265,FUR-KK,140,Tidak Aktif,Bagus,0.0,inventory/ams/inventoryPhoto/1712298304WhatsApp_Image_2024-03-09_at_11_11_53.jpeg,inventory/ams/assets/uploads/assetsre/ap/1712298304WhatsApp_Image_2024-03-09_at_11_11_53.jpeg,LT,Aset,Corporate,,1,2024-07-30 13:53:19.000,2024-07-30 13:53:19.000,Warna Hitam
3006,1239,01239-FUR-KK-CFS-PTRE-14,01239-FUR-KK-CFS-PTRE-14,265,FUR-KK,140,Tidak Aktif,Bagus,0.0,inventory/ams/inventoryPhoto/1712298277WhatsApp_Image_2024-03-09_at_11_11_53.jpeg,inventory/ams/assets/uploads/assetsre/ap/1712298277WhatsApp_Image_2024-03-09_at_11_11_53.jpeg,LT,Aset,Corporate,,1,2024-07-30 13:54:12.000,2024-07-30 13:54:12.000,Warna Hitam
3007,1240,01240-FUR-KK-CFS-PTRE-14,01240-FUR-KK-CFS-PTRE-14,265,FUR-KK,140,Tidak Aktif,Bagus,0.0,inventory/ams/inventoryPhoto/1712298243WhatsApp_Image_2024-03-09_at_11_11_53.jpeg,inventory/ams/assets/uploads/assetsre/ap/1712298243WhatsApp_Image_2024-03-09_at_11_11_53.jpeg,LT,Aset,Corporate,,1,2024-07-30 13:47:31.000,2024-07-30 13:47:31.000,Warna Hitam
3008,1241,01241-FUR-KK-CFS-PTRE-14,01241-FUR-KK-CFS-PTRE-14,265,FUR-KK,140,Tidak Aktif,Bagus,0.0,inventory/ams/inventoryPhoto/1712298216WhatsApp_Image_2024-03-09_at_11_11_53.jpeg,inventory/ams/assets/uploads/assetsre/ap/1712298216WhatsApp_Image_2024-03-09_at_11_11_53.jpeg,LT,Aset,Corporate,,1,2024-07-30 13:47:38.000,2024-07-30 13:47:38.000,Warna Hitam
3009,1242,01242-FUR-KK-CFS-PTRE-14,01242-FUR-KK-CFS-PTRE-14,265,FUR-KK,140,Tidak Aktif,Bagus,0.0,inventory/ams/inventoryPhoto/1712298184WhatsApp_Image_2024-03-09_at_11_11_53.jpeg,inventory/ams/assets/uploads/assetsre/ap/1712298184WhatsApp_Image_2024-03-09_at_11_11_53.jpeg,LT,Aset,Corporate,,1,2024-07-30 13:47:18.000,2024-07-30 13:47:18.000,Warna Hitam
3010,1243,01243-FUR-KK-CFS-PTRE-14,01243-FUR-KK-CFS-PTRE-14,265,FUR-KK,140,Tidak Aktif,Bagus,0.0,inventory/ams/inventoryPhoto/1712298148WhatsApp_Image_2024-03-09_at_11_11_53.jpeg,inventory/ams/assets/uploads/assetsre/ap/1712298148WhatsApp_Image_2024-03-09_at_11_11_53.jpeg,LT,Aset,Corporate,,1,2024-07-30 13:47:24.000,2024-07-30 13:47:24.000,Warna Hitam
3011,1244,01244-FUR-KK-CFS-PTRE-14,01244-FUR-KK-CFS-PTRE-14,265,FUR-KK,140,Tidak Aktif,Bagus,0.0,inventory/ams/inventoryPhoto/1712298118WhatsApp_Image_2024-03-09_at_11_11_53.jpeg,inventory/ams/assets/uploads/assetsre/ap/1712298118WhatsApp_Image_2024-03-09_at_11_11_53.jpeg,LT,Aset,Corporate,,1,2024-07-30 13:46:57.000,2024-07-30 13:46:57.000,Warna Hitam
3012,1245,01245-FUR-KK-CFS-PTRE-14,01245-FUR-KK-CFS-PTRE-14,265,FUR-KK,140,Tidak Aktif,Bagus,0.0,inventory/ams/inventoryPhoto/1712298078WhatsApp_Image_2024-03-09_at_11_11_53.jpeg,inventory/ams/assets/uploads/assetsre/ap/1712298078WhatsApp_Image_2024-03-09_at_11_11_53.jpeg,LT,Aset,Corporate,,1,2024-07-30 13:47:12.000,2024-07-30 13:47:12.000,Warna Hitam
3013,1246,01246-FUR-KK-CFS-PTRE-14,01246-FUR-KK-CFS-PTRE-14,265,FUR-KK,140,Tidak Aktif,Bagus,0.0,inventory/ams/inventoryPhoto/1712298044WhatsApp_Image_2024-03-09_at_11_11_53.jpeg,inventory/ams/assets/uploads/assetsre/ap/1712298044WhatsApp_Image_2024-03-09_at_11_11_53.jpeg,LT,Aset,Corporate,,1,2024-07-30 13:46:51.000,2024-07-30 13:46:51.000,Warna Hitam
3014,1247,01247-FUR-KK-CFS-PTRE-14,01247-FUR-KK-CFS-PTRE-14,265,FUR-KK,140,Tidak Aktif,Bagus,0.0,inventory/ams/inventoryPhoto/1712297962WhatsApp_Image_2024-03-09_at_11_11_53.jpeg,inventory/ams/assets/uploads/assetsre/ap/1712297962WhatsApp_Image_2024-03-09_at_11_11_53.jpeg,LT,Aset,Corporate,,1,2024-07-30 13:53:41.000,2024-07-30 13:53:41.000,Warna Hitam
3015,1248,01248-FUR-KK-CFS-PTRE-14,01248-FUR-KK-CFS-PTRE-14,265,FUR-KK,140,Tidak Aktif,Bagus,0.0,inventory/ams/inventoryPhoto/1712297933WhatsApp_Image_2024-03-09_at_11_11_53.jpeg,inventory/ams/assets/uploads/assetsre/ap/1712297933WhatsApp_Image_2024-03-09_at_11_11_53.jpeg,LT,Aset,Corporate,,1,2024-07-30 13:46:14.000,2024-07-30 13:46:14.000,Warna Hitam
3016,1249,01249-FUR-KK-CFS-PTRE-14,01249-FUR-KK-CFS-PTRE-14,265,FUR-KK,140,Tidak Aktif,Bagus,0.0,inventory/ams/inventoryPhoto/1712297902WhatsApp_Image_2024-03-09_at_11_11_53.jpeg,inventory/ams/assets/uploads/assetsre/ap/1712297902WhatsApp_Image_2024-03-09_at_11_11_53.jpeg,LT,Aset,Corporate,,1,2024-07-30 13:41:49.000,2024-07-30 13:41:49.000,Warna Hitam
3017,1250,01250-FUR-KK-CFS-PTRE-14,01250-FUR-KK-CFS-PTRE-14,265,FUR-KK,140,Tidak Aktif,Bagus,0.0,inventory/ams/inventoryPhoto/1712297873WhatsApp_Image_2024-03-09_at_11_11_53.jpeg,inventory/ams/assets/uploads/assetsre/ap/1712297873WhatsApp_Image_2024-03-09_at_11_11_53.jpeg,LT,Aset,Corporate,,1,2024-07-30 13:46:21.000,2024-07-30 13:46:21.000,Warna Hitam
3018,1251,01251-FUR-KK-CFS-PTRE-14,01251-FUR-KK-CFS-PTRE-14,265,FUR-KK,140,Tidak Aktif,Bagus,0.0,inventory/ams/inventoryPhoto/1712297845WhatsApp_Image_2024-03-09_at_11_11_53.jpeg,inventory/ams/assets/uploads/assetsre/ap/1712297845WhatsApp_Image_2024-03-09_at_11_11_53.jpeg,LT,Aset,Corporate,,1,2024-07-30 13:41:42.000,2024-07-30 13:41:42.000,Warna Hitam
3019,1252,01252-FUR-KK-CFS-PTRE-14,01252-FUR-KK-CFS-PTRE-14,265,FUR-KK,140,Tidak Aktif,Bagus,0.0,inventory/ams/inventoryPhoto/1712297616WhatsApp_Image_2024-03-09_at_11_11_53.jpeg,inventory/ams/assets/uploads/assetsre/ap/1712297616WhatsApp_Image_2024-03-09_at_11_11_53.jpeg,LT,Aset,Corporate,,1,2024-07-30 13:46:45.000,2024-07-30 13:46:45.000,Warna Hitam
3020,1253,01253-FUR-KK-CFS-PTRE-14,01253-FUR-KK-CFS-PTRE-14,265,FUR-KK,140,Tidak Aktif,Bagus,0.0,inventory/ams/inventoryPhoto/1712297764WhatsApp_Image_2024-03-09_at_11_11_53.jpeg,inventory/ams/assets/uploads/assetsre/ap/1712297764WhatsApp_Image_2024-03-09_at_11_11_53.jpeg,LT,Aset,Corporate,,1,2024-07-30 13:46:02.000,2024-07-30 13:46:02.000,Warna Hitam
3021,1254,01254-FUR-KK-CFS-PTRE-14,01254-FUR-KK-CFS-PTRE-14,265,FUR-KK,140,Tidak Aktif,Bagus,0.0,inventory/ams/inventoryPhoto/1712297750WhatsApp_Image_2024-03-09_at_11_11_53.jpeg,inventory/ams/assets/uploads/assetsre/ap/1712297750WhatsApp_Image_2024-03-09_at_11_11_53.jpeg,LT,Aset,Corporate,,1,2024-07-30 13:45:55.000,2024-07-30 13:45:55.000,Warna Hitam
3022,1255,01255-FUR-KK-CFS-PTRE-14,01255-FUR-KK-CFS-PTRE-14,265,FUR-KK,140,Tidak Aktif,Bagus,0.0,inventory/ams/inventoryPhoto/1712297738WhatsApp_Image_2024-03-09_at_11_11_53.jpeg,inventory/ams/assets/uploads/assetsre/ap/1712297738WhatsApp_Image_2024-03-09_at_11_11_53.jpeg,LT,Aset,Corporate,,1,2024-07-30 13:53:56.000,2024-07-30 13:53:56.000,Warna Hitam
3023,1256,01256-FUR-KK-CFS-PTRE-14,01256-FUR-KK-CFS-PTRE-14,265,FUR-KK,140,Tidak Aktif,Bagus,0.0,inventory/ams/inventoryPhoto/1712297723WhatsApp_Image_2024-03-09_at_11_11_53.jpeg,inventory/ams/assets/uploads/assetsre/ap/1712297723WhatsApp_Image_2024-03-09_at_11_11_53.jpeg,LT,Aset,Corporate,,1,2024-07-30 13:41:16.000,2024-07-30 13:41:16.000,Warna Hitam
3024,1257,01257-FUR-KK-CFS-PTRE-14,01257-FUR-KK-CFS-PTRE-14,265,FUR-KK,140,Tidak Aktif,Bagus,0.0,inventory/ams/inventoryPhoto/1712297709WhatsApp_Image_2024-03-09_at_11_11_53.jpeg,inventory/ams/assets/uploads/assetsre/ap/1712297709WhatsApp_Image_2024-03-09_at_11_11_53.jpeg,LT,Aset,Corporate,,1,2024-07-30 13:41:22.000,2024-07-30 13:41:22.000,Warna Hitam
3025,1258,01258-FUR-KK-CFS-PTRE-14,01258-FUR-KK-CFS-PTRE-14,265,FUR-KK,140,Tidak Aktif,Bagus,0.0,inventory/ams/inventoryPhoto/1712297696WhatsApp_Image_2024-03-09_at_11_11_53.jpeg,inventory/ams/assets/uploads/assetsre/ap/1712297696WhatsApp_Image_2024-03-09_at_11_11_53.jpeg,LT,Aset,Corporate,,1,2024-07-30 13:41:32.000,2024-07-30 13:41:32.000,Warna Hitam
3026,1259,01259-FUR-KK-CFS-PTRE-13,01259-FUR-KK-CFS-PTRE-13,265,FUR-KK,215,Tersedia,Bagus,0.0,inventory/ams/inventoryPhoto/1602734144Kursi_Kerja_Hitam.jpg,inventory/ams/assets/uploads/assetsre/ap/1602734144Kursi_Kerja_Hitam.jpg,LT,Aset,Corporate,10780,65,2026-07-15 11:37:35.000,2026-07-15 11:37:35.000,Warna Hitam
3027,1260,01260-FUR-KK-CFS-PTRE-14,01260-FUR-KK-CFS-PTRE-14,265,FUR-KK,140,Tidak Aktif,Bagus,0.0,inventory/ams/inventoryPhoto/1712297684WhatsApp_Image_2024-03-09_at_11_11_53.jpeg,inventory/ams/assets/uploads/assetsre/ap/1712297684WhatsApp_Image_2024-03-09_at_11_11_53.jpeg,LT,Aset,Corporate,,1,2024-07-30 13:46:07.000,2024-07-30 13:46:07.000,Warna Hitam
3028,1261,01261-FUR-KK-CFS-PTRE-14,01261-FUR-KK-CFS-PTRE-14,265,FUR-KK,232,Tersedia,Bagus,0.0,inventory/ams/inventoryPhoto/1712297671WhatsApp_Image_2024-03-09_at_11_11_53.jpeg,inventory/ams/assets/uploads/assetsre/ap/1712297671WhatsApp_Image_2024-03-09_at_11_11_53.jpeg,LT,Aset,Corporate,10780,1,2026-05-29 10:08:11.000,2026-05-29 10:08:11.000,Warna Hitam
3029,1262,01262-FUR-KK-CFS-PTRE-14,01262-FUR-KK-CFS-PTRE-14,265,FUR-KK,232,Tersedia,Bagus,0.0,inventory/ams/inventoryPhoto/1712297657WhatsApp_Image_2024-03-09_at_11_11_53.jpeg,inventory/ams/assets/uploads/assetsre/ap/1712297657WhatsApp_Image_2024-03-09_at_11_11_53.jpeg,LT,Aset,Corporate,10780,1,2026-05-29 10:08:27.000,2026-05-29 10:08:27.000,Warna Hitam
3030,1263,01263-FUR-KK-CFS-PTRE-14,01263-FUR-KK-CFS-PTRE-14,265,FUR-KK,232,Tersedia,Bagus,0.0,inventory/ams/inventoryPhoto/1712297645WhatsApp_Image_2024-03-09_at_11_11_53.jpeg,inventory/ams/assets/uploads/assetsre/ap/1712297645WhatsApp_Image_2024-03-09_at_11_11_53.jpeg,LT,Aset,Corporate,10780,1,2026-05-29 10:08:40.000,2026-05-29 10:08:40.000,Warna Hitam
3031,1264,01264-FUR-KK-CFS-PTRE-14,01264-FUR-KK-CFS-PTRE-14,265,FUR-KK,140,Tidak Aktif,Bagus,0.0,inventory/ams/inventoryPhoto/1712297632WhatsApp_Image_2024-03-09_at_11_11_53.jpeg,inventory/ams/assets/uploads/assetsre/ap/1712297632WhatsApp_Image_2024-03-09_at_11_11_53.jpeg,LT,Aset,Corporate,,1,2024-07-30 13:53:47.000,2024-07-30 13:53:47.000,Warna Hitam
3032,1317,01317-FUR-KK-CFS-PTRE-12,01317-FUR-KK-CFS-PTRE-12,289,FUR-KK,143,Tidak Aktif,Bagus,0.0,,,LT,Aset,Corporate,,1,2024-08-01 09:02:10.000,2024-08-01 09:02:10.000,
3033,1345,01345-FUR-KK-CFS-PTRE-14,01345-FUR-KK-CFS-PTRE-14,269,FUR-KK,149,Tersedia,Bagus,0.0,inventory/ams/inventoryPhoto/1726194550kursi_Coklat.jpeg,inventory/ams/assets/uploads/assetsre/ap/1726194550kursi_Coklat.jpeg,LT,Aset,Corporate,,79,2024-09-13 09:29:10.000,2024-09-13 09:29:10.000,Warna Coklat
3034,1407,01407-FUR-KK-CFS-PTRE-14,01407-FUR-KK-CFS-PTRE-14,281,FUR-KK,165,Tidak Aktif,Bagus,0.0,inventory/ams/inventoryPhoto/1603352772LACI_KERJA.jpg,inventory/ams/assets/uploads/assetsre/ap/1603352772LACI_KERJA.jpg,LT,Aset,Corporate,,65,2024-07-31 14:37:09.000,2024-07-31 14:37:09.000,Warna Cream
3035,1421,01421-FUR-KK-CFS-PTRE-14,01421-FUR-KK-CFS-PTRE-14,269,FUR-KK,183,Tidak Aktif,Rusak,0.0,inventory/ams/inventoryPhoto/1726194528kursi_Coklat.jpeg,inventory/ams/assets/uploads/assetsre/ap/1726194528kursi_Coklat.jpeg,LT,Aset,Corporate,10780,65,2026-02-06 10:58:28.000,2026-02-06 10:58:28.000,Warna Coklat
3036,1438,01438-FUR-KK-CFS-PTRE-12,01438-FUR-KK-CFS-PTRE-12,268,FUR-KK,153,Tersedia,Bagus,0.0,,,LT,Aset,Corporate,,1,2024-08-01 13:49:47.000,2024-08-01 13:49:47.000,Warna Hitam
3037,1439,01439-FUR-KK-CFS-PTRE-14,01439-FUR-KK-CFS-PTRE-14,268,FUR-KK,153,Tersedia,Bagus,0.0,,,LT,Aset,Corporate,,,2018-03-15 16:23:06.777,2018-03-15 16:23:06.777,Warna Hitam
3038,1440,01440-FUR-KK-CFS-PTRE-14,01440-FUR-KK-CFS-PTRE-14,268,FUR-KK,153,Tersedia,Bagus,0.0,inventory/ams/inventoryPhoto/1726194414Kursi_Savello_Jaring.jpeg,inventory/ams/assets/uploads/assetsre/ap/1726194414Kursi_Savello_Jaring.jpeg,LT,Aset,Corporate,,65,2024-09-13 09:26:54.000,2024-09-13 09:26:54.000,Warna Hitam
3039,1441,03910-FUR-KK-CFS-PTRE-14,03910-FUR-KK-CFS-PTRE-14,275,FUR-KK,153,Tidak Aktif,Bagus,0.0,,,LT,Aset,Corporate,10780,1,2024-08-23 14:39:38.000,2024-08-23 14:39:38.000,
3040,1472,01472-FUR-KK-CFS-PTRE-14,01472-FUR-KK-CFS-PTRE-14,268,FUR-KK,155,Tidak Aktif,Bagus,0.0,,,LT,Aset,Corporate,,1,2024-08-01 11:33:09.000,2024-08-01 11:33:09.000,Warna Hitam
3041,1477,01477-FUR-KK-CFS-PTRE-14,01477-FUR-KK-CFS-PTRE-14,268,FUR-KK,155,Tersedia,Bagus,0.0,inventory/ams/inventoryPhoto/1726194404Kursi_Savello_Jaring.jpeg,inventory/ams/assets/uploads/assetsre/ap/1726194404Kursi_Savello_Jaring.jpeg,LT,Inventaris,Corporate,,65,2024-09-13 09:26:44.000,2024-09-13 09:26:44.000,Warna Hitam
3042,1479,01479-FUR-KK-CFS-PTRE-14,01479-FUR-KK-CFS-PTRE-14,289,FUR-KK,155,Tidak Aktif,Bagus,0.0,,,LT,Aset,Corporate,,1,2024-08-01 11:02:59.000,2024-08-01 11:02:59.000,
3043,1480,01480-FUR-KK-CFS-PTRE-14,01480-FUR-KK-CFS-PTRE-14,289,FUR-KK,155,Tidak Aktif,Bagus,0.0,,,LT,Aset,Corporate,,1,2024-08-01 11:03:09.000,2024-08-01 11:03:09.000,
3044,1494,01494-FUR-KK-CFS-PTRE-12,01494-FUR-KK-CFS-PTRE-12,289,FUR-KK,156,Tidak Aktif,Bagus,0.0,,,LT,Aset,Corporate,,65,2024-08-01 11:52:20.000,2024-08-01 11:52:20.000,
3045,1497,01497-FUR-KK-CFS-PTRE-12,01497-FUR-KK-CFS-PTRE-12,277,FUR-KK,121,Tersedia,Bagus,0.0,inventory/ams/inventoryPhoto/1726211860kursi_kerja_uno.jpeg,inventory/ams/assets/uploads/assetsre/ap/1726211860kursi_kerja_uno.jpeg,LT,Aset,Corporate,10780,65,2026-04-10 09:00:20.000,2026-04-10 09:00:20.000,Warna Coklat
3046,1498,01498-FUR-KK-CFS-PTRE-12,01498-FUR-KK-CFS-PTRE-12,280,FUR-KK,156,Tidak Aktif,Bagus,0.0,,,LT,Aset,Corporate,,65,2024-08-01 11:43:36.000,2024-08-01 11:43:36.000,Warna Coklat
3047,1510,01510-FUR-KK-CFS-PTRE-12,01510-FUR-KK-CFS-PTRE-12,289,FUR-KK,157,Tidak Aktif,Bagus,0.0,,,LT,Aset,Corporate,,1,2024-08-22 15:21:08.000,2024-08-22 15:21:08.000,
3048,1513,01513-FUR-KK-CFS-PTRE-14,01513-FUR-KK-CFS-PTRE-14,280,FUR-KK,157,Tidak Aktif,Bagus,0.0,,,LT,Aset,Corporate,,1,2024-08-22 15:21:01.000,2024-08-22 15:21:01.000,Warna Coklat
3049,1514,01514-FUR-KK-CFS-PTRE-14,01514-FUR-KK-CFS-PTRE-14,280,FUR-KK,157,Tidak Aktif,Bagus,0.0,,,LT,Aset,Corporate,,1,2024-08-22 15:20:54.000,2024-08-22 15:20:54.000,Warna Coklat
3050,1515,01515-FUR-KK-CFS-PTRE-14,01515-FUR-KK-CFS-PTRE-14,280,FUR-KK,157,Tidak Aktif,Bagus,0.0,,,LT,Aset,Corporate,,1,2024-08-22 15:20:45.000,2024-08-22 15:20:45.000,Warna Coklat
3051,1545,01545-FUR-KK-CFS-PTRE-12,01545-FUR-KK-CFS-PTRE-12,284,FUR-KK,162,Tersedia,Bagus,0.0,inventory/ams/inventoryPhoto/1726211264Kursi_Pantry.jpeg,inventory/ams/assets/uploads/assetsre/ap/1726211264Kursi_Pantry.jpeg,LT,Aset,Corporate,,1,2024-09-13 14:07:44.000,2024-09-13 14:07:44.000,Warna Hitam
3052,1551,01551-FUR-KK-CFS-PTRE-12,01551-FUR-KK-CFS-PTRE-12,284,FUR-KK,163,Tidak Aktif,Rusak,0.0,,,LT,Inventaris,Corporate,,1,2024-02-28 10:37:49.000,2024-02-28 10:37:49.000,Warna Hitam
3053,1560,01560-FUR-KK-CFS-PTRE-14,01560-FUR-KK-CFS-PTRE-14,277,FUR-KK,236,Tersedia,Bagus,0.0,inventory/ams/inventoryPhoto/1709279595WhatsApp_Image_2024-02-28_at_14_18_19.jpeg,inventory/ams/assets/uploads/assetsre/ap/1709279595WhatsApp_Image_2024-02-28_at_14_18_19.jpeg,LT,Aset,Corporate,,65,2024-03-01 14:53:15.000,2024-03-01 14:53:15.000,Warna Coklat
3054,1561,01561-FUR-KK-CFS-PTRE-14,01561-FUR-KK-CFS-PTRE-14,277,FUR-KK,236,Tersedia,Bagus,0.0,inventory/ams/inventoryPhoto/1709279551WhatsApp_Image_2024-02-28_at_14_18_19.jpeg,inventory/ams/assets/uploads/assetsre/ap/1709279551WhatsApp_Image_2024-02-28_at_14_18_19.jpeg,LT,Aset,Corporate,,65,2024-03-01 14:52:31.000,2024-03-01 14:52:31.000,Warna Coklat
3055,1562,01562-FUR-KK-CFS-PTRE-14,01562-FUR-KK-CFS-PTRE-14,277,FUR-KK,236,Tersedia,Bagus,0.0,inventory/ams/inventoryPhoto/1709279481WhatsApp_Image_2024-02-28_at_14_18_19.jpeg,inventory/ams/assets/uploads/assetsre/ap/1709279481WhatsApp_Image_2024-02-28_at_14_18_19.jpeg,LT,Aset,Corporate,,65,2024-03-01 14:51:21.000,2024-03-01 14:51:21.000,Warna Coklat
3056,1564,01564-FUR-KK-CFS-PTRE-14,01564-FUR-KK-CFS-PTRE-14,277,FUR-KK,236,Tersedia,Bagus,0.0,inventory/ams/inventoryPhoto/1709279258WhatsApp_Image_2024-02-28_at_14_18_19.jpeg,inventory/ams/assets/uploads/assetsre/ap/1709279258WhatsApp_Image_2024-02-28_at_14_18_19.jpeg,LT,Aset,Corporate,,65,2024-03-01 14:47:38.000,2024-03-01 14:47:38.000,Warna Coklat
3057,1566,01566-FUR-KK-CFS-PTRE-14,01566-FUR-KK-CFS-PTRE-14,276,FUR-KK,236,Tersedia,Bagus,0.0,inventory/ams/inventoryPhoto/1709279175WhatsApp_Image_2024-02-28_at_14_18_19.jpeg,inventory/ams/assets/uploads/assetsre/ap/1709279175WhatsApp_Image_2024-02-28_at_14_18_19.jpeg,LT,Aset,Corporate,,65,2024-03-01 14:46:15.000,2024-03-01 14:46:15.000,Warna Hitam
3058,1567,01567-FUR-KK-CFS-PTRE-14,01567-FUR-KK-CFS-PTRE-14,277,FUR-KK,236,Tersedia,Bagus,0.0,inventory/ams/inventoryPhoto/1709279117WhatsApp_Image_2024-02-28_at_14_18_19.jpeg,inventory/ams/assets/uploads/assetsre/ap/1709279117WhatsApp_Image_2024-02-28_at_14_18_19.jpeg,LT,Aset,Corporate,,65,2024-03-01 14:45:17.000,2024-03-01 14:45:17.000,Warna Coklat
3059,1568,01568-FUR-KK-CFS-PTRE-14,01568-FUR-KK-CFS-PTRE-14,277,FUR-KK,236,Tersedia,Bagus,0.0,inventory/ams/inventoryPhoto/1709279064WhatsApp_Image_2024-02-28_at_14_18_19.jpeg,inventory/ams/assets/uploads/assetsre/ap/1709279064WhatsApp_Image_2024-02-28_at_14_18_19.jpeg,LT,Aset,Corporate,,65,2024-03-01 14:44:24.000,2024-03-01 14:44:24.000,Warna Coklat
3060,1570,01570-FUR-KK-CFS-PTRE-14,01570-FUR-KK-CFS-PTRE-14,276,FUR-KK,236,Tersedia,Bagus,0.0,inventory/ams/inventoryPhoto/1709279015WhatsApp_Image_2024-02-28_at_14_18_19.jpeg,inventory/ams/assets/uploads/assetsre/ap/1709279015WhatsApp_Image_2024-02-28_at_14_18_19.jpeg,LT,Aset,Corporate,,65,2024-03-01 14:43:35.000,2024-03-01 14:43:35.000,Warna Hitam
3061,1571,01571-FUR-KK-CFS-PTRE-14,01571-FUR-KK-CFS-PTRE-14,277,FUR-KK,236,Tersedia,Bagus,0.0,inventory/ams/inventoryPhoto/1709278892WhatsApp_Image_2024-02-28_at_14_18_19.jpeg,inventory/ams/assets/uploads/assetsre/ap/1709278892WhatsApp_Image_2024-02-28_at_14_18_19.jpeg,LT,Aset,Corporate,,65,2024-03-01 14:41:32.000,2024-03-01 14:41:32.000,Warna Coklat
3062,1630,01630-FUR-KK-CFS-PTRE-14,01630-FUR-KK-CFS-PTRE-14,268,FUR-KK,165,Tidak Aktif,Bagus,0.0,,,LT,Aset,Corporate,,1,2024-07-31 14:26:28.000,2024-07-31 14:26:28.000,Warna Hitam
3063,1631,01631-FUR-KK-CFS-PTRE-14,01631-FUR-KK-CFS-PTRE-14,268,FUR-KK,165,Tidak Aktif,Bagus,0.0,,,LT,Aset,Corporate,,65,2024-07-31 14:36:35.000,2024-07-31 14:36:35.000,Warna Hitam
3064,1632,01632-FUR-KK-CFS-PTRE-14,01632-FUR-KK-CFS-PTRE-14,268,FUR-KK,165,Tidak Aktif,Bagus,0.0,,,LT,Aset,Corporate,,1,2024-07-31 14:26:22.000,2024-07-31 14:26:22.000,Warna Hitam
3065,1633,01633-FUR-KK-CFS-PTRE-14,01633-FUR-KK-CFS-PTRE-14,265,FUR-KK,232,Tersedia,Bagus,0.0,inventory/ams/inventoryPhoto/1710260995WhatsApp_Image_2024-03-09_at_11_11_53.jpeg,inventory/ams/assets/uploads/assetsre/ap/1710260995WhatsApp_Image_2024-03-09_at_11_11_53.jpeg,LT,Aset,Corporate,10780,79,2026-05-29 10:07:15.000,2026-05-29 10:07:15.000,Warna Hitam
3066,1635,01635-FUR-KK-CFS-PTRE-14,01635-FUR-KK-CFS-PTRE-14,265,FUR-KK,232,Tersedia,Bagus,0.0,inventory/ams/inventoryPhoto/1710260974WhatsApp_Image_2024-03-09_at_11_11_53.jpeg,inventory/ams/assets/uploads/assetsre/ap/1710260974WhatsApp_Image_2024-03-09_at_11_11_53.jpeg,LT,Aset,Corporate,10780,79,2026-05-29 10:07:10.000,2026-05-29 10:07:10.000,Warna Hitam
3067,1636,01636-FUR-KK-CFS-PTRE-14,01636-FUR-KK-CFS-PTRE-14,265,FUR-KK,232,Tersedia,Bagus,0.0,inventory/ams/inventoryPhoto/1710260954WhatsApp_Image_2024-03-09_at_11_11_53.jpeg,inventory/ams/assets/uploads/assetsre/ap/1710260954WhatsApp_Image_2024-03-09_at_11_11_53.jpeg,LT,Aset,Corporate,10780,79,2026-05-29 10:06:58.000,2026-05-29 10:06:58.000,Warna Hitam
3068,1637,01637-FUR-KK-CFS-PTRE-14,01637-FUR-KK-CFS-PTRE-14,265,FUR-KK,232,Tersedia,Bagus,0.0,inventory/ams/inventoryPhoto/1710260937WhatsApp_Image_2024-03-09_at_11_11_53.jpeg,inventory/ams/assets/uploads/assetsre/ap/1710260937WhatsApp_Image_2024-03-09_at_11_11_53.jpeg,LT,Aset,Corporate,10780,79,2026-05-29 10:07:04.000,2026-05-29 10:07:04.000,Warna Hitam
3069,1638,01638-FUR-KK-CFS-PTRE-14,01638-FUR-KK-CFS-PTRE-14,265,FUR-KK,232,Tersedia,Bagus,0.0,inventory/ams/inventoryPhoto/1710260917WhatsApp_Image_2024-03-09_at_11_11_53.jpeg,inventory/ams/assets/uploads/assetsre/ap/1710260917WhatsApp_Image_2024-03-09_at_11_11_53.jpeg,LT,Aset,Corporate,10780,79,2026-05-29 10:06:27.000,2026-05-29 10:06:27.000,Warna Hitam
3070,1639,01639-FUR-KK-CFS-PTRE-14,01639-FUR-KK-CFS-PTRE-14,265,FUR-KK,232,Tersedia,Bagus,0.0,inventory/ams/inventoryPhoto/1710260901WhatsApp_Image_2024-03-09_at_11_11_53.jpeg,inventory/ams/assets/uploads/assetsre/ap/1710260901WhatsApp_Image_2024-03-09_at_11_11_53.jpeg,LT,Aset,Corporate,10780,79,2026-05-29 10:06:41.000,2026-05-29 10:06:41.000,Warna Hitam
3071,1640,01640-FUR-KK-CFS-PTRE-14,01640-FUR-KK-CFS-PTRE-14,265,FUR-KK,232,Tersedia,Bagus,0.0,inventory/ams/inventoryPhoto/1710260884WhatsApp_Image_2024-03-09_at_11_11_53.jpeg,inventory/ams/assets/uploads/assetsre/ap/1710260884WhatsApp_Image_2024-03-09_at_11_11_53.jpeg,LT,Aset,Corporate,10780,79,2026-05-29 10:06:33.000,2026-05-29 10:06:33.000,Warna Hitam
3072,1641,01641-FUR-KK-CFS-PTRE-14,01641-FUR-KK-CFS-PTRE-14,265,FUR-KK,232,Tersedia,Bagus,0.0,inventory/ams/inventoryPhoto/1710260851WhatsApp_Image_2024-03-09_at_11_11_53.jpeg,inventory/ams/assets/uploads/assetsre/ap/1710260851WhatsApp_Image_2024-03-09_at_11_11_53.jpeg,LT,Aset,Corporate,10780,79,2026-05-29 10:06:46.000,2026-05-29 10:06:46.000,Warna Hitam
3073,1642,01642-FUR-KK-CFS-PTRE-14,01642-FUR-KK-CFS-PTRE-14,265,FUR-KK,232,Tersedia,Bagus,0.0,inventory/ams/inventoryPhoto/1710260835WhatsApp_Image_2024-03-09_at_11_11_53.jpeg,inventory/ams/assets/uploads/assetsre/ap/1710260835WhatsApp_Image_2024-03-09_at_11_11_53.jpeg,LT,Aset,Corporate,10780,79,2026-05-29 10:06:52.000,2026-05-29 10:06:52.000,Warna Hitam
3074,1643,01643-FUR-KK-CFS-PTRE-14,01643-FUR-KK-CFS-PTRE-14,265,FUR-KK,232,Tersedia,Bagus,0.0,inventory/ams/inventoryPhoto/1710260812WhatsApp_Image_2024-03-09_at_11_11_53.jpeg,inventory/ams/assets/uploads/assetsre/ap/1710260812WhatsApp_Image_2024-03-09_at_11_11_53.jpeg,LT,Aset,Corporate,10780,79,2026-05-29 10:06:15.000,2026-05-29 10:06:15.000,Warna Hitam
3075,1644,01644-FUR-KK-CFS-PTRE-14,01644-FUR-KK-CFS-PTRE-14,265,FUR-KK,232,Tersedia,Bagus,0.0,inventory/ams/inventoryPhoto/1710260797WhatsApp_Image_2024-03-09_at_11_11_53.jpeg,inventory/ams/assets/uploads/assetsre/ap/1710260797WhatsApp_Image_2024-03-09_at_11_11_53.jpeg,LT,Aset,Corporate,10780,79,2026-05-29 10:06:22.000,2026-05-29 10:06:22.000,Warna Hitam
3076,1645,01645-FUR-KK-CFS-PTRE-14,01645-FUR-KK-CFS-PTRE-14,265,FUR-KK,232,Tersedia,Bagus,0.0,inventory/ams/inventoryPhoto/1710260779WhatsApp_Image_2024-03-09_at_11_11_53.jpeg,inventory/ams/assets/uploads/assetsre/ap/1710260779WhatsApp_Image_2024-03-09_at_11_11_53.jpeg,LT,Aset,Corporate,10780,79,2026-05-29 10:06:06.000,2026-05-29 10:06:06.000,Warna Hitam
3077,1646,01646-FUR-KK-CFS-PTRE-14,01646-FUR-KK-CFS-PTRE-14,265,FUR-KK,232,Tersedia,Bagus,0.0,inventory/ams/inventoryPhoto/1710260762WhatsApp_Image_2024-03-09_at_11_11_53.jpeg,inventory/ams/assets/uploads/assetsre/ap/1710260762WhatsApp_Image_2024-03-09_at_11_11_53.jpeg,LT,Aset,Corporate,10780,79,2026-05-29 10:06:00.000,2026-05-29 10:06:00.000,Warna Hitam
3078,1647,01647-FUR-KK-CFS-PTRE-14,01647-FUR-KK-CFS-PTRE-14,265,FUR-KK,232,Tersedia,Bagus,0.0,inventory/ams/inventoryPhoto/1710260747WhatsApp_Image_2024-03-09_at_11_11_53.jpeg,inventory/ams/assets/uploads/assetsre/ap/1710260747WhatsApp_Image_2024-03-09_at_11_11_53.jpeg,LT,Aset,Corporate,10780,79,2026-05-29 10:05:53.000,2026-05-29 10:05:53.000,Warna Hitam
3079,1648,01648-FUR-KK-CFS-PTRE-14,01648-FUR-KK-CFS-PTRE-14,265,FUR-KK,232,Tersedia,Bagus,0.0,inventory/ams/inventoryPhoto/1710260731WhatsApp_Image_2024-03-09_at_11_11_53.jpeg,inventory/ams/assets/uploads/assetsre/ap/1710260731WhatsApp_Image_2024-03-09_at_11_11_53.jpeg,LT,Aset,Corporate,10780,79,2026-05-29 10:05:46.000,2026-05-29 10:05:46.000,Warna Hitam
3080,1649,01649-FUR-KK-CFS-PTRE-14,01649-FUR-KK-CFS-PTRE-14,265,FUR-KK,232,Tersedia,Bagus,0.0,inventory/ams/inventoryPhoto/1710260715WhatsApp_Image_2024-03-09_at_11_11_53.jpeg,inventory/ams/assets/uploads/assetsre/ap/1710260715WhatsApp_Image_2024-03-09_at_11_11_53.jpeg,LT,Aset,Corporate,10780,79,2026-05-29 10:05:33.000,2026-05-29 10:05:33.000,Warna Hitam
3081,1650,01650-FUR-KK-CFS-PTRE-14,01650-FUR-KK-CFS-PTRE-14,265,FUR-KK,232,Tersedia,Bagus,0.0,inventory/ams/inventoryPhoto/1710260687WhatsApp_Image_2024-03-09_at_11_11_53.jpeg,inventory/ams/assets/uploads/assetsre/ap/1710260687WhatsApp_Image_2024-03-09_at_11_11_53.jpeg,LT,Aset,Corporate,10780,79,2026-05-29 10:05:40.000,2026-05-29 10:05:40.000,Warna Hitam
3082,1651,01651-FUR-KK-CFS-PTRE-14,01651-FUR-KK-CFS-PTRE-14,265,FUR-KK,232,Tersedia,Bagus,0.0,inventory/ams/inventoryPhoto/1710260669WhatsApp_Image_2024-03-09_at_11_11_53.jpeg,inventory/ams/assets/uploads/assetsre/ap/1710260669WhatsApp_Image_2024-03-09_at_11_11_53.jpeg,LT,Aset,Corporate,10780,79,2026-05-29 10:05:16.000,2026-05-29 10:05:16.000,Warna Hitam
3083,1652,01652-FUR-KK-CFS-PTRE-14,01652-FUR-KK-CFS-PTRE-14,265,FUR-KK,232,Tersedia,Bagus,0.0,inventory/ams/inventoryPhoto/1710260653WhatsApp_Image_2024-03-09_at_11_11_53.jpeg,inventory/ams/assets/uploads/assetsre/ap/1710260653WhatsApp_Image_2024-03-09_at_11_11_53.jpeg,LT,Aset,Corporate,10780,79,2026-05-29 10:05:21.000,2026-05-29 10:05:21.000,Warna Hitam
3084,1653,01653-FUR-KK-CFS-PTRE-14,01653-FUR-KK-CFS-PTRE-14,265,FUR-KK,232,Tersedia,Bagus,0.0,inventory/ams/inventoryPhoto/1710260634WhatsApp_Image_2024-03-09_at_11_11_53.jpeg,inventory/ams/assets/uploads/assetsre/ap/1710260634WhatsApp_Image_2024-03-09_at_11_11_53.jpeg,LT,Aset,Corporate,10780,79,2026-05-29 10:05:28.000,2026-05-29 10:05:28.000,Warna Hitam
3085,1654,01654-FUR-KK-CFS-PTRE-14,01654-FUR-KK-CFS-PTRE-14,265,FUR-KK,232,Tersedia,Bagus,0.0,inventory/ams/inventoryPhoto/1710260614WhatsApp_Image_2024-03-09_at_11_11_53.jpeg,inventory/ams/assets/uploads/assetsre/ap/1710260614WhatsApp_Image_2024-03-09_at_11_11_53.jpeg,LT,Aset,Corporate,10780,79,2026-05-29 10:04:59.000,2026-05-29 10:04:59.000,Warna Hitam
3086,1655,01655-FUR-KK-CFS-PTRE-14,01655-FUR-KK-CFS-PTRE-14,265,FUR-KK,232,Tersedia,Bagus,0.0,inventory/ams/inventoryPhoto/1710260597WhatsApp_Image_2024-03-09_at_11_11_53.jpeg,inventory/ams/assets/uploads/assetsre/ap/1710260597WhatsApp_Image_2024-03-09_at_11_11_53.jpeg,LT,Aset,Corporate,10780,79,2026-05-29 10:05:10.000,2026-05-29 10:05:10.000,Warna Hitam
3087,1656,01656-FUR-KK-CFS-PTRE-14,01656-FUR-KK-CFS-PTRE-14,265,FUR-KK,232,Tersedia,Bagus,0.0,inventory/ams/inventoryPhoto/1710260580WhatsApp_Image_2024-03-09_at_11_11_53.jpeg,inventory/ams/assets/uploads/assetsre/ap/1710260580WhatsApp_Image_2024-03-09_at_11_11_53.jpeg,LT,Aset,Corporate,10780,79,2026-05-29 10:04:18.000,2026-05-29 10:04:18.000,Warna Hitam
3088,1657,01657-FUR-KK-CFS-PTRE-14,01657-FUR-KK-CFS-PTRE-14,265,FUR-KK,232,Tersedia,Bagus,0.0,inventory/ams/inventoryPhoto/1710260560WhatsApp_Image_2024-03-09_at_11_11_53.jpeg,inventory/ams/assets/uploads/assetsre/ap/1710260560WhatsApp_Image_2024-03-09_at_11_11_53.jpeg,LT,Aset,Corporate,10780,79,2026-05-29 10:04:31.000,2026-05-29 10:04:31.000,Warna Hitam
3089,1658,01658-FUR-KK-CFS-PTRE-14,01658-FUR-KK-CFS-PTRE-14,265,FUR-KK,232,Tersedia,Bagus,0.0,inventory/ams/inventoryPhoto/1710260542WhatsApp_Image_2024-03-09_at_11_11_53.jpeg,inventory/ams/assets/uploads/assetsre/ap/1710260542WhatsApp_Image_2024-03-09_at_11_11_53.jpeg,LT,Aset,Corporate,10780,79,2026-05-29 10:04:24.000,2026-05-29 10:04:24.000,Warna Hitam
3090,1659,01659-FUR-KK-CFS-PTRE-14,01659-FUR-KK-CFS-PTRE-14,265,FUR-KK,232,Tersedia,Bagus,0.0,inventory/ams/inventoryPhoto/1710260517WhatsApp_Image_2024-03-09_at_11_11_53.jpeg,inventory/ams/assets/uploads/assetsre/ap/1710260517WhatsApp_Image_2024-03-09_at_11_11_53.jpeg,LT,Aset,Corporate,10780,79,2026-05-29 10:04:05.000,2026-05-29 10:04:05.000,Warna Hitam
3091,1660,01660-FUR-KK-CFS-PTRE-14,01660-FUR-KK-CFS-PTRE-14,265,FUR-KK,232,Tersedia,Bagus,0.0,inventory/ams/inventoryPhoto/1710260498WhatsApp_Image_2024-03-09_at_11_11_53.jpeg,inventory/ams/assets/uploads/assetsre/ap/1710260498WhatsApp_Image_2024-03-09_at_11_11_53.jpeg,LT,Aset,Corporate,10780,79,2026-05-29 10:04:11.000,2026-05-29 10:04:11.000,Warna Hitam
3092,1661,01661-FUR-KK-CFS-PTRE-14,01661-FUR-KK-CFS-PTRE-14,265,FUR-KK,232,Tersedia,Bagus,0.0,inventory/ams/inventoryPhoto/1710260480WhatsApp_Image_2024-03-09_at_11_11_53.jpeg,inventory/ams/assets/uploads/assetsre/ap/1710260480WhatsApp_Image_2024-03-09_at_11_11_53.jpeg,LT,Aset,Corporate,10780,79,2026-05-29 10:04:00.000,2026-05-29 10:04:00.000,Warna Hitam
3093,1662,01662-FUR-KK-CFS-PTRE-14,01662-FUR-KK-CFS-PTRE-14,265,FUR-KK,232,Tersedia,Bagus,0.0,inventory/ams/inventoryPhoto/1710260461WhatsApp_Image_2024-03-09_at_11_11_53.jpeg,inventory/ams/assets/uploads/assetsre/ap/1710260461WhatsApp_Image_2024-03-09_at_11_11_53.jpeg,LT,Aset,Corporate,10780,79,2026-05-29 10:03:54.000,2026-05-29 10:03:54.000,Warna Hitam
3094,1663,01663-FUR-KK-CFS-PTRE-14,01663-FUR-KK-CFS-PTRE-14,265,FUR-KK,232,Tersedia,Bagus,0.0,inventory/ams/inventoryPhoto/1710260442WhatsApp_Image_2024-03-09_at_11_11_53.jpeg,inventory/ams/assets/uploads/assetsre/ap/1710260442WhatsApp_Image_2024-03-09_at_11_11_53.jpeg,LT,Aset,Corporate,10780,79,2026-05-29 10:03:48.000,2026-05-29 10:03:48.000,Warna Hitam
3095,1665,01665-FUR-KK-CFS-PTRE-14,01665-FUR-KK-CFS-PTRE-14,268,FUR-KK,221,Tersedia,Bagus,0.0,inventory/ams/inventoryPhoto/1710236419WhatsApp_Image_2024-03-09_at_11_11_53.jpeg,inventory/ams/assets/uploads/assetsre/ap/1710236419WhatsApp_Image_2024-03-09_at_11_11_53.jpeg,LT,Aset,Corporate,,65,2024-03-12 16:40:19.000,2024-03-12 16:40:19.000,Warna Hitam
3096,1666,01666-FUR-KK-CFS-PTRE-14,01666-FUR-KK-CFS-PTRE-14,268,FUR-KK,221,Tersedia,Bagus,0.0,inventory/ams/inventoryPhoto/1710236400WhatsApp_Image_2024-03-09_at_11_11_53.jpeg,inventory/ams/assets/uploads/assetsre/ap/1710236400WhatsApp_Image_2024-03-09_at_11_11_53.jpeg,LT,Aset,Corporate,,65,2024-03-12 16:40:00.000,2024-03-12 16:40:00.000,Warna Hitam
3097,1667,01667-FUR-KK-CFS-PTRE-14,01667-FUR-KK-CFS-PTRE-14,268,FUR-KK,221,Tersedia,Bagus,0.0,inventory/ams/inventoryPhoto/1710236380WhatsApp_Image_2024-03-09_at_11_11_53.jpeg,inventory/ams/assets/uploads/assetsre/ap/1710236380WhatsApp_Image_2024-03-09_at_11_11_53.jpeg,LT,Aset,Corporate,,65,2024-03-12 16:39:40.000,2024-03-12 16:39:40.000,Warna Hitam
3098,1668,01668-FUR-KK-CFS-PTRE-14,01668-FUR-KK-CFS-PTRE-14,268,FUR-KK,221,Tersedia,Bagus,0.0,inventory/ams/inventoryPhoto/1710236359WhatsApp_Image_2024-03-09_at_11_11_53.jpeg,inventory/ams/assets/uploads/assetsre/ap/1710236359WhatsApp_Image_2024-03-09_at_11_11_53.jpeg,LT,Aset,Corporate,,65,2024-03-12 16:39:19.000,2024-03-12 16:39:19.000,Warna Hitam
3099,1669,01669-FUR-KK-CFS-PTRE-14,01669-FUR-KK-CFS-PTRE-14,268,FUR-KK,221,Tersedia,Bagus,0.0,inventory/ams/inventoryPhoto/1710236342WhatsApp_Image_2024-03-09_at_11_11_53.jpeg,inventory/ams/assets/uploads/assetsre/ap/1710236342WhatsApp_Image_2024-03-09_at_11_11_53.jpeg,LT,Aset,Corporate,,65,2024-03-12 16:39:02.000,2024-03-12 16:39:02.000,Warna Hitam
3100,1670,01670-FUR-KK-CFS-PTRE-14,01670-FUR-KK-CFS-PTRE-14,268,FUR-KK,221,Tersedia,Bagus,0.0,inventory/ams/inventoryPhoto/1710236326WhatsApp_Image_2024-03-09_at_11_11_53.jpeg,inventory/ams/assets/uploads/assetsre/ap/1710236326WhatsApp_Image_2024-03-09_at_11_11_53.jpeg,LT,Aset,Corporate,,65,2024-03-12 16:38:46.000,2024-03-12 16:38:46.000,Warna Hitam
3101,1671,01671-FUR-KK-CFS-PTRE-14,01671-FUR-KK-CFS-PTRE-14,268,FUR-KK,221,Tersedia,Bagus,0.0,inventory/ams/inventoryPhoto/1710236307WhatsApp_Image_2024-03-09_at_11_11_53.jpeg,inventory/ams/assets/uploads/assetsre/ap/1710236307WhatsApp_Image_2024-03-09_at_11_11_53.jpeg,LT,Aset,Corporate,,65,2024-03-12 16:38:27.000,2024-03-12 16:38:27.000,Warna Hitam
3102,1672,01672-FUR-KK-CFS-PTRE-14,01672-FUR-KK-CFS-PTRE-14,268,FUR-KK,221,Tersedia,Bagus,0.0,inventory/ams/inventoryPhoto/1710236290WhatsApp_Image_2024-03-09_at_11_11_53.jpeg,inventory/ams/assets/uploads/assetsre/ap/1710236290WhatsApp_Image_2024-03-09_at_11_11_53.jpeg,LT,Aset,Corporate,,65,2024-03-12 16:38:10.000,2024-03-12 16:38:10.000,Warna Hitam
3103,1673,01673-FUR-KK-CFS-PTRE-14,01673-FUR-KK-CFS-PTRE-14,268,FUR-KK,221,Tersedia,Bagus,0.0,inventory/ams/inventoryPhoto/1710236262WhatsApp_Image_2024-03-09_at_11_11_53.jpeg,inventory/ams/assets/uploads/assetsre/ap/1710236262WhatsApp_Image_2024-03-09_at_11_11_53.jpeg,LT,Aset,Corporate,,65,2024-03-12 16:37:42.000,2024-03-12 16:37:42.000,Warna Hitam
3104,1674,01674-FUR-KK-CFS-PTRE-14,01674-FUR-KK-CFS-PTRE-14,268,FUR-KK,221,Tersedia,Bagus,0.0,inventory/ams/inventoryPhoto/1710236244WhatsApp_Image_2024-03-09_at_11_11_53.jpeg,inventory/ams/assets/uploads/assetsre/ap/1710236244WhatsApp_Image_2024-03-09_at_11_11_53.jpeg,LT,Aset,Corporate,,65,2024-03-12 16:37:24.000,2024-03-12 16:37:24.000,Warna Hitam
3105,1676,01676-FUR-KK-CFS-PTRE-14,01676-FUR-KK-CFS-PTRE-14,268,FUR-KK,221,Dipinjam,Bagus,0.0,inventory/ams/inventoryPhoto/1710236227WhatsApp_Image_2024-03-09_at_11_11_53.jpeg,inventory/ams/assets/uploads/assetsre/ap/1710236227WhatsApp_Image_2024-03-09_at_11_11_53.jpeg,LT,Aset,Corporate,,65,2024-03-12 16:37:07.000,2024-03-12 16:37:07.000,Warna Hitam
3106,1677,01677-FUR-KK-CFS-PTRE-14,01677-FUR-KK-CFS-PTRE-14,268,FUR-KK,221,Dipinjam,Bagus,0.0,inventory/ams/inventoryPhoto/1710236209WhatsApp_Image_2024-03-09_at_11_12_11.jpeg,inventory/ams/assets/uploads/assetsre/ap/1710236209WhatsApp_Image_2024-03-09_at_11_12_11.jpeg,LT,Aset,Corporate,,65,2024-03-12 16:36:49.000,2024-03-12 16:36:49.000,Warna Hitam
3107,1754,01754-FUR-KK-CFS-PTRE-14,01754-FUR-KK-CFS-PTRE-14,265,FUR-KK,232,Tersedia,Bagus,0.0,inventory/ams/inventoryPhoto/1710260386WhatsApp_Image_2024-03-09_at_11_11_53.jpeg,inventory/ams/assets/uploads/assetsre/ap/1710260386WhatsApp_Image_2024-03-09_at_11_11_53.jpeg,LT,Aset,Corporate,10780,79,2026-05-29 10:03:42.000,2026-05-29 10:03:42.000,Warna Hitam
3108,1755,01755-FUR-KK-CFS-PTRE-14,01755-FUR-KK-CFS-PTRE-14,265,FUR-KK,232,Tersedia,Bagus,0.0,inventory/ams/inventoryPhoto/1710260368WhatsApp_Image_2024-03-09_at_11_11_53.jpeg,inventory/ams/assets/uploads/assetsre/ap/1710260368WhatsApp_Image_2024-03-09_at_11_11_53.jpeg,LT,Aset,Corporate,10780,79,2026-05-29 10:03:36.000,2026-05-29 10:03:36.000,Warna Hitam
3109,1756,01756-FUR-KK-CFS-PTRE-14,01756-FUR-KK-CFS-PTRE-14,265,FUR-KK,232,Tersedia,Bagus,0.0,inventory/ams/inventoryPhoto/1710260353WhatsApp_Image_2024-03-09_at_11_11_53.jpeg,inventory/ams/assets/uploads/assetsre/ap/1710260353WhatsApp_Image_2024-03-09_at_11_11_53.jpeg,LT,Aset,Corporate,10780,79,2026-05-29 10:03:24.000,2026-05-29 10:03:24.000,Warna Hitam
3110,1757,01757-FUR-KK-CFS-PTRE-14,01757-FUR-KK-CFS-PTRE-14,265,FUR-KK,232,Tersedia,Bagus,0.0,inventory/ams/inventoryPhoto/1710260332WhatsApp_Image_2024-03-09_at_11_11_53.jpeg,inventory/ams/assets/uploads/assetsre/ap/1710260332WhatsApp_Image_2024-03-09_at_11_11_53.jpeg,LT,Aset,Corporate,10780,79,2026-05-29 10:03:19.000,2026-05-29 10:03:19.000,Warna Hitam
3111,1758,01758-FUR-KK-CFS-PTRE-14,01758-FUR-KK-CFS-PTRE-14,265,FUR-KK,232,Tersedia,Bagus,0.0,inventory/ams/inventoryPhoto/1710260313WhatsApp_Image_2024-03-09_at_11_11_53.jpeg,inventory/ams/assets/uploads/assetsre/ap/1710260313WhatsApp_Image_2024-03-09_at_11_11_53.jpeg,LT,Aset,Corporate,10780,79,2026-05-29 10:03:30.000,2026-05-29 10:03:30.000,Warna Hitam
3112,1759,01759-FUR-KK-CFS-PTRE-14,01759-FUR-KK-CFS-PTRE-14,265,FUR-KK,232,Tersedia,Bagus,0.0,inventory/ams/inventoryPhoto/1710260297WhatsApp_Image_2024-03-09_at_11_11_53.jpeg,inventory/ams/assets/uploads/assetsre/ap/1710260297WhatsApp_Image_2024-03-09_at_11_11_53.jpeg,LT,Aset,Corporate,10780,79,2026-05-29 10:03:13.000,2026-05-29 10:03:13.000,Warna Hitam
3113,1760,01760-FUR-KK-CFS-PTRE-14,01760-FUR-KK-CFS-PTRE-14,265,FUR-KK,232,Tersedia,Bagus,0.0,inventory/ams/inventoryPhoto/1710260279WhatsApp_Image_2024-03-09_at_11_11_53.jpeg,inventory/ams/assets/uploads/assetsre/ap/1710260279WhatsApp_Image_2024-03-09_at_11_11_53.jpeg,LT,Aset,Corporate,10780,79,2026-05-29 10:03:06.000,2026-05-29 10:03:06.000,Warna Hitam
3114,1764,01764-FUR-KK-CFS-PTRE-14,01764-FUR-KK-CFS-PTRE-14,265,FUR-KK,137,Tersedia,Bagus,0.0,inventory/ams/inventoryPhoto/1710260260WhatsApp_Image_2024-03-09_at_11_11_53.jpeg,inventory/ams/assets/uploads/assetsre/ap/1710260260WhatsApp_Image_2024-03-09_at_11_11_53.jpeg,LT,Aset,Corporate,,79,2026-01-26 08:48:01.000,2026-01-26 08:48:01.000,Warna Hitam
3115,1765,01765-FUR-KK-CFS-PTRE-14,01765-FUR-KK-CFS-PTRE-14,265,FUR-KK,232,Tersedia,Bagus,0.0,inventory/ams/inventoryPhoto/1710260234WhatsApp_Image_2024-03-09_at_11_11_53.jpeg,inventory/ams/assets/uploads/assetsre/ap/1710260234WhatsApp_Image_2024-03-09_at_11_11_53.jpeg,LT,Aset,Corporate,10780,79,2026-05-29 10:02:57.000,2026-05-29 10:02:57.000,Warna Hitam
3116,1799,01799-FUR-KK-CFS-PTRE-13,01799-FUR-KK-CFS-PTRE-13,276,FUR-KK,95,Tersedia,Bagus,0.0,inventory/ams/inventoryPhoto/1726211827kursi_kerja_uno.jpeg,inventory/ams/assets/uploads/assetsre/ap/1726211827kursi_kerja_uno.jpeg,LT,Aset,Corporate,10780,1,2026-04-21 08:53:40.000,2026-04-21 08:53:40.000,Warna Hitam
3117,1800,01800-FUR-KK-CFS-PTRE-12,01800-FUR-KK-CFS-PTRE-12,291,FUR-KK,211,Tersedia,Bagus,0.0,,,LT,Aset,Corporate,,,2018-03-15 16:23:06.777,2018-03-15 16:23:06.777,
3118,1801,01801-FUR-KK-CFS-PTRE-12,01801-FUR-KK-CFS-PTRE-12,291,FUR-KK,211,Tersedia,Bagus,0.0,,,LT,Aset,Corporate,,,2018-03-15 16:23:06.777,2018-03-15 16:23:06.777,
3119,1802,01802-FUR-KK-CFS-PTRE-12,01802-FUR-KK-CFS-PTRE-12,291,FUR-KK,211,Tersedia,Bagus,0.0,,,LT,Aset,Corporate,,,2018-03-15 16:23:06.777,2018-03-15 16:23:06.777,
3120,1824,01824-FUR-KK-CFS-PTRE-14,01824-FUR-KK-CFS-PTRE-14,269,FUR-KK,174,Tersedia,Bagus,0.0,,,LT,Inventaris,Corporate,,79,2026-04-21 17:46:43.000,2026-04-21 17:46:43.000,Warna Coklat
3121,1825,01825-FUR-KK-CFS-PTRE-14,01825-FUR-KK-CFS-PTRE-14,269,FUR-KK,111,Tersedia,Bagus,0.0,inventory/ams/inventoryPhoto/1741914552kursi_Coklat.jpeg,inventory/ams/assets/uploads/assetsre/ap/1741914552kursi_Coklat.jpeg,LT,Aset,Corporate,10780,65,2026-02-06 10:56:53.000,2026-02-06 10:56:53.000,Warna Coklat
3122,1826,01826-FUR-KK-CFS-PTRE-14,01826-FUR-KK-CFS-PTRE-14,269,FUR-KK,174,Tersedia,Bagus,0.0,,,LT,Inventaris,Corporate,,79,2026-04-21 17:46:31.000,2026-04-21 17:46:31.000,Warna Coklat
3123,1837,01837-FUR-KK-CFS-PTRE-14,01837-FUR-KK-CFS-PTRE-14,266,FUR-KK,174,Tersedia,Bagus,0.0,inventory/ams/inventoryPhoto/1737539478Kursi_Savello_Jaring.jpeg,inventory/ams/assets/uploads/assetsre/ap/1737539478Kursi_Savello_Jaring.jpeg,LT,Aset,Corporate,,65,2026-04-21 17:47:51.000,2026-04-21 17:47:51.000,Warna Coklat
3124,1838,01838-FUR-KK-CFS-PTRE-14,01838-FUR-KK-CFS-PTRE-14,269,FUR-KK,111,Tersedia,Bagus,0.0,inventory/ams/inventoryPhoto/1741914563kursi_Coklat.jpeg,inventory/ams/assets/uploads/assetsre/ap/1741914563kursi_Coklat.jpeg,LT,Aset,Corporate,10780,65,2026-02-06 10:57:06.000,2026-02-06 10:57:06.000,Warna Coklat
3125,1839,01839-FUR-KK-CFS-PTRE-14,01839-FUR-KK-CFS-PTRE-14,269,FUR-KK,117,Tersedia,Bagus,0.0,inventory/ams/inventoryPhoto/1741914573kursi_Coklat.jpeg,inventory/ams/assets/uploads/assetsre/ap/1741914573kursi_Coklat.jpeg,LT,Aset,Corporate,,65,2026-06-07 17:38:09.000,2026-06-07 17:38:09.000,Warna Coklat
3126,1840,01840-FUR-KK-CFS-PTRE-14,01840-FUR-KK-CFS-PTRE-14,269,FUR-KK,183,Tersedia,Bagus,0.0,inventory/ams/inventoryPhoto/1741914583kursi_Coklat.jpeg,inventory/ams/assets/uploads/assetsre/ap/1741914583kursi_Coklat.jpeg,LT,Aset,Corporate,,65,2025-03-14 08:09:43.000,2025-03-14 08:09:43.000,Warna Coklat
3127,1841,01841-FUR-KK-CFS-PTRE-14,01841-FUR-KK-CFS-PTRE-14,269,FUR-KK,183,Tersedia,Bagus,0.0,inventory/ams/inventoryPhoto/1741914594kursi_Coklat.jpeg,inventory/ams/assets/uploads/assetsre/ap/1741914594kursi_Coklat.jpeg,LT,Aset,Corporate,,65,2025-03-14 08:09:54.000,2025-03-14 08:09:54.000,Warna Coklat
3128,1842,01842-FUR-KK-CFS-PTRE-14,01842-FUR-KK-CFS-PTRE-14,269,FUR-KK,183,Tersedia,Bagus,0.0,inventory/ams/inventoryPhoto/1741914606kursi_Coklat.jpeg,inventory/ams/assets/uploads/assetsre/ap/1741914606kursi_Coklat.jpeg,LT,Aset,Corporate,,65,2025-03-14 08:10:06.000,2025-03-14 08:10:06.000,Warna Coklat
3129,1843,01843-FUR-KK-CFS-PTRE-14,01843-FUR-KK-CFS-PTRE-14,269,FUR-KK,183,Tersedia,Bagus,0.0,inventory/ams/inventoryPhoto/1741914623kursi_Coklat.jpeg,inventory/ams/assets/uploads/assetsre/ap/1741914623kursi_Coklat.jpeg,LT,Aset,Corporate,,65,2025-03-14 08:10:23.000,2025-03-14 08:10:23.000,Warna Coklat
3130,1844,01844-FUR-KK-CFS-PTRE-14,01844-FUR-KK-CFS-PTRE-14,269,FUR-KK,183,Tersedia,Bagus,0.0,inventory/ams/inventoryPhoto/1741914654kursi_Coklat.jpeg,inventory/ams/assets/uploads/assetsre/ap/1741914654kursi_Coklat.jpeg,LT,Aset,Corporate,,65,2025-03-14 08:10:54.000,2025-03-14 08:10:54.000,Warna Coklat
3131,1845,01845-FUR-KK-CFS-PTRE-14,01845-FUR-KK-CFS-PTRE-14,269,FUR-KK,183,Tersedia,Bagus,0.0,inventory/ams/inventoryPhoto/1741914852kursi_Coklat.jpeg,inventory/ams/assets/uploads/assetsre/ap/1741914852kursi_Coklat.jpeg,LT,Aset,Corporate,,65,2026-05-12 08:58:35.000,2026-05-12 08:58:35.000,Warna Coklat
3132,1846,01846-FUR-KK-CFS-PTRE-14,01846-FUR-KK-CFS-PTRE-14,277,FUR-KK,236,Tersedia,Bagus,0.0,inventory/ams/inventoryPhoto/1741914863kursi_Coklat.jpeg,inventory/ams/assets/uploads/assetsre/ap/1741914863kursi_Coklat.jpeg,LT,Aset,Corporate,,65,2026-05-12 08:58:08.000,2026-05-12 08:58:08.000,Warna Coklat
3133,1847,01847-FUR-KK-CFS-PTRE-14,01847-FUR-KK-CFS-PTRE-14,266,FUR-KK,174,Tersedia,Bagus,0.0,inventory/ams/inventoryPhoto/1737538827Kursi_Savello_Jaring.jpeg,inventory/ams/assets/uploads/assetsre/ap/1737538827Kursi_Savello_Jaring.jpeg,LT,Aset,Corporate,,65,2026-04-21 17:47:43.000,2026-04-21 17:47:43.000,Warna Coklat
3134,1884,01884-FUR-KK-CFS-PTRE-12,01884-FUR-KK-CFS-PTRE-12,277,FUR-KK,236,Tersedia,Bagus,0.0,inventory/ams/inventoryPhoto/1709283980WhatsApp_Image_2024-02-28_at_14_18_19.jpeg,inventory/ams/assets/uploads/assetsre/ap/1709283980WhatsApp_Image_2024-02-28_at_14_18_19.jpeg,LT,Aset,Corporate,,65,2024-03-01 16:06:20.000,2024-03-01 16:06:20.000,Warna Coklat
3135,1885,01885-FUR-KK-CFS-PTRE-12,01885-FUR-KK-CFS-PTRE-12,277,FUR-KK,236,Tersedia,Bagus,0.0,inventory/ams/inventoryPhoto/1709283847WhatsApp_Image_2024-02-28_at_14_18_19.jpeg,inventory/ams/assets/uploads/assetsre/ap/1709283847WhatsApp_Image_2024-02-28_at_14_18_19.jpeg,LT,Aset,Corporate,,65,2024-03-01 16:04:07.000,2024-03-01 16:04:07.000,Warna Coklat
3136,1886,01886-FUR-KK-CFS-PTRE-12,01886-FUR-KK-CFS-PTRE-12,277,FUR-KK,236,Tersedia,Bagus,0.0,inventory/ams/inventoryPhoto/1709283796WhatsApp_Image_2024-02-28_at_14_18_19.jpeg,inventory/ams/assets/uploads/assetsre/ap/1709283796WhatsApp_Image_2024-02-28_at_14_18_19.jpeg,LT,Aset,Corporate,,65,2024-03-01 16:03:16.000,2024-03-01 16:03:16.000,Warna Coklat
3137,1887,01887-FUR-KK-CFS-PTRE-12,01887-FUR-KK-CFS-PTRE-12,277,FUR-KK,236,Tersedia,Bagus,0.0,inventory/ams/inventoryPhoto/1709283683WhatsApp_Image_2024-02-28_at_14_18_19.jpeg,inventory/ams/assets/uploads/assetsre/ap/1709283683WhatsApp_Image_2024-02-28_at_14_18_19.jpeg,LT,Inventaris,Corporate,,65,2024-03-01 16:01:23.000,2024-03-01 16:01:23.000,Warna Coklat
3138,1888,01888-FUR-KK-CFS-PTRE-12,01888-FUR-KK-CFS-PTRE-12,277,FUR-KK,236,Tersedia,Bagus,0.0,inventory/ams/inventoryPhoto/1709283631WhatsApp_Image_2024-02-28_at_14_18_19.jpeg,inventory/ams/assets/uploads/assetsre/ap/1709283631WhatsApp_Image_2024-02-28_at_14_18_19.jpeg,LT,Inventaris,Corporate,,65,2024-03-01 16:00:31.000,2024-03-01 16:00:31.000,Warna Coklat
3139,1889,01889-FUR-KK-CFS-PTRE-12,01889-FUR-KK-CFS-PTRE-12,276,FUR-KK,236,Tersedia,Bagus,0.0,inventory/ams/inventoryPhoto/1709283735WhatsApp_Image_2024-02-28_at_14_18_19.jpeg,inventory/ams/assets/uploads/assetsre/ap/1709283735WhatsApp_Image_2024-02-28_at_14_18_19.jpeg,LT,Aset,Corporate,,65,2024-03-01 16:02:15.000,2024-03-01 16:02:15.000,Warna Hitam
3140,1890,01890-FUR-KK-CFS-PTRE-12,01890-FUR-KK-CFS-PTRE-12,284,FUR-KK,175,Tidak Aktif,Rusak,0.0,,,LT,Inventaris,Corporate,,65,2024-02-28 10:51:03.000,2024-02-28 10:51:03.000,Warna Hitam
3141,1891,01891-FUR-KK-CFS-PTRE-14,01891-FUR-KK-CFS-PTRE-14,268,FUR-KK,175,Tidak Aktif,Rusak,0.0,,,LT,Inventaris,Corporate,,65,2024-02-28 10:50:51.000,2024-02-28 10:50:51.000,Warna Hitam
3142,1892,01892-FUR-KK-CFS-PTRE-14,01892-FUR-KK-CFS-PTRE-14,268,FUR-KK,175,Tidak Aktif,Bagus,0.0,,,LT,Inventaris,Corporate,,65,2024-02-28 10:50:38.000,2024-02-28 10:50:38.000,Warna Hitam
3143,1893,01893-FUR-KK-CFS-PTRE-14,01893-FUR-KK-CFS-PTRE-14,268,FUR-KK,175,Tidak Aktif,Rusak,0.0,,,LT,Inventaris,Corporate,,65,2024-02-28 10:50:26.000,2024-02-28 10:50:26.000,Warna Hitam
3144,1894,01894-FUR-KK-CFS-PTRE-14,01894-FUR-KK-CFS-PTRE-14,268,FUR-KK,175,Tidak Aktif,Rusak,0.0,,,LT,Inventaris,Corporate,,65,2024-02-28 10:48:14.000,2024-02-28 10:48:14.000,Warna Hitam
3145,1895,01895-FUR-KK-CFS-PTRE-14,01895-FUR-KK-CFS-PTRE-14,268,FUR-KK,175,Tidak Aktif,Rusak,0.0,,,LT,Inventaris,Corporate,,65,2024-02-28 10:48:02.000,2024-02-28 10:48:02.000,Warna Hitam
3146,1896,01896-FUR-KK-CFS-PTRE-14,01896-FUR-KK-CFS-PTRE-14,268,FUR-KK,175,Tidak Aktif,Rusak,0.0,,,LT,Inventaris,Corporate,,65,2024-02-28 10:47:50.000,2024-02-28 10:47:50.000,Warna Hitam
3147,1897,01897-FUR-KK-CFS-PTRE-14,01897-FUR-KK-CFS-PTRE-14,268,FUR-KK,175,Tidak Aktif,Bagus,0.0,,,LT,Inventaris,Corporate,,65,2024-02-28 10:47:36.000,2024-02-28 10:47:36.000,Warna Hitam
3148,1898,01898-FUR-KK-CFS-PTRE-14,01898-FUR-KK-CFS-PTRE-14,268,FUR-KK,175,Tidak Aktif,Bagus,0.0,,,LT,Inventaris,Corporate,,65,2024-02-28 10:47:27.000,2024-02-28 10:47:27.000,Warna Hitam
3149,1899,01899-FUR-KK-CFS-PTRE-14,01899-FUR-KK-CFS-PTRE-14,268,FUR-KK,175,Tidak Aktif,Bagus,0.0,,,LT,Inventaris,Corporate,,65,2024-02-28 10:47:17.000,2024-02-28 10:47:17.000,Warna Hitam
3150,1908,01908-FUR-KK-CFS-PTRE-14,01908-FUR-KK-CFS-PTRE-14,268,FUR-KK,175,Tidak Aktif,Bagus,0.0,,,LT,Aset,Corporate,,65,2024-02-16 17:29:52.000,2024-02-16 17:29:52.000,Warna Hitam
3151,1909,01909-FUR-KK-CFS-PTRE-14,01909-FUR-KK-CFS-PTRE-14,268,FUR-KK,175,Tidak Aktif,Bagus,0.0,,,LT,Aset,Corporate,,65,2024-02-16 17:29:41.000,2024-02-16 17:29:41.000,Warna Hitam
3152,1910,01910-FUR-KK-CFS-PTRE-14,01910-FUR-KK-CFS-PTRE-14,268,FUR-KK,175,Tidak Aktif,Bagus,0.0,,,LT,Inventaris,Corporate,,65,2024-02-28 10:47:06.000,2024-02-28 10:47:06.000,Warna Hitam
3153,1911,01911-FUR-KK-CFS-PTRE-14,01911-FUR-KK-CFS-PTRE-14,268,FUR-KK,175,Tidak Aktif,Bagus,0.0,,,LT,Aset,Corporate,,65,2024-02-16 17:29:25.000,2024-02-16 17:29:25.000,Warna Hitam
3154,1912,01912-FUR-KK-CFS-PTRE-14,01912-FUR-KK-CFS-PTRE-14,268,FUR-KK,175,Tidak Aktif,Bagus,0.0,,,LT,Aset,Corporate,,65,2024-02-16 17:29:07.000,2024-02-16 17:29:07.000,Warna Hitam
3155,1913,04898-FUR-KK-CFS-PTRE-14,04898-FUR-KK-CFS-PTRE-14,268,FUR-KK,175,Tidak Aktif,Bagus,0.0,,,LT,Aset,Corporate,,65,2024-02-16 17:28:53.000,2024-02-16 17:28:53.000,Warna Hitam
3156,1914,04899-FUR-KK-CFS-PTRE-14,04899-FUR-KK-CFS-PTRE-14,268,FUR-KK,175,Tidak Aktif,Bagus,0.0,,,LT,Inventaris,Corporate,,65,2024-02-28 10:46:54.000,2024-02-28 10:46:54.000,Warna Hitam
3157,1915,04900-FUR-KK-CFS-PTRE-14,04900-FUR-KK-CFS-PTRE-14,268,FUR-KK,175,Tidak Aktif,Bagus,0.0,,,LT,Aset,Corporate,,65,2024-02-16 17:28:43.000,2024-02-16 17:28:43.000,Warna Hitam
3158,1916,01916-FUR-KK-CFS-PTRE-14,01916-FUR-KK-CFS-PTRE-14,276,FUR-KK,236,Tersedia,Bagus,0.0,inventory/ams/inventoryPhoto/1709280904WhatsApp_Image_2024-02-28_at_14_18_19.jpeg,inventory/ams/assets/uploads/assetsre/ap/1709280904WhatsApp_Image_2024-02-28_at_14_18_19.jpeg,LT,Aset,Corporate,,65,2024-03-01 15:15:04.000,2024-03-01 15:15:04.000,Warna Hitam
3159,1920,01920-FUR-KK-CFS-PTRE-14,01920-FUR-KK-CFS-PTRE-14,268,FUR-KK,221,Tersedia,Bagus,0.0,inventory/ams/inventoryPhoto/1710236191WhatsApp_Image_2024-03-09_at_11_12_11.jpeg,inventory/ams/assets/uploads/assetsre/ap/1710236191WhatsApp_Image_2024-03-09_at_11_12_11.jpeg,LT,Aset,Corporate,,65,2024-03-12 16:36:31.000,2024-03-12 16:36:31.000,Warna Hitam
3160,1970,01970-FUR-KK-CFS-PTRE-12,01970-FUR-KK-CFS-PTRE-12,292,FUR-KK,176,Tidak Aktif,Bagus,0.0,,,LT,Aset,Corporate,,65,2024-02-16 16:50:19.000,2024-02-16 16:50:19.000,Warna Hitam
3161,1971,01971-FUR-KK-CFS-PTRE-14,01971-FUR-KK-CFS-PTRE-14,292,FUR-KK,176,Tidak Aktif,Bagus,0.0,,,LT,Aset,Corporate,,65,2024-02-16 16:50:51.000,2024-02-16 16:50:51.000,Warna Hitam
3162,1972,01972-FUR-KK-CFS-PTRE-14,01972-FUR-KK-CFS-PTRE-14,292,FUR-KK,176,Tidak Aktif,Bagus,0.0,,,LT,Aset,Corporate,,65,2024-02-16 16:50:38.000,2024-02-16 16:50:38.000,Warna Hitam
3163,1973,01973-FUR-KK-CFS-PTRE-14,01973-FUR-KK-CFS-PTRE-14,292,FUR-KK,176,Tidak Aktif,Bagus,0.0,,,LT,Aset,Corporate,,65,2024-02-16 16:50:05.000,2024-02-16 16:50:05.000,Warna Hitam
3164,1975,01975-FUR-KK-CFS-PTRE-14,01975-FUR-KK-CFS-PTRE-14,292,FUR-KK,176,Tidak Aktif,Bagus,0.0,,,LT,Aset,Corporate,,65,2024-02-16 16:49:46.000,2024-02-16 16:49:46.000,Warna Hitam
3165,1976,01976-FUR-KK-CFS-PTRE-14,01976-FUR-KK-CFS-PTRE-14,269,FUR-KK,138,Tersedia,Bagus,0.0,,,LT,Aset,Corporate,10780,65,2026-05-29 15:28:12.000,2026-05-29 15:28:12.000,Warna Coklat
3166,1977,01977-FUR-KK-CFS-PTRE-14,01977-FUR-KK-CFS-PTRE-14,292,FUR-KK,176,Tidak Aktif,Bagus,0.0,,,LT,Aset,Corporate,,65,2024-02-16 16:47:55.000,2024-02-16 16:47:55.000,Warna Hitam
3167,1998,01998-FUR-KK-CFS-PTRE-14,01998-FUR-KK-CFS-PTRE-14,268,FUR-KK,86,Tidak Aktif,Bagus,0.0,,,LT,Aset,Corporate,,1,2024-07-25 13:54:24.000,2024-07-25 13:54:24.000,Warna Hitam
3168,1999,01999-FUR-KK-CFS-PTRE-14,01999-FUR-KK-CFS-PTRE-14,268,FUR-KK,86,Tidak Aktif,Bagus,0.0,,,LT,Aset,Corporate,,1,2024-07-25 13:54:40.000,2024-07-25 13:54:40.000,Warna Hitam
3169,2000,02000-FUR-KK-CFS-PTRE-14,02000-FUR-KK-CFS-PTRE-14,268,FUR-KK,86,Tidak Aktif,Bagus,0.0,,,LT,Aset,Corporate,,1,2024-07-25 13:54:49.000,2024-07-25 13:54:49.000,Warna Hitam
3170,2001,02001-FUR-KK-CFS-PTRE-14,02001-FUR-KK-CFS-PTRE-14,268,FUR-KK,86,Tidak Aktif,Bagus,0.0,,,LT,Aset,Corporate,,1,2024-07-25 13:54:57.000,2024-07-25 13:54:57.000,Warna Hitam
3171,2002,02002-FUR-KK-CFS-PTRE-14,02002-FUR-KK-CFS-PTRE-14,268,FUR-KK,86,Tidak Aktif,Bagus,0.0,,,LT,Aset,Corporate,,1,2024-07-25 13:55:08.000,2024-07-25 13:55:08.000,Warna Hitam
3172,2003,02003-FUR-KK-CFS-PTRE-14,02003-FUR-KK-CFS-PTRE-14,268,FUR-KK,86,Tidak Aktif,Bagus,0.0,,,LT,Aset,Corporate,,1,2024-07-25 13:55:20.000,2024-07-25 13:55:20.000,Warna Hitam
3173,2004,02004-FUR-KK-CFS-PTRE-14,02004-FUR-KK-CFS-PTRE-14,268,FUR-KK,86,Tidak Aktif,Bagus,0.0,,,LT,Aset,Corporate,,1,2024-07-25 13:55:37.000,2024-07-25 13:55:37.000,Warna Hitam
3174,2005,02005-FUR-KK-CFS-PTRE-14,02005-FUR-KK-CFS-PTRE-14,268,FUR-KK,86,Tidak Aktif,Bagus,0.0,,,LT,Aset,Corporate,,1,2024-07-25 13:55:53.000,2024-07-25 13:55:53.000,Warna Hitam
3175,2006,02006-FUR-KK-CFS-PTRE-14,02006-FUR-KK-CFS-PTRE-14,268,FUR-KK,86,Tidak Aktif,Bagus,0.0,,,LT,Aset,Corporate,,1,2024-07-25 13:56:12.000,2024-07-25 13:56:12.000,Warna Hitam
3176,2007,02007-FUR-KK-CFS-PTRE-14,02007-FUR-KK-CFS-PTRE-14,273,FUR-KK,86,Tidak Aktif,Bagus,0.0,,,LT,Aset,Corporate,,1,2024-07-25 13:56:24.000,2024-07-25 13:56:24.000,
3177,2008,02008-FUR-KK-CFS-PTRE-14,02008-FUR-KK-CFS-PTRE-14,273,FUR-KK,86,Tidak Aktif,Bagus,0.0,,,LT,Aset,Corporate,,1,2024-07-25 13:56:32.000,2024-07-25 13:56:32.000,
3178,2023,02023-FUR-KK-CFS-PTRE-14,02023-FUR-KK-CFS-PTRE-14,265,FUR-KK,115,Tersedia,Bagus,0.0,inventory/ams/inventoryPhoto/1726196108Kursi_Savello_Jaring.jpeg,inventory/ams/assets/uploads/assetsre/ap/1726196108Kursi_Savello_Jaring.jpeg,LT,Aset,Corporate,10780,1,2026-04-22 07:34:50.000,2026-04-22 07:34:50.000,Warna Hitam
3179,2024,02024-FUR-KK-CFS-PTRE-14,02024-FUR-KK-CFS-PTRE-14,265,FUR-KK,115,Tersedia,Bagus,0.0,inventory/ams/inventoryPhoto/1726196104Kursi_Savello_Jaring.jpeg,inventory/ams/assets/uploads/assetsre/ap/1726196104Kursi_Savello_Jaring.jpeg,LT,Aset,Corporate,10780,1,2026-04-22 07:35:19.000,2026-04-22 07:35:19.000,Warna Hitam
3180,2025,02025-FUR-KK-CFS-PTRE-14,02025-FUR-KK-CFS-PTRE-14,268,FUR-KK,183,Tidak Aktif,Rusak,0.0,inventory/ams/inventoryPhoto/1726195985Kursi_Savello_Jaring.jpeg,inventory/ams/assets/uploads/assetsre/ap/1726195985Kursi_Savello_Jaring.jpeg,LT,Aset,Corporate,10780,1,2026-02-06 10:58:56.000,2026-02-06 10:58:56.000,Warna Hitam
3181,2026,02026-FUR-KK-CFS-PTRE-14,02026-FUR-KK-CFS-PTRE-14,268,FUR-KK,183,Tidak Aktif,Rusak,0.0,inventory/ams/inventoryPhoto/1726195979Kursi_Savello_Jaring.jpeg,inventory/ams/assets/uploads/assetsre/ap/1726195979Kursi_Savello_Jaring.jpeg,LT,Aset,Corporate,10780,1,2026-02-06 11:00:01.000,2026-02-06 11:00:01.000,Warna Hitam
3182,2027,02027-FUR-KK-CFS-PTRE-14,02027-FUR-KK-CFS-PTRE-14,268,FUR-KK,183,Tidak Aktif,Rusak,0.0,inventory/ams/inventoryPhoto/1726195975Kursi_Savello_Jaring.jpeg,inventory/ams/assets/uploads/assetsre/ap/1726195975Kursi_Savello_Jaring.jpeg,LT,Aset,Corporate,10780,1,2026-02-06 11:00:39.000,2026-02-06 11:00:39.000,Warna Hitam
3183,2028,02028-FUR-KK-CFS-PTRE-14,02028-FUR-KK-CFS-PTRE-14,268,FUR-KK,183,Tidak Aktif,Rusak,0.0,inventory/ams/inventoryPhoto/1726195971Kursi_Savello_Jaring.jpeg,inventory/ams/assets/uploads/assetsre/ap/1726195971Kursi_Savello_Jaring.jpeg,LT,Aset,Corporate,10780,1,2026-02-06 10:59:10.000,2026-02-06 10:59:10.000,Warna Hitam
3184,2029,02029-FUR-KK-CFS-PTRE-14,02029-FUR-KK-CFS-PTRE-14,268,FUR-KK,183,Tidak Aktif,Rusak,0.0,inventory/ams/inventoryPhoto/1726195964Kursi_Savello_Jaring.jpeg,inventory/ams/assets/uploads/assetsre/ap/1726195964Kursi_Savello_Jaring.jpeg,LT,Aset,Corporate,10780,1,2026-02-06 10:59:48.000,2026-02-06 10:59:48.000,Warna Hitam
3185,2030,02030-FUR-KK-CFS-PTRE-14,02030-FUR-KK-CFS-PTRE-14,268,FUR-KK,183,Tidak Aktif,Rusak,0.0,inventory/ams/inventoryPhoto/1726195650Kursi_Savello_Jaring.jpeg,inventory/ams/assets/uploads/assetsre/ap/1726195650Kursi_Savello_Jaring.jpeg,LT,Aset,Corporate,10780,1,2026-02-06 10:59:17.000,2026-02-06 10:59:17.000,Warna Hitam
3186,2031,02031-FUR-KK-CFS-PTRE-14,02031-FUR-KK-CFS-PTRE-14,268,FUR-KK,183,Tidak Aktif,Rusak,0.0,inventory/ams/inventoryPhoto/1726195622Kursi_Savello_Jaring.jpeg,inventory/ams/assets/uploads/assetsre/ap/1726195622Kursi_Savello_Jaring.jpeg,LT,Aset,Corporate,10780,1,2026-02-06 10:59:23.000,2026-02-06 10:59:23.000,Warna Hitam
3187,2032,02032-FUR-KK-CFS-PTRE-14,02032-FUR-KK-CFS-PTRE-14,268,FUR-KK,183,Tidak Aktif,Rusak,0.0,inventory/ams/inventoryPhoto/1726195615Kursi_Savello_Jaring.jpeg,inventory/ams/assets/uploads/assetsre/ap/1726195615Kursi_Savello_Jaring.jpeg,LT,Aset,Corporate,10780,1,2026-02-06 10:59:29.000,2026-02-06 10:59:29.000,Warna Hitam
3188,2033,02033-FUR-KK-CFS-PTRE-14,02033-FUR-KK-CFS-PTRE-14,268,FUR-KK,183,Tidak Aktif,Rusak,0.0,inventory/ams/inventoryPhoto/1726195608Kursi_Savello_Jaring.jpeg,inventory/ams/assets/uploads/assetsre/ap/1726195608Kursi_Savello_Jaring.jpeg,LT,Aset,Corporate,10780,1,2026-02-06 10:59:35.000,2026-02-06 10:59:35.000,Warna Hitam
3189,2034,02034-FUR-KK-CFS-PTRE-14,02034-FUR-KK-CFS-PTRE-14,268,FUR-KK,183,Tidak Aktif,Rusak,0.0,inventory/ams/inventoryPhoto/1726195595Kursi_Savello_Jaring.jpeg,inventory/ams/assets/uploads/assetsre/ap/1726195595Kursi_Savello_Jaring.jpeg,LT,Aset,Corporate,10780,1,2026-02-06 10:59:55.000,2026-02-06 10:59:55.000,Warna Hitam
3190,2035,02035-FUR-KK-CFS-PTRE-14,02035-FUR-KK-CFS-PTRE-14,268,FUR-KK,183,Tidak Aktif,Rusak,0.0,inventory/ams/inventoryPhoto/1726195590Kursi_Savello_Jaring.jpeg,inventory/ams/assets/uploads/assetsre/ap/1726195590Kursi_Savello_Jaring.jpeg,LT,Aset,Corporate,10780,1,2026-02-06 11:00:31.000,2026-02-06 11:00:31.000,Warna Hitam
3191,2036,02036-FUR-KK-CFS-PTRE-14,02036-FUR-KK-CFS-PTRE-14,268,FUR-KK,183,Tidak Aktif,Rusak,0.0,inventory/ams/inventoryPhoto/1726195583Kursi_Savello_Jaring.jpeg,inventory/ams/assets/uploads/assetsre/ap/1726195583Kursi_Savello_Jaring.jpeg,LT,Aset,Corporate,10780,1,2026-02-06 11:00:09.000,2026-02-06 11:00:09.000,Warna Hitam
3192,2037,02037-FUR-KK-CFS-PTRE-14,02037-FUR-KK-CFS-PTRE-14,268,FUR-KK,183,Tidak Aktif,Rusak,0.0,inventory/ams/inventoryPhoto/1726195471Kursi_Savello_Jaring.jpeg,inventory/ams/assets/uploads/assetsre/ap/1726195471Kursi_Savello_Jaring.jpeg,LT,Aset,Corporate,10780,1,2026-02-06 11:00:17.000,2026-02-06 11:00:17.000,Warna Hitam
3193,2038,02038-FUR-KK-CFS-PTRE-14,02038-FUR-KK-CFS-PTRE-14,269,FUR-KK,111,Tersedia,Bagus,0.0,inventory/ams/inventoryPhoto/1726195475Kursi_Savello_Jaring.jpeg,inventory/ams/assets/uploads/assetsre/ap/1726195475Kursi_Savello_Jaring.jpeg,LT,Aset,Corporate,10780,1,2026-02-06 10:58:07.000,2026-02-06 10:58:07.000,Warna Coklat
3194,2039,02039-FUR-KK-CFS-PTRE-14,02039-FUR-KK-CFS-PTRE-14,269,FUR-KK,111,Tersedia,Bagus,0.0,inventory/ams/inventoryPhoto/1726195467Kursi_Savello_Jaring.jpeg,inventory/ams/assets/uploads/assetsre/ap/1726195467Kursi_Savello_Jaring.jpeg,LT,Aset,Corporate,10780,1,2026-02-06 10:57:48.000,2026-02-06 10:57:48.000,Warna Coklat
3195,2040,02040-FUR-KK-CFS-PTRE-14,02040-FUR-KK-CFS-PTRE-14,269,FUR-KK,111,Tersedia,Bagus,0.0,inventory/ams/inventoryPhoto/1726195459Kursi_Savello_Jaring.jpeg,inventory/ams/assets/uploads/assetsre/ap/1726195459Kursi_Savello_Jaring.jpeg,LT,Aset,Corporate,10780,1,2026-02-06 10:57:32.000,2026-02-06 10:57:32.000,Warna Coklat
3196,2041,02041-FUR-KK-CFS-PTRE-14,02041-FUR-KK-CFS-PTRE-14,269,FUR-KK,183,Tersedia,Bagus,0.0,inventory/ams/inventoryPhoto/1726195331Kursi_Savello_Jaring.jpeg,inventory/ams/assets/uploads/assetsre/ap/1726195331Kursi_Savello_Jaring.jpeg,LT,Aset,Corporate,10780,1,2026-02-06 10:56:29.000,2026-02-06 10:56:29.000,Warna Coklat
3197,2042,02042-FUR-KK-CFS-PTRE-14,02042-FUR-KK-CFS-PTRE-14,269,FUR-KK,183,Tersedia,Bagus,0.0,inventory/ams/inventoryPhoto/1726195324Kursi_Savello_Jaring.jpeg,inventory/ams/assets/uploads/assetsre/ap/1726195324Kursi_Savello_Jaring.jpeg,LT,Aset,Corporate,10780,1,2026-02-06 10:56:21.000,2026-02-06 10:56:21.000,Warna Coklat
3198,2043,02043-FUR-KK-CFS-PTRE-14,02043-FUR-KK-CFS-PTRE-14,269,FUR-KK,183,Tersedia,Bagus,0.0,inventory/ams/inventoryPhoto/1726195125Kursi_Savello_Jaring.jpeg,inventory/ams/assets/uploads/assetsre/ap/1726195125Kursi_Savello_Jaring.jpeg,LT,Aset,Corporate,10780,1,2026-02-06 10:56:09.000,2026-02-06 10:56:09.000,Warna Coklat
3199,2044,02044-FUR-KK-CFS-PTRE-14,02044-FUR-KK-CFS-PTRE-14,269,FUR-KK,183,Tersedia,Bagus,0.0,inventory/ams/inventoryPhoto/1726195116Kursi_Savello_Jaring.jpeg,inventory/ams/assets/uploads/assetsre/ap/1726195116Kursi_Savello_Jaring.jpeg,LT,Aset,Corporate,10780,1,2026-02-06 10:56:00.000,2026-02-06 10:56:00.000,Warna Coklat
3200,2045,02045-FUR-KK-CFS-PTRE-14,02045-FUR-KK-CFS-PTRE-14,269,FUR-KK,183,Tersedia,Bagus,0.0,inventory/ams/inventoryPhoto/1726195003Kursi_Savello_Jaring.jpeg,inventory/ams/assets/uploads/assetsre/ap/1726195003Kursi_Savello_Jaring.jpeg,LT,Aset,Corporate,10780,1,2026-02-06 10:55:46.000,2026-02-06 10:55:46.000,Warna Coklat
3201,2046,02046-FUR-KK-CFS-PTRE-14,02046-FUR-KK-CFS-PTRE-14,269,FUR-KK,183,Tersedia,Bagus,0.0,inventory/ams/inventoryPhoto/1726194996Kursi_Savello_Jaring.jpeg,inventory/ams/assets/uploads/assetsre/ap/1726194996Kursi_Savello_Jaring.jpeg,LT,Aset,Corporate,10780,1,2026-02-06 10:55:52.000,2026-02-06 10:55:52.000,Warna Coklat
3202,2047,02047-FUR-KK-CFS-PTRE-14,02047-FUR-KK-CFS-PTRE-14,269,FUR-KK,183,Tersedia,Bagus,0.0,inventory/ams/inventoryPhoto/1726194989Kursi_Savello_Jaring.jpeg,inventory/ams/assets/uploads/assetsre/ap/1726194989Kursi_Savello_Jaring.jpeg,LT,Aset,Corporate,10780,1,2026-02-06 10:55:40.000,2026-02-06 10:55:40.000,Warna Coklat
3203,2048,02048-FUR-KK-CFS-PTRE-14,02048-FUR-KK-CFS-PTRE-14,269,FUR-KK,224,Tersedia,Bagus,0.0,inventory/ams/inventoryPhoto/1726194981Kursi_Savello_Jaring.jpeg,inventory/ams/assets/uploads/assetsre/ap/1726194981Kursi_Savello_Jaring.jpeg,LT,Aset,Corporate,10780,1,2026-06-07 18:07:54.000,2026-06-07 18:07:54.000,Warna Coklat
3204,2049,02049-FUR-KK-CFS-PTRE-14,02049-FUR-KK-CFS-PTRE-14,269,FUR-KK,183,Tersedia,Bagus,0.0,inventory/ams/inventoryPhoto/1726194974Kursi_Savello_Jaring.jpeg,inventory/ams/assets/uploads/assetsre/ap/1726194974Kursi_Savello_Jaring.jpeg,LT,Aset,Corporate,10780,1,2026-02-06 10:55:23.000,2026-02-06 10:55:23.000,Warna Coklat
3205,2050,02050-FUR-KK-CFS-PTRE-14,02050-FUR-KK-CFS-PTRE-14,269,FUR-KK,183,Tersedia,Bagus,0.0,inventory/ams/inventoryPhoto/1726194968Kursi_Savello_Jaring.jpeg,inventory/ams/assets/uploads/assetsre/ap/1726194968Kursi_Savello_Jaring.jpeg,LT,Aset,Corporate,10780,1,2026-02-06 10:55:16.000,2026-02-06 10:55:16.000,Warna Coklat
3206,2075,02075-FUR-KK-CFS-PTRE-12,02075-FUR-KK-CFS-PTRE-12,290,FUR-KK,185,Tersedia,Bagus,0.0,,,LT,Aset,Corporate,,,2018-03-15 16:23:06.777,2018-03-15 16:23:06.777,
3207,2076,02076-FUR-KK-CFS-PTRE-12,02076-FUR-KK-CFS-PTRE-12,290,FUR-KK,185,Tersedia,Bagus,0.0,,,LT,Aset,Corporate,,,2018-03-15 16:23:06.777,2018-03-15 16:23:06.777,
3208,2077,02077-FUR-KK-CFS-PTRE-12,02077-FUR-KK-CFS-PTRE-12,290,FUR-KK,185,Tersedia,Bagus,0.0,,,LT,Aset,Corporate,,,2018-03-15 16:23:06.777,2018-03-15 16:23:06.777,
3209,2078,02078-FUR-KK-CFS-PTRE-12,02078-FUR-KK-CFS-PTRE-12,290,FUR-KK,185,Tersedia,Bagus,0.0,,,LT,Aset,Corporate,,,2018-03-15 16:23:06.777,2018-03-15 16:23:06.777,
3210,2096,02096-FUR-KK-CFS-PTRE-12,02096-FUR-KK-CFS-PTRE-12,284,FUR-KK,189,Tersedia,Bagus,0.0,inventory/ams/inventoryPhoto/1726211282Kursi_Pantry.jpeg,inventory/ams/assets/uploads/assetsre/ap/1726211282Kursi_Pantry.jpeg,LT,Aset,Corporate,,1,2024-09-13 14:08:02.000,2024-09-13 14:08:02.000,Warna Hitam
3211,2138,02138-FUR-KK-CFS-PTRE-14,02138-FUR-KK-CFS-PTRE-14,268,FUR-KK,192,Tidak Aktif,Bagus,0.0,,,LT,Inventaris,Corporate,,65,2024-02-28 11:32:45.000,2024-02-28 11:32:45.000,Warna Hitam
3212,2139,02139-FUR-KK-CFS-PTRE-14,02139-FUR-KK-CFS-PTRE-14,268,FUR-KK,192,Tidak Aktif,Bagus,0.0,,,LT,Inventaris,Corporate,,65,2024-02-28 11:32:35.000,2024-02-28 11:32:35.000,Warna Hitam
3213,2140,02140-FUR-KK-CFS-PTRE-14,02140-FUR-KK-CFS-PTRE-14,265,FUR-KK,192,Tidak Aktif,Bagus,0.0,,,LT,Inventaris,Corporate,,65,2024-02-28 11:32:12.000,2024-02-28 11:32:12.000,Warna Hitam
3214,2141,02141-FUR-KK-CFS-PTRE-14,02141-FUR-KK-CFS-PTRE-14,265,FUR-KK,192,Tidak Aktif,Bagus,0.0,,,LT,Inventaris,Corporate,,65,2024-02-28 11:32:01.000,2024-02-28 11:32:01.000,Warna Hitam
3215,2142,02142-FUR-KK-CFS-PTRE-14,02142-FUR-KK-CFS-PTRE-14,265,FUR-KK,192,Tidak Aktif,Bagus,0.0,,,LT,Inventaris,Corporate,,65,2024-02-28 11:31:52.000,2024-02-28 11:31:52.000,Warna Hitam
3216,2143,02143-FUR-KK-CFS-PTRE-14,02143-FUR-KK-CFS-PTRE-14,265,FUR-KK,192,Tidak Aktif,Bagus,0.0,,,LT,Inventaris,Corporate,,65,2024-02-28 11:31:43.000,2024-02-28 11:31:43.000,Warna Hitam
3217,2144,02144-FUR-KK-CFS-PTRE-14,02144-FUR-KK-CFS-PTRE-14,265,FUR-KK,192,Tidak Aktif,Bagus,0.0,,,LT,Inventaris,Corporate,,65,2024-02-28 11:31:34.000,2024-02-28 11:31:34.000,Warna Hitam
3218,2145,02145-FUR-KK-CFS-PTRE-14,02145-FUR-KK-CFS-PTRE-14,265,FUR-KK,192,Tidak Aktif,Bagus,0.0,,,LT,Inventaris,Corporate,,65,2024-02-28 11:31:25.000,2024-02-28 11:31:25.000,Warna Hitam
3219,2146,02146-FUR-KK-CFS-PTRE-14,02146-FUR-KK-CFS-PTRE-14,272,FUR-KK,174,Tersedia,Bagus,0.0,inventory/ams/inventoryPhoto/1776824512tempat_sampah_rokok.jpeg,inventory/ams/assets/uploads/assetsre/ap/1776824512tempat_sampah_rokok.jpeg,LT,Inventaris,Corporate,,65,2026-06-07 17:51:15.000,2026-06-07 17:51:15.000,Warna Coklat
3220,2147,02147-FUR-KK-CFS-PTRE-14,02147-FUR-KK-CFS-PTRE-14,272,FUR-KK,222,Tersedia,Bagus,0.0,inventory/ams/inventoryPhoto/1776824483tempat_sampah_rokok.jpeg,inventory/ams/assets/uploads/assetsre/ap/1776824483tempat_sampah_rokok.jpeg,LT,Inventaris,Corporate,,65,2026-04-22 09:21:23.000,2026-04-22 09:21:23.000,Warna Coklat
3221,2148,02148-FUR-KK-CFS-PTRE-14,02148-FUR-KK-CFS-PTRE-14,272,FUR-KK,222,Tersedia,Bagus,0.0,inventory/ams/inventoryPhoto/1776824432tempat_sampah_rokok.jpeg,inventory/ams/assets/uploads/assetsre/ap/1776824432tempat_sampah_rokok.jpeg,LT,Inventaris,Corporate,,65,2026-04-22 09:20:32.000,2026-04-22 09:20:32.000,Warna Coklat
3222,2149,02149-FUR-KK-CFS-PTRE-14,02149-FUR-KK-CFS-PTRE-14,265,FUR-KK,192,Tidak Aktif,Bagus,0.0,,,LT,Inventaris,Corporate,,65,2024-02-28 11:30:48.000,2024-02-28 11:30:48.000,Warna Hitam
3223,2150,02150-FUR-KK-CFS-PTRE-14,02150-FUR-KK-CFS-PTRE-14,272,FUR-KK,174,Tersedia,Bagus,0.0,inventory/ams/inventoryPhoto/1776824457tempat_sampah_rokok.jpeg,inventory/ams/assets/uploads/assetsre/ap/1776824457tempat_sampah_rokok.jpeg,LT,Inventaris,Corporate,,65,2026-06-07 17:47:30.000,2026-06-07 17:47:30.000,Warna Coklat
3224,2151,02151-FUR-KK-CFS-PTRE-14,02151-FUR-KK-CFS-PTRE-14,268,FUR-KK,192,Tidak Aktif,Lelang/Hibah,0.0,,,LT,Inventaris,Corporate,,65,2024-06-06 08:47:16.000,2024-06-06 08:47:16.000,Warna Hitam
3225,2152,02152-FUR-KK-CFS-PTRE-14,02152-FUR-KK-CFS-PTRE-14,268,FUR-KK,192,Tidak Aktif,Lelang/Hibah,0.0,,,LT,Inventaris,Corporate,,65,2024-06-06 08:46:52.000,2024-06-06 08:46:52.000,Warna Hitam
3226,2153,02153-FUR-KK-CFS-PTRE-14,02153-FUR-KK-CFS-PTRE-14,268,FUR-KK,192,Tidak Aktif,Lelang/Hibah,0.0,,,LT,Inventaris,Corporate,,65,2024-06-06 08:46:31.000,2024-06-06 08:46:31.000,Warna Hitam
3227,2154,02154-FUR-KK-CFS-PTRE-14,02154-FUR-KK-CFS-PTRE-14,268,FUR-KK,192,Tidak Aktif,Lelang/Hibah,0.0,,,LT,Inventaris,Corporate,,65,2024-06-06 08:46:09.000,2024-06-06 08:46:09.000,Warna Hitam
3228,2155,02155-FUR-KK-CFS-PTRE-14,02155-FUR-KK-CFS-PTRE-14,268,FUR-KK,192,Tidak Aktif,Lelang/Hibah,0.0,,,LT,Inventaris,Corporate,,65,2024-06-06 08:45:46.000,2024-06-06 08:45:46.000,Warna Hitam
3229,2156,02156-FUR-KK-CFS-PTRE-14,02156-FUR-KK-CFS-PTRE-14,268,FUR-KK,192,Tidak Aktif,Lelang/Hibah,0.0,,,LT,Inventaris,Corporate,,65,2024-06-06 08:45:22.000,2024-06-06 08:45:22.000,Warna Hitam
3230,2157,02157-FUR-KK-CFS-PTRE-14,02157-FUR-KK-CFS-PTRE-14,268,FUR-KK,192,Tidak Aktif,Lelang/Hibah,0.0,,,LT,Inventaris,Corporate,,65,2024-06-06 08:44:59.000,2024-06-06 08:44:59.000,Warna Hitam
3231,2158,02158-FUR-KK-CFS-PTRE-14,02158-FUR-KK-CFS-PTRE-14,268,FUR-KK,192,Tidak Aktif,Lelang/Hibah,0.0,,,LT,Inventaris,Corporate,,65,2024-06-06 08:44:37.000,2024-06-06 08:44:37.000,Warna Hitam
3232,2159,02159-FUR-KK-CFS-PTRE-14,02159-FUR-KK-CFS-PTRE-14,268,FUR-KK,192,Tidak Aktif,Lelang/Hibah,0.0,,,LT,Inventaris,Corporate,,65,2024-06-06 08:44:17.000,2024-06-06 08:44:17.000,Warna Hitam
3233,2160,02160-FUR-KK-CFS-PTRE-14,02160-FUR-KK-CFS-PTRE-14,268,FUR-KK,192,Tidak Aktif,Lelang/Hibah,0.0,inventory/ams/inventoryPhoto/1601607051Kursi_Kerja_Hitam.jpg,inventory/ams/assets/uploads/assetsre/ap/1601607051Kursi_Kerja_Hitam.jpg,LT,Inventaris,Corporate,,65,2024-06-06 08:43:54.000,2024-06-06 08:43:54.000,Warna Hitam
3234,2161,02161-FUR-KK-CFS-PTRE-14,02161-FUR-KK-CFS-PTRE-14,268,FUR-KK,192,Tidak Aktif,Lelang/Hibah,0.0,,,LT,Inventaris,Corporate,,65,2024-06-06 08:43:32.000,2024-06-06 08:43:32.000,Warna Hitam
3235,2162,02162-FUR-KK-CFS-PTRE-14,02162-FUR-KK-CFS-PTRE-14,268,FUR-KK,192,Tidak Aktif,Lelang/Hibah,0.0,,,LT,Inventaris,Corporate,,65,2024-06-06 08:42:46.000,2024-06-06 08:42:46.000,Warna Hitam
3236,2163,02163-FUR-KK-CFS-PTRE-14,02163-FUR-KK-CFS-PTRE-14,268,FUR-KK,192,Tidak Aktif,Lelang/Hibah,0.0,,,LT,Inventaris,Corporate,,65,2024-06-06 08:42:26.000,2024-06-06 08:42:26.000,Warna Hitam
3237,2164,02164-FUR-KK-CFS-PTRE-14,02164-FUR-KK-CFS-PTRE-14,268,FUR-KK,192,Tidak Aktif,Lelang/Hibah,0.0,,,LT,Inventaris,Corporate,,65,2024-06-06 08:42:01.000,2024-06-06 08:42:01.000,Warna Hitam
3238,2165,02165-FUR-KK-CFS-PTRE-14,02165-FUR-KK-CFS-PTRE-14,268,FUR-KK,192,Tidak Aktif,Lelang/Hibah,0.0,,,LT,Inventaris,Corporate,,65,2024-06-06 08:41:41.000,2024-06-06 08:41:41.000,Warna Hitam
3239,2166,02166-FUR-KK-CFS-PTRE-14,02166-FUR-KK-CFS-PTRE-14,268,FUR-KK,192,Tidak Aktif,Lelang/Hibah,0.0,,,LT,Inventaris,Corporate,,65,2024-06-06 08:41:22.000,2024-06-06 08:41:22.000,Warna Hitam
3240,2167,02167-FUR-KK-CFS-PTRE-14,02167-FUR-KK-CFS-PTRE-14,268,FUR-KK,192,Tidak Aktif,Lelang/Hibah,0.0,,,LT,Inventaris,Corporate,,65,2024-06-06 08:41:00.000,2024-06-06 08:41:00.000,Warna Hitam
3241,2168,02168-FUR-KK-CFS-PTRE-14,02168-FUR-KK-CFS-PTRE-14,268,FUR-KK,192,Tidak Aktif,Lelang/Hibah,0.0,,,LT,Inventaris,Corporate,,65,2024-06-06 08:40:39.000,2024-06-06 08:40:39.000,Warna Hitam
3242,2169,02169-FUR-KK-CFS-PTRE-14,02169-FUR-KK-CFS-PTRE-14,268,FUR-KK,192,Tidak Aktif,Lelang/Hibah,0.0,,,LT,Inventaris,Corporate,,65,2024-06-06 08:40:18.000,2024-06-06 08:40:18.000,Warna Hitam
3243,2170,02170-FUR-KK-CFS-PTRE-14,02170-FUR-KK-CFS-PTRE-14,268,FUR-KK,192,Tidak Aktif,Lelang/Hibah,0.0,,,LT,Inventaris,Corporate,,65,2024-06-06 08:39:57.000,2024-06-06 08:39:57.000,Warna Hitam
3244,2171,02171-FUR-KK-CFS-PTRE-14,02171-FUR-KK-CFS-PTRE-14,268,FUR-KK,192,Tidak Aktif,Lelang/Hibah,0.0,,,LT,Inventaris,Corporate,,65,2024-06-06 08:39:32.000,2024-06-06 08:39:32.000,Warna Hitam
3245,2172,02172-FUR-KK-CFS-PTRE-14,02172-FUR-KK-CFS-PTRE-14,268,FUR-KK,192,Tidak Aktif,Lelang/Hibah,0.0,,,LT,Inventaris,Corporate,,65,2024-06-06 08:39:08.000,2024-06-06 08:39:08.000,Warna Hitam
3246,2173,02173-FUR-KK-CFS-PTRE-14,02173-FUR-KK-CFS-PTRE-14,268,FUR-KK,192,Tidak Aktif,Lelang/Hibah,0.0,,,LT,Inventaris,Corporate,,65,2024-06-06 08:36:46.000,2024-06-06 08:36:46.000,Warna Hitam
3247,2250,02250-FUR-KK-CFS-PTRE-14,02250-FUR-KK-CFS-PTRE-14,279,FUR-KK,195,Tidak Aktif,Lelang/Hibah,0.0,,,LT,Inventaris,Corporate,,1,2024-06-06 08:36:23.000,2024-06-06 08:36:23.000,Warna Hitam
3248,2251,02251-FUR-KK-CFS-PTRE-14,02251-FUR-KK-CFS-PTRE-14,279,FUR-KK,195,Tidak Aktif,Lelang/Hibah,0.0,,,LT,Inventaris,Corporate,,1,2024-06-06 08:36:01.000,2024-06-06 08:36:01.000,Warna Hitam
3249,2252,02252-FUR-KK-CFS-PTRE-14,02252-FUR-KK-CFS-PTRE-14,279,FUR-KK,195,Tidak Aktif,Lelang/Hibah,0.0,,,LT,Inventaris,Corporate,,1,2024-06-06 08:35:34.000,2024-06-06 08:35:34.000,Warna Hitam
3250,2253,02253-FUR-KK-CFS-PTRE-14,02253-FUR-KK-CFS-PTRE-14,282,FUR-KK,228,Tidak Aktif,Bagus,0.0,inventory/ams/inventoryPhoto/1714632368DSC_0007.png,inventory/ams/assets/uploads/assetsre/ap/1714632368DSC_0007.png,LT,Inventaris,Corporate,,1,2024-07-30 14:54:12.000,2024-07-30 14:54:12.000,Warna Hitam
3251,2254,02254-FUR-KK-CFS-PTRE-14,02254-FUR-KK-CFS-PTRE-14,272,FUR-KK,228,Tersedia,Bagus,0.0,inventory/ams/inventoryPhoto/1714632331DSC_0007.png,inventory/ams/assets/uploads/assetsre/ap/1714632331DSC_0007.png,LT,Inventaris,Corporate,10780,1,2025-02-12 10:34:39.000,2025-02-12 10:34:39.000,Warna Coklat
3252,2255,02255-FUR-KK-CFS-PTRE-14,02255-FUR-KK-CFS-PTRE-14,272,FUR-KK,228,Tersedia,Bagus,0.0,inventory/ams/inventoryPhoto/1714632298DSC_0007.png,inventory/ams/assets/uploads/assetsre/ap/1714632298DSC_0007.png,LT,Inventaris,Corporate,10780,1,2025-02-12 10:34:27.000,2025-02-12 10:34:27.000,Warna Coklat
3253,2256,02256-FUR-KK-CFS-PTRE-14,02256-FUR-KK-CFS-PTRE-14,272,FUR-KK,228,Tersedia,Bagus,0.0,inventory/ams/inventoryPhoto/1714632257DSC_0007.png,inventory/ams/assets/uploads/assetsre/ap/1714632257DSC_0007.png,LT,Inventaris,Corporate,10780,1,2025-02-12 10:34:07.000,2025-02-12 10:34:07.000,Warna Coklat
3254,2257,02257-FUR-KK-CFS-PTRE-14,02257-FUR-KK-CFS-PTRE-14,272,FUR-KK,228,Tersedia,Bagus,0.0,inventory/ams/inventoryPhoto/1714632221DSC_0007.png,inventory/ams/assets/uploads/assetsre/ap/1714632221DSC_0007.png,LT,Inventaris,Corporate,10780,1,2025-02-12 10:32:09.000,2025-02-12 10:32:09.000,Warna Coklat
3255,2258,02258-FUR-KK-CFS-PTRE-14,02258-FUR-KK-CFS-PTRE-14,282,FUR-KK,228,Tersedia,Bagus,0.0,inventory/ams/inventoryPhoto/1726211802kursi_kerja_uno1.jpeg,inventory/ams/assets/uploads/assetsre/ap/1726211802kursi_kerja_uno1.jpeg,LT,Inventaris,Corporate,10780,1,2025-02-13 14:02:08.000,2025-02-13 14:02:08.000,Warna Hitam
3256,2259,02259-FUR-KK-CFS-PTRE-14,02259-FUR-KK-CFS-PTRE-14,272,FUR-KK,228,Tersedia,Bagus,0.0,inventory/ams/inventoryPhoto/1714632148DSC_0007.png,inventory/ams/assets/uploads/assetsre/ap/1714632148DSC_0007.png,LT,Inventaris,Corporate,10780,1,2025-02-12 10:23:14.000,2025-02-12 10:23:14.000,Warna Coklat
3257,2260,02260-FUR-KK-CFS-PTRE-14,02260-FUR-KK-CFS-PTRE-14,272,FUR-KK,228,Tersedia,Bagus,0.0,inventory/ams/inventoryPhoto/1714632107DSC_0007.png,inventory/ams/assets/uploads/assetsre/ap/1714632107DSC_0007.png,LT,Inventaris,Corporate,10780,1,2025-02-12 10:22:54.000,2025-02-12 10:22:54.000,Warna Coklat
3258,2261,02261-FUR-KK-CFS-PTRE-14,02261-FUR-KK-CFS-PTRE-14,272,FUR-KK,228,Tersedia,Rusak,0.0,inventory/ams/inventoryPhoto/1714632043DSC_0007.png,inventory/ams/assets/uploads/assetsre/ap/1714632043DSC_0007.png,LT,Inventaris,Corporate,10780,1,2025-02-12 10:22:28.000,2025-02-12 10:22:28.000,Warna Coklat
3259,2262,02262-FUR-KK-CFS-PTRE-14,02262-FUR-KK-CFS-PTRE-14,272,FUR-KK,228,Tersedia,Bagus,0.0,inventory/ams/inventoryPhoto/1714625840DSC_0007.png,inventory/ams/assets/uploads/assetsre/ap/1714625840DSC_0007.png,LT,Inventaris,Corporate,10780,1,2025-02-13 14:01:58.000,2025-02-13 14:01:58.000,Warna Coklat
3260,2263,02263-FUR-KK-CFS-PTRE-14,02263-FUR-KK-CFS-PTRE-14,265,FUR-KK,228,Tersedia,Bagus,0.0,inventory/ams/inventoryPhoto/1714620179DSC_0011.png,inventory/ams/assets/uploads/assetsre/ap/1714620179DSC_0011.png,LT,Aset,Corporate,,1,2025-02-13 14:01:43.000,2025-02-13 14:01:43.000,Warna Hitam
3261,2264,02264-FUR-KK-CFS-PTRE-14,02264-FUR-KK-CFS-PTRE-14,265,FUR-KK,228,Tersedia,Bagus,0.0,inventory/ams/inventoryPhoto/1726194376Kursi_Savello_Jaring.jpeg,inventory/ams/assets/uploads/assetsre/ap/1726194376Kursi_Savello_Jaring.jpeg,LT,Aset,Corporate,,1,2024-09-13 09:26:16.000,2024-09-13 09:26:16.000,Warna Hitam
3262,2273,02273-FUR-KK-CFS-PTRE-14,02273-FUR-KK-CFS-PTRE-14,268,FUR-KK,196,Tersedia,Bagus,0.0,inventory/ams/inventoryPhoto/1726194371Kursi_Savello_Jaring.jpeg,inventory/ams/assets/uploads/assetsre/ap/1726194371Kursi_Savello_Jaring.jpeg,LT,Aset,Corporate,,65,2024-09-13 09:26:11.000,2024-09-13 09:26:11.000,Warna Hitam
3263,2274,02274-FUR-KK-CFS-PTRE-14,02274-FUR-KK-CFS-PTRE-14,268,FUR-KK,196,Tersedia,Bagus,0.0,inventory/ams/inventoryPhoto/1726194365Kursi_Savello_Jaring.jpeg,inventory/ams/assets/uploads/assetsre/ap/1726194365Kursi_Savello_Jaring.jpeg,LT,Aset,Corporate,,65,2024-09-13 09:26:05.000,2024-09-13 09:26:05.000,Warna Hitam
3264,2275,02275-FUR-KK-CFS-PTRE-14,02275-FUR-KK-CFS-PTRE-14,268,FUR-KK,196,Tersedia,Bagus,0.0,inventory/ams/inventoryPhoto/1726194360Kursi_Savello_Jaring.jpeg,inventory/ams/assets/uploads/assetsre/ap/1726194360Kursi_Savello_Jaring.jpeg,LT,Aset,Corporate,,65,2024-09-13 09:26:00.000,2024-09-13 09:26:00.000,Warna Hitam
3265,2276,02276-FUR-KK-CFS-PTRE-14,02276-FUR-KK-CFS-PTRE-14,268,FUR-KK,196,Tersedia,Bagus,0.0,inventory/ams/inventoryPhoto/1726194355Kursi_Savello_Jaring.jpeg,inventory/ams/assets/uploads/assetsre/ap/1726194355Kursi_Savello_Jaring.jpeg,LT,Aset,Corporate,,65,2024-09-13 09:25:55.000,2024-09-13 09:25:55.000,Warna Hitam
3266,2317,02317-FUR-KK-CFS-PTRE-12,02317-FUR-KK-CFS-PTRE-12,284,FUR-KK,197,Tersedia,Bagus,0.0,,,LT,Aset,Corporate,,,2018-03-15 16:23:06.777,2018-03-15 16:23:06.777,Warna Hitam
3267,2318,02318-FUR-KK-CFS-PTRE-12,02318-FUR-KK-CFS-PTRE-12,284,FUR-KK,197,Tersedia,Bagus,0.0,,,LT,Aset,Corporate,,,2018-03-15 16:23:06.777,2018-03-15 16:23:06.777,Warna Hitam
3268,2319,02319-FUR-KK-CFS-PTRE-12,02319-FUR-KK-CFS-PTRE-12,284,FUR-KK,197,Tersedia,Bagus,0.0,,,LT,Aset,Corporate,,,2018-03-15 16:23:06.777,2018-03-15 16:23:06.777,Warna Hitam
3269,2320,02320-FUR-KK-CFS-PTRE-12,02320-FUR-KK-CFS-PTRE-12,284,FUR-KK,197,Tersedia,Bagus,0.0,,,LT,Aset,Corporate,,,2018-03-15 16:23:06.777,2018-03-15 16:23:06.777,Warna Hitam
3270,2321,02321-FUR-KK-CFS-PTRE-12,02321-FUR-KK-CFS-PTRE-12,284,FUR-KK,197,Tersedia,Bagus,0.0,,,LT,Aset,Corporate,,,2018-03-15 16:23:06.777,2018-03-15 16:23:06.777,Warna Hitam
3271,2322,02322-FUR-KK-CFS-PTRE-12,02322-FUR-KK-CFS-PTRE-12,284,FUR-KK,197,Tersedia,Bagus,0.0,,,LT,Aset,Corporate,,,2018-03-15 16:23:06.777,2018-03-15 16:23:06.777,Warna Hitam
3272,2323,02323-FUR-KK-CFS-PTRE-12,02323-FUR-KK-CFS-PTRE-12,284,FUR-KK,197,Tersedia,Bagus,0.0,,,LT,Aset,Corporate,,,2018-03-15 16:23:06.777,2018-03-15 16:23:06.777,Warna Hitam
3273,2324,02324-FUR-KK-CFS-PTRE-12,02324-FUR-KK-CFS-PTRE-12,284,FUR-KK,197,Tersedia,Bagus,0.0,,,LT,Aset,Corporate,,,2018-03-15 16:23:06.777,2018-03-15 16:23:06.777,Warna Hitam
3274,2325,02325-FUR-KK-CFS-PTRE-12,02325-FUR-KK-CFS-PTRE-12,284,FUR-KK,197,Tersedia,Bagus,0.0,,,LT,Aset,Corporate,,,2018-03-15 16:23:06.777,2018-03-15 16:23:06.777,Warna Hitam
3275,2326,02326-FUR-KK-CFS-PTRE-12,02326-FUR-KK-CFS-PTRE-12,284,FUR-KK,197,Tersedia,Bagus,0.0,,,LT,Aset,Corporate,,,2018-03-15 16:23:06.777,2018-03-15 16:23:06.777,Warna Hitam
3276,2327,02327-FUR-KK-CFS-PTRE-12,02327-FUR-KK-CFS-PTRE-12,284,FUR-KK,197,Tersedia,Bagus,0.0,,,LT,Aset,Corporate,,,2018-03-15 16:23:06.777,2018-03-15 16:23:06.777,Warna Hitam
3277,2328,02328-FUR-KK-CFS-PTRE-12,02328-FUR-KK-CFS-PTRE-12,284,FUR-KK,197,Tersedia,Bagus,0.0,,,LT,Aset,Corporate,,,2018-03-15 16:23:06.777,2018-03-15 16:23:06.777,Warna Hitam
3278,2329,02329-FUR-KK-CFS-PTRE-12,02329-FUR-KK-CFS-PTRE-12,284,FUR-KK,197,Tersedia,Bagus,0.0,,,LT,Aset,Corporate,,,2018-03-15 16:23:06.777,2018-03-15 16:23:06.777,Warna Hitam
3279,2330,02330-FUR-KK-CFS-PTRE-12,02330-FUR-KK-CFS-PTRE-12,284,FUR-KK,197,Tersedia,Bagus,0.0,,,LT,Aset,Corporate,,,2018-03-15 16:23:06.777,2018-03-15 16:23:06.777,Warna Hitam
3280,2331,02331-FUR-KK-CFS-PTRE-12,02331-FUR-KK-CFS-PTRE-12,284,FUR-KK,197,Tersedia,Bagus,0.0,,,LT,Aset,Corporate,,,2018-03-15 16:23:06.777,2018-03-15 16:23:06.777,Warna Hitam
3281,2332,02332-FUR-KK-CFS-PTRE-12,02332-FUR-KK-CFS-PTRE-12,284,FUR-KK,197,Tersedia,Bagus,0.0,,,LT,Aset,Corporate,,,2018-03-15 16:23:06.777,2018-03-15 16:23:06.777,Warna Hitam
3282,2333,02333-FUR-KK-CFS-PTRE-12,02333-FUR-KK-CFS-PTRE-12,284,FUR-KK,197,Tersedia,Bagus,0.0,,,LT,Aset,Corporate,,,2018-03-15 16:23:06.777,2018-03-15 16:23:06.777,Warna Hitam
3283,2334,02334-FUR-KK-CFS-PTRE-12,02334-FUR-KK-CFS-PTRE-12,284,FUR-KK,197,Tersedia,Bagus,0.0,,,LT,Aset,Corporate,,,2018-03-15 16:23:06.777,2018-03-15 16:23:06.777,Warna Hitam
3284,2335,02335-FUR-KK-CFS-PTRE-12,02335-FUR-KK-CFS-PTRE-12,284,FUR-KK,197,Tersedia,Bagus,0.0,,,LT,Aset,Corporate,,,2018-03-15 16:23:06.777,2018-03-15 16:23:06.777,Warna Hitam
3285,2336,02336-FUR-KK-CFS-PTRE-12,02336-FUR-KK-CFS-PTRE-12,284,FUR-KK,197,Tersedia,Bagus,0.0,,,LT,Aset,Corporate,,,2018-03-15 16:23:06.777,2018-03-15 16:23:06.777,Warna Hitam
3286,2337,02337-FUR-KK-CFS-PTRE-12,02337-FUR-KK-CFS-PTRE-12,284,FUR-KK,197,Tersedia,Bagus,0.0,,,LT,Aset,Corporate,,,2018-03-15 16:23:06.777,2018-03-15 16:23:06.777,Warna Hitam
3287,2338,02338-FUR-KK-CFS-PTRE-12,02338-FUR-KK-CFS-PTRE-12,284,FUR-KK,197,Tersedia,Bagus,0.0,,,LT,Aset,Corporate,,,2018-03-15 16:23:06.777,2018-03-15 16:23:06.777,Warna Hitam
3288,2339,02339-FUR-KK-CFS-PTRE-12,02339-FUR-KK-CFS-PTRE-12,284,FUR-KK,197,Tersedia,Bagus,0.0,,,LT,Aset,Corporate,,,2018-03-15 16:23:06.777,2018-03-15 16:23:06.777,Warna Hitam
3289,2340,02340-FUR-KK-CFS-PTRE-12,02340-FUR-KK-CFS-PTRE-12,284,FUR-KK,197,Tersedia,Bagus,0.0,,,LT,Aset,Corporate,,,2018-03-15 16:23:06.777,2018-03-15 16:23:06.777,Warna Hitam
3290,2341,02341-FUR-KK-CFS-PTRE-12,02341-FUR-KK-CFS-PTRE-12,284,FUR-KK,197,Tersedia,Bagus,0.0,,,LT,Aset,Corporate,,,2018-03-15 16:23:06.777,2018-03-15 16:23:06.777,Warna Hitam
3291,2342,02342-FUR-KK-CFS-PTRE-12,02342-FUR-KK-CFS-PTRE-12,284,FUR-KK,197,Tersedia,Bagus,0.0,,,LT,Aset,Corporate,,,2018-03-15 16:23:06.777,2018-03-15 16:23:06.777,Warna Hitam
3292,2343,02343-FUR-KK-CFS-PTRE-12,02343-FUR-KK-CFS-PTRE-12,284,FUR-KK,197,Tersedia,Bagus,0.0,,,LT,Aset,Corporate,,,2018-03-15 16:23:06.777,2018-03-15 16:23:06.777,Warna Hitam
3293,2344,02344-FUR-KK-CFS-PTRE-12,02344-FUR-KK-CFS-PTRE-12,284,FUR-KK,197,Tersedia,Bagus,0.0,,,LT,Aset,Corporate,,,2018-03-15 16:23:06.777,2018-03-15 16:23:06.777,Warna Hitam
3294,2345,02345-FUR-KK-CFS-PTRE-12,02345-FUR-KK-CFS-PTRE-12,284,FUR-KK,197,Tidak Aktif,Lelang/Hibah,0.0,,,LT,Aset,Corporate,,1,2024-06-06 08:35:10.000,2024-06-06 08:35:10.000,Warna Hitam
3295,2346,02346-FUR-KK-CFS-PTRE-12,02346-FUR-KK-CFS-PTRE-12,284,FUR-KK,197,Tidak Aktif,Lelang/Hibah,0.0,,,LT,Aset,Corporate,,1,2024-06-06 08:34:48.000,2024-06-06 08:34:48.000,Warna Hitam
3296,2347,02347-FUR-KK-CFS-PTRE-12,02347-FUR-KK-CFS-PTRE-12,284,FUR-KK,197,Tidak Aktif,Lelang/Hibah,0.0,,,LT,Aset,Corporate,,1,2024-06-06 08:34:27.000,2024-06-06 08:34:27.000,Warna Hitam
3297,2348,02348-FUR-KK-CFS-PTRE-12,02348-FUR-KK-CFS-PTRE-12,284,FUR-KK,197,Tidak Aktif,Lelang/Hibah,0.0,,,LT,Aset,Corporate,,1,2024-06-06 08:33:22.000,2024-06-06 08:33:22.000,Warna Hitam
3298,2402,02402-FUR-KK-CFS-PTRE-14,02402-FUR-KK-CFS-PTRE-14,265,FUR-KK,228,Tersedia,Bagus,0.0,inventory/ams/inventoryPhoto/1726194347Kursi_Savello_Jaring.jpeg,inventory/ams/assets/uploads/assetsre/ap/1726194347Kursi_Savello_Jaring.jpeg,LT,Aset,Corporate,,65,2024-09-13 09:25:47.000,2024-09-13 09:25:47.000,Warna Hitam
3299,2403,02403-FUR-KK-CFS-PTRE-14,02403-FUR-KK-CFS-PTRE-14,265,FUR-KK,228,Tersedia,Bagus,0.0,inventory/ams/inventoryPhoto/1726194340Kursi_Savello_Jaring.jpeg,inventory/ams/assets/uploads/assetsre/ap/1726194340Kursi_Savello_Jaring.jpeg,LT,Aset,Corporate,,65,2024-09-13 09:25:40.000,2024-09-13 09:25:40.000,Warna Hitam
3300,2411,02411-FUR-KK-CFS-PTRE-14,02411-FUR-KK-CFS-PTRE-14,268,FUR-KK,156,Tersedia,Bagus,0.0,inventory/ams/inventoryPhoto/1726194333Kursi_Savello_Jaring.jpeg,inventory/ams/assets/uploads/assetsre/ap/1726194333Kursi_Savello_Jaring.jpeg,LT,Aset,Corporate,,1,2024-09-13 09:25:33.000,2024-09-13 09:25:33.000,Warna Hitam
3301,2412,02412-FUR-KK-CFS-PTRE-14,02412-FUR-KK-CFS-PTRE-14,269,FUR-KK,138,Tersedia,Bagus,0.0,,,LT,Aset,Corporate,10780,1,2026-05-29 15:21:50.000,2026-05-29 15:21:50.000,Warna Coklat
3302,2413,02413-FUR-KK-CFS-PTRE-14,02413-FUR-KK-CFS-PTRE-14,269,FUR-KK,138,Tersedia,Bagus,0.0,,,LT,Aset,Corporate,10780,1,2026-05-29 15:27:16.000,2026-05-29 15:27:16.000,Warna Coklat
3303,2422,02422-FUR-KK-CFS-PTRE-14,02422-FUR-KK-CFS-PTRE-14,269,FUR-KK,111,Tidak Aktif,Lelang/Hibah,0.0,,,LT,Aset,Corporate,10780,1,2026-06-07 21:22:19.000,2026-06-07 21:22:19.000,Warna Coklat
3304,2441,02441-FUR-KK-CFS-PTRE-12,02441-FUR-KK-CFS-PTRE-12,284,FUR-KK,204,Tersedia,Bagus,0.0,,,LT,Aset,Corporate,,,2018-03-15 16:23:06.777,2018-03-15 16:23:06.777,Warna Hitam
3305,2442,02442-FUR-KK-CFS-PTRE-12,02442-FUR-KK-CFS-PTRE-12,284,FUR-KK,204,Tersedia,Bagus,0.0,,,LT,Aset,Corporate,,,2018-03-15 16:23:06.777,2018-03-15 16:23:06.777,Warna Hitam
3306,2443,02443-FUR-KK-CFS-PTRE-12,02443-FUR-KK-CFS-PTRE-12,284,FUR-KK,204,Tidak Aktif,Lelang/Hibah,0.0,,,LT,Aset,Corporate,,1,2024-06-06 08:33:01.000,2024-06-06 08:33:01.000,Warna Hitam
3307,2444,02444-FUR-KK-CFS-PTRE-12,02444-FUR-KK-CFS-PTRE-12,284,FUR-KK,204,Tersedia,Bagus,0.0,,,LT,Aset,Corporate,,,2018-03-15 16:23:06.777,2018-03-15 16:23:06.777,Warna Hitam
3308,2445,02445-FUR-KK-CFS-PTRE-12,02445-FUR-KK-CFS-PTRE-12,284,FUR-KK,204,Tersedia,Bagus,0.0,,,LT,Aset,Corporate,,,2018-03-15 16:23:06.777,2018-03-15 16:23:06.777,Warna Hitam
3309,2446,02446-FUR-KK-CFS-PTRE-12,02446-FUR-KK-CFS-PTRE-12,284,FUR-KK,204,Tersedia,Bagus,0.0,,,LT,Aset,Corporate,,,2018-03-15 16:23:06.777,2018-03-15 16:23:06.777,Warna Hitam
3310,2447,02447-FUR-KK-CFS-PTRE-12,02447-FUR-KK-CFS-PTRE-12,284,FUR-KK,204,Tidak Aktif,Lelang/Hibah,0.0,,,LT,Aset,Corporate,,1,2024-06-06 08:32:29.000,2024-06-06 08:32:29.000,Warna Hitam
3311,2448,02448-FUR-KK-CFS-PTRE-12,02448-FUR-KK-CFS-PTRE-12,284,FUR-KK,204,Tersedia,Bagus,0.0,,,LT,Aset,Corporate,,,2018-03-15 16:23:06.777,2018-03-15 16:23:06.777,Warna Hitam
3312,2449,02449-FUR-KK-CFS-PTRE-12,02449-FUR-KK-CFS-PTRE-12,284,FUR-KK,204,Tersedia,Bagus,0.0,,,LT,Aset,Corporate,,,2018-03-15 16:23:06.777,2018-03-15 16:23:06.777,Warna Hitam
3313,2450,02450-FUR-KK-CFS-PTRE-12,02450-FUR-KK-CFS-PTRE-12,284,FUR-KK,204,Tidak Aktif,Lelang/Hibah,0.0,,,LT,Aset,Corporate,,1,2024-06-06 08:32:06.000,2024-06-06 08:32:06.000,Warna Hitam
3314,2451,02451-FUR-KK-CFS-PTRE-12,02451-FUR-KK-CFS-PTRE-12,284,FUR-KK,204,Tidak Aktif,Lelang/Hibah,0.0,,,LT,Aset,Corporate,,1,2024-06-06 08:31:21.000,2024-06-06 08:31:21.000,Warna Hitam
3315,2452,02452-FUR-KK-CFS-PTRE-12,02452-FUR-KK-CFS-PTRE-12,284,FUR-KK,204,Tidak Aktif,Lelang/Hibah,0.0,,,LT,Aset,Corporate,,1,2024-06-06 08:30:53.000,2024-06-06 08:30:53.000,Warna Hitam
3316,2453,02453-FUR-KK-CFS-PTRE-12,02453-FUR-KK-CFS-PTRE-12,268,FUR-KK,204,Tersedia,Bagus,0.0,inventory/ams/inventoryPhoto/1726194326Kursi_Savello_Jaring.jpeg,inventory/ams/assets/uploads/assetsre/ap/1726194326Kursi_Savello_Jaring.jpeg,LT,Aset,Corporate,,1,2024-09-13 09:25:26.000,2024-09-13 09:25:26.000,Warna Hitam
3317,2454,02454-FUR-KK-CFS-PTRE-12,02454-FUR-KK-CFS-PTRE-12,268,FUR-KK,204,Tersedia,Bagus,0.0,inventory/ams/inventoryPhoto/1726194320Kursi_Savello_Jaring.jpeg,inventory/ams/assets/uploads/assetsre/ap/1726194320Kursi_Savello_Jaring.jpeg,LT,Aset,Corporate,,1,2024-09-13 09:25:20.000,2024-09-13 09:25:20.000,Warna Hitam
3318,2455,02455-FUR-KK-CFS-PTRE-12,02455-FUR-KK-CFS-PTRE-12,268,FUR-KK,204,Tersedia,Bagus,0.0,inventory/ams/inventoryPhoto/1726194311Kursi_Savello_Jaring.jpeg,inventory/ams/assets/uploads/assetsre/ap/1726194311Kursi_Savello_Jaring.jpeg,LT,Aset,Corporate,,1,2024-09-13 09:25:11.000,2024-09-13 09:25:11.000,Warna Hitam
3319,2456,02456-FUR-KK-CFS-PTRE-12,02456-FUR-KK-CFS-PTRE-12,268,FUR-KK,204,Tersedia,Bagus,0.0,inventory/ams/inventoryPhoto/1726194306Kursi_Savello_Jaring.jpeg,inventory/ams/assets/uploads/assetsre/ap/1726194306Kursi_Savello_Jaring.jpeg,LT,Aset,Corporate,,1,2024-09-13 09:25:06.000,2024-09-13 09:25:06.000,Warna Hitam
3320,2457,02457-FUR-KK-CFS-PTRE-12,02457-FUR-KK-CFS-PTRE-12,275,FUR-KK,204,Tersedia,Bagus,0.0,inventory/ams/inventoryPhoto/1726194302Kursi_Savello_Jaring.jpeg,inventory/ams/assets/uploads/assetsre/ap/1726194302Kursi_Savello_Jaring.jpeg,LT,Aset,Corporate,,1,2024-09-13 09:25:02.000,2024-09-13 09:25:02.000,
3321,2458,02458-FUR-KK-CFS-PTRE-12,02458-FUR-KK-CFS-PTRE-12,275,FUR-KK,204,Tersedia,Bagus,0.0,inventory/ams/inventoryPhoto/1726194297Kursi_Savello_Jaring.jpeg,inventory/ams/assets/uploads/assetsre/ap/1726194297Kursi_Savello_Jaring.jpeg,LT,Aset,Corporate,,1,2024-09-13 09:24:57.000,2024-09-13 09:24:57.000,
3322,2505,02505-FUR-KK-CFS-PTRE-12,02505-FUR-KK-CFS-PTRE-12,284,FUR-KK,205,Tersedia,Bagus,0.0,,,LT,Aset,Corporate,,,2018-03-15 16:23:06.777,2018-03-15 16:23:06.777,Warna Hitam
3323,2506,02506-FUR-KK-CFS-PTRE-12,02506-FUR-KK-CFS-PTRE-12,284,FUR-KK,205,Tersedia,Bagus,0.0,,,LT,Aset,Corporate,,,2018-03-15 16:23:06.777,2018-03-15 16:23:06.777,Warna Hitam
3324,2507,02507-FUR-KK-CFS-PTRE-12,02507-FUR-KK-CFS-PTRE-12,284,FUR-KK,205,Tersedia,Bagus,0.0,,,LT,Aset,Corporate,,,2018-03-15 16:23:06.777,2018-03-15 16:23:06.777,Warna Hitam
3325,2508,02508-FUR-KK-CFS-PTRE-12,02508-FUR-KK-CFS-PTRE-12,284,FUR-KK,205,Tersedia,Bagus,0.0,,,LT,Aset,Corporate,,,2018-03-15 16:23:06.777,2018-03-15 16:23:06.777,Warna Hitam
3326,2509,02509-FUR-KK-CFS-PTRE-12,02509-FUR-KK-CFS-PTRE-12,284,FUR-KK,205,Tersedia,Bagus,0.0,,,LT,Aset,Corporate,,,2018-03-15 16:23:06.777,2018-03-15 16:23:06.777,Warna Hitam
3327,2510,02510-FUR-KK-CFS-PTRE-12,02510-FUR-KK-CFS-PTRE-12,284,FUR-KK,205,Tersedia,Bagus,0.0,,,LT,Aset,Corporate,,,2018-03-15 16:23:06.777,2018-03-15 16:23:06.777,Warna Hitam
3328,2511,02511-FUR-KK-CFS-PTRE-12,02511-FUR-KK-CFS-PTRE-12,284,FUR-KK,205,Tersedia,Bagus,0.0,,,LT,Aset,Corporate,,,2018-03-15 16:23:06.777,2018-03-15 16:23:06.777,Warna Hitam
3329,2512,02512-FUR-KK-CFS-PTRE-12,02512-FUR-KK-CFS-PTRE-12,284,FUR-KK,205,Tersedia,Bagus,0.0,,,LT,Aset,Corporate,,,2018-03-15 16:23:06.777,2018-03-15 16:23:06.777,Warna Hitam
3330,2513,02513-FUR-KK-CFS-PTRE-14,02513-FUR-KK-CFS-PTRE-14,284,FUR-KK,205,Tersedia,Bagus,0.0,,,LT,Aset,Corporate,,,2018-03-15 16:23:06.777,2018-03-15 16:23:06.777,Warna Hitam
3331,2534,02534-FUR-KK-CFS-PTRE-14,02534-FUR-KK-CFS-PTRE-14,265,FUR-KK,228,Tersedia,Bagus,0.0,inventory/ams/inventoryPhoto/1714619557DSC_0011.png,inventory/ams/assets/uploads/assetsre/ap/1714619557DSC_0011.png,LT,Aset,Corporate,,1,2024-05-02 10:12:37.000,2024-05-02 10:12:37.000,Warna Hitam
3332,2535,02535-FUR-KK-CFS-PTRE-14,02535-FUR-KK-CFS-PTRE-14,265,FUR-KK,228,Tersedia,Bagus,0.0,inventory/ams/inventoryPhoto/17146195161.png,inventory/ams/assets/uploads/assetsre/ap/17146195161.png,LT,Aset,Corporate,,1,2024-05-02 10:11:56.000,2024-05-02 10:11:56.000,Warna Hitam
3333,2536,02536-FUR-KK-CFS-PTRE-14,02536-FUR-KK-CFS-PTRE-14,265,FUR-KK,228,Tersedia,Bagus,0.0,inventory/ams/inventoryPhoto/1714619475DSC_0011.png,inventory/ams/assets/uploads/assetsre/ap/1714619475DSC_0011.png,LT,Aset,Corporate,,1,2024-05-02 10:11:15.000,2024-05-02 10:11:15.000,Warna Hitam
3334,2537,02537-FUR-KK-CFS-PTRE-14,02537-FUR-KK-CFS-PTRE-14,265,FUR-KK,228,Tersedia,Bagus,0.0,inventory/ams/inventoryPhoto/17146194331.png,inventory/ams/assets/uploads/assetsre/ap/17146194331.png,LT,Aset,Corporate,,1,2024-05-02 10:10:34.000,2024-05-02 10:10:34.000,Warna Hitam
3335,2538,02538-FUR-KK-CFS-PTRE-14,02538-FUR-KK-CFS-PTRE-14,265,FUR-KK,228,Tersedia,Bagus,0.0,inventory/ams/inventoryPhoto/1714619286DSC_0011.png,inventory/ams/assets/uploads/assetsre/ap/1714619286DSC_0011.png,LT,Aset,Corporate,,1,2024-05-02 10:08:06.000,2024-05-02 10:08:06.000,Warna Hitam
3336,2539,02539-FUR-KK-CFS-PTRE-14,02539-FUR-KK-CFS-PTRE-14,265,FUR-KK,228,Tersedia,Bagus,0.0,inventory/ams/inventoryPhoto/17146192411.png,inventory/ams/assets/uploads/assetsre/ap/17146192411.png,LT,Aset,Corporate,,1,2024-05-02 10:07:21.000,2024-05-02 10:07:21.000,Warna Hitam
3337,2540,02540-FUR-KK-CFS-PTRE-14,02540-FUR-KK-CFS-PTRE-14,265,FUR-KK,228,Tersedia,Bagus,0.0,inventory/ams/inventoryPhoto/1714619202DSC_0011.png,inventory/ams/assets/uploads/assetsre/ap/1714619202DSC_0011.png,LT,Aset,Corporate,,1,2024-05-02 10:06:42.000,2024-05-02 10:06:42.000,Warna Hitam
3338,2541,02541-FUR-KK-CFS-PTRE-14,02541-FUR-KK-CFS-PTRE-14,265,FUR-KK,228,Tersedia,Bagus,0.0,inventory/ams/inventoryPhoto/17146191391.png,inventory/ams/assets/uploads/assetsre/ap/17146191391.png,LT,Aset,Corporate,,1,2024-05-02 10:05:39.000,2024-05-02 10:05:39.000,Warna Hitam
3339,2542,02542-FUR-KK-CFS-PTRE-14,02542-FUR-KK-CFS-PTRE-14,265,FUR-KK,228,Tersedia,Bagus,0.0,inventory/ams/inventoryPhoto/1714619091DSC_0011.png,inventory/ams/assets/uploads/assetsre/ap/1714619091DSC_0011.png,LT,Aset,Corporate,,1,2024-05-02 10:04:51.000,2024-05-02 10:04:51.000,Warna Hitam
3340,2543,02543-FUR-KK-CFS-PTRE-14,02543-FUR-KK-CFS-PTRE-14,265,FUR-KK,228,Tersedia,Bagus,0.0,inventory/ams/inventoryPhoto/17146190481.png,inventory/ams/assets/uploads/assetsre/ap/17146190481.png,LT,Aset,Corporate,,1,2024-05-02 10:04:08.000,2024-05-02 10:04:08.000,Warna Hitam
3341,2544,02544-FUR-KK-CFS-PTRE-14,02544-FUR-KK-CFS-PTRE-14,265,FUR-KK,228,Tersedia,Bagus,0.0,inventory/ams/inventoryPhoto/1714619007DSC_0011.png,inventory/ams/assets/uploads/assetsre/ap/1714619007DSC_0011.png,LT,Aset,Corporate,,1,2024-05-02 10:03:27.000,2024-05-02 10:03:27.000,Warna Hitam
3342,2545,02545-FUR-KK-CFS-PTRE-14,02545-FUR-KK-CFS-PTRE-14,265,FUR-KK,228,Tersedia,Bagus,0.0,inventory/ams/inventoryPhoto/17146189611.png,inventory/ams/assets/uploads/assetsre/ap/17146189611.png,LT,Aset,Corporate,,1,2024-05-02 10:02:41.000,2024-05-02 10:02:41.000,Warna Hitam
3343,2546,02546-FUR-KK-CFS-PTRE-14,02546-FUR-KK-CFS-PTRE-14,265,FUR-KK,228,Tersedia,Bagus,0.0,inventory/ams/inventoryPhoto/1714618907DSC_0011.png,inventory/ams/assets/uploads/assetsre/ap/1714618907DSC_0011.png,LT,Aset,Corporate,,1,2024-05-02 10:01:47.000,2024-05-02 10:01:47.000,Warna Hitam
3344,2547,02547-FUR-KK-CFS-PTRE-14,02547-FUR-KK-CFS-PTRE-14,265,FUR-KK,228,Tersedia,Bagus,0.0,inventory/ams/inventoryPhoto/17146188701.png,inventory/ams/assets/uploads/assetsre/ap/17146188701.png,LT,Aset,Corporate,,1,2024-05-02 10:01:10.000,2024-05-02 10:01:10.000,Warna Hitam
3345,2548,02548-FUR-KK-CFS-PTRE-14,02548-FUR-KK-CFS-PTRE-14,265,FUR-KK,228,Tersedia,Bagus,0.0,inventory/ams/inventoryPhoto/1726194206Kursi_Savello_Jaring.jpeg,inventory/ams/assets/uploads/assetsre/ap/1726194206Kursi_Savello_Jaring.jpeg,LT,Aset,Corporate,,1,2024-09-13 09:23:26.000,2024-09-13 09:23:26.000,Warna Hitam
3346,2558,02558-FUR-KK-CFS-PTRE-14,02558-FUR-KK-CFS-PTRE-14,268,FUR-KK,207,Tersedia,Bagus,0.0,inventory/ams/inventoryPhoto/1726194199Kursi_Savello_Jaring.jpeg,inventory/ams/assets/uploads/assetsre/ap/1726194199Kursi_Savello_Jaring.jpeg,LT,Aset,Corporate,,1,2024-09-13 09:23:19.000,2024-09-13 09:23:19.000,Warna Hitam
3347,2559,02559-FUR-KK-CFS-PTRE-14,02559-FUR-KK-CFS-PTRE-14,268,FUR-KK,207,Tersedia,Bagus,0.0,inventory/ams/inventoryPhoto/1726194193Kursi_Savello_Jaring.jpeg,inventory/ams/assets/uploads/assetsre/ap/1726194193Kursi_Savello_Jaring.jpeg,LT,Aset,Corporate,,1,2024-09-13 09:23:13.000,2024-09-13 09:23:13.000,Warna Hitam
3348,2560,02560-FUR-KK-CFS-PTRE-14,02560-FUR-KK-CFS-PTRE-14,268,FUR-KK,207,Tersedia,Bagus,0.0,inventory/ams/inventoryPhoto/1726194186Kursi_Savello_Jaring.jpeg,inventory/ams/assets/uploads/assetsre/ap/1726194186Kursi_Savello_Jaring.jpeg,LT,Aset,Corporate,,1,2024-09-13 09:23:06.000,2024-09-13 09:23:06.000,Warna Hitam
3349,2561,02561-FUR-KK-CFS-PTRE-14,02561-FUR-KK-CFS-PTRE-14,268,FUR-KK,207,Tersedia,Bagus,0.0,inventory/ams/inventoryPhoto/1726194182Kursi_Savello_Jaring.jpeg,inventory/ams/assets/uploads/assetsre/ap/1726194182Kursi_Savello_Jaring.jpeg,LT,Aset,Corporate,,1,2024-09-13 09:23:02.000,2024-09-13 09:23:02.000,Warna Hitam
3350,2562,02562-FUR-KK-CFS-PTRE-14,02562-FUR-KK-CFS-PTRE-14,268,FUR-KK,207,Tersedia,Bagus,0.0,inventory/ams/inventoryPhoto/1726194173Kursi_Savello_Jaring.jpeg,inventory/ams/assets/uploads/assetsre/ap/1726194173Kursi_Savello_Jaring.jpeg,LT,Aset,Corporate,,1,2024-09-13 09:22:53.000,2024-09-13 09:22:53.000,Warna Hitam
3351,2563,02563-FUR-KK-CFS-PTRE-14,02563-FUR-KK-CFS-PTRE-14,268,FUR-KK,207,Tersedia,Bagus,0.0,inventory/ams/inventoryPhoto/1726194168Kursi_Savello_Jaring.jpeg,inventory/ams/assets/uploads/assetsre/ap/1726194168Kursi_Savello_Jaring.jpeg,LT,Aset,Corporate,,1,2024-09-13 09:22:48.000,2024-09-13 09:22:48.000,Warna Hitam
3352,2564,02564-FUR-KK-CFS-PTRE-14,02564-FUR-KK-CFS-PTRE-14,268,FUR-KK,207,Tersedia,Bagus,0.0,inventory/ams/inventoryPhoto/1726194156Kursi_Savello_Jaring.jpeg,inventory/ams/assets/uploads/assetsre/ap/1726194156Kursi_Savello_Jaring.jpeg,LT,Aset,Corporate,,65,2024-09-13 09:22:36.000,2024-09-13 09:22:36.000,Warna Hitam
3353,2565,02565-FUR-KK-CFS-PTRE-14,02565-FUR-KK-CFS-PTRE-14,268,FUR-KK,207,Tersedia,Bagus,0.0,inventory/ams/inventoryPhoto/1726194149Kursi_Savello_Jaring.jpeg,inventory/ams/assets/uploads/assetsre/ap/1726194149Kursi_Savello_Jaring.jpeg,LT,Aset,Corporate,,65,2024-09-13 09:22:29.000,2024-09-13 09:22:29.000,Warna Hitam
3354,2566,02566-FUR-KK-CFS-PTRE-14,02566-FUR-KK-CFS-PTRE-14,268,FUR-KK,207,Tersedia,Bagus,0.0,inventory/ams/inventoryPhoto/1726194142Kursi_Savello_Jaring.jpeg,inventory/ams/assets/uploads/assetsre/ap/1726194142Kursi_Savello_Jaring.jpeg,LT,Aset,Corporate,,65,2024-09-13 09:22:22.000,2024-09-13 09:22:22.000,Warna Hitam
3355,2567,02567-FUR-KK-CFS-PTRE-14,02567-FUR-KK-CFS-PTRE-14,268,FUR-KK,207,Tersedia,Bagus,0.0,inventory/ams/inventoryPhoto/1726194135Kursi_Savello_Jaring.jpeg,inventory/ams/assets/uploads/assetsre/ap/1726194135Kursi_Savello_Jaring.jpeg,LT,Aset,Corporate,,65,2024-09-13 09:22:15.000,2024-09-13 09:22:15.000,Warna Hitam
3356,2568,02568-FUR-KK-CFS-PTRE-14,02568-FUR-KK-CFS-PTRE-14,268,FUR-KK,207,Tersedia,Bagus,0.0,inventory/ams/inventoryPhoto/1726194129Kursi_Savello_Jaring.jpeg,inventory/ams/assets/uploads/assetsre/ap/1726194129Kursi_Savello_Jaring.jpeg,LT,Aset,Corporate,,65,2024-09-13 09:22:09.000,2024-09-13 09:22:09.000,Warna Hitam
3357,2569,02569-FUR-KK-CFS-PTRE-14,02569-FUR-KK-CFS-PTRE-14,268,FUR-KK,207,Tersedia,Bagus,0.0,inventory/ams/inventoryPhoto/1726194121Kursi_Savello_Jaring.jpeg,inventory/ams/assets/uploads/assetsre/ap/1726194121Kursi_Savello_Jaring.jpeg,LT,Aset,Corporate,,65,2024-09-13 09:22:01.000,2024-09-13 09:22:01.000,Warna Hitam
3358,2570,02570-FUR-KK-CFS-PTRE-14,02570-FUR-KK-CFS-PTRE-14,268,FUR-KK,207,Tersedia,Bagus,0.0,inventory/ams/inventoryPhoto/1726194115Kursi_Savello_Jaring.jpeg,inventory/ams/assets/uploads/assetsre/ap/1726194115Kursi_Savello_Jaring.jpeg,LT,Aset,Corporate,,65,2024-09-13 09:21:55.000,2024-09-13 09:21:55.000,Warna Hitam
3359,2571,02571-FUR-KK-CFS-PTRE-14,02571-FUR-KK-CFS-PTRE-14,268,FUR-KK,207,Tersedia,Bagus,0.0,inventory/ams/inventoryPhoto/1726194099Kursi_Savello_Jaring.jpeg,inventory/ams/assets/uploads/assetsre/ap/1726194099Kursi_Savello_Jaring.jpeg,LT,Aset,Corporate,,65,2024-09-13 09:21:39.000,2024-09-13 09:21:39.000,Warna Hitam
3360,2572,02572-FUR-KK-CFS-PTRE-14,02572-FUR-KK-CFS-PTRE-14,268,FUR-KK,207,Tersedia,Bagus,0.0,inventory/ams/inventoryPhoto/1726194090Kursi_Savello_Jaring.jpeg,inventory/ams/assets/uploads/assetsre/ap/1726194090Kursi_Savello_Jaring.jpeg,LT,Aset,Corporate,,65,2024-09-13 09:21:30.000,2024-09-13 09:21:30.000,Warna Hitam
3361,2573,02573-FUR-KK-CFS-PTRE-14,02573-FUR-KK-CFS-PTRE-14,268,FUR-KK,207,Tersedia,Bagus,0.0,inventory/ams/inventoryPhoto/1726194017Kursi_Savello_Jaring.jpeg,inventory/ams/assets/uploads/assetsre/ap/1726194017Kursi_Savello_Jaring.jpeg,LT,Aset,Corporate,,65,2024-09-13 09:20:17.000,2024-09-13 09:20:17.000,Warna Hitam
3362,2574,02574-FUR-KK-CFS-PTRE-14,02574-FUR-KK-CFS-PTRE-14,268,FUR-KK,207,Tersedia,Bagus,0.0,inventory/ams/inventoryPhoto/1726194007Kursi_Savello_Jaring.jpeg,inventory/ams/assets/uploads/assetsre/ap/1726194007Kursi_Savello_Jaring.jpeg,LT,Aset,Corporate,,65,2024-09-13 09:20:07.000,2024-09-13 09:20:07.000,Warna Hitam
3363,2575,02575-FUR-KK-CFS-PTRE-14,02575-FUR-KK-CFS-PTRE-14,268,FUR-KK,207,Tersedia,Bagus,0.0,inventory/ams/inventoryPhoto/1726193999Kursi_Savello_Jaring.jpeg,inventory/ams/assets/uploads/assetsre/ap/1726193999Kursi_Savello_Jaring.jpeg,LT,Aset,Corporate,,65,2024-09-13 09:19:59.000,2024-09-13 09:19:59.000,Warna Hitam
3364,2576,02576-FUR-KK-CFS-PTRE-14,02576-FUR-KK-CFS-PTRE-14,268,FUR-KK,207,Tersedia,Bagus,0.0,inventory/ams/inventoryPhoto/1726193978Kursi_Savello_Jaring.jpeg,inventory/ams/assets/uploads/assetsre/ap/1726193978Kursi_Savello_Jaring.jpeg,LT,Aset,Corporate,,65,2024-09-13 09:19:38.000,2024-09-13 09:19:38.000,Warna Hitam
3365,2577,02577-FUR-KK-CFS-PTRE-14,02577-FUR-KK-CFS-PTRE-14,268,FUR-KK,207,Tersedia,Bagus,0.0,inventory/ams/inventoryPhoto/1726193989Kursi_Savello_Jaring.jpeg,inventory/ams/assets/uploads/assetsre/ap/1726193989Kursi_Savello_Jaring.jpeg,LT,Aset,Corporate,,65,2024-09-13 09:19:49.000,2024-09-13 09:19:49.000,Warna Hitam
3366,2578,02578-FUR-KK-CFS-PTRE-14,02578-FUR-KK-CFS-PTRE-14,268,FUR-KK,207,Tersedia,Bagus,0.0,inventory/ams/inventoryPhoto/1726194028Kursi_Savello_Jaring.jpeg,inventory/ams/assets/uploads/assetsre/ap/1726194028Kursi_Savello_Jaring.jpeg,LT,Aset,Corporate,,65,2024-09-13 09:20:28.000,2024-09-13 09:20:28.000,Warna Hitam
3367,2579,02579-FUR-KK-CFS-PTRE-14,02579-FUR-KK-CFS-PTRE-14,268,FUR-KK,207,Tersedia,Bagus,0.0,inventory/ams/inventoryPhoto/1726194036Kursi_Savello_Jaring.jpeg,inventory/ams/assets/uploads/assetsre/ap/1726194036Kursi_Savello_Jaring.jpeg,LT,Aset,Corporate,,65,2024-09-13 09:20:36.000,2024-09-13 09:20:36.000,Warna Hitam
3368,2580,02580-FUR-KK-CFS-PTRE-14,02580-FUR-KK-CFS-PTRE-14,265,FUR-KK,228,Tersedia,Bagus,0.0,inventory/ams/inventoryPhoto/1726194061Kursi_Savello_Jaring.jpeg,inventory/ams/assets/uploads/assetsre/ap/1726194061Kursi_Savello_Jaring.jpeg,LT,Aset,Corporate,,65,2024-09-13 09:21:01.000,2024-09-13 09:21:01.000,Warna Hitam
3369,2581,02581-FUR-KK-CFS-PTRE-14,02581-FUR-KK-CFS-PTRE-14,269,FUR-KK,183,Tersedia,Bagus,0.0,inventory/ams/inventoryPhoto/1726194068Kursi_Savello_Jaring.jpeg,inventory/ams/assets/uploads/assetsre/ap/1726194068Kursi_Savello_Jaring.jpeg,LT,Aset,Corporate,10780,1,2026-02-06 10:55:06.000,2026-02-06 10:55:06.000,Warna Coklat
3370,2582,02582-FUR-KK-CFS-PTRE-14,02582-FUR-KK-CFS-PTRE-14,272,FUR-KK,174,Tersedia,Bagus,0.0,inventory/ams/inventoryPhoto/1726194075Kursi_Savello_Jaring.jpeg,inventory/ams/assets/uploads/assetsre/ap/1726194075Kursi_Savello_Jaring.jpeg,LT,Aset,Corporate,10780,1,2026-06-07 21:06:36.000,2026-06-07 21:06:36.000,Warna Coklat
3371,6576,02609-FUR-KK-CFS-PTRE-14,02609-FUR-KK-CFS-PTRE-14,278,FUR-KK,236,Dipinjam,Bagus,0.0,inventory/ams/inventoryPhoto/1709280646WhatsApp_Image_2024-02-28_at_14_18_19.jpeg,inventory/ams/assets/uploads/assetsre/ap/1709280646WhatsApp_Image_2024-02-28_at_14_18_19.jpeg,LT,Aset,Corporate,,65,2024-03-01 15:10:46.000,2024-03-01 15:10:46.000,Warna Hitam Coklat
3372,6578,02611-FUR-KK-CFS-PTRE-14,02611-FUR-KK-CFS-PTRE-14,278,FUR-KK,236,Dipinjam,Bagus,0.0,inventory/ams/inventoryPhoto/1709280591WhatsApp_Image_2024-02-28_at_14_18_19.jpeg,inventory/ams/assets/uploads/assetsre/ap/1709280591WhatsApp_Image_2024-02-28_at_14_18_19.jpeg,LT,Aset,Corporate,,65,2024-03-01 15:09:51.000,2024-03-01 15:09:51.000,Warna Hitam Coklat
3373,6581,02614-FUR-KK-CFS-PTRE-14,02614-FUR-KK-CFS-PTRE-14,265,FUR-KK,221,Dipinjam,Bagus,0.0,inventory/ams/inventoryPhoto/1710236125WhatsApp_Image_2024-03-09_at_11_11_53.jpeg,inventory/ams/assets/uploads/assetsre/ap/1710236125WhatsApp_Image_2024-03-09_at_11_11_53.jpeg,LT,Aset,Corporate,,65,2024-03-12 16:35:25.000,2024-03-12 16:35:25.000,Warna Hitam
3374,6582,04901-FUR-KK-CFS-PTRE-14,04901-FUR-KK-CFS-PTRE-14,278,FUR-KK,236,Dipinjam,Bagus,0.0,inventory/ams/inventoryPhoto/1709280488WhatsApp_Image_2024-02-28_at_14_18_19.jpeg,inventory/ams/assets/uploads/assetsre/ap/1709280488WhatsApp_Image_2024-02-28_at_14_18_19.jpeg,LT,Aset,Corporate,,65,2024-03-01 15:08:08.000,2024-03-01 15:08:08.000,Warna Hitam Coklat
3375,6583,01904-FUR-KK-CFS-PTRE-14,01904-FUR-KK-CFS-PTRE-14,278,FUR-KK,236,Dipinjam,Bagus,0.0,inventory/ams/inventoryPhoto/1709283355WhatsApp_Image_2024-02-28_at_14_18_19.jpeg,inventory/ams/assets/uploads/assetsre/ap/1709283355WhatsApp_Image_2024-02-28_at_14_18_19.jpeg,LT,Aset,Corporate,,65,2024-03-01 15:55:55.000,2024-03-01 15:55:55.000,Warna Hitam Coklat
3376,6584,01903-FUR-KK-CFS-PTRE-14,01903-FUR-KK-CFS-PTRE-14,278,FUR-KK,236,Dipinjam,Bagus,0.0,inventory/ams/inventoryPhoto/1709283328WhatsApp_Image_2024-02-28_at_14_18_19.jpeg,inventory/ams/assets/uploads/assetsre/ap/1709283328WhatsApp_Image_2024-02-28_at_14_18_19.jpeg,LT,Aset,Corporate,,65,2024-03-01 15:55:28.000,2024-03-01 15:55:28.000,Warna Hitam Coklat
3377,6585,01902-FUR-KK-CFS-PTRE-14,01902-FUR-KK-CFS-PTRE-14,278,FUR-KK,236,Dipinjam,Bagus,0.0,inventory/ams/inventoryPhoto/1709283306WhatsApp_Image_2024-02-28_at_14_18_19.jpeg,inventory/ams/assets/uploads/assetsre/ap/1709283306WhatsApp_Image_2024-02-28_at_14_18_19.jpeg,LT,Aset,Corporate,,65,2024-03-01 15:55:06.000,2024-03-01 15:55:06.000,Warna Hitam Coklat
3378,6586,02618-FUR-KK-CFS-PTRE-14,02618-FUR-KK-CFS-PTRE-14,265,FUR-KK,221,Dipinjam,Bagus,0.0,inventory/ams/inventoryPhoto/1726193963Kursi_Savello_Jaring.jpeg,inventory/ams/assets/uploads/assetsre/ap/1726193963Kursi_Savello_Jaring.jpeg,LT,Aset,Corporate,,65,2024-09-13 09:19:23.000,2024-09-13 09:19:23.000,Warna Hitam
3379,6588,01901-FUR-KK-CFS-PTRE-14,01901-FUR-KK-CFS-PTRE-14,277,FUR-KK,236,Dipinjam,Bagus,0.0,inventory/ams/inventoryPhoto/1709283287WhatsApp_Image_2024-02-28_at_14_18_19.jpeg,inventory/ams/assets/uploads/assetsre/ap/1709283287WhatsApp_Image_2024-02-28_at_14_18_19.jpeg,LT,Aset,Corporate,,65,2024-03-01 15:54:47.000,2024-03-01 15:54:47.000,Warna Coklat
3380,8557,03108-FUR-KK-CFS-PTRE-13,03108-FUR-KK-CFS-PTRE-13,269,FUR-KK,232,Tersedia,Bagus,0.0,inventory/ams/inventoryPhoto/1712283682WhatsApp_Image_2024-02-28_at_14_29_47.jpeg,inventory/ams/assets/uploads/assetsre/ap/1712283682WhatsApp_Image_2024-02-28_at_14_29_47.jpeg,LT,Aset,Corporate,,79,2024-04-05 09:21:22.000,2024-04-05 09:21:22.000,Warna Coklat
3381,8558,03109-FUR-KK-CFS-PTRE-13,03109-FUR-KK-CFS-PTRE-13,269,FUR-KK,232,Tersedia,Bagus,0.0,inventory/ams/inventoryPhoto/1712283755WhatsApp_Image_2024-02-28_at_14_29_47.jpeg,inventory/ams/assets/uploads/assetsre/ap/1712283755WhatsApp_Image_2024-02-28_at_14_29_47.jpeg,LT,Aset,Corporate,,79,2024-04-05 09:22:35.000,2024-04-05 09:22:35.000,Warna Coklat
3382,8559,03110-FUR-KK-CFS-PTRE-13,03110-FUR-KK-CFS-PTRE-13,269,FUR-KK,230,Tersedia,Bagus,0.0,inventory/ams/inventoryPhoto/1712283824WhatsApp_Image_2024-02-28_at_14_29_47.jpeg,inventory/ams/assets/uploads/assetsre/ap/1712283824WhatsApp_Image_2024-02-28_at_14_29_47.jpeg,LT,Aset,Corporate,10780,79,2026-05-29 15:03:14.000,2026-05-29 15:03:14.000,Warna Coklat
3383,8560,03111-FUR-KK-CFS-PTRE-13,03111-FUR-KK-CFS-PTRE-13,269,FUR-KK,174,Tersedia,Bagus,0.0,inventory/ams/inventoryPhoto/1712283890WhatsApp_Image_2024-02-28_at_14_29_47.jpeg,inventory/ams/assets/uploads/assetsre/ap/1712283890WhatsApp_Image_2024-02-28_at_14_29_47.jpeg,LT,Aset,Corporate,,79,2026-04-21 17:49:02.000,2026-04-21 17:49:02.000,Warna Coklat
3384,8577,03128-FUR-KK-CFS-PTRE-14,03128-FUR-KK-CFS-PTRE-14,283,FUR-KK,236,Tersedia,Bagus,0.0,inventory/ams/inventoryPhoto/1741914872kursi_Coklat.jpeg,inventory/ams/assets/uploads/assetsre/ap/1741914872kursi_Coklat.jpeg,LT,Aset,Corporate,,79,2026-05-12 08:58:49.000,2026-05-12 08:58:49.000,Warna Coklat
3385,8578,03129-FUR-KK-CFS-PTRE-14,03129-FUR-KK-CFS-PTRE-14,276,FUR-KK,236,Tidak Aktif,Bagus,0.0,inventory/ams/inventoryPhoto/1741914881kursi_Coklat.jpeg,inventory/ams/assets/uploads/assetsre/ap/1741914881kursi_Coklat.jpeg,LT,Aset,Corporate,10604,79,2026-06-07 21:29:42.000,2026-06-07 21:29:42.000,Warna Hitam
3386,8579,03130-FUR-KK-CFS-PTRE-14,03130-FUR-KK-CFS-PTRE-14,272,FUR-KK,174,Tersedia,Bagus,0.0,inventory/ams/inventoryPhoto/1713413861DSC_0007.png,inventory/ams/assets/uploads/assetsre/ap/1713413861DSC_0007.png,LT,Aset,Corporate,,79,2024-04-18 11:17:41.000,2024-04-18 11:17:41.000,Warna Coklat
3387,8580,03131-FUR-KK-CFS-PTRE-14,03131-FUR-KK-CFS-PTRE-14,272,FUR-KK,174,Tersedia,Bagus,0.0,inventory/ams/inventoryPhoto/1713413953DSC_0007.png,inventory/ams/assets/uploads/assetsre/ap/1713413953DSC_0007.png,LT,Aset,Corporate,,79,2024-04-18 11:19:13.000,2024-04-18 11:19:13.000,Warna Coklat
3388,8581,03132-FUR-KK-CFS-PTRE-14,03132-FUR-KK-CFS-PTRE-14,272,FUR-KK,174,Tersedia,Bagus,0.0,inventory/ams/inventoryPhoto/1713414010DSC_0007.png,inventory/ams/assets/uploads/assetsre/ap/1713414010DSC_0007.png,LT,Aset,Corporate,,79,2024-04-18 11:20:10.000,2024-04-18 11:20:10.000,Warna Coklat
3389,8582,03133-FUR-KK-CFS-PTRE-14,03133-FUR-KK-CFS-PTRE-14,272,FUR-KK,174,Tersedia,Bagus,0.0,inventory/ams/inventoryPhoto/1713414073DSC_0007.png,inventory/ams/assets/uploads/assetsre/ap/1713414073DSC_0007.png,LT,Aset,Corporate,,79,2024-04-18 11:21:13.000,2024-04-18 11:21:13.000,Warna Coklat
3390,8583,03134-FUR-KK-CFS-PTRE-14,03134-FUR-KK-CFS-PTRE-14,272,FUR-KK,174,Tersedia,Bagus,0.0,inventory/ams/inventoryPhoto/1713414127DSC_0007.png,inventory/ams/assets/uploads/assetsre/ap/1713414127DSC_0007.png,LT,Aset,Corporate,,79,2024-04-18 11:22:07.000,2024-04-18 11:22:07.000,Warna Coklat
3391,8584,03135-FUR-KK-CFS-PTRE-14,03135-FUR-KK-CFS-PTRE-14,272,FUR-KK,174,Tersedia,Bagus,0.0,inventory/ams/inventoryPhoto/1713414172DSC_0007.png,inventory/ams/assets/uploads/assetsre/ap/1713414172DSC_0007.png,LT,Aset,Corporate,,79,2024-04-18 11:22:52.000,2024-04-18 11:22:52.000,Warna Coklat
3392,8585,03136-FUR-KK-CFS-PTRE-14,03136-FUR-KK-CFS-PTRE-14,272,FUR-KK,174,Tersedia,Bagus,0.0,inventory/ams/inventoryPhoto/1713414215DSC_0007.png,inventory/ams/assets/uploads/assetsre/ap/1713414215DSC_0007.png,LT,Aset,Corporate,,79,2024-04-18 11:23:35.000,2024-04-18 11:23:35.000,Warna Coklat
3393,8586,03137-FUR-KK-CFS-PTRE-14,03137-FUR-KK-CFS-PTRE-14,266,FUR-KK,174,Tersedia,Bagus,0.0,inventory/ams/inventoryPhoto/1737539644Kursi_Savello_Jaring.jpeg,inventory/ams/assets/uploads/assetsre/ap/1737539644Kursi_Savello_Jaring.jpeg,LT,Aset,Corporate,,79,2026-04-21 17:47:33.000,2026-04-21 17:47:33.000,Warna Coklat
3394,8587,03138-FUR-KK-CFS-PTRE-14,03138-FUR-KK-CFS-PTRE-14,266,FUR-KK,174,Tersedia,Bagus,0.0,inventory/ams/inventoryPhoto/1737539597Kursi_Savello_Jaring.jpeg,inventory/ams/assets/uploads/assetsre/ap/1737539597Kursi_Savello_Jaring.jpeg,LT,Aset,Corporate,,79,2026-04-21 17:47:25.000,2026-04-21 17:47:25.000,Warna Coklat
3395,8588,03139-FUR-KK-CFS-PTRE-14,03139-FUR-KK-CFS-PTRE-14,272,FUR-KK,174,Tersedia,Bagus,0.0,inventory/ams/inventoryPhoto/1737539549Kursi_Savello_Jaring.jpeg,inventory/ams/assets/uploads/assetsre/ap/1737539549Kursi_Savello_Jaring.jpeg,LT,Aset,Corporate,,79,2026-04-21 17:47:13.000,2026-04-21 17:47:13.000,Warna Coklat
3396,8589,03140-FUR-KK-CFS-PTRE-14,03140-FUR-KK-CFS-PTRE-14,265,FUR-KK,223,Tersedia,Bagus,0.0,inventory/ams/inventoryPhoto/1737539524Kursi_Savello_Jaring.jpeg,inventory/ams/assets/uploads/assetsre/ap/1737539524Kursi_Savello_Jaring.jpeg,LT,Aset,Corporate,10780,79,2026-04-09 14:56:47.000,2026-04-09 14:56:47.000,Warna Hitam
3397,8590,03141-FUR-KK-CFS-PTRE-14,03141-FUR-KK-CFS-PTRE-14,265,FUR-KK,223,Tersedia,Bagus,0.0,inventory/ams/inventoryPhoto/1737538746Kursi_Savello_Jaring.jpeg,inventory/ams/assets/uploads/assetsre/ap/1737538746Kursi_Savello_Jaring.jpeg,LT,Aset,Corporate,10780,79,2026-04-09 14:56:37.000,2026-04-09 14:56:37.000,Warna Hitam
3398,8631,03182-FUR-KK-CFS-PTRE-24,03182-FUR-KK-CFS-PTRE-24,272,FUR-KK,107,Tersedia,Bagus,0.0,inventory/ams/inventoryPhoto/1726193880Kursi_Savello_Jaring.jpeg,inventory/ams/assets/uploads/assetsre/ap/1726193880Kursi_Savello_Jaring.jpeg,LT,Aset,Corporate,,1,2025-05-19 10:30:33.000,2025-05-19 10:30:33.000,Warna Coklat
3399,8632,03183-FUR-KK-CFS-PTRE-24,03183-FUR-KK-CFS-PTRE-24,272,FUR-KK,107,Tersedia,Bagus,0.0,inventory/ams/inventoryPhoto/1726193868Kursi_Savello_Jaring.jpeg,inventory/ams/assets/uploads/assetsre/ap/1726193868Kursi_Savello_Jaring.jpeg,LT,Aset,Corporate,,1,2025-05-19 10:30:26.000,2025-05-19 10:30:26.000,Warna Coklat
3400,8658,03204-FUR-KK-CFS-PTRE-24,03204-FUR-KK-CFS-PTRE-24,276,FUR-KK,95,Tersedia,Bagus,0.0,inventory/ams/inventoryPhoto/1726211779kursi_kerja_uno.jpeg,inventory/ams/assets/uploads/assetsre/ap/1726211779kursi_kerja_uno.jpeg,LT,Aset,Corporate,10780,1,2026-04-21 08:53:32.000,2026-04-21 08:53:32.000,Warna Hitam
3401,8668,03213-FUR-KK-CFS-PTRE-24,03213-FUR-KK-CFS-PTRE-24,269,FUR-KK,108,Tersedia,Bagus,0.0,inventory/ams/inventoryPhoto/1726539686kursi_Coklat.jpeg,inventory/ams/assets/uploads/assetsre/ap/1726539686kursi_Coklat.jpeg,LT,Aset,Corporate,10780,1,2026-06-29 09:38:14.000,2026-06-29 09:38:14.000,Warna Coklat
3402,8669,03214-FUR-KK-CFS-PTRE-24,03214-FUR-KK-CFS-PTRE-24,269,FUR-KK,137,Tersedia,Bagus,0.0,inventory/ams/inventoryPhoto/1726539665kursi_Coklat.jpeg,inventory/ams/assets/uploads/assetsre/ap/1726539665kursi_Coklat.jpeg,LT,Aset,Corporate,,1,2026-01-26 08:44:49.000,2026-01-26 08:44:49.000,Warna Coklat
3403,8670,03215-FUR-KK-CFS-PTRE-24,03215-FUR-KK-CFS-PTRE-24,269,FUR-KK,108,Tersedia,Bagus,0.0,inventory/ams/inventoryPhoto/1726539669kursi_Coklat.jpeg,inventory/ams/assets/uploads/assetsre/ap/1726539669kursi_Coklat.jpeg,LT,Aset,Corporate,10780,1,2026-06-29 09:38:01.000,2026-06-29 09:38:01.000,Warna Coklat
3404,8671,03216-FUR-KK-CFS-PTRE-24,03216-FUR-KK-CFS-PTRE-24,269,FUR-KK,108,Tersedia,Bagus,0.0,inventory/ams/inventoryPhoto/1726539673kursi_Coklat.jpeg,inventory/ams/assets/uploads/assetsre/ap/1726539673kursi_Coklat.jpeg,LT,Aset,Corporate,10780,1,2026-06-29 09:37:38.000,2026-06-29 09:37:38.000,Warna Coklat
3405,8672,03217-FUR-KK-CFS-PTRE-24,03217-FUR-KK-CFS-PTRE-24,269,FUR-KK,108,Tersedia,Bagus,0.0,inventory/ams/inventoryPhoto/1726539652kursi_Coklat.jpeg,inventory/ams/assets/uploads/assetsre/ap/1726539652kursi_Coklat.jpeg,LT,Aset,Corporate,10780,1,2026-06-29 09:37:28.000,2026-06-29 09:37:28.000,Warna Coklat
3406,8708,03253-FUR-KK-CFS-PTRE-24,03253-FUR-KK-CFS-PTRE-24,269,FUR-KK,223,Tersedia,Bagus,0.0,inventory/ams/inventoryPhoto/1726193815Kursi_Savello_Jaring.jpeg,inventory/ams/assets/uploads/assetsre/ap/1726193815Kursi_Savello_Jaring.jpeg,LT,Aset,Corporate,10780,1,2026-01-19 18:24:09.000,2026-01-19 18:24:09.000,Warna Coklat
3407,8709,03254-FUR-KK-CFS-PTRE-24,03254-FUR-KK-CFS-PTRE-24,269,FUR-KK,223,Tersedia,Bagus,0.0,inventory/ams/inventoryPhoto/1726193819Kursi_Savello_Jaring.jpeg,inventory/ams/assets/uploads/assetsre/ap/1726193819Kursi_Savello_Jaring.jpeg,LT,Aset,Corporate,10780,1,2026-01-19 18:23:39.000,2026-01-19 18:23:39.000,Warna Coklat
3408,8782,03325-FUR-KK-CFS-PTRE-24,03325-FUR-KK-CFS-PTRE-24,269,FUR-KK,121,Tersedia,Bagus,0.0,inventory/ams/inventoryPhoto/1726539655kursi_Coklat.jpeg,inventory/ams/assets/uploads/assetsre/ap/1726539655kursi_Coklat.jpeg,LT,Aset,Corporate,10780,1,2025-04-25 10:16:45.000,2025-04-25 10:16:45.000,Warna Coklat
3409,8783,03326-FUR-KK-CFS-PTRE-24,03326-FUR-KK-CFS-PTRE-24,269,FUR-KK,121,Tersedia,Bagus,0.0,inventory/ams/inventoryPhoto/1726539647kursi_Coklat.jpeg,inventory/ams/assets/uploads/assetsre/ap/1726539647kursi_Coklat.jpeg,LT,Aset,Corporate,10780,1,2025-04-25 10:16:38.000,2025-04-25 10:16:38.000,Warna Coklat
3410,8816,03358-FUR-KK-CFS-PTRE-24,03358-FUR-KK-CFS-PTRE-24,276,FUR-KK,245,Dipinjam,Bagus,0.0,inventory/ams/inventoryPhoto/1726211782kursi_kerja_uno.jpeg,inventory/ams/assets/uploads/assetsre/ap/1726211782kursi_kerja_uno.jpeg,LT,Aset,Corporate,,1,2026-01-28 18:28:51.000,2026-01-28 18:28:51.000,Warna Hitam
3411,8817,03359-FUR-KK-CFS-PTRE-24,03359-FUR-KK-CFS-PTRE-24,276,FUR-KK,224,Dipinjam,Bagus,0.0,inventory/ams/inventoryPhoto/1726211788kursi_kerja_uno.jpeg,inventory/ams/assets/uploads/assetsre/ap/1726211788kursi_kerja_uno.jpeg,LT,Aset,Corporate,,1,2026-01-28 18:29:05.000,2026-01-28 18:29:05.000,Warna Hitam
3412,8818,03360-FUR-KK-CFS-PTRE-24,03360-FUR-KK-CFS-PTRE-24,276,FUR-KK,224,Tersedia,Bagus,0.0,inventory/ams/inventoryPhoto/1726211760kursi_kerja_uno.jpeg,inventory/ams/assets/uploads/assetsre/ap/1726211760kursi_kerja_uno.jpeg,LT,Aset,Corporate,,1,2026-01-28 18:28:58.000,2026-01-28 18:28:58.000,Warna Hitam
3413,8819,03361-FUR-KK-CFS-PTRE-24,03361-FUR-KK-CFS-PTRE-24,269,FUR-KK,224,Tersedia,Bagus,0.0,inventory/ams/inventoryPhoto/1726539632kursi_Coklat.jpeg,inventory/ams/assets/uploads/assetsre/ap/1726539632kursi_Coklat.jpeg,LT,Aset,Corporate,,1,2025-02-12 09:16:10.000,2025-02-12 09:16:10.000,Warna Coklat
3414,8820,03362-FUR-KK-CFS-PTRE-24,03362-FUR-KK-CFS-PTRE-24,269,FUR-KK,242,Tersedia,Bagus,0.0,inventory/ams/inventoryPhoto/1726539637kursi_Coklat.jpeg,inventory/ams/assets/uploads/assetsre/ap/1726539637kursi_Coklat.jpeg,LT,Aset,Corporate,,1,2026-01-28 18:09:43.000,2026-01-28 18:09:43.000,Warna Coklat
3415,8821,03363-FUR-KK-CFS-PTRE-24,03363-FUR-KK-CFS-PTRE-24,269,FUR-KK,174,Tersedia,Bagus,0.0,inventory/ams/inventoryPhoto/1726539626kursi_Coklat.jpeg,inventory/ams/assets/uploads/assetsre/ap/1726539626kursi_Coklat.jpeg,LT,Aset,Corporate,,1,2026-04-21 17:48:47.000,2026-04-21 17:48:47.000,Warna Coklat
3416,8837,03379-FUR-KK-CFS-PTRE-24,03379-FUR-KK-CFS-PTRE-24,265,FUR-KK,115,Tersedia,Bagus,0.0,inventory/ams/inventoryPhoto/1726193718Kursi_Savello_Jaring.jpeg,inventory/ams/assets/uploads/assetsre/ap/1726193718Kursi_Savello_Jaring.jpeg,LT,Aset,Corporate,,1,2025-02-13 09:01:52.000,2025-02-13 09:01:52.000,Warna Hitam
3417,8838,03380-FUR-KK-CFS-PTRE-24,03380-FUR-KK-CFS-PTRE-24,265,FUR-KK,115,Dipinjam,Bagus,0.0,inventory/ams/inventoryPhoto/1726193726Kursi_Savello_Jaring.jpeg,inventory/ams/assets/uploads/assetsre/ap/1726193726Kursi_Savello_Jaring.jpeg,LT,Aset,Corporate,,1,2025-02-13 09:01:59.000,2025-02-13 09:01:59.000,Warna Hitam
3418,8839,03381-FUR-KK-CFS-PTRE-24,03381-FUR-KK-CFS-PTRE-24,265,FUR-KK,115,Dipinjam,Bagus,0.0,inventory/ams/inventoryPhoto/1726193707Kursi_Savello_Jaring.jpeg,inventory/ams/assets/uploads/assetsre/ap/1726193707Kursi_Savello_Jaring.jpeg,LT,Aset,Corporate,,1,2025-02-13 09:02:05.000,2025-02-13 09:02:05.000,Warna Hitam
3419,8840,03382-FUR-KK-CFS-PTRE-24,03382-FUR-KK-CFS-PTRE-24,265,FUR-KK,238,Tersedia,Bagus,0.0,inventory/ams/inventoryPhoto/1726193701Kursi_Savello_Jaring.jpeg,inventory/ams/assets/uploads/assetsre/ap/1726193701Kursi_Savello_Jaring.jpeg,LT,Inventaris,Corporate,10780,1,2026-09-03 10:25:09.000,2026-09-03 10:25:09.000,Warna Hitam
3420,8861,03403-FUR-KK-CFS-PTRE-24,03403-FUR-KK-CFS-PTRE-24,265,FUR-KK,243,Tersedia,Bagus,0.0,inventory/ams/inventoryPhoto/1739345660KURSI_PLASTIK.jpeg,inventory/ams/assets/uploads/assetsre/ap/1739345660KURSI_PLASTIK.jpeg,LT,Aset,Corporate,10780,1,2025-02-12 14:34:20.000,2025-02-12 14:34:20.000,Warna Hitam
3421,8862,03404-FUR-KK-CFS-PTRE-24,03404-FUR-KK-CFS-PTRE-24,265,FUR-KK,243,Tersedia,Bagus,0.0,inventory/ams/inventoryPhoto/1739345668KURSI_PLASTIK.jpeg,inventory/ams/assets/uploads/assetsre/ap/1739345668KURSI_PLASTIK.jpeg,LT,Aset,Corporate,10780,1,2025-02-12 14:34:28.000,2025-02-12 14:34:28.000,Warna Hitam
3422,8863,03405-FUR-KK-CFS-PTRE-24,03405-FUR-KK-CFS-PTRE-24,265,FUR-KK,243,Tersedia,Bagus,0.0,inventory/ams/inventoryPhoto/1739345674KURSI_PLASTIK.jpeg,inventory/ams/assets/uploads/assetsre/ap/1739345674KURSI_PLASTIK.jpeg,LT,Aset,Corporate,10780,1,2025-02-12 14:34:34.000,2025-02-12 14:34:34.000,Warna Hitam
3423,8864,03406-FUR-KK-CFS-PTRE-24,03406-FUR-KK-CFS-PTRE-24,265,FUR-KK,121,Tersedia,Bagus,0.0,inventory/ams/inventoryPhoto/1739345682KURSI_PLASTIK.jpeg,inventory/ams/assets/uploads/assetsre/ap/1739345682KURSI_PLASTIK.jpeg,LT,Aset,Corporate,10780,1,2026-06-08 08:54:27.000,2026-06-08 08:54:27.000,Warna Hitam
3424,8865,03407-FUR-KK-CFS-PTRE-24,03407-FUR-KK-CFS-PTRE-24,265,FUR-KK,243,Tersedia,Bagus,0.0,inventory/ams/inventoryPhoto/1739345689KURSI_PLASTIK.jpeg,inventory/ams/assets/uploads/assetsre/ap/1739345689KURSI_PLASTIK.jpeg,LT,Aset,Corporate,10780,1,2025-02-12 14:34:49.000,2025-02-12 14:34:49.000,Warna Hitam
3425,8866,03408-FUR-KK-CFS-PTRE-24,03408-FUR-KK-CFS-PTRE-24,265,FUR-KK,243,Tersedia,Bagus,0.0,inventory/ams/inventoryPhoto/1739345695KURSI_PLASTIK.jpeg,inventory/ams/assets/uploads/assetsre/ap/1739345695KURSI_PLASTIK.jpeg,LT,Aset,Corporate,10780,1,2025-02-12 14:34:55.000,2025-02-12 14:34:55.000,Warna Hitam
3426,8893,03429-FUR-KK-CFS-PTRE-18,03429-FUR-KK-CFS-PTRE-18,269,FUR-KK,111,Tersedia,Bagus,0.0,inventory/ams/inventoryPhoto/1726539604kursi_Coklat.jpeg,inventory/ams/assets/uploads/assetsre/ap/1726539604kursi_Coklat.jpeg,LT,Aset,Corporate,10780,1,2026-06-07 21:21:57.000,2026-06-07 21:21:57.000,Warna Coklat
3427,8894,03430-FUR-KK-CFS-PTRE-24,03430-FUR-KK-CFS-PTRE-24,265,FUR-KK,225,Tersedia,Bagus,0.0,inventory/ams/inventoryPhoto/1739413470kursi_cokelat_jaring.jpeg,inventory/ams/assets/uploads/assetsre/ap/1739413470kursi_cokelat_jaring.jpeg,LT,Aset,Corporate,,1,2025-02-13 09:24:30.000,2025-02-13 09:24:30.000,Warna Hitam
3428,8908,03444-FUR-KK-CFS-PTRE-24,03444-FUR-KK-CFS-PTRE-24,265,FUR-KK,225,Tersedia,Bagus,0.0,inventory/ams/inventoryPhoto/1726193653Kursi_Savello_Jaring.jpeg,inventory/ams/assets/uploads/assetsre/ap/1726193653Kursi_Savello_Jaring.jpeg,LT,Aset,Corporate,,1,2025-02-13 09:24:44.000,2025-02-13 09:24:44.000,Warna Hitam
3429,8909,03445-FUR-KK-CFS-PTRE-24,03445-FUR-KK-CFS-PTRE-24,265,FUR-KK,115,Dipinjam,Bagus,0.0,inventory/ams/inventoryPhoto/1726193657Kursi_Savello_Jaring.jpeg,inventory/ams/assets/uploads/assetsre/ap/1726193657Kursi_Savello_Jaring.jpeg,LT,Aset,Corporate,,1,2025-06-16 10:42:23.000,2025-06-16 10:42:23.000,Warna Hitam
3430,8910,03446-FUR-KK-CFS-PTRE-24,03446-FUR-KK-CFS-PTRE-24,265,FUR-KK,225,Tersedia,Bagus,0.0,inventory/ams/inventoryPhoto/1726193649Kursi_Savello_Jaring.jpeg,inventory/ams/assets/uploads/assetsre/ap/1726193649Kursi_Savello_Jaring.jpeg,LT,Aset,Corporate,,1,2025-02-13 09:24:58.000,2025-02-13 09:24:58.000,Warna Hitam
3431,8911,03447-FUR-KK-CFS-PTRE-24,03447-FUR-KK-CFS-PTRE-24,265,FUR-KK,225,Tersedia,Bagus,0.0,inventory/ams/inventoryPhoto/1726193536Kursi_Savello_Jaring.jpeg,inventory/ams/assets/uploads/assetsre/ap/1726193536Kursi_Savello_Jaring.jpeg,LT,Aset,Corporate,,1,2025-02-13 09:25:24.000,2025-02-13 09:25:24.000,Warna Hitam
3432,8912,03448-FUR-KK-CFS-PTRE-24,03448-FUR-KK-CFS-PTRE-24,265,FUR-KK,225,Tersedia,Bagus,0.0,inventory/ams/inventoryPhoto/1726193530Kursi_Savello_Jaring.jpeg,inventory/ams/assets/uploads/assetsre/ap/1726193530Kursi_Savello_Jaring.jpeg,LT,Aset,Corporate,,1,2025-02-13 09:25:33.000,2025-02-13 09:25:33.000,Warna Hitam
3433,8913,03449-FUR-KK-CFS-PTRE-24,03449-FUR-KK-CFS-PTRE-24,265,FUR-KK,225,Tersedia,Bagus,0.0,inventory/ams/inventoryPhoto/1726193520Kursi_Savello_Jaring.jpeg,inventory/ams/assets/uploads/assetsre/ap/1726193520Kursi_Savello_Jaring.jpeg,LT,Aset,Corporate,,1,2025-02-13 09:27:09.000,2025-02-13 09:27:09.000,Warna Hitam
3434,8914,03450-FUR-KK-CFS-PTRE-24,03450-FUR-KK-CFS-PTRE-24,265,FUR-KK,137,Tersedia,Bagus,0.0,inventory/ams/inventoryPhoto/1726193515Kursi_Savello_Jaring.jpeg,inventory/ams/assets/uploads/assetsre/ap/1726193515Kursi_Savello_Jaring.jpeg,LT,Aset,Corporate,,1,2026-01-26 08:34:06.000,2026-01-26 08:34:06.000,Warna Hitam
3435,8918,03454-FUR-KK-CFS-PTRE-24,03454-FUR-KK-CFS-PTRE-24,269,FUR-KK,85,Tersedia,Bagus,0.0,inventory/ams/inventoryPhoto/1726539595kursi_Coklat.jpeg,inventory/ams/assets/uploads/assetsre/ap/1726539595kursi_Coklat.jpeg,LT,Aset,Corporate,,1,2025-02-12 09:19:03.000,2025-02-12 09:19:03.000,Warna Coklat
3436,8919,03455-FUR-KK-CFS-PTRE-24,03455-FUR-KK-CFS-PTRE-24,269,FUR-KK,85,Tersedia,Bagus,0.0,inventory/ams/inventoryPhoto/1726539591kursi_Coklat.jpeg,inventory/ams/assets/uploads/assetsre/ap/1726539591kursi_Coklat.jpeg,LT,Aset,Corporate,,1,2025-02-12 09:19:15.000,2025-02-12 09:19:15.000,Warna Coklat
3437,8920,03456-FUR-KK-CFS-PTRE-24,03456-FUR-KK-CFS-PTRE-24,269,FUR-KK,85,Tersedia,Bagus,0.0,inventory/ams/inventoryPhoto/1726539586kursi_Coklat.jpeg,inventory/ams/assets/uploads/assetsre/ap/1726539586kursi_Coklat.jpeg,LT,Aset,Corporate,,1,2025-02-12 09:19:30.000,2025-02-12 09:19:30.000,Warna Coklat
3438,8921,03457-FUR-KK-CFS-PTRE-24,03457-FUR-KK-CFS-PTRE-24,265,FUR-KK,85,Tersedia,Bagus,0.0,inventory/ams/inventoryPhoto/1726193470Kursi_Savello_Jaring.jpeg,inventory/ams/assets/uploads/assetsre/ap/1726193470Kursi_Savello_Jaring.jpeg,LT,Aset,Corporate,10780,1,2026-04-09 14:16:27.000,2026-04-09 14:16:27.000,Warna Hitam
3439,8922,03458-FUR-KK-CFS-PTRE-24,03458-FUR-KK-CFS-PTRE-24,265,FUR-KK,85,Tersedia,Bagus,0.0,inventory/ams/inventoryPhoto/1726193461Kursi_Savello_Jaring.jpeg,inventory/ams/assets/uploads/assetsre/ap/1726193461Kursi_Savello_Jaring.jpeg,LT,Aset,Corporate,10780,1,2026-04-09 14:16:41.000,2026-04-09 14:16:41.000,Warna Hitam
3440,8923,03459-FUR-KK-CFS-PTRE-24,03459-FUR-KK-CFS-PTRE-24,265,FUR-KK,85,Tersedia,Bagus,0.0,inventory/ams/inventoryPhoto/1726193466Kursi_Savello_Jaring.jpeg,inventory/ams/assets/uploads/assetsre/ap/1726193466Kursi_Savello_Jaring.jpeg,LT,Aset,Corporate,10780,1,2026-04-09 14:16:48.000,2026-04-09 14:16:48.000,Warna Hitam
3441,8924,03460-FUR-KK-CFS-PTRE-24,03460-FUR-KK-CFS-PTRE-24,265,FUR-KK,85,Tersedia,Bagus,0.0,inventory/ams/inventoryPhoto/1726193454Kursi_Savello_Jaring.jpeg,inventory/ams/assets/uploads/assetsre/ap/1726193454Kursi_Savello_Jaring.jpeg,LT,Aset,Corporate,10780,1,2026-04-09 14:16:55.000,2026-04-09 14:16:55.000,Warna Hitam
3442,8956,03492-FUR-KK-CFS-PTRE-24,03492-FUR-KK-CFS-PTRE-24,269,FUR-KK,244,Tersedia,Bagus,0.0,inventory/ams/inventoryPhoto/1738900030kursi_Coklat.jpeg,inventory/ams/assets/uploads/assetsre/ap/1738900030kursi_Coklat.jpeg,LT,Aset,Corporate,10780,1,2026-01-19 14:52:42.000,2026-01-19 14:52:42.000,Warna Coklat
3443,8957,03493-FUR-KK-CFS-PTRE-24,03493-FUR-KK-CFS-PTRE-24,269,FUR-KK,136,Tersedia,Bagus,0.0,inventory/ams/inventoryPhoto/1738899994kursi_Coklat.jpeg,inventory/ams/assets/uploads/assetsre/ap/1738899994kursi_Coklat.jpeg,LT,Aset,Corporate,10780,1,2026-06-07 20:51:34.000,2026-06-07 20:51:34.000,Warna Coklat
3444,8958,03494-FUR-KK-CFS-PTRE-24,03494-FUR-KK-CFS-PTRE-24,269,FUR-KK,136,Tersedia,Bagus,0.0,inventory/ams/inventoryPhoto/1726539417kursi_Coklat.jpeg,inventory/ams/assets/uploads/assetsre/ap/1726539417kursi_Coklat.jpeg,LT,Aset,Corporate,10780,1,2026-06-07 20:51:25.000,2026-06-07 20:51:25.000,Warna Coklat
3445,8959,03495-FUR-KK-CFS-PTRE-24,03495-FUR-KK-CFS-PTRE-24,269,FUR-KK,136,Tersedia,Bagus,0.0,inventory/ams/inventoryPhoto/1738899962kursi_Coklat.jpeg,inventory/ams/assets/uploads/assetsre/ap/1738899962kursi_Coklat.jpeg,LT,Aset,Corporate,10780,1,2026-06-07 20:51:14.000,2026-06-07 20:51:14.000,Warna Coklat
3446,8960,03496-FUR-KK-CFS-PTRE-24,03496-FUR-KK-CFS-PTRE-24,295,FUR-KK,136,Tersedia,Bagus,0.0,inventory/ams/inventoryPhoto/1738899806KURSI_MORELLI.jpeg,inventory/ams/assets/uploads/assetsre/ap/1738899806KURSI_MORELLI.jpeg,LT,Aset,Corporate,10780,1,2026-06-07 20:50:53.000,2026-06-07 20:50:53.000,Warna Hitam
3447,8961,03497-FUR-KK-CFS-PTRE-24,03497-FUR-KK-CFS-PTRE-24,274,FUR-KK,136,Tersedia,Bagus,0.0,inventory/ams/inventoryPhoto/1738899776KURSI_MORELLI.jpeg,inventory/ams/assets/uploads/assetsre/ap/1738899776KURSI_MORELLI.jpeg,LT,Aset,Corporate,10780,1,2026-06-07 20:50:17.000,2026-06-07 20:50:17.000,Warna Hitam
3448,8978,03514-FUR-KK-CFS-PTRE-24,03514-FUR-KK-CFS-PTRE-24,269,FUR-KK,137,Tersedia,Bagus,0.0,inventory/ams/inventoryPhoto/1726539369kursi_Coklat.jpeg,inventory/ams/assets/uploads/assetsre/ap/1726539369kursi_Coklat.jpeg,LT,Aset,Corporate,10780,1,2025-02-07 10:38:03.000,2025-02-07 10:38:03.000,Warna Coklat
3449,8979,03515-FUR-KK-CFS-PTRE-24,03515-FUR-KK-CFS-PTRE-24,269,FUR-KK,137,Tersedia,Bagus,0.0,inventory/ams/inventoryPhoto/1726539365kursi_Coklat.jpeg,inventory/ams/assets/uploads/assetsre/ap/1726539365kursi_Coklat.jpeg,LT,Aset,Corporate,10780,1,2025-02-12 10:20:07.000,2025-02-12 10:20:07.000,Warna Coklat
3450,8986,03522-FUR-KK-CFS-PTRE-24,03522-FUR-KK-CFS-PTRE-24,265,FUR-KK,138,Tersedia,Bagus,0.0,inventory/ams/inventoryPhoto/1726193404Kursi_Savello_Jaring.jpeg,inventory/ams/assets/uploads/assetsre/ap/1726193404Kursi_Savello_Jaring.jpeg,LT,Aset,Corporate,10780,1,2026-05-29 15:22:15.000,2026-05-29 15:22:15.000,Warna Hitam
3451,8987,03523-FUR-KK-CFS-PTRE-24,03523-FUR-KK-CFS-PTRE-24,265,FUR-KK,138,Tersedia,Bagus,0.0,inventory/ams/inventoryPhoto/1726193393Kursi_Savello_Jaring.jpeg,inventory/ams/assets/uploads/assetsre/ap/1726193393Kursi_Savello_Jaring.jpeg,LT,Aset,Corporate,10780,1,2026-05-29 15:22:22.000,2026-05-29 15:22:22.000,Warna Hitam
3452,8988,03524-FUR-KK-CFS-PTRE-24,03524-FUR-KK-CFS-PTRE-24,269,FUR-KK,138,Tersedia,Bagus,0.0,inventory/ams/inventoryPhoto/1726539360kursi_Coklat.jpeg,inventory/ams/assets/uploads/assetsre/ap/1726539360kursi_Coklat.jpeg,LT,Aset,Corporate,10780,1,2025-02-07 10:37:11.000,2025-02-07 10:37:11.000,Warna Coklat
3453,8995,03531-FUR-KK-CFS-PTRE-24,03531-FUR-KK-CFS-PTRE-24,265,FUR-KK,137,Dipinjam,Bagus,0.0,inventory/ams/inventoryPhoto/1726193374Kursi_Savello_Jaring.jpeg,inventory/ams/assets/uploads/assetsre/ap/1726193374Kursi_Savello_Jaring.jpeg,LT,Aset,Corporate,10780,1,2026-05-29 14:55:12.000,2026-05-29 14:55:12.000,Warna Hitam
3454,8996,03532-FUR-KK-CFS-PTRE-24,03532-FUR-KK-CFS-PTRE-24,265,FUR-KK,137,Tersedia,Bagus,0.0,inventory/ams/inventoryPhoto/1726193381Kursi_Savello_Jaring.jpeg,inventory/ams/assets/uploads/assetsre/ap/1726193381Kursi_Savello_Jaring.jpeg,LT,Aset,Corporate,10780,1,2026-05-29 14:55:04.000,2026-05-29 14:55:04.000,Warna Hitam
3455,8997,03533-FUR-KK-CFS-PTRE-24,03533-FUR-KK-CFS-PTRE-24,265,FUR-KK,137,Dipinjam,Bagus,0.0,inventory/ams/inventoryPhoto/1726193351Kursi_Savello_Jaring.jpeg,inventory/ams/assets/uploads/assetsre/ap/1726193351Kursi_Savello_Jaring.jpeg,LT,Aset,Corporate,,1,2026-01-26 08:58:05.000,2026-01-26 08:58:05.000,Warna Hitam
3456,8998,03534-FUR-KK-CFS-PTRE-24,03534-FUR-KK-CFS-PTRE-24,269,FUR-KK,174,Tersedia,Bagus,0.0,inventory/ams/inventoryPhoto/1726193346Kursi_Savello_Jaring.jpeg,inventory/ams/assets/uploads/assetsre/ap/1726193346Kursi_Savello_Jaring.jpeg,LT,Aset,Corporate,,1,2026-05-13 13:58:30.000,2026-05-13 13:58:30.000,Warna Coklat
3457,8999,03535-FUR-KK-CFS-PTRE-24,03535-FUR-KK-CFS-PTRE-24,269,FUR-KK,174,Tersedia,Bagus,0.0,inventory/ams/inventoryPhoto/1726193331Kursi_Savello_Jaring.jpeg,inventory/ams/assets/uploads/assetsre/ap/1726193331Kursi_Savello_Jaring.jpeg,LT,Aset,Corporate,,1,2026-05-13 13:58:13.000,2026-05-13 13:58:13.000,Warna Coklat
3458,9000,03536-FUR-KK-CFS-PTRE-24,03536-FUR-KK-CFS-PTRE-24,269,FUR-KK,174,Tersedia,Bagus,0.0,inventory/ams/inventoryPhoto/1726193340Kursi_Savello_Jaring.jpeg,inventory/ams/assets/uploads/assetsre/ap/1726193340Kursi_Savello_Jaring.jpeg,LT,Aset,Corporate,,1,2026-05-13 13:56:21.000,2026-05-13 13:56:21.000,Warna Coklat
3459,9001,03537-FUR-KK-CFS-PTRE-24,03537-FUR-KK-CFS-PTRE-24,269,FUR-KK,174,Tersedia,Bagus,0.0,inventory/ams/inventoryPhoto/1726193319Kursi_Savello_Jaring.jpeg,inventory/ams/assets/uploads/assetsre/ap/1726193319Kursi_Savello_Jaring.jpeg,LT,Aset,Corporate,,1,2026-05-13 13:56:02.000,2026-05-13 13:56:02.000,Warna Coklat
3460,9002,03538-FUR-KK-CFS-PTRE-24,03538-FUR-KK-CFS-PTRE-24,269,FUR-KK,174,Tersedia,Bagus,0.0,inventory/ams/inventoryPhoto/1726193324Kursi_Savello_Jaring.jpeg,inventory/ams/assets/uploads/assetsre/ap/1726193324Kursi_Savello_Jaring.jpeg,LT,Aset,Corporate,,1,2026-05-13 13:55:47.000,2026-05-13 13:55:47.000,Warna Coklat
3461,9003,03539-FUR-KK-CFS-PTRE-24,03539-FUR-KK-CFS-PTRE-24,265,FUR-KK,225,Tersedia,Bagus,0.0,inventory/ams/inventoryPhoto/1726193313Kursi_Savello_Jaring.jpeg,inventory/ams/assets/uploads/assetsre/ap/1726193313Kursi_Savello_Jaring.jpeg,LT,Aset,Corporate,,1,2026-01-26 09:03:44.000,2026-01-26 09:03:44.000,Warna Hitam
3462,9004,0181-FUR-KK-CFS-PTRE-13,0181-FUR-KK-CFS-PTRE-13,265,FUR-KK,137,Dipinjam,Bagus,0.0,inventory/ams/inventoryPhoto/1726193299Kursi_Savello_Jaring.jpeg,inventory/ams/assets/uploads/assetsre/ap/1726193299Kursi_Savello_Jaring.jpeg,LT,Aset,Corporate,,1,2026-01-26 08:59:28.000,2026-01-26 08:59:28.000,Warna Hitam
3463,9005,0183-FUR-KK-CFS-PTRE-13,0183-FUR-KK-CFS-PTRE-13,265,FUR-KK,137,Dipinjam,Bagus,0.0,inventory/ams/inventoryPhoto/1726193307Kursi_Savello_Jaring.jpeg,inventory/ams/assets/uploads/assetsre/ap/1726193307Kursi_Savello_Jaring.jpeg,LT,Aset,Corporate,,1,2026-01-26 08:56:09.000,2026-01-26 08:56:09.000,Warna Hitam
3464,9006,0112-FUR-KK-CFS-PTRE-14,0112-FUR-KK-CFS-PTRE-14,265,FUR-KK,137,Dipinjam,Bagus,0.0,inventory/ams/inventoryPhoto/1726193293Kursi_Savello_Jaring.jpeg,inventory/ams/assets/uploads/assetsre/ap/1726193293Kursi_Savello_Jaring.jpeg,LT,Aset,Corporate,,1,2026-01-26 08:54:24.000,2026-01-26 08:54:24.000,Warna Hitam
3465,9007,04884-FUR-KK-CFS-PTRE-14,04884-FUR-KK-CFS-PTRE-14,265,FUR-KK,137,Tersedia,Bagus,0.0,inventory/ams/inventoryPhoto/1726193288Kursi_Savello_Jaring.jpeg,inventory/ams/assets/uploads/assetsre/ap/1726193288Kursi_Savello_Jaring.jpeg,LT,Aset,Corporate,,1,2026-01-26 08:51:09.000,2026-01-26 08:51:09.000,Warna Hitam
3466,9014,03550-FUR-KK-CFS-PTRE-24,03550-FUR-KK-CFS-PTRE-24,265,FUR-KK,230,Tersedia,Bagus,0.0,inventory/ams/inventoryPhoto/1726193275Kursi_Savello_Jaring.jpeg,inventory/ams/assets/uploads/assetsre/ap/1726193275Kursi_Savello_Jaring.jpeg,LT,Aset,Corporate,10780,1,2026-05-29 15:05:41.000,2026-05-29 15:05:41.000,Warna Hitam
3467,9015,03551-FUR-KK-CFS-PTRE-24,03551-FUR-KK-CFS-PTRE-24,265,FUR-KK,230,Tersedia,Bagus,0.0,inventory/ams/inventoryPhoto/1726193270Kursi_Savello_Jaring.jpeg,inventory/ams/assets/uploads/assetsre/ap/1726193270Kursi_Savello_Jaring.jpeg,LT,Aset,Corporate,10780,1,2026-05-29 15:05:35.000,2026-05-29 15:05:35.000,Warna Hitam
3468,9016,03552-FUR-KK-CFS-PTRE-24,03552-FUR-KK-CFS-PTRE-24,265,FUR-KK,230,Tersedia,Bagus,0.0,inventory/ams/inventoryPhoto/1726193259Kursi_Savello_Jaring.jpeg,inventory/ams/assets/uploads/assetsre/ap/1726193259Kursi_Savello_Jaring.jpeg,LT,Aset,Corporate,10780,1,2026-05-29 15:05:29.000,2026-05-29 15:05:29.000,Warna Hitam
3469,9017,03553-FUR-KK-CFS-PTRE-24,03553-FUR-KK-CFS-PTRE-24,265,FUR-KK,215,Tidak Aktif,Rusak,0.0,inventory/ams/inventoryPhoto/1726193264Kursi_Savello_Jaring.jpeg,inventory/ams/assets/uploads/assetsre/ap/1726193264Kursi_Savello_Jaring.jpeg,LT,Inventaris,Corporate,10780,1,2026-09-22 17:43:15.000,2026-09-22 17:43:15.000,Warna Hitam
3470,9018,03554-FUR-KK-CFS-PTRE-24,03554-FUR-KK-CFS-PTRE-24,269,FUR-KK,138,Tersedia,Bagus,0.0,inventory/ams/inventoryPhoto/1726193253Kursi_Savello_Jaring.jpeg,inventory/ams/assets/uploads/assetsre/ap/1726193253Kursi_Savello_Jaring.jpeg,LT,Aset,Corporate,10780,1,2026-05-29 15:21:19.000,2026-05-29 15:21:19.000,Warna Coklat
3471,9019,03555-FUR-KK-CFS-PTRE-24,03555-FUR-KK-CFS-PTRE-24,269,FUR-KK,230,Tersedia,Bagus,0.0,inventory/ams/inventoryPhoto/1726539345kursi_Coklat.jpeg,inventory/ams/assets/uploads/assetsre/ap/1726539345kursi_Coklat.jpeg,LT,Aset,Corporate,10780,1,2025-02-07 10:36:39.000,2025-02-07 10:36:39.000,Warna Coklat
3472,9020,04660-FUR-KK-CFS-PTRE-25,04660-FUR-KK-CFS-PTRE-25,269,FUR-KK,230,Tersedia,Bagus,0.0,inventory/ams/inventoryPhoto/1726539340kursi_Coklat.jpeg,inventory/ams/assets/uploads/assetsre/ap/1726539340kursi_Coklat.jpeg,LT,Aset,Corporate,10780,1,2025-02-07 10:36:04.000,2025-02-07 10:36:04.000,Warna Coklat
3473,9021,03557-FUR-KK-CFS-PTRE-24,03557-FUR-KK-CFS-PTRE-24,269,FUR-KK,215,Tersedia,Bagus,0.0,inventory/ams/inventoryPhoto/1726539331kursi_Coklat.jpeg,inventory/ams/assets/uploads/assetsre/ap/1726539331kursi_Coklat.jpeg,LT,Inventaris,Corporate,10780,1,2026-09-22 17:42:51.000,2026-09-22 17:42:51.000,Warna Coklat
3474,9036,03572-FUR-KK-CFS-PTRE-24,03572-FUR-KK-CFS-PTRE-24,265,FUR-KK,229,Tersedia,Bagus,0.0,inventory/ams/inventoryPhoto/1726193232Kursi_Savello_Jaring.jpeg,inventory/ams/assets/uploads/assetsre/ap/1726193232Kursi_Savello_Jaring.jpeg,LT,Aset,Corporate,10780,1,2026-05-29 15:07:32.000,2026-05-29 15:07:32.000,Warna Hitam
3475,9037,03573-FUR-KK-CFS-PTRE-24,03573-FUR-KK-CFS-PTRE-24,265,FUR-KK,229,Tersedia,Bagus,0.0,inventory/ams/inventoryPhoto/1726193213Kursi_Savello_Jaring.jpeg,inventory/ams/assets/uploads/assetsre/ap/1726193213Kursi_Savello_Jaring.jpeg,LT,Aset,Corporate,10780,1,2026-05-29 15:07:37.000,2026-05-29 15:07:37.000,Warna Hitam
3476,9038,03574-FUR-KK-CFS-PTRE-24,03574-FUR-KK-CFS-PTRE-24,265,FUR-KK,229,Tersedia,Bagus,0.0,inventory/ams/inventoryPhoto/1726193221Kursi_Savello_Jaring.jpeg,inventory/ams/assets/uploads/assetsre/ap/1726193221Kursi_Savello_Jaring.jpeg,LT,Aset,Corporate,10780,1,2026-05-29 15:07:43.000,2026-05-29 15:07:43.000,Warna Hitam
3477,9039,03575-FUR-KK-CFS-PTRE-24,03575-FUR-KK-CFS-PTRE-24,265,FUR-KK,229,Tersedia,Bagus,0.0,inventory/ams/inventoryPhoto/1726193204Kursi_Savello_Jaring.jpeg,inventory/ams/assets/uploads/assetsre/ap/1726193204Kursi_Savello_Jaring.jpeg,LT,Aset,Corporate,10780,1,2026-05-29 15:07:49.000,2026-05-29 15:07:49.000,Warna Hitam
3478,9040,03576-FUR-KK-CFS-PTRE-24,03576-FUR-KK-CFS-PTRE-24,265,FUR-KK,229,Tersedia,Bagus,0.0,inventory/ams/inventoryPhoto/1726193196Kursi_Savello_Jaring.jpeg,inventory/ams/assets/uploads/assetsre/ap/1726193196Kursi_Savello_Jaring.jpeg,LT,Aset,Corporate,10780,1,2026-05-29 15:07:55.000,2026-05-29 15:07:55.000,Warna Hitam
3479,9041,03577-FUR-KK-CFS-PTRE-24,03577-FUR-KK-CFS-PTRE-24,269,FUR-KK,138,Tersedia,Bagus,0.0,inventory/ams/inventoryPhoto/1726539300kursi_cokelat_jaring.jpeg,inventory/ams/assets/uploads/assetsre/ap/1726539300kursi_cokelat_jaring.jpeg,LT,Aset,Corporate,10780,1,2026-05-29 15:26:31.000,2026-05-29 15:26:31.000,Warna Coklat
3480,9042,03578-FUR-KK-CFS-PTRE-24,03578-FUR-KK-CFS-PTRE-24,269,FUR-KK,138,Tersedia,Bagus,0.0,inventory/ams/inventoryPhoto/1726539292kursi_cokelat_jaring.jpeg,inventory/ams/assets/uploads/assetsre/ap/1726539292kursi_cokelat_jaring.jpeg,LT,Aset,Corporate,10780,1,2026-05-29 15:24:42.000,2026-05-29 15:24:42.000,Warna Coklat
3481,9103,03639-FUR-KK-CFS-PTRE-24,03639-FUR-KK-CFS-PTRE-24,265,FUR-KK,215,Tersedia,Bagus,0.0,inventory/ams/inventoryPhoto/1726539260Kursi_tamu_Hitam.jpeg,inventory/ams/assets/uploads/assetsre/ap/1726539260Kursi_tamu_Hitam.jpeg,LT,Aset,Corporate,10780,1,2026-07-15 11:39:45.000,2026-07-15 11:39:45.000,Warna Hitam
3482,9104,03640-FUR-KK-CFS-PTRE-24,03640-FUR-KK-CFS-PTRE-24,269,FUR-KK,245,Tersedia,Bagus,0.0,inventory/ams/inventoryPhoto/1726539267Kursi_tamu_Hitam.jpeg,inventory/ams/assets/uploads/assetsre/ap/1726539267Kursi_tamu_Hitam.jpeg,LT,Aset,Corporate,10780,1,2026-05-29 14:47:40.000,2026-05-29 14:47:40.000,Warna Coklat
3483,9105,04659-FUR-KK-CFS-PTRE-25,04659-FUR-KK-CFS-PTRE-25,269,FUR-KK,245,Tersedia,Bagus,0.0,inventory/ams/inventoryPhoto/1726539273Kursi_tamu_Hitam.jpeg,inventory/ams/assets/uploads/assetsre/ap/1726539273Kursi_tamu_Hitam.jpeg,LT,Aset,Corporate,10780,1,2026-05-29 14:47:33.000,2026-05-29 14:47:33.000,Warna Coklat
3484,9106,04658-FUR-KK-CFS-PTRE-25,04658-FUR-KK-CFS-PTRE-25,269,FUR-KK,245,Tersedia,Bagus,0.0,inventory/ams/inventoryPhoto/1726539214Kursi_tamu_Hitam.jpeg,inventory/ams/assets/uploads/assetsre/ap/1726539214Kursi_tamu_Hitam.jpeg,LT,Aset,Corporate,10780,1,2026-05-29 14:47:22.000,2026-05-29 14:47:22.000,Warna Coklat
3485,9163,03698-FUR-KK-CFS-PTRE-24,03698-FUR-KK-CFS-PTRE-24,265,FUR-KK,245,Tersedia,Bagus,0.0,inventory/ams/inventoryPhoto/1726193184Kursi_Savello_Jaring.jpeg,inventory/ams/assets/uploads/assetsre/ap/1726193184Kursi_Savello_Jaring.jpeg,LT,Aset,Corporate,10780,1,2026-05-29 14:47:11.000,2026-05-29 14:47:11.000,Warna Hitam
3486,9164,03699-FUR-KK-CFS-PTRE-24,03699-FUR-KK-CFS-PTRE-24,265,FUR-KK,245,Tersedia,Bagus,0.0,inventory/ams/inventoryPhoto/1726193189Kursi_Savello_Jaring.jpeg,inventory/ams/assets/uploads/assetsre/ap/1726193189Kursi_Savello_Jaring.jpeg,LT,Aset,Corporate,10780,1,2026-05-29 14:47:02.000,2026-05-29 14:47:02.000,Warna Hitam
3487,9165,03700-FUR-KK-CFS-PTRE-24,03700-FUR-KK-CFS-PTRE-24,265,FUR-KK,245,Tersedia,Bagus,0.0,inventory/ams/inventoryPhoto/1726193177Kursi_Savello_Jaring.jpeg,inventory/ams/assets/uploads/assetsre/ap/1726193177Kursi_Savello_Jaring.jpeg,LT,Aset,Corporate,10780,1,2026-05-29 14:46:46.000,2026-05-29 14:46:46.000,Warna Hitam
3488,9166,03701-FUR-KK-CFS-PTRE-24,03701-FUR-KK-CFS-PTRE-24,265,FUR-KK,245,Tersedia,Bagus,0.0,inventory/ams/inventoryPhoto/1726193171Kursi_Savello_Jaring.jpeg,inventory/ams/assets/uploads/assetsre/ap/1726193171Kursi_Savello_Jaring.jpeg,LT,Aset,Corporate,10780,1,2026-05-29 14:46:54.000,2026-05-29 14:46:54.000,Warna Hitam
3489,9167,03702-FUR-KK-CFS-PTRE-24,03702-FUR-KK-CFS-PTRE-24,265,FUR-KK,245,Tersedia,Bagus,0.0,inventory/ams/inventoryPhoto/1726193166Kursi_Savello_Jaring.jpeg,inventory/ams/assets/uploads/assetsre/ap/1726193166Kursi_Savello_Jaring.jpeg,LT,Aset,Corporate,10780,1,2026-05-29 14:46:35.000,2026-05-29 14:46:35.000,Warna Hitam
3490,9168,03703-FUR-KK-CFS-PTRE-24,03703-FUR-KK-CFS-PTRE-24,265,FUR-KK,245,Tersedia,Bagus,0.0,inventory/ams/inventoryPhoto/1726193153Kursi_Savello_Jaring.jpeg,inventory/ams/assets/uploads/assetsre/ap/1726193153Kursi_Savello_Jaring.jpeg,LT,Aset,Corporate,10780,1,2026-05-29 14:46:41.000,2026-05-29 14:46:41.000,Warna Hitam
3491,9169,03704-FUR-KK-CFS-PTRE-24,03704-FUR-KK-CFS-PTRE-24,265,FUR-KK,245,Tersedia,Bagus,0.0,inventory/ams/inventoryPhoto/1726193147Kursi_Savello_Jaring.jpeg,inventory/ams/assets/uploads/assetsre/ap/1726193147Kursi_Savello_Jaring.jpeg,LT,Aset,Corporate,10780,1,2026-05-29 14:46:28.000,2026-05-29 14:46:28.000,Warna Hitam
3492,9170,03705-FUR-KK-CFS-PTRE-24,03705-FUR-KK-CFS-PTRE-24,265,FUR-KK,245,Tersedia,Bagus,0.0,inventory/ams/inventoryPhoto/1726193131Kursi_Savello_Jaring.jpeg,inventory/ams/assets/uploads/assetsre/ap/1726193131Kursi_Savello_Jaring.jpeg,LT,Aset,Corporate,10780,1,2026-05-29 14:46:22.000,2026-05-29 14:46:22.000,Warna Hitam
3493,9171,03706-FUR-KK-CFS-PTRE-24,03706-FUR-KK-CFS-PTRE-24,265,FUR-KK,245,Tersedia,Bagus,0.0,inventory/ams/inventoryPhoto/1726193138Kursi_Savello_Jaring.jpeg,inventory/ams/assets/uploads/assetsre/ap/1726193138Kursi_Savello_Jaring.jpeg,LT,Aset,Corporate,10780,1,2026-05-29 14:46:17.000,2026-05-29 14:46:17.000,Warna Hitam
3494,9172,03707-FUR-KK-CFS-PTRE-24,03707-FUR-KK-CFS-PTRE-24,265,FUR-KK,245,Tersedia,Bagus,0.0,inventory/ams/inventoryPhoto/1726193125Kursi_Savello_Jaring.jpeg,inventory/ams/assets/uploads/assetsre/ap/1726193125Kursi_Savello_Jaring.jpeg,LT,Aset,Corporate,10780,1,2026-05-29 14:46:11.000,2026-05-29 14:46:11.000,Warna Hitam
3495,9173,03708-FUR-KK-CFS-PTRE-24,03708-FUR-KK-CFS-PTRE-24,265,FUR-KK,245,Tersedia,Bagus,0.0,inventory/ams/inventoryPhoto/1726193118Kursi_Savello_Jaring.jpeg,inventory/ams/assets/uploads/assetsre/ap/1726193118Kursi_Savello_Jaring.jpeg,LT,Aset,Corporate,10780,1,2026-05-29 14:46:05.000,2026-05-29 14:46:05.000,Warna Hitam
3496,9174,03709-FUR-KK-CFS-PTRE-24,03709-FUR-KK-CFS-PTRE-24,265,FUR-KK,245,Tersedia,Bagus,0.0,inventory/ams/inventoryPhoto/1726193108Kursi_Savello_Jaring.jpeg,inventory/ams/assets/uploads/assetsre/ap/1726193108Kursi_Savello_Jaring.jpeg,LT,Aset,Corporate,10780,1,2026-05-29 14:45:54.000,2026-05-29 14:45:54.000,Warna Hitam
3497,9175,03710-FUR-KK-CFS-PTRE-24,03710-FUR-KK-CFS-PTRE-24,265,FUR-KK,245,Tersedia,Bagus,0.0,inventory/ams/inventoryPhoto/1726193112Kursi_Savello_Jaring.jpeg,inventory/ams/assets/uploads/assetsre/ap/1726193112Kursi_Savello_Jaring.jpeg,LT,Aset,Corporate,10780,1,2026-05-29 14:45:59.000,2026-05-29 14:45:59.000,Warna Hitam
3498,9176,03711-FUR-KK-CFS-PTRE-24,03711-FUR-KK-CFS-PTRE-24,265,FUR-KK,245,Tersedia,Bagus,0.0,inventory/ams/inventoryPhoto/1726193104Kursi_Savello_Jaring.jpeg,inventory/ams/assets/uploads/assetsre/ap/1726193104Kursi_Savello_Jaring.jpeg,LT,Aset,Corporate,10780,1,2026-05-29 14:45:48.000,2026-05-29 14:45:48.000,Warna Hitam
3499,9177,03712-FUR-KK-CFS-PTRE-24,03712-FUR-KK-CFS-PTRE-24,265,FUR-KK,245,Tersedia,Bagus,0.0,inventory/ams/inventoryPhoto/1726193078Kursi_Savello_Jaring.jpeg,inventory/ams/assets/uploads/assetsre/ap/1726193078Kursi_Savello_Jaring.jpeg,LT,Aset,Corporate,10780,1,2026-05-29 14:45:27.000,2026-05-29 14:45:27.000,Warna Hitam
3500,9178,03713-FUR-KK-CFS-PTRE-24,03713-FUR-KK-CFS-PTRE-24,265,FUR-KK,245,Tersedia,Bagus,0.0,inventory/ams/inventoryPhoto/1726193069Kursi_Savello_Jaring.jpeg,inventory/ams/assets/uploads/assetsre/ap/1726193069Kursi_Savello_Jaring.jpeg,LT,Aset,Corporate,10780,1,2026-05-29 14:45:36.000,2026-05-29 14:45:36.000,Warna Hitam
3501,9179,03714-FUR-KK-CFS-PTRE-24,03714-FUR-KK-CFS-PTRE-24,265,FUR-KK,245,Tersedia,Bagus,0.0,inventory/ams/inventoryPhoto/1726193064Kursi_Savello_Jaring.jpeg,inventory/ams/assets/uploads/assetsre/ap/1726193064Kursi_Savello_Jaring.jpeg,LT,Aset,Corporate,10780,1,2026-05-29 14:45:41.000,2026-05-29 14:45:41.000,Warna Hitam
3502,9180,03715-FUR-KK-CFS-PTRE-24,03715-FUR-KK-CFS-PTRE-24,265,FUR-KK,245,Tersedia,Bagus,0.0,inventory/ams/inventoryPhoto/1726193058Kursi_Savello_Jaring.jpeg,inventory/ams/assets/uploads/assetsre/ap/1726193058Kursi_Savello_Jaring.jpeg,LT,Aset,Corporate,10780,1,2026-05-29 14:45:21.000,2026-05-29 14:45:21.000,Warna Hitam
3503,9181,03716-FUR-KK-CFS-PTRE-24,03716-FUR-KK-CFS-PTRE-24,265,FUR-KK,245,Tersedia,Bagus,0.0,inventory/ams/inventoryPhoto/1726193054Kursi_Savello_Jaring.jpeg,inventory/ams/assets/uploads/assetsre/ap/1726193054Kursi_Savello_Jaring.jpeg,LT,Aset,Corporate,10780,1,2026-05-29 14:45:15.000,2026-05-29 14:45:15.000,Warna Hitam
3504,9182,03717-FUR-KK-CFS-PTRE-24,03717-FUR-KK-CFS-PTRE-24,265,FUR-KK,245,Tersedia,Bagus,0.0,inventory/ams/inventoryPhoto/1726193050Kursi_Savello_Jaring.jpeg,inventory/ams/assets/uploads/assetsre/ap/1726193050Kursi_Savello_Jaring.jpeg,LT,Aset,Corporate,10780,1,2026-05-29 14:45:10.000,2026-05-29 14:45:10.000,Warna Hitam
3505,9183,03718-FUR-KK-CFS-PTRE-24,03718-FUR-KK-CFS-PTRE-24,265,FUR-KK,245,Tersedia,Bagus,0.0,inventory/ams/inventoryPhoto/1726193040Kursi_Savello_Jaring.jpeg,inventory/ams/assets/uploads/assetsre/ap/1726193040Kursi_Savello_Jaring.jpeg,LT,Aset,Corporate,10780,1,2026-05-29 14:45:04.000,2026-05-29 14:45:04.000,Warna Hitam
3506,9184,04905-FUR-KK-CFS-PTRE-24,04905-FUR-KK-CFS-PTRE-24,265,FUR-KK,245,Tersedia,Bagus,0.0,inventory/ams/inventoryPhoto/1726193030Kursi_Savello_Jaring.jpeg,inventory/ams/assets/uploads/assetsre/ap/1726193030Kursi_Savello_Jaring.jpeg,LT,Aset,Corporate,10780,1,2026-05-29 14:44:52.000,2026-05-29 14:44:52.000,Warna Hitam
3507,9185,03719-FUR-KK-CFS-PTRE-24,03719-FUR-KK-CFS-PTRE-24,265,FUR-KK,245,Tersedia,Bagus,0.0,inventory/ams/inventoryPhoto/1726193024Kursi_Savello_Jaring.jpeg,inventory/ams/assets/uploads/assetsre/ap/1726193024Kursi_Savello_Jaring.jpeg,LT,Aset,Corporate,10780,1,2026-05-29 14:44:46.000,2026-05-29 14:44:46.000,Warna Hitam
3508,9186,03720-FUR-KK-CFS-PTRE-24,03720-FUR-KK-CFS-PTRE-24,265,FUR-KK,245,Tersedia,Bagus,0.0,inventory/ams/inventoryPhoto/1726193019Kursi_Savello_Jaring.jpeg,inventory/ams/assets/uploads/assetsre/ap/1726193019Kursi_Savello_Jaring.jpeg,LT,Aset,Corporate,10780,1,2026-05-29 14:44:58.000,2026-05-29 14:44:58.000,Warna Hitam
3509,9187,03721-FUR-KK-CFS-PTRE-24,03721-FUR-KK-CFS-PTRE-24,265,FUR-KK,245,Tersedia,Bagus,0.0,inventory/ams/inventoryPhoto/1726193016Kursi_Savello_Jaring.jpeg,inventory/ams/assets/uploads/assetsre/ap/1726193016Kursi_Savello_Jaring.jpeg,LT,Aset,Corporate,10780,1,2026-05-29 14:44:41.000,2026-05-29 14:44:41.000,Warna Hitam
3510,9188,03722-FUR-KK-CFS-PTRE-24,03722-FUR-KK-CFS-PTRE-24,265,FUR-KK,245,Tersedia,Bagus,0.0,inventory/ams/inventoryPhoto/1726193011Kursi_Savello_Jaring.jpeg,inventory/ams/assets/uploads/assetsre/ap/1726193011Kursi_Savello_Jaring.jpeg,LT,Aset,Corporate,10780,1,2026-05-29 14:44:35.000,2026-05-29 14:44:35.000,Warna Hitam
3511,9189,03723-FUR-KK-CFS-PTRE-24,03723-FUR-KK-CFS-PTRE-24,265,FUR-KK,245,Tersedia,Bagus,0.0,inventory/ams/inventoryPhoto/1726193007Kursi_Savello_Jaring.jpeg,inventory/ams/assets/uploads/assetsre/ap/1726193007Kursi_Savello_Jaring.jpeg,LT,Aset,Corporate,10780,1,2026-05-29 14:44:29.000,2026-05-29 14:44:29.000,Warna Hitam
3512,9190,03724-FUR-KK-CFS-PTRE-24,03724-FUR-KK-CFS-PTRE-24,265,FUR-KK,245,Tersedia,Bagus,0.0,inventory/ams/inventoryPhoto/1726193003Kursi_Savello_Jaring.jpeg,inventory/ams/assets/uploads/assetsre/ap/1726193003Kursi_Savello_Jaring.jpeg,LT,Aset,Corporate,10780,1,2026-05-29 14:44:23.000,2026-05-29 14:44:23.000,Warna Hitam
3513,9191,03725-FUR-KK-CFS-PTRE-24,03725-FUR-KK-CFS-PTRE-24,265,FUR-KK,245,Tersedia,Bagus,0.0,inventory/ams/inventoryPhoto/1726192998Kursi_Savello_Jaring.jpeg,inventory/ams/assets/uploads/assetsre/ap/1726192998Kursi_Savello_Jaring.jpeg,LT,Aset,Corporate,10780,1,2026-05-29 14:44:17.000,2026-05-29 14:44:17.000,Warna Hitam
3514,9192,03726-FUR-KK-CFS-PTRE-24,03726-FUR-KK-CFS-PTRE-24,265,FUR-KK,245,Tersedia,Bagus,0.0,inventory/ams/inventoryPhoto/1726192994Kursi_Savello_Jaring.jpeg,inventory/ams/assets/uploads/assetsre/ap/1726192994Kursi_Savello_Jaring.jpeg,LT,Aset,Corporate,10780,1,2026-05-29 14:44:12.000,2026-05-29 14:44:12.000,Warna Hitam
3515,9193,03727-FUR-KK-CFS-PTRE-24,03727-FUR-KK-CFS-PTRE-24,265,FUR-KK,245,Tersedia,Bagus,0.0,inventory/ams/inventoryPhoto/1726192990Kursi_Savello_Jaring.jpeg,inventory/ams/assets/uploads/assetsre/ap/1726192990Kursi_Savello_Jaring.jpeg,LT,Aset,Corporate,10780,1,2026-05-29 14:44:00.000,2026-05-29 14:44:00.000,Warna Hitam
3516,9194,03728-FUR-KK-CFS-PTRE-24,03728-FUR-KK-CFS-PTRE-24,265,FUR-KK,245,Tersedia,Bagus,0.0,inventory/ams/inventoryPhoto/1726192986Kursi_Savello_Jaring.jpeg,inventory/ams/assets/uploads/assetsre/ap/1726192986Kursi_Savello_Jaring.jpeg,LT,Aset,Corporate,10780,1,2026-05-29 14:44:05.000,2026-05-29 14:44:05.000,Warna Hitam
3517,9195,03729-FUR-KK-CFS-PTRE-24,03729-FUR-KK-CFS-PTRE-24,265,FUR-KK,245,Tersedia,Bagus,0.0,inventory/ams/inventoryPhoto/1726192982Kursi_Savello_Jaring.jpeg,inventory/ams/assets/uploads/assetsre/ap/1726192982Kursi_Savello_Jaring.jpeg,LT,Aset,Corporate,10780,1,2026-05-29 14:43:53.000,2026-05-29 14:43:53.000,Warna Hitam
3518,9196,03730-FUR-KK-CFS-PTRE-24,03730-FUR-KK-CFS-PTRE-24,265,FUR-KK,245,Tersedia,Bagus,0.0,inventory/ams/inventoryPhoto/1726192977Kursi_Savello_Jaring.jpeg,inventory/ams/assets/uploads/assetsre/ap/1726192977Kursi_Savello_Jaring.jpeg,LT,Aset,Corporate,10780,1,2026-05-29 14:43:47.000,2026-05-29 14:43:47.000,Warna Hitam
3519,9197,03731-FUR-KK-CFS-PTRE-24,03731-FUR-KK-CFS-PTRE-24,265,FUR-KK,245,Tersedia,Bagus,0.0,inventory/ams/inventoryPhoto/1726192974Kursi_Savello_Jaring.jpeg,inventory/ams/assets/uploads/assetsre/ap/1726192974Kursi_Savello_Jaring.jpeg,LT,Aset,Corporate,10780,1,2026-05-29 14:43:40.000,2026-05-29 14:43:40.000,Warna Hitam
3520,9198,03732-FUR-KK-CFS-PTRE-24,03732-FUR-KK-CFS-PTRE-24,265,FUR-KK,245,Tersedia,Bagus,0.0,inventory/ams/inventoryPhoto/1726192970Kursi_Savello_Jaring.jpeg,inventory/ams/assets/uploads/assetsre/ap/1726192970Kursi_Savello_Jaring.jpeg,LT,Aset,Corporate,10780,1,2026-05-29 14:43:33.000,2026-05-29 14:43:33.000,Warna Hitam
3521,9199,03733-FUR-KK-CFS-PTRE-24,03733-FUR-KK-CFS-PTRE-24,265,FUR-KK,245,Tersedia,Bagus,0.0,inventory/ams/inventoryPhoto/1726192966Kursi_Savello_Jaring.jpeg,inventory/ams/assets/uploads/assetsre/ap/1726192966Kursi_Savello_Jaring.jpeg,LT,Aset,Corporate,10780,1,2026-05-29 14:43:28.000,2026-05-29 14:43:28.000,Warna Hitam
3522,9200,03734-FUR-KK-CFS-PTRE-24,03734-FUR-KK-CFS-PTRE-24,265,FUR-KK,245,Tersedia,Bagus,0.0,inventory/ams/inventoryPhoto/1726192962Kursi_Savello_Jaring.jpeg,inventory/ams/assets/uploads/assetsre/ap/1726192962Kursi_Savello_Jaring.jpeg,LT,Aset,Corporate,10780,1,2026-05-29 14:43:22.000,2026-05-29 14:43:22.000,Warna Hitam
3523,9201,03735-FUR-KK-CFS-PTRE-24,03735-FUR-KK-CFS-PTRE-24,265,FUR-KK,245,Tersedia,Bagus,0.0,inventory/ams/inventoryPhoto/1726192958Kursi_Savello_Jaring.jpeg,inventory/ams/assets/uploads/assetsre/ap/1726192958Kursi_Savello_Jaring.jpeg,LT,Aset,Corporate,10780,1,2026-05-29 14:43:17.000,2026-05-29 14:43:17.000,Warna Hitam
3524,9202,03736-FUR-KK-CFS-PTRE-24,03736-FUR-KK-CFS-PTRE-24,265,FUR-KK,245,Tersedia,Bagus,0.0,inventory/ams/inventoryPhoto/1726192954Kursi_Savello_Jaring.jpeg,inventory/ams/assets/uploads/assetsre/ap/1726192954Kursi_Savello_Jaring.jpeg,LT,Aset,Corporate,10780,1,2026-05-29 14:43:12.000,2026-05-29 14:43:12.000,Warna Hitam
3525,9203,03737-FUR-KK-CFS-PTRE-24,03737-FUR-KK-CFS-PTRE-24,265,FUR-KK,245,Tersedia,Bagus,0.0,inventory/ams/inventoryPhoto/1726192950Kursi_Savello_Jaring.jpeg,inventory/ams/assets/uploads/assetsre/ap/1726192950Kursi_Savello_Jaring.jpeg,LT,Aset,Corporate,10780,1,2026-05-29 14:43:06.000,2026-05-29 14:43:06.000,Warna Hitam
3526,9204,03738-FUR-KK-CFS-PTRE-24,03738-FUR-KK-CFS-PTRE-24,265,FUR-KK,245,Tersedia,Bagus,0.0,inventory/ams/inventoryPhoto/1726192946Kursi_Savello_Jaring.jpeg,inventory/ams/assets/uploads/assetsre/ap/1726192946Kursi_Savello_Jaring.jpeg,LT,Aset,Corporate,10780,1,2026-05-29 14:43:00.000,2026-05-29 14:43:00.000,Warna Hitam
3527,9205,03739-FUR-KK-CFS-PTRE-24,03739-FUR-KK-CFS-PTRE-24,265,FUR-KK,245,Tersedia,Bagus,0.0,,,LT,Aset,Corporate,10780,1,2026-05-29 14:42:55.000,2026-05-29 14:42:55.000,Warna Hitam
3528,9206,03740-FUR-KK-CFS-PTRE-24,03740-FUR-KK-CFS-PTRE-24,265,FUR-KK,245,Tersedia,Bagus,0.0,inventory/ams/inventoryPhoto/1726192941Kursi_Savello_Jaring.jpeg,inventory/ams/assets/uploads/assetsre/ap/1726192941Kursi_Savello_Jaring.jpeg,LT,Aset,Corporate,10780,1,2026-05-29 14:42:42.000,2026-05-29 14:42:42.000,Warna Hitam
3529,9207,03741-FUR-KK-CFS-PTRE-24,03741-FUR-KK-CFS-PTRE-24,265,FUR-KK,245,Tersedia,Bagus,0.0,inventory/ams/inventoryPhoto/1726192935Kursi_Savello_Jaring.jpeg,inventory/ams/assets/uploads/assetsre/ap/1726192935Kursi_Savello_Jaring.jpeg,LT,Aset,Corporate,10780,1,2026-05-29 14:42:49.000,2026-05-29 14:42:49.000,Warna Hitam
3530,9208,03742-FUR-KK-CFS-PTRE-24,03742-FUR-KK-CFS-PTRE-24,265,FUR-KK,245,Tersedia,Bagus,0.0,inventory/ams/inventoryPhoto/1726192925Kursi_Savello_Jaring.jpeg,inventory/ams/assets/uploads/assetsre/ap/1726192925Kursi_Savello_Jaring.jpeg,LT,Aset,Corporate,10780,1,2026-05-29 14:42:36.000,2026-05-29 14:42:36.000,Warna Hitam
3531,9209,03743-FUR-KK-CFS-PTRE-24,03743-FUR-KK-CFS-PTRE-24,265,FUR-KK,245,Tersedia,Bagus,0.0,inventory/ams/inventoryPhoto/1726192906Kursi_Savello_Jaring.jpeg,inventory/ams/assets/uploads/assetsre/ap/1726192906Kursi_Savello_Jaring.jpeg,LT,Aset,Corporate,10780,1,2026-05-29 14:42:24.000,2026-05-29 14:42:24.000,Warna Hitam
3532,9210,03744-FUR-KK-CFS-PTRE-24,03744-FUR-KK-CFS-PTRE-24,265,FUR-KK,245,Tersedia,Bagus,0.0,inventory/ams/inventoryPhoto/1726192917Kursi_Savello_Jaring.jpeg,inventory/ams/assets/uploads/assetsre/ap/1726192917Kursi_Savello_Jaring.jpeg,LT,Aset,Corporate,10780,1,2026-05-29 14:42:30.000,2026-05-29 14:42:30.000,Warna Hitam
3533,9211,04906-FUR-KK-CFS-PTRE-24,04906-FUR-KK-CFS-PTRE-24,265,FUR-KK,245,Tersedia,Bagus,0.0,inventory/ams/inventoryPhoto/1726192893Kursi_Savello_Jaring.jpeg,inventory/ams/assets/uploads/assetsre/ap/1726192893Kursi_Savello_Jaring.jpeg,LT,Aset,Corporate,10780,1,2026-05-29 14:42:18.000,2026-05-29 14:42:18.000,Warna Hitam
3534,9212,03745-FUR-KK-CFS-PTRE-24,03745-FUR-KK-CFS-PTRE-24,265,FUR-KK,245,Tersedia,Bagus,0.0,inventory/ams/inventoryPhoto/1726192882Kursi_Savello_Jaring.jpeg,inventory/ams/assets/uploads/assetsre/ap/1726192882Kursi_Savello_Jaring.jpeg,LT,Aset,Corporate,10780,1,2026-05-29 14:42:13.000,2026-05-29 14:42:13.000,Warna Hitam
3535,9213,03746-FUR-KK-CFS-PTRE-24,03746-FUR-KK-CFS-PTRE-24,265,FUR-KK,245,Tersedia,Bagus,0.0,inventory/ams/inventoryPhoto/1726192870Kursi_Savello_Jaring.jpeg,inventory/ams/assets/uploads/assetsre/ap/1726192870Kursi_Savello_Jaring.jpeg,LT,Aset,Corporate,10780,1,2026-05-29 14:42:06.000,2026-05-29 14:42:06.000,Warna Hitam
3536,9214,03747-FUR-KK-CFS-PTRE-24,03747-FUR-KK-CFS-PTRE-24,265,FUR-KK,245,Tersedia,Bagus,0.0,inventory/ams/inventoryPhoto/1726192860Kursi_Savello_Jaring.jpeg,inventory/ams/assets/uploads/assetsre/ap/1726192860Kursi_Savello_Jaring.jpeg,LT,Aset,Corporate,10780,1,2026-05-29 14:42:00.000,2026-05-29 14:42:00.000,Warna Hitam
3537,9215,03748-FUR-KK-CFS-PTRE-24,03748-FUR-KK-CFS-PTRE-24,265,FUR-KK,245,Tersedia,Bagus,0.0,inventory/ams/inventoryPhoto/1726192850Kursi_Savello_Jaring.jpeg,inventory/ams/assets/uploads/assetsre/ap/1726192850Kursi_Savello_Jaring.jpeg,LT,Aset,Corporate,10780,1,2026-05-29 14:41:54.000,2026-05-29 14:41:54.000,Warna Hitam
3538,9216,03749-FUR-KK-CFS-PTRE-24,03749-FUR-KK-CFS-PTRE-24,265,FUR-KK,245,Tersedia,Bagus,0.0,inventory/ams/inventoryPhoto/1726192840Kursi_Savello_Jaring.jpeg,inventory/ams/assets/uploads/assetsre/ap/1726192840Kursi_Savello_Jaring.jpeg,LT,Aset,Corporate,10780,1,2026-05-29 14:41:48.000,2026-05-29 14:41:48.000,Warna Hitam
3539,9244,04657-FUR-KK-CFS-PTRE-25,04657-FUR-KK-CFS-PTRE-25,268,FUR-KK,240,Tersedia,Bagus,0.0,inventory/ams/inventoryPhoto/1726539199Kursi_tamu_Hitam.jpeg,inventory/ams/assets/uploads/assetsre/ap/1726539199Kursi_tamu_Hitam.jpeg,LT,Aset,Corporate,10780,1,2025-02-07 10:21:40.000,2025-02-07 10:21:40.000,Warna Hitam
3540,9250,03783-FUR-KK-CFS-PTRE-24,03783-FUR-KK-CFS-PTRE-24,265,FUR-KK,94,Tersedia,Bagus,0.0,inventory/ams/inventoryPhoto/1726192809Kursi_Savello_Jaring.jpeg,inventory/ams/assets/uploads/assetsre/ap/1726192809Kursi_Savello_Jaring.jpeg,LT,Aset,Corporate,,1,2025-03-11 11:06:45.000,2025-03-11 11:06:45.000,Warna Hitam
3541,9270,03803-FUR-KK-CFS-PTRE-24,03803-FUR-KK-CFS-PTRE-24,269,FUR-KK,223,Tersedia,Bagus,0.0,inventory/ams/inventoryPhoto/1726192782Kursi_Savello_Jaring.jpeg,inventory/ams/assets/uploads/assetsre/ap/1726192782Kursi_Savello_Jaring.jpeg,LT,Aset,Corporate,10780,1,2026-01-19 18:23:07.000,2026-01-19 18:23:07.000,Warna Coklat
3542,9271,03804-FUR-KK-CFS-PTRE-24,03804-FUR-KK-CFS-PTRE-24,265,FUR-KK,221,Tersedia,Bagus,0.0,inventory/ams/inventoryPhoto/1726190657Kursi_Savello_Jaring.jpeg,inventory/ams/assets/uploads/assetsre/ap/1726190657Kursi_Savello_Jaring.jpeg,LT,Aset,Corporate,,1,2025-03-11 11:06:23.000,2025-03-11 11:06:23.000,Warna Hitam
3543,9272,03805-FUR-KK-CFS-PTRE-24,03805-FUR-KK-CFS-PTRE-24,265,FUR-KK,221,Tersedia,Bagus,0.0,inventory/ams/inventoryPhoto/1726190639Kursi_Savello_Jaring.jpeg,inventory/ams/assets/uploads/assetsre/ap/1726190639Kursi_Savello_Jaring.jpeg,LT,Aset,Corporate,,1,2025-03-11 11:05:43.000,2025-03-11 11:05:43.000,Warna Hitam
3544,9285,03818-FUR-KK-CFS-PTRE-24,03818-FUR-KK-CFS-PTRE-24,269,FUR-KK,137,Tersedia,Bagus,0.0,inventory/ams/inventoryPhoto/1739346986kursi_Coklat.jpeg,inventory/ams/assets/uploads/assetsre/ap/1739346986kursi_Coklat.jpeg,LT,Aset,Corporate,10780,1,2026-01-19 14:54:29.000,2026-01-19 14:54:29.000,Warna Coklat
3545,9286,03819-FUR-KK-CFS-PTRE-24,03819-FUR-KK-CFS-PTRE-24,269,FUR-KK,244,Tersedia,Bagus,0.0,inventory/ams/inventoryPhoto/1739346998kursi_Coklat.jpeg,inventory/ams/assets/uploads/assetsre/ap/1739346998kursi_Coklat.jpeg,LT,Aset,Corporate,10780,1,2025-02-12 14:56:38.000,2025-02-12 14:56:38.000,Warna Coklat
3546,9287,03820-FUR-KK-CFS-PTRE-24,03820-FUR-KK-CFS-PTRE-24,269,FUR-KK,244,Tersedia,Bagus,0.0,inventory/ams/inventoryPhoto/1739347004kursi_Coklat.jpeg,inventory/ams/assets/uploads/assetsre/ap/1739347004kursi_Coklat.jpeg,LT,Aset,Corporate,10780,1,2025-02-12 14:56:44.000,2025-02-12 14:56:44.000,Warna Coklat
3547,9288,03821-FUR-KK-CFS-PTRE-24,03821-FUR-KK-CFS-PTRE-24,269,FUR-KK,137,Tersedia,Bagus,0.0,inventory/ams/inventoryPhoto/1739347014kursi_Coklat.jpeg,inventory/ams/assets/uploads/assetsre/ap/1739347014kursi_Coklat.jpeg,LT,Aset,Corporate,10780,1,2026-01-19 14:54:54.000,2026-01-19 14:54:54.000,Warna Coklat
3548,9324,03857-FUR-KK-CFS-PTRE-24,03857-FUR-KK-CFS-PTRE-24,279,FUR-KK,148,Tersedia,Bagus,0.0,inventory/ams/inventoryPhoto/1726211235Kursi_Pantry.jpeg,inventory/ams/assets/uploads/assetsre/ap/1726211235Kursi_Pantry.jpeg,LT,Aset,Corporate,,1,2024-09-13 14:07:15.000,2024-09-13 14:07:15.000,Warna Hitam
3549,9335,03868-FUR-KK-CFS-PTRE-24,03868-FUR-KK-CFS-PTRE-24,268,FUR-KK,151,Tersedia,Bagus,0.0,inventory/ams/inventoryPhoto/1726190622Kursi_Savello_Jaring.jpeg,inventory/ams/assets/uploads/assetsre/ap/1726190622Kursi_Savello_Jaring.jpeg,LT,Aset,Corporate,,1,2024-09-13 08:23:42.000,2024-09-13 08:23:42.000,Warna Hitam
3550,9336,03869-FUR-KK-CFS-PTRE-24,03869-FUR-KK-CFS-PTRE-24,268,FUR-KK,151,Tersedia,Bagus,0.0,inventory/ams/inventoryPhoto/1726053392Kursi_Savello_Jaring.jpeg,inventory/ams/assets/uploads/assetsre/ap/1726053392Kursi_Savello_Jaring.jpeg,LT,Aset,Corporate,,1,2024-09-11 18:16:32.000,2024-09-11 18:16:32.000,Warna Hitam
3551,9355,03888-FUR-KK-CFS-PTRE-24,03888-FUR-KK-CFS-PTRE-24,284,FUR-KK,155,Tersedia,Bagus,0.0,,,LT,Aset,Corporate,,1,2024-08-05 13:21:00.000,2024-08-05 13:21:00.000,Warna Hitam
3552,9356,03889-FUR-KK-CFS-PTRE-24,03889-FUR-KK-CFS-PTRE-24,268,FUR-KK,155,Tersedia,Bagus,0.0,inventory/ams/inventoryPhoto/1726053368Kursi_Savello_Jaring.jpeg,inventory/ams/assets/uploads/assetsre/ap/1726053368Kursi_Savello_Jaring.jpeg,LT,Aset,Corporate,,1,2024-09-11 18:16:08.000,2024-09-11 18:16:08.000,Warna Hitam
3553,9357,03890-FUR-KK-CFS-PTRE-24,03890-FUR-KK-CFS-PTRE-24,268,FUR-KK,155,Tersedia,Bagus,0.0,inventory/ams/inventoryPhoto/1726053355Kursi_Savello_Jaring.jpeg,inventory/ams/assets/uploads/assetsre/ap/1726053355Kursi_Savello_Jaring.jpeg,LT,Aset,Corporate,,1,2024-09-11 18:15:55.000,2024-09-11 18:15:55.000,Warna Hitam
3554,9358,03891-FUR-KK-CFS-PTRE-24,03891-FUR-KK-CFS-PTRE-24,268,FUR-KK,155,Tersedia,Bagus,0.0,inventory/ams/inventoryPhoto/1726053332Kursi_Savello_Jaring.jpeg,inventory/ams/assets/uploads/assetsre/ap/1726053332Kursi_Savello_Jaring.jpeg,LT,Aset,Corporate,,1,2024-09-11 18:15:32.000,2024-09-11 18:15:32.000,Warna Hitam
3555,9359,03892-FUR-KK-CFS-PTRE-24,03892-FUR-KK-CFS-PTRE-24,268,FUR-KK,155,Tersedia,Bagus,0.0,inventory/ams/inventoryPhoto/1726053317Kursi_Savello_Jaring.jpeg,inventory/ams/assets/uploads/assetsre/ap/1726053317Kursi_Savello_Jaring.jpeg,LT,Aset,Corporate,,1,2024-09-11 18:15:17.000,2024-09-11 18:15:17.000,Warna Hitam
3556,9360,03893-FUR-KK-CFS-PTRE-24,03893-FUR-KK-CFS-PTRE-24,268,FUR-KK,155,Tersedia,Bagus,0.0,inventory/ams/inventoryPhoto/1726053305Kursi_Savello_Jaring.jpeg,inventory/ams/assets/uploads/assetsre/ap/1726053305Kursi_Savello_Jaring.jpeg,LT,Aset,Corporate,,1,2024-09-11 18:15:05.000,2024-09-11 18:15:05.000,Warna Hitam
3557,9361,03894-FUR-KK-CFS-PTRE-24,03894-FUR-KK-CFS-PTRE-24,268,FUR-KK,155,Tersedia,Bagus,0.0,inventory/ams/inventoryPhoto/1726053293Kursi_Savello_Jaring.jpeg,inventory/ams/assets/uploads/assetsre/ap/1726053293Kursi_Savello_Jaring.jpeg,LT,Aset,Corporate,,1,2024-09-11 18:14:53.000,2024-09-11 18:14:53.000,Warna Hitam
3558,9398,03936-FUR-KK-CFS-PTRE-24,03936-FUR-KK-CFS-PTRE-24,269,FUR-KK,138,Tersedia,Bagus,0.0,,,LT,Aset,Corporate,10780,1,2026-05-29 15:26:03.000,2026-05-29 15:26:03.000,Warna Coklat
3559,9403,03941-FUR-KK-CFS-PTRE-24,03941-FUR-KK-CFS-PTRE-24,269,FUR-KK,138,Tersedia,Bagus,0.0,inventory/ams/inventoryPhoto/1726053253Kursi_Savello_Jaring.jpeg,inventory/ams/assets/uploads/assetsre/ap/1726053253Kursi_Savello_Jaring.jpeg,LT,Aset,Corporate,10780,1,2026-05-29 15:25:32.000,2026-05-29 15:25:32.000,Warna Coklat
3560,9404,03942-FUR-KK-CFS-PTRE-24,03942-FUR-KK-CFS-PTRE-24,269,FUR-KK,138,Tersedia,Bagus,0.0,inventory/ams/inventoryPhoto/1726053238Kursi_Savello_Jaring.jpeg,inventory/ams/assets/uploads/assetsre/ap/1726053238Kursi_Savello_Jaring.jpeg,LT,Aset,Corporate,10780,1,2026-05-29 15:25:12.000,2026-05-29 15:25:12.000,Warna Coklat
3561,9405,03943-FUR-KK-CFS-PTRE-24,03943-FUR-KK-CFS-PTRE-24,268,FUR-KK,157,Tersedia,Bagus,0.0,inventory/ams/inventoryPhoto/1726053274Kursi_Savello_Jaring.jpeg,inventory/ams/assets/uploads/assetsre/ap/1726053274Kursi_Savello_Jaring.jpeg,LT,Aset,Corporate,,1,2024-09-11 18:14:34.000,2024-09-11 18:14:34.000,Warna Hitam
3562,9406,03944-FUR-KK-CFS-PTRE-24,03944-FUR-KK-CFS-PTRE-24,268,FUR-KK,157,Tersedia,Bagus,0.0,inventory/ams/inventoryPhoto/1726053226Kursi_Savello_Jaring.jpeg,inventory/ams/assets/uploads/assetsre/ap/1726053226Kursi_Savello_Jaring.jpeg,LT,Aset,Corporate,,1,2024-09-11 18:13:46.000,2024-09-11 18:13:46.000,Warna Hitam
3563,9407,03945-FUR-KK-CFS-PTRE-24,03945-FUR-KK-CFS-PTRE-24,268,FUR-KK,157,Tersedia,Bagus,0.0,inventory/ams/inventoryPhoto/1726053212Kursi_Savello_Jaring.jpeg,inventory/ams/assets/uploads/assetsre/ap/1726053212Kursi_Savello_Jaring.jpeg,LT,Aset,Corporate,,1,2024-09-11 18:13:32.000,2024-09-11 18:13:32.000,Warna Hitam
3564,9420,03960-FUR-KK-CFS-PTRE-24,03960-FUR-KK-CFS-PTRE-24,271,FUR-KK,173,Tersedia,Bagus,0.0,inventory/ams/inventoryPhoto/1739505860kursi_Coklat.jpeg,inventory/ams/assets/uploads/assetsre/ap/1739505860kursi_Coklat.jpeg,LT,Aset,Corporate,10780,1,2025-02-14 11:04:20.000,2025-02-14 11:04:20.000,Warna Abu-Abu
3565,9442,03984-FUR-KK-CFS-PTRE-24,03984-FUR-KK-CFS-PTRE-24,267,FUR-KK,104,Tersedia,Bagus,0.0,inventory/ams/inventoryPhoto/1726053089WhatsApp_Image_2024-09-11_at_11_39_29.jpeg,inventory/ams/assets/uploads/assetsre/ap/1726053089WhatsApp_Image_2024-09-11_at_11_39_29.jpeg,LT,Aset,Corporate,,1,2024-09-11 18:11:29.000,2024-09-11 18:11:29.000,Warna Abu-Abu
3566,9443,03985-FUR-KK-CFS-PTRE-24,03985-FUR-KK-CFS-PTRE-24,267,FUR-KK,104,Tersedia,Bagus,0.0,inventory/ams/inventoryPhoto/17260457441.png,inventory/ams/assets/uploads/assetsre/ap/17260457441.png,LT,Aset,Corporate,,1,2024-09-11 16:09:04.000,2024-09-11 16:09:04.000,Warna Abu-Abu
3567,10616,04614-FUR-KK-CFS-PTRE-25,04614-FUR-KK-CFS-PTRE-25,272,FUR-KK,174,Tidak Aktif,Bagus,0.0,inventory/ams/inventoryPhoto/1737539794kursi_Coklat.jpeg,inventory/ams/assets/uploads/assetsre/ap/1737539794kursi_Coklat.jpeg,LT,Aset,Corporate,10604,1,2026-06-07 21:27:35.000,2026-06-07 21:27:35.000,Warna Coklat
3568,10617,04615-FUR-KK-CFS-PTRE-25,04615-FUR-KK-CFS-PTRE-25,272,FUR-KK,174,Tidak Aktif,Bagus,0.0,inventory/ams/inventoryPhoto/1737539847kursi_Coklat.jpeg,inventory/ams/assets/uploads/assetsre/ap/1737539847kursi_Coklat.jpeg,LT,Aset,Corporate,10604,1,2026-06-07 21:27:26.000,2026-06-07 21:27:26.000,Warna Coklat
3569,10618,04616-FUR-KK-CFS-PTRE-14,04616-FUR-KK-CFS-PTRE-14,272,FUR-KK,174,Tersedia,Bagus,0.0,inventory/ams/inventoryPhoto/1737539906kursi_Coklat.jpeg,inventory/ams/assets/uploads/assetsre/ap/1737539906kursi_Coklat.jpeg,LT,Aset,Corporate,10604,2,2026-06-07 21:27:14.000,2026-06-07 21:27:14.000,Warna Coklat
3570,10619,04617-FUR-KK-CFS-PTRE-25,04617-FUR-KK-CFS-PTRE-25,265,FUR-KK,221,Tersedia,Bagus,0.0,inventory/ams/inventoryPhoto/1737544579Kursi_Savello_Jaring.jpeg,inventory/ams/assets/uploads/assetsre/ap/1737544579Kursi_Savello_Jaring.jpeg,LT,Aset,Corporate,,1,2025-01-31 09:58:25.000,2025-01-31 09:58:25.000,Warna Hitam
3571,10620,04618-FUR-KK-CFS-PTRE-25,04618-COMP-NB-CFS-PTRE-25,265,FUR-KK,221,Tersedia,Bagus,0.0,inventory/ams/inventoryPhoto/1737544615Kursi_Savello_Jaring.jpeg,inventory/ams/assets/uploads/assetsre/ap/1737544615Kursi_Savello_Jaring.jpeg,LT,Aset,Corporate,,1,2025-01-31 09:58:16.000,2025-01-31 09:58:16.000,Warna Hitam
3572,10621,04619-FUR-KK-CFS-PTRE-25,04619-FUR-KK-CFS-PTRE-25,265,FUR-KK,221,Tersedia,Bagus,0.0,inventory/ams/inventoryPhoto/1737544680Kursi_Savello_Jaring.jpeg,inventory/ams/assets/uploads/assetsre/ap/1737544680Kursi_Savello_Jaring.jpeg,LT,Aset,Corporate,,1,2025-01-31 09:57:54.000,2025-01-31 09:57:54.000,Warna Hitam
3573,10622,04620-FUR-KK-CFS-PTRE-25,04620-FUR-KK-CFS-PTRE-25,269,FUR-KK,241,Tersedia,Bagus,0.0,inventory/ams/inventoryPhoto/1741919448kursi_Coklat.jpeg,inventory/ams/assets/uploads/assetsre/ap/1741919448kursi_Coklat.jpeg,LT,Aset,Corporate,10780,1,2026-06-03 14:26:07.000,2026-06-03 14:26:07.000,Warna Coklat
3574,10626,04624-FUR-KK-CFS-PTRE-25,04624-FUR-KK-CFS-PTRE-25,269,FUR-KK,241,Tersedia,Bagus,0.0,inventory/ams/inventoryPhoto/1737545037kursi_Coklat.jpeg,inventory/ams/assets/uploads/assetsre/ap/1737545037kursi_Coklat.jpeg,LT,Aset,Corporate,10780,1,2026-06-03 14:25:57.000,2026-06-03 14:25:57.000,Warna Coklat
3575,10628,04626-FUR-KK-CFS-PTRE-25,04626-FUR-KK-CFS-PTRE-25,269,FUR-KK,241,Tersedia,Bagus,0.0,inventory/ams/inventoryPhoto/1737545131kursi_Coklat.jpeg,inventory/ams/assets/uploads/assetsre/ap/1737545131kursi_Coklat.jpeg,LT,Aset,Corporate,10780,1,2026-06-03 14:25:51.000,2026-06-03 14:25:51.000,Warna Coklat
3576,10629,04627-FUR-KK-CFS-PTRE-25,04627-FUR-KK-CFS-PTRE-25,269,FUR-KK,241,Tersedia,Bagus,0.0,inventory/ams/inventoryPhoto/1737545233kursi_Coklat.jpeg,inventory/ams/assets/uploads/assetsre/ap/1737545233kursi_Coklat.jpeg,LT,Aset,Corporate,10780,1,2026-06-03 14:25:41.000,2026-06-03 14:25:41.000,Warna Coklat
3577,10630,04628-FUR-KK-CFS-PTRE-25,04628-FUR-KK-CFS-PTRE-25,269,FUR-KK,241,Tersedia,Bagus,0.0,inventory/ams/inventoryPhoto/1737545276kursi_Coklat.jpeg,inventory/ams/assets/uploads/assetsre/ap/1737545276kursi_Coklat.jpeg,LT,Aset,Corporate,10780,1,2026-06-03 14:25:30.000,2026-06-03 14:25:30.000,Warna Coklat
3578,10631,04629-FUR-KK-CFS-PTRE-25,04629-FUR-KK-CFS-PTRE-25,269,FUR-KK,241,Tersedia,Bagus,0.0,inventory/ams/inventoryPhoto/1737545335kursi_Coklat.jpeg,inventory/ams/assets/uploads/assetsre/ap/1737545335kursi_Coklat.jpeg,LT,Aset,Corporate,10780,1,2026-06-03 14:25:21.000,2026-06-03 14:25:21.000,Warna Coklat
3579,10632,04630-FUR-KK-CFS-PTRE-25,04630-FUR-KK-CFS-PTRE-25,269,FUR-KK,241,Tersedia,Bagus,0.0,inventory/ams/inventoryPhoto/1737545375kursi_Coklat.jpeg,inventory/ams/assets/uploads/assetsre/ap/1737545375kursi_Coklat.jpeg,LT,Aset,Corporate,10780,1,2026-06-03 14:25:12.000,2026-06-03 14:25:12.000,Warna Coklat
3580,10633,04631-FUR-KK-CFS-PTRE-25,04631-FUR-KK-CFS-PTRE-25,269,FUR-KK,221,Tersedia,Bagus,0.0,inventory/ams/inventoryPhoto/1737545421kursi_Coklat.jpeg,inventory/ams/assets/uploads/assetsre/ap/1737545421kursi_Coklat.jpeg,LT,Aset,Corporate,10780,1,2026-05-31 18:13:54.000,2026-05-31 18:13:54.000,Warna Coklat
3581,10636,04633-FUR-KK-CFS-PTRE-25,04633-FUR-KK-CFS-PTRE-25,269,FUR-KK,223,Tersedia,Bagus,0.0,inventory/ams/inventoryPhoto/1738233743kursi_Coklat.jpeg,inventory/ams/assets/uploads/assetsre/ap/1738233743kursi_Coklat.jpeg,LT,Aset,Corporate,10780,1,2025-03-18 14:03:02.000,2025-03-18 14:03:02.000,Warna Coklat
3582,10637,04634-FUR-KK-CFS-PTRE-25,04634-FUR-KK-CFS-PTRE-25,269,FUR-KK,221,Tersedia,Bagus,0.0,inventory/ams/inventoryPhoto/1738233774kursi_Coklat.jpeg,inventory/ams/assets/uploads/assetsre/ap/1738233774kursi_Coklat.jpeg,LT,Aset,Corporate,10780,1,2026-05-31 18:13:46.000,2026-05-31 18:13:46.000,Warna Coklat
3583,10638,04635-FUR-KK-CFS-PTRE-25,04635-FUR-KK-CFS-PTRE-25,269,FUR-KK,244,Tersedia,Bagus,0.0,inventory/ams/inventoryPhoto/1738292106kursi_Coklat.jpeg,inventory/ams/assets/uploads/assetsre/ap/1738292106kursi_Coklat.jpeg,LT,Aset,Corporate,10780,1,2026-05-29 14:00:43.000,2026-05-29 14:00:43.000,Warna Coklat
3584,10639,04676-FUR-KK-CFS-PTRE-25,04676-FUR-KK-CFS-PTRE-25,269,FUR-KK,244,Tersedia,Bagus,0.0,inventory/ams/inventoryPhoto/1738292145kursi_Coklat.jpeg,inventory/ams/assets/uploads/assetsre/ap/1738292145kursi_Coklat.jpeg,LT,Aset,Corporate,10780,1,2026-05-29 14:00:27.000,2026-05-29 14:00:27.000,Warna Coklat
3585,10640,04675-FUR-KK-CFS-PTRE-25,04675-FUR-KK-CFS-PTRE-25,269,FUR-KK,244,Tersedia,Bagus,0.0,inventory/ams/inventoryPhoto/1738292176kursi_Coklat.jpeg,inventory/ams/assets/uploads/assetsre/ap/1738292176kursi_Coklat.jpeg,LT,Aset,Corporate,10780,1,2026-05-29 14:00:15.000,2026-05-29 14:00:15.000,Warna Coklat
3586,10661,04689-FUR-KK-CFS-PTRE-25,04689-FUR-KK-CFS-PTRE-25,265,FUR-KK,225,Tersedia,Bagus,0.0,inventory/ams/inventoryPhoto/1739413701Kursi_Savello_Jaring.jpeg,inventory/ams/assets/uploads/assetsre/ap/1739413701Kursi_Savello_Jaring.jpeg,LT,Aset,Corporate,,1,2025-02-13 09:30:18.000,2025-02-13 09:30:18.000,Warna Hitam
3587,10662,04690-FUR-KK-CFS-PTRE-25,04690-FUR-KK-CFS-PTRE-25,265,FUR-KK,225,Tersedia,Bagus,0.0,inventory/ams/inventoryPhoto/1739413734Kursi_Savello_Jaring.jpeg,inventory/ams/assets/uploads/assetsre/ap/1739413734Kursi_Savello_Jaring.jpeg,LT,Aset,Corporate,,1,2025-02-13 09:28:54.000,2025-02-13 09:28:54.000,Warna Hitam
3588,10663,04691-FUR-KK-CFS-PTRE-25,04691-FUR-KK-CFS-PTRE-25,265,FUR-KK,225,Tersedia,Bagus,0.0,inventory/ams/inventoryPhoto/1739413769Kursi_Savello_Jaring.jpeg,inventory/ams/assets/uploads/assetsre/ap/1739413769Kursi_Savello_Jaring.jpeg,LT,Aset,Corporate,,1,2025-02-13 09:30:09.000,2025-02-13 09:30:09.000,Warna Hitam
3589,10664,04692-FUR-KK-CFS-PTRE-25,04692-FUR-KK-CFS-PTRE-25,274,FUR-KK,225,Tersedia,Bagus,0.0,,,LT,Aset,Corporate,10780,1,2026-06-07 18:13:48.000,2026-06-07 18:13:48.000,Warna Hitam
3590,10676,04706-FUR-KK-CFS-PTRE-25,04706-FUR-KK-CFS-PTRE-25,269,FUR-KK,174,Tidak Aktif,Bagus,0.0,inventory/ams/inventoryPhoto/1739516590kursi_cokelat_jaring.jpeg,inventory/ams/assets/uploads/assetsre/ap/1739516590kursi_cokelat_jaring.jpeg,LT,Aset,Corporate,10604,1,2026-06-07 21:26:54.000,2026-06-07 21:26:54.000,Warna Coklat
3591,10680,04711-FUR-KK-CFS-PTRE-25,04711-FUR-KK-CFS-PTRE-25,265,FUR-KK,121,Tersedia,Bagus,0.0,,,LT,Aset,Corporate,,1,2025-02-14 15:20:39.000,2025-02-14 15:20:39.000,Warna Hitam
3592,10681,04712-FUR-KK-CFS-PTRE-25,04712-FUR-KK-CFS-PTRE-25,265,FUR-KK,121,Tersedia,Bagus,0.0,,,LT,Aset,Corporate,,1,2025-02-14 15:21:28.000,2025-02-14 15:21:28.000,Warna Hitam
3593,10683,04714-FUR-KK-CFS-PTRE-25,04714-FUR-KK-CFS-PTRE-25,265,FUR-KK,121,Tersedia,Bagus,0.0,,,LT,Aset,Corporate,,1,2025-04-25 10:15:44.000,2025-04-25 10:15:44.000,Warna Hitam
3594,10686,04717-FUR-KK-CFS-PTRE-25,04717-FUR-KK-CFS-PTRE-25,265,FUR-KK,241,Tersedia,Bagus,0.0,inventory/ams/inventoryPhoto/1740540503Kursi_Savello_Jaring.jpeg,inventory/ams/assets/uploads/assetsre/ap/1740540503Kursi_Savello_Jaring.jpeg,LT,Inventaris,Corporate,10780,1,2026-09-03 10:25:34.000,2026-09-03 10:25:34.000,Warna Hitam
3595,10687,04718-FUR-KK-CFS-PTRE-25,04718-FUR-KK-CFS-PTRE-25,265,FUR-KK,238,Tersedia,Bagus,0.0,inventory/ams/inventoryPhoto/1740540556Kursi_Savello_Jaring.jpeg,inventory/ams/assets/uploads/assetsre/ap/1740540556Kursi_Savello_Jaring.jpeg,LT,Aset,Corporate,,1,2025-02-26 10:29:16.000,2025-02-26 10:29:16.000,Warna Hitam
3596,10693,04725-FUR-KK-CFS-PTRE-25,04725-FUR-KK-CFS-PTRE-25,265,FUR-KK,117,Tersedia,Bagus,0.0,inventory/ams/inventoryPhoto/1741577030Kursi_Savello_Jaring.jpeg,inventory/ams/assets/uploads/assetsre/ap/1741577030Kursi_Savello_Jaring.jpeg,LT,Aset,Corporate,,1,2025-03-10 10:23:51.000,2025-03-10 10:23:51.000,Warna Hitam
3597,10694,04726-FUR-KK-CFS-PTRE-25,04726-FUR-KK-CFS-PTRE-25,265,FUR-KK,117,Tersedia,Bagus,0.0,inventory/ams/inventoryPhoto/1741577057Kursi_Savello_Jaring.jpeg,inventory/ams/assets/uploads/assetsre/ap/1741577057Kursi_Savello_Jaring.jpeg,LT,Aset,Corporate,,1,2025-03-10 10:24:17.000,2025-03-10 10:24:17.000,Warna Hitam
3598,10696,04728-FUR-KK-CFS-PTRE-25,04728-FUR-KK-CFS-PTRE-25,265,FUR-KK,236,Tersedia,Bagus,0.0,inventory/ams/inventoryPhoto/1741742951kursi_kerja_uno.jpeg,inventory/ams/assets/uploads/assetsre/ap/1741742951kursi_kerja_uno.jpeg,LT,Aset,Corporate,,1,2025-03-12 08:29:11.000,2025-03-12 08:29:11.000,Warna Hitam
3599,10722,04744-FUR-KK-CFS-PTRE-25,04744-FUR-KK-CFS-PTRE-25,288,FUR-KK,121,Tersedia,Bagus,0.0,inventory/ams/inventoryPhoto/1744343605Kursi_Inco.jpeg,inventory/ams/assets/uploads/assetsre/ap/1744343605Kursi_Inco.jpeg,LT,Aset,Corporate,,1,2025-04-25 10:15:03.000,2025-04-25 10:15:03.000,Warna Hitam
3600,10723,04745-FUR-KK-CFS-PTRE-25,04745-FUR-KK-CFS-PTRE-25,288,FUR-KK,121,Tersedia,Bagus,0.0,inventory/ams/inventoryPhoto/1744343588Kursi_Inco.jpeg,inventory/ams/assets/uploads/assetsre/ap/1744343588Kursi_Inco.jpeg,LT,Aset,Corporate,,1,2025-04-25 10:14:48.000,2025-04-25 10:14:48.000,Warna Hitam
3601,10724,04746-FUR-KK-CFS-PTRE-25,04746-FUR-KK-CFS-PTRE-25,288,FUR-KK,121,Tersedia,Bagus,0.0,inventory/ams/inventoryPhoto/1744343580Kursi_Inco.jpeg,inventory/ams/assets/uploads/assetsre/ap/1744343580Kursi_Inco.jpeg,LT,Aset,Corporate,,1,2025-04-25 10:14:40.000,2025-04-25 10:14:40.000,Warna Hitam
3602,10725,04747-FUR-KK-CFS-PTRE-25,04747-FUR-KK-CFS-PTRE-25,288,FUR-KK,121,Tersedia,Bagus,0.0,inventory/ams/inventoryPhoto/1744343548Kursi_Inco.jpeg,inventory/ams/assets/uploads/assetsre/ap/1744343548Kursi_Inco.jpeg,LT,Aset,Corporate,,1,2025-04-25 10:15:09.000,2025-04-25 10:15:09.000,Warna Hitam
3603,10726,04748-FUR-KK-CFS-PTRE-25,04748-FUR-KK-CFS-PTRE-25,288,FUR-KK,121,Tersedia,Bagus,0.0,inventory/ams/inventoryPhoto/1744343564Kursi_Inco.jpeg,inventory/ams/assets/uploads/assetsre/ap/1744343564Kursi_Inco.jpeg,LT,Aset,Corporate,,1,2025-04-25 10:14:31.000,2025-04-25 10:14:31.000,Warna Hitam
3604,10727,04749-FUR-KK-CFS-PTRE-25,04749-FUR-KK-CFS-PTRE-25,288,FUR-KK,121,Tersedia,Bagus,0.0,inventory/ams/inventoryPhoto/1744343537Kursi_Inco.jpeg,inventory/ams/assets/uploads/assetsre/ap/1744343537Kursi_Inco.jpeg,LT,Aset,Corporate,,1,2025-04-25 10:14:55.000,2025-04-25 10:14:55.000,Warna Hitam
3605,10728,04750-FUR-KK-CFS-PTRE-25,04750-FUR-KK-CFS-PTRE-25,288,FUR-KK,121,Tersedia,Bagus,0.0,inventory/ams/inventoryPhoto/1744343529Kursi_Inco.jpeg,inventory/ams/assets/uploads/assetsre/ap/1744343529Kursi_Inco.jpeg,LT,Aset,Corporate,,1,2025-04-25 10:14:11.000,2025-04-25 10:14:11.000,Warna Hitam
3606,10729,04751-FUR-KK-CFS-PTRE-25,04751-FUR-KK-CFS-PTRE-25,288,FUR-KK,121,Tersedia,Bagus,0.0,inventory/ams/inventoryPhoto/1744343514Kursi_Inco.jpeg,inventory/ams/assets/uploads/assetsre/ap/1744343514Kursi_Inco.jpeg,LT,Aset,Corporate,,1,2025-04-25 10:14:18.000,2025-04-25 10:14:18.000,Warna Hitam
3607,10730,04752-FUR-KK-CFS-PTRE-25,04752-FUR-KK-CFS-PTRE-25,288,FUR-KK,121,Tersedia,Bagus,0.0,inventory/ams/inventoryPhoto/1744343499Kursi_Inco.jpeg,inventory/ams/assets/uploads/assetsre/ap/1744343499Kursi_Inco.jpeg,LT,Aset,Corporate,,1,2025-04-25 10:14:01.000,2025-04-25 10:14:01.000,Warna Hitam
3608,10731,04753-FUR-KK-CFS-PTRE-25,04753-FUR-KK-CFS-PTRE-25,288,FUR-KK,121,Tersedia,Bagus,0.0,inventory/ams/inventoryPhoto/1744343476Kursi_Inco.jpeg,inventory/ams/assets/uploads/assetsre/ap/1744343476Kursi_Inco.jpeg,LT,Aset,Corporate,,1,2025-04-25 10:13:48.000,2025-04-25 10:13:48.000,Warna Hitam
3609,10745,04763-FUR-KK-CFS-PTRE-25,04763-FUR-KK-CFS-PTRE-25,288,FUR-KK,121,Tersedia,Bagus,0.0,inventory/ams/inventoryPhoto/1746436048Kursi_Inco.jpeg,inventory/ams/assets/uploads/assetsre/ap/1746436048Kursi_Inco.jpeg,LT,Aset,Corporate,,1,2025-05-26 14:44:09.000,2025-05-26 14:44:09.000,Warna Hitam
3610,10746,04764-FUR-KK-CFS-PTRE-25,04764-FUR-KK-CFS-PTRE-25,288,FUR-KK,121,Tersedia,Bagus,0.0,inventory/ams/inventoryPhoto/1746436088Kursi_Inco.jpeg,inventory/ams/assets/uploads/assetsre/ap/1746436088Kursi_Inco.jpeg,LT,Aset,Corporate,,1,2025-05-26 14:44:00.000,2025-05-26 14:44:00.000,Warna Hitam
3611,10747,04765-FUR-KK-CFS-PTRE-25,04765-FUR-KK-CFS-PTRE-25,288,FUR-KK,121,Tersedia,Bagus,0.0,inventory/ams/inventoryPhoto/1746436122Kursi_Inco.jpeg,inventory/ams/assets/uploads/assetsre/ap/1746436122Kursi_Inco.jpeg,LT,Aset,Corporate,,1,2025-05-26 14:43:45.000,2025-05-26 14:43:45.000,Warna Hitam
3612,10748,04766-FUR-KK-CFS-PTRE-25,04766-FUR-KK-CFS-PTRE-25,288,FUR-KK,121,Tersedia,Bagus,0.0,inventory/ams/inventoryPhoto/1746436143Kursi_Inco.jpeg,inventory/ams/assets/uploads/assetsre/ap/1746436143Kursi_Inco.jpeg,LT,Aset,Corporate,,1,2025-05-26 14:43:38.000,2025-05-26 14:43:38.000,Warna Hitam
3613,10749,04767-FUR-KK-CFS-PTRE-25,04767-FUR-KK-CFS-PTRE-25,288,FUR-KK,121,Tersedia,Bagus,0.0,inventory/ams/inventoryPhoto/1746436183Kursi_Inco.jpeg,inventory/ams/assets/uploads/assetsre/ap/1746436183Kursi_Inco.jpeg,LT,Aset,Corporate,,1,2025-05-26 17:58:29.000,2025-05-26 17:58:29.000,Warna Hitam
3614,10750,04768-FUR-KK-CFS-PTRE-25,04768-FUR-KK-CFS-PTRE-25,288,FUR-KK,224,Tersedia,Bagus,0.0,inventory/ams/inventoryPhoto/1746436213Kursi_Inco.jpeg,inventory/ams/assets/uploads/assetsre/ap/1746436213Kursi_Inco.jpeg,LT,Aset,Corporate,,1,2026-01-28 18:11:32.000,2026-01-28 18:11:32.000,Warna Hitam
3615,10751,04769-FUR-KK-CFS-PTRE-25,04769-FUR-KK-CFS-PTRE-25,288,FUR-KK,138,Tersedia,Bagus,0.0,inventory/ams/inventoryPhoto/1746436242Kursi_Inco.jpeg,inventory/ams/assets/uploads/assetsre/ap/1746436242Kursi_Inco.jpeg,LT,Aset,Corporate,10780,1,2026-05-29 15:19:33.000,2026-05-29 15:19:33.000,Warna Hitam
3616,10752,04770-FUR-KK-CFS-PTRE-25,04770-FUR-KK-CFS-PTRE-25,288,FUR-KK,138,Dipinjam,Bagus,0.0,inventory/ams/inventoryPhoto/1746436271Kursi_Inco.jpeg,inventory/ams/assets/uploads/assetsre/ap/1746436271Kursi_Inco.jpeg,LT,Aset,Corporate,10780,1,2026-05-29 15:18:11.000,2026-05-29 15:18:11.000,Warna Hitam
3617,10753,04771-FUR-KK-CFS-PTRE-25,04771-FUR-KK-CFS-PTRE-25,288,FUR-KK,138,Dipinjam,Bagus,0.0,inventory/ams/inventoryPhoto/1746436295Kursi_Inco.jpeg,inventory/ams/assets/uploads/assetsre/ap/1746436295Kursi_Inco.jpeg,LT,Aset,Corporate,10780,1,2026-06-07 20:37:58.000,2026-06-07 20:37:58.000,Warna Hitam
3618,10754,04772-FUR-KK-CFS-PTRE-25,04772-FUR-KK-CFS-PTRE-25,288,FUR-KK,138,Dipinjam,Bagus,0.0,inventory/ams/inventoryPhoto/1746436335Kursi_Inco.jpeg,inventory/ams/assets/uploads/assetsre/ap/1746436335Kursi_Inco.jpeg,LT,Aset,Corporate,10780,1,2026-05-29 15:17:58.000,2026-05-29 15:17:58.000,Warna Hitam
3619,11785,04790-FUR-KK-CFS-PTRE-25,04790-FUR-KK-CFS-PTRE-25,269,FUR-KK,245,Tersedia,Bagus,0.0,,,LT,Aset,Corporate,10780,1,2026-05-29 14:41:31.000,2026-05-29 14:41:31.000,Warna Coklat
3620,11919,01602-FUR-KK-CFS-PTRE-26,01602-FUR-KK-CFS-PTRE-26,286,FUR-KK,236,Tersedia,Bagus,726000.0,,,LT,Inventaris,Corporate,10780,1,2026-07-17 08:55:57.000,2026-07-17 08:55:57.000,Warna Hitam
3621,11920,01603-FUR-KK-CFS-PTRE-26,01603-FUR-KK-CFS-PTRE-26,286,FUR-KK,236,Tersedia,Bagus,726000.0,,,LT,Inventaris,Corporate,10780,1,2026-07-17 08:55:30.000,2026-07-17 08:55:30.000,Warna Hitam
3622,11921,01604-FUR-KK-CFS-PTRE-26,01604-FUR-KK-CFS-PTRE-26,286,FUR-KK,236,Tersedia,Bagus,726000.0,,,LT,Inventaris,Corporate,10780,1,2026-07-17 08:55:37.000,2026-07-17 08:55:37.000,Warna Hitam
3623,11922,01605-FUR-KK-CFS-PTRE-26,01605-FUR-KK-CFS-PTRE-26,286,FUR-KK,236,Tersedia,Bagus,726000.0,,,LT,Inventaris,Corporate,10780,1,2026-07-17 08:55:18.000,2026-07-17 08:55:18.000,Warna Hitam
3624,11923,01606-FUR-KK-CFS-PTRE-26,01606-FUR-KK-CFS-PTRE-26,286,FUR-KK,236,Tersedia,Bagus,726000.0,,,LT,Inventaris,Corporate,10780,1,2026-07-17 08:55:11.000,2026-07-17 08:55:11.000,Warna Hitam
3625,11924,01621-FUR-KK-CFS-PTRE-26,01621-FUR-KK-CFS-PTRE-26,286,FUR-KK,236,Tersedia,Bagus,726000.0,,,LT,Inventaris,Corporate,10780,1,2026-07-17 08:55:03.000,2026-07-17 08:55:03.000,Warna Hitam
3626,11925,01607-FUR-KK-CFS-PTRE-26,01607-FUR-KK-CFS-PTRE-26,286,FUR-KK,236,Tersedia,Bagus,726000.0,,,LT,Inventaris,Corporate,10780,1,2026-07-17 08:54:48.000,2026-07-17 08:54:48.000,Warna Hitam
3627,11926,01608-FUR-KK-CFS-PTRE-26,01608-FUR-KK-CFS-PTRE-26,286,FUR-KK,236,Tersedia,Bagus,726000.0,,,LT,Inventaris,Corporate,10780,1,2026-07-17 08:54:40.000,2026-07-17 08:54:40.000,Warna Hitam
3628,11927,01610-FUR-KK-CFS-PTRE-26,01610-FUR-KK-CFS-PTRE-26,286,FUR-KK,121,Dipinjam,Bagus,726000.0,,,LT,Inventaris,Corporate,10780,1,2026-07-17 08:54:31.000,2026-07-17 08:54:31.000,Warna Hitam
3629,11928,01609-FUR-KK-CFS-PTRE-26,01609-FUR-KK-CFS-PTRE-26,286,FUR-KK,236,Tersedia,Bagus,726000.0,,,LT,Inventaris,Corporate,10780,1,2026-07-17 08:54:24.000,2026-07-17 08:54:24.000,Warna Hitam
3630,11929,01611-FUR-KK-CFS-PTRE-26,01611-FUR-KK-CFS-PTRE-26,286,FUR-KK,236,Tersedia,Bagus,0.0,,,LT,Inventaris,Corporate,10780,1,2026-07-17 08:54:11.000,2026-07-17 08:54:11.000,Warna Hitam
3631,11930,01612-FUR-KK-CFS-PTRE-26,01612-FUR-KK-CFS-PTRE-26,286,FUR-KK,236,Tersedia,Bagus,726000.0,,,LT,Inventaris,Corporate,10780,1,2026-07-17 08:54:01.000,2026-07-17 08:54:01.000,Warna Hitam
3632,11931,01613-FUR-KK-CFS-PTRE-26,01613-FUR-KK-CFS-PTRE-26,286,FUR-KK,236,Tersedia,Bagus,726000.0,,,LT,Inventaris,Corporate,10780,1,2026-07-17 08:53:40.000,2026-07-17 08:53:40.000,Warna Hitam
3633,11932,01614-FUR-KK-CFS-PTRE-26,01614-FUR-KK-CFS-PTRE-26,286,FUR-KK,236,Tersedia,Bagus,726000.0,,,LT,Inventaris,Corporate,10780,1,2026-07-17 08:50:58.000,2026-07-17 08:50:58.000,Warna Hitam
3634,11933,01615-FUR-KK-CFS-PTRE-26,01615-FUR-KK-CFS-PTRE-26,286,FUR-KK,236,Tersedia,Bagus,726000.0,,,LT,Inventaris,Corporate,10780,1,2026-07-17 08:50:43.000,2026-07-17 08:50:43.000,Warna Hitam
3635,11934,01616-FUR-KK-CFS-PTRE-26,01616-FUR-KK-CFS-PTRE-26,286,FUR-KK,236,Tersedia,Bagus,726000.0,,,LT,Inventaris,Corporate,10780,1,2026-07-17 08:50:27.000,2026-07-17 08:50:27.000,Warna Hitam
3636,11935,01617-FUR-KK-CFS-PTRE-26,01617-FUR-KK-CFS-PTRE-26,286,FUR-KK,236,Tersedia,Bagus,726000.0,,,LT,Inventaris,Corporate,10780,1,2026-07-17 08:50:19.000,2026-07-17 08:50:19.000,Warna Hitam
3637,11936,01618-FUR-KK-CFS-PTRE-26,01618-FUR-KK-CFS-PTRE-26,286,FUR-KK,236,Tersedia,Bagus,726000.0,,,LT,Inventaris,Corporate,10780,1,2026-07-17 08:49:51.000,2026-07-17 08:49:51.000,Warna Hitam
3638,11937,01619-FUR-KK-CFS-PTRE-26,01619-FUR-KK-CFS-PTRE-26,286,FUR-KK,236,Tersedia,Bagus,726000.0,,,LT,Inventaris,Corporate,10780,1,2026-07-17 08:49:45.000,2026-07-17 08:49:45.000,Warna Hitam
3639,11938,01620-FUR-KK-CFS-PTRE-26,01620-FUR-KK-CFS-PTRE-26,286,FUR-KK,236,Tersedia,Bagus,726000.0,,,LT,Inventaris,Corporate,10780,1,2026-07-17 08:49:38.000,2026-07-17 08:49:38.000,Warna Hitam
3640,11973,04817-FUR-KK-CFS-PTRE-26,04817-FUR-KK-CFS-PTRE-26,286,FUR-KK,121,Dipinjam,Bagus,760000.0,inventory/ams/inventoryPhoto/1784173361WhatsApp_Image_2026-07-16_at_10_31_56.jpeg,inventory/ams/assets/uploads/assetsre/ap/1784173361WhatsApp_Image_2026-07-16_at_10_31_56.jpeg,LT,Inventaris,Corporate,10780,1,2026-07-16 10:42:41.000,2026-07-16 10:42:41.000,Warna Hitam
3641,11974,04818-FUR-KK-CFS-PTRE-26,04818-FUR-KK-CFS-PTRE-26,286,FUR-KK,121,Dipinjam,Bagus,760000.0,inventory/ams/inventoryPhoto/1784173300WhatsApp_Image_2026-07-16_at_10_31_14.jpeg,inventory/ams/assets/uploads/assetsre/ap/1784173300WhatsApp_Image_2026-07-16_at_10_31_14.jpeg,LT,Inventaris,Corporate,10780,1,2026-07-16 10:41:40.000,2026-07-16 10:41:40.000,Warna Hitam
3642,11975,04819-FUR-KK-CFS-PTRE-26,04819-FUR-KK-CFS-PTRE-26,286,FUR-KK,121,Tersedia,Bagus,760000.0,inventory/ams/inventoryPhoto/1784173273WhatsApp_Image_2026-07-16_at_10_30_43.jpeg,inventory/ams/assets/uploads/assetsre/ap/1784173273WhatsApp_Image_2026-07-16_at_10_30_43.jpeg,LT,Inventaris,Corporate,10780,1,2026-07-16 10:41:13.000,2026-07-16 10:41:13.000,Warna Hitam
3643,11976,04820-FUR-KK-CFS-PTRE-26,04820-FUR-KK-CFS-PTRE-26,286,FUR-KK,121,Tersedia,Bagus,760000.0,,,LT,Inventaris,Corporate,10780,1,2026-07-15 11:42:36.000,2026-07-15 11:42:36.000,Warna Hitam
3644,11977,04821-FUR-KK-CFS-PTRE-26,04821-FUR-KK-CFS-PTRE-26,286,FUR-KK,121,Tersedia,Bagus,760000.0,inventory/ams/inventoryPhoto/1784173583WhatsApp_Image_2026-07-16_at_10_31_56.jpeg,inventory/ams/assets/uploads/assetsre/ap/1784173583WhatsApp_Image_2026-07-16_at_10_31_56.jpeg,LT,Inventaris,Corporate,10780,1,2026-07-16 10:46:23.000,2026-07-16 10:46:23.000,Warna Hitam
3645,11978,04822-FUR-KK-CFS-PTRE-26,04822-FUR-KK-CFS-PTRE-26,286,FUR-KK,232,Tersedia,Bagus,760000.0,inventory/ams/inventoryPhoto/1784172345Kursi_Indachi_(Ichsan)_.jpeg,inventory/ams/assets/uploads/assetsre/ap/1784172345Kursi_Indachi_(Ichsan)_.jpeg,LT,Inventaris,Corporate,10780,1,2026-07-16 10:25:45.000,2026-07-16 10:25:45.000,Warna Hitam
3646,11979,04823-FUR-KK-CFS-PTRE-26,04823-FUR-KK-CFS-PTRE-26,286,FUR-KK,221,Tersedia,Bagus,760000.0,inventory/ams/inventoryPhoto/1784171979Kursi_Indachi_(Hana).jpeg,inventory/ams/assets/uploads/assetsre/ap/1784171979Kursi_Indachi_(Hana).jpeg,LT,Inventaris,Corporate,10780,1,2026-07-16 10:19:39.000,2026-07-16 10:19:39.000,Warna Hitam
3647,11980,04824-FUR-KK-CFS-PTRE-26,04824-FUR-KK-CFS-PTRE-26,286,FUR-KK,245,Tersedia,Bagus,760000.0,,,LT,Inventaris,Corporate,10780,1,2026-07-15 11:43:35.000,2026-07-15 11:43:35.000,Warna Hitam
3648,11981,04825-FUR-KK-CFS-PTRE-26,04825-FUR-KK-CFS-PTRE-26,286,FUR-KK,138,Tersedia,Bagus,760000.0,,,LT,Inventaris,Corporate,10780,1,2026-07-22 17:24:03.000,2026-07-22 17:24:03.000,Warna Hitam
3649,11982,04826-FUR-KK-CFS-PTRE-26,04826-FUR-KK-CFS-PTRE-26,286,FUR-KK,138,Dipinjam,Bagus,760000.0,,,LT,Inventaris,Corporate,10780,1,2026-07-22 17:23:50.000,2026-07-22 17:23:50.000,Warna Hitam
3650,12024,04860-FUR-KK-CFS-PTRE-26,04860-FUR-KK-CFS-PTRE-26,286,FUR-KK,230,Tersedia,Bagus,0.0,,,LT,Inventaris,Corporate,,1,2026-09-22 17:42:25.000,2026-09-22 17:42:25.000,Warna Hitam
3651,12025,04859-FUR-KK-CFS-PTRE-26,04859-FUR-KK-CFS-PTRE-26,286,FUR-KK,215,Tersedia,Bagus,0.0,,,LT,Inventaris,Corporate,,1,2026-09-16 17:00:06.000,2026-09-16 17:00:06.000,Warna Hitam
3652,12026,04861-FUR-KK-CFS-PTRE-26,04861-FUR-KK-CFS-PTRE-26,286,FUR-KK,215,Tersedia,Bagus,0.0,,,LT,Inventaris,Corporate,,1,2026-09-16 17:01:06.000,2026-09-16 17:01:06.000,Warna Hitam
3653,12027,04862-FUR-KK-CFS-PTRE-26,04862-FUR-KK-CFS-PTRE-26,286,FUR-KK,215,Tersedia,Bagus,0.0,,,LT,Inventaris,Corporate,,1,2026-09-16 17:01:34.000,2026-09-16 17:01:34.000,Warna Hitam
3654,12028,04863-FUR-KK-CFS-PTRE-26,04863-FUR-KK-CFS-PTRE-26,286,FUR-KK,215,Tersedia,Bagus,0.0,,,LT,Inventaris,Corporate,,1,2026-09-16 17:01:46.000,2026-09-16 17:01:46.000,Warna Hitam
3655,12029,04864-FUR-KK-CFS-PTRE-26,04864-FUR-KK-CFS-PTRE-26,286,FUR-KK,215,Tersedia,Bagus,0.0,,,LT,Inventaris,Corporate,,1,2026-09-16 17:02:01.000,2026-09-16 17:02:01.000,Warna Hitam
3656,12030,04865-FUR-KK-CFS-PTRE-26,04865-FUR-KK-CFS-PTRE-26,286,FUR-KK,215,Tersedia,Bagus,0.0,,,LT,Inventaris,Corporate,,1,2026-09-16 17:02:18.000,2026-09-16 17:02:18.000,Warna Hitam
3657,12031,04866-FUR-KK-CFS-PTRE-26,04866-FUR-KK-CFS-PTRE-26,286,FUR-KK,230,Tersedia,Bagus,0.0,,,LT,Inventaris,Corporate,,1,2026-09-22 17:42:11.000,2026-09-22 17:42:11.000,Warna Hitam
3658,12032,04867-FUR-KK-CFS-PTRE-26,04867-FUR-KK-CFS-PTRE-26,286,FUR-KK,215,Tersedia,Bagus,0.0,,,LT,Inventaris,Corporate,,1,2026-09-16 17:02:44.000,2026-09-16 17:02:44.000,Warna Hitam
3659,12033,04868-FUR-KK-CFS-PTRE-26,04868-FUR-KK-CFS-PTRE-26,286,FUR-KK,137,Tersedia,Bagus,0.0,,,LT,Inventaris,Corporate,,1,2026-09-22 13:09:33.000,2026-09-22 13:09:33.000,Warna Hitam
