id,ams_asset_id,number,legacy_number,lot_id,subcategory_code,location_id,status,condition,price,image_url,ams_image_url,type,classification,burden,project_id,vendor_id,created_at,updated_at,specification
4367,89,00089-FUR-MK-CFS-PTRE-14,00089-FUR-MK-CFS-PTRE-14,352,FUR-MK,95,Tidak Aktif,Bagus,0.0,,,LT,Aset,Corporate,,1,2024-07-25 14:14:05.000,2024-07-25 14:14:05.000,Warna Cokelat
4368,106,00106-FUR-MK-CFS-PTRE-14,00106-FUR-MK-CFS-PTRE-14,348,FUR-MK,183,Tersedia,Bagus,0.0,,,LT,Aset,Corporate,10780,1,2026-02-06 09:44:48.000,2026-02-06 09:44:48.000,Warna Putih
4369,133,00133-FUR-MK-CFS-PTRE-13,00133-FUR-MK-CFS-PTRE-13,335,FUR-MK,151,Tersedia,Bagus,0.0,inventory/ams/inventoryPhoto/1726801483MEJA_KERJA.jpeg,inventory/ams/assets/uploads/assetsre/ap/1726801483MEJA_KERJA.jpeg,LT,Aset,Corporate,10780,65,2024-09-20 10:04:43.000,2024-09-20 10:04:43.000,Warna Cream
4370,134,00134-FUR-MK-CFS-PTRE-13,00134-FUR-MK-CFS-PTRE-13,335,FUR-MK,151,Tidak Aktif,Bagus,0.0,inventory/ams/inventoryPhoto/1601866553meja_cream.jpg,inventory/ams/assets/uploads/assetsre/ap/1601866553meja_cream.jpg,LT,Aset,Corporate,,65,2024-08-01 11:29:08.000,2024-08-01 11:29:08.000,Warna Cream
4371,136,00136-FUR-MK-CFS-PTRE-13,00136-FUR-MK-CFS-PTRE-13,335,FUR-MK,151,Tersedia,Bagus,0.0,inventory/ams/inventoryPhoto/1726801480MEJA_KERJA.jpeg,inventory/ams/assets/uploads/assetsre/ap/1726801480MEJA_KERJA.jpeg,LT,Aset,Corporate,10780,65,2024-09-20 10:04:40.000,2024-09-20 10:04:40.000,Warna Cream
4372,137,00137-FUR-MK-CFS-PTRE-13,00137-FUR-MK-CFS-PTRE-13,335,FUR-MK,151,Tersedia,Bagus,0.0,inventory/ams/inventoryPhoto/1726801477MEJA_KERJA.jpeg,inventory/ams/assets/uploads/assetsre/ap/1726801477MEJA_KERJA.jpeg,LT,Aset,Corporate,10780,65,2024-09-20 10:04:37.000,2024-09-20 10:04:37.000,Warna Cream
4373,138,00138-FUR-MK-CFS-PTRE-13,00138-FUR-MK-CFS-PTRE-13,335,FUR-MK,151,Tersedia,Bagus,0.0,inventory/ams/inventoryPhoto/1726801471MEJA_KERJA.jpeg,inventory/ams/assets/uploads/assetsre/ap/1726801471MEJA_KERJA.jpeg,LT,Aset,Corporate,10780,65,2024-09-20 10:04:31.000,2024-09-20 10:04:31.000,Warna Cream
4374,139,00139-FUR-MK-CFS-PTRE-13,00139-FUR-MK-CFS-PTRE-13,335,FUR-MK,151,Tersedia,Bagus,0.0,inventory/ams/inventoryPhoto/1726801474MEJA_KERJA.jpeg,inventory/ams/assets/uploads/assetsre/ap/1726801474MEJA_KERJA.jpeg,LT,Aset,Corporate,10780,65,2024-09-20 10:04:34.000,2024-09-20 10:04:34.000,Warna Cream
4375,140,00140-FUR-MK-CFS-PTRE-13,00140-FUR-MK-CFS-PTRE-13,335,FUR-MK,151,Tersedia,Bagus,0.0,inventory/ams/inventoryPhoto/1726801468MEJA_KERJA1.jpeg,inventory/ams/assets/uploads/assetsre/ap/1726801468MEJA_KERJA1.jpeg,LT,Aset,Corporate,10780,65,2024-09-20 10:04:28.000,2024-09-20 10:04:28.000,Warna Cream
4376,142,00142-FUR-MK-CFS-PTRE-13,00142-FUR-MK-CFS-PTRE-13,335,FUR-MK,151,Tersedia,Bagus,0.0,inventory/ams/inventoryPhoto/1726801465MEJA_KERJA.jpeg,inventory/ams/assets/uploads/assetsre/ap/1726801465MEJA_KERJA.jpeg,LT,Aset,Corporate,10780,65,2024-09-20 10:04:25.000,2024-09-20 10:04:25.000,Warna Cream
4377,143,00143-FUR-MK-CFS-PTRE-13,00143-FUR-MK-CFS-PTRE-13,335,FUR-MK,151,Tersedia,Bagus,0.0,inventory/ams/inventoryPhoto/1726801458MEJA_KERJA.jpeg,inventory/ams/assets/uploads/assetsre/ap/1726801458MEJA_KERJA.jpeg,LT,Aset,Corporate,10780,65,2024-09-20 10:04:18.000,2024-09-20 10:04:18.000,Warna Cream
4378,144,00144-FUR-MK-CFS-PTRE-13,00144-FUR-MK-CFS-PTRE-13,335,FUR-MK,151,Tersedia,Bagus,0.0,inventory/ams/inventoryPhoto/1726801462MEJA_KERJA.jpeg,inventory/ams/assets/uploads/assetsre/ap/1726801462MEJA_KERJA.jpeg,LT,Aset,Corporate,10780,65,2024-09-20 10:04:22.000,2024-09-20 10:04:22.000,Warna Cream
4379,145,00145-FUR-MK-CFS-PTRE-13,00145-FUR-MK-CFS-PTRE-13,335,FUR-MK,151,Tersedia,Bagus,0.0,inventory/ams/inventoryPhoto/1726801453MEJA_KERJA.jpeg,inventory/ams/assets/uploads/assetsre/ap/1726801453MEJA_KERJA.jpeg,LT,Aset,Corporate,10780,65,2024-09-20 10:04:13.000,2024-09-20 10:04:13.000,Warna Cream
4380,146,00146-FUR-MK-CFS-PTRE-13,00146-FUR-MK-CFS-PTRE-13,335,FUR-MK,151,Tersedia,Bagus,0.0,inventory/ams/inventoryPhoto/1726801449MEJA_KERJA.jpeg,inventory/ams/assets/uploads/assetsre/ap/1726801449MEJA_KERJA.jpeg,LT,Aset,Corporate,10780,65,2024-09-20 10:04:09.000,2024-09-20 10:04:09.000,Warna Cream
4381,147,00147-FUR-MK-CFS-PTRE-13,00147-FUR-MK-CFS-PTRE-13,335,FUR-MK,151,Tersedia,Bagus,0.0,inventory/ams/inventoryPhoto/1726801446MEJA_KERJA.jpeg,inventory/ams/assets/uploads/assetsre/ap/1726801446MEJA_KERJA.jpeg,LT,Aset,Corporate,10780,65,2024-09-20 10:04:06.000,2024-09-20 10:04:06.000,Warna Cream
4382,148,00148-FUR-MK-CFS-PTRE-13,00148-FUR-MK-CFS-PTRE-13,335,FUR-MK,151,Tersedia,Bagus,0.0,inventory/ams/inventoryPhoto/1726801443MEJA_KERJA.jpeg,inventory/ams/assets/uploads/assetsre/ap/1726801443MEJA_KERJA.jpeg,LT,Aset,Corporate,10780,65,2024-09-20 10:04:03.000,2024-09-20 10:04:03.000,Warna Cream
4383,149,00149-FUR-MK-CFS-PTRE-13,00149-FUR-MK-CFS-PTRE-13,335,FUR-MK,151,Tersedia,Bagus,0.0,inventory/ams/inventoryPhoto/1726801437MEJA_KERJA.jpeg,inventory/ams/assets/uploads/assetsre/ap/1726801437MEJA_KERJA.jpeg,LT,Aset,Corporate,10780,65,2024-09-20 10:03:57.000,2024-09-20 10:03:57.000,Warna Cream
4384,156,00156-FUR-MK-CFS-PTRE-14,00156-FUR-MK-CFS-PTRE-14,352,FUR-MK,103,Tidak Aktif,Bagus,0.0,,,LT,Aset,Corporate,,1,2024-07-26 09:39:09.000,2024-07-26 09:39:09.000,Warna Cokelat
4385,167,00167-FUR-MK-CFS-PTRE-14,00167-FUR-MK-CFS-PTRE-14,351,FUR-MK,104,Tidak Aktif,Bagus,0.0,,,LT,Aset,Corporate,,65,2024-08-02 13:57:21.000,2024-08-02 13:57:21.000,Warna Abu-Abu
4386,252,00252-FUR-MK-CFS-PTRE-14,00252-FUR-MK-CFS-PTRE-14,352,FUR-MK,223,Tersedia,Bagus,0.0,,,LT,Aset,Corporate,10780,65,2025-03-18 14:13:14.000,2025-03-18 14:13:14.000,Warna Cokelat
4387,253,00253-FUR-MK-CFS-PTRE-14,00253-FUR-MK-CFS-PTRE-14,352,FUR-MK,223,Tersedia,Bagus,0.0,,,LT,Aset,Corporate,10780,65,2025-03-18 14:13:00.000,2025-03-18 14:13:00.000,Warna Cokelat
4388,267,00267-FUR-MK-CFS-PTRE-13,00267-FUR-MK-CFS-PTRE-13,348,FUR-MK,174,Tersedia,Bagus,0.0,inventory/ams/inventoryPhoto/1601888392MEJA_LIPAT_PUTIH.jpg,inventory/ams/assets/uploads/assetsre/ap/1601888392MEJA_LIPAT_PUTIH.jpg,LT,Aset,Corporate,,1,2026-05-13 14:50:51.000,2026-05-13 14:50:51.000,Warna Putih
4389,277,00277-FUR-MK-CFS-PTRE-14,00277-FUR-MK-CFS-PTRE-14,354,FUR-MK,121,Tersedia,Bagus,0.0,,,LT,Aset,Corporate,10780,65,2026-09-07 08:47:04.000,2026-09-07 08:47:04.000,Warna Cokelat
4390,278,00278-FUR-MK-CFS-PTRE-14,00278-FUR-MK-CFS-PTRE-14,354,FUR-MK,121,Tersedia,Bagus,0.0,,,LT,Inventaris,Corporate,10780,65,2026-09-07 08:47:34.000,2026-09-07 08:47:34.000,Warna Cokelat
4391,280,00280-FUR-MK-CFS-PTRE-14,00280-FUR-MK-CFS-PTRE-14,354,FUR-MK,121,Tersedia,Bagus,0.0,,,LT,Aset,Corporate,10780,65,2026-09-07 08:46:51.000,2026-09-07 08:46:51.000,Warna Cokelat
4392,310,00310-FUR-MK-CFS-PTRE-14,00310-FUR-MK-CFS-PTRE-14,340,FUR-MK,222,Tersedia,Bagus,0.0,inventory/ams/inventoryPhoto/1726801419MEJA_KERJA_DEPT.jpeg,inventory/ams/assets/uploads/assetsre/ap/1726801419MEJA_KERJA_DEPT.jpeg,LT,Aset,Corporate,10780,65,2024-09-20 10:03:39.000,2024-09-20 10:03:39.000,Warna Cream
4393,335,00335-FUR-MK-CFS-PTRE-12,00335-FUR-MK-CFS-PTRE-12,334,FUR-MK,117,Tidak Aktif,Bagus,0.0,,,LT,Aset,Corporate,,1,2024-07-26 14:08:32.000,2024-07-26 14:08:32.000,Warna Cokelat
4394,336,00336-FUR-MK-CFS-PTRE-12,00336-FUR-MK-CFS-PTRE-12,334,FUR-MK,117,Tidak Aktif,Bagus,0.0,,,LT,Aset,Corporate,,1,2024-07-26 14:07:32.000,2024-07-26 14:07:32.000,Warna Cokelat
4395,337,00337-FUR-MK-CFS-PTRE-12,00337-FUR-MK-CFS-PTRE-12,334,FUR-MK,117,Tidak Aktif,Bagus,0.0,,,LT,Aset,Corporate,,1,2024-07-26 14:08:55.000,2024-07-26 14:08:55.000,Warna Cokelat
4396,338,00338-FUR-MK-CFS-PTRE-12,00338-FUR-MK-CFS-PTRE-12,334,FUR-MK,117,Tidak Aktif,Bagus,0.0,,,LT,Aset,Corporate,,1,2024-07-26 14:07:22.000,2024-07-26 14:07:22.000,Warna Cokelat
4397,340,00340-FUR-MK-CFS-PTRE-12,00340-FUR-MK-CFS-PTRE-12,334,FUR-MK,117,Tidak Aktif,Bagus,0.0,,,LT,Aset,Corporate,,1,2024-07-26 14:07:15.000,2024-07-26 14:07:15.000,Warna Cokelat
4398,342,00342-FUR-MK-CFS-PTRE-12,00342-FUR-MK-CFS-PTRE-12,334,FUR-MK,117,Tidak Aktif,Bagus,0.0,,,LT,Aset,Corporate,,1,2024-07-26 14:06:29.000,2024-07-26 14:06:29.000,Warna Cokelat
4399,343,00343-FUR-MK-CFS-PTRE-12,00343-FUR-MK-CFS-PTRE-12,334,FUR-MK,117,Tidak Aktif,Bagus,0.0,,,LT,Aset,Corporate,,1,2024-07-26 14:06:22.000,2024-07-26 14:06:22.000,Warna Cokelat
4400,345,00345-FUR-MK-CFS-PTRE-12,00345-FUR-MK-CFS-PTRE-12,334,FUR-MK,117,Tersedia,Bagus,0.0,inventory/ams/inventoryPhoto/1726801416MEJA_KERJA_DEPT.jpeg,inventory/ams/assets/uploads/assetsre/ap/1726801416MEJA_KERJA_DEPT.jpeg,LT,Aset,Corporate,10780,65,2024-09-20 10:03:36.000,2024-09-20 10:03:36.000,Warna Cokelat
4401,346,00346-FUR-MK-CFS-PTRE-12,00346-FUR-MK-CFS-PTRE-12,334,FUR-MK,117,Tidak Aktif,Bagus,0.0,,,LT,Aset,Corporate,,1,2024-07-26 14:06:16.000,2024-07-26 14:06:16.000,Warna Cokelat
4402,347,00347-FUR-MK-CFS-PTRE-12,00347-FUR-MK-CFS-PTRE-12,334,FUR-MK,117,Tersedia,Bagus,0.0,inventory/ams/inventoryPhoto/1726801413MEJA_KERJA_DEPT.jpeg,inventory/ams/assets/uploads/assetsre/ap/1726801413MEJA_KERJA_DEPT.jpeg,LT,Aset,Corporate,10780,65,2024-09-20 10:03:33.000,2024-09-20 10:03:33.000,Warna Cokelat
4403,348,00348-FUR-MK-CFS-PTRE-12,00348-FUR-MK-CFS-PTRE-12,334,FUR-MK,117,Tidak Aktif,Bagus,0.0,,,LT,Aset,Corporate,,1,2024-07-26 14:06:08.000,2024-07-26 14:06:08.000,Warna Cokelat
4404,350,00350-FUR-MK-CFS-PTRE-12,00350-FUR-MK-CFS-PTRE-12,334,FUR-MK,117,Dipinjam,Bagus,0.0,inventory/ams/inventoryPhoto/1726801407MEJA_KERJA_DEPT.jpeg,inventory/ams/assets/uploads/assetsre/ap/1726801407MEJA_KERJA_DEPT.jpeg,LT,Aset,Corporate,10780,65,2024-09-20 10:03:27.000,2024-09-20 10:03:27.000,Warna Cokelat
4405,414,00414-FUR-MK-CFS-PTRE-13,00414-FUR-MK-CFS-PTRE-13,334,FUR-MK,118,Tidak Aktif,Bagus,0.0,,,LT,Aset,Corporate,,1,2024-07-30 15:30:03.000,2024-07-30 15:30:03.000,Warna Cokelat
4406,417,00417-FUR-MK-CFS-PTRE-13,00417-FUR-MK-CFS-PTRE-13,334,FUR-MK,118,Tidak Aktif,Bagus,0.0,,,LT,Aset,Corporate,,65,2024-07-30 15:29:15.000,2024-07-30 15:29:15.000,Warna Cokelat
4407,418,00418-FUR-MK-CFS-PTRE-13,00418-FUR-MK-CFS-PTRE-13,334,FUR-MK,118,Tidak Aktif,Bagus,0.0,,,LT,Aset,Corporate,,1,2024-07-30 15:29:57.000,2024-07-30 15:29:57.000,Warna Cokelat
4408,419,00419-FUR-MK-CFS-PTRE-13,00419-FUR-MK-CFS-PTRE-13,334,FUR-MK,118,Tidak Aktif,Bagus,0.0,,,LT,Aset,Corporate,,65,2024-07-30 15:28:59.000,2024-07-30 15:28:59.000,Warna Cokelat
4409,420,00420-FUR-MK-CFS-PTRE-13,00420-FUR-MK-CFS-PTRE-13,334,FUR-MK,118,Tidak Aktif,Bagus,0.0,,,LT,Aset,Corporate,,1,2024-07-30 15:29:34.000,2024-07-30 15:29:34.000,Warna Cokelat
4410,421,00421-FUR-MK-CFS-PTRE-13,00421-FUR-MK-CFS-PTRE-13,334,FUR-MK,118,Tidak Aktif,Bagus,0.0,,,LT,Aset,Corporate,,65,2024-07-30 15:28:53.000,2024-07-30 15:28:53.000,Warna Cokelat
4411,422,00422-FUR-MK-CFS-PTRE-13,00422-FUR-MK-CFS-PTRE-13,334,FUR-MK,118,Tidak Aktif,Bagus,0.0,,,LT,Aset,Corporate,,65,2024-07-30 15:29:04.000,2024-07-30 15:29:04.000,Warna Cokelat
4412,423,00423-FUR-MK-CFS-PTRE-13,00423-FUR-MK-CFS-PTRE-13,334,FUR-MK,118,Tidak Aktif,Bagus,0.0,,,LT,Aset,Corporate,,65,2024-07-30 15:28:39.000,2024-07-30 15:28:39.000,Warna Cokelat
4413,424,00424-FUR-MK-CFS-PTRE-13,00424-FUR-MK-CFS-PTRE-13,334,FUR-MK,118,Tidak Aktif,Bagus,0.0,,,LT,Aset,Corporate,,65,2024-07-30 15:28:46.000,2024-07-30 15:28:46.000,Warna Cokelat
4414,425,00425-FUR-MK-CFS-PTRE-13,00425-FUR-MK-CFS-PTRE-13,334,FUR-MK,118,Tidak Aktif,Bagus,0.0,,,LT,Aset,Corporate,,65,2024-07-30 15:28:33.000,2024-07-30 15:28:33.000,Warna Cokelat
4415,427,00427-FUR-MK-CFS-PTRE-13,00427-FUR-MK-CFS-PTRE-13,334,FUR-MK,118,Tidak Aktif,Bagus,0.0,,,LT,Aset,Corporate,,65,2024-07-30 15:28:16.000,2024-07-30 15:28:16.000,Warna Cokelat
4416,428,00428-FUR-MK-CFS-PTRE-13,00428-FUR-MK-CFS-PTRE-13,334,FUR-MK,118,Tidak Aktif,Bagus,0.0,,,LT,Aset,Corporate,,1,2024-07-30 15:29:45.000,2024-07-30 15:29:45.000,Warna Cokelat
4417,430,00430-FUR-MK-CFS-PTRE-13,00430-FUR-MK-CFS-PTRE-13,334,FUR-MK,118,Tidak Aktif,Bagus,0.0,,,LT,Aset,Corporate,,65,2024-07-30 15:29:09.000,2024-07-30 15:29:09.000,Warna Cokelat
4418,431,00431-FUR-MK-CFS-PTRE-13,00431-FUR-MK-CFS-PTRE-13,334,FUR-MK,118,Tidak Aktif,Bagus,0.0,,,LT,Aset,Corporate,,65,2024-07-30 15:28:10.000,2024-07-30 15:28:10.000,Warna Cokelat
4419,433,00433-FUR-MK-CFS-PTRE-13,00433-FUR-MK-CFS-PTRE-13,334,FUR-MK,118,Tidak Aktif,Bagus,0.0,,,LT,Aset,Corporate,,1,2024-07-30 15:29:40.000,2024-07-30 15:29:40.000,Warna Cokelat
4420,434,00434-FUR-MK-CFS-PTRE-13,00434-FUR-MK-CFS-PTRE-13,334,FUR-MK,118,Tidak Aktif,Bagus,0.0,,,LT,Aset,Corporate,,1,2024-07-30 15:30:15.000,2024-07-30 15:30:15.000,Warna Cokelat
4421,437,00437-FUR-MK-CFS-PTRE-13,00437-FUR-MK-CFS-PTRE-13,334,FUR-MK,118,Tidak Aktif,Bagus,0.0,,,LT,Aset,Corporate,,65,2024-07-30 15:27:47.000,2024-07-30 15:27:47.000,Warna Cokelat
4422,438,00438-FUR-MK-CFS-PTRE-13,00438-FUR-MK-CFS-PTRE-13,334,FUR-MK,118,Tidak Aktif,Bagus,0.0,,,LT,Aset,Corporate,,65,2024-07-30 15:27:42.000,2024-07-30 15:27:42.000,Warna Cokelat
4423,506,00506-FUR-MK-CFS-PTRE-14,00506-FUR-MK-CFS-PTRE-14,334,FUR-MK,119,Tidak Aktif,Bagus,0.0,,,LT,Aset,Corporate,,1,2024-07-26 14:32:10.000,2024-07-26 14:32:10.000,Warna Cokelat
4424,507,00507-FUR-MK-CFS-PTRE-14,00507-FUR-MK-CFS-PTRE-14,334,FUR-MK,119,Tidak Aktif,Bagus,0.0,,,LT,Aset,Corporate,,1,2024-07-26 14:31:56.000,2024-07-26 14:31:56.000,Warna Cokelat
4425,509,00509-FUR-MK-CFS-PTRE-14,00509-FUR-MK-CFS-PTRE-14,334,FUR-MK,119,Tidak Aktif,Bagus,0.0,,,LT,Aset,Corporate,,1,2024-07-26 14:31:49.000,2024-07-26 14:31:49.000,Warna Cokelat
4426,510,00510-FUR-MK-CFS-PTRE-14,00510-FUR-MK-CFS-PTRE-14,334,FUR-MK,119,Tidak Aktif,Bagus,0.0,,,LT,Aset,Corporate,,1,2024-07-26 14:32:04.000,2024-07-26 14:32:04.000,Warna Cokelat
4427,511,00511-FUR-MK-CFS-PTRE-14,00511-FUR-MK-CFS-PTRE-14,334,FUR-MK,119,Tidak Aktif,Bagus,0.0,,,LT,Aset,Corporate,,1,2024-07-26 14:32:30.000,2024-07-26 14:32:30.000,Warna Cokelat
4428,512,00512-FUR-MK-CFS-PTRE-14,00512-FUR-MK-CFS-PTRE-14,334,FUR-MK,119,Tidak Aktif,Bagus,0.0,,,LT,Aset,Corporate,,1,2024-07-26 14:31:42.000,2024-07-26 14:31:42.000,Warna Cokelat
4429,513,00513-FUR-MK-CFS-PTRE-14,00513-FUR-MK-CFS-PTRE-14,334,FUR-MK,119,Tidak Aktif,Bagus,0.0,,,LT,Aset,Corporate,,1,2024-07-26 14:32:16.000,2024-07-26 14:32:16.000,Warna Cokelat
4430,514,00514-FUR-MK-CFS-PTRE-14,00514-FUR-MK-CFS-PTRE-14,334,FUR-MK,119,Tidak Aktif,Bagus,0.0,,,LT,Aset,Corporate,,1,2024-07-26 14:31:26.000,2024-07-26 14:31:26.000,Warna Cokelat
4431,528,00528-FUR-MK-CFS-PTRE-14,00528-FUR-MK-CFS-PTRE-14,342,FUR-MK,115,Tersedia,Bagus,0.0,inventory/ams/inventoryPhoto/1726801400MEJA_KERJA_DEPT.jpeg,inventory/ams/assets/uploads/assetsre/ap/1726801400MEJA_KERJA_DEPT.jpeg,LT,Inventaris,Corporate,10780,65,2026-09-07 13:17:20.000,2026-09-07 13:17:20.000,
4432,529,00529-FUR-MK-CFS-PTRE-14,00529-FUR-MK-CFS-PTRE-14,342,FUR-MK,115,Tersedia,Bagus,0.0,inventory/ams/inventoryPhoto/1726801403MEJA_KERJA_DEPT.jpeg,inventory/ams/assets/uploads/assetsre/ap/1726801403MEJA_KERJA_DEPT.jpeg,LT,Aset,Corporate,10780,65,2026-09-07 13:17:38.000,2026-09-07 13:17:38.000,
4433,530,00530-FUR-MK-CFS-PTRE-14,00530-FUR-MK-CFS-PTRE-14,342,FUR-MK,115,Tersedia,Bagus,0.0,inventory/ams/inventoryPhoto/1726801398MEJA_KERJA_DEPT.jpeg,inventory/ams/assets/uploads/assetsre/ap/1726801398MEJA_KERJA_DEPT.jpeg,LT,Aset,Corporate,10780,65,2026-09-07 13:16:54.000,2026-09-07 13:16:54.000,
4434,531,00531-FUR-MK-CFS-PTRE-14,00531-FUR-MK-CFS-PTRE-14,334,FUR-MK,82,Tidak Aktif,Bagus,0.0,inventory/ams/inventoryPhoto/1726801392MEJA_KERJA_DEPT.jpeg,inventory/ams/assets/uploads/assetsre/ap/1726801392MEJA_KERJA_DEPT.jpeg,LT,Aset,Corporate,10780,65,2025-11-12 10:34:46.000,2025-11-12 10:34:46.000,Warna Cokelat
4435,532,00532-FUR-MK-CFS-PTRE-14,00532-FUR-MK-CFS-PTRE-14,334,FUR-MK,121,Tersedia,Bagus,0.0,inventory/ams/inventoryPhoto/1726801388MEJA_KERJA_DEPT.jpeg,inventory/ams/assets/uploads/assetsre/ap/1726801388MEJA_KERJA_DEPT.jpeg,LT,Aset,Corporate,10780,65,2025-04-25 10:23:39.000,2025-04-25 10:23:39.000,Warna Cokelat
4436,533,00533-FUR-MK-CFS-PTRE-14,00533-FUR-MK-CFS-PTRE-14,334,FUR-MK,121,Tersedia,Bagus,0.0,inventory/ams/inventoryPhoto/1726801385MEJA_KERJA_DEPT.jpeg,inventory/ams/assets/uploads/assetsre/ap/1726801385MEJA_KERJA_DEPT.jpeg,LT,Aset,Corporate,10780,65,2025-04-25 10:23:33.000,2025-04-25 10:23:33.000,Warna Cokelat
4437,537,00537-FUR-MK-CFS-PTRE-14,00537-FUR-MK-CFS-PTRE-14,334,FUR-MK,121,Tersedia,Bagus,0.0,inventory/ams/inventoryPhoto/1726801382MEJA_KERJA_DEPT.jpeg,inventory/ams/assets/uploads/assetsre/ap/1726801382MEJA_KERJA_DEPT.jpeg,LT,Aset,Corporate,10780,65,2025-04-25 10:23:45.000,2025-04-25 10:23:45.000,Warna Cokelat
4438,540,00540-FUR-MK-CFS-PTRE-14,00540-FUR-MK-CFS-PTRE-14,342,FUR-MK,115,Tersedia,Bagus,0.0,inventory/ams/inventoryPhoto/1726801370MEJA_KERJA_DEPT.jpeg,inventory/ams/assets/uploads/assetsre/ap/1726801370MEJA_KERJA_DEPT.jpeg,LT,Aset,Corporate,10780,65,2026-09-07 13:17:53.000,2026-09-07 13:17:53.000,
4439,591,00591-FUR-MK-CFS-PTRE-14,00591-FUR-MK-CFS-PTRE-14,334,FUR-MK,121,Tersedia,Bagus,0.0,inventory/ams/inventoryPhoto/1726801365MEJA_KERJA_DEPT.jpeg,inventory/ams/assets/uploads/assetsre/ap/1726801365MEJA_KERJA_DEPT.jpeg,LT,Aset,Corporate,10780,65,2024-09-20 10:02:45.000,2024-09-20 10:02:45.000,Warna Cokelat
4440,592,00592-FUR-MK-CFS-PTRE-14,00592-FUR-MK-CFS-PTRE-14,334,FUR-MK,121,Tersedia,Bagus,0.0,inventory/ams/inventoryPhoto/1726801367MEJA_KERJA_DEPT.jpeg,inventory/ams/assets/uploads/assetsre/ap/1726801367MEJA_KERJA_DEPT.jpeg,LT,Aset,Corporate,10780,65,2024-09-20 10:02:47.000,2024-09-20 10:02:47.000,Warna Cokelat
4441,593,00593-FUR-MK-CFS-PTRE-14,00593-FUR-MK-CFS-PTRE-14,334,FUR-MK,121,Tersedia,Bagus,0.0,inventory/ams/inventoryPhoto/1726801359MEJA_KERJA_DEPT.jpeg,inventory/ams/assets/uploads/assetsre/ap/1726801359MEJA_KERJA_DEPT.jpeg,LT,Aset,Corporate,10780,65,2024-09-20 10:02:39.000,2024-09-20 10:02:39.000,Warna Cokelat
4442,594,00594-FUR-MK-CFS-PTRE-14,00594-FUR-MK-CFS-PTRE-14,334,FUR-MK,121,Tersedia,Bagus,0.0,inventory/ams/inventoryPhoto/1726801353MEJA_KERJA_DEPT.jpeg,inventory/ams/assets/uploads/assetsre/ap/1726801353MEJA_KERJA_DEPT.jpeg,LT,Aset,Corporate,10780,65,2024-09-20 10:02:33.000,2024-09-20 10:02:33.000,Warna Cokelat
4443,595,00595-FUR-MK-CFS-PTRE-14,00595-FUR-MK-CFS-PTRE-14,334,FUR-MK,121,Tersedia,Bagus,0.0,inventory/ams/inventoryPhoto/1726801340MEJA_KERJA_DEPT.jpeg,inventory/ams/assets/uploads/assetsre/ap/1726801340MEJA_KERJA_DEPT.jpeg,LT,Aset,Corporate,10780,65,2024-09-20 10:02:20.000,2024-09-20 10:02:20.000,Warna Cokelat
4444,596,00596-FUR-MK-CFS-PTRE-14,00596-FUR-MK-CFS-PTRE-14,334,FUR-MK,121,Tersedia,Bagus,0.0,inventory/ams/inventoryPhoto/1726801341MEJA_KERJA_DEPT.jpeg,inventory/ams/assets/uploads/assetsre/ap/1726801341MEJA_KERJA_DEPT.jpeg,LT,Aset,Corporate,10780,65,2024-09-20 10:02:21.000,2024-09-20 10:02:21.000,Warna Cokelat
4445,597,00597-FUR-MK-CFS-PTRE-14,00597-FUR-MK-CFS-PTRE-14,334,FUR-MK,121,Tersedia,Bagus,0.0,inventory/ams/inventoryPhoto/1726801347MEJA_KERJA_DEPT.jpeg,inventory/ams/assets/uploads/assetsre/ap/1726801347MEJA_KERJA_DEPT.jpeg,LT,Aset,Corporate,10780,65,2024-09-20 10:02:27.000,2024-09-20 10:02:27.000,Warna Cokelat
4446,598,00598-FUR-MK-CFS-PTRE-14,00598-FUR-MK-CFS-PTRE-14,334,FUR-MK,121,Tidak Aktif,Bagus,0.0,,,LT,Aset,Corporate,,65,2024-07-26 15:27:50.000,2024-07-26 15:27:50.000,Warna Cokelat
4447,599,00599-FUR-MK-CFS-PTRE-14,00599-FUR-MK-CFS-PTRE-14,334,FUR-MK,121,Tidak Aktif,Bagus,0.0,,,LT,Aset,Corporate,,65,2024-07-26 15:27:42.000,2024-07-26 15:27:42.000,Warna Cokelat
4448,600,00600-FUR-MK-CFS-PTRE-14,00600-FUR-MK-CFS-PTRE-14,334,FUR-MK,121,Tersedia,Bagus,0.0,inventory/ams/inventoryPhoto/1726801330MEJA_KERJA_DEPT.jpeg,inventory/ams/assets/uploads/assetsre/ap/1726801330MEJA_KERJA_DEPT.jpeg,LT,Aset,Corporate,10780,65,2024-09-20 10:02:10.000,2024-09-20 10:02:10.000,Warna Cokelat
4449,601,00601-FUR-MK-CFS-PTRE-14,00601-FUR-MK-CFS-PTRE-14,334,FUR-MK,121,Tidak Aktif,Bagus,0.0,,,LT,Aset,Corporate,,65,2024-07-26 15:27:17.000,2024-07-26 15:27:17.000,Warna Cokelat
4450,602,00602-FUR-MK-CFS-PTRE-14,00602-FUR-MK-CFS-PTRE-14,334,FUR-MK,121,Tidak Aktif,Bagus,0.0,,,LT,Aset,Corporate,,65,2024-07-26 15:27:34.000,2024-07-26 15:27:34.000,Warna Cokelat
4451,603,00603-FUR-MK-CFS-PTRE-14,00603-FUR-MK-CFS-PTRE-14,334,FUR-MK,121,Tidak Aktif,Bagus,0.0,,,LT,Aset,Corporate,,65,2024-07-26 15:27:24.000,2024-07-26 15:27:24.000,Warna Cokelat
4452,604,00604-FUR-MK-CFS-PTRE-14,00604-FUR-MK-CFS-PTRE-14,334,FUR-MK,121,Tidak Aktif,Bagus,0.0,,,LT,Aset,Corporate,,65,2024-07-26 15:27:04.000,2024-07-26 15:27:04.000,Warna Cokelat
4453,605,00605-FUR-MK-CFS-PTRE-14,00605-FUR-MK-CFS-PTRE-14,334,FUR-MK,121,Tersedia,Bagus,0.0,inventory/ams/inventoryPhoto/1726801327MEJA_KERJA_DEPT.jpeg,inventory/ams/assets/uploads/assetsre/ap/1726801327MEJA_KERJA_DEPT.jpeg,LT,Aset,Corporate,10780,65,2024-09-20 10:02:07.000,2024-09-20 10:02:07.000,Warna Cokelat
4454,606,00606-FUR-MK-CFS-PTRE-14,00606-FUR-MK-CFS-PTRE-14,334,FUR-MK,121,Tidak Aktif,Bagus,0.0,,,LT,Aset,Corporate,,65,2024-07-26 15:26:56.000,2024-07-26 15:26:56.000,Warna Cokelat
4455,607,00607-FUR-MK-CFS-PTRE-13,00607-FUR-MK-CFS-PTRE-13,335,FUR-MK,121,Tidak Aktif,Bagus,0.0,inventory/ams/inventoryPhoto/1603161750unnamed.jpg,inventory/ams/assets/uploads/assetsre/ap/1603161750unnamed.jpg,LT,Aset,Corporate,,65,2024-07-26 15:26:49.000,2024-07-26 15:26:49.000,Warna Cream
4456,608,00608-FUR-MK-CFS-PTRE-13,00608-FUR-MK-CFS-PTRE-13,335,FUR-MK,121,Tidak Aktif,Bagus,0.0,inventory/ams/inventoryPhoto/1603161695unnamed.jpg,inventory/ams/assets/uploads/assetsre/ap/1603161695unnamed.jpg,LT,Aset,Corporate,,65,2024-07-26 15:26:34.000,2024-07-26 15:26:34.000,Warna Cream
4457,609,00609-FUR-MK-CFS-PTRE-14,00609-FUR-MK-CFS-PTRE-14,334,FUR-MK,121,Tidak Aktif,Bagus,0.0,,,LT,Aset,Corporate,,65,2024-07-26 15:27:10.000,2024-07-26 15:27:10.000,Warna Cokelat
4458,610,00610-FUR-MK-CFS-PTRE-13,00610-FUR-MK-CFS-PTRE-13,335,FUR-MK,121,Tidak Aktif,Bagus,0.0,inventory/ams/inventoryPhoto/1603161542unnamed.jpg,inventory/ams/assets/uploads/assetsre/ap/1603161542unnamed.jpg,LT,Aset,Corporate,,65,2024-07-26 15:26:24.000,2024-07-26 15:26:24.000,Warna Cream
4459,611,00611-FUR-MK-CFS-PTRE-14,00611-FUR-MK-CFS-PTRE-14,334,FUR-MK,121,Tersedia,Bagus,0.0,inventory/ams/inventoryPhoto/1726801326MEJA_KERJA_DEPT.jpeg,inventory/ams/assets/uploads/assetsre/ap/1726801326MEJA_KERJA_DEPT.jpeg,LT,Aset,Corporate,10780,65,2024-09-20 10:02:06.000,2024-09-20 10:02:06.000,Warna Cokelat
4460,612,00612-FUR-MK-CFS-PTRE-14,00612-FUR-MK-CFS-PTRE-14,334,FUR-MK,121,Tidak Aktif,Bagus,0.0,,,LT,Aset,Corporate,,65,2024-07-26 15:26:17.000,2024-07-26 15:26:17.000,Warna Cokelat
4461,613,00613-FUR-MK-CFS-PTRE-13,00613-FUR-MK-CFS-PTRE-13,335,FUR-MK,121,Tersedia,Bagus,0.0,inventory/ams/inventoryPhoto/1726801321MEJA_KERJA_DEPT.jpeg,inventory/ams/assets/uploads/assetsre/ap/1726801321MEJA_KERJA_DEPT.jpeg,LT,Aset,Corporate,10780,65,2024-09-20 10:02:01.000,2024-09-20 10:02:01.000,Warna Cream
4462,614,00614-FUR-MK-CFS-PTRE-13,00614-FUR-MK-CFS-PTRE-13,335,FUR-MK,121,Tersedia,Bagus,0.0,inventory/ams/inventoryPhoto/1726801320MEJA_KERJA_DEPT.jpeg,inventory/ams/assets/uploads/assetsre/ap/1726801320MEJA_KERJA_DEPT.jpeg,LT,Aset,Corporate,10780,65,2024-09-20 10:02:00.000,2024-09-20 10:02:00.000,Warna Cream
4463,616,00616-FUR-MK-CFS-PTRE-13,00616-FUR-MK-CFS-PTRE-13,335,FUR-MK,120,Tidak Aktif,Bagus,0.0,inventory/ams/inventoryPhoto/1603161061unnamed.jpg,inventory/ams/assets/uploads/assetsre/ap/1603161061unnamed.jpg,LT,Aset,Corporate,,65,2024-07-26 14:41:05.000,2024-07-26 14:41:05.000,Warna Cream
4464,617,00617-FUR-MK-CFS-PTRE-13,00617-FUR-MK-CFS-PTRE-13,335,FUR-MK,120,Tidak Aktif,Bagus,0.0,inventory/ams/inventoryPhoto/1603160953unnamed.jpg,inventory/ams/assets/uploads/assetsre/ap/1603160953unnamed.jpg,LT,Aset,Corporate,,65,2024-07-26 14:40:46.000,2024-07-26 14:40:46.000,Warna Cream
4465,622,00622-FUR-MK-CFS-PTRE-13,00622-FUR-MK-CFS-PTRE-13,335,FUR-MK,121,Tersedia,Bagus,0.0,inventory/ams/inventoryPhoto/1726801314MEJA_KERJA_DEPT.jpeg,inventory/ams/assets/uploads/assetsre/ap/1726801314MEJA_KERJA_DEPT.jpeg,LT,Aset,Corporate,10780,65,2025-11-18 10:03:51.000,2025-11-18 10:03:51.000,Warna Cream
4466,623,00623-FUR-MK-CFS-PTRE-13,00623-FUR-MK-CFS-PTRE-13,335,FUR-MK,120,Tidak Aktif,Bagus,0.0,inventory/ams/inventoryPhoto/1603160026unnamed.jpg,inventory/ams/assets/uploads/assetsre/ap/1603160026unnamed.jpg,LT,Aset,Corporate,,65,2024-07-26 14:40:16.000,2024-07-26 14:40:16.000,Warna Cream
4467,627,00627-FUR-MK-CFS-PTRE-13,00627-FUR-MK-CFS-PTRE-13,335,FUR-MK,139,Tidak Aktif,Bagus,0.0,inventory/ams/inventoryPhoto/1603351818images_(4).jpg,inventory/ams/assets/uploads/assetsre/ap/1603351818images_(4).jpg,LT,Aset,Corporate,,65,2024-07-30 13:30:56.000,2024-07-30 13:30:56.000,Warna Cream
4468,629,00629-FUR-MK-CFS-PTRE-13,00629-FUR-MK-CFS-PTRE-13,335,FUR-MK,121,Tersedia,Bagus,0.0,inventory/ams/inventoryPhoto/1726801308MEJA_KERJA_DEPT.jpeg,inventory/ams/assets/uploads/assetsre/ap/1726801308MEJA_KERJA_DEPT.jpeg,LT,Aset,Corporate,10780,65,2025-11-18 10:03:41.000,2025-11-18 10:03:41.000,Warna Cream
4469,632,00632-FUR-MK-CFS-PTRE-13,00632-FUR-MK-CFS-PTRE-13,335,FUR-MK,121,Tidak Aktif,Bagus,0.0,inventory/ams/inventoryPhoto/1603162468unnamed.jpg,inventory/ams/assets/uploads/assetsre/ap/1603162468unnamed.jpg,LT,Aset,Corporate,,65,2024-07-26 15:25:56.000,2024-07-26 15:25:56.000,Warna Cream
4470,633,00633-FUR-MK-CFS-PTRE-13,00633-FUR-MK-CFS-PTRE-13,335,FUR-MK,121,Tidak Aktif,Bagus,0.0,inventory/ams/inventoryPhoto/1603162690unnamed.jpg,inventory/ams/assets/uploads/assetsre/ap/1603162690unnamed.jpg,LT,Aset,Corporate,,65,2024-07-26 15:25:45.000,2024-07-26 15:25:45.000,Warna Cream
4471,650,00650-FUR-MK-CFS-PTRE-13,00650-FUR-MK-CFS-PTRE-13,335,FUR-MK,139,Tidak Aktif,Bagus,0.0,inventory/ams/inventoryPhoto/1603349031images_(4).jpg,inventory/ams/assets/uploads/assetsre/ap/1603349031images_(4).jpg,LT,Aset,Corporate,,65,2024-07-30 13:31:02.000,2024-07-30 13:31:02.000,Warna Cream
4472,659,00659-FUR-MK-CFS-PTRE-13,00659-FUR-MK-CFS-PTRE-13,335,FUR-MK,139,Tidak Aktif,Bagus,0.0,inventory/ams/inventoryPhoto/1603351434images_(4).jpg,inventory/ams/assets/uploads/assetsre/ap/1603351434images_(4).jpg,LT,Aset,Corporate,,65,2024-07-30 13:31:35.000,2024-07-30 13:31:35.000,Warna Cream
4473,710,00710-FUR-MK-CFS-PTRE-12,00710-FUR-MK-CFS-PTRE-12,351,FUR-MK,132,Tidak Aktif,Bagus,0.0,,,LT,Inventaris,Corporate,,1,2024-02-28 10:35:34.000,2024-02-28 10:35:34.000,Warna Abu-Abu
4474,711,00711-FUR-MK-CFS-PTRE-12,00711-FUR-MK-CFS-PTRE-12,351,FUR-MK,132,Tidak Aktif,Bagus,0.0,,,LT,Inventaris,Corporate,,1,2024-02-28 10:35:24.000,2024-02-28 10:35:24.000,Warna Abu-Abu
4475,729,00729-FUR-MK-CFS-PTRE-13,00729-FUR-MK-CFS-PTRE-13,334,FUR-MK,39,Tersedia,Bagus,0.0,,,LT,Aset,Corporate,,,2017-02-27 00:00:00.000,2017-02-27 00:00:00.000,Warna Cokelat
4476,730,00730-FUR-MK-CFS-PTRE-13,00730-FUR-MK-CFS-PTRE-13,334,FUR-MK,39,Tersedia,Bagus,0.0,,,LT,Aset,Corporate,,,2017-02-27 00:00:00.000,2017-02-27 00:00:00.000,Warna Cokelat
4477,731,00731-FUR-MK-CFS-PTRE-13,00731-FUR-MK-CFS-PTRE-13,334,FUR-MK,39,Tersedia,Bagus,0.0,,,LT,Aset,Corporate,,,2017-02-27 00:00:00.000,2017-02-27 00:00:00.000,Warna Cokelat
4478,732,00732-FUR-MK-CFS-PTRE-13,00732-FUR-MK-CFS-PTRE-13,334,FUR-MK,39,Tersedia,Bagus,0.0,,,LT,Aset,Corporate,,,2017-02-27 00:00:00.000,2017-02-27 00:00:00.000,Warna Cokelat
4479,733,00733-FUR-MK-CFS-PTRE-13,00733-FUR-MK-CFS-PTRE-13,334,FUR-MK,39,Tersedia,Bagus,0.0,,,LT,Aset,Corporate,,,2017-02-27 00:00:00.000,2017-02-27 00:00:00.000,Warna Cokelat
4480,787,00787-FUR-MK-CFS-PTRE-13,00787-FUR-MK-CFS-PTRE-13,340,FUR-MK,222,Tersedia,Bagus,0.0,inventory/ams/inventoryPhoto/17140988515.JPG,inventory/ams/assets/uploads/assetsre/ap/17140988515.JPG,LT,Aset,Corporate,,65,2024-04-26 09:34:11.000,2024-04-26 09:34:11.000,Warna Cream
4481,788,00788-FUR-MK-CFS-PTRE-13,00788-FUR-MK-CFS-PTRE-13,340,FUR-MK,222,Tersedia,Bagus,0.0,inventory/ams/inventoryPhoto/17140989225.JPG,inventory/ams/assets/uploads/assetsre/ap/17140989225.JPG,LT,Aset,Corporate,,65,2024-04-26 09:35:22.000,2024-04-26 09:35:22.000,Warna Cream
4482,789,00789-FUR-MK-CFS-PTRE-13,00789-FUR-MK-CFS-PTRE-13,335,FUR-MK,222,Tersedia,Bagus,0.0,inventory/ams/inventoryPhoto/1714099040WhatsApp_Image_2024-02-28_at_14_09_23.jpeg,inventory/ams/assets/uploads/assetsre/ap/1714099040WhatsApp_Image_2024-02-28_at_14_09_23.jpeg,LT,Aset,Corporate,,65,2024-04-26 09:37:20.000,2024-04-26 09:37:20.000,Warna Cream
4483,790,00790-FUR-MK-CFS-PTRE-13,00790-FUR-MK-CFS-PTRE-13,341,FUR-MK,222,Tersedia,Bagus,0.0,inventory/ams/inventoryPhoto/1714099101DSC_0053.JPG,inventory/ams/assets/uploads/assetsre/ap/1714099101DSC_0053.JPG,LT,Aset,Corporate,,65,2024-04-26 09:38:21.000,2024-04-26 09:38:21.000,
4484,791,00791-FUR-MK-CFS-PTRE-13,00791-FUR-MK-CFS-PTRE-13,339,FUR-MK,238,Tersedia,Bagus,0.0,inventory/ams/inventoryPhoto/1602735045MEJA_KERJA_PARTISI.jpg,inventory/ams/assets/uploads/assetsre/ap/1602735045MEJA_KERJA_PARTISI.jpg,LT,Inventaris,Corporate,,65,2026-09-18 08:47:06.000,2026-09-18 08:47:06.000,Warna Cream
4485,792,00792-FUR-MK-CFS-PTRE-13,00792-FUR-MK-CFS-PTRE-13,339,FUR-MK,238,Tersedia,Bagus,0.0,inventory/ams/inventoryPhoto/1602735089MEJA_KERJA_PARTISI.jpg,inventory/ams/assets/uploads/assetsre/ap/1602735089MEJA_KERJA_PARTISI.jpg,LT,Inventaris,Corporate,,65,2026-09-18 08:44:47.000,2026-09-18 08:44:47.000,Warna Cream
4486,795,00795-FUR-MK-CFS-PTRE-13,00795-FUR-MK-CFS-PTRE-13,335,FUR-MK,175,Tidak Aktif,Bagus,0.0,inventory/ams/inventoryPhoto/1602731827MEJA_KERJA_PARTISI.jpg,inventory/ams/assets/uploads/assetsre/ap/1602731827MEJA_KERJA_PARTISI.jpg,LT,Inventaris,Corporate,,65,2024-02-28 11:04:21.000,2024-02-28 11:04:21.000,Warna Cream
4487,796,00796-FUR-MK-CFS-PTRE-13,00796-FUR-MK-CFS-PTRE-13,335,FUR-MK,175,Tidak Aktif,Bagus,0.0,inventory/ams/inventoryPhoto/1602731868MEJA_KERJA_PARTISI.jpg,inventory/ams/assets/uploads/assetsre/ap/1602731868MEJA_KERJA_PARTISI.jpg,LT,Inventaris,Corporate,,65,2024-02-28 11:04:13.000,2024-02-28 11:04:13.000,Warna Cream
4488,797,00797-FUR-MK-CFS-PTRE-13,00797-FUR-MK-CFS-PTRE-13,335,FUR-MK,175,Tidak Aktif,Bagus,0.0,inventory/ams/inventoryPhoto/1602731904MEJA_KERJA_PARTISI.jpg,inventory/ams/assets/uploads/assetsre/ap/1602731904MEJA_KERJA_PARTISI.jpg,LT,Inventaris,Corporate,,65,2024-02-28 11:04:04.000,2024-02-28 11:04:04.000,Warna Cream
4489,800,00800-FUR-MK-CFS-PTRE-13,00800-FUR-MK-CFS-PTRE-13,335,FUR-MK,165,Tidak Aktif,Bagus,0.0,inventory/ams/inventoryPhoto/1602731686meja_cream.jpg,inventory/ams/assets/uploads/assetsre/ap/1602731686meja_cream.jpg,LT,Aset,Corporate,,65,2024-07-31 14:42:41.000,2024-07-31 14:42:41.000,Warna Cream
4490,802,00802-FUR-MK-CFS-PTRE-13,00802-FUR-MK-CFS-PTRE-13,335,FUR-MK,236,Dipinjam,Bagus,0.0,inventory/ams/inventoryPhoto/1709949432WhatsApp_Image_2024-03-09_at_08_36_09.jpeg,inventory/ams/assets/uploads/assetsre/ap/1709949432WhatsApp_Image_2024-03-09_at_08_36_09.jpeg,LT,Aset,Corporate,,79,2024-03-09 08:57:12.000,2024-03-09 08:57:12.000,Warna Cream
4491,803,00803-FUR-MK-CFS-PTRE-13,00803-FUR-MK-CFS-PTRE-13,335,FUR-MK,236,Dipinjam,Bagus,0.0,inventory/ams/inventoryPhoto/1709949393WhatsApp_Image_2024-03-09_at_08_36_09.jpeg,inventory/ams/assets/uploads/assetsre/ap/1709949393WhatsApp_Image_2024-03-09_at_08_36_09.jpeg,LT,Aset,Corporate,,79,2025-03-12 08:47:52.000,2025-03-12 08:47:52.000,Warna Cream
4492,804,00804-FUR-MK-CFS-PTRE-13,00804-FUR-MK-CFS-PTRE-13,335,FUR-MK,236,Dipinjam,Bagus,0.0,inventory/ams/inventoryPhoto/1709949355WhatsApp_Image_2024-03-09_at_08_36_09.jpeg,inventory/ams/assets/uploads/assetsre/ap/1709949355WhatsApp_Image_2024-03-09_at_08_36_09.jpeg,LT,Aset,Corporate,,79,2025-03-12 08:48:04.000,2025-03-12 08:48:04.000,Warna Cream
4493,805,00805-FUR-MK-CFS-PTRE-13,00805-FUR-MK-CFS-PTRE-13,335,FUR-MK,236,Dipinjam,Bagus,0.0,inventory/ams/inventoryPhoto/1709949316WhatsApp_Image_2024-03-09_at_08_36_09.jpeg,inventory/ams/assets/uploads/assetsre/ap/1709949316WhatsApp_Image_2024-03-09_at_08_36_09.jpeg,LT,Aset,Corporate,,79,2025-03-12 08:48:13.000,2025-03-12 08:48:13.000,Warna Cream
4494,806,00806-FUR-MK-CFS-PTRE-13,00806-FUR-MK-CFS-PTRE-13,335,FUR-MK,236,Dipinjam,Bagus,0.0,inventory/ams/inventoryPhoto/1709949282WhatsApp_Image_2024-03-09_at_08_36_09.jpeg,inventory/ams/assets/uploads/assetsre/ap/1709949282WhatsApp_Image_2024-03-09_at_08_36_09.jpeg,LT,Aset,Corporate,,79,2025-03-12 08:48:21.000,2025-03-12 08:48:21.000,Warna Cream
4495,807,00807-FUR-MK-CFS-PTRE-13,00807-FUR-MK-CFS-PTRE-13,335,FUR-MK,236,Dipinjam,Bagus,0.0,inventory/ams/inventoryPhoto/1709949247WhatsApp_Image_2024-03-09_at_08_36_09.jpeg,inventory/ams/assets/uploads/assetsre/ap/1709949247WhatsApp_Image_2024-03-09_at_08_36_09.jpeg,LT,Aset,Corporate,,79,2025-03-12 08:48:31.000,2025-03-12 08:48:31.000,Warna Cream
4496,808,00808-FUR-MK-CFS-PTRE-13,00808-FUR-MK-CFS-PTRE-13,335,FUR-MK,236,Dipinjam,Bagus,0.0,inventory/ams/inventoryPhoto/1709949211WhatsApp_Image_2024-03-09_at_08_36_09.jpeg,inventory/ams/assets/uploads/assetsre/ap/1709949211WhatsApp_Image_2024-03-09_at_08_36_09.jpeg,LT,Aset,Corporate,,79,2025-03-12 08:48:50.000,2025-03-12 08:48:50.000,Warna Cream
4497,809,00809-FUR-MK-CFS-PTRE-13,00809-FUR-MK-CFS-PTRE-13,335,FUR-MK,236,Dipinjam,Bagus,0.0,inventory/ams/inventoryPhoto/1709949171WhatsApp_Image_2024-03-09_at_08_36_09.jpeg,inventory/ams/assets/uploads/assetsre/ap/1709949171WhatsApp_Image_2024-03-09_at_08_36_09.jpeg,LT,Aset,Corporate,,79,2025-03-12 08:49:13.000,2025-03-12 08:49:13.000,Warna Cream
4498,810,00810-FUR-MK-CFS-PTRE-13,00810-FUR-MK-CFS-PTRE-13,335,FUR-MK,236,Dipinjam,Bagus,0.0,inventory/ams/inventoryPhoto/1709949137WhatsApp_Image_2024-03-09_at_08_36_09.jpeg,inventory/ams/assets/uploads/assetsre/ap/1709949137WhatsApp_Image_2024-03-09_at_08_36_09.jpeg,LT,Aset,Corporate,,79,2025-03-12 08:49:56.000,2025-03-12 08:49:56.000,Warna Cream
4499,811,00811-FUR-MK-CFS-PTRE-13,00811-FUR-MK-CFS-PTRE-13,335,FUR-MK,236,Dipinjam,Bagus,0.0,inventory/ams/inventoryPhoto/1709949096WhatsApp_Image_2024-03-09_at_08_36_09.jpeg,inventory/ams/assets/uploads/assetsre/ap/1709949096WhatsApp_Image_2024-03-09_at_08_36_09.jpeg,LT,Aset,Corporate,,79,2025-03-12 08:50:05.000,2025-03-12 08:50:05.000,Warna Cream
4500,812,00812-FUR-MK-CFS-PTRE-13,00812-FUR-MK-CFS-PTRE-13,335,FUR-MK,236,Dipinjam,Bagus,0.0,inventory/ams/inventoryPhoto/1709949049WhatsApp_Image_2024-03-09_at_08_36_09.jpeg,inventory/ams/assets/uploads/assetsre/ap/1709949049WhatsApp_Image_2024-03-09_at_08_36_09.jpeg,LT,Aset,Corporate,,79,2025-03-12 08:50:16.000,2025-03-12 08:50:16.000,Warna Cream
4501,813,00813-FUR-MK-CFS-PTRE-13,00813-FUR-MK-CFS-PTRE-13,335,FUR-MK,236,Dipinjam,Bagus,0.0,inventory/ams/inventoryPhoto/1709949004WhatsApp_Image_2024-03-09_at_08_36_09.jpeg,inventory/ams/assets/uploads/assetsre/ap/1709949004WhatsApp_Image_2024-03-09_at_08_36_09.jpeg,LT,Aset,Corporate,,79,2025-03-12 08:50:29.000,2025-03-12 08:50:29.000,Warna Cream
4502,814,00814-FUR-MK-CFS-PTRE-13,00814-FUR-MK-CFS-PTRE-13,335,FUR-MK,236,Dipinjam,Bagus,0.0,inventory/ams/inventoryPhoto/1709948939WhatsApp_Image_2024-03-09_at_08_36_09.jpeg,inventory/ams/assets/uploads/assetsre/ap/1709948939WhatsApp_Image_2024-03-09_at_08_36_09.jpeg,LT,Aset,Corporate,,79,2025-03-12 08:50:44.000,2025-03-12 08:50:44.000,Warna Cream
4503,815,00815-FUR-MK-CFS-PTRE-13,00815-FUR-MK-CFS-PTRE-13,335,FUR-MK,236,Dipinjam,Bagus,0.0,inventory/ams/inventoryPhoto/1709948885WhatsApp_Image_2024-03-09_at_08_36_09.jpeg,inventory/ams/assets/uploads/assetsre/ap/1709948885WhatsApp_Image_2024-03-09_at_08_36_09.jpeg,LT,Aset,Corporate,,79,2025-03-12 08:51:08.000,2025-03-12 08:51:08.000,Warna Cream
4504,816,00816-FUR-MK-CFS-PTRE-13,00816-FUR-MK-CFS-PTRE-13,335,FUR-MK,236,Dipinjam,Bagus,0.0,inventory/ams/inventoryPhoto/1709948836WhatsApp_Image_2024-03-09_at_08_36_09.jpeg,inventory/ams/assets/uploads/assetsre/ap/1709948836WhatsApp_Image_2024-03-09_at_08_36_09.jpeg,LT,Aset,Corporate,,79,2025-03-12 08:50:58.000,2025-03-12 08:50:58.000,Warna Cream
4505,817,00817-FUR-MK-CFS-PTRE-13,00817-FUR-MK-CFS-PTRE-13,335,FUR-MK,236,Dipinjam,Bagus,0.0,inventory/ams/inventoryPhoto/1709948794WhatsApp_Image_2024-03-09_at_08_36_09.jpeg,inventory/ams/assets/uploads/assetsre/ap/1709948794WhatsApp_Image_2024-03-09_at_08_36_09.jpeg,LT,Aset,Corporate,,79,2025-03-12 08:51:16.000,2025-03-12 08:51:16.000,Warna Cream
4506,818,00818-FUR-MK-CFS-PTRE-13,00818-FUR-MK-CFS-PTRE-13,335,FUR-MK,236,Dipinjam,Bagus,0.0,inventory/ams/inventoryPhoto/1709948750WhatsApp_Image_2024-03-09_at_08_36_09.jpeg,inventory/ams/assets/uploads/assetsre/ap/1709948750WhatsApp_Image_2024-03-09_at_08_36_09.jpeg,LT,Aset,Corporate,,79,2024-03-09 08:45:50.000,2024-03-09 08:45:50.000,Warna Cream
4507,819,00819-FUR-MK-CFS-PTRE-13,00819-FUR-MK-CFS-PTRE-13,335,FUR-MK,236,Dipinjam,Bagus,0.0,inventory/ams/inventoryPhoto/1709948692WhatsApp_Image_2024-03-09_at_08_36_09.jpeg,inventory/ams/assets/uploads/assetsre/ap/1709948692WhatsApp_Image_2024-03-09_at_08_36_09.jpeg,LT,Aset,Corporate,,79,2024-03-09 08:44:52.000,2024-03-09 08:44:52.000,Warna Cream
4508,820,00820-FUR-MK-CFS-PTRE-13,00820-FUR-MK-CFS-PTRE-13,335,FUR-MK,236,Dipinjam,Bagus,0.0,inventory/ams/inventoryPhoto/1709948592WhatsApp_Image_2024-03-09_at_08_36_09.jpeg,inventory/ams/assets/uploads/assetsre/ap/1709948592WhatsApp_Image_2024-03-09_at_08_36_09.jpeg,LT,Aset,Corporate,,79,2024-03-09 08:43:12.000,2024-03-09 08:43:12.000,Warna Cream
4509,821,00821-FUR-MK-CFS-PTRE-13,00821-FUR-MK-CFS-PTRE-13,335,FUR-MK,236,Dipinjam,Bagus,0.0,inventory/ams/inventoryPhoto/1709948537WhatsApp_Image_2024-03-09_at_08_36_09.jpeg,inventory/ams/assets/uploads/assetsre/ap/1709948537WhatsApp_Image_2024-03-09_at_08_36_09.jpeg,LT,Aset,Corporate,,79,2025-03-12 08:51:27.000,2025-03-12 08:51:27.000,Warna Cream
4510,822,00822-FUR-MK-CFS-PTRE-13,00822-FUR-MK-CFS-PTRE-13,335,FUR-MK,117,Tersedia,Bagus,0.0,inventory/ams/inventoryPhoto/1726801241MEJA_KERJA_DEPT.jpeg,inventory/ams/assets/uploads/assetsre/ap/1726801241MEJA_KERJA_DEPT.jpeg,LT,Aset,Corporate,10780,1,2024-09-20 10:00:41.000,2024-09-20 10:00:41.000,Warna Cream
4511,823,00823-FUR-MK-CFS-PTRE-13,00823-FUR-MK-CFS-PTRE-13,335,FUR-MK,117,Tersedia,Bagus,0.0,inventory/ams/inventoryPhoto/1726801263MEJA_KERJA_DEPT.jpeg,inventory/ams/assets/uploads/assetsre/ap/1726801263MEJA_KERJA_DEPT.jpeg,LT,Aset,Corporate,10780,1,2024-09-20 10:01:03.000,2024-09-20 10:01:03.000,Warna Cream
4512,825,00825-FUR-MK-CFS-PTRE-13,00825-FUR-MK-CFS-PTRE-13,335,FUR-MK,117,Tersedia,Bagus,0.0,inventory/ams/inventoryPhoto/1726801249MEJA_KERJA_DEPT.jpeg,inventory/ams/assets/uploads/assetsre/ap/1726801249MEJA_KERJA_DEPT.jpeg,LT,Aset,Corporate,10780,1,2024-09-20 10:00:49.000,2024-09-20 10:00:49.000,Warna Cream
4513,826,00826-FUR-MK-CFS-PTRE-13,00826-FUR-MK-CFS-PTRE13,335,FUR-MK,117,Tersedia,Bagus,0.0,inventory/ams/inventoryPhoto/1726801252MEJA_KERJA_DEPT.jpeg,inventory/ams/assets/uploads/assetsre/ap/1726801252MEJA_KERJA_DEPT.jpeg,LT,Aset,Corporate,10780,1,2024-09-20 10:00:52.000,2024-09-20 10:00:52.000,Warna Cream
4514,827,00827-FUR-MK-CFS-PTRE-13,00827-FUR-MK-CFS-PTRE-13,335,FUR-MK,117,Tersedia,Bagus,0.0,inventory/ams/inventoryPhoto/1726801270MEJA_KERJA_DEPT.jpeg,inventory/ams/assets/uploads/assetsre/ap/1726801270MEJA_KERJA_DEPT.jpeg,LT,Aset,Corporate,10780,1,2024-09-20 10:01:10.000,2024-09-20 10:01:10.000,Warna Cream
4515,828,00828-FUR-MK-CFS-PTRE-13,00828-FUR-MK-CFS-PTRE-13,335,FUR-MK,165,Tidak Aktif,Bagus,0.0,inventory/ams/inventoryPhoto/1602730871meja_cream.jpg,inventory/ams/assets/uploads/assetsre/ap/1602730871meja_cream.jpg,LT,Aset,Corporate,,65,2024-07-31 14:42:34.000,2024-07-31 14:42:34.000,Warna Cream
4516,830,00830-FUR-MK-CFS-PTRE-13,00830-FUR-MK-CFS-PTRE-13,335,FUR-MK,165,Tidak Aktif,Bagus,0.0,inventory/ams/inventoryPhoto/1602731028meja_cream.jpg,inventory/ams/assets/uploads/assetsre/ap/1602731028meja_cream.jpg,LT,Aset,Corporate,,65,2024-07-31 14:43:20.000,2024-07-31 14:43:20.000,Warna Cream
4517,831,00831-FUR-MK-CFS-PTRE-13,00831-FURMK-CFS-PTRE-13,335,FUR-MK,165,Tidak Aktif,Bagus,0.0,inventory/ams/inventoryPhoto/1602730776meja_cream.jpg,inventory/ams/assets/uploads/assetsre/ap/1602730776meja_cream.jpg,LT,Aset,Corporate,,65,2024-07-31 14:42:27.000,2024-07-31 14:42:27.000,Warna Cream
4518,832,00832-FUR-MK-CFS-PTRE-13,00832-FUR-MK-CFS-PTRE-13,335,FUR-MK,165,Tidak Aktif,Bagus,0.0,inventory/ams/inventoryPhoto/1602730704meja_cream.jpg,inventory/ams/assets/uploads/assetsre/ap/1602730704meja_cream.jpg,LT,Aset,Corporate,,65,2024-07-31 14:42:07.000,2024-07-31 14:42:07.000,Warna Cream
4519,833,00833-FUR-MK-CFS-PTRE-13,00833-FUR-MK-CFS-PTRE-13,335,FUR-MK,165,Tidak Aktif,Bagus,0.0,inventory/ams/inventoryPhoto/1602730633meja_cream.jpg,inventory/ams/assets/uploads/assetsre/ap/1602730633meja_cream.jpg,LT,Aset,Corporate,,65,2024-07-31 14:42:55.000,2024-07-31 14:42:55.000,Warna Cream
4520,834,00834-FUR-MK-CFS-PTRE-13,00834-FUR-MK-CFS-PTRE-13,335,FUR-MK,165,Tidak Aktif,Bagus,0.0,inventory/ams/inventoryPhoto/1602730570meja_cream.jpg,inventory/ams/assets/uploads/assetsre/ap/1602730570meja_cream.jpg,LT,Aset,Corporate,,65,2024-07-31 14:42:00.000,2024-07-31 14:42:00.000,Warna Cream
4521,835,00835-FUR-MK-CFS-PTRE-13,00835-FUR-MK-CFS-PTRE-13,335,FUR-MK,165,Tidak Aktif,Bagus,0.0,inventory/ams/inventoryPhoto/1602730488meja_cream.jpg,inventory/ams/assets/uploads/assetsre/ap/1602730488meja_cream.jpg,LT,Aset,Corporate,,65,2024-07-31 14:40:59.000,2024-07-31 14:40:59.000,Warna Cream
4522,836,00836-FUR-MK-CFS-PTRE-13,00836-FUR-MK-CFS-PTRE-13,335,FUR-MK,165,Tidak Aktif,Bagus,0.0,inventory/ams/inventoryPhoto/1602730393meja_cream.jpg,inventory/ams/assets/uploads/assetsre/ap/1602730393meja_cream.jpg,LT,Aset,Corporate,,65,2024-07-31 14:40:43.000,2024-07-31 14:40:43.000,Warna Cream
4523,838,00838-FUR-MK-CFS-PTRE-13,00838-FUR-MK-CFS-PTRE-13,335,FUR-MK,232,Tidak Aktif,Bagus,0.0,inventory/ams/inventoryPhoto/1710235301WhatsApp_Image_2024-03-09_at_10_13_59.jpeg,inventory/ams/assets/uploads/assetsre/ap/1710235301WhatsApp_Image_2024-03-09_at_10_13_59.jpeg,LT,Aset,Corporate,,65,2024-03-12 23:14:21.000,2024-03-12 23:14:21.000,Warna Cream
4524,839,00839-FUR-MK-CFS-PTRE-13,00839-FUR-MK-CFS-PTRE-13,335,FUR-MK,232,Tidak Aktif,Bagus,0.0,inventory/ams/inventoryPhoto/1710235281WhatsApp_Image_2024-03-09_at_10_13_59.jpeg,inventory/ams/assets/uploads/assetsre/ap/1710235281WhatsApp_Image_2024-03-09_at_10_13_59.jpeg,LT,Aset,Corporate,,65,2024-03-12 23:14:31.000,2024-03-12 23:14:31.000,Warna Cream
4525,841,00841-FUR-MK-CFS-PTRE-13,00841-FUR-MK-CFS-PTRE-13,335,FUR-MK,232,Dipinjam,Bagus,0.0,inventory/ams/inventoryPhoto/1710235265WhatsApp_Image_2024-03-09_at_10_13_59.jpeg,inventory/ams/assets/uploads/assetsre/ap/1710235265WhatsApp_Image_2024-03-09_at_10_13_59.jpeg,LT,Aset,Corporate,,65,2026-05-29 10:00:03.000,2026-05-29 10:00:03.000,Warna Cream
4526,842,00842-FUR-MK-CFS-PTRE-13,00842-FUR-MK-CFS-PTRE-13,335,FUR-MK,232,Dipinjam,Bagus,0.0,inventory/ams/inventoryPhoto/1710235249WhatsApp_Image_2024-03-09_at_10_13_59.jpeg,inventory/ams/assets/uploads/assetsre/ap/1710235249WhatsApp_Image_2024-03-09_at_10_13_59.jpeg,LT,Aset,Corporate,,65,2024-03-12 16:20:49.000,2024-03-12 16:20:49.000,Warna Cream
4527,843,00843-FUR-MK-CFS-PTRE-13,00843-FUR-MK-CFS-PTRE-13,335,FUR-MK,232,Dipinjam,Bagus,0.0,inventory/ams/inventoryPhoto/1710235233WhatsApp_Image_2024-03-09_at_10_13_59.jpeg,inventory/ams/assets/uploads/assetsre/ap/1710235233WhatsApp_Image_2024-03-09_at_10_13_59.jpeg,LT,Aset,Corporate,,65,2024-03-12 16:20:33.000,2024-03-12 16:20:33.000,Warna Cream
4528,844,00844-FUR-MK-CFS-PTRE-16,00844-FUR-KK-CFS-PTRE-16,335,FUR-MK,232,Dipinjam,Bagus,0.0,inventory/ams/inventoryPhoto/1710235214WhatsApp_Image_2024-03-09_at_10_13_59.jpeg,inventory/ams/assets/uploads/assetsre/ap/1710235214WhatsApp_Image_2024-03-09_at_10_13_59.jpeg,LT,Aset,Corporate,,65,2024-03-12 16:20:14.000,2024-03-12 16:20:14.000,Warna Cream
4529,845,00845-FUR-MK-CFS-PTRE-13,00845-FUR-MK-CFS-PTRE-13,335,FUR-MK,232,Dipinjam,Bagus,0.0,inventory/ams/inventoryPhoto/1710235198WhatsApp_Image_2024-03-09_at_10_13_59.jpeg,inventory/ams/assets/uploads/assetsre/ap/1710235198WhatsApp_Image_2024-03-09_at_10_13_59.jpeg,LT,Aset,Corporate,,65,2024-03-12 16:19:58.000,2024-03-12 16:19:58.000,Warna Cream
4530,846,00846-FUR-MK-CFS-PTRE-13,00846-FUR-MK-CFS-PTRE-13,335,FUR-MK,232,Dipinjam,Bagus,0.0,inventory/ams/inventoryPhoto/1710235173WhatsApp_Image_2024-03-09_at_10_13_59.jpeg,inventory/ams/assets/uploads/assetsre/ap/1710235173WhatsApp_Image_2024-03-09_at_10_13_59.jpeg,LT,Aset,Corporate,,65,2024-03-12 16:19:33.000,2024-03-12 16:19:33.000,Warna Cream
4531,847,00847-FUR-MK-CFS-PTRE-13,00847-FUR-MK-CFS-PTRE-13,335,FUR-MK,232,Dipinjam,Bagus,0.0,inventory/ams/inventoryPhoto/1710235155WhatsApp_Image_2024-03-09_at_10_13_59.jpeg,inventory/ams/assets/uploads/assetsre/ap/1710235155WhatsApp_Image_2024-03-09_at_10_13_59.jpeg,LT,Aset,Corporate,,65,2024-03-12 16:19:15.000,2024-03-12 16:19:15.000,Warna Cream
4532,848,00848-FUR-MK-CFS-PTRE-13,00848-FUR-MK-CFS-PTRE-13,335,FUR-MK,232,Dipinjam,Bagus,0.0,inventory/ams/inventoryPhoto/1710235135WhatsApp_Image_2024-03-09_at_10_13_59.jpeg,inventory/ams/assets/uploads/assetsre/ap/1710235135WhatsApp_Image_2024-03-09_at_10_13_59.jpeg,LT,Aset,Corporate,,65,2024-03-12 16:18:55.000,2024-03-12 16:18:55.000,Warna Cream
4533,849,00849-FUR-MK-CFS-PTRE-13,00849-FUR-MK-CFS-PTRE-13,335,FUR-MK,232,Dipinjam,Bagus,0.0,inventory/ams/inventoryPhoto/1710235105WhatsApp_Image_2024-03-09_at_10_13_59.jpeg,inventory/ams/assets/uploads/assetsre/ap/1710235105WhatsApp_Image_2024-03-09_at_10_13_59.jpeg,LT,Aset,Corporate,,65,2024-03-12 16:18:25.000,2024-03-12 16:18:25.000,Warna Cream
4534,850,00850-FUR-MK-CFS-PTRE-13,00850-FUR-Mk-CFS-PTRE-13,335,FUR-MK,232,Dipinjam,Bagus,0.0,inventory/ams/inventoryPhoto/1710235086WhatsApp_Image_2024-03-09_at_10_13_59.jpeg,inventory/ams/assets/uploads/assetsre/ap/1710235086WhatsApp_Image_2024-03-09_at_10_13_59.jpeg,LT,Aset,Corporate,,65,2024-03-12 16:18:06.000,2024-03-12 16:18:06.000,Warna Cream
4535,851,00851-FUR-MK-CFS-PTRE-13,00851-FUR-MK-CFS-PTRE-13,335,FUR-MK,232,Dipinjam,Bagus,0.0,inventory/ams/inventoryPhoto/1710235068WhatsApp_Image_2024-03-09_at_10_13_59.jpeg,inventory/ams/assets/uploads/assetsre/ap/1710235068WhatsApp_Image_2024-03-09_at_10_13_59.jpeg,LT,Aset,Corporate,,65,2024-03-12 16:17:48.000,2024-03-12 16:17:48.000,Warna Cream
4536,852,00852-FUR-MK-CFS-PTRE-13,00852-FUR-MK-CFS-PTRE-13,335,FUR-MK,232,Dipinjam,Bagus,0.0,inventory/ams/inventoryPhoto/1710235048WhatsApp_Image_2024-03-09_at_10_13_59.jpeg,inventory/ams/assets/uploads/assetsre/ap/1710235048WhatsApp_Image_2024-03-09_at_10_13_59.jpeg,LT,Aset,Corporate,,65,2024-03-12 16:17:28.000,2024-03-12 16:17:28.000,Warna Cream
4537,853,00853-FUR-MK-CFS-PTRE-13,00853-FUR-MK-CFS-PTRE-13,335,FUR-MK,232,Dipinjam,Bagus,0.0,inventory/ams/inventoryPhoto/1710235031WhatsApp_Image_2024-03-09_at_10_13_59.jpeg,inventory/ams/assets/uploads/assetsre/ap/1710235031WhatsApp_Image_2024-03-09_at_10_13_59.jpeg,LT,Aset,Corporate,,65,2024-03-12 16:17:11.000,2024-03-12 16:17:11.000,Warna Cream
4538,854,00854-FUR-MK-CFS-PTRE-13,00854-FUR-MK-CFS-PTRE-13,335,FUR-MK,232,Dipinjam,Bagus,0.0,inventory/ams/inventoryPhoto/1710234999WhatsApp_Image_2024-03-09_at_10_13_59.jpeg,inventory/ams/assets/uploads/assetsre/ap/1710234999WhatsApp_Image_2024-03-09_at_10_13_59.jpeg,LT,Aset,Corporate,,65,2024-03-12 16:16:39.000,2024-03-12 16:16:39.000,Warna Cream
4539,855,00855-FUR-MK-CFS-PTRE-13,00855-FUR-MK-CFS-PTRE-13,335,FUR-MK,232,Dipinjam,Bagus,0.0,inventory/ams/inventoryPhoto/1710234980WhatsApp_Image_2024-03-09_at_10_13_59.jpeg,inventory/ams/assets/uploads/assetsre/ap/1710234980WhatsApp_Image_2024-03-09_at_10_13_59.jpeg,LT,Aset,Corporate,,65,2024-03-12 16:16:20.000,2024-03-12 16:16:20.000,Warna Cream
4540,856,00856-FUR-MK-CFS-PTRE-13,00856-FUR-MK-CFS-PTRE-13,340,FUR-MK,232,Dipinjam,Bagus,0.0,inventory/ams/inventoryPhoto/1710234960WhatsApp_Image_2024-03-09_at_10_13_59.jpeg,inventory/ams/assets/uploads/assetsre/ap/1710234960WhatsApp_Image_2024-03-09_at_10_13_59.jpeg,LT,Aset,Corporate,10780,1,2025-02-14 10:51:58.000,2025-02-14 10:51:58.000,Warna Cream
4541,857,00857-FUR-MK-CFS-PTRE-13,00857-FUR-MK-CFS-PTRE-13,340,FUR-MK,232,Dipinjam,Bagus,0.0,inventory/ams/inventoryPhoto/1710234862WhatsApp_Image_2024-03-09_at_10_13_59.jpeg,inventory/ams/assets/uploads/assetsre/ap/1710234862WhatsApp_Image_2024-03-09_at_10_13_59.jpeg,LT,Aset,Corporate,10780,1,2025-02-14 10:52:05.000,2025-02-14 10:52:05.000,Warna Cream
4542,858,00858-FUR-MK-CFS-PTRE-13,00858-FUR-MK-CFS-PTRE-13,335,FUR-MK,166,Tidak Aktif,Bagus,0.0,inventory/ams/inventoryPhoto/1602641201images_(4).jpg,inventory/ams/assets/uploads/assetsre/ap/1602641201images_(4).jpg,LT,Aset,Corporate,,1,2024-07-31 14:47:35.000,2024-07-31 14:47:35.000,Warna Cream
4543,859,00859-FUR-MK-CFS-PTRE-13,00859-FUR-MK-CFS-PTRE-13,335,FUR-MK,166,Tidak Aktif,Bagus,0.0,inventory/ams/inventoryPhoto/1602641364meja_cream.jpg,inventory/ams/assets/uploads/assetsre/ap/1602641364meja_cream.jpg,LT,Aset,Corporate,,1,2024-07-31 14:47:23.000,2024-07-31 14:47:23.000,Warna Cream
4544,862,00862-FUR-MK-CFS-PTRE-13,00862-FUR-MK-CFS-PTRE-13,335,FUR-MK,166,Tidak Aktif,Bagus,0.0,inventory/ams/inventoryPhoto/1602642998images_(4).jpg,inventory/ams/assets/uploads/assetsre/ap/1602642998images_(4).jpg,LT,Aset,Corporate,,1,2024-07-31 14:47:09.000,2024-07-31 14:47:09.000,Warna Cream
4545,863,00863-FUR-MK-CFS-PTRE-13,00863-FUR-MK-CFS-PTRE-13,335,FUR-MK,232,Tersedia,Bagus,0.0,inventory/ams/inventoryPhoto/1710234819WhatsApp_Image_2024-03-09_at_10_13_59.jpeg,inventory/ams/assets/uploads/assetsre/ap/1710234819WhatsApp_Image_2024-03-09_at_10_13_59.jpeg,LT,Aset,Corporate,10780,65,2025-02-14 10:52:13.000,2025-02-14 10:52:13.000,Warna Cream
4546,864,00864-FUR-MK-CFS-PTRE-13,00864-FUR-mk-CFS-PTRE-13,335,FUR-MK,232,Tersedia,Bagus,0.0,inventory/ams/inventoryPhoto/1710234799WhatsApp_Image_2024-03-09_at_10_13_59.jpeg,inventory/ams/assets/uploads/assetsre/ap/1710234799WhatsApp_Image_2024-03-09_at_10_13_59.jpeg,LT,Aset,Corporate,10780,65,2025-02-14 10:52:21.000,2025-02-14 10:52:21.000,Warna Cream
4547,865,00865-FUR-MK-CFS-PTRE-13,00865-FUR-MK-CFS-PTRE-13,335,FUR-MK,232,Tersedia,Bagus,0.0,inventory/ams/inventoryPhoto/1710234779WhatsApp_Image_2024-03-09_at_10_13_59.jpeg,inventory/ams/assets/uploads/assetsre/ap/1710234779WhatsApp_Image_2024-03-09_at_10_13_59.jpeg,LT,Aset,Corporate,10780,65,2025-02-14 10:52:28.000,2025-02-14 10:52:28.000,Warna Cream
4548,866,00866-FUR-MK-CFS-PTRE-13,00866-FUR-MK-CFS-PTRE-13,335,FUR-MK,232,Tersedia,Bagus,0.0,inventory/ams/inventoryPhoto/1710234750WhatsApp_Image_2024-03-09_at_10_13_59.jpeg,inventory/ams/assets/uploads/assetsre/ap/1710234750WhatsApp_Image_2024-03-09_at_10_13_59.jpeg,LT,Aset,Corporate,10780,65,2025-02-14 10:52:35.000,2025-02-14 10:52:35.000,Warna Cream
4549,867,00867-FUR-MK-CFS-PTRE-13,00867-FUR-MK-CFS-PTRE-13,335,FUR-MK,232,Tersedia,Bagus,0.0,inventory/ams/inventoryPhoto/1710234732WhatsApp_Image_2024-03-09_at_10_13_59.jpeg,inventory/ams/assets/uploads/assetsre/ap/1710234732WhatsApp_Image_2024-03-09_at_10_13_59.jpeg,LT,Aset,Corporate,10780,65,2025-02-14 10:53:03.000,2025-02-14 10:53:03.000,Warna Cream
4550,869,00869-FUR-MK-CFS-PTRE-13,00869-FUR-MK-CFS-PTRE-13,335,FUR-MK,232,Tersedia,Bagus,0.0,inventory/ams/inventoryPhoto/1710234716WhatsApp_Image_2024-03-09_at_10_13_59.jpeg,inventory/ams/assets/uploads/assetsre/ap/1710234716WhatsApp_Image_2024-03-09_at_10_13_59.jpeg,LT,Aset,Corporate,10780,65,2025-02-14 10:52:57.000,2025-02-14 10:52:57.000,Warna Cream
4551,872,00872-FUR-MK-CFS-PTRE-13,00872-FUR-MK-CFS-PTRE-13,335,FUR-MK,232,Tersedia,Bagus,0.0,inventory/ams/inventoryPhoto/1710234700WhatsApp_Image_2024-03-09_at_10_13_59.jpeg,inventory/ams/assets/uploads/assetsre/ap/1710234700WhatsApp_Image_2024-03-09_at_10_13_59.jpeg,LT,Aset,Corporate,10780,65,2025-02-14 10:53:11.000,2025-02-14 10:53:11.000,Warna Cream
4552,873,00873-FUR-MK-CFS-PTRE-13,00873-FUR-MK-CFS-PTRE-13,335,FUR-MK,232,Tersedia,Bagus,0.0,inventory/ams/inventoryPhoto/1710234679WhatsApp_Image_2024-03-09_at_10_13_59.jpeg,inventory/ams/assets/uploads/assetsre/ap/1710234679WhatsApp_Image_2024-03-09_at_10_13_59.jpeg,LT,Aset,Corporate,10780,65,2025-11-18 09:57:47.000,2025-11-18 09:57:47.000,Warna Cream
4553,876,00876-FUR-MK-CFS-PTRE-13,00876-FUR-MK-CFS-PTRE-13,335,FUR-MK,232,Tersedia,Bagus,0.0,inventory/ams/inventoryPhoto/1710234661WhatsApp_Image_2024-03-09_at_10_13_59.jpeg,inventory/ams/assets/uploads/assetsre/ap/1710234661WhatsApp_Image_2024-03-09_at_10_13_59.jpeg,LT,Aset,Corporate,10780,65,2025-11-18 09:57:40.000,2025-11-18 09:57:40.000,Warna Cream
4554,877,00877-FUR-MK-CFS-PTRE-13,00877-FUR-MK-CFS-PTRE-13,335,FUR-MK,232,Tersedia,Bagus,0.0,inventory/ams/inventoryPhoto/1710234642WhatsApp_Image_2024-03-09_at_10_13_59.jpeg,inventory/ams/assets/uploads/assetsre/ap/1710234642WhatsApp_Image_2024-03-09_at_10_13_59.jpeg,LT,Aset,Corporate,10780,65,2025-11-18 09:57:31.000,2025-11-18 09:57:31.000,Warna Cream
4555,878,00878-FUR-MK-CFS-PTRE-13,00878-FUR-MK-CFS-PTRE-13,335,FUR-MK,232,Tersedia,Bagus,0.0,inventory/ams/inventoryPhoto/1710234623WhatsApp_Image_2024-03-09_at_10_13_59.jpeg,inventory/ams/assets/uploads/assetsre/ap/1710234623WhatsApp_Image_2024-03-09_at_10_13_59.jpeg,LT,Aset,Corporate,10780,65,2025-11-18 09:57:23.000,2025-11-18 09:57:23.000,Warna Cream
4556,879,00879-FUR-MK-CFS-PTRE-16,00879-FUR-LC-CFS-PTRE-16,335,FUR-MK,232,Tersedia,Bagus,0.0,inventory/ams/inventoryPhoto/1710234603WhatsApp_Image_2024-03-09_at_10_13_59.jpeg,inventory/ams/assets/uploads/assetsre/ap/1710234603WhatsApp_Image_2024-03-09_at_10_13_59.jpeg,LT,Aset,Corporate,10780,65,2025-11-18 09:57:10.000,2025-11-18 09:57:10.000,Warna Cream
4557,880,00880-FUR-MK-CFS-PTRE-13,00880-FUR-MK-CFS-PTRE-13,335,FUR-MK,232,Tersedia,Bagus,0.0,inventory/ams/inventoryPhoto/1710234585WhatsApp_Image_2024-03-09_at_10_13_59.jpeg,inventory/ams/assets/uploads/assetsre/ap/1710234585WhatsApp_Image_2024-03-09_at_10_13_59.jpeg,LT,Aset,Corporate,10780,65,2025-11-18 09:56:59.000,2025-11-18 09:56:59.000,Warna Cream
4558,881,00881-FUR-MK-CFS-PTRE-13,00881-FUR-MK-CFS-PTRE-13,335,FUR-MK,232,Tersedia,Bagus,0.0,inventory/ams/inventoryPhoto/1710234565WhatsApp_Image_2024-03-09_at_10_13_59.jpeg,inventory/ams/assets/uploads/assetsre/ap/1710234565WhatsApp_Image_2024-03-09_at_10_13_59.jpeg,LT,Aset,Corporate,10780,65,2025-11-18 09:56:51.000,2025-11-18 09:56:51.000,Warna Cream
4559,882,00882-FUR-MK-CFS-PTRE-13,00882-FUR-MK-CFS-PTRE-13,335,FUR-MK,232,Tersedia,Bagus,0.0,inventory/ams/inventoryPhoto/1710234547WhatsApp_Image_2024-03-09_at_10_13_59.jpeg,inventory/ams/assets/uploads/assetsre/ap/1710234547WhatsApp_Image_2024-03-09_at_10_13_59.jpeg,LT,Aset,Corporate,10780,65,2025-11-18 09:56:42.000,2025-11-18 09:56:42.000,Warna Cream
4560,884,00884-FUR-MK-CFS-PTRE-13,00884-FUR-MK-CFS-PTRE-13,335,FUR-MK,232,Tersedia,Bagus,0.0,inventory/ams/inventoryPhoto/1710234524WhatsApp_Image_2024-03-09_at_10_13_59.jpeg,inventory/ams/assets/uploads/assetsre/ap/1710234524WhatsApp_Image_2024-03-09_at_10_13_59.jpeg,LT,Aset,Corporate,10780,65,2025-11-18 09:56:31.000,2025-11-18 09:56:31.000,Warna Cream
4561,885,00885-FUR-MK-CFS-PTRE-13,00885-FUR-MK-CFS-PTRE-13,340,FUR-MK,232,Tersedia,Bagus,0.0,inventory/ams/inventoryPhoto/1710234502WhatsApp_Image_2024-03-09_at_10_13_59.jpeg,inventory/ams/assets/uploads/assetsre/ap/1710234502WhatsApp_Image_2024-03-09_at_10_13_59.jpeg,LT,Aset,Corporate,10780,65,2025-11-18 09:56:18.000,2025-11-18 09:56:18.000,Warna Cream
4562,911,00911-FUR-MK-CFS-PTRE-13,00911-FUR-MK-CFS-PTRE-13,335,FUR-MK,139,Tidak Aktif,Bagus,0.0,inventory/ams/inventoryPhoto/1603351596images_(4).jpg,inventory/ams/assets/uploads/assetsre/ap/1603351596images_(4).jpg,LT,Aset,Corporate,,65,2024-07-30 13:31:18.000,2024-07-30 13:31:18.000,Warna Cream
4563,913,00913-FUR-MK-CFS-PTRE-16,00913-FUR-MK-CFS-PTRE-16,337,FUR-MK,139,Tidak Aktif,Bagus,0.0,inventory/ams/inventoryPhoto/1603351241images_(4).jpg,inventory/ams/assets/uploads/assetsre/ap/1603351241images_(4).jpg,LT,Aset,Corporate,,65,2024-07-30 13:31:10.000,2024-07-30 13:31:10.000,Warna Lainnya
4564,914,00914-FUR-MK-CFS-PTRE-16,00914-FUR-MK-CFS-PTRE-16,342,FUR-MK,115,Tersedia,Bagus,0.0,inventory/ams/inventoryPhoto/1603351097images_(4).jpg,inventory/ams/assets/uploads/assetsre/ap/1603351097images_(4).jpg,LT,Inventaris,Corporate,10780,65,2026-09-07 13:20:48.000,2026-09-07 13:20:48.000,
4565,915,00915-FUR-MK-CFS-PTRE-13,00915-FUR-MK-CFS-PTRE-13,342,FUR-MK,115,Tersedia,Bagus,0.0,inventory/ams/inventoryPhoto/1603350925images_(4).jpg,inventory/ams/assets/uploads/assetsre/ap/1603350925images_(4).jpg,LT,Inventaris,Corporate,10780,65,2026-09-07 13:21:22.000,2026-09-07 13:21:22.000,
4566,916,00916-FUR-MK-CFS-PTRE-16,00916-FUR-MK-CFS-PTRE-16,335,FUR-MK,139,Tidak Aktif,Bagus,0.0,inventory/ams/inventoryPhoto/1603350583images_(4).jpg,inventory/ams/assets/uploads/assetsre/ap/1603350583images_(4).jpg,LT,Aset,Corporate,,65,2024-07-30 13:31:56.000,2024-07-30 13:31:56.000,Warna Cream
4567,917,00917-FUR-MK-CFS-PTRE-16,00917-FUR-MK-CFS-PTRE-16,335,FUR-MK,139,Tidak Aktif,Bagus,0.0,inventory/ams/inventoryPhoto/1603350500images_(4).jpg,inventory/ams/assets/uploads/assetsre/ap/1603350500images_(4).jpg,LT,Aset,Corporate,,65,2024-07-30 13:32:39.000,2024-07-30 13:32:39.000,Warna Cream
4568,918,00918-FUR-MK-CFS-PTRE-13,00918-FUR-MK-CFS-PTRE-13,335,FUR-MK,139,Tidak Aktif,Bagus,0.0,inventory/ams/inventoryPhoto/1603350425images_(4).jpg,inventory/ams/assets/uploads/assetsre/ap/1603350425images_(4).jpg,LT,Aset,Corporate,,65,2024-07-30 13:31:29.000,2024-07-30 13:31:29.000,Warna Cream
4569,920,00920-FUR-MK-CFS-PTRE-13,00920-FUR-MK-CFS-PTRE-13,335,FUR-MK,139,Tidak Aktif,Bagus,0.0,inventory/ams/inventoryPhoto/1603350337images_(4).jpg,inventory/ams/assets/uploads/assetsre/ap/1603350337images_(4).jpg,LT,Aset,Corporate,,65,2024-07-30 13:32:03.000,2024-07-30 13:32:03.000,Warna Cream
4570,922,00922-FUR-MK-CFS-PTRE-16,00922-FUR-MK-CFS-PTRE-16,335,FUR-MK,139,Tidak Aktif,Bagus,0.0,inventory/ams/inventoryPhoto/1603350225images_(4).jpg,inventory/ams/assets/uploads/assetsre/ap/1603350225images_(4).jpg,LT,Aset,Corporate,,65,2024-07-30 13:31:43.000,2024-07-30 13:31:43.000,Warna Cream
4571,923,00923-FUR-MK-CFS-PTRE-13,00923-FUR-MK-CFS-PTRE-13,335,FUR-MK,139,Tidak Aktif,Bagus,0.0,inventory/ams/inventoryPhoto/1603350151images_(4).jpg,inventory/ams/assets/uploads/assetsre/ap/1603350151images_(4).jpg,LT,Aset,Corporate,,65,2024-07-30 13:33:07.000,2024-07-30 13:33:07.000,Warna Cream
4572,924,00924-FUR-MK-CFS-PTRE-13,00924-FUR-MK-CFS-PTRE-13,335,FUR-MK,139,Tidak Aktif,Bagus,0.0,inventory/ams/inventoryPhoto/1603350074images_(4).jpg,inventory/ams/assets/uploads/assetsre/ap/1603350074images_(4).jpg,LT,Aset,Corporate,,65,2024-07-30 13:31:51.000,2024-07-30 13:31:51.000,Warna Cream
4573,926,00926-FUR-MK-CFS-PTRE-13,00926-FUR-MK-CFS-PTRE-13,335,FUR-MK,139,Tidak Aktif,Bagus,0.0,inventory/ams/inventoryPhoto/1603349991images_(4).jpg,inventory/ams/assets/uploads/assetsre/ap/1603349991images_(4).jpg,LT,Aset,Corporate,,65,2024-07-30 13:32:17.000,2024-07-30 13:32:17.000,Warna Cream
4574,927,00927-FUR-MK-CFS-PTRE-13,00927-FUR-MK-CFS-PTRE-13,335,FUR-MK,139,Tidak Aktif,Bagus,0.0,inventory/ams/inventoryPhoto/1603349915images_(4).jpg,inventory/ams/assets/uploads/assetsre/ap/1603349915images_(4).jpg,LT,Aset,Corporate,,65,2024-07-30 13:32:11.000,2024-07-30 13:32:11.000,Warna Cream
4575,928,00928-FUR-MK-CFS-PTRE-13,00928-FUR-MK-CFS-PTRE-13,335,FUR-MK,139,Tidak Aktif,Bagus,0.0,inventory/ams/inventoryPhoto/1603349808images_(4).jpg,inventory/ams/assets/uploads/assetsre/ap/1603349808images_(4).jpg,LT,Aset,Corporate,,65,2024-07-30 13:32:54.000,2024-07-30 13:32:54.000,Warna Cream
4576,929,00929-FUR-MK-CFS-PTRE-16,00929-FUR-MK-CFS-PTRE-16,337,FUR-MK,223,Dipinjam,Bagus,0.0,inventory/ams/inventoryPhoto/1603180256unnamed.jpg,inventory/ams/assets/uploads/assetsre/ap/1603180256unnamed.jpg,LT,Aset,Corporate,10780,65,2025-03-18 14:11:31.000,2025-03-18 14:11:31.000,Warna Lainnya
4577,931,00931-FUR-MK-CFS-PTRE-13,00931-FUR-MK-CFS-PTRE-13,335,FUR-MK,139,Tidak Aktif,Bagus,0.0,inventory/ams/inventoryPhoto/1603349296images_(4).jpg,inventory/ams/assets/uploads/assetsre/ap/1603349296images_(4).jpg,LT,Aset,Corporate,,65,2024-07-30 13:33:01.000,2024-07-30 13:33:01.000,Warna Cream
4578,932,00932-FUR-MK-CFS-PTRE-13,00932-FUR-MK-CFS-PTRE-13,335,FUR-MK,139,Tidak Aktif,Bagus,0.0,inventory/ams/inventoryPhoto/1603349148images_(4).jpg,inventory/ams/assets/uploads/assetsre/ap/1603349148images_(4).jpg,LT,Aset,Corporate,,65,2024-07-30 13:32:24.000,2024-07-30 13:32:24.000,Warna Cream
4579,934,00934-FUR-MK-CFS-PTRE-13,00934-FUR-MK-CFS-PTRE-13,335,FUR-MK,139,Tidak Aktif,Bagus,0.0,inventory/ams/inventoryPhoto/1603349622images_(4).jpg,inventory/ams/assets/uploads/assetsre/ap/1603349622images_(4).jpg,LT,Aset,Corporate,,65,2024-07-30 13:38:41.000,2024-07-30 13:38:41.000,Warna Cream
4580,935,00935-FUR-MK-CFS-PTRE-13,00935-FUR-MK-CFS-PTRE-13,335,FUR-MK,139,Tidak Aktif,Bagus,0.0,inventory/ams/inventoryPhoto/1603349523images_(4).jpg,inventory/ams/assets/uploads/assetsre/ap/1603349523images_(4).jpg,LT,Aset,Corporate,,65,2024-07-30 13:32:30.000,2024-07-30 13:32:30.000,Warna Cream
4581,936,00936-FUR-MK-CFS-PTRE-13,00936-FUR-MK-CFS-PTRE-13,335,FUR-MK,139,Tidak Aktif,Bagus,0.0,inventory/ams/inventoryPhoto/1603349417images_(4).jpg,inventory/ams/assets/uploads/assetsre/ap/1603349417images_(4).jpg,LT,Aset,Corporate,,65,2024-07-30 13:38:13.000,2024-07-30 13:38:13.000,Warna Cream
4582,940,00940-FUR-MK-CFS-PTRE-14,00940-FUR-MK-CFS-PTRE-14,348,FUR-MK,174,Tidak Aktif,Bagus,0.0,inventory/ams/inventoryPhoto/1709104467WhatsApp_Image_2024-02-28_at_14_09_23.jpeg,inventory/ams/assets/uploads/assetsre/ap/1709104467WhatsApp_Image_2024-02-28_at_14_09_23.jpeg,LT,Aset,Corporate,,65,2024-02-28 14:14:27.000,2024-02-28 14:14:27.000,Warna Putih
4583,948,00948-FUR-MK-CFS-PTRE-13,00948-FUR-MK-CFS-PTRE-13,335,FUR-MK,121,Tersedia,Bagus,0.0,inventory/ams/inventoryPhoto/1726801205MEJA_KERJA.jpeg,inventory/ams/assets/uploads/assetsre/ap/1726801205MEJA_KERJA.jpeg,LT,Aset,Corporate,10780,65,2024-09-20 10:00:05.000,2024-09-20 10:00:05.000,Warna Cream
4584,967,00967-FUR-MK-CFS-PTRE-13,00967-FUR-MK-CFS-PTRE-13,335,FUR-MK,120,Tidak Aktif,Bagus,0.0,inventory/ams/inventoryPhoto/1603163253unnamed.jpg,inventory/ams/assets/uploads/assetsre/ap/1603163253unnamed.jpg,LT,Aset,Corporate,,65,2024-07-26 14:40:02.000,2024-07-26 14:40:02.000,Warna Cream
4585,986,00986-FUR-MK-CFS-PTRE-13,00986-FUR-MK-CFS-PTRE-13,335,FUR-MK,121,Tersedia,Bagus,0.0,inventory/ams/inventoryPhoto/1726801209MEJA_KERJA.jpeg,inventory/ams/assets/uploads/assetsre/ap/1726801209MEJA_KERJA.jpeg,LT,Aset,Corporate,10780,65,2025-02-12 17:19:37.000,2025-02-12 17:19:37.000,Warna Cream
4586,987,00987-FUR-MK-CFS-PTRE-13,00987-FUR-MK-CFS-PTRE-13,335,FUR-MK,121,Tersedia,Bagus,0.0,inventory/ams/inventoryPhoto/1726801202MEJA_KERJA.jpeg,inventory/ams/assets/uploads/assetsre/ap/1726801202MEJA_KERJA.jpeg,LT,Aset,Corporate,10780,65,2025-02-12 17:19:31.000,2025-02-12 17:19:31.000,Warna Cream
4587,1013,01013-FUR-MK-CFS-PTRE-14,01013-FUR-MK-CFS-PTRE-14,337,FUR-MK,117,Tersedia,Bagus,0.0,inventory/ams/inventoryPhoto/1726801196MEJA_KERJA.jpeg,inventory/ams/assets/uploads/assetsre/ap/1726801196MEJA_KERJA.jpeg,LT,Aset,Corporate,10780,1,2024-09-20 09:59:56.000,2024-09-20 09:59:56.000,Warna Lainnya
4588,1035,01035-FUR-MK-CFS-PTRE-14,01035-FUR-MK-CFS-PTRE-14,334,FUR-MK,137,Tersedia,Bagus,0.0,inventory/ams/inventoryPhoto/1726801192MEJA_KERJA.jpeg,inventory/ams/assets/uploads/assetsre/ap/1726801192MEJA_KERJA.jpeg,LT,Aset,Corporate,10780,79,2024-09-20 09:59:52.000,2024-09-20 09:59:52.000,Warna Cokelat
4589,1036,01036-FUR-MK-CFS-PTRE-14,01036-FUR-MK-CFS-PTRE-14,334,FUR-MK,137,Tersedia,Bagus,0.0,inventory/ams/inventoryPhoto/1726801181MEJA_KERJA.jpeg,inventory/ams/assets/uploads/assetsre/ap/1726801181MEJA_KERJA.jpeg,LT,Aset,Corporate,10780,79,2024-09-20 09:59:41.000,2024-09-20 09:59:41.000,Warna Cokelat
4590,1037,01037-FUR-MK-CFS-PTRE-14,01037-FUR-MK-CFS-PTRE-14,334,FUR-MK,137,Tersedia,Bagus,0.0,inventory/ams/inventoryPhoto/1726801166MEJA_KERJA.jpeg,inventory/ams/assets/uploads/assetsre/ap/1726801166MEJA_KERJA.jpeg,LT,Aset,Corporate,10780,79,2024-09-20 09:59:26.000,2024-09-20 09:59:26.000,Warna Cokelat
4591,1038,01038-FUR-MK-CFS-PTRE-14,01038-FUR-MK-CFS-PTRE-14,343,FUR-MK,192,Tidak Aktif,Bagus,0.0,inventory/ams/inventoryPhoto/1601883848images_(4).jpg,inventory/ams/assets/uploads/assetsre/ap/1601883848images_(4).jpg,LT,Inventaris,Corporate,,65,2024-02-28 11:50:27.000,2024-02-28 11:50:27.000,Warna Cream
4592,1039,01039-FUR-MK-CFS-PTRE-14,01039-FUR-MK-CFS-PTRE-14,343,FUR-MK,192,Tidak Aktif,Bagus,0.0,inventory/ams/inventoryPhoto/1601883994images_(4).jpg,inventory/ams/assets/uploads/assetsre/ap/1601883994images_(4).jpg,LT,Inventaris,Corporate,,65,2024-02-28 11:50:17.000,2024-02-28 11:50:17.000,Warna Cream
4593,1040,01040-FUR-MK-CFS-PTRE-14,01040-FUR-MK-CFS-PTRE-14,343,FUR-MK,192,Tidak Aktif,Bagus,0.0,inventory/ams/inventoryPhoto/1601884059images_(4).jpg,inventory/ams/assets/uploads/assetsre/ap/1601884059images_(4).jpg,LT,Inventaris,Corporate,,65,2024-02-28 11:50:04.000,2024-02-28 11:50:04.000,Warna Cream
4594,1041,01041-FUR-MK-CFS-PTRE-14,01041-FUR-MK-CFS-PTRE-14,343,FUR-MK,192,Tidak Aktif,Bagus,0.0,inventory/ams/inventoryPhoto/1601884110images_(4).jpg,inventory/ams/assets/uploads/assetsre/ap/1601884110images_(4).jpg,LT,Inventaris,Corporate,,65,2024-02-28 11:49:55.000,2024-02-28 11:49:55.000,Warna Cream
4595,1042,01042-FUR-MK-CFS-PTRE-14,01042-FUR-MK-CFS-PTRE-14,343,FUR-MK,192,Tidak Aktif,Bagus,0.0,inventory/ams/inventoryPhoto/1601884157images_(4)1.jpg,inventory/ams/assets/uploads/assetsre/ap/1601884157images_(4)1.jpg,LT,Inventaris,Corporate,,65,2024-02-28 11:49:48.000,2024-02-28 11:49:48.000,Warna Cream
4596,1043,01043-FUR-MK-CFS-PTRE-14,01043-FUR-MK-CFS-PTRE-14,343,FUR-MK,192,Tidak Aktif,Bagus,0.0,inventory/ams/inventoryPhoto/1601884206images_(4).jpg,inventory/ams/assets/uploads/assetsre/ap/1601884206images_(4).jpg,LT,Inventaris,Corporate,,65,2024-02-28 11:49:39.000,2024-02-28 11:49:39.000,Warna Cream
4597,1044,01044-FUR-MK-CFS-PTRE-14,01044-FUR-MK-CFS-PTRE-14,343,FUR-MK,192,Tidak Aktif,Bagus,0.0,inventory/ams/inventoryPhoto/1601884612images_(4).jpg,inventory/ams/assets/uploads/assetsre/ap/1601884612images_(4).jpg,LT,Inventaris,Corporate,,65,2024-02-28 11:49:31.000,2024-02-28 11:49:31.000,Warna Cream
4598,1045,01045-FUR-MK-CFS-PTRE-14,01045-FUR-MK-CFS-PTRE-14,343,FUR-MK,192,Tidak Aktif,Bagus,0.0,inventory/ams/inventoryPhoto/1601884584images_(4).jpg,inventory/ams/assets/uploads/assetsre/ap/1601884584images_(4).jpg,LT,Inventaris,Corporate,,65,2024-02-28 11:49:23.000,2024-02-28 11:49:23.000,Warna Cream
4599,1046,01046-FUR-MK-CFS-PTRE-14,01046-FUR-MK-CFS-PTRE-14,343,FUR-MK,192,Tidak Aktif,Bagus,0.0,inventory/ams/inventoryPhoto/1601884557images_(4).jpg,inventory/ams/assets/uploads/assetsre/ap/1601884557images_(4).jpg,LT,Inventaris,Corporate,,65,2024-02-28 11:49:13.000,2024-02-28 11:49:13.000,Warna Cream
4600,1047,01047-FUR-MK-CFS-PTRE-14,01047-FUR-MK-CFS-PTRE-14,343,FUR-MK,192,Tidak Aktif,Bagus,0.0,inventory/ams/inventoryPhoto/1601884530images_(4).jpg,inventory/ams/assets/uploads/assetsre/ap/1601884530images_(4).jpg,LT,Inventaris,Corporate,,65,2024-02-28 11:49:05.000,2024-02-28 11:49:05.000,Warna Cream
4601,1048,01048-FUR-MK-CFS-PTRE-14,01048-FUR-MK-CFS-PTRE-14,343,FUR-MK,192,Tidak Aktif,Bagus,0.0,inventory/ams/inventoryPhoto/1601884691images_(4).jpg,inventory/ams/assets/uploads/assetsre/ap/1601884691images_(4).jpg,LT,Inventaris,Corporate,,65,2024-02-28 11:48:56.000,2024-02-28 11:48:56.000,Warna Cream
4602,1049,01049-FUR-MK-CFS-PTRE-14,01049-FUR-MK-CFS-PTRE-14,343,FUR-MK,192,Tidak Aktif,Bagus,0.0,inventory/ams/inventoryPhoto/1601884775images_(4).jpg,inventory/ams/assets/uploads/assetsre/ap/1601884775images_(4).jpg,LT,Inventaris,Corporate,,65,2024-02-28 11:48:32.000,2024-02-28 11:48:32.000,Warna Cream
4603,1050,01050-FUR-MK-CFS-PTRE-14,01050-FUR-MK-CFS-PTRE-14,343,FUR-MK,192,Tidak Aktif,Bagus,0.0,inventory/ams/inventoryPhoto/1601884851images_(4).jpg,inventory/ams/assets/uploads/assetsre/ap/1601884851images_(4).jpg,LT,Inventaris,Corporate,,65,2024-02-28 11:48:24.000,2024-02-28 11:48:24.000,Warna Cream
4604,1051,01051-FUR-MK-CFS-PTRE-14,01051-FUR-MK-CFS-PTRE-14,343,FUR-MK,192,Tidak Aktif,Bagus,0.0,inventory/ams/inventoryPhoto/1601884916images_(4).jpg,inventory/ams/assets/uploads/assetsre/ap/1601884916images_(4).jpg,LT,Inventaris,Corporate,,65,2024-02-28 11:48:14.000,2024-02-28 11:48:14.000,Warna Cream
4605,1052,01052-FUR-MK-CFS-PTRE-14,01052-FUR-MK-CFS-PTRE-14,343,FUR-MK,192,Tidak Aktif,Bagus,0.0,inventory/ams/inventoryPhoto/1601884983images_(4).jpg,inventory/ams/assets/uploads/assetsre/ap/1601884983images_(4).jpg,LT,Inventaris,Corporate,,65,2024-02-28 11:48:07.000,2024-02-28 11:48:07.000,Warna Cream
4606,1053,01053-FUR-MK-CFS-PTRE-14,01053-FUR-MK-CFS-PTRE-14,343,FUR-MK,192,Tidak Aktif,Bagus,0.0,inventory/ams/inventoryPhoto/1601885052images_(4).jpg,inventory/ams/assets/uploads/assetsre/ap/1601885052images_(4).jpg,LT,Inventaris,Corporate,,65,2024-02-28 11:47:58.000,2024-02-28 11:47:58.000,Warna Cream
4607,1054,01054-FUR-MK-CFS-PTRE-14,01054-FUR-MK-CFS-PTRE-14,343,FUR-MK,192,Tidak Aktif,Bagus,0.0,inventory/ams/inventoryPhoto/1601885126images_(4).jpg,inventory/ams/assets/uploads/assetsre/ap/1601885126images_(4).jpg,LT,Inventaris,Corporate,,65,2024-02-28 11:47:51.000,2024-02-28 11:47:51.000,Warna Cream
4608,1055,01055-FUR-MK-CFS-PTRE-14,01055-FUR-MK-CFS-PTRE-14,343,FUR-MK,192,Tidak Aktif,Bagus,0.0,inventory/ams/inventoryPhoto/1601885193images_(4).jpg,inventory/ams/assets/uploads/assetsre/ap/1601885193images_(4).jpg,LT,Inventaris,Corporate,,65,2024-02-28 11:47:42.000,2024-02-28 11:47:42.000,Warna Cream
4609,1056,01056-FUR-MK-CFS-PTRE-14,01056-FUR-MK-CFS-PTRE-14,343,FUR-MK,192,Tidak Aktif,Bagus,0.0,inventory/ams/inventoryPhoto/1601885257images_(4).jpg,inventory/ams/assets/uploads/assetsre/ap/1601885257images_(4).jpg,LT,Inventaris,Corporate,,65,2024-02-28 11:47:34.000,2024-02-28 11:47:34.000,Warna Cream
4610,1057,01057-FUR-MK-CFS-PTRE-14,01057-FUR-MK-CFS-PTRE-14,343,FUR-MK,192,Tidak Aktif,Bagus,0.0,inventory/ams/inventoryPhoto/1601885328images_(4).jpg,inventory/ams/assets/uploads/assetsre/ap/1601885328images_(4).jpg,LT,Inventaris,Corporate,,65,2024-02-28 11:47:24.000,2024-02-28 11:47:24.000,Warna Cream
4611,1058,01058-FUR-MK-CFS-PTRE-14,01058-FUR-MK-CFS-PTRE-14,343,FUR-MK,192,Tidak Aktif,Bagus,0.0,inventory/ams/inventoryPhoto/1601885392images_(4).jpg,inventory/ams/assets/uploads/assetsre/ap/1601885392images_(4).jpg,LT,Inventaris,Corporate,,65,2024-02-28 11:47:10.000,2024-02-28 11:47:10.000,Warna Cream
4612,1060,01060-FUR-MK-CFS-PTRE-14,01060-FUR-MK-CFS-PTRE-14,343,FUR-MK,192,Tidak Aktif,Bagus,0.0,inventory/ams/inventoryPhoto/1601885523images_(4).jpg,inventory/ams/assets/uploads/assetsre/ap/1601885523images_(4).jpg,LT,Inventaris,Corporate,,65,2024-02-28 11:47:02.000,2024-02-28 11:47:02.000,Warna Cream
4613,1061,01061-FUR-MK-CFS-PTRE-14,01061-FUR-MK-CFS-PTRE-14,343,FUR-MK,192,Tidak Aktif,Bagus,0.0,inventory/ams/inventoryPhoto/1601885593images_(4).jpg,inventory/ams/assets/uploads/assetsre/ap/1601885593images_(4).jpg,LT,Inventaris,Corporate,,65,2024-02-28 11:46:53.000,2024-02-28 11:46:53.000,Warna Cream
4614,1062,01062-FUR-MK-CFS-PTRE-14,01062-FUR-MK-CFS-PTRE-14,343,FUR-MK,192,Tidak Aktif,Bagus,0.0,inventory/ams/inventoryPhoto/1601885663images_(4).jpg,inventory/ams/assets/uploads/assetsre/ap/1601885663images_(4).jpg,LT,Inventaris,Corporate,,65,2024-02-28 11:46:44.000,2024-02-28 11:46:44.000,Warna Cream
4615,1063,01063-FUR-MK-CFS-PTRE-14,01063-FUR-MK-CFS-PTRE-14,343,FUR-MK,192,Tidak Aktif,Bagus,0.0,inventory/ams/inventoryPhoto/1601885741images_(4).jpg,inventory/ams/assets/uploads/assetsre/ap/1601885741images_(4).jpg,LT,Inventaris,Corporate,,65,2024-02-28 11:46:36.000,2024-02-28 11:46:36.000,Warna Cream
4616,1064,01064-FUR-MK-CFS-PTRE-14,01064-FUR-MK-CFS-PTRE-14,343,FUR-MK,192,Tidak Aktif,Bagus,0.0,inventory/ams/inventoryPhoto/1601885839images_(4).jpg,inventory/ams/assets/uploads/assetsre/ap/1601885839images_(4).jpg,LT,Inventaris,Corporate,,65,2024-02-28 11:46:28.000,2024-02-28 11:46:28.000,Warna Cream
4617,1065,01065-FUR-MK-CFS-PTRE-14,01065-FUR-MK-CFS-PTRE-14,343,FUR-MK,192,Tidak Aktif,Bagus,0.0,inventory/ams/inventoryPhoto/1601886204images_(4).jpg,inventory/ams/assets/uploads/assetsre/ap/1601886204images_(4).jpg,LT,Inventaris,Corporate,,65,2024-02-28 11:46:20.000,2024-02-28 11:46:20.000,Warna Cream
4618,1066,01066-FUR-MK-CFS-PTRE-14,01066-FUR-MK-CFS-PTRE-14,343,FUR-MK,192,Tidak Aktif,Bagus,0.0,inventory/ams/inventoryPhoto/1601886292images_(4).jpg,inventory/ams/assets/uploads/assetsre/ap/1601886292images_(4).jpg,LT,Inventaris,Corporate,,65,2024-02-28 11:46:12.000,2024-02-28 11:46:12.000,Warna Cream
4619,1067,01067-FUR-MK-CFS-PTRE-14,01067-FUR-MK-CFS-PTRE-14,343,FUR-MK,192,Tidak Aktif,Bagus,0.0,inventory/ams/inventoryPhoto/1601886436images_(4).jpg,inventory/ams/assets/uploads/assetsre/ap/1601886436images_(4).jpg,LT,Inventaris,Corporate,,65,2024-02-28 11:46:03.000,2024-02-28 11:46:03.000,Warna Cream
4620,1068,01068-FUR-MK-CFS-PTRE-14,01068-FUR-MK-CFS-PTRE-14,343,FUR-MK,192,Tidak Aktif,Bagus,0.0,inventory/ams/inventoryPhoto/1601886627images_(4).jpg,inventory/ams/assets/uploads/assetsre/ap/1601886627images_(4).jpg,LT,Inventaris,Corporate,,65,2024-02-28 11:45:54.000,2024-02-28 11:45:54.000,Warna Cream
4621,1069,01069-FUR-MK-CFS-PTRE-14,01069-FUR-MK-CFS-PTRE-14,343,FUR-MK,192,Tidak Aktif,Bagus,0.0,inventory/ams/inventoryPhoto/1601886700images_(4).jpg,inventory/ams/assets/uploads/assetsre/ap/1601886700images_(4).jpg,LT,Inventaris,Corporate,,65,2024-02-28 11:45:44.000,2024-02-28 11:45:44.000,Warna Cream
4622,1070,01070-FUR-MK-CFS-PTRE-14,01070-FUR-MK-CFS-PTRE-14,343,FUR-MK,192,Tidak Aktif,Bagus,0.0,inventory/ams/inventoryPhoto/1601886825images_(4).jpg,inventory/ams/assets/uploads/assetsre/ap/1601886825images_(4).jpg,LT,Inventaris,Corporate,,65,2024-02-28 11:44:06.000,2024-02-28 11:44:06.000,Warna Cream
4623,1071,01071-FUR-MK-CFS-PTRE-14,01071-FUR-MK-CFS-PTRE-14,343,FUR-MK,192,Tidak Aktif,Bagus,0.0,inventory/ams/inventoryPhoto/1601886898images_(4).jpg,inventory/ams/assets/uploads/assetsre/ap/1601886898images_(4).jpg,LT,Inventaris,Corporate,,65,2024-02-28 11:43:54.000,2024-02-28 11:43:54.000,Warna Cream
4624,1098,01098-FUR-MK-CFS-PTRE-14,01098-FUR-MK-CFS-PTRE-14,351,FUR-MK,138,Tersedia,Bagus,0.0,,,LT,Aset,Corporate,10780,65,2024-09-20 10:14:24.000,2024-09-20 10:14:24.000,Warna Abu-Abu
4625,1099,01099-FUR-MK-CFS-PTRE-14,01099-FUR-MK-CFS-PTRE-14,355,FUR-MK,138,Tersedia,Bagus,0.0,,,LT,Aset,Corporate,10780,65,2024-09-20 10:13:51.000,2024-09-20 10:13:51.000,
4626,1100,01100-FUR-MK-CFS-PTRE-14,01100-FUR-MK-CFS-PTRE-14,334,FUR-MK,138,Tersedia,Bagus,0.0,inventory/ams/inventoryPhoto/1726801170MEJA_KERJA.jpeg,inventory/ams/assets/uploads/assetsre/ap/1726801170MEJA_KERJA.jpeg,LT,Aset,Corporate,10780,79,2024-09-20 09:59:30.000,2024-09-20 09:59:30.000,Warna Cokelat
4627,1101,01101-FUR-MK-CFS-PTRE-14,01101-FUR-MK-CFS-PTRE-14,334,FUR-MK,138,Tersedia,Bagus,0.0,inventory/ams/inventoryPhoto/1726801135MEJA_KERJA.jpeg,inventory/ams/assets/uploads/assetsre/ap/1726801135MEJA_KERJA.jpeg,LT,Aset,Corporate,10780,79,2024-09-20 09:58:55.000,2024-09-20 09:58:55.000,Warna Cokelat
4628,1102,01102-FUR-MK-CFS-PTRE-14,01102-FUR-MK-CFS-PTRE-14,334,FUR-MK,138,Tersedia,Bagus,0.0,inventory/ams/inventoryPhoto/1726801174MEJA_KERJA.jpeg,inventory/ams/assets/uploads/assetsre/ap/1726801174MEJA_KERJA.jpeg,LT,Aset,Corporate,10780,79,2024-09-20 09:59:34.000,2024-09-20 09:59:34.000,Warna Cokelat
4629,1103,01103-FUR-MK-CFS-PTRE-14,01103-FUR-MK-CFS-PTRE-14,334,FUR-MK,138,Tersedia,Bagus,0.0,inventory/ams/inventoryPhoto/1726801121MEJA_KERJA_DEPT.jpeg,inventory/ams/assets/uploads/assetsre/ap/1726801121MEJA_KERJA_DEPT.jpeg,LT,Aset,Corporate,10780,79,2024-09-20 09:58:41.000,2024-09-20 09:58:41.000,Warna Cokelat
4630,1104,01104-FUR-MK-CFS-PTRE-14,01104-FUR-MK-CFS-PTRE-14,334,FUR-MK,138,Tersedia,Bagus,0.0,inventory/ams/inventoryPhoto/1726801142MEJA_KERJA.jpeg,inventory/ams/assets/uploads/assetsre/ap/1726801142MEJA_KERJA.jpeg,LT,Aset,Corporate,10780,65,2024-09-20 09:59:02.000,2024-09-20 09:59:02.000,Warna Cokelat
4631,1136,01136-FUR-MK-CFS-PTRE-12,01136-FUR-MK-CFS-PTRE-12,351,FUR-MK,139,Tidak Aktif,Bagus,0.0,,,LT,Aset,Corporate,,65,2024-07-30 13:38:34.000,2024-07-30 13:38:34.000,Warna Abu-Abu
4632,1137,01137-FUR-MK-CFS-PTRE-14,01137-FUR-MK-CFS-PTRE-14,334,FUR-MK,139,Tidak Aktif,Bagus,0.0,,,LT,Aset,Corporate,,65,2024-07-30 13:32:47.000,2024-07-30 13:32:47.000,Warna Cokelat
4633,1138,01138-FUR-MK-CFS-PTRE-14,01138-FUR-MK-CFS-PTRE-14,334,FUR-MK,139,Tidak Aktif,Bagus,0.0,,,LT,Aset,Corporate,,65,2024-07-30 13:33:13.000,2024-07-30 13:33:13.000,Warna Cokelat
4634,1139,01139-FUR-MK-CFS-PTRE-14,01139-FUR-MK-CFS-PTRE-14,334,FUR-MK,139,Tidak Aktif,Bagus,0.0,,,LT,Aset,Corporate,,65,2024-07-30 13:38:20.000,2024-07-30 13:38:20.000,Warna Cokelat
4635,1140,01140-FUR-MK-CFS-PTRE-14,01140-FUR-MK-CFS-PTRE-14,334,FUR-MK,139,Tidak Aktif,Bagus,0.0,,,LT,Aset,Corporate,,1,2024-07-30 13:38:01.000,2024-07-30 13:38:01.000,Warna Cokelat
4636,1141,01141-FUR-MK-CFS-PTRE-14,01141-FUR-MK-CFS-PTRE-14,334,FUR-MK,139,Tidak Aktif,Bagus,0.0,,,LT,Aset,Corporate,,65,2024-07-30 13:38:28.000,2024-07-30 13:38:28.000,Warna Cokelat
4637,1142,01142-FUR-MK-CFS-PTRE-14,01142-FUR-MK-CFS-PTRE-14,334,FUR-MK,139,Tidak Aktif,Bagus,0.0,,,LT,Aset,Corporate,,1,2024-07-30 13:37:55.000,2024-07-30 13:37:55.000,Warna Cokelat
4638,1143,01143-FUR-MK-CFS-PTRE-14,01143-FUR-MK-CFS-PTRE-14,334,FUR-MK,139,Tidak Aktif,Bagus,0.0,,,LT,Aset,Corporate,,1,2024-07-30 13:37:35.000,2024-07-30 13:37:35.000,Warna Cokelat
4639,1144,01144-FUR-MK-CFS-PTRE-14,01144-FUR-MK-CFS-PTRE-14,334,FUR-MK,139,Tidak Aktif,Bagus,0.0,,,LT,Aset,Corporate,,1,2024-07-30 13:37:28.000,2024-07-30 13:37:28.000,Warna Cokelat
4640,1145,01145-FUR-MK-CFS-PTRE-14,01145-FUR-MK-CFS-PTRE-14,334,FUR-MK,139,Tidak Aktif,Bagus,0.0,,,LT,Aset,Corporate,,1,2024-07-30 13:38:07.000,2024-07-30 13:38:07.000,Warna Cokelat
4641,1146,01146-FUR-MK-CFS-PTRE-14,01146-FUR-MK-CFS-PTRE-14,334,FUR-MK,139,Tidak Aktif,Bagus,0.0,,,LT,Aset,Corporate,,1,2024-07-30 13:37:46.000,2024-07-30 13:37:46.000,Warna Cokelat
4642,1147,01147-FUR-MK-CFS-PTRE-14,01147-FUR-MK-CFS-PTRE-14,334,FUR-MK,139,Tidak Aktif,Bagus,0.0,,,LT,Aset,Corporate,,1,2024-07-30 13:37:16.000,2024-07-30 13:37:16.000,Warna Cokelat
4643,1148,01148-FUR-MK-CFS-PTRE-14,01148-FUR-MK-CFS-PTRE-14,334,FUR-MK,139,Tidak Aktif,Bagus,0.0,,,LT,Aset,Corporate,,1,2024-07-30 13:37:22.000,2024-07-30 13:37:22.000,Warna Cokelat
4644,1149,01149-FUR-MK-CFS-PTRE-14,01149-FUR-MK-CFS-PTRE-14,334,FUR-MK,139,Tidak Aktif,Bagus,0.0,,,LT,Aset,Corporate,,1,2024-07-30 13:36:54.000,2024-07-30 13:36:54.000,Warna Cokelat
4645,1169,01169-FUR-MK-CFS-PTRE-13,01169-FUR-MK-CFS-PTRE-13,335,FUR-MK,236,Dipinjam,Bagus,0.0,inventory/ams/inventoryPhoto/1709948432WhatsApp_Image_2024-03-09_at_08_36_09.jpeg,inventory/ams/assets/uploads/assetsre/ap/1709948432WhatsApp_Image_2024-03-09_at_08_36_09.jpeg,LT,Aset,Corporate,,79,2024-03-09 08:40:32.000,2024-03-09 08:40:32.000,Warna Cream
4646,1181,01181-FUR-MK-CFS-PTRE-12,01181-FUR-MK-CFS-PTRE-12,337,FUR-MK,223,Tersedia,Bagus,0.0,inventory/ams/inventoryPhoto/1726801105MEJA_KERJA_DEPT.jpeg,inventory/ams/assets/uploads/assetsre/ap/1726801105MEJA_KERJA_DEPT.jpeg,LT,Aset,Corporate,10780,65,2025-03-18 14:11:18.000,2025-03-18 14:11:18.000,Warna Lainnya
4647,1183,01183-FUR-MK-CFS-PTRE-12,01183-FUR-MK-CFS-PTRE-12,336,FUR-MK,223,Dipinjam,Bagus,0.0,inventory/ams/inventoryPhoto/1726801100MEJA_KERJA_DEPT.jpeg,inventory/ams/assets/uploads/assetsre/ap/1726801100MEJA_KERJA_DEPT.jpeg,LT,Aset,Corporate,10780,65,2025-03-18 14:11:49.000,2025-03-18 14:11:49.000,Warna Hitam
4648,1184,01184-FUR-MK-CFS-PTRE-12,01184-FUR-MK-CFS-PTRE-12,337,FUR-MK,223,Dipinjam,Bagus,0.0,inventory/ams/inventoryPhoto/1726801098MEJA_KERJA_DEPT.jpeg,inventory/ams/assets/uploads/assetsre/ap/1726801098MEJA_KERJA_DEPT.jpeg,LT,Aset,Corporate,10780,65,2025-03-18 14:11:13.000,2025-03-18 14:11:13.000,Warna Lainnya
4649,1185,01185-FUR-MK-CFS-PTRE-12,01185-FUR-KK-CFS-PTRE-12,336,FUR-MK,223,Tersedia,Bagus,0.0,inventory/ams/inventoryPhoto/1726801090MEJA_KERJA_DEPT.jpeg,inventory/ams/assets/uploads/assetsre/ap/1726801090MEJA_KERJA_DEPT.jpeg,LT,Aset,Corporate,10780,65,2025-03-18 14:11:05.000,2025-03-18 14:11:05.000,Warna Hitam
4650,1187,01187-FUR-MK-CFS-PTRE-12,01187-FUR-MK-CFS-PTRE-12,336,FUR-MK,223,Tersedia,Bagus,0.0,inventory/ams/inventoryPhoto/1726801085MEJA_KERJA_DEPT.jpeg,inventory/ams/assets/uploads/assetsre/ap/1726801085MEJA_KERJA_DEPT.jpeg,LT,Aset,Corporate,10780,65,2025-03-18 14:11:00.000,2025-03-18 14:11:00.000,Warna Hitam
4651,1188,01188-FUR-MK-CFS-PTRE-12,01188-FUR-MK-CFS-PTRE-12,351,FUR-MK,140,Tidak Aktif,Bagus,0.0,,,LT,Aset,Corporate,,1,2024-07-30 13:48:30.000,2024-07-30 13:48:30.000,Warna Abu-Abu
4652,1189,01189-FUR-MK-CFS-PTRE-14,01189-FUR-MK-CFS-PTRE-14,334,FUR-MK,140,Tidak Aktif,Bagus,0.0,,,LT,Aset,Corporate,,1,2024-07-30 13:47:53.000,2024-07-30 13:47:53.000,Warna Cokelat
4653,1190,01190-FUR-MK-CFS-PTRE-14,01190-FUR-MK-CFS-PTRE-14,334,FUR-MK,140,Tidak Aktif,Bagus,0.0,,,LT,Aset,Corporate,,1,2024-07-30 13:48:19.000,2024-07-30 13:48:19.000,Warna Cokelat
4654,1191,01191-FUR-MK-CFS-PTRE-12,01191-FUR-MK-CFS-PTRE-12,337,FUR-MK,223,Dipinjam,Bagus,0.0,inventory/ams/inventoryPhoto/1726801082MEJA_KERJA_DEPT.jpeg,inventory/ams/assets/uploads/assetsre/ap/1726801082MEJA_KERJA_DEPT.jpeg,LT,Aset,Corporate,10780,65,2025-03-18 14:10:37.000,2025-03-18 14:10:37.000,Warna Lainnya
4655,1192,01192-FUR-MK-CFS-PTRE-14,01192-FUR-MK-CFS-PTRE-14,334,FUR-MK,140,Tidak Aktif,Bagus,0.0,,,LT,Aset,Corporate,,1,2024-07-30 13:48:08.000,2024-07-30 13:48:08.000,Warna Cokelat
4656,1193,01193-FUR-MK-CFS-PTRE-14,01193-FUR-MK-CFS-PTRE-14,334,FUR-MK,140,Tidak Aktif,Bagus,0.0,,,LT,Aset,Corporate,,1,2024-07-30 13:47:59.000,2024-07-30 13:47:59.000,Warna Cokelat
4657,1194,01194-FUR-MK-CFS-PTRE-14,01194-FUR-MK-CFS-PTRE-14,334,FUR-MK,140,Tidak Aktif,Bagus,0.0,,,LT,Aset,Corporate,,1,2024-07-30 13:48:41.000,2024-07-30 13:48:41.000,Warna Cokelat
4658,1195,01195-FUR-MK-CFS-PTRE-14,01195-FUR-MK-CFS-PTRE-14,334,FUR-MK,140,Tidak Aktif,Bagus,0.0,,,LT,Aset,Corporate,,1,2024-07-30 13:48:53.000,2024-07-30 13:48:53.000,Warna Cokelat
4659,1196,01196-FUR-MK-CFS-PTRE-14,01196-FUR-MK-CFS-PTRE-14,334,FUR-MK,140,Tidak Aktif,Bagus,0.0,,,LT,Aset,Corporate,,1,2024-07-30 13:48:25.000,2024-07-30 13:48:25.000,Warna Cokelat
4660,1197,01197-FUR-MK-CFS-PTRE-14,01197-FUR-MK-CFS-PTRE-14,334,FUR-MK,140,Tidak Aktif,Bagus,0.0,,,LT,Aset,Corporate,,1,2024-07-30 13:49:43.000,2024-07-30 13:49:43.000,Warna Cokelat
4661,1198,01198-FUR-MK-CFS-PTRE-14,01198-FUR-MK-CFS-PTRE-14,334,FUR-MK,140,Tidak Aktif,Bagus,0.0,,,LT,Aset,Corporate,,1,2024-07-30 13:48:47.000,2024-07-30 13:48:47.000,Warna Cokelat
4662,1199,01199-FUR-MK-CFS-PTRE-14,01199-FUR-MK-CFS-PTRE-14,334,FUR-MK,140,Tidak Aktif,Bagus,0.0,,,LT,Aset,Corporate,,1,2024-07-30 13:48:59.000,2024-07-30 13:48:59.000,Warna Cokelat
4663,1200,01200-FUR-MK-CFS-PTRE-14,01200-FUR-MK-CFS-PTRE-14,334,FUR-MK,140,Tidak Aktif,Bagus,0.0,,,LT,Aset,Corporate,,1,2024-07-30 13:49:08.000,2024-07-30 13:49:08.000,Warna Cokelat
4664,1201,01201-FUR-MK-CFS-PTRE-14,01201-FUR-MK-CFS-PTRE-14,334,FUR-MK,140,Tidak Aktif,Bagus,0.0,,,LT,Aset,Corporate,,1,2024-07-30 13:50:30.000,2024-07-30 13:50:30.000,Warna Cokelat
4665,1202,01202-FUR-MK-CFS-PTRE-14,01202-FUR-MK-CFS-PTRE-14,334,FUR-MK,140,Tidak Aktif,Bagus,0.0,,,LT,Aset,Corporate,,1,2024-07-30 13:49:20.000,2024-07-30 13:49:20.000,Warna Cokelat
4666,1203,01203-FUR-MK-CFS-PTRE-14,01203-FUR-MK-CFS-PTRE-14,334,FUR-MK,140,Tidak Aktif,Bagus,0.0,,,LT,Aset,Corporate,,1,2024-07-30 13:50:24.000,2024-07-30 13:50:24.000,Warna Cokelat
4667,1204,01204-FUR-MK-CFS-PTRE-14,01204-FUR-MK-CFS-PTRE-14,334,FUR-MK,140,Tidak Aktif,Bagus,0.0,,,LT,Aset,Corporate,,1,2024-07-30 13:49:31.000,2024-07-30 13:49:31.000,Warna Cokelat
4668,1205,01205-FUR-MK-CFS-PTRE-14,01205-FUR-MK-CFS-PTRE-14,334,FUR-MK,140,Tidak Aktif,Bagus,0.0,,,LT,Aset,Corporate,,1,2024-07-30 13:49:53.000,2024-07-30 13:49:53.000,Warna Cokelat
4669,1206,01206-FUR-MK-CFS-PTRE-14,01206-FUR-MK-CFS-PTRE-14,334,FUR-MK,140,Tidak Aktif,Bagus,0.0,,,LT,Aset,Corporate,,1,2024-07-30 13:50:41.000,2024-07-30 13:50:41.000,Warna Cokelat
4670,1207,01207-FUR-MK-CFS-PTRE-14,01207-FUR-MK-CFS-PTRE-14,334,FUR-MK,140,Tidak Aktif,Bagus,0.0,,,LT,Aset,Corporate,,1,2024-07-30 13:50:00.000,2024-07-30 13:50:00.000,Warna Cokelat
4671,1208,01208-FUR-MK-CFS-PTRE-14,01208-FUR-MK-CFS-PTRE-14,334,FUR-MK,140,Tidak Aktif,Bagus,0.0,,,LT,Aset,Corporate,,1,2024-07-30 13:50:46.000,2024-07-30 13:50:46.000,Warna Cokelat
4672,1209,01209-FUR-MK-CFS-PTRE-13,01209-FUR-MK-CFS-PTRE-13,335,FUR-MK,117,Tersedia,Bagus,0.0,inventory/ams/inventoryPhoto/1726801073MEJA_KERJA_DEPT.jpeg,inventory/ams/assets/uploads/assetsre/ap/1726801073MEJA_KERJA_DEPT.jpeg,LT,Aset,Corporate,10780,1,2024-09-20 09:57:53.000,2024-09-20 09:57:53.000,Warna Cream
4673,1210,01210-FUR-MK-CFS-PTRE-14,01210-FUR-MK-CFS-PTRE-14,334,FUR-MK,140,Tidak Aktif,Bagus,0.0,,,LT,Aset,Corporate,,1,2024-07-30 13:51:05.000,2024-07-30 13:51:05.000,Warna Cokelat
4674,1211,01211-FUR-MK-CFS-PTRE-14,01211-FUR-MK-CFS-PTRE-14,334,FUR-MK,140,Tidak Aktif,Bagus,0.0,,,LT,Aset,Corporate,,1,2024-07-30 13:50:35.000,2024-07-30 13:50:35.000,Warna Cokelat
4675,1212,01212-FUR-MK-CFS-PTRE-14,01212-FUR-MK-CFS-PTRE-14,334,FUR-MK,140,Tidak Aktif,Bagus,0.0,,,LT,Aset,Corporate,,1,2024-07-30 13:50:59.000,2024-07-30 13:50:59.000,Warna Cokelat
4676,1213,01213-FUR-MK-CFS-PTRE-14,01213-FUR-MK-CFS-PTRE-14,334,FUR-MK,140,Tidak Aktif,Bagus,0.0,,,LT,Aset,Corporate,,1,2024-07-30 13:52:07.000,2024-07-30 13:52:07.000,Warna Cokelat
4677,1214,01214-FUR-MK-CFS-PTRE-14,01214-FUR-MK-CFS-PTRE-14,334,FUR-MK,140,Tidak Aktif,Bagus,0.0,,,LT,Aset,Corporate,,1,2024-07-30 13:51:55.000,2024-07-30 13:51:55.000,Warna Cokelat
4678,1215,01215-FUR-MK-CFS-PTRE-14,01215-FUR-MK-CFS-PTRE-14,334,FUR-MK,140,Tidak Aktif,Bagus,0.0,,,LT,Aset,Corporate,,1,2024-07-30 13:51:11.000,2024-07-30 13:51:11.000,Warna Cokelat
4679,1216,01216-FUR-MK-CFS-PTRE-13,01216-FUR-MK-CFS-PTRE13,335,FUR-MK,117,Tersedia,Bagus,0.0,inventory/ams/inventoryPhoto/1726801064MEJA_KERJA_DEPT.jpeg,inventory/ams/assets/uploads/assetsre/ap/1726801064MEJA_KERJA_DEPT.jpeg,LT,Aset,Corporate,10780,1,2024-09-20 09:57:44.000,2024-09-20 09:57:44.000,Warna Cream
4680,1217,01217-FUR-MK-CFS-PTRE-14,01217-FUR-MK-CFS-PTRE-14,334,FUR-MK,140,Tidak Aktif,Bagus,0.0,,,LT,Aset,Corporate,,1,2024-07-30 13:51:24.000,2024-07-30 13:51:24.000,Warna Cokelat
4681,1218,01218-FUR-MK-CFS-PTRE-14,01218-FUR-MK-CFS-PTRE-14,334,FUR-MK,140,Tidak Aktif,Bagus,0.0,,,LT,Aset,Corporate,,1,2024-07-30 13:51:17.000,2024-07-30 13:51:17.000,Warna Cokelat
4682,1219,01219-FUR-MK-CFS-PTRE-14,01219-FUR-MK-CFS-PTRE-14,334,FUR-MK,140,Tidak Aktif,Bagus,0.0,,,LT,Aset,Corporate,,1,2024-07-30 13:51:31.000,2024-07-30 13:51:31.000,Warna Cokelat
4683,1220,01220-FUR-MK-CFS-PTRE-14,01220-FUR-MK-CFS-PTRE-14,334,FUR-MK,140,Tidak Aktif,Bagus,0.0,,,LT,Aset,Corporate,,1,2024-07-30 13:51:35.000,2024-07-30 13:51:35.000,Warna Cokelat
4684,1221,01221-FUR-MK-CFS-PTRE-14,01221-FUR-MK-CFS-PTRE-14,334,FUR-MK,140,Tidak Aktif,Bagus,0.0,,,LT,Aset,Corporate,,1,2024-07-30 13:51:43.000,2024-07-30 13:51:43.000,Warna Cokelat
4685,1222,01222-FUR-MK-CFS-PTRE-14,01222-FUR-MK-CFS-PTRE-14,334,FUR-MK,140,Tidak Aktif,Bagus,0.0,,,LT,Aset,Corporate,,1,2024-07-30 13:52:19.000,2024-07-30 13:52:19.000,Warna Cokelat
4686,1223,01223-FUR-MK-CFS-PTRE-14,01223-FUR-MK-CFS-PTRE-14,334,FUR-MK,140,Tidak Aktif,Bagus,0.0,,,LT,Aset,Corporate,,65,2024-07-30 13:52:53.000,2024-07-30 13:52:53.000,Warna Cokelat
4687,1224,01224-FUR-MK-CFS-PTRE-14,01224-FUR-MK-CFS-PTRE-14,334,FUR-MK,140,Tidak Aktif,Bagus,0.0,,,LT,Aset,Corporate,,1,2024-07-30 13:51:49.000,2024-07-30 13:51:49.000,Warna Cokelat
4688,1225,01225-FUR-MK-CFS-PTRE-14,01225-FUR-MK-CFS-PTRE-14,334,FUR-MK,140,Tidak Aktif,Bagus,0.0,,,LT,Aset,Corporate,,1,2024-07-30 13:52:13.000,2024-07-30 13:52:13.000,Warna Cokelat
4689,1229,01229-FUR-MK-CFS-PTRE-14,01229-FUR-MK-CFS-PTRE-14,348,FUR-MK,140,Tidak Aktif,Bagus,0.0,inventory/ams/inventoryPhoto/1601888566MEJA_LIPAT_PUTIH.jpg,inventory/ams/assets/uploads/assetsre/ap/1601888566MEJA_LIPAT_PUTIH.jpg,LT,Aset,Corporate,,65,2024-07-30 13:52:44.000,2024-07-30 13:52:44.000,Warna Putih
4690,1234,01234-FUR-MK-CFS-PTRE-14,01234-FUR-MK-CFS-PTRE-14,348,FUR-MK,183,Tersedia,Bagus,0.0,inventory/ams/inventoryPhoto/1601888261MEJA_LIPAT_PUTIH.jpg,inventory/ams/assets/uploads/assetsre/ap/1601888261MEJA_LIPAT_PUTIH.jpg,LT,Aset,Corporate,10780,65,2026-02-06 09:42:40.000,2026-02-06 09:42:40.000,Warna Putih
4691,1236,01236-FUR-MK-CFS-PTRE-14,01236-FUR-MK-CFS-PTRE-14,348,FUR-MK,218,Tidak Aktif,Bagus,0.0,inventory/ams/inventoryPhoto/1602729368MEJA_LIPAT_PUTIH.jpg,inventory/ams/assets/uploads/assetsre/ap/1602729368MEJA_LIPAT_PUTIH.jpg,LT,Aset,Corporate,,65,2024-02-16 16:35:10.000,2024-02-16 16:35:10.000,Warna Putih
4692,1237,01237-FUR-MK-CFS-PTRE-14,01237-FUR-MK-CFS-PTRE-14,348,FUR-MK,218,Tidak Aktif,Bagus,0.0,inventory/ams/inventoryPhoto/1602729326MEJA_LIPAT_PUTIH.jpg,inventory/ams/assets/uploads/assetsre/ap/1602729326MEJA_LIPAT_PUTIH.jpg,LT,Aset,Corporate,,65,2024-02-16 16:34:58.000,2024-02-16 16:34:58.000,Warna Putih
4693,1238,01238-FUR-MK-CFS-PTRE-14,01238-FUR-MK-CFS-PTRE-14,348,FUR-MK,140,Tidak Aktif,Bagus,0.0,inventory/ams/inventoryPhoto/1601888625MEJA_LIPAT_PUTIH.jpg,inventory/ams/assets/uploads/assetsre/ap/1601888625MEJA_LIPAT_PUTIH.jpg,LT,Aset,Corporate,,65,2024-07-30 13:53:35.000,2024-07-30 13:53:35.000,Warna Putih
4694,1292,01292-FUR-MK-CFS-PTRE-13,01292-FUR-KK-CFS-PTRE-13,335,FUR-MK,118,Tidak Aktif,Bagus,0.0,inventory/ams/inventoryPhoto/1601630303meja_cream.jpg,inventory/ams/assets/uploads/assetsre/ap/1601630303meja_cream.jpg,LT,Aset,Corporate,,1,2024-07-30 15:20:49.000,2024-07-30 15:20:49.000,Warna Cream
4695,1299,01299-FUR-MK-CFS-PTRE-14,01299-FUR-MK-CFS-PTRE-14,348,FUR-MK,183,Tersedia,Bagus,0.0,inventory/ams/inventoryPhoto/1601888832MEJA_LIPAT_PUTIH.jpg,inventory/ams/assets/uploads/assetsre/ap/1601888832MEJA_LIPAT_PUTIH.jpg,LT,Aset,Corporate,10780,65,2026-02-06 09:42:31.000,2026-02-06 09:42:31.000,Warna Putih
4696,1302,01302-FUR-MK-CFS-PTRE-14,01302-FUR-MK-CFS-PTRE-14,348,FUR-MK,183,Tersedia,Bagus,0.0,inventory/ams/inventoryPhoto/1601888500MEJA_LIPAT_PUTIH.jpg,inventory/ams/assets/uploads/assetsre/ap/1601888500MEJA_LIPAT_PUTIH.jpg,LT,Aset,Corporate,10780,65,2026-02-06 09:42:25.000,2026-02-06 09:42:25.000,Warna Putih
4697,1303,01303-FUR-MK-CFS-PTRE-14,01303-FUR-MK-CFS-PTRE-14,348,FUR-MK,183,Tersedia,Bagus,0.0,inventory/ams/inventoryPhoto/1601888172MEJA_LIPAT_PUTIH.jpg,inventory/ams/assets/uploads/assetsre/ap/1601888172MEJA_LIPAT_PUTIH.jpg,LT,Aset,Corporate,10780,65,2026-02-06 09:42:16.000,2026-02-06 09:42:16.000,Warna Putih
4698,1304,01304-FUR-MK-CFS-PTRE-14,01304-FUR-MK-CFS-PTRE-14,348,FUR-MK,183,Tersedia,Bagus,0.0,inventory/ams/inventoryPhoto/1601888711MEJA_LIPAT_PUTIH.jpg,inventory/ams/assets/uploads/assetsre/ap/1601888711MEJA_LIPAT_PUTIH.jpg,LT,Aset,Corporate,10780,65,2026-02-06 09:42:05.000,2026-02-06 09:42:05.000,Warna Putih
4699,1305,01305-FUR-MK-CFS-PTRE-14,01305-FUR-MK-CFS-PTRE-14,348,FUR-MK,140,Tidak Aktif,Bagus,0.0,inventory/ams/inventoryPhoto/1601888900MEJA_LIPAT_PUTIH.jpg,inventory/ams/assets/uploads/assetsre/ap/1601888900MEJA_LIPAT_PUTIH.jpg,LT,Aset,Corporate,,65,2024-07-30 13:43:53.000,2024-07-30 13:43:53.000,Warna Putih
4700,1354,01354-FUR-MK-CFS-PTRE-14,01354-FUR-MK-CFS-PTRE-14,334,FUR-MK,151,Tersedia,Bagus,0.0,inventory/ams/inventoryPhoto/1726801049MEJA_KERJA.jpeg,inventory/ams/assets/uploads/assetsre/ap/1726801049MEJA_KERJA.jpeg,LT,Aset,Corporate,,65,2024-09-20 09:57:29.000,2024-09-20 09:57:29.000,Warna Cokelat
4701,1355,01355-FUR-MK-CFS-PTRE-14,01355-FUR-MK-CFS-PTRE-14,334,FUR-MK,151,Tersedia,Bagus,0.0,inventory/ams/inventoryPhoto/1726801045MEJA_KERJA.jpeg,inventory/ams/assets/uploads/assetsre/ap/1726801045MEJA_KERJA.jpeg,LT,Aset,Corporate,,65,2024-09-20 09:57:25.000,2024-09-20 09:57:25.000,Warna Cokelat
4702,1356,01356-FUR-MK-CFS-PTRE-14,01356-FUR-MK-CFS-PTRE-14,334,FUR-MK,151,Tersedia,Bagus,0.0,inventory/ams/inventoryPhoto/1726801043MEJA_KERJA.jpeg,inventory/ams/assets/uploads/assetsre/ap/1726801043MEJA_KERJA.jpeg,LT,Aset,Corporate,,65,2024-09-20 09:57:23.000,2024-09-20 09:57:23.000,Warna Cokelat
4703,1361,01361-FUR-MK-CFS-PTRE-14,01361-FUR-MK-CFS-PTRE-14,334,FUR-MK,151,Tidak Aktif,Bagus,0.0,,,LT,Aset,Corporate,,1,2024-08-01 11:30:37.000,2024-08-01 11:30:37.000,Warna Cokelat
4704,1362,01362-FUR-MK-CFS-PTRE-14,01362-FUR-MK-CFS-PTRE-14,334,FUR-MK,151,Tidak Aktif,Bagus,0.0,,,LT,Aset,Corporate,,1,2024-08-01 11:29:33.000,2024-08-01 11:29:33.000,Warna Cokelat
4705,1434,01434-FUR-MK-CFS-PTRE-14,01434-FUR-MK-CFS-PTRE-14,334,FUR-MK,153,Tersedia,Bagus,0.0,inventory/ams/inventoryPhoto/1726801002MEJA_KERJA_DEPT.jpeg,inventory/ams/assets/uploads/assetsre/ap/1726801002MEJA_KERJA_DEPT.jpeg,LT,Aset,Corporate,,65,2024-09-20 09:56:42.000,2024-09-20 09:56:42.000,Warna Cokelat
4706,1435,01435-FUR-MK-CFS-PTRE-14,01435-FUR-MK-CFS-PTRE-14,334,FUR-MK,153,Tersedia,Bagus,0.0,inventory/ams/inventoryPhoto/1726800998MEJA_KERJA_DEPT.jpeg,inventory/ams/assets/uploads/assetsre/ap/1726800998MEJA_KERJA_DEPT.jpeg,LT,Aset,Corporate,,65,2024-09-20 09:56:38.000,2024-09-20 09:56:38.000,Warna Cokelat
4707,1436,01436-FUR-MK-CFS-PTRE-14,01436-FUR-MK-CFS-PTRE-14,334,FUR-MK,153,Tersedia,Bagus,0.0,inventory/ams/inventoryPhoto/1726800994MEJA_KERJA_DEPT.jpeg,inventory/ams/assets/uploads/assetsre/ap/1726800994MEJA_KERJA_DEPT.jpeg,LT,Aset,Corporate,,65,2024-09-20 09:56:34.000,2024-09-20 09:56:34.000,Warna Cokelat
4708,1437,01437-FUR-MK-CFS-PTRE-14,01437-FUR-MK-CFS-PTRE-14,334,FUR-MK,153,Tersedia,Bagus,0.0,inventory/ams/inventoryPhoto/1726800991MEJA_KERJA_DEPT.jpeg,inventory/ams/assets/uploads/assetsre/ap/1726800991MEJA_KERJA_DEPT.jpeg,LT,Aset,Corporate,,65,2024-09-20 09:56:31.000,2024-09-20 09:56:31.000,Warna Cokelat
4709,1444,01444-FUR-MK-CFS-PTRE-13,01444-FUR-MK-CFS-PTRE-13,335,FUR-MK,121,Tersedia,Bagus,0.0,inventory/ams/inventoryPhoto/1726800987MEJA_KERJA_DEPT.jpeg,inventory/ams/assets/uploads/assetsre/ap/1726800987MEJA_KERJA_DEPT.jpeg,LT,Aset,Corporate,10780,65,2025-02-12 17:19:21.000,2025-02-12 17:19:21.000,Warna Cream
4710,1448,01448-FUR-MK-CFS-PTRE-13,01448-FUR-MK-CFS-PTRE-13,335,FUR-MK,121,Tersedia,Bagus,0.0,inventory/ams/inventoryPhoto/1726800983MEJA_KERJA_DEPT.jpeg,inventory/ams/assets/uploads/assetsre/ap/1726800983MEJA_KERJA_DEPT.jpeg,LT,Aset,Corporate,10780,65,2025-02-12 17:19:13.000,2025-02-12 17:19:13.000,Warna Cream
4711,1449,01449-FUR-MK-CFS-PTRE-13,01449-FUR-MK-CFS-PTRE-13,335,FUR-MK,153,Tersedia,Bagus,0.0,inventory/ams/inventoryPhoto/1726800977MEJA_KERJA_DEPT.jpeg,inventory/ams/assets/uploads/assetsre/ap/1726800977MEJA_KERJA_DEPT.jpeg,LT,Aset,Corporate,10780,65,2025-11-18 10:02:18.000,2025-11-18 10:02:18.000,Warna Cream
4712,1450,01450-FUR-MK-CFS-PTRE-13,01450-FUR-MK-CFS-PTRE-13,335,FUR-MK,153,Tersedia,Bagus,0.0,inventory/ams/inventoryPhoto/1726800836MEJA_KERJA.jpeg,inventory/ams/assets/uploads/assetsre/ap/1726800836MEJA_KERJA.jpeg,LT,Aset,Corporate,10780,65,2025-11-18 10:02:06.000,2025-11-18 10:02:06.000,Warna Cream
4713,1451,01451-FUR-MK-CFS-PTRE-13,01451-FUR-MK-CFS-PTRE-13,335,FUR-MK,153,Tersedia,Bagus,0.0,inventory/ams/inventoryPhoto/1726800832MEJA_KERJA.jpeg,inventory/ams/assets/uploads/assetsre/ap/1726800832MEJA_KERJA.jpeg,LT,Aset,Corporate,10780,65,2025-11-18 10:01:54.000,2025-11-18 10:01:54.000,Warna Cream
4714,1454,01454-FUR-MK-CFS-PTRE-13,01454-FUR-MK-CFS-PTRE-13,335,FUR-MK,120,Tidak Aktif,Bagus,0.0,inventory/ams/inventoryPhoto/1603161157unnamed.jpg,inventory/ams/assets/uploads/assetsre/ap/1603161157unnamed.jpg,LT,Aset,Corporate,,65,2024-07-26 14:40:33.000,2024-07-26 14:40:33.000,Warna Cream
4715,1456,01456-FUR-MK-CFS-PTRE-13,01456-FUR-MK-CFS-PTRE-13,335,FUR-MK,153,Tersedia,Bagus,0.0,inventory/ams/inventoryPhoto/1726800829MEJA_KERJA.jpeg,inventory/ams/assets/uploads/assetsre/ap/1726800829MEJA_KERJA.jpeg,LT,Aset,Corporate,10780,65,2025-11-18 10:01:42.000,2025-11-18 10:01:42.000,Warna Cream
4716,1457,01457-FUR-MK-CFS-PTRE-13,01457-FUR-MK-CFS-PTRE-13,335,FUR-MK,120,Tidak Aktif,Bagus,0.0,inventory/ams/inventoryPhoto/1603160230unnamed.jpg,inventory/ams/assets/uploads/assetsre/ap/1603160230unnamed.jpg,LT,Aset,Corporate,,65,2024-07-26 14:40:56.000,2024-07-26 14:40:56.000,Warna Cream
4717,1458,01458-FUR-MK-CFS-PTRE-13,01458-FUR-MK-CFS-PTRE-13,335,FUR-MK,120,Tidak Aktif,Bagus,0.0,inventory/ams/inventoryPhoto/1603160520unnamed.jpg,inventory/ams/assets/uploads/assetsre/ap/1603160520unnamed.jpg,LT,Aset,Corporate,,65,2024-07-26 14:41:13.000,2024-07-26 14:41:13.000,Warna Cream
4718,1459,01459-FUR-MK-CFS-PTRE-13,01459-FUR-MK-CFS-PTRE-13,335,FUR-MK,120,Tidak Aktif,Bagus,0.0,inventory/ams/inventoryPhoto/1603160617unnamed.jpg,inventory/ams/assets/uploads/assetsre/ap/1603160617unnamed.jpg,LT,Aset,Corporate,,65,2024-07-26 14:39:53.000,2024-07-26 14:39:53.000,Warna Cream
4719,1460,01460-FUR-MK-CFS-PTRE-13,01460-FUR-MK-CFS-PTRE-13,335,FUR-MK,120,Tidak Aktif,Bagus,0.0,inventory/ams/inventoryPhoto/1603160414unnamed.jpg,inventory/ams/assets/uploads/assetsre/ap/1603160414unnamed.jpg,LT,Aset,Corporate,,65,2024-07-26 14:39:31.000,2024-07-26 14:39:31.000,Warna Cream
4720,1463,01463-FUR-MK-CFS-PTRE-13,01463-FUR-MK-CFS-PTRE-13,335,FUR-MK,120,Tidak Aktif,Bagus,0.0,inventory/ams/inventoryPhoto/1603159937unnamed.jpg,inventory/ams/assets/uploads/assetsre/ap/1603159937unnamed.jpg,LT,Aset,Corporate,,65,2024-07-26 14:41:20.000,2024-07-26 14:41:20.000,Warna Cream
4721,1464,01464-FUR-MK-CFS-PTRE-13,01464-FUR-MK-CFS-PTRE-13,335,FUR-MK,121,Dipinjam,Bagus,0.0,inventory/ams/inventoryPhoto/1726800820MEJA_KERJA.jpeg,inventory/ams/assets/uploads/assetsre/ap/1726800820MEJA_KERJA.jpeg,LT,Aset,Corporate,10780,65,2025-11-18 10:01:33.000,2025-11-18 10:01:33.000,Warna Cream
4722,1470,01470-FUR-MK-CFS-PTRE-13,01470-FUR-MK-CFS-PTRE-13,335,FUR-MK,121,Tersedia,Bagus,0.0,inventory/ams/inventoryPhoto/1726800823MEJA_KERJA.jpeg,inventory/ams/assets/uploads/assetsre/ap/1726800823MEJA_KERJA.jpeg,LT,Aset,Corporate,,65,2024-09-20 09:53:43.000,2024-09-20 09:53:43.000,Warna Cream
4723,1471,01471-FUR-MK-CFS-PTRE-13,01471-FUR-MK-CFS-PTRE-13,335,FUR-MK,121,Tersedia,Bagus,0.0,inventory/ams/inventoryPhoto/1726800812MEJA_KERJA.jpeg,inventory/ams/assets/uploads/assetsre/ap/1726800812MEJA_KERJA.jpeg,LT,Aset,Corporate,,65,2024-09-20 09:53:32.000,2024-09-20 09:53:32.000,Warna Cream
4724,1473,01473-FUR-MK-CFS-PTRE-13,01473-FUR-MK-CFS-PTRE-13,335,FUR-MK,121,Tidak Aktif,Bagus,0.0,inventory/ams/inventoryPhoto/1726800807MEJA_KERJA.jpeg,inventory/ams/assets/uploads/assetsre/ap/1726800807MEJA_KERJA.jpeg,LT,Aset,Corporate,10780,65,2025-02-14 15:17:06.000,2025-02-14 15:17:06.000,Warna Cream
4725,1474,01474-FUR-MK-CFS-PTRE-13,01474-FUR-MK-CFS-PTRE-13,335,FUR-MK,121,Tersedia,Bagus,0.0,inventory/ams/inventoryPhoto/1726800799MEJA_KERJA.jpeg,inventory/ams/assets/uploads/assetsre/ap/1726800799MEJA_KERJA.jpeg,LT,Aset,Corporate,10780,65,2025-04-25 10:18:56.000,2025-04-25 10:18:56.000,Warna Cream
4726,1475,01475-FUR-MK-CFS-PTRE-13,01475-FUR-MK-CFS-PTRE-13,335,FUR-MK,122,Tersedia,Bagus,0.0,inventory/ams/inventoryPhoto/1726800794MEJA_KERJA.jpeg,inventory/ams/assets/uploads/assetsre/ap/1726800794MEJA_KERJA.jpeg,LT,Aset,Corporate,10780,65,2025-11-18 10:01:20.000,2025-11-18 10:01:20.000,Warna Cream
4727,1476,01476-FUR-MK-CFS-PTRE-13,01476-FUR-MK-CFS-PTRE-13,335,FUR-MK,121,Tersedia,Bagus,0.0,inventory/ams/inventoryPhoto/1726800782MEJA_KERJA.jpeg,inventory/ams/assets/uploads/assetsre/ap/1726800782MEJA_KERJA.jpeg,LT,Aset,Corporate,10780,65,2025-10-16 16:00:48.000,2025-10-16 16:00:48.000,Warna Cream
4728,1493,01493-FUR-MK-CFS-PTRE-14,01493-FUR-MK-CFS-PTRE-14,334,FUR-MK,156,Tersedia,Bagus,0.0,inventory/ams/inventoryPhoto/1726800786MEJA_KERJA.jpeg,inventory/ams/assets/uploads/assetsre/ap/1726800786MEJA_KERJA.jpeg,LT,Aset,Corporate,,65,2024-09-20 09:53:06.000,2024-09-20 09:53:06.000,Warna Cokelat
4729,1508,01508-FUR-MK-CFS-PTRE-14,01508-FUR-MK-CFS-PTRE-14,334,FUR-MK,157,Tidak Aktif,Bagus,0.0,,,LT,Aset,Corporate,,1,2024-08-01 14:04:14.000,2024-08-01 14:04:14.000,Warna Cokelat
4730,1516,01516-FUR-MK-CFS-PTRE-13,01516-FUR-MK-CFS-PTRE-13,335,FUR-MK,157,Tidak Aktif,Bagus,0.0,inventory/ams/inventoryPhoto/1601608677meja_cream.jpg,inventory/ams/assets/uploads/assetsre/ap/1601608677meja_cream.jpg,LT,Aset,Corporate,,1,2024-08-22 15:20:28.000,2024-08-22 15:20:28.000,Warna Cream
4731,1550,01550-FUR-MK-CFS-PTRE-12,01550-FUR-MK-CFS-PTRE-12,351,FUR-MK,163,Tidak Aktif,Rusak,0.0,,,LT,Inventaris,Corporate,,1,2024-02-28 10:38:02.000,2024-02-28 10:38:02.000,Warna Abu-Abu
4732,1553,01553-FUR-MK-CFS-PTRE-14,01553-FUR-MK-CFS-PTRE-14,335,FUR-MK,236,Tersedia,Bagus,0.0,inventory/ams/inventoryPhoto/1709947933WhatsApp_Image_2024-02-26_at_15_44_28.jpeg,inventory/ams/assets/uploads/assetsre/ap/1709947933WhatsApp_Image_2024-02-26_at_15_44_28.jpeg,LT,Aset,Corporate,,79,2024-03-09 08:32:13.000,2024-03-09 08:32:13.000,Warna Cream
4733,1556,01556-FUR-MK-CFS-PTRE-14,01556-FUR-MK-CFS-PTRE-14,335,FUR-MK,236,Tersedia,Bagus,0.0,inventory/ams/inventoryPhoto/1709947879WhatsApp_Image_2024-02-26_at_15_44_28.jpeg,inventory/ams/assets/uploads/assetsre/ap/1709947879WhatsApp_Image_2024-02-26_at_15_44_28.jpeg,LT,Aset,Corporate,,79,2024-03-09 08:31:19.000,2024-03-09 08:31:19.000,Warna Cream
4734,1557,01557-FUR-MK-CFS-PTRE-14,01557-FUR-MK-CFS-PTRE-14,335,FUR-MK,236,Tersedia,Bagus,0.0,inventory/ams/inventoryPhoto/1709947819WhatsApp_Image_2024-02-26_at_15_44_28.jpeg,inventory/ams/assets/uploads/assetsre/ap/1709947819WhatsApp_Image_2024-02-26_at_15_44_28.jpeg,LT,Aset,Corporate,,79,2024-03-09 08:30:19.000,2024-03-09 08:30:19.000,Warna Cream
4735,1583,01583-FUR-MK-CFS-PTRE-14,01583-FUR-MK-CFS-PTRE-14,340,FUR-MK,232,Tersedia,Bagus,0.0,inventory/ams/inventoryPhoto/1710234478WhatsApp_Image_2024-03-09_at_10_13_59.jpeg,inventory/ams/assets/uploads/assetsre/ap/1710234478WhatsApp_Image_2024-03-09_at_10_13_59.jpeg,LT,Aset,Corporate,,1,2024-03-12 16:07:58.000,2024-03-12 16:07:58.000,Warna Cream
4736,1584,01584-FUR-MK-CFS-PTRE-14,01584-FUR-MK-CFS-PTRE-14,340,FUR-MK,232,Tersedia,Bagus,0.0,inventory/ams/inventoryPhoto/1710234454WhatsApp_Image_2024-03-09_at_10_13_59.jpeg,inventory/ams/assets/uploads/assetsre/ap/1710234454WhatsApp_Image_2024-03-09_at_10_13_59.jpeg,LT,Aset,Corporate,,1,2024-03-12 16:07:35.000,2024-03-12 16:07:35.000,Warna Cream
4737,1585,01585-FUR-MK-CFS-PTRE-14,01585-FUR-MK-CFS-PTRE-14,340,FUR-MK,232,Tersedia,Bagus,0.0,inventory/ams/inventoryPhoto/1710234381WhatsApp_Image_2024-03-09_at_10_13_59.jpeg,inventory/ams/assets/uploads/assetsre/ap/1710234381WhatsApp_Image_2024-03-09_at_10_13_59.jpeg,LT,Aset,Corporate,,1,2024-03-12 16:06:21.000,2024-03-12 16:06:21.000,Warna Cream
4738,1586,01586-FUR-MK-CFS-PTRE-14,01586-FUR-MK-CFS-PTRE-14,340,FUR-MK,232,Tersedia,Bagus,0.0,inventory/ams/inventoryPhoto/1710234354WhatsApp_Image_2024-03-09_at_10_13_59.jpeg,inventory/ams/assets/uploads/assetsre/ap/1710234354WhatsApp_Image_2024-03-09_at_10_13_59.jpeg,LT,Aset,Corporate,,1,2024-03-12 16:05:54.000,2024-03-12 16:05:54.000,Warna Cream
4739,1588,01588-FUR-MK-CFS-PTRE-14,01588-FUR-MK-CFS-PTRE-14,340,FUR-MK,232,Tersedia,Bagus,0.0,inventory/ams/inventoryPhoto/1710234327WhatsApp_Image_2024-03-09_at_10_13_59.jpeg,inventory/ams/assets/uploads/assetsre/ap/1710234327WhatsApp_Image_2024-03-09_at_10_13_59.jpeg,LT,Aset,Corporate,,1,2024-03-12 16:05:27.000,2024-03-12 16:05:27.000,Warna Cream
4740,1593,01593-FUR-MK-CFS-PTRE-14,01593-FUR-MK-CFS-PTRE-14,340,FUR-MK,232,Tersedia,Bagus,0.0,inventory/ams/inventoryPhoto/1710234308WhatsApp_Image_2024-03-09_at_10_13_59.jpeg,inventory/ams/assets/uploads/assetsre/ap/1710234308WhatsApp_Image_2024-03-09_at_10_13_59.jpeg,LT,Aset,Corporate,,1,2024-03-12 16:05:08.000,2024-03-12 16:05:08.000,Warna Cream
4741,1598,01598-FUR-MK-CFS-PTRE-14,01598-FUR-MK-CFS-PTRE-14,340,FUR-MK,221,Tersedia,Bagus,0.0,inventory/ams/inventoryPhoto/1710234059WhatsApp_Image_2024-03-09_at_10_13_59.jpeg,inventory/ams/assets/uploads/assetsre/ap/1710234059WhatsApp_Image_2024-03-09_at_10_13_59.jpeg,LT,Aset,Corporate,,1,2024-03-12 16:00:59.000,2024-03-12 16:00:59.000,Warna Cream
4742,1599,01599-FUR-MK-CFS-PTRE-14,01599-FUR-MK-CFS-PTRE-14,340,FUR-MK,221,Tersedia,Bagus,0.0,inventory/ams/inventoryPhoto/1710234024WhatsApp_Image_2024-03-09_at_10_13_59.jpeg,inventory/ams/assets/uploads/assetsre/ap/1710234024WhatsApp_Image_2024-03-09_at_10_13_59.jpeg,LT,Aset,Corporate,,1,2024-03-12 16:00:24.000,2024-03-12 16:00:24.000,Warna Cream
4743,1602,01602-FUR-MK-CFS-PTRE-14,01602-FUR-MK-CFS-PTRE-14,340,FUR-MK,221,Tersedia,Bagus,0.0,inventory/ams/inventoryPhoto/1710233875WhatsApp_Image_2024-03-09_at_10_13_59.jpeg,inventory/ams/assets/uploads/assetsre/ap/1710233875WhatsApp_Image_2024-03-09_at_10_13_59.jpeg,LT,Aset,Corporate,,65,2024-03-12 15:57:55.000,2024-03-12 15:57:55.000,Warna Cream
4744,1607,01607-FUR-MK-CFS-PTRE-14,01607-FUR-MK-CFS-PTRE-14,340,FUR-MK,221,Tersedia,Bagus,0.0,inventory/ams/inventoryPhoto/1710233848WhatsApp_Image_2024-03-09_at_10_13_59.jpeg,inventory/ams/assets/uploads/assetsre/ap/1710233848WhatsApp_Image_2024-03-09_at_10_13_59.jpeg,LT,Aset,Corporate,,65,2024-03-12 15:57:28.000,2024-03-12 15:57:28.000,Warna Cream
4745,1611,01611-FUR-MK-CFS-PTRE-14,01611-FUR-MK-CFS-PTRE-14,340,FUR-MK,221,Tersedia,Bagus,0.0,inventory/ams/inventoryPhoto/1710233826WhatsApp_Image_2024-03-09_at_10_13_59.jpeg,inventory/ams/assets/uploads/assetsre/ap/1710233826WhatsApp_Image_2024-03-09_at_10_13_59.jpeg,LT,Aset,Corporate,,65,2024-03-12 15:57:06.000,2024-03-12 15:57:06.000,Warna Cream
4746,1615,01615-FUR-MK-CFS-PTRE-14,01615-FUR-MK-CFS-PTRE-14,340,FUR-MK,221,Tersedia,Bagus,0.0,inventory/ams/inventoryPhoto/1710233804WhatsApp_Image_2024-03-09_at_10_13_59.jpeg,inventory/ams/assets/uploads/assetsre/ap/1710233804WhatsApp_Image_2024-03-09_at_10_13_59.jpeg,LT,Aset,Corporate,,65,2024-03-12 15:56:44.000,2024-03-12 15:56:44.000,Warna Cream
4747,1616,01616-FUR-MK-CFS-PTRE-14,01616-FUR-MK-CFS-PTRE-14,340,FUR-MK,221,Tersedia,Bagus,0.0,inventory/ams/inventoryPhoto/1710233779WhatsApp_Image_2024-03-09_at_10_13_59.jpeg,inventory/ams/assets/uploads/assetsre/ap/1710233779WhatsApp_Image_2024-03-09_at_10_13_59.jpeg,LT,Aset,Corporate,,65,2024-03-12 15:56:19.000,2024-03-12 15:56:19.000,Warna Cream
4748,1617,01617-FUR-MK-CFS-PTRE-14,01617-FUR-MK-CFS-PTRE-14,340,FUR-MK,221,Tersedia,Bagus,0.0,inventory/ams/inventoryPhoto/1710233749WhatsApp_Image_2024-03-09_at_10_13_59.jpeg,inventory/ams/assets/uploads/assetsre/ap/1710233749WhatsApp_Image_2024-03-09_at_10_13_59.jpeg,LT,Aset,Corporate,,65,2024-03-12 15:55:49.000,2024-03-12 15:55:49.000,Warna Cream
4749,1618,01618-FUR-MK-CFS-PTRE-14,01618-FUR-MK-CFS-PTRE-14,340,FUR-MK,221,Tersedia,Bagus,0.0,inventory/ams/inventoryPhoto/1710233725WhatsApp_Image_2024-03-09_at_10_13_59.jpeg,inventory/ams/assets/uploads/assetsre/ap/1710233725WhatsApp_Image_2024-03-09_at_10_13_59.jpeg,LT,Aset,Corporate,,65,2024-03-12 15:55:25.000,2024-03-12 15:55:25.000,Warna Cream
4750,1619,01619-FUR-MK-CFS-PTRE-14,01619-FUR-MK-CFS-PTRE-14,340,FUR-MK,221,Tersedia,Bagus,0.0,inventory/ams/inventoryPhoto/1710233699WhatsApp_Image_2024-03-09_at_10_13_59.jpeg,inventory/ams/assets/uploads/assetsre/ap/1710233699WhatsApp_Image_2024-03-09_at_10_13_59.jpeg,LT,Aset,Corporate,,65,2024-03-12 15:54:59.000,2024-03-12 15:54:59.000,Warna Cream
4751,1620,01620-FUR-MK-CFS-PTRE-14,01620-FUR-MK-CFS-PTRE-14,340,FUR-MK,221,Tersedia,Bagus,0.0,inventory/ams/inventoryPhoto/1710233674WhatsApp_Image_2024-03-09_at_10_13_59.jpeg,inventory/ams/assets/uploads/assetsre/ap/1710233674WhatsApp_Image_2024-03-09_at_10_13_59.jpeg,LT,Aset,Corporate,,65,2024-03-12 15:54:34.000,2024-03-12 15:54:34.000,Warna Cream
4752,1621,01621-FUR-MK-CFS-PTRE-14,01621-FUR-MK-CFS-PTRE-14,340,FUR-MK,221,Tersedia,Bagus,0.0,inventory/ams/inventoryPhoto/1710233648WhatsApp_Image_2024-03-09_at_10_13_59.jpeg,inventory/ams/assets/uploads/assetsre/ap/1710233648WhatsApp_Image_2024-03-09_at_10_13_59.jpeg,LT,Aset,Corporate,,65,2024-03-12 15:54:08.000,2024-03-12 15:54:08.000,Warna Cream
4753,1622,01622-FUR-MK-CFS-PTRE-14,01622-FUR-MK-CFS-PTRE-14,340,FUR-MK,221,Tersedia,Bagus,0.0,inventory/ams/inventoryPhoto/1710233560WhatsApp_Image_2024-03-09_at_10_13_59.jpeg,inventory/ams/assets/uploads/assetsre/ap/1710233560WhatsApp_Image_2024-03-09_at_10_13_59.jpeg,LT,Aset,Corporate,,65,2024-03-12 15:52:40.000,2024-03-12 15:52:40.000,Warna Cream
4754,1623,01623-FUR-MK-CFS-PTRE-14,01623-FUR-MK-CFS-PTRE-14,344,FUR-MK,221,Tersedia,Bagus,0.0,inventory/ams/inventoryPhoto/1710233502WhatsApp_Image_2024-02-28_at_14_09_23.jpeg,inventory/ams/assets/uploads/assetsre/ap/1710233502WhatsApp_Image_2024-02-28_at_14_09_23.jpeg,LT,Aset,Corporate,,65,2024-03-12 15:51:42.000,2024-03-12 15:51:42.000,Warna Cream
4755,1624,01624-FUR-MK-CFS-PTRE-14,01624-FUR-MK-CFS-PTRE-14,344,FUR-MK,221,Tersedia,Bagus,0.0,inventory/ams/inventoryPhoto/1710233437WhatsApp_Image_2024-02-28_at_14_09_23.jpeg,inventory/ams/assets/uploads/assetsre/ap/1710233437WhatsApp_Image_2024-02-28_at_14_09_23.jpeg,LT,Aset,Corporate,,65,2024-03-12 15:50:37.000,2024-03-12 15:50:37.000,Warna Cream
4756,1625,01626-FUR-MK-CFS-PTRE-14,01626-FUR-MK-CFS-PTRE-14,344,FUR-MK,221,Tersedia,Bagus,0.0,inventory/ams/inventoryPhoto/1710233209WhatsApp_Image_2024-02-28_at_14_09_23.jpeg,inventory/ams/assets/uploads/assetsre/ap/1710233209WhatsApp_Image_2024-02-28_at_14_09_23.jpeg,LT,Aset,Corporate,,65,2024-03-12 15:46:49.000,2024-03-12 15:46:49.000,Warna Cream
4757,1626,04890-FUR-MK-CFS-PTRE-14,04890-FUR-MK-CFS-PTRE-14,344,FUR-MK,221,Tersedia,Bagus,0.0,inventory/ams/inventoryPhoto/1710230501WhatsApp_Image_2024-02-28_at_14_09_23.jpeg,inventory/ams/assets/uploads/assetsre/ap/1710230501WhatsApp_Image_2024-02-28_at_14_09_23.jpeg,LT,Aset,Corporate,,65,2024-03-12 15:01:41.000,2024-03-12 15:01:41.000,Warna Cream
4758,1627,01627-FUR-MK-CFS-PTRE-14,01627-FUR-MK-CFS-PTRE-14,344,FUR-MK,221,Tersedia,Bagus,0.0,inventory/ams/inventoryPhoto/1710230454WhatsApp_Image_2024-02-28_at_14_09_23.jpeg,inventory/ams/assets/uploads/assetsre/ap/1710230454WhatsApp_Image_2024-02-28_at_14_09_23.jpeg,LT,Aset,Corporate,,65,2024-03-12 15:00:54.000,2024-03-12 15:00:54.000,Warna Cream
4759,1628,01628-FUR-MK-CFS-PTRE-14,01628-FUR-MK-CFS-PTRE-14,344,FUR-MK,221,Tersedia,Bagus,0.0,inventory/ams/inventoryPhoto/1710230403WhatsApp_Image_2024-02-28_at_14_09_23.jpeg,inventory/ams/assets/uploads/assetsre/ap/1710230403WhatsApp_Image_2024-02-28_at_14_09_23.jpeg,LT,Aset,Corporate,,65,2024-03-12 15:48:52.000,2024-03-12 15:48:52.000,Warna Cream
4760,1744,01744-FUR-MK-CFS-PTRE-14,01744-FUR-MK-CFS-PTRE-14,334,FUR-MK,166,Tidak Aktif,Bagus,0.0,,,LT,Aset,Corporate,,1,2024-07-31 14:47:29.000,2024-07-31 14:47:29.000,Warna Cokelat
4761,1745,01745-FUR-MK-CFS-PTRE-14,01745-FUR-MK-CFS-PTRE-14,334,FUR-MK,166,Tidak Aktif,Bagus,0.0,,,LT,Aset,Corporate,,1,2024-07-31 14:47:02.000,2024-07-31 14:47:02.000,Warna Cokelat
4762,1746,01746-FUR-MK-CFS-PTRE-14,01746-FUR-MK-CFS-PTRE-14,334,FUR-MK,166,Tidak Aktif,Bagus,0.0,,,LT,Aset,Corporate,,1,2024-07-31 14:46:49.000,2024-07-31 14:46:49.000,Warna Cokelat
4763,1747,01747-FUR-MK-CFS-PTRE-14,01747-FUR-MK-CFS-PTRE-14,334,FUR-MK,166,Tidak Aktif,Bagus,0.0,,,LT,Aset,Corporate,,1,2024-07-31 14:47:15.000,2024-07-31 14:47:15.000,Warna Cokelat
4764,1748,01748-FUR-MK-CFS-PTRE-14,01748-FUR-MK-CFS-PTRE-14,334,FUR-MK,166,Tidak Aktif,Bagus,0.0,,,LT,Aset,Corporate,,1,2024-07-31 14:46:55.000,2024-07-31 14:46:55.000,Warna Cokelat
4765,1749,01749-FUR-MK-CFS-PTRE-14,01749-FUR-MK-CFS-PTRE-14,334,FUR-MK,166,Tidak Aktif,Bagus,0.0,,,LT,Aset,Corporate,,1,2024-07-31 14:46:31.000,2024-07-31 14:46:31.000,Warna Cokelat
4766,1750,01750-FUR-MK-CFS-PTRE-14,01750-FUR-MK-CFS-PTRE-14,334,FUR-MK,166,Tidak Aktif,Bagus,0.0,,,LT,Aset,Corporate,,1,2024-07-31 14:46:18.000,2024-07-31 14:46:18.000,Warna Cokelat
4767,1751,01751-FUR-MK-CFS-PTRE-14,01751-FUR-MK-CFS-PTRE-14,334,FUR-MK,166,Tidak Aktif,Bagus,0.0,,,LT,Aset,Corporate,,1,2024-07-31 14:46:43.000,2024-07-31 14:46:43.000,Warna Cokelat
4768,1752,01752-FUR-MK-CFS-PTRE-14,01752-FUR-MK-CFS-PTRE-14,334,FUR-MK,166,Tidak Aktif,Bagus,0.0,,,LT,Aset,Corporate,,1,2024-07-31 14:46:11.000,2024-07-31 14:46:11.000,Warna Cokelat
4769,1753,01753-FUR-MK-CFS-PTRE-14,01753-FUR-MK-CFS-PTRE-14,334,FUR-MK,166,Tidak Aktif,Bagus,0.0,,,LT,Aset,Corporate,,1,2024-07-31 14:45:58.000,2024-07-31 14:45:58.000,Warna Cokelat
4770,1811,01811-FUR-MK-CFS-PTRE-12,01811-FUR-MK-CFS-PTRE-12,351,FUR-MK,173,Tersedia,Bagus,0.0,,,LT,Aset,Corporate,10780,65,2024-09-20 10:13:54.000,2024-09-20 10:13:54.000,Warna Abu-Abu
4771,1817,01817-FUR-MK-CFS-PTRE-12,01817-FUR-MK-CFS-PTRE-12,356,FUR-MK,174,Tersedia,Bagus,0.0,inventory/ams/inventoryPhoto/1709104429WhatsApp_Image_2024-02-28_at_14_09_23.jpeg,inventory/ams/assets/uploads/assetsre/ap/1709104429WhatsApp_Image_2024-02-28_at_14_09_23.jpeg,LT,Aset,Corporate,,65,2024-02-28 14:13:49.000,2024-02-28 14:13:49.000,Warna Cream
4772,1818,01818-FUR-MK-CFS-PTRE-12,01818-FUR-MK-CFS-PTRE-12,356,FUR-MK,174,Tersedia,Bagus,0.0,inventory/ams/inventoryPhoto/1709104400WhatsApp_Image_2024-02-28_at_14_09_23.jpeg,inventory/ams/assets/uploads/assetsre/ap/1709104400WhatsApp_Image_2024-02-28_at_14_09_23.jpeg,LT,Aset,Corporate,,65,2024-02-28 14:13:20.000,2024-02-28 14:13:20.000,Warna Cream
4773,1819,01819-FUR-MK-CFS-PTRE-12,01819-FUR-MK-CFS-PTRE-12,356,FUR-MK,174,Tersedia,Bagus,0.0,inventory/ams/inventoryPhoto/1709104365WhatsApp_Image_2024-02-28_at_14_09_23.jpeg,inventory/ams/assets/uploads/assetsre/ap/1709104365WhatsApp_Image_2024-02-28_at_14_09_23.jpeg,LT,Aset,Corporate,,65,2024-02-28 14:12:45.000,2024-02-28 14:12:45.000,Warna Cream
4774,1820,01820-FUR-MK-CFS-PTRE-12,01820-FUR-MK-CFS-PTRE-12,356,FUR-MK,174,Tersedia,Bagus,0.0,inventory/ams/inventoryPhoto/1709104321WhatsApp_Image_2024-02-28_at_14_09_23.jpeg,inventory/ams/assets/uploads/assetsre/ap/1709104321WhatsApp_Image_2024-02-28_at_14_09_23.jpeg,LT,Aset,Corporate,,65,2024-02-28 14:12:01.000,2024-02-28 14:12:01.000,Warna Cream
4775,1821,01821-FUR-MK-CFS-PTRE-12,01821-FUR-MK-CFS-PTRE-12,356,FUR-MK,174,Tersedia,Bagus,0.0,inventory/ams/inventoryPhoto/1709104282WhatsApp_Image_2024-02-28_at_14_09_23.jpeg,inventory/ams/assets/uploads/assetsre/ap/1709104282WhatsApp_Image_2024-02-28_at_14_09_23.jpeg,LT,Aset,Corporate,,65,2024-02-28 14:11:22.000,2024-02-28 14:11:22.000,Warna Cream
4776,1822,01822-FUR-MK-CFS-PTRE-12,01822-FUR-MK-CFS-PTRE-12,356,FUR-MK,174,Tersedia,Bagus,0.0,inventory/ams/inventoryPhoto/1709104211WhatsApp_Image_2024-02-28_at_14_09_23.jpeg,inventory/ams/assets/uploads/assetsre/ap/1709104211WhatsApp_Image_2024-02-28_at_14_09_23.jpeg,LT,Aset,Corporate,,65,2024-02-28 14:10:11.000,2024-02-28 14:10:11.000,Warna Cream
4777,1823,01823-FUR-MK-CFS-PTRE-14,01823-FUR-MK-CFS-PTRE-14,334,FUR-MK,174,Tidak Aktif,Bagus,0.0,,,LT,Inventaris,Corporate,,79,2024-02-28 09:48:48.000,2024-02-28 09:48:48.000,Warna Cokelat
4778,1859,01859-FUR-MK-CFS-PTRE-14,01859-FUR-MK-CFS-PTRE-14,335,FUR-MK,236,Tersedia,Bagus,0.0,inventory/ams/inventoryPhoto/1709948364WhatsApp_Image_2024-03-09_at_08_36_09.jpeg,inventory/ams/assets/uploads/assetsre/ap/1709948364WhatsApp_Image_2024-03-09_at_08_36_09.jpeg,LT,Aset,Corporate,,79,2024-03-20 08:54:24.000,2024-03-20 08:54:24.000,Warna Cream
4779,1860,01860-FUR-MK-CFS-PTRE-14,01860-FUR-MK-CFS-PTRE-14,352,FUR-MK,175,Tidak Aktif,Bagus,0.0,,,LT,Inventaris,Corporate,,65,2024-02-28 10:55:39.000,2024-02-28 10:55:39.000,Warna Cokelat
4780,1861,01861-FUR-MK-CFS-PTRE-14,01861-FUR-MK-CFS-PTRE-14,352,FUR-MK,175,Tidak Aktif,Bagus,0.0,,,LT,Inventaris,Corporate,,65,2024-02-28 10:55:30.000,2024-02-28 10:55:30.000,Warna Cokelat
4781,1862,01862-FUR-MK-CFS-PTRE-14,01862-FUR-MK-CFS-PTRE-14,352,FUR-MK,175,Tidak Aktif,Bagus,0.0,,,LT,Inventaris,Corporate,,65,2024-02-28 10:55:20.000,2024-02-28 10:55:20.000,Warna Cokelat
4782,1864,01864-FUR-MK-CFS-PTRE-14,01864-FUR-MK-CFS-PTRE-14,352,FUR-MK,175,Tidak Aktif,Bagus,0.0,,,LT,Inventaris,Corporate,,65,2024-02-28 10:55:09.000,2024-02-28 10:55:09.000,Warna Cokelat
4783,1866,01866-FUR-MK-CFS-PTRE-14,01866-FUR-MK-CFS-PTRE-14,352,FUR-MK,175,Tidak Aktif,Bagus,0.0,,,LT,Inventaris,Corporate,,65,2024-02-28 10:54:59.000,2024-02-28 10:54:59.000,Warna Cokelat
4784,1867,01867-FUR-MK-CFS-PTRE-14,01867-FUR-MK-CFS-PTRE-14,352,FUR-MK,175,Tidak Aktif,Bagus,0.0,,,LT,Inventaris,Corporate,,65,2024-02-28 10:54:47.000,2024-02-28 10:54:47.000,Warna Cokelat
4785,1868,01868-FUR-MK-CFS-PTRE-14,01868-FUR-MK-CFS-PTRE-14,352,FUR-MK,175,Tidak Aktif,Bagus,0.0,,,LT,Inventaris,Corporate,,65,2024-02-28 10:54:37.000,2024-02-28 10:54:37.000,Warna Cokelat
4786,1870,01870-FUR-MK-CFS-PTRE-14,01870-FUR-MK-CFS-PTRE-14,352,FUR-MK,175,Tidak Aktif,Bagus,0.0,,,LT,Inventaris,Corporate,,65,2024-02-28 10:54:25.000,2024-02-28 10:54:25.000,Warna Cokelat
4787,1871,01871-FUR-MK-CFS-PTRE-14,01871-FUR-MK-CFS-PTRE-14,352,FUR-MK,175,Tidak Aktif,Bagus,0.0,,,LT,Inventaris,Corporate,,65,2024-02-28 10:54:15.000,2024-02-28 10:54:15.000,Warna Cokelat
4788,1872,01872-FUR-MK-CFS-PTRE-14,01872-FUR-MK-CFS-PTRE-14,352,FUR-MK,175,Tidak Aktif,Bagus,0.0,,,LT,Inventaris,Corporate,,65,2024-02-28 10:54:04.000,2024-02-28 10:54:04.000,Warna Cokelat
4789,1873,01873-FUR-MK-CFS-PTRE-14,01873-FUR-MK-CFS-PTRE-14,352,FUR-MK,175,Tidak Aktif,Bagus,0.0,,,LT,Inventaris,Corporate,,65,2024-02-28 10:53:55.000,2024-02-28 10:53:55.000,Warna Cokelat
4790,1874,01874-FUR-MK-CFS-PTRE-14,01874-FUR-MK-CFS-PTRE-14,352,FUR-MK,175,Tidak Aktif,Bagus,0.0,,,LT,Inventaris,Corporate,,65,2024-02-28 10:53:37.000,2024-02-28 10:53:37.000,Warna Cokelat
4791,1875,01875-FUR-MK-CFS-PTRE-14,01875-FUR-MK-CFS-PTRE-14,352,FUR-MK,175,Tidak Aktif,Bagus,0.0,,,LT,Inventaris,Corporate,,65,2024-02-28 10:53:27.000,2024-02-28 10:53:27.000,Warna Cokelat
4792,1876,01876-FUR-MK-CFS-PTRE-14,01876-FUR-MK-CFS-PTRE-14,352,FUR-MK,175,Tidak Aktif,Bagus,0.0,,,LT,Inventaris,Corporate,,65,2024-02-28 10:53:17.000,2024-02-28 10:53:17.000,Warna Cokelat
4793,1879,01879-FUR-MK-CFS-PTRE-14,01879-FUR-MK-CFS-PTRE-14,352,FUR-MK,175,Tidak Aktif,Bagus,0.0,,,LT,Inventaris,Corporate,,65,2024-02-28 10:53:06.000,2024-02-28 10:53:06.000,Warna Cokelat
4794,1880,01880-FUR-MK-CFS-PTRE-14,01880-FUR-MK-CFS-PTRE-14,352,FUR-MK,175,Tidak Aktif,Bagus,0.0,,,LT,Inventaris,Corporate,,65,2024-02-28 10:52:57.000,2024-02-28 10:52:57.000,Warna Cokelat
4795,1881,01881-FUR-MK-CFS-PTRE-14,01881-FUR-MK-CFS-PTRE-14,352,FUR-MK,175,Tidak Aktif,Bagus,0.0,,,LT,Inventaris,Corporate,,65,2024-02-28 10:52:48.000,2024-02-28 10:52:48.000,Warna Cokelat
4796,1882,01882-FUR-MK-CFS-PTRE-14,01882-FUR-MK-CFS-PTRE-14,352,FUR-MK,175,Tidak Aktif,Bagus,0.0,,,LT,Inventaris,Corporate,,65,2024-02-28 10:52:38.000,2024-02-28 10:52:38.000,Warna Cokelat
4797,1883,01883-FUR-MK-CFS-PTRE-14,01883-FUR-MK-CFS-PTRE-14,352,FUR-MK,175,Tidak Aktif,Bagus,0.0,,,LT,Inventaris,Corporate,,65,2024-02-28 10:52:27.000,2024-02-28 10:52:27.000,Warna Cokelat
4798,1926,01926-FUR-MK-CFS-PTRE-13,01926-FUR-MK-CFS-PTRE13,335,FUR-MK,117,Tersedia,Bagus,0.0,inventory/ams/inventoryPhoto/1726800737MEJA_KERJA.jpeg,inventory/ams/assets/uploads/assetsre/ap/1726800737MEJA_KERJA.jpeg,LT,Aset,Corporate,,1,2024-09-20 09:52:17.000,2024-09-20 09:52:17.000,Warna Cream
4799,1962,01962-FUR-MK-CFS-PTRE-14,01962-FUR-MK-CFS-PTRE-14,352,FUR-MK,176,Tidak Aktif,Bagus,0.0,,,LT,Aset,Corporate,,65,2024-02-16 16:53:04.000,2024-02-16 16:53:04.000,Warna Cokelat
4800,1963,01963-FUR-MK-CFS-PTRE-14,01963-FUR-MK-CFS-PTRE-14,352,FUR-MK,176,Tidak Aktif,Bagus,0.0,,,LT,Aset,Corporate,,65,2024-02-16 16:52:51.000,2024-02-16 16:52:51.000,Warna Cokelat
4801,1964,01964-FUR-MK-CFS-PTRE-14,01964-FUR-MK-CFS-PTRE-14,352,FUR-MK,176,Tidak Aktif,Bagus,0.0,,,LT,Aset,Corporate,,65,2024-02-16 16:52:36.000,2024-02-16 16:52:36.000,Warna Cokelat
4802,1965,01965-FUR-MK-CFS-PTRE-14,01965-FUR-MK-CFS-PTRE-14,352,FUR-MK,176,Tidak Aktif,Bagus,0.0,,,LT,Aset,Corporate,,65,2024-02-16 16:52:23.000,2024-02-16 16:52:23.000,Warna Cokelat
4803,1966,01966-FUR-MK-CFS-PTRE-14,01966-FUR-MK-CFS-PTRE-14,352,FUR-MK,176,Tidak Aktif,Bagus,0.0,,,LT,Aset,Corporate,,65,2024-02-16 16:52:11.000,2024-02-16 16:52:11.000,Warna Cokelat
4804,1967,01967-FUR-MK-CFS-PTRE-14,01967-FUR-MK-CFS-PTRE-14,352,FUR-MK,176,Tidak Aktif,Bagus,0.0,,,LT,Aset,Corporate,,65,2024-02-16 16:51:59.000,2024-02-16 16:51:59.000,Warna Cokelat
4805,1968,01968-FUR-MK-CFS-PTRE-14,01968-FUR-MK-CFS-PTRE-14,352,FUR-MK,176,Tidak Aktif,Bagus,0.0,,,LT,Aset,Corporate,,65,2024-02-16 16:51:22.000,2024-02-16 16:51:22.000,Warna Cokelat
4806,1969,01969-FUR-MK-CFS-PTRE-14,01969-FUR-MK-CFS-PTRE-14,352,FUR-MK,176,Tidak Aktif,Bagus,0.0,,,LT,Aset,Corporate,,65,2024-02-16 16:51:04.000,2024-02-16 16:51:04.000,Warna Cokelat
4807,2011,02011-FUR-MK-CFS-PTRE-14,02011-FUR-MK-CFS-PTRE-14,347,FUR-MK,236,Tersedia,Bagus,0.0,,,LT,Aset,Corporate,10780,65,2026-05-12 08:25:28.000,2026-05-12 08:25:28.000,Warna Cokelat
4808,2012,02012-FUR-MK-CFS-PTRE-14,02012-FUR-MK-CFS-PTRE-14,347,FUR-MK,183,Tersedia,Bagus,0.0,,,LT,Aset,Corporate,10780,65,2026-05-12 08:25:46.000,2026-05-12 08:25:46.000,Warna Cokelat
4809,2013,02013-FUR-MK-CFS-PTRE-14,02013-FUR-MK-CFS-PTRE-14,352,FUR-MK,183,Tidak Aktif,Bagus,0.0,,,LT,Aset,Corporate,10780,65,2026-06-07 21:06:00.000,2026-06-07 21:06:00.000,Warna Cokelat
4810,2014,02014-FUR-MK-CFS-PTRE-14,02014-FUR-MK-CFS-PTRE-14,352,FUR-MK,183,Tidak Aktif,Bagus,0.0,,,LT,Aset,Corporate,10780,65,2026-06-07 21:05:51.000,2026-06-07 21:05:51.000,Warna Cokelat
4811,2015,02015-FUR-MK-CFS-PTRE-14,02015-FUR-MK-CFS-PTRE-14,352,FUR-MK,183,Tidak Aktif,Bagus,0.0,,,LT,Aset,Corporate,10780,65,2026-06-07 21:05:45.000,2026-06-07 21:05:45.000,Warna Cokelat
4812,2016,02016-FUR-MK-CFS-PTRE-14,02016-FUR-MK-CFS-PTRE-14,352,FUR-MK,183,Tidak Aktif,Bagus,0.0,,,LT,Aset,Corporate,10780,65,2026-06-07 21:05:29.000,2026-06-07 21:05:29.000,Warna Cokelat
4813,2017,02017-FUR-MK-CFS-PTRE-14,02017-FUR-MK-CFS-PTRE-14,352,FUR-MK,183,Tidak Aktif,Bagus,0.0,,,LT,Aset,Corporate,10780,65,2026-06-07 21:05:35.000,2026-06-07 21:05:35.000,Warna Cokelat
4814,2018,02018-FUR-MK-CFS-PTRE-14,02018-FUR-MK-CFS-PTRE-14,352,FUR-MK,183,Tidak Aktif,Bagus,0.0,,,LT,Aset,Corporate,10780,65,2026-06-07 21:05:24.000,2026-06-07 21:05:24.000,Warna Cokelat
4815,2019,02019-FUR-MK-CFS-PTRE-14,02019-FUR-MK-CFS-PTRE-14,352,FUR-MK,183,Tidak Aktif,Bagus,0.0,,,LT,Aset,Corporate,10780,65,2026-06-07 21:05:55.000,2026-06-07 21:05:55.000,Warna Cokelat
4816,2020,02020-FUR-MK-CFS-PTRE-14,02020-FUR-MK-CFS-PTRE-14,352,FUR-MK,183,Tidak Aktif,Bagus,0.0,,,LT,Aset,Corporate,10780,65,2026-06-07 21:05:19.000,2026-06-07 21:05:19.000,Warna Cokelat
4817,2021,02021-FUR-MK-CFS-PTRE-14,02021-FUR-MK-CFS-PTRE-14,352,FUR-MK,183,Tidak Aktif,Bagus,0.0,,,LT,Aset,Corporate,10780,65,2026-06-07 21:05:40.000,2026-06-07 21:05:40.000,Warna Cokelat
4818,2022,02022-FUR-MK-CFS-PTRE-14,02022-FUR-MK-CFS-PTRE-14,352,FUR-MK,183,Tidak Aktif,Bagus,0.0,,,LT,Aset,Corporate,10780,65,2026-06-07 21:05:15.000,2026-06-07 21:05:15.000,Warna Cokelat
4819,2104,02104-FUR-MK-CFS-PTRE-14,02104-FUR-MK-CFS-PTRE-14,352,FUR-MK,192,Tidak Aktif,Bagus,0.0,,,LT,Inventaris,Corporate,,65,2024-02-28 11:38:44.000,2024-02-28 11:38:44.000,Warna Cokelat
4820,2105,02105-FUR-MK-CFS-PTRE-14,02105-FUR-MK-CFS-PTRE-14,352,FUR-MK,192,Tidak Aktif,Bagus,0.0,,,LT,Inventaris,Corporate,,65,2024-02-28 11:38:33.000,2024-02-28 11:38:33.000,Warna Cokelat
4821,2106,02106-FUR-MK-CFS-PTRE-14,02106-FUR-MK-CFS-PTRE-14,352,FUR-MK,192,Tidak Aktif,Bagus,0.0,,,LT,Inventaris,Corporate,,65,2024-02-28 11:38:20.000,2024-02-28 11:38:20.000,Warna Cokelat
4822,2107,02107-FUR-MK-CFS-PTRE-14,02107-FUR-MK-CFS-PTRE-14,352,FUR-MK,85,Tersedia,Bagus,0.0,,,LT,Inventaris,Corporate,10780,65,2026-04-09 14:18:36.000,2026-04-09 14:18:36.000,Warna Cokelat
4823,2108,02108-FUR-MK-CFS-PTRE-14,02108-FUR-MK-CFS-PTRE-14,352,FUR-MK,192,Tidak Aktif,Bagus,0.0,,,LT,Inventaris,Corporate,,65,2024-02-28 11:38:02.000,2024-02-28 11:38:02.000,Warna Cokelat
4824,2109,02109-FUR-MK-CFS-PTRE-14,02109-FUR-MK-CFS-PTRE-14,352,FUR-MK,85,Tersedia,Bagus,0.0,,,LT,Inventaris,Corporate,10780,65,2026-04-09 14:18:57.000,2026-04-09 14:18:57.000,Warna Cokelat
4825,2110,02110-FUR-MK-CFS-PTRE-14,02110-FUR-MK-CFS-PTRE-14,352,FUR-MK,85,Tersedia,Bagus,0.0,,,LT,Inventaris,Corporate,10780,65,2026-04-09 14:18:52.000,2026-04-09 14:18:52.000,Warna Cokelat
4826,2111,02111-FUR-MK-CFS-PTRE-14,02111-FUR-MK-CFS-PTRE-14,352,FUR-MK,192,Tidak Aktif,Bagus,0.0,,,LT,Inventaris,Corporate,,65,2024-02-28 11:37:30.000,2024-02-28 11:37:30.000,Warna Cokelat
4827,2112,02112-FUR-MK-CFS-PTRE-14,02112-FUR-MK-CFS-PTRE-14,352,FUR-MK,192,Tidak Aktif,Bagus,0.0,,,LT,Inventaris,Corporate,,65,2024-02-28 11:37:21.000,2024-02-28 11:37:21.000,Warna Cokelat
4828,2113,02113-FUR-MK-CFS-PTRE-14,02113-FUR-MK-CFS-PTRE-14,352,FUR-MK,192,Tidak Aktif,Bagus,0.0,,,LT,Inventaris,Corporate,,65,2024-02-28 11:37:11.000,2024-02-28 11:37:11.000,Warna Cokelat
4829,2114,02114-FUR-MK-CFS-PTRE-14,02114-FUR-MK-CFS-PTRE-14,352,FUR-MK,192,Tidak Aktif,Bagus,0.0,,,LT,Inventaris,Corporate,,65,2024-02-28 11:37:01.000,2024-02-28 11:37:01.000,Warna Cokelat
4830,2115,02115-FUR-MK-CFS-PTRE-14,02115-FUR-MK-CFS-PTRE-14,352,FUR-MK,192,Tidak Aktif,Bagus,0.0,,,LT,Inventaris,Corporate,,65,2024-02-28 11:36:53.000,2024-02-28 11:36:53.000,Warna Cokelat
4831,2116,02116-FUR-MK-CFS-PTRE-14,02116-FUR-MK-CFS-PTRE-14,352,FUR-MK,192,Tidak Aktif,Bagus,0.0,,,LT,Inventaris,Corporate,,65,2024-02-28 11:36:44.000,2024-02-28 11:36:44.000,Warna Cokelat
4832,2117,02117-FUR-MK-CFS-PTRE-14,02117-FUR-MK-CFS-PTRE-14,352,FUR-MK,192,Tidak Aktif,Bagus,0.0,,,LT,Inventaris,Corporate,,65,2024-02-28 11:36:12.000,2024-02-28 11:36:12.000,Warna Cokelat
4833,2118,02118-FUR-MK-CFS-PTRE-14,02118-FUR-MK-CFS-PTRE-14,352,FUR-MK,192,Tidak Aktif,Bagus,0.0,,,LT,Inventaris,Corporate,,65,2024-02-28 11:36:04.000,2024-02-28 11:36:04.000,Warna Cokelat
4834,2119,02119-FUR-MK-CFS-PTRE-14,02119-FUR-MK-CFS-PTRE-14,352,FUR-MK,192,Tidak Aktif,Bagus,0.0,,,LT,Inventaris,Corporate,,65,2024-02-28 11:35:55.000,2024-02-28 11:35:55.000,Warna Cokelat
4835,2120,02120-FUR-MK-CFS-PTRE-14,02120-FUR-MK-CFS-PTRE-14,359,FUR-MK,241,Tersedia,Bagus,0.0,,,LT,Aset,Corporate,10780,65,2026-06-07 20:44:06.000,2026-06-07 20:44:06.000,Warna Cokelat
4836,2121,02121-FUR-MK-CFS-PTRE-14,02121-FUR-MK-CFS-PTRE-14,352,FUR-MK,192,Tidak Aktif,Bagus,0.0,,,LT,Inventaris,Corporate,,65,2024-02-28 11:35:37.000,2024-02-28 11:35:37.000,Warna Cokelat
4837,2122,02122-FUR-MK-CFS-PTRE-14,02122-FUR-MK-CFS-PTRE-14,352,FUR-MK,192,Tidak Aktif,Bagus,0.0,,,LT,Inventaris,Corporate,,65,2024-02-28 11:35:29.000,2024-02-28 11:35:29.000,Warna Cokelat
4838,2123,02123-FUR-MK-CFS-PTRE-14,02123-FUR-MK-CFS-PTRE-14,348,FUR-MK,228,Tersedia,Bagus,0.0,inventory/ams/inventoryPhoto/1714632557WhatsApp_Image_2024-03-09_at_10_10_44.jpeg,inventory/ams/assets/uploads/assetsre/ap/1714632557WhatsApp_Image_2024-03-09_at_10_10_44.jpeg,LT,Inventaris,Corporate,10780,65,2025-02-14 09:13:27.000,2025-02-14 09:13:27.000,Warna Putih
4839,2124,02124-FUR-MK-CFS-PTRE-14,02124-FUR-MK-CFS-PTRE-14,352,FUR-MK,228,Tersedia,Bagus,0.0,inventory/ams/inventoryPhoto/17146229445.JPG,inventory/ams/assets/uploads/assetsre/ap/17146229445.JPG,LT,Aset,Corporate,,65,2024-05-02 11:09:04.000,2024-05-02 11:09:04.000,Warna Cokelat
4840,2125,02125-FUR-MK-CFS-PTRE-14,02125-FUR-MK-CFS-PTRE-14,352,FUR-MK,228,Tersedia,Bagus,0.0,inventory/ams/inventoryPhoto/17146229205.JPG,inventory/ams/assets/uploads/assetsre/ap/17146229205.JPG,LT,Aset,Corporate,,65,2024-05-02 11:08:40.000,2024-05-02 11:08:40.000,Warna Cokelat
4841,2126,02126-FUR-MK-CFS-PTRE-14,02126-FUR-MK-CFS-PTRE-14,352,FUR-MK,228,Tersedia,Bagus,0.0,inventory/ams/inventoryPhoto/17146228955.JPG,inventory/ams/assets/uploads/assetsre/ap/17146228955.JPG,LT,Aset,Corporate,,65,2024-05-02 11:08:15.000,2024-05-02 11:08:15.000,Warna Cokelat
4842,2127,02127-FUR-MK-CFS-PTRE-14,02127-FUR-MK-CFS-PTRE-14,352,FUR-MK,228,Tersedia,Bagus,0.0,inventory/ams/inventoryPhoto/17146228665.JPG,inventory/ams/assets/uploads/assetsre/ap/17146228665.JPG,LT,Aset,Corporate,,65,2024-05-02 11:07:46.000,2024-05-02 11:07:46.000,Warna Cokelat
4843,2128,02128-FUR-MK-CFS-PTRE-14,02128-FUR-MK-CFS-PTRE-14,352,FUR-MK,228,Tersedia,Bagus,0.0,inventory/ams/inventoryPhoto/17146228375.JPG,inventory/ams/assets/uploads/assetsre/ap/17146228375.JPG,LT,Aset,Corporate,,65,2024-05-02 11:07:17.000,2024-05-02 11:07:17.000,Warna Cokelat
4844,2129,02129-FUR-MK-CFS-PTRE-14,02129-FUR-MK-CFS-PTRE-14,352,FUR-MK,228,Tersedia,Bagus,0.0,inventory/ams/inventoryPhoto/17146228135.JPG,inventory/ams/assets/uploads/assetsre/ap/17146228135.JPG,LT,Aset,Corporate,,65,2024-05-02 11:06:53.000,2024-05-02 11:06:53.000,Warna Cokelat
4845,2130,02130-FUR-MK-CFS-PTRE-14,02130-FUR-MK-CFS-PTRE-14,352,FUR-MK,228,Tersedia,Bagus,0.0,inventory/ams/inventoryPhoto/17146227895.JPG,inventory/ams/assets/uploads/assetsre/ap/17146227895.JPG,LT,Aset,Corporate,,65,2024-05-02 11:06:29.000,2024-05-02 11:06:29.000,Warna Cokelat
4846,2131,02131-FUR-MK-CFS-PTRE-14,02131-FUR-MK-CFS-PTRE-14,352,FUR-MK,228,Tersedia,Bagus,0.0,inventory/ams/inventoryPhoto/17146227485.JPG,inventory/ams/assets/uploads/assetsre/ap/17146227485.JPG,LT,Aset,Corporate,,65,2024-05-02 11:05:48.000,2024-05-02 11:05:48.000,Warna Cokelat
4847,2132,02132-FUR-MK-CFS-PTRE-14,02132-FUR-MK-CFS-PTRE-14,352,FUR-MK,228,Tersedia,Bagus,0.0,inventory/ams/inventoryPhoto/17146227235.JPG,inventory/ams/assets/uploads/assetsre/ap/17146227235.JPG,LT,Aset,Corporate,,65,2024-05-02 11:05:23.000,2024-05-02 11:05:23.000,Warna Cokelat
4848,2133,02133-FUR-MK-CFS-PTRE-14,02133-FUR-MK-CFS-PTRE-14,352,FUR-MK,228,Tersedia,Bagus,0.0,inventory/ams/inventoryPhoto/17146226455.JPG,inventory/ams/assets/uploads/assetsre/ap/17146226455.JPG,LT,Aset,Corporate,,65,2024-05-02 11:04:05.000,2024-05-02 11:04:05.000,Warna Cokelat
4849,2134,02134-FUR-MK-CFS-PTRE-14,02134-FUR-MK-CFS-PTRE-14,352,FUR-MK,228,Tersedia,Bagus,0.0,inventory/ams/inventoryPhoto/17146225945.JPG,inventory/ams/assets/uploads/assetsre/ap/17146225945.JPG,LT,Aset,Corporate,,65,2024-05-02 11:03:14.000,2024-05-02 11:03:14.000,Warna Cokelat
4850,2135,02135-FUR-MK-CFS-PTRE-14,02135-FUR-MK-CFS-PTRE-14,352,FUR-MK,228,Tersedia,Bagus,0.0,inventory/ams/inventoryPhoto/17146224105.JPG,inventory/ams/assets/uploads/assetsre/ap/17146224105.JPG,LT,Aset,Corporate,,65,2024-05-02 11:00:10.000,2024-05-02 11:00:10.000,Warna Cokelat
4851,2136,02136-FUR-MK-CFS-PTRE-14,02136-FUR-MK-CFS-PTRE-14,352,FUR-MK,228,Tersedia,Bagus,0.0,inventory/ams/inventoryPhoto/17146223465.JPG,inventory/ams/assets/uploads/assetsre/ap/17146223465.JPG,LT,Aset,Corporate,,65,2024-05-02 10:59:06.000,2024-05-02 10:59:06.000,Warna Cokelat
4852,2137,02137-FUR-MK-CFS-PTRE-14,02137-FUR-MK-CFS-PTRE-14,348,FUR-MK,221,Tersedia,Bagus,0.0,inventory/ams/inventoryPhoto/1710229657WhatsApp_Image_2024-03-09_at_10_10_44.jpeg,inventory/ams/assets/uploads/assetsre/ap/1710229657WhatsApp_Image_2024-03-09_at_10_10_44.jpeg,LT,Inventaris,Corporate,10780,65,2025-02-14 10:40:34.000,2025-02-14 10:40:34.000,Warna Putih
4853,2244,02244-FUR-MK-CFS-PTRE-14,02244-FUR-MK-CFS-PTRE-14,334,FUR-MK,223,Tersedia,Rusak,0.0,,,LT,Inventaris,Corporate,10780,1,2026-09-09 16:47:54.000,2026-09-09 16:47:54.000,Warna Cokelat
4854,2245,02245-FUR-MK-CFS-PTRE-14,02245-FUR-MK-CFS-PTRE-14,346,FUR-MK,228,Tersedia,Bagus,0.0,inventory/ams/inventoryPhoto/1726800719MEJA_KERJA.jpeg,inventory/ams/assets/uploads/assetsre/ap/1726800719MEJA_KERJA.jpeg,LT,Aset,Corporate,,1,2024-09-20 09:51:59.000,2024-09-20 09:51:59.000,
4855,2246,02246-FUR-MK-CFS-PTRE-14,02246-FUR-MK-CFS-PTRE-14,334,FUR-MK,228,Tersedia,Bagus,0.0,inventory/ams/inventoryPhoto/17146246855.JPG,inventory/ams/assets/uploads/assetsre/ap/17146246855.JPG,LT,Inventaris,Corporate,,1,2024-05-02 11:38:05.000,2024-05-02 11:38:05.000,Warna Cokelat
4856,2247,02247-FUR-MK-CFS-PTRE-14,02247-FUR-MK-CFS-PTRE-14,334,FUR-MK,228,Tersedia,Bagus,0.0,inventory/ams/inventoryPhoto/17146246595.JPG,inventory/ams/assets/uploads/assetsre/ap/17146246595.JPG,LT,Inventaris,Corporate,,1,2024-05-02 11:37:39.000,2024-05-02 11:37:39.000,Warna Cokelat
4857,2248,02248-FUR-MK-CFS-PTRE-14,02248-FUR-MK-CFS-PTRE-14,334,FUR-MK,228,Tersedia,Bagus,0.0,inventory/ams/inventoryPhoto/17146246315.JPG,inventory/ams/assets/uploads/assetsre/ap/17146246315.JPG,LT,Inventaris,Corporate,,1,2024-05-02 11:37:11.000,2024-05-02 11:37:11.000,Warna Cokelat
4858,2249,02249-FUR-MK-CFS-PTRE-14,02249-FUR-MK-CFS-PTRE-14,334,FUR-MK,228,Tersedia,Bagus,0.0,inventory/ams/inventoryPhoto/17146245995.JPG,inventory/ams/assets/uploads/assetsre/ap/17146245995.JPG,LT,Inventaris,Corporate,,1,2024-05-02 11:36:39.000,2024-05-02 11:36:39.000,Warna Cokelat
4859,2272,02272-FUR-MK-CFS-PTRE-14,02272-FUR-MK-CFS-PTRE-14,348,FUR-MK,183,Tersedia,Bagus,0.0,,,LT,Aset,Corporate,10780,1,2026-02-06 09:44:28.000,2026-02-06 09:44:28.000,Warna Putih
4860,2281,02281-FUR-MK-CFS-PTRE-12,02281-FUR-MK-CFS-PTRE-12,351,FUR-MK,197,Tersedia,Bagus,0.0,inventory/ams/inventoryPhoto/1726801969MEJA_KERJA.jpeg,inventory/ams/assets/uploads/assetsre/ap/1726801969MEJA_KERJA.jpeg,LT,Aset,Corporate,10780,65,2024-09-20 10:12:49.000,2024-09-20 10:12:49.000,Warna Abu-Abu
4861,2282,02282-FUR-MK-CFS-PTRE-12,02282-FUR-MK-CFS-PTRE-12,351,FUR-MK,197,Tersedia,Bagus,0.0,inventory/ams/inventoryPhoto/1726801957MEJA_KERJA.jpeg,inventory/ams/assets/uploads/assetsre/ap/1726801957MEJA_KERJA.jpeg,LT,Aset,Corporate,10780,1,2024-09-20 10:12:37.000,2024-09-20 10:12:37.000,Warna Abu-Abu
4862,2283,02283-FUR-MK-CFS-PTRE-12,02283-FUR-MK-CFS-PTRE-12,351,FUR-MK,197,Tersedia,Bagus,0.0,,,LT,Aset,Corporate,,,2018-03-15 16:23:06.777,2018-03-15 16:23:06.777,Warna Abu-Abu
4863,2284,02284-FUR-MK-CFS-PTRE-12,02284-FUR-MK-CFS-PTRE-12,351,FUR-MK,197,Tersedia,Bagus,0.0,inventory/ams/inventoryPhoto/1726801947MEJA_KERJA.jpeg,inventory/ams/assets/uploads/assetsre/ap/1726801947MEJA_KERJA.jpeg,LT,Aset,Corporate,10780,1,2024-09-20 10:12:27.000,2024-09-20 10:12:27.000,Warna Abu-Abu
4864,2285,02285-FUR-MK-CFS-PTRE-12,02285-FUR-MK-CFS-PTRE-12,351,FUR-MK,197,Tersedia,Bagus,0.0,inventory/ams/inventoryPhoto/1726801949MEJA_KERJA.jpeg,inventory/ams/assets/uploads/assetsre/ap/1726801949MEJA_KERJA.jpeg,LT,Aset,Corporate,10780,1,2024-09-20 10:12:29.000,2024-09-20 10:12:29.000,Warna Abu-Abu
4865,2286,02286-FUR-MK-CFS-PTRE-12,02286-FUR-MK-CFS-PTRE-12,351,FUR-MK,197,Tersedia,Bagus,0.0,inventory/ams/inventoryPhoto/1726801952MEJA_KERJA.jpeg,inventory/ams/assets/uploads/assetsre/ap/1726801952MEJA_KERJA.jpeg,LT,Aset,Corporate,10780,1,2024-09-20 10:12:32.000,2024-09-20 10:12:32.000,Warna Abu-Abu
4866,2287,02287-FUR-MK-CFS-PTRE-12,02287-FUR-MK-CFS-PTRE-12,351,FUR-MK,197,Tersedia,Bagus,0.0,inventory/ams/inventoryPhoto/1726801938MEJA_KERJA.jpeg,inventory/ams/assets/uploads/assetsre/ap/1726801938MEJA_KERJA.jpeg,LT,Aset,Corporate,10780,1,2024-09-20 10:12:18.000,2024-09-20 10:12:18.000,Warna Abu-Abu
4867,2288,02288-FUR-MK-CFS-PTRE-12,02288-FUR-MK-CFS-PTRE-12,351,FUR-MK,197,Tersedia,Bagus,0.0,inventory/ams/inventoryPhoto/1726801944MEJA_KERJA.jpeg,inventory/ams/assets/uploads/assetsre/ap/1726801944MEJA_KERJA.jpeg,LT,Aset,Corporate,10780,1,2024-09-20 10:12:24.000,2024-09-20 10:12:24.000,Warna Abu-Abu
4868,2289,02289-FUR-MK-CFS-PTRE-12,02289-FUR-MK-CFS-PTRE-12,351,FUR-MK,197,Dipinjam,Bagus,0.0,inventory/ams/inventoryPhoto/1726801927MEJA_KERJA.jpeg,inventory/ams/assets/uploads/assetsre/ap/1726801927MEJA_KERJA.jpeg,LT,Aset,Corporate,10780,1,2024-09-20 10:12:07.000,2024-09-20 10:12:07.000,Warna Abu-Abu
4869,2290,02290-FUR-MK-CFS-PTRE-12,02290-FUR-MK-CFS-PTRE-12,351,FUR-MK,197,Tersedia,Bagus,0.0,inventory/ams/inventoryPhoto/1726801930MEJA_KERJA.jpeg,inventory/ams/assets/uploads/assetsre/ap/1726801930MEJA_KERJA.jpeg,LT,Aset,Corporate,10780,1,2024-09-20 10:12:10.000,2024-09-20 10:12:10.000,Warna Abu-Abu
4870,2291,02291-FUR-MK-CFS-PTRE-12,02291-FUR-MK-CFS-PTRE-12,351,FUR-MK,197,Tersedia,Bagus,0.0,inventory/ams/inventoryPhoto/1726801933MEJA_KERJA.jpeg,inventory/ams/assets/uploads/assetsre/ap/1726801933MEJA_KERJA.jpeg,LT,Aset,Corporate,10780,1,2024-09-20 10:12:13.000,2024-09-20 10:12:13.000,Warna Abu-Abu
4871,2292,02292-FUR-MK-CFS-PTRE-12,02292-FUR-MK-CFS-PTRE-12,351,FUR-MK,197,Tersedia,Bagus,0.0,inventory/ams/inventoryPhoto/1726801924MEJA_KERJA.jpeg,inventory/ams/assets/uploads/assetsre/ap/1726801924MEJA_KERJA.jpeg,LT,Aset,Corporate,10780,1,2024-09-20 10:12:04.000,2024-09-20 10:12:04.000,Warna Abu-Abu
4872,2293,02293-FUR-MK-CFS-PTRE-12,02293-FUR-MK-CFS-PTRE-12,351,FUR-MK,197,Tersedia,Bagus,0.0,inventory/ams/inventoryPhoto/1726801916MEJA_KERJA.jpeg,inventory/ams/assets/uploads/assetsre/ap/1726801916MEJA_KERJA.jpeg,LT,Aset,Corporate,10780,1,2024-09-20 10:11:56.000,2024-09-20 10:11:56.000,Warna Abu-Abu
4873,2294,02294-FUR-MK-CFS-PTRE-12,02294-FUR-MK-CFS-PTRE-12,351,FUR-MK,197,Tersedia,Bagus,0.0,inventory/ams/inventoryPhoto/1726801919MEJA_KERJA.jpeg,inventory/ams/assets/uploads/assetsre/ap/1726801919MEJA_KERJA.jpeg,LT,Aset,Corporate,10780,1,2024-09-20 10:11:59.000,2024-09-20 10:11:59.000,Warna Abu-Abu
4874,2295,02295-FUR-MK-CFS-PTRE-12,02295-FUR-MK-CFS-PTRE-12,351,FUR-MK,197,Tersedia,Bagus,0.0,inventory/ams/inventoryPhoto/1726801897MEJA_KERJA.jpeg,inventory/ams/assets/uploads/assetsre/ap/1726801897MEJA_KERJA.jpeg,LT,Aset,Corporate,10780,1,2024-09-20 10:11:37.000,2024-09-20 10:11:37.000,Warna Abu-Abu
4875,2296,02296-FUR-MK-CFS-PTRE-12,02296-FUR-MK-CFS-PTRE-12,351,FUR-MK,197,Tersedia,Bagus,0.0,inventory/ams/inventoryPhoto/1726801901MEJA_KERJA.jpeg,inventory/ams/assets/uploads/assetsre/ap/1726801901MEJA_KERJA.jpeg,LT,Aset,Corporate,10780,1,2024-09-20 10:11:41.000,2024-09-20 10:11:41.000,Warna Abu-Abu
4876,2297,02297-FUR-MK-CFS-PTRE-12,02297-FUR-MK-CFS-PTRE-12,351,FUR-MK,197,Tersedia,Bagus,0.0,inventory/ams/inventoryPhoto/1726801904MEJA_KERJA.jpeg,inventory/ams/assets/uploads/assetsre/ap/1726801904MEJA_KERJA.jpeg,LT,Aset,Corporate,10780,1,2024-09-20 10:11:44.000,2024-09-20 10:11:44.000,Warna Abu-Abu
4877,2298,02298-FUR-MK-CFS-PTRE-12,02298-FUR-MK-CFS-PTRE-12,351,FUR-MK,197,Tersedia,Bagus,0.0,inventory/ams/inventoryPhoto/1726801906MEJA_KERJA.jpeg,inventory/ams/assets/uploads/assetsre/ap/1726801906MEJA_KERJA.jpeg,LT,Aset,Corporate,10780,1,2024-09-20 10:11:46.000,2024-09-20 10:11:46.000,Warna Abu-Abu
4878,2299,02299-FUR-MK-CFS-PTRE-12,02299-FUR-MK-CFS-PTRE-12,351,FUR-MK,197,Tersedia,Bagus,0.0,inventory/ams/inventoryPhoto/1726801910MEJA_KERJA.jpeg,inventory/ams/assets/uploads/assetsre/ap/1726801910MEJA_KERJA.jpeg,LT,Aset,Corporate,10780,1,2024-09-20 10:11:50.000,2024-09-20 10:11:50.000,Warna Abu-Abu
4879,2300,02300-FUR-MK-CFS-PTRE-12,02300-FUR-MK-CFS-PTRE-12,351,FUR-MK,197,Tersedia,Bagus,0.0,inventory/ams/inventoryPhoto/1726801889MEJA_KERJA.jpeg,inventory/ams/assets/uploads/assetsre/ap/1726801889MEJA_KERJA.jpeg,LT,Aset,Corporate,10780,1,2024-09-20 10:11:29.000,2024-09-20 10:11:29.000,Warna Abu-Abu
4880,2301,02301-FUR-MK-CFS-PTRE-12,02301-FUR-MK-CFS-PTRE-12,351,FUR-MK,197,Tersedia,Bagus,0.0,inventory/ams/inventoryPhoto/1726801883MEJA_KERJA.jpeg,inventory/ams/assets/uploads/assetsre/ap/1726801883MEJA_KERJA.jpeg,LT,Aset,Corporate,10780,1,2024-09-20 10:11:23.000,2024-09-20 10:11:23.000,Warna Abu-Abu
4881,2302,02302-FUR-MK-CFS-PTRE-12,02302-FUR-MK-CFS-PTRE-12,351,FUR-MK,197,Tersedia,Bagus,0.0,inventory/ams/inventoryPhoto/1726801885MEJA_KERJA.jpeg,inventory/ams/assets/uploads/assetsre/ap/1726801885MEJA_KERJA.jpeg,LT,Aset,Corporate,10780,1,2024-09-20 10:11:25.000,2024-09-20 10:11:25.000,Warna Abu-Abu
4882,2303,02303-FUR-MK-CFS-PTRE-12,02303-FUR-MK-CFS-PTRE-12,351,FUR-MK,197,Tersedia,Bagus,0.0,inventory/ams/inventoryPhoto/1726801880MEJA_KERJA.jpeg,inventory/ams/assets/uploads/assetsre/ap/1726801880MEJA_KERJA.jpeg,LT,Aset,Corporate,10780,1,2024-09-20 10:11:20.000,2024-09-20 10:11:20.000,Warna Abu-Abu
4883,2304,02304-FUR-MK-CFS-PTRE-12,02304-FUR-MK-CFS-PTRE-12,351,FUR-MK,197,Tersedia,Bagus,0.0,inventory/ams/inventoryPhoto/1726801877MEJA_KERJA.jpeg,inventory/ams/assets/uploads/assetsre/ap/1726801877MEJA_KERJA.jpeg,LT,Aset,Corporate,10780,1,2024-09-20 10:11:17.000,2024-09-20 10:11:17.000,Warna Abu-Abu
4884,2305,02305-FUR-MK-CFS-PTRE-12,02305-FUR-MK-CFS-PTRE-12,351,FUR-MK,197,Tersedia,Bagus,0.0,inventory/ams/inventoryPhoto/1726801892MEJA_KERJA.jpeg,inventory/ams/assets/uploads/assetsre/ap/1726801892MEJA_KERJA.jpeg,LT,Aset,Corporate,10780,1,2024-09-20 10:11:32.000,2024-09-20 10:11:32.000,Warna Abu-Abu
4885,2306,02306-FUR-MK-CFS-PTRE-12,02306-FUR-MK-CFS-PTRE-12,351,FUR-MK,197,Tersedia,Bagus,0.0,inventory/ams/inventoryPhoto/1726801874MEJA_KERJA.jpeg,inventory/ams/assets/uploads/assetsre/ap/1726801874MEJA_KERJA.jpeg,LT,Aset,Corporate,10780,1,2024-09-20 10:11:14.000,2024-09-20 10:11:14.000,Warna Abu-Abu
4886,2307,02307-FUR-MK-CFS-PTRE-12,02307-FUR-MK-CFS-PTRE-12,351,FUR-MK,197,Tersedia,Bagus,0.0,inventory/ams/inventoryPhoto/1726801864MEJA_KERJA.jpeg,inventory/ams/assets/uploads/assetsre/ap/1726801864MEJA_KERJA.jpeg,LT,Aset,Corporate,10780,1,2024-09-20 10:11:04.000,2024-09-20 10:11:04.000,Warna Abu-Abu
4887,2308,02308-FUR-MK-CFS-PTRE-12,02308-FUR-MK-CFS-PTRE-12,351,FUR-MK,197,Tersedia,Bagus,0.0,inventory/ams/inventoryPhoto/1726801867MEJA_KERJA.jpeg,inventory/ams/assets/uploads/assetsre/ap/1726801867MEJA_KERJA.jpeg,LT,Aset,Corporate,10780,1,2024-09-20 10:11:07.000,2024-09-20 10:11:07.000,Warna Abu-Abu
4888,2309,02309-FUR-MK-CFS-PTRE-12,02309-FUR-MK-CFS-PTRE-12,351,FUR-MK,197,Tersedia,Bagus,0.0,inventory/ams/inventoryPhoto/1726801870MEJA_KERJA.jpeg,inventory/ams/assets/uploads/assetsre/ap/1726801870MEJA_KERJA.jpeg,LT,Aset,Corporate,10780,1,2024-09-20 10:11:10.000,2024-09-20 10:11:10.000,Warna Abu-Abu
4889,2310,02310-FUR-MK-CFS-PTRE-12,02310-FUR-MK-CFS-PTRE-12,351,FUR-MK,197,Tersedia,Bagus,0.0,inventory/ams/inventoryPhoto/1726801855MEJA_KERJA.jpeg,inventory/ams/assets/uploads/assetsre/ap/1726801855MEJA_KERJA.jpeg,LT,Aset,Corporate,10780,1,2024-09-20 10:10:55.000,2024-09-20 10:10:55.000,Warna Abu-Abu
4890,2311,02311-FUR-MK-CFS-PTRE-12,02311-FUR-MK-CFS-PTRE-12,351,FUR-MK,197,Tersedia,Bagus,0.0,inventory/ams/inventoryPhoto/1726801859MEJA_KERJA.jpeg,inventory/ams/assets/uploads/assetsre/ap/1726801859MEJA_KERJA.jpeg,LT,Aset,Corporate,10780,1,2024-09-20 10:10:59.000,2024-09-20 10:10:59.000,Warna Abu-Abu
4891,2312,02312-FUR-MK-CFS-PTRE-12,02312-FUR-MK-CFS-PTRE-12,351,FUR-MK,197,Tersedia,Bagus,0.0,inventory/ams/inventoryPhoto/1726801862MEJA_KERJA.jpeg,inventory/ams/assets/uploads/assetsre/ap/1726801862MEJA_KERJA.jpeg,LT,Aset,Corporate,10780,1,2024-09-20 10:11:02.000,2024-09-20 10:11:02.000,Warna Abu-Abu
4892,2313,02313-FUR-MK-CFS-PTRE-12,02313-FUR-MK-CFS-PTRE-12,351,FUR-MK,197,Tersedia,Bagus,0.0,inventory/ams/inventoryPhoto/1726801847MEJA_KERJA.jpeg,inventory/ams/assets/uploads/assetsre/ap/1726801847MEJA_KERJA.jpeg,LT,Aset,Corporate,10780,1,2024-09-20 10:10:47.000,2024-09-20 10:10:47.000,Warna Abu-Abu
4893,2314,02314-FUR-MK-CFS-PTRE-12,02314-FUR-MK-CFS-PTRE-12,351,FUR-MK,197,Tersedia,Bagus,0.0,inventory/ams/inventoryPhoto/1726801845MEJA_KERJA.jpeg,inventory/ams/assets/uploads/assetsre/ap/1726801845MEJA_KERJA.jpeg,LT,Aset,Corporate,10780,1,2024-09-20 10:10:45.000,2024-09-20 10:10:45.000,Warna Abu-Abu
4894,2315,02315-FUR-MK-CFS-PTRE-12,02315-FUR-MK-CFS-PTRE-12,351,FUR-MK,197,Tersedia,Bagus,0.0,inventory/ams/inventoryPhoto/1726801842MEJA_KERJA.jpeg,inventory/ams/assets/uploads/assetsre/ap/1726801842MEJA_KERJA.jpeg,LT,Aset,Corporate,10780,1,2024-09-20 10:10:42.000,2024-09-20 10:10:42.000,Warna Abu-Abu
4895,2316,02316-FUR-MK-CFS-PTRE-12,02316-FUR-MK-CFS-PTRE-12,351,FUR-MK,197,Tersedia,Bagus,0.0,inventory/ams/inventoryPhoto/1726801852MEJA_KERJA.jpeg,inventory/ams/assets/uploads/assetsre/ap/1726801852MEJA_KERJA.jpeg,LT,Aset,Corporate,10780,1,2024-09-20 10:10:52.000,2024-09-20 10:10:52.000,Warna Abu-Abu
4896,2401,02401-FUR-MK-CFS-PTRE-14,02401-FUR-MK-CFS-PTRE-14,352,FUR-MK,228,Tersedia,Bagus,0.0,inventory/ams/inventoryPhoto/17146243905.JPG,inventory/ams/assets/uploads/assetsre/ap/17146243905.JPG,LT,Aset,Corporate,,65,2024-05-02 11:33:10.000,2024-05-02 11:33:10.000,Warna Cokelat
4897,2410,02410-FUR-MK-CFS-PTRE-14,02410-FUR-MK-CFS-PTRE-14,352,FUR-MK,156,Tersedia,Bagus,0.0,inventory/ams/inventoryPhoto/1726801834MEJA_KERJA.jpeg,inventory/ams/assets/uploads/assetsre/ap/1726801834MEJA_KERJA.jpeg,LT,Aset,Corporate,10780,1,2024-09-20 10:10:34.000,2024-09-20 10:10:34.000,Warna Cokelat
4898,2420,02420-FUR-MK-CFS-PTRE-14,02420-FUR-MK-CFS-PTRE-14,352,FUR-MK,228,Tersedia,Bagus,0.0,inventory/ams/inventoryPhoto/17146245555.JPG,inventory/ams/assets/uploads/assetsre/ap/17146245555.JPG,LT,Inventaris,Corporate,,1,2024-05-02 11:35:55.000,2024-05-02 11:35:55.000,Warna Cokelat
4899,2421,02421-FUR-MK-CFS-PTRE-14,02421-FUR-MK-CFS-PTRE-14,352,FUR-MK,228,Tersedia,Bagus,0.0,inventory/ams/inventoryPhoto/17146244215.JPG,inventory/ams/assets/uploads/assetsre/ap/17146244215.JPG,LT,Aset,Corporate,,1,2024-05-02 11:33:41.000,2024-05-02 11:33:41.000,Warna Cokelat
4900,2428,02428-FUR-MK-CFS-PTRE-14,02428-FUR-MK-CFS-PTRE-14,352,FUR-MK,204,Tersedia,Bagus,0.0,,,LT,Aset,Corporate,,,2018-03-15 16:23:06.777,2018-03-15 16:23:06.777,Warna Cokelat
4901,2429,02429-FUR-MK-CFS-PTRE-14,02429-FUR-MK-CFS-PTRE-14,352,FUR-MK,204,Tersedia,Bagus,0.0,,,LT,Aset,Corporate,,,2018-03-15 16:23:06.777,2018-03-15 16:23:06.777,Warna Cokelat
4902,2430,02430-FUR-MK-CFS-PTRE-14,02430-FUR-MK-CFS-PTRE-14,352,FUR-MK,204,Tersedia,Bagus,0.0,inventory/ams/inventoryPhoto/1726801800MEJA_KERJA_DEPT.jpeg,inventory/ams/assets/uploads/assetsre/ap/1726801800MEJA_KERJA_DEPT.jpeg,LT,Aset,Corporate,10780,1,2024-09-20 10:10:00.000,2024-09-20 10:10:00.000,Warna Cokelat
4903,2431,02431-FUR-MK-CFS-PTRE-14,02431-FUR-MK-CFS-PTRE-14,352,FUR-MK,204,Tersedia,Bagus,0.0,inventory/ams/inventoryPhoto/1726801804MEJA_KERJA_DEPT.jpeg,inventory/ams/assets/uploads/assetsre/ap/1726801804MEJA_KERJA_DEPT.jpeg,LT,Aset,Corporate,10780,1,2024-09-20 10:10:04.000,2024-09-20 10:10:04.000,Warna Cokelat
4904,2432,02432-FUR-MK-CFS-PTRE-14,02432-FUR-MK-CFS-PTRE-14,352,FUR-MK,204,Tersedia,Bagus,0.0,inventory/ams/inventoryPhoto/1726801795MEJA_KERJA_DEPT.jpeg,inventory/ams/assets/uploads/assetsre/ap/1726801795MEJA_KERJA_DEPT.jpeg,LT,Aset,Corporate,10780,1,2024-09-20 10:09:55.000,2024-09-20 10:09:55.000,Warna Cokelat
4905,2433,02433-FUR-MK-CFS-PTRE-14,02433-FUR-MK-CFS-PTRE-14,352,FUR-MK,204,Tersedia,Bagus,0.0,inventory/ams/inventoryPhoto/1726801798MEJA_KERJA_DEPT.jpeg,inventory/ams/assets/uploads/assetsre/ap/1726801798MEJA_KERJA_DEPT.jpeg,LT,Aset,Corporate,10780,1,2024-09-20 10:09:58.000,2024-09-20 10:09:58.000,Warna Cokelat
4906,2434,02434-FUR-MK-CFS-PTRE-14,02434-FUR-MK-CFS-PTRE-14,352,FUR-MK,204,Tersedia,Bagus,0.0,inventory/ams/inventoryPhoto/1726801789MEJA_KERJA_DEPT.jpeg,inventory/ams/assets/uploads/assetsre/ap/1726801789MEJA_KERJA_DEPT.jpeg,LT,Aset,Corporate,10780,1,2024-09-20 10:09:49.000,2024-09-20 10:09:49.000,Warna Cokelat
4907,2435,02435-FUR-MK-CFS-PTRE-14,02435-FUR-MK-CFS-PTRE-14,352,FUR-MK,204,Tersedia,Bagus,0.0,inventory/ams/inventoryPhoto/1726801791MEJA_KERJA_DEPT.jpeg,inventory/ams/assets/uploads/assetsre/ap/1726801791MEJA_KERJA_DEPT.jpeg,LT,Aset,Corporate,10780,1,2024-09-20 10:09:51.000,2024-09-20 10:09:51.000,Warna Cokelat
4908,2436,02436-FUR-MK-CFS-PTRE-14,02436-FUR-MK-CFS-PTRE-14,352,FUR-MK,204,Tersedia,Bagus,0.0,inventory/ams/inventoryPhoto/1726801786MEJA_KERJA_DEPT1.jpeg,inventory/ams/assets/uploads/assetsre/ap/1726801786MEJA_KERJA_DEPT1.jpeg,LT,Aset,Corporate,10780,1,2024-09-20 10:09:46.000,2024-09-20 10:09:46.000,Warna Cokelat
4909,2437,02437-FUR-MK-CFS-PTRE-14,02437-FUR-MK-CFS-PTRE-14,352,FUR-MK,204,Tersedia,Bagus,0.0,inventory/ams/inventoryPhoto/1726801771MEJA_KERJA_DEPT.jpeg,inventory/ams/assets/uploads/assetsre/ap/1726801771MEJA_KERJA_DEPT.jpeg,LT,Aset,Corporate,10780,1,2024-09-20 10:09:31.000,2024-09-20 10:09:31.000,Warna Cokelat
4910,2438,02438-FUR-MK-CFS-PTRE-14,02438-FUR-MK-CFS-PTRE-14,352,FUR-MK,204,Tersedia,Bagus,0.0,inventory/ams/inventoryPhoto/1726801777MEJA_KERJA_DEPT.jpeg,inventory/ams/assets/uploads/assetsre/ap/1726801777MEJA_KERJA_DEPT.jpeg,LT,Aset,Corporate,10780,1,2024-09-20 10:09:37.000,2024-09-20 10:09:37.000,Warna Cokelat
4911,2439,02439-FUR-MK-CFS-PTRE-14,02439-FUR-MK-CFS-PTRE-14,352,FUR-MK,204,Tersedia,Bagus,0.0,inventory/ams/inventoryPhoto/1726801764MEJA_KERJA_DEPT.jpeg,inventory/ams/assets/uploads/assetsre/ap/1726801764MEJA_KERJA_DEPT.jpeg,LT,Aset,Corporate,10780,1,2024-09-20 10:09:24.000,2024-09-20 10:09:24.000,Warna Cokelat
4912,2440,02440-FUR-MK-CFS-PTRE-14,02440-FUR-MK-CFS-PTRE-14,352,FUR-MK,204,Tersedia,Bagus,0.0,inventory/ams/inventoryPhoto/1726801766MEJA_KERJA_DEPT.jpeg,inventory/ams/assets/uploads/assetsre/ap/1726801766MEJA_KERJA_DEPT.jpeg,LT,Aset,Corporate,10780,1,2024-09-20 10:09:26.000,2024-09-20 10:09:26.000,Warna Cokelat
4913,2487,02487-FUR-MK-CFS-PTRE-14,02487-FUR-MK-CFS-PTRE-14,352,FUR-MK,205,Tersedia,Bagus,0.0,inventory/ams/inventoryPhoto/1726801769MEJA_KERJA_DEPT.jpeg,inventory/ams/assets/uploads/assetsre/ap/1726801769MEJA_KERJA_DEPT.jpeg,LT,Aset,Corporate,10780,1,2024-09-20 10:09:29.000,2024-09-20 10:09:29.000,Warna Cokelat
4914,2488,02488-FUR-MK-CFS-PTRE-14,02488-FUR-MK-CFS-PTRE-14,352,FUR-MK,205,Tersedia,Bagus,0.0,inventory/ams/inventoryPhoto/1726801761MEJA_KERJA_DEPT.jpeg,inventory/ams/assets/uploads/assetsre/ap/1726801761MEJA_KERJA_DEPT.jpeg,LT,Aset,Corporate,10780,1,2024-09-20 10:09:21.000,2024-09-20 10:09:21.000,Warna Cokelat
4915,2489,02489-FUR-MK-CFS-PTRE-14,02489-FUR-MK-CFS-PTRE-14,352,FUR-MK,205,Tersedia,Bagus,0.0,inventory/ams/inventoryPhoto/1726801781MEJA_KERJA_DEPT.jpeg,inventory/ams/assets/uploads/assetsre/ap/1726801781MEJA_KERJA_DEPT.jpeg,LT,Aset,Corporate,10780,1,2024-09-20 10:09:41.000,2024-09-20 10:09:41.000,Warna Cokelat
4916,2490,02490-FUR-MK-CFS-PTRE-14,02490-FUR-MK-CFS-PTRE-14,352,FUR-MK,205,Tersedia,Bagus,0.0,inventory/ams/inventoryPhoto/1726801753MEJA_KERJA_DEPT.jpeg,inventory/ams/assets/uploads/assetsre/ap/1726801753MEJA_KERJA_DEPT.jpeg,LT,Aset,Corporate,10780,1,2024-09-20 10:09:13.000,2024-09-20 10:09:13.000,Warna Cokelat
4917,2491,02491-FUR-MK-CFS-PTRE-14,02491-FUR-MK-CFS-PTRE-14,352,FUR-MK,205,Tersedia,Bagus,0.0,inventory/ams/inventoryPhoto/1726801756MEJA_KERJA_DEPT.jpeg,inventory/ams/assets/uploads/assetsre/ap/1726801756MEJA_KERJA_DEPT.jpeg,LT,Aset,Corporate,10780,1,2024-09-20 10:09:16.000,2024-09-20 10:09:16.000,Warna Cokelat
4918,2492,02492-FUR-MK-CFS-PTRE-14,02492-FUR-MK-CFS-PTRE-14,352,FUR-MK,205,Tersedia,Bagus,0.0,inventory/ams/inventoryPhoto/1726801747MEJA_KERJA_DEPT.jpeg,inventory/ams/assets/uploads/assetsre/ap/1726801747MEJA_KERJA_DEPT.jpeg,LT,Aset,Corporate,10780,1,2024-09-20 10:09:07.000,2024-09-20 10:09:07.000,Warna Cokelat
4919,2493,02493-FUR-MK-CFS-PTRE-14,02493-FUR-MK-CFS-PTRE-14,352,FUR-MK,205,Tersedia,Bagus,0.0,inventory/ams/inventoryPhoto/1726801750MEJA_KERJA_DEPT.jpeg,inventory/ams/assets/uploads/assetsre/ap/1726801750MEJA_KERJA_DEPT.jpeg,LT,Aset,Corporate,10780,1,2024-09-20 10:09:10.000,2024-09-20 10:09:10.000,Warna Cokelat
4920,2494,02494-FUR-MK-CFS-PTRE-14,02494-FUR-MK-CFS-PTRE-14,352,FUR-MK,205,Tersedia,Bagus,0.0,inventory/ams/inventoryPhoto/1726801744MEJA_KERJA_DEPT.jpeg,inventory/ams/assets/uploads/assetsre/ap/1726801744MEJA_KERJA_DEPT.jpeg,LT,Aset,Corporate,10780,1,2024-09-20 10:09:04.000,2024-09-20 10:09:04.000,Warna Cokelat
4921,2495,02495-FUR-MK-CFS-PTRE-14,02495-FUR-MK-CFS-PTRE-14,352,FUR-MK,205,Tersedia,Bagus,0.0,inventory/ams/inventoryPhoto/1726801738MEJA_KERJA_DEPT.jpeg,inventory/ams/assets/uploads/assetsre/ap/1726801738MEJA_KERJA_DEPT.jpeg,LT,Aset,Corporate,10780,1,2024-09-20 10:08:58.000,2024-09-20 10:08:58.000,Warna Cokelat
4922,2496,02496-FUR-MK-CFS-PTRE-14,02496-FUR-MK-CFS-PTRE-14,352,FUR-MK,205,Tersedia,Bagus,0.0,inventory/ams/inventoryPhoto/1726801741MEJA_KERJA_DEPT.jpeg,inventory/ams/assets/uploads/assetsre/ap/1726801741MEJA_KERJA_DEPT.jpeg,LT,Aset,Corporate,10780,1,2024-09-20 10:09:01.000,2024-09-20 10:09:01.000,Warna Cokelat
4923,2497,02497-FUR-MK-CFS-PTRE-14,02497-FUR-MK-CFS-PTRE-14,352,FUR-MK,205,Tersedia,Bagus,0.0,inventory/ams/inventoryPhoto/1726801728MEJA_KERJA_DEPT.jpeg,inventory/ams/assets/uploads/assetsre/ap/1726801728MEJA_KERJA_DEPT.jpeg,LT,Aset,Corporate,10780,1,2024-09-20 10:08:48.000,2024-09-20 10:08:48.000,Warna Cokelat
4924,2498,02498-FUR-MK-CFS-PTRE-14,02498-FUR-MK-CFS-PTRE-14,352,FUR-MK,205,Tersedia,Bagus,0.0,inventory/ams/inventoryPhoto/1726801731MEJA_KERJA_DEPT.jpeg,inventory/ams/assets/uploads/assetsre/ap/1726801731MEJA_KERJA_DEPT.jpeg,LT,Aset,Corporate,10780,1,2024-09-20 10:08:51.000,2024-09-20 10:08:51.000,Warna Cokelat
4925,2499,02499-FUR-MK-CFS-PTRE-14,02499-FUR-MK-CFS-PTRE-14,352,FUR-MK,205,Tersedia,Bagus,0.0,inventory/ams/inventoryPhoto/1726801725MEJA_KERJA_DEPT.jpeg,inventory/ams/assets/uploads/assetsre/ap/1726801725MEJA_KERJA_DEPT.jpeg,LT,Aset,Corporate,10780,1,2024-09-20 10:08:45.000,2024-09-20 10:08:45.000,Warna Cokelat
4926,2500,02500-FUR-MK-CFS-PTRE-14,02500-FUR-MK-CFS-PTRE-14,352,FUR-MK,205,Tersedia,Bagus,0.0,inventory/ams/inventoryPhoto/1726801722MEJA_KERJA_DEPT.jpeg,inventory/ams/assets/uploads/assetsre/ap/1726801722MEJA_KERJA_DEPT.jpeg,LT,Aset,Corporate,10780,1,2024-09-20 10:08:42.000,2024-09-20 10:08:42.000,Warna Cokelat
4927,2501,02501-FUR-MK-CFS-PTRE-14,02501-FUR-MK-CFS-PTRE-14,352,FUR-MK,205,Tersedia,Bagus,0.0,inventory/ams/inventoryPhoto/1726801720MEJA_KERJA_DEPT.jpeg,inventory/ams/assets/uploads/assetsre/ap/1726801720MEJA_KERJA_DEPT.jpeg,LT,Aset,Corporate,10780,1,2024-09-20 10:08:40.000,2024-09-20 10:08:40.000,Warna Cokelat
4928,2502,02502-FUR-MK-CFS-PTRE-14,02502-FUR-MK-CFS-PTRE-14,352,FUR-MK,205,Tersedia,Bagus,0.0,inventory/ams/inventoryPhoto/1726801717MEJA_KERJA_DEPT.jpeg,inventory/ams/assets/uploads/assetsre/ap/1726801717MEJA_KERJA_DEPT.jpeg,LT,Aset,Corporate,10780,1,2024-09-20 10:08:37.000,2024-09-20 10:08:37.000,Warna Cokelat
4929,2503,02503-FUR-MK-CFS-PTRE-14,02503-FUR-MK-CFS-PTRE-14,352,FUR-MK,205,Tersedia,Bagus,0.0,inventory/ams/inventoryPhoto/1726801705MEJA_KERJA_DEPT.jpeg,inventory/ams/assets/uploads/assetsre/ap/1726801705MEJA_KERJA_DEPT.jpeg,LT,Aset,Corporate,10780,1,2024-09-20 10:08:25.000,2024-09-20 10:08:25.000,Warna Cokelat
4930,2504,02504-FUR-MK-CFS-PTRE-14,02504-FUR-MK-CFS-PTRE-14,352,FUR-MK,205,Tersedia,Bagus,0.0,inventory/ams/inventoryPhoto/1726801712MEJA_KERJA_DEPT.jpeg,inventory/ams/assets/uploads/assetsre/ap/1726801712MEJA_KERJA_DEPT.jpeg,LT,Aset,Corporate,10780,1,2024-09-20 10:08:32.000,2024-09-20 10:08:32.000,Warna Cokelat
4931,2532,02532-FUR-MK-CFS-PTRE-14,02532-FUR-MK-CFS-PTRE-14,352,FUR-MK,228,Tersedia,Bagus,0.0,inventory/ams/inventoryPhoto/1726801684MEJA_KERJA.jpeg,inventory/ams/assets/uploads/assetsre/ap/1726801684MEJA_KERJA.jpeg,LT,Aset,Corporate,10780,1,2024-09-20 10:08:04.000,2024-09-20 10:08:04.000,Warna Cokelat
4932,2533,02533-FUR-MK-CFS-PTRE-14,02533-FUR-MK-CFS-PTRE-14,352,FUR-MK,228,Tersedia,Bagus,0.0,inventory/ams/inventoryPhoto/1726801681MEJA_KERJA.jpeg,inventory/ams/assets/uploads/assetsre/ap/1726801681MEJA_KERJA.jpeg,LT,Aset,Corporate,10780,1,2024-09-20 10:08:01.000,2024-09-20 10:08:01.000,Warna Cokelat
4933,2555,02555-FUR-MK-CFS-PTRE-14,02555-FUR-MK-CFS-PTRE-14,352,FUR-MK,207,Tersedia,Bagus,0.0,inventory/ams/inventoryPhoto/1726801672MEJA_KERJA.jpeg,inventory/ams/assets/uploads/assetsre/ap/1726801672MEJA_KERJA.jpeg,LT,Aset,Corporate,10780,1,2024-09-20 10:07:52.000,2024-09-20 10:07:52.000,Warna Cokelat
4934,2556,02556-FUR-MK-CFS-PTRE-14,02556-FUR-MK-CFS-PTRE-14,352,FUR-MK,207,Tersedia,Bagus,0.0,inventory/ams/inventoryPhoto/1726801666MEJA_KERJA.jpeg,inventory/ams/assets/uploads/assetsre/ap/1726801666MEJA_KERJA.jpeg,LT,Aset,Corporate,10780,1,2024-09-20 10:07:46.000,2024-09-20 10:07:46.000,Warna Cokelat
4935,2557,02557-FUR-MK-CFS-PTRE-14,02557-FUR-MK-CFS-PTRE-14,352,FUR-MK,207,Tersedia,Bagus,0.0,inventory/ams/inventoryPhoto/1726801655MEJA_KERJA.jpeg,inventory/ams/assets/uploads/assetsre/ap/1726801655MEJA_KERJA.jpeg,LT,Aset,Corporate,10780,1,2024-09-20 10:07:35.000,2024-09-20 10:07:35.000,Warna Cokelat
4936,4007,02597-FUR-MK-CFS-PTRE-11,02597-FUR-LM-CFS-PTRE-11,335,FUR-MK,117,Tersedia,Bagus,0.0,inventory/ams/inventoryPhoto/1726800693MEJA_KERJA.jpeg,inventory/ams/assets/uploads/assetsre/ap/1726800693MEJA_KERJA.jpeg,LT,Aset,Corporate,,1,2024-09-20 09:51:33.000,2024-09-20 09:51:33.000,Warna Cream
4937,6573,02606-FUR-MK-CFS-PTRE-14,02606-FUR-MK-CFS-PTRE-14,337,FUR-MK,117,Dipinjam,Bagus,0.0,inventory/ams/inventoryPhoto/1601607083meja_cream.jpg,inventory/ams/assets/uploads/assetsre/ap/1601607083meja_cream.jpg,LT,Aset,Corporate,,1,2023-06-14 09:11:54.000,2023-06-14 09:11:54.000,Warna Lainnya
4938,6574,02607-FUR-MK-CFS-PTRE-13,02607-FUR-MK.CFS-PTRE-13,337,FUR-MK,117,Tersedia,Bagus,0.0,inventory/ams/inventoryPhoto/1601607230meja_cream.jpg,inventory/ams/assets/uploads/assetsre/ap/1601607230meja_cream.jpg,LT,Aset,Corporate,,1,2023-06-14 09:11:34.000,2023-06-14 09:11:34.000,Warna Lainnya
4939,8591,03142-FUR-MK-CFS-PTRE-14,03142-FUR-MK -CFS-PTRE-14,350,FUR-MK,170,Tersedia,Bagus,0.0,inventory/ams/inventoryPhoto/1713415657WhatsApp_Image_2024-04-18_at_11_46_42.jpeg,inventory/ams/assets/uploads/assetsre/ap/1713415657WhatsApp_Image_2024-04-18_at_11_46_42.jpeg,LT,Aset,Corporate,,79,2024-04-18 11:47:37.000,2024-04-18 11:47:37.000,Kaki Besi Warna Putih
4940,8592,03143-FUR-MK-CFS-PTRE-14,03143-FUR-MK -CFS-PTRE-14,350,FUR-MK,170,Tersedia,Bagus,0.0,inventory/ams/inventoryPhoto/1713415760WhatsApp_Image_2024-04-18_at_11_46_42.jpeg,inventory/ams/assets/uploads/assetsre/ap/1713415760WhatsApp_Image_2024-04-18_at_11_46_42.jpeg,LT,Aset,Corporate,,79,2024-04-18 11:49:21.000,2024-04-18 11:49:21.000,Kaki Besi Warna Putih
4941,8593,03144-FUR-MK-CFS-PTRE-14,03144-FUR-MK -CFS-PTRE-14,350,FUR-MK,170,Tersedia,Bagus,0.0,inventory/ams/inventoryPhoto/1713415813WhatsApp_Image_2024-04-18_at_11_46_42.jpeg,inventory/ams/assets/uploads/assetsre/ap/1713415813WhatsApp_Image_2024-04-18_at_11_46_42.jpeg,LT,Aset,Corporate,,79,2024-04-18 11:50:13.000,2024-04-18 11:50:13.000,Kaki Besi Warna Putih
4942,8594,03145-FUR-MK-CFS-PTRE-14,03145-FUR-MK -CFS-PTRE-14,350,FUR-MK,170,Tersedia,Bagus,0.0,inventory/ams/inventoryPhoto/1713415884WhatsApp_Image_2024-04-18_at_11_46_42.jpeg,inventory/ams/assets/uploads/assetsre/ap/1713415884WhatsApp_Image_2024-04-18_at_11_46_42.jpeg,LT,Aset,Corporate,,79,2024-04-18 11:51:24.000,2024-04-18 11:51:24.000,Kaki Besi Warna Putih
4943,8595,03146-FUR-MK-CFS-PTRE-14,03146-FUR-MK -CFS-PTRE-14,350,FUR-MK,170,Tersedia,Bagus,0.0,inventory/ams/inventoryPhoto/1713415937WhatsApp_Image_2024-04-18_at_11_46_42.jpeg,inventory/ams/assets/uploads/assetsre/ap/1713415937WhatsApp_Image_2024-04-18_at_11_46_42.jpeg,LT,Aset,Corporate,,79,2024-04-18 11:52:17.000,2024-04-18 11:52:17.000,Kaki Besi Warna Putih
4944,8596,03147-FUR-MK-CFS-PTRE-14,03147-FUR-MK -CFS-PTRE-14,350,FUR-MK,236,Tidak Aktif,Bagus,0.0,inventory/ams/inventoryPhoto/1713415986WhatsApp_Image_2024-04-18_at_11_46_42.jpeg,inventory/ams/assets/uploads/assetsre/ap/1713415986WhatsApp_Image_2024-04-18_at_11_46_42.jpeg,LT,Aset,Corporate,,79,2024-08-02 09:37:51.000,2024-08-02 09:37:51.000,Kaki Besi Warna Putih
4945,8604,03155-FUR-MK-CFS-PTRE-14,03155-FUR-MK -CFS-PTRE-14,341,FUR-MK,136,Tersedia,Bagus,0.0,inventory/ams/inventoryPhoto/1713516164WhatsApp_Image_2024-04-19_at_14_25_49.jpeg,inventory/ams/assets/uploads/assetsre/ap/1713516164WhatsApp_Image_2024-04-19_at_14_25_49.jpeg,LT,Aset,Corporate,10780,1,2026-06-07 20:56:20.000,2026-06-07 20:56:20.000,
4946,8627,03178-FUR-MK-CFS-PTRE-24,03178-FUR-MK -CFS-PTRE-24,334,FUR-MK,107,Tersedia,Bagus,0.0,inventory/ams/inventoryPhoto/1715161140WhatsApp_Image_2024-03-09_at_10_11_08.jpeg,inventory/ams/assets/uploads/assetsre/ap/1715161140WhatsApp_Image_2024-03-09_at_10_11_08.jpeg,LT,Aset,Corporate,,1,2025-05-19 10:31:18.000,2025-05-19 10:31:18.000,Warna Cokelat
4947,8628,03179-FUR-MK-CFS-PTRE-24,03179-FUR-MK -CFS-PTRE-24,334,FUR-MK,107,Tersedia,Bagus,0.0,inventory/ams/inventoryPhoto/1715161272WhatsApp_Image_2024-03-09_at_10_11_08.jpeg,inventory/ams/assets/uploads/assetsre/ap/1715161272WhatsApp_Image_2024-03-09_at_10_11_08.jpeg,LT,Aset,Corporate,,1,2025-05-19 10:31:10.000,2025-05-19 10:31:10.000,Warna Cokelat
4948,8629,03180-FUR-MK-CFS-PTRE-24,03180-FUR-MK -CFS-PTRE-24,334,FUR-MK,107,Tersedia,Bagus,0.0,inventory/ams/inventoryPhoto/1715161352WhatsApp_Image_2024-03-09_at_10_11_08.jpeg,inventory/ams/assets/uploads/assetsre/ap/1715161352WhatsApp_Image_2024-03-09_at_10_11_08.jpeg,LT,Aset,Corporate,,1,2025-05-19 10:31:04.000,2025-05-19 10:31:04.000,Warna Cokelat
4949,8630,03181-FUR-MK-CFS-PTRE-24,03181-FUR-MK -CFS-PTRE-24,334,FUR-MK,107,Tersedia,Bagus,0.0,inventory/ams/inventoryPhoto/1715161561WhatsApp_Image_2024-03-09_at_10_11_08.jpeg,inventory/ams/assets/uploads/assetsre/ap/1715161561WhatsApp_Image_2024-03-09_at_10_11_08.jpeg,LT,Aset,Corporate,,1,2025-05-19 10:30:53.000,2025-05-19 10:30:53.000,Warna Cokelat
4950,8701,03246-FUR-MK-CFS-PTRE-24,03246-FUR-MK -CFS-PTRE-24,353,FUR-MK,223,Dipinjam,Bagus,0.0,inventory/ams/inventoryPhoto/1726801651MEJA_KERJA.jpeg,inventory/ams/assets/uploads/assetsre/ap/1726801651MEJA_KERJA.jpeg,LT,Aset,Corporate,10780,1,2025-03-18 14:07:46.000,2025-03-18 14:07:46.000,Warna Lainnya
4951,8702,03247-FUR-MK-CFS-PTRE-24,03247-FUR-MK -CFS-PTRE-24,353,FUR-MK,223,Tersedia,Bagus,0.0,inventory/ams/inventoryPhoto/1726801644MEJA_KERJA.jpeg,inventory/ams/assets/uploads/assetsre/ap/1726801644MEJA_KERJA.jpeg,LT,Aset,Corporate,10780,1,2025-03-18 14:09:12.000,2025-03-18 14:09:12.000,Warna Lainnya
4952,8703,03248-FUR-MK-CFS-PTRE-24,03248-FUR-MK -CFS-PTRE-24,353,FUR-MK,223,Dipinjam,Bagus,0.0,inventory/ams/inventoryPhoto/1726801647MEJA_KERJA.jpeg,inventory/ams/assets/uploads/assetsre/ap/1726801647MEJA_KERJA.jpeg,LT,Aset,Corporate,10780,1,2025-03-18 14:08:59.000,2025-03-18 14:08:59.000,Warna Lainnya
4953,8704,03249-FUR-MK-CFS-PTRE-24,03249-FUR-MK -CFS-PTRE-24,353,FUR-MK,223,Dipinjam,Bagus,0.0,inventory/ams/inventoryPhoto/1726801633MEJA_KERJA.jpeg,inventory/ams/assets/uploads/assetsre/ap/1726801633MEJA_KERJA.jpeg,LT,Aset,Corporate,10780,1,2025-03-18 14:07:32.000,2025-03-18 14:07:32.000,Warna Lainnya
4954,8705,03250-FUR-MK-CFS-PTRE-24,03250-FUR-MK -CFS-PTRE-24,353,FUR-MK,223,Tersedia,Bagus,0.0,inventory/ams/inventoryPhoto/1726801641MEJA_KERJA.jpeg,inventory/ams/assets/uploads/assetsre/ap/1726801641MEJA_KERJA.jpeg,LT,Aset,Corporate,10780,1,2025-03-18 14:07:41.000,2025-03-18 14:07:41.000,Warna Lainnya
4955,8706,03251-FUR-MK-CFS-PTRE-24,03251-FUR-MK -CFS-PTRE-24,353,FUR-MK,223,Dipinjam,Bagus,0.0,inventory/ams/inventoryPhoto/1726801630MEJA_KERJA.jpeg,inventory/ams/assets/uploads/assetsre/ap/1726801630MEJA_KERJA.jpeg,LT,Aset,Corporate,10780,1,2025-03-18 14:08:52.000,2025-03-18 14:08:52.000,Warna Lainnya
4956,8707,03252-FUR-MK-CFS-PTRE-24,03252-FUR-MK -CFS-PTRE-24,353,FUR-MK,223,Dipinjam,Bagus,0.0,inventory/ams/inventoryPhoto/1726801628MEJA_KERJA.jpeg,inventory/ams/assets/uploads/assetsre/ap/1726801628MEJA_KERJA.jpeg,LT,Aset,Corporate,10780,1,2025-03-18 14:07:26.000,2025-03-18 14:07:26.000,Warna Lainnya
4957,8738,03282-FUR-MK-CFS-PTRE-24,03282-FUR-MK -CFS-PTRE-24,337,FUR-MK,117,Tersedia,Bagus,0.0,inventory/ams/inventoryPhoto/1726800669MEJA_KERJA.jpeg,inventory/ams/assets/uploads/assetsre/ap/1726800669MEJA_KERJA.jpeg,LT,Aset,Corporate,,1,2024-09-20 09:51:09.000,2024-09-20 09:51:09.000,Warna Lainnya
4958,8739,03283-FUR-MK-CFS-PTRE-24,03283-FUR-MK -CFS-PTRE-24,337,FUR-MK,117,Tersedia,Bagus,0.0,inventory/ams/inventoryPhoto/1726800662MEJA_KERJA.jpeg,inventory/ams/assets/uploads/assetsre/ap/1726800662MEJA_KERJA.jpeg,LT,Aset,Corporate,,1,2024-09-20 09:51:02.000,2024-09-20 09:51:02.000,Warna Lainnya
4959,8740,03284-FUR-MK-CFS-PTRE-24,03284-FUR-MK -CFS-PTRE-24,337,FUR-MK,117,Tersedia,Bagus,0.0,inventory/ams/inventoryPhoto/1726800665MEJA_KERJA.jpeg,inventory/ams/assets/uploads/assetsre/ap/1726800665MEJA_KERJA.jpeg,LT,Aset,Corporate,,1,2024-09-20 09:51:05.000,2024-09-20 09:51:05.000,Warna Lainnya
4960,8741,03285-FUR-MK-CFS-PTRE-24,03285-FUR-MK -CFS-PTRE-24,337,FUR-MK,117,Tersedia,Bagus,0.0,inventory/ams/inventoryPhoto/1726800646MEJA_KERJA.jpeg,inventory/ams/assets/uploads/assetsre/ap/1726800646MEJA_KERJA.jpeg,LT,Aset,Corporate,,1,2024-09-20 09:50:46.000,2024-09-20 09:50:46.000,Warna Lainnya
4961,8742,03286-FUR-MK-CFS-PTRE-24,03286-FUR-MK -CFS-PTRE-24,337,FUR-MK,117,Tersedia,Bagus,0.0,inventory/ams/inventoryPhoto/1726800649MEJA_KERJA.jpeg,inventory/ams/assets/uploads/assetsre/ap/1726800649MEJA_KERJA.jpeg,LT,Aset,Corporate,,1,2024-09-20 09:50:49.000,2024-09-20 09:50:49.000,Warna Lainnya
4962,8743,03287-FUR-MK-CFS-PTRE-24,03287-FUR-MK -CFS-PTRE-24,337,FUR-MK,117,Tersedia,Bagus,0.0,inventory/ams/inventoryPhoto/1726800626MEJA_KERJA.jpeg,inventory/ams/assets/uploads/assetsre/ap/1726800626MEJA_KERJA.jpeg,LT,Aset,Corporate,,1,2024-09-20 09:50:26.000,2024-09-20 09:50:26.000,Warna Lainnya
4963,8744,03288-FUR-MK-CFS-PTRE-24,03288-FUR-MK -CFS-PTRE-24,337,FUR-MK,117,Tersedia,Bagus,0.0,inventory/ams/inventoryPhoto/1726800629MEJA_KERJA.jpeg,inventory/ams/assets/uploads/assetsre/ap/1726800629MEJA_KERJA.jpeg,LT,Aset,Corporate,,1,2024-09-20 09:50:29.000,2024-09-20 09:50:29.000,Warna Lainnya
4964,8745,03289-FUR-MK-CFS-PTRE-24,03289-FUR-MK -CFS-PTRE-24,337,FUR-MK,117,Tersedia,Bagus,0.0,inventory/ams/inventoryPhoto/1726800652MEJA_KERJA.jpeg,inventory/ams/assets/uploads/assetsre/ap/1726800652MEJA_KERJA.jpeg,LT,Aset,Corporate,,1,2024-09-20 09:50:52.000,2024-09-20 09:50:52.000,Warna Lainnya
4965,8746,03290-FUR-MK-CFS-PTRE-24,03290-FUR-MK -CFS-PTRE-24,337,FUR-MK,117,Tersedia,Bagus,0.0,inventory/ams/inventoryPhoto/1726800635MEJA_KERJA.jpeg,inventory/ams/assets/uploads/assetsre/ap/1726800635MEJA_KERJA.jpeg,LT,Aset,Corporate,,1,2024-09-20 09:50:35.000,2024-09-20 09:50:35.000,Warna Lainnya
4966,8747,03291-FUR-MK-CFS-PTRE-24,03291-FUR-MK -CFS-PTRE-24,337,FUR-MK,117,Tersedia,Bagus,0.0,inventory/ams/inventoryPhoto/1726800638MEJA_KERJA.jpeg,inventory/ams/assets/uploads/assetsre/ap/1726800638MEJA_KERJA.jpeg,LT,Aset,Corporate,,1,2024-09-20 09:50:38.000,2024-09-20 09:50:38.000,Warna Lainnya
4967,8805,03348-FUR-MK-CFS-PTRE-24,03348-FUR-MK -CFS-PTRE-24,337,FUR-MK,223,Tersedia,Bagus,0.0,inventory/ams/inventoryPhoto/1726800619MEJA_KERJA.jpeg,inventory/ams/assets/uploads/assetsre/ap/1726800619MEJA_KERJA.jpeg,LT,Inventaris,Corporate,10780,1,2026-09-09 16:47:25.000,2026-09-09 16:47:25.000,Warna Lainnya
4968,8806,03349-FUR-MK-CFS-PTRE-24,03349-FUR-MK -CFS-PTRE-24,337,FUR-MK,111,Tersedia,Bagus,0.0,inventory/ams/inventoryPhoto/1726800600MEJA_KERJA.jpeg,inventory/ams/assets/uploads/assetsre/ap/1726800600MEJA_KERJA.jpeg,LT,Aset,Corporate,10780,1,2026-02-06 11:33:26.000,2026-02-06 11:33:26.000,Warna Lainnya
4969,8813,03355-FUR-MK-CFS-PTRE-24,03355-FUR-MK -CFS-PTRE-24,337,FUR-MK,224,Tersedia,Bagus,0.0,inventory/ams/inventoryPhoto/1726800603MEJA_KERJA.jpeg,inventory/ams/assets/uploads/assetsre/ap/1726800603MEJA_KERJA.jpeg,LT,Aset,Corporate,,1,2024-09-20 09:50:03.000,2024-09-20 09:50:03.000,Warna Lainnya
4970,8814,03356-FUR-MK-CFS-PTRE-24,03356-FUR-MK -CFS-PTRE-24,337,FUR-MK,224,Tersedia,Bagus,0.0,inventory/ams/inventoryPhoto/1726800606MEJA_KERJA.jpeg,inventory/ams/assets/uploads/assetsre/ap/1726800606MEJA_KERJA.jpeg,LT,Aset,Corporate,,1,2024-09-20 09:50:06.000,2024-09-20 09:50:06.000,Warna Lainnya
4971,8815,03357-FUR-MK-CFS-PTRE-24,03357-FUR-MK -CFS-PTRE-24,337,FUR-MK,224,Tersedia,Bagus,0.0,inventory/ams/inventoryPhoto/1726800609MEJA_KERJA.jpeg,inventory/ams/assets/uploads/assetsre/ap/1726800609MEJA_KERJA.jpeg,LT,Aset,Corporate,,1,2024-09-20 09:50:09.000,2024-09-20 09:50:09.000,Warna Lainnya
4972,8841,03383-FUR-MK-CFS-PTRE-24,03383-FUR-MK-CFS-PTRE-24,354,FUR-MK,121,Tersedia,Bagus,0.0,inventory/ams/inventoryPhoto/1726801581MEJA_KERJA.jpeg,inventory/ams/assets/uploads/assetsre/ap/1726801581MEJA_KERJA.jpeg,LT,Aset,Corporate,10780,2,2026-09-07 08:46:37.000,2026-09-07 08:46:37.000,Warna Cokelat
4973,8842,03384-FUR-MK-CFS-PTRE-24,03384-FUR-MK -CFS-PTRE-24,353,FUR-MK,241,Tersedia,Bagus,0.0,inventory/ams/inventoryPhoto/1726801619MEJA_KERJA.jpeg,inventory/ams/assets/uploads/assetsre/ap/1726801619MEJA_KERJA.jpeg,LT,Inventaris,Corporate,10780,1,2026-09-03 10:23:42.000,2026-09-03 10:23:42.000,Warna Lainnya
4974,8843,03385-FUR-MK-CFS-PTRE-24,03385-FUR-MK -CFS-PTRE-24,342,FUR-MK,115,Tersedia,Bagus,0.0,inventory/ams/inventoryPhoto/1726801586MEJA_KERJA.jpeg,inventory/ams/assets/uploads/assetsre/ap/1726801586MEJA_KERJA.jpeg,LT,Inventaris,Corporate,10780,1,2026-09-07 13:22:46.000,2026-09-07 13:22:46.000,
4975,8867,03409-FUR-MK-CFS-PTRE-24,03409-FUR-MK -CFS-PTRE-24,337,FUR-MK,243,Tersedia,Bagus,0.0,inventory/ams/inventoryPhoto/1726800593MEJA_KERJA.jpeg,inventory/ams/assets/uploads/assetsre/ap/1726800593MEJA_KERJA.jpeg,LT,Aset,Corporate,,1,2024-09-20 09:49:53.000,2024-09-20 09:49:53.000,Warna Lainnya
4976,8869,03410-FUR-MK-CFS-PTRE-24,03410-FUR-MK -CFS-PTRE-24,337,FUR-MK,243,Tersedia,Bagus,0.0,inventory/ams/inventoryPhoto/1726800583MEJA_KERJA.jpeg,inventory/ams/assets/uploads/assetsre/ap/1726800583MEJA_KERJA.jpeg,LT,Aset,Corporate,,1,2024-09-20 09:49:43.000,2024-09-20 09:49:43.000,Warna Lainnya
4977,8870,03411-FUR-MK-CFS-PTRE-24,03411-FUR-MK -CFS-PTRE-24,337,FUR-MK,243,Tersedia,Bagus,0.0,inventory/ams/inventoryPhoto/1726800587MEJA_KERJA.jpeg,inventory/ams/assets/uploads/assetsre/ap/1726800587MEJA_KERJA.jpeg,LT,Aset,Corporate,,1,2024-09-20 09:49:47.000,2024-09-20 09:49:47.000,Warna Lainnya
4978,8871,03412-FUR-MK-CFS-PTRE-24,03412-FUR-MK -CFS-PTRE-24,337,FUR-MK,243,Tersedia,Bagus,0.0,inventory/ams/inventoryPhoto/1726800590MEJA_KERJA.jpeg,inventory/ams/assets/uploads/assetsre/ap/1726800590MEJA_KERJA.jpeg,LT,Aset,Corporate,,1,2024-09-20 09:49:50.000,2024-09-20 09:49:50.000,Warna Lainnya
4979,8872,03413-FUR-MK-CFS-PTRE-24,03413-FUR-MK -CFS-PTRE-24,337,FUR-MK,243,Tersedia,Bagus,0.0,inventory/ams/inventoryPhoto/1726800578MEJA_KERJA.jpeg,inventory/ams/assets/uploads/assetsre/ap/1726800578MEJA_KERJA.jpeg,LT,Aset,Corporate,,1,2024-09-20 09:49:38.000,2024-09-20 09:49:38.000,Warna Lainnya
4980,8873,03414-FUR-MK-CFS-PTRE-24,03414-FUR-MK -CFS-PTRE-24,337,FUR-MK,243,Tersedia,Bagus,0.0,inventory/ams/inventoryPhoto/1726800563MEJA_KERJA.jpeg,inventory/ams/assets/uploads/assetsre/ap/1726800563MEJA_KERJA.jpeg,LT,Aset,Corporate,,1,2024-09-20 09:49:23.000,2024-09-20 09:49:23.000,Warna Lainnya
4981,8900,03436-FUR-MK-CFS-PTRE-24,03436-FUR-MK -CFS-PTRE-24,337,FUR-MK,225,Tersedia,Bagus,0.0,inventory/ams/inventoryPhoto/1726800569MEJA_KERJA.jpeg,inventory/ams/assets/uploads/assetsre/ap/1726800569MEJA_KERJA.jpeg,LT,Aset,Corporate,,1,2024-09-20 09:49:29.000,2024-09-20 09:49:29.000,Warna Lainnya
4982,8901,03437-FUR-MK-CFS-PTRE-24,03437-FUR-MK -CFS-PTRE-24,337,FUR-MK,225,Tersedia,Bagus,0.0,inventory/ams/inventoryPhoto/1726800573MEJA_KERJA.jpeg,inventory/ams/assets/uploads/assetsre/ap/1726800573MEJA_KERJA.jpeg,LT,Aset,Corporate,,1,2024-09-20 09:49:33.000,2024-09-20 09:49:33.000,Warna Lainnya
4983,8902,03438-FUR-MK-CFS-PTRE-24,03438-FUR-MK -CFS-PTRE-24,337,FUR-MK,225,Tersedia,Bagus,0.0,inventory/ams/inventoryPhoto/1726800560MEJA_KERJA.jpeg,inventory/ams/assets/uploads/assetsre/ap/1726800560MEJA_KERJA.jpeg,LT,Aset,Corporate,,1,2024-09-20 09:49:20.000,2024-09-20 09:49:20.000,Warna Lainnya
4984,8903,03439-FUR-MK-CFS-PTRE-24,03439-FUR-MK -CFS-PTRE-24,337,FUR-MK,225,Tersedia,Bagus,0.0,inventory/ams/inventoryPhoto/1726800556MEJA_KERJA.jpeg,inventory/ams/assets/uploads/assetsre/ap/1726800556MEJA_KERJA.jpeg,LT,Aset,Corporate,,1,2024-09-20 09:49:16.000,2024-09-20 09:49:16.000,Warna Lainnya
4985,8904,03440-FUR-MK-CFS-PTRE-24,03440-FUR-MK -CFS-PTRE-24,337,FUR-MK,225,Tersedia,Bagus,0.0,inventory/ams/inventoryPhoto/1726800551MEJA_KERJA.jpeg,inventory/ams/assets/uploads/assetsre/ap/1726800551MEJA_KERJA.jpeg,LT,Aset,Corporate,,1,2024-09-20 09:49:11.000,2024-09-20 09:49:11.000,Warna Lainnya
4986,8905,03441-FUR-MK-CFS-PTRE-24,03441-FUR-MK -CFS-PTRE-24,337,FUR-MK,225,Tersedia,Bagus,0.0,inventory/ams/inventoryPhoto/1726800548MEJA_KERJA.jpeg,inventory/ams/assets/uploads/assetsre/ap/1726800548MEJA_KERJA.jpeg,LT,Aset,Corporate,,1,2024-09-20 09:49:08.000,2024-09-20 09:49:08.000,Warna Lainnya
4987,8906,03442-FUR-MK-CFS-PTRE-24,03442-FUR-MK -CFS-PTRE-24,337,FUR-MK,225,Tersedia,Bagus,0.0,inventory/ams/inventoryPhoto/1726800541MEJA_KERJA.jpeg,inventory/ams/assets/uploads/assetsre/ap/1726800541MEJA_KERJA.jpeg,LT,Aset,Corporate,,1,2024-09-20 09:49:01.000,2024-09-20 09:49:01.000,Warna Lainnya
4988,8907,03443-FUR-MK-CFS-PTRE-24,03443-FUR-MK -CFS-PTRE-24,337,FUR-MK,225,Tersedia,Bagus,0.0,inventory/ams/inventoryPhoto/1726800538MEJA_KERJA.jpeg,inventory/ams/assets/uploads/assetsre/ap/1726800538MEJA_KERJA.jpeg,LT,Aset,Corporate,,1,2024-09-20 09:48:58.000,2024-09-20 09:48:58.000,Warna Lainnya
4989,8969,03505-FUR-MK-CFS-PTRE-24,03505-FUR-MK -CFS-PTRE-24,337,FUR-MK,137,Dipinjam,Bagus,0.0,inventory/ams/inventoryPhoto/1726800535MEJA_KERJA.jpeg,inventory/ams/assets/uploads/assetsre/ap/1726800535MEJA_KERJA.jpeg,LT,Aset,Corporate,,1,2024-09-20 09:48:55.000,2024-09-20 09:48:55.000,Warna Lainnya
4990,8970,03506-FUR-MK-CFS-PTRE-24,03506-FUR-MK -CFS-PTRE-24,337,FUR-MK,137,Tersedia,Bagus,0.0,inventory/ams/inventoryPhoto/1726800545MEJA_KERJA.jpeg,inventory/ams/assets/uploads/assetsre/ap/1726800545MEJA_KERJA.jpeg,LT,Aset,Corporate,,1,2024-09-20 09:49:05.000,2024-09-20 09:49:05.000,Warna Lainnya
4991,8971,03507-FUR-MK-CFS-PTRE-24,03507-FUR-MK -CFS-PTRE-24,337,FUR-MK,137,Tersedia,Bagus,0.0,inventory/ams/inventoryPhoto/1726800532MEJA_KERJA.jpeg,inventory/ams/assets/uploads/assetsre/ap/1726800532MEJA_KERJA.jpeg,LT,Aset,Corporate,,1,2024-09-20 09:48:52.000,2024-09-20 09:48:52.000,Warna Lainnya
4992,8972,03508-FUR-MK-CFS-PTRE-24,03508-FUR-MK -CFS-PTRE-24,337,FUR-MK,137,Tersedia,Bagus,0.0,inventory/ams/inventoryPhoto/1726800529MEJA_KERJA.jpeg,inventory/ams/assets/uploads/assetsre/ap/1726800529MEJA_KERJA.jpeg,LT,Aset,Corporate,,1,2024-09-20 09:48:49.000,2024-09-20 09:48:49.000,Warna Lainnya
4993,8973,03509-FUR-MK-CFS-PTRE-24,03509-FUR-MK -CFS-PTRE-24,342,FUR-MK,115,Tersedia,Bagus,0.0,inventory/ams/inventoryPhoto/1726800524MEJA_KERJA.jpeg,inventory/ams/assets/uploads/assetsre/ap/1726800524MEJA_KERJA.jpeg,LT,Inventaris,Corporate,10780,1,2026-09-07 13:22:39.000,2026-09-07 13:22:39.000,
4994,8974,03510-FUR-MK-CFS-PTRE-24,03510-FUR-MK -CFS-PTRE-24,337,FUR-MK,138,Dipinjam,Bagus,0.0,inventory/ams/inventoryPhoto/1726800518MEJA_KERJA.jpeg,inventory/ams/assets/uploads/assetsre/ap/1726800518MEJA_KERJA.jpeg,LT,Aset,Corporate,,1,2026-01-19 11:19:42.000,2026-01-19 11:19:42.000,Warna Lainnya
4995,8975,03511-FUR-MK-CFS-PTRE-14,03511-FUR-MK -CFS-PTRE-14,345,FUR-MK,174,Dipinjam,Bagus,0.0,inventory/ams/inventoryPhoto/1726800520MEJA_KERJA.jpeg,inventory/ams/assets/uploads/assetsre/ap/1726800520MEJA_KERJA.jpeg,LT,Aset,Corporate,10780,1,2026-06-07 21:30:32.000,2026-06-07 21:30:32.000,
4996,8976,03512-FUR-MK-CFS-PTRE-24,03512-FUR-MK -CFS-PTRE-24,337,FUR-MK,241,Tersedia,Bagus,0.0,inventory/ams/inventoryPhoto/1726800515MEJA_KERJA.jpeg,inventory/ams/assets/uploads/assetsre/ap/1726800515MEJA_KERJA.jpeg,LT,Inventaris,Corporate,10780,1,2026-09-03 10:20:23.000,2026-09-03 10:20:23.000,Warna Lainnya
4997,8977,03513-FUR-MK-CFS-PTRE-24,03513-FUR-MK -CFS-PTRE-24,345,FUR-MK,246,Dipinjam,Bagus,0.0,inventory/ams/inventoryPhoto/1726800512MEJA_KERJA.jpeg,inventory/ams/assets/uploads/assetsre/ap/1726800512MEJA_KERJA.jpeg,LT,Aset,Corporate,10780,1,2026-06-07 21:17:40.000,2026-06-07 21:17:40.000,
4998,8989,03525-FUR-MK-CFS-PTRE-24,03525-FUR-MK -CFS-PTRE-24,337,FUR-MK,138,Dipinjam,Bagus,0.0,inventory/ams/inventoryPhoto/1726800507MEJA_KERJA.jpeg,inventory/ams/assets/uploads/assetsre/ap/1726800507MEJA_KERJA.jpeg,LT,Aset,Corporate,,1,2024-09-20 09:48:27.000,2024-09-20 09:48:27.000,Warna Lainnya
4999,8990,03526-FUR-MK-CFS-PTRE-24,03526-FUR-MK -CFS-PTRE-24,337,FUR-MK,138,Dipinjam,Bagus,0.0,inventory/ams/inventoryPhoto/1726800493MEJA_KERJA.jpeg,inventory/ams/assets/uploads/assetsre/ap/1726800493MEJA_KERJA.jpeg,LT,Aset,Corporate,,1,2024-09-20 09:48:13.000,2024-09-20 09:48:13.000,Warna Lainnya
5000,8991,03527-FUR-MK-CFS-PTRE-24,03527-FUR-MK -CFS-PTRE-24,337,FUR-MK,138,Tersedia,Bagus,0.0,inventory/ams/inventoryPhoto/1726800497MEJA_KERJA.jpeg,inventory/ams/assets/uploads/assetsre/ap/1726800497MEJA_KERJA.jpeg,LT,Aset,Corporate,,1,2024-09-20 09:48:17.000,2024-09-20 09:48:17.000,Warna Lainnya
5001,8992,03528-FUR-MK-CFS-PTRE-24,03528-FUR-MK -CFS-PTRE-24,337,FUR-MK,138,Dipinjam,Bagus,0.0,inventory/ams/inventoryPhoto/1726800504MEJA_KERJA.jpeg,inventory/ams/assets/uploads/assetsre/ap/1726800504MEJA_KERJA.jpeg,LT,Aset,Corporate,,1,2024-09-20 09:48:24.000,2024-09-20 09:48:24.000,Warna Lainnya
5002,8993,03529-FUR-MK-CFS-PTRE-24,03529-FUR-MK -CFS-PTRE-24,337,FUR-MK,138,Tersedia,Bagus,0.0,inventory/ams/inventoryPhoto/1726800480MEJA_KERJA.jpeg,inventory/ams/assets/uploads/assetsre/ap/1726800480MEJA_KERJA.jpeg,LT,Aset,Corporate,,1,2024-09-20 09:48:00.000,2024-09-20 09:48:00.000,Warna Lainnya
5003,8994,03530-FUR-MK-CFS-PTRE-24,03530-FUR-MK -CFS-PTRE-24,337,FUR-MK,138,Dipinjam,Bagus,0.0,inventory/ams/inventoryPhoto/1726800483MEJA_KERJA.jpeg,inventory/ams/assets/uploads/assetsre/ap/1726800483MEJA_KERJA.jpeg,LT,Aset,Corporate,,1,2024-09-20 09:48:03.000,2024-09-20 09:48:03.000,Warna Lainnya
5004,9022,03558-FUR-MK-CFS-PTRE-24,03558-FUR-MK -CFS-PTRE-24,337,FUR-MK,225,Tersedia,Bagus,0.0,inventory/ams/inventoryPhoto/1726800486MEJA_KERJA.jpeg,inventory/ams/assets/uploads/assetsre/ap/1726800486MEJA_KERJA.jpeg,LT,Aset,Corporate,10780,1,2026-06-07 18:15:34.000,2026-06-07 18:15:34.000,Warna Lainnya
5005,9023,03559-FUR-MK-CFS-PTRE-24,03559-FUR-MK -CFS-PTRE-24,337,FUR-MK,230,Tersedia,Bagus,0.0,inventory/ams/inventoryPhoto/1726800490MEJA_KERJA.jpeg,inventory/ams/assets/uploads/assetsre/ap/1726800490MEJA_KERJA.jpeg,LT,Aset,Corporate,,1,2024-09-20 09:48:10.000,2024-09-20 09:48:10.000,Warna Lainnya
5006,9024,03560-FUR-MK-CFS-PTRE-24,03560-FUR-MK -CFS-PTRE-24,337,FUR-MK,230,Tersedia,Bagus,0.0,inventory/ams/inventoryPhoto/1726800469MEJA_KERJA.jpeg,inventory/ams/assets/uploads/assetsre/ap/1726800469MEJA_KERJA.jpeg,LT,Aset,Corporate,,1,2024-09-20 09:47:49.000,2024-09-20 09:47:49.000,Warna Lainnya
5007,9025,03561-FUR-MK-CFS-PTRE-24,03561-FUR-MK -CFS-PTRE-24,337,FUR-MK,230,Tersedia,Bagus,0.0,inventory/ams/inventoryPhoto/1726800459MEJA_KERJA.jpeg,inventory/ams/assets/uploads/assetsre/ap/1726800459MEJA_KERJA.jpeg,LT,Aset,Corporate,,1,2024-09-20 09:47:39.000,2024-09-20 09:47:39.000,Warna Lainnya
5008,9026,03562-FUR-MK-CFS-PTRE-24,03562-FUR-MK -CFS-PTRE-24,337,FUR-MK,230,Tersedia,Bagus,0.0,inventory/ams/inventoryPhoto/1726800461MEJA_KERJA1.jpeg,inventory/ams/assets/uploads/assetsre/ap/1726800461MEJA_KERJA1.jpeg,LT,Aset,Corporate,,1,2024-09-20 09:47:41.000,2024-09-20 09:47:41.000,Warna Lainnya
5009,9027,03563-FUR-MK-CFS-PTRE-24,03563-FUR-MK -CFS-PTRE-24,337,FUR-MK,230,Tersedia,Bagus,0.0,inventory/ams/inventoryPhoto/1726800465MEJA_KERJA.jpeg,inventory/ams/assets/uploads/assetsre/ap/1726800465MEJA_KERJA.jpeg,LT,Aset,Corporate,,1,2024-09-20 09:47:45.000,2024-09-20 09:47:45.000,Warna Lainnya
5010,9043,03579-FUR-MK-CFS-PTRE-24,03579-FUR-MK -CFS-PTRE-24,345,FUR-MK,246,Tersedia,Bagus,0.0,inventory/ams/inventoryPhoto/1726800455MEJA_KERJA.jpeg,inventory/ams/assets/uploads/assetsre/ap/1726800455MEJA_KERJA.jpeg,LT,Aset,Corporate,10780,1,2026-06-07 21:17:23.000,2026-06-07 21:17:23.000,
5011,9044,03580-FUR-MK-CFS-PTRE-24,03580-FUR-MK -CFS-PTRE-24,337,FUR-MK,221,Tersedia,Bagus,0.0,inventory/ams/inventoryPhoto/1726800451MEJA_KERJA.jpeg,inventory/ams/assets/uploads/assetsre/ap/1726800451MEJA_KERJA.jpeg,LT,Aset,Corporate,10780,1,2026-05-31 18:11:05.000,2026-05-31 18:11:05.000,Warna Lainnya
5012,9045,03581-FUR-MK-CFS-PTRE-24,03581-FUR-MK -CFS-PTRE-24,337,FUR-MK,229,Tersedia,Bagus,0.0,inventory/ams/inventoryPhoto/1726800438MEJA_KERJA.jpeg,inventory/ams/assets/uploads/assetsre/ap/1726800438MEJA_KERJA.jpeg,LT,Aset,Corporate,,1,2024-09-20 09:47:18.000,2024-09-20 09:47:18.000,Warna Lainnya
5013,9046,03582-FUR-MK-CFS-PTRE-24,03582-FUR-MK -CFS-PTRE-24,337,FUR-MK,229,Tersedia,Bagus,0.0,inventory/ams/inventoryPhoto/1726800448MEJA_KERJA.jpeg,inventory/ams/assets/uploads/assetsre/ap/1726800448MEJA_KERJA.jpeg,LT,Aset,Corporate,,1,2024-09-20 09:47:28.000,2024-09-20 09:47:28.000,Warna Lainnya
5014,9047,03583-FUR-MK-CFS-PTRE-24,03583-FUR-MK -CFS-PTRE-24,337,FUR-MK,229,Tersedia,Bagus,0.0,inventory/ams/inventoryPhoto/1726800441MEJA_KERJA.jpeg,inventory/ams/assets/uploads/assetsre/ap/1726800441MEJA_KERJA.jpeg,LT,Aset,Corporate,,1,2024-09-20 09:47:21.000,2024-09-20 09:47:21.000,Warna Lainnya
5015,9109,03645-FUR-MK-CFS-PTRE-24,03645-FUR-MK -CFS-PTRE-24,337,FUR-MK,245,Tersedia,Bagus,0.0,inventory/ams/inventoryPhoto/1726800431MEJA_KERJA.jpeg,inventory/ams/assets/uploads/assetsre/ap/1726800431MEJA_KERJA.jpeg,LT,Aset,Corporate,,1,2024-09-20 09:47:11.000,2024-09-20 09:47:11.000,Warna Lainnya
5016,9110,03646-FUR-MK-CFS-PTRE-24,03646-FUR-MK -CFS-PTRE-24,337,FUR-MK,245,Tersedia,Bagus,0.0,inventory/ams/inventoryPhoto/1726800435MEJA_KERJA.jpeg,inventory/ams/assets/uploads/assetsre/ap/1726800435MEJA_KERJA.jpeg,LT,Aset,Corporate,,1,2024-09-20 09:47:15.000,2024-09-20 09:47:15.000,Warna Lainnya
5017,9111,03647-FUR-MK-CFS-PTRE-24,03647-FUR-MK -CFS-PTRE-24,337,FUR-MK,245,Tersedia,Bagus,0.0,inventory/ams/inventoryPhoto/1726800428MEJA_KERJA.jpeg,inventory/ams/assets/uploads/assetsre/ap/1726800428MEJA_KERJA.jpeg,LT,Aset,Corporate,,1,2024-09-20 09:47:08.000,2024-09-20 09:47:08.000,Warna Lainnya
5018,9112,03648-FUR-MK-CFS-PTRE-24,03648-FUR-MK -CFS-PTRE-24,337,FUR-MK,245,Tersedia,Bagus,0.0,inventory/ams/inventoryPhoto/1726800423MEJA_KERJA.jpeg,inventory/ams/assets/uploads/assetsre/ap/1726800423MEJA_KERJA.jpeg,LT,Aset,Corporate,,1,2024-09-20 09:47:03.000,2024-09-20 09:47:03.000,Warna Lainnya
5019,9113,03649-FUR-MK-CFS-PTRE-24,03649-FUR-MK -CFS-PTRE-24,337,FUR-MK,245,Tersedia,Bagus,0.0,inventory/ams/inventoryPhoto/1726800420MEJA_KERJA.jpeg,inventory/ams/assets/uploads/assetsre/ap/1726800420MEJA_KERJA.jpeg,LT,Aset,Corporate,,1,2024-09-20 09:47:00.000,2024-09-20 09:47:00.000,Warna Lainnya
5020,9114,03650-FUR-MK-CFS-PTRE-24,03650-FUR-MK -CFS-PTRE-24,337,FUR-MK,245,Tersedia,Bagus,0.0,inventory/ams/inventoryPhoto/1726800414MEJA_KERJA.jpeg,inventory/ams/assets/uploads/assetsre/ap/1726800414MEJA_KERJA.jpeg,LT,Aset,Corporate,,1,2024-09-20 09:46:54.000,2024-09-20 09:46:54.000,Warna Lainnya
5021,9115,03651-FUR-MK-CFS-PTRE-24,03651-FUR-MK -CFS-PTRE-24,337,FUR-MK,245,Tersedia,Bagus,0.0,inventory/ams/inventoryPhoto/1726800417MEJA_KERJA.jpeg,inventory/ams/assets/uploads/assetsre/ap/1726800417MEJA_KERJA.jpeg,LT,Aset,Corporate,,1,2024-09-20 09:46:57.000,2024-09-20 09:46:57.000,Warna Lainnya
5022,9116,03652-FUR-MK-CFS-PTRE-24,03652-FUR-MK -CFS-PTRE-24,337,FUR-MK,245,Tersedia,Bagus,0.0,inventory/ams/inventoryPhoto/1726800411MEJA_KERJA.jpeg,inventory/ams/assets/uploads/assetsre/ap/1726800411MEJA_KERJA.jpeg,LT,Aset,Corporate,,1,2024-09-20 09:46:51.000,2024-09-20 09:46:51.000,Warna Lainnya
5023,9117,03653-FUR-MK-CFS-PTRE-24,03653-FUR-MK -CFS-PTRE-24,337,FUR-MK,245,Tersedia,Bagus,0.0,inventory/ams/inventoryPhoto/1726800403MEJA_KERJA.jpeg,inventory/ams/assets/uploads/assetsre/ap/1726800403MEJA_KERJA.jpeg,LT,Aset,Corporate,,1,2024-09-20 09:46:43.000,2024-09-20 09:46:43.000,Warna Lainnya
5024,9118,03654-FUR-MK-CFS-PTRE-24,03654-FUR-MK -CFS-PTRE-24,337,FUR-MK,245,Tersedia,Bagus,0.0,inventory/ams/inventoryPhoto/1726800398MEJA_KERJA.jpeg,inventory/ams/assets/uploads/assetsre/ap/1726800398MEJA_KERJA.jpeg,LT,Aset,Corporate,,1,2024-09-20 09:46:38.000,2024-09-20 09:46:38.000,Warna Lainnya
5025,9119,03655-FUR-MK-CFS-PTRE-24,03655-FUR-MK -CFS-PTRE-24,337,FUR-MK,245,Tersedia,Bagus,0.0,inventory/ams/inventoryPhoto/1726800390MEJA_KERJA.jpeg,inventory/ams/assets/uploads/assetsre/ap/1726800390MEJA_KERJA.jpeg,LT,Aset,Corporate,,1,2024-09-20 09:46:30.000,2024-09-20 09:46:30.000,Warna Lainnya
5026,9120,03656-FUR-MK-CFS-PTRE-24,03656-FUR-MK -CFS-PTRE-24,337,FUR-MK,245,Tersedia,Bagus,0.0,inventory/ams/inventoryPhoto/1726800392MEJA_KERJA.jpeg,inventory/ams/assets/uploads/assetsre/ap/1726800392MEJA_KERJA.jpeg,LT,Aset,Corporate,,1,2024-09-20 09:46:32.000,2024-09-20 09:46:32.000,Warna Lainnya
5027,9121,03657-FUR-MK-CFS-PTRE-24,03657-FUR-MK -CFS-PTRE-24,337,FUR-MK,245,Tersedia,Bagus,0.0,inventory/ams/inventoryPhoto/1726800385MEJA_KERJA.jpeg,inventory/ams/assets/uploads/assetsre/ap/1726800385MEJA_KERJA.jpeg,LT,Aset,Corporate,,1,2024-09-20 09:46:25.000,2024-09-20 09:46:25.000,Warna Lainnya
5028,9122,03658-FUR-MK-CFS-PTRE-24,03658-FUR-MK -CFS-PTRE-24,337,FUR-MK,245,Tersedia,Bagus,0.0,inventory/ams/inventoryPhoto/1726800369MEJA_KERJA.jpeg,inventory/ams/assets/uploads/assetsre/ap/1726800369MEJA_KERJA.jpeg,LT,Aset,Corporate,,1,2024-09-20 09:46:09.000,2024-09-20 09:46:09.000,Warna Lainnya
5029,9123,03659-FUR-MK-CFS-PTRE-24,03659-FUR-MK -CFS-PTRE-24,337,FUR-MK,245,Tersedia,Bagus,0.0,inventory/ams/inventoryPhoto/1726800373MEJA_KERJA.jpeg,inventory/ams/assets/uploads/assetsre/ap/1726800373MEJA_KERJA.jpeg,LT,Aset,Corporate,,1,2024-09-20 09:46:13.000,2024-09-20 09:46:13.000,Warna Lainnya
5030,9124,03660-FUR-MK-CFS-PTRE-24,03660-FUR-MK -CFS-PTRE-24,337,FUR-MK,245,Tersedia,Bagus,0.0,inventory/ams/inventoryPhoto/1726800378MEJA_KERJA.jpeg,inventory/ams/assets/uploads/assetsre/ap/1726800378MEJA_KERJA.jpeg,LT,Aset,Corporate,,1,2024-09-20 09:46:18.000,2024-09-20 09:46:18.000,Warna Lainnya
5031,9125,03661-FUR-MK-CFS-PTRE-24,03661-FUR-MK -CFS-PTRE-24,337,FUR-MK,245,Tersedia,Bagus,0.0,inventory/ams/inventoryPhoto/1726800382MEJA_KERJA.jpeg,inventory/ams/assets/uploads/assetsre/ap/1726800382MEJA_KERJA.jpeg,LT,Aset,Corporate,,1,2024-09-20 09:46:22.000,2024-09-20 09:46:22.000,Warna Lainnya
5032,9126,03662-FUR-MK-CFS-PTRE-24,03662-FUR-MK -CFS-PTRE-24,337,FUR-MK,245,Tersedia,Bagus,0.0,inventory/ams/inventoryPhoto/1726800361MEJA_KERJA.jpeg,inventory/ams/assets/uploads/assetsre/ap/1726800361MEJA_KERJA.jpeg,LT,Aset,Corporate,,1,2024-09-20 09:46:01.000,2024-09-20 09:46:01.000,Warna Lainnya
5033,9127,03663-FUR-MK-CFS-PTRE-24,03663-FUR-MK -CFS-PTRE-24,337,FUR-MK,245,Tersedia,Bagus,0.0,inventory/ams/inventoryPhoto/1726800355MEJA_KERJA.jpeg,inventory/ams/assets/uploads/assetsre/ap/1726800355MEJA_KERJA.jpeg,LT,Aset,Corporate,,1,2024-09-20 09:45:55.000,2024-09-20 09:45:55.000,Warna Lainnya
5034,9128,03664-FUR-MK-CFS-PTRE-24,03664-FUR-MK -CFS-PTRE-24,337,FUR-MK,245,Tersedia,Bagus,0.0,inventory/ams/inventoryPhoto/1726800324MEJA_KERJA.jpeg,inventory/ams/assets/uploads/assetsre/ap/1726800324MEJA_KERJA.jpeg,LT,Aset,Corporate,,1,2024-09-20 09:45:24.000,2024-09-20 09:45:24.000,Warna Lainnya
5035,9129,03665-FUR-MK-CFS-PTRE-24,03665-FUR-MK -CFS-PTRE-24,337,FUR-MK,245,Tersedia,Bagus,0.0,inventory/ams/inventoryPhoto/1726800321MEJA_KERJA.jpeg,inventory/ams/assets/uploads/assetsre/ap/1726800321MEJA_KERJA.jpeg,LT,Aset,Corporate,,1,2024-09-20 09:45:21.000,2024-09-20 09:45:21.000,Warna Lainnya
5036,9130,03666-FUR-MK-CFS-PTRE-24,03666-FUR-MK -CFS-PTRE-24,337,FUR-MK,245,Tersedia,Bagus,0.0,inventory/ams/inventoryPhoto/1726800318MEJA_KERJA.jpeg,inventory/ams/assets/uploads/assetsre/ap/1726800318MEJA_KERJA.jpeg,LT,Aset,Corporate,,1,2024-09-20 09:45:18.000,2024-09-20 09:45:18.000,Warna Lainnya
5037,9131,03667-FUR-MK-CFS-PTRE-24,03667-FUR-MK -CFS-PTRE-24,337,FUR-MK,245,Tersedia,Bagus,0.0,inventory/ams/inventoryPhoto/1726800314MEJA_KERJA.jpeg,inventory/ams/assets/uploads/assetsre/ap/1726800314MEJA_KERJA.jpeg,LT,Aset,Corporate,,1,2024-09-20 09:45:14.000,2024-09-20 09:45:14.000,Warna Lainnya
5038,9132,03668-FUR-MK-CFS-PTRE-24,03668-FUR-MK -CFS-PTRE-24,337,FUR-MK,245,Tersedia,Bagus,0.0,inventory/ams/inventoryPhoto/1726800307MEJA_KERJA.jpeg,inventory/ams/assets/uploads/assetsre/ap/1726800307MEJA_KERJA.jpeg,LT,Aset,Corporate,,1,2024-09-20 09:45:07.000,2024-09-20 09:45:07.000,Warna Lainnya
5039,9133,03669-FUR-MK-CFS-PTRE-24,03669-FUR-MK -CFS-PTRE-24,337,FUR-MK,245,Tersedia,Bagus,0.0,inventory/ams/inventoryPhoto/1726800304MEJA_KERJA.jpeg,inventory/ams/assets/uploads/assetsre/ap/1726800304MEJA_KERJA.jpeg,LT,Aset,Corporate,,1,2024-09-20 09:45:04.000,2024-09-20 09:45:04.000,Warna Lainnya
5040,9134,03670-FUR-MK-CFS-PTRE-24,03670-FUR-MK -CFS-PTRE-24,337,FUR-MK,245,Tersedia,Bagus,0.0,inventory/ams/inventoryPhoto/1726800301MEJA_KERJA.jpeg,inventory/ams/assets/uploads/assetsre/ap/1726800301MEJA_KERJA.jpeg,LT,Aset,Corporate,,1,2024-09-20 09:45:01.000,2024-09-20 09:45:01.000,Warna Lainnya
5041,9135,03671-FUR-MK-CFS-PTRE-24,03671-FUR-MK -CFS-PTRE-24,337,FUR-MK,245,Tersedia,Bagus,0.0,inventory/ams/inventoryPhoto/1726800295MEJA_KERJA.jpeg,inventory/ams/assets/uploads/assetsre/ap/1726800295MEJA_KERJA.jpeg,LT,Aset,Corporate,,1,2024-09-20 09:44:55.000,2024-09-20 09:44:55.000,Warna Lainnya
5042,9136,03672-FUR-MK-CFS-PTRE-24,03672-FUR-MK -CFS-PTRE-24,337,FUR-MK,245,Tersedia,Bagus,0.0,inventory/ams/inventoryPhoto/1726800290MEJA_KERJA.jpeg,inventory/ams/assets/uploads/assetsre/ap/1726800290MEJA_KERJA.jpeg,LT,Aset,Corporate,,1,2024-09-20 09:44:50.000,2024-09-20 09:44:50.000,Warna Lainnya
5043,9137,03673-FUR-MK-CFS-PTRE-24,03673-FUR-MK -CFS-PTRE-24,337,FUR-MK,245,Tersedia,Bagus,0.0,inventory/ams/inventoryPhoto/1726800274MEJA_KERJA.jpeg,inventory/ams/assets/uploads/assetsre/ap/1726800274MEJA_KERJA.jpeg,LT,Aset,Corporate,,1,2024-09-20 09:44:34.000,2024-09-20 09:44:34.000,Warna Lainnya
5044,9138,03674-FUR-MK-CFS-PTRE-24,03674-FUR-MK -CFS-PTRE-24,337,FUR-MK,245,Tersedia,Bagus,0.0,inventory/ams/inventoryPhoto/1726800267MEJA_KERJA.jpeg,inventory/ams/assets/uploads/assetsre/ap/1726800267MEJA_KERJA.jpeg,LT,Aset,Corporate,,1,2024-09-20 09:44:27.000,2024-09-20 09:44:27.000,Warna Lainnya
5045,9139,03675-FUR-MK-CFS-PTRE-24,03675-FUR-MK -CFS-PTRE-24,337,FUR-MK,245,Tersedia,Bagus,0.0,inventory/ams/inventoryPhoto/1726800271MEJA_KERJA.jpeg,inventory/ams/assets/uploads/assetsre/ap/1726800271MEJA_KERJA.jpeg,LT,Aset,Corporate,,1,2024-09-20 09:44:31.000,2024-09-20 09:44:31.000,Warna Lainnya
5046,9140,03676-FUR-MK-CFS-PTRE-24,03676-FUR-MK -CFS-PTRE-24,337,FUR-MK,245,Tersedia,Bagus,0.0,inventory/ams/inventoryPhoto/1726800126MEJA_KERJA.jpeg,inventory/ams/assets/uploads/assetsre/ap/1726800126MEJA_KERJA.jpeg,LT,Aset,Corporate,,1,2024-09-20 09:42:06.000,2024-09-20 09:42:06.000,Warna Lainnya
5047,9141,03677-FUR-MK-CFS-PTRE-24,03677-FUR-MK -CFS-PTRE-24,337,FUR-MK,245,Tersedia,Bagus,0.0,inventory/ams/inventoryPhoto/1726800263MEJA_KERJA.jpeg,inventory/ams/assets/uploads/assetsre/ap/1726800263MEJA_KERJA.jpeg,LT,Aset,Corporate,,1,2024-09-20 09:44:23.000,2024-09-20 09:44:23.000,Warna Lainnya
5048,9142,03678-FUR-MK-CFS-PTRE-24,03678-FUR-MK -CFS-PTRE-24,337,FUR-MK,245,Tersedia,Bagus,0.0,inventory/ams/inventoryPhoto/1726800119MEJA_KERJA.jpeg,inventory/ams/assets/uploads/assetsre/ap/1726800119MEJA_KERJA.jpeg,LT,Aset,Corporate,,1,2024-09-20 09:41:59.000,2024-09-20 09:41:59.000,Warna Lainnya
5049,9143,03679-FUR-MK-CFS-PTRE-24,03679-FUR-MK -CFS-PTRE-24,337,FUR-MK,245,Tersedia,Bagus,0.0,inventory/ams/inventoryPhoto/1726800121MEJA_KERJA.jpeg,inventory/ams/assets/uploads/assetsre/ap/1726800121MEJA_KERJA.jpeg,LT,Aset,Corporate,,1,2024-09-20 09:42:01.000,2024-09-20 09:42:01.000,Warna Lainnya
5050,9144,03680-FUR-MK-CFS-PTRE-24,03680-FUR-MK -CFS-PTRE-24,337,FUR-MK,245,Tersedia,Bagus,0.0,inventory/ams/inventoryPhoto/1726800115MEJA_KERJA.jpeg,inventory/ams/assets/uploads/assetsre/ap/1726800115MEJA_KERJA.jpeg,LT,Aset,Corporate,,1,2024-09-20 09:41:55.000,2024-09-20 09:41:55.000,Warna Lainnya
5051,9145,03681-FUR-MK-CFS-PTRE-24,03681-FUR-MK -CFS-PTRE-24,337,FUR-MK,245,Tersedia,Bagus,0.0,inventory/ams/inventoryPhoto/1726800106MEJA_KERJA.jpeg,inventory/ams/assets/uploads/assetsre/ap/1726800106MEJA_KERJA.jpeg,LT,Aset,Corporate,,1,2024-09-20 09:41:46.000,2024-09-20 09:41:46.000,Warna Lainnya
5052,9146,03682-FUR-MK-CFS-PTRE-24,03682-FUR-MK -CFS-PTRE-24,337,FUR-MK,245,Tersedia,Bagus,0.0,inventory/ams/inventoryPhoto/1726799986MEJA_KERJA.jpeg,inventory/ams/assets/uploads/assetsre/ap/1726799986MEJA_KERJA.jpeg,LT,Aset,Corporate,,1,2024-09-20 09:39:46.000,2024-09-20 09:39:46.000,Warna Lainnya
5053,9147,03683-FUR-MK-CFS-PTRE-24,03683-FUR-MK -CFS-PTRE-24,337,FUR-MK,245,Tersedia,Bagus,0.0,inventory/ams/inventoryPhoto/1726799989MEJA_KERJA.jpeg,inventory/ams/assets/uploads/assetsre/ap/1726799989MEJA_KERJA.jpeg,LT,Aset,Corporate,,1,2024-09-20 09:39:49.000,2024-09-20 09:39:49.000,Warna Lainnya
5054,9148,03684-FUR-MK-CFS-PTRE-24,03684-FUR-MK -CFS-PTRE-24,337,FUR-MK,245,Tersedia,Bagus,0.0,inventory/ams/inventoryPhoto/1726799982MEJA_KERJA.jpeg,inventory/ams/assets/uploads/assetsre/ap/1726799982MEJA_KERJA.jpeg,LT,Aset,Corporate,,1,2024-09-20 09:39:42.000,2024-09-20 09:39:42.000,Warna Lainnya
5055,9149,03685-FUR-MK-CFS-PTRE-24,03685-FUR-MK -CFS-PTRE-24,337,FUR-MK,245,Tersedia,Bagus,0.0,inventory/ams/inventoryPhoto/1726799875MEJA_KERJA.jpeg,inventory/ams/assets/uploads/assetsre/ap/1726799875MEJA_KERJA.jpeg,LT,Aset,Corporate,,1,2024-09-20 09:37:55.000,2024-09-20 09:37:55.000,Warna Lainnya
5056,9150,03686-FUR-MK-CFS-PTRE-24,03686-FUR-MK -CFS-PTRE-24,337,FUR-MK,245,Tersedia,Bagus,0.0,inventory/ams/inventoryPhoto/1726799871MEJA_KERJA.jpeg,inventory/ams/assets/uploads/assetsre/ap/1726799871MEJA_KERJA.jpeg,LT,Aset,Corporate,,1,2024-09-20 09:37:51.000,2024-09-20 09:37:51.000,Warna Lainnya
5057,9151,03687-FUR-MK-CFS-PTRE-24,03687-FUR-MK -CFS-PTRE-24,337,FUR-MK,245,Tersedia,Bagus,0.0,inventory/ams/inventoryPhoto/1726799861MEJA_KERJA.jpeg,inventory/ams/assets/uploads/assetsre/ap/1726799861MEJA_KERJA.jpeg,LT,Aset,Corporate,,1,2024-09-20 09:37:41.000,2024-09-20 09:37:41.000,Warna Lainnya
5058,9152,03688-FUR-MK-CFS-PTRE-24,03688-FUR-MK -CFS-PTRE-24,337,FUR-MK,245,Tersedia,Bagus,0.0,inventory/ams/inventoryPhoto/1726799853MEJA_KERJA.jpeg,inventory/ams/assets/uploads/assetsre/ap/1726799853MEJA_KERJA.jpeg,LT,Aset,Corporate,,1,2024-09-20 09:37:33.000,2024-09-20 09:37:33.000,Warna Lainnya
5059,9153,03689-FUR-MK-CFS-PTRE-24,03689-FUR-MK -CFS-PTRE-24,337,FUR-MK,245,Tersedia,Bagus,0.0,inventory/ams/inventoryPhoto/1726799848MEJA_KERJA.jpeg,inventory/ams/assets/uploads/assetsre/ap/1726799848MEJA_KERJA.jpeg,LT,Aset,Corporate,,1,2024-09-20 09:37:28.000,2024-09-20 09:37:28.000,Warna Lainnya
5060,9154,03690-FUR-MK-CFS-PTRE-24,03690-FUR-MK -CFS-PTRE-24,337,FUR-MK,245,Tersedia,Bagus,0.0,inventory/ams/inventoryPhoto/1726799842MEJA_KERJA.jpeg,inventory/ams/assets/uploads/assetsre/ap/1726799842MEJA_KERJA.jpeg,LT,Aset,Corporate,,1,2024-09-20 09:37:22.000,2024-09-20 09:37:22.000,Warna Lainnya
5061,9155,03691-FUR-MK-CFS-PTRE-24,03691-FUR-MK -CFS-PTRE-24,337,FUR-MK,245,Tersedia,Bagus,0.0,inventory/ams/inventoryPhoto/1726799838MEJA_KERJA.jpeg,inventory/ams/assets/uploads/assetsre/ap/1726799838MEJA_KERJA.jpeg,LT,Aset,Corporate,,1,2024-09-20 09:37:18.000,2024-09-20 09:37:18.000,Warna Lainnya
5062,9156,03692-FUR-MK-CFS-PTRE-24,03692-FUR-MK -CFS-PTRE-24,337,FUR-MK,245,Tersedia,Bagus,0.0,inventory/ams/inventoryPhoto/1726799828MEJA_KERJA.jpeg,inventory/ams/assets/uploads/assetsre/ap/1726799828MEJA_KERJA.jpeg,LT,Aset,Corporate,,1,2024-09-20 09:37:08.000,2024-09-20 09:37:08.000,Warna Lainnya
5063,9157,03693-FUR-MK-CFS-PTRE-24,03693-FUR-MK -CFS-PTRE-24,337,FUR-MK,245,Tersedia,Bagus,0.0,inventory/ams/inventoryPhoto/1726799820MEJA_KERJA.jpeg,inventory/ams/assets/uploads/assetsre/ap/1726799820MEJA_KERJA.jpeg,LT,Aset,Corporate,,1,2024-09-20 09:37:00.000,2024-09-20 09:37:00.000,Warna Lainnya
5064,9158,03694-FUR-MK-CFS-PTRE-24,03694-FUR-MK -CFS-PTRE-24,337,FUR-MK,245,Tersedia,Bagus,0.0,inventory/ams/inventoryPhoto/1726799816MEJA_KERJA.jpeg,inventory/ams/assets/uploads/assetsre/ap/1726799816MEJA_KERJA.jpeg,LT,Aset,Corporate,,2,2024-09-20 09:36:56.000,2024-09-20 09:36:56.000,Warna Lainnya
5065,9159,03695-FUR-MK-CFS-PTRE-24,03695-FUR-MK -CFS-PTRE-24,337,FUR-MK,245,Tersedia,Bagus,0.0,inventory/ams/inventoryPhoto/1726799811MEJA_KERJA.jpeg,inventory/ams/assets/uploads/assetsre/ap/1726799811MEJA_KERJA.jpeg,LT,Aset,Corporate,,1,2024-09-20 09:36:51.000,2024-09-20 09:36:51.000,Warna Lainnya
5066,9160,03696-FUR-MK-CFS-PTRE-24,03696-FUR-MK -CFS-PTRE-24,337,FUR-MK,245,Tersedia,Bagus,0.0,inventory/ams/inventoryPhoto/1726799800MEJA_KERJA.jpeg,inventory/ams/assets/uploads/assetsre/ap/1726799800MEJA_KERJA.jpeg,LT,Aset,Corporate,,1,2024-09-20 09:36:40.000,2024-09-20 09:36:40.000,Warna Lainnya
5067,9161,03697-FUR-MK-CFS-PTRE-24,03697-FUR-MK -CFS-PTRE-24,337,FUR-MK,245,Tersedia,Bagus,0.0,inventory/ams/inventoryPhoto/1726799805MEJA_KERJA.jpeg,inventory/ams/assets/uploads/assetsre/ap/1726799805MEJA_KERJA.jpeg,LT,Aset,Corporate,,1,2024-09-20 09:36:45.000,2024-09-20 09:36:45.000,Warna Lainnya
5068,9162,04904-FUR-MK-CFS-PTRE-24,04904-FUR-MK -CFS-PTRE-24,337,FUR-MK,245,Tersedia,Bagus,0.0,inventory/ams/inventoryPhoto/1726799789MEJA_KERJA.jpeg,inventory/ams/assets/uploads/assetsre/ap/1726799789MEJA_KERJA.jpeg,LT,Aset,Corporate,,1,2024-09-20 09:36:29.000,2024-09-20 09:36:29.000,Warna Lainnya
5069,9249,03782-FUR-MK-CFS-PTRE-24,03782-FUR-MK -CFS-PTRE-24,337,FUR-MK,94,Tersedia,Bagus,0.0,inventory/ams/inventoryPhoto/1726799793MEJA_KERJA.jpeg,inventory/ams/assets/uploads/assetsre/ap/1726799793MEJA_KERJA.jpeg,LT,Aset,Corporate,,1,2024-09-20 09:36:33.000,2024-09-20 09:36:33.000,Warna Lainnya
5070,9273,03806-FUR-MK-CFS-PTRE-24,03806-FUR-MK -CFS-PTRE-24,337,FUR-MK,221,Tersedia,Bagus,0.0,inventory/ams/inventoryPhoto/1726799787MEJA_KERJA.jpeg,inventory/ams/assets/uploads/assetsre/ap/1726799787MEJA_KERJA.jpeg,LT,Aset,Corporate,,1,2024-09-20 09:36:27.000,2024-09-20 09:36:27.000,Warna Lainnya
5071,9274,03807-FUR-MK-CFS-PTRE-24,03807-FUR-MK -CFS-PTRE-24,337,FUR-MK,221,Tersedia,Bagus,0.0,inventory/ams/inventoryPhoto/1726799782MEJA_KERJA.jpeg,inventory/ams/assets/uploads/assetsre/ap/1726799782MEJA_KERJA.jpeg,LT,Aset,Corporate,,1,2024-09-20 09:36:22.000,2024-09-20 09:36:22.000,Warna Lainnya
5072,9275,03808-FUR-MK-CFS-PTRE-24,03808-FUR-MK -CFS-PTRE-24,337,FUR-MK,221,Tersedia,Bagus,0.0,inventory/ams/inventoryPhoto/1726799777MEJA_KERJA.jpeg,inventory/ams/assets/uploads/assetsre/ap/1726799777MEJA_KERJA.jpeg,LT,Aset,Corporate,,1,2024-09-20 09:36:17.000,2024-09-20 09:36:17.000,Warna Lainnya
5073,9276,03809-FUR-MK-CFS-PTRE-24,03809-FUR-MK -CFS-PTRE-24,337,FUR-MK,221,Tersedia,Bagus,0.0,inventory/ams/inventoryPhoto/1726799768MEJA_KERJA.jpeg,inventory/ams/assets/uploads/assetsre/ap/1726799768MEJA_KERJA.jpeg,LT,Aset,Corporate,,1,2024-09-20 09:36:08.000,2024-09-20 09:36:08.000,Warna Lainnya
5074,9277,03810-FUR-MK-CFS-PTRE-24,03810-FUR-MK -CFS-PTRE-24,337,FUR-MK,221,Tersedia,Bagus,0.0,inventory/ams/inventoryPhoto/1726799771MEJA_KERJA.jpeg,inventory/ams/assets/uploads/assetsre/ap/1726799771MEJA_KERJA.jpeg,LT,Aset,Corporate,,1,2024-09-20 09:36:11.000,2024-09-20 09:36:11.000,Warna Lainnya
5075,9278,03811-FUR-MK-CFS-PTRE-24,03811-FUR-MK -CFS-PTRE-24,344,FUR-MK,221,Tersedia,Bagus,0.0,inventory/ams/inventoryPhoto/1726799764MEJA_KERJA.jpeg,inventory/ams/assets/uploads/assetsre/ap/1726799764MEJA_KERJA.jpeg,LT,Aset,Corporate,,1,2024-09-20 09:36:04.000,2024-09-20 09:36:04.000,Warna Cream
5076,9279,03812-FUR-MK-CFS-PTRE-24,03812-FUR-MK -CFS-PTRE-24,344,FUR-MK,221,Tersedia,Bagus,0.0,inventory/ams/inventoryPhoto/1726799758MEJA_KERJA1.jpeg,inventory/ams/assets/uploads/assetsre/ap/1726799758MEJA_KERJA1.jpeg,LT,Aset,Corporate,,1,2024-09-20 09:35:58.000,2024-09-20 09:35:58.000,Warna Cream
5077,9294,03827-FUR-MK-CFS-PTRE-24,03827-FUR-MK -CFS-PTRE-24,337,FUR-MK,133,Tersedia,Bagus,0.0,inventory/ams/inventoryPhoto/1726799753MEJA_KERJA.jpeg,inventory/ams/assets/uploads/assetsre/ap/1726799753MEJA_KERJA.jpeg,LT,Aset,Corporate,,1,2025-12-19 15:25:21.000,2025-12-19 15:25:21.000,Warna Lainnya
5078,9295,03828-FUR-MK-CFS-PTRE-24,03828-FUR-MK -CFS-PTRE-24,337,FUR-MK,111,Tersedia,Bagus,0.0,inventory/ams/inventoryPhoto/1726799750MEJA_KERJA.jpeg,inventory/ams/assets/uploads/assetsre/ap/1726799750MEJA_KERJA.jpeg,LT,Aset,Corporate,,1,2025-12-19 15:25:04.000,2025-12-19 15:25:04.000,Warna Lainnya
5079,9296,03829-FUR-MK-CFS-PTRE-24,03829-FUR-MK -CFS-PTRE-24,337,FUR-MK,111,Tersedia,Bagus,0.0,inventory/ams/inventoryPhoto/1726799746MEJA_KERJA.jpeg,inventory/ams/assets/uploads/assetsre/ap/1726799746MEJA_KERJA.jpeg,LT,Aset,Corporate,,1,2025-12-19 15:24:54.000,2025-12-19 15:24:54.000,Warna Lainnya
5080,9297,03830-FUR-MK-CFS-PTRE-24,03830-FUR-MK -CFS-PTRE-24,337,FUR-MK,111,Tersedia,Bagus,0.0,inventory/ams/inventoryPhoto/1726799740MEJA_KERJA.jpeg,inventory/ams/assets/uploads/assetsre/ap/1726799740MEJA_KERJA.jpeg,LT,Aset,Corporate,,1,2025-12-19 15:24:25.000,2025-12-19 15:24:25.000,Warna Lainnya
5081,9332,03865-FUR-MK-CFS-PTRE-24,03865-FUR-MK -CFS-PTRE-24,332,FUR-MK,149,Tersedia,Bagus,0.0,,,LT,Aset,Corporate,,1,2024-08-05 11:49:03.000,2024-08-05 11:49:03.000,
5082,9351,03884-FUR-MK-CFS-PTRE-24,03884-FUR-MK -CFS-PTRE-24,348,FUR-MK,151,Tersedia,Bagus,0.0,inventory/ams/inventoryPhoto/1726801547MEJA_KERJA.jpeg,inventory/ams/assets/uploads/assetsre/ap/1726801547MEJA_KERJA.jpeg,LT,Aset,Corporate,10780,1,2025-11-18 10:19:40.000,2025-11-18 10:19:40.000,Warna Putih
5083,9353,03886-FUR-MK-CFS-PTRE-24,03886-FUR-MK -CFS-PTRE-24,337,FUR-MK,224,Tersedia,Bagus,0.0,,,LT,Aset,Corporate,,1,2026-01-28 18:30:16.000,2026-01-28 18:30:16.000,Warna Lainnya
5084,9365,03899-FUR-MK-CFS-PTRE-24,03899-FUR-MK -CFS-PTRE-24,337,FUR-MK,155,Tersedia,Bagus,0.0,inventory/ams/inventoryPhoto/1726799731MEJA_KERJA.jpeg,inventory/ams/assets/uploads/assetsre/ap/1726799731MEJA_KERJA.jpeg,LT,Aset,Corporate,,1,2024-09-20 09:35:31.000,2024-09-20 09:35:31.000,Warna Lainnya
5085,9402,03940-FUR-MK-CFS-PTRE-24,03940-FUR-MT-CFS-PTRE-24,360,FUR-MK,157,Tersedia,Bagus,0.0,,,LT,Aset,Corporate,,1,2025-11-12 13:31:32.000,2025-11-12 13:31:32.000,
5086,9418,03958-FUR-MK-CFS-PTRE-24,03958-FUR-MK -CFS-PTRE-24,348,FUR-MK,173,Tersedia,Bagus,0.0,inventory/ams/inventoryPhoto/1726830259MEJA_LIPAT.jpeg,inventory/ams/assets/uploads/assetsre/ap/1726830259MEJA_LIPAT.jpeg,LT,Aset,Corporate,10780,1,2025-02-14 11:06:19.000,2025-02-14 11:06:19.000,Warna Putih
5087,9444,03986-FUR-MK-CFS-PTRE-24,03986-FUR-MK -CFS-PTRE-24,337,FUR-MK,104,Tersedia,Bagus,0.0,inventory/ams/inventoryPhoto/1726799694MEJA_KERJA.jpeg,inventory/ams/assets/uploads/assetsre/ap/1726799694MEJA_KERJA.jpeg,LT,Aset,Corporate,,1,2024-09-20 09:34:54.000,2024-09-20 09:34:54.000,Warna Lainnya
5088,10657,04685-FUR-MK-CFS-PTRE-25,04685-FUR-MK-CFS-PTRE-25,337,FUR-MK,225,Tersedia,Bagus,0.0,inventory/ams/inventoryPhoto/1739413171MEJA_KERJA.jpeg,inventory/ams/assets/uploads/assetsre/ap/1739413171MEJA_KERJA.jpeg,LT,Aset,Corporate,,1,2025-02-13 09:22:01.000,2025-02-13 09:22:01.000,Warna Lainnya
5089,10658,04686-FUR-MK-CFS-PTRE-25,04686-FUR-MK-CFS-PTRE-25,337,FUR-MK,225,Tersedia,Bagus,0.0,inventory/ams/inventoryPhoto/1739413212MEJA_KERJA.jpeg,inventory/ams/assets/uploads/assetsre/ap/1739413212MEJA_KERJA.jpeg,LT,Aset,Corporate,,1,2025-02-13 09:20:12.000,2025-02-13 09:20:12.000,Warna Lainnya
5090,10659,04687-FUR-MK-CFS-PTRE-25,04687-FUR-MK-CFS-PTRE-0225,337,FUR-MK,225,Tersedia,Bagus,0.0,inventory/ams/inventoryPhoto/1739413254MEJA_KERJA.jpeg,inventory/ams/assets/uploads/assetsre/ap/1739413254MEJA_KERJA.jpeg,LT,Aset,Corporate,,1,2025-02-13 09:20:54.000,2025-02-13 09:20:54.000,Warna Lainnya
5091,10660,04688-FUR-MK-CFS-PTRE-25,04688-FUR-MK-CFS-PTRE-0225,337,FUR-MK,225,Tersedia,Bagus,0.0,inventory/ams/inventoryPhoto/1739413307MEJA_KERJA.jpeg,inventory/ams/assets/uploads/assetsre/ap/1739413307MEJA_KERJA.jpeg,LT,Aset,Corporate,,1,2025-02-13 09:21:47.000,2025-02-13 09:21:47.000,Warna Lainnya
5092,10674,04704-FUR-MK-CFS-PTRE-25,04704-FUR-MK -CFS-PTRE-25,348,FUR-MK,178,Tersedia,Bagus,0.0,,,LT,Aset,Corporate,,1,2025-02-14 11:14:25.000,2025-02-14 11:14:25.000,Warna Putih
5093,10677,04708-FUR-MK-CFS-PTRE-25,04708-FUR-MK-CFS-PTRE-25,357,FUR-MK,121,Tersedia,Bagus,0.0,,,LT,Aset,Corporate,,1,2025-03-10 10:06:18.000,2025-03-10 10:06:18.000,
5094,10678,04709-FUR-MK-CFS-PTRE-25,04709-FUR-MK-CFS-PTRE-25,357,FUR-MK,121,Tersedia,Bagus,0.0,,,LT,Aset,Corporate,,1,2025-03-10 10:06:11.000,2025-03-10 10:06:11.000,
5095,10679,04710-FUR-MK-CFS-PTRE-25,04710-FUR-MK-CFS-PTRE-25,334,FUR-MK,121,Tersedia,Bagus,0.0,,,LT,Aset,Corporate,,1,2025-02-14 15:20:06.000,2025-02-14 15:20:06.000,Warna Cokelat
5096,10682,04713-FUR-MK-CFS-PTRE-25,04713-FUR-MK-CFS-PTRE-25,337,FUR-MK,121,Tersedia,Bagus,0.0,,,LT,Aset,Corporate,10780,1,2025-04-25 10:17:24.000,2025-04-25 10:17:24.000,Warna Lainnya
5097,10695,04727-FUR-MK-CFS-PTRE-25,04727-FUR-MK-CFS-PTRE-25,337,FUR-MK,232,Tersedia,Bagus,0.0,,,LT,Aset,Corporate,,1,2026-05-29 09:58:33.000,2026-05-29 09:58:33.000,Warna Lainnya
5098,10702,04734-FUR-MK-CFS-PTRE-25,04734-FUR-MK -CFS-PTRE-25,337,FUR-MK,236,Tersedia,Bagus,0.0,,,LT,Aset,Corporate,,1,2025-03-12 08:52:30.000,2025-03-12 08:52:30.000,Warna Lainnya
5099,10703,04735-FUR-MK-CFS-PTRE-25,04735-FUR-MK-CFS-PTRE-25,337,FUR-MK,236,Tersedia,Bagus,0.0,,,LT,Aset,Corporate,,1,2025-03-12 08:53:04.000,2025-03-12 08:53:04.000,Warna Lainnya
5100,10704,04736-FUR-MK-CFS-PTRE-25,04736-FUR-MK-CFS-PTRE-25,337,FUR-MK,236,Tersedia,Bagus,0.0,,,LT,Aset,Corporate,,1,2025-03-12 08:53:36.000,2025-03-12 08:53:36.000,Warna Lainnya
5101,10705,04737-FUR-MK-CFS-PTRE-25,04737-FUR-MK-CFS-PTRE-25,337,FUR-MK,138,Tersedia,Bagus,0.0,,,LT,Aset,Corporate,,1,2025-03-12 13:41:49.000,2025-03-12 13:41:49.000,Warna Lainnya
5102,10706,04738-FUR-MK-CFS-PTRE-25,04738-FUR-MK -CFS-PTRE-25,348,FUR-MK,236,Tersedia,Bagus,0.0,,,LT,Aset,Corporate,,1,2026-05-12 08:30:31.000,2026-05-12 08:30:31.000,Warna Putih
5103,10708,04739-FUR-MK-CFS-PTRE-25,04739-FUR-MK-CFS-PTRE-25,333,FUR-MK,221,Tersedia,Bagus,0.0,,,LT,Aset,Corporate,,1,2025-03-14 09:00:31.000,2025-03-14 09:00:31.000,
5104,10709,04740-FUR-MK-CFS-PTRE-25,04740-FUR-MK -CFS-PTRE-25,337,FUR-MK,221,Tersedia,Bagus,0.0,,,LT,Aset,Corporate,,1,2025-03-14 09:03:52.000,2025-03-14 09:03:52.000,Warna Lainnya
5105,10734,04756-FUR-MK-CFS-PTRE-25,04756-FUR-MK-CFS-PTRE-25,337,FUR-MK,121,Tersedia,Bagus,0.0,,,LT,Aset,Corporate,,1,2025-04-25 09:50:56.000,2025-04-25 09:50:56.000,Warna Lainnya
5106,10735,04757-FUR-MK-CFS-PTRE-25,04757-FUR-MK-CFS-PTRE-25,337,FUR-MK,121,Tersedia,Bagus,0.0,,,LT,Aset,Corporate,,1,2025-04-25 09:53:14.000,2025-04-25 09:53:14.000,Warna Lainnya
5107,10736,04758-FUR-MK-CFS-PTRE-25,04758-FUR-MK-CFS-PTRE-25,337,FUR-MK,121,Tersedia,Bagus,0.0,,,LT,Aset,Corporate,,1,2025-04-25 09:53:57.000,2025-04-25 09:53:57.000,Warna Lainnya
5108,10737,04759-FUR-MK-CFS-PTRE-25,04759-FUR-MK-CFS-PTRE-25,337,FUR-MK,121,Tersedia,Bagus,0.0,,,LT,Aset,Corporate,,1,2025-04-25 09:54:32.000,2025-04-25 09:54:32.000,Warna Lainnya
5109,10738,04760-FUR-MK-CFS-PTRE-25,04760-FUR-MK-CFS-PTRE-25,337,FUR-MK,121,Tersedia,Bagus,0.0,,,LT,Aset,Corporate,,1,2025-04-25 09:55:20.000,2025-04-25 09:55:20.000,Warna Lainnya
5110,10739,04761-FUR-MK-CFS-PTRE-25,04761-FUR-MK-CFS-PTRE-25,337,FUR-MK,121,Tersedia,Bagus,0.0,,,LT,Aset,Corporate,,1,2025-04-25 09:56:21.000,2025-04-25 09:56:21.000,Warna Lainnya
5111,11784,04789-FUR-MK-CFS-PTRE-25,04789-FUR-MK -CFS-PTRE-25,337,FUR-MK,138,Tersedia,Bagus,0.0,,,LT,Aset,Corporate,10780,1,2026-05-29 15:15:38.000,2026-05-29 15:15:38.000,Warna Lainnya
5112,11788,04793-FUR-MK-CFS-PTRE-25,04793-FUR-MK-CFS-PTRE-25,337,FUR-MK,121,Tersedia,Bagus,0.0,,,LT,Aset,Corporate,,1,2025-11-12 10:32:36.000,2025-11-12 10:32:36.000,Warna Lainnya
5113,11789,04794-FUR-MK-CFS-PTRE-25,04794-FUR-MK-CFS-PTRE-25,337,FUR-MK,121,Tersedia,Bagus,0.0,,,LT,Aset,Corporate,,1,2025-11-12 10:32:27.000,2025-11-12 10:32:27.000,Warna Lainnya
5114,11790,04795-FUR-MK-CFS-PTRE-25,04795-FUR-MK-CFS-PTRE-25,337,FUR-MK,121,Tersedia,Bagus,0.0,,,LT,Aset,Corporate,,1,2025-11-12 10:32:17.000,2025-11-12 10:32:17.000,Warna Lainnya
5115,11906,01590-FUR-MK-CFS-PTRE-26,01590-FUR-MK-CFS-PTRE-26,349,FUR-MK,236,Tersedia,Bagus,2200000.0,,,LT,Inventaris,Corporate,,1,2026-07-24 08:37:49.000,2026-07-24 08:37:49.000,
5116,11907,01598-FUR-MK-CFS-PTRE-26,01598-FUR-MK-CFS-PTRE-26,349,FUR-MK,236,Tersedia,Bagus,2200000.0,,,LT,Aset,Corporate,,1,2026-03-09 09:52:39.000,2026-03-09 09:52:39.000,
5117,11908,01597-FUR-MK-CFS-PTRE-26,01597-FUR-MK-CFS-PTRE-26,349,FUR-MK,236,Tersedia,Bagus,2200000.0,,,LT,Aset,Corporate,,1,2026-03-09 09:52:29.000,2026-03-09 09:52:29.000,
5118,11909,01596-FUR-MK-CFS-PTRE-26,01596-FUR-MK-CFS-PTRE-26,349,FUR-MK,236,Tersedia,Bagus,2200000.0,,,LT,Aset,Corporate,,1,2026-03-09 09:52:19.000,2026-03-09 09:52:19.000,
5119,11910,01595-FUR-MK-CFS-PTRE-26,01595-FUR-MK-CFS-PTRE-26,349,FUR-MK,236,Tersedia,Bagus,2200000.0,,,LT,Inventaris,Corporate,,1,2026-07-24 08:37:23.000,2026-07-24 08:37:23.000,
5120,11911,01594-FUR-MK-CFS-PTRE-26,01594-FUR-MK-CFS-PTRE-26,349,FUR-MK,236,Tersedia,Bagus,2200000.0,,,LT,Inventaris,Corporate,,1,2026-07-24 08:37:15.000,2026-07-24 08:37:15.000,
5121,11912,01593-FUR-MK-CFS-PTRE-26,01593-FUR-MK-CFS-PTRE-26,349,FUR-MK,236,Tersedia,Bagus,2200000.0,,,LT,Inventaris,Corporate,,1,2026-07-24 08:37:06.000,2026-07-24 08:37:06.000,
5122,11913,01592-FUR-MK-CFS-PTRE-26,01592-FUR-MK-CFS-PTRE-26,349,FUR-MK,236,Tersedia,Bagus,2200000.0,,,LT,Inventaris,Corporate,10780,1,2026-07-17 08:56:13.000,2026-07-17 08:56:13.000,
5123,11914,01591-FUR-MK-CFS-PTRE-26,01591-FUR-MK-CFS-PTRE-26,349,FUR-MK,236,Tersedia,Bagus,2200000.0,,,LT,Inventaris,Corporate,,1,2026-07-24 08:36:43.000,2026-07-24 08:36:43.000,
5124,11915,01589-FUR-MK-CFS-PTRE-26,01589-FUR-MK-CFS-PTRE-26,349,FUR-MK,236,Tersedia,Bagus,2200000.0,,,LT,Inventaris,Corporate,10780,1,2026-07-17 08:56:05.000,2026-07-17 08:56:05.000,
5125,11943,01625-FUR-MK-CFS-PTRE-26,01625-FUR-MK-CFS-PTRE-26,358,FUR-MK,244,Tersedia,Bagus,0.0,,,LT,Inventaris,Corporate,,1,2026-07-17 08:49:12.000,2026-07-17 08:49:12.000,
5126,12034,04869-FUR-MK-CFS-PTRE-26,04869-FUR-MK -CFS-PTRE-26,342,FUR-MK,225,Tersedia,Bagus,0.0,,,LT,Inventaris,Corporate,,1,2026-09-18 08:38:37.000,2026-09-18 08:38:37.000,
5127,12035,04870-FUR-MK-CFS-PTRE-26,04870-FUR-MK -CFS-PTRE-26,342,FUR-MK,222,Tersedia,Bagus,0.0,,,LT,Inventaris,Corporate,,1,2026-09-18 08:38:56.000,2026-09-18 08:38:56.000,
5128,12044,04873-FUR-MK-CFS-PTRE-26,04873-FUR-MK -CFS-PTRE-26,338,FUR-MK,215,Tersedia,Bagus,1300000.0,,,LT,Inventaris,Corporate,,1,2026-10-02 09:57:11.000,2026-10-02 09:57:11.000,
5129,12045,04874-FUR-MK-CFS-PTRE-26,04874-FUR-MK -CFS-PTRE-26,338,FUR-MK,215,Tersedia,Bagus,1300000.0,,,LT,Inventaris,Corporate,,1,2026-10-02 09:57:34.000,2026-10-02 09:57:34.000,
5130,12046,04875-FUR-MK-CFS-PTRE-26,04875-FUR-MK -CFS-PTRE-26,338,FUR-MK,215,Tersedia,Bagus,1300000.0,,,LT,Inventaris,Corporate,,1,2026-10-02 09:57:56.000,2026-10-02 09:57:56.000,
5131,12047,04876-FUR-MK-CFS-PTRE-26,04876-FUR-MK -CFS-PTRE-26,338,FUR-MK,215,Tersedia,Bagus,1300000.0,,,LT,Inventaris,Corporate,,1,2026-10-02 09:58:22.000,2026-10-02 09:58:22.000,
5132,12048,04877-FUR-MK-CFS-PTRE-26,04877-FUR-MK -CFS-PTRE-26,338,FUR-MK,215,Tersedia,Bagus,1300000.0,,,LT,Inventaris,Corporate,,1,2026-10-02 09:58:44.000,2026-10-02 09:58:44.000,
5133,12049,04878-FUR-MK-CFS-PTRE-26,04878-FUR-MK -CFS-PTRE-26,338,FUR-MK,215,Tersedia,Bagus,1300000.0,,,LT,Inventaris,Corporate,,1,2026-10-02 09:59:01.000,2026-10-02 09:59:01.000,
5134,12050,04879-FUR-MK-CFS-PTRE-26,04879-FUR-MK -CFS-PTRE-26,338,FUR-MK,215,Tersedia,Bagus,1300000.0,,,LT,Inventaris,Corporate,,1,2026-10-02 09:59:14.000,2026-10-02 09:59:14.000,
5135,12051,04880-FUR-MK-CFS-PTRE-26,04880-FUR-MK -CFS-PTRE-26,338,FUR-MK,215,Tersedia,Bagus,1300000.0,,,LT,Inventaris,Corporate,,1,2026-10-02 09:59:31.000,2026-10-02 09:59:31.000,
5136,12052,04881-FUR-MK-CFS-PTRE-26,04881-FUR-MK -CFS-PTRE-26,338,FUR-MK,215,Tersedia,Bagus,1300000.0,,,LT,Aset,Corporate,,1,2026-10-02 09:59:45.000,2026-10-02 09:59:45.000,
5137,12053,04882-FUR-MK-CFS-PTRE-26,04882-FUR-MK -CFS-PTRE-26,338,FUR-MK,215,Tersedia,Bagus,1300000.0,,,LT,Inventaris,Corporate,,1,2026-10-02 10:00:00.000,2026-10-02 10:00:00.000,
5138,12054,04883-FUR-MK-CFS-PTRE-26,04883-FUR-MK -CFS-PTRE-26,338,FUR-MK,215,Tersedia,Bagus,1300000.0,,,LT,Inventaris,Corporate,,1,2026-10-02 10:00:12.000,2026-10-02 10:00:12.000,
