id,ams_asset_id,number,legacy_number,lot_id,subcategory_code,location_id,status,condition,price,image_url,ams_image_url,type,classification,burden,project_id,vendor_id,created_at,updated_at,specification
3966,70,00070-FUR-LC-CFS-PTRE-13,00070-FUR-LK-CFS-PTRE-13,596,FUR-LC,153,Tersedia,Bagus,0.0,inventory/ams/inventoryPhoto/1726199937Laci_Kerja.jpeg,inventory/ams/assets/uploads/assetsre/ap/1726199937Laci_Kerja.jpeg,LT,Aset,Corporate,,65,2024-09-13 10:58:57.000,2024-09-13 10:58:57.000,
3967,71,00071-FUR-LC-CFS-PTRE-13,00071-FUR-LC-CFS-PTRE-13,596,FUR-LC,153,Tersedia,Bagus,0.0,inventory/ams/inventoryPhoto/1726199926Laci_Kerja.jpeg,inventory/ams/assets/uploads/assetsre/ap/1726199926Laci_Kerja.jpeg,LT,Aset,Corporate,,65,2024-09-13 10:58:46.000,2024-09-13 10:58:46.000,
3968,79,00079-FUR-LC-CFS-PTRE-13,00079-FUR-LC-CFS-PTRE-13,596,FUR-LC,153,Tersedia,Bagus,0.0,inventory/ams/inventoryPhoto/1726199930Laci_Kerja.jpeg,inventory/ams/assets/uploads/assetsre/ap/1726199930Laci_Kerja.jpeg,LT,Aset,Corporate,,65,2024-09-13 10:58:50.000,2024-09-13 10:58:50.000,
3969,86,00086-FUR-LC-CFS-PTRE-14,00086-FUR-LC-CFS-PTRE-14,597,FUR-LC,91,Tersedia,Bagus,0.0,,,LT,Aset,Corporate,,1,2024-08-02 11:11:56.000,2024-08-02 11:11:56.000,
3970,88,00088-FUR-LC-CFS-PTRE-14,00088-FUR-KK-CFS-PTRE-14,597,FUR-LC,91,Tersedia,Bagus,0.0,,,LT,Aset,Corporate,,1,2024-08-02 11:11:50.000,2024-08-02 11:11:50.000,
3971,163,00163-FUR-LC-CFS-PTRE-14,00163-FUR-LC-CFS-PTRE-14,598,FUR-LC,103,Tersedia,Bagus,0.0,,,LT,Aset,Corporate,,1,2024-07-26 09:40:07.000,2024-07-26 09:40:07.000,
3972,169,00169-FUR-LC-CFS-PTRE-14,00169-FUR-LC-CFS-PTRE-14,597,FUR-LC,104,Tersedia,Bagus,0.0,,,LT,Aset,Corporate,,65,2024-08-02 13:57:16.000,2024-08-02 13:57:16.000,
3973,176,00176-FUR-LC-CFS-PTRE-14,00176-FUR-LC-CFS-PTRE-14,599,FUR-LC,237,Tersedia,Bagus,0.0,inventory/ams/inventoryPhoto/1726199923Laci_Kerja.jpeg,inventory/ams/assets/uploads/assetsre/ap/1726199923Laci_Kerja.jpeg,LT,Aset,Corporate,10780,79,2025-02-12 14:13:27.000,2025-02-12 14:13:27.000,
3974,183,00183-FUR-LC-CFS-PTRE-14,00183-FUR-LC-CFS-PTRE-14,600,FUR-LC,77,Tidak Aktif,Bagus,0.0,,,LT,Aset,Corporate,,,2017-02-27 00:00:00.000,2024-08-20 13:28:07.000,
3975,289,00289-FUR-LC-CFS-PTRE-14,00289-FUR-LC-CFS-PTRE-14,599,FUR-LC,115,Tidak Aktif,Bagus,0.0,inventory/ams/inventoryPhoto/1726199916Laci_Kerja.jpeg,inventory/ams/assets/uploads/assetsre/ap/1726199916Laci_Kerja.jpeg,LT,Aset,Corporate,,79,2024-09-13 10:58:36.000,2025-02-13 09:03:24.000,
3976,290,00290-FUR-LC-CFS-PTRE-14,00290-FUR-LC-CFS-PTRE-14,598,FUR-LC,115,Tidak Aktif,Bagus,0.0,inventory/ams/inventoryPhoto/1726199910Laci_Kerja.jpeg,inventory/ams/assets/uploads/assetsre/ap/1726199910Laci_Kerja.jpeg,LT,Aset,Corporate,,79,2024-09-13 10:58:30.000,2025-02-13 09:03:28.000,
3977,291,00291-FUR-LC-CFS-PTRE-14,00291-FUR-LC-CFS-PTRE-14,598,FUR-LC,115,Tidak Aktif,Bagus,0.0,inventory/ams/inventoryPhoto/1726199907Laci_Kerja.jpeg,inventory/ams/assets/uploads/assetsre/ap/1726199907Laci_Kerja.jpeg,LT,Aset,Corporate,,79,2024-09-13 10:58:27.000,2025-02-13 09:03:33.000,
3978,292,00292-FUR-LC-CFS-PTRE-14,00292-ACC-LC-CFS-PTRE-14,598,FUR-LC,115,Tidak Aktif,Bagus,0.0,inventory/ams/inventoryPhoto/1726199901Laci_Kerja.jpeg,inventory/ams/assets/uploads/assetsre/ap/1726199901Laci_Kerja.jpeg,LT,Aset,Corporate,,79,2024-09-13 10:58:21.000,2025-02-13 09:03:39.000,
3979,293,00293-FUR-LC-CFS-PTRE-14,00293-ACC-LC-CFS-PTRE-14,598,FUR-LC,115,Tersedia,Bagus,0.0,inventory/ams/inventoryPhoto/1726199897Laci_Kerja.jpeg,inventory/ams/assets/uploads/assetsre/ap/1726199897Laci_Kerja.jpeg,LT,Aset,Corporate,,79,2024-09-13 10:58:17.000,2024-09-13 10:58:17.000,
3980,321,00321-FUR-LC-CFS-PTRE-12,00321-FUR-LC-CFS-PTRE-12,596,FUR-LC,222,Tersedia,Bagus,0.0,inventory/ams/inventoryPhoto/1714100061WhatsApp_Image_2024-04-23_at_19_04_06.jpeg,inventory/ams/assets/uploads/assetsre/ap/1714100061WhatsApp_Image_2024-04-23_at_19_04_06.jpeg,LT,Aset,Corporate,,79,2024-04-26 09:54:21.000,2024-04-26 09:54:21.000,
3981,322,00322-FUR-LC-CFS-PTRE-12,00322-FUR-LC-CFS-PTRE-12,596,FUR-LC,222,Tersedia,Bagus,0.0,inventory/ams/inventoryPhoto/1714100151WhatsApp_Image_2024-04-23_at_19_04_06.jpeg,inventory/ams/assets/uploads/assetsre/ap/1714100151WhatsApp_Image_2024-04-23_at_19_04_06.jpeg,LT,Aset,Corporate,,79,2024-04-26 09:55:51.000,2024-04-26 09:55:51.000,
3982,323,00323-FUR-LC-CFS-PTRE-12,00323-FUR-LC-CFS-PTRE-12,596,FUR-LC,222,Tersedia,Bagus,0.0,inventory/ams/inventoryPhoto/1714100247WhatsApp_Image_2024-04-23_at_19_04_06.jpeg,inventory/ams/assets/uploads/assetsre/ap/1714100247WhatsApp_Image_2024-04-23_at_19_04_06.jpeg,LT,Aset,Corporate,,79,2024-04-26 10:12:00.000,2024-04-26 10:12:00.000,
3983,379,00379-FUR-LC-CFS-PTRE-14,00379-FUR-KK-CFS-PTRE-14,601,FUR-LC,156,Tersedia,Bagus,0.0,inventory/ams/inventoryPhoto/1601863596Kursi_Kerja_Hitam.jpg,inventory/ams/assets/uploads/assetsre/ap/1601863596Kursi_Kerja_Hitam.jpg,LT,Aset,Corporate,,65,2024-08-01 11:43:12.000,2024-08-01 11:43:12.000,
3984,383,00383-FUR-LC-CFS-PTRE-14,00383-FUR-KK-CFS-PTRE-14,602,FUR-LC,157,Tersedia,Bagus,0.0,inventory/ams/inventoryPhoto/1726199879Laci_Kerja.jpeg,inventory/ams/assets/uploads/assetsre/ap/1726199879Laci_Kerja.jpeg,LT,Aset,Corporate,,65,2024-09-13 10:57:59.000,2024-09-13 10:57:59.000,
3985,384,00384-FUR-LC-CFS-PTRE-13,00384-FUR-LC-CFS-PTRE-13,598,FUR-LC,121,Tersedia,Bagus,0.0,inventory/ams/inventoryPhoto/1726199886Laci_Kerja.jpeg,inventory/ams/assets/uploads/assetsre/ap/1726199886Laci_Kerja.jpeg,LT,Aset,Corporate,,65,2025-10-31 10:51:39.000,2025-10-31 10:51:39.000,
3986,385,00385-FUR-LC-CFS-PTRE-13,00385-FUR-LC-CFS-PTRE-13,598,FUR-LC,117,Tersedia,Bagus,0.0,inventory/ams/inventoryPhoto/1726199876Laci_Kerja.jpeg,inventory/ams/assets/uploads/assetsre/ap/1726199876Laci_Kerja.jpeg,LT,Aset,Corporate,,1,2024-09-13 10:57:56.000,2024-09-13 10:57:56.000,
3987,386,00386-FUR-LC-CFS-PTRE-13,00386-FUR-LC-CFS-PTRE-13,598,FUR-LC,117,Tersedia,Bagus,0.0,inventory/ams/inventoryPhoto/1726199867Laci_Kerja.jpeg,inventory/ams/assets/uploads/assetsre/ap/1726199867Laci_Kerja.jpeg,LT,Aset,Corporate,,1,2024-09-13 10:57:47.000,2024-09-13 10:57:47.000,
3988,387,00387-FUR-LC-CFS-PTRE-13,00387-FUR-LC-CFS-PTRE-13,598,FUR-LC,117,Tersedia,Bagus,0.0,inventory/ams/inventoryPhoto/1726199870Laci_Kerja.jpeg,inventory/ams/assets/uploads/assetsre/ap/1726199870Laci_Kerja.jpeg,LT,Aset,Corporate,,1,2024-09-13 10:57:50.000,2024-09-13 10:57:50.000,
3989,390,00390-FUR-LC-CFS-PTRE-13,00390-FUR-LC-CFS-PTRE-13,598,FUR-LC,117,Tersedia,Bagus,0.0,inventory/ams/inventoryPhoto/1726199863Laci_Kerja.jpeg,inventory/ams/assets/uploads/assetsre/ap/1726199863Laci_Kerja.jpeg,LT,Aset,Corporate,,1,2024-09-13 10:57:43.000,2024-09-13 10:57:43.000,
3990,391,00391-FUR-LC-CFS-PTRE-13,00391-FUR-LC-CFS-PTRE-13,598,FUR-LC,117,Tersedia,Bagus,0.0,inventory/ams/inventoryPhoto/1726199857Laci_Kerja.jpeg,inventory/ams/assets/uploads/assetsre/ap/1726199857Laci_Kerja.jpeg,LT,Aset,Corporate,,1,2024-09-13 10:57:37.000,2024-09-13 10:57:37.000,
3991,392,00392-FUR-LC-CFS-PTRE-13,00392-FUR-LC-CFS-PTRE-13,598,FUR-LC,117,Tersedia,Bagus,0.0,inventory/ams/inventoryPhoto/1726199854Laci_Kerja.jpeg,inventory/ams/assets/uploads/assetsre/ap/1726199854Laci_Kerja.jpeg,LT,Aset,Corporate,,1,2024-09-13 10:57:34.000,2024-09-13 10:57:34.000,
3992,393,00393-FUR-LC-CFS-PTRE-13,00393-FUR-LC-CFS-PTRE-13,598,FUR-LC,117,Tersedia,Bagus,0.0,inventory/ams/inventoryPhoto/1726199850Laci_Kerja.jpeg,inventory/ams/assets/uploads/assetsre/ap/1726199850Laci_Kerja.jpeg,LT,Aset,Corporate,,1,2024-09-13 10:57:30.000,2024-09-13 10:57:30.000,
3993,394,00394-FUR-LC-CFS-PTRE-13,00394-FUR-LC-CFS-PTRE-13,598,FUR-LC,117,Tersedia,Bagus,0.0,inventory/ams/inventoryPhoto/1726199840Laci_Kerja.jpeg,inventory/ams/assets/uploads/assetsre/ap/1726199840Laci_Kerja.jpeg,LT,Aset,Corporate,,1,2024-09-13 10:57:20.000,2024-09-13 10:57:20.000,
3994,395,00395-FUR-LC-CFS-PTRE-13,00395-FUR-LC-CFS-PTRE-13,598,FUR-LC,117,Tersedia,Bagus,0.0,inventory/ams/inventoryPhoto/1726199846Laci_Kerja.jpeg,inventory/ams/assets/uploads/assetsre/ap/1726199846Laci_Kerja.jpeg,LT,Aset,Corporate,,1,2024-09-13 10:57:26.000,2024-09-13 10:57:26.000,
3995,396,00396-FUR-LC-CFS-PTRE-13,00396-FUR-LC-CFS-PTRE-13,598,FUR-LC,117,Tersedia,Bagus,0.0,inventory/ams/inventoryPhoto/1726199835Laci_Kerja.jpeg,inventory/ams/assets/uploads/assetsre/ap/1726199835Laci_Kerja.jpeg,LT,Aset,Corporate,,1,2024-09-13 10:57:15.000,2024-09-13 10:57:15.000,
3996,468,00468-FUR-LC-CFS-PTRE-14,00468-FUR-LC-CFS-PTRE-14,599,FUR-LC,118,Tersedia,Bagus,0.0,,,LT,Aset,Corporate,,65,2024-07-30 15:24:36.000,2024-07-30 15:24:36.000,
3997,469,00469-FUR-LC-CFS-PTRE-14,00469-FUR-LC-CFS-PTRE-14,599,FUR-LC,118,Tersedia,Bagus,0.0,,,LT,Aset,Corporate,,65,2024-07-30 15:24:47.000,2024-07-30 15:24:47.000,
3998,470,00470-FUR-LC-CFS-PTRE-14,00470-FUR-LC-CFS-PTRE-14,599,FUR-LC,118,Tersedia,Bagus,0.0,,,LT,Aset,Corporate,,65,2024-07-30 15:22:42.000,2024-07-30 15:22:42.000,
3999,471,00471-FUR-LC-CFS-PTRE-14,00471-FUR-LC-CFS-PTRE-14,598,FUR-LC,118,Tersedia,Bagus,0.0,,,LT,Aset,Corporate,,65,2024-07-30 15:24:30.000,2024-07-30 15:24:30.000,
4000,472,00472-FUR-LC-CFS-PTRE-14,00472-FUR-LC-CFS-PTRE-14,598,FUR-LC,118,Tersedia,Bagus,0.0,,,LT,Aset,Corporate,,65,2024-07-30 15:22:21.000,2024-07-30 15:22:21.000,
4001,473,00473-FUR-LC-CFS-PTRE-14,00473-FUR-LC-CFS-PTRE-14,598,FUR-LC,118,Tersedia,Bagus,0.0,,,LT,Aset,Corporate,,65,2024-07-30 15:22:27.000,2024-07-30 15:22:27.000,
4002,474,00474-FUR-LC-CFS-PTRE-14,00474-FUR-LC-CFS-PTRE-14,598,FUR-LC,118,Tersedia,Bagus,0.0,,,LT,Aset,Corporate,,65,2024-07-30 15:24:24.000,2024-07-30 15:24:24.000,
4003,475,00475-FUR-LC-CFS-PTRE-14,00475-FUR-LC-CFS-PTRE-14,598,FUR-LC,118,Tersedia,Bagus,0.0,,,LT,Aset,Corporate,,65,2024-07-30 15:22:48.000,2024-07-30 15:22:48.000,
4004,476,00476-FUR-LC-CFS-PTRE-14,00476-FUR-LC-CFS-PTRE-14,598,FUR-LC,118,Tersedia,Bagus,0.0,,,LT,Aset,Corporate,,65,2024-07-30 15:22:15.000,2024-07-30 15:22:15.000,
4005,477,00477-FUR-LC-CFS-PTRE-14,00477-FUR-LC-CFS-PTRE-14,598,FUR-LC,118,Tersedia,Bagus,0.0,,,LT,Aset,Corporate,,65,2024-07-30 15:21:57.000,2024-07-30 15:21:57.000,
4006,478,00478-FUR-LC-CFS-PTRE-14,00478-FUR-LC-CFS-PTRE-14,598,FUR-LC,118,Tersedia,Bagus,0.0,,,LT,Aset,Corporate,,65,2024-07-30 15:22:34.000,2024-07-30 15:22:34.000,
4007,479,00479-FUR-LC-CFS-PTRE-14,00479-FUR-LC-CFS-PTRE-14,598,FUR-LC,118,Tersedia,Bagus,0.0,,,LT,Aset,Corporate,,1,2024-07-30 15:21:46.000,2024-07-30 15:21:46.000,
4008,480,00480-FUR-LC-CFS-PTRE-14,00480-FUR-KKL-CFS-PTRE-14,598,FUR-LC,118,Tersedia,Bagus,0.0,,,LT,Aset,Corporate,,65,2024-07-30 15:22:09.000,2024-07-30 15:22:09.000,
4009,481,00481-FUR-LC-CFS-PTRE-14,00481-FUR-KKL-CFS-PTRE-14,598,FUR-LC,118,Tersedia,Bagus,0.0,,,LT,Aset,Corporate,,65,2024-07-30 15:22:03.000,2024-07-30 15:22:03.000,
4010,482,00482-FUR-LC-CFS-PTRE-14,00482-FUR-LC-CFS-PTRE-14,598,FUR-LC,118,Tersedia,Bagus,0.0,,,LT,Aset,Corporate,,1,2024-07-30 15:21:28.000,2024-07-30 15:21:28.000,
4011,483,00483-FUR-LC-CFS-PTRE-14,00483-FUR-LC-CFS-PTRE-14,598,FUR-LC,118,Tersedia,Bagus,0.0,,,LT,Aset,Corporate,,1,2024-07-30 15:21:22.000,2024-07-30 15:21:22.000,
4012,484,00484-FUR-LC-CFS-PTRE-14,00484-FUR-LC-CFS-PTRE-14,598,FUR-LC,118,Tersedia,Bagus,0.0,,,LT,Aset,Corporate,,1,2024-07-30 15:21:34.000,2024-07-30 15:21:34.000,
4013,485,00485-FUR-LC-CFS-PTRE-14,00485-FUR-LC-CFS-PTRE-14,598,FUR-LC,118,Tersedia,Bagus,0.0,,,LT,Aset,Corporate,,65,2024-07-30 15:24:14.000,2024-07-30 15:24:14.000,
4014,486,00486-FUR-LC-CFS-PTRE-14,00486-FUR-LC-CFS-PTRE-14,598,FUR-LC,118,Tersedia,Bagus,0.0,,,LT,Aset,Corporate,,1,2024-07-30 15:21:40.000,2024-07-30 15:21:40.000,
4015,487,00487-FUR-LC-CFS-PTRE-14,00487-FUR-LC-CFS-PTRE-14,598,FUR-LC,118,Tersedia,Bagus,0.0,,,LT,Aset,Corporate,,1,2024-07-30 15:21:10.000,2024-07-30 15:21:10.000,
4016,561,00561-FUR-LC-CFS-PTRE-14,00561-FUR-LC-CFS-PTRE-14,596,FUR-LC,165,Tidak Aktif,Bagus,0.0,inventory/ams/inventoryPhoto/1603354049LACI_KERJA.jpg,inventory/ams/assets/uploads/assetsre/ap/1603354049LACI_KERJA.jpg,LT,Aset,Corporate,,65,2020-10-22 15:07:29.000,2024-07-31 14:44:10.000,
4017,570,00570-FUR-LC-CFS-PTRE-14,00570-FUR-LC-CFS-PTRE-14,597,FUR-LC,120,Tidak Aktif,Bagus,0.0,inventory/ams/inventoryPhoto/1726199831Laci_Kerja.jpeg,inventory/ams/assets/uploads/assetsre/ap/1726199831Laci_Kerja.jpeg,LT,Aset,Corporate,,1,2024-09-13 10:57:11.000,2025-02-14 15:25:07.000,
4018,571,00571-FUR-LC-CFS-PTRE-14,00571-FUR-LC-CFS-PTRE-14,598,FUR-LC,121,Tersedia,Bagus,0.0,inventory/ams/inventoryPhoto/1726199827Laci_Kerja.jpeg,inventory/ams/assets/uploads/assetsre/ap/1726199827Laci_Kerja.jpeg,LT,Aset,Corporate,10780,1,2025-04-25 10:20:41.000,2025-04-25 10:20:41.000,
4019,572,00572-FUR-LC-CFS-PTRE-14,00572-FUR-LC-CFS-PTRE-14,598,FUR-LC,121,Tersedia,Bagus,0.0,inventory/ams/inventoryPhoto/1726199815Laci_Kerja.jpeg,inventory/ams/assets/uploads/assetsre/ap/1726199815Laci_Kerja.jpeg,LT,Aset,Corporate,10780,1,2025-04-25 10:22:36.000,2025-04-25 10:22:36.000,
4020,573,00573-FUR-LC-CFS-PTRE-14,00573-FUR-LC-CFS-PTRE-14,598,FUR-LC,121,Tersedia,Bagus,0.0,inventory/ams/inventoryPhoto/1726199818Laci_Kerja.jpeg,inventory/ams/assets/uploads/assetsre/ap/1726199818Laci_Kerja.jpeg,LT,Aset,Corporate,10780,1,2025-04-25 10:21:21.000,2025-04-25 10:21:21.000,
4021,575,00575-FUR-LC-CFS-PTRE-14,00575-FUR-LC-CFS-PTRE-14,598,FUR-LC,121,Tersedia,Bagus,0.0,inventory/ams/inventoryPhoto/1726199822Laci_Kerja.jpeg,inventory/ams/assets/uploads/assetsre/ap/1726199822Laci_Kerja.jpeg,LT,Aset,Corporate,10780,1,2025-04-25 10:20:05.000,2025-04-25 10:20:05.000,
4022,576,00576-FUR-LC-CFS-PTRE-14,00576-FUR-LC-CFS-PTRE-14,598,FUR-LC,121,Tersedia,Bagus,0.0,inventory/ams/inventoryPhoto/1726199803Laci_Kerja.jpeg,inventory/ams/assets/uploads/assetsre/ap/1726199803Laci_Kerja.jpeg,LT,Aset,Corporate,10780,1,2025-04-25 10:20:13.000,2025-04-25 10:20:13.000,
4023,577,00577-FUR-LC-CFS-PTRE-14,00577-FUR-LC-CFS-PTRE-14,598,FUR-LC,121,Tersedia,Bagus,0.0,inventory/ams/inventoryPhoto/1726199807Laci_Kerja.jpeg,inventory/ams/assets/uploads/assetsre/ap/1726199807Laci_Kerja.jpeg,LT,Aset,Corporate,10780,1,2025-04-25 10:21:12.000,2025-04-25 10:21:12.000,
4024,578,00578-FUR-LC-CFS-PTRE-14,00578-FUR-LC-CFS-PTRE-14,598,FUR-LC,121,Tersedia,Bagus,0.0,inventory/ams/inventoryPhoto/1726199798Laci_Kerja.jpeg,inventory/ams/assets/uploads/assetsre/ap/1726199798Laci_Kerja.jpeg,LT,Aset,Corporate,10780,1,2025-04-25 10:19:46.000,2025-04-25 10:19:46.000,
4025,579,00579-FUR-LC-CFS-PTRE-14,00579-FUR-LC-CFS-PTRE-14,598,FUR-LC,121,Tersedia,Bagus,0.0,inventory/ams/inventoryPhoto/1726199786Laci_Kerja.jpeg,inventory/ams/assets/uploads/assetsre/ap/1726199786Laci_Kerja.jpeg,LT,Aset,Corporate,10780,1,2025-04-25 10:19:38.000,2025-04-25 10:19:38.000,
4026,581,00581-FUR-LC-CFS-PTRE-14,00581-FUR-LC-CFS-PTRE-14,598,FUR-LC,120,Tersedia,Bagus,0.0,,,LT,Aset,Corporate,,65,2024-07-26 14:37:45.000,2024-07-26 14:37:45.000,
4027,582,00582-FUR-LC-CFS-PTRE-14,00582-FUR-LC-CFS-PTRE-14,598,FUR-LC,121,Tersedia,Bagus,0.0,inventory/ams/inventoryPhoto/1726199780Laci_Kerja.jpeg,inventory/ams/assets/uploads/assetsre/ap/1726199780Laci_Kerja.jpeg,LT,Aset,Corporate,10780,1,2025-04-25 10:20:24.000,2025-04-25 10:20:24.000,
4028,583,00583-FUR-LC-CFS-PTRE-14,00583-FUR-LC-CFS-PTRE-14,598,FUR-LC,121,Tersedia,Bagus,0.0,inventory/ams/inventoryPhoto/1726199776Laci_Kerja.jpeg,inventory/ams/assets/uploads/assetsre/ap/1726199776Laci_Kerja.jpeg,LT,Aset,Corporate,10780,1,2025-04-25 10:19:31.000,2025-04-25 10:19:31.000,
4029,640,00640-FUR-LC-CFS-PTRE-12,00640-FUR-LC-CFS-PTRE-12,597,FUR-LC,121,Tersedia,Bagus,0.0,,,LT,Aset,Corporate,,65,2024-07-26 15:17:57.000,2024-07-26 15:17:57.000,
4030,641,00641-FUR-LC-CFS-PTRE-12,00641-FUR-LC-CFS-PTRE-12,597,FUR-LC,121,Tersedia,Bagus,0.0,inventory/ams/inventoryPhoto/1726199767Laci_Kerja.jpeg,inventory/ams/assets/uploads/assetsre/ap/1726199767Laci_Kerja.jpeg,LT,Aset,Corporate,,1,2024-09-13 10:56:07.000,2024-09-13 10:56:07.000,
4031,642,00642-FUR-LC-CFS-PTRE-12,00642-FUR-LC-CFS-PTRE-12,597,FUR-LC,121,Tersedia,Bagus,0.0,,,LT,Aset,Corporate,,65,2024-07-26 15:17:50.000,2024-07-26 15:17:50.000,
4032,643,00643-FUR-LC-CFS-PTRE-12,00643-FUR-LC-CFS-PTRE-12,597,FUR-LC,121,Tersedia,Bagus,0.0,,,LT,Aset,Corporate,,65,2024-07-26 15:18:20.000,2024-07-26 15:18:20.000,
4033,644,00644-FUR-LC-CFS-PTRE-14,00644-FUR-LC-CFS-PTRE-14,598,FUR-LC,121,Tersedia,Bagus,0.0,,,LT,Aset,Corporate,,65,2024-07-26 15:17:44.000,2024-07-26 15:17:44.000,
4034,645,00645-FUR-LC-CFS-PTRE-14,00645-FUR-LC-CFS-PTRE-14,598,FUR-LC,121,Tersedia,Bagus,0.0,inventory/ams/inventoryPhoto/1726199763Laci_Kerja.jpeg,inventory/ams/assets/uploads/assetsre/ap/1726199763Laci_Kerja.jpeg,LT,Aset,Corporate,,1,2024-09-13 10:56:03.000,2024-09-13 10:56:03.000,
4035,646,00646-FUR-LC-CFS-PTRE-14,00646-FUR-LC-CFS-PTRE-14,598,FUR-LC,121,Tersedia,Bagus,0.0,,,LT,Aset,Corporate,,65,2024-07-26 15:18:11.000,2024-07-26 15:18:11.000,
4036,647,00647-FUR-LC-CFS-PTRE-14,00647-FUR-LC-CFS-PTRE-14,598,FUR-LC,121,Tersedia,Bagus,0.0,,,LT,Aset,Corporate,,65,2024-07-26 15:17:20.000,2024-07-26 15:17:20.000,
4037,648,00648-FUR-LC-CFS-PTRE-14,00648-FUR-LC-CFS-PTRE-14,598,FUR-LC,121,Tersedia,Bagus,0.0,,,LT,Aset,Corporate,,65,2024-07-26 15:17:14.000,2024-07-26 15:17:14.000,
4038,649,00649-FUR-LC-CFS-PTRE-14,00649-FUR-LC-CFS-PTRE-14,598,FUR-LC,121,Tersedia,Bagus,0.0,,,LT,Aset,Corporate,,65,2024-07-26 15:17:37.000,2024-07-26 15:17:37.000,
4039,651,00651-FUR-LC-CFS-PTRE-14,00651-FUR-LC-CFS-PTRE-14,598,FUR-LC,121,Tersedia,Bagus,0.0,,,LT,Aset,Corporate,,65,2024-07-26 15:17:07.000,2024-07-26 15:17:07.000,
4040,652,00652-FUR-LC-CFS-PTRE-14,00652-FUR-LC-CFS-PTRE-14,598,FUR-LC,121,Tersedia,Bagus,0.0,,,LT,Aset,Corporate,,65,2024-07-26 15:17:26.000,2024-07-26 15:17:26.000,
4041,653,00653-FUR-LC-CFS-PTRE-14,00653-FUR-LC-CFS-PTRE-14,598,FUR-LC,121,Tersedia,Bagus,0.0,,,LT,Aset,Corporate,,65,2024-07-26 15:18:40.000,2024-07-26 15:18:40.000,
4042,654,00654-FUR-LC-CFS-PTRE-14,00654-FUR-LC-CFS-PTRE-14,598,FUR-LC,121,Tersedia,Bagus,0.0,inventory/ams/inventoryPhoto/1726199772Laci_Kerja.jpeg,inventory/ams/assets/uploads/assetsre/ap/1726199772Laci_Kerja.jpeg,LT,Aset,Corporate,,1,2024-09-13 10:56:12.000,2024-09-13 10:56:12.000,
4043,655,00655-FUR-LC-CFS-PTRE-14,00655-FUR-LC-CFS-PTRE-14,598,FUR-LC,121,Tersedia,Bagus,0.0,inventory/ams/inventoryPhoto/1726199760Laci_Kerja.jpeg,inventory/ams/assets/uploads/assetsre/ap/1726199760Laci_Kerja.jpeg,LT,Aset,Corporate,,1,2024-09-13 10:56:00.000,2024-09-13 10:56:00.000,
4044,656,00656-FUR-LC-CFS-PTRE-14,00656-FUR-LC-CFS-PTRE-14,598,FUR-LC,121,Tersedia,Bagus,0.0,inventory/ams/inventoryPhoto/1726199753Laci_Kerja.jpeg,inventory/ams/assets/uploads/assetsre/ap/1726199753Laci_Kerja.jpeg,LT,Aset,Corporate,,1,2024-09-13 10:55:53.000,2024-09-13 10:55:53.000,
4045,657,00657-FUR-LC-CFS-PTRE-14,00657-FUR-LC-CFS-PTRE-14,598,FUR-LC,121,Tersedia,Bagus,0.0,inventory/ams/inventoryPhoto/1726199746Laci_Kerja.jpeg,inventory/ams/assets/uploads/assetsre/ap/1726199746Laci_Kerja.jpeg,LT,Aset,Corporate,,1,2024-09-13 10:55:46.000,2024-09-13 10:55:46.000,
4046,658,00658-FUR-LC-CFS-PTRE-14,00658-FUR-LC-CFS-PTRE-14,598,FUR-LC,121,Tersedia,Bagus,0.0,inventory/ams/inventoryPhoto/1726199750Laci_Kerja.jpeg,inventory/ams/assets/uploads/assetsre/ap/1726199750Laci_Kerja.jpeg,LT,Aset,Corporate,,1,2024-09-13 10:55:50.000,2024-09-13 10:55:50.000,
4047,660,00660-FUR-LC-CFS-PTRE-14,00660-FUR-LC-CFS-PTRE-14,598,FUR-LC,121,Tersedia,Bagus,0.0,inventory/ams/inventoryPhoto/1726199743Laci_Kerja.jpeg,inventory/ams/assets/uploads/assetsre/ap/1726199743Laci_Kerja.jpeg,LT,Aset,Corporate,,1,2024-09-13 10:55:43.000,2024-09-13 10:55:43.000,
4048,661,00661-FUR-LC-CFS-PTRE-14,00661-FUR-LC-CFS-PTRE-14,598,FUR-LC,121,Tersedia,Bagus,0.0,inventory/ams/inventoryPhoto/1726199738Laci_Kerja.jpeg,inventory/ams/assets/uploads/assetsre/ap/1726199738Laci_Kerja.jpeg,LT,Aset,Corporate,,1,2024-09-13 10:55:38.000,2024-09-13 10:55:38.000,
4049,662,00662-FUR-LC-CFS-PTRE-14,00662-FUR-LC-CFS-PTRE-14,598,FUR-LC,121,Tersedia,Bagus,0.0,inventory/ams/inventoryPhoto/1726199727Laci_Kerja.jpeg,inventory/ams/assets/uploads/assetsre/ap/1726199727Laci_Kerja.jpeg,LT,Aset,Corporate,,1,2024-09-13 10:55:27.000,2024-09-13 10:55:27.000,
4050,663,00663-FUR-LC-CFS-PTRE-14,00663-FUR-LC-CFS-PTRE-14,598,FUR-LC,121,Tersedia,Bagus,0.0,inventory/ams/inventoryPhoto/1726199734Laci_Kerja.jpeg,inventory/ams/assets/uploads/assetsre/ap/1726199734Laci_Kerja.jpeg,LT,Aset,Corporate,,1,2024-09-13 10:55:34.000,2024-09-13 10:55:34.000,
4051,664,00664-FUR-LC-CFS-PTRE-14,00664-FUR-LC-CFS-PTRE-14,598,FUR-LC,121,Tersedia,Bagus,0.0,inventory/ams/inventoryPhoto/1726199723Laci_Kerja.jpeg,inventory/ams/assets/uploads/assetsre/ap/1726199723Laci_Kerja.jpeg,LT,Aset,Corporate,,1,2024-09-13 10:55:23.000,2024-09-13 10:55:23.000,
4052,665,00665-FUR-LC-CFS-PTRE-14,00665-FUR-LC-CFS-PTRE-14,598,FUR-LC,121,Tersedia,Bagus,0.0,inventory/ams/inventoryPhoto/1726199718Laci_Kerja.jpeg,inventory/ams/assets/uploads/assetsre/ap/1726199718Laci_Kerja.jpeg,LT,Aset,Corporate,,1,2024-09-13 10:55:18.000,2024-09-13 10:55:18.000,
4053,666,00666-FUR-LC-CFS-PTRE-14,00666-FUR-LC-CFS-PTRE-14,598,FUR-LC,121,Tersedia,Bagus,0.0,inventory/ams/inventoryPhoto/1726199714Laci_Kerja1.jpeg,inventory/ams/assets/uploads/assetsre/ap/1726199714Laci_Kerja1.jpeg,LT,Aset,Corporate,,1,2024-09-13 10:55:14.000,2024-09-13 10:55:14.000,
4054,667,00667-FUR-LC-CFS-PTRE-14,00667-FUR-LC-CFS-PTRE-14,598,FUR-LC,121,Tersedia,Bagus,0.0,inventory/ams/inventoryPhoto/1726199711Laci_Kerja.jpeg,inventory/ams/assets/uploads/assetsre/ap/1726199711Laci_Kerja.jpeg,LT,Aset,Corporate,,1,2024-09-13 10:55:11.000,2024-09-13 10:55:11.000,
4055,695,00695-FUR-LC-CFS-PTRE-12,00695-FUR-LC-CFS-PTRE-12,597,FUR-LC,39,Tidak Aktif,Bagus,0.0,,,LT,Aset,Corporate,,,2017-02-27 00:00:00.000,2024-08-20 13:28:07.000,
4056,696,00696-FUR-LC-CFS-PTRE-12,00696-FUR-LC-CFS-PTRE-12,598,FUR-LC,39,Tidak Aktif,Bagus,0.0,,,LT,Aset,Corporate,,,2017-02-27 00:00:00.000,2024-08-20 13:28:07.000,
4057,886,00886-FUR-LC-CFS-PTRE-16,00886-FUR-LC-CFS-PTRE-16,603,FUR-LC,134,Tidak Aktif,Bagus,0.0,,,LT,Aset,Corporate,,,2017-02-27 00:00:00.000,2024-08-08 13:46:02.000,
4058,887,00887-FUR-LC-CFS-PTRE-16,00887-FUR-LC-CFS-PTRE-16,603,FUR-LC,134,Tidak Aktif,Bagus,0.0,,,LT,Aset,Corporate,,,2017-02-27 00:00:00.000,2024-08-08 13:46:02.000,
4059,888,00888-FUR-LC-CFS-PTRE-16,00888-FUR-LC-CFS-PTRE-16,603,FUR-LC,134,Tidak Aktif,Bagus,0.0,,,LT,Aset,Corporate,,,2017-02-27 00:00:00.000,2024-08-08 13:46:02.000,
4060,889,00889-FUR-LC-CFS-PTRE-16,00889-FUR-LC-CFS-PTRE-16,603,FUR-LC,134,Tidak Aktif,Bagus,0.0,,,LT,Aset,Corporate,,,2017-02-27 00:00:00.000,2024-08-08 13:46:02.000,
4061,890,00890-FUR-LC-CFS-PTRE-16,00890-FUR-LC-CFS-PTRE-16,603,FUR-LC,134,Tidak Aktif,Bagus,0.0,,,LT,Aset,Corporate,,,2017-02-27 00:00:00.000,2024-08-08 13:46:02.000,
4062,891,00891-FUR-LC-CFS-PTRE-16,00891-FUR-LC-CFS-PTRE-16,603,FUR-LC,134,Tidak Aktif,Bagus,0.0,,,LT,Aset,Corporate,,,2017-02-27 00:00:00.000,2024-08-08 13:46:02.000,
4063,892,00892-FUR-LC-CFS-PTRE-16,00892-FUR-LC-CFS-PTRE-16,603,FUR-LC,134,Tidak Aktif,Bagus,0.0,,,LT,Aset,Corporate,,,2017-02-27 00:00:00.000,2024-08-08 13:46:02.000,
4064,893,00893-FUR-LC-CFS-PTRE-16,00893-FUR-LC-CFS-PTRE-16,603,FUR-LC,134,Tidak Aktif,Bagus,0.0,,,LT,Aset,Corporate,,,2017-02-27 00:00:00.000,2024-08-08 13:46:02.000,
4065,894,00894-FUR-LC-CFS-PTRE-16,00894-FUR-LC-CFS-PTRE-16,603,FUR-LC,134,Tidak Aktif,Bagus,0.0,,,LT,Aset,Corporate,,,2017-02-27 00:00:00.000,2024-08-08 13:46:02.000,
4066,895,00895-FUR-LC-CFS-PTRE-16,00895-FUR-LC-CFS-PTRE-16,603,FUR-LC,134,Tidak Aktif,Bagus,0.0,,,LT,Aset,Corporate,,,2017-02-27 00:00:00.000,2024-08-08 13:46:02.000,
4067,896,00896-FUR-LC-CFS-PTRE-16,00896-FUR-LC-CFS-PTRE-16,603,FUR-LC,134,Tidak Aktif,Bagus,0.0,,,LT,Aset,Corporate,,,2017-02-27 00:00:00.000,2024-08-08 13:46:02.000,
4068,897,00897-FUR-LC-CFS-PTRE-16,00897-FUR-LC-CFS-PTRE-16,603,FUR-LC,134,Tidak Aktif,Bagus,0.0,,,LT,Aset,Corporate,,,2017-02-27 00:00:00.000,2024-08-08 13:46:02.000,
4069,898,00898-FUR-LC-CFS-PTRE-16,00898-FUR-LC-CFS-PTRE-16,603,FUR-LC,134,Tidak Aktif,Bagus,0.0,,,LT,Aset,Corporate,,,2017-02-27 00:00:00.000,2024-08-08 13:46:02.000,
4070,899,00899-FUR-LC-CFS-PTRE-16,00899-FUR-LC-CFS-PTRE-16,603,FUR-LC,134,Tidak Aktif,Bagus,0.0,,,LT,Aset,Corporate,,,2017-02-27 00:00:00.000,2024-08-08 13:46:02.000,
4071,900,00900-FUR-LC-CFS-PTRE-16,00900-FUR-LC-CFS-PTRE-16,603,FUR-LC,134,Tidak Aktif,Bagus,0.0,,,LT,Aset,Corporate,,,2017-02-27 00:00:00.000,2024-08-08 13:46:02.000,
4072,901,00901-FUR-LC-CFS-PTRE-16,00901-FUR-LC-CFS-PTRE-16,603,FUR-LC,134,Tidak Aktif,Bagus,0.0,,,LT,Aset,Corporate,,,2017-02-27 00:00:00.000,2024-08-08 13:46:02.000,
4073,902,00902-FUR-LC-CFS-PTRE-16,00902-FUR-LC-CFS-PTRE-16,603,FUR-LC,134,Tidak Aktif,Bagus,0.0,,,LT,Aset,Corporate,,,2017-02-27 00:00:00.000,2024-08-08 13:46:02.000,
4074,903,00903-FUR-LC-CFS-PTRE-16,00903-FUR-LC-CFS-PTRE-16,603,FUR-LC,134,Tidak Aktif,Bagus,0.0,,,LT,Aset,Corporate,,,2017-02-27 00:00:00.000,2024-08-08 13:46:02.000,
4075,904,00904-FUR-LC-CFS-PTRE-16,00904-FUR-LC-CFS-PTRE-16,603,FUR-LC,134,Tidak Aktif,Bagus,0.0,,,LT,Aset,Corporate,,,2017-02-27 00:00:00.000,2024-08-08 13:46:02.000,
4076,980,00980-FUR-LC-CFS-PTRE-16,00980-FUR-LC-CFS-PTRE-16,596,FUR-LC,135,Tidak Aktif,Bagus,0.0,,,LT,Aset,Corporate,,,2017-02-27 00:00:00.000,2024-08-08 13:44:31.000,
4077,981,00981-FUR-LC-CFS-PTRE-16,00981-FUR-LC-CFS-PTRE-16,596,FUR-LC,135,Tidak Aktif,Bagus,0.0,,,LT,Aset,Corporate,,,2017-02-27 00:00:00.000,2024-08-08 13:44:31.000,
4078,982,00982-FUR-LC-CFS-PTRE-16,00982-FUR-LC-CFS-PTRE-16,596,FUR-LC,135,Tidak Aktif,Bagus,0.0,,,LT,Aset,Corporate,,,2017-02-27 00:00:00.000,2024-08-08 13:44:31.000,
4079,983,00983-FUR-LC-CFS-PTRE-16,00983-FUR-LC-CFS-PTRE-16,596,FUR-LC,135,Tidak Aktif,Bagus,0.0,,,LT,Aset,Corporate,,,2017-02-27 00:00:00.000,2024-08-08 13:44:31.000,
4080,984,00984-FUR-LC-CFS-PTRE-16,00984-FUR-LC-CFS-PTRE-16,596,FUR-LC,135,Tidak Aktif,Bagus,0.0,,,LT,Aset,Corporate,,,2017-02-27 00:00:00.000,2024-08-08 13:44:31.000,
4081,985,00985-FUR-LC-CFS-PTRE-16,00985-FUR-LC-CFS-PTRE-16,596,FUR-LC,135,Tidak Aktif,Bagus,0.0,,,LT,Aset,Corporate,,,2017-02-27 00:00:00.000,2024-08-08 13:44:31.000,
4082,988,00988-FUR-LC-CFS-PTRE-16,00988-FUR-LC-CFS-PTRE-16,596,FUR-LC,135,Tidak Aktif,Bagus,0.0,,,LT,Aset,Corporate,,,2017-02-27 00:00:00.000,2024-08-08 13:44:31.000,
4083,989,00989-FUR-LC-CFS-PTRE-16,00989-FUR-LC-CFS-PTRE-16,596,FUR-LC,135,Tidak Aktif,Bagus,0.0,,,LT,Aset,Corporate,,,2017-02-27 00:00:00.000,2024-08-08 13:43:44.000,
4084,990,00990-FUR-LC-CFS-PTRE-16,00990-FUR-LC-CFS-PTRE-16,596,FUR-LC,135,Tidak Aktif,Bagus,0.0,,,LT,Aset,Corporate,,,2017-02-27 00:00:00.000,2024-08-08 13:43:44.000,
4085,991,00991-FUR-LC-CFS-PTRE-16,00991-FUR-LC-CFS-PTRE-16,596,FUR-LC,135,Tidak Aktif,Bagus,0.0,,,LT,Aset,Corporate,,,2017-02-27 00:00:00.000,2024-08-08 13:43:44.000,
4086,992,00992-FUR-LC-CFS-PTRE-16,00992-FUR-LC-CFS-PTRE-16,596,FUR-LC,135,Tidak Aktif,Bagus,0.0,,,LT,Aset,Corporate,,,2017-02-27 00:00:00.000,2024-08-08 13:43:44.000,
4087,994,00994-FUR-LC-CFS-PTRE-16,00994-FUR-LC-CFS-PTRE-16,596,FUR-LC,135,Tidak Aktif,Bagus,0.0,,,LT,Aset,Corporate,,,2017-02-27 00:00:00.000,2024-08-08 13:43:44.000,
4088,995,00995-FUR-LC-CFS-PTRE-16,00995-FUR-LC-CFS-PTRE-16,596,FUR-LC,135,Tidak Aktif,Bagus,0.0,,,LT,Aset,Corporate,,,2017-02-27 00:00:00.000,2024-08-08 13:43:44.000,
4089,996,00996-FUR-LC-CFS-PTRE-16,00996-FUR-LC-CFS-PTRE-16,596,FUR-LC,135,Tidak Aktif,Bagus,0.0,,,LT,Aset,Corporate,,,2017-02-27 00:00:00.000,2024-08-08 13:43:44.000,
4090,997,00997-FUR-LC-CFS-PTRE-16,00997-FUR-LC-CFS-PTRE-16,596,FUR-LC,135,Tidak Aktif,Bagus,0.0,,,LT,Aset,Corporate,,,2017-02-27 00:00:00.000,2024-08-08 13:43:44.000,
4091,998,00998-FUR-LC-CFS-PTRE-16,00998-FUR-LC-CFS-PTRE-16,596,FUR-LC,135,Tidak Aktif,Bagus,0.0,,,LT,Aset,Corporate,,,2017-02-27 00:00:00.000,2024-08-08 13:43:44.000,
4092,999,00999-FUR-LC-CFS-PTRE-16,00999-FUR-LC-CFS-PTRE-16,596,FUR-LC,135,Tidak Aktif,Bagus,0.0,,,LT,Aset,Corporate,,,2017-02-27 00:00:00.000,2024-08-08 13:43:44.000,
4093,1000,01000-FUR-LC-CFS-PTRE-16,01000-FUR-LC-CFS-PTRE-16,596,FUR-LC,135,Tidak Aktif,Bagus,0.0,,,LT,Aset,Corporate,,,2017-02-27 00:00:00.000,2024-08-08 13:43:44.000,
4094,1001,01001-FUR-LC-CFS-PTRE-16,01001-FUR-LC-CFS-PTRE-16,596,FUR-LC,135,Tidak Aktif,Bagus,0.0,,,LT,Aset,Corporate,,,2017-02-27 00:00:00.000,2024-08-08 13:43:44.000,
4095,1002,01002-FUR-LC-CFS-PTRE-16,01002-FUR-LC-CFS-PTRE-16,596,FUR-LC,135,Tidak Aktif,Bagus,0.0,,,LT,Aset,Corporate,,,2017-02-27 00:00:00.000,2024-08-08 13:43:44.000,
4096,1003,01003-FUR-LC-CFS-PTRE-16,01003-FUR-LC-CFS-PTRE-16,596,FUR-LC,135,Tidak Aktif,Bagus,0.0,,,LT,Aset,Corporate,,,2017-02-27 00:00:00.000,2024-08-08 13:43:44.000,
4097,1004,01004-FUR-LC-CFS-PTRE-16,01004-FUR-LC-CFS-PTRE-16,596,FUR-LC,135,Tidak Aktif,Bagus,0.0,,,LT,Aset,Corporate,,,2017-02-27 00:00:00.000,2024-08-08 13:43:44.000,
4098,1005,01005-FUR-LC-CFS-PTRE-16,01005-FUR-LC-CFS-PTRE-16,596,FUR-LC,135,Tidak Aktif,Bagus,0.0,,,LT,Aset,Corporate,,,2017-02-27 00:00:00.000,2024-08-08 13:43:44.000,
4099,1006,01006-FUR-LC-CFS-PTRE-16,01006-FUR-LC-CFS-PTRE-16,596,FUR-LC,135,Tidak Aktif,Bagus,0.0,,,LT,Aset,Corporate,,,2017-02-27 00:00:00.000,2024-08-08 13:43:44.000,
4100,1007,01007-FUR-LC-CFS-PTRE-16,01007-FUR-LC-CFS-PTRE-16,596,FUR-LC,135,Tidak Aktif,Bagus,0.0,,,LT,Aset,Corporate,,,2017-02-27 00:00:00.000,2024-08-08 13:43:44.000,
4101,1008,01008-FUR-LC-CFS-PTRE-16,01008-FUR-LC-CFS-PTRE-16,596,FUR-LC,135,Tersedia,Bagus,0.0,,,LT,Aset,Corporate,,65,2024-08-08 13:43:20.000,2024-08-08 13:43:20.000,
4102,1009,01009-FUR-LC-CFS-PTRE-16,01009-FUR-LC-CFS-PTRE-16,596,FUR-LC,135,Tidak Aktif,Bagus,0.0,,,LT,Aset,Corporate,,,2017-02-27 00:00:00.000,2024-08-08 13:43:44.000,
4103,1010,01010-FUR-LC-CFS-PTRE-16,01010-FUR-LC-CFS-PTRE-16,596,FUR-LC,135,Tersedia,Bagus,0.0,,,LT,Aset,Corporate,,65,2024-08-08 13:43:11.000,2024-08-08 13:43:11.000,
4104,1022,01022-FUR-LC-CFS-PTRE-13,01022-FUR-LK-CFS-PTRE-13,598,FUR-LC,223,Tersedia,Bagus,0.0,inventory/ams/inventoryPhoto/1726199707Laci_Kerja.jpeg,inventory/ams/assets/uploads/assetsre/ap/1726199707Laci_Kerja.jpeg,LT,Aset,Corporate,10780,1,2025-03-18 14:11:26.000,2025-03-18 14:11:26.000,
4105,1027,01027-FUR-LC-CFS-PTRE-13,01027-FUR-LC-CFS-PTRE-13,597,FUR-LC,226,Tersedia,Bagus,0.0,inventory/ams/inventoryPhoto/1726199703Laci_Kerja.jpeg,inventory/ams/assets/uploads/assetsre/ap/1726199703Laci_Kerja.jpeg,LT,Aset,Corporate,10780,1,2026-06-07 20:57:28.000,2026-06-07 20:57:28.000,
4106,1072,01072-FUR-LC-CFS-PTRE-14,01072-FUR-LC-CFS-PTRE-14,598,FUR-LC,137,Tersedia,Bagus,0.0,inventory/ams/inventoryPhoto/1726199698Laci_Kerja.jpeg,inventory/ams/assets/uploads/assetsre/ap/1726199698Laci_Kerja.jpeg,LT,Aset,Corporate,,1,2024-09-13 10:54:58.000,2024-09-13 10:54:58.000,
4107,1073,01073-FUR-LC-CFS-PTRE-14,01073-FUR-LC-CFS-PTRE-14,598,FUR-LC,137,Tersedia,Bagus,0.0,inventory/ams/inventoryPhoto/1726199695Laci_Kerja.jpeg,inventory/ams/assets/uploads/assetsre/ap/1726199695Laci_Kerja.jpeg,LT,Aset,Corporate,,1,2024-09-13 10:54:55.000,2024-09-13 10:54:55.000,
4108,1074,01074-FUR-LC-CFS-PTRE-14,01074-FUR-LC-CFS-PTRE-14,598,FUR-LC,137,Tersedia,Bagus,0.0,inventory/ams/inventoryPhoto/1726199691Laci_Kerja.jpeg,inventory/ams/assets/uploads/assetsre/ap/1726199691Laci_Kerja.jpeg,LT,Aset,Corporate,,1,2024-09-13 10:54:51.000,2024-09-13 10:54:51.000,
4109,1075,01075-FUR-LC-CFS-PTRE-14,01075-FUR-LC-CFS-PTRE-14,598,FUR-LC,137,Tersedia,Bagus,0.0,inventory/ams/inventoryPhoto/1726199686Laci_Kerja.jpeg,inventory/ams/assets/uploads/assetsre/ap/1726199686Laci_Kerja.jpeg,LT,Aset,Corporate,,1,2024-09-13 10:54:46.000,2024-09-13 10:54:46.000,
4110,1117,01117-FUR-LC-CFS-PTRE-12,01117-FUR-LC-CFS-PTRE-12,597,FUR-LC,138,Tersedia,Bagus,0.0,inventory/ams/inventoryPhoto/1726199678Laci_Kerja.jpeg,inventory/ams/assets/uploads/assetsre/ap/1726199678Laci_Kerja.jpeg,LT,Aset,Corporate,10780,1,2026-05-29 15:29:33.000,2026-05-29 15:29:33.000,
4111,1118,01118-FUR-LC-CFS-PTRE-12,01118-FUR-LC-CFS-PTRE-12,597,FUR-LC,138,Tersedia,Bagus,0.0,inventory/ams/inventoryPhoto/1726199674Laci_Kerja.jpeg,inventory/ams/assets/uploads/assetsre/ap/1726199674Laci_Kerja.jpeg,LT,Aset,Corporate,10780,1,2026-05-29 15:29:29.000,2026-05-29 15:29:29.000,
4112,1119,01119-FUR-LC-CFS-PTRE-14,01119-FUR-LC-CFS-PTRE-14,598,FUR-LC,138,Tersedia,Bagus,0.0,inventory/ams/inventoryPhoto/1726199671Laci_Kerja.jpeg,inventory/ams/assets/uploads/assetsre/ap/1726199671Laci_Kerja.jpeg,LT,Aset,Corporate,10780,1,2026-05-29 15:29:24.000,2026-05-29 15:29:24.000,
4113,1120,01120-FUR-LC-CFS-PTRE-14,01120-FUR-LC-CFS-PTRE-14,598,FUR-LC,138,Tersedia,Bagus,0.0,inventory/ams/inventoryPhoto/1726199657Laci_Kerja.jpeg,inventory/ams/assets/uploads/assetsre/ap/1726199657Laci_Kerja.jpeg,LT,Aset,Corporate,10780,1,2026-05-29 15:29:19.000,2026-05-29 15:29:19.000,
4114,1121,01121-FUR-LC-CFS-PTRE-14,01121-FUR-LC-CFS-PTRE-14,598,FUR-LC,138,Tersedia,Bagus,0.0,inventory/ams/inventoryPhoto/1726199664Laci_Kerja.jpeg,inventory/ams/assets/uploads/assetsre/ap/1726199664Laci_Kerja.jpeg,LT,Aset,Corporate,10780,1,2026-05-29 15:29:14.000,2026-05-29 15:29:14.000,
4115,1122,01122-FUR-LC-CFS-PTRE-14,01122-FUR-LC-CFS-PTRE-14,598,FUR-LC,138,Tersedia,Bagus,0.0,inventory/ams/inventoryPhoto/1726199654Laci_Kerja.jpeg,inventory/ams/assets/uploads/assetsre/ap/1726199654Laci_Kerja.jpeg,LT,Aset,Corporate,10780,1,2026-05-29 15:29:44.000,2026-05-29 15:29:44.000,
4116,1123,01123-FUR-LC-CFS-PTRE-14,01123-FUR-LC-CFS-PTRE-14,598,FUR-LC,138,Tersedia,Bagus,0.0,inventory/ams/inventoryPhoto/1726199648Laci_Kerja.jpeg,inventory/ams/assets/uploads/assetsre/ap/1726199648Laci_Kerja.jpeg,LT,Aset,Corporate,10780,1,2026-05-29 15:29:50.000,2026-05-29 15:29:50.000,
4117,1124,01124-FUR-LC-CFS-PTRE-14,01124-FUR-LC-CFS-PTRE-14,598,FUR-LC,138,Borrowed,Bagus,0.0,inventory/ams/inventoryPhoto/1726199645Laci_Kerja.jpeg,inventory/ams/assets/uploads/assetsre/ap/1726199645Laci_Kerja.jpeg,LT,Aset,Corporate,10780,1,2026-05-29 15:29:09.000,2026-05-29 15:29:09.000,
4118,1125,01125-FUR-LC-CFS-PTRE-14,01125-FUR-LC-CFS-PTRE-14,598,FUR-LC,138,Tersedia,Bagus,0.0,inventory/ams/inventoryPhoto/1726199641Laci_Kerja.jpeg,inventory/ams/assets/uploads/assetsre/ap/1726199641Laci_Kerja.jpeg,LT,Aset,Corporate,10780,1,2026-05-29 15:29:58.000,2026-05-29 15:29:58.000,
4119,1165,01165-FUR-LC-CFS-PTRE-12,01165-FUR-LC-CFS-PTRE-12,597,FUR-LC,245,Tersedia,Bagus,0.0,,,LT,Aset,Corporate,10780,1,2026-05-29 14:50:17.000,2026-05-29 14:50:17.000,
4120,1166,01166-FUR-LC-CFS-PTRE-13,01166-FUR-LC-CFS-PTRE-13,598,FUR-LC,118,Tersedia,Bagus,0.0,inventory/ams/inventoryPhoto/1601630795laci-meja-kantor-uno-ump-2165-600x600.jpg,inventory/ams/assets/uploads/assetsre/ap/1601630795laci-meja-kantor-uno-ump-2165-600x600.jpg,LT,Aset,Corporate,,1,2024-07-30 15:21:03.000,2024-07-30 15:21:03.000,
4121,1167,01167-FUR-LC-CFS-PTRE-14,01167-FUR-LC-CFS-PTRE-14,598,FUR-LC,245,Tersedia,Bagus,0.0,,,LT,Aset,Corporate,10780,1,2026-05-29 14:49:56.000,2026-05-29 14:49:56.000,
4122,1168,01168-FUR-LC-CFS-PTRE-14,01168-FUR-LC-CFS-PTRE-14,598,FUR-LC,139,Tersedia,Bagus,0.0,,,LT,Aset,Corporate,,1,2024-07-30 13:34:03.000,2024-07-30 13:34:03.000,
4123,1171,01171-FUR-LC-CFS-PTRE-14,01171-FUR-LC-CFS-PTRE-14,598,FUR-LC,245,Tersedia,Bagus,0.0,,,LT,Aset,Corporate,10780,1,2026-05-29 14:50:35.000,2026-05-29 14:50:35.000,
4124,1172,01172-FUR-LC-CFS-PTRE-14,01172-FUR-LC-CFS-PTRE-14,598,FUR-LC,245,Tersedia,Bagus,0.0,inventory/ams/inventoryPhoto/1726199635Laci_Kerja.jpeg,inventory/ams/assets/uploads/assetsre/ap/1726199635Laci_Kerja.jpeg,LT,Aset,Corporate,,1,2024-09-13 10:53:55.000,2024-09-13 10:53:55.000,
4125,1173,01173-FUR-LC-CFS-PTRE-14,01173-FUR-LC-CFS-PTRE-14,598,FUR-LC,139,Tersedia,Bagus,0.0,,,LT,Aset,Corporate,,1,2024-07-30 13:33:56.000,2024-07-30 13:33:56.000,
4126,1174,01174-FUR-LC-CFS-PTRE-14,01174-FUR-LC-CFS-PTRE-14,598,FUR-LC,245,Tersedia,Bagus,0.0,inventory/ams/inventoryPhoto/1726199631Laci_Kerja.jpeg,inventory/ams/assets/uploads/assetsre/ap/1726199631Laci_Kerja.jpeg,LT,Aset,Corporate,,1,2024-09-13 10:53:51.000,2024-09-13 10:53:51.000,
4127,1175,01175-FUR-LC-CFS-PTRE-14,01175-FUR-LC-CFS-PTRE-14,598,FUR-LC,139,Tersedia,Bagus,0.0,,,LT,Aset,Corporate,,1,2024-07-30 13:33:50.000,2024-07-30 13:33:50.000,
4128,1176,01176-FUR-LC-CFS-PTRE-14,01176-FUR-LC-CFS-PTRE-14,598,FUR-LC,139,Tersedia,Bagus,0.0,,,LT,Aset,Corporate,,1,2024-07-30 13:34:09.000,2024-07-30 13:34:09.000,
4129,1177,01177-FUR-LC-CFS-PTRE-14,01177-FUR-LC-CFS-PTRE-14,598,FUR-LC,139,Tersedia,Bagus,0.0,,,LT,Aset,Corporate,,1,2024-07-30 13:33:43.000,2024-07-30 13:33:43.000,
4130,1178,01178-FUR-LC-CFS-PTRE-13,01178-FUR-LC-CFS-PTRE-13,596,FUR-LC,165,Borrowed,Bagus,0.0,,,LT,Aset,Corporate,,65,2024-07-31 14:40:28.000,2024-07-31 14:40:28.000,
4131,1182,01182-FUR-LC-CFS-PTRE-13,01182-FUR-LK-CFS-PTRE-13,596,FUR-LC,165,Borrowed,Bagus,0.0,inventory/ams/inventoryPhoto/1602748888laci-meja-kantor-uno-ump-2165-600x600.jpg,inventory/ams/assets/uploads/assetsre/ap/1602748888laci-meja-kantor-uno-ump-2165-600x600.jpg,LT,Aset,Corporate,,65,2024-07-31 14:41:53.000,2024-07-31 14:41:53.000,
4132,1266,01266-FUR-LC-CFS-PTRE-12,01266-FUR-LC-CFS-PTRE-12,597,FUR-LC,140,Tersedia,Bagus,0.0,,,LT,Aset,Corporate,,1,2024-07-30 13:54:54.000,2024-07-30 13:54:54.000,
4133,1267,01267-FUR-LC-CFS-PTRE-12,01267-FUR-LC-CFS-PTRE-12,597,FUR-LC,140,Tersedia,Bagus,0.0,,,LT,Aset,Corporate,,1,2024-07-30 13:54:41.000,2024-07-30 13:54:41.000,
4134,1268,01268-FUR-LC-CFS-PTRE-14,01268-FUR-LC-CFS-PTRE-14,597,FUR-LC,140,Tersedia,Bagus,0.0,,,LT,Aset,Corporate,,1,2024-07-30 13:54:25.000,2024-07-30 13:54:25.000,
4135,1270,01270-FUR-LC-CFS-PTRE-14,01270-FUR-LC-CFS-PTRE-14,598,FUR-LC,140,Tersedia,Bagus,0.0,,,LT,Aset,Corporate,,1,2024-07-30 13:54:46.000,2024-07-30 13:54:46.000,
4136,1271,01271-FUR-LC-CFS-PTRE-14,01271-FUR-LC-CFS-PTRE-14,598,FUR-LC,245,Tersedia,Bagus,0.0,inventory/ams/inventoryPhoto/1726199627Laci_Kerja.jpeg,inventory/ams/assets/uploads/assetsre/ap/1726199627Laci_Kerja.jpeg,LT,Aset,Corporate,,1,2024-09-13 10:53:47.000,2024-09-13 10:53:47.000,
4137,1272,01272-FUR-LC-CFS-PTRE-14,01272-FUR-LC-CFS-PTRE-14,598,FUR-LC,245,Tersedia,Bagus,0.0,inventory/ams/inventoryPhoto/1726199611Laci_Kerja.jpeg,inventory/ams/assets/uploads/assetsre/ap/1726199611Laci_Kerja.jpeg,LT,Aset,Corporate,,1,2024-09-13 10:53:31.000,2024-09-13 10:53:31.000,
4138,1273,01273-FUR-LC-CFS-PTRE-14,01273-FUR-LC-CFS-PTRE-14,598,FUR-LC,245,Tersedia,Bagus,0.0,inventory/ams/inventoryPhoto/1726199589Laci_Kerja.jpeg,inventory/ams/assets/uploads/assetsre/ap/1726199589Laci_Kerja.jpeg,LT,Aset,Corporate,,1,2024-09-13 10:53:09.000,2024-09-13 10:53:09.000,
4139,1274,01274-FUR-LC-CFS-PTRE-14,01274-FUR-LC-CFS-PTRE-14,598,FUR-LC,245,Tersedia,Bagus,0.0,inventory/ams/inventoryPhoto/1726199530Laci_Kerja.jpeg,inventory/ams/assets/uploads/assetsre/ap/1726199530Laci_Kerja.jpeg,LT,Aset,Corporate,,65,2024-09-13 10:52:10.000,2024-09-13 10:52:10.000,
4140,1275,01275-FUR-LC-CFS-PTRE-14,01275-FUR-LC-CFS-PTRE-14,598,FUR-LC,245,Tersedia,Bagus,0.0,inventory/ams/inventoryPhoto/1726199537Laci_Kerja.jpeg,inventory/ams/assets/uploads/assetsre/ap/1726199537Laci_Kerja.jpeg,LT,Aset,Corporate,,65,2024-09-13 10:52:17.000,2024-09-13 10:52:17.000,
4141,1276,01276-FUR-LC-CFS-PTRE-14,01276-FUR-LC-CFS-PTRE-14,598,FUR-LC,245,Tersedia,Bagus,0.0,inventory/ams/inventoryPhoto/1726199522Laci_Kerja.jpeg,inventory/ams/assets/uploads/assetsre/ap/1726199522Laci_Kerja.jpeg,LT,Aset,Corporate,10780,65,2026-05-29 14:49:46.000,2026-05-29 14:49:46.000,
4142,1277,01277-FUR-LC-CFS-PTRE-14,01277-FUR-LC-CFS-PTRE-14,598,FUR-LC,245,Tersedia,Bagus,0.0,inventory/ams/inventoryPhoto/1726199517Laci_Kerja.jpeg,inventory/ams/assets/uploads/assetsre/ap/1726199517Laci_Kerja.jpeg,LT,Aset,Corporate,10780,1,2026-05-29 14:49:38.000,2026-05-29 14:49:38.000,
4143,1278,01278-FUR-LC-CFS-PTRE-14,01278-FUR-LC-CFS-PTRE-14,598,FUR-LC,245,Tersedia,Bagus,0.0,inventory/ams/inventoryPhoto/1726199494Laci_Kerja.jpeg,inventory/ams/assets/uploads/assetsre/ap/1726199494Laci_Kerja.jpeg,LT,Aset,Corporate,,65,2024-09-13 10:51:34.000,2024-09-13 10:51:34.000,
4144,1279,01279-FUR-LC-CFS-PTRE-14,01279-FUR-LC-CFS-PTRE-14,598,FUR-LC,245,Tersedia,Bagus,0.0,inventory/ams/inventoryPhoto/1726199481Laci_Kerja.jpeg,inventory/ams/assets/uploads/assetsre/ap/1726199481Laci_Kerja.jpeg,LT,Aset,Corporate,,1,2024-09-13 10:51:21.000,2024-09-13 10:51:21.000,
4145,1280,01280-FUR-LC-CFS-PTRE-14,01280-FUR-LC-CFS-PTRE-14,598,FUR-LC,245,Tersedia,Bagus,0.0,inventory/ams/inventoryPhoto/1726199469Laci_Kerja.jpeg,inventory/ams/assets/uploads/assetsre/ap/1726199469Laci_Kerja.jpeg,LT,Aset,Corporate,,65,2024-09-13 10:51:09.000,2024-09-13 10:51:09.000,
4146,1281,01281-FUR-LC-CFS-PTRE-14,01281-FUR-LC-CFS-PTRE-14,598,FUR-LC,140,Tersedia,Bagus,0.0,,,LT,Aset,Corporate,,65,2024-07-30 13:44:05.000,2024-07-30 13:44:05.000,
4147,1282,01282-FUR-LC-CFS-PTRE-14,01282-FUR-LC-CFS-PTRE-14,598,FUR-LC,245,Tersedia,Bagus,0.0,inventory/ams/inventoryPhoto/1726199464Laci_Kerja.jpeg,inventory/ams/assets/uploads/assetsre/ap/1726199464Laci_Kerja.jpeg,LT,Aset,Corporate,,65,2024-09-13 10:51:04.000,2024-09-13 10:51:04.000,
4148,1283,01283-FUR-LC-CFS-PTRE-14,01283-FUR-LC-CFS-PTRE-14,598,FUR-LC,245,Tersedia,Bagus,0.0,inventory/ams/inventoryPhoto/1726199458Laci_Kerja.jpeg,inventory/ams/assets/uploads/assetsre/ap/1726199458Laci_Kerja.jpeg,LT,Aset,Corporate,,65,2024-09-13 10:50:58.000,2024-09-13 10:50:58.000,
4149,1284,01284-FUR-LC-CFS-PTRE-14,01284-FUR-LC-CFS-PTRE-14,598,FUR-LC,245,Tersedia,Bagus,0.0,inventory/ams/inventoryPhoto/1726199446Laci_Kerja.jpeg,inventory/ams/assets/uploads/assetsre/ap/1726199446Laci_Kerja.jpeg,LT,Aset,Corporate,,65,2024-09-13 10:50:46.000,2024-09-13 10:50:46.000,
4150,1285,01285-FUR-LC-CFS-PTRE-14,01285-FUR-LC-CFS-PTRE-14,598,FUR-LC,245,Tersedia,Bagus,0.0,inventory/ams/inventoryPhoto/1726199407Laci_Kerja.jpeg,inventory/ams/assets/uploads/assetsre/ap/1726199407Laci_Kerja.jpeg,LT,Aset,Corporate,,65,2024-09-13 10:50:07.000,2024-09-13 10:50:07.000,
4151,1286,01286-FUR-LC-CFS-PTRE-14,01286-FUR-LC-CFS-PTRE-14,598,FUR-LC,245,Tersedia,Bagus,0.0,inventory/ams/inventoryPhoto/1726199358Laci_Kerja.jpeg,inventory/ams/assets/uploads/assetsre/ap/1726199358Laci_Kerja.jpeg,LT,Aset,Corporate,,65,2024-09-13 10:49:18.000,2024-09-13 10:49:18.000,
4152,1287,01287-FUR-LC-CFS-PTRE-14,01287-FUR-LC-CFS-PTRE-14,598,FUR-LC,245,Tersedia,Bagus,0.0,inventory/ams/inventoryPhoto/1726199354Laci_Kerja.jpeg,inventory/ams/assets/uploads/assetsre/ap/1726199354Laci_Kerja.jpeg,LT,Aset,Corporate,,65,2024-09-13 10:49:14.000,2024-09-13 10:49:14.000,
4153,1288,01288-FUR-LC-CFS-PTRE-14,01288-FUR-LC-CFS-PTRE-14,598,FUR-LC,245,Tersedia,Bagus,0.0,inventory/ams/inventoryPhoto/1726199350Laci_Kerja.jpeg,inventory/ams/assets/uploads/assetsre/ap/1726199350Laci_Kerja.jpeg,LT,Aset,Corporate,,65,2024-09-13 10:49:10.000,2024-09-13 10:49:10.000,
4154,1289,01289-FUR-LC-CFS-PTRE-14,01289-FUR-LC-CFS-PTRE-14,598,FUR-LC,245,Tersedia,Bagus,0.0,inventory/ams/inventoryPhoto/1726199341Laci_Kerja.jpeg,inventory/ams/assets/uploads/assetsre/ap/1726199341Laci_Kerja.jpeg,LT,Aset,Corporate,,65,2024-09-13 10:49:01.000,2024-09-13 10:49:01.000,
4155,1290,01290-FUR-LC-CFS-PTRE-14,01290-FUR-LC-CFS-PTRE-14,598,FUR-LC,245,Tersedia,Bagus,0.0,inventory/ams/inventoryPhoto/1726199335Laci_Kerja.jpeg,inventory/ams/assets/uploads/assetsre/ap/1726199335Laci_Kerja.jpeg,LT,Aset,Corporate,,65,2024-09-13 10:48:55.000,2024-09-13 10:48:55.000,
4156,1291,01291-FUR-LC-CFS-PTRE-14,01291-FUR-LC-CFS-PTRE-14,598,FUR-LC,245,Tersedia,Bagus,0.0,inventory/ams/inventoryPhoto/1726199330Laci_Kerja.jpeg,inventory/ams/assets/uploads/assetsre/ap/1726199330Laci_Kerja.jpeg,LT,Aset,Corporate,,65,2024-09-13 10:48:50.000,2024-09-13 10:48:50.000,
4157,1293,01293-FUR-LC-CFS-PTRE-14,01293-FUR-LC-CFS-PTRE-14,598,FUR-LC,245,Tersedia,Bagus,0.0,inventory/ams/inventoryPhoto/1726199326Laci_Kerja.jpeg,inventory/ams/assets/uploads/assetsre/ap/1726199326Laci_Kerja.jpeg,LT,Aset,Corporate,,65,2024-09-13 10:48:46.000,2024-09-13 10:48:46.000,
4158,1294,01294-FUR-LC-CFS-PTRE-14,01294-FUR-LC-CFS-PTRE-14,598,FUR-LC,245,Tersedia,Bagus,0.0,inventory/ams/inventoryPhoto/1726199318Laci_Kerja.jpeg,inventory/ams/assets/uploads/assetsre/ap/1726199318Laci_Kerja.jpeg,LT,Aset,Corporate,,65,2024-09-13 10:48:38.000,2024-09-13 10:48:38.000,
4159,1295,01295-FUR-LC-CFS-PTRE-14,01295-FUR-LC-CFS-PTRE-14,598,FUR-LC,245,Tersedia,Bagus,0.0,inventory/ams/inventoryPhoto/1726199314Laci_Kerja.jpeg,inventory/ams/assets/uploads/assetsre/ap/1726199314Laci_Kerja.jpeg,LT,Aset,Corporate,,65,2024-09-13 10:48:34.000,2024-09-13 10:48:34.000,
4160,1296,01296-FUR-LC-CFS-PTRE-14,01296-FUR-LC-CFS-PTRE-14,598,FUR-LC,245,Tersedia,Bagus,0.0,inventory/ams/inventoryPhoto/1726199301Laci_Kerja.jpeg,inventory/ams/assets/uploads/assetsre/ap/1726199301Laci_Kerja.jpeg,LT,Aset,Corporate,,65,2024-09-13 10:48:21.000,2024-09-13 10:48:21.000,
4161,1297,01297-FUR-LC-CFS-PTRE-14,01297-FUR-LC-CFS-PTRE-14,598,FUR-LC,245,Tersedia,Bagus,0.0,inventory/ams/inventoryPhoto/1726199293Laci_Kerja.jpeg,inventory/ams/assets/uploads/assetsre/ap/1726199293Laci_Kerja.jpeg,LT,Aset,Corporate,,65,2024-09-13 10:48:13.000,2024-09-13 10:48:13.000,
4162,1298,01298-FUR-LC-CFS-PTRE-14,01298-FUR-LC-CFS-PTRE-14,598,FUR-LC,140,Tersedia,Bagus,0.0,,,LT,Aset,Corporate,,1,2024-07-30 13:43:40.000,2024-07-30 13:43:40.000,
4163,1300,01300-FUR-LC-CFS-PTRE-14,01300-FUR-LC-CFS-PTRE-14,598,FUR-LC,245,Tersedia,Bagus,0.0,inventory/ams/inventoryPhoto/1726199265Laci_Kerja.jpeg,inventory/ams/assets/uploads/assetsre/ap/1726199265Laci_Kerja.jpeg,LT,Aset,Corporate,,65,2024-09-13 10:47:45.000,2024-09-13 10:47:45.000,
4164,1301,01301-FUR-LC-CFS-PTRE-14,01301-FUR-LC-CFS-PTRE-14,598,FUR-LC,245,Tersedia,Bagus,0.0,inventory/ams/inventoryPhoto/1726199253Laci_Kerja.jpeg,inventory/ams/assets/uploads/assetsre/ap/1726199253Laci_Kerja.jpeg,LT,Aset,Corporate,,1,2024-09-13 10:47:33.000,2024-09-13 10:47:33.000,
4165,1334,01334-FUR-LC-CFS-PTRE-13,01334-FUR-KK-CFS-PTRE-13,596,FUR-LC,222,Borrowed,Bagus,0.0,inventory/ams/inventoryPhoto/1714100312DSC_0029.JPG,inventory/ams/assets/uploads/assetsre/ap/1714100312DSC_0029.JPG,LT,Aset,Corporate,10780,65,2026-04-21 10:03:17.000,2026-04-21 10:03:17.000,
4166,1336,01336-FUR-LC-CFS-PTRE-13,01336-FUR-LC-CFS-PTRE-13,596,FUR-LC,222,Borrowed,Bagus,0.0,inventory/ams/inventoryPhoto/1714100357WhatsApp_Image_2024-04-23_at_19_04_06.jpeg,inventory/ams/assets/uploads/assetsre/ap/1714100357WhatsApp_Image_2024-04-23_at_19_04_06.jpeg,LT,Aset,Corporate,10780,65,2026-04-21 10:03:24.000,2026-04-21 10:03:24.000,
4167,1337,01337-FUR-LC-CFS-PTRE-13,01337-FUR-LC-CFS-PTRE-13,596,FUR-LC,222,Borrowed,Bagus,0.0,inventory/ams/inventoryPhoto/1726199246Laci_Kerja.jpeg,inventory/ams/assets/uploads/assetsre/ap/1726199246Laci_Kerja.jpeg,LT,Aset,Corporate,10780,65,2026-04-21 10:03:35.000,2026-04-21 10:03:35.000,
4168,1338,01338-FUR-LC-CFS-PTRE-13,01338-FUR-LC-CFS-PTRE-13,604,FUR-LC,175,Borrowed,Bagus,0.0,inventory/ams/inventoryPhoto/1602746852LACI_KERJA.jpg,inventory/ams/assets/uploads/assetsre/ap/1602746852LACI_KERJA.jpg,LT,Inventaris,Corporate,,65,2024-02-28 10:59:04.000,2024-02-28 10:59:04.000,
4169,1339,01339-FUR-LC-CFS-PTRE-13,01339-FUR-LC-CFS-PTRE-13,604,FUR-LC,175,Borrowed,Bagus,0.0,inventory/ams/inventoryPhoto/1602747619LACI_KERJA.jpg,inventory/ams/assets/uploads/assetsre/ap/1602747619LACI_KERJA.jpg,LT,Inventaris,Corporate,,65,2024-02-28 10:58:52.000,2024-02-28 10:58:52.000,
4170,1340,01340-FUR-LC-CFS-PTRE-13,01340-FUR-LC-CFS-PTRE-13,604,FUR-LC,175,Borrowed,Bagus,0.0,inventory/ams/inventoryPhoto/1602746735LACI_KERJA.jpg,inventory/ams/assets/uploads/assetsre/ap/1602746735LACI_KERJA.jpg,LT,Inventaris,Corporate,,65,2024-02-28 10:58:43.000,2024-02-28 10:58:43.000,
4171,1341,01341-FUR-LC-CFS-PTRE-12,01341-FUR-LC-CFS-PTRE-12,597,FUR-LC,148,Tersedia,Bagus,0.0,inventory/ams/inventoryPhoto/1726199240Laci_Kerja.jpeg,inventory/ams/assets/uploads/assetsre/ap/1726199240Laci_Kerja.jpeg,LT,Aset,Corporate,,65,2024-09-13 10:47:20.000,2024-09-13 10:47:20.000,
4172,1342,01342-FUR-LC-CFS-PTRE-13,01342-FUR-LC-CFS-PTRE-13,604,FUR-LC,175,Borrowed,Bagus,0.0,inventory/ams/inventoryPhoto/1602747223LACI_KERJA.jpg,inventory/ams/assets/uploads/assetsre/ap/1602747223LACI_KERJA.jpg,LT,Inventaris,Corporate,,65,2024-02-28 10:58:33.000,2024-02-28 10:58:33.000,
4173,1343,01343-FUR-LC-CFS-PTRE-13,01343-FUR-LC-CFS-PTRE-13,604,FUR-LC,175,Borrowed,Bagus,0.0,inventory/ams/inventoryPhoto/1602746648LACI_KERJA.jpg,inventory/ams/assets/uploads/assetsre/ap/1602746648LACI_KERJA.jpg,LT,Inventaris,Corporate,,65,2024-02-28 10:58:23.000,2024-02-28 10:58:23.000,
4174,1344,01344-FUR-LC-CFS-PTRE-13,01344-FUR-LC-CFS-PTRE-13,604,FUR-LC,175,Borrowed,Bagus,0.0,inventory/ams/inventoryPhoto/1602747383LACI_KERJA.jpg,inventory/ams/assets/uploads/assetsre/ap/1602747383LACI_KERJA.jpg,LT,Inventaris,Corporate,,65,2024-02-28 10:58:10.000,2024-02-28 10:58:10.000,
4175,1346,01346-FUR-LC-CFS-PTRE-13,01346-FUR-LK-CFS-PTRE-13,596,FUR-LC,165,Borrowed,Bagus,0.0,inventory/ams/inventoryPhoto/1602747398laci-meja-kantor-uno-ump-2165-600x600.jpg,inventory/ams/assets/uploads/assetsre/ap/1602747398laci-meja-kantor-uno-ump-2165-600x600.jpg,LT,Aset,Corporate,,65,2024-07-31 14:40:13.000,2024-07-31 14:40:13.000,
4176,1348,01348-FUR-LC-CFS-PTRE-13,01348-FUR-LC-CFS-PTRE-13,604,FUR-LC,175,Borrowed,Bagus,0.0,inventory/ams/inventoryPhoto/1602747787LACI_KERJA.jpg,inventory/ams/assets/uploads/assetsre/ap/1602747787LACI_KERJA.jpg,LT,Inventaris,Corporate,,65,2024-02-28 10:58:01.000,2024-02-28 10:58:01.000,
4177,1349,01349-FUR-LC-CFS-PTRE-13,01349-FUR-LC-CFS-PTRE-13,604,FUR-LC,175,Borrowed,Bagus,0.0,inventory/ams/inventoryPhoto/1602747537LACI_KERJA.jpg,inventory/ams/assets/uploads/assetsre/ap/1602747537LACI_KERJA.jpg,LT,Inventaris,Corporate,,65,2024-02-28 10:57:50.000,2024-02-28 10:57:50.000,
4178,1350,01350-FUR-LC-CFS-PTRE-13,01350-FUR-LK-CFS-PTRE-13,596,FUR-LC,223,Borrowed,Bagus,0.0,inventory/ams/inventoryPhoto/1726199232Laci_Kerja.jpeg,inventory/ams/assets/uploads/assetsre/ap/1726199232Laci_Kerja.jpeg,LT,Aset,Corporate,10780,65,2025-03-18 14:10:21.000,2025-03-18 14:10:21.000,
4179,1351,01351-FUR-LC-CFS-PTRE-13,01351-FUR-LC-CFS-PTRE-13,604,FUR-LC,175,Borrowed,Bagus,0.0,inventory/ams/inventoryPhoto/1602747328LACI_KERJA.jpg,inventory/ams/assets/uploads/assetsre/ap/1602747328LACI_KERJA.jpg,LT,Inventaris,Corporate,,65,2024-02-28 10:57:39.000,2024-02-28 10:57:39.000,
4180,1352,01352-FUR-LC-CFS-PTRE-13,01352-FUR-LC-CFS-PTRE-13,604,FUR-LC,175,Borrowed,Bagus,0.0,inventory/ams/inventoryPhoto/1602747835LACI_KERJA.jpg,inventory/ams/assets/uploads/assetsre/ap/1602747835LACI_KERJA.jpg,LT,Inventaris,Corporate,,65,2024-02-28 10:57:31.000,2024-02-28 10:57:31.000,
4181,1353,01353-FUR-LC-CFS-PTRE-13,01353-FUR-LC-CFS-PTRE-13,604,FUR-LC,175,Borrowed,Bagus,0.0,inventory/ams/inventoryPhoto/1602747932LACI_KERJA.jpg,inventory/ams/assets/uploads/assetsre/ap/1602747932LACI_KERJA.jpg,LT,Inventaris,Corporate,,65,2024-02-28 10:57:20.000,2024-02-28 10:57:20.000,
4182,1357,01357-FUR-LC-CFS-PTRE-13,01357-FUR-LC-CFS-PTRE-13,604,FUR-LC,175,Borrowed,Bagus,0.0,inventory/ams/inventoryPhoto/1602748040LACI_KERJA.jpg,inventory/ams/assets/uploads/assetsre/ap/1602748040LACI_KERJA.jpg,LT,Inventaris,Corporate,,65,2024-02-28 10:57:10.000,2024-02-28 10:57:10.000,
4183,1358,01358-FUR-LC-CFS-PTRE-13,01358-FUR-LC-CFS-PTRE-13,596,FUR-LC,153,Tersedia,Bagus,0.0,inventory/ams/inventoryPhoto/1726199225Laci_Kerja.jpeg,inventory/ams/assets/uploads/assetsre/ap/1726199225Laci_Kerja.jpeg,LT,Aset,Corporate,,65,2024-09-13 10:47:05.000,2024-09-13 10:47:05.000,
4184,1359,01359-FUR-LC-CFS-PTRE-13,01359-FUR-LC-CFS-PTRE-13,604,FUR-LC,175,Borrowed,Bagus,0.0,inventory/ams/inventoryPhoto/1602748116LACI_KERJA.jpg,inventory/ams/assets/uploads/assetsre/ap/1602748116LACI_KERJA.jpg,LT,Inventaris,Corporate,,65,2024-02-28 10:57:01.000,2024-02-28 10:57:01.000,
4185,1360,01360-FUR-LC-CFS-PTRE-13,01360-FUR-LC-CFS-PTRE-13,604,FUR-LC,175,Borrowed,Bagus,0.0,inventory/ams/inventoryPhoto/1602747988LACI_KERJA.jpg,inventory/ams/assets/uploads/assetsre/ap/1602747988LACI_KERJA.jpg,LT,Inventaris,Corporate,,65,2024-02-28 10:56:52.000,2024-02-28 10:56:52.000,
4186,1363,03913-FUR-LC-CFS-PTRE-14,03913-FUR-LC-CFS-PTRE-14,596,FUR-LC,153,Tersedia,Bagus,0.0,inventory/ams/inventoryPhoto/1601865718laci-meja-kantor-uno-ump-2165-600x600.jpg,inventory/ams/assets/uploads/assetsre/ap/1601865718laci-meja-kantor-uno-ump-2165-600x600.jpg,LT,Aset,Corporate,10780,1,2024-08-19 11:00:45.000,2024-08-19 11:00:45.000,
4187,1366,01366-FUR-LC-CFS-PTRE-14,01366-FUR-LK-CFS-PTRE-14,605,FUR-LC,223,Borrowed,Bagus,0.0,inventory/ams/inventoryPhoto/1726199217Laci_Kerja.jpeg,inventory/ams/assets/uploads/assetsre/ap/1726199217Laci_Kerja.jpeg,LT,Aset,Corporate,10780,65,2025-03-18 14:10:52.000,2025-03-18 14:10:52.000,
4188,1371,01371-FUR-LC-CFS-PTRE-14,01371-FUR-LC-CFS-PTRE-14,596,FUR-LC,165,Tersedia,Bagus,0.0,inventory/ams/inventoryPhoto/1603352932LACI_KERJA.jpg,inventory/ams/assets/uploads/assetsre/ap/1603352932LACI_KERJA.jpg,LT,Aset,Corporate,,65,2024-07-31 14:42:18.000,2024-07-31 14:42:18.000,
4189,1374,01374-FUR-LC-CFS-PTRE-14,01374-FUR-LK-CFS-PTRE-14,596,FUR-LC,165,Borrowed,Bagus,0.0,inventory/ams/inventoryPhoto/1602747797laci-meja-kantor-uno-ump-2165-600x600.jpg,inventory/ams/assets/uploads/assetsre/ap/1602747797laci-meja-kantor-uno-ump-2165-600x600.jpg,LT,Aset,Corporate,,65,2024-07-31 14:40:19.000,2024-07-31 14:40:19.000,
4190,1375,01375-FUR-LC-CFS-PTRE-13,01375-FUR-LK-CFS-PTRE-13,596,FUR-LC,165,Tersedia,Bagus,0.0,inventory/ams/inventoryPhoto/1602747664laci-meja-kantor-uno-ump-2165-600x600.jpg,inventory/ams/assets/uploads/assetsre/ap/1602747664laci-meja-kantor-uno-ump-2165-600x600.jpg,LT,Aset,Corporate,,65,2024-07-31 14:39:59.000,2024-07-31 14:39:59.000,
4191,1376,01376-FUR-LC-CFS-PTRE-13,01376-FUR-LK-CFS-PTRE-13,596,FUR-LC,165,Borrowed,Bagus,0.0,inventory/ams/inventoryPhoto/1602747215laci-meja-kantor-uno-ump-2165-600x600.jpg,inventory/ams/assets/uploads/assetsre/ap/1602747215laci-meja-kantor-uno-ump-2165-600x600.jpg,LT,Aset,Corporate,,65,2024-07-31 14:39:44.000,2024-07-31 14:39:44.000,
4192,1377,01377-FUR-LC-CFS-PTRE-14,01377-FUR-LK-CFS-PTRE-14,596,FUR-LC,165,Borrowed,Bagus,0.0,inventory/ams/inventoryPhoto/1602747511laci-meja-kantor-uno-ump-2165-600x600.jpg,inventory/ams/assets/uploads/assetsre/ap/1602747511laci-meja-kantor-uno-ump-2165-600x600.jpg,LT,Aset,Corporate,,65,2024-07-31 14:40:06.000,2024-07-31 14:40:06.000,
4193,1380,01380-FUR-LC-CFS-PTRE-14,01380-FUR-LC-CFS-PTRE-14,596,FUR-LC,165,Tersedia,Bagus,0.0,inventory/ams/inventoryPhoto/1603353743LACI_KERJA.jpg,inventory/ams/assets/uploads/assetsre/ap/1603353743LACI_KERJA.jpg,LT,Aset,Corporate,,65,2024-07-31 14:39:31.000,2024-07-31 14:39:31.000,
4194,1382,01382-FUR-LC-CFS-PTRE-14,01382-FUR-LC-CFS-PTRE-14,596,FUR-LC,165,Tersedia,Bagus,0.0,inventory/ams/inventoryPhoto/1603352420LACI_KERJA.jpg,inventory/ams/assets/uploads/assetsre/ap/1603352420LACI_KERJA.jpg,LT,Aset,Corporate,,65,2024-07-31 14:39:24.000,2024-07-31 14:39:24.000,
4195,1383,01383-FUR-LC-CFS-PTRE-13,01383-FUR-LK-CFS-PTRE-13,596,FUR-LC,165,Borrowed,Bagus,0.0,inventory/ams/inventoryPhoto/1602749108laci-meja-kantor-uno-ump-2165-600x600.jpg,inventory/ams/assets/uploads/assetsre/ap/1602749108laci-meja-kantor-uno-ump-2165-600x600.jpg,LT,Aset,Corporate,,65,2024-07-31 14:39:38.000,2024-07-31 14:39:38.000,
4196,1384,01384-FUR-LC-CFS-PTRE-14,01384-FUR-LC-CFS-PTRE-14,596,FUR-LC,165,Tersedia,Bagus,0.0,inventory/ams/inventoryPhoto/1603354441LACI_KERJA.jpg,inventory/ams/assets/uploads/assetsre/ap/1603354441LACI_KERJA.jpg,LT,Aset,Corporate,,65,2024-07-31 14:38:54.000,2024-07-31 14:38:54.000,
4197,1387,01387-FUR-LC-CFS-PTRE-13,01387-FUR-LK-CFS-PTRE-13,596,FUR-LC,165,Tersedia,Bagus,0.0,inventory/ams/inventoryPhoto/1602749719laci-meja-kantor-uno-ump-2165-600x600.jpg,inventory/ams/assets/uploads/assetsre/ap/1602749719laci-meja-kantor-uno-ump-2165-600x600.jpg,LT,Aset,Corporate,,65,2024-07-31 14:38:43.000,2024-07-31 14:38:43.000,
4198,1389,01389-FUR-LC-CFS-PTRE-13,01389-FUR-LK-CFS-PTRE-13,596,FUR-LC,165,Borrowed,Bagus,0.0,inventory/ams/inventoryPhoto/1602748412laci-meja-kantor-uno-ump-2165-600x600.jpg,inventory/ams/assets/uploads/assetsre/ap/1602748412laci-meja-kantor-uno-ump-2165-600x600.jpg,LT,Aset,Corporate,,65,2024-07-31 14:40:36.000,2024-07-31 14:40:36.000,
4199,1390,01390-FUR-LC-CFS-PTRE-14,01390-FUR-LC-CFS-PTRE-14,596,FUR-LC,165,Tersedia,Bagus,0.0,inventory/ams/inventoryPhoto/1603352856LACI_KERJA.jpg,inventory/ams/assets/uploads/assetsre/ap/1603352856LACI_KERJA.jpg,LT,Aset,Corporate,,65,2024-07-31 14:39:10.000,2024-07-31 14:39:10.000,
4200,1391,01391-FUR-LC-CFS-PTRE-14,01391-FUR-LC-CFS-PTRE-14,596,FUR-LC,165,Tersedia,Bagus,0.0,inventory/ams/inventoryPhoto/1603353214LACI_KERJA.jpg,inventory/ams/assets/uploads/assetsre/ap/1603353214LACI_KERJA.jpg,LT,Aset,Corporate,,65,2024-07-31 14:38:25.000,2024-07-31 14:38:25.000,
4201,1392,01392-FUR-LC-CFS-PTRE-13,01392-FUR-LK-CFS-PTRE-13,596,FUR-LC,151,Tidak Aktif,Bagus,0.0,inventory/ams/inventoryPhoto/1602749611laci-meja-kantor-uno-ump-2165-600x600.jpg,inventory/ams/assets/uploads/assetsre/ap/1602749611laci-meja-kantor-uno-ump-2165-600x600.jpg,LT,Aset,Corporate,,65,2020-10-15 15:13:31.000,2024-08-01 10:33:09.000,
4202,1393,01393-FUR-LC-CFS-PTRE-13,01393-FUR-LK-CFS-PTRE-13,604,FUR-LC,120,Tersedia,Bagus,0.0,inventory/ams/inventoryPhoto/1603174458LACI_KERJA.jpg,inventory/ams/assets/uploads/assetsre/ap/1603174458LACI_KERJA.jpg,LT,Aset,Corporate,,65,2024-07-26 14:36:58.000,2024-07-26 14:36:58.000,
4203,1394,01394-FUR-LC-CFS-PTRE-14,01394-FUR-LC-CFS-PTRE-14,596,FUR-LC,165,Tersedia,Bagus,0.0,inventory/ams/inventoryPhoto/1603353572LACI_KERJA.jpg,inventory/ams/assets/uploads/assetsre/ap/1603353572LACI_KERJA.jpg,LT,Aset,Corporate,,65,2024-07-31 14:38:17.000,2024-07-31 14:38:17.000,
4204,1395,01395-FUR-LC-CFS-PTRE-13,01395-FUR-LK-CFS-PTRE-13,596,FUR-LC,165,Borrowed,Bagus,0.0,inventory/ams/inventoryPhoto/1602749033laci-meja-kantor-uno-ump-2165-600x600.jpg,inventory/ams/assets/uploads/assetsre/ap/1602749033laci-meja-kantor-uno-ump-2165-600x600.jpg,LT,Aset,Corporate,,65,2024-07-31 14:38:33.000,2024-07-31 14:38:33.000,
4205,1396,01396-FUR-LC-CFS-PTRE-13,01396-FUR-LK-CFS-PTRE-13,596,FUR-LC,121,Tersedia,Bagus,0.0,inventory/ams/inventoryPhoto/1726199207Laci_Kerja.jpeg,inventory/ams/assets/uploads/assetsre/ap/1726199207Laci_Kerja.jpeg,LT,Aset,Corporate,,65,2024-09-13 10:46:47.000,2024-09-13 10:46:47.000,
4206,1398,01398-FUR-LC-CFS-PTRE-13,01398-FUR-LK-CFS-PTRE-13,606,FUR-LC,165,Borrowed,Bagus,0.0,inventory/ams/inventoryPhoto/1602749475laci-meja-kantor-uno-ump-2165-600x600.jpg,inventory/ams/assets/uploads/assetsre/ap/1602749475laci-meja-kantor-uno-ump-2165-600x600.jpg,LT,Aset,Corporate,,65,2024-07-31 14:38:09.000,2024-07-31 14:38:09.000,
4207,1401,01401-FUR-LC-CFS-PTRE-14,01401-FUR-LC-CFS-PTRE-14,596,FUR-LC,165,Tersedia,Bagus,0.0,inventory/ams/inventoryPhoto/1603353269LACI_KERJA.jpg,inventory/ams/assets/uploads/assetsre/ap/1603353269LACI_KERJA.jpg,LT,Aset,Corporate,,65,2024-07-31 14:37:37.000,2024-07-31 14:37:37.000,
4208,1402,01402-FUR-LC-CFS-PTRE-14,01402-FUR-LC-CFS-PTRE-14,596,FUR-LC,165,Tersedia,Bagus,0.0,inventory/ams/inventoryPhoto/1603352568LACI_KERJA.jpg,inventory/ams/assets/uploads/assetsre/ap/1603352568LACI_KERJA.jpg,LT,Aset,Corporate,,65,2024-07-31 14:39:17.000,2024-07-31 14:39:17.000,
4209,1403,01403-FUR-LC-CFS-PTRE-14,01403-FUR-LC-CFS-PTRE-14,596,FUR-LC,165,Tersedia,Bagus,0.0,inventory/ams/inventoryPhoto/1603352985LACI_KERJA.jpg,inventory/ams/assets/uploads/assetsre/ap/1603352985LACI_KERJA.jpg,LT,Aset,Corporate,,65,2024-07-31 14:39:51.000,2024-07-31 14:39:51.000,
4210,1405,01405-FUR-LC-CFS-PTRE-13,01405-FUR-LK-CFS-PTRE-13,596,FUR-LC,165,Borrowed,Bagus,0.0,inventory/ams/inventoryPhoto/1602749281laci-meja-kantor-uno-ump-2165-600x600.jpg,inventory/ams/assets/uploads/assetsre/ap/1602749281laci-meja-kantor-uno-ump-2165-600x600.jpg,LT,Aset,Corporate,,65,2024-07-31 14:39:03.000,2024-07-31 14:39:03.000,
4211,1409,01409-FUR-LC-CFS-PTRE-14,01409-FUR-LC-CFS-PTRE-14,596,FUR-LC,165,Tersedia,Bagus,0.0,inventory/ams/inventoryPhoto/1603353518LACI_KERJA.jpg,inventory/ams/assets/uploads/assetsre/ap/1603353518LACI_KERJA.jpg,LT,Aset,Corporate,,65,2024-07-31 14:38:02.000,2024-07-31 14:38:02.000,
4212,1410,01410-FUR-LC-CFS-PTRE-14,01410-FUR-KK-CFS-PTRE-14,596,FUR-LC,165,Borrowed,Bagus,0.0,inventory/ams/inventoryPhoto/1602748547laci-meja-kantor-uno-ump-2165-600x600.jpg,inventory/ams/assets/uploads/assetsre/ap/1602748547laci-meja-kantor-uno-ump-2165-600x600.jpg,LT,Aset,Corporate,,65,2024-07-31 14:37:02.000,2024-07-31 14:37:02.000,
4213,1411,01411-FUR-LC-CFS-PTRE-14,01411-FUR-LC-CFS-PTRE-14,596,FUR-LC,165,Tersedia,Bagus,0.0,inventory/ams/inventoryPhoto/1603353436LACI_KERJA.jpg,inventory/ams/assets/uploads/assetsre/ap/1603353436LACI_KERJA.jpg,LT,Aset,Corporate,,65,2024-07-31 14:36:41.000,2024-07-31 14:36:41.000,
4214,1412,01412-FUR-LC-CFS-PTRE-13,01412-FUR-LC-CFS-PTRE-13,596,FUR-LC,165,Tersedia,Bagus,0.0,inventory/ams/inventoryPhoto/1603353856LACI_KERJA.jpg,inventory/ams/assets/uploads/assetsre/ap/1603353856LACI_KERJA.jpg,LT,Aset,Corporate,,65,2024-07-31 14:37:15.000,2024-07-31 14:37:15.000,
4215,1415,01415-FUR-LC-CFS-PTRE-14,01415-FUR-LC-CFS-PTRE-14,596,FUR-LC,165,Tersedia,Bagus,0.0,inventory/ams/inventoryPhoto/1603353801LACI_KERJA.jpg,inventory/ams/assets/uploads/assetsre/ap/1603353801LACI_KERJA.jpg,LT,Aset,Corporate,,65,2024-07-31 14:37:22.000,2024-07-31 14:37:22.000,
4216,1417,01417-FUR-LC-CFS-PTRE-13,01417-FUR-LK-CFS-PTRE-13,596,FUR-LC,165,Borrowed,Bagus,0.0,inventory/ams/inventoryPhoto/1602747965laci-meja-kantor-uno-ump-2165-600x600.jpg,inventory/ams/assets/uploads/assetsre/ap/1602747965laci-meja-kantor-uno-ump-2165-600x600.jpg,LT,Aset,Corporate,,65,2024-07-31 14:26:57.000,2024-07-31 14:26:57.000,
4217,1422,01422FUR-FUR-LC-CFS-PTRE-13,01422FUR-LK-CFS-PTRE-13,596,FUR-LC,121,Tersedia,Bagus,0.0,inventory/ams/inventoryPhoto/1726199186Laci_Kerja.jpeg,inventory/ams/assets/uploads/assetsre/ap/1726199186Laci_Kerja.jpeg,LT,Aset,Corporate,,65,2024-09-13 10:46:26.000,2024-09-13 10:46:26.000,
4218,1428,01428-FUR-LC-CFS-PTRE-14,01428-FUR-KK-CFS-PTRE-14,596,FUR-LC,232,Tersedia,Bagus,0.0,inventory/ams/inventoryPhoto/1710261930WhatsApp_Image_2024-03-09_at_10_13_41.jpeg,inventory/ams/assets/uploads/assetsre/ap/1710261930WhatsApp_Image_2024-03-09_at_10_13_41.jpeg,LT,Inventaris,Corporate,,65,2024-03-12 23:45:30.000,2024-03-12 23:45:30.000,
4219,1433,01433-FUR-LC-CFS-PTRE-13,01433-FUR-LC-CFS-PTRE-13,604,FUR-LC,175,Borrowed,Bagus,0.0,inventory/ams/inventoryPhoto/1602748173LACI_KERJA.jpg,inventory/ams/assets/uploads/assetsre/ap/1602748173LACI_KERJA.jpg,LT,Inventaris,Corporate,,65,2024-02-28 10:56:41.000,2024-02-28 10:56:41.000,
4220,1445,01445-FUR-LC-CFS-PTRE-14,01445-FUR-LC-CFS-PTRE-14,598,FUR-LC,153,Tersedia,Bagus,0.0,inventory/ams/inventoryPhoto/1726199163Laci_Kerja.jpeg,inventory/ams/assets/uploads/assetsre/ap/1726199163Laci_Kerja.jpeg,LT,Aset,Corporate,,65,2024-09-13 10:46:03.000,2024-09-13 10:46:03.000,
4221,1446,01446-FUR-LC-CFS-PTRE-14,01446-FUR-LC-CFS-PTRE-14,598,FUR-LC,153,Tersedia,Bagus,0.0,inventory/ams/inventoryPhoto/1726199158Laci_Kerja.jpeg,inventory/ams/assets/uploads/assetsre/ap/1726199158Laci_Kerja.jpeg,LT,Aset,Corporate,,65,2024-09-13 10:45:58.000,2024-09-13 10:45:58.000,
4222,1447,01447-FUR-LC-CFS-PTRE-14,01447-FUR-LC-CFS-PTRE-14,598,FUR-LC,153,Tersedia,Bagus,0.0,inventory/ams/inventoryPhoto/1726199111Laci_Kerja.jpeg,inventory/ams/assets/uploads/assetsre/ap/1726199111Laci_Kerja.jpeg,LT,Aset,Corporate,,65,2024-09-13 10:45:11.000,2024-09-13 10:45:11.000,
4223,1453,01453-FUR-LC-CFS-PTRE-13,01453-FUR-LK-CFS-PTRE-13,604,FUR-LC,120,Tersedia,Bagus,0.0,inventory/ams/inventoryPhoto/1603174098LACI_KERJA.jpg,inventory/ams/assets/uploads/assetsre/ap/1603174098LACI_KERJA.jpg,LT,Aset,Corporate,,65,2024-07-26 14:36:40.000,2024-07-26 14:36:40.000,
4224,1465,01465-FUR-LC-CFS-PTRE-13,01465-FUR-LK-CFS-PTRE-13,596,FUR-LC,121,Tersedia,Bagus,0.0,inventory/ams/inventoryPhoto/1726199106Laci_Kerja.jpeg,inventory/ams/assets/uploads/assetsre/ap/1726199106Laci_Kerja.jpeg,LT,Aset,Corporate,10780,65,2025-04-25 10:25:15.000,2025-04-25 10:25:15.000,
4225,1466,01466-FUR-LC-CFS-PTRE-13,01466-FUR-LK-CFS-PTRE-13,604,FUR-LC,121,Tersedia,Bagus,0.0,inventory/ams/inventoryPhoto/1603173677LACI_KERJA.jpg,inventory/ams/assets/uploads/assetsre/ap/1603173677LACI_KERJA.jpg,LT,Aset,Corporate,,65,2024-07-26 15:16:52.000,2024-07-26 15:16:52.000,
4226,1478,01478-FUR-LC-CFS-PTRE-13,01478-FUR-LC-CFS-PTRE-13,604,FUR-LC,175,Borrowed,Bagus,0.0,inventory/ams/inventoryPhoto/1602747129LACI_KERJA.jpg,inventory/ams/assets/uploads/assetsre/ap/1602747129LACI_KERJA.jpg,LT,Inventaris,Corporate,,65,2024-02-28 10:56:32.000,2024-02-28 10:56:32.000,
4227,1481,01481-FUR-LC-CFS-PTRE-13,01481-FUR-LC-CFS-PTRE-13,604,FUR-LC,175,Borrowed,Bagus,0.0,inventory/ams/inventoryPhoto/1602747879LACI_KERJA.jpg,inventory/ams/assets/uploads/assetsre/ap/1602747879LACI_KERJA.jpg,LT,Inventaris,Corporate,,65,2024-02-28 10:56:07.000,2024-02-28 10:56:07.000,
4228,1491,01491-FUR-LC-CFS-PTRE-13,01491-FUR-LK-CFS-PTRE-13,604,FUR-LC,120,Tersedia,Bagus,0.0,inventory/ams/inventoryPhoto/1603165347LACI_KERJA.jpg,inventory/ams/assets/uploads/assetsre/ap/1603165347LACI_KERJA.jpg,LT,Aset,Corporate,,65,2024-07-26 14:36:01.000,2024-07-26 14:36:01.000,
4229,1492,01492-FUR-LC-CFS-PTRE-13,01492-FUR-LK-CFS-PTRE-13,596,FUR-LC,121,Tersedia,Bagus,0.0,inventory/ams/inventoryPhoto/1726199101Laci_Kerja.jpeg,inventory/ams/assets/uploads/assetsre/ap/1726199101Laci_Kerja.jpeg,LT,Aset,Corporate,10780,65,2025-04-25 10:18:36.000,2025-04-25 10:18:36.000,
4230,1499,01499-FUR-LC-CFS-PTRE-13,01499-FUR-LK-CFS-PTRE-13,604,FUR-LC,121,Tersedia,Bagus,0.0,inventory/ams/inventoryPhoto/1603173945LACI_KERJA.jpg,inventory/ams/assets/uploads/assetsre/ap/1603173945LACI_KERJA.jpg,LT,Aset,Corporate,,65,2024-07-26 15:16:41.000,2024-07-26 15:16:41.000,
4231,1500,01500-FUR-LC-CFS-PTRE-13,01500-FUR-LK-CFS-PTRE-13,604,FUR-LC,120,Tersedia,Bagus,0.0,inventory/ams/inventoryPhoto/1603173836LACI_KERJA.jpg,inventory/ams/assets/uploads/assetsre/ap/1603173836LACI_KERJA.jpg,LT,Aset,Corporate,,65,2024-07-26 14:35:53.000,2024-07-26 14:35:53.000,
4232,1502,01502-FUR-LC-CFS-PTRE-13,01502-FUR-LK-CFS-PTRE-13,604,FUR-LC,121,Tersedia,Bagus,0.0,inventory/ams/inventoryPhoto/1603173750LACI_KERJA.jpg,inventory/ams/assets/uploads/assetsre/ap/1603173750LACI_KERJA.jpg,LT,Aset,Corporate,,65,2024-07-26 15:16:33.000,2024-07-26 15:16:33.000,
4233,1503,01503-FUR-LC-CFS-PTRE-12,01503-FUR-LK-CFS-PTRE-12,596,FUR-LC,121,Tersedia,Bagus,0.0,inventory/ams/inventoryPhoto/1726199096Laci_Kerja.jpeg,inventory/ams/assets/uploads/assetsre/ap/1726199096Laci_Kerja.jpeg,LT,Aset,Corporate,,65,2024-09-13 10:44:56.000,2024-09-13 10:44:56.000,
4234,1504,01504-FUR-LC-CFS-PTRE-13,01504-FUR-LK-CFS-PTRE-13,604,FUR-LC,121,Tersedia,Bagus,0.0,inventory/ams/inventoryPhoto/1603166312LACI_KERJA.jpg,inventory/ams/assets/uploads/assetsre/ap/1603166312LACI_KERJA.jpg,LT,Aset,Corporate,,65,2024-07-26 15:16:09.000,2024-07-26 15:16:09.000,
4235,1509,01509-FUR-LC-CFS-PTRE-13,01509-FUR-LK-CFS-PTRE-13,604,FUR-LC,120,Tersedia,Bagus,0.0,inventory/ams/inventoryPhoto/1603174279LACI_KERJA.jpg,inventory/ams/assets/uploads/assetsre/ap/1603174279LACI_KERJA.jpg,LT,Aset,Corporate,,1,2024-07-26 14:35:30.000,2024-07-26 14:35:30.000,
4236,1511,01511-FUR-LC-CFS-PTRE-12,01511-FUR-KK-CFS-PTRE-12,604,FUR-LC,121,Tersedia,Bagus,0.0,inventory/ams/inventoryPhoto/1603174630LACI_KERJA.jpg,inventory/ams/assets/uploads/assetsre/ap/1603174630LACI_KERJA.jpg,LT,Aset,Corporate,,65,2024-07-26 15:16:17.000,2024-07-26 15:16:17.000,
4237,1512,01512-FUR-LC-CFS-PTRE-13,01512-FUR-LC-CFS-PTRE-13,596,FUR-LC,154,Tidak Aktif,Bagus,0.0,inventory/ams/inventoryPhoto/1601865145laci-meja-kantor-uno-ump-2165-600x600.jpg,inventory/ams/assets/uploads/assetsre/ap/1601865145laci-meja-kantor-uno-ump-2165-600x600.jpg,LT,Aset,Corporate,,65,2020-10-05 09:32:25.000,2024-08-05 13:14:26.000,
4238,1517,01517-FUR-LC-CFS-PTRE-13,01517-FUR-LK-CFS-PTRE-13,604,FUR-LC,121,Tersedia,Bagus,0.0,inventory/ams/inventoryPhoto/1603174016LACI_KERJA.jpg,inventory/ams/assets/uploads/assetsre/ap/1603174016LACI_KERJA.jpg,LT,Aset,Corporate,,65,2024-07-26 15:15:56.000,2024-07-26 15:15:56.000,
4239,1518,01518-FUR-LC-CFS-PTRE-13,01518-FUR-LK-CFS-PTRE-13,604,FUR-LC,120,Tersedia,Bagus,0.0,inventory/ams/inventoryPhoto/1603164695LACI_KERJA.jpg,inventory/ams/assets/uploads/assetsre/ap/1603164695LACI_KERJA.jpg,LT,Aset,Corporate,,65,2024-07-26 14:35:47.000,2024-07-26 14:35:47.000,
4240,1519,01519-FUR-LC-CFS-PTRE-13,01519-FUR-LK-CFS-PTRE-13,604,FUR-LC,120,Tersedia,Bagus,0.0,inventory/ams/inventoryPhoto/1603166148LACI_KERJA.jpg,inventory/ams/assets/uploads/assetsre/ap/1603166148LACI_KERJA.jpg,LT,Aset,Corporate,,65,2024-07-26 14:35:22.000,2024-07-26 14:35:22.000,
4241,1521,01521-FUR-LC-CFS-PTRE-13,01521-FUR-LK-CFS-PTRE-13,604,FUR-LC,121,Tersedia,Bagus,0.0,inventory/ams/inventoryPhoto/1603166395LACI_KERJA.jpg,inventory/ams/assets/uploads/assetsre/ap/1603166395LACI_KERJA.jpg,LT,Aset,Corporate,,65,2024-07-26 15:16:03.000,2024-07-26 15:16:03.000,
4242,1522,01522-FUR-LC-CFS-PTRE-13,01522-FUR-LK-CFS-PTRE-13,604,FUR-LC,121,Tersedia,Bagus,0.0,inventory/ams/inventoryPhoto/1603165078LACI_KERJA.jpg,inventory/ams/assets/uploads/assetsre/ap/1603165078LACI_KERJA.jpg,LT,Aset,Corporate,,65,2024-07-26 15:15:47.000,2024-07-26 15:15:47.000,
4243,1525,01525-FUR-LC-CFS-PTRE-13,01525-FUR-LK-CFS-PTRE-13,604,FUR-LC,121,Tersedia,Bagus,0.0,inventory/ams/inventoryPhoto/1603164883LACI_KERJA.jpg,inventory/ams/assets/uploads/assetsre/ap/1603164883LACI_KERJA.jpg,LT,Aset,Corporate,,65,2024-07-26 15:16:25.000,2024-07-26 15:16:25.000,
4244,1526,01526-FUR-LC-CFS-PTRE-13,01526-FUR-LK-CFS-PTRE-13,596,FUR-LC,121,Tersedia,Bagus,0.0,inventory/ams/inventoryPhoto/1726199076Laci_Kerja.jpeg,inventory/ams/assets/uploads/assetsre/ap/1726199076Laci_Kerja.jpeg,LT,Aset,Corporate,,1,2024-09-13 10:44:36.000,2024-09-13 10:44:36.000,
4245,1531,01531-FUR-LC-CFS-PTRE-13,01531-FUR-LK-CFS-PTRE-13,604,FUR-LC,120,Tersedia,Bagus,0.0,inventory/ams/inventoryPhoto/1603165935LACI_KERJA.jpg,inventory/ams/assets/uploads/assetsre/ap/1603165935LACI_KERJA.jpg,LT,Aset,Corporate,,65,2024-07-26 14:35:39.000,2024-07-26 14:35:39.000,
4246,1532,01532-FUR-LC-CFS-PTRE-12,01532-FUR-LK-CFS-PTRE-12,604,FUR-LC,121,Tersedia,Bagus,0.0,inventory/ams/inventoryPhoto/1603165665LACI_KERJA.jpg,inventory/ams/assets/uploads/assetsre/ap/1603165665LACI_KERJA.jpg,LT,Aset,Corporate,,65,2024-07-26 15:15:37.000,2024-07-26 15:15:37.000,
4247,1533,01533-FUR-LC-CFS-PTRE-13,01533-FUR-LK-CFS-PTRE-13,604,FUR-LC,120,Tersedia,Bagus,0.0,inventory/ams/inventoryPhoto/1603164464LACI_KERJA.jpg,inventory/ams/assets/uploads/assetsre/ap/1603164464LACI_KERJA.jpg,LT,Aset,Corporate,,65,2024-07-26 14:35:14.000,2024-07-26 14:35:14.000,
4248,1536,01536-FUR-LC-CFS-PTRE-14,01536-FUR-LC-CFS-PTRE-14,596,FUR-LC,232,Tersedia,Bagus,0.0,inventory/ams/inventoryPhoto/1710261910WhatsApp_Image_2024-03-09_at_10_13_41.jpeg,inventory/ams/assets/uploads/assetsre/ap/1710261910WhatsApp_Image_2024-03-09_at_10_13_41.jpeg,LT,Inventaris,Corporate,,65,2024-03-12 23:45:10.000,2024-03-12 23:45:10.000,
4249,1539,01539-FUR-LC-CFS-PTRE-13,01539-FUR-LK-CFS-PTRE-13,596,FUR-LC,232,Borrowed,Bagus,0.0,inventory/ams/inventoryPhoto/1710261893WhatsApp_Image_2024-03-09_at_10_13_41.jpeg,inventory/ams/assets/uploads/assetsre/ap/1710261893WhatsApp_Image_2024-03-09_at_10_13_41.jpeg,LT,Inventaris,Corporate,,65,2024-03-12 23:44:53.000,2024-03-12 23:44:53.000,
4250,1541,01541-FUR-LC-CFS-PTRE-14,01541-FUR-LC-CFS-PTRE-14,596,FUR-LC,232,Tersedia,Bagus,0.0,inventory/ams/inventoryPhoto/1710261875WhatsApp_Image_2024-03-09_at_10_13_41.jpeg,inventory/ams/assets/uploads/assetsre/ap/1710261875WhatsApp_Image_2024-03-09_at_10_13_41.jpeg,LT,Inventaris,Corporate,,65,2024-03-12 23:44:35.000,2024-03-12 23:44:35.000,
4251,1542,01542-FUR-LC-CFS-PTRE-13,01542-FUR-LK-CFS-PTRE-13,596,FUR-LC,232,Borrowed,Bagus,0.0,inventory/ams/inventoryPhoto/1710261854WhatsApp_Image_2024-03-09_at_10_13_41.jpeg,inventory/ams/assets/uploads/assetsre/ap/1710261854WhatsApp_Image_2024-03-09_at_10_13_41.jpeg,LT,Inventaris,Corporate,,65,2024-03-12 23:44:14.000,2024-03-12 23:44:14.000,
4252,1544,01544-FUR-LC-CFS-PTRE-13,01544-FUR-LK-CFS-PTRE-13,596,FUR-LC,161,Tidak Aktif,Bagus,0.0,inventory/ams/inventoryPhoto/1602749379laci-meja-kantor-uno-ump-2165-600x600.jpg,inventory/ams/assets/uploads/assetsre/ap/1602749379laci-meja-kantor-uno-ump-2165-600x600.jpg,LT,Aset,Corporate,,65,2020-10-15 15:09:39.000,2024-08-23 14:05:37.000,
4253,1546,01546-FUR-LC-CFS-PTRE-13,01546-FUR-LK-CFS-PTRE-13,607,FUR-LC,138,Tersedia,Bagus,0.0,inventory/ams/inventoryPhoto/1726199064Laci_Kerja.jpeg,inventory/ams/assets/uploads/assetsre/ap/1726199064Laci_Kerja.jpeg,LT,Inventaris,Corporate,10780,65,2026-07-27 16:15:00.000,2026-07-27 16:15:00.000,
4254,1547,01547-FUR-LC-CFS-PTRE-14,01547-FUR-LC-CFS-PTRE-14,596,FUR-LC,232,Tersedia,Bagus,0.0,inventory/ams/inventoryPhoto/1710261836WhatsApp_Image_2024-03-09_at_10_13_41.jpeg,inventory/ams/assets/uploads/assetsre/ap/1710261836WhatsApp_Image_2024-03-09_at_10_13_41.jpeg,LT,Inventaris,Corporate,,65,2024-03-12 23:43:56.000,2024-03-12 23:43:56.000,
4255,1552,01552-FUR-LC-CFS-PTRE-13,01552-FUR-LK-CFS-PTRE-13,596,FUR-LC,232,Borrowed,Bagus,0.0,inventory/ams/inventoryPhoto/1710261818WhatsApp_Image_2024-03-09_at_10_13_41.jpeg,inventory/ams/assets/uploads/assetsre/ap/1710261818WhatsApp_Image_2024-03-09_at_10_13_41.jpeg,LT,Inventaris,Corporate,,65,2024-03-12 23:43:38.000,2024-03-12 23:43:38.000,
4256,1554,01554-FUR-LC-CFS-PTRE-13,01554-FUR-LK-CFS-PTRE-13,604,FUR-LC,121,Tersedia,Bagus,0.0,inventory/ams/inventoryPhoto/1603165844LACI_KERJA.jpg,inventory/ams/assets/uploads/assetsre/ap/1603165844LACI_KERJA.jpg,LT,Aset,Corporate,,65,2024-07-26 15:15:19.000,2024-07-26 15:15:19.000,
4257,1555,01555-FUR-LC-CFS-PTRE-13,01555-FUR-LK-CFS-PTRE-13,605,FUR-LC,223,Borrowed,Bagus,0.0,inventory/ams/inventoryPhoto/1726199054Laci_Kerja.jpeg,inventory/ams/assets/uploads/assetsre/ap/1726199054Laci_Kerja.jpeg,LT,Aset,Corporate,10780,65,2025-03-18 14:10:29.000,2025-03-18 14:10:29.000,
4258,1558,01558-FUR-LC-CFS-PTRE-13,01558-FUR-LK-CFS-PTRE-13,604,FUR-LC,121,Tersedia,Bagus,0.0,inventory/ams/inventoryPhoto/1603165585LACI_KERJA.jpg,inventory/ams/assets/uploads/assetsre/ap/1603165585LACI_KERJA.jpg,LT,Aset,Corporate,,65,2024-07-26 15:15:09.000,2024-07-26 15:15:09.000,
4259,1559,01559-FUR-LC-CFS-PTRE-13,01559-FUR-LK-CFS-PTRE-13,604,FUR-LC,120,Tersedia,Bagus,0.0,inventory/ams/inventoryPhoto/1603166226LACI_KERJA.jpg,inventory/ams/assets/uploads/assetsre/ap/1603166226LACI_KERJA.jpg,LT,Aset,Corporate,,65,2024-07-26 14:35:04.000,2024-07-26 14:35:04.000,
4260,1563,01563-FUR-LC-CFS-PTRE-13,01563-FUR-LK-CFS-PTRE-13,604,FUR-LC,120,Tersedia,Bagus,0.0,inventory/ams/inventoryPhoto/1603165756LACI_KERJA.jpg,inventory/ams/assets/uploads/assetsre/ap/1603165756LACI_KERJA.jpg,LT,Aset,Corporate,,65,2024-07-26 14:34:55.000,2024-07-26 14:34:55.000,
4261,1565,01565-FUR-LC-CFS-PTRE-13,01565-FUR-LK-CFS-PTRE-13,604,FUR-LC,120,Tersedia,Bagus,0.0,inventory/ams/inventoryPhoto/1603174353LACI_KERJA.jpg,inventory/ams/assets/uploads/assetsre/ap/1603174353LACI_KERJA.jpg,LT,Aset,Corporate,,1,2024-07-26 14:34:47.000,2024-07-26 14:34:47.000,
4262,1569,01569-FUR-LC-CFS-PTRE-13,01569-FUR-LK-CFS-PTRE-13,604,FUR-LC,121,Tersedia,Bagus,0.0,inventory/ams/inventoryPhoto/1603174173LACI_KERJA.jpg,inventory/ams/assets/uploads/assetsre/ap/1603174173LACI_KERJA.jpg,LT,Aset,Corporate,,1,2024-07-26 15:15:28.000,2024-07-26 15:15:28.000,
4263,1572,01572-FUR-LC-CFS-PTRE-13,01572-FUR-LK-CFS-PTRE-13,604,FUR-LC,121,Tersedia,Bagus,0.0,inventory/ams/inventoryPhoto/1603164794LACI_KERJA.jpg,inventory/ams/assets/uploads/assetsre/ap/1603164794LACI_KERJA.jpg,LT,Aset,Corporate,10780,65,2026-01-07 15:36:36.000,2026-01-07 15:36:36.000,
4264,1573,01573-FUR-LC-CFS-PTRE-13,01573-FUR-LK-CFS-PTRE-13,596,FUR-LC,121,Tersedia,Bagus,0.0,inventory/ams/inventoryPhoto/1726199020Laci_Kerja.jpeg,inventory/ams/assets/uploads/assetsre/ap/1726199020Laci_Kerja.jpeg,LT,Aset,Corporate,,1,2024-09-13 10:43:40.000,2024-09-13 10:43:40.000,
4265,1576,01576-FUR-LC-CFS-PTRE-13,01576-FUR-LK-CFS-PTRE-13,604,FUR-LC,120,Tersedia,Bagus,0.0,inventory/ams/inventoryPhoto/1603165437LACI_KERJA.jpg,inventory/ams/assets/uploads/assetsre/ap/1603165437LACI_KERJA.jpg,LT,Aset,Corporate,,65,2024-07-26 14:34:33.000,2024-07-26 14:34:33.000,
4266,1577,01577-FUR-LC-CFS-PTRE-13,01577-FUR-LK-CFS-PTRE-13,604,FUR-LC,243,Tersedia,Bagus,0.0,inventory/ams/inventoryPhoto/1603174534LACI_KERJA.jpg,inventory/ams/assets/uploads/assetsre/ap/1603174534LACI_KERJA.jpg,LT,Inventaris,Corporate,,65,2026-06-07 17:52:11.000,2026-06-07 17:52:11.000,
4267,1579,01579-FUR-LC-CFS-PTRE-13,01579-FUR-LC-CFS-PTRE-13,604,FUR-LC,192,Borrowed,Bagus,0.0,inventory/ams/inventoryPhoto/1601884084LACI_KERJA.jpg,inventory/ams/assets/uploads/assetsre/ap/1601884084LACI_KERJA.jpg,LT,Inventaris,Corporate,,65,2024-02-28 11:43:23.000,2024-02-28 11:43:23.000,
4268,1580,01580-FUR-LC-CFS-PTRE-13,01580-FUR-LC-CFS-PTRE-13,608,FUR-LC,192,Borrowed,Bagus,0.0,inventory/ams/inventoryPhoto/1601631514laci-meja-kantor-uno-ump-2165-600x600.jpg,inventory/ams/assets/uploads/assetsre/ap/1601631514laci-meja-kantor-uno-ump-2165-600x600.jpg,LT,Inventaris,Corporate,,65,2024-02-28 11:43:14.000,2024-02-28 11:43:14.000,
4269,1581,01581-FUR-LC-CFS-PTRE-13,01581-FUR-LC-CFS-PTRE-13,609,FUR-LC,192,Borrowed,Bagus,0.0,inventory/ams/inventoryPhoto/1601883043LACI_KERJA.jpg,inventory/ams/assets/uploads/assetsre/ap/1601883043LACI_KERJA.jpg,LT,Inventaris,Corporate,,65,2024-02-28 11:43:05.000,2024-02-28 11:43:05.000,
4270,1582,01582-FUR-LC-CFS-PTRE-13,01582-FUR-LC-CFS-PTRE-13,609,FUR-LC,192,Borrowed,Bagus,0.0,inventory/ams/inventoryPhoto/1601864047LACI_KERJA.jpg,inventory/ams/assets/uploads/assetsre/ap/1601864047LACI_KERJA.jpg,LT,Inventaris,Corporate,,65,2024-02-28 11:42:56.000,2024-02-28 11:42:56.000,
4271,1587,01587-FUR-LC-CFS-PTRE-13,01587-FUR-LC-CFS-PTRE-13,609,FUR-LC,192,Borrowed,Bagus,0.0,inventory/ams/inventoryPhoto/1601625032laci-meja-kantor-uno-ump-2165-600x600.jpg,inventory/ams/assets/uploads/assetsre/ap/1601625032laci-meja-kantor-uno-ump-2165-600x600.jpg,LT,Inventaris,Corporate,,65,2024-02-28 11:42:46.000,2024-02-28 11:42:46.000,
4272,1589,01589-FUR-LC-CFS-PTRE-13,01589-FUR-LC-CFS-PTRE-13,609,FUR-LC,192,Borrowed,Bagus,0.0,inventory/ams/inventoryPhoto/1601624835laci-meja-kantor-uno-ump-2165-600x600.jpg,inventory/ams/assets/uploads/assetsre/ap/1601624835laci-meja-kantor-uno-ump-2165-600x600.jpg,LT,Inventaris,Corporate,,65,2024-02-28 11:42:34.000,2024-02-28 11:42:34.000,
4273,1590,01590-FUR-LC-CFS-PTRE-13,01590-FUR-LC-CFS-PTRE-13,609,FUR-LC,192,Tersedia,Bagus,0.0,inventory/ams/inventoryPhoto/1601883189LACI_KERJA.jpg,inventory/ams/assets/uploads/assetsre/ap/1601883189LACI_KERJA.jpg,LT,Inventaris,Corporate,,65,2024-02-28 11:42:25.000,2024-02-28 11:42:25.000,
4274,1591,01591-FUR-LC-CFS-PTRE-13,01591-FUR-LC-CFS-PTRE-13,609,FUR-LC,192,Borrowed,Bagus,0.0,inventory/ams/inventoryPhoto/1601631375laci-meja-kantor-uno-ump-2165-600x600.jpg,inventory/ams/assets/uploads/assetsre/ap/1601631375laci-meja-kantor-uno-ump-2165-600x600.jpg,LT,Inventaris,Corporate,,65,2024-02-28 11:42:17.000,2024-02-28 11:42:17.000,
4275,1592,01592-FUR-LC-CFS-PTRE-13,01592-FUR-LC-CFS-PTRE-13,609,FUR-LC,192,Borrowed,Bagus,0.0,inventory/ams/inventoryPhoto/1601631739laci-meja-kantor-uno-ump-2165-600x600.jpg,inventory/ams/assets/uploads/assetsre/ap/1601631739laci-meja-kantor-uno-ump-2165-600x600.jpg,LT,Inventaris,Corporate,,65,2024-02-28 11:42:08.000,2024-02-28 11:42:08.000,
4276,1594,01594-FUR-LC-CFS-PTRE-13,01594-FUR-LC-CFS-PTRE-13,609,FUR-LC,192,Borrowed,Bagus,0.0,inventory/ams/inventoryPhoto/1601631582laci-meja-kantor-uno-ump-2165-600x600.jpg,inventory/ams/assets/uploads/assetsre/ap/1601631582laci-meja-kantor-uno-ump-2165-600x600.jpg,LT,Inventaris,Corporate,,65,2024-02-28 11:41:58.000,2024-02-28 11:41:58.000,
4277,1595,01595-FUR-LC-CFS-PTRE-13,01595-FUR-LC-CFS-PTRE-13,596,FUR-LC,137,Borrowed,Bagus,0.0,inventory/ams/inventoryPhoto/1601884471LACI_KERJA.jpg,inventory/ams/assets/uploads/assetsre/ap/1601884471LACI_KERJA.jpg,LT,Inventaris,Corporate,,65,2026-01-27 10:20:49.000,2026-01-27 10:20:49.000,
4278,1596,01596-FUR-LC-CFS-PTRE-13,01596-FUR-LC-CFS-PTRE-13,609,FUR-LC,192,Borrowed,Bagus,0.0,inventory/ams/inventoryPhoto/1601882888LACI_KERJA.jpg,inventory/ams/assets/uploads/assetsre/ap/1601882888LACI_KERJA.jpg,LT,Inventaris,Corporate,,65,2024-02-28 11:41:33.000,2024-02-28 11:41:33.000,
4279,1597,01597-FUR-LC-CFS-PTRE-13,01597-FUR-LC-CFS-PTRE-13,604,FUR-LC,192,Borrowed,Bagus,0.0,inventory/ams/inventoryPhoto/1601884253LACI_KERJA.jpg,inventory/ams/assets/uploads/assetsre/ap/1601884253LACI_KERJA.jpg,LT,Inventaris,Corporate,,65,2024-02-28 11:41:24.000,2024-02-28 11:41:24.000,
4280,1600,01600-FUR-LC-CFS-PTRE-13,01600-FUR-LC-CFS-PTRE-13,604,FUR-LC,192,Borrowed,Bagus,0.0,inventory/ams/inventoryPhoto/1601883754LACI_KERJA.jpg,inventory/ams/assets/uploads/assetsre/ap/1601883754LACI_KERJA.jpg,LT,Inventaris,Corporate,,65,2024-02-28 11:41:16.000,2024-02-28 11:41:16.000,
4281,1601,01601-FUR-LC-CFS-PTRE-13,01601-FUR-LC-CFS-PTRE-13,604,FUR-LC,192,Borrowed,Bagus,0.0,inventory/ams/inventoryPhoto/1601884399LACI_KERJA.jpg,inventory/ams/assets/uploads/assetsre/ap/1601884399LACI_KERJA.jpg,LT,Inventaris,Corporate,,65,2024-02-28 11:41:06.000,2024-02-28 11:41:06.000,
4282,1603,01603-FUR-LC-CFS-PTRE-13,01603-FUR-LC-CFS-PTRE-13,609,FUR-LC,192,Borrowed,Bagus,0.0,inventory/ams/inventoryPhoto/1601883362LACI_KERJA.jpg,inventory/ams/assets/uploads/assetsre/ap/1601883362LACI_KERJA.jpg,LT,Inventaris,Corporate,,65,2024-02-28 11:40:46.000,2024-02-28 11:40:46.000,
4283,1604,01604-FUR-LC-CFS-PTRE-13,01604-FUR-LC-CFS-PTRE-13,609,FUR-LC,192,Tersedia,Bagus,0.0,inventory/ams/inventoryPhoto/1601882953LACI_KERJA.jpg,inventory/ams/assets/uploads/assetsre/ap/1601882953LACI_KERJA.jpg,LT,Inventaris,Corporate,,65,2024-02-28 11:40:35.000,2024-02-28 11:40:35.000,
4284,1605,01605-FUR-LC-CFS-PTRE-13,01605-FUR-LC-CFS-PTRE-13,609,FUR-LC,192,Borrowed,Bagus,0.0,inventory/ams/inventoryPhoto/1601883114LACI_KERJA.jpg,inventory/ams/assets/uploads/assetsre/ap/1601883114LACI_KERJA.jpg,LT,Inventaris,Corporate,,65,2024-02-28 11:40:28.000,2024-02-28 11:40:28.000,
4285,1606,01606-FUR-LC-CFS-PTRE-13,01606-FUR-LC-CFS-PTRE-13,609,FUR-LC,192,Borrowed,Bagus,0.0,inventory/ams/inventoryPhoto/1601883461LACI_KERJA.jpg,inventory/ams/assets/uploads/assetsre/ap/1601883461LACI_KERJA.jpg,LT,Inventaris,Corporate,,65,2024-02-28 11:40:19.000,2024-02-28 11:40:19.000,
4286,1608,01608-FUR-LC-CFS-PTRE-13,01608-FUR-LC-CFS-PTRE-13,604,FUR-LC,192,Borrowed,Bagus,0.0,inventory/ams/inventoryPhoto/1601883888LACI_KERJA.jpg,inventory/ams/assets/uploads/assetsre/ap/1601883888LACI_KERJA.jpg,LT,Inventaris,Corporate,,65,2024-02-28 11:39:50.000,2024-02-28 11:39:50.000,
4287,1609,01609-FUR-LC-CFS-PTRE-13,01609-FUR-LC-CFS-PTRE-13,604,FUR-LC,192,Borrowed,Bagus,0.0,inventory/ams/inventoryPhoto/1601883955LACI_KERJA.jpg,inventory/ams/assets/uploads/assetsre/ap/1601883955LACI_KERJA.jpg,LT,Inventaris,Corporate,,65,2024-02-28 11:39:38.000,2024-02-28 11:39:38.000,
4288,1610,01610-FUR-LC-CFS-PTRE-13,01610-FUR-LC-CFS-PTRE-13,609,FUR-LC,192,Borrowed,Bagus,0.0,inventory/ams/inventoryPhoto/1601883661LACI_KERJA.jpg,inventory/ams/assets/uploads/assetsre/ap/1601883661LACI_KERJA.jpg,LT,Inventaris,Corporate,,65,2024-02-28 11:39:29.000,2024-02-28 11:39:29.000,
4289,1612,01612-FUR-LC-CFS-PTRE-13,01612-FUR-LC-CFS-PTRE-13,609,FUR-LC,192,Borrowed,Bagus,0.0,inventory/ams/inventoryPhoto/1601624941laci-meja-kantor-uno-ump-2165-600x600.jpg,inventory/ams/assets/uploads/assetsre/ap/1601624941laci-meja-kantor-uno-ump-2165-600x600.jpg,LT,Inventaris,Corporate,,65,2024-02-28 11:39:19.000,2024-02-28 11:39:19.000,
4290,1613,01613-FUR-LC-CFS-PTRE-13,01613-FUR-LC-CFS-PTRE-13,604,FUR-LC,192,Borrowed,Bagus,0.0,inventory/ams/inventoryPhoto/1601884157LACI_KERJA.jpg,inventory/ams/assets/uploads/assetsre/ap/1601884157LACI_KERJA.jpg,LT,Inventaris,Corporate,,65,2024-02-28 11:39:10.000,2024-02-28 11:39:10.000,
4291,1614,01614-FUR-LC-CFS-PTRE-13,01614-FUR-MK-CFS-PTRE-13,609,FUR-LC,192,Borrowed,Bagus,0.0,inventory/ams/inventoryPhoto/1601631278laci-meja-kantor-uno-ump-2165-600x600.jpg,inventory/ams/assets/uploads/assetsre/ap/1601631278laci-meja-kantor-uno-ump-2165-600x600.jpg,LT,Inventaris,Corporate,,65,2024-02-28 11:39:02.000,2024-02-28 11:39:02.000,
4292,1634,01634-FUR-LC-CFS-PTRE-13,01634-FUR-LC-CFS-PTRE-13,596,FUR-LC,153,Tersedia,Bagus,0.0,inventory/ams/inventoryPhoto/1726199009Laci_Kerja.jpeg,inventory/ams/assets/uploads/assetsre/ap/1726199009Laci_Kerja.jpeg,LT,Aset,Corporate,,65,2024-09-13 10:43:29.000,2024-09-13 10:43:29.000,
4293,1675,01675-FUR-LC-CFS-PTRE-13,01675-FUR-LK-CFS-PTRE-13,605,FUR-LC,223,Borrowed,Bagus,0.0,inventory/ams/inventoryPhoto/1726199005Laci_Kerja.jpeg,inventory/ams/assets/uploads/assetsre/ap/1726199005Laci_Kerja.jpeg,LT,Aset,Corporate,10780,65,2025-03-18 14:10:00.000,2025-03-18 14:10:00.000,
4294,1678,01678-FUR-LC-CFS-PTRE-14,01678-FUR-LC-CFS-PTRE-14,598,FUR-LC,232,Tersedia,Bagus,0.0,inventory/ams/inventoryPhoto/1710261794WhatsApp_Image_2024-03-09_at_10_13_41.jpeg,inventory/ams/assets/uploads/assetsre/ap/1710261794WhatsApp_Image_2024-03-09_at_10_13_41.jpeg,LT,Inventaris,Corporate,,79,2024-03-12 23:43:14.000,2024-03-12 23:43:14.000,
4295,1679,01679-FUR-LC-CFS-PTRE-14,01679-FUR-LC-CFS-PTRE-14,598,FUR-LC,232,Tersedia,Bagus,0.0,inventory/ams/inventoryPhoto/1710261776WhatsApp_Image_2024-03-09_at_10_13_41.jpeg,inventory/ams/assets/uploads/assetsre/ap/1710261776WhatsApp_Image_2024-03-09_at_10_13_41.jpeg,LT,Inventaris,Corporate,,79,2024-03-12 23:42:56.000,2024-03-12 23:42:56.000,
4296,1680,01680-FUR-LC-CFS-PTRE-14,01680-FUR-LC-CFS-PTRE-14,598,FUR-LC,232,Tersedia,Bagus,0.0,inventory/ams/inventoryPhoto/1710261753WhatsApp_Image_2024-03-09_at_10_13_41.jpeg,inventory/ams/assets/uploads/assetsre/ap/1710261753WhatsApp_Image_2024-03-09_at_10_13_41.jpeg,LT,Inventaris,Corporate,,79,2024-03-12 23:42:33.000,2024-03-12 23:42:33.000,
4297,1681,01681-FUR-LC-CFS-PTRE-14,01681-FUR-LC-CFS-PTRE-14,598,FUR-LC,232,Tersedia,Bagus,0.0,inventory/ams/inventoryPhoto/1710261735WhatsApp_Image_2024-03-09_at_10_13_41.jpeg,inventory/ams/assets/uploads/assetsre/ap/1710261735WhatsApp_Image_2024-03-09_at_10_13_41.jpeg,LT,Inventaris,Corporate,,79,2024-03-12 23:42:15.000,2024-03-12 23:42:15.000,
4298,1682,01682-FUR-LC-CFS-PTRE-14,01682-FUR-LC-CFS-PTRE-14,598,FUR-LC,232,Tersedia,Bagus,0.0,inventory/ams/inventoryPhoto/1710261715WhatsApp_Image_2024-03-09_at_10_13_41.jpeg,inventory/ams/assets/uploads/assetsre/ap/1710261715WhatsApp_Image_2024-03-09_at_10_13_41.jpeg,LT,Inventaris,Corporate,,79,2024-03-12 23:41:55.000,2024-03-12 23:41:55.000,
4299,1683,01683-FUR-LC-CFS-PTRE-14,01683-FUR-LC-CFS-PTRE-14,598,FUR-LC,232,Tersedia,Bagus,0.0,inventory/ams/inventoryPhoto/1710261698WhatsApp_Image_2024-03-09_at_10_13_41.jpeg,inventory/ams/assets/uploads/assetsre/ap/1710261698WhatsApp_Image_2024-03-09_at_10_13_41.jpeg,LT,Inventaris,Corporate,,79,2024-03-12 23:41:38.000,2024-03-12 23:41:38.000,
4300,1684,01684-FUR-LC-CFS-PTRE-14,01684-FUR-LC-CFS-PTRE-14,598,FUR-LC,232,Tersedia,Bagus,0.0,inventory/ams/inventoryPhoto/1710261682WhatsApp_Image_2024-03-09_at_10_13_41.jpeg,inventory/ams/assets/uploads/assetsre/ap/1710261682WhatsApp_Image_2024-03-09_at_10_13_41.jpeg,LT,Inventaris,Corporate,,79,2024-03-12 23:41:22.000,2024-03-12 23:41:22.000,
4301,1685,01685-FUR-LC-CFS-PTRE-14,01685-FUR-LC-CFS-PTRE-14,598,FUR-LC,232,Tersedia,Bagus,0.0,inventory/ams/inventoryPhoto/1710261654WhatsApp_Image_2024-03-09_at_10_13_41.jpeg,inventory/ams/assets/uploads/assetsre/ap/1710261654WhatsApp_Image_2024-03-09_at_10_13_41.jpeg,LT,Inventaris,Corporate,,79,2024-03-12 23:40:54.000,2024-03-12 23:40:54.000,
4302,1686,01686-FUR-LC-CFS-PTRE-14,01686-FUR-LC-CFS-PTRE-14,598,FUR-LC,232,Tersedia,Bagus,0.0,inventory/ams/inventoryPhoto/1710261626WhatsApp_Image_2024-03-09_at_10_13_41.jpeg,inventory/ams/assets/uploads/assetsre/ap/1710261626WhatsApp_Image_2024-03-09_at_10_13_41.jpeg,LT,Inventaris,Corporate,,79,2024-03-12 23:40:26.000,2024-03-12 23:40:26.000,
4303,1687,01687-FUR-LC-CFS-PTRE-14,01687-FUR-LC-CFS-PTRE-14,598,FUR-LC,232,Tersedia,Bagus,0.0,inventory/ams/inventoryPhoto/1710261607WhatsApp_Image_2024-03-09_at_10_13_41.jpeg,inventory/ams/assets/uploads/assetsre/ap/1710261607WhatsApp_Image_2024-03-09_at_10_13_41.jpeg,LT,Inventaris,Corporate,,79,2024-03-12 23:40:07.000,2024-03-12 23:40:07.000,
4304,1688,01688-FUR-LC-CFS-PTRE-14,01688-FUR-LC-CFS-PTRE-14,598,FUR-LC,232,Tersedia,Bagus,0.0,inventory/ams/inventoryPhoto/1710261586WhatsApp_Image_2024-03-09_at_10_13_41.jpeg,inventory/ams/assets/uploads/assetsre/ap/1710261586WhatsApp_Image_2024-03-09_at_10_13_41.jpeg,LT,Inventaris,Corporate,,79,2024-03-12 23:39:46.000,2024-03-12 23:39:46.000,
4305,1689,01689-FUR-LC-CFS-PTRE-14,01689-FUR-LC-CFS-PTRE-14,598,FUR-LC,232,Tersedia,Bagus,0.0,inventory/ams/inventoryPhoto/1710261565WhatsApp_Image_2024-03-09_at_10_13_41.jpeg,inventory/ams/assets/uploads/assetsre/ap/1710261565WhatsApp_Image_2024-03-09_at_10_13_41.jpeg,LT,Inventaris,Corporate,,79,2024-03-12 23:39:25.000,2024-03-12 23:39:25.000,
4306,1690,01690-FUR-LC-CFS-PTRE-14,01690-FUR-LC-CFS-PTRE-14,598,FUR-LC,232,Tersedia,Bagus,0.0,inventory/ams/inventoryPhoto/1710261547WhatsApp_Image_2024-03-09_at_10_13_41.jpeg,inventory/ams/assets/uploads/assetsre/ap/1710261547WhatsApp_Image_2024-03-09_at_10_13_41.jpeg,LT,Inventaris,Corporate,,79,2024-03-12 23:39:07.000,2024-03-12 23:39:07.000,
4307,1691,01691-FUR-LC-CFS-PTRE-14,01691-FUR-LC-CFS-PTRE-14,598,FUR-LC,232,Tersedia,Bagus,0.0,inventory/ams/inventoryPhoto/1710261529WhatsApp_Image_2024-03-09_at_10_13_41.jpeg,inventory/ams/assets/uploads/assetsre/ap/1710261529WhatsApp_Image_2024-03-09_at_10_13_41.jpeg,LT,Inventaris,Corporate,,79,2024-03-12 23:38:49.000,2024-03-12 23:38:49.000,
4308,1692,01692-FUR-LC-CFS-PTRE-14,01692-FUR-LC-CFS-PTRE-14,598,FUR-LC,232,Tersedia,Bagus,0.0,inventory/ams/inventoryPhoto/1710261510WhatsApp_Image_2024-03-09_at_10_13_41.jpeg,inventory/ams/assets/uploads/assetsre/ap/1710261510WhatsApp_Image_2024-03-09_at_10_13_41.jpeg,LT,Inventaris,Corporate,,79,2024-03-12 23:38:30.000,2024-03-12 23:38:30.000,
4309,1693,01693-FUR-LC-CFS-PTRE-14,01693-FUR-LC-CFS-PTRE-14,598,FUR-LC,232,Tersedia,Bagus,0.0,inventory/ams/inventoryPhoto/1710261469WhatsApp_Image_2024-03-09_at_10_13_41.jpeg,inventory/ams/assets/uploads/assetsre/ap/1710261469WhatsApp_Image_2024-03-09_at_10_13_41.jpeg,LT,Inventaris,Corporate,,79,2024-03-12 23:37:49.000,2024-03-12 23:37:49.000,
4310,1694,01694-FUR-LC-CFS-PTRE-14,01694-FUR-LC-CFS-PTRE-14,598,FUR-LC,232,Tersedia,Bagus,0.0,inventory/ams/inventoryPhoto/1710261451WhatsApp_Image_2024-03-09_at_10_13_41.jpeg,inventory/ams/assets/uploads/assetsre/ap/1710261451WhatsApp_Image_2024-03-09_at_10_13_41.jpeg,LT,Inventaris,Corporate,,79,2024-03-12 23:37:31.000,2024-03-12 23:37:31.000,
4311,1695,01695-FUR-LC-CFS-PTRE-14,01695-FUR-LC-CFS-PTRE-14,598,FUR-LC,232,Tersedia,Bagus,0.0,inventory/ams/inventoryPhoto/1710261432WhatsApp_Image_2024-03-09_at_10_13_41.jpeg,inventory/ams/assets/uploads/assetsre/ap/1710261432WhatsApp_Image_2024-03-09_at_10_13_41.jpeg,LT,Inventaris,Corporate,,79,2024-03-12 23:37:12.000,2024-03-12 23:37:12.000,
4312,1696,01696-FUR-LC-CFS-PTRE-14,01696-FUR-LC-CFS-PTRE-14,598,FUR-LC,232,Tersedia,Bagus,0.0,inventory/ams/inventoryPhoto/1710261412WhatsApp_Image_2024-03-09_at_10_13_41.jpeg,inventory/ams/assets/uploads/assetsre/ap/1710261412WhatsApp_Image_2024-03-09_at_10_13_41.jpeg,LT,Inventaris,Corporate,,79,2024-03-12 23:36:52.000,2024-03-12 23:36:52.000,
4313,1697,01697-FUR-LC-CFS-PTRE-14,01697-FUR-LC-CFS-PTRE-14,598,FUR-LC,232,Tersedia,Bagus,0.0,inventory/ams/inventoryPhoto/1710261394WhatsApp_Image_2024-03-09_at_10_13_41.jpeg,inventory/ams/assets/uploads/assetsre/ap/1710261394WhatsApp_Image_2024-03-09_at_10_13_41.jpeg,LT,Inventaris,Corporate,,79,2024-03-12 23:36:34.000,2024-03-12 23:36:34.000,
4314,1698,01698-FUR-LC-CFS-PTRE-14,01698-FUR-LC-CFS-PTRE-14,598,FUR-LC,232,Tersedia,Bagus,0.0,inventory/ams/inventoryPhoto/1710261372WhatsApp_Image_2024-03-09_at_10_13_41.jpeg,inventory/ams/assets/uploads/assetsre/ap/1710261372WhatsApp_Image_2024-03-09_at_10_13_41.jpeg,LT,Inventaris,Corporate,,79,2024-03-12 23:36:12.000,2024-03-12 23:36:12.000,
4315,1699,01699-FUR-LC-CFS-PTRE-14,01699-FUR-LC-CFS-PTRE-14,598,FUR-LC,232,Tersedia,Bagus,0.0,inventory/ams/inventoryPhoto/1710261351WhatsApp_Image_2024-03-09_at_10_13_41.jpeg,inventory/ams/assets/uploads/assetsre/ap/1710261351WhatsApp_Image_2024-03-09_at_10_13_41.jpeg,LT,Inventaris,Corporate,,79,2024-03-12 23:35:51.000,2024-03-12 23:35:51.000,
4316,1700,01700-FUR-LC-CFS-PTRE-14,01700-FUR-LC-CFS-PTRE-14,598,FUR-LC,232,Tersedia,Bagus,0.0,inventory/ams/inventoryPhoto/1710261329WhatsApp_Image_2024-03-09_at_10_13_41.jpeg,inventory/ams/assets/uploads/assetsre/ap/1710261329WhatsApp_Image_2024-03-09_at_10_13_41.jpeg,LT,Inventaris,Corporate,,79,2024-03-12 23:35:29.000,2024-03-12 23:35:29.000,
4317,1701,01701-FUR-LC-CFS-PTRE-14,01701-FUR-LC-CFS-PTRE-14,598,FUR-LC,232,Tersedia,Bagus,0.0,inventory/ams/inventoryPhoto/1710261303WhatsApp_Image_2024-03-09_at_10_13_41.jpeg,inventory/ams/assets/uploads/assetsre/ap/1710261303WhatsApp_Image_2024-03-09_at_10_13_41.jpeg,LT,Inventaris,Corporate,,79,2024-03-12 23:35:03.000,2024-03-12 23:35:03.000,
4318,1702,01702-FUR-LC-CFS-PTRE-13,01702-FUR-LC-CFS-PTRE-13,598,FUR-LC,223,Borrowed,Bagus,0.0,inventory/ams/inventoryPhoto/1726198994Laci_Kerja.jpeg,inventory/ams/assets/uploads/assetsre/ap/1726198994Laci_Kerja.jpeg,LT,Aset,Corporate,10780,65,2025-03-18 14:10:15.000,2025-03-18 14:10:15.000,
4319,1703,01703-FUR-LC-CFS-PTRE-14,01703-FUR-LC-CFS-PTRE-14,596,FUR-LC,221,Tersedia,Bagus,0.0,inventory/ams/inventoryPhoto/1710235986WhatsApp_Image_2024-03-09_at_10_13_41.jpeg,inventory/ams/assets/uploads/assetsre/ap/1710235986WhatsApp_Image_2024-03-09_at_10_13_41.jpeg,LT,Inventaris,Corporate,,65,2024-03-12 16:33:06.000,2024-03-12 16:33:06.000,
4320,1704,01704-FUR-LC-CFS-PTRE-14,01704-FUR-LC-CFS-PTRE-14,596,FUR-LC,221,Tersedia,Bagus,0.0,inventory/ams/inventoryPhoto/1710235962WhatsApp_Image_2024-03-09_at_10_13_41.jpeg,inventory/ams/assets/uploads/assetsre/ap/1710235962WhatsApp_Image_2024-03-09_at_10_13_41.jpeg,LT,Inventaris,Corporate,,65,2024-03-12 16:32:42.000,2024-03-12 16:32:42.000,
4321,1705,01705-FUR-LC-CFS-PTRE-14,01705-FUR-LC-CFS-PTRE-14,596,FUR-LC,221,Tersedia,Bagus,0.0,inventory/ams/inventoryPhoto/1710235935WhatsApp_Image_2024-03-09_at_10_13_41.jpeg,inventory/ams/assets/uploads/assetsre/ap/1710235935WhatsApp_Image_2024-03-09_at_10_13_41.jpeg,LT,Inventaris,Corporate,,65,2024-03-12 16:32:15.000,2024-03-12 16:32:15.000,
4322,1706,01706-FUR-LC-CFS-PTRE-14,01706-FUR-LC-CFS-PTRE-14,596,FUR-LC,221,Tersedia,Bagus,0.0,inventory/ams/inventoryPhoto/1710235909WhatsApp_Image_2024-03-09_at_10_13_41.jpeg,inventory/ams/assets/uploads/assetsre/ap/1710235909WhatsApp_Image_2024-03-09_at_10_13_41.jpeg,LT,Inventaris,Corporate,,65,2024-03-12 16:31:49.000,2024-03-12 16:31:49.000,
4323,1707,01707-FUR-LC-CFS-PTRE-14,01707-FUR-LC-CFS-PTRE-14,596,FUR-LC,221,Tersedia,Bagus,0.0,inventory/ams/inventoryPhoto/1710235879WhatsApp_Image_2024-03-09_at_10_13_41.jpeg,inventory/ams/assets/uploads/assetsre/ap/1710235879WhatsApp_Image_2024-03-09_at_10_13_41.jpeg,LT,Aset,Corporate,,65,2024-03-12 16:31:19.000,2024-03-12 16:31:19.000,
4324,1708,01708-FUR-LC-CFS-PTRE-14,01708-FUR-LC-CFS-PTRE-14,596,FUR-LC,221,Tersedia,Bagus,0.0,inventory/ams/inventoryPhoto/1710235853WhatsApp_Image_2024-03-09_at_10_13_41.jpeg,inventory/ams/assets/uploads/assetsre/ap/1710235853WhatsApp_Image_2024-03-09_at_10_13_41.jpeg,LT,Aset,Corporate,,65,2024-03-12 16:30:53.000,2024-03-12 16:30:53.000,
4325,1709,01709-FUR-LC-CFS-PTRE-14,01709-FUR-LC-CFS-PTRE-14,596,FUR-LC,221,Tersedia,Bagus,0.0,inventory/ams/inventoryPhoto/1710235829WhatsApp_Image_2024-03-09_at_10_13_41.jpeg,inventory/ams/assets/uploads/assetsre/ap/1710235829WhatsApp_Image_2024-03-09_at_10_13_41.jpeg,LT,Aset,Corporate,,65,2024-03-12 16:30:29.000,2024-03-12 16:30:29.000,
4326,1710,01710-FUR-LC-CFS-PTRE-14,01710-FUR-LC-CFS-PTRE-14,596,FUR-LC,221,Tersedia,Bagus,0.0,inventory/ams/inventoryPhoto/1710235807WhatsApp_Image_2024-03-09_at_10_13_41.jpeg,inventory/ams/assets/uploads/assetsre/ap/1710235807WhatsApp_Image_2024-03-09_at_10_13_41.jpeg,LT,Aset,Corporate,,65,2024-03-12 16:30:07.000,2024-03-12 16:30:07.000,
4327,1711,01711-FUR-LC-CFS-PTRE-14,01711-FUR-LC-CFS-PTRE-14,596,FUR-LC,221,Tersedia,Bagus,0.0,inventory/ams/inventoryPhoto/1710235781WhatsApp_Image_2024-03-09_at_10_13_41.jpeg,inventory/ams/assets/uploads/assetsre/ap/1710235781WhatsApp_Image_2024-03-09_at_10_13_41.jpeg,LT,Aset,Corporate,,65,2024-03-12 16:29:41.000,2024-03-12 16:29:41.000,
4328,1712,01712-FUR-LC-CFS-PTRE-14,01712-FUR-LC-CFS-PTRE-14,596,FUR-LC,221,Tersedia,Bagus,0.0,inventory/ams/inventoryPhoto/1710235751WhatsApp_Image_2024-03-09_at_10_13_41.jpeg,inventory/ams/assets/uploads/assetsre/ap/1710235751WhatsApp_Image_2024-03-09_at_10_13_41.jpeg,LT,Aset,Corporate,,65,2024-03-12 16:29:11.000,2024-03-12 16:29:11.000,
4329,1713,01713-FUR-LC-CFS-PTRE-14,01713-FUR-LC-CFS-PTRE-14,596,FUR-LC,221,Tersedia,Bagus,0.0,inventory/ams/inventoryPhoto/1710235724WhatsApp_Image_2024-03-09_at_10_13_41.jpeg,inventory/ams/assets/uploads/assetsre/ap/1710235724WhatsApp_Image_2024-03-09_at_10_13_41.jpeg,LT,Aset,Corporate,,65,2024-03-12 16:28:44.000,2024-03-12 16:28:44.000,
4330,1714,01714-FUR-LC-CFS-PTRE-14,01714-FUR-LC-CFS-PTRE-14,596,FUR-LC,221,Tersedia,Bagus,0.0,inventory/ams/inventoryPhoto/1710235698WhatsApp_Image_2024-03-09_at_10_13_41.jpeg,inventory/ams/assets/uploads/assetsre/ap/1710235698WhatsApp_Image_2024-03-09_at_10_13_41.jpeg,LT,Aset,Corporate,,65,2024-03-12 16:28:18.000,2024-03-12 16:28:18.000,
4331,1715,01715-FUR-LC-CFS-PTRE-14,01715-FUR-LC-CFS-PTRE-14,596,FUR-LC,221,Tersedia,Bagus,0.0,inventory/ams/inventoryPhoto/1710235669WhatsApp_Image_2024-03-09_at_10_13_41.jpeg,inventory/ams/assets/uploads/assetsre/ap/1710235669WhatsApp_Image_2024-03-09_at_10_13_41.jpeg,LT,Inventaris,Corporate,,65,2024-03-12 16:27:49.000,2024-03-12 16:27:49.000,
4332,1716,01716-FUR-LC-CFS-PTRE-14,01716-FUR-LC-CFS-PTRE-14,596,FUR-LC,221,Tersedia,Bagus,0.0,inventory/ams/inventoryPhoto/1710235641WhatsApp_Image_2024-03-09_at_10_13_41.jpeg,inventory/ams/assets/uploads/assetsre/ap/1710235641WhatsApp_Image_2024-03-09_at_10_13_41.jpeg,LT,Inventaris,Corporate,,65,2024-03-12 16:27:21.000,2024-03-12 16:27:21.000,
4333,1717,01717-FUR-LC-CFS-PTRE-14,01717-FUR-LC-CFS-PTRE-14,596,FUR-LC,221,Tersedia,Bagus,0.0,inventory/ams/inventoryPhoto/1710235595WhatsApp_Image_2024-03-09_at_10_13_41.jpeg,inventory/ams/assets/uploads/assetsre/ap/1710235595WhatsApp_Image_2024-03-09_at_10_13_41.jpeg,LT,Inventaris,Corporate,,65,2024-07-31 13:52:48.000,2024-07-31 13:52:48.000,
4334,1721,01721-FUR-LC-CFS-PTRE-14,01721-FUR-LC-CFS-PTRE-14,598,FUR-LC,221,Tersedia,Bagus,0.0,inventory/ams/inventoryPhoto/1710235568WhatsApp_Image_2024-03-09_at_10_13_41.jpeg,inventory/ams/assets/uploads/assetsre/ap/1710235568WhatsApp_Image_2024-03-09_at_10_13_41.jpeg,LT,Inventaris,Corporate,,65,2024-03-12 16:26:08.000,2024-03-12 16:26:08.000,
4335,1725,01725-FUR-LC-CFS-PTRE-14,01725-FUR-LC-CFS-PTRE-14,598,FUR-LC,221,Tersedia,Bagus,0.0,inventory/ams/inventoryPhoto/1710235545WhatsApp_Image_2024-03-09_at_10_13_41.jpeg,inventory/ams/assets/uploads/assetsre/ap/1710235545WhatsApp_Image_2024-03-09_at_10_13_41.jpeg,LT,Inventaris,Corporate,,65,2024-03-12 16:25:45.000,2024-03-12 16:25:45.000,
4336,1726,01726-FUR-LC-CFS-PTRE-12,01726-FUR-LC-CFS-PTRE-12,598,FUR-LC,221,Tersedia,Bagus,0.0,inventory/ams/inventoryPhoto/1710235527WhatsApp_Image_2024-03-09_at_10_13_41.jpeg,inventory/ams/assets/uploads/assetsre/ap/1710235527WhatsApp_Image_2024-03-09_at_10_13_41.jpeg,LT,Inventaris,Corporate,,65,2024-03-12 16:25:27.000,2024-03-12 16:25:27.000,
4337,1767,01767-FUR-LC-CFS-PTRE-14,01767-FUR-LC-CFS-PTRE-14,598,FUR-LC,232,Tersedia,Bagus,0.0,inventory/ams/inventoryPhoto/1710261236WhatsApp_Image_2024-03-09_at_10_13_41.jpeg,inventory/ams/assets/uploads/assetsre/ap/1710261236WhatsApp_Image_2024-03-09_at_10_13_41.jpeg,LT,Aset,Corporate,,79,2024-03-12 23:33:56.000,2024-03-12 23:33:56.000,
4338,1768,01768-FUR-LC-CFS-PTRE-14,01768-FUR-LC-CFS-PTRE-14,598,FUR-LC,232,Tersedia,Bagus,0.0,inventory/ams/inventoryPhoto/1710261221WhatsApp_Image_2024-03-09_at_10_13_41.jpeg,inventory/ams/assets/uploads/assetsre/ap/1710261221WhatsApp_Image_2024-03-09_at_10_13_41.jpeg,LT,Aset,Corporate,,79,2024-07-31 14:17:21.000,2024-07-31 14:17:21.000,
4339,1769,01769-FUR-LC-CFS-PTRE-14,01769-FUR-LC-CFS-PTRE-14,598,FUR-LC,232,Tersedia,Bagus,0.0,inventory/ams/inventoryPhoto/1710261206WhatsApp_Image_2024-03-09_at_10_13_41.jpeg,inventory/ams/assets/uploads/assetsre/ap/1710261206WhatsApp_Image_2024-03-09_at_10_13_41.jpeg,LT,Aset,Corporate,,79,2024-07-31 14:17:14.000,2024-07-31 14:17:14.000,
4340,1770,01770-FUR-LC-CFS-PTRE-14,01770-FUR-LC-CFS-PTRE-14,598,FUR-LC,232,Tersedia,Bagus,0.0,inventory/ams/inventoryPhoto/1710261184WhatsApp_Image_2024-03-09_at_10_13_41.jpeg,inventory/ams/assets/uploads/assetsre/ap/1710261184WhatsApp_Image_2024-03-09_at_10_13_41.jpeg,LT,Aset,Corporate,,79,2024-07-31 14:17:06.000,2024-07-31 14:17:06.000,
4341,1771,01771-FUR-LC-CFS-PTRE-14,01771-FUR-LC-CFS-PTRE-14,598,FUR-LC,232,Tersedia,Bagus,0.0,inventory/ams/inventoryPhoto/1710261169WhatsApp_Image_2024-03-09_at_10_13_41.jpeg,inventory/ams/assets/uploads/assetsre/ap/1710261169WhatsApp_Image_2024-03-09_at_10_13_41.jpeg,LT,Aset,Corporate,,79,2024-03-12 23:32:49.000,2024-03-12 23:32:49.000,
4342,1772,01772-FUR-LC-CFS-PTRE-14,01772-FUR-LC-CFS-PTRE-14,598,FUR-LC,232,Tersedia,Bagus,0.0,inventory/ams/inventoryPhoto/1710261153WhatsApp_Image_2024-03-09_at_10_13_41.jpeg,inventory/ams/assets/uploads/assetsre/ap/1710261153WhatsApp_Image_2024-03-09_at_10_13_41.jpeg,LT,Aset,Corporate,,79,2024-03-12 23:32:33.000,2024-03-12 23:32:33.000,
4343,1773,01773-FUR-LC-CFS-PTRE-14,01773-FUR-LC-CFS-PTRE-14,598,FUR-LC,232,Tersedia,Bagus,0.0,inventory/ams/inventoryPhoto/1710261136WhatsApp_Image_2024-03-09_at_10_13_41.jpeg,inventory/ams/assets/uploads/assetsre/ap/1710261136WhatsApp_Image_2024-03-09_at_10_13_41.jpeg,LT,Aset,Corporate,,79,2024-03-12 23:32:16.000,2024-03-12 23:32:16.000,
4344,1774,01774-FUR-LC-CFS-PTRE-14,01774-FUR-LC-CFS-PTRE-14,598,FUR-LC,232,Tersedia,Bagus,0.0,inventory/ams/inventoryPhoto/1710261119WhatsApp_Image_2024-03-09_at_10_13_41.jpeg,inventory/ams/assets/uploads/assetsre/ap/1710261119WhatsApp_Image_2024-03-09_at_10_13_41.jpeg,LT,Aset,Corporate,,79,2024-03-12 23:31:59.000,2024-03-12 23:31:59.000,
4345,1775,01775-FUR-LC-CFS-PTRE-14,01775-FUR-LC-CFS-PTRE-14,598,FUR-LC,232,Tersedia,Bagus,0.0,inventory/ams/inventoryPhoto/1710261102WhatsApp_Image_2024-03-09_at_10_13_41.jpeg,inventory/ams/assets/uploads/assetsre/ap/1710261102WhatsApp_Image_2024-03-09_at_10_13_41.jpeg,LT,Aset,Corporate,,79,2024-03-12 23:31:42.000,2024-03-12 23:31:42.000,
4346,1776,01776-FUR-LC-CFS-PTRE-14,01776-FUR-LC-CFS-PTRE-14,598,FUR-LC,232,Tersedia,Bagus,0.0,inventory/ams/inventoryPhoto/1710261084WhatsApp_Image_2024-03-09_at_10_13_41.jpeg,inventory/ams/assets/uploads/assetsre/ap/1710261084WhatsApp_Image_2024-03-09_at_10_13_41.jpeg,LT,Aset,Corporate,,79,2024-03-12 23:31:24.000,2024-03-12 23:31:24.000,
4347,1777,01777-FUR-LC-CFS-PTRE-14,01777-FUR-LC-CFS-PTRE-14,598,FUR-LC,232,Tersedia,Bagus,0.0,inventory/ams/inventoryPhoto/1710261065WhatsApp_Image_2024-03-09_at_10_13_41.jpeg,inventory/ams/assets/uploads/assetsre/ap/1710261065WhatsApp_Image_2024-03-09_at_10_13_41.jpeg,LT,Aset,Corporate,,79,2024-03-12 23:31:05.000,2024-03-12 23:31:05.000,
4348,1814,01814-FUR-LC-CFS-PTRE-12,01814-FUR-LC-CFS-PTRE-12,597,FUR-LC,173,Tidak Aktif,Bagus,0.0,,,LT,Aset,Corporate,,,2018-03-15 16:23:06.777,2024-08-02 08:54:04.000,
4349,1848,01848-FUR-LC-CFS-PTRE-14,01848-FUR-LC-CFS-PTRE-14,598,FUR-LC,174,Tersedia,Bagus,0.0,inventory/ams/inventoryPhoto/1709278744WhatsApp_Image_2024-03-01_at_14_36_17.jpeg,inventory/ams/assets/uploads/assetsre/ap/1709278744WhatsApp_Image_2024-03-01_at_14_36_17.jpeg,LT,Inventaris,Corporate,,1,2024-03-01 14:39:04.000,2024-03-01 14:39:04.000,
4350,1855,04885-FUR-LC-CFS-PTRE-14,04885-FUR-LK-CFS-PTRE-14,610,FUR-LC,223,Borrowed,Bagus,0.0,inventory/ams/inventoryPhoto/1726198965Laci_Kerja.jpeg,inventory/ams/assets/uploads/assetsre/ap/1726198965Laci_Kerja.jpeg,LT,Aset,Corporate,10780,1,2026-01-19 18:09:54.000,2026-01-19 18:09:54.000,
4351,1856,01856-FUR-LC-CFS-PTRE-13,01856-FUR-LK-CFS-PTRE-13,610,FUR-LC,223,Tersedia,Bagus,0.0,inventory/ams/inventoryPhoto/1726198972Laci_Kerja.jpeg,inventory/ams/assets/uploads/assetsre/ap/1726198972Laci_Kerja.jpeg,LT,Aset,Corporate,10780,1,2025-03-18 14:09:29.000,2025-03-18 14:09:29.000,
4352,1877,01877-FUR-LC-CFS-PTRE-13,01877-FUR-LK-CFS-PTRE-13,610,FUR-LC,223,Tersedia,Bagus,0.0,inventory/ams/inventoryPhoto/1726198957Laci_Kerja.jpeg,inventory/ams/assets/uploads/assetsre/ap/1726198957Laci_Kerja.jpeg,LT,Aset,Corporate,10780,1,2025-03-18 14:09:18.000,2025-03-18 14:09:18.000,
4353,1900,01900-FUR-LC-CFS-PTRE-14,01900-FUR-LC-CFS-PTRE-14,596,FUR-LC,221,Tersedia,Bagus,0.0,inventory/ams/inventoryPhoto/1710235506WhatsApp_Image_2024-03-09_at_10_13_41.jpeg,inventory/ams/assets/uploads/assetsre/ap/1710235506WhatsApp_Image_2024-03-09_at_10_13_41.jpeg,LT,Inventaris,Corporate,,65,2024-03-12 16:25:06.000,2024-03-12 16:25:06.000,
4354,1907,01907-FUR-LC-CFS-PTRE-13,01907-FUR-LC-CFS-PTRE-13,604,FUR-LC,192,Borrowed,Bagus,0.0,inventory/ams/inventoryPhoto/1601884323LACI_KERJA.jpg,inventory/ams/assets/uploads/assetsre/ap/1601884323LACI_KERJA.jpg,LT,Inventaris,Corporate,,65,2024-02-28 11:38:53.000,2024-02-28 11:38:53.000,
4355,1918,01918-FUR-LC-CFS-PTRE-14,01918-FUR-LC-CFS-PTRE-14,611,FUR-LC,175,Tersedia,Bagus,0.0,,,LT,Inventaris,Corporate,,65,2024-02-28 10:46:43.000,2024-02-28 10:46:43.000,
4356,1919,01919-FUR-LC-CFS-PTRE-14,01919-FUR-LC-CFS-PTRE-14,596,FUR-LC,221,Tersedia,Bagus,0.0,inventory/ams/inventoryPhoto/1710235489WhatsApp_Image_2024-03-09_at_10_13_41.jpeg,inventory/ams/assets/uploads/assetsre/ap/1710235489WhatsApp_Image_2024-03-09_at_10_13_41.jpeg,LT,Inventaris,Corporate,,65,2024-03-12 16:24:49.000,2024-03-12 16:24:49.000,
4357,1921,01921-FUR-LC-CFS-PTRE-14,01921-FUR-LC-CFS-PTRE-14,611,FUR-LC,175,Tersedia,Bagus,0.0,,,LT,Aset,Corporate,,65,2024-02-16 17:28:11.000,2024-02-16 17:28:11.000,
4358,1922,01922-FUR-LC-CFS-PTRE-14,01922-FUR-LC-CFS-PTRE-14,596,FUR-LC,221,Tersedia,Bagus,0.0,inventory/ams/inventoryPhoto/1710235472WhatsApp_Image_2024-03-09_at_10_13_41.jpeg,inventory/ams/assets/uploads/assetsre/ap/1710235472WhatsApp_Image_2024-03-09_at_10_13_41.jpeg,LT,Inventaris,Corporate,,65,2024-03-12 16:24:32.000,2024-03-12 16:24:32.000,
4359,1923,01923-FUR-LC-CFS-PTRE-14,01923-FUR-LC-CFS-PTRE-14,596,FUR-LC,221,Tersedia,Bagus,0.0,inventory/ams/inventoryPhoto/1710235454WhatsApp_Image_2024-03-09_at_10_13_41.jpeg,inventory/ams/assets/uploads/assetsre/ap/1710235454WhatsApp_Image_2024-03-09_at_10_13_41.jpeg,LT,Inventaris,Corporate,,65,2024-03-12 16:24:14.000,2024-03-12 16:24:14.000,
4360,1924,01924-FUR-LC-CFS-PTRE-14,01924-FUR-LC-CFS-PTRE-14,611,FUR-LC,175,Tersedia,Bagus,0.0,,,LT,Aset,Corporate,,65,2024-02-16 17:00:29.000,2024-02-16 17:00:29.000,
4361,1925,01925-FUR-LC-CFS-PTRE-14,01925-FUR-LC-CFS-PTRE-14,596,FUR-LC,221,Tersedia,Bagus,0.0,inventory/ams/inventoryPhoto/1710235432WhatsApp_Image_2024-03-09_at_10_13_41.jpeg,inventory/ams/assets/uploads/assetsre/ap/1710235432WhatsApp_Image_2024-03-09_at_10_13_41.jpeg,LT,Inventaris,Corporate,,65,2024-03-12 16:23:52.000,2024-03-12 16:23:52.000,
4362,1928,01928-FUR-LC-CFS-PTRE-14,01928-FUR-LC-CFS-PTRE-14,611,FUR-LC,175,Tersedia,Bagus,0.0,,,LT,Aset,Corporate,,65,2024-02-16 17:00:18.000,2024-02-16 17:00:18.000,
4363,1929,01929-FUR-LC-CFS-PTRE-14,01929-FUR-LC-CFS-PTRE-14,611,FUR-LC,175,Tersedia,Bagus,0.0,,,LT,Aset,Corporate,,65,2024-02-16 17:27:38.000,2024-02-16 17:27:38.000,
4364,1930,01930-FUR-LC-CFS-PTRE-14,01930-FUR-LC-CFS-PTRE-14,611,FUR-LC,175,Tersedia,Bagus,0.0,,,LT,Aset,Corporate,,65,2024-02-16 17:27:30.000,2024-02-16 17:27:30.000,
4365,1931,01931-FUR-LC-CFS-PTRE-14,01931-FUR-LC-CFS-PTRE-14,611,FUR-LC,175,Tersedia,Bagus,0.0,,,LT,Aset,Corporate,,65,2024-02-16 17:27:20.000,2024-02-16 17:27:20.000,
4366,1932,01932-FUR-LC-CFS-PTRE-14,01932-FUR-LC-CFS-PTRE-14,611,FUR-LC,175,Tersedia,Bagus,0.0,,,LT,Aset,Corporate,,65,2024-02-16 17:23:12.000,2024-02-16 17:23:12.000,
4367,1933,01933-FUR-LC-CFS-PTRE-14,01933-FUR-LC-CFS-PTRE-14,611,FUR-LC,175,Tersedia,Bagus,0.0,,,LT,Aset,Corporate,,65,2024-02-16 17:23:01.000,2024-02-16 17:23:01.000,
4368,1934,01934-FUR-LC-CFS-PTRE-14,01934-FUR-LC-CFS-PTRE-14,611,FUR-LC,175,Tersedia,Bagus,0.0,,,LT,Aset,Corporate,,65,2024-02-16 17:22:48.000,2024-02-16 17:22:48.000,
4369,1935,01935-FUR-LC-CFS-PTRE-14,01935-FUR-LC-CFS-PTRE-14,611,FUR-LC,175,Tersedia,Bagus,0.0,,,LT,Aset,Corporate,,65,2024-02-16 17:22:36.000,2024-02-16 17:22:36.000,
4370,1936,01936-FUR-LC-CFS-PTRE-14,01936-FUR-LC-CFS-PTRE-14,611,FUR-LC,175,Tersedia,Bagus,0.0,,,LT,Aset,Corporate,,65,2024-02-16 17:22:27.000,2024-02-16 17:22:27.000,
4371,1937,01937-FUR-LC-CFS-PTRE-14,01937-FUR-LC-CFS-PTRE-14,611,FUR-LC,175,Tersedia,Bagus,0.0,,,LT,Aset,Corporate,,65,2024-02-16 17:26:42.000,2024-02-16 17:26:42.000,
4372,1938,01938-FUR-LC-CFS-PTRE-14,01938-FUR-LC-CFS-PTRE-14,611,FUR-LC,175,Tersedia,Bagus,0.0,,,LT,Aset,Corporate,,65,2024-02-16 17:22:08.000,2024-02-16 17:22:08.000,
4373,1939,01939-FUR-LC-CFS-PTRE-14,01939-FUR-LC-CFS-PTRE-14,611,FUR-LC,175,Tersedia,Bagus,0.0,,,LT,Aset,Corporate,,65,2024-02-16 17:21:54.000,2024-02-16 17:21:54.000,
4374,1940,01940-FUR-LC-CFS-PTRE-14,01940-FUR-LC-CFS-PTRE-14,611,FUR-LC,175,Tersedia,Bagus,0.0,,,LT,Inventaris,Corporate,,65,2024-02-28 10:46:32.000,2024-02-28 10:46:32.000,
4375,1941,01941-FUR-LC-CFS-PTRE-14,01941-FUR-LC-CFS-PTRE-14,611,FUR-LC,175,Tersedia,Bagus,0.0,,,LT,Aset,Corporate,,65,2024-02-16 17:21:43.000,2024-02-16 17:21:43.000,
4376,1942,01942-FUR-LC-CFS-PTRE-14,01942-FUR-LC-CFS-PTRE-14,611,FUR-LC,175,Tersedia,Bagus,0.0,,,LT,Aset,Corporate,,65,2024-02-16 17:21:32.000,2024-02-16 17:21:32.000,
4377,1943,01943-FUR-LC-CFS-PTRE-14,01943-FUR-LC-CFS-PTRE-14,611,FUR-LC,175,Tersedia,Bagus,0.0,,,LT,Aset,Corporate,,65,2024-02-16 17:20:45.000,2024-02-16 17:20:45.000,
4378,1945,01945-FUR-LC-CFS-PTRE-14,01945-FUR-LC-CFS-PTRE-14,611,FUR-LC,175,Tersedia,Bagus,0.0,,,LT,Aset,Corporate,,65,2024-02-16 17:20:55.000,2024-02-16 17:20:55.000,
4379,1946,01946-FUR-LC-CFS-PTRE-14,01946-FUR-LC-CFS-PTRE-14,611,FUR-LC,175,Tersedia,Bagus,0.0,,,LT,Aset,Corporate,,65,2024-02-16 17:21:18.000,2024-02-16 17:21:18.000,
4380,1947,01947-FUR-LC-CFS-PTRE-14,01947-FUR-LC-CFS-PTRE-14,611,FUR-LC,175,Tersedia,Bagus,0.0,,,LT,Aset,Corporate,,65,2024-02-16 17:09:18.000,2024-02-16 17:09:18.000,
4381,1948,01948-FUR-LC-CFS-PTRE-14,01948-FUR-LC-CFS-PTRE-14,611,FUR-LC,175,Tersedia,Bagus,0.0,,,LT,Aset,Corporate,,65,2024-02-16 17:09:03.000,2024-02-16 17:09:03.000,
4382,1949,01949-FUR-LC-CFS-PTRE-14,01949-FUR-LC-CFS-PTRE-14,611,FUR-LC,175,Tersedia,Bagus,0.0,,,LT,Aset,Corporate,,65,2024-02-16 17:08:51.000,2024-02-16 17:08:51.000,
4383,1979,01979-FUR-LC-CFS-PTRE-14,01979-FUR-LC-CFS-PTRE-14,611,FUR-LC,176,Tersedia,Bagus,0.0,,,LT,Aset,Corporate,,65,2024-02-16 16:44:56.000,2024-02-16 16:44:56.000,
4384,1980,01980-FUR-LC-CFS-PTRE-14,01980-FUR-LC-CFS-PTRE-14,611,FUR-LC,176,Tersedia,Bagus,0.0,,,LT,Aset,Corporate,,65,2024-02-16 16:44:46.000,2024-02-16 16:44:46.000,
4385,1981,01981-FUR-LC-CFS-PTRE-14,01981-FUR-LC-CFS-PTRE-14,611,FUR-LC,176,Tersedia,Bagus,0.0,,,LT,Aset,Corporate,,65,2024-02-16 16:44:26.000,2024-02-16 16:44:26.000,
4386,1982,01982-FUR-LC-CFS-PTRE-14,01982-FUR-LC-CFS-PTRE-14,611,FUR-LC,176,Tersedia,Bagus,0.0,,,LT,Aset,Corporate,,65,2024-02-16 16:44:12.000,2024-02-16 16:44:12.000,
4387,1983,01983-FUR-LC-CFS-PTRE-14,01983-FUR-LC-CFS-PTRE-14,611,FUR-LC,176,Borrowed,Bagus,0.0,,,LT,Aset,Corporate,,65,2024-02-16 16:43:51.000,2024-02-16 16:43:51.000,
4388,1984,01984-FUR-LC-CFS-PTRE-14,01984-FUR-LC-CFS-PTRE-14,611,FUR-LC,176,Tersedia,Bagus,0.0,,,LT,Aset,Corporate,,65,2024-02-16 16:43:39.000,2024-02-16 16:43:39.000,
4389,1985,01985-FUR-LC-CFS-PTRE-14,01985-FUR-LC-CFS-PTRE-14,611,FUR-LC,176,Tersedia,Bagus,0.0,,,LT,Aset,Corporate,,65,2024-02-16 16:43:26.000,2024-02-16 16:43:26.000,
4390,1986,01986-FUR-LC-CFS-PTRE-14,01986-FUR-LC-CFS-PTRE-14,611,FUR-LC,176,Tersedia,Bagus,0.0,,,LT,Aset,Corporate,,65,2024-02-16 16:43:15.000,2024-02-16 16:43:15.000,
4391,1987,01987-FUR-LC-CFS-PTRE-14,01987-FUR-LC-CFS-PTRE-14,611,FUR-LC,176,Tersedia,Bagus,0.0,,,LT,Aset,Corporate,,65,2024-02-16 16:41:47.000,2024-02-16 16:41:47.000,
4392,2176,02176-FUR-LC-CFS-PTRE-14,02176-FUR-LC-CFS-PTRE-14,597,FUR-LC,192,Tersedia,Bagus,0.0,,,LT,Inventaris,Corporate,,65,2024-02-28 11:25:24.000,2024-02-28 11:25:24.000,
4393,2177,02177-FUR-LC-CFS-PTRE-14,02177-FUR-LC-CFS-PTRE-14,611,FUR-LC,192,Tersedia,Bagus,0.0,,,LT,Inventaris,Corporate,,65,2024-02-28 11:25:14.000,2024-02-28 11:25:14.000,
4394,2178,02178-FUR-LC-CFS-PTRE-14,02178-FUR-LC-CFS-PTRE-14,611,FUR-LC,192,Tersedia,Bagus,0.0,,,LT,Inventaris,Corporate,,65,2024-02-28 11:25:04.000,2024-02-28 11:25:04.000,
4395,2179,02179-FUR-LC-CFS-PTRE-14,02179-FUR-LC-CFS-PTRE-14,611,FUR-LC,192,Tersedia,Bagus,0.0,,,LT,Inventaris,Corporate,,65,2024-02-28 11:24:55.000,2024-02-28 11:24:55.000,
4396,2180,02180-FUR-LC-CFS-PTRE-14,02180-FUR-LC-CFS-PTRE-14,611,FUR-LC,192,Tersedia,Bagus,0.0,,,LT,Inventaris,Corporate,,65,2024-02-28 11:24:44.000,2024-02-28 11:24:44.000,
4397,2181,02181-FUR-LC-CFS-PTRE-14,02181-FUR-LC-CFS-PTRE-14,611,FUR-LC,192,Tersedia,Bagus,0.0,,,LT,Inventaris,Corporate,,65,2024-02-28 11:24:37.000,2024-02-28 11:24:37.000,
4398,2182,02182-FUR-LC-CFS-PTRE-14,02182-FUR-LC-CFS-PTRE-14,611,FUR-LC,192,Tersedia,Bagus,0.0,,,LT,Inventaris,Corporate,,65,2024-02-28 11:24:28.000,2024-02-28 11:24:28.000,
4399,2183,02183-FUR-LC-CFS-PTRE-14,02183-FUR-LC-CFS-PTRE-14,611,FUR-LC,192,Tersedia,Bagus,0.0,,,LT,Inventaris,Corporate,,65,2024-02-28 11:24:18.000,2024-02-28 11:24:18.000,
4400,2184,02184-FUR-LC-CFS-PTRE-14,02184-FUR-LC-CFS-PTRE-14,611,FUR-LC,192,Tersedia,Bagus,0.0,,,LT,Inventaris,Corporate,,65,2024-02-28 11:24:08.000,2024-02-28 11:24:08.000,
4401,2185,02185-FUR-LC-CFS-PTRE-14,02185-FUR-LC-CFS-PTRE-14,611,FUR-LC,192,Tersedia,Bagus,0.0,,,LT,Inventaris,Corporate,,65,2024-02-28 11:24:00.000,2024-02-28 11:24:00.000,
4402,2186,02186-FUR-LC-CFS-PTRE-14,02186-FUR-LC-CFS-PTRE-14,611,FUR-LC,192,Tersedia,Bagus,0.0,,,LT,Inventaris,Corporate,,65,2024-02-28 11:19:22.000,2024-02-28 11:19:22.000,
4403,2187,02187-FUR-LC-CFS-PTRE-14,02187-FUR-LC-CFS-PTRE-14,611,FUR-LC,192,Tersedia,Bagus,0.0,,,LT,Inventaris,Corporate,,65,2024-02-28 11:19:13.000,2024-02-28 11:19:13.000,
4404,2188,02188-FUR-LC-CFS-PTRE-14,02188-FUR-LC-CFS-PTRE-14,611,FUR-LC,192,Tersedia,Bagus,0.0,,,LT,Inventaris,Corporate,,65,2024-02-28 11:19:05.000,2024-02-28 11:19:05.000,
4405,2189,02189-FUR-LC-CFS-PTRE-14,02189-FUR-LC-CFS-PTRE-14,611,FUR-LC,192,Tersedia,Bagus,0.0,,,LT,Inventaris,Corporate,,65,2024-02-28 11:18:52.000,2024-02-28 11:18:52.000,
4406,2190,02190-FUR-LC-CFS-PTRE-14,02190-FUR-LC-CFS-PTRE-14,598,FUR-LC,137,Tersedia,Bagus,0.0,,,LT,Inventaris,Corporate,10780,65,2026-05-29 14:56:19.000,2026-05-29 14:56:19.000,
4407,2191,02191-FUR-LC-CFS-PTRE-14,02191-FUR-LC-CFS-PTRE-14,611,FUR-LC,192,Tersedia,Bagus,0.0,,,LT,Inventaris,Corporate,,65,2024-02-28 11:18:34.000,2024-02-28 11:18:34.000,
4408,2192,02192-FUR-LC-CFS-PTRE-14,02192-FUR-LC-CFS-PTRE-14,611,FUR-LC,192,Tersedia,Bagus,0.0,,,LT,Inventaris,Corporate,,65,2024-02-28 11:18:25.000,2024-02-28 11:18:25.000,
4409,2193,02193-FUR-LC-CFS-PTRE-14,02193-FUR-LC-CFS-PTRE-14,611,FUR-LC,192,Tersedia,Bagus,0.0,,,LT,Inventaris,Corporate,,65,2024-02-28 11:18:15.000,2024-02-28 11:18:15.000,
4410,2194,02194-FUR-LC-CFS-PTRE-14,02194-FUR-LC-CFS-PTRE-14,611,FUR-LC,192,Tersedia,Bagus,0.0,,,LT,Inventaris,Corporate,,65,2024-02-28 11:18:04.000,2024-02-28 11:18:04.000,
4411,2195,02195-FUR-LC-CFS-PTRE-14,02195-FUR-LC-CFS-PTRE-14,612,FUR-LC,192,Tidak Aktif,Lelang/Hibah,0.0,,,LT,Inventaris,Corporate,,65,2024-06-06 09:05:32.000,2024-06-06 09:05:32.000,
4412,2196,02196-FUR-LC-CFS-PTRE-14,02196-FUR-LC-CFS-PTRE-14,612,FUR-LC,192,Tidak Aktif,Lelang/Hibah,0.0,,,LT,Inventaris,Corporate,,65,2024-06-06 09:05:09.000,2024-06-06 09:05:09.000,
4413,2197,02197-FUR-LC-CFS-PTRE-14,02197-FUR-LC-CFS-PTRE-14,612,FUR-LC,192,Tidak Aktif,Lelang/Hibah,0.0,,,LT,Inventaris,Corporate,,65,2024-06-06 09:04:35.000,2024-06-06 09:04:35.000,
4414,2198,02198-FUR-LC-CFS-PTRE-14,02198-FUR-LC-CFS-PTRE-14,612,FUR-LC,192,Tidak Aktif,Lelang/Hibah,0.0,,,LT,Inventaris,Corporate,,65,2024-06-06 09:04:03.000,2024-06-06 09:04:03.000,
4415,2199,02199-FUR-LC-CFS-PTRE-14,02199-FUR-LC-CFS-PTRE-14,612,FUR-LC,192,Tidak Aktif,Lelang/Hibah,0.0,,,LT,Inventaris,Corporate,,65,2024-06-06 09:03:41.000,2024-06-06 09:03:41.000,
4416,2200,02200-FUR-LC-CFS-PTRE-14,02200-FUR-LC-CFS-PTRE-14,612,FUR-LC,192,Tidak Aktif,Lelang/Hibah,0.0,,,LT,Inventaris,Corporate,,65,2024-06-06 09:03:19.000,2024-06-06 09:03:19.000,
4417,2201,02201-FUR-LC-CFS-PTRE-14,02201-FUR-LC-CFS-PTRE-14,612,FUR-LC,192,Tidak Aktif,Lelang/Hibah,0.0,,,LT,Inventaris,Corporate,,65,2024-06-06 09:02:40.000,2024-06-06 09:02:40.000,
4418,2202,02202-FUR-LC-CFS-PTRE-14,02202-FUR-LC-CFS-PTRE-14,612,FUR-LC,192,Tidak Aktif,Lelang/Hibah,0.0,,,LT,Inventaris,Corporate,,65,2024-06-06 09:02:16.000,2024-06-06 09:02:16.000,
4419,2203,02203-FUR-LC-CFS-PTRE-14,02203-FUR-LC-CFS-PTRE-14,596,FUR-LC,228,Tersedia,Bagus,0.0,inventory/ams/inventoryPhoto/1714625633WhatsApp_Image_2024-04-23_at_19_04_06.jpeg,inventory/ams/assets/uploads/assetsre/ap/1714625633WhatsApp_Image_2024-04-23_at_19_04_06.jpeg,LT,Inventaris,Corporate,,65,2024-05-02 11:53:53.000,2024-05-02 11:53:53.000,
4420,2204,02204-FUR-LC-CFS-PTRE-14,02204-FUR-LC-CFS-PTRE-14,596,FUR-LC,228,Tersedia,Bagus,0.0,inventory/ams/inventoryPhoto/1714625592WhatsApp_Image_2024-03-09_at_10_13_41.jpeg,inventory/ams/assets/uploads/assetsre/ap/1714625592WhatsApp_Image_2024-03-09_at_10_13_41.jpeg,LT,Inventaris,Corporate,,65,2024-05-02 11:53:12.000,2024-05-02 11:53:12.000,
4421,2205,02205-FUR-LC-CFS-PTRE-14,02205-FUR-LC-CFS-PTRE-14,596,FUR-LC,192,Tersedia,Bagus,0.0,inventory/ams/inventoryPhoto/1714625550WhatsApp_Image_2024-04-23_at_19_04_06.jpeg,inventory/ams/assets/uploads/assetsre/ap/1714625550WhatsApp_Image_2024-04-23_at_19_04_06.jpeg,LT,Inventaris,Corporate,,65,2024-05-02 11:52:30.000,2024-05-02 11:52:30.000,
4422,2206,02206-FUR-LC-CFS-PTRE-14,02206-FUR-LC-CFS-PTRE-14,596,FUR-LC,228,Tersedia,Bagus,0.0,inventory/ams/inventoryPhoto/1714625510WhatsApp_Image_2024-03-09_at_10_13_41.jpeg,inventory/ams/assets/uploads/assetsre/ap/1714625510WhatsApp_Image_2024-03-09_at_10_13_41.jpeg,LT,Inventaris,Corporate,,65,2024-05-02 11:51:50.000,2024-05-02 11:51:50.000,
4423,2207,02207-FUR-LC-CFS-PTRE-14,02207-FUR-LC-CFS-PTRE-14,596,FUR-LC,228,Tersedia,Bagus,0.0,inventory/ams/inventoryPhoto/1714625467WhatsApp_Image_2024-04-23_at_19_04_06.jpeg,inventory/ams/assets/uploads/assetsre/ap/1714625467WhatsApp_Image_2024-04-23_at_19_04_06.jpeg,LT,Inventaris,Corporate,,65,2024-05-02 11:51:07.000,2024-05-02 11:51:07.000,
4424,2208,02208-FUR-LC-CFS-PTRE-14,02208-FUR-LC-CFS-PTRE-14,596,FUR-LC,228,Tersedia,Bagus,0.0,inventory/ams/inventoryPhoto/1714625185WhatsApp_Image_2024-03-09_at_10_13_41.jpeg,inventory/ams/assets/uploads/assetsre/ap/1714625185WhatsApp_Image_2024-03-09_at_10_13_41.jpeg,LT,Inventaris,Corporate,,65,2024-05-02 11:46:25.000,2024-05-02 11:46:25.000,
4425,2209,02209-FUR-LC-CFS-PTRE-14,02209-FUR-LC-CFS-PTRE-14,596,FUR-LC,228,Tersedia,Bagus,0.0,inventory/ams/inventoryPhoto/1714625138WhatsApp_Image_2024-04-23_at_19_04_06.jpeg,inventory/ams/assets/uploads/assetsre/ap/1714625138WhatsApp_Image_2024-04-23_at_19_04_06.jpeg,LT,Inventaris,Corporate,,65,2024-05-02 11:45:38.000,2024-05-02 11:45:38.000,
4426,2210,02210-FUR-LC-CFS-PTRE-14,02210-FUR-LC-CFS-PTRE-14,596,FUR-LC,228,Tersedia,Bagus,0.0,inventory/ams/inventoryPhoto/1714625093WhatsApp_Image_2024-04-23_at_19_04_06.jpeg,inventory/ams/assets/uploads/assetsre/ap/1714625093WhatsApp_Image_2024-04-23_at_19_04_06.jpeg,LT,Inventaris,Corporate,,65,2024-05-02 11:44:53.000,2024-05-02 11:44:53.000,
4427,2211,02211-FUR-LC-CFS-PTRE-14,02211-FUR-LC-CFS-PTRE-14,596,FUR-LC,228,Tersedia,Bagus,0.0,inventory/ams/inventoryPhoto/1714625036WhatsApp_Image_2024-03-09_at_10_13_41.jpeg,inventory/ams/assets/uploads/assetsre/ap/1714625036WhatsApp_Image_2024-03-09_at_10_13_41.jpeg,LT,Inventaris,Corporate,,65,2024-05-02 11:43:56.000,2024-05-02 11:43:56.000,
4428,2212,02212-FUR-LC-CFS-PTRE-14,02212-FUR-LC-CFS-PTRE-14,596,FUR-LC,117,Borrowed,Bagus,0.0,inventory/ams/inventoryPhoto/1714624988WhatsApp_Image_2024-04-23_at_19_04_06.jpeg,inventory/ams/assets/uploads/assetsre/ap/1714624988WhatsApp_Image_2024-04-23_at_19_04_06.jpeg,LT,Inventaris,Corporate,,1,2025-10-31 10:56:26.000,2025-10-31 10:56:26.000,
4429,2213,02213-FUR-LC-CFS-PTRE-14,02213-FUR-LC-CFS-PTRE-14,596,FUR-LC,228,Tersedia,Bagus,0.0,inventory/ams/inventoryPhoto/1714624944WhatsApp_Image_2024-04-23_at_19_04_06.jpeg,inventory/ams/assets/uploads/assetsre/ap/1714624944WhatsApp_Image_2024-04-23_at_19_04_06.jpeg,LT,Inventaris,Corporate,,65,2024-05-02 11:42:24.000,2024-05-02 11:42:24.000,
4430,2214,02214-FUR-LC-CFS-PTRE-14,02214-FUR-LC-CFS-PTRE-14,598,FUR-LC,117,Tersedia,Bagus,0.0,inventory/ams/inventoryPhoto/1714624746WhatsApp_Image_2024-03-09_at_10_13_41.jpeg,inventory/ams/assets/uploads/assetsre/ap/1714624746WhatsApp_Image_2024-03-09_at_10_13_41.jpeg,LT,Inventaris,Corporate,,65,2025-10-31 10:55:18.000,2025-10-31 10:55:18.000,
4431,2215,02215-FUR-LC-CFS-PTRE-14,02215-FUR-LC-CFS-PTRE-14,596,FUR-LC,228,Tersedia,Bagus,0.0,inventory/ams/inventoryPhoto/1714624885WhatsApp_Image_2024-03-09_at_10_13_41.jpeg,inventory/ams/assets/uploads/assetsre/ap/1714624885WhatsApp_Image_2024-03-09_at_10_13_41.jpeg,LT,Inventaris,Corporate,,65,2024-05-02 11:41:25.000,2024-05-02 11:41:25.000,
4432,2350,02350-FUR-LC-CFS-PTRE-12,02350-FUR-LC-CFS-PTRE-12,597,FUR-LC,197,Tersedia,Bagus,0.0,inventory/ams/inventoryPhoto/1726198939Laci_Kerja.jpeg,inventory/ams/assets/uploads/assetsre/ap/1726198939Laci_Kerja.jpeg,LT,Aset,Corporate,,79,2024-09-13 10:42:19.000,2024-09-13 10:42:19.000,
4433,2351,02351-FUR-LC-CFS-PTRE-12,02351-FUR-LC-CFS-PTRE-12,597,FUR-LC,197,Tersedia,Bagus,0.0,inventory/ams/inventoryPhoto/1726198929Laci_Kerja.jpeg,inventory/ams/assets/uploads/assetsre/ap/1726198929Laci_Kerja.jpeg,LT,Aset,Corporate,,79,2024-09-13 10:42:09.000,2024-09-13 10:42:09.000,
4434,2352,02352-FUR-LC-CFS-PTRE-14,02352-FUR-LC-CFS-PTRE-14,598,FUR-LC,197,Tersedia,Bagus,0.0,inventory/ams/inventoryPhoto/1726198933Laci_Kerja.jpeg,inventory/ams/assets/uploads/assetsre/ap/1726198933Laci_Kerja.jpeg,LT,Aset,Corporate,,79,2024-09-13 10:42:13.000,2024-09-13 10:42:13.000,
4435,2353,02353-FUR-LC-CFS-PTRE-14,02353-FUR-LC-CFS-PTRE-14,598,FUR-LC,197,Tersedia,Bagus,0.0,inventory/ams/inventoryPhoto/1726198925Laci_Kerja.jpeg,inventory/ams/assets/uploads/assetsre/ap/1726198925Laci_Kerja.jpeg,LT,Aset,Corporate,,79,2024-09-13 10:42:05.000,2024-09-13 10:42:05.000,
4436,2354,02354-FUR-LC-CFS-PTRE-14,02354-FUR-LC-CFS-PTRE-14,598,FUR-LC,197,Tersedia,Bagus,0.0,inventory/ams/inventoryPhoto/1726198918Laci_Kerja.jpeg,inventory/ams/assets/uploads/assetsre/ap/1726198918Laci_Kerja.jpeg,LT,Aset,Corporate,,79,2024-09-13 10:41:58.000,2024-09-13 10:41:58.000,
4437,2355,02355-FUR-LC-CFS-PTRE-14,02355-FUR-LC-CFS-PTRE-14,598,FUR-LC,197,Tersedia,Bagus,0.0,inventory/ams/inventoryPhoto/1726198914Laci_Kerja.jpeg,inventory/ams/assets/uploads/assetsre/ap/1726198914Laci_Kerja.jpeg,LT,Aset,Corporate,,79,2024-09-13 10:41:54.000,2024-09-13 10:41:54.000,
4438,2356,02356-FUR-LC-CFS-PTRE-14,02356-FUR-LC-CFS-PTRE-14,598,FUR-LC,197,Tersedia,Bagus,0.0,inventory/ams/inventoryPhoto/1726198910Laci_Kerja.jpeg,inventory/ams/assets/uploads/assetsre/ap/1726198910Laci_Kerja.jpeg,LT,Aset,Corporate,,79,2024-09-13 10:41:50.000,2024-09-13 10:41:50.000,
4439,2357,02357-FUR-LC-CFS-PTRE-14,02357-FUR-LC-CFS-PTRE-14,598,FUR-LC,197,Tersedia,Bagus,0.0,inventory/ams/inventoryPhoto/1726198906Laci_Kerja.jpeg,inventory/ams/assets/uploads/assetsre/ap/1726198906Laci_Kerja.jpeg,LT,Aset,Corporate,,79,2024-09-13 10:41:46.000,2024-09-13 10:41:46.000,
4440,2358,02358-FUR-LC-CFS-PTRE-14,02358-FUR-LC-CFS-PTRE-14,598,FUR-LC,197,Tersedia,Bagus,0.0,inventory/ams/inventoryPhoto/1726198901Laci_Kerja.jpeg,inventory/ams/assets/uploads/assetsre/ap/1726198901Laci_Kerja.jpeg,LT,Aset,Corporate,,79,2024-09-13 10:41:41.000,2024-09-13 10:41:41.000,
4441,2359,02359-FUR-LC-CFS-PTRE-14,02359-FUR-LC-CFS-PTRE-14,598,FUR-LC,197,Tersedia,Bagus,0.0,inventory/ams/inventoryPhoto/1726198897Laci_Kerja.jpeg,inventory/ams/assets/uploads/assetsre/ap/1726198897Laci_Kerja.jpeg,LT,Aset,Corporate,,79,2024-09-13 10:41:37.000,2024-09-13 10:41:37.000,
4442,2360,02360-FUR-LC-CFS-PTRE-14,02360-FUR-LC-CFS-PTRE-14,598,FUR-LC,197,Tersedia,Bagus,0.0,inventory/ams/inventoryPhoto/1726198892Laci_Kerja.jpeg,inventory/ams/assets/uploads/assetsre/ap/1726198892Laci_Kerja.jpeg,LT,Aset,Corporate,,79,2024-09-13 10:41:32.000,2024-09-13 10:41:32.000,
4443,2361,02361-FUR-LC-CFS-PTRE-14,02361-FUR-LC-CFS-PTRE-14,598,FUR-LC,197,Tersedia,Bagus,0.0,inventory/ams/inventoryPhoto/1726198887Laci_Kerja.jpeg,inventory/ams/assets/uploads/assetsre/ap/1726198887Laci_Kerja.jpeg,LT,Aset,Corporate,,79,2024-09-13 10:41:27.000,2024-09-13 10:41:27.000,
4444,2362,02362-FUR-LC-CFS-PTRE-14,02362-FUR-LC-CFS-PTRE-14,598,FUR-LC,197,Tersedia,Bagus,0.0,inventory/ams/inventoryPhoto/1726198883Laci_Kerja.jpeg,inventory/ams/assets/uploads/assetsre/ap/1726198883Laci_Kerja.jpeg,LT,Aset,Corporate,,79,2024-09-13 10:41:23.000,2024-09-13 10:41:23.000,
4445,2363,02363-FUR-LC-CFS-PTRE-14,02363-FUR-LC-CFS-PTRE-14,598,FUR-LC,197,Tersedia,Bagus,0.0,inventory/ams/inventoryPhoto/1726198877Laci_Kerja.jpeg,inventory/ams/assets/uploads/assetsre/ap/1726198877Laci_Kerja.jpeg,LT,Aset,Corporate,,79,2024-09-13 10:41:17.000,2024-09-13 10:41:17.000,
4446,2364,02364-FUR-LC-CFS-PTRE-14,02364-FUR-LC-CFS-PTRE-14,598,FUR-LC,197,Tersedia,Bagus,0.0,inventory/ams/inventoryPhoto/1726198870Laci_Kerja.jpeg,inventory/ams/assets/uploads/assetsre/ap/1726198870Laci_Kerja.jpeg,LT,Aset,Corporate,,79,2024-09-13 10:41:10.000,2024-09-13 10:41:10.000,
4447,2365,02365-FUR-LC-CFS-PTRE-14,02365-FUR-LC-CFS-PTRE-14,598,FUR-LC,197,Tersedia,Bagus,0.0,inventory/ams/inventoryPhoto/1726198862Laci_Kerja.jpeg,inventory/ams/assets/uploads/assetsre/ap/1726198862Laci_Kerja.jpeg,LT,Aset,Corporate,,79,2024-09-13 10:41:02.000,2024-09-13 10:41:02.000,
4448,2366,02366-FUR-LC-CFS-PTRE-14,02366-FUR-LC-CFS-PTRE-14,598,FUR-LC,197,Tersedia,Bagus,0.0,inventory/ams/inventoryPhoto/1726198866Laci_Kerja.jpeg,inventory/ams/assets/uploads/assetsre/ap/1726198866Laci_Kerja.jpeg,LT,Aset,Corporate,,79,2024-09-13 10:41:06.000,2024-09-13 10:41:06.000,
4449,2367,02367-FUR-LC-CFS-PTRE-14,02367-FUR-LC-CFS-PTRE-14,598,FUR-LC,197,Tersedia,Bagus,0.0,inventory/ams/inventoryPhoto/1726198857Laci_Kerja.jpeg,inventory/ams/assets/uploads/assetsre/ap/1726198857Laci_Kerja.jpeg,LT,Aset,Corporate,,79,2024-09-13 10:40:57.000,2024-09-13 10:40:57.000,
4450,2368,02368-FUR-LC-CFS-PTRE-14,02368-FUR-LC-CFS-PTRE-14,598,FUR-LC,197,Borrowed,Bagus,0.0,inventory/ams/inventoryPhoto/1726198853Laci_Kerja.jpeg,inventory/ams/assets/uploads/assetsre/ap/1726198853Laci_Kerja.jpeg,LT,Aset,Corporate,,79,2024-09-13 10:40:53.000,2024-09-13 10:40:53.000,
4451,2405,02405-FUR-LC-CFS-PTRE-12,02405-FUR-LC-CFS-PTRE-12,612,FUR-LC,201,Tidak Aktif,Lelang/Hibah,0.0,,,LT,Aset,Corporate,,65,2024-06-06 09:01:50.000,2024-06-06 09:01:50.000,
4452,2406,02406-FUR-LC-CFS-PTRE-14,02406-FUR-LC-CFS-PTRE-14,612,FUR-LC,201,Tidak Aktif,Lelang/Hibah,0.0,,,LT,Aset,Corporate,,65,2024-06-06 09:01:29.000,2024-06-06 09:01:29.000,
4453,2415,02415-FUR-LC-CFS-PTRE-14,02415-FUR-LC-CFS-PTRE-14,597,FUR-LC,156,Tersedia,Bagus,0.0,,,LT,Aset,Corporate,,1,2024-08-01 11:40:16.000,2024-08-01 11:40:16.000,
4454,2463,02463-FUR-LC-CFS-PTRE-12,02463-FUR-LC-CFS-PTRE-12,597,FUR-LC,204,Tersedia,Bagus,0.0,inventory/ams/inventoryPhoto/1726198847Laci_Kerja.jpeg,inventory/ams/assets/uploads/assetsre/ap/1726198847Laci_Kerja.jpeg,LT,Aset,Corporate,,79,2024-09-13 10:40:47.000,2024-09-13 10:40:47.000,
4455,2464,02464-FUR-LC-CFS-PTRE-12,02464-FUR-LC-CFS-PTRE-12,597,FUR-LC,204,Tersedia,Bagus,0.0,inventory/ams/inventoryPhoto/1726198843Laci_Kerja.jpeg,inventory/ams/assets/uploads/assetsre/ap/1726198843Laci_Kerja.jpeg,LT,Aset,Corporate,,79,2024-09-13 10:40:43.000,2024-09-13 10:40:43.000,
4456,2465,02465-FUR-LC-CFS-PTRE-12,02465-FUR-LC-CFS-PTRE-12,597,FUR-LC,204,Tersedia,Bagus,0.0,inventory/ams/inventoryPhoto/1726198838Laci_Kerja.jpeg,inventory/ams/assets/uploads/assetsre/ap/1726198838Laci_Kerja.jpeg,LT,Aset,Corporate,,79,2024-09-13 10:40:38.000,2024-09-13 10:40:38.000,
4457,2466,02466-FUR-LC-CFS-PTRE-14,02466-FUR-LC-CFS-PTRE-14,611,FUR-LC,204,Tersedia,Bagus,0.0,inventory/ams/inventoryPhoto/1726198833Laci_Kerja.jpeg,inventory/ams/assets/uploads/assetsre/ap/1726198833Laci_Kerja.jpeg,LT,Aset,Corporate,,79,2024-09-13 10:40:33.000,2024-09-13 10:40:33.000,
4458,2467,02467-FUR-LC-CFS-PTRE-14,02467-FUR-LC-CFS-PTRE-14,611,FUR-LC,204,Tersedia,Bagus,0.0,inventory/ams/inventoryPhoto/1726198826Laci_Kerja.jpeg,inventory/ams/assets/uploads/assetsre/ap/1726198826Laci_Kerja.jpeg,LT,Aset,Corporate,,79,2024-09-13 10:40:26.000,2024-09-13 10:40:26.000,
4459,2468,02468-FUR-LC-CFS-PTRE-14,02468-FUR-LC-CFS-PTRE-14,611,FUR-LC,204,Tersedia,Bagus,0.0,inventory/ams/inventoryPhoto/1726198780Laci_Kerja.jpeg,inventory/ams/assets/uploads/assetsre/ap/1726198780Laci_Kerja.jpeg,LT,Aset,Corporate,,79,2024-09-13 10:39:40.000,2024-09-13 10:39:40.000,
4460,2522,02522-FUR-LC-CFS-PTRE-14,02522-FUR-LC-CFS-PTRE-14,597,FUR-LC,205,Tersedia,Bagus,0.0,inventory/ams/inventoryPhoto/1726198773Laci_Kerja.jpeg,inventory/ams/assets/uploads/assetsre/ap/1726198773Laci_Kerja.jpeg,LT,Aset,Corporate,,79,2024-09-13 10:39:33.000,2024-09-13 10:39:33.000,
4461,2523,02523-FUR-LC-CFS-PTRE-14,02523-FUR-LC-CFS-PTRE-14,597,FUR-LC,205,Tersedia,Bagus,0.0,inventory/ams/inventoryPhoto/1726198762Laci_Kerja.jpeg,inventory/ams/assets/uploads/assetsre/ap/1726198762Laci_Kerja.jpeg,LT,Aset,Corporate,,1,2024-09-13 10:39:22.000,2024-09-13 10:39:22.000,
4462,8552,03103-FUR-LC-CFS-PTRE-12,03103-FUR-LC-CFS-PTRE-12,613,FUR-LC,221,Tidak Aktif,Bagus,0.0,inventory/ams/inventoryPhoto/1712282750WhatsApp_Image_2024-04-05_at_8_53_48_AM.jpeg,inventory/ams/assets/uploads/assetsre/ap/1712282750WhatsApp_Image_2024-04-05_at_8_53_48_AM.jpeg,LT,Inventaris,Corporate,,79,2024-04-05 09:05:50.000,2024-04-05 09:05:50.000,
4463,8605,03156-FUR-LC-CFS-PTRE-14,03156-FUR-LC-CFS-PTRE-14,614,FUR-LC,136,Tidak Aktif,Bagus,0.0,inventory/ams/inventoryPhoto/1726198757Laci_Kerja.jpeg,inventory/ams/assets/uploads/assetsre/ap/1726198757Laci_Kerja.jpeg,LT,Inventaris,Corporate,10780,1,2026-06-07 20:53:53.000,2026-06-07 20:53:53.000,
4464,8726,03270-FUR-LC-CFS-PTRE-24,03270-FUR-LK-CFS-PTRE-24,610,FUR-LC,223,Tidak Aktif,Bagus,0.0,inventory/ams/inventoryPhoto/1726560044LEMARI_DOCUMEN.jpeg,inventory/ams/assets/uploads/assetsre/ap/1726560044LEMARI_DOCUMEN.jpeg,LT,Aset,Corporate,10780,1,2026-01-19 18:12:30.000,2026-01-19 18:12:30.000,
4465,8751,03295-FUR-LC-CFS-PTRE-24,03295-FUR-LC-CFS-PTRE-24,610,FUR-LC,117,Tidak Aktif,Bagus,0.0,inventory/ams/inventoryPhoto/1726198751Laci_Kerja.jpeg,inventory/ams/assets/uploads/assetsre/ap/1726198751Laci_Kerja.jpeg,LT,Aset,Corporate,,1,2024-09-13 10:39:11.000,2024-09-13 10:39:11.000,
4466,8752,03296-FUR-LC-CFS-PTRE-24,03296-FUR-LC-CFS-PTRE-24,610,FUR-LC,117,Tidak Aktif,Bagus,0.0,inventory/ams/inventoryPhoto/1726198741Laci_Kerja.jpeg,inventory/ams/assets/uploads/assetsre/ap/1726198741Laci_Kerja.jpeg,LT,Aset,Corporate,,1,2024-09-13 10:39:01.000,2024-09-13 10:39:01.000,
4467,8753,03297-FUR-LC-CFS-PTRE-24,03297-FUR-LC-CFS-PTRE-24,610,FUR-LC,117,Tidak Aktif,Bagus,0.0,inventory/ams/inventoryPhoto/1726198734Laci_Kerja.jpeg,inventory/ams/assets/uploads/assetsre/ap/1726198734Laci_Kerja.jpeg,LT,Aset,Corporate,,1,2024-09-13 10:38:54.000,2024-09-13 10:38:54.000,
4468,8754,03298-FUR-LC-CFS-PTRE-24,03298-FUR-LC-CFS-PTRE-24,610,FUR-LC,117,Tidak Aktif,Bagus,0.0,inventory/ams/inventoryPhoto/1726198729Laci_Kerja.jpeg,inventory/ams/assets/uploads/assetsre/ap/1726198729Laci_Kerja.jpeg,LT,Aset,Corporate,,1,2024-09-13 10:38:49.000,2024-09-13 10:38:49.000,
4469,8755,03299-FUR-LC-CFS-PTRE-24,03299-FUR-LC-CFS-PTRE-24,610,FUR-LC,117,Tidak Aktif,Bagus,0.0,inventory/ams/inventoryPhoto/1726198722Laci_Kerja.jpeg,inventory/ams/assets/uploads/assetsre/ap/1726198722Laci_Kerja.jpeg,LT,Aset,Corporate,,1,2024-09-13 10:38:42.000,2024-09-13 10:38:42.000,
4470,8756,03300-FUR-LC-CFS-PTRE-24,03300-FUR-LC-CFS-PTRE-24,610,FUR-LC,117,Tidak Aktif,Bagus,0.0,inventory/ams/inventoryPhoto/1726198528Laci_Kerja.jpeg,inventory/ams/assets/uploads/assetsre/ap/1726198528Laci_Kerja.jpeg,LT,Aset,Corporate,,1,2024-09-13 10:35:28.000,2024-09-13 10:35:28.000,
4471,8757,03301-FUR-LC-CFS-PTRE-24,03301-FUR-LC-CFS-PTRE-24,610,FUR-LC,117,Tidak Aktif,Bagus,0.0,inventory/ams/inventoryPhoto/1726198519Laci_Kerja.jpeg,inventory/ams/assets/uploads/assetsre/ap/1726198519Laci_Kerja.jpeg,LT,Aset,Corporate,,1,2024-09-13 10:35:19.000,2024-09-13 10:35:19.000,
4472,8758,03302-FUR-LC-CFS-PTRE-24,03302-FUR-LC-CFS-PTRE-24,610,FUR-LC,117,Tidak Aktif,Bagus,0.0,inventory/ams/inventoryPhoto/1726198511Laci_Kerja.jpeg,inventory/ams/assets/uploads/assetsre/ap/1726198511Laci_Kerja.jpeg,LT,Aset,Corporate,,1,2024-09-13 10:35:11.000,2024-09-13 10:35:11.000,
4473,8759,03303-FUR-LC-CFS-PTRE-24,03303-FUR-LC-CFS-PTRE-24,610,FUR-LC,117,Tidak Aktif,Bagus,0.0,inventory/ams/inventoryPhoto/1726198504Laci_Kerja.jpeg,inventory/ams/assets/uploads/assetsre/ap/1726198504Laci_Kerja.jpeg,LT,Aset,Corporate,,1,2024-09-13 10:35:05.000,2024-09-13 10:35:05.000,
4474,8760,03304-FUR-LC-CFS-PTRE-24,03304-FUR-LC-CFS-PTRE-24,610,FUR-LC,117,Tidak Aktif,Bagus,0.0,inventory/ams/inventoryPhoto/1726198500Laci_Kerja.jpeg,inventory/ams/assets/uploads/assetsre/ap/1726198500Laci_Kerja.jpeg,LT,Aset,Corporate,,1,2024-09-13 10:35:00.000,2024-09-13 10:35:00.000,
4475,8761,03305-FUR-LC-CFS-PTRE-24,03305-FUR-LC-CFS-PTRE-24,610,FUR-LC,117,Tidak Aktif,Bagus,0.0,inventory/ams/inventoryPhoto/1726198494Laci_Kerja.jpeg,inventory/ams/assets/uploads/assetsre/ap/1726198494Laci_Kerja.jpeg,LT,Aset,Corporate,,1,2024-09-13 10:34:54.000,2024-09-13 10:34:54.000,
4476,8762,03306-FUR-LC-CFS-PTRE-24,03306-FUR-LC-CFS-PTRE-24,610,FUR-LC,117,Tidak Aktif,Bagus,0.0,inventory/ams/inventoryPhoto/1726198488Laci_Kerja.jpeg,inventory/ams/assets/uploads/assetsre/ap/1726198488Laci_Kerja.jpeg,LT,Aset,Corporate,,1,2024-09-13 10:34:48.000,2024-09-13 10:34:48.000,
4477,8799,03342-FUR-LC-CFS-PTRE-24,03342-FUR-LC-CFS-PTRE-24,610,FUR-LC,121,Tidak Aktif,Bagus,0.0,inventory/ams/inventoryPhoto/1726198477Laci_Kerja.jpeg,inventory/ams/assets/uploads/assetsre/ap/1726198477Laci_Kerja.jpeg,LT,Aset,Corporate,,1,2024-09-13 10:34:37.000,2024-09-13 10:34:37.000,
4478,8800,03343-FUR-LC-CFS-PTRE-24,03343-FUR-LC-CFS-PTRE-24,610,FUR-LC,121,Tidak Aktif,Bagus,0.0,inventory/ams/inventoryPhoto/1726198474Laci_Kerja.jpeg,inventory/ams/assets/uploads/assetsre/ap/1726198474Laci_Kerja.jpeg,LT,Aset,Corporate,,1,2024-09-13 10:34:34.000,2024-09-13 10:34:34.000,
4479,8801,03344-FUR-LC-CFS-PTRE-24,03344-FUR-LC-CFS-PTRE-24,610,FUR-LC,121,Tidak Aktif,Bagus,0.0,inventory/ams/inventoryPhoto/1726198465Laci_Kerja.jpeg,inventory/ams/assets/uploads/assetsre/ap/1726198465Laci_Kerja.jpeg,LT,Aset,Corporate,,1,2024-09-13 10:34:25.000,2024-09-13 10:34:25.000,
4480,8802,03345-FUR-LC-CFS-PTRE-24,03345-FUR-LC-CFS-PTRE-24,610,FUR-LC,121,Tidak Aktif,Bagus,0.0,inventory/ams/inventoryPhoto/1726198455Laci_Kerja.jpeg,inventory/ams/assets/uploads/assetsre/ap/1726198455Laci_Kerja.jpeg,LT,Aset,Corporate,,1,2024-09-13 10:34:15.000,2024-09-13 10:34:15.000,
4481,8803,03346-FUR-LC-CFS-PTRE-24,03346-FUR-LK-CFS-PTRE-24,610,FUR-LC,121,Tidak Aktif,Bagus,0.0,inventory/ams/inventoryPhoto/1726198451Laci_Kerja.jpeg,inventory/ams/assets/uploads/assetsre/ap/1726198451Laci_Kerja.jpeg,LT,Aset,Corporate,10780,1,2026-01-07 15:36:09.000,2026-01-07 15:36:09.000,
4482,8804,03347-FUR-LC-CFS-PTRE-24,03347-FUR-LK-CFS-PTRE-24,610,FUR-LC,121,Tidak Aktif,Bagus,0.0,inventory/ams/inventoryPhoto/1726197946Laci_Kerja.jpeg,inventory/ams/assets/uploads/assetsre/ap/1726197946Laci_Kerja.jpeg,LT,Aset,Corporate,10780,1,2026-01-07 15:36:02.000,2026-01-07 15:36:02.000,
4483,8827,03369-FUR-LC-CFS-PTRE-24,03369-FUR-LC-CFS-PTRE-24,610,FUR-LC,224,Tidak Aktif,Bagus,0.0,inventory/ams/inventoryPhoto/1726197941Laci_Kerja.jpeg,inventory/ams/assets/uploads/assetsre/ap/1726197941Laci_Kerja.jpeg,LT,Aset,Corporate,,1,2024-09-13 10:25:41.000,2024-09-13 10:25:41.000,
4484,8828,03370-FUR-LC-CFS-PTRE-24,03370-FUR-LC-CFS-PTRE-24,610,FUR-LC,137,Tidak Aktif,Bagus,0.0,inventory/ams/inventoryPhoto/1726197935Laci_Kerja.jpeg,inventory/ams/assets/uploads/assetsre/ap/1726197935Laci_Kerja.jpeg,LT,Aset,Corporate,10780,1,2026-06-07 20:32:24.000,2026-06-07 20:32:24.000,
4485,8829,03371-FUR-LC-CFS-PTRE-24,03371-FUR-LC-CFS-PTRE-24,610,FUR-LC,224,Tidak Aktif,Bagus,0.0,inventory/ams/inventoryPhoto/1726197930Laci_Kerja.jpeg,inventory/ams/assets/uploads/assetsre/ap/1726197930Laci_Kerja.jpeg,LT,Aset,Corporate,,1,2024-09-13 10:25:30.000,2024-09-13 10:25:30.000,
4486,8832,03374-FUR-LC-CFS-PTRE-24,03374-FUR-LC-CFS-PTRE-24,610,FUR-LC,115,Tidak Aktif,Bagus,0.0,inventory/ams/inventoryPhoto/1726197845Laci_Kerja.jpeg,inventory/ams/assets/uploads/assetsre/ap/1726197845Laci_Kerja.jpeg,LT,Aset,Corporate,,1,2024-09-13 10:24:05.000,2024-09-13 10:24:05.000,
4487,8833,03375-FUR-LC-CFS-PTRE-24,03375-FUR-LC-CFS-PTRE-24,610,FUR-LC,241,Tidak Aktif,Bagus,0.0,inventory/ams/inventoryPhoto/1726197840Laci_Kerja.jpeg,inventory/ams/assets/uploads/assetsre/ap/1726197840Laci_Kerja.jpeg,LT,Inventaris,Corporate,10780,1,2026-09-03 10:24:25.000,2026-09-03 10:24:25.000,
4488,8834,03376-FUR-LC-CFS-PTRE-24,03376-FUR-LC-CFS-PTRE-24,610,FUR-LC,241,Tidak Aktif,Bagus,0.0,inventory/ams/inventoryPhoto/1726197827Laci_Kerja.jpeg,inventory/ams/assets/uploads/assetsre/ap/1726197827Laci_Kerja.jpeg,LT,Inventaris,Corporate,10780,1,2026-09-03 10:24:08.000,2026-09-03 10:24:08.000,
4489,8895,03431-FUR-LC-CFS-PTRE-24,03431-FUR-LC-CFS-PTRE-24,610,FUR-LC,225,Tidak Aktif,Bagus,0.0,inventory/ams/inventoryPhoto/1726197823Laci_Kerja.jpeg,inventory/ams/assets/uploads/assetsre/ap/1726197823Laci_Kerja.jpeg,LT,Aset,Corporate,,1,2025-02-13 09:35:22.000,2025-02-13 09:35:22.000,
4490,8896,03432-FUR-LC-CFS-PTRE-24,03432-FUR-LC-CFS-PTRE-24,610,FUR-LC,225,Tidak Aktif,Bagus,0.0,inventory/ams/inventoryPhoto/1726197814Laci_Kerja.jpeg,inventory/ams/assets/uploads/assetsre/ap/1726197814Laci_Kerja.jpeg,LT,Aset,Corporate,,1,2025-02-13 09:35:17.000,2025-02-13 09:35:17.000,
4491,8897,03433-FUR-LC-CFS-PTRE-24,03433-FUR-LC-CFS-PTRE-24,610,FUR-LC,225,Tidak Aktif,Bagus,0.0,inventory/ams/inventoryPhoto/1726197807Laci_Kerja.jpeg,inventory/ams/assets/uploads/assetsre/ap/1726197807Laci_Kerja.jpeg,LT,Aset,Corporate,,1,2025-02-13 09:35:06.000,2025-02-13 09:35:06.000,
4492,8898,03434-FUR-LC-CFS-PTRE-24,03434-FUR-LC-CFS-PTRE-24,610,FUR-LC,225,Tidak Aktif,Bagus,0.0,inventory/ams/inventoryPhoto/1726197784Laci_Kerja.jpeg,inventory/ams/assets/uploads/assetsre/ap/1726197784Laci_Kerja.jpeg,LT,Aset,Corporate,,1,2025-02-13 09:34:57.000,2025-02-13 09:34:57.000,
4493,8899,03435-FUR-LC-CFS-PTRE-24,03435-FUR-LC-CFS-PTRE-24,610,FUR-LC,225,Tidak Aktif,Bagus,0.0,inventory/ams/inventoryPhoto/1726197778Laci_Kerja.jpeg,inventory/ams/assets/uploads/assetsre/ap/1726197778Laci_Kerja.jpeg,LT,Aset,Corporate,,1,2025-02-13 09:34:49.000,2025-02-13 09:34:49.000,
4494,8930,03466-FUR-LC-CFS-PTRE-24,03466-FUR-LC-CFS-PTRE-24,610,FUR-LC,85,Tidak Aktif,Bagus,0.0,inventory/ams/inventoryPhoto/1726197768Laci_Kerja.jpeg,inventory/ams/assets/uploads/assetsre/ap/1726197768Laci_Kerja.jpeg,LT,Aset,Corporate,,1,2024-09-13 10:22:48.000,2024-09-13 10:22:48.000,
4495,8931,03467-FUR-LC-CFS-PTRE-24,03467-FUR-LC-CFS-PTRE-24,610,FUR-LC,85,Tidak Aktif,Bagus,0.0,inventory/ams/inventoryPhoto/1726197759Laci_Kerja.jpeg,inventory/ams/assets/uploads/assetsre/ap/1726197759Laci_Kerja.jpeg,LT,Aset,Corporate,,1,2024-09-13 10:22:39.000,2024-09-13 10:22:39.000,
4496,8932,03468-FUR-LC-CFS-PTRE-24,03468-FUR-LC-CFS-PTRE-24,610,FUR-LC,85,Tidak Aktif,Bagus,0.0,inventory/ams/inventoryPhoto/1726197753Laci_Kerja.jpeg,inventory/ams/assets/uploads/assetsre/ap/1726197753Laci_Kerja.jpeg,LT,Aset,Corporate,,1,2024-09-13 10:22:33.000,2024-09-13 10:22:33.000,
4497,8962,03498-FUR-LC-CFS-PTRE-24,03498-FUR-LC-CFS-PTRE-24,615,FUR-LC,136,Tidak Aktif,Bagus,0.0,inventory/ams/inventoryPhoto/1726197690Laci_Kerja.jpeg,inventory/ams/assets/uploads/assetsre/ap/1726197690Laci_Kerja.jpeg,LT,Aset,Corporate,10780,1,2026-06-07 20:53:40.000,2026-06-07 20:53:40.000,
4498,8966,03502-FUR-LC-CFS-PTRE-24,03502-FUR-LC-CFS-PTRE-24,610,FUR-LC,137,Tidak Aktif,Bagus,0.0,inventory/ams/inventoryPhoto/1726197686Laci_Kerja.jpeg,inventory/ams/assets/uploads/assetsre/ap/1726197686Laci_Kerja.jpeg,LT,Aset,Corporate,,1,2024-09-13 10:21:26.000,2024-09-13 10:21:26.000,
4499,8967,1588-FUR-LC-CFS-PTRE-14,1588-FUR-LC-CFS-PTRE-14,610,FUR-LC,137,Tidak Aktif,Bagus,0.0,inventory/ams/inventoryPhoto/1726197676Laci_Kerja.jpeg,inventory/ams/assets/uploads/assetsre/ap/1726197676Laci_Kerja.jpeg,LT,Aset,Corporate,,1,2026-01-26 14:02:58.000,2026-01-26 14:02:58.000,
4500,8968,1430-FUR-LC-CFS-PTRE-13,1430-FUR-LC-CFS-PTRE-13,610,FUR-LC,137,Tidak Aktif,Bagus,0.0,inventory/ams/inventoryPhoto/1726197679Laci_Kerja.jpeg,inventory/ams/assets/uploads/assetsre/ap/1726197679Laci_Kerja.jpeg,LT,Aset,Corporate,,1,2026-01-26 14:01:28.000,2026-01-26 14:01:28.000,
4501,8983,03519-FUR-LC-CFS-PTRE-24,03519-FUR-LC-CFS-PTRE-24,610,FUR-LC,138,Tidak Aktif,Bagus,0.0,inventory/ams/inventoryPhoto/1726197654Laci_Kerja.jpeg,inventory/ams/assets/uploads/assetsre/ap/1726197654Laci_Kerja.jpeg,LT,Aset,Corporate,,1,2024-09-13 10:20:54.000,2024-09-13 10:20:54.000,
4502,8984,03520-FUR-LC-CFS-PTRE-24,03520-FUR-LC-CFS-PTRE-24,610,FUR-LC,138,Tidak Aktif,Bagus,0.0,inventory/ams/inventoryPhoto/1726197659Laci_Kerja.jpeg,inventory/ams/assets/uploads/assetsre/ap/1726197659Laci_Kerja.jpeg,LT,Aset,Corporate,,1,2024-09-13 10:20:59.000,2024-09-13 10:20:59.000,
4503,8985,03521-FUR-LC-CFS-PTRE-24,03521-FUR-LC-CFS-PTRE-24,610,FUR-LC,138,Tidak Aktif,Bagus,0.0,inventory/ams/inventoryPhoto/1726197668Laci_Kerja.jpeg,inventory/ams/assets/uploads/assetsre/ap/1726197668Laci_Kerja.jpeg,LT,Aset,Corporate,,1,2024-09-13 10:21:08.000,2024-09-13 10:21:08.000,
4504,9028,03564-FUR-LC-CFS-PTRE-24,03564-FUR-LC-CFS-PTRE-24,610,FUR-LC,229,Tidak Aktif,Bagus,0.0,inventory/ams/inventoryPhoto/1726197650Laci_Kerja.jpeg,inventory/ams/assets/uploads/assetsre/ap/1726197650Laci_Kerja.jpeg,LT,Aset,Corporate,10780,1,2026-05-29 15:09:04.000,2026-05-29 15:09:04.000,
4505,9029,03565-FUR-LC-CFS-PTRE-24,03565-FUR-LC-CFS-PTRE-24,610,FUR-LC,230,Tidak Aktif,Bagus,0.0,inventory/ams/inventoryPhoto/1726197638Laci_Kerja.jpeg,inventory/ams/assets/uploads/assetsre/ap/1726197638Laci_Kerja.jpeg,LT,Aset,Corporate,,1,2024-09-13 10:20:38.000,2024-09-13 10:20:38.000,
4506,9030,03566-FUR-LC-CFS-PTRE-24,03566-FUR-LC-CFS-PTRE-24,610,FUR-LC,230,Tidak Aktif,Bagus,0.0,inventory/ams/inventoryPhoto/1726197644Laci_Kerja.jpeg,inventory/ams/assets/uploads/assetsre/ap/1726197644Laci_Kerja.jpeg,LT,Aset,Corporate,,1,2024-09-13 10:20:44.000,2024-09-13 10:20:44.000,
4507,9031,03567-FUR-LC-CFS-PTRE-24,03567-FUR-LC-CFS-PTRE-24,610,FUR-LC,230,Tidak Aktif,Bagus,0.0,inventory/ams/inventoryPhoto/1726197634Laci_Kerja.jpeg,inventory/ams/assets/uploads/assetsre/ap/1726197634Laci_Kerja.jpeg,LT,Aset,Corporate,,1,2024-09-13 10:20:34.000,2024-09-13 10:20:34.000,
4508,9032,03568-FUR-LC-CFS-PTRE-24,03568-FUR-LC-CFS-PTRE-24,610,FUR-LC,230,Tidak Aktif,Bagus,0.0,inventory/ams/inventoryPhoto/1726197623Laci_Kerja.jpeg,inventory/ams/assets/uploads/assetsre/ap/1726197623Laci_Kerja.jpeg,LT,Aset,Corporate,,1,2024-09-13 10:20:23.000,2024-09-13 10:20:23.000,
4509,9048,03584-FUR-LC-CFS-PTRE-24,03584-FUR-LK-CFS-PTRE-24,610,FUR-LC,121,Tidak Aktif,Bagus,0.0,inventory/ams/inventoryPhoto/1726197630Laci_Kerja.jpeg,inventory/ams/assets/uploads/assetsre/ap/1726197630Laci_Kerja.jpeg,LT,Aset,Corporate,10780,1,2026-01-07 15:35:55.000,2026-01-07 15:35:55.000,
4510,9049,03585-FUR-LC-CFS-PTRE-24,03585-FUR-LC-CFS-PTRE-24,610,FUR-LC,229,Tidak Aktif,Bagus,0.0,inventory/ams/inventoryPhoto/1726197614Laci_Kerja.jpeg,inventory/ams/assets/uploads/assetsre/ap/1726197614Laci_Kerja.jpeg,LT,Aset,Corporate,,1,2024-09-13 10:20:14.000,2024-09-13 10:20:14.000,
4511,9050,03586-FUR-LC-CFS-PTRE-24,03586-FUR-LC-CFS-PTRE-24,610,FUR-LC,229,Tidak Aktif,Bagus,0.0,inventory/ams/inventoryPhoto/1726197618Laci_Kerja.jpeg,inventory/ams/assets/uploads/assetsre/ap/1726197618Laci_Kerja.jpeg,LT,Aset,Corporate,,1,2024-09-13 10:20:18.000,2024-09-13 10:20:18.000,
4512,9051,03587-FUR-LC-CFS-PTRE-24,03587-FUR-LC-CFS-PTRE-24,610,FUR-LC,229,Tidak Aktif,Bagus,0.0,inventory/ams/inventoryPhoto/1726197609Laci_Kerja.jpeg,inventory/ams/assets/uploads/assetsre/ap/1726197609Laci_Kerja.jpeg,LT,Aset,Corporate,,1,2024-09-13 10:20:09.000,2024-09-13 10:20:09.000,
4513,9052,03588-FUR-LC-CFS-PTRE-24,03588-FUR-LC-CFS-PTRE-24,610,FUR-LC,229,Tidak Aktif,Bagus,0.0,inventory/ams/inventoryPhoto/1726197604Laci_Kerja.jpeg,inventory/ams/assets/uploads/assetsre/ap/1726197604Laci_Kerja.jpeg,LT,Aset,Corporate,,1,2024-09-13 10:20:04.000,2024-09-13 10:20:04.000,
4514,9217,03750-FUR-LC-CFS-PTRE-24,03750-FUR-LC-CFS-PTRE-24,610,FUR-LC,245,Tidak Aktif,Bagus,0.0,inventory/ams/inventoryPhoto/1726197599Laci_Kerja.jpeg,inventory/ams/assets/uploads/assetsre/ap/1726197599Laci_Kerja.jpeg,LT,Aset,Corporate,,1,2024-09-13 10:19:59.000,2024-09-13 10:19:59.000,
4515,9218,03751-FUR-LC-CFS-PTRE-24,03751-FUR-LC-CFS-PTRE-24,610,FUR-LC,245,Tidak Aktif,Bagus,0.0,inventory/ams/inventoryPhoto/1726197591Laci_Kerja.jpeg,inventory/ams/assets/uploads/assetsre/ap/1726197591Laci_Kerja.jpeg,LT,Aset,Corporate,,1,2024-09-13 10:19:51.000,2024-09-13 10:19:51.000,
4516,9219,03752-FUR-LC-CFS-PTRE-24,03752-FUR-LC-CFS-PTRE-24,610,FUR-LC,245,Tidak Aktif,Bagus,0.0,inventory/ams/inventoryPhoto/1726197586Laci_Kerja.jpeg,inventory/ams/assets/uploads/assetsre/ap/1726197586Laci_Kerja.jpeg,LT,Aset,Corporate,,1,2024-09-13 10:19:46.000,2024-09-13 10:19:46.000,
4517,9220,03753-FUR-LC-CFS-PTRE-24,03753-FUR-LC-CFS-PTRE-24,610,FUR-LC,245,Tidak Aktif,Bagus,0.0,inventory/ams/inventoryPhoto/1726197581Laci_Kerja.jpeg,inventory/ams/assets/uploads/assetsre/ap/1726197581Laci_Kerja.jpeg,LT,Aset,Corporate,,1,2024-09-13 10:19:41.000,2024-09-13 10:19:41.000,
4518,9221,03754-FUR-LC-CFS-PTRE-24,03754-FUR-LC-CFS-PTRE-24,610,FUR-LC,245,Tidak Aktif,Bagus,0.0,inventory/ams/inventoryPhoto/1726197567Laci_Kerja.jpeg,inventory/ams/assets/uploads/assetsre/ap/1726197567Laci_Kerja.jpeg,LT,Aset,Corporate,,1,2024-09-13 10:19:27.000,2024-09-13 10:19:27.000,
4519,9222,03755-FUR-LC-CFS-PTRE-24,03755-FUR-LC-CFS-PTRE-24,610,FUR-LC,245,Tidak Aktif,Bagus,0.0,inventory/ams/inventoryPhoto/1726197575Laci_Kerja.jpeg,inventory/ams/assets/uploads/assetsre/ap/1726197575Laci_Kerja.jpeg,LT,Aset,Corporate,,1,2024-09-13 10:19:35.000,2024-09-13 10:19:35.000,
4520,9223,03756-FUR-LC-CFS-PTRE-24,03756-FUR-LC-CFS-PTRE-24,610,FUR-LC,245,Tidak Aktif,Bagus,0.0,inventory/ams/inventoryPhoto/1726197556Laci_Kerja.jpeg,inventory/ams/assets/uploads/assetsre/ap/1726197556Laci_Kerja.jpeg,LT,Aset,Corporate,,1,2024-09-13 10:19:16.000,2024-09-13 10:19:16.000,
4521,9224,03757-FUR-LC-CFS-PTRE-24,03757-FUR-LC-CFS-PTRE-24,610,FUR-LC,245,Tidak Aktif,Bagus,0.0,inventory/ams/inventoryPhoto/1726197560Laci_Kerja.jpeg,inventory/ams/assets/uploads/assetsre/ap/1726197560Laci_Kerja.jpeg,LT,Aset,Corporate,,1,2024-09-13 10:19:20.000,2024-09-13 10:19:20.000,
4522,9225,03758-FUR-LC-CFS-PTRE-24,03758-FUR-LC-CFS-PTRE-24,610,FUR-LC,245,Tidak Aktif,Bagus,0.0,inventory/ams/inventoryPhoto/1726197551Laci_Kerja.jpeg,inventory/ams/assets/uploads/assetsre/ap/1726197551Laci_Kerja.jpeg,LT,Aset,Corporate,,1,2024-09-13 10:19:11.000,2024-09-13 10:19:11.000,
4523,9226,03759-FUR-LC-CFS-PTRE-24,03759-FUR-LC-CFS-PTRE-24,610,FUR-LC,245,Tidak Aktif,Bagus,0.0,inventory/ams/inventoryPhoto/1726197546Laci_Kerja.jpeg,inventory/ams/assets/uploads/assetsre/ap/1726197546Laci_Kerja.jpeg,LT,Aset,Corporate,,1,2024-09-13 10:19:06.000,2024-09-13 10:19:06.000,
4524,9227,03760-FUR-LC-CFS-PTRE-24,03760-FUR-LC-CFS-PTRE-24,610,FUR-LC,245,Tidak Aktif,Bagus,0.0,inventory/ams/inventoryPhoto/1726197541Laci_Kerja.jpeg,inventory/ams/assets/uploads/assetsre/ap/1726197541Laci_Kerja.jpeg,LT,Aset,Corporate,,1,2024-09-13 10:19:01.000,2024-09-13 10:19:01.000,
4525,9228,03761-FUR-LC-CFS-PTRE-24,03761-FUR-LC-CFS-PTRE-24,610,FUR-LC,245,Tidak Aktif,Bagus,0.0,inventory/ams/inventoryPhoto/1726197531Laci_Kerja.jpeg,inventory/ams/assets/uploads/assetsre/ap/1726197531Laci_Kerja.jpeg,LT,Aset,Corporate,,1,2024-09-13 10:18:51.000,2024-09-13 10:18:51.000,
4526,9229,03762-FUR-LC-CFS-PTRE-24,03762-FUR-LC-CFS-PTRE-24,610,FUR-LC,245,Tidak Aktif,Bagus,0.0,inventory/ams/inventoryPhoto/1726197536Laci_Kerja.jpeg,inventory/ams/assets/uploads/assetsre/ap/1726197536Laci_Kerja.jpeg,LT,Aset,Corporate,,1,2024-09-13 10:18:56.000,2024-09-13 10:18:56.000,
4527,9230,03763-FUR-LC-CFS-PTRE-24,03763-FUR-LC-CFS-PTRE-24,610,FUR-LC,245,Tidak Aktif,Bagus,0.0,inventory/ams/inventoryPhoto/1726197528Laci_Kerja.jpeg,inventory/ams/assets/uploads/assetsre/ap/1726197528Laci_Kerja.jpeg,LT,Aset,Corporate,,1,2024-09-13 10:18:48.000,2024-09-13 10:18:48.000,
4528,9231,03764-FUR-LC-CFS-PTRE-24,03764-FUR-LC-CFS-PTRE-24,610,FUR-LC,245,Tidak Aktif,Bagus,0.0,inventory/ams/inventoryPhoto/1726197523Laci_Kerja.jpeg,inventory/ams/assets/uploads/assetsre/ap/1726197523Laci_Kerja.jpeg,LT,Aset,Corporate,,1,2024-09-13 10:18:43.000,2024-09-13 10:18:43.000,
4529,9232,03765-FUR-LC-CFS-PTRE-24,03765-FUR-LC-CFS-PTRE-24,610,FUR-LC,245,Tidak Aktif,Bagus,0.0,inventory/ams/inventoryPhoto/1726197519Laci_Kerja.jpeg,inventory/ams/assets/uploads/assetsre/ap/1726197519Laci_Kerja.jpeg,LT,Aset,Corporate,,1,2024-09-13 10:18:39.000,2024-09-13 10:18:39.000,
4530,9233,03766-FUR-LC-CFS-PTRE-24,03766-FUR-LC-CFS-PTRE-24,610,FUR-LC,245,Tidak Aktif,Bagus,0.0,inventory/ams/inventoryPhoto/1726197515Laci_Kerja.jpeg,inventory/ams/assets/uploads/assetsre/ap/1726197515Laci_Kerja.jpeg,LT,Aset,Corporate,,1,2024-09-13 10:18:35.000,2024-09-13 10:18:35.000,
4531,9234,03767-FUR-LC-CFS-PTRE-24,03767-FUR-LC-CFS-PTRE-24,610,FUR-LC,245,Tidak Aktif,Bagus,0.0,inventory/ams/inventoryPhoto/1726197507Laci_Kerja.jpeg,inventory/ams/assets/uploads/assetsre/ap/1726197507Laci_Kerja.jpeg,LT,Aset,Corporate,,1,2024-09-13 10:18:27.000,2024-09-13 10:18:27.000,
4532,9235,03768-FUR-LC-CFS-PTRE-24,03768-FUR-LC-CFS-PTRE-24,610,FUR-LC,245,Tidak Aktif,Bagus,0.0,inventory/ams/inventoryPhoto/1726197503Laci_Kerja.jpeg,inventory/ams/assets/uploads/assetsre/ap/1726197503Laci_Kerja.jpeg,LT,Aset,Corporate,,1,2024-09-13 10:18:23.000,2024-09-13 10:18:23.000,
4533,9236,03769-FUR-LC-CFS-PTRE-24,03769-FUR-LC-CFS-PTRE-24,610,FUR-LC,245,Tidak Aktif,Bagus,0.0,inventory/ams/inventoryPhoto/1726197499Laci_Kerja.jpeg,inventory/ams/assets/uploads/assetsre/ap/1726197499Laci_Kerja.jpeg,LT,Aset,Corporate,,1,2024-09-13 10:18:19.000,2024-09-13 10:18:19.000,
4534,9237,03770-FUR-LC-CFS-PTRE-24,03770-FUR-LC-CFS-PTRE-24,610,FUR-LC,245,Tidak Aktif,Bagus,0.0,inventory/ams/inventoryPhoto/1726197492Laci_Kerja.jpeg,inventory/ams/assets/uploads/assetsre/ap/1726197492Laci_Kerja.jpeg,LT,Aset,Corporate,,1,2024-09-13 10:18:12.000,2024-09-13 10:18:12.000,
4535,9238,03771-FUR-LC-CFS-PTRE-24,03771-FUR-LC-CFS-PTRE-24,610,FUR-LC,245,Tidak Aktif,Bagus,0.0,inventory/ams/inventoryPhoto/1726197488Laci_Kerja.jpeg,inventory/ams/assets/uploads/assetsre/ap/1726197488Laci_Kerja.jpeg,LT,Aset,Corporate,,1,2024-09-13 10:18:08.000,2024-09-13 10:18:08.000,
4536,9280,03813-FUR-LC-CFS-PTRE-24,03813-FUR-LC-CFS-PTRE-24,610,FUR-LC,232,Tidak Aktif,Bagus,0.0,inventory/ams/inventoryPhoto/1726197483Laci_Kerja.jpeg,inventory/ams/assets/uploads/assetsre/ap/1726197483Laci_Kerja.jpeg,LT,Aset,Corporate,,1,2024-09-13 10:18:03.000,2024-09-13 10:18:03.000,
4537,9435,03977-FUR-LC-CFS-PTRE-24,03977-FUR-LC-CFS-PTRE-24,610,FUR-LC,237,Tidak Aktif,Bagus,0.0,inventory/ams/inventoryPhoto/1726197475Laci_Kerja.jpeg,inventory/ams/assets/uploads/assetsre/ap/1726197475Laci_Kerja.jpeg,LT,Aset,Corporate,10780,1,2025-02-12 14:14:00.000,2025-02-12 14:14:00.000,
4538,9436,03978-FUR-LC-CFS-PTRE-24,03978-FUR-LC-CFS-PTRE-24,610,FUR-LC,237,Tidak Aktif,Bagus,0.0,inventory/ams/inventoryPhoto/1726197471Laci_Kerja.jpeg,inventory/ams/assets/uploads/assetsre/ap/1726197471Laci_Kerja.jpeg,LT,Aset,Corporate,10780,1,2025-02-12 14:14:46.000,2025-02-12 14:14:46.000,
4539,9447,03988-FUR-LC-CFS-PTRE-24,03988-FUR-LC-CFS-PTRE-24,610,FUR-LC,104,Tidak Aktif,Bagus,0.0,inventory/ams/inventoryPhoto/1726197467Laci_Kerja.jpeg,inventory/ams/assets/uploads/assetsre/ap/1726197467Laci_Kerja.jpeg,LT,Aset,Corporate,,1,2024-09-13 10:17:47.000,2024-09-13 10:17:47.000,
4540,9448,03989-FUR-LC-CFS-PTRE-24,03989-FUR-LC-CFS-PTRE-24,610,FUR-LC,104,Tidak Aktif,Bagus,0.0,inventory/ams/inventoryPhoto/1726197458Laci_Kerja.jpeg,inventory/ams/assets/uploads/assetsre/ap/1726197458Laci_Kerja.jpeg,LT,Aset,Corporate,,1,2024-09-13 10:17:38.000,2024-09-13 10:17:38.000,
4541,10634,04632-FUR-LC-CFS-PTRE-25,04632-FUR-LC-CFS-PTRE-25,616,FUR-LC,221,Tidak Aktif,Bagus,0.0,inventory/ams/inventoryPhoto/1737545553Laci_Kerja.jpeg,inventory/ams/assets/uploads/assetsre/ap/1737545553Laci_Kerja.jpeg,LT,Aset,Corporate,,1,2026-04-21 18:20:50.000,2026-04-21 18:20:50.000,
4542,10665,04693-FUR-LC-CFS-PTRE-25,04693-FUR-LC-CFS-PTRE-25,610,FUR-LC,225,Tidak Aktif,Bagus,0.0,inventory/ams/inventoryPhoto/1739413993Laci_Kerja.jpeg,inventory/ams/assets/uploads/assetsre/ap/1739413993Laci_Kerja.jpeg,LT,Aset,Corporate,,1,2025-02-13 09:33:13.000,2025-02-13 09:33:13.000,
4543,10666,04694-FUR-LC-CFS-PTRE-25,04694-FUR-LC-CFS-PTRE-25,610,FUR-LC,225,Tidak Aktif,Bagus,0.0,inventory/ams/inventoryPhoto/1739414048Laci_Kerja.jpeg,inventory/ams/assets/uploads/assetsre/ap/1739414048Laci_Kerja.jpeg,LT,Aset,Corporate,,1,2025-02-13 09:34:08.000,2025-02-13 09:34:08.000,
4544,10684,04715-FUR-LC-CFS-PTRE-25,04715-FUR-LK-CFS-PTRE-25,610,FUR-LC,121,Tidak Aktif,Bagus,0.0,,,LT,Aset,Corporate,10780,1,2026-01-07 15:35:46.000,2026-01-07 15:35:46.000,
4545,10690,04721-FUR-LC-CFS-PTRE-25,04721-FUR-LC-CFS-PTRE-25,610,FUR-LC,117,Tidak Aktif,Bagus,0.0,inventory/ams/inventoryPhoto/1740739981Laci_Kerja.jpeg,inventory/ams/assets/uploads/assetsre/ap/1740739981Laci_Kerja.jpeg,LT,Aset,Corporate,,1,2025-02-28 17:53:01.000,2025-02-28 17:53:01.000,
4546,10691,04722-FUR-LC-CFS-PTRE-25,04722-FUR-LC-CFS-PTRE-25,610,FUR-LC,117,Tidak Aktif,Bagus,0.0,inventory/ams/inventoryPhoto/1740740014Laci_Kerja.jpeg,inventory/ams/assets/uploads/assetsre/ap/1740740014Laci_Kerja.jpeg,LT,Aset,Corporate,,1,2025-02-28 17:53:34.000,2025-02-28 17:53:34.000,
4547,10692,04723-FUR-LC-CFS-PTRE-25,04723-FUR-LC-CFS-PTRE-25,610,FUR-LC,117,Tidak Aktif,Bagus,0.0,inventory/ams/inventoryPhoto/1740740044Laci_Kerja.jpeg,inventory/ams/assets/uploads/assetsre/ap/1740740044Laci_Kerja.jpeg,LT,Aset,Corporate,,1,2025-02-28 17:54:04.000,2025-02-28 17:54:04.000,
4548,11803,04808-FUR-LC-CFS-PTRE-18,04808-FUR-LC-CFS-PTRE-18,610,FUR-LC,115,Tidak Aktif,Bagus,0.0,,,LT,Aset,Corporate,,1,2026-04-10 08:07:59.000,2026-04-10 08:07:59.000,
