id,ams_asset_id,number,legacy_number,lot_id,subcategory_code,location_id,status,condition,price,image_url,ams_image_url,type,classification,burden,project_id,vendor_id,created_at,updated_at,specification
5349,3023,00430-MON-LCD-ICT-PTRE-07,00430-MON-LCD-ICT-PTRE-07,414,MON-LCD,77,Tidak Aktif,Rusak,0.0,,,LT,Aset,Corporate,,1,2020-05-29 13:14:37.000,2020-05-29 13:14:37.000,
5350,3025,00432-MON-LCD-ICT-PTRE-07,00432-MON-LCD-ICT-PTRE-07,414,MON-LCD,77,Tidak Aktif,Rusak,0.0,,,LT,Aset,Corporate,,1,2020-05-29 13:16:28.000,2020-05-29 13:16:28.000,
5351,3026,00433-MON-LCD-ICT-PTRE-07,00433-MON-LCD-ICT-PTRE-07,414,MON-LCD,77,Tidak Aktif,Rusak,0.0,,,LT,Aset,Corporate,,1,2020-05-29 13:14:43.000,2020-05-29 13:14:43.000,
5352,3050,00457-MON-LCD-ICT-PTRE-07,00457-MON-LCD-ICT-PTRE-07,418,MON-LCD,77,Tidak Aktif,Rusak,0.0,,,LT,Aset,Corporate,,1,2020-05-29 13:30:12.000,2020-05-29 13:30:12.000,
5353,3051,00458-MON-LCD-ICT-PTRE-07,00458-MON-LCD-ICT-PTRE-07,418,MON-LCD,77,Tidak Aktif,Rusak,0.0,,,LT,Aset,Corporate,,1,2020-05-29 13:30:18.000,2020-05-29 13:30:18.000,
5354,3055,00462-MON-LCD-ICT-PTRE-08,00462-MON-LCD-ICT-PTRE-08,401,MON-LCD,77,Tidak Aktif,Rusak,0.0,,,LT,Aset,Corporate,,1,2020-05-29 13:30:23.000,2020-05-29 13:30:23.000,
5355,3057,00464-MON-LCD-ICT-PTRE-08,00464-MON-LCD-ICT-PTRE-08,401,MON-LCD,77,Tidak Aktif,Rusak,0.0,,,LT,Aset,Corporate,,1,2020-05-29 13:30:30.000,2020-05-29 13:30:30.000,
5356,3059,00466-MON-LCD-ICT-PTRE-08,00466-MON-LCD-ICT-PTRE-08,401,MON-LCD,77,Tidak Aktif,Rusak,0.0,,,LT,Aset,Corporate,,1,2020-05-29 13:30:36.000,2020-05-29 13:30:36.000,
5357,3061,00468-MON-LCD-ICT-PTRE-08,00468-MON-LCD-ICT-PTRE-08,401,MON-LCD,77,Tidak Aktif,Rusak,0.0,,,LT,Aset,Corporate,,1,2020-05-29 13:33:57.000,2020-05-29 13:33:57.000,
5358,3063,00470-MON-LCD-ICT-PTRE-08,00470-MON-LCD-ICT-PTRE-08,401,MON-LCD,77,Tidak Aktif,Rusak,0.0,,,LT,Aset,Corporate,,1,2020-05-29 13:34:04.000,2020-05-29 13:34:04.000,
5359,3065,00472-MON-LCD-ICT-PTRE-08,00472-MON-LCD-ICT-PTRE-08,401,MON-LCD,77,Tidak Aktif,Rusak,0.0,,,LT,Aset,Corporate,,1,2020-05-29 13:34:11.000,2020-05-29 13:34:11.000,
5360,3067,00474-MON-LCD-ICT-PTRE-08,00474-MON-LCD-ICT-PTRE-08,401,MON-LCD,77,Tidak Aktif,Rusak,0.0,,,LT,Aset,Corporate,,1,2020-05-29 13:42:16.000,2020-05-29 13:42:16.000,
5361,3070,00477-MON-LCD-ICT-PTRE-08,00477-MON-LCD-ICT-PTRE-08,418,MON-LCD,77,Tidak Aktif,Rusak,0.0,,,LT,Aset,Corporate,,1,2020-05-29 13:42:23.000,2020-05-29 13:42:23.000,
5362,3077,00484-MON-LCD-ICT-PTRE-08,00484-MON-LCD-ICT-PTRE-08,401,MON-LCD,77,Tidak Aktif,Rusak,0.0,,,LT,Aset,Corporate,,1,2020-05-29 13:42:29.000,2020-05-29 13:42:29.000,
5363,3079,00486-MON-LCD-ICT-PTRE-08,00486-MON-LCD-ICT-PTRE-08,401,MON-LCD,77,Tidak Aktif,Rusak,0.0,,,LT,Aset,Corporate,,1,2020-05-29 13:42:36.000,2020-05-29 13:42:36.000,
5364,3080,00487-MON-LCD-ICT-PTRE-08,00487-MON-LCD-ICT-PTRE-08,401,MON-LCD,77,Tidak Aktif,Rusak,0.0,,,LT,Aset,Corporate,,1,2020-05-29 13:42:41.000,2020-05-29 13:42:41.000,
5365,3082,00489-MON-LCD-ICT-PTRE-08,00489-MON-LCD-ICT-PTRE-08,401,MON-LCD,77,Tidak Aktif,Rusak,0.0,,,LT,Aset,Corporate,,1,2020-05-29 13:43:04.000,2020-05-29 13:43:04.000,
5366,3084,00491-MON-LCD-ICT-PTRE-08,00491-MON-LCD-ICT-PTRE-08,401,MON-LCD,77,Tidak Aktif,Rusak,0.0,,,LT,Aset,Corporate,,1,2020-05-29 13:43:15.000,2020-05-29 13:43:15.000,
5367,3086,00493-MON-LCD-ICT-PTRE-08,00493-MON-LCD-ICT-PTRE-08,401,MON-LCD,77,Tidak Aktif,Rusak,0.0,,,LT,Aset,Corporate,,1,2020-05-29 13:43:22.000,2020-05-29 13:43:22.000,
5368,3088,00495-MON-LCD-ICT-PTRE-08,00495-MON-LCD-ICT-PTRE-08,401,MON-LCD,77,Tidak Aktif,Rusak,0.0,,,LT,Aset,Corporate,,1,2020-05-29 13:43:27.000,2020-05-29 13:43:27.000,
5369,3090,00497-MON-LCD-ICT-PTRE-08,00497-MON-LCD-ICT-PTRE-08,401,MON-LCD,77,Tidak Aktif,Rusak,0.0,,,LT,Aset,Corporate,,1,2020-05-29 13:43:34.000,2020-05-29 13:43:34.000,
5370,3092,00499-MON-LCD-ICT-PTRE-08,00499-MON-LCD-ICT-PTRE-08,401,MON-LCD,77,Tidak Aktif,Rusak,0.0,,,LT,Aset,Corporate,,1,2020-05-29 13:43:42.000,2020-05-29 13:43:42.000,
5371,3094,00501-MON-LCD-ICT-PTRE-08,00501-MON-LCD-ICT-PTRE-08,401,MON-LCD,77,Tidak Aktif,Rusak,0.0,,,LT,Aset,Corporate,,1,2020-05-29 13:43:48.000,2020-05-29 13:43:48.000,
5372,3095,00502-MON-LCD-ICT-PTRE-08,00502-MON-LCD-ICT-PTRE-08,418,MON-LCD,77,Tidak Aktif,Rusak,0.0,,,LT,Aset,Corporate,,1,2020-05-29 13:43:54.000,2020-05-29 13:43:54.000,
5373,3096,00503-MON-LCD-ICT-PTRE-08,00503-MON-LCD-ICT-PTRE-08,418,MON-LCD,77,Tidak Aktif,Rusak,0.0,,,LT,Aset,Corporate,,1,2020-05-29 13:44:00.000,2020-05-29 13:44:00.000,
5374,3098,00505-MON-LCD-ICT-PTRE-08,00505-MON-LCD-ICT-PTRE-08,401,MON-LCD,77,Tidak Aktif,Rusak,0.0,,,LT,Aset,Corporate,,1,2020-05-29 13:44:07.000,2020-05-29 13:44:07.000,
5375,3099,00506-MON-LCD-ICT-PTRE-08,00506-MON-LCD-ICT-PTRE-08,418,MON-LCD,77,Tidak Aktif,Rusak,0.0,,,LT,Aset,Corporate,,1,2020-05-29 13:44:12.000,2020-05-29 13:44:12.000,
5376,3100,00507-MON-LCD-ICT-PTRE-08,00507-MON-LCD-ICT-PTRE-08,418,MON-LCD,77,Tidak Aktif,Rusak,0.0,,,LT,Aset,Corporate,,1,2020-05-29 13:44:18.000,2020-05-29 13:44:18.000,
5377,3101,00508-MON-LCD-ICT-PTRE-08,00508-MON-LCD-ICT-PTRE-08,418,MON-LCD,77,Tidak Aktif,Rusak,0.0,,,LT,Aset,Corporate,,1,2020-05-29 13:44:27.000,2020-05-29 13:44:27.000,
5378,3102,00509-MON-LCD-ICT-PTRE-08,00509-MON-LCD-ICT-PTRE-08,418,MON-LCD,77,Tidak Aktif,Rusak,0.0,,,LT,Aset,Corporate,,1,2020-05-29 13:44:32.000,2020-05-29 13:44:32.000,
5379,3104,00511-MON-LCD-ICT-PTRE-08,00511-MON-LCD-ICT-PTRE-08,401,MON-LCD,77,Tidak Aktif,Rusak,0.0,,,LT,Aset,Corporate,,1,2020-05-29 13:44:38.000,2020-05-29 13:44:38.000,
5380,3105,00512-MON-LCD-ICT-PTRE-08,00512-MON-LCD-ICT-PTRE-08,418,MON-LCD,77,Tidak Aktif,Rusak,0.0,,,LT,Aset,Corporate,,1,2020-05-29 13:44:46.000,2020-05-29 13:44:46.000,
5381,3106,00513-MON-LCD-ICT-PTRE-08,00513-MON-LCD-ICT-PTRE-08,418,MON-LCD,77,Tidak Aktif,Rusak,0.0,,,LT,Aset,Corporate,,1,2020-05-29 13:44:55.000,2020-05-29 13:44:55.000,
5382,3107,00514-MON-LCD-ICT-PTRE-08,00514-MON-LCD-ICT-PTRE-08,418,MON-LCD,77,Tidak Aktif,Rusak,0.0,,,LT,Aset,Corporate,,1,2020-05-29 13:44:59.000,2020-05-29 13:44:59.000,
5383,3108,00515-MON-LCD-ICT-PTRE-08,00515-MON-LCD-ICT-PTRE-08,418,MON-LCD,77,Tidak Aktif,Rusak,0.0,,,LT,Aset,Corporate,,1,2020-05-29 13:45:04.000,2020-05-29 13:45:04.000,
5384,3110,00517-MON-LCD-ICT-PTRE-08,00517-MON-LCD-ICT-PTRE-08,401,MON-LCD,77,Tidak Aktif,Rusak,0.0,,,LT,Aset,Corporate,,1,2020-05-29 13:45:09.000,2020-05-29 13:45:09.000,
5385,3112,00519-MON-LCD-ICT-PTRE-08,00519-MON-LCD-ICT-PTRE-08,401,MON-LCD,77,Tidak Aktif,Rusak,0.0,,,LT,Aset,Corporate,,1,2020-05-29 13:45:23.000,2020-05-29 13:45:23.000,
5386,3113,00520-MON-LCD-ICT-PTRE-08,00520-MON-LCD-ICT-PTRE-08,418,MON-LCD,77,Tidak Aktif,Rusak,0.0,,,LT,Aset,Corporate,,1,2020-05-29 13:45:31.000,2020-05-29 13:45:31.000,
5387,3114,00521-MON-LCD-ICT-PTRE-08,00521-MON-LCD-ICT-PTRE-08,418,MON-LCD,77,Tidak Aktif,Rusak,0.0,,,LT,Aset,Corporate,,1,2020-05-29 13:45:36.000,2020-05-29 13:45:36.000,
5388,3115,00522-MON-LCD-ICT-PTRE-08,00522-MON-LCD-ICT-PTRE-08,418,MON-LCD,77,Tidak Aktif,Rusak,0.0,,,LT,Aset,Corporate,,1,2020-05-29 13:45:44.000,2020-05-29 13:45:44.000,
5389,3116,00523-MON-LCD-ICT-PTRE-08,00523-MON-LCD-ICT-PTRE-08,418,MON-LCD,77,Tidak Aktif,Rusak,0.0,,,LT,Aset,Corporate,,1,2020-05-29 13:45:49.000,2020-05-29 13:45:49.000,
5390,3118,00525-MON-LCD-ICT-PTRE-08,00525-MON-LCD-ICT-PTRE-08,401,MON-LCD,77,Tidak Aktif,Rusak,0.0,,,LT,Aset,Corporate,,1,2020-05-29 13:46:03.000,2020-05-29 13:46:03.000,
5391,3121,00528-MON-LCD-ICT-PTRE-08,00528-MON-LCD-ICT-PTRE-08,401,MON-LCD,77,Tidak Aktif,Rusak,0.0,,,LT,Aset,Corporate,,1,2020-05-29 13:46:09.000,2020-05-29 13:46:09.000,
5392,3123,00530-MON-LCD-ICT-PTRE-08,00530-MON-LCD-ICT-PTRE-08,401,MON-LCD,77,Tidak Aktif,Rusak,0.0,,,LT,Aset,Corporate,,1,2020-05-29 13:46:14.000,2020-05-29 13:46:14.000,
5393,3125,00532-MON-LCD-ICT-PTRE-08,00532-MON-LCD-ICT-PTRE-08,401,MON-LCD,77,Tidak Aktif,Rusak,0.0,,,LT,Aset,Corporate,,1,2020-05-29 13:46:21.000,2020-05-29 13:46:21.000,
5394,3127,00534-MON-LCD-ICT-PTRE-08,00534-MON-LCD-ICT-PTRE-08,401,MON-LCD,77,Tidak Aktif,Rusak,0.0,,,LT,Aset,Corporate,,1,2020-05-29 13:46:29.000,2020-05-29 13:46:29.000,
5395,3130,00537-MON-LCD-ICT-PTRE-08,00537-MON-LCD-ICT-PTRE-08,401,MON-LCD,77,Tidak Aktif,Rusak,0.0,,,LT,Aset,Corporate,,1,2020-05-29 13:46:38.000,2020-05-29 13:46:38.000,
5396,3132,00539-MON-LCD-ICT-PTRE-08,00539-MON-LCD-ICT-PTRE-08,401,MON-LCD,77,Tidak Aktif,Rusak,0.0,,,LT,Aset,Corporate,,1,2020-05-29 13:46:45.000,2020-05-29 13:46:45.000,
5397,3134,00541-MON-LCD-ICT-PTRE-08,00541-MON-LCD-ICT-PTRE-08,401,MON-LCD,77,Tidak Aktif,Rusak,0.0,,,LT,Aset,Corporate,,1,2023-03-17 09:18:12.000,2023-03-17 09:18:12.000,
5398,3138,00545-MON-LCD-ICT-PTRE-08,00545-MON-LCD-ICT-PTRE-08,401,MON-LCD,77,Tidak Aktif,Rusak,0.0,,,LT,Aset,Corporate,,1,2023-03-17 09:21:53.000,2023-03-17 09:21:53.000,
5399,3140,00547-MON-LCD-ICT-PTRE-08,00547-MON-LCD-ICT-PTRE-08,401,MON-LCD,77,Tidak Aktif,Rusak,0.0,,,LT,Aset,Corporate,,1,2023-03-17 09:18:32.000,2023-03-17 09:18:32.000,
5400,3141,00548-MON-LCD-ICT-PTRE-08,00548-MON-LCD-ICT-PTRE-08,401,MON-LCD,77,Tidak Aktif,Rusak,0.0,,,LT,Aset,Corporate,,1,2023-03-17 09:23:33.000,2023-03-17 09:23:33.000,
5401,3162,00569-MON-LCD-ICT-PTRE-09,00569-MON-LCD-ICT-PTRE-09,402,MON-LCD,77,Tidak Aktif,Rusak,0.0,,,LT,Aset,Corporate,,1,2023-03-17 09:18:41.000,2023-03-17 09:18:41.000,
5402,3163,00570-MON-LCD-ICT-PTRE-09,00570-MON-LCD-ICT-PTRE-09,402,MON-LCD,77,Tidak Aktif,Rusak,0.0,,,LT,Aset,Corporate,,1,2023-03-17 09:22:00.000,2023-03-17 09:22:00.000,
5403,3167,00574-MON-LCD-ICT-PTRE-09,00574-MON-LCD-ICT-PTRE-09,402,MON-LCD,77,Tidak Aktif,Rusak,0.0,,,LT,Aset,Corporate,,1,2023-03-17 09:18:51.000,2023-03-17 09:18:51.000,
5404,3169,00576-MON-LCD-ICT-PTRE-09,00576-MON-LCD-ICT-PTRE-09,402,MON-LCD,77,Tidak Aktif,Rusak,0.0,,,LT,Aset,Corporate,,1,2023-03-17 09:24:29.000,2023-03-17 09:24:29.000,
5405,3170,00577-MON-LCD-ICT-PTRE-09,00577-MON-LCD-ICT-PTRE-09,402,MON-LCD,77,Tidak Aktif,Rusak,0.0,,,LT,Aset,Corporate,,1,2023-03-17 09:19:04.000,2023-03-17 09:19:04.000,
5406,3172,00579-MON-LCD-ICT-PTRE-09,00579-MON-LCD-ICT-PTRE-09,402,MON-LCD,77,Tidak Aktif,Rusak,0.0,,,LT,Aset,Corporate,,1,2023-03-17 09:22:07.000,2023-03-17 09:22:07.000,
5407,3174,00581-MON-LCD-ICT-PTRE-09,00581-MON-LCD-ICT-PTRE-09,402,MON-LCD,77,Tidak Aktif,Rusak,0.0,,,LT,Aset,Corporate,,1,2023-03-17 09:23:39.000,2023-03-17 09:23:39.000,
5408,3176,00583-MON-LCD-ICT-PTRE-10,00583-MON-LCD-ICT-PTRE-10,402,MON-LCD,77,Tidak Aktif,Rusak,0.0,,,LT,Aset,Corporate,,1,2023-03-17 09:19:10.000,2023-03-17 09:19:10.000,
5409,3178,00585-MON-LCD-ICT-PTRE-10,00585-MON-LCD-ICT-PTRE-10,402,MON-LCD,77,Tidak Aktif,Rusak,0.0,,,LT,Aset,Corporate,,1,2023-03-17 09:19:35.000,2023-03-17 09:19:35.000,
5410,3193,00600-MON-LCD-ICT-PTRE-10,00600-MON-LCD-ICT-PTRE-10,415,MON-LCD,77,Tidak Aktif,Rusak,0.0,,,LT,Aset,Corporate,,1,2020-05-29 13:16:11.000,2020-05-29 13:16:11.000,
5411,3195,00602-MON-LCD-ICT-PTRE-10,00602-MON-LCD-ICT-PTRE-10,415,MON-LCD,77,Tidak Aktif,Rusak,0.0,,,LT,Aset,Corporate,,1,2020-05-29 13:14:50.000,2020-05-29 13:14:50.000,
5412,3200,00607-MON-LCD-ICT-PTRE-10,00607-MON-LCD-ICT-PTRE-10,401,MON-LCD,77,Tidak Aktif,Rusak,0.0,,,LT,Aset,Corporate,,1,2023-03-17 09:19:22.000,2023-03-17 09:19:22.000,
5413,3202,00609-MON-LCD-ICT-PTRE-10,00609-MON-LCD-ICT-PTRE-10,401,MON-LCD,77,Tidak Aktif,Rusak,0.0,,,LT,Aset,Corporate,,1,2023-03-17 09:26:07.000,2023-03-17 09:26:07.000,
5414,3204,00611-MON-LCD-ICT-PTRE-10,00611-MON-LCD-ICT-PTRE-10,401,MON-LCD,77,Tidak Aktif,Rusak,0.0,,,LT,Aset,Corporate,,1,2023-03-17 09:19:40.000,2023-03-17 09:19:40.000,
5415,3208,00615-MON-LCD-ICT-PTRE-10,00615-MON-LCD-ICT-PTRE-10,400,MON-LCD,77,Tidak Aktif,Rusak,0.0,,,LT,Aset,Corporate,,1,2023-03-17 09:22:13.000,2023-03-17 09:22:13.000,
5416,3210,00617-MON-LCD-ICT-PTRE-10,00617-MON-LCD-ICT-PTRE-10,400,MON-LCD,77,Tidak Aktif,Rusak,0.0,,,LT,Aset,Corporate,,1,2023-03-17 09:19:45.000,2023-03-17 09:19:45.000,
5417,3212,00619-MON-LCD-ICT-PTRE-10,00619-MON-LCD-ICT-PTRE-10,400,MON-LCD,77,Tidak Aktif,Rusak,0.0,,,LT,Aset,Corporate,,1,2023-03-17 09:23:45.000,2023-03-17 09:23:45.000,
5418,3215,00622-MON-LCD-ICT-PTRE-10,00622-MON-LCD-ICT-PTRE-10,400,MON-LCD,77,Tidak Aktif,Rusak,0.0,,,LT,Aset,Corporate,,1,2023-03-17 09:22:18.000,2023-03-17 09:22:18.000,
5419,3217,00624-MON-LCD-ICT-PTRE-10,00624-MON-LCD-ICT-PTRE-10,400,MON-LCD,77,Tidak Aktif,Rusak,0.0,,,LT,Aset,Corporate,,1,2023-03-17 09:24:33.000,2023-03-17 09:24:33.000,
5420,3219,00626-MON-LCD-ICT-PTRE-10,00626-MON-LCD-ICT-PTRE-10,400,MON-LCD,77,Tidak Aktif,Rusak,0.0,,,LT,Aset,Corporate,,1,2023-03-17 09:19:51.000,2023-03-17 09:19:51.000,
5421,3221,00628-MON-LCD-ICT-PTRE-10,00628-MON-LCD-ICT-PTRE-10,400,MON-LCD,77,Tidak Aktif,Rusak,0.0,,,LT,Aset,Corporate,,1,2023-03-17 09:26:04.000,2023-03-17 09:26:04.000,
5422,3223,00630-MON-LCD-ICT-PTRE-10,00630-MON-LCD-ICT-PTRE-10,400,MON-LCD,77,Tidak Aktif,Rusak,0.0,,,LT,Aset,Corporate,,1,2023-03-17 09:22:29.000,2023-03-17 09:22:29.000,
5423,3225,00632-MON-LCD-ICT-PTRE-10,00632-MON-LCD-ICT-PTRE-10,400,MON-LCD,77,Tidak Aktif,Rusak,0.0,,,LT,Aset,Corporate,,1,2023-03-17 09:23:50.000,2023-03-17 09:23:50.000,
5424,3227,00634-MON-LCD-ICT-PTRE-10,00634-MON-LCD-ICT-PTRE-10,400,MON-LCD,77,Tidak Aktif,Rusak,0.0,,,LT,Aset,Corporate,,1,2023-03-17 09:24:38.000,2023-03-17 09:24:38.000,
5425,3230,00637-MON-LCD-ICT-PTRE-10,00637-MON-LCD-ICT-PTRE-10,400,MON-LCD,77,Tidak Aktif,Rusak,0.0,,,LT,Aset,Corporate,,1,2023-03-17 09:22:57.000,2023-03-17 09:22:57.000,
5426,3232,00639-MON-LCD-ICT-PTRE-10,00639-MON-LCD-ICT-PTRE-10,400,MON-LCD,77,Tidak Aktif,Rusak,0.0,,,LT,Aset,Corporate,,1,2023-03-17 09:22:36.000,2023-03-17 09:22:36.000,
5427,3234,00641-MON-LCD-ICT-PTRE-10,00641-MON-LCD-ICT-PTRE-10,400,MON-LCD,77,Tidak Aktif,Rusak,0.0,,,LT,Aset,Corporate,,1,2023-03-17 09:24:43.000,2023-03-17 09:24:43.000,
5428,3237,00644-MON-LCD-ICT-PTRE-10,00644-MON-LCD-ICT-PTRE-10,400,MON-LCD,77,Tidak Aktif,Rusak,0.0,,,LT,Aset,Corporate,,1,2023-03-17 09:23:55.000,2023-03-17 09:23:55.000,
5429,3240,00647-MON-LCD-ICT-PTRE-10,00647-MON-LCD-ICT-PTRE-10,400,MON-LCD,77,Tidak Aktif,Rusak,0.0,,,LT,Aset,Corporate,,1,2023-03-17 09:23:04.000,2023-03-17 09:23:04.000,
5430,3242,00649-MON-LCD-ICT-PTRE-10,00649-MON-LCD-ICT-PTRE-10,400,MON-LCD,77,Tidak Aktif,Rusak,0.0,,,LT,Aset,Corporate,,1,2023-03-17 09:25:59.000,2023-03-17 09:25:59.000,
5431,3244,00651-MON-LCD-ICT-PTRE-10,00651-MON-LCD-ICT-PTRE-10,400,MON-LCD,77,Tidak Aktif,Rusak,0.0,,,LT,Aset,Corporate,,1,2023-03-17 09:25:54.000,2023-03-17 09:25:54.000,
5432,3248,00655-MON-LCD-ICT-PTRE-10,00655-MON-LCD-ICT-PTRE-10,403,MON-LCD,77,Tidak Aktif,Rusak,0.0,,,LT,Aset,Corporate,,1,2023-03-17 09:24:00.000,2023-03-17 09:24:00.000,
5433,3249,00656-MON-LCD-ICT-PTRE-10,00656-MON-LCD-ICT-PTRE-10,403,MON-LCD,77,Tidak Aktif,Rusak,0.0,,,LT,Aset,Corporate,,1,2023-03-17 09:24:48.000,2023-03-17 09:24:48.000,
5434,3254,00661-MON-LCD-ICT-PTRE-10,00661-MON-LCD-ICT-PTRE-10,401,MON-LCD,77,Tidak Aktif,Rusak,0.0,,,LT,Aset,Corporate,,1,2023-03-17 09:24:07.000,2023-03-17 09:24:07.000,
5435,3261,00668-MON-LCD-ICT-PTRE-11,00668-MON-LCD-ICT-PTRE-11,417,MON-LCD,77,Tidak Aktif,Rusak,0.0,,,LT,Aset,Corporate,,1,2020-05-29 13:16:06.000,2020-05-29 13:16:06.000,
5436,3263,00670-MON-LCD-ICT-PTRE-11,00670-MON-LCD-ICT-PTRE-11,417,MON-LCD,77,Tidak Aktif,Rusak,0.0,,,LT,Aset,Corporate,,1,2020-05-29 13:14:55.000,2020-05-29 13:14:55.000,
5437,3265,00672-MON-LCD-ICT-PTRE-11,00672-MON-LCD-ICT-PTRE-11,417,MON-LCD,77,Tidak Aktif,Rusak,0.0,,,LT,Aset,Corporate,,1,2020-05-29 13:15:59.000,2020-05-29 13:15:59.000,
5438,3267,00674-MON-LCD-ICT-PTRE-11,00674-MON-LCD-ICT-PTRE-11,416,MON-LCD,77,Tidak Aktif,Rusak,0.0,,,LT,Aset,Corporate,,1,2020-05-29 13:15:02.000,2020-05-29 13:15:02.000,
5439,3269,00676-MON-LCD-ICT-PTRE-11,00676-MON-LCD-ICT-PTRE-11,416,MON-LCD,77,Tidak Aktif,Rusak,0.0,,,LT,Aset,Corporate,,1,2020-05-29 13:15:33.000,2020-05-29 13:15:33.000,
5440,3271,00678-MON-LCD-ICT-PTRE-11,00678-MON-LCD-ICT-PTRE-11,416,MON-LCD,77,Tidak Aktif,Rusak,0.0,,,LT,Aset,Corporate,,1,2020-05-29 13:15:10.000,2020-05-29 13:15:10.000,
5441,3273,00680-MON-LCD-ICT-PTRE-11,00680-MON-LCD-ICT-PTRE-11,416,MON-LCD,77,Tidak Aktif,Rusak,0.0,,,LT,Aset,Corporate,,1,2020-05-29 13:15:16.000,2020-05-29 13:15:16.000,
5442,3275,00682-MON-LCD-ICT-PTRE-11,00682-MON-LCD-ICT-PTRE-11,416,MON-LCD,77,Tidak Aktif,Rusak,0.0,,,LT,Aset,Corporate,,1,2020-05-29 13:15:26.000,2020-05-29 13:15:26.000,
5443,3277,00684-MON-LCD-ICT-PTRE-11,00684-MON-LCD-ICT-PTRE-11,416,MON-LCD,77,Tidak Aktif,Rusak,0.0,,,LT,Aset,Corporate,,1,2020-05-29 13:15:54.000,2020-05-29 13:15:54.000,
5444,3279,00686-MON-LCD-ICT-PTRE-11,00686-MON-LCD-ICT-PTRE-11,416,MON-LCD,77,Tidak Aktif,Rusak,0.0,,,LT,Aset,Corporate,,1,2020-05-29 13:15:47.000,2020-05-29 13:15:47.000,
5445,3281,00688-MON-LCD-ICT-PTRE-11,00688-MON-LCD-ICT-PTRE-11,416,MON-LCD,77,Tidak Aktif,Rusak,0.0,,,LT,Aset,Corporate,,1,2020-05-29 13:15:42.000,2020-05-29 13:15:42.000,
5446,3283,00690-MON-LCD-ICT-PTRE-11,00690-MON-LCD-ICT-PTRE-11,416,MON-LCD,77,Tidak Aktif,Rusak,0.0,,,LT,Aset,Corporate,,1,2020-05-29 13:20:28.000,2020-05-29 13:20:28.000,
5447,3285,00692-MON-LCD-ICT-PTRE-11,00692-MON-LCD-ICT-PTRE-11,416,MON-LCD,77,Tidak Aktif,Rusak,0.0,,,LT,Aset,Corporate,,1,2020-05-29 13:20:23.000,2020-05-29 13:20:23.000,
5448,3287,00694-MON-LCD-ICT-PTRE-11,00694-MON-LCD-ICT-PTRE-11,416,MON-LCD,77,Tidak Aktif,Rusak,0.0,,,LT,Aset,Corporate,,1,2020-05-29 13:20:17.000,2020-05-29 13:20:17.000,
5449,3289,00696-MON-LCD-ICT-PTRE-11,00696-MON-LCD-ICT-PTRE-11,416,MON-LCD,77,Tidak Aktif,Rusak,0.0,,,LT,Aset,Corporate,,1,2020-05-29 13:20:12.000,2020-05-29 13:20:12.000,
5450,3291,00698-MON-LCD-ICT-PTRE-11,00698-MON-LCD-ICT-PTRE-11,416,MON-LCD,77,Tidak Aktif,Rusak,0.0,,,LT,Aset,Corporate,,1,2020-05-29 13:20:07.000,2020-05-29 13:20:07.000,
5451,3293,00700-MON-LCD-ICT-PTRE-11,00700-MON-LCD-ICT-PTRE-11,416,MON-LCD,77,Tidak Aktif,Rusak,0.0,,,LT,Aset,Corporate,,1,2020-05-29 13:20:01.000,2020-05-29 13:20:01.000,
5452,3295,00702-MON-LCD-ICT-PTRE-11,00702-MON-LCD-ICT-PTRE-11,416,MON-LCD,77,Tidak Aktif,Rusak,0.0,,,LT,Aset,Corporate,,1,2020-05-29 13:19:55.000,2020-05-29 13:19:55.000,
5453,3297,00704-MON-LCD-ICT-PTRE-11,00704-MON-LCD-ICT-PTRE-11,416,MON-LCD,77,Tidak Aktif,Rusak,0.0,,,LT,Aset,Corporate,,1,2020-05-29 13:19:50.000,2020-05-29 13:19:50.000,
5454,3299,00706-MON-LCD-ICT-PTRE-11,00706-MON-LCD-ICT-PTRE-11,416,MON-LCD,77,Tidak Aktif,Rusak,0.0,,,LT,Aset,Corporate,,1,2020-05-29 13:19:46.000,2020-05-29 13:19:46.000,
5455,3301,00708-MON-LCD-ICT-PTRE-11,00708-MON-LCD-ICT-PTRE-11,416,MON-LCD,77,Tidak Aktif,Rusak,0.0,,,LT,Aset,Corporate,,1,2020-05-29 13:19:37.000,2020-05-29 13:19:37.000,
5456,3303,00710-MON-LCD-ICT-PTRE-11,00710-MON-LCD-ICT-PTRE-11,416,MON-LCD,77,Tidak Aktif,Rusak,0.0,,,LT,Aset,Corporate,,1,2020-05-29 13:19:32.000,2020-05-29 13:19:32.000,
5457,3305,00712-MON-LCD-ICT-PTRE-11,00712-MON-LCD-ICT-PTRE-11,416,MON-LCD,77,Tidak Aktif,Rusak,0.0,,,LT,Aset,Corporate,,1,2020-05-29 13:19:27.000,2020-05-29 13:19:27.000,
5458,3307,00714-MON-LCD-ICT-PTRE-11,00714-MON-LCD-ICT-PTRE-11,416,MON-LCD,77,Tidak Aktif,Rusak,0.0,,,LT,Aset,Corporate,,1,2020-05-29 13:19:19.000,2020-05-29 13:19:19.000,
5459,3309,00716-MON-LCD-ICT-PTRE-11,00716-MON-LCD-ICT-PTRE-11,416,MON-LCD,77,Tidak Aktif,Rusak,0.0,,,LT,Aset,Corporate,,1,2020-05-29 13:19:13.000,2020-05-29 13:19:13.000,
5460,3311,00718-MON-LCD-ICT-PTRE-11,00718-MON-LCD-ICT-PTRE-11,416,MON-LCD,77,Tidak Aktif,Rusak,0.0,,,LT,Aset,Corporate,,1,2020-05-29 13:19:09.000,2020-05-29 13:19:09.000,
5461,3313,00720-MON-LCD-ICT-PTRE-11,00720-MON-LCD-ICT-PTRE-11,416,MON-LCD,77,Tidak Aktif,Rusak,0.0,,,LT,Aset,Corporate,,1,2020-05-29 13:19:01.000,2020-05-29 13:19:01.000,
5462,3315,00722-MON-LCD-ICT-PTRE-11,00722-MON-LCD-ICT-PTRE-11,416,MON-LCD,77,Tidak Aktif,Rusak,0.0,,,LT,Aset,Corporate,,1,2020-05-29 13:18:56.000,2020-05-29 13:18:56.000,
5463,3317,00724-MON-LCD-ICT-PTRE-11,00724-MON-LCD-ICT-PTRE-11,416,MON-LCD,77,Tidak Aktif,Rusak,0.0,,,LT,Aset,Corporate,,1,2020-05-29 13:18:51.000,2020-05-29 13:18:51.000,
5464,3319,00726-MON-LCD-ICT-PTRE-11,00726-MON-LCD-ICT-PTRE-11,416,MON-LCD,77,Tidak Aktif,Rusak,0.0,,,LT,Aset,Corporate,,1,2020-05-29 13:18:46.000,2020-05-29 13:18:46.000,
5465,3321,00728-MON-LCD-ICT-PTRE-11,00728-MON-LCD-ICT-PTRE-11,416,MON-LCD,77,Tidak Aktif,Rusak,0.0,,,LT,Aset,Corporate,,1,2020-05-29 13:18:41.000,2020-05-29 13:18:41.000,
5466,3323,00730-MON-LCD-ICT-PTRE-11,00730-MON-LCD-ICT-PTRE-11,416,MON-LCD,77,Tidak Aktif,Rusak,0.0,,,LT,Aset,Corporate,,1,2020-05-29 13:18:33.000,2020-05-29 13:18:33.000,
5467,3325,00732-MON-LCD-ICT-PTRE-11,00732-MON-LCD-ICT-PTRE-11,416,MON-LCD,77,Tidak Aktif,Rusak,0.0,,,LT,Aset,Corporate,,1,2020-05-29 13:18:26.000,2020-05-29 13:18:26.000,
5468,3327,00734-MON-LCD-ICT-PTRE-11,00734-MON-LCD-ICT-PTRE-11,417,MON-LCD,77,Tidak Aktif,Rusak,0.0,,,LT,Aset,Corporate,,1,2020-05-29 13:18:19.000,2020-05-29 13:18:19.000,
5469,3329,00736-MON-LCD-ICT-PTRE-11,00736-MON-LCD-ICT-PTRE-11,417,MON-LCD,77,Tidak Aktif,Rusak,0.0,,,LT,Aset,Corporate,,1,2020-05-29 13:18:11.000,2020-05-29 13:18:11.000,
5470,3331,00738-MON-LCD-ICT-PTRE-11,00738-MON-LCD-ICT-PTRE-11,417,MON-LCD,77,Tidak Aktif,Rusak,0.0,,,LT,Aset,Corporate,,1,2020-05-29 13:18:07.000,2020-05-29 13:18:07.000,
5471,3333,00740-MON-LCD-ICT-PTRE-11,00740-MON-LCD-ICT-PTRE-11,406,MON-LCD,77,Tidak Aktif,Rusak,0.0,,,LT,Aset,Corporate,,1,2023-03-17 09:25:50.000,2023-03-17 09:25:50.000,
5472,3335,00742-MON-LCD-ICT-PTRE-11,00742-MON-LCD-ICT-PTRE-11,406,MON-LCD,77,Tidak Aktif,Rusak,0.0,,,LT,Aset,Corporate,,1,2023-03-17 09:24:52.000,2023-03-17 09:24:52.000,
5473,3337,00744-MON-LCD-ICT-PTRE-11,00744-MON-LCD-ICT-PTRE-11,406,MON-LCD,77,Tidak Aktif,Rusak,0.0,,,LT,Aset,Corporate,,1,2023-03-17 09:25:44.000,2023-03-17 09:25:44.000,
5474,3339,00746-MON-LCD-ICT-PTRE-11,00746-MON-LCD-ICT-PTRE-11,406,MON-LCD,77,Tidak Aktif,Rusak,0.0,,,LT,Aset,Corporate,,1,2023-03-17 09:25:40.000,2023-03-17 09:25:40.000,
5475,3341,00748-MON-LCD-ICT-PTRE-11,00748-MON-LCD-ICT-PTRE-11,406,MON-LCD,77,Tidak Aktif,Rusak,0.0,,,LT,Aset,Corporate,,1,2023-03-17 09:24:57.000,2023-03-17 09:24:57.000,
5476,3343,00750-MON-LCD-ICT-PTRE-11,00750-MON-LCD-ICT-PTRE-11,406,MON-LCD,77,Tidak Aktif,Rusak,0.0,,,LT,Aset,Corporate,,1,2023-03-17 09:25:34.000,2023-03-17 09:25:34.000,
5477,3345,00752-MON-LCD-ICT-PTRE-11,00752-MON-LCD-ICT-PTRE-11,406,MON-LCD,77,Tidak Aktif,Rusak,0.0,,,LT,Aset,Corporate,,1,2023-03-17 09:21:23.000,2023-03-17 09:21:23.000,
5478,3347,00754-MON-LCD-ICT-PTRE-11,00754-MON-LCD-ICT-PTRE-11,406,MON-LCD,77,Tidak Aktif,Rusak,0.0,,,LT,Aset,Corporate,,1,2023-03-17 09:25:02.000,2023-03-17 09:25:02.000,
5479,3349,00756-MON-LCD-ICT-PTRE-11,00756-MON-LCD-ICT-PTRE-11,406,MON-LCD,77,Tidak Aktif,Rusak,0.0,,,LT,Aset,Corporate,,1,2023-03-17 09:25:08.000,2023-03-17 09:25:08.000,
5480,3364,00771-MON-LCD-ICT-PTRE-11,00771-MON-LCD-ICT-PTRE-11,406,MON-LCD,77,Tidak Aktif,Rusak,0.0,,,LT,Aset,Corporate,,1,2023-03-17 09:21:15.000,2023-03-17 09:21:15.000,
5481,3366,00773-MON-LCD-ICT-PTRE-11,00773-MON-LCD-ICT-PTRE-11,406,MON-LCD,77,Tidak Aktif,Rusak,0.0,,,LT,Aset,Corporate,,1,2023-03-17 09:25:28.000,2023-03-17 09:25:28.000,
5482,3368,00775-MON-LCD-ICT-PTRE-11,00775-MON-LCD-ICT-PTRE-11,406,MON-LCD,77,Tidak Aktif,Rusak,0.0,,,LT,Aset,Corporate,,1,2023-03-17 09:25:16.000,2023-03-17 09:25:16.000,
5483,3370,00777-MON-LCD-ICT-PTRE-11,00777-MON-LCD-ICT-PTRE-11,406,MON-LCD,77,Tidak Aktif,Rusak,0.0,,,LT,Aset,Corporate,,1,2023-03-17 09:21:07.000,2023-03-17 09:21:07.000,
5484,3372,00779-MON-LCD-ICT-PTRE-11,00779-MON-LCD-ICT-PTRE-11,406,MON-LCD,77,Tidak Aktif,Rusak,0.0,,,LT,Aset,Corporate,,1,2023-03-17 09:25:20.000,2023-03-17 09:25:20.000,
5485,3401,00808-MON-LCD-ICT-PTRE-12,00808-MON-LCD-ICT-PTRE-12,407,MON-LCD,77,Tidak Aktif,Rusak,0.0,,,LT,Aset,Corporate,,1,2023-03-17 09:20:33.000,2023-03-17 09:20:33.000,
5486,3402,00809-MON-LCD-ICT-PTRE-12,00809-MON-LCD-ICT-PTRE-12,407,MON-LCD,77,Tidak Aktif,Rusak,0.0,,,LT,Aset,Corporate,,1,2023-03-17 09:28:52.000,2023-03-17 09:28:52.000,
5487,3403,00810-MON-LCD-ICT-PTRE-12,00810-MON-LCD-ICT-PTRE-12,407,MON-LCD,77,Tidak Aktif,Rusak,0.0,,,LT,Aset,Corporate,,1,2023-03-17 09:29:04.000,2023-03-17 09:29:04.000,
5488,3404,00811-MON-LCD-ICT-PTRE-12,00811-MON-LCD-ICT-PTRE-12,407,MON-LCD,77,Tidak Aktif,Rusak,0.0,,,LT,Aset,Corporate,,1,2023-03-17 09:28:59.000,2023-03-17 09:28:59.000,
5489,3406,00813-MON-LCD-ICT-PTRE-12,00813-MON-LCD-ICT-PTRE-12,408,MON-LCD,77,Tidak Aktif,Rusak,0.0,,,LT,Aset,Corporate,,1,2023-03-17 09:29:09.000,2023-03-17 09:29:09.000,
5490,3408,00815-MON-LCD-ICT-PTRE-12,00815-MON-LCD-ICT-PTRE-12,408,MON-LCD,77,Tidak Aktif,Rusak,0.0,,,LT,Aset,Corporate,,1,2023-03-17 09:29:14.000,2023-03-17 09:29:14.000,
5491,3410,00817-MON-LCD-ICT-PTRE-12,00817-MON-LCD-ICT-PTRE-12,408,MON-LCD,77,Tidak Aktif,Rusak,0.0,,,LT,Aset,Corporate,,1,2023-03-17 09:29:19.000,2023-03-17 09:29:19.000,
5492,3412,00819-MON-LCD-ICT-PTRE-12,00819-MON-LCD-ICT-PTRE-12,408,MON-LCD,77,Tidak Aktif,Rusak,0.0,,,LT,Aset,Corporate,,1,2023-03-17 09:29:25.000,2023-03-17 09:29:25.000,
5493,3414,00821-MON-LCD-ICT-PTRE-12,00821-MON-LCD-ICT-PTRE-12,408,MON-LCD,77,Tidak Aktif,Rusak,0.0,,,LT,Aset,Corporate,,1,2023-03-17 09:29:30.000,2023-03-17 09:29:30.000,
5494,3416,00823-MON-LCD-ICT-PTRE-12,00823-MON-LCD-ICT-PTRE-12,408,MON-LCD,77,Tidak Aktif,Rusak,0.0,,,LT,Aset,Corporate,,1,2023-03-17 09:29:35.000,2023-03-17 09:29:35.000,
5495,3418,00825-MON-LCD-ICT-PTRE-12,00825-MON-LCD-ICT-PTRE-12,408,MON-LCD,77,Tidak Aktif,Rusak,0.0,,,LT,Aset,Corporate,,1,2023-03-17 09:29:39.000,2023-03-17 09:29:39.000,
5496,3420,00827-MON-LCD-ICT-PTRE-12,00827-MON-LCD-ICT-PTRE-12,408,MON-LCD,77,Tidak Aktif,Rusak,0.0,,,LT,Aset,Corporate,,1,2023-03-17 09:29:44.000,2023-03-17 09:29:44.000,
5497,3422,00829-MON-LCD-ICT-PTRE-12,00829-MON-LCD-ICT-PTRE-12,408,MON-LCD,77,Tidak Aktif,Rusak,0.0,,,LT,Aset,Corporate,,1,2023-03-17 09:29:56.000,2023-03-17 09:29:56.000,
5498,3424,00831-MON-LCD-ICT-PTRE-12,00831-MON-LCD-ICT-PTRE-12,408,MON-LCD,77,Tidak Aktif,Rusak,0.0,,,LT,Aset,Corporate,,1,2023-03-17 09:29:50.000,2023-03-17 09:29:50.000,
5499,3443,00850-MON-LCD-ICT-PTRE-12,00850-MON-LCD-ICT-PTRE-12,408,MON-LCD,77,Tidak Aktif,Rusak,0.0,,,LT,Aset,Corporate,,1,2023-03-17 09:30:04.000,2023-03-17 09:30:04.000,
5500,3445,00852-MON-LCD-ICT-PTRE-12,00852-MON-LCD-ICT-PTRE-12,408,MON-LCD,77,Tidak Aktif,Rusak,0.0,,,LT,Aset,Corporate,,1,2023-03-17 09:30:09.000,2023-03-17 09:30:09.000,
5501,3447,00854-MON-LCD-ICT-PTRE-12,00854-MON-LCD-ICT-PTRE-12,408,MON-LCD,77,Tidak Aktif,Rusak,0.0,,,LT,Aset,Corporate,,1,2023-03-17 09:30:15.000,2023-03-17 09:30:15.000,
5502,3449,00856-MON-LCD-ICT-PTRE-12,00856-MON-LCD-ICT-PTRE-12,408,MON-LCD,77,Tidak Aktif,Rusak,0.0,,,LT,Aset,Corporate,,1,2023-03-17 09:30:21.000,2023-03-17 09:30:21.000,
5503,3451,00858-MON-LCD-ICT-PTRE-12,00858-MON-LCD-ICT-PTRE-12,408,MON-LCD,77,Tidak Aktif,Rusak,0.0,,,LT,Aset,Corporate,,1,2023-03-17 09:30:25.000,2023-03-17 09:30:25.000,
5504,3453,00860-MON-LCD-ICT-PTRE-12,00860-MON-LCD-ICT-PTRE-12,422,MON-LCD,77,Tidak Aktif,Rusak,0.0,,,LT,Aset,Corporate,,1,2023-03-17 09:30:31.000,2023-03-17 09:30:31.000,
5505,3455,00862-MON-LCD-ICT-PTRE-12,00862-MON-LCD-ICT-PTRE-12,422,MON-LCD,77,Tidak Aktif,Rusak,0.0,,,LT,Aset,Corporate,,1,2023-03-17 09:30:36.000,2023-03-17 09:30:36.000,
5506,3457,00864-MON-LCD-ICT-PTRE-12,00864-MON-LCD-ICT-PTRE-12,422,MON-LCD,77,Tidak Aktif,Rusak,0.0,,,LT,Aset,Corporate,,1,2023-03-17 09:30:44.000,2023-03-17 09:30:44.000,
5507,3459,00866-MON-LCD-ICT-PTRE-12,00866-MON-LCD-ICT-PTRE-12,422,MON-LCD,77,Tidak Aktif,Rusak,0.0,,,LT,Aset,Corporate,,1,2023-03-17 09:30:49.000,2023-03-17 09:30:49.000,
5508,3461,00868-MON-LCD-ICT-PTRE-12,00868-MON-LCD-ICT-PTRE-12,422,MON-LCD,77,Tidak Aktif,Rusak,0.0,,,LT,Aset,Corporate,,1,2023-03-17 09:30:55.000,2023-03-17 09:30:55.000,
5509,3463,00870-MON-LCD-ICT-PTRE-12,00870-MON-LCD-ICT-PTRE-12,422,MON-LCD,77,Tidak Aktif,Rusak,0.0,,,LT,Aset,Corporate,,1,2023-03-17 09:31:01.000,2023-03-17 09:31:01.000,
5510,3465,00872-MON-LCD-ICT-PTRE-12,00872-MON-LCD-ICT-PTRE-12,422,MON-LCD,77,Tidak Aktif,Rusak,0.0,,,LT,Aset,Corporate,,1,2023-03-17 09:31:12.000,2023-03-17 09:31:12.000,
5511,3467,00874-MON-LCD-ICT-PTRE-12,00874-MON-LCD-ICT-PTRE-12,422,MON-LCD,77,Tidak Aktif,Rusak,0.0,,,LT,Aset,Corporate,,1,2023-03-17 09:31:17.000,2023-03-17 09:31:17.000,
5512,3469,00876-MON-LCD-ICT-PTRE-12,00876-MON-LCD-ICT-PTRE-12,422,MON-LCD,77,Tidak Aktif,Rusak,0.0,,,LT,Aset,Corporate,,1,2023-03-17 09:31:23.000,2023-03-17 09:31:23.000,
5513,3471,00878-MON-LCD-ICT-PTRE-12,00878-MON-LCD-ICT-PTRE-12,422,MON-LCD,77,Tidak Aktif,Rusak,0.0,,,LT,Aset,Corporate,,1,2023-03-17 09:31:27.000,2023-03-17 09:31:27.000,
5514,3497,00904-MON-LCD-ICT-PTRE-12,00904-MON-LCD-ICT-PTRE-12,407,MON-LCD,77,Tidak Aktif,Rusak,0.0,,,LT,Aset,Corporate,,1,2023-03-17 09:31:33.000,2023-03-17 09:31:33.000,
5515,3498,00905-MON-LCD-ICT-PTRE-12,00905-MON-LCD-ICT-PTRE-12,407,MON-LCD,77,Tidak Aktif,Rusak,0.0,,,LT,Aset,Corporate,,1,2023-03-17 09:31:38.000,2023-03-17 09:31:38.000,
5516,3499,00906-MON-LCD-ICT-PTRE-12,00906-MON-LCD-ICT-PTRE-12,407,MON-LCD,77,Tidak Aktif,Rusak,0.0,,,LT,Aset,Corporate,,1,2023-03-17 09:31:43.000,2023-03-17 09:31:43.000,
5517,3500,00907-MON-LCD-ICT-PTRE-12,00907-MON-LCD-ICT-PTRE-12,407,MON-LCD,77,Tidak Aktif,Rusak,0.0,,,LT,Aset,Corporate,,1,2023-03-17 09:31:48.000,2023-03-17 09:31:48.000,
5518,3501,00908-MON-LCD-ICT-PTRE-12,00908-MON-LCD-ICT-PTRE-12,407,MON-LCD,77,Tidak Aktif,Rusak,0.0,,,LT,Aset,Corporate,,1,2023-03-17 09:31:53.000,2023-03-17 09:31:53.000,
5519,3502,00909-MON-LCD-ICT-PTRE-12,00909-MON-LCD-ICT-PTRE-12,407,MON-LCD,77,Tidak Aktif,Rusak,0.0,,,LT,Aset,Corporate,,1,2023-03-17 09:31:59.000,2023-03-17 09:31:59.000,
5520,3519,00926-MON-LCD-ICT-PTRE-12,00926-MON-LCD-ICT-PTRE-12,416,MON-LCD,77,Tidak Aktif,Rusak,0.0,,,LT,Aset,Corporate,,1,2020-05-29 13:18:02.000,2020-05-29 13:18:02.000,
5521,3521,00928-MON-LCD-ICT-PTRE-12,00928-MON-LCD-ICT-PTRE-12,416,MON-LCD,77,Tidak Aktif,Rusak,0.0,,,LT,Aset,Corporate,,1,2020-05-29 13:17:57.000,2020-05-29 13:17:57.000,
5522,3523,00930-MON-LCD-ICT-PTRE-12,00930-MON-LCD-ICT-PTRE-12,416,MON-LCD,77,Tidak Aktif,Rusak,0.0,,,LT,Aset,Corporate,,1,2020-05-29 13:17:52.000,2020-05-29 13:17:52.000,
5523,3525,00932-MON-LCD-ICT-PTRE-12,00932-MON-LCD-ICT-PTRE-12,416,MON-LCD,77,Tidak Aktif,Rusak,0.0,,,LT,Aset,Corporate,,1,2020-05-29 13:17:47.000,2020-05-29 13:17:47.000,
5524,3527,00934-MON-LCD-ICT-PTRE-12,00934-MON-LCD-ICT-PTRE-12,416,MON-LCD,77,Tidak Aktif,Rusak,0.0,,,LT,Aset,Corporate,,1,2020-05-29 13:17:40.000,2020-05-29 13:17:40.000,
5525,3529,00936-MON-LCD-ICT-PTRE-12,00936-MON-LCD-ICT-PTRE-12,416,MON-LCD,77,Tidak Aktif,Rusak,0.0,,,LT,Aset,Corporate,,1,2020-05-29 13:17:35.000,2020-05-29 13:17:35.000,
5526,3530,00937-MON-LCD-ICT-PTRE-12,00937-MON-LCD-ICT-PTRE-12,416,MON-LCD,77,Tidak Aktif,Rusak,0.0,,,LT,Aset,Corporate,,1,2020-05-29 13:17:30.000,2020-05-29 13:17:30.000,
5527,3533,00940-MON-LCD-ICT-PTRE-12,00940-MON-LCD-ICT-PTRE-12,416,MON-LCD,77,Tidak Aktif,Rusak,0.0,,,LT,Aset,Corporate,,1,2020-05-29 13:17:26.000,2020-05-29 13:17:26.000,
5528,3535,00942-MON-LCD-ICT-PTRE-12,00942-MON-LCD-ICT-PTRE-12,416,MON-LCD,77,Tidak Aktif,Rusak,0.0,,,LT,Aset,Corporate,,1,2020-05-29 13:17:20.000,2020-05-29 13:17:20.000,
5529,3537,00944-MON-LCD-ICT-PTRE-12,00944-MON-LCD-ICT-PTRE-12,416,MON-LCD,77,Tidak Aktif,Rusak,0.0,,,LT,Aset,Corporate,,1,2020-05-29 13:17:16.000,2020-05-29 13:17:16.000,
5530,3539,00946-MON-LCD-ICT-PTRE-12,00946-MON-LCD-ICT-PTRE-12,416,MON-LCD,77,Tidak Aktif,Rusak,0.0,,,LT,Aset,Corporate,,1,2020-05-29 13:17:11.000,2020-05-29 13:17:11.000,
5531,3541,00948-MON-LCD-ICT-PTRE-12,00948-MON-LCD-ICT-PTRE-12,416,MON-LCD,77,Tidak Aktif,Rusak,0.0,,,LT,Aset,Corporate,,1,2020-05-29 13:17:06.000,2020-05-29 13:17:06.000,
5532,3543,00950-MON-LCD-ICT-PTRE-12,00950-MON-LCD-ICT-PTRE-12,416,MON-LCD,77,Tidak Aktif,Rusak,0.0,,,LT,Aset,Corporate,,1,2020-05-29 13:17:01.000,2020-05-29 13:17:01.000,
5533,3545,00952-MON-LCD-ICT-PTRE-12,00952-MON-LCD-ICT-PTRE-12,416,MON-LCD,77,Tidak Aktif,Rusak,0.0,,,LT,Aset,Corporate,,1,2020-05-29 13:16:56.000,2020-05-29 13:16:56.000,
5534,3547,00954-MON-LCD-ICT-PTRE-12,00954-MON-LCD-ICT-PTRE-12,416,MON-LCD,77,Tidak Aktif,Rusak,0.0,,,LT,Aset,Corporate,,1,2020-05-29 13:16:50.000,2020-05-29 13:16:50.000,
5535,3566,00973-MON-LCD-ICT-PTRE-12,00973-MON-LCD-ICT-PTRE-12,406,MON-LCD,77,Tidak Aktif,Rusak,0.0,,,LT,Aset,Corporate,,1,2023-03-17 09:32:04.000,2023-03-17 09:32:04.000,
5536,3568,00975-MON-LCD-ICT-PTRE-12,00975-MON-LCD-ICT-PTRE-12,406,MON-LCD,77,Tidak Aktif,Rusak,0.0,,,LT,Aset,Corporate,,1,2023-03-17 09:32:12.000,2023-03-17 09:32:12.000,
5537,3570,00977-MON-LCD-ICT-PTRE-12,00977-MON-LCD-ICT-PTRE-12,406,MON-LCD,77,Tidak Aktif,Rusak,0.0,,,LT,Aset,Corporate,,1,2023-03-17 09:32:18.000,2023-03-17 09:32:18.000,
5538,3572,00979-MON-LCD-ICT-PTRE-12,00979-MON-LCD-ICT-PTRE-12,406,MON-LCD,77,Tidak Aktif,Rusak,0.0,,,LT,Aset,Corporate,,1,2023-03-17 09:32:22.000,2023-03-17 09:32:22.000,
5539,3574,00981-MON-LCD-ICT-PTRE-12,00981-MON-LCD-ICT-PTRE-12,406,MON-LCD,77,Tidak Aktif,Rusak,0.0,,,LT,Aset,Corporate,,1,2023-03-17 09:32:28.000,2023-03-17 09:32:28.000,
5540,3576,00983-MON-LCD-ICT-PTRE-12,00983-MON-LCD-ICT-PTRE-12,406,MON-LCD,77,Tidak Aktif,Rusak,0.0,,,LT,Aset,Corporate,,1,2023-03-17 09:32:35.000,2023-03-17 09:32:35.000,
5541,3578,00985-MON-LCD-ICT-PTRE-12,00985-MON-LCD-ICT-PTRE-12,406,MON-LCD,77,Tidak Aktif,Rusak,0.0,,,LT,Aset,Corporate,,1,2023-03-17 09:32:41.000,2023-03-17 09:32:41.000,
5542,3580,00987-MON-LCD-ICT-PTRE-12,00987-MON-LCD-ICT-PTRE-12,406,MON-LCD,77,Tidak Aktif,Rusak,0.0,,,LT,Aset,Corporate,,1,2023-03-17 09:32:45.000,2023-03-17 09:32:45.000,
5543,3582,00989-MON-LCD-ICT-PTRE-12,00989-MON-LCD-ICT-PTRE-12,406,MON-LCD,77,Tidak Aktif,Rusak,0.0,,,LT,Aset,Corporate,,1,2023-03-17 09:32:54.000,2023-03-17 09:32:54.000,
5544,3584,00991-MON-LCD-ICT-PTRE-12,00991-MON-LCD-ICT-PTRE-12,406,MON-LCD,77,Tidak Aktif,Rusak,0.0,,,LT,Aset,Corporate,,1,2023-03-17 09:32:59.000,2023-03-17 09:32:59.000,
5545,3586,00993-MON-LCD-ICT-PTRE-12,00993-MON-LCD-ICT-PTRE-12,406,MON-LCD,77,Tidak Aktif,Rusak,0.0,,,LT,Aset,Corporate,,1,2023-03-17 09:33:04.000,2023-03-17 09:33:04.000,
5546,3589,00996-MON-LCD-ICT-PTRE-12,00996-MON-LCD-ICT-PTRE-12,421,MON-LCD,77,Tidak Aktif,Rusak,0.0,,,LT,Aset,Corporate,,1,2023-03-17 09:33:09.000,2023-03-17 09:33:09.000,
5547,3664,01071-MON-LCD-ICT-PTRE-13,01071-MON-LCD-ICT-PTRE-13,410,MON-LCD,77,Tidak Aktif,Rusak,0.0,,,LT,Aset,Corporate,,1,2023-03-17 09:33:17.000,2023-03-17 09:33:17.000,
5548,3665,01072-MON-LCD-ICT-PTRE-13,01072-MON-LCD-ICT-PTRE-13,410,MON-LCD,77,Tidak Aktif,Rusak,0.0,,,LT,Aset,Corporate,,1,2023-03-17 09:33:25.000,2023-03-17 09:33:25.000,
5549,3666,01073-MON-LCD-ICT-PTRE-13,01073-MON-LCD-ICT-PTRE-13,410,MON-LCD,77,Tidak Aktif,Rusak,0.0,,,LT,Aset,Corporate,,1,2023-03-17 09:33:30.000,2023-03-17 09:33:30.000,
5550,3667,01074-MON-LCD-ICT-PTRE-13,01074-MON-LCD-ICT-PTRE-13,410,MON-LCD,77,Tidak Aktif,Rusak,0.0,,,LT,Aset,Corporate,,1,2023-03-17 09:33:35.000,2023-03-17 09:33:35.000,
5551,3668,01075-MON-LCD-ICT-PTRE-13,01075-MON-LCD-ICT-PTRE-13,410,MON-LCD,77,Tidak Aktif,Rusak,0.0,,,LT,Aset,Corporate,,1,2023-03-17 09:33:48.000,2023-03-17 09:33:48.000,
5552,3669,01076-MON-LCD-ICT-PTRE-13,01076-MON-LCD-ICT-PTRE-13,410,MON-LCD,77,Tidak Aktif,Rusak,0.0,,,LT,Aset,Corporate,,1,2023-03-17 09:33:53.000,2023-03-17 09:33:53.000,
5553,3670,01077-MON-LCD-ICT-PTRE-13,01077-MON-LCD-ICT-PTRE-13,410,MON-LCD,77,Tidak Aktif,Rusak,0.0,,,LT,Aset,Corporate,,1,2023-03-17 09:33:57.000,2023-03-17 09:33:57.000,
5554,3671,01078-MON-LCD-ICT-PTRE-13,01078-MON-LCD-ICT-PTRE-13,410,MON-LCD,77,Tidak Aktif,Rusak,0.0,,,LT,Aset,Corporate,,1,2023-03-17 09:34:02.000,2023-03-17 09:34:02.000,
5555,3672,01079-MON-LCD-ICT-PTRE-13,01079-MON-LCD-ICT-PTRE-13,410,MON-LCD,77,Tidak Aktif,Rusak,0.0,,,LT,Aset,Corporate,,1,2023-03-17 09:34:06.000,2023-03-17 09:34:06.000,
5556,3673,01080-MON-LCD-ICT-PTRE-13,01080-MON-LCD-ICT-PTRE-13,410,MON-LCD,77,Tidak Aktif,Rusak,0.0,,,LT,Aset,Corporate,,1,2023-03-17 09:34:18.000,2023-03-17 09:34:18.000,
5557,3674,01081-MON-LCD-ICT-PTRE-13,01081-MON-LCD-ICT-PTRE-13,410,MON-LCD,77,Tidak Aktif,Rusak,0.0,,,LT,Aset,Corporate,,1,2023-03-17 09:34:23.000,2023-03-17 09:34:23.000,
5558,3675,01082-MON-LCD-ICT-PTRE-13,01082-MON-LCD-ICT-PTRE-13,410,MON-LCD,77,Tidak Aktif,Rusak,0.0,,,LT,Aset,Corporate,,1,2023-03-17 09:34:28.000,2023-03-17 09:34:28.000,
5559,3676,01083-MON-LCD-ICT-PTRE-13,01083-MON-LCD-ICT-PTRE-13,410,MON-LCD,77,Tidak Aktif,Rusak,0.0,,,LT,Aset,Corporate,,1,2023-03-17 09:34:36.000,2023-03-17 09:34:36.000,
5560,3677,01084-MON-LCD-ICT-PTRE-13,01084-MON-LCD-ICT-PTRE-13,410,MON-LCD,77,Tidak Aktif,Rusak,0.0,,,LT,Aset,Corporate,,1,2023-03-17 09:34:41.000,2023-03-17 09:34:41.000,
5561,3678,01085-MON-LCD-ICT-PTRE-13,01085-MON-LCD-ICT-PTRE-13,410,MON-LCD,77,Tidak Aktif,Rusak,0.0,,,LT,Aset,Corporate,,1,2023-03-17 09:34:52.000,2023-03-17 09:34:52.000,
5562,3679,01086-MON-LCD-ICT-PTRE-13,01086-MON-LCD-ICT-PTRE-13,410,MON-LCD,77,Tidak Aktif,Rusak,0.0,,,LT,Aset,Corporate,,1,2023-03-17 09:34:56.000,2023-03-17 09:34:56.000,
5563,3680,01087-MON-LCD-ICT-PTRE-13,01087-MON-LCD-ICT-PTRE-13,410,MON-LCD,77,Tidak Aktif,Rusak,0.0,,,LT,Aset,Corporate,,1,2023-03-17 09:35:00.000,2023-03-17 09:35:00.000,
5564,3681,01088-MON-LCD-ICT-PTRE-13,01088-MON-LCD-ICT-PTRE-13,410,MON-LCD,77,Tidak Aktif,Rusak,0.0,,,LT,Aset,Corporate,,1,2023-03-17 09:35:04.000,2023-03-17 09:35:04.000,
5565,3682,01089-MON-LCD-ICT-PTRE-13,01089-MON-LCD-ICT-PTRE-13,410,MON-LCD,77,Tidak Aktif,Rusak,0.0,,,LT,Aset,Corporate,,1,2023-03-17 09:35:10.000,2023-03-17 09:35:10.000,
5566,3683,01090-MON-LCD-ICT-PTRE-13,01090-MON-LCD-ICT-PTRE-13,410,MON-LCD,77,Tidak Aktif,Rusak,0.0,,,LT,Aset,Corporate,,1,2023-03-17 09:35:15.000,2023-03-17 09:35:15.000,
5567,3684,01091-MON-LCD-ICT-PTRE-13,01091-MON-LCD-ICT-PTRE-13,410,MON-LCD,77,Tidak Aktif,Rusak,0.0,,,LT,Aset,Corporate,,1,2023-03-17 09:35:20.000,2023-03-17 09:35:20.000,
5568,3685,01092-MON-LCD-ICT-PTRE-13,01092-MON-LCD-ICT-PTRE-13,410,MON-LCD,77,Tidak Aktif,Rusak,0.0,,,LT,Aset,Corporate,,1,2023-03-17 09:35:24.000,2023-03-17 09:35:24.000,
5569,3686,01093-MON-LCD-ICT-PTRE-13,01093-MON-LCD-ICT-PTRE-13,410,MON-LCD,77,Tidak Aktif,Rusak,0.0,,,LT,Aset,Corporate,,1,2023-03-17 09:36:25.000,2023-03-17 09:36:25.000,
5570,3687,01094-MON-LCD-ICT-PTRE-13,01094-MON-LCD-ICT-PTRE-13,410,MON-LCD,77,Tidak Aktif,Rusak,0.0,,,LT,Aset,Corporate,,1,2023-03-17 09:36:31.000,2023-03-17 09:36:31.000,
5571,3688,01095-MON-LCD-ICT-PTRE-13,01095-MON-LCD-ICT-PTRE-13,410,MON-LCD,77,Tidak Aktif,Rusak,0.0,,,LT,Aset,Corporate,,1,2023-03-17 09:36:36.000,2023-03-17 09:36:36.000,
5572,3689,01096-MON-LCD-ICT-PTRE-13,01096-MON-LCD-ICT-PTRE-13,410,MON-LCD,77,Tidak Aktif,Rusak,0.0,,,LT,Aset,Corporate,,1,2023-03-17 09:36:43.000,2023-03-17 09:36:43.000,
5573,3690,01097-MON-LCD-ICT-PTRE-13,01097-MON-LCD-ICT-PTRE-13,410,MON-LCD,77,Tidak Aktif,Rusak,0.0,,,LT,Aset,Corporate,,1,2023-03-17 09:36:48.000,2023-03-17 09:36:48.000,
5574,3691,01098-MON-LCD-ICT-PTRE-13,01098-MON-LCD-ICT-PTRE-13,410,MON-LCD,77,Tidak Aktif,Rusak,0.0,,,LT,Aset,Corporate,,1,2023-03-17 09:36:53.000,2023-03-17 09:36:53.000,
5575,3692,01099-MON-LCD-ICT-PTRE-13,01099-MON-LCD-ICT-PTRE-13,410,MON-LCD,77,Tidak Aktif,Rusak,0.0,,,LT,Aset,Corporate,,1,2023-03-17 09:36:58.000,2023-03-17 09:36:58.000,
5576,3693,01100-MON-LCD-ICT-PTRE-13,01100-MON-LCD-ICT-PTRE-13,410,MON-LCD,77,Tidak Aktif,Rusak,0.0,,,LT,Aset,Corporate,,1,2023-03-17 09:37:39.000,2023-03-17 09:37:39.000,
5577,3695,01101-MON-LCD-ICT-PTRE-13,01101-MON-LCD-ICT-PTRE-13,410,MON-LCD,77,Tidak Aktif,Rusak,0.0,,,LT,Aset,Corporate,,1,2023-03-17 09:37:43.000,2023-03-17 09:37:43.000,
5578,3696,01102-MON-LCD-ICT-PTRE-13,01102-MON-LCD-ICT-PTRE-13,410,MON-LCD,77,Tidak Aktif,Rusak,0.0,,,LT,Aset,Corporate,,1,2023-03-17 09:37:49.000,2023-03-17 09:37:49.000,
5579,3697,01103-MON-LCD-ICT-PTRE-13,01103-MON-LCD-ICT-PTRE-13,410,MON-LCD,77,Tidak Aktif,Rusak,0.0,,,LT,Aset,Corporate,,1,2023-03-17 09:37:54.000,2023-03-17 09:37:54.000,
5580,3698,01104-MON-LCD-ICT-PTRE-13,01104-MON-LCD-ICT-PTRE-13,410,MON-LCD,77,Tidak Aktif,Rusak,0.0,,,LT,Aset,Corporate,,1,2023-03-17 09:38:00.000,2023-03-17 09:38:00.000,
5581,3699,01105-MON-LCD-ICT-PTRE-13,01105-MON-LCD-ICT-PTRE-13,410,MON-LCD,77,Tidak Aktif,Rusak,0.0,,,LT,Aset,Corporate,,1,2023-03-17 09:38:37.000,2023-03-17 09:38:37.000,
5582,3700,01106-MON-LCD-ICT-PTRE-13,01106-MON-LCD-ICT-PTRE-13,410,MON-LCD,77,Tidak Aktif,Rusak,0.0,,,LT,Aset,Corporate,,1,2023-03-17 09:38:42.000,2023-03-17 09:38:42.000,
5583,3701,01107-MON-LCD-ICT-PTRE-13,01107-MON-LCD-ICT-PTRE-13,410,MON-LCD,77,Tidak Aktif,Rusak,0.0,,,LT,Aset,Corporate,,1,2023-03-17 09:38:47.000,2023-03-17 09:38:47.000,
5584,3702,01108-MON-LCD-ICT-PTRE-13,01108-MON-LCD-ICT-PTRE-13,410,MON-LCD,77,Tidak Aktif,Rusak,0.0,,,LT,Aset,Corporate,,1,2023-03-17 09:40:13.000,2023-03-17 09:40:13.000,
5585,3703,01109-MON-LCD-ICT-PTRE-13,01109-MON-LCD-ICT-PTRE-13,411,MON-LCD,77,Tidak Aktif,Rusak,0.0,,,LT,Aset,Corporate,,1,2023-03-17 09:40:06.000,2023-03-17 09:40:06.000,
5586,3704,01110-MON-LCD-ICT-PTRE-13,01110-MON-LCD-ICT-PTRE-13,411,MON-LCD,77,Tidak Aktif,Rusak,0.0,,,LT,Aset,Corporate,,1,2023-03-17 09:40:00.000,2023-03-17 09:40:00.000,
5587,3705,01111-MON-LCD-ICT-PTRE-13,01111-MON-LCD-ICT-PTRE-13,411,MON-LCD,77,Tidak Aktif,Rusak,0.0,,,LT,Aset,Corporate,,1,2023-03-17 09:39:55.000,2023-03-17 09:39:55.000,
5588,3706,01112-MON-LCD-ICT-PTRE-13,01112-MON-LCD-ICT-PTRE-13,411,MON-LCD,77,Tidak Aktif,Rusak,0.0,,,LT,Aset,Corporate,,1,2023-03-17 09:39:52.000,2023-03-17 09:39:52.000,
5589,3738,01144-MON-LCD-ICT-PTRE-13,01144-MON-LCD-ICT-PTRE-13,408,MON-LCD,77,Tidak Aktif,Rusak,0.0,,,LT,Aset,Corporate,,1,2023-03-17 09:39:48.000,2023-03-17 09:39:48.000,
5590,3739,01145-MON-LCD-ICT-PTRE-13,01145-MON-LCD-ICT-PTRE-13,408,MON-LCD,77,Tidak Aktif,Rusak,0.0,,,LT,Aset,Corporate,,1,2023-03-17 09:39:44.000,2023-03-17 09:39:44.000,
5591,3740,01146-MON-LCD-ICT-PTRE-13,01146-MON-LCD-ICT-PTRE-13,408,MON-LCD,77,Tidak Aktif,Rusak,0.0,,,LT,Aset,Corporate,,1,2023-03-17 09:39:39.000,2023-03-17 09:39:39.000,
5592,3741,01147-MON-LCD-ICT-PTRE-13,01147-MON-LCD-ICT-PTRE-13,408,MON-LCD,77,Tidak Aktif,Rusak,0.0,,,LT,Aset,Corporate,,1,2023-03-17 09:39:34.000,2023-03-17 09:39:34.000,
5593,3742,01148-MON-LCD-ICT-PTRE-13,01148-MON-LCD-ICT-PTRE-13,408,MON-LCD,77,Tidak Aktif,Rusak,0.0,,,LT,Aset,Corporate,,1,2023-03-17 09:39:29.000,2023-03-17 09:39:29.000,
5594,3743,01149-MON-LCD-ICT-PTRE-13,01149-MON-LCD-ICT-PTRE-13,408,MON-LCD,77,Tidak Aktif,Rusak,0.0,,,LT,Aset,Corporate,,1,2023-03-17 09:39:24.000,2023-03-17 09:39:24.000,
5595,3744,01150-MON-LCD-ICT-PTRE-13,01150-MON-LCD-ICT-PTRE-13,408,MON-LCD,77,Tidak Aktif,Rusak,0.0,,,LT,Aset,Corporate,,1,2023-03-17 09:39:18.000,2023-03-17 09:39:18.000,
5596,3754,01160-MON-LCD-ICT-PTRE-13,01160-MON-LCD-ICT-PTRE-13,408,MON-LCD,77,Tidak Aktif,Rusak,0.0,,,LT,Aset,Corporate,,1,2023-03-17 09:39:14.000,2023-03-17 09:39:14.000,
5597,3756,01162-MON-LCD-ICT-PTRE-13,01162-MON-LCD-ICT-PTRE-13,408,MON-LCD,77,Tidak Aktif,Rusak,0.0,,,LT,Aset,Corporate,,1,2023-03-17 09:39:10.000,2023-03-17 09:39:10.000,
5598,3777,01183-MON-LCD-ICT-PTRE-13,01183-MON-LCD-ICT-PTRE-13,408,MON-LCD,77,Tidak Aktif,Rusak,0.0,,,LT,Aset,Corporate,,1,2023-03-17 09:39:05.000,2023-03-17 09:39:05.000,
5599,3779,01185-MON-LCD-ICT-PTRE-13,01185-MON-LCD-ICT-PTRE-13,408,MON-LCD,77,Tidak Aktif,Rusak,0.0,,,LT,Aset,Corporate,,1,2023-03-17 09:39:00.000,2023-03-17 09:39:00.000,
5600,3801,01207-MON-LCD-ICT-PTRE-13,01207-MON-LCD-ICT-PTRE-13,408,MON-LCD,77,Tidak Aktif,Rusak,0.0,,,LT,Aset,Corporate,,1,2023-03-17 09:38:56.000,2023-03-17 09:38:56.000,
5601,3805,01211-MON-LCD-ICT-PTRE-13,01211-MON-LCD-ICT-PTRE-13,408,MON-LCD,77,Tidak Aktif,Rusak,0.0,,,LT,Aset,Corporate,,1,2023-03-17 09:40:37.000,2023-03-17 09:40:37.000,
5602,3818,01224-MON-LCD-ICT-PTRE-14,01224-MON-LCD-ICT-PTRE-14,408,MON-LCD,77,Tidak Aktif,Rusak,0.0,,,LT,Aset,Corporate,,1,2023-03-17 09:40:44.000,2023-03-17 09:40:44.000,
5603,3820,01226-MON-LCD-ICT-PTRE-14,01226-MON-LCD-ICT-PTRE-14,408,MON-LCD,77,Tidak Aktif,Rusak,0.0,,,LT,Aset,Corporate,,1,2023-03-17 09:40:48.000,2023-03-17 09:40:48.000,
5604,3823,01229-MON-LCD-ICT-PTRE-14,01229-MON-LCD-ICT-PTRE-14,408,MON-LCD,77,Tidak Aktif,Rusak,0.0,,,LT,Aset,Corporate,,1,2023-03-17 09:40:55.000,2023-03-17 09:40:55.000,
5605,3825,01231-MON-LCD-ICT-PTRE-14,01231-MON-LCD-ICT-PTRE-14,408,MON-LCD,77,Tidak Aktif,Rusak,0.0,,,LT,Aset,Corporate,,1,2023-03-17 09:41:00.000,2023-03-17 09:41:00.000,
5606,3827,01233-MON-LCD-ICT-PTRE-14,01233-MON-LCD-ICT-PTRE-14,408,MON-LCD,77,Tidak Aktif,Rusak,0.0,,,LT,Aset,Corporate,,1,2023-03-17 09:41:05.000,2023-03-17 09:41:05.000,
5607,3829,01235-MON-LCD-ICT-PTRE-14,01235-MON-LCD-ICT-PTRE-14,408,MON-LCD,77,Tidak Aktif,Rusak,0.0,,,LT,Aset,Corporate,,1,2023-03-17 09:41:13.000,2023-03-17 09:41:13.000,
5608,3839,01245-MON-LCD-ICT-PTRE-14,01245-MON-LCD-ICT-PTRE-14,408,MON-LCD,77,Tidak Aktif,Rusak,0.0,,,LT,Aset,Corporate,,1,2023-03-17 09:41:20.000,2023-03-17 09:41:20.000,
5609,3841,01247-MON-LCD-ICT-PTRE-14,01247-MON-LCD-ICT-PTRE-14,408,MON-LCD,77,Tidak Aktif,Rusak,0.0,,,LT,Aset,Corporate,,1,2023-03-17 09:41:25.000,2023-03-17 09:41:25.000,
5610,3844,01250-MON-LCD-ICT-PTRE-14,01250-MON-LCD-ICT-PTRE-14,408,MON-LCD,77,Tidak Aktif,Rusak,0.0,,,LT,Aset,Corporate,,1,2023-03-17 09:41:31.000,2023-03-17 09:41:31.000,
5611,3846,01252-MON-LCD-ICT-PTRE-14,01252-MON-LCD-ICT-PTRE-14,408,MON-LCD,77,Tidak Aktif,Rusak,0.0,,,LT,Aset,Corporate,,1,2023-03-17 09:41:36.000,2023-03-17 09:41:36.000,
5612,3848,01254-MON-LCD-ICT-PTRE-14,01254-MON-LCD-ICT-PTRE-14,408,MON-LCD,77,Tidak Aktif,Rusak,0.0,,,LT,Aset,Corporate,,1,2023-03-17 09:41:42.000,2023-03-17 09:41:42.000,
5613,3850,01256-MON-LCD-ICT-PTRE-14,01256-MON-LCD-ICT-PTRE-14,408,MON-LCD,77,Tidak Aktif,Rusak,0.0,,,LT,Aset,Corporate,,1,2023-03-17 09:41:47.000,2023-03-17 09:41:47.000,
5614,3852,01258-MON-LCD-ICT-PTRE-14,01258-MON-LCD-ICT-PTRE-14,408,MON-LCD,77,Tidak Aktif,Rusak,0.0,,,LT,Aset,Corporate,,1,2023-03-17 09:41:52.000,2023-03-17 09:41:52.000,
5615,3855,01261-MON-LCD-ICT-PTRE-14,01261-MON-LCD-ICT-PTRE-14,408,MON-LCD,77,Tidak Aktif,Rusak,0.0,,,LT,Aset,Corporate,,1,2023-03-17 09:41:57.000,2023-03-17 09:41:57.000,
5616,3857,01263-MON-LCD-ICT-PTRE-14,01263-MON-LCD-ICT-PTRE-14,408,MON-LCD,77,Tidak Aktif,Rusak,0.0,,,LT,Aset,Corporate,,1,2023-03-17 09:42:04.000,2023-03-17 09:42:04.000,
5617,3859,01265-MON-LCD-ICT-PTRE-14,01265-MON-LCD-ICT-PTRE-14,408,MON-LCD,77,Tidak Aktif,Rusak,0.0,,,LT,Aset,Corporate,,1,2023-03-17 09:42:09.000,2023-03-17 09:42:09.000,
5618,3861,01267-MON-LCD-ICT-PTRE-14,01267-MON-LCD-ICT-PTRE-14,408,MON-LCD,77,Tidak Aktif,Rusak,0.0,,,LT,Aset,Corporate,,1,2023-03-17 09:42:14.000,2023-03-17 09:42:14.000,
5619,3863,01269-MON-LCD-ICT-PTRE-14,01269-MON-LCD-ICT-PTRE-14,408,MON-LCD,77,Tidak Aktif,Rusak,0.0,,,LT,Aset,Corporate,,1,2023-03-17 09:42:21.000,2023-03-17 09:42:21.000,
5620,3867,01273-MON-LCD-ICT-PTRE-14,01273-MON-LCD-ICT-PTRE-14,408,MON-LCD,77,Tidak Aktif,Rusak,0.0,,,LT,Aset,Corporate,,1,2023-03-17 09:42:25.000,2023-03-17 09:42:25.000,
5621,3869,01275-MON-LCD-ICT-PTRE-14,01275-MON-LCD-ICT-PTRE-14,408,MON-LCD,77,Tidak Aktif,Rusak,0.0,,,LT,Aset,Corporate,,1,2023-03-17 09:42:30.000,2023-03-17 09:42:30.000,
5622,3871,01277-MON-LCD-ICT-PTRE-14,01277-MON-LCD-ICT-PTRE-14,408,MON-LCD,77,Tidak Aktif,Rusak,0.0,,,LT,Aset,Corporate,,1,2023-03-17 09:42:37.000,2023-03-17 09:42:37.000,
5623,3873,01279-MON-LCD-ICT-PTRE-14,01279-MON-LCD-ICT-PTRE-14,408,MON-LCD,77,Tidak Aktif,Rusak,0.0,,,LT,Aset,Corporate,,1,2023-03-17 09:42:44.000,2023-03-17 09:42:44.000,
5624,3875,01281-MON-LCD-ICT-PTRE-14,01281-MON-LCD-ICT-PTRE-14,408,MON-LCD,77,Tidak Aktif,Rusak,0.0,,,LT,Aset,Corporate,,1,2023-03-17 09:42:49.000,2023-03-17 09:42:49.000,
5625,3877,01283-MON-LCD-ICT-PTRE-14,01283-MON-LCD-ICT-PTRE-14,408,MON-LCD,77,Tidak Aktif,Rusak,0.0,,,LT,Aset,Corporate,,1,2023-03-17 09:42:54.000,2023-03-17 09:42:54.000,
5626,3879,01285-MON-LCD-ICT-PTRE-14,01285-MON-LCD-ICT-PTRE-14,408,MON-LCD,77,Tidak Aktif,Rusak,0.0,,,LT,Aset,Corporate,,1,2023-03-17 09:43:00.000,2023-03-17 09:43:00.000,
5627,3881,01287-MON-LCD-ICT-PTRE-14,01287-MON-LCD-ICT-PTRE-14,408,MON-LCD,77,Tidak Aktif,Rusak,0.0,,,LT,Aset,Corporate,,1,2023-03-17 09:43:04.000,2023-03-17 09:43:04.000,
5628,3883,01289-MON-LCD-ICT-PTRE-14,01289-MON-LCD-ICT-PTRE-14,408,MON-LCD,77,Tidak Aktif,Rusak,0.0,,,LT,Aset,Corporate,,1,2023-03-17 09:43:43.000,2023-03-17 09:43:43.000,
5629,3885,01291-MON-LCD-ICT-PTRE-14,01291-MON-LCD-ICT-PTRE-14,408,MON-LCD,77,Tidak Aktif,Rusak,0.0,,,LT,Aset,Corporate,,1,2023-03-17 09:43:47.000,2023-03-17 09:43:47.000,
5630,3887,01293-MON-LCD-ICT-PTRE-15,01293-MON-LCD-ICT-PTRE-15,408,MON-LCD,77,Tidak Aktif,Rusak,0.0,,,LT,Aset,Corporate,,1,2023-03-17 09:43:52.000,2023-03-17 09:43:52.000,
5631,3889,01295-MON-LCD-ICT-PTRE-15,01295-MON-LCD-ICT-PTRE-15,408,MON-LCD,77,Tidak Aktif,Rusak,0.0,,,LT,Aset,Corporate,,1,2023-03-17 09:43:57.000,2023-03-17 09:43:57.000,
5632,3891,01297-MON-LCD-ICT-PTRE-15,01297-MON-LCD-ICT-PTRE-15,408,MON-LCD,77,Tidak Aktif,Rusak,0.0,,,LT,Aset,Corporate,,1,2023-03-17 09:44:02.000,2023-03-17 09:44:02.000,
5633,3893,01299-MON-LCD-ICT-PTRE-15,01299-MON-LCD-ICT-PTRE-15,408,MON-LCD,77,Tidak Aktif,Rusak,0.0,,,LT,Aset,Corporate,,1,2023-03-17 09:44:07.000,2023-03-17 09:44:07.000,
5634,3910,01316-MON-LCD-ICT-PTRE-15,01316-MON-LCD-ICT-PTRE-15,403,MON-LCD,77,Tidak Aktif,Rusak,0.0,,,LT,Aset,Corporate,,1,2023-03-17 10:03:00.000,2023-03-17 10:03:00.000,
5635,3911,01317-MON-LCD-ICT-PTRE-15,01317-MON-LCD-ICT-PTRE-15,403,MON-LCD,77,Tidak Aktif,Rusak,0.0,,,LT,Aset,Corporate,,1,2023-03-17 10:03:07.000,2023-03-17 10:03:07.000,
5636,3912,01318-MON-LCD-ICT-PTRE-15,01318-MON-LCD-ICT-PTRE-15,403,MON-LCD,77,Tidak Aktif,Rusak,0.0,,,LT,Aset,Corporate,,1,2023-03-17 10:03:11.000,2023-03-17 10:03:11.000,
5637,3913,01319-MON-LCD-ICT-PTRE-15,01319-MON-LCD-ICT-PTRE-15,403,MON-LCD,77,Tidak Aktif,Rusak,0.0,,,LT,Aset,Corporate,,1,2023-03-17 10:03:15.000,2023-03-17 10:03:15.000,
5638,3914,01320-MON-LCD-ICT-PTRE-15,01320-MON-LCD-ICT-PTRE-15,403,MON-LCD,77,Tidak Aktif,Rusak,0.0,,,LT,Aset,Corporate,,1,2023-03-17 10:03:19.000,2023-03-17 10:03:19.000,
5639,3915,01321-MON-LCD-ICT-PTRE-15,01321-MON-LCD-ICT-PTRE-15,403,MON-LCD,77,Tidak Aktif,Rusak,0.0,,,LT,Aset,Corporate,,1,2023-03-17 10:03:23.000,2023-03-17 10:03:23.000,
5640,3916,01322-MON-LCD-ICT-PTRE-15,01322-MON-LCD-ICT-PTRE-15,403,MON-LCD,77,Tidak Aktif,Rusak,0.0,,,LT,Aset,Corporate,,1,2023-03-17 10:03:28.000,2023-03-17 10:03:28.000,
5641,3917,01323-MON-LCD-ICT-PTRE-15,01323-MON-LCD-ICT-PTRE-15,403,MON-LCD,77,Tidak Aktif,Rusak,0.0,,,LT,Aset,Corporate,,1,2023-03-17 10:03:32.000,2023-03-17 10:03:32.000,
5642,3918,01324-MON-LCD-ICT-PTRE-15,01324-MON-LCD-ICT-PTRE-15,403,MON-LCD,77,Tidak Aktif,Rusak,0.0,,,LT,Aset,Corporate,,1,2023-03-17 10:03:36.000,2023-03-17 10:03:36.000,
5643,3919,01325-MON-LCD-ICT-PTRE-15,01325-MON-LCD-ICT-PTRE-15,403,MON-LCD,77,Tidak Aktif,Rusak,0.0,,,LT,Aset,Corporate,,1,2023-03-17 10:03:51.000,2023-03-17 10:03:51.000,
5644,3920,01326-MON-LCD-ICT-PTRE-15,01326-MON-LCD-ICT-PTRE-15,403,MON-LCD,77,Tidak Aktif,Rusak,0.0,,,LT,Aset,Corporate,,1,2023-03-17 10:03:55.000,2023-03-17 10:03:55.000,
5645,3921,01327-MON-LCD-ICT-PTRE-15,01327-MON-LCD-ICT-PTRE-15,403,MON-LCD,77,Tidak Aktif,Rusak,0.0,,,LT,Aset,Corporate,,1,2023-03-17 10:04:03.000,2023-03-17 10:04:03.000,
5646,3925,01331-MON-LCD-ICT-PTRE-15,01331-MON-LCD-ICT-PTRE-15,409,MON-LCD,77,Tidak Aktif,Rusak,0.0,,,LT,Aset,Corporate,,1,2023-03-17 10:04:08.000,2023-03-17 10:04:08.000,
5647,3926,01332-MON-LCD-ICT-PTRE-15,01332-MON-LCD-ICT-PTRE-15,409,MON-LCD,77,Tidak Aktif,Rusak,0.0,,,LT,Aset,Corporate,,1,2023-03-17 10:04:13.000,2023-03-17 10:04:13.000,
5648,3927,01333-MON-LCD-ICT-PTRE-15,01333-MON-LCD-ICT-PTRE-15,409,MON-LCD,77,Tidak Aktif,Rusak,0.0,,,LT,Aset,Corporate,,1,2023-03-17 10:04:23.000,2023-03-17 10:04:23.000,
5649,3928,01334-MON-LCD-ICT-PTRE-15,01334-MON-LCD-ICT-PTRE-15,409,MON-LCD,77,Tidak Aktif,Rusak,0.0,,,LT,Aset,Corporate,,1,2023-03-17 10:04:28.000,2023-03-17 10:04:28.000,
5650,3929,01335-MON-LCD-ICT-PTRE-15,01335-MON-LCD-ICT-PTRE-15,409,MON-LCD,77,Tidak Aktif,Bagus,0.0,,,LT,Aset,Corporate,,1,2023-04-10 07:26:42.000,2023-04-10 07:26:42.000,
5651,3930,01336-MON-LCD-ICT-PTRE-15,01336-MON-LCD-ICT-PTRE-15,409,MON-LCD,77,Tidak Aktif,Bagus,0.0,,,LT,Aset,Corporate,,1,2023-04-10 07:26:34.000,2023-04-10 07:26:34.000,
5652,3933,01339-MON-LCD-ICT-PTRE-15,01339-MON-LCD-ICT-PTRE-15,408,MON-LCD,77,Tidak Aktif,Bagus,0.0,,,LT,Aset,Corporate,,1,2023-04-10 07:26:22.000,2023-04-10 07:26:22.000,
5653,3935,01341-MON-LCD-ICT-PTRE-15,01341-MON-LCD-ICT-PTRE-15,408,MON-LCD,77,Tidak Aktif,Bagus,0.0,,,LT,Aset,Corporate,,1,2023-04-10 07:26:13.000,2023-04-10 07:26:13.000,
5654,3937,01343-MON-LCD-ICT-PTRE-15,01343-MON-LCD-ICT-PTRE-15,408,MON-LCD,77,Tidak Aktif,Rusak,0.0,,,LT,Aset,Corporate,,1,2023-03-17 10:05:03.000,2023-03-17 10:05:03.000,
5655,3939,01345-MON-LCD-ICT-PTRE-15,01345-MON-LCD-ICT-PTRE-15,408,MON-LCD,77,Tidak Aktif,Rusak,0.0,,,LT,Aset,Corporate,,1,2023-03-17 10:05:08.000,2023-03-17 10:05:08.000,
5656,3942,01348-MON-LCD-ICT-PTRE-16,01348-MON-LCD-ICT-PTRE-16,408,MON-LCD,77,Tidak Aktif,Rusak,0.0,,,LT,Aset,Corporate,,1,2023-03-17 10:05:12.000,2023-03-17 10:05:12.000,
5657,3944,01350-MON-LCD-ICT-PTRE-16,01350-MON-LCD-ICT-PTRE-16,408,MON-LCD,77,Tidak Aktif,Rusak,0.0,,,LT,Aset,Corporate,,1,2023-03-17 10:05:16.000,2023-03-17 10:05:16.000,
5658,3946,01352-MON-LCD-ICT-PTRE-16,01352-MON-LCD-ICT-PTRE-16,408,MON-LCD,77,Tidak Aktif,Rusak,0.0,,,LT,Aset,Corporate,,1,2023-03-17 10:05:21.000,2023-03-17 10:05:21.000,
5659,3948,01354-MON-LCD-ICT-PTRE-16,01354-MON-LCD-ICT-PTRE-16,408,MON-LCD,77,Tidak Aktif,Bagus,0.0,,,LT,Aset,Corporate,,1,2023-04-10 07:26:00.000,2023-04-10 07:26:00.000,
5660,3966,01372-MON-LCD-ICT-PTRE-16,01372-MON-LCD-ICT-PTRE-16,408,MON-LCD,77,Tidak Aktif,Rusak,0.0,,,LT,Aset,Corporate,,1,2023-03-17 10:05:33.000,2023-03-17 10:05:33.000,
5661,3968,01374-MON-LCD-ICT-PTRE-16,01374-MON-LCD-ICT-PTRE-16,408,MON-LCD,77,Tidak Aktif,Rusak,0.0,,,LT,Aset,Corporate,,1,2023-03-17 10:05:38.000,2023-03-17 10:05:38.000,
5662,3970,01376-MON-LCD-ICT-PTRE-16,01376-MON-LCD-ICT-PTRE-16,408,MON-LCD,77,Tidak Aktif,Rusak,0.0,,,LT,Aset,Corporate,,1,2023-03-17 10:05:42.000,2023-03-17 10:05:42.000,
5663,3972,01378-MON-LCD-ICT-PTRE-16,01378-MON-LCD-ICT-PTRE-16,408,MON-LCD,77,Tidak Aktif,Rusak,0.0,,,LT,Aset,Corporate,,1,2023-03-17 10:05:46.000,2023-03-17 10:05:46.000,
5664,3974,01380-MON-LCD-ICT-PTRE-16,01380-MON-LCD-ICT-PTRE-16,408,MON-LCD,77,Tidak Aktif,Rusak,0.0,,,LT,Aset,Corporate,,1,2023-03-17 10:05:50.000,2023-03-17 10:05:50.000,
5665,3978,01382-MON-LCD-ICT-PTRE-16,01382-MON-LCD-ICT-PTRE-16,408,MON-LCD,77,Tidak Aktif,Rusak,0.0,,,LT,Aset,Corporate,,1,2023-03-17 10:05:54.000,2023-03-17 10:05:54.000,
5666,3980,01384-MON-LCD-ICT-PTRE-16,01384-MON-LCD-ICT-PTRE-16,408,MON-LCD,77,Tidak Aktif,Rusak,0.0,,,LT,Aset,Corporate,,1,2023-03-17 10:05:58.000,2023-03-17 10:05:58.000,
5667,3982,01386-MON-LCD-ICT-PTRE-16,01386-MON-LCD-ICT-PTRE-16,408,MON-LCD,77,Tidak Aktif,Rusak,0.0,,,LT,Aset,Corporate,,1,2023-03-17 10:06:01.000,2023-03-17 10:06:01.000,
5668,3984,01388-MON-LCD-ICT-PTRE-16,01388-MON-LCD-ICT-PTRE-16,408,MON-LCD,77,Tidak Aktif,Rusak,0.0,,,LT,Aset,Corporate,,1,2023-03-17 10:06:05.000,2023-03-17 10:06:05.000,
5669,3986,01390-MON-LCD-ICT-PTRE-16,01390-MON-LCD-ICT-PTRE-16,408,MON-LCD,77,Tidak Aktif,Rusak,0.0,,,LT,Aset,Corporate,,1,2023-03-17 10:06:09.000,2023-03-17 10:06:09.000,
5670,3988,01392-MON-LCD-ICT-PTRE-16,01392-MON-LCD-ICT-PTRE-16,408,MON-LCD,77,Tidak Aktif,Rusak,0.0,,,LT,Aset,Corporate,,1,2023-03-17 10:06:15.000,2023-03-17 10:06:15.000,
5671,3990,01394-MON-LCD-ICT-PTRE-16,01394-MON-LCD-ICT-PTRE-16,408,MON-LCD,77,Tidak Aktif,Rusak,0.0,,,LT,Aset,Corporate,,1,2023-03-17 10:06:21.000,2023-03-17 10:06:21.000,
5672,4049,01412-MON-LCD-ICT-PTRE-17,01412-MON-LCD-ICT-PTRE-17,412,MON-LCD,215,Tersedia,Bagus,0.0,,,LT,Aset,Corporate,,1,2023-03-17 10:07:33.000,2023-03-17 10:07:33.000,
5673,4050,01413-MON-LCD-ICT-PTRE-17,01413-MON-LCD-ICT-PTRE-17,412,MON-LCD,215,Tersedia,Bagus,0.0,,,LT,Aset,Corporate,,1,2023-03-17 10:07:52.000,2023-03-17 10:07:52.000,
5674,4051,01414-MON-LCD-ICT-PTRE-17,01414-MON-LCD-ICT-PTRE-17,413,MON-LCD,215,Tidak Aktif,Rusak,0.0,,,LT,Aset,Corporate,,1,2023-03-17 10:07:19.000,2023-03-17 10:07:19.000,
5675,4052,01415-MON-LCD-ICT-PTRE-17,01415-MON-LCD-ICT-PTRE-17,413,MON-LCD,215,Tersedia,Rusak,0.0,,,LT,Aset,Corporate,,1,2018-04-26 09:43:54.000,2018-04-26 09:43:54.000,
5676,4053,01416-MON-LCD-ICT-PTRE-17,01416-MON-LCD-ICT-PTRE-17,413,MON-LCD,215,Tersedia,Bagus,0.0,,,LT,Aset,Corporate,,1,2023-03-17 10:07:07.000,2023-03-17 10:07:07.000,
5677,4054,01417-MON-LCD-ICT-PTRE-17,01417-MON-LCD-ICT-PTRE-17,413,MON-LCD,215,Tersedia,Bagus,0.0,,,LT,Aset,Corporate,,1,2023-03-17 10:06:55.000,2023-03-17 10:06:55.000,
5678,4055,01418-MON-LCD-ICT-PTRE-17,01418-MON-LCD-ICT-PTRE-17,413,MON-LCD,174,Tersedia,Bagus,0.0,inventory/ams/inventoryPhoto/1709957994WhatsApp_Image_2024-03-09_at_09_25_35.jpeg,inventory/ams/assets/uploads/assetsre/ap/1709957994WhatsApp_Image_2024-03-09_at_09_25_35.jpeg,LT,Aset,Corporate,,1,2024-03-09 11:19:54.000,2024-03-09 11:19:54.000,
5679,5147,01506 MON-MON-LCD-ICT-PTRE-18,01506 MON-LCD-ICT-PTRE-18,405,MON-LCD,114,Tersedia,Bagus,0.0,,,LT,Aset,Corporate,,1,2020-07-15 07:14:10.000,2020-07-15 07:14:10.000,
5680,5148,01508 MON-MON-LCD-ICT-PTRE-18,01508 MON-LCD-ICT-PTRE-18,405,MON-LCD,114,Tersedia,Bagus,0.0,,,LT,Aset,Corporate,,1,2020-07-15 07:14:03.000,2020-07-15 07:14:03.000,
5681,5149,01510 MON-MON-LCD-ICT-PTRE-18,01510 MON-LCD-ICT-PTRE-18,405,MON-LCD,114,Tersedia,Bagus,0.0,,,LT,Aset,Corporate,,1,2020-07-15 07:13:57.000,2020-07-15 07:13:57.000,
5682,5150,01512 MON-MON-LCD-ICT-PTRE-18,01512 MON-LCD-ICT-PTRE-18,405,MON-LCD,114,Tersedia,Bagus,0.0,,,LT,Aset,Corporate,,1,2020-07-15 07:13:51.000,2020-07-15 07:13:51.000,
5683,5151,01514 MON-MON-LCD-ICT-PTRE-18,01514 MON-LCD-ICT-PTRE-18,405,MON-LCD,114,Tersedia,Bagus,0.0,,,LT,Aset,Corporate,,1,2020-07-15 07:13:43.000,2020-07-15 07:13:43.000,
5684,5161,01523 MON-MON-LCD-ICT-PTRE-18,01523 MON-LCD-ICT-PTRE-18,404,MON-LCD,114,Tersedia,Bagus,0.0,,,LT,Aset,Corporate,,1,2020-07-15 07:13:37.000,2020-07-15 07:13:37.000,
5685,5163,01525  MON-MON-LCD-ICT-PTRE-18,01525  MON-LCD-ICT-PTRE-18,404,MON-LCD,114,Tersedia,Bagus,0.0,,,LT,Aset,Corporate,,1,2020-07-15 07:13:30.000,2020-07-15 07:13:30.000,
5686,5165,01527 MON-MON-LCD-ICT-PTRE-18,01527 MON-LCD-ICT-PTRE-18,404,MON-LCD,114,Tersedia,Bagus,0.0,,,LT,Aset,Corporate,,1,2020-07-15 07:13:25.000,2020-07-15 07:13:25.000,
5687,5167,01529 MON-MON-LCD-ICT-PTRE-18,01529 MON-LCD-ICT-PTRE-18,404,MON-LCD,114,Tersedia,Bagus,0.0,,,LT,Aset,Corporate,,1,2020-07-15 07:13:20.000,2020-07-15 07:13:20.000,
5688,5169,01531 MON-MON-LCD-ICT-PTRE-18,01531 MON-LCD-ICT-PTRE-18,404,MON-LCD,114,Tersedia,Bagus,0.0,,,LT,Aset,Corporate,,1,2020-07-15 07:13:12.000,2020-07-15 07:13:12.000,
5689,5177,01538 MON-MON-LCD-ICT-PTRE-18,01538 MON-LCD-ICT-PTRE-18,404,MON-LCD,114,Tersedia,Bagus,0.0,,,LT,Aset,Corporate,,1,2020-07-15 07:13:07.000,2020-07-15 07:13:07.000,
5690,5179,01540 MON-MON-LCD-ICT-PTRE-18,01540 MON-LCD-ICT-PTRE-18,404,MON-LCD,114,Tersedia,Bagus,0.0,,,LT,Aset,Corporate,,1,2020-07-15 07:13:02.000,2020-07-15 07:13:02.000,
5691,5181,01542 MON-MON-LCD-ICT-PTRE-18,01542 MON-LCD-ICT-PTRE-18,404,MON-LCD,114,Tersedia,Bagus,0.0,,,LT,Aset,Corporate,,1,2020-07-15 07:12:56.000,2020-07-15 07:12:56.000,
5692,5183,01544 MON-MON-LCD-ICT-PTRE-18,01544 MON-LCD-ICT-PTRE-18,404,MON-LCD,114,Tersedia,Bagus,0.0,,,LT,Aset,Corporate,,1,2020-07-15 07:12:27.000,2020-07-15 07:12:27.000,
5693,5185,01546 MON-MON-LCD-ICT-PTRE-18,01546 MON-LCD-ICT-PTRE-18,404,MON-LCD,114,Tersedia,Bagus,0.0,,,LT,Aset,Corporate,,1,2020-07-15 07:12:21.000,2020-07-15 07:12:21.000,
5694,5187,01548 MON-MON-LCD-ICT-PTRE-18,01548 MON-LCD-ICT-PTRE-18,404,MON-LCD,114,Tersedia,Bagus,0.0,,,LT,Aset,Corporate,,1,2020-07-15 07:12:16.000,2020-07-15 07:12:16.000,
5695,5190,01550 MON-MON-LCD-ICT-PTRE-18,01550 MON-LCD-ICT-PTRE-18,404,MON-LCD,114,Tersedia,Bagus,0.0,,,LT,Aset,Corporate,,1,2020-07-15 07:12:10.000,2020-07-15 07:12:10.000,
5696,5192,01552 MON-MON-LCD-ICT-PTRE-18,01552 MON-LCD-ICT-PTRE-18,404,MON-LCD,114,Tersedia,Bagus,0.0,,,LT,Aset,Corporate,,1,2020-07-15 07:12:05.000,2020-07-15 07:12:05.000,
5697,5194,01554 MON-MON-LCD-ICT-PTRE-18,01554 MON-LCD-ICT-PTRE-18,404,MON-LCD,114,Dipinjam,Bagus,0.0,,,LT,Aset,Corporate,,1,2020-07-15 07:11:59.000,2020-07-15 07:11:59.000,
5698,5196,01556 MON-MON-LCD-ICT-PTRE-18,01556 MON-LCD-ICT-PTRE-18,404,MON-LCD,114,Tersedia,Bagus,0.0,,,LT,Aset,Corporate,,1,2020-07-15 07:11:53.000,2020-07-15 07:11:53.000,
5699,5198,01558 MON-MON-LCD-ICT-PTRE-18,01558 MON-LCD-ICT-PTRE-18,404,MON-LCD,114,Tersedia,Bagus,0.0,,,LT,Aset,Corporate,,1,2020-07-15 07:11:44.000,2020-07-15 07:11:44.000,
5700,5200,01560 MON-MON-LCD-ICT-PTRE-18,01560 MON-LCD-ICT-PTRE-18,404,MON-LCD,114,Tersedia,Bagus,0.0,,,LT,Aset,Corporate,,1,2020-07-15 07:11:37.000,2020-07-15 07:11:37.000,
5701,5202,01562 MON-MON-LCD-ICT-PTRE-18,01562 MON-LCD-ICT-PTRE-18,404,MON-LCD,114,Tersedia,Bagus,0.0,,,LT,Aset,Corporate,,1,2020-07-15 07:11:32.000,2020-07-15 07:11:32.000,
5702,5204,01564 MON-MON-LCD-ICT-PTRE-18,01564 MON-LCD-ICT-PTRE-18,404,MON-LCD,114,Tersedia,Bagus,0.0,,,LT,Aset,Corporate,,1,2020-07-15 07:11:24.000,2020-07-15 07:11:24.000,
5703,5206,01566 MON-MON-LCD-ICT-PTRE-18,01566 MON-LCD-ICT-PTRE-18,404,MON-LCD,114,Tersedia,Bagus,0.0,,,LT,Aset,Corporate,,1,2020-07-15 07:11:18.000,2020-07-15 07:11:18.000,
5704,5208,01568 MON-MON-LCD-ICT-PTRE-18,01568 MON-LCD-ICT-PTRE-18,404,MON-LCD,114,Tersedia,Bagus,0.0,,,LT,Aset,Corporate,,1,2020-07-15 07:11:12.000,2020-07-15 07:11:12.000,
5705,5210,01570 MON-MON-LCD-ICT-PTRE-18,01570 MON-LCD-ICT-PTRE-18,404,MON-LCD,114,Tersedia,Bagus,0.0,,,LT,Aset,Corporate,,1,2020-07-15 07:11:06.000,2020-07-15 07:11:06.000,
5706,5212,01572 MON-MON-LCD-ICT-PTRE-18,01572 MON-LCD-ICT-PTRE-18,404,MON-LCD,114,Tersedia,Bagus,0.0,,,LT,Aset,Corporate,,1,2020-07-15 07:11:00.000,2020-07-15 07:11:00.000,
5707,5214,01574 MON-MON-LCD-ICT-PTRE-18,01574 MON-LCD-ICT-PTRE-18,404,MON-LCD,114,Tersedia,Bagus,0.0,,,LT,Aset,Corporate,,1,2020-07-15 07:10:53.000,2020-07-15 07:10:53.000,
5708,5216,01576 MON-MON-LCD-ICT-PTRE-18,01576 MON-LCD-ICT-PTRE-18,404,MON-LCD,114,Tersedia,Bagus,0.0,,,LT,Aset,Corporate,,1,2020-07-15 07:10:46.000,2020-07-15 07:10:46.000,
5709,5218,01578 MON-MON-LCD-ICT-PTRE-18,01578 MON-LCD-ICT-PTRE-18,404,MON-LCD,114,Tersedia,Bagus,0.0,,,LT,Aset,Corporate,,1,2020-07-15 07:10:17.000,2020-07-15 07:10:17.000,
5710,5220,01580 MON-MON-LCD-ICT-PTRE-18,01580 MON-LCD-ICT-PTRE-18,404,MON-LCD,114,Tersedia,Bagus,0.0,,,LT,Aset,Corporate,,1,2020-07-15 07:10:10.000,2020-07-15 07:10:10.000,
5711,5222,01582 MON-MON-LCD-ICT-PTRE-18,01582 MON-LCD-ICT-PTRE-18,404,MON-LCD,114,Tersedia,Bagus,0.0,,,LT,Aset,Corporate,,1,2020-07-15 07:10:05.000,2020-07-15 07:10:05.000,
5712,5224,01584 MON-MON-LCD-ICT-PTRE-18,01584 MON-LCD-ICT-PTRE-18,404,MON-LCD,114,Tersedia,Bagus,0.0,,,LT,Aset,Corporate,,1,2020-07-15 07:09:58.000,2020-07-15 07:09:58.000,
5713,5226,01586 MON-MON-LCD-ICT-PTRE-18,01586 MON-LCD-ICT-PTRE-18,404,MON-LCD,114,Tersedia,Bagus,0.0,,,LT,Aset,Corporate,,1,2020-07-15 07:09:51.000,2020-07-15 07:09:51.000,
5714,5228,01588 MON-MON-LCD-ICT-PTRE-18,01588 MON-LCD-ICT-PTRE-18,404,MON-LCD,114,Tersedia,Bagus,0.0,,,LT,Aset,Corporate,,1,2020-07-15 07:09:45.000,2020-07-15 07:09:45.000,
5715,5230,01590 MON-MON-LCD-ICT-PTRE-18,01590 MON-LCD-ICT-PTRE-18,404,MON-LCD,114,Tersedia,Bagus,0.0,,,LT,Aset,Corporate,,1,2020-07-15 07:09:40.000,2020-07-15 07:09:40.000,
5716,5232,01592 MON-MON-LCD-ICT-PTRE-18,01592 MON-LCD-ICT-PTRE-18,404,MON-LCD,114,Tersedia,Bagus,0.0,,,LT,Aset,Corporate,,1,2020-07-15 07:09:34.000,2020-07-15 07:09:34.000,
5717,5234,01594 MON-MON-LCD-ICT-PTRE-18,01594 MON-LCD-ICT-PTRE-18,404,MON-LCD,114,Tersedia,Bagus,0.0,,,LT,Aset,Corporate,,1,2020-07-15 07:09:29.000,2020-07-15 07:09:29.000,
5718,5236,01596 MON-MON-LCD-ICT-PTRE-18,01596 MON-LCD-ICT-PTRE-18,404,MON-LCD,114,Tersedia,Bagus,0.0,,,LT,Aset,Corporate,,1,2020-07-15 07:09:22.000,2020-07-15 07:09:22.000,
5719,5238,01598 MON-MON-LCD-ICT-PTRE-18,01598 MON-LCD-ICT-PTRE-18,404,MON-LCD,114,Tersedia,Bagus,0.0,,,LT,Aset,Corporate,,1,2020-07-15 07:09:15.000,2020-07-15 07:09:15.000,
5720,5240,01600 MON-MON-LCD-ICT-PTRE-18,01600 MON-LCD-ICT-PTRE-18,404,MON-LCD,114,Tersedia,Bagus,0.0,,,LT,Aset,Corporate,,1,2020-07-15 07:09:06.000,2020-07-15 07:09:06.000,
5721,5242,01602 COMP-MON-LCD-ICT-PTRE-18,01602 COMP-DSK-ICT-PTRE-18,404,MON-LCD,114,Tersedia,Bagus,0.0,,,LT,Aset,Corporate,,1,2020-07-15 07:08:58.000,2020-07-15 07:08:58.000,
5722,5244,01604 MON-MON-LCD-ICT-PTRE-18,01604 MON-LCD-ICT-PTRE-18,404,MON-LCD,114,Tersedia,Bagus,0.0,,,LT,Aset,Corporate,,1,2020-07-15 07:08:50.000,2020-07-15 07:08:50.000,
5723,5246,01606 MON-MON-LCD-ICT-PTRE-18,01606 MON-LCD-ICT-PTRE-18,404,MON-LCD,114,Tersedia,Bagus,0.0,,,LT,Aset,Corporate,,1,2020-07-15 07:08:33.000,2020-07-15 07:08:33.000,
5724,5248,01608 MON-MON-LCD-ICT-PTRE-18,01608 MON-LCD-ICT-PTRE-18,404,MON-LCD,114,Tersedia,Bagus,0.0,,,LT,Aset,Corporate,,1,2020-07-15 07:08:26.000,2020-07-15 07:08:26.000,
5725,5250,01610 MON-MON-LCD-ICT-PTRE-18,01610 MON-LCD-ICT-PTRE-18,404,MON-LCD,114,Tersedia,Bagus,0.0,,,LT,Aset,Corporate,,1,2020-07-15 07:08:14.000,2020-07-15 07:08:14.000,
5726,5252,01612 MON-MON-LCD-ICT-PTRE-18,01612 MON-LCD-ICT-PTRE-18,404,MON-LCD,114,Tersedia,Bagus,0.0,,,LT,Aset,Corporate,,1,2020-07-15 07:08:07.000,2020-07-15 07:08:07.000,
5727,5254,01614 MON-MON-LCD-ICT-PTRE-18,01614 MON-LCD-ICT-PTRE-18,404,MON-LCD,114,Tersedia,Bagus,0.0,,,LT,Aset,Corporate,,1,2020-07-15 07:08:00.000,2020-07-15 07:08:00.000,
5728,5256,01616 MON-MON-LCD-ICT-PTRE-18,01616 MON-LCD-ICT-PTRE-18,404,MON-LCD,114,Tersedia,Bagus,0.0,,,LT,Aset,Corporate,,1,2020-07-15 07:07:55.000,2020-07-15 07:07:55.000,
5729,5265,01625 MON-MON-LCD-ICT-PTRE-18,01625 MON-LCD-ICT-PTRE-18,404,MON-LCD,114,Tersedia,Bagus,0.0,,,LT,Aset,Corporate,,1,2020-07-15 07:07:47.000,2020-07-15 07:07:47.000,
5730,5267,01627 MON-MON-LCD-ICT-PTRE-18,01627 MON-LCD-ICT-PTRE-18,404,MON-LCD,114,Tersedia,Bagus,0.0,,,LT,Aset,Corporate,,1,2020-07-15 07:07:40.000,2020-07-15 07:07:40.000,
5731,5269,01629 MON-MON-LCD-ICT-PTRE-18,01629 MON-LCD-ICT-PTRE-18,404,MON-LCD,114,Tersedia,Bagus,0.0,,,LT,Aset,Corporate,,1,2020-07-15 07:07:35.000,2020-07-15 07:07:35.000,
5732,5271,01631 MON-MON-LCD-ICT-PTRE-18,01631 MON-LCD-ICT-PTRE-18,404,MON-LCD,114,Tersedia,Bagus,0.0,,,LT,Aset,Corporate,,1,2020-07-15 07:07:30.000,2020-07-15 07:07:30.000,
5733,5273,01633 MON-MON-LCD-ICT-PTRE-18,01633 MON-LCD-ICT-PTRE-18,404,MON-LCD,114,Tersedia,Bagus,0.0,,,LT,Aset,Corporate,,1,2020-07-15 07:07:24.000,2020-07-15 07:07:24.000,
5734,5275,01635 MON-MON-LCD-ICT-PTRE-18,01635 MON-LCD-ICT-PTRE-18,404,MON-LCD,114,Tersedia,Bagus,0.0,,,LT,Aset,Corporate,,1,2020-07-15 07:07:18.000,2020-07-15 07:07:18.000,
5735,5277,01637 MON-MON-LCD-ICT-PTRE-18,01637 MON-LCD-ICT-PTRE-18,404,MON-LCD,114,Tersedia,Bagus,0.0,,,LT,Aset,Corporate,,1,2020-07-15 07:07:13.000,2020-07-15 07:07:13.000,
5736,5279,01639 MON-MON-LCD-ICT-PTRE-18,01639 MON-LCD-ICT-PTRE-18,404,MON-LCD,114,Tersedia,Bagus,0.0,,,LT,Aset,Corporate,,1,2020-07-15 07:07:05.000,2020-07-15 07:07:05.000,
5737,5281,01641 MON-MON-LCD-ICT-PTRE-18,01641 MON-LCD-ICT-PTRE-18,404,MON-LCD,114,Tersedia,Bagus,0.0,,,LT,Aset,Corporate,,1,2020-07-15 07:06:59.000,2020-07-15 07:06:59.000,
5738,5283,01643 MON-MON-LCD-ICT-PTRE-18,01643 MON-LCD-ICT-PTRE-18,404,MON-LCD,114,Tersedia,Bagus,0.0,,,LT,Aset,Corporate,,1,2020-07-15 07:06:52.000,2020-07-15 07:06:52.000,
5739,6162,01659 MON-MON-LCD-ICT-PTRE-19,01659 MON-LCD-ICT-PTRE-19,404,MON-LCD,114,Tersedia,Bagus,0.0,,,LT,Aset,Corporate,,1,2020-07-15 07:06:44.000,2020-07-15 07:06:44.000,
5740,6164,01661 MON-MON-LCD-ICT-PTRE-19,01661 MON-LCD-ICT-PTRE-19,404,MON-LCD,114,Tersedia,Bagus,0.0,,,LT,Aset,Corporate,,1,2020-07-15 07:06:37.000,2020-07-15 07:06:37.000,
5741,6166,01663 MON-MON-LCD-ICT-PTRE-19,01663 MON-LCD-ICT-PTRE-19,404,MON-LCD,114,Tersedia,Bagus,0.0,,,LT,Aset,Corporate,,1,2020-07-15 07:06:30.000,2020-07-15 07:06:30.000,
5742,6168,01665 MON-MON-LCD-ICT-PTRE-19,01665 MON-LCD-ICT-PTRE-19,404,MON-LCD,114,Tersedia,Bagus,0.0,,,LT,Aset,Corporate,,1,2020-07-15 07:06:23.000,2020-07-15 07:06:23.000,
5743,6170,01667 MON-MON-LCD-ICT-PTRE-19,01667 MON-LCD-ICT-PTRE-19,404,MON-LCD,114,Tersedia,Bagus,0.0,,,LT,Aset,Corporate,,1,2020-07-15 07:06:17.000,2020-07-15 07:06:17.000,
5744,6172,01669 MON-MON-LCD-ICT-PTRE-19,01669 MON-LCD-ICT-PTRE-19,404,MON-LCD,114,Tersedia,Bagus,0.0,,,LT,Aset,Corporate,,1,2020-07-15 07:06:09.000,2020-07-15 07:06:09.000,
5745,6174,01671 MON-MON-LCD-ICT-PTRE-19,01671 MON-LCD-ICT-PTRE-19,404,MON-LCD,114,Tersedia,Bagus,0.0,,,LT,Aset,Corporate,,1,2020-07-15 07:06:03.000,2020-07-15 07:06:03.000,
5746,6176,01673 MON-MON-LCD-ICT-PTRE-19,01673 MON-LCD-ICT-PTRE-19,404,MON-LCD,114,Tersedia,Bagus,0.0,,,LT,Aset,Corporate,,1,2020-07-15 07:05:54.000,2020-07-15 07:05:54.000,
5747,6178,01675 MON-MON-LCD-ICT-PTRE-19,01675 MON-LCD-ICT-PTRE-19,404,MON-LCD,114,Tersedia,Bagus,0.0,,,LT,Aset,Corporate,,1,2020-07-15 07:05:48.000,2020-07-15 07:05:48.000,
5748,6180,01677 MON-MON-LCD-ICT-PTRE-19,01677 MON-LCD-ICT-PTRE-19,404,MON-LCD,114,Tersedia,Bagus,0.0,,,LT,Aset,Corporate,,1,2020-07-15 07:05:36.000,2020-07-15 07:05:36.000,
5749,6182,01679 MON-MON-LCD-ICT-PTRE-19,01679 MON-LCD-ICT-PTRE-19,404,MON-LCD,114,Tersedia,Bagus,0.0,,,LT,Aset,Corporate,,1,2020-07-15 07:05:30.000,2020-07-15 07:05:30.000,
5750,6184,01681 MON-MON-LCD-ICT-PTRE-19,01681 MON-LCD-ICT-PTRE-19,404,MON-LCD,114,Tersedia,Bagus,0.0,,,LT,Aset,Corporate,,1,2020-07-15 07:05:20.000,2020-07-15 07:05:20.000,
5751,6186,01683 MON-MON-LCD-ICT-PTRE-19,01683 MON-LCD-ICT-PTRE-19,404,MON-LCD,114,Tersedia,Bagus,0.0,,,LT,Aset,Corporate,,1,2020-07-15 07:05:11.000,2020-07-15 07:05:11.000,
5752,6188,01685 MON-MON-LCD-ICT-PTRE-19,01685 MON-LCD-ICT-PTRE-19,404,MON-LCD,114,Tersedia,Bagus,0.0,,,LT,Aset,Corporate,,1,2020-07-15 07:05:03.000,2020-07-15 07:05:03.000,
5753,6190,01687 MON-MON-LCD-ICT-PTRE-19,01687 MON-LCD-ICT-PTRE-19,404,MON-LCD,114,Tersedia,Bagus,0.0,,,LT,Aset,Corporate,,1,2020-07-15 07:04:56.000,2020-07-15 07:04:56.000,
5754,6192,01689 MON-MON-LCD-ICT-PTRE-19,01689 MON-LCD-ICT-PTRE-19,404,MON-LCD,114,Tersedia,Bagus,0.0,,,LT,Aset,Corporate,,1,2020-07-15 07:04:48.000,2020-07-15 07:04:48.000,
5755,6194,01691 MON-MON-LCD-ICT-PTRE-19,01691 MON-LCD-ICT-PTRE-19,404,MON-LCD,114,Tersedia,Bagus,0.0,,,LT,Aset,Corporate,,1,2020-07-15 07:04:41.000,2020-07-15 07:04:41.000,
5756,6199,01696 MON-MON-LCD-ICT-PTRE-19,01696 MON-LCD-ICT-PTRE-19,404,MON-LCD,114,Tersedia,Bagus,0.0,,,LT,Aset,Corporate,,1,2020-07-15 07:04:34.000,2020-07-15 07:04:34.000,
5757,6201,01698 MON-MON-LCD-ICT-PTRE-19,01698 MON-LCD-ICT-PTRE-19,404,MON-LCD,114,Tersedia,Bagus,0.0,,,LT,Aset,Corporate,,1,2020-07-15 07:04:27.000,2020-07-15 07:04:27.000,
5758,6203,01700 MON-MON-LCD-ICT-PTRE-19,01700 MON-LCD-ICT-PTRE-19,404,MON-LCD,114,Tersedia,Bagus,0.0,,,LT,Aset,Corporate,,1,2020-07-15 07:04:19.000,2020-07-15 07:04:19.000,
5759,6205,01702 MON-MON-LCD-ICT-PTRE-19,01702 MON-LCD-ICT-PTRE-19,404,MON-LCD,114,Tersedia,Bagus,0.0,,,LT,Aset,Corporate,,1,2020-07-15 07:04:12.000,2020-07-15 07:04:12.000,
5760,6207,01704 MON-MON-LCD-ICT-PTRE-19,01704 MON-LCD-ICT-PTRE-19,404,MON-LCD,114,Tersedia,Bagus,0.0,,,LT,Aset,Corporate,,1,2020-07-15 07:04:04.000,2020-07-15 07:04:04.000,
5761,6209,01706 MON-MON-LCD-ICT-PTRE-19,01706 MON-LCD-ICT-PTRE-19,404,MON-LCD,114,Tersedia,Bagus,0.0,,,LT,Aset,Corporate,,1,2020-07-15 07:03:58.000,2020-07-15 07:03:58.000,
5762,6211,01708 MON-MON-LCD-ICT-PTRE-19,01708 MON-LCD-ICT-PTRE-19,404,MON-LCD,114,Tersedia,Bagus,0.0,,,LT,Aset,Corporate,,1,2020-07-15 07:03:51.000,2020-07-15 07:03:51.000,
5763,6213,01710 MON-MON-LCD-ICT-PTRE-19,01710 MON-DSK-ICT-PTRE-19,404,MON-LCD,114,Tersedia,Bagus,0.0,,,LT,Aset,Corporate,,1,2020-07-15 07:03:44.000,2020-07-15 07:03:44.000,
5764,6215,01712 MON-MON-LCD-ICT-PTRE-19,01712 MON-LCD-ICT-PTRE-19,404,MON-LCD,114,Tersedia,Bagus,0.0,,,LT,Aset,Corporate,,1,2020-07-15 07:03:38.000,2020-07-15 07:03:38.000,
5765,6217,01714 MON-MON-LCD-ICT-PTRE-19,01714 MON-LCD-ICT-PTRE-19,404,MON-LCD,114,Tersedia,Bagus,0.0,,,LT,Aset,Corporate,,1,2020-07-15 07:02:48.000,2020-07-15 07:02:48.000,
5766,6219,01716 MON-MON-LCD-ICT-PTRE-19,01716 MON-LCD-ICT-PTRE-19,404,MON-LCD,114,Tersedia,Bagus,0.0,,,LT,Aset,Corporate,,1,2020-07-15 07:03:32.000,2020-07-15 07:03:32.000,
5767,6221,01718 MON-MON-LCD-ICT-PTRE-19,01718 MON-LCD-ICT-PTRE-19,404,MON-LCD,114,Tersedia,Bagus,0.0,,,LT,Aset,Corporate,,1,2020-07-15 07:02:42.000,2020-07-15 07:02:42.000,
5768,6223,01720 MON-MON-LCD-ICT-PTRE-19,01720 MON-LCD-ICT-PTRE-19,404,MON-LCD,114,Tersedia,Bagus,0.0,,,LT,Aset,Corporate,,1,2020-07-15 07:02:35.000,2020-07-15 07:02:35.000,
5769,6225,01722 MON-MON-LCD-ICT-PTRE-19,01722 MON-LCD-ICT-PTRE-19,404,MON-LCD,114,Tersedia,Bagus,0.0,,,LT,Aset,Corporate,,1,2020-05-27 13:42:36.000,2020-05-27 13:42:36.000,
5770,6227,01724 MON-MON-LCD-ICT-PTRE-19,01724 MON-LCD-ICT-PTRE-19,404,MON-LCD,114,Tersedia,Bagus,0.0,,,LT,Aset,Corporate,,1,2020-07-15 07:03:25.000,2020-07-15 07:03:25.000,
5771,6229,01726 MON-MON-LCD-ICT-PTRE-19,01726 MON-LCD-ICT-PTRE-19,404,MON-LCD,114,Tersedia,Bagus,0.0,,,LT,Aset,Corporate,,1,2020-07-15 07:03:20.000,2020-07-15 07:03:20.000,
5772,6231,01728 MON-MON-LCD-ICT-PTRE-19,01728 MON-LCD-ICT-PTRE-19,404,MON-LCD,114,Tersedia,Bagus,0.0,,,LT,Aset,Corporate,,1,2020-07-15 07:02:27.000,2020-07-15 07:02:27.000,
5773,6233,01730 MON-MON-LCD-ICT-PTRE-19,01730 MON-LCD-ICT-PTRE-19,404,MON-LCD,114,Tersedia,Bagus,0.0,,,LT,Aset,Corporate,,1,2020-07-15 07:03:13.000,2020-07-15 07:03:13.000,
5774,6235,01732 MON-MON-LCD-ICT-PTRE-19,01732 MON-LCD-ICT-PTRE-19,404,MON-LCD,114,Tersedia,Bagus,0.0,,,LT,Aset,Corporate,,1,2020-07-15 07:02:20.000,2020-07-15 07:02:20.000,
5775,6237,01734 MON-MON-LCD-ICT-PTRE-19,01734 MON-LCD-ICT-PTRE-19,404,MON-LCD,114,Tersedia,Bagus,0.0,,,LT,Aset,Corporate,,1,2020-07-15 07:02:57.000,2020-07-15 07:02:57.000,
5776,6238,01735 MON-MON-LCD-ICT-PTRE-19,01735 MON-LCD-ICT-PTRE-19,404,MON-LCD,114,Tersedia,Bagus,0.0,,,LT,Aset,Corporate,,1,2020-07-15 07:02:12.000,2020-07-15 07:02:12.000,
5777,6239,01736 MON-MON-LCD-ICT-PTRE-19,01736 MON-LCD-ICT-PTRE-19,404,MON-LCD,114,Tersedia,Bagus,0.0,,,LT,Aset,Corporate,,1,2020-07-15 07:03:06.000,2020-07-15 07:03:06.000,
5778,6240,01737 MON-MON-LCD-ICT-PTRE-19,01737 MON-LCD-ICT-PTRE-19,404,MON-LCD,114,Tersedia,Bagus,0.0,,,LT,Aset,Corporate,,1,2020-07-15 07:01:52.000,2020-07-15 07:01:52.000,
5779,6241,01738 MON-MON-LCD-ICT-PTRE-19,01738 MON-LCD-ICT-PTRE-19,404,MON-LCD,114,Tersedia,Bagus,0.0,,,LT,Aset,Corporate,,1,2020-05-31 10:17:37.000,2020-05-31 10:17:37.000,
5780,6242,01739 MON-MON-LCD-ICT-PTRE-19,01739 MON-LCD-ICT-PTRE-19,404,MON-LCD,114,Tersedia,Bagus,0.0,,,LT,Aset,Corporate,,1,2020-05-31 10:17:21.000,2020-05-31 10:17:21.000,
5781,6243,01740 MON-MON-LCD-ICT-PTRE-19,01740 MON-LCD-ICT-PTRE-19,404,MON-LCD,114,Tersedia,Bagus,0.0,,,LT,Aset,Corporate,,1,2020-05-31 10:17:15.000,2020-05-31 10:17:15.000,
5782,6244,01741 MON-MON-LCD-ICT-PTRE-19,01741 MON-LCD-ICT-PTRE-19,404,MON-LCD,114,Tersedia,Bagus,0.0,,,LT,Aset,Corporate,,1,2020-05-31 10:17:09.000,2020-05-31 10:17:09.000,
5783,6245,01742 MON-MON-LCD-ICT-PTRE-19,01742 MON-LCD-ICT-PTRE-19,404,MON-LCD,114,Tersedia,Bagus,0.0,,,LT,Aset,Corporate,,1,2020-05-31 10:17:03.000,2020-05-31 10:17:03.000,
5784,6246,01743 MON-MON-LCD-ICT-PTRE-19,01743 MON-LCD-ICT-PTRE-19,404,MON-LCD,114,Tersedia,Bagus,0.0,,,LT,Aset,Corporate,,1,2020-05-31 10:16:58.000,2020-05-31 10:16:58.000,
5785,6247,01744 MON-MON-LCD-ICT-PTRE-19,01744 MON-LCD-ICT-PTRE-19,404,MON-LCD,114,Tersedia,Bagus,0.0,,,LT,Aset,Corporate,,1,2020-05-31 10:16:46.000,2020-05-31 10:16:46.000,
5786,6270,01769 MON-MON-LCD-ICT-PTRE-19,01769 MON-LCD-ICT-PTRE-19,404,MON-LCD,114,Tersedia,Bagus,0.0,,,LT,Aset,Corporate,,1,2020-05-31 10:16:41.000,2020-05-31 10:16:41.000,
5787,6272,01771 MON-MON-LCD-ICT-PTRE-19,01771 MON-LCD-ICT-PTRE-19,404,MON-LCD,114,Tersedia,Bagus,0.0,,,LT,Aset,Corporate,,1,2020-05-31 10:16:36.000,2020-05-31 10:16:36.000,
5788,6274,01773 MON-MON-LCD-ICT-PTRE-19,01773 MON-LCD-ICT-PTRE-19,404,MON-LCD,114,Tersedia,Bagus,0.0,,,LT,Aset,Corporate,,1,2020-05-31 10:16:30.000,2020-05-31 10:16:30.000,
5789,6276,01775 MON-MON-LCD-ICT-PTRE-19,01775 MON-LCD-ICT-PTRE-19,404,MON-LCD,114,Tersedia,Bagus,0.0,,,LT,Aset,Corporate,,1,2020-05-31 10:16:19.000,2020-05-31 10:16:19.000,
5790,6278,01777 MON-MON-LCD-ICT-PTRE-19,01777 MON-LCD-ICT-PTRE-19,404,MON-LCD,114,Tersedia,Bagus,0.0,,,LT,Aset,Corporate,,1,2020-05-31 10:16:13.000,2020-05-31 10:16:13.000,
5791,6280,01779 MON-MON-LCD-ICT-PTRE-19,01779 MON-LCD-ICT-PTRE-19,404,MON-LCD,114,Tersedia,Bagus,0.0,,,LT,Aset,Corporate,,1,2020-05-31 10:16:09.000,2020-05-31 10:16:09.000,
5792,6282,01781 MON-MON-LCD-ICT-PTRE-19,01781 MON-LCD-ICT-PTRE-19,404,MON-LCD,114,Tersedia,Bagus,0.0,,,LT,Aset,Corporate,,1,2020-05-31 10:16:04.000,2020-05-31 10:16:04.000,
5793,6284,01783 MON-MON-LCD-ICT-PTRE-19,01783 MON-LCD-ICT-PTRE-19,404,MON-LCD,114,Tersedia,Bagus,0.0,,,LT,Aset,Corporate,,1,2020-05-31 10:15:54.000,2020-05-31 10:15:54.000,
5794,6286,01785 MON-MON-LCD-ICT-PTRE-19,01785 MON-LCD-ICT-PTRE-19,404,MON-LCD,114,Tersedia,Bagus,0.0,,,LT,Aset,Corporate,,1,2020-05-31 10:15:48.000,2020-05-31 10:15:48.000,
5795,6288,01787 MON-MON-LCD-ICT-PTRE-19,01787 MON-LCD-ICT-PTRE-19,404,MON-LCD,114,Tersedia,Bagus,0.0,,,LT,Aset,Corporate,,1,2020-05-31 10:15:43.000,2020-05-31 10:15:43.000,
5796,6290,01789 MON-MON-LCD-ICT-PTRE-19,01789 MON-LCD-ICT-PTRE-19,404,MON-LCD,114,Tersedia,Bagus,0.0,,,LT,Aset,Corporate,,1,2020-05-31 10:15:39.000,2020-05-31 10:15:39.000,
5797,6292,01791 MON-MON-LCD-ICT-PTRE-19,01791 MON-LCD-ICT-PTRE-19,404,MON-LCD,114,Tersedia,Bagus,0.0,,,LT,Aset,Corporate,,1,2020-05-31 10:15:34.000,2020-05-31 10:15:34.000,
5798,6294,01793 MON-MON-LCD-ICT-PTRE-19,01793 MON-LCD-ICT-PTRE-19,404,MON-LCD,114,Tersedia,Bagus,0.0,,,LT,Aset,Corporate,,1,2020-05-31 10:15:28.000,2020-05-31 10:15:28.000,
5799,6296,01795 MON-MON-LCD-ICT-PTRE-19,01795 MON-LCD-ICT-PTRE-19,404,MON-LCD,114,Tersedia,Bagus,0.0,,,LT,Aset,Corporate,,1,2020-05-31 10:15:22.000,2020-05-31 10:15:22.000,
5800,6298,01797 MON-MON-LCD-ICT-PTRE-19,01797 MON-LCD-ICT-PTRE-19,404,MON-LCD,114,Tersedia,Bagus,0.0,,,LT,Aset,Corporate,,1,2020-05-31 10:15:17.000,2020-05-31 10:15:17.000,
5801,6300,01799 MON-MON-LCD-ICT-PTRE-19,01799 MON-LCD-ICT-PTRE-19,404,MON-LCD,114,Tersedia,Bagus,0.0,,,LT,Aset,Corporate,,1,2020-05-31 10:15:11.000,2020-05-31 10:15:11.000,
5802,6302,01801 MON-MON-LCD-ICT-PTRE-19,01801 MON-LCD-ICT-PTRE-19,404,MON-LCD,114,Tersedia,Bagus,0.0,,,LT,Aset,Corporate,,1,2020-05-31 10:15:03.000,2020-05-31 10:15:03.000,
5803,6304,01803 MON-MON-LCD-ICT-PTRE-19,01803 MON-LCD-ICT-PTRE-19,404,MON-LCD,114,Tersedia,Bagus,0.0,,,LT,Aset,Corporate,,1,2020-05-31 10:14:45.000,2020-05-31 10:14:45.000,
5804,6307,01805 MON-MON-LCD-ICT-PTRE-19,01805 MON-LCD-ICT-PTRE-19,404,MON-LCD,114,Tersedia,Bagus,0.0,,,LT,Aset,Corporate,,1,2020-05-31 10:14:31.000,2020-05-31 10:14:31.000,
5805,6309,01807 MON-MON-LCD-ICT-PTRE-19,01807 MON-LCD-ICT-PTRE-19,404,MON-LCD,114,Tersedia,Bagus,0.0,,,LT,Aset,Corporate,,1,2020-05-31 10:14:26.000,2020-05-31 10:14:26.000,
5806,6311,01809 MON-MON-LCD-ICT-PTRE-19,01809 MON-LCD-ICT-PTRE-19,409,MON-LCD,114,Tersedia,Bagus,0.0,,,LT,Aset,Corporate,,1,2020-05-31 10:14:19.000,2020-05-31 10:14:19.000,
5807,6313,01811 MON-MON-LCD-ICT-PTRE-19,01811 MON-LCD-ICT-PTRE-19,404,MON-LCD,114,Tersedia,Bagus,0.0,,,LT,Aset,Corporate,,1,2020-05-31 10:14:15.000,2020-05-31 10:14:15.000,
5808,6315,01813 MON-MON-LCD-ICT-PTRE-19,01813 MON-LCD-ICT-PTRE-19,404,MON-LCD,114,Tersedia,Bagus,0.0,,,LT,Aset,Corporate,,1,2020-05-31 10:14:07.000,2020-05-31 10:14:07.000,
5809,6317,01815 MON-MON-LCD-ICT-PTRE-19,01815 MON-LCD-ICT-PTRE-19,404,MON-LCD,114,Tersedia,Bagus,0.0,,,LT,Aset,Corporate,,1,2020-05-31 10:14:03.000,2020-05-31 10:14:03.000,
5810,6319,01817 MON-MON-LCD-ICT-PTRE-19,01817 MON-LCD-ICT-PTRE-19,404,MON-LCD,114,Tersedia,Bagus,0.0,,,LT,Aset,Corporate,,1,2020-05-31 10:13:58.000,2020-05-31 10:13:58.000,
5811,6321,01819 MON-MON-LCD-ICT-PTRE-19,01819 MON-LCD-ICT-PTRE-19,404,MON-LCD,114,Tersedia,Bagus,0.0,,,LT,Aset,Corporate,,1,2020-05-31 10:13:54.000,2020-05-31 10:13:54.000,
5812,6323,01821 MON-MON-LCD-ICT-PTRE-19,01821 MON-LCD-ICT-PTRE-19,404,MON-LCD,114,Tersedia,Bagus,0.0,,,LT,Aset,Corporate,,1,2020-05-31 10:13:50.000,2020-05-31 10:13:50.000,
5813,6325,01823 MON-MON-LCD-ICT-PTRE-19,01823 MON-LCD-ICT-PTRE-19,404,MON-LCD,114,Tersedia,Bagus,0.0,,,LT,Aset,Corporate,,1,2020-05-31 10:13:45.000,2020-05-31 10:13:45.000,
5814,6327,01825 MON-MON-LCD-ICT-PTRE-19,01825 MON-LCD-ICT-PTRE-19,404,MON-LCD,114,Tersedia,Bagus,0.0,,,LT,Aset,Corporate,,1,2020-05-31 10:13:39.000,2020-05-31 10:13:39.000,
5815,6329,01827 MON-MON-LCD-ICT-PTRE-19,01827 MON-LCD-ICT-PTRE-19,404,MON-LCD,114,Tersedia,Bagus,0.0,,,LT,Aset,Corporate,,1,2020-05-31 10:13:34.000,2020-05-31 10:13:34.000,
5816,6331,01829 MON-MON-LCD-ICT-PTRE-19,01829 MON-LCD-ICT-PTRE-19,404,MON-LCD,114,Tersedia,Bagus,0.0,,,LT,Aset,Corporate,,1,2020-05-31 10:13:29.000,2020-05-31 10:13:29.000,
5817,6334,01832 MON-MON-LCD-ICT-PTRE-19,01832 MON-LCD-ICT-PTRE-19,409,MON-LCD,114,Tersedia,Bagus,0.0,,,LT,Aset,Corporate,,1,2020-05-31 10:13:24.000,2020-05-31 10:13:24.000,
5818,6336,01834 MON-MON-LCD-ICT-PTRE-19,01834 MON-LCD-ICT-PTRE-19,409,MON-LCD,114,Tersedia,Bagus,0.0,,,LT,Aset,Corporate,,1,2020-05-31 10:12:56.000,2020-05-31 10:12:56.000,
5819,6338,01836 MON-MON-LCD-ICT-PTRE-19,01836 MON-LCD-ICT-PTRE-19,404,MON-LCD,114,Tersedia,Bagus,0.0,,,LT,Aset,Corporate,,1,2020-05-31 10:12:50.000,2020-05-31 10:12:50.000,
5820,6340,01838 MON-MON-LCD-ICT-PTRE-19,01838 MON-LCD-ICT-PTRE-19,404,MON-LCD,114,Tersedia,Bagus,0.0,,,LT,Aset,Corporate,,1,2020-05-31 10:12:37.000,2020-05-31 10:12:37.000,
5821,6342,01840 MON-MON-LCD-ICT-PTRE-19,01840 MON-LCD-ICT-PTRE-19,404,MON-LCD,114,Tersedia,Bagus,0.0,,,LT,Aset,Corporate,,1,2020-05-31 10:12:27.000,2020-05-31 10:12:27.000,
5822,6344,01842 MON-MON-LCD-ICT-PTRE-19,01842 MON-LCD-ICT-PTRE-19,404,MON-LCD,114,Tersedia,Bagus,0.0,,,LT,Aset,Corporate,,1,2020-05-31 10:12:16.000,2020-05-31 10:12:16.000,
5823,6346,01844 MON-MON-LCD-ICT-PTRE-19,01844 MON-LCD-ICT-PTRE-19,404,MON-LCD,114,Tersedia,Bagus,0.0,,,LT,Aset,Corporate,,1,2020-05-31 10:11:42.000,2020-05-31 10:11:42.000,
5824,6348,01846 MON-MON-LCD-ICT-PTRE-19,01846 MON-LCD-ICT-PTRE-19,404,MON-LCD,114,Tersedia,Bagus,0.0,,,LT,Aset,Corporate,,1,2020-05-31 10:11:38.000,2020-05-31 10:11:38.000,
5825,6350,01848 MON-MON-LCD-ICT-PTRE-19,01848 MON-LCD-ICT-PTRE-19,404,MON-LCD,114,Tersedia,Bagus,0.0,,,LT,Aset,Corporate,,1,2020-05-31 10:11:26.000,2020-05-31 10:11:26.000,
5826,6352,01850 MON-MON-LCD-ICT-PTRE-19,01850 MON-LCD-ICT-PTRE-19,404,MON-LCD,114,Tersedia,Bagus,0.0,,,LT,Aset,Corporate,,1,2020-05-31 10:11:15.000,2020-05-31 10:11:15.000,
5827,6354,01852 MON-MON-LCD-ICT-PTRE-19,01852 MON-LCD-ICT-PTRE-19,404,MON-LCD,114,Tersedia,Bagus,0.0,,,LT,Aset,Corporate,,1,2020-05-31 10:11:10.000,2020-05-31 10:11:10.000,
5828,6356,01854 MON-MON-LCD-ICT-PTRE-19,01854 MON-LCD-ICT-PTRE-19,404,MON-LCD,114,Tersedia,Bagus,0.0,,,LT,Aset,Corporate,,1,2020-05-31 10:11:01.000,2020-05-31 10:11:01.000,
5829,6357,01855 MON-MON-LCD-ICT-PTRE-19,01855 MON-LCD-ICT-PTRE-19,404,MON-LCD,114,Tersedia,Bagus,0.0,,,LT,Aset,Corporate,,1,2020-05-31 10:10:50.000,2020-05-31 10:10:50.000,
5830,6358,01856 MON-MON-LCD-ICT-PTRE-19,01856 MON-LCD-ICT-PTRE-19,404,MON-LCD,114,Tersedia,Bagus,0.0,,,LT,Aset,Corporate,,1,2020-05-31 10:10:45.000,2020-05-31 10:10:45.000,
5831,6359,01857 MON-MON-LCD-ICT-PTRE-19,01857 MON-LCD-ICT-PTRE-19,404,MON-LCD,114,Tersedia,Bagus,0.0,,,LT,Aset,Corporate,,1,2020-05-31 10:10:40.000,2020-05-31 10:10:40.000,
5832,6360,01858 MON-MON-LCD-ICT-PTRE-19,01858 MON-LCD-ICT-PTRE-19,404,MON-LCD,114,Tersedia,Bagus,0.0,,,LT,Aset,Corporate,,1,2020-05-31 10:10:35.000,2020-05-31 10:10:35.000,
5833,6361,01859 MON-MON-LCD-ICT-PTRE-19,01859 MON-LCD-ICT-PTRE-19,404,MON-LCD,114,Tersedia,Bagus,0.0,,,LT,Aset,Corporate,,1,2020-05-31 10:10:30.000,2020-05-31 10:10:30.000,
5834,6362,01860 MON-MON-LCD-ICT-PTRE-19,01860 MON-LCD-ICT-PTRE-19,404,MON-LCD,114,Tersedia,Bagus,0.0,,,LT,Aset,Corporate,,1,2020-05-31 10:10:24.000,2020-05-31 10:10:24.000,
5835,6363,01861 MON-MON-LCD-ICT-PTRE-19,01861 MON-LCD-ICT-PTRE-19,404,MON-LCD,114,Tersedia,Bagus,0.0,,,LT,Aset,Corporate,,1,2020-05-31 10:10:20.000,2020-05-31 10:10:20.000,
5836,6364,01862 MON-MON-LCD-ICT-PTRE-19,01862 MON-LCD-ICT-PTRE-19,404,MON-LCD,114,Tersedia,Bagus,0.0,,,LT,Aset,Corporate,,1,2020-05-31 10:10:15.000,2020-05-31 10:10:15.000,
5837,6365,01863 MON-MON-LCD-ICT-PTRE-19,01863 MON-LCD-ICT-PTRE-19,404,MON-LCD,114,Tersedia,Bagus,0.0,,,LT,Aset,Corporate,,1,2020-05-31 10:10:11.000,2020-05-31 10:10:11.000,
5838,6366,01864 MON-MON-LCD-ICT-PTRE-19,01864 MON-LCD-ICT-PTRE-19,404,MON-LCD,114,Tersedia,Bagus,0.0,,,LT,Aset,Corporate,,1,2020-05-31 10:10:04.000,2020-05-31 10:10:04.000,
5839,6367,01865 MON-MON-LCD-ICT-PTRE-19,01865 MON-LCD-ICT-PTRE-19,404,MON-LCD,114,Tersedia,Bagus,0.0,,,LT,Aset,Corporate,,1,2020-05-31 10:09:58.000,2020-05-31 10:09:58.000,
5840,6368,01866 MON-MON-LCD-ICT-PTRE-19,01866 MON-LCD-ICT-PTRE-19,404,MON-LCD,114,Tersedia,Bagus,0.0,,,LT,Aset,Corporate,,1,2020-05-31 10:09:46.000,2020-05-31 10:09:46.000,
5841,6369,01867 MON-MON-LCD-ICT-PTRE-19,01867 MON-LCD-ICT-PTRE-19,404,MON-LCD,114,Tersedia,Bagus,0.0,,,LT,Aset,Corporate,,1,2020-05-31 10:09:40.000,2020-05-31 10:09:40.000,
5842,6370,01868 MON-MON-LCD-ICT-PTRE-19,01868 MON-LCD-ICT-PTRE-19,404,MON-LCD,114,Tersedia,Bagus,0.0,,,LT,Aset,Corporate,,1,2020-05-31 10:09:34.000,2020-05-31 10:09:34.000,
5843,6371,01869 MON-MON-LCD-ICT-PTRE-19,01869 MON-LCD-ICT-PTRE-19,404,MON-LCD,114,Tersedia,Bagus,0.0,,,LT,Aset,Corporate,,1,2020-05-31 10:09:29.000,2020-05-31 10:09:29.000,
5844,6398,01896 MON-MON-LCD-ICT-PTRE-19,01896 MON-LCD-ICT-PTRE-19,404,MON-LCD,114,Tersedia,Bagus,0.0,,,LT,Aset,Corporate,,1,2020-05-31 10:09:23.000,2020-05-31 10:09:23.000,
5845,6400,01898 MON-MON-LCD-ICT-PTRE-19,01898 MON-LCD-ICT-PTRE-19,404,MON-LCD,114,Tersedia,Bagus,0.0,,,LT,Aset,Corporate,,1,2020-05-31 10:09:14.000,2020-05-31 10:09:14.000,
5846,6402,01900 MON-MON-LCD-ICT-PTRE-19,01900 MON-LCD-ICT-PTRE-19,404,MON-LCD,114,Tersedia,Bagus,0.0,,,LT,Aset,Corporate,,1,2020-05-31 10:09:09.000,2020-05-31 10:09:09.000,
5847,6404,01902 MON-MON-LCD-ICT-PTRE-19,01902 MON-LCD-ICT-PTRE-19,404,MON-LCD,114,Tersedia,Bagus,0.0,,,LT,Aset,Corporate,,1,2020-05-31 10:09:04.000,2020-05-31 10:09:04.000,
5848,6406,01904 MON-MON-LCD-ICT-PTRE-19,01904 MON-LCD-ICT-PTRE-19,404,MON-LCD,114,Tersedia,Bagus,0.0,,,LT,Aset,Corporate,,1,2020-05-31 10:08:58.000,2020-05-31 10:08:58.000,
5849,6408,01906 MON-MON-LCD-ICT-PTRE-19,01906 MON-LCD-ICT-PTRE-19,404,MON-LCD,114,Tersedia,Bagus,0.0,,,LT,Aset,Corporate,,1,2020-05-31 10:08:20.000,2020-05-31 10:08:20.000,
5850,6410,01908 MON-MON-LCD-ICT-PTRE-19,01908 MON-LCD-ICT-PTRE-19,404,MON-LCD,114,Tersedia,Bagus,0.0,,,LT,Aset,Corporate,,1,2020-05-31 10:08:15.000,2020-05-31 10:08:15.000,
5851,6412,01910 MON-MON-LCD-ICT-PTRE-19,01910 MON-LCD-ICT-PTRE-19,404,MON-LCD,114,Dipinjam,Bagus,0.0,,,LT,Aset,Corporate,,1,2020-05-31 10:08:10.000,2020-05-31 10:08:10.000,
5852,6414,01912 MON-MON-LCD-ICT-PTRE-19,01912 MON-LCD-ICT-PTRE-19,404,MON-LCD,114,Tersedia,Bagus,0.0,,,LT,Aset,Corporate,,1,2020-05-31 10:08:03.000,2020-05-31 10:08:03.000,
5853,6416,01914 MON-MON-LCD-ICT-PTRE-19,01914 MON-LCD-ICT-PTRE-19,404,MON-LCD,114,Tersedia,Bagus,0.0,,,LT,Aset,Corporate,,1,2020-05-31 10:07:56.000,2020-05-31 10:07:56.000,
5854,6441,01939 MON-MON-LCD-ICT-PTRE-19,01939 MON-LCD-ICT-PTRE-19,404,MON-LCD,114,Tersedia,Bagus,0.0,,,LT,Aset,Corporate,,1,2020-05-31 10:07:47.000,2020-05-31 10:07:47.000,
5855,6443,01941 MON-MON-LCD-ICT-PTRE-19,01941 MON-LCD-ICT-PTRE-19,404,MON-LCD,114,Tersedia,Bagus,0.0,,,LT,Aset,Corporate,,1,2020-05-31 10:07:42.000,2020-05-31 10:07:42.000,
5856,6445,01943 MON-MON-LCD-ICT-PTRE-19,01943 MON-LCD-ICT-PTRE-19,404,MON-LCD,114,Tersedia,Bagus,0.0,,,LT,Aset,Corporate,,1,2020-05-31 10:07:36.000,2020-05-31 10:07:36.000,
5857,6447,01945 MON-MON-LCD-ICT-PTRE-19,01945 MON-LCD-ICT-PTRE-19,404,MON-LCD,114,Tersedia,Bagus,0.0,,,LT,Aset,Corporate,,1,2020-05-31 10:07:31.000,2020-05-31 10:07:31.000,
5858,6450,01947 MON-MON-LCD-ICT-PTRE-19,01947 MON-LCD-ICT-PTRE-19,404,MON-LCD,114,Tersedia,Bagus,0.0,,,LT,Aset,Corporate,,1,2020-05-31 10:07:24.000,2020-05-31 10:07:24.000,
5859,6452,01949 MON-MON-LCD-ICT-PTRE-19,01949 MON-LCD-ICT-PTRE-19,404,MON-LCD,114,Tersedia,Bagus,0.0,,,LT,Aset,Corporate,,1,2020-05-31 10:07:15.000,2020-05-31 10:07:15.000,
5860,6454,01951 MON-MON-LCD-ICT-PTRE-19,01951 MON-LCD-ICT-PTRE-19,404,MON-LCD,114,Tersedia,Bagus,0.0,,,LT,Aset,Corporate,,1,2020-05-31 10:07:09.000,2020-05-31 10:07:09.000,
5861,6455,01953 MON-MON-LCD-ICT-PTRE-19,01953 MON-LCD-ICT-PTRE-19,404,MON-LCD,114,Tersedia,Bagus,0.0,,,LT,Aset,Corporate,,1,2020-05-31 10:07:04.000,2020-05-31 10:07:04.000,
5862,6457,01955 MON-MON-LCD-ICT-PTRE-19,01955 MON-LCD-ICT-PTRE-19,404,MON-LCD,114,Tersedia,Bagus,0.0,,,LT,Aset,Corporate,,1,2020-05-31 10:06:58.000,2020-05-31 10:06:58.000,
5863,6459,01957 MON-MON-LCD-ICT-PTRE-19,01957 MON-LCD-ICT-PTRE-19,404,MON-LCD,114,Tersedia,Bagus,0.0,,,LT,Aset,Corporate,,1,2020-05-31 10:06:53.000,2020-05-31 10:06:53.000,
5864,6460,01958 MON-MON-LCD-ICT-PTRE-19,01958 MON-LCD-ICT-PTRE-19,404,MON-LCD,114,Tersedia,Bagus,0.0,,,LT,Aset,Corporate,,1,2020-05-31 10:06:47.000,2020-05-31 10:06:47.000,
5865,6461,01959 MON-MON-LCD-ICT-PTRE-19,01959 MON-LCD-ICT-PTRE-19,404,MON-LCD,114,Tersedia,Bagus,0.0,,,LT,Aset,Corporate,,1,2020-05-31 10:06:43.000,2020-05-31 10:06:43.000,
5866,6462,01960 MON-MON-LCD-ICT-PTRE-19,01960 MON-LCD-ICT-PTRE-19,404,MON-LCD,114,Tersedia,Bagus,0.0,,,LT,Aset,Corporate,,1,2020-05-31 10:06:37.000,2020-05-31 10:06:37.000,
5867,6478,01976 MON-MON-LCD-ICT-PTRE-19,01976 MON-LCD-ICT-PTRE-19,404,MON-LCD,114,Tersedia,Bagus,0.0,,,LT,Aset,Corporate,,1,2020-05-31 10:06:32.000,2020-05-31 10:06:32.000,
5868,6480,01978 MON-MON-LCD-ICT-PTRE-19,01978 MON-LCD-ICT-PTRE-19,404,MON-LCD,114,Tersedia,Bagus,0.0,,,LT,Aset,Corporate,,1,2020-05-31 09:59:40.000,2020-05-31 09:59:40.000,
5869,6482,01980 MON-MON-LCD-ICT-PTRE-19,01980 MON-LCD-ICT-PTRE-19,404,MON-LCD,114,Tersedia,Bagus,0.0,,,LT,Aset,Corporate,,1,2020-05-31 09:59:34.000,2020-05-31 09:59:34.000,
5870,6484,01982 MON-MON-LCD-ICT-PTRE-19,01982 MON-LCD-ICT-PTRE-19,404,MON-LCD,114,Tersedia,Bagus,0.0,,,LT,Aset,Corporate,,1,2020-05-31 09:59:29.000,2020-05-31 09:59:29.000,
5871,6486,01984 MON-MON-LCD-ICT-PTRE-19,01984 MON-LCD-ICT-PTRE-19,404,MON-LCD,114,Tersedia,Bagus,0.0,,,LT,Aset,Corporate,,1,2020-05-31 09:59:23.000,2020-05-31 09:59:23.000,
5872,6488,01986 MON-MON-LCD-ICT-PTRE-19,01986 MON-LCD-ICT-PTRE-19,404,MON-LCD,114,Tersedia,Bagus,0.0,inventory/ams/inventoryPhoto/1601611469Doccure.png,inventory/ams/assets/uploads/assetsre/ap/1601611469Doccure.png,LT,Aset,Corporate,,1,2020-10-02 11:04:29.000,2020-10-02 11:04:29.000,
5873,6490,01988 MON-MON-LCD-ICT-PTRE-19,01988 MON-LCD-ICT-PTRE-19,404,MON-LCD,114,Tersedia,Bagus,0.0,,,LT,Aset,Corporate,,1,2020-05-31 09:59:05.000,2020-05-31 09:59:05.000,
5874,6492,01990 MON-MON-LCD-ICT-PTRE-19,01990 MON-LCD-ICT-PTRE-19,404,MON-LCD,114,Tersedia,Bagus,0.0,,,LT,Aset,Corporate,,1,2020-05-31 09:58:59.000,2020-05-31 09:58:59.000,
5875,6494,01992 MON-MON-LCD-ICT-PTRE-19,01992 MON-LCD-ICT-PTRE-19,404,MON-LCD,114,Tersedia,Bagus,0.0,,,LT,Aset,Corporate,,1,2020-05-31 09:58:53.000,2020-05-31 09:58:53.000,
5876,6496,01994 MON-MON-LCD-ICT-PTRE-19,01994 MON-LCD-ICT-PTRE-19,404,MON-LCD,114,Tersedia,Bagus,0.0,,,LT,Aset,Corporate,,1,2020-05-31 09:58:47.000,2020-05-31 09:58:47.000,
5877,6501,01999 MON-MON-LCD-ICT-PTRE-19,01999 MON-LCD-ICT-PTRE-19,404,MON-LCD,114,Dipinjam,Bagus,0.0,,,LT,Aset,Corporate,,1,2020-05-31 09:58:41.000,2020-05-31 09:58:41.000,
5878,6502,02000 MON-MON-LCD-ICT-PTRE-19,02000 MON-LCD-ICT-PTRE-19,404,MON-LCD,114,Dipinjam,Bagus,0.0,,,LT,Aset,Corporate,,1,2020-05-29 13:28:00.000,2020-05-29 13:28:00.000,
5879,6503,02001 MON-MON-LCD-ICT-PTRE-19,02001 MON-LCD-ICT-PTRE-19,404,MON-LCD,114,Dipinjam,Bagus,0.0,,,LT,Aset,Corporate,,1,2020-05-29 13:27:53.000,2020-05-29 13:27:53.000,
5880,6504,02002 MON-MON-LCD-ICT-PTRE-19,02002 MON-LCD-ICT-PTRE-19,404,MON-LCD,114,Dipinjam,Bagus,0.0,,,LT,Aset,Corporate,,1,2020-05-29 13:27:47.000,2020-05-29 13:27:47.000,
5881,6505,02003 MON-MON-LCD-ICT-PTRE-19,02003 MON-LCD-ICT-PTRE-19,404,MON-LCD,114,Dipinjam,Bagus,0.0,,,LT,Aset,Corporate,,1,2020-05-29 13:27:41.000,2020-05-29 13:27:41.000,
5882,6506,02004 MON-MON-LCD-ICT-PTRE-19,02004 MON-LCD-ICT-PTRE-19,404,MON-LCD,114,Dipinjam,Bagus,0.0,,,LT,Aset,Corporate,,1,2020-05-29 13:27:33.000,2020-05-29 13:27:33.000,
5883,6507,02005 MON-MON-LCD-ICT-PTRE-19,02005 MON-LCD-ICT-PTRE-19,404,MON-LCD,114,Dipinjam,Bagus,0.0,,,LT,Aset,Corporate,,1,2020-05-29 13:27:27.000,2020-05-29 13:27:27.000,
5884,6508,02006 MON-MON-LCD-ICT-PTRE-19,02006 MON-LCD-ICT-PTRE-19,404,MON-LCD,114,Dipinjam,Bagus,0.0,,,LT,Aset,Corporate,,1,2020-05-29 13:27:21.000,2020-05-29 13:27:21.000,
5885,6509,02007 MON-MON-LCD-ICT-PTRE-19,02007 MON-LCD-ICT-PTRE-19,404,MON-LCD,114,Dipinjam,Bagus,0.0,,,LT,Aset,Corporate,,1,2020-05-29 13:25:44.000,2020-05-29 13:25:44.000,
5886,6510,02008 MON-MON-LCD-ICT-PTRE-19,02008 MON-LCD-ICT-PTRE-19,404,MON-LCD,114,Dipinjam,Bagus,0.0,,,LT,Aset,Corporate,,1,2020-05-29 13:25:29.000,2020-05-29 13:25:29.000,
5887,6531,2029 MON-MON-LCD-ICT-PTRE-20,2029 MON-LCD-ICT-PTRE-20,404,MON-LCD,114,Dipinjam,Bagus,0.0,,,LT,Aset,Corporate,,1,2020-05-29 13:25:24.000,2020-05-29 13:25:24.000,
5888,6533,2031 MON-MON-LCD-ICT-PTRE-20,2031 MON-LCD-ICT-PTRE-20,404,MON-LCD,114,Dipinjam,Bagus,0.0,,,LT,Aset,Corporate,,1,2020-05-29 13:25:18.000,2020-05-29 13:25:18.000,
5889,6535,2033 MON-MON-LCD-ICT-PTRE-20,2033 MON-LCD-ICT-PTRE-20,404,MON-LCD,114,Dipinjam,Bagus,0.0,,,LT,Aset,Corporate,,1,2020-05-29 13:25:11.000,2020-05-29 13:25:11.000,
5890,6537,2035 MON-MON-LCD-ICT-PTRE-20,2035 MON-LCD-ICT-PTRE-20,404,MON-LCD,114,Dipinjam,Bagus,0.0,,,LT,Aset,Corporate,,1,2020-05-29 13:25:04.000,2020-05-29 13:25:04.000,
5891,6539,2037 MON-MON-LCD-ICT-PTRE-20,2037 MON-LCD-ICT-PTRE-20,404,MON-LCD,114,Dipinjam,Bagus,0.0,,,LT,Aset,Corporate,,1,2020-05-29 13:24:27.000,2020-05-29 13:24:27.000,
5892,6541,2039 MON-MON-LCD-ICT-PTRE-20,2039 MON-LCD-ICT-PTRE-20,404,MON-LCD,114,Dipinjam,Bagus,0.0,,,LT,Aset,Corporate,,1,2020-05-29 13:24:11.000,2020-05-29 13:24:11.000,
5893,6543,2041 MON-MON-LCD-ICT-PTRE-20,2041 MON-LCD-ICT-PTRE-20,404,MON-LCD,114,Dipinjam,Bagus,0.0,,,LT,Aset,Corporate,,1,2020-05-29 13:24:03.000,2020-05-29 13:24:03.000,
5894,6544,2042 MON-MON-LCD-ICT-PTRE-20,2042 MON-LCD-ICT-PTRE-20,404,MON-LCD,114,Dipinjam,Bagus,0.0,,,LT,Aset,Corporate,,1,2020-05-29 13:23:53.000,2020-05-29 13:23:53.000,
5895,6545,2043 MON-MON-LCD-ICT-PTRE-20,2043 MON-LCD-ICT-PTRE-20,404,MON-LCD,114,Dipinjam,Bagus,0.0,,,LT,Aset,Corporate,,1,2020-05-29 13:23:41.000,2020-05-29 13:23:41.000,
5896,6546,2044 MON-MON-LCD-ICT-PTRE-20,2044 MON-LCD-ICT-PTRE-20,404,MON-LCD,114,Dipinjam,Bagus,0.0,,,LT,Aset,Corporate,,1,2020-05-29 13:23:32.000,2020-05-29 13:23:32.000,
5897,6547,2045 MON-MON-LCD-ICT-PTRE-20,2045 MON-LCD-ICT-PTRE-20,404,MON-LCD,114,Dipinjam,Bagus,0.0,,,LT,Aset,Corporate,,1,2020-05-29 13:23:22.000,2020-05-29 13:23:22.000,
5898,6548,2046 MON-MON-LCD-ICT-PTRE-20,2046 MON-LCD-ICT-PTRE-20,404,MON-LCD,114,Dipinjam,Bagus,0.0,,,LT,Aset,Corporate,,1,2020-05-29 13:23:08.000,2020-05-29 13:23:08.000,
5899,6549,2047 MON-MON-LCD-ICT-PTRE-20,2047 MON-LCD-ICT-PTRE-20,404,MON-LCD,114,Dipinjam,Bagus,0.0,,,LT,Aset,Corporate,,1,2020-05-29 13:22:59.000,2020-05-29 13:22:59.000,
5900,6550,2048 MON-MON-LCD-ICT-PTRE-20,2048 MON-LCD-ICT-PTRE-20,404,MON-LCD,114,Dipinjam,Bagus,0.0,,,LT,Aset,Corporate,,1,2020-05-29 13:22:47.000,2020-05-29 13:22:47.000,
5901,8090,2278-MON-LCD-ICT-PTRE-23,2278-MON-LCD-ICT-PTRE-23,424,MON-LCD,215,Dipinjam,Bagus,4700000.0,,,LT,Aset,Project,10532,65,2023-10-31 09:47:52.000,2023-10-31 09:47:52.000,Curved UltraWide
5902,8091,2279-MON-LCD-ICT-PTRE-23,2279-MON-LCD-ICT-PTRE-23,424,MON-LCD,215,Dipinjam,Bagus,4700000.0,,,LT,Aset,Corporate,10532,65,2023-10-31 10:04:27.000,2023-10-31 10:04:27.000,Curved UltraWide
5903,8092,2280-MON-LCD-ICT-PTRE-23,2280-MON-LCD-ICT-PTRE-23,424,MON-LCD,215,Dipinjam,Bagus,4700000.0,,,LT,Aset,Project,10532,65,2023-10-31 10:07:17.000,2023-10-31 10:07:17.000,Curved UltraWide
5904,8093,2281-MON-LCD-ICT-PTRE-23,2281-MON-LCD-ICT-PTRE-23,424,MON-LCD,215,Dipinjam,Bagus,4700000.0,,,LT,Aset,Project,10532,65,2023-10-31 10:08:35.000,2023-10-31 10:08:35.000,Curved UltraWide
5905,8094,2282-MON-LCD-ICT-PTRE-23,2282-MON-LCD-ICT-PTRE-23,424,MON-LCD,215,Dipinjam,Bagus,4700000.0,,,LT,Aset,Project,10532,65,2023-10-31 10:16:32.000,2023-10-31 10:16:32.000,Curved UltraWide
5906,8095,2283-MON-LCD-ICT-PTRE-23,2283-MON-LCD-ICT-PTRE-23,424,MON-LCD,215,Dipinjam,Bagus,4700000.0,,,LT,Aset,Project,10532,65,2023-10-31 10:18:05.000,2023-10-31 10:18:05.000,Curved UltraWide
5907,8096,2284-MON-LCD-ICT-PTRE-23,2284-MON-LCD-ICT-PTRE-23,424,MON-LCD,215,Dipinjam,Bagus,4700000.0,,,LT,Aset,Project,10532,65,2023-10-31 10:18:59.000,2023-10-31 10:18:59.000,Curved UltraWide
5908,8097,2285-MON-LCD-ICT-PTRE-23,2285-MON-LCD-ICT-PTRE-23,424,MON-LCD,215,Dipinjam,Bagus,4700000.0,,,LT,Aset,Project,10532,65,2023-10-31 10:19:51.000,2023-10-31 10:19:51.000,Curved UltraWide
5909,8098,2286-MON-LCD-ICT-PTRE-23,2286-MON-LCD-ICT-PTRE-23,424,MON-LCD,215,Dipinjam,Bagus,4700000.0,,,LT,Aset,Corporate,10532,65,2023-10-31 10:20:50.000,2023-10-31 10:20:50.000,Curved UltraWide
5910,8099,2287-MON-LCD-ICT-PTRE-23,2287-MON-LCD-ICT-PTRE-23,424,MON-LCD,215,Dipinjam,Bagus,4700000.0,,,LT,Aset,Project,10532,65,2023-10-31 10:23:27.000,2023-10-31 10:23:27.000,Curved UltraWide
5911,8117,2305-MON-LCD-ICT-PTRE-23,2305-MON-LCD-ICT-PTRE-23,426,MON-LCD,215,Dipinjam,Bagus,7000000.0,,,LT,Aset,Project,10532,95,2024-01-21 23:16:03.000,2024-01-21 23:16:03.000,Curved UltraWide
5912,10576,2378-MON-LCD-ICT-PTRE-24,2378-MON-LCD-ICT-PTRE-24,423,MON-LCD,139,Tersedia,Bagus,1500000.0,,,LT,Aset,Project,2557,95,2024-12-27 14:01:55.000,2024-12-27 14:01:55.000,
5913,10577,2379-MON-LCD-ICT-PTRE-24,2379-MON-LCD-ICT-PTRE-24,423,MON-LCD,120,Tersedia,Bagus,1500000.0,,,LT,Aset,Project,2557,95,2024-12-27 14:04:43.000,2024-12-27 14:04:43.000,
5914,10578,2380-MON-LCD-ICT-PTRE-24,2380-MON-LCD-ICT-PTRE-24,423,MON-LCD,120,Tersedia,Bagus,1500000.0,,,LT,Aset,Project,2557,95,2024-12-27 14:06:15.000,2024-12-27 14:06:15.000,
5915,10579,2381-MON-LCD-ICT-PTRE-24,2381-MON-LCD-ICT-PTRE-24,423,MON-LCD,120,Tersedia,Bagus,1500000.0,,,LT,Aset,Project,2557,95,2024-12-27 14:07:37.000,2024-12-27 14:07:37.000,
5916,10761,2445-MON-LCD-ICT-PTRE-25,2445-MON-LCD-ICT-PTRE-25,426,MON-LCD,215,Dipinjam,Bagus,0.0,,,LT,Aset,Corporate,,95,2025-06-11 08:34:05.000,2025-06-11 08:34:05.000,Curved UltraWide
5917,11772,2450-MON-LCD-ICT-PTRE-25,2450-MON-LCD-ICT-PTRE-25,426,MON-LCD,215,Dipinjam,Bagus,0.0,,,LT,Aset,Corporate,,1,2025-07-21 08:43:29.000,2025-07-21 08:43:29.000,Curved UltraWide
5918,11773,2451-MON-LCD-ICT-PTRE-25,2451-MON-LCD-ICT-PTRE-25,419,MON-LCD,120,Dipinjam,Bagus,0.0,,,LT,Aset,Corporate,,1,2025-08-01 11:06:51.000,2025-08-01 11:06:51.000,
5919,11774,2452-MON-LCD-ICT-PTRE-25,2452-MON-LCD-ICT-PTRE-25,419,MON-LCD,120,Dipinjam,Bagus,0.0,,,LT,Aset,Corporate,,1,2025-08-01 11:12:24.000,2025-08-01 11:12:24.000,
5920,11778,2456-MON-LCD-ICT-PTRE-25,2456-MON-LCD-ICT-PTRE-25,419,MON-LCD,232,Dipinjam,Bagus,0.0,,,LT,Aset,Corporate,,1,2025-08-29 14:51:39.000,2025-08-29 14:51:39.000,
5921,11856,2463-MON-LCD-ICT-PTRE-25,2463-MON-LCD-ICT-PTRE-25,419,MON-LCD,232,Tersedia,Bagus,0.0,,,LT,Aset,Project,360,107,2025-12-08 16:48:06.000,2025-12-08 16:48:06.000,
5922,11857,2464-MON-LCD-ICT-PTRE-25,2464-MON-LCD-ICT-PTRE-25,420,MON-LCD,223,Tersedia,Bagus,0.0,,,LT,Aset,Project,360,107,2025-12-08 16:50:25.000,2025-12-08 16:50:25.000,UltraWide
5923,11865,2470-MON-LCD-ICT-PTRE-26,2470-MON-LCD-ICT-PTRE-26,425,MON-LCD,121,Dipinjam,Bagus,0.0,,,LT,Aset,Corporate,,1,2026-01-12 14:24:48.000,2026-01-12 14:24:48.000,
5924,11866,2471-MON-LCD-ICT-PTRE-26,2471-MON-LCD-ICT-PTRE-26,425,MON-LCD,121,Dipinjam,Bagus,0.0,,,LT,Aset,Corporate,,1,2026-01-12 14:25:22.000,2026-01-12 14:25:22.000,
5925,12039,2500-MON-LCD-ICT-PTRE-26,2500-MON-LCD-ICT-PTRE-26,419,MON-LCD,231,Tersedia,Bagus,1100000.0,,,LT,Aset,Corporate,,108,2026-09-18 17:14:19.000,2026-09-18 17:14:19.000,
5926,12040,2501-MON-LCD-ICT-PTRE-26,2501-MON-LCD-ICT-PTRE-26,419,MON-LCD,231,Tersedia,Bagus,1100000.0,,,LT,Aset,Corporate,,108,2026-09-18 17:15:40.000,2026-09-18 17:15:40.000,
5927,12041,2502-MON-LCD-ICT-PTRE-26,2502-MON-LCD-ICT-PTRE-26,419,MON-LCD,231,Tersedia,Bagus,1100000.0,,,LT,Aset,Corporate,,108,2026-09-18 17:17:12.000,2026-09-18 17:17:12.000,
