"id","referensi","assets_code","problem","maintenance","biaya","tanggal","create_owner","create_date","thumbnail","sample_photo","patch_file","deletion","deletion_date","deletion_owner","source"
1,"12345","01520-FUR-LM-CFS-PTRE-11","01520-FUR-LM-CFS-PTRE-11","asdfg","0","2018-03-27","302716","2018-03-27 09:36:16.000","1522118175sunblocj_thumb.png","1522118175sunblocj.png","/assets/uploads/assetsre/maintenance/",1,"2018-03-27 10:10:26.000","302716","NULL"
2,"1234asdf","01520-FUR-LM-CFS-PTRE-11","agsdh","dsfjdgj","0","2018-03-27","302716","2018-03-27 09:41:27.000","1522118487_TRON_thumb.png","1522118487_TRON.png","/assets/uploads/assetsre/maintenance/",1,"2018-03-27 10:10:22.000","302716","NULL"
3,"afad","01520-FUR-LM-CFS-PTRE-11","gasdg","asdhsdh","dgjhgdj","2018-03-27","302716","2018-03-27 09:58:02.000","1522119482_sunblocj_thumb.png","1522119482_sunblocj.png","/assets/uploads/assetsre/maintenance/",1,"2018-03-27 10:10:19.000","302716","NULL"
4,"12345","01520-FUR-LM-CFS-PTRE-11","shsjh","dgjfj","0","2018-03-27","302716","2018-03-27 09:58:08.000","NULL","NULL","NULL",1,"2018-03-27 10:10:15.000","302716","NULL"
5,"12345","01520-FUR-LM-CFS-PTRE-11","fgjmfhk","ghlkgjl","opou","2018-03-27","302716","2018-03-27 09:58:17.000","NULL","NULL","NULL",1,"2018-03-27 10:10:11.000","302716","NULL"
6,"12345","01520-FUR-LM-CFS-PTRE-11","asdfgh","asdfg","0","2018-03-27","302716","2018-03-27 10:30:00.000","1522124238_wallpaper_linggar_jati_thumb.jpg","1522124238_wallpaper_linggar_jati.jpg","/assets/uploads/assetsre/maintenance/",1,"2018-03-27 14:42:12.000","302716","NULL"
7,"12345","01520-FUR-LM-CFS-PTRE-11","asdretg","sghshf","0","2018-03-27","302716","2018-03-27 10:30:12.000","NULL","NULL","NULL",0,"NULL","NULL","NULL"
8,"12345","01520-FUR-LM-CFS-PTRE-11","dgjgk","fhkghk","0","2018-03-27","302716","2018-03-27 10:44:21.000","1522124223_sunblocj_thumb.png","1522124223_sunblocj.png","/assets/uploads/assetsre/maintenance/",0,"NULL","NULL","NULL"
9,"Test","01410-COMP-NB-ICT-PTRE-0418","asdadasdad","asdadadasdsa","0","2018-04-05","307518","2018-04-05 09:14:50.000","NULL","NULL","NULL",1,"2018-04-05 09:15:39.000","307518","NULL"
10,"TEST","01410-COMP-NB-ICT-PTRE-0418","asdad","asd","0","2018-04-05","307518","2018-04-05 09:46:55.000","NULL","NULL","NULL",1,"2018-04-05 09:47:31.000","307518","NULL"
11,"asda","01410-COMP-NB-ICT-PTRE-0418","dasdasd","sad","0","2018-04-05","307518","2018-04-05 09:47:38.000","NULL","NULL","NULL",1,"2018-04-05 09:48:24.000","307518","NULL"
12,"asdad","01410-COMP-NB-ICT-PTRE-0418","adsa","sadsa","0","2018-04-05","307518","2018-04-05 09:48:14.000","NULL","NULL","NULL",1,"2018-04-05 09:48:22.000","307518","NULL"
13,"asdad","01410-COMP-NB-ICT-PTRE-0418","sada","dadasd","0","2018-04-05","307518","2018-04-05 09:48:29.000","NULL","NULL","NULL",1,"2018-04-05 14:47:00.000","302716","NULL"
14,"INV123123","02523-FUR-LC-CFS-PTRE-14","KUNCI HILANG","SERVICE TUKANG KUNCI","200000","2018-04-05","302716","2018-04-05 15:06:21.000","NULL","NULL","NULL",0,"NULL","NULL","NULL"
15,"ABC123","01409 COMP-NB-ICT-PTRE-16","Enggak bisa ngeprint Error","Maintenance rutin dari vendor printer","500000","2018-04-16","302716","2018-04-16 15:22:23.000","NULL","NULL","NULL",0,"NULL","NULL","NULL"
16,"perbaikan","02531-SIN-AC-CFS-PTRE-15","kotor","pencuncian ac","0","2020-08-08","130090","2020-10-22 14:40:28.000","NULL","NULL","NULL",0,"NULL","NULL","NULL"
1016,"Masa Aktif sdh Habis","01857-ACC-AP-CFS-PTRE-13","isi ulang","Isi ulang Apar 2023","0","2023-05-30","130090","2023-06-07 14:40:25.000","NULL","NULL","NULL",0,"NULL","NULL","NULL"
1017,"PTRE-PR-1503-170122","01533 COMP-NB-ICT-PTRE-18","Beberapa tombol keyboard tidak berfungsi, kipas berisik","Ganti keyboard, cleaning kipas dan mainboard di tempat service","0","2022-01-17","306117","2023-06-07 14:42:34.000","NULL","NULL","NULL",0,"NULL","NULL","NULL"
1018,"PTRE-PR-1503-020222","01723 COMP-DSK-ICT-PTRE-19","Layar tidak tampil, hanya fan & power indikator menyala","Cek RAM, VGA Card. kerusakan pada mainboard","0","2022-02-02","306117","2023-06-07 14:45:42.000","NULL","NULL","NULL",0,"NULL","NULL","NULL"
1019,"PTRE-PR-1503-200222","01472-COMP-NB-ICT-PTRE-18","Laptop blank, tidak ada tampilan di layar","Service ke tempat service, mainboard bermasalah.","0","2023-06-07","306117","2023-06-07 14:50:35.000","NULL","NULL","NULL",0,"NULL","NULL","NULL"
1020,"PTRE-PR-1503-080322","01919 COMP-NB-ICT-PTRE-19","Drive D tidak muncul, HDD tidak terdeteksi","cek BIOS, ganti HDD","0","2022-03-08","306117","2023-06-07 14:53:28.000","NULL","NULL","NULL",0,"NULL","NULL","NULL"
1021,"PTRE-PR-1503-070422","01926 COMP-NB-ICT-PTRE-19","Windows lambat, masih menggunakan Hardisk","Tambah SSD","0","2022-04-07","306117","2023-06-07 14:55:26.000","NULL","NULL","NULL",0,"NULL","NULL","NULL"
1022,"PTRE-PR-1503-191022","01753 COMP-NB-ICT-PTRE-19","Layar blank, tombol keyboard ada yang tidak berfungsi","Layar dan keyboard harus diganti","0","2022-10-19","306117","2023-06-07 14:57:57.000","NULL","NULL","NULL",0,"NULL","NULL","NULL"
1023,"PTRE-PR-1503-261022","01414-MON-LCD-ICT-PTRE-17","Layar rusak/pecah","Harus ganti layar","0","2022-10-26","306117","2023-06-07 15:00:29.000","NULL","NULL","NULL",0,"NULL","NULL","NULL"
1024,"","2023 COMP-NB-ICT-PTRE-20","Mainboard rusak,"," tukar dengan no.1893 ex erwin instrument","0","2023-06-12","225164","2023-06-12 17:43:34.000","NULL","NULL","NULL",0,"NULL","NULL","NULL"
1025,"","01837 COMP-DSK-ICT-PTRE-19","minta update os dan software","update os dan software terbaru","0","2023-06-13","225164","2023-06-13 17:03:34.000","NULL","NULL","NULL",0,"NULL","NULL","NULL"
1026,"","2130-COMP-NB-ICT-PTRE-21","Minta ganti ssd","ganti ssd yang masih bisa terpakai","0","2023-06-14","225164","2023-06-14 10:46:27.000","NULL","NULL","NULL",0,"NULL","NULL","NULL"
1027,"","01759 COMP-NB-ICT-PTRE-19","Minta Reset Data","Reset Ulang Windows","0","2023-06-14","225164","2023-06-14 15:11:25.000","NULL","NULL","NULL",0,"NULL","NULL","NULL"
1028,"Perbaikan","02680-GG-PRO-CFS-PTRE-12","Kran Bocor","Ganti Baru","0","2023-06-15","130090","2023-06-15 09:40:53.000","NULL","NULL","NULL",0,"NULL","NULL","NULL"
1029,"Westafel Lobby RE 1","02680-GG-PRO-CFS-PTRE-12","bocor dari leher angsa","Service buka leher angsa","0","2023-06-15","130090","2023-06-15 09:45:02.000","NULL","NULL","NULL",0,"NULL","NULL","NULL"
1030,"Lampu koridor lantai 1","02680-GG-PRO-CFS-PTRE-12","Lampu Mati","Penggantian Lampu Baru","0","2023-06-13","130090","2023-06-15 09:50:59.000","NULL","NULL","NULL",0,"NULL","NULL","NULL"
1031,"Lampu Lift 1 Buah","02680-GG-PRO-CFS-PTRE-12","Lampu Mati","Penggantian 1 Buah lampu Baru Halofika 12 V","0","2023-06-15","130090","2023-06-15 09:55:05.000","NULL","NULL","NULL",0,"NULL","NULL","NULL"
1032,"PTRE-FM-1523_B","02680-GG-PRO-CFS-PTRE-12","Lampu Mati di Ruang PM lantai 1","Penggantian LED 36W 2pcs","0","2023-06-15","130090","2023-06-15 09:57:45.000","NULL","NULL","NULL",0,"NULL","NULL","NULL"
1033,"Lampu Toilet","02681-GG-PRO-CFS-PTRE-13","Lampu Mati","Penggantian Lampu Merk Krisbow 11 W 1 Buah","0","2023-06-13","130090","2023-06-15 10:04:28.000","NULL","NULL","NULL",0,"NULL","NULL","NULL"
1034,"PTRE-FM-1523_B","02680-GG-PRO-CFS-PTRE-12","Lampu Mati Lampu Toilet Lantai Mezanine","Penggantian Lampu Baru Merk Krisbow 11 w 1 Buah","0","2023-06-15","130090","2023-06-15 10:06:14.000","NULL","NULL","NULL",0,"NULL","NULL","NULL"
1035,"Pintu Ruangan Ex Dirut REcon","02681-GG-PRO-CFS-PTRE-13","Macet","Ganti Baru Anak Kunci/ slender","0","2022-10-25","130090","2023-06-15 10:10:45.000","NULL","NULL","NULL",0,"NULL","NULL","NULL"
1036,"PTRE-FM-1523_B","02680-GG-PRO-CFS-PTRE-12","Kekurangan Stop Kontak RM Parang Kusumo","Tambah Stop Kontak 4 Colokan 1 Unit","0","2022-09-23","130090","2023-06-15 10:17:21.000","NULL","NULL","NULL",0,"NULL","NULL","NULL"
1037,"PTRE-FM-1523_B","02680-GG-PRO-CFS-PTRE-12","Stop Kontak rusak Pantry Lantai 1","Diperbaiki ganti Baud","0","2022-07-19","130090","2023-06-15 10:18:51.000","NULL","NULL","NULL",0,"NULL","NULL","NULL"
1038,"PTRE-FM-1523_B","02680-GG-PRO-CFS-PTRE-12","Keramik Mengelupas Di lantai 3 Ruang Civil","Diperbaiki Permanen","0","2022-07-20","130090","2023-06-15 10:20:28.000","NULL","NULL","NULL",0,"NULL","NULL","NULL"
1039,"Recare Lantai mezanine","02681-GG-PRO-CFS-PTRE-13","AC 2 PK Tidak hidup","Ganti Puse BAru 13 A 1 Unit","0","2022-08-02","130090","2023-06-15 10:22:58.000","NULL","NULL","NULL",0,"NULL","NULL","NULL"
1040,"RECARE Ruang Server","02681-GG-PRO-CFS-PTRE-13","PiPa AC rusak","Ganti Pipa 2 PK 30 Meter","0","2022-07-23","130090","2023-06-15 10:27:00.000","NULL","NULL","NULL",0,"NULL","NULL","NULL"
1041,"PTRE-FM-1523_B","02680-GG-PRO-CFS-PTRE-12","Stop kontak tidak hidup","Ganti stop kontak broco SNI 2PK","0","2023-06-15","130090","2023-06-15 10:50:13.000","NULL","NULL","NULL",1,"2023-06-15 10:52:00.000","130090","NULL"
1042,"PTRE-FM-1523_B","02680-GG-PRO-CFS-PTRE-12","Stop kontak tidak hidup","Ganti stop kontak broco SNI 2PK","0","2022-08-16","130090","2023-06-15 10:50:13.000","NULL","NULL","NULL",0,"NULL","NULL","NULL"
1043,"PTRE-FM-1523_B","02681-GG-PRO-CFS-PTRE-13","Stopkontak shot di ruang server graha re 2","stopkontak diganti baru mcb 10a di ruang server graha re ","0","2022-08-05","130090","2023-06-15 10:53:52.000","NULL","NULL","NULL",0,"NULL","NULL","NULL"
1044,"PTRE-FM-1523_B","02680-GG-PRO-CFS-PTRE-12","Ac terlalu terlalu tersorot di  badan","Dipasang ex kaper ac yg masih baik","0","2022-08-18","130090","2023-06-15 10:57:11.000","NULL","NULL","NULL",0,"NULL","NULL","NULL"
1045,"PTRE-FM-1523_B","02681-GG-PRO-CFS-PTRE-13","Engsel pintu rusak di toilet mezzanine graha re 1
","engsel pintu diganti baru di toilet cowok lantai mezzanine graha re 1","0","2022-08-05","130090","2023-06-15 10:58:45.000","NULL","NULL","NULL",0,"NULL","NULL","NULL"
1046,"PTRE-FM-1523_B","02680-GG-PRO-CFS-PTRE-12","Lampu ruang driver mati semua","ganti/canibal karna stok habis diambil dari lorong koperasi","0","2022-08-15","130090","2023-06-15 11:03:22.000","NULL","NULL","NULL",0,"NULL","NULL","NULL"
1047,"PTRE-FM-1523_B","02680-GG-PRO-CFS-PTRE-12","Ac bocor di ruang docomen control graha re 1 lantai mezzanine reto temporary ","Pipa drain di potong dikarenakan kepanjangan dan di tembak pakai steam pembersih ac di lubang drain ac ","0","2022-08-22","130090","2023-06-15 11:04:54.000","NULL","NULL","NULL",0,"NULL","NULL","NULL"
1048,"PTRE-FM-1523_B","02680-GG-PRO-CFS-PTRE-12","Renovasi recon","pindah stop kontak lantai ke dinding ruang direksi recon baru","0","2022-08-18","130090","2023-06-15 11:09:32.000","NULL","NULL","NULL",0,"NULL","NULL","NULL"
1049,"PTRE-FM-1523_B","02680-GG-PRO-CFS-PTRE-12","Pindahkan Jalur kabel dikarenakan untuk penghematan listrik dari kwh 197 va - 131 VA ","Jalur kabel dipindahkan dan tambah MCCB dn MCB ","0","2022-08-12","130090","2023-06-15 11:09:52.000","NULL","NULL","NULL",0,"NULL","NULL","NULL"
1050,"PTRE-FM-1523_B","02680-GG-PRO-CFS-PTRE-12","Ac panasonic 1pk tidak mau dihidupkan di HRM lantai mezz graha re 1 ","Pergantian dan perbaikan tombol remote di ac 1 pk panasonic HRM Lantai mezz graha re 1 ","0","2022-07-22","130090","2023-06-15 11:12:17.000","NULL","NULL","NULL",0,"NULL","NULL","NULL"
1051,"PTRE-FM-1523_B","02680-GG-PRO-CFS-PTRE-12","Renovasi recon","Pasang tv, papan tulis dan stop kontak di lt1 ruang meeting recon","0","2022-08-19","130090","2023-06-15 11:13:58.000","NULL","NULL","NULL",0,"NULL","NULL","NULL"
1052,"PTRE-FM-1523_B","02680-GG-PRO-CFS-PTRE-12","Ac kurang dingin di dept IFS bagian ITC ac LG 1 PK lantai mezzanine reto graha re 1 ","Ac di perbaiki dan tambah freon R22 di ITC ( IFS ) lantai mezz reto Graha RE 1","0","2023-06-15","130090","2023-06-15 11:14:34.000","NULL","NULL","NULL",0,"NULL","NULL","NULL"
1053,"PTRE-FM-1523_B","02680-GG-PRO-CFS-PTRE-12","Lampu mati di tangga darurat","Ganti baru lampu LED 10watt 4pcs","0","2022-08-18","130090","2023-06-15 11:17:54.000","NULL","NULL","NULL",0,"NULL","NULL","NULL"
1054,"PTRE-FM-1523_B","02680-GG-PRO-CFS-PTRE-12","Lampu mati di tangga darurat","Ganti baru lampu LED 10watt 4pcs","0","2022-08-18","130090","2023-06-15 11:17:54.000","NULL","NULL","NULL",0,"NULL","NULL","NULL"
1055,"PTRE-FM-1523_B","02681-GG-PRO-CFS-PTRE-13","Stopkontak lepas dari lubang Tdos tembok di pantry lobby graha re 2 lantai ground ","Stopkontak di perbaiki /di pasang ulang di pantry lobby lantai groung graha RE 2","0","2022-07-22","130090","2023-06-15 11:19:44.000","NULL","NULL","NULL",0,"NULL","NULL","NULL"
1056,"PTRE-FM-1523_B","02681-GG-PRO-CFS-PTRE-13","Lampu exit putus di lantai ground graha re 2 ","Lampu di ganti baru lampu exit T5 ( 8 W ) 1 pcs ","0","2022-07-08","130090","2023-06-15 11:22:27.000","NULL","NULL","NULL",0,"NULL","NULL","NULL"
1057,"PTRE-FM-1523_B","02681-GG-PRO-CFS-PTRE-13","Lampu exit putus di lantai ground graha re 2 ","Lampu di ganti baru lampu exit T5 ( 8 W ) 1 pcs ","0","2022-07-08","130090","2023-06-15 11:22:27.000","NULL","NULL","NULL",0,"NULL","NULL","NULL"
1058,"PTRE-FM-1523_B","02680-GG-PRO-CFS-PTRE-12","Pompa penyedot kotoran RE2 ke STP RE1 tidak berfungsi karna ada gangguan","Di bongkar dan diperbaiki karena tersumbat oleh kain lap","0","2022-08-22","130090","2023-06-15 11:23:28.000","NULL","NULL","NULL",0,"NULL","NULL","NULL"
1059,"PTRE-FM-1523_B","02680-GG-PRO-CFS-PTRE-12","Kaper lampu teras jalan lepas","dipasang dan diganti yang baru","0","2022-08-22","130090","2023-06-15 11:29:38.000","NULL","NULL","NULL",0,"NULL","NULL","NULL"
1060,"PTRE-FM-1523_B","02680-GG-PRO-CFS-PTRE-12","Kaper lampu teras jalan lepas","dipasang dan diganti yang baru","0","2022-08-22","130090","2023-06-15 11:29:38.000","NULL","NULL","NULL",0,"NULL","NULL","NULL"
1061,"PTRE-FM-1523_B","02680-GG-PRO-CFS-PTRE-12","Lampu putus di toilet pria lantai 3 graha re 1 (1 pcs)","Lampu downlight di ganti baru 1 pcs ( downlight 8 w ) di toilet pria graha re 1 lantai 3","0","2022-07-14","130090","2023-06-15 11:52:00.000","NULL","NULL","NULL",0,"NULL","NULL","NULL"
1062,"PTRE-FM-1523_B","02681-GG-PRO-CFS-PTRE-13","Lampu toilet pria lantai ground graha re 2 putus 1 pcs ","Lampu di ganti baru phlips 9 w LED ","0","2022-06-27","130090","2023-06-15 11:54:49.000","NULL","NULL","NULL",0,"NULL","NULL","NULL"
1063,"PTRE-FM-1523_B","02681-GG-PRO-CFS-PTRE-13","Lampu TL 36 w putus 2 pcs di ruang marketing recare pak amir lantai 1 Graha RE 2 ( pak amir )","Lampu di ganti baru TL 36 W ( 2 pcs )di ruang pak amir graha re 2 lantai 1 ( marketing )","0","2022-07-07","130090","2023-06-15 11:57:07.000","NULL","NULL","NULL",0,"NULL","NULL","NULL"
1064,"PTRE-FM-1523_B","02681-GG-PRO-CFS-PTRE-13","Wastafel tidak bisa diflush di toilet recare lantai 1 graha RE 2 ","Ganti Alat buat Flush ( pelampung wastafel ) di Toilet recare graha re 2 lantai 1 ","37000","2022-07-07","130090","2023-06-15 12:00:30.000","NULL","NULL","NULL",0,"NULL","NULL","NULL"
1065,"PTRE-FM-1523_B","02680-GG-PRO-CFS-PTRE-12","Pintu kamar mandi toilet vip tidak bisa nutub sendiri/macet di lantai 2 graha RE 1 ","Ganti doorcloser di toilet VIP lantai 2 Graha RE 1","0","2022-07-07","130090","2023-06-15 12:03:15.000","NULL","NULL","NULL",0,"NULL","NULL","NULL"
1066,"PTRE-FM-1523_B","02680-GG-PRO-CFS-PTRE-12","Seimas hydrant berkarat di halaman graha RE 1 & 2 ","Perbaikan seimas hydrant dibongkar ","0","2022-07-12","130090","2023-06-15 12:05:03.000","NULL","NULL","NULL",0,"NULL","NULL","NULL"
1067,"PTRE-FM-1523_B","02680-GG-PRO-CFS-PTRE-12","Meja ruang meeting sekar jagad baud meja kendor lantai 4 graha RE1 ","Meja dibongkar dan dipasang ulang di kencengin baudnya lantai 4 graha RE 1","0","2022-06-06","130090","2023-06-15 14:11:43.000","NULL","NULL","NULL",0,"NULL","NULL","NULL"
1068,"PTRE-FM-1523_B","02680-GG-PRO-CFS-PTRE-12","AC DIRUT RE tidak dingin","tambah preon R410","0","2022-08-22","130090","2023-06-15 14:14:06.000","NULL","NULL","NULL",0,"NULL","NULL","NULL"
1069,"PTRE-FM-1523_B","02680-GG-PRO-CFS-PTRE-12","papan tulis di ruang DIRUT belum dipasang","pemasangan papan tulis baru","0","2022-08-22","130090","2023-06-15 14:16:07.000","NULL","NULL","NULL",0,"NULL","NULL","NULL"
1070,"PTRE-FM-1523_B","02680-GG-PRO-CFS-PTRE-12","Lampu led 10 w putus di depan R.M Recon graha re 1 temporary lantai 1 ","Lampu downlight diganti baru philips 10 w ( 1 pcs ) ","0","2022-06-09","130090","2023-06-15 14:16:11.000","NULL","NULL","NULL",0,"NULL","NULL","NULL"
1071,"PTRE-FM-1523_B","02680-GG-PRO-CFS-PTRE-12","maintenance ac","cuci ac berkala","0","2022-08-22","130090","2023-06-15 14:18:45.000","NULL","NULL","NULL",0,"NULL","NULL","NULL"
1072,"PTRE-FM-1523_B","02680-GG-PRO-CFS-PTRE-12","maintenance ac","cuci ac berkala","0","2022-08-22","130090","2023-06-15 14:18:45.000","NULL","NULL","NULL",1,"2023-06-15 14:22:33.000","130090","NULL"
1073,"PTRE-FM-1523_B","02680-GG-PRO-CFS-PTRE-12","ac server beku karena kurang preon","tambah preon 1,5RSI","0","2022-08-27","130090","2023-06-15 14:21:07.000","NULL","NULL","NULL",0,"NULL","NULL","NULL"
1074,"PTRE-FM-1523_B","02680-GG-PRO-CFS-PTRE-12","lampu ground lift mati","ganti lampu baru","0","2022-08-24","130090","2023-06-15 14:22:23.000","NULL","NULL","NULL",0,"NULL","NULL","NULL"
1075,"PTRE-FM-1523_B","02680-GG-PRO-CFS-PTRE-12","lampu mati ruang meeting 3 negri","ganti baru","0","2022-09-01","130090","2023-06-15 14:29:02.000","NULL","NULL","NULL",0,"NULL","NULL","NULL"
1076,"PTRE-FM-1523_B","02680-GG-PRO-CFS-PTRE-12","ac 1pk bocor dari unit drain dan walpaper ngeletek","diperbaiki dan dilem","0","2022-09-05","130090","2023-06-15 14:32:04.000","NULL","NULL","NULL",0,"NULL","NULL","NULL"
1077,"PTRE-FM-1523_B","02680-GG-PRO-CFS-PTRE-12","ac ruang lift 1pk 2unit diruangan tidak dingin","diperbaiki dan ditambah preon","0","2022-09-06","130090","2023-06-15 14:34:41.000","NULL","NULL","NULL",1,"2023-06-15 15:02:28.000","130090","NULL"
1078,"PTRE-FM-1523_B","02680-GG-PRO-CFS-PTRE-12","ac ruang lift 1pk 2unit diruangan tidak dingin","diperbaiki dan ditambah preon","0","2022-09-06","130090","2023-06-15 14:34:41.000","NULL","NULL","NULL",0,"NULL","NULL","NULL"
1079,"PTRE-FM-1523_B","02680-GG-PRO-CFS-PTRE-12","ac ruang lift 1pk 2unit diruangan tidak dingin","diperbaiki dan ditambah preon","0","2022-09-06","130090","2023-06-15 14:34:41.000","NULL","NULL","NULL",1,"2023-06-15 15:02:17.000","130090","NULL"
1080,"PTRE-FM-1523_B","02680-GG-PRO-CFS-PTRE-12","kipas standing di 3D tidak hidup","diperbaiki","0","2022-09-12","130090","2023-06-15 14:37:25.000","NULL","NULL","NULL",0,"NULL","NULL","NULL"
1081,"PTRE-FM-1523_B","02680-GG-PRO-CFS-PTRE-12","kipas standing di 3D tidak hidup","diperbaiki","0","2022-09-12","130090","2023-06-15 14:37:25.000","NULL","NULL","NULL",1,"2023-06-15 15:01:55.000","130090","NULL"
1082,"PTRE-FM-1523_B","02680-GG-PRO-CFS-PTRE-12","lampu didepan toilet VIP mati","ganti baru","0","2022-09-12","130090","2023-06-15 14:38:58.000","NULL","NULL","NULL",0,"NULL","NULL","NULL"
1083,"PTRE-FM-1523_B","02680-GG-PRO-CFS-PTRE-12","lampu didepan toilet VIP mati","ganti baru","0","2022-09-12","130090","2023-06-15 14:38:58.000","NULL","NULL","NULL",1,"2023-06-15 15:01:46.000","130090","NULL"
1084,"PTRE-FM-1523_B","02680-GG-PRO-CFS-PTRE-12","minta kabel colokan","dibuatkan yg baru","0","2023-02-15","130090","2023-06-15 14:43:23.000","NULL","NULL","NULL",0,"NULL","NULL","NULL"
1085,"PTRE-FM-1523_B","02680-GG-PRO-CFS-PTRE-12","minta kabel colokan","dibuatkan yg baru","0","2023-02-15","130090","2023-06-15 14:43:23.000","NULL","NULL","NULL",0,"NULL","NULL","NULL"
1086,"PTRE-FM-1523_B","02680-GG-PRO-CFS-PTRE-12","stop kontak tidak ada","dibuatkan yang baru","0","2023-02-15","130090","2023-06-15 14:44:15.000","NULL","NULL","NULL",0,"NULL","NULL","NULL"
1087,"PTRE-FM-1523_B","02680-GG-PRO-CFS-PTRE-12","ac tidak dingin","ganti kapasitor 30UF dan tambah isi preon","0","2023-02-15","130090","2023-06-15 14:46:51.000","NULL","NULL","NULL",0,"NULL","NULL","NULL"
1088,"PTRE-FM-1523_B","02680-GG-PRO-CFS-PTRE-12","ac tidak dingin","ganti kapasitor 30UF dan tambah isi preon","0","2023-02-15","130090","2023-06-15 14:46:51.000","NULL","NULL","NULL",1,"2023-06-15 15:01:11.000","130090","NULL"
1089,"PTRE-FM-1523_B","02680-GG-PRO-CFS-PTRE-12","pipa ac diluar bungkusnya bonyok/terkelupas","dibungkus ulang","0","2023-02-16","130090","2023-06-15 14:48:32.000","NULL","NULL","NULL",0,"NULL","NULL","NULL"
1090,"PTRE-FM-1523_B","02680-GG-PRO-CFS-PTRE-12","lampu taman halaman depan mati","diperbaiki dan ganti kabel 3meter","0","2023-02-15","130090","2023-06-15 14:50:40.000","NULL","NULL","NULL",0,"NULL","NULL","NULL"
1091,"PTRE-FM-1523_B","02680-GG-PRO-CFS-PTRE-12","lampu janitor mati","ganti yang baru","0","2023-02-16","130090","2023-06-15 14:51:53.000","NULL","NULL","NULL",0,"NULL","NULL","NULL"
1092,"PTRE-FM-1523_B","02680-GG-PRO-CFS-PTRE-12","plag tramper pump bocor","ganti plag 1,1/2 m baru 2pcs","0","2023-02-27","130090","2023-06-15 14:55:36.000","NULL","NULL","NULL",0,"NULL","NULL","NULL"
1093,"PTRE-FM-1523_B","02680-GG-PRO-CFS-PTRE-12","panel dan body genset kotor","di cleaning dan dicuci body luar dan dalam","0","2023-02-23","130090","2023-06-15 14:57:13.000","NULL","NULL","NULL",0,"NULL","NULL","NULL"
1094,"PTRE-FM-1523_B","02680-GG-PRO-CFS-PTRE-12","ac server bocor dan kurang dingin","tambah preon r32 1,2  dan cleaning","0","2023-02-22","130090","2023-06-15 15:00:30.000","NULL","NULL","NULL",0,"NULL","NULL","NULL"
1095,"PTRE-FM-1523_B","02680-GG-PRO-CFS-PTRE-12","lampu exit ruang kerja kurang terang ","ganti baru","0","2023-02-22","130090","2023-06-15 15:05:15.000","NULL","NULL","NULL",0,"NULL","NULL","NULL"
1096,"PTRE-FM-1523_B","02681-GG-PRO-CFS-PTRE-13","lampu putus di toilet recare lt1","ganti lampu baru (krisbow 11W)","0","2023-02-21","130090","2023-06-15 15:08:36.000","NULL","NULL","NULL",0,"NULL","NULL","NULL"
1097,"PTRE-FM-1523_B","02681-GG-PRO-CFS-PTRE-13","Lampu tangga darurat graha RE 2 putus ( 3 pcs )","Ganti lampu philips 10 w (3 pcs) di depan lantai 1 recare,lantai 2 didepan pintu ex recon/gudang dan tangga roof top ","0","2022-06-06","130090","2023-06-15 15:10:45.000","NULL","NULL","NULL",0,"NULL","NULL","NULL"
1098,"PTRE-FM-1523_B","02681-GG-PRO-CFS-PTRE-13","lampu pantry putus lt.M lobi ","ganti lampu baru 1unit krisbow 11W","0","2023-02-21","130090","2023-06-15 15:11:16.000","NULL","NULL","NULL",0,"NULL","NULL","NULL"
1099,"PTRE-FM-1523_B","02680-GG-PRO-CFS-PTRE-12","Lampu toilet lantai mezz putus/mati graha RE 1","Lampu di ganti baru di lantai mezzanine graha re 1 ( 2 pcs lampu krisbow 11 w )","0","2022-06-08","130090","2023-06-15 15:13:18.000","NULL","NULL","NULL",0,"NULL","NULL","NULL"
1100,"PTRE-FM-1523_B","02680-GG-PRO-CFS-PTRE-12","ac bocor di lt4","diperbaiki karna bocor ke dalem","0","2023-02-28","130090","2023-06-15 15:14:12.000","NULL","NULL","NULL",0,"NULL","NULL","NULL"
1101,"PTRE-FM-1523_B","02680-GG-PRO-CFS-PTRE-12","Lampu putus didepan lift lantai 3 graha re1 ( lampu downlight 8 w )","Ganti lampu baru downlight 8 w ( 1 pcs ) di depan pintu masuk/keluar lift lantai 3 graha re 1","0","2022-06-07","130090","2023-06-15 15:15:34.000","NULL","NULL","NULL",0,"NULL","NULL","NULL"
1102,"PTRE-FM-1523_B","02680-GG-PRO-CFS-PTRE-12","water pump dan gasket tramper pump bocor","diganti gasket/plag 1,1/2 2pcs","0","2023-02-27","130090","2023-06-15 15:18:25.000","NULL","NULL","NULL",0,"NULL","NULL","NULL"
1103,"PTRE-FM-1523_B","02680-GG-PRO-CFS-PTRE-12","water pump dan gasket tramper pump bocor","diganti gasket/plag 1,1/2 2pcs","0","2023-02-27","130090","2023-06-15 15:18:25.000","NULL","NULL","NULL",1,"2023-06-15 15:24:50.000","130090","NULL"
1104,"PTRE-FM-1523_B","02681-GG-PRO-CFS-PTRE-13","lampu penerangan mati","diganti baru","0","2023-02-27","130090","2023-06-15 15:19:38.000","NULL","NULL","NULL",0,"NULL","NULL","NULL"
1105,"PTRE-FM-1523_B","02680-GG-PRO-CFS-PTRE-12","shower bocor di toilet dan leher angsa wastafel bocor lantai 3 graha re1 ","shower di ganti baru dan leher angsa wastafel diganti baru graha re1 lantai 3 ","0","2022-06-17","130090","2023-06-15 15:20:33.000","NULL","NULL","NULL",0,"NULL","NULL","NULL"
1106,"PTRE-FM-1523_B","02680-GG-PRO-CFS-PTRE-12","ac ruangan dirut eror","dari ruang ex.dirut recon pindah ke ruang direksi operasional RE1","0","2023-02-28","130090","2023-06-15 15:22:55.000","NULL","NULL","NULL",0,"NULL","NULL","NULL"
1107,"PTRE-FM-1523_B","02680-GG-PRO-CFS-PTRE-12","lampu coridor lt4 rusak","ganti dengan yang baru","0","2023-02-17","130090","2023-06-15 15:24:24.000","NULL","NULL","NULL",0,"NULL","NULL","NULL"
1108,"PTRE-FM-1523_B","02680-GG-PRO-CFS-PTRE-12","lampu coridor lt4 rusak","ganti dengan yang baru","0","2023-02-17","130090","2023-06-15 15:24:24.000","NULL","NULL","NULL",1,"2023-06-15 15:24:39.000","130090","NULL"
1109,"PTRE-FM-1523_B","02681-GG-PRO-CFS-PTRE-13","lampu 8 w ( 1 pcs ) putus di recare lantai 1 graha RE 2 ","lampu diganti baru LED philips 8 w ( 1 pcs ) lantai 1 recare graha re 2 ","0","2022-05-19","130090","2023-06-15 15:25:12.000","NULL","NULL","NULL",0,"NULL","NULL","NULL"
1110,"PTRE-FM-1523_B","02680-GG-PRO-CFS-PTRE-12","ac server tidak dingin","diperbaiki dan ganti amper","0","2023-03-01","130090","2023-06-15 15:26:09.000","NULL","NULL","NULL",0,"NULL","NULL","NULL"
1111,"PTRE-FM-1523_B","02680-GG-PRO-CFS-PTRE-12","ac server tidak dingin","diperbaiki dan ganti amper","0","2023-03-01","130090","2023-06-15 15:26:09.000","NULL","NULL","NULL",1,"2023-06-15 15:26:23.000","130090","NULL"
1112,"PTRE-FM-1523_B","02680-GG-PRO-CFS-PTRE-12","ac server ex reto eror","ganti 2pk dari/pindahkan ex.ruangan recon","0","2023-03-03","130090","2023-06-15 15:28:34.000","NULL","NULL","NULL",0,"NULL","NULL","NULL"
1113,"PTRE-FM-1523_B","02680-GG-PRO-CFS-PTRE-12","kupu-kupu knalpot karat","diperbaiki dan dibersihkan","0","2023-03-06","130090","2023-06-15 15:32:11.000","NULL","NULL","NULL",0,"NULL","NULL","NULL"
1114,"PTRE-FM-1523_B","02680-GG-PRO-CFS-PTRE-12","Lampu toilet cewek lantai 4 graha re 1 putus 1 pcs ( lampu philips 8 w )","Lampu diganti baru krisbow 11 w ( 1 pcs ) lantai 4 toilet cewek graha RE 1","0","2022-06-21","130090","2023-06-15 15:32:12.000","NULL","NULL","NULL",0,"NULL","NULL","NULL"
1115,"PTRE-FM-1523_B","02680-GG-PRO-CFS-PTRE-12","ac swing nya macet","diperbaiki","0","2023-03-13","130090","2023-06-15 15:33:19.000","NULL","NULL","NULL",0,"NULL","NULL","NULL"
1116,"PTRE-FM-1523_B","02680-GG-PRO-CFS-PTRE-12","ac tidak bisa dihidupkan","di cek dan di hidupkan lagi","0","2023-03-27","130090","2023-06-15 15:34:36.000","NULL","NULL","NULL",0,"NULL","NULL","NULL"
1117,"PTRE-FM-1523_B","02681-GG-PRO-CFS-PTRE-13","ac bau dan tidak nyala","ganti sakelar/colokan gosong","0","2023-03-27","130090","2023-06-15 15:36:58.000","NULL","NULL","NULL",0,"NULL","NULL","NULL"
1118,"PTRE-FM-1523_B","02681-GG-PRO-CFS-PTRE-13","ac bau dan tidak nyala","ganti sakelar/colokan gosong","0","2023-03-27","130090","2023-06-15 15:36:58.000","NULL","NULL","NULL",0,"NULL","NULL","NULL"
1119,"PTRE-FM-1523_B","02681-GG-PRO-CFS-PTRE-13","Kapasitor AC Daikin Mati","Ganti Kapasito AC daikin 2pk","0","2022-05-10","130090","2023-06-16 10:21:26.000","NULL","NULL","NULL",0,"NULL","NULL","NULL"
1120,"PTRE-FM-1523_B","02680-GG-PRO-CFS-PTRE-12","Lampu Toilet & Koridor lantai 1","Ganti Bru 3pcs","0","2022-05-11","130090","2023-06-16 10:24:22.000","NULL","NULL","NULL",0,"NULL","NULL","NULL"
1121,"PTRE-FM-1523_B","02680-GG-PRO-CFS-PTRE-12","Lampu mati di toilet lantai 1 & lampu lampu koridor ","Ganti lampu toilet 1 pcs ( philips led 5 w ) & Lampu koridor LED ( TL 18 w Led ) 2 pcs ","0","2022-05-11","140133","2023-06-19 15:32:57.000","NULL","NULL","NULL",0,"NULL","NULL","NULL"
1122,"PTRE-FM-1523_B","02680-GG-PRO-CFS-PTRE-12","ac di lantai 1 recon mati ( daikin 2 pk ) ","Ganti kapasitor 1 pcs daikin 2 pk di ruang recon lantai 1 graha re 1 ","0","2022-05-03","140133","2023-06-19 15:34:43.000","NULL","NULL","NULL",0,"NULL","NULL","NULL"
1123,"PTRE-FM-1523_B","02681-GG-PRO-CFS-PTRE-13","ac tidak dingin di ruang recare lt 1 ac panasonic 2 unit ) ","tukar outdoor dg unit lain di lantai 1 graha re 2","0","2022-05-19","140133","2023-06-19 16:39:39.000","NULL","NULL","NULL",0,"NULL","NULL","NULL"
1124,"PTRE-FM-1523_B","02681-GG-PRO-CFS-PTRE-13","ac koprasi mati/tidak dingin ac 2 pk ","di ganti baru ac 1 pk dari empang 3 ","0","2022-05-20","140133","2023-06-19 16:42:12.000","NULL","NULL","NULL",0,"NULL","NULL","NULL"
1125,"","2058 COMP-NB-ICT-PTRE-20","Outdated Software","Update Software","0","2023-08-11","225164","2023-08-11 11:45:39.000","NULL","NULL","NULL",0,"NULL","NULL","NULL"
1126,"","01784 COMP-DSK-ICT-PTRE-19","Software Outdated","Installasi ulang dan update software","0","2023-09-19","225164","2023-09-19 14:30:04.000","NULL","NULL","NULL",0,"NULL","NULL","NULL"
1127,"","2183-COMP-NB-ICT-PTRE-21","Software Outdated","Installasi dan update software","0","2023-09-19","225164","2023-09-19 14:38:16.000","NULL","NULL","NULL",0,"NULL","NULL","NULL"
1128,"","01563 COMP-DSK-ICT-PTRE-18","OS Error","Install ulang dan update software","0","2023-09-20","225164","2023-09-20 14:42:11.000","NULL","NULL","NULL",0,"NULL","NULL","NULL"
1129,"","01754 COMP-NB-ICT-PTRE-19","Software blacklist","uninstall","0","2023-10-03","225164","2023-10-03 09:57:21.000","NULL","NULL","NULL",0,"NULL","NULL","NULL"
1130,"","2140-COMP-NB-ICT-PTRE-21","Reset","Install Ulang","0","2023-10-04","225164","2023-10-04 14:42:21.000","NULL","NULL","NULL",0,"NULL","NULL","NULL"
1131,"","2270-COMP-DESK-ICT-PTRE-23","QC","QC","0","2023-10-16","225164","2023-10-16 13:20:10.000","NULL","NULL","NULL",0,"NULL","NULL","NULL"
1132,"","01563 COMP-DSK-ICT-PTRE-18","PSU Rusak","PSU Rusak","0","2023-11-02","225164","2023-11-02 08:56:28.000","NULL","NULL","NULL",0,"NULL","NULL","NULL"
1133,"IFS","02679-ACC-AC-CFS-PTRE-13","Selang dan pipa tidak rapi dan sudah rusak pembungkusnya.","pindahan out door dan perapian pipa pindah ke atas","180000","2024-01-02","130090","2024-01-02 10:02:49.000","NULL","NULL","NULL",0,"NULL","NULL","NULL"
1134,"test","TEST","test","test","0","2024-02-28","235342","2024-02-28 12:01:53.000","1709096513_relandscape_thumb.png","1709096513_relandscape.png","/assets/uploads/assetsre/maintenance/",0,"NULL","NULL","NULL"
1135,"","01657 COMP-NB-ICT-PTRE-19","Keyboard Rusak","IDLE di Ruang IFS","0","2024-04-04","225164","2024-04-04 12:48:23.000","NULL","NULL","NULL",0,"NULL","NULL","NULL"
1136,"PTRE-FM-1523_B","02681-GG-PRO-CFS-PTRE-13","Lampu tangga mati graha RE 2 ","Ganti lampu baru krisbow 11 w (4 pcs)","0","2023-08-07","140133","2024-06-03 13:34:43.000","NULL","NULL","NULL",0,"NULL","NULL","NULL"
1137,"PTRE-FM-1523_B","02681-GG-PRO-CFS-PTRE-13","Selang air cuci tangan bocor","Ganti selang baru di pos barat Graha RE 1","0","2023-08-08","140133","2024-06-03 13:54:32.000","NULL","NULL","NULL",0,"NULL","NULL","NULL"
1138,"PTRE-FM-1523_B","02681-GG-PRO-CFS-PTRE-13","Lampu pijar mati","Ganti lampu baru Hanoc 11 w di R. dirut ","0","2023-08-09","140133","2024-06-03 13:57:03.000","NULL","NULL","NULL",0,"NULL","NULL","NULL"
1139,"PTRE-FM-1523_B","02681-GG-PRO-CFS-PTRE-13","Ac bocor","Di perbaiki drai pembuangan air pakai resin Lt. ex recon","0","2023-08-09","140133","2024-06-03 13:59:30.000","NULL","NULL","NULL",0,"NULL","NULL","NULL"
1140,"PTRE-FM-1523_B","02681-GG-PRO-CFS-PTRE-13","Kran toilet bocor","Ganti kran baru ( 2 pcs ) Graha RE 2","0","2023-08-09","140133","2024-06-03 14:03:39.000","NULL","NULL","NULL",0,"NULL","NULL","NULL"
1141,"PTRE-FM-1523_B","02681-GG-PRO-CFS-PTRE-13","Tbung pompa otomatis bocor","Tabung jetpump otomatis di R.driver","0","2023-08-09","140133","2024-06-03 14:05:33.000","NULL","NULL","NULL",0,"NULL","NULL","NULL"
1142,"PTRE-FM-1523_B","02681-GG-PRO-CFS-PTRE-13","Unit Ac, AHU, server, kotor","Cuci steam ( 15 unit ac ) RE 1 & RE 2","0","2023-10-08","140133","2024-06-03 14:07:58.000","NULL","NULL","NULL",0,"NULL","NULL","NULL"
1143,"PTRE-FM-1523_B","02681-GG-PRO-CFS-PTRE-13","Permintaan tambah Ac dan service ac AHU","Cuci ac di Re1 dan Re2","0","2023-08-08","140133","2024-06-03 14:10:27.000","NULL","NULL","NULL",0,"NULL","NULL","NULL"
1144,"PTRE-FM-1523_B","02681-GG-PRO-CFS-PTRE-13","Lampu panel indikator rusak","Ganti lampu baru ( 4 pcs ) RP.60000 Temporary Graha RE1","0","2024-06-03","140133","2024-06-03 14:12:42.000","NULL","NULL","NULL",0,"NULL","NULL","NULL"
1145,"PTRE-FM-1523_B","02681-GG-PRO-CFS-PTRE-13","Plafon Turun ","Perbaiki Skrup ulang Graha RE2 Lantai Ground","0","2024-01-30","140133","2024-06-03 14:15:14.000","NULL","NULL","NULL",0,"NULL","NULL","NULL"
1146,"PTRE-FM-1523_B","02681-GG-PRO-CFS-PTRE-13","Kabel pintu di rapikan","Kabel di perbaiki dan di instal ulang Lt mezz Temporary GRaha RE1","0","2024-01-29","140133","2024-06-03 14:17:15.000","NULL","NULL","NULL",0,"NULL","NULL","NULL"
1147,"PTRE-FM-1523_B","02681-GG-PRO-CFS-PTRE-13","Pasan p3k","Pasang kotak p3k menggunakan priser LT.4 Graha RE1","0","2024-02-06","140133","2024-06-03 14:19:10.000","NULL","NULL","NULL",0,"NULL","NULL","NULL"
1148,"PTRE-FM-1523_B","02681-GG-PRO-CFS-PTRE-13","Jendela bocor","Perbaikan bocoran di sika dan aquaproop LT3 Graha RE1","0","2024-01-17","140133","2024-06-03 14:21:23.000","NULL","NULL","NULL",0,"NULL","NULL","NULL"
1149,"PTRE-FM-1523_B","02681-GG-PRO-CFS-PTRE-13","Tambah colokan stop kontak","Ubah posisi meja dan tambah stop kontak di Lt.mezz Graha RE1","0","2024-01-29","140133","2024-06-03 14:23:27.000","NULL","NULL","NULL",0,"NULL","NULL","NULL"
1150,"PTRE-FM-1523_B","02681-GG-PRO-CFS-PTRE-13","Jendel tangga darurat bocor","Perbaikan di silent ulang ( LT.4 Graha RE1 )","0","2024-01-17","140133","2024-06-03 14:24:41.000","NULL","NULL","NULL",0,"NULL","NULL","NULL"
1151,"PTRE-FM-1523_B","02681-GG-PRO-CFS-PTRE-13","Lampu HRM putus","Ganti lampu baru ( 1 pcs lampu Led 16 w ) Lantai mezz Graha re1","0","2024-01-24","140133","2024-06-03 14:26:44.000","NULL","NULL","NULL",0,"NULL","NULL","NULL"
1152,"PTRE-FM-1523_B","02681-GG-PRO-CFS-PTRE-13","Plafon toilet cewek bocor","Perbaiki kebocoran pada pipa ac dan perbaiki plafon yang bolong Ruangan toilet cewek Lt.mezz Graha re1","0","2024-01-16","140133","2024-06-03 14:28:27.000","NULL","NULL","NULL",0,"NULL","NULL","NULL"
1153,"PTRE-FM-1523_B","02681-GG-PRO-CFS-PTRE-13","Rell pintu silding rusak","Bongkar pintu rell Ganti rell baru Ruang recon Graha RE1","0","2024-06-03","140133","2024-06-03 14:29:47.000","NULL","NULL","NULL",0,"NULL","NULL","NULL"
1154,"PTRE-FM-1523_B","02681-GG-PRO-CFS-PTRE-13","Ventilasi ac bocor Lt.1 Recare RE 2","Rongga kebocoran ditutup pakai plastik","0","2024-01-04","140133","2024-06-03 14:34:02.000","NULL","NULL","NULL",0,"NULL","NULL","NULL"
1155,"PTRE-FM-1523_B","02681-GG-PRO-CFS-PTRE-13","Pompa air sampit graha RE2 TDK BERFUNGSI ","Pompa di perbaiki ","0","2024-01-03","140133","2024-06-03 14:37:58.000","NULL","NULL","NULL",0,"NULL","NULL","NULL"
1156,"PTRE-FM-1523_B","02681-GG-PRO-CFS-PTRE-13","Ac ruang dirut oprasional tidak dingin ","Inject tekanan freon ","0","2024-01-30","140133","2024-06-03 14:39:50.000","NULL","NULL","NULL",0,"NULL","NULL","NULL"
1157,"PTRE-FM-1523_B","02681-GG-PRO-CFS-PTRE-13","Bocor di lantai 3 civil (Area barat)","Perbaikan (disilent) dari dalam untuk area luar ","0","2024-01-30","140133","2024-06-03 14:41:20.000","NULL","NULL","NULL",0,"NULL","NULL","NULL"
1158,"PTRE-FM-1523_B","02681-GG-PRO-CFS-PTRE-13","Bocor ketika hujan di tangga darurat dri lt.4 - lt.2","Disilent dari dalam ruangan
","0","2024-01-30","140133","2024-06-03 14:42:43.000","NULL","NULL","NULL",0,"NULL","NULL","NULL"
1159,"PTRE-FM-1523_B","02681-GG-PRO-CFS-PTRE-13","Plafon toilet cewek lt,top floor RE 1 bocor (keluar air dari lampu)","Sudah dilakukan perbaikan dengan sika top 107 ","0","2024-01-31","140133","2024-06-03 14:45:39.000","NULL","NULL","NULL",0,"NULL","NULL","NULL"
1160,"PTRE-FM-1523_B","02681-GG-PRO-CFS-PTRE-13","Rell pintu rusak /pintu tidak bsa ditutup Lt.1 RE 1","Pintu diperbaiki ","0","2024-06-03","140133","2024-06-03 14:50:23.000","NULL","NULL","NULL",0,"NULL","NULL","NULL"
1161,"PTRE-FM-1523_B","02681-GG-PRO-CFS-PTRE-13","Ac kurang dingin Lt.2 Keuangan ","Ac direset ulang dan perbaikan di area outdoor AC ","0","2024-01-31","140133","2024-06-03 14:52:14.000","NULL","NULL","NULL",0,"NULL","NULL","NULL"
1162,"PTRE-FM-1523_B","02681-GG-PRO-CFS-PTRE-13","Cek rutin ac dan air baku","Pengecekan ruting ac di RE1 Dan RE2","0","2024-01-26","140133","2024-06-03 14:52:50.000","NULL","NULL","NULL",0,"NULL","NULL","NULL"
1163,"PTRE-FM-1523_B","02681-GG-PRO-CFS-PTRE-13","Lampu  negri mati","Lampu Led 18 watt 1 Pcs Di Graha re2 basemant","45000","2024-01-19","140133","2024-06-03 14:55:08.000","NULL","NULL","NULL",0,"NULL","NULL","NULL"
1164,"PTRE-FM-1523_B","02681-GG-PRO-CFS-PTRE-13","Handle pintu rusak ","Di perbaiki R.smoke Graha re2","0","2024-01-19","140133","2024-06-03 14:56:36.000","NULL","NULL","NULL",0,"NULL","NULL","NULL"
1165,"PTRE-FM-1523_B","02681-GG-PRO-CFS-PTRE-13","Lampu exit mati","Ganti lampu baru (  tl-T8 ) Lt.mezz 3 pcs Lt.roop 4 pcs Graha re1","122000","2024-01-19","140133","2024-06-03 14:58:58.000","NULL","NULL","NULL",0,"NULL","NULL","NULL"
1166,"PTRE-FM-1523_B","02681-GG-PRO-CFS-PTRE-13","Vbalt AHU rusak","Ganti 1 pcs vbalt di Lt.1 Graha re1","150000","2024-06-03","140133","2024-06-03 15:00:18.000","NULL","NULL","NULL",0,"NULL","NULL","NULL"
1167,"PTRE-FM-1523_B","02681-GG-PRO-CFS-PTRE-13","Lampu toilet pria mati","Ganti lampu baru Krisbow 11w Graha re1 Lt1","28000","2024-01-19","140133","2024-06-03 15:01:54.000","NULL","NULL","NULL",0,"NULL","NULL","NULL"
1168,"PTRE-FM-1523_B","02681-GG-PRO-CFS-PTRE-13","Lampu putus di ruang 3d","Ganti lampu baru LEd 16 watt 2pcs Lt.mezz Graha re1","110000","2024-01-27","140133","2024-06-03 15:03:12.000","NULL","NULL","NULL",0,"NULL","NULL","NULL"
1169,"PTRE-FM-1523_B","02681-GG-PRO-CFS-PTRE-13","Perbaikan plafon ","Pasang Gibsum baru,kompon dan cat ulang Lt.4 Graha re1","300000","2024-01-29","140133","2024-06-03 15:04:25.000","NULL","NULL","NULL",0,"NULL","NULL","NULL"
1170,"PTRE-FM-1523_B","02681-GG-PRO-CFS-PTRE-13","Lampu mati","Ganti baru Led 11watt 1 pcs LT.ex recon Graha re2","37000","2024-02-07","140133","2024-06-03 15:06:48.000","NULL","NULL","NULL",0,"NULL","NULL","NULL"
1171,"PTRE-FM-1523_B","02681-GG-PRO-CFS-PTRE-13","Kursi rusak","Baud kursi yang lepas di ganti baru Lt.mezz hraga re1","0","2024-02-11","140133","2024-06-03 15:10:10.000","NULL","NULL","NULL",0,"NULL","NULL","NULL"
1172,"PTRE-FM-1523_B","02681-GG-PRO-CFS-PTRE-13","Ac ngeblok","Di service clean Lt1 recon Graha re1","0","2024-02-06","140133","2024-06-03 15:11:14.000","NULL","NULL","NULL",0,"NULL","NULL","NULL"
1173,"PTRE-FM-1523_B","02681-GG-PRO-CFS-PTRE-13","Kurang kabel dan tc4","Di tambal kabel baru ( Lt.3 dan 3d Graha re1 )","175000","2024-02-01","140133","2024-06-03 15:12:57.000","NULL","NULL","NULL",0,"NULL","NULL","NULL"
1174,"PTRE-FM-1523_B","02681-GG-PRO-CFS-PTRE-13","Ac ngeblok","Di perbaiki dan di clean Lt.2 Graha re2","0","2024-02-05","140133","2024-06-03 15:13:55.000","NULL","NULL","NULL",0,"NULL","NULL","NULL"
1175,"PTRE-FM-1523_B","02681-GG-PRO-CFS-PTRE-13","Pindahkan posisi tv  terlalu tinggi","Di pindahkan posisi ke bawah Graha re2","0","2024-02-04","140133","2024-06-03 15:15:32.000","NULL","NULL","NULL",0,"NULL","NULL","NULL"
1176,"PTRE-FM-1523_B","02681-GG-PRO-CFS-PTRE-13","Ac kedip dan tidak dingin","Tambah freon r410 0,5 kg R.lift toop loor","100000","2024-02-19","140133","2024-06-03 15:16:39.000","NULL","NULL","NULL",0,"NULL","NULL","NULL"
1177,"PTRE-FM-1523_B","02681-GG-PRO-CFS-PTRE-13","Colokan dan stop kontak rusak","Di pindahkan ke mcb 20A Tambah kabel 1 meter 3x1,5","18000","2024-02-15","140133","2024-06-03 15:18:26.000","NULL","NULL","NULL",0,"NULL","NULL","NULL"
1178,"PTRE-FM-1523_B","02681-GG-PRO-CFS-PTRE-13","Lapisan pintu rusak","Ganti melaminto,cat ulang Lt.mezz Graha re1","470000","2024-02-19","140133","2024-06-03 15:19:33.000","NULL","NULL","NULL",0,"NULL","NULL","NULL"
1179,"PTRE-FM-1523_B","02681-GG-PRO-CFS-PTRE-13","Outdor ac 2pk kotor ","Di steam bersih Belakang stp Graha re1","0","2024-02-20","140133","2024-06-03 15:21:04.000","NULL","NULL","NULL",0,"NULL","NULL","NULL"
1180,"PTRE-FM-1523_B","02681-GG-PRO-CFS-PTRE-13","Toren kotor dan perlu pembuangan ","Bersihkan lumut 2 pcs,pasang stop kran","103000","2024-02-19","140133","2024-06-03 15:22:10.000","NULL","NULL","NULL",0,"NULL","NULL","NULL"
1181,"PTRE-FM-1523_B","02681-GG-PRO-CFS-PTRE-13","Filter AHU kotor dan berat hisapan nya","Di cuci bersih Lantai mezz Graha re1","0","2024-02-20","140133","2024-06-03 15:23:08.000","NULL","NULL","NULL",0,"NULL","NULL","NULL"
1182,"PTRE-FM-1523_B","02681-GG-PRO-CFS-PTRE-13","Lampu depan r.lift dan balkon mati","GAnti lampu baru lampu Tl 8watt 4 pcs","180000","2024-02-07","140133","2024-06-03 15:24:28.000","NULL","NULL","NULL",0,"NULL","NULL","NULL"
1183,"PTRE-FM-1523_B","02681-GG-PRO-CFS-PTRE-13","Lampu toilet pria mati","Ganti baru Led 12watt ! pcs Lantai ground Graha re2","74000","2024-02-12","140133","2024-06-03 15:26:26.000","NULL","NULL","NULL",0,"NULL","NULL","NULL"
1184,"PTRE-FM-1523_B","02681-GG-PRO-CFS-PTRE-13","Ganti lampu tl dan instal server 2pk","Ganti baru dan instal server baru Di ruang doktor Graha RE1","220000","2024-02-15","140133","2024-06-03 15:31:28.000","NULL","NULL","NULL",0,"NULL","NULL","NULL"
1185,"PTRE-FM-1523_B","02681-GG-PRO-CFS-PTRE-13","Lampu mati","Ganti baru lampu led 16 watt r.electrical Lt.3 Graha re1","110000","2024-02-19","140133","2024-06-03 15:32:33.000","NULL","NULL","NULL",0,"NULL","NULL","NULL"
1186,"PTRE-FM-1523_B","02681-GG-PRO-CFS-PTRE-13","Lampu led mati","Ganti baru Led philips 16watt 3pcs Graha re1 Lantai 3","165000","2024-02-02","140133","2024-06-03 15:35:02.000","NULL","NULL","NULL",0,"NULL","NULL","NULL"
1187,"PTRE-FM-1523_B","02681-GG-PRO-CFS-PTRE-13","Lampu di tangga mati","Ganti baru lampu Led 11 watt 2 pcs Ruang 3 negri Graha re2","74000","2024-02-19","140133","2024-06-03 15:37:54.000","NULL","NULL","NULL",0,"NULL","NULL","NULL"
1188,"PTRE-FM-1523_B","02681-GG-PRO-CFS-PTRE-13","Service bak swage ","Sika ulang bak ( stp ) Belakang gedung Graha re1","6800000","2024-02-07","140133","2024-06-03 15:39:38.000","NULL","NULL","NULL",0,"NULL","NULL","NULL"
1189,"PTRE-FM-1523_B","02681-GG-PRO-CFS-PTRE-13","Cek rutin ac,air baku","Cek rutin di Graha re1 dan re2","0","2024-02-12","140133","2024-06-03 15:40:40.000","NULL","NULL","NULL",0,"NULL","NULL","NULL"
1190,"PTRE-FM-1523_B","02681-GG-PRO-CFS-PTRE-13","Lampu Led mati","Ganti baru lampu Led 16watt 4 pcs di Lt 3 Graha re1","220000","2024-02-21","140133","2024-06-03 15:41:45.000","NULL","NULL","NULL",0,"NULL","NULL","NULL"
1191,"PTRE-FM-1523_B","02681-GG-PRO-CFS-PTRE-13","Lampu mati","Ganti lampu baru Led 18watt 2pcs di R marketing Lt.mezz Graha re1","110000","2024-02-21","140133","2024-06-03 15:42:54.000","NULL","NULL","NULL",0,"NULL","NULL","NULL"
1192,"PTRE-FM-1523_B","02681-GG-PRO-CFS-PTRE-13","Exos fan mati ","Ganti exos baru dan instalasi kabel Graha re1 Lantai 1","1060000","2024-02-21","140133","2024-06-03 15:44:10.000","NULL","NULL","NULL",0,"NULL","NULL","NULL"
1193,"PTRE-FM-1523_B","02681-GG-PRO-CFS-PTRE-13","Lampu pijar mati","GAnti baru lampu pijar 11 watt krisbow 1 pcs Lt. 3 Graha re1","37000","2024-02-19","140133","2024-06-03 15:45:25.000","NULL","NULL","NULL",0,"NULL","NULL","NULL"
1194,"PTRE-FM-1523_B","02681-GG-PRO-CFS-PTRE-13","Plafon di depan pak leo bocor","Aquaproop ulang atap dan acp Lantai 1 Graha re2","0","2024-01-31","140133","2024-06-03 15:47:13.000","NULL","NULL","NULL",0,"NULL","NULL","NULL"
1195,"PTRE-FM-1523_B","02681-GG-PRO-CFS-PTRE-13","Jendela ruang mega mendung rembes","Sealant putih 1 pcs kusen jendela Lantai 4 Graha re1","55000","2024-02-05","140133","2024-06-03 15:49:16.000","NULL","NULL","NULL",0,"NULL","NULL","NULL"
1196,"PTRE-FM-1523_B","02681-GG-PRO-CFS-PTRE-13","List walllpaper melembung di depan toilet","Lem list pakai lem teted dexton 1 pcs di Lantai 2 Graha re1","8000","2024-02-05","140133","2024-06-03 15:50:42.000","NULL","NULL","NULL",0,"NULL","NULL","NULL"
1197,"PTRE-FM-1523_B","02681-GG-PRO-CFS-PTRE-13","Lampu Led putus 4 pcs","Ganti lampu baru inlite 9 watt  4pcs ( loby utara ) Graha re1","0","2023-02-22","140133","2024-06-03 16:23:19.000","NULL","NULL","NULL",0,"NULL","NULL","NULL"
1198,"PTRE-FM-1523_B","02681-GG-PRO-CFS-PTRE-13","Ac server Graha re2 rusak","Ganti modul baru Ac daikin 2pk R.server Graha re2","0","2024-07-12","140133","2024-06-03 16:25:02.000","NULL","NULL","NULL",0,"NULL","NULL","NULL"
1199,"PTRE-FM-1523_B","02681-GG-PRO-CFS-PTRE-13","Lampu mati","Ganti lampu baru Lampu ram 16 watt Server Graha RE2","0","2023-07-12","140133","2024-06-03 16:28:25.000","NULL","NULL","NULL",0,"NULL","NULL","NULL"
1200,"PTRE-FM-1523_B","02681-GG-PRO-CFS-PTRE-13","Ruang kerja recon atapnya bocor","Dempul,cat dan perbaikan wallpaper","0","2023-07-11","140133","2024-06-03 16:29:49.000","NULL","NULL","NULL",0,"NULL","NULL","NULL"
1201,"PTRE-FM-1523_B","02681-GG-PRO-CFS-PTRE-13","Rak komputer kurang kuat","Tambah holow 4x4 2 batang ex Recon Graha re2","0","2023-07-10","140133","2024-06-03 16:31:19.000","NULL","NULL","NULL",0,"NULL","NULL","NULL"
1202,"PTRE-FM-1523_B","02681-GG-PRO-CFS-PTRE-13","Service cici ac per 3 bulan","Cucu berkala ac split & ac AHU re1,re2","0","2023-07-09","140133","2024-06-03 16:33:00.000","NULL","NULL","NULL",0,"NULL","NULL","NULL"
1203,"PTRE-FM-1523_B","02681-GG-PRO-CFS-PTRE-13","Talang bocor","Tambal corong dan perbaiki ex reto Graha re1","0","2023-07-07","140133","2024-06-03 16:34:20.000","NULL","NULL","NULL",0,"NULL","NULL","NULL"
1204,"PTRE-FM-1523_B","02681-GG-PRO-CFS-PTRE-13","Lampu Ram 16watt mati","Ganti baru Lampu Led ram 16 watt Lt.mez\z Graha re1","0","2023-07-06","140133","2024-06-03 16:35:32.000","NULL","NULL","NULL",0,"NULL","NULL","NULL"
1205,"PTRE-FM-1523_B","02681-GG-PRO-CFS-PTRE-13","Kanopi Re1 belum ada lampu","Tambah penerangan baru Lampu led 9 watt Graha re1","0","2023-07-05","140133","2024-06-03 16:36:45.000","NULL","NULL","NULL",0,"NULL","NULL","NULL"
1206,"PTRE-FM-1523_B","02681-GG-PRO-CFS-PTRE-13","Lampu ex recon mati","Ganti lampu baru Led 16 watt 8 pcs Lampu pijar 2pcs Lt.2 Graha re2","0","2023-07-04","140133","2024-06-03 16:38:02.000","NULL","NULL","NULL",0,"NULL","NULL","NULL"
1207,"PTRE-FM-1523_B","02681-GG-PRO-CFS-PTRE-13","Plafon di loby dan ruang kerja rusak","Ganti,tambal dan cat plafon  Graha re2 ","0","2023-06-19","140133","2024-06-03 16:39:11.000","NULL","NULL","NULL",0,"NULL","NULL","NULL"
1208,"PTRE-FM-1523_B","02681-GG-PRO-CFS-PTRE-13","Jendela mega mendung bocor (sebelah barat)","Perbaikan dengan menggunakan silent ","45000","2024-01-17","140133","2024-06-04 08:36:23.000","NULL","NULL","NULL",0,"NULL","NULL","NULL"
1209,"PTRE-FM-1523_B","02681-GG-PRO-CFS-PTRE-13","Lampu Lemari Loby tambah ","Tambah baru Lampu led 12 watt Lt.mezz Graha re1","0","2023-06-20","140133","2024-06-04 08:37:40.000","NULL","NULL","NULL",0,"NULL","NULL","NULL"
1210,"PTRE-FM-1523_B","02681-GG-PRO-CFS-PTRE-13","Vanbel AC AHU Lt.1 RE 1 AUS / Mau putus ","Vanbell ganti baru ","150000","2024-06-04","140133","2024-06-04 08:37:59.000","NULL","NULL","NULL",0,"NULL","NULL","NULL"
1211,"PTRE-FM-1523_B","02681-GG-PRO-CFS-PTRE-13","Penambahan pintu R. koperasi","Tambah pintu baru koperasi","0","2023-06-22","140133","2024-06-04 08:39:16.000","NULL","NULL","NULL",0,"NULL","NULL","NULL"
1212,"PTRE-FM-1523_B","02681-GG-PRO-CFS-PTRE-13","Vanbel AHU Lt.3 Aus / Mau putus ","Ganti vanbell baru ","150000","2024-02-02","140133","2024-06-04 08:39:37.000","NULL","NULL","NULL",0,"NULL","NULL","NULL"
1213,"PTRE-FM-1523_B","02681-GG-PRO-CFS-PTRE-13","Meja kerja rusak","Di perbaiki dan di tambah siku dari partisi R.kerja GM Graha re1","0","2023-06-26","140133","2024-06-04 08:40:21.000","NULL","NULL","NULL",0,"NULL","NULL","NULL"
1214,"PTRE-FM-1523_B","02681-GG-PRO-CFS-PTRE-13","Lampu exit putus di lantai mezzanine putus ","Ganti lampuy baru t5 8 w (1 pcs)","30500","2024-06-04","140133","2024-06-04 08:41:19.000","NULL","NULL","NULL",0,"NULL","NULL","NULL"
1215,"PTRE-FM-1523_B","02681-GG-PRO-CFS-PTRE-13","Lampu toilet mati 1 pcs","Ganti baru Lampu led 9 watt Graha re2","0","2024-01-29","140133","2024-06-04 08:41:39.000","NULL","NULL","NULL",0,"NULL","NULL","NULL"
1216,"PTRE-FM-1523_B","02681-GG-PRO-CFS-PTRE-13","Vanbell AHU Lt.mezz kendor/bunyi Graha re 1","Ganti vanbell baru (Merk Bando)","150000","2024-02-01","140133","2024-06-04 08:43:42.000","NULL","NULL","NULL",0,"NULL","NULL","NULL"
1217,"PTRE-FM-1523_B","02681-GG-PRO-CFS-PTRE-13","Exos fan mati","Di service dan di bersihkan Toilet cowok Lt 3","0","2023-07-17","140133","2024-06-04 08:44:04.000","NULL","NULL","NULL",0,"NULL","NULL","NULL"
1218,"PTRE-FM-1523_B","02681-GG-PRO-CFS-PTRE-13","Kurang stopkontak meja lantai 1 graha RE 1 ","Tambah stopkontak meja baru ","65000","2024-01-29","140133","2024-06-04 08:46:33.000","NULL","NULL","NULL",0,"NULL","NULL","NULL"
1219,"PTRE-FM-1523_B","02681-GG-PRO-CFS-PTRE-13","Urinal airnya tidak bisa stop","Ganti Kran urinal baru Vicenzo 1 pcs R.marketing Lt2 graha re2","0","2024-05-16","140133","2024-06-04 08:47:36.000","NULL","NULL","NULL",0,"NULL","NULL","NULL"
1220,"PTRE-FM-1523_B","02681-GG-PRO-CFS-PTRE-13","Kran urinal tidak keluar  air","Ganti kran urinal baru 2 pcs top Floor Graha re2","0","2024-05-16","140133","2024-06-04 08:48:50.000","NULL","NULL","NULL",0,"NULL","NULL","NULL"
1221,"PTRE-FM-1523_B","02681-GG-PRO-CFS-PTRE-13","Kunci pintu exit rusak RE 2 Lt.Ground","Ganti dgn yg baru 1 set ","0","2024-01-08","140133","2024-06-04 08:50:23.000","NULL","NULL","NULL",0,"NULL","NULL","NULL"
1222,"PTRE-FM-1523_B","02681-GG-PRO-CFS-PTRE-13","Dinding gibsum bolong ","Perbaiki dan tambal gibsum baru di kembang kantil top Floor Graha re2","0","2024-05-16","140133","2024-06-04 08:50:29.000","NULL","NULL","NULL",0,"NULL","NULL","NULL"
1223,"PTRE-FM-1523_B","02681-GG-PRO-CFS-PTRE-13","Plafon bolong","Pasang krangka baja ringan dan perbaiki gibsum Toilet cowok lt.mezz Graha RE1","0","2024-05-17","140133","2024-06-04 08:51:44.000","NULL","NULL","NULL",0,"NULL","NULL","NULL"
1224,"PTRE-FM-1523_B","02681-GG-PRO-CFS-PTRE-13","Cctv rusak / patah","Perbaiki pasang kembali cctv Kanti Graha re1","0","2024-06-02","140133","2024-06-04 08:53:07.000","NULL","NULL","NULL",0,"NULL","NULL","NULL"
1225,"PTRE-FM-1523_B","02681-GG-PRO-CFS-PTRE-13","Ac 1 pk di ruang meet berkedip/error ","Tambah freon dan pengecekan instalasi ","0","2024-01-08","140133","2024-06-04 08:58:11.000","NULL","NULL","NULL",0,"NULL","NULL","NULL"
1226,"PTRE-FM-1523_B","02681-GG-PRO-CFS-PTRE-13","Stop kontak lepas","Servic stop kontak Pantry Lt 1 Graha RE1","0","2024-05-28","140133","2024-06-04 08:59:10.000","NULL","NULL","NULL",0,"NULL","NULL","NULL"
1227,"PTRE-FM-1523_B","02681-GG-PRO-CFS-PTRE-13","Ac ruang pak muji Graha re 2 tidak dingin / shot kompresor ","Perbaikan instalasi dan penggantian sparepart  dan drain pembuangan diganti flexibel ","0","2024-01-08","140133","2024-06-04 09:00:57.000","NULL","NULL","NULL",0,"NULL","NULL","NULL"
1228,"PTRE-FM-1523_B","02681-GG-PRO-CFS-PTRE-13","Lampu tangga darurat mati","Ganti lapu baru Lampu led 9 watt Lt 1-2 Graha re2","0","2023-09-11","140133","2024-06-04 09:01:21.000","NULL","NULL","NULL",0,"NULL","NULL","NULL"
1229,"PTRE-FM-1523_B","02681-GG-PRO-CFS-PTRE-13","Dispenser rusak","Service manual penyedot mampet Lt 4 Roof Graha re1","0","2023-09-12","140133","2024-06-04 09:02:35.000","NULL","NULL","NULL",0,"NULL","NULL","NULL"
1230,"PTRE-FM-1523_B","02681-GG-PRO-CFS-PTRE-13","Kran urinal airnya ngalir terus","membongkar seal kran dan di bersihkan Lt3 Graha re2","0","2023-09-12","140133","2024-06-04 09:04:54.000","NULL","NULL","NULL",0,"NULL","NULL","NULL"
1231,"PTRE-FM-1523_B","02681-GG-PRO-CFS-PTRE-13","Meja goyang skrup kurang kencang","Mengencangkan lagi semua skrup meja Lt.mezz Graha RE1","0","2023-09-15","140133","2024-06-04 09:06:04.000","NULL","NULL","NULL",0,"NULL","NULL","NULL"
1232,"PTRE-FM-1523_B","02681-GG-PRO-CFS-PTRE-13","Lampu panjang tl 36 watt putus","Ganti lampu baru ruang 3D Graha RE 1","0","2023-09-18","140133","2024-06-04 09:08:42.000","NULL","NULL","NULL",0,"NULL","NULL","NULL"
1233,"PTRE-FM-1523_B","02681-GG-PRO-CFS-PTRE-13","Ac 2 pk ngetrip","Ganti capasitor 40 uf R,VVC Graha RE1","0","2023-09-19","140133","2024-06-04 09:09:46.000","NULL","NULL","NULL",0,"NULL","NULL","NULL"
1234,"PTRE-FM-1523_B","02681-GG-PRO-CFS-PTRE-13","Ac daikin pipa epap bocor di indikator karena getaran RE 2 Lt.topfloor ruang kelas ","Pengelasan epap bocor dan di ganti kapasitor fan 22 Uf - Vacuum  cubing lanjut tambah freeon","600000","2024-06-04","140133","2024-06-04 09:10:17.000","NULL","NULL","NULL",0,"NULL","NULL","NULL"
1235,"PTRE-FM-1523_B","02681-GG-PRO-CFS-PTRE-13","Ruangan meeting bocor","Menambal talang dengan kasa dan aquaproop ulang Lt.toop floor Graha RE1","0","2024-06-04","140133","2024-06-04 09:11:50.000","NULL","NULL","NULL",0,"NULL","NULL","NULL"
1236,"PTRE-FM-1523_B","02681-GG-PRO-CFS-PTRE-13","Lampu pijar mati","Ganti lampu baru Krisbow 11w Graha RE2 Lt2","0","2023-09-25","140133","2024-06-04 09:13:20.000","NULL","NULL","NULL",0,"NULL","NULL","NULL"
1237,"PTRE-FM-1523_B","02681-GG-PRO-CFS-PTRE-13","Lampu tl redup","Ganti lampu baru TL 36 watt Pantry Graha RE2","0","2023-09-26","140133","2024-06-04 09:14:19.000","NULL","NULL","NULL",0,"NULL","NULL","NULL"
1238,"PTRE-FM-1523_B","02681-GG-PRO-CFS-PTRE-13","Meja ban Kendor ","Di perbaiki dan di kasih WD R. parkus Grah RE1","0","2023-09-26","140133","2024-06-04 09:15:52.000","NULL","NULL","NULL",0,"NULL","NULL","NULL"
1239,"PTRE-FM-1523_B","02681-GG-PRO-CFS-PTRE-13","Meja laci patah","Ganti Rell baru di Lt.4 Graha RE.1","0","2023-10-16","140133","2024-06-04 09:18:58.000","NULL","NULL","NULL",0,"NULL","NULL","NULL"
1240,"PTRE-FM-1523_B","02681-GG-PRO-CFS-PTRE-13","Permintaan stop kontak ","Pasang kabel 3x1,5 2 meter dan tambah stop kontak R.pak gama Graha RE.1","0","2023-10-16","140133","2024-06-04 09:21:20.000","NULL","NULL","NULL",0,"NULL","NULL","NULL"
1241,"PTRE-FM-1523_B","02681-GG-PRO-CFS-PTRE-13","ac bocor di lantai 1 PM RE 1 ","Pembersihan drain ac ditalangan ac indoor ","0","2024-01-24","140133","2024-06-04 09:26:27.000","NULL","NULL","NULL",0,"NULL","NULL","NULL"
1242,"PTRE-FM-1523_B","02681-GG-PRO-CFS-PTRE-13","Telp bunyi tidak bersih /error RE 1 Lt.2 ","Ganti socket telp,instalasi dan outlet telp ","89000","2024-01-24","140133","2024-06-04 09:28:30.000","NULL","NULL","NULL",0,"NULL","NULL","NULL"
1243,"PTRE-FM-1523_B","02681-GG-PRO-CFS-PTRE-13","Wastafel bocor Lt.3 toilrt lki-lk graha re 1 ","Perbaikan drain wastafel (silent dan pembersihan)
","0","2024-01-29","140133","2024-06-04 09:32:39.000","NULL","NULL","NULL",0,"NULL","NULL","NULL"
1244,"PTRE-FM-1523_B","02681-GG-PRO-CFS-PTRE-13","Pntu toilet seret dan susah di tutup Lt.mezz toilet cewek RE 1","Perbaikan pintu ","0","2024-01-29","140133","2024-06-04 09:35:28.000","NULL","NULL","NULL",0,"NULL","NULL","NULL"
1245,"PTRE-FM-1523_B","02681-GG-PRO-CFS-PTRE-13","Engsel pintu shower toilet wanita mezzanine patah/rusak RE 1 Lt.Mezz ","penggantian engsel pintu ","0","2024-01-30","140133","2024-06-04 09:37:29.000","NULL","NULL","NULL",0,"NULL","NULL","NULL"
1246,"PTRE-FM-1523_B","02681-GG-PRO-CFS-PTRE-13","Selang spiral wastafel bocor Lt.3 RE 1 ","Ganti selang wastafel baru ","55000","2024-01-31","140133","2024-06-04 09:49:23.000","NULL","NULL","NULL",0,"NULL","NULL","NULL"
1247,"PTRE-FM-1523_B","02681-GG-PRO-CFS-PTRE-13","Tambah stop kontak baru","Pasang stop kontak baru 1 aet Lt.1 Graha RE1","0","2023-10-16","140133","2024-06-04 09:51:53.000","NULL","NULL","NULL",0,"NULL","NULL","NULL"
1248,"PTRE-FM-1523_B","02681-GG-PRO-CFS-PTRE-13","Lampu mati di tangga darurat","Ganti lampu pijar 11 watt 1 pcs Lt.4 Graha Re.2","0","2023-10-16","140133","2024-06-04 09:54:13.000","NULL","NULL","NULL",0,"NULL","NULL","NULL"
1249,"PTRE-FM-1523_B","02681-GG-PRO-CFS-PTRE-13","Lampu depan toilet mati","Ganti lampu baru Krisbow 11 watt Lt.4 Graha RE.2","0","2023-10-16","140133","2024-06-04 09:55:09.000","NULL","NULL","NULL",0,"NULL","NULL","NULL"
1250,"PTRE-FM-1523_B","02681-GG-PRO-CFS-PTRE-13","Bongkar 1 meja di ganti","Ganti meja dari LT.4 RE.1 Ke ruangan pak iwan R.recon","0","2023-11-16","140133","2024-06-04 09:57:19.000","NULL","NULL","NULL",0,"NULL","NULL","NULL"
1251,"PTRE-FM-1523_B","02681-GG-PRO-CFS-PTRE-13","Ac standing R. tiga negri Kurang dingin","Tambah freon 2kg R.tiga negri Graha RE.2","0","2023-08-29","140133","2024-06-04 09:59:07.000","NULL","NULL","NULL",0,"NULL","NULL","NULL"
1252,"PTRE-FM-1523_B","02681-GG-PRO-CFS-PTRE-13","Hidrolik pintu rusak","Ganti hidrolik baru ( door closer ) Pintu exit LT.3 Graha RE.1","0","2023-08-15","140133","2024-06-04 10:01:13.000","NULL","NULL","NULL",0,"NULL","NULL","NULL"
1253,"PTRE-FM-1523_B","02681-GG-PRO-CFS-PTRE-13","Memindahkan granit yang ada logo simbol RE","Membongkar granit di halaman dan pindahkan ke samping Loby Graha RE.1","0","2023-08-13","140133","2024-06-04 10:02:32.000","NULL","NULL","NULL",0,"NULL","NULL","NULL"
1254,"PTRE-FM-1523_B","02681-GG-PRO-CFS-PTRE-13","Memasang lampu padqa logo rekayasa","Memasang lampu Led alis Potong stainles dan pasang lampu Loby Graha RE.1","0","2023-08-12","140133","2024-06-04 10:03:58.000","NULL","NULL","NULL",0,"NULL","NULL","NULL"
1255,"PTRE-FM-1523_B","02681-GG-PRO-CFS-PTRE-13","Menambahkan lampu di koridor","Tambah lampu dan kabel power Lt.mezzanine Graha RE.1","0","2023-06-15","140133","2024-06-04 10:05:28.000","NULL","NULL","NULL",0,"NULL","NULL","NULL"
1256,"PTRE-FM-1523_B","02681-GG-PRO-CFS-PTRE-13","Lampu exit loby mati","Ganti Tl lampu baru R.3D Graha RE.1","0","2023-06-15","140133","2024-06-04 10:06:28.000","NULL","NULL","NULL",0,"NULL","NULL","NULL"
1257,"PTRE-FM-1523_B","02681-GG-PRO-CFS-PTRE-13","Ac bau dan kurang dingin ","Tambah freon r22 1,5 kg Lt.1 Graha RE.2","0","2023-09-01","140133","2024-06-04 10:07:46.000","NULL","NULL","NULL",0,"NULL","NULL","NULL"
1258,"PTRE-FM-1523_B","02681-GG-PRO-CFS-PTRE-13","Tv bp reza kurang turun ","Tv di bongkar pasang pada dinding gibsum lantai ground Graha RE.2","0","2023-06-16","140133","2024-06-04 10:09:25.000","NULL","NULL","NULL",0,"NULL","NULL","NULL"
1259,"PTRE-FM-1523_B","02681-GG-PRO-CFS-PTRE-13","Meja ruang meeting di bongkar","Tambah kabel power dan peralatan maintance lantai 1 Graha RE>1","0","2023-06-16","140133","2024-06-04 10:10:40.000","NULL","NULL","NULL",0,"NULL","NULL","NULL"
1260,"PTRE-FM-1523_B","02681-GG-PRO-CFS-PTRE-13","Memasang bingkai fhoto","Memasang bingkai fhoto pada dinding Lt.mezz Graha RE.1","0","2023-08-15","140133","2024-06-04 10:11:53.000","NULL","NULL","NULL",0,"NULL","NULL","NULL"
1261,"PTRE-FM-1523_B","02681-GG-PRO-CFS-PTRE-13","Lampu toilet pria lt.1 mati","Ganti lampu baru ( krisbow 11 watt ) Lantai 1 Graha Re.1","0","2023-07-27","140133","2024-06-04 10:13:42.000","NULL","NULL","NULL",0,"NULL","NULL","NULL"
1262,"PTRE-FM-1523_B","02681-GG-PRO-CFS-PTRE-13","Lampu taman mati","Ganti lampu baru 4 pcs 5 watt Depan Graha RE.1","0","2023-07-12","140133","2024-06-04 10:14:47.000","NULL","NULL","NULL",0,"NULL","NULL","NULL"
1263,"PTRE-FM-1523_B","02681-GG-PRO-CFS-PTRE-13","Lampu koridor lt toop loor mati","Ganti lampu Led Lantai 4 Graha Re.1","0","2023-07-03","140133","2024-06-04 10:15:52.000","NULL","NULL","NULL",0,"NULL","NULL","NULL"
1264,"PTRE-FM-1523_B","02681-GG-PRO-CFS-PTRE-13","Plafon jebol/jatuh terkena bocoran aur hujan RE 1 Lt.topfloor ","titik bocoran ditambal aquaproof dan dipasang  plafon yg baru lanjut pengecetan ","220000","2024-01-31","140133","2024-06-04 10:17:04.000","NULL","NULL","NULL",0,"NULL","NULL","NULL"
1265,"PTRE-FM-1523_B","02681-GG-PRO-CFS-PTRE-13","Handle pintu R.PVC rusak","Di lengkapi baud yang hilang Ruang pvc Graha RE.1","0","2023-10-27","140133","2024-06-04 10:17:49.000","NULL","NULL","NULL",0,"NULL","NULL","NULL"
1266,"PTRE-FM-1523_B","02681-GG-PRO-CFS-PTRE-13","Leherangsa bocor di Lt.3 Graha RE 1 TOILET LK-LK ","Ganti leher angsa baru 
","145000","2023-06-04","140133","2024-06-04 10:18:39.000","NULL","NULL","NULL",0,"NULL","NULL","NULL"
1267,"PTRE-FM-1523_B","02681-GG-PRO-CFS-PTRE-13","AC kurang dingin ","Tambah freon R 410 LT.2 R.keuangan Graha RE.1","0","2023-10-27","140133","2024-06-04 10:18:48.000","NULL","NULL","NULL",0,"NULL","NULL","NULL"
1268,"PTRE-FM-1523_B","02681-GG-PRO-CFS-PTRE-13","Plat pintu lepas","Di lem ulang Lantai mezz Graha RE.1","0","2023-10-26","140133","2024-06-04 10:19:39.000","NULL","NULL","NULL",0,"NULL","NULL","NULL"
1269,"PTRE-FM-1523_B","02681-GG-PRO-CFS-PTRE-13","Ac kurang dingin","Di tambah freon R.lift roop top Graha RE.1","0","2023-10-26","140133","2024-06-04 10:20:45.000","NULL","NULL","NULL",0,"NULL","NULL","NULL"
1270,"PTRE-FM-1523_B","02681-GG-PRO-CFS-PTRE-13","Ac kurang dingin","Tambah freon Lt.2 Keuangan Graha RE.1","0","2023-10-27","140133","2024-06-04 10:21:31.000","NULL","NULL","NULL",0,"NULL","NULL","NULL"
1271,"PTRE-FM-1523_B","02681-GG-PRO-CFS-PTRE-13","Lampu putus di recare Lt.1 Ruang keuangan ","Ganti lampu TL 16 watt (2 pcs)","110000","2023-09-01","140133","2024-06-04 10:22:00.000","NULL","NULL","NULL",0,"NULL","NULL","NULL"
1272,"PTRE-FM-1523_B","02681-GG-PRO-CFS-PTRE-13","AC ngeblok di unit indor","Cuci full body outdor R.hse Graha Re.1","0","2023-10-31","140133","2024-06-04 10:22:40.000","NULL","NULL","NULL",0,"NULL","NULL","NULL"
1273,"PTRE-FM-1523_B","02681-GG-PRO-CFS-PTRE-13","Ac sharp panas","Cek temperatur kurang 12 A Lt.1 Graha RE.2","0","2023-10-30","140133","2024-06-04 10:23:48.000","NULL","NULL","NULL",0,"NULL","NULL","NULL"
1274,"PTRE-FM-1523_B","02681-GG-PRO-CFS-PTRE-13","Pipa pembuangan R.dir utama recare lepas RE 2 Lt.1 ","diperbaiki untuk ac dipasang kembali ","0","2024-01-10","140133","2024-06-04 10:24:49.000","NULL","NULL","NULL",0,"NULL","NULL","NULL"
1275,"PTRE-FM-1523_B","02681-GG-PRO-CFS-PTRE-13","Service rutin bulanan","Cleaning Lift dan cek roli Gedung RE.1","0","2023-10-31","140133","2024-06-04 10:24:55.000","NULL","NULL","NULL",0,"NULL","NULL","NULL"
1276,"PTRE-FM-1523_B","02681-GG-PRO-CFS-PTRE-13","Pengisian air baku","Pengecekan rutin pompa meter Gedung Re","0","2023-11-01","140133","2024-06-04 10:25:59.000","NULL","NULL","NULL",0,"NULL","NULL","NULL"
1277,"PTRE-FM-1523_B","02681-GG-PRO-CFS-PTRE-13","Ac ahu belum nyala","Cek dan on off rutin Gedung Re.1 Lt,mezz.1.3.4","0","2023-11-01","140133","2024-06-04 10:27:10.000","NULL","NULL","NULL",0,"NULL","NULL","NULL"
1278,"PTRE-FM-1523_B","02681-GG-PRO-CFS-PTRE-13","Cek rutin ac ","Pengecekan rutin Gedung RE.1-2","0","2023-11-01","140133","2024-06-04 10:28:14.000","NULL","NULL","NULL",0,"NULL","NULL","NULL"
1279,"PTRE-FM-1523_B","02681-GG-PRO-CFS-PTRE-13","Accu soak","Ganti accu baru R.DEG Graha re.2","0","2023-11-07","140133","2024-06-04 10:29:20.000","NULL","NULL","NULL",0,"NULL","NULL","NULL"
1280,"PTRE-FM-1523_B","02681-GG-PRO-CFS-PTRE-13","Ac ahu di perbaiki","Di perbaiki dan di ganti inventer Lt.4 Roof Graha RE.1","0","2023-11-13","140133","2024-06-04 10:30:51.000","NULL","NULL","NULL",0,"NULL","NULL","NULL"
1281,"PTRE-FM-1523_B","02681-GG-PRO-CFS-PTRE-13","cover closed copot Lt.1 RE 1","Ganti kuncian tutup kloset dengan skrupo plastik ","0","2024-01-02","140133","2024-06-04 10:34:06.000","NULL","NULL","NULL",0,"NULL","NULL","NULL"
1282,"PTRE-FM-1523_B","02681-GG-PRO-CFS-PTRE-13","Minta pendampingan pencatatan meteran air baku","Di catat sam vendor Graha re.1","0","2023-11-16","140133","2024-06-04 10:39:30.000","NULL","NULL","NULL",0,"NULL","NULL","NULL"
1283,"PTRE-FM-1523_B","02681-GG-PRO-CFS-PTRE-13","Pompa stp mati","Di perbaiki manual Pompa septitank Graha Re.2","0","2023-11-15","140133","2024-06-04 10:40:27.000","NULL","NULL","NULL",0,"NULL","NULL","NULL"
1284,"PTRE-FM-1523_B","02681-GG-PRO-CFS-PTRE-13","Service ac ahu","Gnti termis dan tambah freon Ahu 10 pic Mc,quary Graha re.1","0","2023-11-22","140133","2024-06-04 10:42:30.000","NULL","NULL","NULL",0,"NULL","NULL","NULL"
1285,"PTRE-FM-1523_B","02681-GG-PRO-CFS-PTRE-13","Ac ruang meeting panas dan bau","Continue Lt.1 Graha Re.2","0","2024-06-04","140133","2024-06-04 10:44:01.000","NULL","NULL","NULL",0,"NULL","NULL","NULL"
1286,"PTRE-FM-1523_B","02681-GG-PRO-CFS-PTRE-13","Ac bau dan pipa bocor","Ganti pipa 18 meter Lt.1 Graha Re.2","0","2023-11-27","140133","2024-06-04 10:45:14.000","NULL","NULL","NULL",0,"NULL","NULL","NULL"
1287,"PTRE-FM-1523_B","02681-GG-PRO-CFS-PTRE-13","Lampu toilet pria mati","Ganti lampu baru ( krisbow 11 watt ) Lt.3 Graha re.1","0","2023-12-01","140133","2024-06-04 10:47:53.000","NULL","NULL","NULL",0,"NULL","NULL","NULL"
1288,"PTRE-FM-1523_B","02681-GG-PRO-CFS-PTRE-13","Permintaan tambahan stop kontak isi 5","Buat stop kontak 1 unit panjang kabel 2 meter Ruang IFS Lt.mezz Graha Re.1","0","2023-12-01","140133","2024-06-04 10:49:36.000","NULL","NULL","NULL",0,"NULL","NULL","NULL"
1289,"PTRE-FM-1523_B","02681-GG-PRO-CFS-PTRE-13","Lampu mati ","Ganti baru lampu LED 9 watt Lt.3 toilet Graha re.1","0","2023-07-31","140133","2024-06-04 10:51:51.000","NULL","NULL","NULL",0,"NULL","NULL","NULL"
1290,"PTRE-FM-1523_B","02681-GG-PRO-CFS-PTRE-13","Leher angsa wastafel bocor","Di perbaiki Lt.4 roof Graha Re.1","0","2024-01-31","140133","2024-06-04 10:52:40.000","NULL","NULL","NULL",0,"NULL","NULL","NULL"
1291,"PTRE-FM-1523_B","02681-GG-PRO-CFS-PTRE-13","Penambahan Ac 1 unit R.recon baru","Masang indor dan outdor 2 unit r.recon  Graha re.1","0","2023-08-01","140133","2024-06-04 10:56:18.000","NULL","NULL","NULL",0,"NULL","NULL","NULL"
1292,"PTRE-FM-1523_B","02681-GG-PRO-CFS-PTRE-13","Joky pump rusak","jJoky pump grund pos masih continue Ruang pompa","0","2023-08-04","140133","2024-06-04 10:58:17.000","NULL","NULL","NULL",0,"NULL","NULL","NULL"
1293,"PTRE-FM-1523_B","02681-GG-PRO-CFS-PTRE-13","Lampu mati","Ganti baru lampu led 11 watt Lt.2 Graha re.1","0","2023-07-31","140133","2024-06-04 10:59:18.000","NULL","NULL","NULL",0,"NULL","NULL","NULL"
1294,"PTRE-FM-1523_B","02681-GG-PRO-CFS-PTRE-13","Leher angsa wastafel bocor","Di perbaiki Lt.4 Graha Re.1","0","2023-07-31","140133","2024-06-04 11:00:17.000","NULL","NULL","NULL",1,"2024-06-04 12:57:01.000","140133","NULL"
1295,"PTRE-FM-1523_B","02681-GG-PRO-CFS-PTRE-13","Kran wastafel toilet cewek tidak keluar air ","Di perbaiki Lt.mezz Graha Re.1","0","2023-08-03","140133","2024-06-04 11:03:52.000","NULL","NULL","NULL",0,"NULL","NULL","NULL"
1296,"PTRE-FM-1523_B","02681-GG-PRO-CFS-PTRE-13","AC panasonic rusak","Ganti unit kompresor baru Ruangan kopkar reka sejahtera","0","2023-07-31","140133","2024-06-04 11:05:55.000","NULL","NULL","NULL",0,"NULL","NULL","NULL"
1297,"PTRE-FM-1523_B","02681-GG-PRO-CFS-PTRE-13","Sower pembersih rusak","Ganti baru Lt.ground Graha Re.2","0","2023-07-26","140133","2024-06-04 11:06:51.000","NULL","NULL","NULL",0,"NULL","NULL","NULL"
1298,"PTRE-FM-1523_B","02681-GG-PRO-CFS-PTRE-13","Kabel power dan itc tidak rapih","Di rapihkan Lt.1 marketing Graha Re.1","0","2023-07-26","140133","2024-06-04 11:08:05.000","NULL","NULL","NULL",0,"NULL","NULL","NULL"
1299,"PTRE-FM-1523_B","02681-GG-PRO-CFS-PTRE-13","Ketika cuci air kurang menyebar","Tambah filter Kran kipas pantry graha re.1 lt.1","0","2023-06-14","140133","2024-06-04 11:10:05.000","NULL","NULL","NULL",0,"NULL","NULL","NULL"
1300,"PTRE-FM-1523_B","02681-GG-PRO-CFS-PTRE-13","Lampu koridor Lt.1 kurang terang","Di tambah lampu led baru 9 watt 3 pcs Lt.1 koridor Graha re.1","0","2023-06-14","140133","2024-06-04 11:12:07.000","NULL","NULL","NULL",0,"NULL","NULL","NULL"
1301,"PTRE-FM-1523_B","02681-GG-PRO-CFS-PTRE-13","Koridor lampu penerangan kurang terang","penambahan pemasangan lampu baru 4 pcs Lt.3 Graha re.1","0","2023-06-13","140133","2024-06-04 11:13:32.000","NULL","NULL","NULL",0,"NULL","NULL","NULL"
1302,"PTRE-FM-1523_B","02681-GG-PRO-CFS-PTRE-13","Ac panas di ruangan","Ganti fuse 13 A Graha re.2 Lt.ground","0","2023-06-12","140133","2024-06-04 11:14:30.000","NULL","NULL","NULL",0,"NULL","NULL","NULL"
1303,"PTRE-FM-1523_B","02681-GG-PRO-CFS-PTRE-13","Ac split daikin 2pk Rusak","Ac tidak bisa di remot Harus ganti baru Ruang direksi recon Graha RE.1","0","2023-06-15","140133","2024-06-04 11:15:54.000","NULL","NULL","NULL",0,"NULL","NULL","NULL"
1304,"PTRE-FM-1523_B","02681-GG-PRO-CFS-PTRE-13","Lampu exit mati","GAnti lampu tl t5 exit Lt.1 Graha Re.1","0","2023-06-15","140133","2024-06-04 11:16:46.000","NULL","NULL","NULL",0,"NULL","NULL","NULL"
1305,"PTRE-FM-1523_B","02681-GG-PRO-CFS-PTRE-13","Ac sentral kurang dingin","Pekrjaan belum selesai komponen bagian outdor rusak Lt.3 civil Graha Re.1","0","2023-06-13","140133","2024-06-04 11:18:15.000","NULL","NULL","NULL",0,"NULL","NULL","NULL"
1306,"PTRE-FM-1523_B","02681-GG-PRO-CFS-PTRE-13","Kabel back bound Buat R.M 3 negri","Pasang kabel dan stop kontak baru isi 4 ( uticon ) R.3 negri Graha Re.2","0","2023-06-14","140133","2024-06-04 11:19:53.000","NULL","NULL","NULL",0,"NULL","NULL","NULL"
1307,"PTRE-FM-1523_B","02681-GG-PRO-CFS-PTRE-13","Lampu exit lantai 3 mati","Ganti lampu baru Led 18watt 2unit Tangga exit Lt.3 Graha re.1","0","2023-06-26","140133","2024-06-04 11:21:13.000","NULL","NULL","NULL",0,"NULL","NULL","NULL"
1308,"PTRE-FM-1523_B","02681-GG-PRO-CFS-PTRE-13","Lampu ddi depan ruang pompa mati","Ganti lampu baru Led 18watt Outdor ruang pompa","0","2023-06-30","140133","2024-06-04 11:22:33.000","NULL","NULL","NULL",0,"NULL","NULL","NULL"
1309,"PTRE-FM-1523_B","02681-GG-PRO-CFS-PTRE-13","Geser lampu ","Geser ke pinggir Sebelah keuangan Loby Graha RE.1 ","0","2023-06-30","140133","2024-06-04 11:23:53.000","NULL","NULL","NULL",0,"NULL","NULL","NULL"
1310,"PTRE-FM-1523_B","02681-GG-PRO-CFS-PTRE-13","Lampu led tambah pemasangan kurang baik","Geser posisi lampu ke tiang dan tarik kabel Lt.3 graha re.1","0","2023-06-26","140133","2024-06-04 11:25:17.000","NULL","NULL","NULL",0,"NULL","NULL","NULL"
1311,"PTRE-FM-1523_B","02681-GG-PRO-CFS-PTRE-13","Lampu lt.4 tambah Led 9 watt","Tambah lampu led 9 watt Lt.4 Graha re.1","0","2023-06-27","140133","2024-06-04 11:26:20.000","NULL","NULL","NULL",0,"NULL","NULL","NULL"
1312,"PTRE-FM-1523_B","02681-GG-PRO-CFS-PTRE-13","Lampu tangga re.2 tambah","Tambah lampu dan tarik kabel Re.2 tangga darurat Graha re.2","0","2023-06-28","140133","2024-06-04 11:27:41.000","NULL","NULL","NULL",0,"NULL","NULL","NULL"
1313,"PTRE-FM-1523_B","02681-GG-PRO-CFS-PTRE-13","Lampu tl 18watt rusak","Ganti lampu baru Lt.2 ex recon Graha re.2","0","2023-07-03","140133","2024-06-04 11:28:55.000","NULL","NULL","NULL",0,"NULL","NULL","NULL"
1314,"PTRE-FM-1523_B","02681-GG-PRO-CFS-PTRE-13","Lampu mati Tl 16 watt Lt.1 Graha re.2","Ganti lampu Tl panasonic 16 watt ","0","2024-09-01","140133","2024-06-04 13:00:12.000","NULL","NULL","NULL",0,"NULL","NULL","NULL"
1315,"PTRE-FM-1523_B","02681-GG-PRO-CFS-PTRE-13","Kaperseet closet toilet cowok Lt.1 Graha re.1 Copot","Ganti kuncian tutup closet pakai sekrup plastik","0","2024-01-12","140133","2024-06-04 13:02:50.000","NULL","NULL","NULL",0,"NULL","NULL","NULL"
1316,"PTRE-FM-1523_B","02681-GG-PRO-CFS-PTRE-13","Ac kedip tidak dingin","Di tambah freon dan belum di perbaiki vendor Lt.2 Graha Re.1","0","2024-01-10","140133","2024-06-04 13:05:04.000","NULL","NULL","NULL",0,"NULL","NULL","NULL"
1317,"PTRE-FM-1523_B","02681-GG-PRO-CFS-PTRE-13","Pengecekan rutin ac Lift,server dan air baku","Pengecekan rutin di Graha re.1-2","0","2024-01-15","140133","2024-06-04 13:06:31.000","NULL","NULL","NULL",0,"NULL","NULL","NULL"
1318,"PTRE-FM-1523_B","02681-GG-PRO-CFS-PTRE-13","Lampu Tl 18 watt mati","Ganti baru ( krisbow 16 watt 4 pcs ) Graha re.2 Lt ground","376000","2024-01-02","140133","2024-06-04 13:10:15.000","NULL","NULL","NULL",0,"NULL","NULL","NULL"
1319,"PTRE-FM-1523_B","02681-GG-PRO-CFS-PTRE-13","Lampu mati","Ganti baru Lampu tl 18 watt merk appa Graha re.2","156000","2024-01-02","140133","2024-06-04 13:11:49.000","NULL","NULL","NULL",0,"NULL","NULL","NULL"
1320,"PTRE-FM-1523_B","02681-GG-PRO-CFS-PTRE-13","Pengecekan rutin ac server,lift dan air baku","Pengecekan rutin Gedung Graha Re.2 dan 2","0","2024-01-16","140133","2024-06-04 13:14:01.000","NULL","NULL","NULL",0,"NULL","NULL","NULL"
1321,"PTRE-FM-1523_B","02681-GG-PRO-CFS-PTRE-13","Lampu pijar kedip","Ganti lampu baru Lampu pijar 11 watt krisbow Lt.3 Graha re.1","37000","2024-01-16","140133","2024-06-04 13:15:54.000","NULL","NULL","NULL",0,"NULL","NULL","NULL"
1322,"PTRE-FM-1523_B","02681-GG-PRO-CFS-PTRE-13","Tiang luar mega mendung perlu di cat","Dempul amplas cat tiang pakai jotun Lt.4 Graha re.1","41000","2024-01-11","140133","2024-06-04 13:20:49.000","NULL","NULL","NULL",0,"NULL","NULL","NULL"
1323,"PTRE-FM-1523_B","02681-GG-PRO-CFS-PTRE-13","Kunci pintu toilet rusak","Bongkar hendle lama dan buat lobang kunci baru Lt.ground Graha Re.2","60000","2024-01-01","140133","2024-06-04 13:22:46.000","NULL","NULL","NULL",0,"NULL","NULL","NULL"
1324,"PTRE-FM-1523_B","02681-GG-PRO-CFS-PTRE-13","Stop kontak lepas di mecanikal 2 titik ","Pasang kembali stop kontak di ruang civil dan mecanikal lt.3 Graha re.1","0","2024-01-17","140133","2024-06-04 13:24:18.000","NULL","NULL","NULL",0,"NULL","NULL","NULL"
1325,"PTRE-FM-1523_B","02681-GG-PRO-CFS-PTRE-13","Lampu mati 3 pcs","Rubah jalur lampu jadi dua jalur di ruang recon Lt.1 Graha re.1","0","2024-01-17","140133","2024-06-04 13:25:34.000","NULL","NULL","NULL",0,"NULL","NULL","NULL"
1326,"PTRE-FM-1523_B","02681-GG-PRO-CFS-PTRE-13","Lampu tempat wudhu mati","Ganti lampu baru krisbow 11 watt Graha re.2","74000","2024-01-24","140133","2024-06-04 13:27:09.000","NULL","NULL","NULL",0,"NULL","NULL","NULL"
1327,"PTRE-FM-1523_B","02681-GG-PRO-CFS-PTRE-13","Ac outdor panasonic 1pk short","Ganti kompresor bekas R.fhoto copy Lt.1 Graha re.2","600000","2024-01-18","140133","2024-06-04 13:29:21.000","NULL","NULL","NULL",0,"NULL","NULL","NULL"
1328,"PTRE-FM-1523_B","02681-GG-PRO-CFS-PTRE-13","Ac ruang keuangan recon rusak","Ganti kompresor Lt.1 Graha re.1","1600000","2024-01-04","140133","2024-06-04 13:30:33.000","NULL","NULL","NULL",0,"NULL","NULL","NULL"
1329,"PTRE-FM-1523_B","02681-GG-PRO-CFS-PTRE-13","Stp kontak ac rusak","Ganti stp kontak dengan MCB 10 A Graha re.2 lt ground","100000","2024-01-05","140133","2024-06-04 13:33:07.000","NULL","NULL","NULL",0,"NULL","NULL","NULL"
1330,"PTRE-FM-1523_B","02681-GG-PRO-CFS-PTRE-13","Meja smoke rusak meja bundar","Di perbaiki Lok GRaha re.2","0","2024-01-05","140133","2024-06-04 13:34:39.000","NULL","NULL","NULL",0,"NULL","NULL","NULL"
1331,"PTRE-FM-1523_B","02681-GG-PRO-CFS-PTRE-13","Ac daikin 2pk error","Ganti 1 unit capasitor Lt.Ground Graha RE.2","150000","2024-01-03","140133","2024-06-04 13:35:53.000","NULL","NULL","NULL",0,"NULL","NULL","NULL"
1332,"PTRE-FM-1523_B","02681-GG-PRO-CFS-PTRE-13","plafon bocor dari longdus ac","Di proteksi kembali ac panasonic 1 pk Graha re.2","0","2024-06-04","140133","2024-06-04 13:37:46.000","NULL","NULL","NULL",0,"NULL","NULL","NULL"
1333,"PTRE-FM-1523_B","02681-GG-PRO-CFS-PTRE-13","Lampu tangga dan toilet mati","Di ganti lampu baru 3 pcs lampu pijar Lt.1 Graha re.2","111000","2024-01-04","140133","2024-06-04 13:39:44.000","NULL","NULL","NULL",0,"NULL","NULL","NULL"
1334,"PTRE-FM-1523_B","02681-GG-PRO-CFS-PTRE-13","Ac hse kurang dingin","Tambah freon 1,5 psi ex.reto Graha re.2","470000","2024-01-03","140133","2024-06-04 13:41:03.000","NULL","NULL","NULL",0,"NULL","NULL","NULL"
1335,"PTRE-FM-1523_B","02681-GG-PRO-CFS-PTRE-13","Ac R.dirut operational kurang dingin","Taambah freon r 410 Lt.2 Graha re.2","70000","2024-01-02","140133","2024-06-04 13:42:49.000","NULL","NULL","NULL",0,"NULL","NULL","NULL"
1336,"PTRE-FM-1523_B","02681-GG-PRO-CFS-PTRE-13","Pentilasi ac bocor","Rongga kebocoran di tutup pakai ductip Lt.1 Graha re.2 ","0","2024-01-04","140133","2024-06-04 14:08:23.000","NULL","NULL","NULL",0,"NULL","NULL","NULL"
1337,"PTRE-FM-1523_B","02681-GG-PRO-CFS-PTRE-13","Shower lantai 3 rusak","Ganti baru merk onda  Lanti 3 Graha Re.1","135000","2024-02-26","140133","2024-06-04 14:09:36.000","NULL","NULL","NULL",0,"NULL","NULL","NULL"
1338,"PTRE-FM-1523_B","02681-GG-PRO-CFS-PTRE-13","Lampu emergency error","Perbaikan balast emergency  di pengisian Lt.1 Graha re.1","0","2024-02-25","140133","2024-06-04 14:10:43.000","NULL","NULL","NULL",0,"NULL","NULL","NULL"
1339,"PTRE-FM-1523_B","02681-GG-PRO-CFS-PTRE-13","Lampu putus di ruang parkus","Ganti lampu baru Lt.2 Graha re.1 Lampu pijar 11 watt","37000","2024-02-26","140133","2024-06-04 14:12:12.000","NULL","NULL","NULL",0,"NULL","NULL","NULL"
1340,"PTRE-FM-1523_B","02681-GG-PRO-CFS-PTRE-13","Lampu putus di Hrm Lt.mezz Graha re.1","Ganti lampu krisbow 11 watt 1 pcs ","37000","2024-02-22","140133","2024-06-04 14:15:57.000","NULL","NULL","NULL",0,"NULL","NULL","NULL"
1341,"PTRE-FM-1523_B","02681-GG-PRO-CFS-PTRE-13","Pt2 tidak menyala","Perbaikan conect sen internet Graha re.1 lt.roof ","0","2024-02-06","140133","2024-06-04 14:17:25.000","NULL","NULL","NULL",0,"NULL","NULL","NULL"
1342,"PTRE-FM-1523_B","02681-GG-PRO-CFS-PTRE-13","Laci meja marketing rusak","Ganti triplek yang rusak R.Marketing Graha re.1 lt.1","0","2024-02-22","140133","2024-06-04 14:18:31.000","NULL","NULL","NULL",0,"NULL","NULL","NULL"
1343,"PTRE-FM-1523_B","02681-GG-PRO-CFS-PTRE-13","Hidrant box berkarat","Di cat ulang Graha re.1 Lt.4","0","2024-02-19","140133","2024-06-04 14:19:38.000","NULL","NULL","NULL",0,"NULL","NULL","NULL"
1344,"PTRE-FM-1523_B","02681-GG-PRO-CFS-PTRE-13","P inspektion diesel hidrant","Pengecekan rutin dan running Graha re.1 ruang pompa","0","2024-02-28","140133","2024-06-04 14:21:38.000","NULL","NULL","NULL",0,"NULL","NULL","NULL"
1345,"PTRE-FM-1523_B","02681-GG-PRO-CFS-PTRE-13","Pengecekan berkala pencegah kebakaran","Pengecekan rutin Graha re.1","0","2024-02-28","140133","2024-06-04 14:22:33.000","NULL","NULL","NULL",0,"NULL","NULL","NULL"
1346,"PTRE-FM-1523_B","02681-GG-PRO-CFS-PTRE-13","Pengecekan ac server rutin","Pengecekan rutin Graha re.1 dan 2","0","2024-02-28","140133","2024-06-04 14:23:47.000","NULL","NULL","NULL",0,"NULL","NULL","NULL"
1347,"PTRE-FM-1523_B","02681-GG-PRO-CFS-PTRE-13","Pengecekan solar panel","Pengecekan rutin Graha re.1","0","2024-02-28","140133","2024-06-04 14:24:42.000","NULL","NULL","NULL",0,"NULL","NULL","NULL"
1348,"PTRE-FM-1523_B","02681-GG-PRO-CFS-PTRE-13","Pengecekan rutin cctv","Pengecekan rutin Graha re.1 dan 2","0","2024-02-28","140133","2024-06-04 14:25:50.000","NULL","NULL","NULL",0,"NULL","NULL","NULL"
1349,"PTRE-FM-1523_B","02681-GG-PRO-CFS-PTRE-13","Pengecekan rutinspiker","Pengecekan rutin per lantai Graha re.1 dan 2","0","2024-02-28","140133","2024-06-04 14:27:32.000","NULL","NULL","NULL",0,"NULL","NULL","NULL"
1350,"PTRE-FM-1523_B","02681-GG-PRO-CFS-PTRE-13","Perawatan stp","Di cek rutin Graha re1 dan 2","0","2024-02-28","140133","2024-06-04 14:28:37.000","NULL","NULL","NULL",0,"NULL","NULL","NULL"
1351,"PTRE-FM-1523_B","02681-GG-PRO-CFS-PTRE-13","Fire figting hidrant","Measin bagus tidak ada masalah  Graha re.1","0","2024-02-28","140133","2024-06-04 14:29:42.000","NULL","NULL","NULL",0,"NULL","NULL","NULL"
1352,"PTRE-FM-1523_B","02681-GG-PRO-CFS-PTRE-13","Pengecekan ampere meter listrik","Pengecekan rutin Graha re.1 dan 2","0","2024-02-28","140133","2024-06-04 14:31:33.000","NULL","NULL","NULL",0,"NULL","NULL","NULL"
1353,"PTRE-FM-1523_B","02681-GG-PRO-CFS-PTRE-13","Pengecekan fire alarm , smok dll","Setelah di cek semua komponen dalam keadaan baik Graha re.1","0","2024-02-29","140133","2024-06-04 14:32:46.000","NULL","NULL","NULL",0,"NULL","NULL","NULL"
1354,"PTRE-FM-1523_B","02681-GG-PRO-CFS-PTRE-13","Pengecekan box hidrant","Kondisi box ada yang sudah rusak perlu di ganti Graha re.1","0","2024-02-29","140133","2024-06-04 14:33:48.000","NULL","NULL","NULL",0,"NULL","NULL","NULL"
1355,"PTRE-FM-1523_B","02681-GG-PRO-CFS-PTRE-13","inspeksi diesel","Pengecekan berkala Graha re.1","0","2024-02-29","140133","2024-06-04 14:34:40.000","NULL","NULL","NULL",0,"NULL","NULL","NULL"
1356,"PTRE-FM-1523_B","02681-GG-PRO-CFS-PTRE-13","Lt.2 bocor di tangga exit","Sielent jendela exit Graha re.1 lt.2","0","2024-06-04","140133","2024-06-04 14:35:58.000","NULL","NULL","NULL",0,"NULL","NULL","NULL"
1357,"PTRE-FM-1523_B","02681-GG-PRO-CFS-PTRE-13","Plafon bocor di loby,toilet Graha re.2","Perbaikan bocoran atap sielent ulang","0","2024-02-05","140133","2024-06-04 14:37:08.000","NULL","NULL","NULL",0,"NULL","NULL","NULL"
1358,"PTRE-FM-1523_B","02681-GG-PRO-CFS-PTRE-13","Lampu pijar tangga exit mati","Ganti 1 pcs lampu pijar krisbow 11 watt Lt.2 Graha re.2","41500","2024-03-13","140133","2024-06-04 14:38:38.000","NULL","NULL","NULL",0,"NULL","NULL","NULL"
1359,"PTRE-FM-1523_B","02681-GG-PRO-CFS-PTRE-13","Plan bawah belakang tempat duduk copot","Pasang kembali plan di Graha re.2 Lt.ground","0","2024-02-05","140133","2024-06-04 14:39:59.000","NULL","NULL","NULL",0,"NULL","NULL","NULL"
1360,"PTRE-FM-1523_B","02681-GG-PRO-CFS-PTRE-13","Plafon tilet pria , loby Bocor","Perbaikan toilet dan plafon di perbaiki pak bandi Graha re.2 Lt.Ground","0","2024-02-05","140133","2024-06-04 14:41:47.000","NULL","NULL","NULL",0,"NULL","NULL","NULL"
1361,"PTRE-FM-1523_B","02681-GG-PRO-CFS-PTRE-13","Tangga exit lt.2 bocor","Perbaikan kaca dan dinding bingkai pakai sealant Graha re.1 lt.2","28000","2024-02-05","140133","2024-06-04 14:43:05.000","NULL","NULL","NULL",0,"NULL","NULL","NULL"
1362,"PTRE-FM-1523_B","02681-GG-PRO-CFS-PTRE-13","Walpaper rusak di ruang sp3d","Bersihkan wallpaper rusak ganti baru Lt.mezz Gragha Re.1","0","2024-01-29","140133","2024-06-04 14:45:05.000","NULL","NULL","NULL",0,"NULL","NULL","NULL"
1363,"PTRE-FM-1523_B","02681-GG-PRO-CFS-PTRE-13","Dak toilet pria lt.4 masih bocor","Perbaikan atap titik bocoran dekat toren Lt.roof Graha re.1","0","2024-06-04","140133","2024-06-04 14:47:00.000","NULL","NULL","NULL",0,"NULL","NULL","NULL"
1364,"PTRE-FM-1523_B","02681-GG-PRO-CFS-PTRE-13","Tirai keuangan dekat mas boby copot","Pasang kembali kuncian tirai Graha re.1 Lt.2","0","2024-02-05","140133","2024-06-04 14:48:00.000","NULL","NULL","NULL",0,"NULL","NULL","NULL"
1365,"PTRE-FM-1523_B","02681-GG-PRO-CFS-PTRE-13","Buatkan sign pintu rumah lift","Buat sign rumah lift Lt.4 Graha re,1","0","2024-02-19","140133","2024-06-04 14:49:09.000","NULL","NULL","NULL",0,"NULL","NULL","NULL"
1366,"PTRE-FM-1523_B","02681-GG-PRO-CFS-PTRE-13","Box hidrant berkarat","Cat ulang box hidrant 2 unit Di lt.3-4 Graha re.1","0","2024-02-19","140133","2024-06-04 14:50:53.000","NULL","NULL","NULL",0,"NULL","NULL","NULL"
1367,"PTRE-FM-1523_B","02681-GG-PRO-CFS-PTRE-13","Stop kontak ac rusak ","Di ganti dengan mcb 10A Meja bundar Lt.mezz Graha re.1","78000","2024-03-01","140133","2024-06-04 14:52:10.000","NULL","NULL","NULL",0,"NULL","NULL","NULL"
1368,"PTRE-FM-1523_B","02681-GG-PRO-CFS-PTRE-13","Lampu di ruang truntum mati","Ganti lampu baru Led 16 watt 1 pcs R.truntum Graha Re.1","55000","2024-02-28","140133","2024-06-04 14:53:29.000","NULL","NULL","NULL",0,"NULL","NULL","NULL"
1369,"PTRE-FM-1523_B","02681-GG-PRO-CFS-PTRE-13","Lampu tangga darurat mati","Ganti baru led 8 watt 2 pcs Graha re.1","90000","2024-06-04","140133","2024-06-04 14:54:23.000","NULL","NULL","NULL",0,"NULL","NULL","NULL"
1370,"PTRE-FM-1523_B","02681-GG-PRO-CFS-PTRE-13","Service bulanan","Cek oli,pintu lift luar dalam Graha re.1","0","2024-02-27","140133","2024-06-04 14:55:18.000","NULL","NULL","NULL",0,"NULL","NULL","NULL"
1371,"PTRE-FM-1523_B","02681-GG-PRO-CFS-PTRE-13","Pengecekan ac server ,lift dan air baku","Pengecekan rutin Graha re.1 dan 2","0","2024-03-02","140133","2024-06-04 14:56:09.000","NULL","NULL","NULL",0,"NULL","NULL","NULL"
1372,"PTRE-FM-1523_B","02681-GG-PRO-CFS-PTRE-13","Plafon rusak","Potong grc sesuai lobang yang rusak dan perbaiki lagi Lt.roof samping mega mendung Graha re.1","0","2024-02-19","140133","2024-06-04 14:57:34.000","NULL","NULL","NULL",0,"NULL","NULL","NULL"
1373,"PTRE-FM-1523_B","02681-GG-PRO-CFS-PTRE-13","Ganti pembuangan air","Potong penutup,buat lobang baru dan pasang pembuangan air baru Lt.4 Graha re.;1","0","2024-03-19","140133","2024-06-04 14:58:36.000","NULL","NULL","NULL",0,"NULL","NULL","NULL"
1374,"PTRE-FM-1523_B","02681-GG-PRO-CFS-PTRE-13","Sensor remot ac daikin server rusak","Ganti remot baru Graha re.1 Lantai ex.reto","0","2024-02-06","140133","2024-06-04 15:00:19.000","NULL","NULL","NULL",0,"NULL","NULL","NULL"
1375,"PTRE-FM-1523_B","02681-GG-PRO-CFS-PTRE-13","Lampu krisbow depan basemant rusak","Ganti baru lampu pijar 11 watt 1pcs Graha re.2","37000","2024-02-18","140133","2024-06-04 15:02:12.000","NULL","NULL","NULL",0,"NULL","NULL","NULL"
1376,"PTRE-FM-1523_B","02681-GG-PRO-CFS-PTRE-13","Lampu truntum mati Tl 18 watt","Ganti lampu baru Led 18 watt Graha re.1","55000","2024-02-28","140133","2024-06-04 15:04:17.000","NULL","NULL","NULL",0,"NULL","NULL","NULL"
1377,"PTRE-FM-1523_B","02681-GG-PRO-CFS-PTRE-13","Kulkas tidak dingin","Tambah stp ban Lt.1 Graha re.1","60000","2024-03-04","140133","2024-06-04 15:06:54.000","NULL","NULL","NULL",0,"NULL","NULL","NULL"
1378,"PTRE-FM-1523_B","02681-GG-PRO-CFS-PTRE-13","Lampu exit mati","Ganti baru lampu Exit 1 pcs tangga exit Graha re.1","45000","2024-02-28","140133","2024-06-04 15:08:04.000","NULL","NULL","NULL",0,"NULL","NULL","NULL"
1379,"PTRE-FM-1523_B","02681-GG-PRO-CFS-PTRE-13","Memperbaiki penataan kabel dan di berikan pelindung","Rapihkan kabel di tutup dengan lakban Lt.3 Graha re.1","0","2024-02-09","140133","2024-06-04 15:10:18.000","NULL","NULL","NULL",0,"NULL","NULL","NULL"
1380,"PTRE-FM-1523_B","02681-GG-PRO-CFS-PTRE-13","Penambahan kabel setensen stop kontak","Tambah baru stop kontak Graha re.1 Lt.1","65000","2024-03-04","140133","2024-06-04 15:12:11.000","NULL","NULL","NULL",0,"NULL","NULL","NULL"
1381,"PTRE-FM-1523_B","02681-GG-PRO-CFS-PTRE-13","Lampu tl 8 watt 2 pcs mati","Gnti baru lampu tl led Graha re.1","90000","2024-02-28","140133","2024-06-04 15:13:18.000","NULL","NULL","NULL",0,"NULL","NULL","NULL"
1382,"PTRE-FM-1523_B","02681-GG-PRO-CFS-PTRE-13","Lampu koridor 11 watt mati","Ganti baru lampu pijar 11 watt krisbow depan loby graha re.1","0","2024-02-07","140133","2024-06-04 15:14:25.000","NULL","NULL","NULL",0,"NULL","NULL","NULL"
1383,"PTRE-FM-1523_B","02681-GG-PRO-CFS-PTRE-13","Lampu ruangan meeting tiga negri mati","Ganti baru lampu led 16 watt 3 pcs Graha re.2","165000","2024-02-07","140133","2024-06-04 15:15:59.000","NULL","NULL","NULL",0,"NULL","NULL","NULL"
1384,"PTRE-FM-1523_B","02681-GG-PRO-CFS-PTRE-13","Lampu toilet Lt.lobby mati","Ganti baru lampu krisbow 11 watt 1 pcs Graha re.2","37000","2024-02-12","140133","2024-06-04 15:17:15.000","NULL","NULL","NULL",0,"NULL","NULL","NULL"
1385,"PTRE-FM-1523_B","02681-GG-PRO-CFS-PTRE-13","Lampu dalam sangkar lift mati 1","Ganti baru Lampu led 11 watt krisbow 1 pcs Graha re.1","28000","2024-03-04","140133","2024-06-04 15:19:13.000","NULL","NULL","NULL",0,"NULL","NULL","NULL"
1386,"PTRE-FM-1523_B","02681-GG-PRO-CFS-PTRE-13","Lampu ruang hidrant mati 36 watt","Ganti lampu baru Tl 36 watt 2pcs R.pompa graha re.1","130000","2024-03-04","140133","2024-06-05 09:30:21.000","NULL","NULL","NULL",0,"NULL","NULL","NULL"
1387,"PTRE-FM-1523_B","02681-GG-PRO-CFS-PTRE-13","Dinding bekas dempul haruas di cat","Cat ulang Tangga exit lantai 3 Graha re.1","0","2024-03-07","140133","2024-06-05 09:32:32.000","NULL","NULL","NULL",0,"NULL","NULL","NULL"
1388,"PTRE-FM-1523_B","02681-GG-PRO-CFS-PTRE-13","Wallpaper rusak ","Ganti wallpaper pakai wallpaper stok di sekar jagad Graha re.1","0","2024-02-19","140133","2024-06-05 09:34:03.000","NULL","NULL","NULL",0,"NULL","NULL","NULL"
1389,"PTRE-FM-1523_B","02681-GG-PRO-CFS-PTRE-13","Lampu pijar mati 1","Ganti baru lampu krisbow Lt.2 depan lift graha re.1","28000","2024-03-18","140133","2024-06-05 09:35:24.000","NULL","NULL","NULL",0,"NULL","NULL","NULL"
1390,"PTRE-FM-1523_B","02681-GG-PRO-CFS-PTRE-13","Stop kontak meja rusak","Ganti stop kontak baru ( uticon 1 lobang ) Mega mendung Lt.34 graha re.1","15000","2024-03-18","140133","2024-06-05 09:36:54.000","NULL","NULL","NULL",0,"NULL","NULL","NULL"
1391,"PTRE-FM-1523_B","02681-GG-PRO-CFS-PTRE-13","Bocoran di koridor depan koperasi ","Perbaikan plfon dengan pak bandi Koridor kantin Graha re.1","0","2024-01-31","140133","2024-06-05 09:38:46.000","NULL","NULL","NULL",0,"NULL","NULL","NULL"
1392,"PTRE-FM-1523_B","02681-GG-PRO-CFS-PTRE-13","Ac matin R.pm temporary Lt.1 Graha re.1","Tambah box+mcb ","120000","2024-03-03","140133","2024-06-05 09:40:19.000","NULL","NULL","NULL",0,"NULL","NULL","NULL"
1393,"PTRE-FM-1523_B","02681-GG-PRO-CFS-PTRE-13","Lampu depan toilet cowok Lt.3 mati","Ganti lampu baru Led 12watt 1pcsGraha re.1","41500","2024-03-04","140133","2024-06-05 09:42:20.000","NULL","NULL","NULL",0,"NULL","NULL","NULL"
1394,"PTRE-FM-1523_B","02681-GG-PRO-CFS-PTRE-13","Lampu lift mati 1","Lampu gantui baru dan ganti instalasi Lift Graha re.1","128000","2024-03-04","140133","2024-06-05 09:43:27.000","NULL","NULL","NULL",0,"NULL","NULL","NULL"
1395,"PTRE-FM-1523_B","02681-GG-PRO-CFS-PTRE-13","Lampu ruangan sp 3D mati","Ganti lampu baru tl 16watt 4 unit Lt.mezz graha re.1","0","2024-06-05","140133","2024-06-05 09:44:38.000","NULL","NULL","NULL",0,"NULL","NULL","NULL"
1396,"PTRE-FM-1523_B","02681-GG-PRO-CFS-PTRE-13","Lampu mati di sp 3D","Ganti lampu Led 16 watt 2 unit Lt.mezz graha re.1","110000","2024-03-05","140133","2024-06-05 09:45:47.000","NULL","NULL","NULL",0,"NULL","NULL","NULL"
1397,"PTRE-FM-1523_B","02681-GG-PRO-CFS-PTRE-13","Ac rusak di ruang keuangan Lt.2","Tambah freon R410 Lt.2 Graha re.1","100000","2024-03-06","140133","2024-06-05 09:47:17.000","NULL","NULL","NULL",0,"NULL","NULL","NULL"
1398,"PTRE-FM-1523_B","02681-GG-PRO-CFS-PTRE-13","Ac marketing Lt.2 Graha re.1 kurang dingin","Tambah freon r.32 ","100000","2024-03-06","140133","2024-06-05 09:49:27.000","NULL","NULL","NULL",0,"NULL","NULL","NULL"
1399,"PTRE-FM-1523_B","02681-GG-PRO-CFS-PTRE-13","Perbaikan ac koperasi Graha re.1 koperasi","Perbaikan input power ac koperasi ","0","2024-03-06","140133","2024-06-05 09:50:36.000","NULL","NULL","NULL",0,"NULL","NULL","NULL"
1400,"PTRE-FM-1523_B","02681-GG-PRO-CFS-PTRE-13","Kurang kabel di ruang pep","Pasang  / tambah external BM Lt.1 Tepmporary Graha re.1","120000","2024-06-05","140133","2024-06-05 09:54:00.000","NULL","NULL","NULL",0,"NULL","NULL","NULL"
1401,"PTRE-FM-1523_B","02681-GG-PRO-CFS-PTRE-13","Lampu putus tangga darurat","Ganti baru lapu krisbow 12 watt 2 pcs Graha re.2 lt.1","83000","2024-03-06","140133","2024-06-05 10:02:34.000","NULL","NULL","NULL",0,"NULL","NULL","NULL"
1402,"PTRE-FM-1523_B","02681-GG-PRO-CFS-PTRE-13","Figing kekurangan ","Tes dan figing ulang bersama ob alek dan angga Graha re.1 dan 2 semua lantai","0","2024-03-07","140133","2024-06-05 10:04:58.000","NULL","NULL","NULL",0,"NULL","NULL","NULL"
1403,"PTRE-FM-1523_B","02681-GG-PRO-CFS-PTRE-13","Pengecasan accu genset","Chager accu genset Graha re.2 halaman depan","0","2024-03-07","140133","2024-06-05 10:05:52.000","NULL","NULL","NULL",0,"NULL","NULL","NULL"
1404,"PTRE-FM-1523_B","02681-GG-PRO-CFS-PTRE-13","Lamapu lift mati  lebih dari satu dan di install tidak menyala","Ganti instalasi kabel baru R.lift Graha re.1","100000","2024-03-07","140133","2024-06-05 10:07:40.000","NULL","NULL","NULL",0,"NULL","NULL","NULL"
1405,"PTRE-FM-1523_B","02681-GG-PRO-CFS-PTRE-13","Kabel kurang di lantai satu","Tambah kabel BAM Lantai 1 instrument Graha re.1","120000","2024-03-07","140133","2024-06-05 10:08:49.000","NULL","NULL","NULL",0,"NULL","NULL","NULL"
1406,"PTRE-FM-1523_B","02681-GG-PRO-CFS-PTRE-13","Lampu putus di atas sekertaris direksi","Ganti baru lampu TL 16 watt 1 pcs GRaha re.1 Lt.2","55000","2024-03-08","140133","2024-06-05 10:10:31.000","NULL","NULL","NULL",0,"NULL","NULL","NULL"
1407,"PTRE-FM-1523_B","02681-GG-PRO-CFS-PTRE-13","Lampu mati di lantai mezzanin","Ganti lampu baru Tl 16watt 2 pcs Graha re.1","110000","2024-03-08","140133","2024-06-05 10:12:01.000","NULL","NULL","NULL",0,"NULL","NULL","NULL"
1408,"PTRE-FM-1523_B","02681-GG-PRO-CFS-PTRE-13","Ac koperasi mati","Trackin jalur kabel input Koperasi Graha re.1","0","2024-03-08","140133","2024-06-05 10:13:31.000","NULL","NULL","NULL",0,"NULL","NULL","NULL"
1409,"PTRE-FM-1523_B","02681-GG-PRO-CFS-PTRE-13","Lampu lift putus","Ganti baru lampu lift Graha re.1","28000","2024-03-08","140133","2024-06-05 10:14:54.000","NULL","NULL","NULL",0,"NULL","NULL","NULL"
1410,"PTRE-FM-1523_B","02681-GG-PRO-CFS-PTRE-13","Lampu toilet Lt 1 mati","Ganti lampu baru pijar 11 watt  Lt.1 Graha re.1","28000","2024-04-18","140133","2024-06-05 10:17:05.000","NULL","NULL","NULL",0,"NULL","NULL","NULL"
1411,"PTRE-FM-1523_B","02681-GG-PRO-CFS-PTRE-13","dfinding harus di dempul dan di cat","Dempul pakai semen putih dan cat ulang Lt.4 Graha re..1","0","2024-03-07","140133","2024-06-05 10:18:34.000","NULL","NULL","NULL",0,"NULL","NULL","NULL"
1412,"PTRE-FM-1523_B","02681-GG-PRO-CFS-PTRE-13","Suara figging ceiling panel kurang merata","Setting ulang volume kontrol Graha re.1 dan 2","0","2024-03-09","140133","2024-06-05 10:22:21.000","NULL","NULL","NULL",0,"NULL","NULL","NULL"
1413,"PTRE-FM-1523_B","02681-GG-PRO-CFS-PTRE-13","Ruang tidak ada sirkulasi udara","Pasang exos fan dan instalasi kabel Graha re.1 temporary reto","811000","2024-03-09","140133","2024-06-05 10:24:30.000","NULL","NULL","NULL",0,"NULL","NULL","NULL"
1414,"PTRE-FM-1523_B","02681-GG-PRO-CFS-PTRE-13","Lampu  lift mati","Ganti baru 2pcs led Graha re.1","58000","2024-03-13","140133","2024-06-05 10:25:19.000","NULL","NULL","NULL",0,"NULL","NULL","NULL"
1415,"PTRE-FM-1523_B","02681-GG-PRO-CFS-PTRE-13","Lampu tangga darurat mati","Ganti baru led 16 watt 1 pcs Graha re.1","415000","2024-03-13","140133","2024-06-05 10:28:01.000","NULL","NULL","NULL",0,"NULL","NULL","NULL"
1416,"PTRE-FM-1523_B","02681-GG-PRO-CFS-PTRE-13","Bak kontrol air rusak","Di perbaiki di cor Graha re .1","0","2024-03-13","140133","2024-06-05 10:29:00.000","NULL","NULL","NULL",0,"NULL","NULL","NULL"
1417,"PTRE-FM-1523_B","02681-GG-PRO-CFS-PTRE-13","Toilet cowok urinalnya bocor","Di perbaiki Lt.2 Grajha re.1","0","2024-03-15","140133","2024-06-05 10:30:21.000","NULL","NULL","NULL",0,"NULL","NULL","NULL"
1418,"PTRE-FM-1523_B","02681-GG-PRO-CFS-PTRE-13","Lmapu pijart 12watt mati","Ganti baru krisbow 11 wat R.parkus Lt.2 Graha re.1","41500","2024-03-18","140133","2024-06-05 10:32:43.000","NULL","NULL","NULL",0,"NULL","NULL","NULL"
1419,"PTRE-FM-1523_B","02681-GG-PRO-CFS-PTRE-13","Lampu Tl 8 watt mati","Ganti baru lampu Tl 8 watt 2 pcs Lt.2 Graha re.1","90000","2024-03-18","140133","2024-06-05 10:39:40.000","NULL","NULL","NULL",0,"NULL","NULL","NULL"
1420,"PTRE-FM-1523_B","02681-GG-PRO-CFS-PTRE-13","Lampu di ruangan PM mati ","Ganti baru Led 18 watt ( 20 pcs )  Lt.1 Graha re.1","0","2024-03-18","140133","2024-06-05 10:42:32.000","NULL","NULL","NULL",0,"NULL","NULL","NULL"
1421,"PTRE-FM-1523_B","02681-GG-PRO-CFS-PTRE-13","Ganti ac baru R.keuangan","Ganti baru ac 1pk Lt.2 Graha re.1","0","2024-03-24","140133","2024-06-05 11:11:31.000","NULL","NULL","NULL",0,"NULL","NULL","NULL"
1422,"PTRE-FM-1523_B","02681-GG-PRO-CFS-PTRE-13","Lampu direksi keuangan mati","Ganti baru lampu Led 18 watt  4 pcs Lt.2 Graha Re.1","0","2024-03-01","140133","2024-06-05 11:13:06.000","NULL","NULL","NULL",0,"NULL","NULL","NULL"
1423,"PTRE-FM-1523_B","02841-ACC-AP-CFS-PTRE-14","Masa Berlaku Apar sdh habis","Isi Ulang Berkala","150.000","2024-06-05","130090","2024-06-05 14:12:46.000","NULL","NULL","NULL",0,"NULL","NULL","NULL"
1424,"PTRE-FM-1523_B","02840-ACC-AP-CFS-PTRE-14","Masa Aktif sdh habis","Isi Ulang Berkala","150.000","2024-06-05","130090","2024-06-05 14:17:22.000","NULL","NULL","NULL",0,"NULL","NULL","NULL"
1425,"PTRE-FM-1523_B","02839-ACC-AP-CFS-PTRE-14","Masa berlaku sudah habis","Isi ulang apar","150.000","2024-06-05","130090","2024-06-05 14:21:34.000","NULL","NULL","NULL",0,"NULL","NULL","NULL"
1426,"PTRE-FM-1523_B","02838-ACC-AP-CFS-PTRE-14","Masa aktif sudah habis","Isi ulang Apar","150.000","2024-06-05","130090","2024-06-05 14:23:37.000","NULL","NULL","NULL",0,"NULL","NULL","NULL"
1427,"PTRE-FM-1523_B","02837-ACC-AP-CFS-PTRE-14","Masa Aktif sudah habis","Isi ulang berkala","150.000","2024-06-05","130090","2024-06-05 14:56:15.000","NULL","NULL","NULL",0,"NULL","NULL","NULL"
1428,"PTRE-FM-1523_B","02836-ACC-AP-CFS-PTRE-14","Masa Aktif Sudah habis","Isi ulang apar","160.000","2024-06-05","130090","2024-06-05 14:57:41.000","NULL","NULL","NULL",0,"NULL","NULL","NULL"
1429,"PTRE-FM-1523_B","02835-ACC-AP-CFS-PTRE-14","Masa Aktif sudah habis","Isi ulang Berkala","150.000","2024-06-05","130090","2024-06-05 14:58:53.000","NULL","NULL","NULL",0,"NULL","NULL","NULL"
1430,"PTRE-FM-1523_B","03167-SIN--CFS-PTRE-14","Ac kotor","Cuci berkala ","0","2024-06-05","140133","2024-06-05 16:18:08.000","NULL","NULL","NULL",0,"NULL","NULL","NULL"
1431,"PTRE-FM-1523_B","02714-ACC-AC-CFS-PTRE-17","Ac kotor","Cuci berkala","0","2024-06-05","140133","2024-06-05 16:19:43.000","NULL","NULL","NULL",1,"2024-06-05 16:30:23.000","230180","NULL"
1432,"PTRE-FM-1523_B","02714-ACC-AC-CFS-PTRE-17","Ac kotor ","Cuci berkala","0","2024-06-05","140133","2024-06-05 16:20:27.000","NULL","NULL","NULL",0,"NULL","NULL","NULL"
1433,"PTRE-FM-1523_B","02706-ACC-AC-CFS-PTRE-19","Ac kotor dan kurang freon","Perawatan berkala dan tambah freon","0","2024-06-05","140133","2024-06-05 16:22:21.000","NULL","NULL","NULL",0,"NULL","NULL","NULL"
1434,"PTRE-FM-1523_B","02713-ACC-AC-CFS-PTRE-16","Ac kotor ","Perawatan berkala","0","2024-06-05","140133","2024-06-05 16:23:03.000","NULL","NULL","NULL",0,"NULL","NULL","NULL"
1435,"PTRE-FM-1523_B","02703-ACC-AC-CFS-PTRE-19","Ac kotor dan kurang freon","Perawatan berkala dan di tambah freon","0","2024-06-05","140133","2024-06-05 16:24:30.000","NULL","NULL","NULL",0,"NULL","NULL","NULL"
1436,"PTRE-FM-1523_B","02699-ACC-AC-CFS-PTRE-19","Ac kotor dan ada kebocoran air netes","Perawatan berkala dan perbaiki pipa pembuangan ac","0","2024-06-05","140133","2024-06-05 16:25:51.000","NULL","NULL","NULL",0,"NULL","NULL","NULL"
1437,"PTRE-FM-1523_B","02712-ACC-AC-CFS-PTRE-16","Ac kotor ","Perawatan berkala","0","2024-06-05","140133","2024-06-05 16:27:32.000","NULL","NULL","NULL",0,"NULL","NULL","NULL"
1438,"PTRE-FM-1523_B","02711-ACC-AC-CFS-PTRE-16","Ac kotor","Perawatan berkala","0","2024-06-05","230180","2024-06-05 16:31:50.000","NULL","NULL","NULL",0,"NULL","NULL","NULL"
1439,"PTRE-FM-1523_B","02710-ACC-AC-CFS-PTRE-18","Ac kotor","Perawatan berkala","0","2024-06-05","230180","2024-06-05 16:32:26.000","NULL","NULL","NULL",0,"NULL","NULL","NULL"
1440,"PTRE-FM-1523_B","02709-ACC-AC-CFS-PTRE-19","Ac kotor","Perawatan berkala","0","2024-06-05","230180","2024-06-05 16:33:18.000","NULL","NULL","NULL",0,"NULL","NULL","NULL"
1441,"PTRE-FM-1523_B","02708-ACC-AC-CFS-PTRE-19","Ac kotor","Perawatan berkala","0","2024-06-05","230180","2024-06-05 16:33:45.000","NULL","NULL","NULL",0,"NULL","NULL","NULL"
1442,"PTRE-FM-1523_B","02707-ACC-AC-CFS-PTRE-19","Ac kotor","Perawatan berkala","0","2024-06-05","230180","2024-06-05 16:34:17.000","NULL","NULL","NULL",0,"NULL","NULL","NULL"
1443,"PTRE-FM-1523_B","02705-ACC-AC-CFS-PTRE-19","Ac kotor","Perawatan berkala","0","2024-06-05","230180","2024-06-05 16:34:57.000","NULL","NULL","NULL",0,"NULL","NULL","NULL"
1444,"PTRE-FM-1523_B","02704-ACC-AC-CFS-PTRE-18","Ac kotor","Perawatan berkala","0","2024-06-05","230180","2024-06-05 16:35:25.000","NULL","NULL","NULL",0,"NULL","NULL","NULL"
1445,"PTRE-FM-1523_B","02702-ACC-AC-CFS-PTRE-18","Ac kotor","Perawatan berkala","0","2024-06-05","230180","2024-06-05 16:36:07.000","NULL","NULL","NULL",0,"NULL","NULL","NULL"
1446,"PTRE-FM-1523_B","02701-ACC-AC-CFS-PTRE-19","Ac kotor","Perawatan berkala","0","2024-06-05","230180","2024-06-05 16:36:35.000","NULL","NULL","NULL",0,"NULL","NULL","NULL"
1447,"PTRE-FM-1523_B","02700-ACC-AC-CFS-PTRE-19","Ac kotor","Perawatan berkala","0","2024-06-05","230180","2024-06-05 16:37:37.000","NULL","NULL","NULL",0,"NULL","NULL","NULL"
1448,"PTRE-FM-1523_B","02698-ACC-AC-CFS-PTRE-18","Ac kotor","Perawatan berkala","0","2024-06-05","230180","2024-06-05 16:38:43.000","NULL","NULL","NULL",0,"NULL","NULL","NULL"
1449,"PTRE-FM-1523_B","02697-ACC-AC-CFS-PTRE-18","Ac kotor","Perawatan berkala","0","2024-06-05","230180","2024-06-05 16:39:08.000","NULL","NULL","NULL",0,"NULL","NULL","NULL"
1450,"PTRE-FM-1523_B","02696-ACC-AC-CFS-PTRE-19","Ac kotor","Perawatan berkala","0","2024-06-05","230180","2024-06-05 16:39:34.000","NULL","NULL","NULL",0,"NULL","NULL","NULL"
1451,"PTRE-FM-1523_B","02694-ACC-AC-CFS-PTRE-19","Ac kotor","Perawatan berkala","0","2024-06-05","230180","2024-06-05 16:40:17.000","NULL","NULL","NULL",0,"NULL","NULL","NULL"
1452,"PTRE-FM-1523_B","02694-ACC-AC-CFS-PTRE-19","Ac kotor","Perawatan berkala","0","2024-06-05","230180","2024-06-05 16:40:42.000","NULL","NULL","NULL",0,"NULL","NULL","NULL"
1453,"PTRE-FM-1523_B","02692-ACC-AC-CFS-PTRE-18","Ac kotor","Perawatan berkala","0","2024-06-05","230180","2024-06-05 16:41:10.000","NULL","NULL","NULL",0,"NULL","NULL","NULL"
1454,"PTRE-FM-1523_B","02691-ACC-AC-CFS-PTRE-18","Ac kotor","Perawatan berkala","0","2024-06-05","230180","2024-06-05 16:41:34.000","NULL","NULL","NULL",0,"NULL","NULL","NULL"
1455,"PTRE-FM-1523_B","02690-ACC-AC-CFS-PTRE-22","Ac kotor","Perawatan berkala","0","2024-06-05","230180","2024-06-05 16:41:54.000","NULL","NULL","NULL",0,"NULL","NULL","NULL"
1456,"PTRE-FM-1523_B","02689-ACC-AC-CFS-PTRE-22","Ac kotor","Perawatan berkala","0","2024-06-05","230180","2024-06-05 16:42:18.000","NULL","NULL","NULL",0,"NULL","NULL","NULL"
1457,"PTRE-FM-1523_B","02688-ACC-AC-CFS-PTRE-22","Ac kotor","Perawatan berkala","0","2024-06-05","230180","2024-06-05 16:42:38.000","NULL","NULL","NULL",0,"NULL","NULL","NULL"
1458,"PTRE-FM-1523_B","02687-ACC-AC-CFS-PTRE-22","Ac kotor","Perawatan berkala","0","2024-06-05","230180","2024-06-05 16:43:01.000","NULL","NULL","NULL",0,"NULL","NULL","NULL"
1459,"PTRE-FM-1523_B","02686-ACC-AC-CFS-PTRE-22","Ac kotor","Perawatan berkala","0","2024-06-05","230180","2024-06-05 16:43:23.000","NULL","NULL","NULL",0,"NULL","NULL","NULL"
1460,"PTRE-FM-1523_B","02685-ACC-AC-CFS-PTRE-14","Ac kotor","Perawatan berkala","0","2024-06-05","230180","2024-06-05 16:43:45.000","NULL","NULL","NULL",0,"NULL","NULL","NULL"
1461,"PTRE-FM-1523_B","02684-ACC-AC-CFS-PTRE-14","Ac kotor","Perawatan berkala","0","2024-06-05","230180","2024-06-05 16:44:08.000","NULL","NULL","NULL",0,"NULL","NULL","NULL"
1462,"PTRE-FM-1523_B","02676-ACC-AC-CFS-PTRE-13","Ac kotor","Perawatan berkala","0","2024-06-05","230180","2024-06-05 16:44:31.000","NULL","NULL","NULL",0,"NULL","NULL","NULL"
1463,"PTRE-FM-1523_B","02675-ACC-AC-CFS-PTRE-13","Ac outdor rusak","Dalam proses pergantian ","0","2024-06-05","230180","2024-06-05 16:44:55.000","NULL","NULL","NULL",0,"NULL","NULL","NULL"
1464,"PTRE-FM-1523_B","02674-ACC-AC-CFS-PTRE-22","Ac kotor","Perawatan berkala","0","2024-06-05","230180","2024-06-05 16:45:56.000","NULL","NULL","NULL",0,"NULL","NULL","NULL"
1465,"PTRE-FM-1523_B","02673-ACC-AC-CFS-PTRE-22","Ac kotor","Perawatan berkala","0","2024-06-05","230180","2024-06-05 16:46:25.000","NULL","NULL","NULL",0,"NULL","NULL","NULL"
1466,"PTRE-FM-1523_B","02683-ACC-AC-CFS-PTRE-14","Ac kotor","Perawatan berkala","0","2024-06-06","230180","2024-06-06 08:43:35.000","NULL","NULL","NULL",0,"NULL","NULL","NULL"
1467,"PTRE-FM-1523_B","02682-ACC-AC-CFS-PTRE-14","Ac  kotor","Perawatan berkala","0","2024-06-06","230180","2024-06-06 08:44:07.000","NULL","NULL","NULL",0,"NULL","NULL","NULL"
1468,"PTRE-FM-1523_B","02678-ACC-AC-CFS-PTRE-13","Ac kotor","Perawatan berkala","0","2024-06-06","230180","2024-06-06 08:44:54.000","NULL","NULL","NULL",0,"NULL","NULL","NULL"
1469,"PTRE-FM-1523_B","02718-ACC-AHU-CFS-PTRE-11","Ac kotor","Perawatan berkala","0","2024-06-06","230180","2024-06-06 08:46:00.000","NULL","NULL","NULL",0,"NULL","NULL","NULL"
1470,"PTRE-FM-1523_B","02717-ACC-AHU-CFS-PTRE-11","Ac kotor","Perawatan berkala","0","2024-06-06","230180","2024-06-06 08:46:19.000","NULL","NULL","NULL",0,"NULL","NULL","NULL"
1471,"PTRE-FM-1523_B","02716-ACC-AHU-CFS-PTRE-11","Ac kotor","Perawatan berkala","0","2024-06-06","230180","2024-06-06 08:46:44.000","NULL","NULL","NULL",0,"NULL","NULL","NULL"
1472,"PTRE-FM-1523_B","02715-ACC-AHU-CFS-PTRE-11","Ac kotor","Perawatan berkala","0","2024-06-06","230180","2024-06-06 08:47:04.000","NULL","NULL","NULL",0,"NULL","NULL","NULL"
1473,"PTRE-FM-1523_B","01331-SIN-AHU-CFS-PTRE-12","Ac kotor","Perawatan berkala","0","2024-06-06","230180","2024-06-06 08:47:22.000","NULL","NULL","NULL",0,"NULL","NULL","NULL"
1474,"PTRE-FM-1523_B","02677-ACC-AC-CFS-PTRE-20","Ac kotor","Perawatan berkala","0","2024-06-06","230180","2024-06-06 08:50:07.000","NULL","NULL","NULL",0,"NULL","NULL","NULL"
1475,"PTRE-FM-1523_B","02672-ACC-AC-CFS-PTRE-22","Ac kotor","Perawatan berkala","0","2024-06-06","230180","2024-06-06 08:52:30.000","NULL","NULL","NULL",0,"NULL","NULL","NULL"
1476,"PTRE-FM-1523_B","02671-ACC-AC-CFS-PTRE-18","Ac kotor","Perawatan berkala","0","2024-06-06","230180","2024-06-06 08:53:04.000","NULL","NULL","NULL",0,"NULL","NULL","NULL"
1477,"PTRE-FM-1523_B","02670-ACC-AC-CFS-PTRE-18","Ac kotor","Perawatan berkala","0","2024-06-06","230180","2024-06-06 08:53:32.000","NULL","NULL","NULL",0,"NULL","NULL","NULL"
1478,"PTRE-FM-1523_B","02668-ACC-AC-CFS-PTRE-19","Ac kotor","Perawatan berkala","0","2024-06-06","230180","2024-06-06 08:53:57.000","NULL","NULL","NULL",0,"NULL","NULL","NULL"
1479,"PTRE-FM-1523_B","02667-ACC-AC-CFS-PTRE-12","Ac kotor","Perawatan berkala","0","2024-06-06","230180","2024-06-06 08:54:23.000","NULL","NULL","NULL",1,"2024-06-06 08:55:01.000","230180","NULL"
1480,"PTRE-FM-1523_B","02667-ACC-AC-CFS-PTRE-12","Ac kotor","Perawatan berkala","0","2024-06-06","230180","2024-06-06 08:54:50.000","NULL","NULL","NULL",0,"NULL","NULL","NULL"
1481,"PTRE-FM-1523_B","02665-ACC-AC-CFS-PTRE-19","Ac kotor","Perawatan berkala","0","2024-06-06","230180","2024-06-06 08:55:21.000","NULL","NULL","NULL",0,"NULL","NULL","NULL"
1482,"PTRE-FM-1523_B","02664-ACC-AC-CFS-PTRE-19","Ac kotor","Perawatan berkala","0","2024-06-06","230180","2024-06-06 08:55:45.000","NULL","NULL","NULL",0,"NULL","NULL","NULL"
1483,"PTRE-FM-1523_B","02663-ACC-AC-CFS-PTRE-19","Ac kotor","Perawatan berkala","0","2024-06-06","230180","2024-06-06 08:56:13.000","NULL","NULL","NULL",0,"NULL","NULL","NULL"
1484,"","02662-ACC-AC-CFS-PTRE-20","Ac  kotor","Perawatan berkala","0","2024-06-06","230180","2024-06-06 08:56:32.000","NULL","NULL","NULL",0,"NULL","NULL","NULL"
1485,"PTRE-FM-1523_B","02661-ACC-AC-CFS-PTRE-19","Ac kotor","Perawatan berkala","0","2024-06-06","230180","2024-06-06 08:56:52.000","NULL","NULL","NULL",0,"NULL","NULL","NULL"
1486,"PTRE-FM-1523_B","02660-ACC-AC-CFS-PTRE-18","Ac kotor","Perawatan berkala","0","2024-06-06","230180","2024-06-06 08:57:12.000","NULL","NULL","NULL",0,"NULL","NULL","NULL"
1487,"PTRE-FM-1523_B","02659-ACC-AC-CFS-PTRE-18","Ac kotor","Perawatan berkala","0","2024-06-06","230180","2024-06-06 08:57:55.000","NULL","NULL","NULL",0,"NULL","NULL","NULL"
1488,"PTRE-FM-1523_B","02658-ACC-AC-CFS-PTRE-18","Ac kotor","Perawatan berkala","0","2024-06-06","230180","2024-06-06 08:58:24.000","NULL","NULL","NULL",0,"NULL","NULL","NULL"
1489,"PTRE-FM-1523_B","02657-ACC-AC-CFS-PTRE-22","Ac kotor","Perawatan berkala","0","2024-06-06","230180","2024-06-06 08:58:44.000","NULL","NULL","NULL",0,"NULL","NULL","NULL"
1490,"PTRE-FM-1523_B","02656-ACC-AC-CFS-PTRE-22","Ac kotor","Perawatan berkala","0","2024-06-06","230180","2024-06-06 08:59:08.000","NULL","NULL","NULL",0,"NULL","NULL","NULL"
1491,"PTRE-FM-1523_B","02655-ACC-AC-CFS-PTRE-18","Ac kotor","Perawatan berkala","0","2024-06-06","230180","2024-06-06 08:59:32.000","NULL","NULL","NULL",0,"NULL","NULL","NULL"
1492,"PTRE-FM-1523_B","02654-ACC-AC-CFS-PTRE-22","Ac kotor","Perawatan berkala","0","2024-06-06","230180","2024-06-06 09:00:09.000","NULL","NULL","NULL",0,"NULL","NULL","NULL"
1493,"PTRE-FM-1523_B","02653-ACC-AC-CFS-PTRE-22","Ac kotor","Perawatan berkala","0","2024-06-06","230180","2024-06-06 09:00:37.000","NULL","NULL","NULL",0,"NULL","NULL","NULL"
1494,"PTRE-FM-1523_B","02652-ACC-AC-CFS-PTRE-14","Ac  kotor","Perawatan berkala","0","2024-06-06","230180","2024-06-06 09:01:01.000","NULL","NULL","NULL",0,"NULL","NULL","NULL"
1495,"PTRE-FM-1523_B","02651-ACC-AC-CFS-PTRE-14","Ac  kotor","Perawatan berkala","0","2024-06-06","230180","2024-06-06 09:01:36.000","NULL","NULL","NULL",0,"NULL","NULL","NULL"
1496,"PTRE-FM-1523_B","02650-ACC-AC-CFS-PTRE-22","Ac kotor","Perawatan berkala","0","2024-06-06","230180","2024-06-06 09:01:54.000","NULL","NULL","NULL",0,"NULL","NULL","NULL"
1497,"PTRE-FM-1523_B","02649-ACC-AC-CFS-PTRE-22","Ac kotor","Perawatan berkala","0","2024-06-06","230180","2024-06-06 09:02:13.000","NULL","NULL","NULL",0,"NULL","NULL","NULL"
1498,"PTRE-FM-1523_B","02648-ACC-AC-CFS-PTRE-22","Ac kotor","Perawatan berkala","0","2024-06-06","230180","2024-06-06 09:02:39.000","NULL","NULL","NULL",0,"NULL","NULL","NULL"
1499,"PTRE-FM-1523_B","02647-ACC-AC-CFS-PTRE-22","Ac kotor","Perawatan berkala","0","2024-06-06","230180","2024-06-06 09:03:15.000","NULL","NULL","NULL",0,"NULL","NULL","NULL"
1500,"PTRE-FM-1523_B","02646-ACC-AC-CFS-PTRE-22","Ac kotor","Perawatan berkala","0","2024-06-06","230180","2024-06-06 09:03:40.000","NULL","NULL","NULL",0,"NULL","NULL","NULL"
1501,"PTRE-FM-1523_B","02645-ACC-AC-CFS-PTRE-19","Ac kotor","Perawatan berkala","0","2024-06-06","230180","2024-06-06 09:04:00.000","NULL","NULL","NULL",0,"NULL","NULL","NULL"
1502,"PTRE-FM-1523_B","02644-ACC-AC-CFS-PTRE-14","Ac kotor","Perawatan berkala","0","2024-06-06","230180","2024-06-06 09:04:21.000","NULL","NULL","NULL",0,"NULL","NULL","NULL"
1503,"PTRE-FM-1523_B","02643-ACC-AC-CFS-PTRE-18","Ac kotor","Perawatan berkala","0","2024-06-06","230180","2024-06-06 09:04:40.000","NULL","NULL","NULL",0,"NULL","NULL","NULL"
1504,"PTRE-FM-1523_B","02642-ACC-AC-CFS-PTRE-20","Ac ikotor","Perawatan berkala","0","2024-06-06","230180","2024-06-06 09:05:14.000","NULL","NULL","NULL",0,"NULL","NULL","NULL"
1505,"PTRE-FM-1523_B","02640-ACC-AC-CFS-PTRE-21","Ac kotor","Perawatan berkala","0","2024-06-06","230180","2024-06-06 09:05:36.000","NULL","NULL","NULL",0,"NULL","NULL","NULL"
1506,"PTRE-FM-1523_B","02639-ACC-AC-CFS-PTRE-18","Ac kotor","Perawatan berkala","0","2024-06-06","230180","2024-06-06 09:05:59.000","NULL","NULL","NULL",0,"NULL","NULL","NULL"
1507,"PTRE-FM-1523_B","02638-ACC-AC-CFS-PTRE-18","Ac kotor","Perawatan berkala","0","2024-06-06","230180","2024-06-06 09:06:34.000","NULL","NULL","NULL",0,"NULL","NULL","NULL"
1508,"PTRE-FM-1523_B","02637-ACC-AC-CFS-PTRE-18","Ac kotor","Perawatan berkala","0","2024-06-06","230180","2024-06-06 09:07:04.000","NULL","NULL","NULL",0,"NULL","NULL","NULL"
1509,"PTRE-FM-1523_B","02636-ACC-AC-CFS-PTRE-18","Ac kotor","Perawatan berkala","0","2024-06-06","230180","2024-06-06 09:07:41.000","NULL","NULL","NULL",0,"NULL","NULL","NULL"
1510,"PTRE-FM-1523_B","02635-ACC-AC-CFS-PTRE-18","Ac kotor","Perawatan berkala","0","2024-06-06","230180","2024-06-06 09:08:04.000","NULL","NULL","NULL",0,"NULL","NULL","NULL"
1511,"PTRE-FM-1523_B","02634-ACC-AC-CFS-PTRE-13","Ac kotor","Perawatan berkala","0","2024-06-06","230180","2024-06-06 09:08:27.000","NULL","NULL","NULL",0,"NULL","NULL","NULL"
1512,"PTRE-FM-1523_B","02633-ACC-AC-CFS-PTRE-13","Ac kotor","Perawatan berkala","0","2024-06-06","230180","2024-06-06 09:08:52.000","NULL","NULL","NULL",0,"NULL","NULL","NULL"
1513,"PTRE-FM-1523_B","02632-ACC-AC-CFS-PTRE-20","AC kotor","Perawatan berkala","0","2024-06-06","230180","2024-06-06 09:09:13.000","NULL","NULL","NULL",0,"NULL","NULL","NULL"
1514,"PTRE-FM-1523_B","02631-ACC-AC-CFS-PTRE-13","Ac kotor","Perawatan berkala","0","2024-06-06","230180","2024-06-06 09:09:53.000","NULL","NULL","NULL",0,"NULL","NULL","NULL"
1515,"PTRE-FM-1523_B","02630-ACC-AC-CFS-PTRE-13","Ac kotor","Perawatan berkala","0","2024-06-06","230180","2024-06-06 09:10:13.000","NULL","NULL","NULL",0,"NULL","NULL","NULL"
1516,"PTRE-FM-1523_B","02629-ACC-AC-CFS-PTRE-18","Ac kotor","Perawatan berkala","0","2024-06-06","230180","2024-06-06 09:10:46.000","NULL","NULL","NULL",0,"NULL","NULL","NULL"
1517,"PTRE-FM-1523_B","02628-ACC-AC-CFS-PTRE-22","Ac kotor","Perawatan berkala","0","2024-06-06","230180","2024-06-06 09:11:14.000","NULL","NULL","NULL",0,"NULL","NULL","NULL"
1518,"PTRE-FM-1523_B","02627-ACC- AC--CFS-PTRE-13","Ac kotor","Perawatan berkala","0","2024-06-06","230180","2024-06-06 09:11:48.000","NULL","NULL","NULL",0,"NULL","NULL","NULL"
1519,"PTRE-FM-1523_B","02625-ACC-AC-CFS-PTRE-16","Ac kotor","Perawatan berkala","0","2024-06-06","230180","2024-06-06 09:12:18.000","NULL","NULL","NULL",0,"NULL","NULL","NULL"
1520,"PTRE-FM-1523_B","02626-ACC-AC-CFS-PTRE-13","Ac  kotor","Perawatan berkala","0","2024-06-06","230180","2024-06-06 09:13:22.000","NULL","NULL","NULL",0,"NULL","NULL","NULL"
1521,"PTRE-FM-1523_B","02624-ACC-AC-CFS-PTRE-15","Ac kotor","Perawatan berkala","0","2024-06-06","230180","2024-06-06 09:14:16.000","NULL","NULL","NULL",0,"NULL","NULL","NULL"
1522,"PTRE-FM-1523_B","02623-ACC-AC-CFS-PTRE-12","Ac kotor","Perawatan berkala","0","2024-06-06","230180","2024-06-06 09:14:59.000","NULL","NULL","NULL",0,"NULL","NULL","NULL"
1523,"PTRE-FM-1523_B","02591-SIN-AC-CFS-PTRE-15","Ac kotor","Perawatan berkala","0","2024-06-06","230180","2024-06-06 09:15:25.000","NULL","NULL","NULL",0,"NULL","NULL","NULL"
1524,"PTRE-FM-1523_B","02590-SIN-AC-CFS-PTRE-15","Ac kotor","Perawatan berkala","0","2024-06-06","230180","2024-06-06 09:15:51.000","NULL","NULL","NULL",0,"NULL","NULL","NULL"
1525,"PTRE-FM-1523_B","02554-SIN-AC-CFS-PTRE-15","Ac kotor","Perawatan berkala","0","2024-06-06","230180","2024-06-06 09:16:30.000","NULL","NULL","NULL",0,"NULL","NULL","NULL"
1526,"PTRE-FM-1523_B","02530-SIN-AC-CFS-PTRE-15","Ac kotor","Perawatan berkala","0","2024-06-06","230180","2024-06-06 09:17:00.000","NULL","NULL","NULL",0,"NULL","NULL","NULL"
1527,"PTRE-FM-1523_B","02529-SIN-AC-CFS-PTRE-15","Ac kotor","Perawatan berkala","0","2024-06-06","230180","2024-06-06 09:17:49.000","NULL","NULL","NULL",0,"NULL","NULL","NULL"
1528,"PTRE-FM-1523_B","02486-SIN-AC-CFS-PTRE-15","Ac kotor","Perawatan berkala","0","2024-06-06","230180","2024-06-06 09:18:39.000","NULL","NULL","NULL",0,"NULL","NULL","NULL"
1529,"PTRE-FM-1523_B","02485-SIN-AC-CFS-PTRE-15","Ac kotor","Perawatan berkala","0","2024-06-06","230180","2024-06-06 09:19:04.000","NULL","NULL","NULL",0,"NULL","NULL","NULL"
1530,"PTRE-FM-1523_B","02484-SIN-AC-CFS-PTRE-15","Ac kotor","Perawatan berkala","0","2024-06-06","230180","2024-06-06 09:19:35.000","NULL","NULL","NULL",0,"NULL","NULL","NULL"
1531,"PTRE-FM-1523_B","02419-SIN-AC-CFS-PTRE-12","Ac kotor","Perawatan berkala","0","2024-06-06","230180","2024-06-06 09:20:24.000","NULL","NULL","NULL",0,"NULL","NULL","NULL"
1532,"PTRE-FM-1523_B","02409-SIN-AC-CFS-PTRE-12","Ac kotor","Perawatan berkala","0","2024-06-06","230180","2024-06-06 09:20:48.000","NULL","NULL","NULL",0,"NULL","NULL","NULL"
1533,"PTRE-FM-1523_B","02397-SIN-AC-CFS-PTRE-12","Ac kotor","Perawatan berkala","0","2024-06-06","230180","2024-06-06 09:21:52.000","NULL","NULL","NULL",0,"NULL","NULL","NULL"
1534,"PTRE-FM-1523_B","02718-ACC-AHU-CFS-PTRE-11","Ac kotor","Perawatan berkala","0","2024-06-10","230180","2024-06-10 13:22:10.000","NULL","NULL","NULL",0,"NULL","NULL","NULL"
1535,"PTRE-FM-1523_B","02666-ACC-AC-CFS-PTRE-12","Ac kotor","Perawatan berkala","0","2024-06-10","230180","2024-06-10 13:22:52.000","NULL","NULL","NULL",0,"NULL","NULL","NULL"
1536,"PTRE-FM-1523_B","02680-GG-PRO-CFS-PTRE-12","Zet flaser rusak patah","Ganti zet flasher dengan yang baru","0","2024-06-10","230180","2024-06-25 08:26:52.000","NULL","NULL","NULL",0,"NULL","NULL","NULL"
1537,"PTRE-FM-1523_B","02680-GG-PRO-CFS-PTRE-12","tarik kabel dari mcb pembagi ( dari pantry RE2 Lt.Ground ke panel pcb ruang server kwh meter )","Buat tarikan kabel dri atas toilet ke ruang server ( pekerjaan masih berlanjut )","0","2024-06-24","230180","2024-06-25 08:30:04.000","NULL","NULL","NULL",0,"NULL","NULL","NULL"
1538,"PTRE-FM-1523_B","02680-GG-PRO-CFS-PTRE-12","Krant wastafel Patah (Rusak) dn Flexibel koneksi ke krant sudah berkarat ","Ganti kran dengan yang baru ( Graha RE 2 Lt.Ground )","0","2024-06-24","230180","2024-06-25 08:33:00.000","NULL","NULL","NULL",0,"NULL","NULL","NULL"
1539,"PTRE-FM-1523_B","02680-GG-PRO-CFS-PTRE-12","Pengecetan pipa halaman dan blkng graha RE 1","Di cat pakai cat Vermilion 918 nippon paint ( pekerjaan masih berlanjut )Di kerjakan lukman dan OB","0","2024-06-24","230180","2024-06-25 08:38:59.000","NULL","NULL","NULL",0,"NULL","NULL","NULL"
1540,"PTRE-FM-1523_B","02681-GG-PRO-CFS-PTRE-13","Pipa di bawah travo PLN cat nya sdh pudar","Graha re 1 cat ulang pipa hidrant","0","2024-06-25","230180","2024-06-28 09:10:15.000","NULL","NULL","NULL",0,"NULL","NULL","NULL"
1541,"PTRE-FM-1523_B","02681-GG-PRO-CFS-PTRE-13","Shower toilet wanita mezanine patah / rusak ","Graha re 1 ( Ganti zet flasher baru )","0","2024-06-26","230180","2024-06-28 09:11:44.000","NULL","NULL","NULL",0,"NULL","NULL","NULL"
1542,"PTRE-FM-1523_B","02681-GG-PRO-CFS-PTRE-13","Sepandek di di atas kantin bolong karat ","Atap kantin Graha RE.1 
( kantin Cat spandek yang berkarat menggunakan ) aquaproop","0","2024-06-27","230180","2024-06-28 09:18:26.000","NULL","NULL","NULL",0,"NULL","NULL","NULL"
1543,"PTRE-FM-1523_B","02681-GG-PRO-CFS-PTRE-13","Check AC server lift air baku","Pengecekan rutin Graha re 1 &2","0","2024-06-28","230180","2024-07-01 09:18:28.000","NULL","NULL","NULL",0,"NULL","NULL","NULL"
1544,"PTRE-FM-1523_B","02681-GG-PRO-CFS-PTRE-13","lampu Led mati ","Ganti lampu baru 1o pcs Lt.2 Recare Graha re.2 dan Lt.3 Graha Re.1","0","2024-06-28","230180","2024-07-01 09:20:15.000","NULL","NULL","NULL",0,"NULL","NULL","NULL"
1545,"PTRE-FM-1523_B","02681-GG-PRO-CFS-PTRE-13","kuras tangki solar genset ganti solar baru"," Kuras tangki solat samping gedung Graha Re.2","0","2024-06-29","230180","2024-07-01 09:22:02.000","NULL","NULL","NULL",0,"NULL","NULL","NULL"
1546,"PTRE-FM-1523_B","02681-GG-PRO-CFS-PTRE-13","beli kekurangan solar buat genset","beli solar dex samping gedung graha re.2","0","2024-06-30","230180","2024-07-01 13:38:09.000","NULL","NULL","NULL",0,"NULL","NULL","NULL"
1547,"PTRE-FM-1523_B","02681-GG-PRO-CFS-PTRE-13","atap kaca acrilic bocor perlu di sealant","depan loby graha re.1 ( sealant yang sudah mengelupas di bersihkan dan di lapisi sealant yang baru 2 pcs )","0","2024-06-30","230180","2024-07-01 13:42:39.000","NULL","NULL","NULL",0,"NULL","NULL","NULL"
1548,"PTRE-FM-1523_B","02681-GG-PRO-CFS-PTRE-13","lampu Led mati 1 pcs","Ganti lampu led 18 watt baru di lt.1 Graha re.1 ruangan recon","0","2024-06-25","230180","2024-07-01 14:15:58.000","NULL","NULL","NULL",0,"NULL","NULL","NULL"
1549,"PTRE-FM-1523_B","02681-GG-PRO-CFS-PTRE-13","Lampu led mati 1 pcs","Ganti lampu baru 1 pcs di ruang mechanical lt.1 Graha re.1","0","2024-06-25","230180","2024-07-01 14:22:53.000","NULL","NULL","NULL",0,"NULL","NULL","NULL"
1550,"PTRE-FM-1523_B","02680-GG-PRO-CFS-PTRE-12","ac panasonic tidak bisa hidup / mati","perbaikan no remot tidak berfungsi","0","2024-07-19","140133","2024-07-23 13:28:11.000","NULL","NULL","NULL",0,"NULL","NULL","NULL"
1551,"","01889 COMP-NB-ICT-PTRE-19","Baterai laptop kembung/rusak","Ganti baterai baru","350000","2024-07-31","225164","2024-07-31 14:36:13.000","NULL","NULL","NULL",0,"NULL","NULL","NULL"
1552,"","02103-COMP-NB-ICT-PTRE-21","Keyboard rusak","Penggantian keyboard baru","300000","2024-10-09","225164","2024-10-09 16:08:10.000","NULL","NULL","NULL",0,"NULL","NULL","NULL"
1553,"0001-1124","2058 COMP-NB-ICT-PTRE-20","s","Pergantian RAM (Testing)","0","2024-11-22","193","2024-11-22 11:00:54.817","NULL","NULL","NULL",0,"NULL","NULL","NULL"
1554,"0002-1224","01977 COMP-DSK-ICT-PTRE-19","install plug-in phillips ","minta tolong instal plug-in phillips","NULL","2024-12-03","200","2024-12-03 10:03:08.693","NULL","NULL","NULL",0,"NULL","NULL","NULL"
1555,"0006-1224","01646 COMP-NB-ICT-PTRE-18","Dear ITmohon bantuan outlook saya full capasity sehingga tdk bisa d gunakan","Repair email file, maintenance storage device","0","2024-12-03","204","2024-12-03 14:51:24.513","NULL","NULL","NULL",0,"NULL","NULL","NULL"
1556,"0008-1224","01909 COMP-DSK-ICT-PTRE-19","Tidak bisa ngeprint","Cek koneksi printer, save file word, buka ulang dan print ulang file yang di minta","NULL","2024-12-03","206","2024-12-03 14:56:23.333","NULL","NULL","NULL",0,"NULL","NULL","NULL"
1557,"0007-1224","2302-COMP-NB-ICT-PTRE-23","Minta Setting Printer PPC","Instalasi printer PPC","0","2024-12-03","205","2024-12-03 15:09:06.040","NULL","NULL","NULL",0,"NULL","NULL","NULL"
1558,"0009-1224","2127-COMP-NB-ICT-PTRE-21","Instal Mail Merge","uninstall dan install ulang aplikasi mail merge dari mapilab","NULL","2024-12-03","207","2024-12-03 15:30:32.913","NULL","NULL","NULL",0,"NULL","NULL","NULL"
1559,"0011-1224","2330-COMP-NB-ICT-PTRE-24","Permintaan instalasi vpn untuk akses web hrm","Instalasi software forticlient via anydesk","0","2024-12-04","209","2024-12-04 09:03:24.143","NULL","NULL","NULL",0,"NULL","NULL","NULL"
1560,"0013-1224","01897 COMP-DSK-ICT-PTRE-19","Minta tolong instal printer &amp; perbaikan Error ms.excel","Install dan Setting Printer ke IFS dan PPC","NULL","2024-12-04","211","2024-12-04 10:34:50.600","NULL","NULL","NULL",0,"NULL","NULL","NULL"
1561,"0016-1224","2058 COMP-NB-ICT-PTRE-20","Ram Mati Sebelah, Adding Ram 8gb","Ganti RAM, dan maintenance pc","0","2024-12-04","214","2024-12-04 14:54:49.080","NULL","NULL","NULL",0,"NULL","NULL","NULL"
1562,"0017-1224","2167-COMP-NB-ICT-PTRE-21","LAN untuk Laptop annisa belum tersambung dikarenakan LAN nya dipakai untuk Mesin Foto copy","Pindah PC dan setting PC di tempat baru","NULL","2024-12-04","215","2024-12-04 19:47:17.347","NULL","NULL","NULL",0,"NULL","NULL","NULL"
1563,"0014-1224","2251-COMP-NB-ICT-PTRE-23","Setting ulang Printer keuangan karena berpindah posisi ","Setting printer setelah pindah tempat","NULL","2024-12-05","212","2024-12-05 09:02:21.863","NULL","NULL","NULL",0,"NULL","NULL","NULL"
1564,"0018-1224","2167-COMP-NB-ICT-PTRE-21","Minta instalasi outlook dan setting printer warna","Setting Email dan Printer Warna ke Laptop Anissa","NULL","2024-12-05","216","2024-12-05 09:14:41.223","NULL","NULL","NULL",0,"NULL","NULL","NULL"
1565,"0020-1224","2128-COMP-NB-ICT-PTRE-21","Daftar printer baru dan setting printer di laptop","Download dan Setting Driver Printer DocuCentre V C3065","NULL","2024-12-05","218","2024-12-05 10:14:05.087","NULL","NULL","NULL",0,"NULL","NULL","NULL"
1566,"0020-1224","2128-COMP-NB-ICT-PTRE-21","Daftar printer baru dan setting printer di laptop","Download dan Setting Driver Printer DocuCentre V C3065","NULL","2024-12-05","218","2024-12-05 10:14:05.187","NULL","NULL","NULL",0,"NULL","NULL","NULL"
1567,"0021-1224","2373-COMP-NB-ICT-PTRE-24","Setting Printer Laptop","Download, install dan setting Printer DocuCentre V C3065 di  HRM","NULL","2024-12-05","219","2024-12-05 10:24:23.797","NULL","NULL","NULL",0,"NULL","NULL","NULL"
1568,"0022-1224","02086-COMP-NB-ICT-PTRE-20","Install Dialux Evo","Download dan Install Dialux Evo 13","NULL","2024-12-05","220","2024-12-05 13:18:47.877","NULL","NULL","NULL",0,"NULL","NULL","NULL"
1569,"0026-1224","2373-COMP-NB-ICT-PTRE-24","Belum bisa akses sinya REAP di ruang meeting","Registrasi WiFi Reap","NULL","2024-12-05","224","2024-12-05 18:31:47.590","NULL","NULL","NULL",0,"NULL","NULL","NULL"
1570,"0001-1224","2377-COMP-DESK-ICT-PTRE-24","koneksi internet, email, data lama project. 2377dsk","Instalasi pc baru, network, software & account","0","2024-12-06","199","2024-12-06 08:42:15.600","NULL","NULL","NULL",0,"NULL","NULL","NULL"
1571,"0028-1224","01206-COMP-WORK-ICT-PTRE-14","Minta Akses Login PC baru 3D Piping","Register akun ke pc baru","0","2024-12-06","226","2024-12-06 10:33:39.217","NULL","NULL","NULL",0,"NULL","NULL","NULL"
1572,"0029-1224","01206-COMP-WORK-ICT-PTRE-14","Install Plugin Nwcout Autocad Plant3D to Navisworks 2025","Download dan install NWCOUT Navis 2025
setting printer","0","2024-12-06","227","2024-12-06 11:30:49.943","NULL","NULL","NULL",0,"NULL","NULL","NULL"
1573,"0031-1224","01814 COMP-DSK-ICT-PTRE-19","Install Civil 3D","Download dan Install Autodesk Civil 3D","NULL","2024-12-06","229","2024-12-06 16:23:21.297","NULL","NULL","NULL",0,"NULL","NULL","NULL"
1574,"0033-1224","01956 COMP-DSK-ICT-PTRE-19","mas tolong infoin password one drive all.starenergy dong gw lupa euy","cek password untuk akun yang diminta dan berikan pada user","NULL","2024-12-06","231","2024-12-06 16:37:09.953","NULL","NULL","NULL",0,"NULL","NULL","NULL"
1575,"0034-1224","01973 COMP-NB-ICT-PTRE-19","Dear ITBattery laptopnya rusak (gak berfungsi dan bergelembung) mohon di perbaiki. 1973NB","Cabut baterai laptop dan maintenance laptop","0","2024-12-09","232","2024-12-09 08:48:25.463","NULL","NULL","NULL",0,"NULL","NULL","NULL"
1576,"0036-1224","2122-COMP-NB-ICT-PTRE-21","Permohonan install aplikasi untuk kebutuh ekstrak kontur elevasi","Install software plugin autocad","0","2024-12-09","234","2024-12-09 09:08:03.857","NULL","NULL","NULL",0,"NULL","NULL","NULL"
1577,"0040-1224","01067-COMP-WORK-ICT-PTRE-13","Dear team IT mohon bantuannya","install plugin autocad raster tool design","0","2024-12-09","238","2024-12-09 15:21:55.557","NULL","NULL","NULL",0,"NULL","NULL","NULL"
1578,"0043-1224","01486-COMP-NB-ICT-PTRE-18","Memasang baterai baru pada laptop","Pergantian baterai baru pada laptop","0","2024-12-10","241","2024-12-10 10:15:58.830","NULL","NULL","NULL",0,"NULL","NULL","NULL"
1579,"0045-1224","02066-COMP-NB-ICT-PTRE-20","Penambahan kapasitas RAM 4GB","Upgrade ram menjadi 12gb","0","2024-12-10","243","2024-12-10 10:45:16.060","NULL","NULL","NULL",0,"NULL","NULL","NULL"
1580,"0048-1224","01695 COMP-DSK-ICT-PTRE-19","Mintak di instal print di  ruangan civil","Setup printer dan maintenance","0","2024-12-10","246","2024-12-10 14:34:11.283","NULL","NULL","NULL",0,"NULL","NULL","NULL"
1581,"0047-1224","01701 COMP-DSK-ICT-PTRE-19","Dh, Mohon bantuan untuk instal printer di ruangan civil, tksSalam, Yudho ","Setup printer dan maintenance","0","2024-12-10","245","2024-12-10 14:34:47.357","NULL","NULL","NULL",0,"NULL","NULL","NULL"
1582,"0049-1224","2157-COMP-NB-ICT-PTRE-21","Menghitung desain fondasi close drain vessel","ganti baterai laptop","NULL","2024-12-10","247","2024-12-10 15:31:42.483","NULL","NULL","NULL",0,"NULL","NULL","NULL"
1583,"0050-1224","01551 COMP-DSK-ICT-PTRE-18","our printer is new so we need to get the setting of new printer","instalasi printer di ruang civil","0","2024-12-10","248","2024-12-10 15:32:18.677","NULL","NULL","NULL",0,"NULL","NULL","NULL"
1584,"0051-1224","01468-COMP-NB-ICT-PTRE-18","new printer","install printer civil","0","2024-12-10","249","2024-12-10 15:52:14.517","NULL","NULL","NULL",0,"NULL","NULL","NULL"
1585,"0052-1224","01478-COMP-NB-ICT-PTRE-18","Meminta instalasi laptop kantor","backu data, restore data","0","2024-12-10","250","2024-12-10 19:00:26.113","NULL","NULL","NULL",0,"NULL","NULL","NULL"
1586,"0054-1224","01061-COMP-WORK-ICT-PTRE-13","Tidak bisa print","Download driver printer c3065 setting, cek masalah kertas paper jam terus","NULL","2024-12-11","252","2024-12-11 09:59:27.783","NULL","NULL","NULL",0,"NULL","NULL","NULL"
1587,"0055-1224","2165-COMP-NB-ICT-PTRE-21","Setting laptop agar bisa connect printer IFS","setup printer","0","2024-12-11","253","2024-12-11 10:29:46.683","NULL","NULL","NULL",0,"NULL","NULL","NULL"
1588,"0056-1224","2058 COMP-NB-ICT-PTRE-20","Blink Power PC (Permasalahan RAM)","troubleshoot and maintenance pc","0","2024-12-11","254","2024-12-11 13:38:20.427","NULL","NULL","NULL",0,"NULL","NULL","NULL"
1589,"0058-1224","2038 COMP-DSK-ICT-PTRE-20","Setting Email di Outlook","Setting Email Outlook di PC rumah","NULL","2024-12-11","256","2024-12-11 15:01:40.107","NULL","NULL","NULL",0,"NULL","NULL","NULL"
1590,"0061-1224","2157-COMP-NB-ICT-PTRE-21","Membuat desain dan analisis struktur serta desain pondasi Laboratory Akasia Prima","install software","NULL","2024-12-12","259","2024-12-12 14:14:51.103","NULL","NULL","NULL",0,"NULL","NULL","NULL"
1591,"0063-1224","02098-COMP-NB-ICT-PTRE-21","In out email tidak bisa","Backup data outlook, restore data. maintenance software","0","2024-12-12","261","2024-12-12 16:03:24.917","NULL","NULL","NULL",0,"NULL","NULL","NULL"
1592,"0062-1224","01717 COMP-DSK-ICT-PTRE-19","Setting PC untuk Caesar II","Ganti PC dengan Mohammad Daffa (1950DSK), install windows 11, navis freedom, DWG True view, Caesar II, Office 365, Printer dan update Windows","NULL","2024-12-12","260","2024-12-12 16:57:41.790","NULL","NULL","NULL",0,"NULL","NULL","NULL"
1593,"0065-1224","2267-COMP-NB-ICT-PTRE-23","permintaan setup laptop baru di ruang PPC","setup laptop, network, backup data, restore data dan software","0","2024-12-13","263","2024-12-13 05:48:55.877","NULL","NULL","NULL",0,"NULL","NULL","NULL"
1594,"0069-1224","02099-COMP-NB-ICT-PTRE-21","Dear IT Team,mohon bantuannya untuk software InstruCalc bermasalah, kembali ke DEMO mode.Terima kasih.","Masukan kembali lisensi Instrucal agar menjadi Authorized mode","NULL","2024-12-13","267","2024-12-13 08:59:29.127","NULL","NULL","NULL",0,"NULL","NULL","NULL"
1595,"0071-1224","2332-COMP-NB-ICT-PTRE-24","PDF kadang kadang suka crash dan tidak terbaca. butuh Update","Update pdf gear","NULL","2024-12-13","269","2024-12-13 10:41:25.787","NULL","NULL","NULL",0,"NULL","NULL","NULL"
1596,"0072-1224","2291-COMP-NB-ICT-PTRE-23","mas Tata, ini kan saya coba print muncul Error mulu di printernya mas. padahal udah di rubah A4 format sama Source nya Auto. tetap muncul gini. bisa tolongin settingin ya mas.Thank you","Print dari office dan pdf selalu terbaca letter, uncentang scale a4 to letter.","NULL","2024-12-13","270","2024-12-13 11:10:13.963","NULL","NULL","NULL",0,"NULL","NULL","NULL"
1597,"0073-1224","01456-COMP-NB-ICT-PTRE-18","Mohon bantuannya untuk Set Up Printer HRM baru. Terimakasih","setup wifi printer","0","2024-12-13","271","2024-12-13 13:31:38.357","NULL","NULL","NULL",0,"NULL","NULL","NULL"
1598,"0075-1224","2370-COMP-NB-ICT-PTRE-24","dikarenakan untuk komunikasi email bersama client","Setting email user di laptop kantor","0","2024-12-13","273","2024-12-13 14:02:06.737","NULL","NULL","NULL",0,"NULL","NULL","NULL"
1599,"0077-1224","01644 COMP-NB-ICT-PTRE-18","Install Aplikasi Caesar","Install Caesar II V. 14","NULL","2024-12-13","275","2024-12-13 16:40:24.513","NULL","NULL","NULL",0,"NULL","NULL","NULL"
1600,"0078-1224","01878 COMP-NB-ICT-PTRE-19","Penggantian Laptop dari 2122NB ke 1878NB","Pindah laptop, backup data, restore data, setup printer dan wifi","0","2024-12-13","276","2024-12-13 17:46:38.840","NULL","NULL","NULL",0,"NULL","NULL","NULL"
1601,"0081-1224","2373-COMP-NB-ICT-PTRE-24","Setting Laptop ke Printer","setup printer dan scanner di laptop","0","2024-12-16","279","2024-12-16 11:41:11.843","NULL","NULL","NULL",0,"NULL","NULL","NULL"
1602,"0082-1224","01410-COMP-NB-ICT-PTRE-17","Email penuh tidak bisa terima email baru dengann attach document","backup data, troubleshoot, reinstall office","0","2024-12-16","280","2024-12-16 13:24:23.937","NULL","NULL","NULL",0,"NULL","NULL","NULL"
1603,"0084-1224","01644 COMP-NB-ICT-PTRE-18","Licensing Caesar II Ver.14.00 + Adminstrator Authority","Install Caesar II V. 14","NULL","2024-12-16","282","2024-12-16 16:10:31.933","NULL","NULL","NULL",0,"NULL","NULL","NULL"
1604,"0086-1224","01989 COMP-DSK-ICT-PTRE-19","Instal Google Earth","Download n Install Google Earth pro","NULL","2024-12-16","284","2024-12-16 16:20:24.247","NULL","NULL","NULL",0,"NULL","NULL","NULL"
1605,"0087-1224","01573 COMP-DSK-ICT-PTRE-18","Harddisk install ulang,saran IT segera ganti baru.","Update Windows, clear histori dan cache","NULL","2024-12-16","285","2024-12-16 16:57:58.403","NULL","NULL","NULL",0,"NULL","NULL","NULL"
1606,"0090-1224","01312-COMP-WORK-ICT-PTRE-15","Untuk Study On Plot area COR ","Instalasi software google earth pro","0","2024-12-17","288","2024-12-17 09:18:57.127","NULL","NULL","NULL",0,"NULL","NULL","NULL"
1607,"0093-1224","01909 COMP-DSK-ICT-PTRE-19","Tolong sambungin MS teams di HP","Konek Ms teams di PC dan hp","NULL","2024-12-17","291","2024-12-17 09:42:18.653","NULL","NULL","NULL",0,"NULL","NULL","NULL"
1608,"0095-1224","2171-COMP-NB-ICT-PTRE-21","pd saat download dokument, baik dari WA ataupun email sangat lambat dgn hasil dokument tidak bisa dibuka. kejadian sejak kemarin 16/12/24.","Cek data yang dipermasalahkan, set default untuk membuka file zip ke 7zip, dan set default nwd agar bisa di buka di naviswork freedom, pastikan ketika download dari  WA, sampai selesai 100% lalu buka file/data nya","NULL","2024-12-17","293","2024-12-17 10:43:17.190","NULL","NULL","NULL",0,"NULL","NULL","NULL"
1609,"0094-1224","01897 COMP-DSK-ICT-PTRE-19","Ingin menambah/Mengganti MonitorMonitor Lama Hanya mampu Display Resolution tiatas 1600 x 900 dan Scale 150%","Ganti monitor yang lama dengan yang baru","NULL","2024-12-17","292","2024-12-17 11:22:41.420","NULL","NULL","NULL",0,"NULL","NULL","NULL"
1610,"0096-1224","02065-COMP-NB-ICT-PTRE-20","Suara di laptop agak keras","Ganti sparepart CPU fan, diambil dari laptop ex iveth ppc 2059NB","0","2024-12-17","294","2024-12-17 17:03:01.117","NULL","NULL","NULL",0,"NULL","NULL","NULL"
1611,"0104-1224","01995 COMP-NB-ICT-PTRE-19","minta tolong setting agar bisa memprint","Download dan install driver printer docucentre c 3065","NULL","2024-12-18","302","2024-12-18 16:42:44.817","NULL","NULL","NULL",0,"NULL","NULL","NULL"
1612,"0107-1224","01456-COMP-NB-ICT-PTRE-18","Mohon bantuannya untuk set up printer HRM, terima kasih","Download dan Install driver Printer, setting Wifi printer dan setting printer di laptop Karina","NULL","2024-12-19","305","2024-12-19 12:15:27.613","NULL","NULL","NULL",0,"NULL","NULL","NULL"
1613,"0110-1224","2319-COMP-NB-ICT-PTRE-24","Departement IT mohon bantuannya untuk saya dapat mengakses server scan document control.","mapping server scan folder","0","2024-12-19","308","2024-12-19 15:37:40.337","NULL","NULL","NULL",0,"NULL","NULL","NULL"
1614,"0111-1224","01757 COMP-NB-ICT-PTRE-19","Tujuan untuk scan dokumen agar bisa disimpan di server ppc. dan bisa diambil datanya","Mapping server ppc dan scan","0","2024-12-19","309","2024-12-19 16:59:31.643","NULL","NULL","NULL",0,"NULL","NULL","NULL"
1615,"0113-1224","01897 COMP-DSK-ICT-PTRE-19","PC Kedip sudah 1 jam masih tidak mau menyala","Bongkar PC, lepas RAM, bersihkan dan pasang RAM kembali, cek apakah PC booting normal, matikan lalu pasang RAM ke dua","NULL","2024-12-20","311","2024-12-20 09:30:19.190","NULL","NULL","NULL",0,"NULL","NULL","NULL"
1616,"0115-1224","01650 COMP-NB-ICT-PTRE-18","mas minta tolong untuk di settingkan print di laptop saya","Downloa dan install driver printer apeos c 5575, setting printer","NULL","2024-12-20","313","2024-12-20 10:24:10.050","NULL","NULL","NULL",0,"NULL","NULL","NULL"
1617,"0115-1224","01650 COMP-NB-ICT-PTRE-18","mas minta tolong untuk di settingkan print di laptop saya","Downloa dan install driver printer apeos c 5575, setting printer","NULL","2024-12-20","313","2024-12-20 10:24:10.317","NULL","NULL","NULL",0,"NULL","NULL","NULL"
1618,"0115-1224","01650 COMP-NB-ICT-PTRE-18","mas minta tolong untuk di settingkan print di laptop saya","Downloa dan install driver printer apeos c 5575, setting printer","NULL","2024-12-20","313","2024-12-20 10:24:10.790","NULL","NULL","NULL",0,"NULL","NULL","NULL"
1619,"0115-1224","01650 COMP-NB-ICT-PTRE-18","mas minta tolong untuk di settingkan print di laptop saya","Downloa dan install driver printer apeos c 5575, setting printer","NULL","2024-12-20","313","2024-12-20 10:24:10.807","NULL","NULL","NULL",0,"NULL","NULL","NULL"
1620,"0116-1224","2128-COMP-NB-ICT-PTRE-21","Setting Printer di Laptop","Download dan Install driver printer, seting printer","NULL","2024-12-20","314","2024-12-20 13:54:08.727","NULL","NULL","NULL",0,"NULL","NULL","NULL"
1621,"0118-1224","2224-COMP-NB-ICT-PTRE-22","Mohon dapat di perbaiki jaringan wifi di ruang Megamendung","rollback driver network, reconnect unifi di lt 4 megamendung space","0","2024-12-20","316","2024-12-20 15:46:25.573","NULL","NULL","NULL",0,"NULL","NULL","NULL"
1622,"0120-1224","01973 COMP-NB-ICT-PTRE-19","Dear IT teamMohon dipasangkan battery laptop","reparasi baterai laptop dan maintenance","500000","2024-12-20","318","2024-12-20 18:03:42.747","NULL","NULL","NULL",0,"NULL","NULL","NULL"
1623,"0121-1224","2323-COMP-NB-ICT-PTRE-24","Compress file pdf","Minta kecilin ukuran pdf sama ubah posisi pdf pada kebalik semua","NULL","2024-12-20","319","2024-12-20 22:56:52.930","NULL","NULL","NULL",0,"NULL","NULL","NULL"
1624,"0122-1224","01973 COMP-NB-ICT-PTRE-19","Dear IT teamMohon diupdate Auto CAD license, Terima kasih atas bantuannyabest regardssuhendielectrical department","Reset akun autodesk, syncronize timezone pada laptop, login ulang","0","2024-12-23","320","2024-12-23 09:19:28.497","NULL","NULL","NULL",0,"NULL","NULL","NULL"
1625,"0124-1224","01752 COMP-NB-ICT-PTRE-19","Minta sambungin Printer ke Laptop","Download dan Install Driver Printer Apeosport V C5575 dan setting printer.","NULL","2024-12-23","322","2024-12-23 11:04:48.200","NULL","NULL","NULL",0,"NULL","NULL","NULL"
1626,"0126-1224","2375-COMP-NB-ICT-PTRE-24","software autocad error setelah update windows dan update pdfgear","update windows dan firmware, cek kembali autocad, autocad running normal","NULL","2024-12-23","324","2024-12-23 11:51:35.147","NULL","NULL","NULL",0,"NULL","NULL","NULL"
1627,"0125-1224","01668 COMP-DSK-ICT-PTRE-19","StaadPro tidak bisa login karena connection failure","konek ke Bentley gagal terus, reset windows dengan menghapus semua aplikasi, update windows, install aplikasi yang dibutuhkan.","NULL","2024-12-23","323","2024-12-23 17:03:32.313","NULL","NULL","NULL",0,"NULL","NULL","NULL"
1628,"0127-1224","01477-COMP-NB-ICT-PTRE-18","Dear IT, Mohon dibantu untuk isntall aplikasi Google Earth untuk Proyek Pre Feed Area B Minas. Terima Kasih","instalasi software","0","2024-12-23","325","2024-12-23 17:06:45.227","NULL","NULL","NULL",0,"NULL","NULL","NULL"
1629,"0132-1224","2299-COMP-NB-ICT-PTRE-23","Dengan Hormat divisi IT,Mohon bantuannya untuk dibukakan akses pada printer PPC untuk laptop yang sedang saya gunakan.Terimakasih.Regards,Miftahul Farhan","setup printer dan akses scan di server","0","2024-12-24","330","2024-12-24 09:41:27.657","NULL","NULL","NULL",0,"NULL","NULL","NULL"
1630,"0134-1224","2183-COMP-NB-ICT-PTRE-21","Permohonan permintaan untuk setting laptop to printer","setup printer dan scan","0","2024-12-24","332","2024-12-24 10:44:06.907","NULL","NULL","NULL",0,"NULL","NULL","NULL"
1631,"0129-1224","2165-COMP-NB-ICT-PTRE-21","Setting Laptop ke Printer ruangan CSS yang baru.","setup printer dan mapping server scan","0","2024-12-24","327","2024-12-24 12:53:41.297","NULL","NULL","NULL",0,"NULL","NULL","NULL"
1632,"0133-1224","01486-COMP-NB-ICT-PTRE-18","Tidak bisa buka file microsoft, karena belum login akun, sehingga file tidak bisa dibuka ","troubleshoot software, reinstall office 365","0","2024-12-24","331","2024-12-24 14:21:23.100","NULL","NULL","NULL",0,"NULL","NULL","NULL"
1633,"0135-1224","2303-COMP-NB-ICT-PTRE-23","Dear IT Dimohon bantuannya untuk setup printer PPCTerima kasih","setup printer dan server scan","0","2024-12-24","333","2024-12-24 17:20:20.830","NULL","NULL","NULL",0,"NULL","NULL","NULL"
1634,"0138-1224","01973 COMP-NB-ICT-PTRE-19","Dear IT team,Mohon di update Auto CADnyaTerima kasih atas bantuannyaRegardsSuhendi","update autocad time software","0","2024-12-30","336","2024-12-30 09:19:16.547","NULL","NULL","NULL",0,"NULL","NULL","NULL"
1635,"0143-1224","02015 COMP-NB-ICT-PTRE-20","Tidak bisa masuk jaringan wifi","Troubleshoot driver wifi connection","0","2024-12-31","341","2024-12-31 08:07:30.757","NULL","NULL","NULL",0,"NULL","NULL","NULL"
1636,"0145-1224","2179-COMP-NB-ICT-PTRE-21","Setting VPN","Setting VPN Forticlient, update Windows","NULL","2024-12-31","343","2024-12-31 10:49:44.307","NULL","NULL","NULL",0,"NULL","NULL","NULL"
1637,"0146-1224","2410-COMP-NB-ICT-PTRE-24","Minta tolong setting laptop dan email","Setting laptop baru, setting office, mail thunderbird, aplikasi yang dibutuhkan, update windows sampai yang terbaru","NULL","2024-12-31","344","2024-12-31 16:27:33.053","NULL","NULL","NULL",0,"NULL","NULL","NULL"
1638,"0148-1224","01439-COMP-NB-ICT-PTRE-17","Update aplikasi pdfelement dan anyshare","Update software yang di minta lalu update windows sampai yang terbaru","NULL","2024-12-31","346","2024-12-31 17:21:02.407","NULL","NULL","NULL",0,"NULL","NULL","NULL"
1639,"0002-125","2171-COMP-NB-ICT-PTRE-21","ada beberapa dokumen pdf tidak dapat diupdate melalui comment pdf","Cek settingan PDF, PDF harus di convert OCR dulu baru bisa di Edit karena hasil scannan","NULL","2025-01-02","348","2025-01-02 10:10:21.043","NULL","NULL","NULL",0,"NULL","NULL","NULL"
1640,"0005-125","01759 COMP-NB-ICT-PTRE-19","Permohonan pendaftaran ke REAP","regis wifi","0","2025-01-02","351","2025-01-02 15:42:31.627","NULL","NULL","NULL",0,"NULL","NULL","NULL"
1641,"0006-125","01786 COMP-DSK-ICT-PTRE-19","install autocad 2021","Download dan Install Autocad 2021","NULL","2025-01-02","352","2025-01-02 16:47:43.893","NULL","NULL","NULL",0,"NULL","NULL","NULL"
1642,"0007-125","2127-COMP-NB-ICT-PTRE-21","Setting Wifi","Registrasi WiFi REAP di Mega Mendung","NULL","2025-01-03","353","2025-01-03 14:20:06.983","NULL","NULL","NULL",0,"NULL","NULL","NULL"
1643,"0008-125","01456-COMP-NB-ICT-PTRE-18","Mohon bantuannya untuk Setting Printer di ruangan HRM. Terima kasih","Instalasi printer hrm","NULL","2025-01-03","354","2025-01-03 14:39:18.770","NULL","NULL","NULL",0,"NULL","NULL","NULL"
1644,"0018-125","2299-COMP-NB-ICT-PTRE-23","Dengan Hormat tim IT Rekayasa Engineering,Mohon bantuannya untuk instalasi PDF Editor pada Laptop yang sedang saya gunakan untuk kebutuhan pekerjaan.Terimakasih,Regards,Miftahul","Install software PDF Gear","0","2025-01-06","365","2025-01-06 11:27:20.327","NULL","NULL","NULL",0,"NULL","NULL","NULL"
1645,"0015-125","2408-COMP-NB-ICT-PTRE-24","Permintaan set up laptop baru","Install software network dan setup profile","0","2025-01-06","362","2025-01-06 15:04:56.033","NULL","NULL","NULL",0,"NULL","NULL","NULL"
1646,"0016-125","2323-COMP-NB-ICT-PTRE-24","Setting printer warna","Cek printer, ganti catrigde printer, setting scanner","NULL","2025-01-06","363","2025-01-06 16:41:40.467","NULL","NULL","NULL",0,"NULL","NULL","NULL"
1647,"0017-125","2323-COMP-NB-ICT-PTRE-24","Setting printer warna. Urgent.","Cek printer, ganti catrigde printer, setting scanner  di PC mba Ida","NULL","2025-01-06","364","2025-01-06 16:42:24.527","NULL","NULL","NULL",0,"NULL","NULL","NULL"
1648,"0014-125","01478-COMP-NB-ICT-PTRE-18","Minta tolong untuk di instal kan app MS. Project dan Movie Maker","install software ms project 2010","0","2025-01-07","361","2025-01-07 05:19:30.303","NULL","NULL","NULL",0,"NULL","NULL","NULL"
1649,"0020-125","2409-COMP-NB-ICT-PTRE-24","Permintaan untuk melakukan setting laptop kantor yang baru agar bisa digunakan untuk bekerja.","instalasi laptop baru, software email network","0","2025-01-07","367","2025-01-07 09:48:17.307","NULL","NULL","NULL",0,"NULL","NULL","NULL"
1650,"0021-125","2411-COMP-NB-ICT-PTRE-24","Permintaan Set Up Laptop Baru","instalasi laptop baru, software email network","0","2025-01-07","368","2025-01-07 09:49:34.917","NULL","NULL","NULL",0,"NULL","NULL","NULL"
1651,"0023-125","2141-COMP-NB-ICT-PTRE-21","Tolong buatkan akun MS Team dengan email kantor.","Create akun Office 365 Non Lisensi","NULL","2025-01-07","370","2025-01-07 09:54:30.023","NULL","NULL","NULL",0,"NULL","NULL","NULL"
1652,"0027-125","2373-COMP-NB-ICT-PTRE-24","Setting Printer","install dan setting Printer Brother","NULL","2025-01-07","374","2025-01-07 11:50:51.727","NULL","NULL","NULL",0,"NULL","NULL","NULL"
1653,"0031-125","2183-COMP-NB-ICT-PTRE-21","Permohonan perbaikan hardisk yang tidak terdeteksi","troubleshoot hardware, reset cache","0","2025-01-08","378","2025-01-08 11:09:30.057","NULL","NULL","NULL",0,"NULL","NULL","NULL"
1654,"0033-125","2190-COMP-NB-ICT-PTRE-22","Laptop sering blue screen dan restart tiba-tiba.","troubleshoot os, dan update software","0","2025-01-08","380","2025-01-08 13:24:04.140","NULL","NULL","NULL",0,"NULL","NULL","NULL"
1655,"0034-125","2416-COMP-NB-ICT-PTRE-24","Permintaan Setup Laptop Baru","Setup user, update software, install network","0","2025-01-08","381","2025-01-08 13:52:30.217","NULL","NULL","NULL",0,"NULL","NULL","NULL"
1656,"0035-125","01346-COMP-WORK-ICT-PTRE-15","Butuh plugin tambahan dari revit ke navis","Install Revit di PC Nadhella dan Sagitta","NULL","2025-01-08","382","2025-01-08 17:29:52.073","NULL","NULL","NULL",0,"NULL","NULL","NULL"
1657,"0038-125","01599 COMP-DSK-ICT-PTRE-18","instal ulang windows SSD","Windows pada SSD crash/corrupted, SSD di install ulang dan install aplikasi yang dibutuhkan","NULL","2025-01-08","385","2025-01-08 18:31:55.340","NULL","NULL","NULL",0,"NULL","NULL","NULL"
1658,"0041-125","01312-COMP-WORK-ICT-PTRE-15","for routing study existing area on-plot GS-1 and GS-2 Minas","Install google earth pro","0","2025-01-09","388","2025-01-09 09:37:05.743","NULL","NULL","NULL",0,"NULL","NULL","NULL"
1659,"0044-125","2382-COMP-NB-ICT-PTRE-24","Dear ICT Team,Mohon bantuannya untuk membuatkan email korporasi untuk PMD sesuai dengan formulir yang sudah diberikan ke IFS, terimakasih.Regards,Finisya","Pembuatan akun email pmd@re.rekayasa.co.id","NULL","2025-01-09","391","2025-01-09 12:06:28.400","NULL","NULL","NULL",0,"NULL","NULL","NULL"
1660,"0036-125","2412-COMP-NB-ICT-PTRE-24","Permintaan setting laptop baru ","Setup user, network, software dan update software","0","2025-01-09","383","2025-01-09 13:28:14.410","NULL","NULL","NULL",0,"NULL","NULL","NULL"
1661,"0052-125","2290-COMP-NB-ICT-PTRE-23","Request Print Software","Install Driver Printer Apeosport C 5575, cek settingan location di disable, enable kan settingan location agar bisa akses absensi di laptop","NULL","2025-01-10","400","2025-01-10 09:34:52.927","NULL","NULL","NULL",0,"NULL","NULL","NULL"
1662,"0053-125","2296-COMP-NB-ICT-PTRE-23","Untuk keperluan support pekerjaan perlu install printer ","Install driver printer dan setting printer","NULL","2025-01-11","401","2025-01-11 16:10:52.613","NULL","NULL","NULL",0,"NULL","NULL","NULL"
1663,"0045-125","2203-COMP-NB-ICT-PTRE-22","Laptop sering tidak bisa menyala","reset bios, analisis hardware","0","2025-01-11","392","2025-01-11 17:29:49.103","NULL","NULL","NULL",0,"NULL","NULL","NULL"
1664,"0054-125","01973 COMP-NB-ICT-PTRE-19","Dear team ITMohon di update Auto CAD lisenceTerima kasih atas bantuannyaRegards, Suhendi","Troubleshoot account autodesk","0","2025-01-13","402","2025-01-13 08:19:24.497","NULL","NULL","NULL",0,"NULL","NULL","NULL"
1665,"0067-125","2409-COMP-NB-ICT-PTRE-24","Meminta koneksi ke server.","Mapping server process","NULL","2025-01-13","415","2025-01-13 11:54:08.633","NULL","NULL","NULL",0,"NULL","NULL","NULL"
1666,"0067-125","2409-COMP-NB-ICT-PTRE-24","Meminta koneksi ke server.","Mapping server process","NULL","2025-01-13","415","2025-01-13 11:54:09.743","NULL","NULL","NULL",0,"NULL","NULL","NULL"
1667,"0064-125","2409-COMP-NB-ICT-PTRE-24","Meminta koneksi ke server.","Mapping server process","NULL","2025-01-13","412","2025-01-13 11:55:06.277","NULL","NULL","NULL",0,"NULL","NULL","NULL"
1668,"0065-125","2416-COMP-NB-ICT-PTRE-24","Connect to Server Process","Konek dan Mapping server process","NULL","2025-01-13","413","2025-01-13 14:26:36.443","NULL","NULL","NULL",0,"NULL","NULL","NULL"
1669,"0066-125","2411-COMP-NB-ICT-PTRE-24","Permintaan untuk connect ke server proses melalui laptop kantor","Konek ke Server dan Mapping Server","NULL","2025-01-13","414","2025-01-13 17:14:01.843","NULL","NULL","NULL",0,"NULL","NULL","NULL"
1670,"0068-125","01889 COMP-NB-ICT-PTRE-19","Laptop kantor cepet panas, kayaknya perlu dicek dan dibersihkan kipasnya, laptop sudah saya taruh di meja Riki","Repasta cpu","0","2025-01-14","416","2025-01-14 08:00:56.533","NULL","NULL","NULL",0,"NULL","NULL","NULL"
1671,"0076-125","2382-COMP-NB-ICT-PTRE-24","Dear IT Team,Mohon bantuannya untuk install MS Project di laptop saya, terimakasih.","install software project 2010","0","2025-01-14","424","2025-01-14 10:10:23.047","NULL","NULL","NULL",0,"NULL","NULL","NULL"
1672,"0079-125","2120-COMP-NB-ICT-PTRE-21","notifikasi Ms teams tanda seru merah","Cek TEAMS, sign out semua akun TEAMS, sign in kembali dan cek apakah masih error","NULL","2025-01-14","430","2025-01-14 10:33:13.240","NULL","NULL","NULL",0,"NULL","NULL","NULL"
1673,"0082-125","2372-COMP-NB-ICT-PTRE-24","Belum mendapatkan akses untuk scan dokumen ke server document control","mapping server untuk scan dan store data","0","2025-01-14","433","2025-01-14 11:20:16.203","NULL","NULL","NULL",0,"NULL","NULL","NULL"
1674,"0083-125","2371-COMP-NB-ICT-PTRE-24","Kindly to help me connect with Process Server","Konek ke Server RE, mapping drive server process","NULL","2025-01-14","434","2025-01-14 13:50:22.977","NULL","NULL","NULL",0,"NULL","NULL","NULL"
1675,"0085-125","01808 COMP-WORK-ICT-PTRE-19","mohon di bantu","tukar storage. backup data. install software email network dan restore data","0","2025-01-15","436","2025-01-15 14:47:46.943","NULL","NULL","NULL",0,"NULL","NULL","NULL"
1676,"0094-125","2167-COMP-NB-ICT-PTRE-21","Dear IT supportTolong instalkan mozilla firefox untuk coretax","Download dan install Browser Firefox untuk Coretax","NULL","2025-01-15","445","2025-01-15 16:38:08.563","NULL","NULL","NULL",0,"NULL","NULL","NULL"
1677,"0092-125","2368-COMP-NB-ICT-PTRE-24","Setting printer warna css","Install software printer dan mapping server untuk scan dokumen","0","2025-01-16","443","2025-01-16 08:08:23.097","NULL","NULL","NULL",0,"NULL","NULL","NULL"
1678,"0098-125","2414-COMP-NB-ICT-PTRE-24","Belum bisa connect wifi di ruang Mega Mendung","Setup wifi di laptop","0","2025-01-16","449","2025-01-16 10:13:14.937","NULL","NULL","NULL",0,"NULL","NULL","NULL"
1679,"0099-125","01918 COMP-NB-ICT-PTRE-19","Belum bisa connect wifi di ruang Mega Mendung","Setup wifi di laptop","0","2025-01-16","450","2025-01-16 10:13:53.287","NULL","NULL","NULL",0,"NULL","NULL","NULL"
1680,"0100-125","01731 COMP-DSK-ICT-PTRE-19","Tidak bisa connect wifi guest. Sudah dibantu didaftarkan oleh IT support","Setup wifi di laptop","NULL","2025-01-16","451","2025-01-16 10:14:31.120","NULL","NULL","NULL",0,"NULL","NULL","NULL"
1681,"0101-125","2323-COMP-NB-ICT-PTRE-24","Laptop hang","Hard Reset laptop","0","2025-01-16","452","2025-01-16 10:15:07.927","NULL","NULL","NULL",0,"NULL","NULL","NULL"
1682,"0070-125","2408-COMP-NB-ICT-PTRE-24","Problem dalam mengakses alamat server kantor","Konek ke server RE dan Mapping Server","NULL","2025-01-16","418","2025-01-16 11:00:06.990","NULL","NULL","NULL",0,"NULL","NULL","NULL"
1683,"0104-125","2296-COMP-NB-ICT-PTRE-23","Install Printer dan scanner HP 615 ke laptop Lenovo yang baru di perbaiki, sehingga driver printer nya terhapus dan perlu di install ulang","Setup printer h 610 di site. via anydesk","0","2025-01-16","455","2025-01-16 13:02:07.950","NULL","NULL","NULL",0,"NULL","NULL","NULL"
1684,"0105-125","2408-COMP-NB-ICT-PTRE-24","Request Install PDF Gear","Download dan install pdf gear","NULL","2025-01-16","456","2025-01-16 13:56:57.923","NULL","NULL","NULL",0,"NULL","NULL","NULL"
1685,"0107-125","01477-COMP-NB-ICT-PTRE-18","Dear IT, Mohon dibantu untuk memperbaiki email di Laptop saya yang saat ini mengalami kendala. Terima KasihMustomid","Cek kondisi software, instal ulang ms office 2016.","0","2025-01-16","458","2025-01-16 17:03:36.547","NULL","NULL","NULL",0,"NULL","NULL","NULL"
1686,"0110-125","01478-COMP-NB-ICT-PTRE-18","Minta tolong Install dan Setting Office 365","Download dan install office 365, setting email dan teams","NULL","2025-01-16","461","2025-01-16 17:06:33.487","NULL","NULL","NULL",0,"NULL","NULL","NULL"
1687,"0111-125","01206-COMP-WORK-ICT-PTRE-14","Membantu menyambungkan email ke pc","Cek settingan email, cek settingan server mail, update settingan","NULL","2025-01-17","462","2025-01-17 10:00:58.820","NULL","NULL","NULL",0,"NULL","NULL","NULL"
1688,"0112-125","2131-COMP-NB-ICT-PTRE-21","Dear P Ricky Untuk Office terjadi ERROR saat membuka LAPTOP","Cek kondisi laptop, instal ulang ms office dan maintenance software","0","2025-01-17","463","2025-01-17 10:22:19.643","NULL","NULL","NULL",0,"NULL","NULL","NULL"
1689,"0103-125","2292-COMP-NB-ICT-PTRE-23","Internet tidak dapat digunakan","Cek laptop, koneksi tetap tidak bisa, harus install ulang windows, install ulang, update windows dan setting email","NULL","2025-01-17","454","2025-01-17 15:34:08.047","NULL","NULL","NULL",0,"NULL","NULL","NULL"
1690,"0113-125","2155-COMP-NB-ICT-PTRE-21","MInta tolong install kan VPN untuk akses HRM portalTerima kasih","Download Fortinet, install dan setting VPN","NULL","2025-01-17","464","2025-01-17 17:50:32.547","NULL","NULL","NULL",0,"NULL","NULL","NULL"
1691,"0116-125","01909 COMP-DSK-ICT-PTRE-19","Scan Setting","Setting dan mapping server Finance","NULL","2025-01-17","467","2025-01-17 17:51:36.573","NULL","NULL","NULL",0,"NULL","NULL","NULL"
1692,"0115-125","2322-COMP-NB-ICT-PTRE-0324","Instal laptop untuk ngeprint","install printer baru finance","0","2025-01-17","466","2025-01-17 19:39:13.733","NULL","NULL","NULL",0,"NULL","NULL","NULL"
1693,"0118-125","01486-COMP-NB-ICT-PTRE-18","microsoft tidak bisa di edit dan diketik","sign out semua akun di laptop
update office 365,","0","2025-01-20","469","2025-01-20 10:42:32.007","NULL","NULL","NULL",0,"NULL","NULL","NULL"
1694,"0123-125","2410-COMP-NB-ICT-PTRE-24","Monitor ke 2 eror dan tampilan gelap, minta tolong untuk di cek","Cek laptop, cek settingan display, sesuaikan resolusi untuk display di monitor ke 2","NULL","2025-01-21","474","2025-01-21 11:02:51.070","NULL","NULL","NULL",0,"NULL","NULL","NULL"
1695,"0128-125","01599 COMP-DSK-ICT-PTRE-18","AUTOCAD PLANT 3D TROUBLE","Cek Autocad plant 3D, repair aplikasi, install dan uninstall aplikasi, tambahkan akun windows Sandi","NULL","2025-01-21","479","2025-01-21 17:09:06.143","NULL","NULL","NULL",0,"NULL","NULL","NULL"
1696,"0130-125","01051-COMP-WORK-ICT-PTRE-13","license autocad error","minta allow usb dan troubleshoot autocad","0","2025-01-22","481","2025-01-22 09:25:19.993","NULL","NULL","NULL",0,"NULL","NULL","NULL"
1697,"0132-125","2268-COMP-DESK-ICT-PTRE-23","Driver Printer","setup printer piping","0","2025-01-22","483","2025-01-22 10:58:34.510","NULL","NULL","NULL",0,"NULL","NULL","NULL"
1698,"0129-125","01727 COMP-DSK-ICT-PTRE-19","Mohon di bantu untuk team IT","Setup, maintenance, register ip, install software dan setup email pc dell","0","2025-01-22","480","2025-01-22 13:21:27.953","NULL","NULL","NULL",0,"NULL","NULL","NULL"
1699,"0134-125","2025 COMP-NB-ICT-PTRE-20","install software dialux evo 13.0","Download dan Install Dialux Evo 13","NULL","2025-01-22","485","2025-01-22 14:10:46.900","NULL","NULL","NULL",0,"NULL","NULL","NULL"
1700,"0137-125","01887 COMP-NB-ICT-PTRE-19","Instal Software Dialux  Evo 13","Download dan install Dialux Evo 13","NULL","2025-01-22","488","2025-01-22 14:13:37.843","NULL","NULL","NULL",0,"NULL","NULL","NULL"
1701,"0137-125","01887 COMP-NB-ICT-PTRE-19","Instal Software Dialux  Evo 13","Download dan install Dialux Evo 13","NULL","2025-01-22","488","2025-01-22 14:13:39.193","NULL","NULL","NULL",0,"NULL","NULL","NULL"
1702,"0136-125","2139-COMP-NB-ICT-PTRE-21","Perbaikan LCD Laptop yang rusak yang barangnya sudah dibeli melalui procurement","Ganti LCD, maintenance hardware, cleaning debu","900000","2025-01-22","487","2025-01-22 15:37:20.717","NULL","NULL","NULL",0,"NULL","NULL","NULL"
1703,"0142-125","01067-COMP-WORK-ICT-PTRE-13","PC TIDAK BISA DI GUNAKAN","Troubleshoot hardware dan pergantian ram, baterai cmos dan pasta cpu","0","2025-01-23","493","2025-01-23 08:21:57.540","NULL","NULL","NULL",0,"NULL","NULL","NULL"
1704,"0141-125","2408-COMP-NB-ICT-PTRE-24","Wifi di device tidak bisa connect di Wifi kantor ataupun hotsport selular","Cek Wifi, error No Connection found, trouble shoot dan reset Networking, uninstall driver WiFi, Install Driver terbaru, update windows, clear network","NULL","2025-01-23","492","2025-01-23 10:07:52.887","NULL","NULL","NULL",0,"NULL","NULL","NULL"
1705,"0143-125","01918 COMP-NB-ICT-PTRE-19","Minta tolong betulin bautnya yang lepas","Cek laptop, cari baut cadangan dan kencangkan laptop","NULL","2025-01-23","494","2025-01-23 10:41:23.877","NULL","NULL","NULL",0,"NULL","NULL","NULL"
1706,"0146-125","2418-COMP-NB-ICT-PTRE-25","Diperlukan install &amp; Setting Laptop (a.n Oca Dwiyana 104099)","Instalasi software, akun, network, printer
backup data dan restore data","0","2025-01-24","500","2025-01-24 08:59:21.950","NULL","NULL","NULL",0,"NULL","NULL","NULL"
1707,"0151-125","2126-COMP-NB-ICT-PTRE-21","Dear tim IT Support,I need to assist for software installation process.RgdsWisnu","Uninstall MailMerge yang berjalan, hapus semua Folder MapiLab di Drive C, Install kembali MailMerge","NULL","2025-01-24","505","2025-01-24 09:24:05.820","NULL","NULL","NULL",0,"NULL","NULL","NULL"
1708,"0153-125","2210-COMP-NB-ICT-PTRE-22","Update Laptop","Backup data dan restore data
install software, setup akun email dll dan jaringan","0","2025-01-30","507","2025-01-30 09:20:32.957","NULL","NULL","NULL",0,"NULL","NULL","NULL"
1709,"0159-125","2110-COMP-NB-ICT-PTRE-21","Pada saat PC running, one drive tidak dapat di akses dan butuh permit administrator","Cek software OneDrive, Cek Software Office 365, Sign in ulang One Drive dan arahkan lokasi ke tempat semula, tunggu sync Data","NULL","2025-01-30","513","2025-01-30 12:16:03.183","NULL","NULL","NULL",0,"NULL","NULL","NULL"
1710,"0160-125","02015 COMP-NB-ICT-PTRE-20","Tidak bisa masuk jaringan wifi","Cek Driver WiFi, Uninstall dan Install ulang Driver WiFi
tiba-tiba Wifi hilang, adapter tidak terbaca, download driver dari website resmi dan install, tekan laptop, WiFi terbaca kembali, kemungkinan karena baterai kembung jadi posisi wifi bergeser dan tidak tebaca","NULL","2025-01-30","514","2025-01-30 13:28:49.073","NULL","NULL","NULL",0,"NULL","NULL","NULL"
1711,"0158-125","01784 COMP-DSK-ICT-PTRE-19","Work PCEmail SettingPortal akses dan dataParkir Kemeja","Setup komputer, akun, email, network
backup data dan manage data lama","0","2025-01-30","512","2025-01-30 15:21:04.730","NULL","NULL","NULL",0,"NULL","NULL","NULL"
1712,"0162-125","02015 COMP-NB-ICT-PTRE-20","Perbaikan signal Wi-Fi","Troubleshoot laptop, bongkar dan ganti perangkat ac adapter wifi card pada laptop","0","2025-01-30","516","2025-01-30 17:59:09.050","NULL","NULL","NULL",0,"NULL","NULL","NULL"
1713,"0164-125","02014 COMP-NB-ICT-PTRE-20","mohon dibantu untuk perbaikan layar monitor laptop ,disebelah kiri layar ada pecah","Bongkar casing bagian layar laptop, ganti dengan sparepart dari laptop rusak","0","2025-01-31","518","2025-01-31 13:27:08.607","NULL","NULL","NULL",0,"NULL","NULL","NULL"
1714,"0165-125","01650 COMP-NB-ICT-PTRE-18","mas, minta tolong di setting vpn kantor supaya bisa untuk WFH, kmrn udah sempat di setting tp engga bisa","cek Forticlient, setting ulang, tetap ga bisa konek. ssl connection closed, cek control panel, uninstall macafee webadvisor","NULL","2025-01-31","519","2025-01-31 16:10:57.607","NULL","NULL","NULL",0,"NULL","NULL","NULL"
1715,"0003-225","2179-COMP-NB-ICT-PTRE-21","By Maulana","Download dan Install Zoom Workspace","NULL","2025-02-03","523","2025-02-03 09:51:14.560","NULL","NULL","NULL",0,"NULL","NULL","NULL"
1716,"0005-225","2155-COMP-NB-ICT-PTRE-21","The product license is no longer availableMohon untuk di cekThanks","Cek settingan lisensi, install adsklisensing support","NULL","2025-02-03","525","2025-02-03 10:15:43.890","NULL","NULL","NULL",0,"NULL","NULL","NULL"
1717,"0004-225","2318-COMP-NB-ICT-PTRE-24","DH,Mohon dibantu untuk konek printer dari laptop sayaTerimakasihRegards,Untoro","Install printer ppc","0","2025-02-03","524","2025-02-03 10:26:52.790","NULL","NULL","NULL",0,"NULL","NULL","NULL"
1718,"0012-225","2291-COMP-NB-ICT-PTRE-23","Settingan Jam Laptop","Cek settingan jam, sync Date dan Clock di laptop","NULL","2025-02-04","534","2025-02-04 10:56:26.623","NULL","NULL","NULL",0,"NULL","NULL","NULL"
1719,"0014-225","01668 COMP-DSK-ICT-PTRE-19","Saat mendownload file dari WhatsApp, file tidak bisa didownload dan tidak muncul di folder download.","Cek whatsapp via web, tidak bisa download file, walaupun tampilan pesan file sudah selesai terdownload. install whatsapp aplikasi desktop di store, error. update windows dan restart Pc, install kembali whatsapp","NULL","2025-02-04","545","2025-02-04 13:04:37.547","NULL","NULL","NULL",0,"NULL","NULL","NULL"
1720,"0015-225","01903 COMP-DSK-ICT-PTRE-19","Autocad 2024 sering Bug.","Install Autocad 2022, Navis Manage 2023, Vechicle untuk revit 2023","NULL","2025-02-04","546","2025-02-04 18:07:16.530","NULL","NULL","NULL",0,"NULL","NULL","NULL"
1721,"0020-225","2413-COMP-NB-ICT-PTRE-24","Connected to Wifi REAP","Daftarkan Phisycal Address laptop untuk WiFi REAP","NULL","2025-02-05","567","2025-02-05 10:39:36.993","NULL","NULL","NULL",0,"NULL","NULL","NULL"
1722,"0017-225","01591 COMP-DSK-ICT-PTRE-18","Ms team eror di perangkat PC. Tidak bisa digunakan","instalasi software ms team untuk meeting","0","2025-02-05","558","2025-02-05 10:48:28.717","NULL","NULL","NULL",0,"NULL","NULL","NULL"
1723,"0022-225","01973 COMP-NB-ICT-PTRE-19","Dear IT teamMohon di setting laptopnya supaya bisa akses ke server, Terima kasihRegardsSuhendi","Mapping server electrical untuk file data sharing","0","2025-02-05","569","2025-02-05 10:49:10.070","NULL","NULL","NULL",0,"NULL","NULL","NULL"
1724,"0023-225","01591 COMP-DSK-ICT-PTRE-18","Update windows &amp; office","Cek PC, clean up File sampah, update windows, sarankan agar PC di upgrade menggunakan SSD","NULL","2025-02-05","570","2025-02-05 13:55:04.933","NULL","NULL","NULL",0,"NULL","NULL","NULL"
1725,"0025-225","01662 COMP-DSK-ICT-PTRE-19","Penambahan Proofing Language MS Word","Cek PC, download paket bahasa indonesia untuk office 2016, install","NULL","2025-02-05","572","2025-02-05 13:56:25.697","NULL","NULL","NULL",0,"NULL","NULL","NULL"
1726,"0026-225","2323-COMP-NB-ICT-PTRE-24","Setting MS Teams  - audio tidak berfungsi","Cek sound laptop, uninstall driver sound laptop, download driver dari web Asus, Install driver, cek dan setting sound","NULL","2025-02-05","573","2025-02-05 13:58:45.630","NULL","NULL","NULL",0,"NULL","NULL","NULL"
1727,"0024-225","2268-COMP-DESK-ICT-PTRE-23","Dear IT Helpdesk, mohon bantuannya untuk extend partisi disk drive.","Install MWT, extend partisi drive C menjadi 700 GB","NULL","2025-02-05","571","2025-02-05 14:49:52.497","NULL","NULL","NULL",0,"NULL","NULL","NULL"
1728,"0030-225","2128-COMP-NB-ICT-PTRE-21","Printer mengalami error, tidak bisa print ","Cek Printer, error print, restart printer, update software printer brother","NULL","2025-02-06","577","2025-02-06 09:15:55.493","NULL","NULL","NULL",0,"NULL","NULL","NULL"
1729,"0030-225","2128-COMP-NB-ICT-PTRE-21","Printer mengalami error, tidak bisa print ","Cek Printer, error print, restart printer, update software printer brother","NULL","2025-02-06","577","2025-02-06 09:16:09.727","NULL","NULL","NULL",0,"NULL","NULL","NULL"
1730,"0030-225","2128-COMP-NB-ICT-PTRE-21","Printer mengalami error, tidak bisa print ","Cek Printer, error print, restart printer, update software printer brother","NULL","2025-02-06","577","2025-02-06 09:16:18.037","NULL","NULL","NULL",0,"NULL","NULL","NULL"
1731,"0030-225","2128-COMP-NB-ICT-PTRE-21","Printer mengalami error, tidak bisa print ","Cek Printer, error print, restart printer, update software printer brother","NULL","2025-02-06","577","2025-02-06 09:16:22.037","NULL","NULL","NULL",0,"NULL","NULL","NULL"
1732,"0030-225","2128-COMP-NB-ICT-PTRE-21","Printer mengalami error, tidak bisa print ","Cek Printer, error print, restart printer, update software printer brother","NULL","2025-02-06","577","2025-02-06 09:16:34.763","NULL","NULL","NULL",0,"NULL","NULL","NULL"
1733,"0030-225","2128-COMP-NB-ICT-PTRE-21","Printer mengalami error, tidak bisa print ","Cek Printer, error print, restart printer, update software printer brother","NULL","2025-02-06","577","2025-02-06 09:16:42.103","NULL","NULL","NULL",0,"NULL","NULL","NULL"
1734,"0030-225","2128-COMP-NB-ICT-PTRE-21","Printer mengalami error, tidak bisa print ","Cek Printer, error print, restart printer, update software printer brother","NULL","2025-02-06","577","2025-02-06 09:17:03.850","NULL","NULL","NULL",0,"NULL","NULL","NULL"
1735,"0030-225","2128-COMP-NB-ICT-PTRE-21","Printer mengalami error, tidak bisa print ","Cek Printer, error print, restart printer, update software printer brother","NULL","2025-02-06","577","2025-02-06 09:17:08.843","NULL","NULL","NULL",0,"NULL","NULL","NULL"
1736,"0032-225","2418-COMP-NB-ICT-PTRE-25","PDF susah bikin comment, sama ga ada Viewer CAD","Cek laptop, update windows, install DWG true View dan PDF Exchange","NULL","2025-02-06","579","2025-02-06 14:54:27.977","NULL","NULL","NULL",0,"NULL","NULL","NULL"
1737,"0032-225","2418-COMP-NB-ICT-PTRE-25","PDF susah bikin comment, sama ga ada Viewer CAD","Cek laptop, update windows, install DWG true View dan PDF Exchange","NULL","2025-02-06","579","2025-02-06 14:54:40.107","NULL","NULL","NULL",0,"NULL","NULL","NULL"
1738,"0034-225","2418-COMP-NB-ICT-PTRE-25","Mas tolong ubah view sent item menjadi seperti semula","Cek settingan email, set view email ke default awal","NULL","2025-02-07","581","2025-02-07 09:39:54.580","NULL","NULL","NULL",0,"NULL","NULL","NULL"
1739,"0034-225","2418-COMP-NB-ICT-PTRE-25","Mas tolong ubah view sent item menjadi seperti semula","Cek settingan email, set view email ke default awal","NULL","2025-02-07","581","2025-02-07 09:40:47.973","NULL","NULL","NULL",0,"NULL","NULL","NULL"
1740,"0035-225","01950 COMP-DSK-ICT-PTRE-19","tolong sambungkan perangat komputer saya dengan printer di ruang piping","Cek list printer, download dan Install Printer DocuCentre 3065","NULL","2025-02-07","582","2025-02-07 10:32:33.297","NULL","NULL","NULL",0,"NULL","NULL","NULL"
1741,"0035-225","01950 COMP-DSK-ICT-PTRE-19","tolong sambungkan perangat komputer saya dengan printer di ruang piping","Cek list printer, download dan Install Printer DocuCentre 3065","NULL","2025-02-07","582","2025-02-07 10:32:38.887","NULL","NULL","NULL",0,"NULL","NULL","NULL"
1742,"0036-225","01887 COMP-NB-ICT-PTRE-19","Install dongle untuk connect wifi","Daftarkan Phisycal Address laptop Devita ke Winbox agar bisa konek ke WiFi electrical","NULL","2025-02-07","583","2025-02-07 10:42:54.720","NULL","NULL","NULL",0,"NULL","NULL","NULL"
1743,"0036-225","01887 COMP-NB-ICT-PTRE-19","Install dongle untuk connect wifi","Daftarkan Phisycal Address laptop Devita ke Winbox agar bisa konek ke WiFi electrical","NULL","2025-02-07","583","2025-02-07 10:42:58.307","NULL","NULL","NULL",0,"NULL","NULL","NULL"
1744,"0038-225","01581 COMP-DSK-ICT-PTRE-18","mohon di bantu untuk penyembungan line internet terkai pemindahan meja kerja di ruang P&amp;3D","Pemasangan kabel LAN di ruang piping","0","2025-02-07","585","2025-02-07 14:49:07.027","NULL","NULL","NULL",0,"NULL","NULL","NULL"
1745,"0040-225","2131-COMP-NB-ICT-PTRE-21","Dear P Maulana,Mohon bantuannya untuk permasalahan ACTIVATE OFFICE ERROR sehingga LAPTOP OFFICER ERRORTerima KasihNursamsi","Excel minta aktivasi lisensi, sudah di masukan serial lisensi, tidak mau, uninstall office 2016, install ulang office, excel loading terus ketika buka file, update windows, pindah akun tetap sama, buka excel terlebih dahulu baru buka file, file di protect password oleh user","NULL","2025-02-07","587","2025-02-07 17:06:17.670","NULL","NULL","NULL",0,"NULL","NULL","NULL"
1746,"0040-225","2131-COMP-NB-ICT-PTRE-21","Dear P Maulana,Mohon bantuannya untuk permasalahan ACTIVATE OFFICE ERROR sehingga LAPTOP OFFICER ERRORTerima KasihNursamsi","Excel minta aktivasi lisensi, sudah di masukan serial lisensi, tidak mau, uninstall office 2016, install ulang office, excel loading terus ketika buka file, update windows, pindah akun tetap sama, buka excel terlebih dahulu baru buka file, file di protect password oleh user","NULL","2025-02-07","587","2025-02-07 17:06:20.467","NULL","NULL","NULL",0,"NULL","NULL","NULL"
1747,"PTRE-FM-1523_B","00248-FUR-KK-CFS-PTRE-14","baut hidrolik kendor","mengencangkan baut hidrolik","0","2025-02-10","140133","2025-02-10 10:22:59.000","NULL","NULL","NULL",0,"NULL","NULL","NULL"
1748,"PTRE-FM-1523_B","00247-FUR-KK-CFS-PTRE-14","baut hidrolik kendor","mengencangkan baut hidrolik","0","2025-02-10","140133","2025-02-10 10:28:10.000","NULL","NULL","NULL",0,"NULL","NULL","NULL"
1749,"PTRE-FM-1523_B","00276-FUR-KK-CFS-PTRE-14","baut hidrolik tidak kencang","mengencangkan baut hidrolik","0","2025-02-10","140133","2025-02-10 10:29:36.000","NULL","NULL","NULL",0,"NULL","NULL","NULL"
1750,"PTRE-FM-1523_B","00628-FUR-KK-CFS-PTRE-14","baut hidrolik tidak kencang","mengencangkan baut hidrolik","0","2025-02-10","140133","2025-02-10 10:35:45.000","NULL","NULL","NULL",0,"NULL","NULL","NULL"
1751,"PTRE-FM-1523_B","00567-FUR-KK-CFS-PTRE-14","baut hidrolik tidak kencang","mengencangkan baut hidrolik","0","2025-02-10","140133","2025-02-10 10:36:57.000","NULL","NULL","NULL",0,"NULL","NULL","NULL"
1752,"PTRE-FM-1523_B","00557-FUR-KK-CFS-PTRE-14","rusak / patah di senderan tangan","tidak bisa diperbaiki","0","2025-02-10","140133","2025-02-10 10:39:14.000","NULL","NULL","NULL",0,"NULL","NULL","NULL"
1753,"0041-225","01701 COMP-DSK-ICT-PTRE-19","Dh, Team ITmohon bantuanny PC tidak bisa masuk windows""automatic repair""Salam, Yudho","Windows masuk ke status recovery, restart windows, masuk ke bios, ganti dari raid ke ahci, save dan restart, update windows, cek autocad ga bisa lisensi, reset lisensi autocad dan sign in ulang","NULL","2025-02-10","588","2025-02-10 10:40:18.480","NULL","NULL","NULL",0,"NULL","NULL","NULL"
1754,"0041-225","01701 COMP-DSK-ICT-PTRE-19","Dh, Team ITmohon bantuanny PC tidak bisa masuk windows""automatic repair""Salam, Yudho","Windows masuk ke status recovery, restart windows, masuk ke bios, ganti dari raid ke ahci, save dan restart, update windows, cek autocad ga bisa lisensi, reset lisensi autocad dan sign in ulang","NULL","2025-02-10","588","2025-02-10 10:40:30.510","NULL","NULL","NULL",0,"NULL","NULL","NULL"
1755,"PTRE-FM-1523_B","00637-FUR-KK-CFS-PTRE-14","baut hidrolik tidak kencang","mengencangkan baut hidrolik","0","2025-02-10","140133","2025-02-10 10:42:42.000","NULL","NULL","NULL",0,"NULL","NULL","NULL"
1756,"PTRE-FM-1523_B","00631-FUR-KK-CFS-PTRE-14","baut hidrolik kendor","mengencangkan baut hidrolik","0","2025-02-10","140133","2025-02-10 10:43:49.000","NULL","NULL","NULL",0,"NULL","NULL","NULL"
1757,"PTRE-FM-1523_B","00626-FUR-KK-CFS-PTRE-14","baut hidrolik tidak kencang","mengencangkan baut hidrolik","0","2025-02-10","140133","2025-02-10 10:44:32.000","NULL","NULL","NULL",0,"NULL","NULL","NULL"
1758,"PTRE-FM-1523_B","00615-FUR-KK-CFS-PTRE-14","baut hidrolik tidak kencang","mengencangkan baut hidrolik","0","2025-02-10","140133","2025-02-10 10:45:18.000","NULL","NULL","NULL",0,"NULL","NULL","NULL"
1759,"PTRE-FM-1523_B","00638-FUR-KK-CFS-PTRE-14","baut hidrolik tidak kencang","mengencangkan baut hidrolik","0","2025-02-10","140133","2025-02-10 10:45:57.000","NULL","NULL","NULL",0,"NULL","NULL","NULL"
1760,"PTRE-FM-1523_B","00638-FUR-KK-CFS-PTRE-14","baut hidrolik tidak kencang","mengencangkan baut hidrolik","0","2025-02-10","140133","2025-02-10 10:45:57.000","NULL","NULL","NULL",0,"NULL","NULL","NULL"
1761,"PTRE-FM-1523_B","00186-FUR-KK-CFS-PTRE-13","baut hidrolik tidak kencang","mengencangkan baut hidrolik","0","2025-02-10","140133","2025-02-10 10:46:43.000","NULL","NULL","NULL",0,"NULL","NULL","NULL"
1762,"PTRE-FM-1523_B","03380-FUR-KK-CFS-PTRE-24","baut hidrolik tidak kencang","mengencangkan baut hidrolik","0","2025-02-10","140133","2025-02-10 10:49:51.000","NULL","NULL","NULL",0,"NULL","NULL","NULL"
1763,"PTRE-FM-1523_B","03731-FUR-KK-CFS-PTRE-24","baut hidrolik tidak kencang","mengencangkan baut hidrolik","0","2025-02-10","140133","2025-02-10 10:50:49.000","NULL","NULL","NULL",0,"NULL","NULL","NULL"
1764,"PTRE-FM-1523_B","03743-FUR-KK-CFS-PTRE-24","baut hidrolik tidak kencang","mengencangkan baut hidrolik","0","2025-02-10","140133","2025-02-10 10:51:35.000","NULL","NULL","NULL",0,"NULL","NULL","NULL"
1765,"PTRE-FM-1523_B","01671-FUR-KK-CFS-PTRE-14","baut hidrolik tidak kencang","mengencangkan baut hidrolik","0","2025-02-10","140133","2025-02-10 10:58:15.000","NULL","NULL","NULL",0,"NULL","NULL","NULL"
1766,"PTRE-FM-1523_B","01669-FUR-KK-CFS-PTRE-14","baut hidrolik tidak kencang","mengencangkan baut hidrolik
","0","2025-02-10","140133","2025-02-10 10:59:45.000","NULL","NULL","NULL",0,"NULL","NULL","NULL"
1767,"PTRE-FM-1523_B","02608-FUR-KK-CFS-PTRE-14","baut hidrolik tidak kencang","mengencangkan baut hidrolik","0","2025-02-10","140133","2025-02-10 11:00:22.000","NULL","NULL","NULL",0,"NULL","NULL","NULL"
1768,"PTRE-FM-1523_B","02612-FUR-KK-CFS-PTRE-14","baut hidrolik tidak kencang","mengencangkan baut hidrolik","0","2025-02-10","140133","2025-02-10 11:00:55.000","NULL","NULL","NULL",0,"NULL","NULL","NULL"
1769,"PTRE-FM-1523_B","03741-FUR-KK-CFS-PTRE-24","baut hidrolik tidak kencang","mengencangkan baut hidrolik","0","2025-02-10","140133","2025-02-10 11:02:38.000","NULL","NULL","NULL",0,"NULL","NULL","NULL"
1770,"PTRE-FM-1523_B","01637-FUR-KK-CFS-PTRE-14","baut hidrolik tidak kencang","mengencangkan baut hidrolik","0","2025-02-10","140133","2025-02-10 11:05:37.000","NULL","NULL","NULL",0,"NULL","NULL","NULL"
1771,"0048-225","01662 COMP-DSK-ICT-PTRE-19","Add G-Drive to My Files","Download dan Install GDrive di PC, setting lokasi gDrive","NULL","2025-02-10","595","2025-02-10 16:09:13.707","NULL","NULL","NULL",0,"NULL","NULL","NULL"
1772,"0051-225","01571 COMP-DSK-ICT-PTRE-18","Sudah dua hari tidak bisa koneksi internet/akses internet.","Daftar MAC ID untuk LAN  pc piping","0","2025-02-11","599","2025-02-11 09:56:38.317","NULL","NULL","NULL",0,"NULL","NULL","NULL"
1773,"0033-225","01727 COMP-DSK-ICT-PTRE-19","Benerin PC yang eror secara tiba tiba","Instal ulang pc karna blue screen","0","2025-02-11","580","2025-02-11 10:56:05.083","NULL","NULL","NULL",0,"NULL","NULL","NULL"
1774,"0053-225","2021 COMP-NB-ICT-PTRE-20","Tim IT tolong cek autocad saya lisensi nya expired","Cek settingan autocad, lisensi error, install autodesk lisensi UI, reset lisensi, login ulang","NULL","2025-02-11","601","2025-02-11 13:18:26.393","NULL","NULL","NULL",0,"NULL","NULL","NULL"
1775,"0053-225","2021 COMP-NB-ICT-PTRE-20","Tim IT tolong cek autocad saya lisensi nya expired","Cek settingan autocad, lisensi error, install autodesk lisensi UI, reset lisensi, login ulang","NULL","2025-02-11","601","2025-02-11 13:18:30.803","NULL","NULL","NULL",0,"NULL","NULL","NULL"
1776,"0053-225","2021 COMP-NB-ICT-PTRE-20","Tim IT tolong cek autocad saya lisensi nya expired","Cek settingan autocad, lisensi error, install autodesk lisensi UI, reset lisensi, login ulang","NULL","2025-02-11","601","2025-02-11 13:18:31.907","NULL","NULL","NULL",0,"NULL","NULL","NULL"
1777,"0058-225","2169-COMP-NB-ICT-PTRE-21","Permintaan Set up Printer di Laptop Dhimas","Setup printer marketing","0","2025-02-11","606","2025-02-11 17:00:51.153","NULL","NULL","NULL",0,"NULL","NULL","NULL"
1778,"0057-225","01456-COMP-NB-ICT-PTRE-18","Dear IT Team,Mohon bantuannya untuk membantu install aplikasi Bizagi (free) di laptop untuk keperluan membuat alur bisnis proses PPWI HRMTerima kasih","Download dan Install software Bizagi, setting aplikasi, sign in ga bisa, forget password ga bisa, skip sign in, cari aplikasi alternatif menggunakan draw io","NULL","2025-02-11","605","2025-02-11 17:07:50.880","NULL","NULL","NULL",0,"NULL","NULL","NULL"
1779,"0057-225","01456-COMP-NB-ICT-PTRE-18","Dear IT Team,Mohon bantuannya untuk membantu install aplikasi Bizagi (free) di laptop untuk keperluan membuat alur bisnis proses PPWI HRMTerima kasih","Download dan Install software Bizagi, setting aplikasi, sign in ga bisa, forget password ga bisa, skip sign in, cari aplikasi alternatif menggunakan draw io","NULL","2025-02-11","605","2025-02-11 17:07:53.213","NULL","NULL","NULL",0,"NULL","NULL","NULL"
1780,"0057-225","01456-COMP-NB-ICT-PTRE-18","Dear IT Team,Mohon bantuannya untuk membantu install aplikasi Bizagi (free) di laptop untuk keperluan membuat alur bisnis proses PPWI HRMTerima kasih","Download dan Install software Bizagi, setting aplikasi, sign in ga bisa, forget password ga bisa, skip sign in, cari aplikasi alternatif menggunakan draw io","NULL","2025-02-11","605","2025-02-11 17:07:53.297","NULL","NULL","NULL",0,"NULL","NULL","NULL"
1781,"0057-225","01456-COMP-NB-ICT-PTRE-18","Dear IT Team,Mohon bantuannya untuk membantu install aplikasi Bizagi (free) di laptop untuk keperluan membuat alur bisnis proses PPWI HRMTerima kasih","Download dan Install software Bizagi, setting aplikasi, sign in ga bisa, forget password ga bisa, skip sign in, cari aplikasi alternatif menggunakan draw io","NULL","2025-02-11","605","2025-02-11 17:07:53.317","NULL","NULL","NULL",0,"NULL","NULL","NULL"
1782,"0057-225","01456-COMP-NB-ICT-PTRE-18","Dear IT Team,Mohon bantuannya untuk membantu install aplikasi Bizagi (free) di laptop untuk keperluan membuat alur bisnis proses PPWI HRMTerima kasih","Download dan Install software Bizagi, setting aplikasi, sign in ga bisa, forget password ga bisa, skip sign in, cari aplikasi alternatif menggunakan draw io","NULL","2025-02-11","605","2025-02-11 17:07:53.513","NULL","NULL","NULL",0,"NULL","NULL","NULL"
1783,"0057-225","01456-COMP-NB-ICT-PTRE-18","Dear IT Team,Mohon bantuannya untuk membantu install aplikasi Bizagi (free) di laptop untuk keperluan membuat alur bisnis proses PPWI HRMTerima kasih","Download dan Install software Bizagi, setting aplikasi, sign in ga bisa, forget password ga bisa, skip sign in, cari aplikasi alternatif menggunakan draw io","NULL","2025-02-11","605","2025-02-11 17:07:54.373","NULL","NULL","NULL",0,"NULL","NULL","NULL"
1784,"0059-225","01444-COMP-NB-ICT-PTRE-17","Minta tolong setting laptop :Connect ke PrinterInstall CCleaner FreeInstall pdf selain pdf gear","Download dan Install driver Printer DocuCentre 3065, restart laptop, setting scale dokumen di word dan excel, download dan install driver Printer DocuCentre 3065 di laptop Nanang Yudi","NULL","2025-02-11","607","2025-02-11 17:10:30.923","NULL","NULL","NULL",0,"NULL","NULL","NULL"
1785,"0059-225","01444-COMP-NB-ICT-PTRE-17","Minta tolong setting laptop :Connect ke PrinterInstall CCleaner FreeInstall pdf selain pdf gear","Download dan Install driver Printer DocuCentre 3065, restart laptop, setting scale dokumen di word dan excel, download dan install driver Printer DocuCentre 3065 di laptop Nanang Yudi","NULL","2025-02-11","607","2025-02-11 17:10:33.477","NULL","NULL","NULL",0,"NULL","NULL","NULL"
1786,"0059-225","01444-COMP-NB-ICT-PTRE-17","Minta tolong setting laptop :Connect ke PrinterInstall CCleaner FreeInstall pdf selain pdf gear","Download dan Install driver Printer DocuCentre 3065, restart laptop, setting scale dokumen di word dan excel, download dan install driver Printer DocuCentre 3065 di laptop Nanang Yudi","NULL","2025-02-11","607","2025-02-11 17:10:36.910","NULL","NULL","NULL",0,"NULL","NULL","NULL"
1787,"0056-225","2428-COMP-NB-ICT-PTRE-25","Mohon bantuannya untuk team IT","Instalasi notebook baru, email network printer dan software","0","2025-02-12","604","2025-02-12 08:28:12.340","NULL","NULL","NULL",0,"NULL","NULL","NULL"
1788,"0063-225","01889 COMP-NB-ICT-PTRE-19","Laptop kantor yang saya gunakan saat digunakan di mega mendung tidak dapat terhubung ke REAP","Registrasi MacAddress untuk konek ke REAP","NULL","2025-02-12","611","2025-02-12 14:58:53.413","NULL","NULL","NULL",0,"NULL","NULL","NULL"
1789,"0063-225","01889 COMP-NB-ICT-PTRE-19","Laptop kantor yang saya gunakan saat digunakan di mega mendung tidak dapat terhubung ke REAP","Registrasi MacAddress untuk konek ke REAP","NULL","2025-02-12","611","2025-02-12 14:58:57.267","NULL","NULL","NULL",0,"NULL","NULL","NULL"
1790,"0061-225","2429-COMP-NB-ICT-PTRE-25","Selamat Siang,Mohon untuk dilakukan setup pada laptop, untuk email : Dizq KrismanadhaBerikut untuk list software atau aplikasi yang digunakan pada laptop tersebut :Microsoft Office ( Word, excel, power point)Microsoft OutlookPDF reviewer dan editorAnydeskCad reviewer Naviswork Microsoft TeamsZoomDemikian yang dapat saya sampaikan, saya ucapkan terima kasih ","Setup laptop, install software, network, email user
backup data lama , dan restore data","0","2025-02-13","609","2025-02-13 08:00:44.670","NULL","NULL","NULL",0,"NULL","NULL","NULL"
1791,"0064-225","02095-COMP-NB-ICT-PTRE-21","Permintaan setup laptop baru untuk project freeport","Setup laptop dari freeport, user mail, network backup data dan restore data","0","2025-02-13","612","2025-02-13 15:37:40.247","NULL","NULL","NULL",0,"NULL","NULL","NULL"
1792,"0065-225","01551 COMP-DSK-ICT-PTRE-18","Minta tolong excel di pc untuk di update ke  microsoft 365 dikarenakan excel saat ini tidak bisa meng copy paste sheet, terimakasih","Cek lisensi Office 365 Standard, create akun Civil Engineer 1 untuk share akun office 365, pindahkan lisensi punya pak Donal ke Civil Engineer, uninstall office 2016 di PC Himas, Install dan Setting Office 365 di PC Himas","NULL","2025-02-13","613","2025-02-13 17:31:11.750","NULL","NULL","NULL",0,"NULL","NULL","NULL"
1793,"0065-225","01551 COMP-DSK-ICT-PTRE-18","Minta tolong excel di pc untuk di update ke  microsoft 365 dikarenakan excel saat ini tidak bisa meng copy paste sheet, terimakasih","Cek lisensi Office 365 Standard, create akun Civil Engineer 1 untuk share akun office 365, pindahkan lisensi punya pak Donal ke Civil Engineer, uninstall office 2016 di PC Himas, Install dan Setting Office 365 di PC Himas","NULL","2025-02-13","613","2025-02-13 17:31:15.087","NULL","NULL","NULL",0,"NULL","NULL","NULL"
1794,"0072-225","02075-COMP-NB-ICT-PTRE-20","mohon dibantu instal ke printer IFS","setup printer ifs di laptop","0","2025-02-14","620","2025-02-14 10:41:08.187","NULL","NULL","NULL",0,"NULL","NULL","NULL"
1795,"0068-225","2323-COMP-NB-ICT-PTRE-24","Cek email dan Backup data di laptop","repair file pst email dan backup data ke hardisk external","NULL","2025-02-14","616","2025-02-14 11:36:52.020","NULL","NULL","NULL",0,"NULL","NULL","NULL"
1796,"0068-225","2323-COMP-NB-ICT-PTRE-24","Cek email dan Backup data di laptop","repair file pst email dan backup data ke hardisk external","NULL","2025-02-14","616","2025-02-14 11:37:21.617","NULL","NULL","NULL",0,"NULL","NULL","NULL"
1797,"0068-225","2323-COMP-NB-ICT-PTRE-24","Cek email dan Backup data di laptop","repair file pst email dan backup data ke hardisk external","NULL","2025-02-14","616","2025-02-14 11:37:23.430","NULL","NULL","NULL",0,"NULL","NULL","NULL"
1798,"0076-225","2290-COMP-NB-ICT-PTRE-23","Mohon dibantu untuk dapat di berikan akses Print di Lt.1 Ruang PMD. Terima kasih.","Download dan Install driver Printer M477Fnw, setting printer menjadi default","NULL","2025-02-17","624","2025-02-17 09:47:47.340","NULL","NULL","NULL",0,"NULL","NULL","NULL"
1799,"0076-225","2290-COMP-NB-ICT-PTRE-23","Mohon dibantu untuk dapat di berikan akses Print di Lt.1 Ruang PMD. Terima kasih.","Download dan Install driver Printer M477Fnw, setting printer menjadi default","NULL","2025-02-17","624","2025-02-17 09:47:51.330","NULL","NULL","NULL",0,"NULL","NULL","NULL"
1800,"0076-225","2290-COMP-NB-ICT-PTRE-23","Mohon dibantu untuk dapat di berikan akses Print di Lt.1 Ruang PMD. Terima kasih.","Download dan Install driver Printer M477Fnw, setting printer menjadi default","NULL","2025-02-17","624","2025-02-17 09:47:51.950","NULL","NULL","NULL",0,"NULL","NULL","NULL"
1801,"0077-225","2372-COMP-NB-ICT-PTRE-24","Selalu muncul notifikasi software update, sehingga tidak bisa di closed. (Butuh admin)","Update software via withsecure","0","2025-02-17","625","2025-02-17 13:20:18.833","NULL","NULL","NULL",0,"NULL","NULL","NULL"
1802,"0078-225","2370-COMP-NB-ICT-PTRE-24","need PW WIFI REAP at Mega Mendung Room, ","Register wifi laptop ke REAP","0","2025-02-18","626","2025-02-18 08:20:21.457","NULL","NULL","NULL",0,"NULL","NULL","NULL"
1803,"0079-225","2429-COMP-NB-ICT-PTRE-25","Staad tidak dibuka saat offline atau harus terhubung dengan wifi kantor","Troubleshoot software staad pro","0","2025-02-18","627","2025-02-18 09:52:53.323","NULL","NULL","NULL",0,"NULL","NULL","NULL"
1804,"0082-225","01688 COMP-DSK-ICT-PTRE-19","tidak bisa menghapus file"" yang ingin dihapus . jadi file yang tidak digunakan menumpuk .","Menghapus data yang membutuhkan administrator","0","2025-02-18","630","2025-02-18 14:30:25.180","NULL","NULL","NULL",0,"NULL","NULL","NULL"
1805,"0080-225","01644 COMP-NB-ICT-PTRE-18","Install Software Caesar ii","Install dan setting caesar II v.14","NULL","2025-02-18","628","2025-02-18 16:21:13.360","NULL","NULL","NULL",0,"NULL","NULL","NULL"
1806,"0080-225","01644 COMP-NB-ICT-PTRE-18","Install Software Caesar ii","Install dan setting caesar II v.14","NULL","2025-02-18","628","2025-02-18 16:21:16.953","NULL","NULL","NULL",0,"NULL","NULL","NULL"
1807,"0080-225","01644 COMP-NB-ICT-PTRE-18","Install Software Caesar ii","Install dan setting caesar II v.14","NULL","2025-02-18","628","2025-02-18 16:21:17.460","NULL","NULL","NULL",0,"NULL","NULL","NULL"
1808,"0080-225","01644 COMP-NB-ICT-PTRE-18","Install Software Caesar ii","Install dan setting caesar II v.14","NULL","2025-02-18","628","2025-02-18 16:21:17.697","NULL","NULL","NULL",0,"NULL","NULL","NULL"
1809,"0080-225","01644 COMP-NB-ICT-PTRE-18","Install Software Caesar ii","Install dan setting caesar II v.14","NULL","2025-02-18","628","2025-02-18 16:21:17.877","NULL","NULL","NULL",0,"NULL","NULL","NULL"
1810,"0073-225","01555 COMP-DSK-ICT-PTRE-18","Mohon dibantu untuk perbaikan pc karena bluescreen","Backup data dan maintenance software hardware
pc blue screen","0","2025-02-19","621","2025-02-19 07:51:39.490","NULL","NULL","NULL",0,"NULL","NULL","NULL"
1811,"0086-225","2339-COMP-NB-ICT-PTRE-24","Laptop kerja belum connect ke printer baru dan update program pdf element","setup printer dan update software","0","2025-02-19","634","2025-02-19 11:24:20.317","NULL","NULL","NULL",0,"NULL","NULL","NULL"
1812,"0085-225","2339-COMP-NB-ICT-PTRE-24","Ada bagian body laptop yg patah dan minta untuk di lem kembali","Reparasi Body Case laptop","0","2025-02-19","633","2025-02-19 11:25:39.857","NULL","NULL","NULL",0,"NULL","NULL","NULL"
1813,"0088-225","2325-COMP-NB-ICT-PTRE-24","mas request monitor yaaa. tengkyuuu","Minta monitor dari gudang","NULL","2025-02-19","636","2025-02-19 16:17:56.960","NULL","NULL","NULL",0,"NULL","NULL","NULL"
1814,"0089-225","2190-COMP-NB-ICT-PTRE-22","Permintaan setup laptop","Setup laptop backup data dan restore data lalu install software dan network","0","2025-02-19","637","2025-02-19 16:20:55.247","NULL","NULL","NULL",0,"NULL","NULL","NULL"
1815,"0090-225","02015 COMP-NB-ICT-PTRE-20","HP HT03XL","Perbaikan baterai laptop","500000","2025-02-19","638","2025-02-19 16:21:42.890","NULL","NULL","NULL",0,"NULL","NULL","NULL"
1816,"0096-225","2320-COMP-NB-ICT-PTRE-24","Upgrade pdf wondershareUpdate Windows","Uninstall Aplikasi dan Install ulang aplikasi","NULL","2025-02-20","645","2025-02-20 17:57:49.250","NULL","NULL","NULL",0,"NULL","NULL","NULL"
1817,"0095-225","2362-COMP-NB-ICT-PTRE-24","Install Navis","Download dan Install Navis","NULL","2025-02-20","644","2025-02-20 17:58:30.817","NULL","NULL","NULL",0,"NULL","NULL","NULL"
1818,"0093-225","2170-COMP-NB-ICT-PTRE-21","excel loading tidak mau terbuka","Cek Office 2016, uninstall dan Install ulang Office, tetap error, buat akun windows baru","NULL","2025-02-20","641","2025-02-20 18:03:08.610","NULL","NULL","NULL",0,"NULL","NULL","NULL"
1819,"0100-225","2349-COMP-NB-ICT-PTRE-24","Outlook","Setting email","NULL","2025-02-21","649","2025-02-21 18:14:57.987","NULL","NULL","NULL",0,"NULL","NULL","NULL"
1820,"0101-225","2350-COMP-NB-ICT-PTRE-24","setting laptop kantor, install staadpro","Setup laptop, migrasi data, install software dan jaringan","0","2025-02-24","650","2025-02-24 07:49:50.260","NULL","NULL","NULL",0,"NULL","NULL","NULL"
1821,"0103-225","2320-COMP-NB-ICT-PTRE-24","login akun microsoft office 365update ms Teams","Lupa password","0","2025-02-24","652","2025-02-24 09:10:36.780","NULL","NULL","NULL",0,"NULL","NULL","NULL"
1822,"0105-225","2301-COMP-NB-ICT-PTRE-23","untuk nomor Anydesk nya ialah 1 629 482 491","Minta install vpn kantor untuk akses HRM peoplebond","0","2025-02-24","654","2025-02-24 10:24:16.913","NULL","NULL","NULL",0,"NULL","NULL","NULL"
1823,"0104-225","01824 COMP-DSK-ICT-PTRE-19","For input time sheet","Download, install dan setting forticlient","NULL","2025-02-24","653","2025-02-24 16:26:45.287","NULL","NULL","NULL",0,"NULL","NULL","NULL"
1824,"0106-225","2408-COMP-NB-ICT-PTRE-24","Permintaan update outlook dan login microsoft","cek settingan onedrive, login menggunakan akun yang ada, setelah login unlink akun yang ada dan ganti dengan akun tsabita.","NULL","2025-02-24","655","2025-02-24 16:29:38.783","NULL","NULL","NULL",0,"NULL","NULL","NULL"
1825,"0113-225","01754 COMP-NB-ICT-PTRE-19","Belum Bisa Connect Wifi Kantor","Maintenance software dan install withsecure","0","2025-02-25","662","2025-02-25 10:25:11.720","NULL","NULL","NULL",0,"NULL","NULL","NULL"
1826,"0114-225","2428-COMP-NB-ICT-PTRE-25","Mohon di bantu untuk Set Up Email Marketing di Laptop saya Atas perhatiannya terima kasih","setup email dan e-marketing di laptop","0","2025-02-25","663","2025-02-25 10:26:06.167","NULL","NULL","NULL",0,"NULL","NULL","NULL"
1827,"0102-225","2356-COMP-NB-ICT-PTRE-24","Dear Mas Ricky,Mohon bantuannya untuk disetting menggunakan VPN kantor, agar bisa masuk Peoplebond untuk mengisi timesheet.terima kasih atas bantuan dan kerjasamanya.Salam,Muhammad Rafnes","Install VPN untuk akses HRM peoplebond","0","2025-02-25","651","2025-02-25 10:34:18.353","NULL","NULL","NULL",0,"NULL","NULL","NULL"
1828,"0115-225","2270-COMP-DESK-ICT-PTRE-23","Install E3D","Instalasi Aveva E3D","NULL","2025-02-25","664","2025-02-25 10:52:59.237","NULL","NULL","NULL",0,"NULL","NULL","NULL"
1829,"0116-225","2127-COMP-NB-ICT-PTRE-21","Setting Printer","Install printer baru di HRM","0","2025-02-25","665","2025-02-25 14:16:31.077","NULL","NULL","NULL",0,"NULL","NULL","NULL"
1830,"0119-225","01762 COMP-NB-ICT-PTRE-19","Mohon dibantu ","Keyboard laptop rusak menunggu diganti yang baru","0","2025-02-25","668","2025-02-25 16:34:02.827","NULL","NULL","NULL",0,"NULL","NULL","NULL"
1831,"0120-225","2112-COMP-NB-ICT-PTRE-21","install vpn","download, install dan setting forticlient vpn","NULL","2025-02-26","669","2025-02-26 09:22:20.567","NULL","NULL","NULL",0,"NULL","NULL","NULL"
1832,"0121-225","01410-COMP-NB-ICT-PTRE-17","File Excel dan Word tidak bisa di akses pada laptop","Troubleshoot software ms. excel","0","2025-02-26","670","2025-02-26 10:53:52.327","NULL","NULL","NULL",0,"NULL","NULL","NULL"
1833,"0124-225","02014 COMP-NB-ICT-PTRE-20","minta dibantu untuk perbaikan adobe acrobat di laptop saya","Troubleshoot software pdf","0","2025-02-26","673","2025-02-26 14:22:13.440","NULL","NULL","NULL",0,"NULL","NULL","NULL"
1834,"0125-225","01790 COMP-DSK-ICT-PTRE-19","printer","Troubleshoot software printer","0","2025-02-26","674","2025-02-26 15:35:29.113","NULL","NULL","NULL",0,"NULL","NULL","NULL"
1835,"0122-225","2130-COMP-NB-ICT-PTRE-21","Laptop lama yg diperkirakan ada kerusakan pada internal keyboardnya oleh DM piping agar dikembalikan ke iT untuk diperbaiki, dan untuk laptop dari pak Aziz yg diserahkan kepada saya skrg ini mohon team IT untuk setting kembali .tks","Format ulang laptop, setup software, email, backup data dan restore data","0","2025-02-26","671","2025-02-26 16:49:40.597","NULL","NULL","NULL",0,"NULL","NULL","NULL"
1836,"0134-225","01909 COMP-DSK-ICT-PTRE-19","tidak bisa Input OT di portal","Cek error yang  di maksud, minta user input ulang lembur, saat input lembur note ada yang menggunakan tanda kutip, hapus tanda kutip","NULL","2025-02-28","683","2025-02-28 05:54:16.050","NULL","NULL","NULL",0,"NULL","NULL","NULL"
1837,"0133-225","02088-COMP-NB-ICT-PTRE-20","Install MS Team dan beberapa angka di keyboard tidak respon","Install dan setup Ms teams, update windows dan install driver keyboard laptop","NULL","2025-02-28","682","2025-02-28 05:56:30.130","NULL","NULL","NULL",0,"NULL","NULL","NULL"
1838,"0137-225","2126-COMP-NB-ICT-PTRE-21","The task has been done by mas Ricky before","Install trial plugin mail merge untuk outlook","0","2025-02-28","686","2025-02-28 15:13:30.313","NULL","NULL","NULL",0,"NULL","NULL","NULL"
1839,"0136-225","01950 COMP-DSK-ICT-PTRE-19","Komputer error tidak bisa booting","Cek PC, masuk ke BIOS, setting ke AHCI, restart PC. update windows","NULL","2025-02-28","685","2025-02-28 16:18:31.843","NULL","NULL","NULL",0,"NULL","NULL","NULL"
1840,"0139-225","02075-COMP-NB-ICT-PTRE-20","Dear IT,Mohon dibantu install VPN Forticlient.Terima kasih","Install dan setting Forticlient VPN","NULL","2025-02-28","688","2025-02-28 17:02:51.100","NULL","NULL","NULL",0,"NULL","NULL","NULL"
1841,"0140-225","2128-COMP-NB-ICT-PTRE-21","Uninstall aplikasi di laptop","Uninstall WPS office","NULL","2025-02-28","689","2025-02-28 17:29:24.793","NULL","NULL","NULL",0,"NULL","NULL","NULL"
1842,"0001-325","01433-COMP-NB-ICT-PTRE-17","Meminta bantuan untuk setting Printer di Ruang CSS ke Laptop: Ardi Satria Aulia","Install printer css di laptop","0","2025-03-03","691","2025-03-03 07:25:12.493","NULL","NULL","NULL",0,"NULL","NULL","NULL"
1843,"0005-325","01060-COMP-WORK-ICT-PTRE-13","pdf element tidak bisa login","Sign in ulang pdf element","NULL","2025-03-03","695","2025-03-03 08:34:43.457","NULL","NULL","NULL",0,"NULL","NULL","NULL"
1844,"0004-325","01561 COMP-DSK-ICT-PTRE-18","Komputer Kantor saya atas nama Umar Ramli - Mechanical, Error dan tidak bisa dioperasikan seperti pada gambar attachment.mohon untuk segera diperbaiki","Cek PC, masuk ke BIOS, ubah tanggal, bulan dan tahun, ubah ke UEFI, restart PC","NULL","2025-03-03","694","2025-03-03 08:56:17.720","NULL","NULL","NULL",0,"NULL","NULL","NULL"
1845,"0003-325","02088-COMP-NB-ICT-PTRE-20","Laptop ga bisa akses internet","Cek laptop, download dan Install Driver WiFi, update windows","NULL","2025-03-03","693","2025-03-03 09:41:46.767","NULL","NULL","NULL",0,"NULL","NULL","NULL"
1846,"0006-325","2353-COMP-NB-ICT-PTRE-24","banyak kendala dan rusak","Setup laptop lama ke baru, install software, email, wifi dan backup/restore data","0","2025-03-03","696","2025-03-03 15:03:27.820","NULL","NULL","NULL",0,"NULL","NULL","NULL"
1847,"0009-325","00757-COMP-DESK-ICT-PTRE-11","Install fourtyclient","Download forticlient, gagal di install sudah beberapa kali coba, saat minta password admin koneksi terputus terus","NULL","2025-03-03","699","2025-03-03 15:50:20.803","NULL","NULL","NULL",0,"NULL","NULL","NULL"
1848,"0012-325","01486-COMP-NB-ICT-PTRE-18","Tidak bisa connect wifi REAP","Registrasi wifi","0","2025-03-04","703","2025-03-04 08:34:53.707","NULL","NULL","NULL",0,"NULL","NULL","NULL"
1849,"0010-325","01503-COMP-NB-ICT-PTRE-18","1503NB ke 2355NB","Setup laptop untuk user iqbal","NULL","2025-03-04","701","2025-03-04 09:12:54.420","NULL","NULL","NULL",0,"NULL","NULL","NULL"
1850,"0016-325","2410-COMP-NB-ICT-PTRE-24","Laptop kantor belum bisa connect di wifi kantor (REAP). Minta tolong untuk koneksi ke REAP di mega mendung","Daftarkan MacAddress laptop untuk akses ke REAP","NULL","2025-03-04","707","2025-03-04 10:10:51.053","NULL","NULL","NULL",0,"NULL","NULL","NULL"
1851,"0018-325","2032 COMP-DSK-ICT-PTRE-20","Belum bisa Print dari PC ke Printer","Restore jaringan di pc piping","0","2025-03-04","709","2025-03-04 13:58:17.627","NULL","NULL","NULL",0,"NULL","NULL","NULL"
1852,"0023-325","2353-COMP-NB-ICT-PTRE-24","Kendala email dan lainnya","setup email dan printer di laptop","0","2025-03-05","714","2025-03-05 09:32:17.013","NULL","NULL","NULL",0,"NULL","NULL","NULL"
1853,"0011-325","01950 COMP-DSK-ICT-PTRE-19","Pemasangan dan instal ssd dan dan mouse baru. Untuk ssd dan mouse pesanan projek incountry sudah di IFS","Penambahan SSD dan instalasi windows, serta aplikasi yang dibutuhkan user","NULL","2025-03-05","702","2025-03-05 13:10:50.480","NULL","NULL","NULL",0,"NULL","NULL","NULL"
1854,"0026-325","01055-COMP-WORK-ICT-PTRE-13","INSTALASI E3D UNTUK TRAINING","Install dan setting Aveva E3D","NULL","2025-03-05","717","2025-03-05 13:47:42.233","NULL","NULL","NULL",0,"NULL","NULL","NULL"
1855,"0025-325","2429-COMP-NB-ICT-PTRE-25","something stuck in jack audio hole","Mencabut bola silica yang tersangkut di lubang headset","0","2025-03-05","716","2025-03-05 14:04:39.663","NULL","NULL","NULL",0,"NULL","NULL","NULL"
1856,"0027-325","01599 COMP-DSK-ICT-PTRE-18","Install Software Aveva E3D","Install dan setting Aveva E3D, install plug in untuk plant 3D dan Revit","NULL","2025-03-05","718","2025-03-05 15:37:19.010","NULL","NULL","NULL",0,"NULL","NULL","NULL"
1857,"0008-325","2331-COMP-NB-ICT-PTRE-24","Dear Tim ITDiemail saya muncul quota warning karena mau habis. Tolong untuk ditambahkan quota emailnya. Terima kasih","Cek laptop, setting email pop3 di outlook","NULL","2025-03-06","698","2025-03-06 11:55:09.927","NULL","NULL","NULL",0,"NULL","NULL","NULL"
1858,"0030-325","02075-COMP-NB-ICT-PTRE-20","ijin acsess ke sharepoint dept Instrument.terima kasihNanug_PPC","Cek link yang di berikan, berikan akses ke akun Docon untuk akses sharepoint yang di minta","NULL","2025-03-06","721","2025-03-06 12:08:08.227","NULL","NULL","NULL",0,"NULL","NULL","NULL"
1859,"0032-325","2323-COMP-NB-ICT-PTRE-24","Printer wana error","Cek laptop, Cek Printer, hapus antrian print. Restart Laptop","NULL","2025-03-06","723","2025-03-06 15:03:34.777","NULL","NULL","NULL",0,"NULL","NULL","NULL"
1860,"0036-325","2116-COMP-NB-ICT-PTRE-21","Sinyal Wifi tidak ada","Troubleshooting jaringan/driver wifi","0","2025-03-07","727","2025-03-07 13:32:58.597","NULL","NULL","NULL",0,"NULL","NULL","NULL"
1861,"0037-325","2353-COMP-NB-ICT-PTRE-24","Tidak bisa copy data ke USB dsb, dikarenakan untuk kebutuhan proposal mohon untuk dapat dibuka access untuk copy ke USB.","Cek laptop, buka settingan agar laptop bisa transfer data ke usb","NULL","2025-03-10","728","2025-03-10 13:22:25.020","NULL","NULL","NULL",0,"NULL","NULL","NULL"
1862,"0035-325","01882 COMP-NB-ICT-PTRE-19","Engsel laptop tidak berfungsi (laptop tidak bisa dilipat)","Pasang engel yang patah pada casing lcd laptop","18000","2025-03-10","726","2025-03-10 13:57:59.550","NULL","NULL","NULL",0,"NULL","NULL","NULL"
1863,"0041-325","2350-COMP-NB-ICT-PTRE-24","Mohon untuk setting VPN laptop agar dapat mengakses website HRMberikut nomor anydesk saya 1 525 941 538","Download dan Install Forticlient","NULL","2025-03-10","732","2025-03-10 15:41:20.293","NULL","NULL","NULL",0,"NULL","NULL","NULL"
1864,"0043-325","2024 COMP-NB-ICT-PTRE-20","Printer Ruang IAC tidak bisa Scan mohon bantuannya terimakasih","Install software scanner fuji di laptop","0","2025-03-11","734","2025-03-11 09:50:28.760","NULL","NULL","NULL",0,"NULL","NULL","NULL"
1865,"0046-325","2130-COMP-NB-ICT-PTRE-21","Dear mas Ricky, Berkaitan dgn internet koneksi saat ini di laptop sy ada bermasalah dan juga charger laptop juga ada kerusakan, oleh karena itu mohon bantuannya. TksChamsudi","Register wifi laptop","0","2025-03-11","737","2025-03-11 12:43:22.213","NULL","NULL","NULL",0,"NULL","NULL","NULL"
1866,"0047-325","2349-COMP-NB-ICT-PTRE-24","Minta tolong install autocad","Install DWG True View dan NavisFreedom","NULL","2025-03-11","738","2025-03-11 14:09:10.700","NULL","NULL","NULL",0,"NULL","NULL","NULL"
1867,"0050-325","2372-COMP-NB-ICT-PTRE-24","Software error","Troubleshoot Ms Office 2016","0","2025-03-11","741","2025-03-11 15:14:19.167","NULL","NULL","NULL",0,"NULL","NULL","NULL"
1868,"0053-325","2323-COMP-NB-ICT-PTRE-24","Setting email ke hp","Setting email di HP untuk kepentingan QVerse","NULL","2025-03-12","744","2025-03-12 13:09:06.587","NULL","NULL","NULL",0,"NULL","NULL","NULL"
1869,"0057-325","2324-COMP-NB-ICT-PTRE-24","Kebutuhan space di ruang PPC tidak tersedia sehingga harus bekerja dan meeting online di workspace Mega Mendung ","Register wifi REAP ke laptop asset","0","2025-03-13","748","2025-03-13 09:00:06.163","NULL","NULL","NULL",0,"NULL","NULL","NULL"
1870,"0054-325","01410-COMP-NB-ICT-PTRE-17","Laptop lemot sekali tidak bisa di gunakan, karena sedang banyak pekerjaan di project zona 7","Backup data dan troubleshoot windows","0","2025-03-13","745","2025-03-13 10:19:03.967","NULL","NULL","NULL",0,"NULL","NULL","NULL"
1871,"0062-325","01918 COMP-NB-ICT-PTRE-19","PDF sering mengalami not responding","Cek laptop, hapus file sampah dan cache, install ulang pdf, kemungkinan karena file pdf terlalu besar, minta user request upgrade RAM","NULL","2025-03-13","753","2025-03-13 14:28:16.667","NULL","NULL","NULL",0,"NULL","NULL","NULL"
1872,"0059-325","01668 COMP-DSK-ICT-PTRE-19","Berhubung di PC saya belum terdapat driver printer Dept. Civil. Saya minta tolong dibantu untuk menginstall driver tersebut. Terimakasih","Download dan install driver printer","NULL","2025-03-13","750","2025-03-13 14:29:13.750","NULL","NULL","NULL",0,"NULL","NULL","NULL"
1873,"0061-325","01468-COMP-NB-ICT-PTRE-18","teamnya bermasalah..history chat hilang semua..internet gak connect wifi kantor maupun hp.","update windows, cek driver WIFI, uninstall dan Install Driver WiFi,","NULL","2025-03-13","752","2025-03-13 16:46:04.120","NULL","NULL","NULL",0,"NULL","NULL","NULL"
1874,"0065-325","2021 COMP-NB-ICT-PTRE-20","Auto cad tidak bisa di buka, perlu license","cek username dan password akun autodesk pak Tri, sign in ulang cad","NULL","2025-03-14","756","2025-03-14 08:02:40.817","NULL","NULL","NULL",0,"NULL","NULL","NULL"
1875,"0069-325","01553 COMP-DSK-ICT-PTRE-18","Outlook error not responding terus","Cek settingan email, ganti password email karena gagal kirim dan terima. matikan vpn dahulu. repair file pst. hapus email yang ada di delete item karena menyebabkan outlook not responding ketika akan buka folder deleted item","NULL","2025-03-14","760","2025-03-14 11:48:30.773","NULL","NULL","NULL",0,"NULL","NULL","NULL"
1876,"0072-325","01695 COMP-DSK-ICT-PTRE-19","explorer nya not responding","File explorer setiap di buka selalu hang, cek optional file explorer, hapus histori dan cache nya","NULL","2025-03-17","763","2025-03-17 09:33:34.967","NULL","NULL","NULL",0,"NULL","NULL","NULL"
1877,"0075-325","2371-COMP-NB-ICT-PTRE-24","Kindly to help installing PDF X-Change","Download dan Install PDF x change","NULL","2025-03-17","766","2025-03-17 14:40:52.607","NULL","NULL","NULL",0,"NULL","NULL","NULL"
1878,"0077-325","01695 COMP-DSK-ICT-PTRE-19","CPU Panas, pas mau di nyalahin pagi PCU lansung panas","Diagnosis overheating pc, dan Repaste cpu dell vostro","0","2025-03-17","768","2025-03-17 14:43:02.850","NULL","NULL","NULL",0,"NULL","NULL","NULL"
1879,"0076-325","2323-COMP-NB-ICT-PTRE-24","compress file pdf invoice","Extrak PDF, pilih file yang bisa di compress maks, pilih file yang di compress medium, lalu gabung semua, cari sampai bisa di bawah 10 mb","NULL","2025-03-17","767","2025-03-17 14:43:34.747","NULL","NULL","NULL",0,"NULL","NULL","NULL"
1880,"0073-325","2139-COMP-NB-ICT-PTRE-21","SSD yang digunakan sudah full dan butuh penambahan storage","Cloning Main SSD ke secondary SSD dan backup data","0","2025-03-17","764","2025-03-17 14:44:11.477","NULL","NULL","NULL",0,"NULL","NULL","NULL"
1881,"0078-325","2184-COMP-NB-ICT-PTRE-21","inbox email milik Anggie dan Corcomm hanya terekam bulan maret 2025, menu email selain inbox semuanya kosong ","Troubleshoot ms outlook","0","2025-03-18","769","2025-03-18 07:45:21.760","NULL","NULL","NULL",0,"NULL","NULL","NULL"
1882,"0067-325","2300-COMP-NB-ICT-PTRE-23","need activate the microsoft","Setup laptop dari user lama, backup data dan maintenance software hardware","0","2025-03-18","758","2025-03-18 14:24:06.150","NULL","NULL","NULL",0,"NULL","NULL","NULL"
1883,"0068-325","01882 COMP-NB-ICT-PTRE-19","Laptop tidak bisa dilipat","Perbaikan engsel laptop yang patah","0","2025-03-18","759","2025-03-18 14:24:48.517","NULL","NULL","NULL",0,"NULL","NULL","NULL"
1884,"0083-325","2436-COMP-NB-ICT-PTRE-25","Install Autodesk Design Review","Install Design Review","NULL","2025-03-18","774","2025-03-18 14:38:05.030","NULL","NULL","NULL",0,"NULL","NULL","NULL"
1885,"0086-325","2276-COMP-NB-ICT-PTRE-23","mohon bantuan untuk melakukan setting email","Setting Data email untuk tahun 2024 dan 2025, setting default kirim dan terima email dari 2025. ajarin bagaimana cara pindahin data per tahun nya","NULL","2025-03-19","777","2025-03-19 09:41:00.480","NULL","NULL","NULL",0,"NULL","NULL","NULL"
1886,"0087-325","01444-COMP-NB-ICT-PTRE-17","Minta tolong dibantu setting VPN untuk akses ke people bond.Bisa gunakan remote anydesk.Tks.","Download dan Install FortiClient, Setting","NULL","2025-03-19","778","2025-03-19 12:01:31.663","NULL","NULL","NULL",0,"NULL","NULL","NULL"
1887,"0085-325","01882 COMP-NB-ICT-PTRE-19","Laptop sering hang sering mati","Troubleshooting blue screen, indikasi rusak hardware","0","2025-03-19","776","2025-03-19 14:23:58.127","NULL","NULL","NULL",0,"NULL","NULL","NULL"
1888,"0090-325","01468-COMP-NB-ICT-PTRE-18","Jaringannya sering error, whatApp logout sendiri tidak bs login lg, chat di team sering tidak terkirim.","Cek laptop, update Windows, Forget WiFI dan Konek ulang WiFi","NULL","2025-03-20","782","2025-03-20 10:15:46.823","NULL","NULL","NULL",0,"NULL","NULL","NULL"
1889,"0089-325","2325-COMP-NB-ICT-PTRE-24","minta tolong ya mas ","Cek kamera, butuh Micro SD Reader, pinjam ke pak Jayadi. Transfer Data Video dan Foto yang ada di Kamera","NULL","2025-03-20","781","2025-03-20 10:27:58.973","NULL","NULL","NULL",0,"NULL","NULL","NULL"
1890,"0091-325","01894 COMP-NB-ICT-PTRE-19","Mohon bantuannya untuk tim IT","instalasi software vpn dan setup account","0","2025-03-21","783","2025-03-21 10:54:41.713","NULL","NULL","NULL",0,"NULL","NULL","NULL"
1891,"0093-325","01626 COMP-DSK-ICT-PTRE-18","Kebutuhan untuk install VPN ","Instalasi software VPN untuk akses Peoplebond","0","2025-03-21","785","2025-03-21 13:51:44.307","NULL","NULL","NULL",0,"NULL","NULL","NULL"
1892,"0092-325","2184-COMP-NB-ICT-PTRE-21","tolong instalin VPN ya mas Ricky ","Instalasi software VPN untuk akses Peoplebond","0","2025-03-21","784","2025-03-21 13:52:08.627","NULL","NULL","NULL",0,"NULL","NULL","NULL"
1893,"0099-325","2021 COMP-NB-ICT-PTRE-20","Setting Meeting, Infocus dan Wifi di Parkus mas","setup meeting","NULL","2025-03-24","791","2025-03-24 11:45:21.337","NULL","NULL","NULL",0,"NULL","NULL","NULL"
1894,"0101-325","2216-COMP-NB-ICT-PTRE-22","Install VPN untuk bisa akses ke People Bond dengan skema WFA","Install FortiClient dan setting agar bisa akses people bond","NULL","2025-03-24","793","2025-03-24 14:09:04.080","NULL","NULL","NULL",0,"NULL","NULL","NULL"
1895,"0103-325","02086-COMP-NB-ICT-PTRE-20","connect ke time sheet portal RE","Download dan Setting VPN Forticlient agar bisa mengakses peoplebond","NULL","2025-03-24","795","2025-03-24 14:36:31.477","NULL","NULL","NULL",0,"NULL","NULL","NULL"
1896,"0104-325","01486-COMP-NB-ICT-PTRE-18","Mohon bantuannya untuk tim IT di installkan VPN di laptop sayaterima kasih","Instalasi software VPN untuk akses HRM Peoplebond","0","2025-03-24","796","2025-03-24 15:14:13.927","NULL","NULL","NULL",0,"NULL","NULL","NULL"
1897,"0105-325","2377-COMP-DESK-ICT-PTRE-24","mohon bantunnya sudah urgent sekli komputer di saya dan Mas Anas fata error terus sudah 5 kali, tolong bantunnya untuk mengerjak progress deadline 3 hari lagi. terimakasih.","Cek Autocad, perkiraan lisensi bentrok, buat 2 lisensi untuk buka autocad","NULL","2025-03-25","797","2025-03-25 07:44:48.333","NULL","NULL","NULL",0,"NULL","NULL","NULL"
1898,"0106-325","2179-COMP-NB-ICT-PTRE-21","Pembuatan Email MBD News","Create akun mbd.news@re.rekayasa.co.id sesuai permintaan","NULL","2025-03-25","798","2025-03-25 08:41:13.730","NULL","NULL","NULL",0,"NULL","NULL","NULL"
1899,"0107-325","01051-COMP-WORK-ICT-PTRE-13","PC dirumah tidak bisa akses HRM, buat isi timesheet1. tolong di instal VPN Forti ClientInstall printer (setupnya sudah ada)Anydesk di kasih password","Install aplikasi yang di minta dan setting VPN agar bisa akses peoplebond","NULL","2025-03-25","799","2025-03-25 09:26:15.583","NULL","NULL","NULL",0,"NULL","NULL","NULL"
1900,"0108-325","01479-COMP-NB-ICT-PTRE-18","Tidak bisa buka peoplebond","Download dan Install Forticlient, PDF Element, setting VPN agar bisa akses peoplebond","NULL","2025-03-25","800","2025-03-25 10:02:31.070","NULL","NULL","NULL",0,"NULL","NULL","NULL"
1901,"0110-325","2202-COMP-NB-ICT-PTRE-22","Tolong Setting agar bisa akses Peoplebond","Download dan Install Forticlient, setting VPN agar bisa akses peoplebond","NULL","2025-03-25","802","2025-03-25 10:03:07.547","NULL","NULL","NULL",0,"NULL","NULL","NULL"
1902,"0109-325","2186-COMP-NB-ICT-PTRE-22","Setting VPN untuk akses PeopleBond","Download dan Install Forticlient, setting VPN agar bisa akses peoplebond","NULL","2025-03-25","801","2025-03-25 10:03:28.633","NULL","NULL","NULL",0,"NULL","NULL","NULL"
1903,"0112-325","2325-COMP-NB-ICT-PTRE-24","minta tolong diberikan akses vpn","Install software vpn, dan setting vpn","0","2025-03-26","804","2025-03-26 11:03:57.300","NULL","NULL","NULL",0,"NULL","NULL","NULL"
1904,"0113-325","2349-COMP-NB-ICT-PTRE-24","Outlook error tidak bisa kirim email","Remote laptop, email error saat kirim, attachment terlalu besar, minta user kecilin ukuran attachment, tetap tidak bisa kirim, cek settingan email, ganti menggunakan port 587, tidak bisa kirim, hapus akun, buat baru kembali","NULL","2025-03-26","805","2025-03-26 12:16:16.743","NULL","NULL","NULL",0,"NULL","NULL","NULL"
1905,"0114-325","2382-COMP-NB-ICT-PTRE-24","Minta install VPN untuk akese peoplebond","Install software VPN dan setup VPN","0","2025-03-26","806","2025-03-26 15:27:05.967","NULL","NULL","NULL",0,"NULL","NULL","NULL"
1906,"0002-425","2184-COMP-NB-ICT-PTRE-21","Mas Tata, mohon tolong dibantu untuk cek akses 'to all group' pada email corporate communications","User ga bisa kirim email ke all untuk pemberitahuan event. Cek server mail, tambahkan akun email ke distribution list all, all recon dan all re","NULL","2025-04-08","808","2025-04-08 18:38:50.987","NULL","NULL","NULL",0,"NULL","NULL","NULL"
1907,"0005-425","2167-COMP-NB-ICT-PTRE-21","Minta tolong sdr ricky buat settingkan printer keuangan","instalasi printer finance di laptop","0","2025-04-09","811","2025-04-09 15:16:02.933","NULL","NULL","NULL",0,"NULL","NULL","NULL"
1908,"0010-425","01927 COMP-NB-ICT-PTRE-19","install navis view","Keyboard rusak dan minta pergantian","0","2025-04-10","816","2025-04-10 16:51:33.447","NULL","NULL","NULL",0,"NULL","NULL","NULL"
1909,"0011-425","01757 COMP-NB-ICT-PTRE-19","Perbaikan outlook karena not responding","Troubleshoot ms outlook, dan repair ms office serta repair file outlook","0","2025-04-11","817","2025-04-11 10:59:33.940","NULL","NULL","NULL",0,"NULL","NULL","NULL"
1910,"0012-425","01808 COMP-WORK-ICT-PTRE-19","internet mati","Troubleshooting jaringan di ruang piping, kabel lan sudah rusak dan minta diganti","0","2025-04-11","818","2025-04-11 14:22:31.740","NULL","NULL","NULL",0,"NULL","NULL","NULL"
1911,"0020-425","2323-COMP-NB-ICT-PTRE-24","printer warna error","Cek Printer, Cek Settingan Printer, Restart Printer","NULL","2025-04-15","826","2025-04-15 09:05:00.777","NULL","NULL","NULL",0,"NULL","NULL","NULL"
1912,"0019-425","2436-COMP-NB-ICT-PTRE-25","Install Phillips Lighting Catalogue","Download dan Install software Philips","NULL","2025-04-15","825","2025-04-15 10:56:58.063","NULL","NULL","NULL",0,"NULL","NULL","NULL"
1913,"0018-425","01774 COMP-DSK-ICT-PTRE-19","Tolong di bantu PC Ihsan Gani tidak bisa nyala","Cek PC, lepas dan pasang RAM, nyalakan PC","NULL","2025-04-15","824","2025-04-15 10:58:36.307","NULL","NULL","NULL",0,"NULL","NULL","NULL"
1914,"0023-425","2125-COMP-NB-ICT-PTRE-21","Dear  Team IT, Email outlook saya tidak dapat menerima email dari beberapa rekan kerja saya. Minta tolong untuk dapat di sinkronkan.Best Regard'sAsthy","Uninstall Office 2016, Downlad dan Install Office 365, setting email","NULL","2025-04-15","829","2025-04-15 10:59:38.363","NULL","NULL","NULL",0,"NULL","NULL","NULL"
1915,"0024-425","2210-COMP-NB-ICT-PTRE-22","Setting connect laptop to printer PPC","Maintenance software printer PPC","0","2025-04-15","830","2025-04-15 11:32:51.173","NULL","NULL","NULL",0,"NULL","NULL","NULL"
1916,"0027-425","2159-COMP-NB-ICT-PTRE-21","Minta tolong setting email","Remote Laptop, hapus semua file temp di PC dan browser, Install WithSecure, setting email kembali","NULL","2025-04-16","833","2025-04-16 09:53:04.033","NULL","NULL","NULL",0,"NULL","NULL","NULL"
1917,"0026-425","01650 COMP-NB-ICT-PTRE-18","Mas, minta tolong laptop aku gabisa connect ke printer buat nge print","Maintenance software printer yang error","0","2025-04-16","832","2025-04-16 10:18:19.177","NULL","NULL","NULL",0,"NULL","NULL","NULL"
1918,"0025-425","01310-COMP-WORK-ICT-PTRE-15","Request pemindahan PC dari proyek RDMP Rekind RTO1 lt.2 ke RE civil lt.3","Mobilisasi PC dari RTO 1 lantai 1 ke Graha RE lantai 3 ruang Dept. Civil","NULL","2025-04-16","831","2025-04-16 15:32:00.043","NULL","NULL","NULL",0,"NULL","NULL","NULL"
1919,"0036-425","2323-COMP-NB-ICT-PTRE-24","error email","Cek Settingan email, cek error dari mail delivery, minta ke Faisal untuk di cek kenapa kena blok, kirim kembali email dengan mengetikan manual alamat penerima","NULL","2025-04-17","842","2025-04-17 16:25:05.120","NULL","NULL","NULL",0,"NULL","NULL","NULL"
1920,"0038-425","2301-COMP-NB-ICT-PTRE-23","need code server","Insert akun AD ke laptop untuk akses server scan printer","0","2025-04-17","844","2025-04-17 23:03:49.113","NULL","NULL","NULL",0,"NULL","NULL","NULL"
1921,"0042-425","2362-COMP-NB-ICT-PTRE-24","Install Revit dan Naviswork Manage 2025","Download dan install Revit 2025 dan Navis Manage 2025, kapasitas drive c penuh, harus back-up data ke hdd external dan besarkan kapasitas dengan merge drive d","NULL","2025-04-21","848","2025-04-21 20:24:18.513","NULL","NULL","NULL",0,"NULL","NULL","NULL"
1922,"0046-425","2435-COMP-NB-ICT-PTRE-25","Mohon bantuannya terimakasih.","Cek settingan teams, setting agar dari FMI menjadi internal dan share service, sementara kasih link dulu ke sharepoint untuk pertukaran data","NULL","2025-04-23","852","2025-04-23 11:47:08.403","NULL","NULL","NULL",0,"NULL","NULL","NULL"
1923,"0050-425","01916 COMP-NB-ICT-PTRE-19","Wifi Reap kurang bagus, saya meminta untuk di connect ke wifi lainnya","Troubleshooting driver wifi, dikarenakan wifi REAP sering putus""","0","2025-04-24","856","2025-04-24 08:31:35.560","NULL","NULL","NULL",0,"NULL","NULL","NULL"
1924,"0051-425","2146-COMP-NB-ICT-PTRE-21","KAbel pada charger laptop acer swift 3 tidak berfungsi dengan baik sehingga tidak dapat digunakan secara optimal","Memperbaiki kabel charger yang sudah rusak, membongkar dan menyolder ulang","0","2025-04-24","857","2025-04-24 08:34:09.110","NULL","NULL","NULL",0,"NULL","NULL","NULL"
1925,"0053-425","01995 COMP-NB-ICT-PTRE-19","install staad foundation","install staad foundation, gagal, uninstall staad pro, install ulang staad pro dan staad foundation","NULL","2025-04-24","859","2025-04-24 13:23:44.040","NULL","NULL","NULL",0,"NULL","NULL","NULL"
1926,"0052-425","2417-COMP-NB-ICT-PTRE-25","Install VPN untuk akses PB","Download dan Install Forticlient, setting akun agar bisa akses PB","NULL","2025-04-24","858","2025-04-24 13:25:21.333","NULL","NULL","NULL",0,"NULL","NULL","NULL"
1927,"0054-425","01646 COMP-NB-ICT-PTRE-18","Tolong di cek","Cek Email, kapasitas email penuh, kapasitas SSD penuh, pindahkan dulu data ke SSD external agar cukup space, copy inbox ke format pst, hapus email yang lebih dari 1 tahun","NULL","2025-04-24","860","2025-04-24 13:27:28.373","NULL","NULL","NULL",0,"NULL","NULL","NULL"
1928,"0056-425","02099-COMP-NB-ICT-PTRE-21","mohon bantuannya tim IT ","Cek settingan excel, kemungkinan excel terlalu berat karena banyak link atau rumus, uninstall office 2016 dan install office 365 pakai lisensi Asthy","NULL","2025-04-25","862","2025-04-25 17:17:17.310","NULL","NULL","NULL",0,"NULL","NULL","NULL"
1929,"0055-425","01310-COMP-WORK-ICT-PTRE-15","Request koneksi jaringan","Windows perlu di update ke versi terbaru, lalu install Revit 2025 dan Navis Manage 2025","NULL","2025-04-25","861","2025-04-25 17:21:07.303","NULL","NULL","NULL",0,"NULL","NULL","NULL"
1930,"0058-425","2290-COMP-NB-ICT-PTRE-23","Dear Team IT, Mohon bantuannya dapat  diinstall untuk 3D model &amp; CAD Viewer.Terima kasih,Salam,Satya ","Instalasi software DWG dan 3D Navis","NULL","2025-04-28","864","2025-04-28 11:27:04.410","NULL","NULL","NULL",0,"NULL","NULL","NULL"
1931,"0059-425","2114-COMP-NB-ICT-PTRE-21","Selamat pagiPerkenalkan saya Muhammad Ifaldi Shiddiq NPK 255492. Saya mengalami permasalahan pada Microsoft Excel yang sering mengalami gangguan seperti tidak mau dibuka dan loading yang sangat lama. Selain itu Email pada Outlook yang sering tidak menerima email. Hal itu cukup menganggu ketika saya meminta data proses dan info dari cc email lain sering tidak masuk.Mohon untuk sekiranya diberikan solusi terimakasih.","Cek Software Excel, hang saat buka data dari project CE dan Puncak, uninstall Office 2016, install Office 365 menggunakan akun Instrument Dept","NULL","2025-04-28","865","2025-04-28 14:03:41.350","NULL","NULL","NULL",0,"NULL","NULL","NULL"
1932,"0062-425","01913 COMP-DSK-ICT-PTRE-19","Install REVIT 2025 dan Navis Manage 2025","Install Revit dan Navis Manage 2025","NULL","2025-04-28","868","2025-04-28 16:56:56.100","NULL","NULL","NULL",0,"NULL","NULL","NULL"
1933,"0064-425","01310-COMP-WORK-ICT-PTRE-15","Request instal Autocad","Install autocad 2025","NULL","2025-04-28","870","2025-04-28 16:59:26.920","NULL","NULL","NULL",0,"NULL","NULL","NULL"
1934,"0063-425","01310-COMP-WORK-ICT-PTRE-15","Request instal Plant 3D &amp; Navis Freedom","Install Plant 3D 2025 dan Navis Freedom","NULL","2025-04-28","869","2025-04-28 17:00:25.290","NULL","NULL","NULL",0,"NULL","NULL","NULL"
1935,"0072-425","01650 COMP-NB-ICT-PTRE-18","mas, boleh minta tolong ga, ini ada dokumen yang gabisa aku buka di onedrive nya, minta tolong ga di setting atau cek?","Cek laptop, onedrive error lama sync, error karena penamaan folder terlalu panjang, minta user untuk memperpendek nama folder atau perpendek kedalaman folder, sync ulang dan ganti koneksi ke HP dulu","NULL","2025-04-29","878","2025-04-29 15:29:22.953","NULL","NULL","NULL",0,"NULL","NULL","NULL"
1936,"0068-425","01591 COMP-DSK-ICT-PTRE-18","audio masih bermasalah. komputer tidak bisa dipakai untuk meeting online. tiket sebelumnya tidak teratasi","software audio corrupt, download dan clean install audio driver di pc","0","2025-04-29","874","2025-04-29 15:50:33.597","NULL","NULL","NULL",0,"NULL","NULL","NULL"
1937,"0073-425","2323-COMP-NB-ICT-PTRE-24","tidak bisa ngprint","Maintenance printer kecil, sering error","0","2025-04-30","879","2025-04-30 10:52:59.980","NULL","NULL","NULL",0,"NULL","NULL","NULL"
1938,"0075-425","01887 COMP-NB-ICT-PTRE-19","Install aplikasi ETAP 21","Install dan Setting ETAP 21","NULL","2025-04-30","881","2025-04-30 16:19:33.203","NULL","NULL","NULL",0,"NULL","NULL","NULL"
1939,"0079-425","2171-COMP-NB-ICT-PTRE-21","excell hang","Cek Excel, uninstall Office 2016 dan Install Ofiice 365","NULL","2025-04-30","885","2025-04-30 17:44:20.823","NULL","NULL","NULL",0,"NULL","NULL","NULL"
1940,"0001-525","2441-COMP-NB-ICT-PTRE-25","Request Setting VPN FortiClient untuk buka Peoplebond","Setup VPN di laptop","0","2025-05-02","886","2025-05-02 10:40:28.253","NULL","NULL","NULL",0,"NULL","NULL","NULL"
1941,"0002-525","01312-COMP-WORK-ICT-PTRE-15"," Koneksi internet nya lambat sehingga tidak bisa buka WA dan down load data pekerjaan terhambat.","masalah pada hardware wifi","0","2025-05-02","887","2025-05-02 10:45:06.947","NULL","NULL","NULL",0,"NULL","NULL","NULL"
1942,"0070-425","2290-COMP-NB-ICT-PTRE-23","Mohon dapat diinstall Printer Ruang PM","Download dan Install Driver Printer di Ruang PM dan PPC","NULL","2025-05-02","876","2025-05-02 12:59:03.613","NULL","NULL","NULL",0,"NULL","NULL","NULL"
1943,"0005-525","2183-COMP-NB-ICT-PTRE-21","tidak bisa membuka file yang tersimpan di onedrive","Ubah office 2016 ke office 365, backup data""","0","2025-05-05","890","2025-05-05 10:15:24.837","NULL","NULL","NULL",0,"NULL","NULL","NULL"
1944,"0007-525","2157-COMP-NB-ICT-PTRE-21","dear tim IT, mohon dibantu untuk penggantian laptop baru untuk saya","Instalasi laptop baru, backup data dan restore data","NULL","2025-05-05","892","2025-05-05 14:50:15.537","NULL","NULL","NULL",0,"NULL","NULL","NULL"
1945,"0009-525","01927 COMP-NB-ICT-PTRE-19","ganti keyboard laptop","Penggantian keyboard laptop","0","2025-05-05","894","2025-05-05 14:52:40.503","NULL","NULL","NULL",0,"NULL","NULL","NULL"
1946,"0010-525","01927 COMP-NB-ICT-PTRE-19","bongkar laptop untuk ambil data karena pergantian laptop","Data windows corrupt, backup data dan membuat profile windows yang baru","0","2025-05-05","895","2025-05-05 14:54:20.940","NULL","NULL","NULL",0,"NULL","NULL","NULL"
1947,"0015-525","01701 COMP-DSK-ICT-PTRE-19","Dh, Team IT Mohon bantuanny untuk instal software civil 3d &amp; revitSalam, Yudho ","Install Autodesk Civil 3D dan Revit 2024","NULL","2025-05-06","900","2025-05-06 14:45:01.350","NULL","NULL","NULL",0,"NULL","NULL","NULL"
1948,"0017-525","2190-COMP-NB-ICT-PTRE-22","Minta tolong dibukakan akses HRM melalui laptop kantor, jika tidak berada di area kantor ","Install VPN Forticlient dan Setting agar bisa akses People Bond","NULL","2025-05-07","902","2025-05-07 09:46:41.897","NULL","NULL","NULL",0,"NULL","NULL","NULL"
1949,"0018-525","2030 COMP-DSK-ICT-PTRE-20","sofware AutoCAD trouble Error","Cek settingan Autocad, sign in ulang Autocad","NULL","2025-05-07","903","2025-05-07 09:48:01.020","NULL","NULL","NULL",0,"NULL","NULL","NULL"
1950,"0020-525","2376-COMP-DESK-ICT-PTRE-24","installin plugin cad 3d","Install plug In plant 3D","NULL","2025-05-07","905","2025-05-07 10:15:46.637","NULL","NULL","NULL",0,"NULL","NULL","NULL"
1951,"0020-525","2376-COMP-DESK-ICT-PTRE-24","installin plugin cad 3d","Install plug In plant 3D","NULL","2025-05-07","905","2025-05-07 10:15:47.420","NULL","NULL","NULL",0,"NULL","NULL","NULL"
1952,"0019-525","01757 COMP-NB-ICT-PTRE-19","Saat open outlook tidak bisa, seperti error ","Cek settingan Email, data mail corrupted, bikin data email baru, setting email","NULL","2025-05-07","904","2025-05-07 16:37:40.527","NULL","NULL","NULL",0,"NULL","NULL","NULL"
1953,"0027-525","2038 COMP-DSK-ICT-PTRE-20","internet tidak terhubung","Tidak bisa konek ke WiFI, forget network, flush dns, uninstall driver network, minta cek ke Faisal untuk troubleshoot network nya","NULL","2025-05-09","912","2025-05-09 10:36:50.883","NULL","NULL","NULL",0,"NULL","NULL","NULL"
1954,"0035-525","01553 COMP-DSK-ICT-PTRE-18","mohon bantuannya saya tidak bisa Tidak bisa buka PeopleBond sehingga tidak bisa isi timesheet","Setting ulang VPN Forticlient","NULL","2025-05-09","920","2025-05-09 15:18:22.007","NULL","NULL","NULL",0,"NULL","NULL","NULL"
1955,"0034-525","2441-COMP-NB-ICT-PTRE-25","VPN FortiClient untuk buka peoplebond tidak bisa digunakan","Setting ulang VPN Forticlient","NULL","2025-05-09","919","2025-05-09 15:18:58.623","NULL","NULL","NULL",0,"NULL","NULL","NULL"
1956,"0031-525","01650 COMP-NB-ICT-PTRE-18","mas ricky, mas tata, ini ada email yang di kirim ke aku ternyata email nya engga masuk di aku, jadi bermasalah ke submission dokumen nya dan jadi delay, terlampir bukti screenshot dari daniel, coba forward kirim email ke aku tp ada notification kalo email aku bernasalah","Cek settingan mail, cek pesan error di inbox, file attachment terlalu besar, kurangi file attachment dengan 2x pengiriman mail","NULL","2025-05-09","916","2025-05-09 16:50:59.197","NULL","NULL","NULL",0,"NULL","NULL","NULL"
1957,"0032-525","2038 COMP-DSK-ICT-PTRE-20","internet tidak bisa tersambung, jadi licensi tidak terbaca tidak bisa buat buka autocad plant 3D","Cek settingan WiFi, ganti koneksi menggunakan kabel LAN, setting kabel LAN dari port bawah, daftarkan di mikrotik","NULL","2025-05-09","917","2025-05-09 16:52:35.680","NULL","NULL","NULL",0,"NULL","NULL","NULL"
1958,"0039-525","2350-COMP-NB-ICT-PTRE-24","Laptop operasional kantor tidak dapat membaca wifi yang tersedia, driver wifi tidak aktif","Cek settingan WiFi, icon WiFi hilang, cek device manager update driver WiFi, update windows","NULL","2025-05-14","924","2025-05-14 09:57:29.040","NULL","NULL","NULL",0,"NULL","NULL","NULL"
1959,"0040-525","2318-COMP-NB-ICT-PTRE-24","Sudah Ok","Regist akun untuk akses scan folder PPC di server","0","2025-05-14","925","2025-05-14 10:46:06.323","NULL","NULL","NULL",0,"NULL","NULL","NULL"
1960,"0043-525","2412-COMP-NB-ICT-PTRE-24","Error sign in microsoft account","Remote laptop, office error terkunci oleh microsoft, unlock office, login ulang microsoft office 2021","NULL","2025-05-14","928","2025-05-14 11:23:32.063","NULL","NULL","NULL",0,"NULL","NULL","NULL"
1961,"0046-525","01311-COMP-WORK-ICT-PTRE-15","Cad error","Remote PC, cek settingan Cad, ignore error, sign in autocad","NULL","2025-05-14","931","2025-05-14 14:15:20.443","NULL","NULL","NULL",0,"NULL","NULL","NULL"
2958,"0049-525","01886 COMP-NB-ICT-PTRE-19","Tidak bisa masuk server process. Padahal sudah connect ke wifi Process","Ga bisa akses 192.168.1.2, minta Faisal untuk cek dan konek ulang agar bisa akses server Process","NULL","2025-05-15","934","2025-05-15 11:46:16.567","NULL","NULL","NULL",0,"NULL","NULL","NULL"
2959,"0058-525","01581 COMP-DSK-ICT-PTRE-18","Tidak bisa terkoneksi ke People Bond","Setup VPN ptre di desktop via remote","0","2025-05-16","943","2025-05-16 11:45:00.877","NULL","NULL","NULL",0,"NULL","NULL","NULL"
2960,"0057-525","2323-COMP-NB-ICT-PTRE-24","printer error","Cek Printer, tinta hitam habis, isi ulang tinta hitam dan setting kembali printer","NULL","2025-05-16","942","2025-05-16 12:40:31.453","NULL","NULL","NULL",0,"NULL","NULL","NULL"
2961,"0059-525","2157-COMP-NB-ICT-PTRE-21","Setup VPN yang baru","Instalasi VPN baru di laptop kantor","0","2025-05-16","944","2025-05-16 14:21:39.707","NULL","NULL","NULL",0,"NULL","NULL","NULL"
2962,"0069-525","2127-COMP-NB-ICT-PTRE-21","Setting VPN","Install software VPN yang baru","0","2025-05-19","954","2025-05-19 13:26:16.857","NULL","NULL","NULL",0,"NULL","NULL","NULL"
2963,"0072-525","2348-COMP-NB-ICT-PTRE-24","Dear Mas Rizki izin untuk  bisa di installkan VPN pada laptop","Install software vpn yg baru","0","2025-05-19","957","2025-05-19 14:08:34.367","NULL","NULL","NULL",0,"NULL","NULL","NULL"
2964,"","00564-FUR-KK-CFS-PTRE-14","Hidrolik rusak","belum di perbaiki","0","2025-05-19","140133","2025-05-19 16:21:16.000","NULL","NULL","NULL",0,"NULL","NULL","NULL"
2965,"","00618-FUR-KK-CFS-PTRE-14","Hidrolik rusak","Tidak bisa dibetulkan","0","2025-05-19","140133","2025-05-19 16:27:57.000","NULL","NULL","NULL",0,"NULL","NULL","NULL"
2966,"","00635-FUR-KK-CFS-PTRE-14","Senderan & Hidrolik rusak","Tidak bisa Dibetulkan","0","2025-05-19","140133","2025-05-19 16:29:46.000","NULL","NULL","NULL",0,"NULL","NULL","NULL"
2967,"","00626-FUR-KK-CFS-PTRE-14","Pegangan rusak","Tidak bisa dibetulkan","0","2025-05-19","140133","2025-05-19 16:31:23.000","NULL","NULL","NULL",0,"NULL","NULL","NULL"
2968,"","00624-FUR-KK-CFS-PTRE-14","Senderan Rusak","Tidak bisa dibetulkan","0","2025-05-19","140133","2025-05-19 16:32:24.000","NULL","NULL","NULL",0,"NULL","NULL","NULL"
2969,"","00558-FUR-KK-CFS-PTRE-14","Hidrolik Rusak","Tidak bisa dibetulkan","0","2025-05-19","140133","2025-05-19 16:35:02.000","NULL","NULL","NULL",0,"NULL","NULL","NULL"
2970,"0079-525","01733 COMP-DSK-ICT-PTRE-19","setting printer","Cek settingan printer, download driver printer, install dan setting printer","NULL","2025-05-20","964","2025-05-20 14:11:04.930","NULL","NULL","NULL",0,"NULL","NULL","NULL"
2971,"0079-525","01733 COMP-DSK-ICT-PTRE-19","setting printer","Cek settingan printer, download driver printer, install dan setting printer","NULL","2025-05-20","964","2025-05-20 14:11:05.130","NULL","NULL","NULL",0,"NULL","NULL","NULL"
2972,"0078-525","01561 COMP-DSK-ICT-PTRE-18","Ada beberapa email yang tidak masuk ke inbox","Troubleshoot email yang tidak masuk","0","2025-05-20","963","2025-05-20 14:17:00.980","NULL","NULL","NULL",0,"NULL","NULL","NULL"
2973,"0082-525","2204-COMP-NB-ICT-PTRE-22","Setting VPN","Install software VPN","0","2025-05-20","967","2025-05-20 16:16:24.220","NULL","NULL","NULL",0,"NULL","NULL","NULL"
2974,"","00637-FUR-KK-CFS-PTRE-14","Hidrolik Rusak","Tidak bisa Di betulkan","0","2025-05-20","140133","2025-05-20 16:57:57.000","NULL","NULL","NULL",0,"NULL","NULL","NULL"
2975,"PTRE-FM-1523_B","00631-FUR-KK-CFS-PTRE-14","hidrolik rusak","Belum dibetulkan","0","2025-05-20","140133","2025-05-20 16:59:56.000","NULL","NULL","NULL",0,"NULL","NULL","NULL"
2976,"PTRE-FM-1523_B","00636-FUR-KK-CFS-PTRE-14","hidrolik rusak","belum dibetulkan","0","2025-05-20","140133","2025-05-20 17:00:59.000","NULL","NULL","NULL",0,"NULL","NULL","NULL"
2977,"PTRE-FM-1523_B","00634-FUR-KK-CFS-PTRE-14","hidrolik rusak","belum di betulkan","0","2025-05-20","140133","2025-05-20 17:05:28.000","NULL","NULL","NULL",0,"NULL","NULL","NULL"
2978,"","00638-FUR-KK-CFS-PTRE-14","hidrolik rusak","tidak bisa dibetulkan","0","2025-05-20","140133","2025-05-20 17:07:07.000","NULL","NULL","NULL",0,"NULL","NULL","NULL"
2979,"PTRE-FM-1523_B","00567-FUR-KK-CFS-PTRE-14","Hidrolik rusak","tidak bisa dibetulkan","0","2025-05-20","140133","2025-05-20 17:08:08.000","NULL","NULL","NULL",0,"NULL","NULL","NULL"
2980,"PTRE-FM-1523_B","00189-FUR-KK-CFS-PTRE-13","hidrrolik rusak","Belum dibetulkan","0","2025-05-20","140133","2025-05-20 17:12:08.000","NULL","NULL","NULL",0,"NULL","NULL","NULL"
2981,"0084-525","2377-COMP-DESK-ICT-PTRE-24","install navis freedom","Install software navis freedom","0","2025-05-21","969","2025-05-21 14:12:06.947","NULL","NULL","NULL",0,"NULL","NULL","NULL"
2982,"0086-525","2373-COMP-NB-ICT-PTRE-24","VPN tidak bisa digunakan seperti biasanya ketika sedang WFA untuk akses Peoplebond","Setting ulang VPN","NULL","2025-05-21","971","2025-05-21 16:07:11.127","NULL","NULL","NULL",0,"NULL","NULL","NULL"
2983,"0085-525","2375-COMP-NB-ICT-PTRE-24","Install revit pada laptop.","Install Revit 2024","NULL","2025-05-21","970","2025-05-21 16:07:44.700","NULL","NULL","NULL",0,"NULL","NULL","NULL"
2984,"0091-525","2143-COMP-NB-ICT-PTRE-21","Minta setup email di laptop","setting email","0","2025-05-22","976","2025-05-22 10:58:27.453","NULL","NULL","NULL",0,"NULL","NULL","NULL"
2985,"0087-525","2323-COMP-NB-ICT-PTRE-24","email error","Cek settingan mail, hapus favorite mail","NULL","2025-05-22","972","2025-05-22 15:52:22.290","NULL","NULL","NULL",0,"NULL","NULL","NULL"
2986,"0093-525","2290-COMP-NB-ICT-PTRE-23","Install Scan &amp; Forti Client ","Mapping drive ke server PPC dan Docon, ajarkan cara scan document agar bisa masuk ke server PPC, setting ulang VPN","NULL","2025-05-22","978","2025-05-22 15:54:25.890","NULL","NULL","NULL",0,"NULL","NULL","NULL"
2987,"0097-525","01686 COMP-DSK-ICT-PTRE-19"," VPN tidak bisa connect ke server kantor PTRE sehingga Peoplebond tidak bisa di akses.","Setting ulang pengaturan  VPN","NULL","2025-05-22","982","2025-05-22 15:55:05.440","NULL","NULL","NULL",0,"NULL","NULL","NULL"
2988,"0094-525","2128-COMP-NB-ICT-PTRE-21","Setting Server HRM","Setting dan mapping Server HRM","NULL","2025-05-22","979","2025-05-22 15:56:22.503","NULL","NULL","NULL",0,"NULL","NULL","NULL"
2989,"0095-525","2126-COMP-NB-ICT-PTRE-21","Setting server","Setting dan mapping Server HRM","NULL","2025-05-22","980","2025-05-22 15:56:46.670","NULL","NULL","NULL",0,"NULL","NULL","NULL"
2990,"0095-525","2126-COMP-NB-ICT-PTRE-21","Setting server","Setting dan mapping Server HRM","NULL","2025-05-22","980","2025-05-22 15:56:46.890","NULL","NULL","NULL",0,"NULL","NULL","NULL"
2991,"0096-525","2126-COMP-NB-ICT-PTRE-21","Setting server ","Setting dan mapping Server HRM","NULL","2025-05-22","981","2025-05-22 15:57:13.793","NULL","NULL","NULL",0,"NULL","NULL","NULL"
2992,"0098-525","2382-COMP-NB-ICT-PTRE-24","Mohon bantuannya untuk setting VPN Kantor di laptop saya, terimakasih","Setup VPN untuk bisa akses PB","NULL","2025-05-23","983","2025-05-23 13:57:03.807","NULL","NULL","NULL",0,"NULL","NULL","NULL"
2993,"0102-525","2170-COMP-NB-ICT-PTRE-21","Excelku knp ya sering not responding kl buka dokumen yg banyak datanya?","Cek Excel, uninstall Office 2016, Install Office 365","NULL","2025-05-23","987","2025-05-23 19:20:36.397","NULL","NULL","NULL",0,"NULL","NULL","NULL"
2994,"0103-525","01995 COMP-NB-ICT-PTRE-19","Krn ga bisa connect internet, 365 nya jadi unlicesense","Cek Laptop, excel bermasalah, unlicense, uninstall dulu Office 365, install ulang office","NULL","2025-05-23","988","2025-05-23 19:21:43.737","NULL","NULL","NULL",0,"NULL","NULL","NULL"
2995,"0105-525","01456-COMP-NB-ICT-PTRE-18","Dear IT Team,Mohon bantuannya untuk men-setting server hrm.Terimakasih","Mapping Server HRM","NULL","2025-05-23","990","2025-05-23 19:22:20.417","NULL","NULL","NULL",0,"NULL","NULL","NULL"
2996,"0106-525","02102-COMP-NB-ICT-PTRE-21","minta tolong untuk setting ulang VPN ya mas","Setting ulang VPN","NULL","2025-05-23","991","2025-05-23 19:22:47.520","NULL","NULL","NULL",0,"NULL","NULL","NULL"
2997,"0104-525","2429-COMP-NB-ICT-PTRE-25","Tidak Bisa log in menggunakan email untuk log in ke sharepoint","Share ulang link untuk data yang di minta","NULL","2025-05-23","989","2025-05-23 19:26:47.520","NULL","NULL","NULL",0,"NULL","NULL","NULL"
2998,"0108-525","2183-COMP-NB-ICT-PTRE-21","Repair Ms. Excel yang ngfreeze","2 jam, troubleshoot software ms office yang sering freeze","0","2025-05-27","994","2025-05-27 06:00:15.150","NULL","NULL","NULL",0,"NULL","NULL","NULL"
2999,"0110-525","01055-COMP-WORK-ICT-PTRE-13","Untuk keperluan convert file dari Navis ke E3D","Instalasi software autocad 2019 untuk import file","0","2025-05-27","996","2025-05-27 07:35:44.197","NULL","NULL","NULL",0,"NULL","NULL","NULL"
3000,"0114-525","2171-COMP-NB-ICT-PTRE-21","Setting Email","Setting email di laptop dan HP","NULL","2025-05-27","1000","2025-05-27 13:12:06.247","NULL","NULL","NULL",0,"NULL","NULL","NULL"
3001,"0113-525","2021 COMP-NB-ICT-PTRE-20","Install Navis terbaru karena ada masalah dengan navis yang lama","Install NavisFreedom 2024","NULL","2025-05-27","999","2025-05-27 13:13:39.913","NULL","NULL","NULL",0,"NULL","NULL","NULL"
3002,"0111-525","2373-COMP-NB-ICT-PTRE-24","Seting Server HRM","Setting laptop untuk bisa akses server HRM","NULL","2025-05-27","997","2025-05-27 13:15:34.760","NULL","NULL","NULL",0,"NULL","NULL","NULL"
3003,"0118-525","01760 COMP-NB-ICT-PTRE-19","Ganti baterai laptop hp 14s-cf1xxx","Perbaikan dan pergantian baterai laptop","600000","2025-05-28","1004","2025-05-28 01:37:38.783","NULL","NULL","NULL",0,"NULL","NULL","NULL"
3004,"0117-525","2323-COMP-NB-ICT-PTRE-24","error printer","Cek Printer, cek koneksi printer, restart printer, hapus printer di laptop dan setup lagi, setup konek ke printer laserjet","NULL","2025-05-28","1003","2025-05-28 08:27:55.307","NULL","NULL","NULL",0,"NULL","NULL","NULL"
3005,"0119-525","01995 COMP-NB-ICT-PTRE-19","laptop minta masuk ke BIOS","Cek laptop, pilih booting via SSD, pilih ahci lalu save dan booting ulang laptop","NULL","2025-05-29","1005","2025-05-29 17:30:21.437","NULL","NULL","NULL",0,"NULL","NULL","NULL"
3006,"0001-625","2355-COMP-NB-ICT-PTRE-24","Anydesk blocking and counting from 100 to 0 for several times, sehingga dapat memperlambat pekerjaan","Cek laptop, Uninstall Anydesk, hapus file dan folder anydesk di drive C. Install kembali Anydesk","NULL","2025-06-02","1009","2025-06-02 09:07:21.280","NULL","NULL","NULL",0,"NULL","NULL","NULL"
3007,"0002-625","2323-COMP-NB-ICT-PTRE-24","Error Compress file, upload file ke Gdrive, upload invoice ke eproc PT PP","Compress pdf dari 19 MB ke 4MB, harus di extract dulu pdf nya pilih yang bisa di compress high dan yang tidak, lalu combine kembali.
Cek kendala di web PP untuk input faktur pajak dan invoice untuk penagihan","NULL","2025-06-02","1010","2025-06-02 23:51:22.320","NULL","NULL","NULL",0,"NULL","NULL","NULL"
3008,"0004-625","2408-COMP-NB-ICT-PTRE-24","Permintaan update anydesk, karena anydesk error, harus nunggu 100 detik untuk masuk ","Cek settingan anydesk, uninstall Anydesk dan hapus folder/file yang berhubungan dengan anydesk, install kembali anydesk","NULL","2025-06-03","1012","2025-06-03 10:43:13.460","NULL","NULL","NULL",0,"NULL","NULL","NULL"
3009,"0008-625","01918 COMP-NB-ICT-PTRE-19","Anydesk muncul iklan","Uninstall anydesk, hapus semua file dan folder anydesk, install anydesk","NULL","2025-06-03","1016","2025-06-03 19:09:04.357","NULL","NULL","NULL",0,"NULL","NULL","NULL"
3010,"0012-625","2372-COMP-NB-ICT-PTRE-24","Permintaan Install VPN untuk akses HRM","Install software vpn forticlient","0","2025-06-04","1020","2025-06-04 15:21:52.777","NULL","NULL","NULL",0,"NULL","NULL","NULL"
3011,"0016-625","01995 COMP-NB-ICT-PTRE-19","Laptop mati tolong di cek","Cek laptop, kondisi lampu power kedip-kedip, bongkar laptop, lepas RAM dan bersihkan, pasang kembali RAM, laptop mau hidup, saat di restart kembali bermasalah, matikan laptop, lepas HDD untuk di bawa oleh Soca backup data nya dulu","NULL","2025-06-05","1024","2025-06-05 08:16:15.367","NULL","NULL","NULL",0,"NULL","NULL","NULL"
3012,"0019-625","2407-COMP-NB-ICT-PTRE-24","Setting OneDrive HRM","Setting OneDrive HRM","NULL","2025-06-05","1027","2025-06-05 11:27:04.593","NULL","NULL","NULL",0,"NULL","NULL","NULL"
3013,"0020-625","2109-COMP-NB-ICT-PTRE-21","VPN kantor tidak bisa login untuk buka peoplebond, mohon bantuannya pak","Setup VPN baru","NULL","2025-06-05","1028","2025-06-05 11:39:39.923","NULL","NULL","NULL",0,"NULL","NULL","NULL"
3014,"0021-625","01539 COMP-DSK-ICT-PTRE-18","double windows di SSD dan HDD","Harrdisk error, ada sedikit perbaikan di bagian booting","0","2025-06-10","1029","2025-06-10 09:48:24.287","NULL","NULL","NULL",0,"NULL","NULL","NULL"
3015,"0024-625","02091-COMP-NB-ICT-PTRE-21","VPN tidak bisa digunakan untuk mengakses people bond","Setting ulang VPN","NULL","2025-06-10","1032","2025-06-10 13:29:27.930","NULL","NULL","NULL",0,"NULL","NULL","NULL"
3016,"0018-625","2323-COMP-NB-ICT-PTRE-24","sistem eproc PP","Isi dokumen invoice ke portal PP, akhir nya di bypass tanpa masukan pdf invoice, lanjut isi data aja","NULL","2025-06-10","1026","2025-06-10 16:55:25.783","NULL","NULL","NULL",0,"NULL","NULL","NULL"
3017,"0025-625","01989 COMP-DSK-ICT-PTRE-19","Install Autocad Plant 3D 2025","Install Autocad plant 3D","NULL","2025-06-10","1033","2025-06-10 16:55:55.597","NULL","NULL","NULL",0,"NULL","NULL","NULL"
3018,"0027-625","01774 COMP-DSK-ICT-PTRE-19","Install Autocad plant 3D","Install Autocad Plant 3D","NULL","2025-06-10","1035","2025-06-10 19:12:46.263","NULL","NULL","NULL",0,"NULL","NULL","NULL"
3019,"0028-625","01903 COMP-DSK-ICT-PTRE-19","Install Autocad plant 3D","Install Autocad Plant 3D","NULL","2025-06-10","1036","2025-06-10 19:13:09.470","NULL","NULL","NULL",0,"NULL","NULL","NULL"
3020,"0030-625","01444-COMP-NB-ICT-PTRE-17","Tolong cek, mau kurangi kapasitas di Drive C","Cek Laptop, Hapus file di temp, file di onedrive di akun lama, file di recycle bin","NULL","2025-06-11","1038","2025-06-11 13:17:30.147","NULL","NULL","NULL",0,"NULL","NULL","NULL"
3021,"0031-625","01701 COMP-DSK-ICT-PTRE-19","Install Autodesk Plant 3D 2025","Install Autocad Plant 3D 2025 dan addon Csj Steel","NULL","2025-06-11","1039","2025-06-11 13:18:20.343","NULL","NULL","NULL",0,"NULL","NULL","NULL"
3022,"0032-625","01725 COMP-DSK-ICT-PTRE-19","Install Autodesk Plant 3D 2025","Install Autocad Plant 3D 2025 dan addon Csj Steel","NULL","2025-06-11","1040","2025-06-11 13:18:50.907","NULL","NULL","NULL",0,"NULL","NULL","NULL"
3023,"0036-625","01913 COMP-DSK-ICT-PTRE-19","Install Autocad Plant 3D 2025","Install Autocad Plant 3D 2025 dan addon Steel","NULL","2025-06-11","1044","2025-06-11 17:03:03.937","NULL","NULL","NULL",0,"NULL","NULL","NULL"
3024,"0039-625","2128-COMP-NB-ICT-PTRE-21","Setting VPN kantor di laptop","Instalasi software VPN untuk akses HRM","0","2025-06-12","1047","2025-06-12 11:40:12.580","NULL","NULL","NULL",0,"NULL","NULL","NULL"
3025,"0035-625","01433-COMP-NB-ICT-PTRE-17","keperluan untuk mengakses mail ms.outlook untuk penguna baru","Setup profile baru, update software"" dan OS, setup email Dll","0","2025-06-12","1043","2025-06-12 14:06:22.840","NULL","NULL","NULL",0,"NULL","NULL","NULL"
3026,"0040-625","01833 COMP-WORK-ICT-PTRE-19","instal E3d","Install E3D dan update ke versi 3.1.8","NULL","2025-06-12","1048","2025-06-12 15:50:59.140","NULL","NULL","NULL",0,"NULL","NULL","NULL"
3027,"0043-625","2441-COMP-NB-ICT-PTRE-25","Connect Server Project Control","Mapping server ppc","0","2025-06-12","1051","2025-06-12 17:34:01.197","NULL","NULL","NULL",0,"NULL","NULL","NULL"
3028,"0042-625","02103-COMP-NB-ICT-PTRE-21","untuk print dokumen closing project NPK","setup printer di ruang ppc, dan Instalasi  software","0","2025-06-12","1050","2025-06-12 17:34:54.680","NULL","NULL","NULL",0,"NULL","NULL","NULL"
3029,"0044-625","2270-COMP-DESK-ICT-PTRE-23","Install E3D","Install E3D dan update ke versi 3.1.8","NULL","2025-06-12","1052","2025-06-12 17:45:37.877","NULL","NULL","NULL",0,"NULL","NULL","NULL"
3030,"0046-625","2336-COMP-NB-ICT-PTRE-24","VPN di laptop tidak dapat berjalan","Setting ulang VPN","NULL","2025-06-13","1054","2025-06-13 08:56:52.587","NULL","NULL","NULL",0,"NULL","NULL","NULL"
3031,"0048-625","01886 COMP-NB-ICT-PTRE-19","Local Disc C penuh sampai sisa hanya sekitar 8 GB.","Cek laptop, cek drive C hapus file temp dan pindahkan folder download, document dan picture ke drive D","NULL","2025-06-13","1056","2025-06-13 18:01:10.887","NULL","NULL","NULL",0,"NULL","NULL","NULL"
3032,"0049-625","00189-FUR-KK-CFS-PTRE-13","Tolkng bantu reinstall latest version software e3d utk melancarkan pekerjaan. Thanks","Install E3D versi 3.1.9","NULL","2025-06-13","1057","2025-06-13 18:01:51.593","NULL","NULL","NULL",0,"NULL","NULL","NULL"
3033,"0056-625","2447-COMP-NB-ICT-PTRE-25","Permintaan setup laptop baruMohon dibantu untuk laptop baru yang bernomor 2447NB","Setup laptop, backup data dan restore data pada laptop baru","0","2025-06-16","1064","2025-06-16 19:21:05.337","NULL","NULL","NULL",0,"NULL","NULL","NULL"
3034,"0054-625","01601 COMP-DSK-ICT-PTRE-18","pak maul letak file .exe pipehase pc di meja sy tuh dmn ya? jd sy butuh ngecall letak exe nya buat dimasukin ke VBA excel","Cek PC, vba tidak berfungsi... Arah kan ke file exe yang di minta, tetap error.
Ternyata lisensi expired, perbaharui lisensi, setting ulang lokasi exe pipephase, running ulang vba. Jalan","NULL","2025-06-16","1062","2025-06-16 19:29:13.987","NULL","NULL","NULL",0,"NULL","NULL","NULL"
3035,"0053-625","01650 COMP-NB-ICT-PTRE-18","mas, dulu awal pakai onedrive masih aman buka file, masih bisa kebuka, tp sekarang kalo mau kebuka, file nya di pindah penyimpanan internal laptop nya","Cek laptop, cek akun, tidak ada lisensi untuk OneDrive, arahkan untuk menggunakan OneDrive docon pemakaian bersama","NULL","2025-06-16","1061","2025-06-16 19:30:30.983","NULL","NULL","NULL",0,"NULL","NULL","NULL"
3036,"0064-625","2416-COMP-NB-ICT-PTRE-24","Permintaan Install Software Visio di Laptop, terima kasih","Install aplikasi Draw Io pengganti Ms Visio","NULL","2025-06-17","1072","2025-06-17 11:40:35.100","NULL","NULL","NULL",0,"NULL","NULL","NULL"
3037,"0065-625","2319-COMP-NB-ICT-PTRE-24","VPN tidak bisa digunakan ","Setting ulang VPN nya","NULL","2025-06-17","1073","2025-06-17 15:13:11.787","NULL","NULL","NULL",0,"NULL","NULL","NULL"
3038,"0067-625","2330-COMP-NB-ICT-PTRE-24","Laptop tiba tiba mati total dan sudah di service ke asus center tetapi email dan office 365 minta diinstall ulang","Install Aplikasi pendukung, setting email dan VPN, Update Windows","NULL","2025-06-17","1075","2025-06-17 17:41:22.603","NULL","NULL","NULL",0,"NULL","NULL","NULL"
3039,"0069-625","01346-COMP-WORK-ICT-PTRE-15","Install Revit 2025","Install Revit 2025","NULL","2025-06-17","1077","2025-06-17 18:48:27.747","NULL","NULL","NULL",0,"NULL","NULL","NULL"
3040,"0072-625","2411-COMP-NB-ICT-PTRE-24","AnyDesk muncul iklan selama 2 x 1000 detik sehingga diinstal ulang ","Cek anydesk, uninstall anydesk dan hapus semua folder anydesk yang ada di drive C, install ulang anydesk","NULL","2025-06-18","1080","2025-06-18 09:47:22.740","NULL","NULL","NULL",0,"NULL","NULL","NULL"
3041,"0077-625","01456-COMP-NB-ICT-PTRE-18","Dear Tim IT,Mohon bantuannya untuk setting ulang VPN karena sebelumnya ada kendala tidak bisa diakses.Terima kasih","Setting ulang VPN","NULL","2025-06-18","1085","2025-06-18 14:48:37.883","NULL","NULL","NULL",0,"NULL","NULL","NULL"
3042,"0074-625","01518 COMP-NB-ICT-PTRE-18","MS Teams ga bisa setting untuk meeting","Uninstall Office 2016, Install Office 365, setting Teams","NULL","2025-06-18","1082","2025-06-18 14:49:29.027","NULL","NULL","NULL",0,"NULL","NULL","NULL"
3043,"0075-625","01833 COMP-WORK-ICT-PTRE-19","tolong bantu connect ke server e3d 192.168.3.30 utk pekerjaan JAS &amp; Pegaden","Setting dan mapping ke server 192.168.3.30","NULL","2025-06-18","1083","2025-06-18 18:54:52.100","NULL","NULL","NULL",0,"NULL","NULL","NULL"
3044,"0080-625","2326-COMP-NB-ICT-PTRE-24","Saat digunakan, koneksi SDQA memberikan status no internet secure","Daftarkan MacAddress laptop ke WiFi SDQA","NULL","2025-06-19","1088","2025-06-19 09:15:09.490","NULL","NULL","NULL",0,"NULL","NULL","NULL"
3045,"0081-625","01918 COMP-NB-ICT-PTRE-19","Baterai laptop memuai (menggelembung) sehingga perlu dilepas","Cek laptop, bongkar laptop, lepas baterai yang sudah kembung, minta pengadaan ke bagian procurement untuk penggantian baterai","NULL","2025-06-19","1089","2025-06-19 10:40:44.510","NULL","NULL","NULL",0,"NULL","NULL","NULL"
3046,"0085-625","2325-COMP-NB-ICT-PTRE-24","Tolong bisa didownloadkan PDFgear untuk review dokumen pdf","Install PDF GEAR","NULL","2025-06-19","1093","2025-06-19 16:04:04.930","NULL","NULL","NULL",0,"NULL","NULL","NULL"
3047,"0087-625","2407-COMP-NB-ICT-PTRE-24","Setting Printer yang ada di ruangan HRM","Download dan Install Printer Brother di ruangan HRM","NULL","2025-06-20","1095","2025-06-20 10:28:44.140","NULL","NULL","NULL",0,"NULL","NULL","NULL"
3048,"0088-625","01973 COMP-NB-ICT-PTRE-19","Dear IT Team,Mohon di setting connect to VPN untuk ngisi time sheetTerima kasih atas bantuannya.Best Regards,suhendi","Setting ulang VPN","NULL","2025-06-20","1096","2025-06-20 11:09:32.613","NULL","NULL","NULL",0,"NULL","NULL","NULL"
3049,"0091-625","2210-COMP-NB-ICT-PTRE-22","setting vpn untuk isi timesheet","setup software vpn baru di laptop","0","2025-06-20","1099","2025-06-20 14:40:59.657","NULL","NULL","NULL",0,"NULL","NULL","NULL"
3050,"0093-625","01887 COMP-NB-ICT-PTRE-19","Setting ulang VPN ","Uninstall VPN, install ulang dan Setting ulang VPN","NULL","2025-06-20","1101","2025-06-20 16:08:09.620","NULL","NULL","NULL",0,"NULL","NULL","NULL"
3051,"0096-625","01487-COMP-NB-ICT-PTRE-18","saya ingin mengisi timesheet dari rumah karena sudah tanggal 20 Juni.utk submit baru besok sabtu tanggal 21 juni dari rumah. jadi perlu akses dari rumah. tanggal 22-24 saya ke tuban utk SPD proyek SIG. tidak bisa ke kantor utk mengisi timesheet.vpn yang sebelumnya tidak bisa connect sehingga tidak bisa masuk people bond dan mengisi timesheet.mohon bantuannya agar bisa connect vpn dan people bond sehingga bisa mengisi timesheet dari rumah.terima kasih","Setting ulang VPN","NULL","2025-06-20","1104","2025-06-20 17:53:30.410","NULL","NULL","NULL",0,"NULL","NULL","NULL"
3052,"0099-625","01790 COMP-DSK-ICT-PTRE-19","Mau isi teamsheet belum ada Fittur timesheetNya","Setup VPN","0","2025-06-23","1107","2025-06-23 08:20:21.660","NULL","NULL","NULL",0,"NULL","NULL","NULL"
3053,"0104-625","2199-COMP-NB-ICT-PTRE-22","Tidak bisa masuk people bond dan EMS","Remote laptop, cek koneksi ke portal, selalu diarahkan ke ready, hapus semua history browser, konek ulang ke portal.ptre","NULL","2025-06-23","1112","2025-06-23 10:02:20.330","NULL","NULL","NULL",0,"NULL","NULL","NULL"
3054,"0097-625","2174-COMP-NB-ICT-PTRE-21","Kesulitan koneksi VPN sehingga tidak bisa isi timesheet di PB. Mohon dibantu time IT. Terima kasih.SalamIqbal","Setting ulang koneksi VPN","NULL","2025-06-23","1105","2025-06-23 10:50:42.083","NULL","NULL","NULL",0,"NULL","NULL","NULL"
3055,"0105-625","01918 COMP-NB-ICT-PTRE-19","penggantian baterai laptop","Ganti baterai laptop dan setting VPN","NULL","2025-06-23","1113","2025-06-23 10:51:20.200","NULL","NULL","NULL",0,"NULL","NULL","NULL"
3056,"0102-625","2130-COMP-NB-ICT-PTRE-21","Minta setup vpn untuk akses web HRM","Install dan setup vpn","0","2025-06-23","1110","2025-06-23 11:11:29.190","NULL","NULL","NULL",0,"NULL","NULL","NULL"
3057,"0106-625","01311-COMP-WORK-ICT-PTRE-15","Instal vpn","Download dan Install VPN Forticlient, Uninstall Kaspersky, setting VPN","NULL","2025-06-23","1114","2025-06-23 18:30:20.577","NULL","NULL","NULL",0,"NULL","NULL","NULL"
3058,"0108-625","2179-COMP-NB-ICT-PTRE-21","By Maulana","Setup ulang VPN","NULL","2025-06-24","1116","2025-06-24 11:30:17.847","NULL","NULL","NULL",0,"NULL","NULL","NULL"
3059,"0112-625","02013 COMP-NB-ICT-PTRE-20","Install VPN di laptop untuk akses portal saat di luar kantor.","Download, Install VPN dan Setting VPN untuk bisa akses peoplebond","NULL","2025-06-24","1120","2025-06-24 14:25:12.603","NULL","NULL","NULL",0,"NULL","NULL","NULL"
3060,"0114-625","2199-COMP-NB-ICT-PTRE-22","Tidak bisa sambung internet...sudah diselesaikan oleh Mas Tata. Thank you.","Cek Laptop, Hapus/Forget SSID Wifi Marketing dan REAP, konek ulang.
Hapus macaddress yang terdaftar lalu masukan ulang","NULL","2025-06-24","1122","2025-06-24 14:27:58.523","NULL","NULL","NULL",0,"NULL","NULL","NULL"
3061,"0115-625","2353-COMP-NB-ICT-PTRE-24","Laptop tidak connect wifi. ","Cek laptop, update windows, driver wifi dan firmware laptop, forget koneksi REAP dan marketing, konek ulang. 
Hapus daftar macaddress di REAP dan Marketing, input ulang","NULL","2025-06-24","1123","2025-06-24 14:32:30.873","NULL","NULL","NULL",0,"NULL","NULL","NULL"
3062,"0113-625","01311-COMP-WORK-ICT-PTRE-15","Delet akun PT RE ","Backup data di Drive C, hapus akun ptre yang lama","NULL","2025-06-24","1121","2025-06-24 14:34:35.617","NULL","NULL","NULL",0,"NULL","NULL","NULL"
3063,"0116-625","2428-COMP-NB-ICT-PTRE-25","internet marketing isn't connected ","Troubleshoot network, restart AP dan update firmware laptop","0","2025-06-24","1124","2025-06-24 15:39:04.003","NULL","NULL","NULL",0,"NULL","NULL","NULL"
3064,"0117-625","01456-COMP-NB-ICT-PTRE-18","Dear tim IT,mohon bantuannya utk setting printer (manual) di ruangan IFS karena printer di HRM sdg tidak online. Terimakasih","Download driver printer dan install Printer Canon","NULL","2025-06-24","1125","2025-06-24 17:20:46.103","NULL","NULL","NULL",0,"NULL","NULL","NULL"
3065,"0118-625","2183-COMP-NB-ICT-PTRE-21","Setting Printer ke laptop","Download dan Install Driver Printer Fujixerox Apeos 325","NULL","2025-06-24","1126","2025-06-24 18:28:46.280","NULL","NULL","NULL",0,"NULL","NULL","NULL"
3066,"0120-625","2159-COMP-NB-ICT-PTRE-21","Setting laptop kantor","Cek laptop, daftarkan macaddress laptop ke wifi reap dan mechanical, hapus aplikasi yang tidak sesuai ketentuan kantor, mapping server mechanical, pecah data email di outlook","NULL","2025-06-25","1128","2025-06-25 10:25:33.233","NULL","NULL","NULL",0,"NULL","NULL","NULL"
3067,"0122-625","2323-COMP-NB-ICT-PTRE-24","Error printer warna FA","Cek Printer... Error E9, buka tutup printer head, isi ulang tinta hitam, restart printer","NULL","2025-06-25","1130","2025-06-25 10:55:49.397","NULL","NULL","NULL",0,"NULL","NULL","NULL"
3068,"0121-625","2141-COMP-NB-ICT-PTRE-21","mohon dibantu laptop tidak bisa connect di ruang marketing","Troubleshoot wifi, update system dan drivers","0","2025-06-25","1129","2025-06-25 13:17:34.133","NULL","NULL","NULL",0,"NULL","NULL","NULL"
3069,"0119-625","2429-COMP-NB-ICT-PTRE-25","Penggantian laptop","Penukaran laptop lama ke baru, backup dan restore data, update software dan drivers. lalu maintenance hardware","0","2025-06-25","1127","2025-06-25 14:25:39.840","NULL","NULL","NULL",0,"NULL","NULL","NULL"
3070,"0125-625","2322-COMP-NB-ICT-PTRE-0324","Pengecekan kapasitas penyimpanan link google drive","Cek Google Drive, cek folder apa aja yang bikin penuh, hapus file yang bikin penuh terutama file photo di google photo","NULL","2025-06-25","1133","2025-06-25 18:18:39.533","NULL","NULL","NULL",0,"NULL","NULL","NULL"
3071,"0128-625","2362-COMP-NB-ICT-PTRE-24","UL, Minta tolong ul, revit guee ga bisa kebuka nih","download dan Install .net runtime dan asp.net","NULL","2025-06-26","1136","2025-06-26 10:21:18.877","NULL","NULL","NULL",0,"NULL","NULL","NULL"
3072,"0124-625","2332-COMP-NB-ICT-PTRE-24","Mohon dibantu untuk kerusakan laptop","5 Jam, sehabis restorasi laptop, IT melakukan instalasi ulang, merestore data lama dari pc ke laptop","1200000","2025-06-26","1132","2025-06-26 11:11:02.433","NULL","NULL","NULL",0,"NULL","NULL","NULL"
3073,"0132-625","2330-COMP-NB-ICT-PTRE-24","Tidak bisa buka portal dan manprore mohon diinstall kan VPN","Troubleshoot software VPN","0","2025-06-26","1140","2025-06-26 16:23:03.603","NULL","NULL","NULL",0,"NULL","NULL","NULL"
3074,"0130-625","2126-COMP-NB-ICT-PTRE-21","Instal software mailmerger tools","Uninstall dan Install mail Merge","NULL","2025-06-26","1138","2025-06-26 16:39:56.033","NULL","NULL","NULL",0,"NULL","NULL","NULL"
3075,"0137-625","2126-COMP-NB-ICT-PTRE-21","Instal software Mail Merger Tools","Cek laptop, cek software mail merge, uninstall mail merge, hapus semua file dan folder dari Mapilab, update windows... install kembali mail merge","NULL","2025-06-30","1145","2025-06-30 11:37:05.843","NULL","NULL","NULL",0,"NULL","NULL","NULL"
3076,"0136-625","2038 COMP-DSK-ICT-PTRE-20","tidak bisa masuk windows","Cek PC, update settingan hdd ke AHCI, arahkan booting hanya ke SSD, gagal booting, arahkan ke reset PC, gagal, perbaiki maalah booting, gagal, repair melalui media SSD","NULL","2025-06-30","1144","2025-06-30 12:01:42.423","NULL","NULL","NULL",0,"NULL","NULL","NULL"
3077,"0142-625","2322-COMP-NB-ICT-PTRE-0324","Kapasitas google drive over limit","Hapus data foto dan video yang masih buat penuh google drive","NULL","2025-06-30","1150","2025-06-30 19:19:21.073","NULL","NULL","NULL",0,"NULL","NULL","NULL"
3078,"0140-625","2323-COMP-NB-ICT-PTRE-24","VPN buat akses REIS","Install Forticlient dan setting VPN, setting rules email Andri","NULL","2025-06-30","1148","2025-06-30 19:20:25.093","NULL","NULL","NULL",0,"NULL","NULL","NULL"
3079,"0141-625","01695 COMP-DSK-ICT-PTRE-19","Intal PDF","Cek PC dan Install PDF Exchange dan setting default","NULL","2025-06-30","1149","2025-06-30 19:21:31.947","NULL","NULL","NULL",0,"NULL","NULL","NULL"
3080,"0139-625","01346-COMP-WORK-ICT-PTRE-15","Di perlukan naviswork exporter untuk keperluan review building agar muat dikirim via emailTerima kasih","Download dan Install NavisFreedom 2025 dan Navis Exporter 2025 di PC nadhella dan Sagitta","NULL","2025-06-30","1147","2025-06-30 19:22:43.593","NULL","NULL","NULL",0,"NULL","NULL","NULL"
3081,"0002-725","2038 COMP-DSK-ICT-PTRE-20","tidak bisa masuk windows","Cek PC, Masuk advanced menu, pilih sata mode AHCI, restore windows pake SSD","NULL","2025-07-01","1152","2025-07-01 10:54:24.720","NULL","NULL","NULL",0,"NULL","NULL","NULL"
3082,"0008-725","2323-COMP-NB-ICT-PTRE-24","error server finance / tidak bisa akses ke server, beda pssword","Disconnect semua server, mapping ulang server","NULL","2025-07-01","1158","2025-07-01 10:57:05.677","NULL","NULL","NULL",0,"NULL","NULL","NULL"
3083,"0006-725","01501-COMP-NB-ICT-PTRE-18","Autocad Plant 3D license Error, tidak bisa dibuka","Cek PC, autocad error lisensi, reset lisensi autocad, update windows sampai terbaru, masukan lisensi autocad kembali","NULL","2025-07-01","1156","2025-07-01 15:26:20.837","NULL","NULL","NULL",0,"NULL","NULL","NULL"
3084,"0007-725","2216-COMP-NB-ICT-PTRE-22","Re-mapping akses ke server","Disconnect mapping server yang lama, tunggu Faisal untuk buka akses semua folder yang di minta pak Goens, mapping ulang server","NULL","2025-07-01","1157","2025-07-01 17:18:22.467","NULL","NULL","NULL",0,"NULL","NULL","NULL"
3085,"0013-725","2299-COMP-NB-ICT-PTRE-23","dengan hormat tim IT,mohon bantuannya untuk instalasi power bi di laptop saya untuk keperluan presentasi project.Terimakasih,Regards,Miftahul","Download dan instalasi software power BI","0","2025-07-02","1163","2025-07-02 10:05:27.850","NULL","NULL","NULL",0,"NULL","NULL","NULL"
3086,"0012-725","2372-COMP-NB-ICT-PTRE-24","Install New Printer Epson PPC","Download dan Install Driver Printer Epson WF C879R","NULL","2025-07-02","1162","2025-07-02 10:05:42.777","NULL","NULL","NULL",0,"NULL","NULL","NULL"
3087,"0022-725","01658 COMP-DSK-ICT-PTRE-19","Wifi","Registrasi ulang Wifi Electrical","NULL","2025-07-02","1172","2025-07-02 19:09:23.303","NULL","NULL","NULL",0,"NULL","NULL","NULL"
3088,"0021-725","02065-COMP-NB-ICT-PTRE-20","Install Printer Civil ","Download dan Install Driver Printer FujiXerox c3065","NULL","2025-07-02","1171","2025-07-02 19:10:04.337","NULL","NULL","NULL",0,"NULL","NULL","NULL"
3089,"0017-725","2322-COMP-NB-ICT-PTRE-0324","Akun blm aktif","Cek laptop, Install Teams dari Microsoft Store, login teams","NULL","2025-07-02","1167","2025-07-02 19:11:53.483","NULL","NULL","NULL",0,"NULL","NULL","NULL"
3090,"0016-725","02103-COMP-NB-ICT-PTRE-21","untuk keperluan print dokumen project","Download dan Install Driver Printer Epson","NULL","2025-07-02","1166","2025-07-02 19:12:35.577","NULL","NULL","NULL",0,"NULL","NULL","NULL"
3091,"0023-725","2038 COMP-DSK-ICT-PTRE-20","tidak bisa masuk windows","Cek PC, restore OS via SSD minta user backup data di drice C: PC rencana akan di Install ulang","NULL","2025-07-03","1173","2025-07-03 09:17:28.860","NULL","NULL","NULL",0,"NULL","NULL","NULL"
3092,"0026-725","01456-COMP-NB-ICT-PTRE-18","Dear tim IT, mohon bantuannya untuk setting aplikasi PDF karena error tidak bisa dibuka.Terima kasih","Cek laptop, Uninstall PDF Gear, hapus semua file dan folder pdf gear, download dan install ulang PDF Gear","NULL","2025-07-04","1176","2025-07-04 14:08:07.007","NULL","NULL","NULL",0,"NULL","NULL","NULL"
3093,"0028-725","2290-COMP-NB-ICT-PTRE-23","Setting Printer baru di PPC","Download dan Install Printer Epson di PPC","NULL","2025-07-04","1178","2025-07-04 18:19:58.217","NULL","NULL","NULL",0,"NULL","NULL","NULL"
3094,"0029-725","02086-COMP-NB-ICT-PTRE-20","setting print lantai 3","Download dan Install Driver Printer FujiXerox DocuCentre V C3065... setting advanced di office agar hasil print tidak letter terus","NULL","2025-07-07","1179","2025-07-07 16:31:47.903","NULL","NULL","NULL",0,"NULL","NULL","NULL"
3095,"0030-725","02088-COMP-NB-ICT-PTRE-20","Dear tim ITsaya karyawan baru yang akan baru mulai bekerja hari inimohon dibantu untuk kelengkapan hardware dan softwarenyaterima kasih","Konekting ke Server Elektrikal dan mapping Drive, setting email","NULL","2025-07-07","1180","2025-07-07 16:33:05.643","NULL","NULL","NULL",0,"NULL","NULL","NULL"
3096,"0035-725","2120-COMP-NB-ICT-PTRE-21","tidak bisa download document di G drive","cek software PDF, cek settingan sharepoint, install PDF xchange editor","NULL","2025-07-07","1185","2025-07-07 16:35:19.787","NULL","NULL","NULL",0,"NULL","NULL","NULL"
3097,"0039-725","2302-COMP-NB-ICT-PTRE-23","minta tolong di cek soal nya tiba tiba mati dan ga bisa nyala","Laptop mati, cek lampu power nyala, bongkar laptop, bersihkan kipas CPU
bongkar pasang RAM, lepas pasang baterai laptop","NULL","2025-07-08","1189","2025-07-08 20:09:10.630","NULL","NULL","NULL",0,"NULL","NULL","NULL"
3098,"0042-725","01918 COMP-NB-ICT-PTRE-19","Penggantian baterai CMOS laptop","Cek laptop, bongkar laptop, cari posisi baterai CMOS, ga ada lepas RAM dan pasang kembali, pasang baterai, update BIOS","NULL","2025-07-09","1192","2025-07-09 10:44:01.390","NULL","NULL","NULL",0,"NULL","NULL","NULL"
3099,"0043-725","2325-COMP-NB-ICT-PTRE-24","minta tolong setting vpn","Download dan Install VPN Forticlient, setting akun","NULL","2025-07-09","1193","2025-07-09 14:08:14.017","NULL","NULL","NULL",0,"NULL","NULL","NULL"
3100,"0044-725","2299-COMP-NB-ICT-PTRE-23","Dengan Hormat Tim IT,Mohon bantuannya untuk permasalahan aplikasi anydesk di laptop saya.Terimakasih,Regards,Miftahul.","lupa clossing. selesai jam 11
Cek Anydesk, Uninstall Anydesk, hapus semua file n folder Anydesk, Install ulang anydesk","NULL","2025-07-09","1194","2025-07-09 16:02:56.733","NULL","NULL","NULL",0,"NULL","NULL","NULL"
3101,"0046-725","2149-COMP-NB-ICT-PTRE-21","Instal PDF Exchange","Download dan Install PDF Exchange Editor","NULL","2025-07-09","1196","2025-07-09 16:04:58.083","NULL","NULL","NULL",0,"NULL","NULL","NULL"
3102,"0047-725","2408-COMP-NB-ICT-PTRE-24","Install PDF Exchange ","Download dan Install PDF Exchange Editor","NULL","2025-07-09","1197","2025-07-09 16:05:39.493","NULL","NULL","NULL",0,"NULL","NULL","NULL"
3103,"0049-725","2038 COMP-DSK-ICT-PTRE-20","tidak bisa masuk windows","Cek PC, Masuk ke BIOS ganti konfigurasi SATA dari RAID ke AHCI, restore by SSD","NULL","2025-07-10","1199","2025-07-10 09:38:14.163","NULL","NULL","NULL",0,"NULL","NULL","NULL"
3104,"0053-725","2330-COMP-NB-ICT-PTRE-24","di site tidak bisa akses peoplebond","Remote laptop, setting ulang VPN","NULL","2025-07-11","1203","2025-07-11 10:21:57.757","NULL","NULL","NULL",0,"NULL","NULL","NULL"
3105,"0056-725","2149-COMP-NB-ICT-PTRE-21","menghapus iklan di anydesk","cek laptop, uninstall anydesk, hapus semua file dan folder anydesk, download anydesk dan install","NULL","2025-07-11","1206","2025-07-11 14:12:18.153","NULL","NULL","NULL",0,"NULL","NULL","NULL"
3106,"0059-725","2414-COMP-NB-ICT-PTRE-24","Menghilangkan iklan pada anydesk","cek laptop, uninstall anydesk, hapus semua file dan folder anydesk, download anydesk dan install","NULL","2025-07-11","1209","2025-07-11 14:12:51.287","NULL","NULL","NULL",0,"NULL","NULL","NULL"
3107,"0058-725","2410-COMP-NB-ICT-PTRE-24","Permisi, minta tolong untuk diinstallkan software PDFExchange, terimakasih","Download dan Install Pdf xchange editor","NULL","2025-07-11","1208","2025-07-11 14:13:38.490","NULL","NULL","NULL",0,"NULL","NULL","NULL"
3108,"0060-725","2296-COMP-NB-ICT-PTRE-23","Set up printer pasca service","Download driver printer Fujixerox c5575, install dan setting printer","NULL","2025-07-11","1210","2025-07-11 15:11:49.483","NULL","NULL","NULL",0,"NULL","NULL","NULL"
3109,"0062-725","2416-COMP-NB-ICT-PTRE-24","Saya ingin mengakses FortiClient VPN untuk keperluan pelaporan Overtime di 10-11 Juli 2025. Namun, saya belum memiliki informasi username dan password VPN-nya. Mohon bantuannya untuk diberikan informasi login atau aksesnya. Terima kasih atas perhatian dan bantuannya.Lyubimaya Danindra NugrohoProcess Engineer","Sudah selesai jam 18.30 11 Juli 2025
Download, Install VPN dan Setting VPN","NULL","2025-07-14","1212","2025-07-14 09:26:22.910","NULL","NULL","NULL",0,"NULL","NULL","NULL"
3110,"0067-725","2120-COMP-NB-ICT-PTRE-21","TIDAK BISA BUKA FILE SHARED POINT","Cek laptop, sign in menggunakan akun Sri, minta approve untuk bisa akses SharePoint, request access lalu hubungi yang punya SharePoint untuk accept request nya","NULL","2025-07-14","1217","2025-07-14 17:56:07.150","NULL","NULL","NULL",0,"NULL","NULL","NULL"
3111,"0067-725","2120-COMP-NB-ICT-PTRE-21","TIDAK BISA BUKA FILE SHARED POINT","Cek laptop, sign in menggunakan akun Sri, minta approve untuk bisa akses SharePoint, request access lalu hubungi yang punya SharePoint untuk accept request nya","NULL","2025-07-14","1217","2025-07-14 17:56:08.417","NULL","NULL","NULL",0,"NULL","NULL","NULL"
3112,"0070-725","2120-COMP-NB-ICT-PTRE-21","Permintaan maintenance laptop yang sudah lama dan panas (overheat)","Bongkar laptop, ganti thermal paste, tambah ram 4gb
backup data dan install ulang windows 10 lalu update software","0","2025-07-14","1220","2025-07-14 19:17:08.693","NULL","NULL","NULL",0,"NULL","NULL","NULL"
3113,"0074-725","2320-COMP-NB-ICT-PTRE-24","Install autocad viewer","Download dan Install NavisFreedom dan DWGtrueview","NULL","2025-07-15","1224","2025-07-15 10:35:12.837","NULL","NULL","NULL",0,"NULL","NULL","NULL"
3114,"0079-725","2126-COMP-NB-ICT-PTRE-21","Setting printer","download dan Install .net yang diperlukan","NULL","2025-07-15","1229","2025-07-15 16:03:51.293","NULL","NULL","NULL",0,"NULL","NULL","NULL"
3115,"0080-725","01895 COMP-DSK-ICT-PTRE-19","Dear ITmohon bantuannya untuk cek microsoft, karena outlook tidak update, dan beberapa aplikasi microsoft tidak dapat dibuka.Terima kasih","Cek Laptop, update windows, akun office bermasalah, coba repair office, uninstall dan install kembali office 365, ganti akun local windows, setting kembali office 365","NULL","2025-07-16","1230","2025-07-16 11:58:31.203","NULL","NULL","NULL",0,"NULL","NULL","NULL"
3116,"0082-725","02102-COMP-NB-ICT-PTRE-21","minta tolong hapus file di flashdisk agar ada spare penyimpanan","Buka profile blok usb untuk sementara, remote laptop, hapus file yang di minta, aktifkan kembali profile tutup usb","NULL","2025-07-16","1232","2025-07-16 17:57:23.397","NULL","NULL","NULL",0,"NULL","NULL","NULL"
3117,"0014-725","2304-COMP-NB-ICT-PTRE-23","dengan hormat tim IT,mohon bantuannya untuk instal powerbi di laptop saya untuk keperluan project.Terimakasih.","Download dan Install power BI","NULL","2025-07-16","1164","2025-07-16 17:58:08.900","NULL","NULL","NULL",0,"NULL","NULL","NULL"
3118,"0083-725","02066-COMP-NB-ICT-PTRE-20","Connect My Laptop to Server","Mapping Server Electrical","NULL","2025-07-17","1233","2025-07-17 10:30:52.350","NULL","NULL","NULL",0,"NULL","NULL","NULL"
3119,"0084-725","01997 COMP-NB-ICT-PTRE-19","connect ke server electrical to my laptop","Mapping Server Electrical","NULL","2025-07-17","1234","2025-07-17 10:31:16.297","NULL","NULL","NULL",0,"NULL","NULL","NULL"
3120,"0085-725","02014 COMP-NB-ICT-PTRE-20","minta di bantu aktivasi VPN untuk support pekerjaan","Instalasi dan setup software forticlient","0","2025-07-18","1235","2025-07-18 09:21:42.457","NULL","NULL","NULL",0,"NULL","NULL","NULL"
3121,"0086-725","2318-COMP-NB-ICT-PTRE-24","Mohon dibantu untuk uninstall Aplikasi WPS Office di laptop saya.Terimakasih,Untoro","Uninstall software WPS office yang merubah default apps","0","2025-07-18","1236","2025-07-18 11:02:02.640","NULL","NULL","NULL",0,"NULL","NULL","NULL"
3122,"0087-725","01889 COMP-NB-ICT-PTRE-19","Keperluan untuk penggantian kipas laptop dengan yang baru","Mengganti cpu fan","150000","2025-07-18","1237","2025-07-18 12:59:27.663","NULL","NULL","NULL",0,"NULL","NULL","NULL"
3123,"0090-725","2353-COMP-NB-ICT-PTRE-24","Mohon support untuk dapat install laptop connect ke printer marketing.","Download dan Install Printer Fujixerox C5575","NULL","2025-07-21","1240","2025-07-21 16:02:37.250","NULL","NULL","NULL",0,"NULL","NULL","NULL"
3124,"0091-725","2292-COMP-NB-ICT-PTRE-23","Connect laptop to printer","Download dan Install Printer Fujixerox C5575","NULL","2025-07-21","1241","2025-07-21 16:03:00.053","NULL","NULL","NULL",0,"NULL","NULL","NULL"
3125,"0092-725","2204-COMP-NB-ICT-PTRE-22","Connect Printer","Download dan Install Driver Printer FujiXerox c5575","NULL","2025-07-21","1242","2025-07-21 16:28:12.473","NULL","NULL","NULL",0,"NULL","NULL","NULL"
3126,"0093-725","2210-COMP-NB-ICT-PTRE-22","Instal Printer ke laptop","Download dan Install Driver Printer FujiXerox c5575","NULL","2025-07-21","1243","2025-07-21 16:28:32.880","NULL","NULL","NULL",0,"NULL","NULL","NULL"
3127,"0094-725","2302-COMP-NB-ICT-PTRE-23","mas, minta tolong settingin printer baru yang di belakang PPC","Download dan Install Driver Printer FujiXerox c5575 dan C3370","NULL","2025-07-21","1244","2025-07-21 16:38:14.133","NULL","NULL","NULL",0,"NULL","NULL","NULL"
3128,"0096-725","02088-COMP-NB-ICT-PTRE-20","Permintaan setup VPN untuk akses HRM Web","Setup software VPN di laptop user","0","2025-07-22","1246","2025-07-22 09:09:36.630","NULL","NULL","NULL",0,"NULL","NULL","NULL"
3129,"0102-725","2368-COMP-NB-ICT-PTRE-24","Setting printer ","Download dan Install Printer di laptop Angie, Lia, Shania, Restu","NULL","2025-07-23","1252","2025-07-23 16:07:31.430","NULL","NULL","NULL",0,"NULL","NULL","NULL"
3130,"0100-725","2112-COMP-NB-ICT-PTRE-21","Mas Tata, minta tolong instalkan staad pro untuk penyelesaian project","Download dan Install STAAD Pro 22","NULL","2025-07-23","1250","2025-07-23 16:08:16.927","NULL","NULL","NULL",0,"NULL","NULL","NULL"
3131,"0106-725","2372-COMP-NB-ICT-PTRE-24","Install Printer","download dan install Driver Printer Fujixerox c5575","NULL","2025-07-24","1256","2025-07-24 17:40:34.737","NULL","NULL","NULL",0,"NULL","NULL","NULL"
3132,"0109-725","01433-COMP-NB-ICT-PTRE-17","Minta setup printer dan VPN","instalasi software printer dan VPN","0","2025-07-25","1259","2025-07-25 10:14:54.160","NULL","NULL","NULL",0,"NULL","NULL","NULL"
3133,"0112-725","2127-COMP-NB-ICT-PTRE-21","Install mail merge dan printer IFS","Instalasi software printer dan mail merge","NULL","2025-07-25","1262","2025-07-25 14:14:11.790","NULL","NULL","NULL",0,"NULL","NULL","NULL"
3134,"0113-725","01581 COMP-DSK-ICT-PTRE-18","Update versi Cad Plant 3D","2 jam, update dan maintenance software autocad 2026","0","2025-07-28","1263","2025-07-28 06:29:41.533","NULL","NULL","NULL",0,"NULL","NULL","NULL"
3135,"0117-725","2156-COMP-NB-ICT-PTRE-21","Dear Tim IT PT REDikarenakan tim yang laptopnya terhubung dengan printer sangat terbatas, mohon dapat dibantu untuk installasi laptop milik Dame ke printer untuk memudahkan kebutuhan korporasi. Terimakasih","Download dan Install Driver Printer FujiXerox 5575","NULL","2025-07-28","1267","2025-07-28 11:13:44.530","NULL","NULL","NULL",0,"NULL","NULL","NULL"
3136,"0118-725","2128-COMP-NB-ICT-PTRE-21","Setting Printer ke laptop","Download dan Install Driver Printer Epson c579R","NULL","2025-07-28","1268","2025-07-28 11:14:51.477","NULL","NULL","NULL",0,"NULL","NULL","NULL"
3137,"0121-725","2148-COMP-NB-ICT-PTRE-21","Anydesk kena limit 5 menit closed sehingga harus diinstall Anydesk untuk versi 7","Download dan Install Anydesk Versi 7","NULL","2025-07-28","1271","2025-07-28 11:16:28.910","NULL","NULL","NULL",0,"NULL","NULL","NULL"
3138,"0115-725","2123-COMP-NB-ICT-PTRE-21","saya mengalami kendala dalam mengerjakan CE lama dalam dibuka","Uninstall Office 2016, download dan setting Office 365","NULL","2025-07-28","1265","2025-07-28 11:17:17.453","NULL","NULL","NULL",0,"NULL","NULL","NULL"
3139,"0116-725","2290-COMP-NB-ICT-PTRE-23","Mohon dibantu untuk install New Printer diruang PM","Download dan Install Driver Printer epson c579R","NULL","2025-07-28","1266","2025-07-28 15:02:59.523","NULL","NULL","NULL",0,"NULL","NULL","NULL"
3140,"0122-725","01918 COMP-NB-ICT-PTRE-19","Anydesk kena limit waktu 5 menit","Uninstall Anydesk, hapus semua file dan folder anydesk, download dan install anydesk versi 7","NULL","2025-07-28","1273","2025-07-28 15:04:05.667","NULL","NULL","NULL",0,"NULL","NULL","NULL"
3141,"0125-725","2276-COMP-NB-ICT-PTRE-23","anydesk untuk remote pipehase di pc kantor","Uninstall Anydesk, hapus semua file dan folder anydesk, download dan install anydesk versi 7","NULL","2025-07-28","1276","2025-07-28 15:04:32.583","NULL","NULL","NULL",0,"NULL","NULL","NULL"
3142,"0126-725","2408-COMP-NB-ICT-PTRE-24","Pak maul minta tolong anydesknya ada limit 5 menit tolong ya pak, terima kasih","Uninstall Anydesk, hapus semua file dan folder anydesk, download dan install anydesk versi 7","NULL","2025-07-28","1277","2025-07-28 15:04:53.497","NULL","NULL","NULL",0,"NULL","NULL","NULL"
3143,"0127-725","2358-COMP-NB-ICT-PTRE-24","install anydesk","Uninstall Anydesk, hapus semua file dan folder anydesk, download dan install anydesk versi 7","NULL","2025-07-28","1278","2025-07-28 15:05:15.867","NULL","NULL","NULL",0,"NULL","NULL","NULL"
3144,"0128-725","01895 COMP-DSK-ICT-PTRE-19","mohon dicek, anydesk sign out in 5 minutes.terima kasih","Uninstall Anydesk, hapus semua file dan folder anydesk, download dan install anydesk versi 7","NULL","2025-07-28","1279","2025-07-28 15:05:43.037","NULL","NULL","NULL",0,"NULL","NULL","NULL"
3145,"0114-725","2330-COMP-NB-ICT-PTRE-24","minta diinstall kan scaner","remote PC, download dan Install printer n scanner","NULL","2025-07-28","1264","2025-07-28 15:25:47.407","NULL","NULL","NULL",0,"NULL","NULL","NULL"
3146,"0123-725","2126-COMP-NB-ICT-PTRE-21","Reinstal Aplikasi Mailmeger Tools","uninstall mailmerge lama, hapus semua folder mapilab, download dan install kembali mailmerge baru","NULL","2025-07-28","1274","2025-07-28 16:05:49.907","NULL","NULL","NULL",0,"NULL","NULL","NULL"
3147,"0130-725","2371-COMP-NB-ICT-PTRE-24","Anydesk closed every 5 minutes","Uninstall anydesk, hapus semua folder dan file anydesk, install anydesk versi 7","NULL","2025-07-29","1281","2025-07-29 12:00:21.890","NULL","NULL","NULL",0,"NULL","NULL","NULL"
3148,"0131-725","01456-COMP-NB-ICT-PTRE-18","Dear tim IT,Mohon bantuannya untuk setting laptop untuk disambungkan ke printer yang baru.Terimakasih","Download Driver Printer Epson c579R install dan setting scan ke folder laptop","NULL","2025-07-29","1282","2025-07-29 12:01:28.083","NULL","NULL","NULL",0,"NULL","NULL","NULL"
3149,"0134-725","2411-COMP-NB-ICT-PTRE-24","Anydesk otomatis menutup setelah 5 menit, mohon tolong diinstalkan ulang untuk anydesknya","Uninstall anydesk, hapus semua folder dan file anydesk, install anydesk versi 7","NULL","2025-07-29","1285","2025-07-29 12:04:06.747","NULL","NULL","NULL",0,"NULL","NULL","NULL"
3150,"0135-725","2414-COMP-NB-ICT-PTRE-24","install ulang anydesk agar tidak terkena limit.","Uninstall anydesk, hapus semua folder dan file anydesk, install anydesk versi 7","NULL","2025-07-29","1286","2025-07-29 12:04:37.270","NULL","NULL","NULL",0,"NULL","NULL","NULL"
3151,"0138-725","2410-COMP-NB-ICT-PTRE-24","Mohon bantuannya untuk instal anydesk di laptop kantor karena sebelumnya ada limit 5 menit","Uninstall anydesk, hapus semua folder dan file anydesk, install anydesk versi 7","NULL","2025-07-29","1289","2025-07-29 12:05:14.083","NULL","NULL","NULL",0,"NULL","NULL","NULL"
3152,"0140-725","2410-COMP-NB-ICT-PTRE-24","Mohon bantuannya untuk setting vpn kantor","Install Forticlient, setting VPN","NULL","2025-07-29","1291","2025-07-29 12:06:23.823","NULL","NULL","NULL",0,"NULL","NULL","NULL"
3153,"0136-725","01501-COMP-NB-ICT-PTRE-18","CAD tidak bisa dibuka gara2 switchuser NAVIS manage","switch lisensi menggunakan akun autodesk.aec masukan kode verik","NULL","2025-07-29","1287","2025-07-29 13:12:58.680","NULL","NULL","NULL",0,"NULL","NULL","NULL"
3154,"0143-725","01918 COMP-NB-ICT-PTRE-19","Anydesk tidak bisa connect","cek laptop, update windows","NULL","2025-07-29","1294","2025-07-29 16:06:25.007","NULL","NULL","NULL",0,"NULL","NULL","NULL"
3155,"0144-725","2369-COMP-NB-ICT-PTRE-24","Install VPN dan Autodesk","Install anydesk, Install Forticlient, install Vb redirect","NULL","2025-07-29","1295","2025-07-29 18:23:40.887","NULL","NULL","NULL",0,"NULL","NULL","NULL"
3156,"0146-725","2409-COMP-NB-ICT-PTRE-24","Install software Anydesk versi 7 agar tidak ada batasan waktu (5 menit) untuk melakukan remote di komputer kantor.","Downgrade software anydesk dari versi 9 ke versi 7","0","2025-07-30","1297","2025-07-30 11:23:44.917","NULL","NULL","NULL",0,"NULL","NULL","NULL"
3157,"0002-825","01581 COMP-DSK-ICT-PTRE-18","expired","Troubleshoot software navis freedom","0","2025-08-01","1309","2025-08-01 10:59:05.087","NULL","NULL","NULL",0,"NULL","NULL","NULL"
3158,"0007-825","2172-COMP-NB-ICT-PTRE-21","Dear team IT,Mohon bantuan settingnya agar anydesk saya tidak terkena limit 5 menit saja.Terima kasih","Uninstall Anydesk 9, hapus semua folder anydesk, Install Anydesk 7","NULL","2025-08-04","1314","2025-08-04 14:58:41.973","NULL","NULL","NULL",0,"NULL","NULL","NULL"
3159,"0014-825","2318-COMP-NB-ICT-PTRE-24","Mohon dibantu untuk connect ke printer, karena printer yang satu lagi sedang error.Trmksh","Maintenance software printer","0","2025-08-05","1321","2025-08-05 11:17:50.387","NULL","NULL","NULL",0,"NULL","NULL","NULL"
3160,"0016-825","2267-COMP-NB-ICT-PTRE-23","Permintaan Install VPN &amp; Printer ke mas Riki","Maintenance software printer","0","2025-08-05","1323","2025-08-05 11:18:36.567","NULL","NULL","NULL",0,"NULL","NULL","NULL"
3161,"0017-825","2319-COMP-NB-ICT-PTRE-24","Setting Print Ismail ","Maintenance software printer","0","2025-08-05","1324","2025-08-05 11:19:20.417","NULL","NULL","NULL",0,"NULL","NULL","NULL"
3162,"0013-825","2323-COMP-NB-ICT-PTRE-24","Error Snipping tools, akses location i-vendor Pertamina","Allow location di browser saat buka situs pertamina, setting snapshot setting","NULL","2025-08-05","1320","2025-08-05 11:41:18.607","NULL","NULL","NULL",0,"NULL","NULL","NULL"
3163,"0012-825","02013 COMP-NB-ICT-PTRE-20","Anydesk terkena limit. Tolong dibantu install ulang. terima kasih","Uninstall Anydesk 9, hapus semua folder anydesk, Insyall anydesk 7","NULL","2025-08-05","1319","2025-08-05 11:43:31.087","NULL","NULL","NULL",0,"NULL","NULL","NULL"
3164,"0015-825","2120-COMP-NB-ICT-PTRE-21","minta sign in excel","Cek laptop, cek excel ada pop up windows update/link ke dokumen lain, kemungkinan dokumen nya ada di akun office 365 pribadi makanya minta login ulang Office 365. saran kan agar tutup link yang ada","NULL","2025-08-05","1322","2025-08-05 12:10:13.987","NULL","NULL","NULL",0,"NULL","NULL","NULL"
3165,"0021-825","2291-COMP-NB-ICT-PTRE-23","Permintaan setup laptop untuk bekerjamohon dibantu","4 jam, install ulang laptop, dan setup seperti baru","0","2025-08-06","1328","2025-08-06 19:58:49.000","NULL","NULL","NULL",0,"NULL","NULL","NULL"
3166,"0024-825","2130-COMP-NB-ICT-PTRE-21","Laptop bermasalah pada SSD, mohon dibantu","Penggantian SSD yang rusak, install ulang laptop, dan instalasi software","0","2025-08-06","1331","2025-08-06 19:59:29.167","NULL","NULL","NULL",0,"NULL","NULL","NULL"
3167,"0029-825","2320-COMP-NB-ICT-PTRE-24","Client butuh wi-fi","Resgistrasi MacAddress WiFi Tamu","NULL","2025-08-07","1336","2025-08-07 14:03:42.033","NULL","NULL","NULL",0,"NULL","NULL","NULL"
3168,"0030-825","2325-COMP-NB-ICT-PTRE-24","setting any desk","Uninstall Anydesk 9, Hapus semua folder anydesk, Install anydesk 7","NULL","2025-08-07","1337","2025-08-07 15:24:39.800","NULL","NULL","NULL",0,"NULL","NULL","NULL"
3169,"0031-825","2291-COMP-NB-ICT-PTRE-23","Mohon dibantu setting server proposal atau MBD, dan printer Marketing","Download dan Install Driver Printer, mapping Server 192.168.1.3","NULL","2025-08-08","1338","2025-08-08 09:47:53.610","NULL","NULL","NULL",0,"NULL","NULL","NULL"
3170,"0033-825","2291-COMP-NB-ICT-PTRE-23","Mohon dibantu untuk Setting VPN.Terima kasih.","Install Forticlient dan Setting VPN","NULL","2025-08-08","1340","2025-08-08 15:08:52.537","NULL","NULL","NULL",0,"NULL","NULL","NULL"
3171,"0042-825","2416-COMP-NB-ICT-PTRE-24","Mohon bantuan untuk menginstal aplikasi AnyDesk di laptop saya dengan versi/konfigurasi yang tidak terkena limit 5 menit, agar dapat digunakan untuk keperluan remote simulasi dan troubleshooting tanpa terputus. Terima kasih atas bantuannya.","Uninstall anydesk 9, hapus semua folder, install anydesk 7","NULL","2025-08-12","1349","2025-08-12 12:21:48.320","NULL","NULL","NULL",0,"NULL","NULL","NULL"
3172,"0048-825","2127-COMP-NB-ICT-PTRE-21","instal vpn dan any desk","1 jam. install software vpn dan anydesk","0","2025-08-13","1355","2025-08-13 11:12:29.020","NULL","NULL","NULL",0,"NULL","NULL","NULL"
3173,"0049-825","2302-COMP-NB-ICT-PTRE-23","minta tolong setting ulang printer","cek printer, hapus printer lama, download dan install printer fujixerox c5575","NULL","2025-08-13","1356","2025-08-13 17:04:09.613","NULL","NULL","NULL",0,"NULL","NULL","NULL"
3174,"0051-825","2323-COMP-NB-ICT-PTRE-24","Printer error  warna (sering error)","Cek Printer, error E2 dan E9 di sarankan untuk service printer","NULL","2025-08-13","1358","2025-08-13 17:05:32.353","NULL","NULL","NULL",0,"NULL","NULL","NULL"
3175,"0070-825","01995 COMP-NB-ICT-PTRE-19","staadnya (connection client) ga bisa connect","cek laptop, konek bentley, error uninstall staad dan install ulang staad","NULL","2025-08-20","1377","2025-08-20 17:13:19.627","NULL","NULL","NULL",0,"NULL","NULL","NULL"
3176,"0080-825","01501-COMP-NB-ICT-PTRE-18","Permohonan dibuka akses server 3D untuk saudara Slamet Mulyono Civil","Maaping server 3.30","NULL","2025-08-22","1387","2025-08-22 10:24:47.673","NULL","NULL","NULL",0,"NULL","NULL","NULL"
3177,"0081-825","01973 COMP-NB-ICT-PTRE-19","Dear IT team'Mohon di check laptop yang saya pake tiba tiba mati dan kalo dicabut battery chargernya langsung mati.Padahal indikasi batterynya masih 100%. Terima kasih atas bantuannya.regards,suhendi","Cek laptop, bongkar laptop, kondisi baterai laptop kembung, disarankan untuk ganti baterai","NULL","2025-08-22","1388","2025-08-22 15:07:08.137","NULL","NULL","NULL",0,"NULL","NULL","NULL"
4176,"0079-825","2338-COMP-NB-ICT-PTRE-24","Setelah ditinggal beberapa jam, saat ada kegiatan lomba masak, laptop ditinggal, tidak dioperasikan.Setelah jam 12.45, saat akan mengoperasikan laptop, ternyata monitor eror, tidak bisa buka explore dll","1 jam, troubleshoot windows exlporer yang freeze","0","2025-08-24","1386","2025-08-24 20:28:08.437","NULL","NULL","NULL",0,"NULL","NULL","NULL"
4177,"0077-825","2330-COMP-NB-ICT-PTRE-24","Touchpad tidak dapat berfungsi","1 jam, troubelshoot trackpad yang tidak bisa bergerak","0","2025-08-24","1384","2025-08-24 20:30:25.060","NULL","NULL","NULL",0,"NULL","NULL","NULL"
4178,"0084-825","01468-COMP-NB-ICT-PTRE-18","StaadPro nya tidak bisa dibuka,kalau foto dibawah di klik OK, staadnya langsung nutup lagi.","Cek laptop, bentley connect error, uninstall, download dan install ulang bentley connect, update staad pro","NULL","2025-08-25","2389","2025-08-25 10:53:35.737","NULL","NULL","NULL",0,"NULL","NULL","NULL"
4179,"0085-825","2318-COMP-NB-ICT-PTRE-24","Mohon dibantu untuk akses ke printer, terima kasih.","Download dan Install Driver printer C5575 dan C3375","NULL","2025-08-25","2390","2025-08-25 11:08:36.067","NULL","NULL","NULL",0,"NULL","NULL","NULL"
4180,"0086-825","2127-COMP-NB-ICT-PTRE-21","install printer","Download dan Install Printer Epson WF-579R","NULL","2025-08-25","2391","2025-08-25 16:43:42.850","NULL","NULL","NULL",0,"NULL","NULL","NULL"
4181,"0088-825","2373-COMP-NB-ICT-PTRE-24","Setting printer","Download dan Install Printer Epson WF-579R","NULL","2025-08-25","2393","2025-08-25 16:44:44.603","NULL","NULL","NULL",0,"NULL","NULL","NULL"
4182,"0087-825","01456-COMP-NB-ICT-PTRE-18","Dear tim IT, mohon bantuannya untuk setting email karyawan baru.","Setting Email Dinda dan daftarkan ke hrm service","NULL","2025-08-25","2392","2025-08-25 16:45:30.127","NULL","NULL","NULL",0,"NULL","NULL","NULL"
4183,"0091-825","2417-COMP-NB-ICT-PTRE-25","Setting Printer di ruang PPC","Download dan Install printer Epson W579R","NULL","2025-08-27","2396","2025-08-27 11:12:30.470","NULL","NULL","NULL",0,"NULL","NULL","NULL"
4184,"0090-825","2358-COMP-NB-ICT-PTRE-24","outlook tidak bisa dibuka","Cek Laptop, Office pindah ke Home Student, update lisensi ke Office 365, gagal, Uninstall Office Home Student, Download Office 365 dan Install","NULL","2025-08-27","2395","2025-08-27 11:14:26.833","NULL","NULL","NULL",0,"NULL","NULL","NULL"
4185,"0092-825","2128-COMP-NB-ICT-PTRE-21","Setting Location and Clock di laptop","Cek laptop, setting location agar on dan time ke 24 jam","NULL","2025-08-27","2397","2025-08-27 11:27:07.320","NULL","NULL","NULL",0,"NULL","NULL","NULL"
4186,"0001-925","2435-COMP-NB-ICT-PTRE-25","Tolong untuk installkan revit 2025 atau versi yang terbaru, karena data dari freeport tidak bisa di buka di versi 2023","2 jam, instalasi software revit 2025 dan maintenance storage laptop","0","2025-09-02","2402","2025-09-02 10:16:50.197","NULL","NULL","NULL",0,"NULL","NULL","NULL"
4187,"0007-925","01668 COMP-DSK-ICT-PTRE-19","Tidak bisa login akun Staadpro, dan minta install RAM dan Staad Foundation","Cek PC dan Laptop, uninstall Bentley Connect Client di laptop dan PC, download Bentley Connect Client, Install Bentley Connect Client di PC dan Laptop","NULL","2025-09-02","2408","2025-09-02 14:23:27.620","NULL","NULL","NULL",0,"NULL","NULL","NULL"
4188,"0011-925","01757 COMP-NB-ICT-PTRE-19","Dengan hormatMohon bantuannya untuk di aktifkan VPN di laptop saya.Terima kasihSalam,Suryanto","Install VPN Forticlient dan setting akun","NULL","2025-09-03","2412","2025-09-03 09:02:21.240","NULL","NULL","NULL",0,"NULL","NULL","NULL"
4189,"0010-925","2324-COMP-NB-ICT-PTRE-24","untuk mengupdate manprore dan mengisi Invoice lewat manprore","Download dan install Forticlient, tunggu pembuatan akun AD oleh Faisal, setting akun","NULL","2025-09-03","2411","2025-09-03 11:43:42.297","NULL","NULL","NULL",0,"NULL","NULL","NULL"
4190,"0012-925","01328-COMP-WORK-ICT-PTRE-15","Software eror install Autocad plant 3D 2024 &amp; 2021","Uninstall Autocad plant 3D 2021 dan 2023, hapus data, Install autocad plant 3D 2021 dan plant 3D 2024, setting akses data ke PC Zanuar","NULL","2025-09-03","2413","2025-09-03 17:15:05.663","NULL","NULL","NULL",0,"NULL","NULL","NULL"
4191,"0019-925","2179-COMP-NB-ICT-PTRE-21","By Maulana IFS","Cek laptop, ga bisa konek ke projector, uninstall VGA, install ulang VGA intel","NULL","2025-09-03","2420","2025-09-03 17:17:13.600","NULL","NULL","NULL",0,"NULL","NULL","NULL"
4192,"0016-925","2120-COMP-NB-ICT-PTRE-21","belum bisa sign in staad pro","Cek laptop, uninstall Bentley Connect Client, download dan Install ulang Bentley Connect Client, update Staad Pro ke versi terbaru","NULL","2025-09-04","2417","2025-09-04 09:16:33.307","NULL","NULL","NULL",0,"NULL","NULL","NULL"
4193,"0017-925","2454-COMP-NB-ICT-PTRE-25","Dear Tim IT,mohon bantuannya untuk cek dan solving aplikasi adobe reader pdf laptop saya yang not responding.terima kasihsalam,Putra bagian pajak RE","Cek laptop, uninstall adobe reader CS, bersihkan file/folder adobe yang lama, download dan install adobe yang sesuai dengan rekomendasi dirjen pajak","NULL","2025-09-04","2418","2025-09-04 09:23:22.560","NULL","NULL","NULL",0,"NULL","NULL","NULL"
4194,"0020-925","2349-COMP-NB-ICT-PTRE-24","staadnya gabisa dibuka, Kayaknya harus update Bentley connect nya dulu","Cek laptop, uninstall Bentley Connect Client, download dan Install ulang Bentley Connect Client, update Staad Pro ke versi terbaru","NULL","2025-09-04","2421","2025-09-04 09:24:05.833","NULL","NULL","NULL",0,"NULL","NULL","NULL"
4195,"0021-925","2166-COMP-NB-ICT-PTRE-21","Install ulang anydesk","Cek Laptop, Uninstall anydesk, hapus folder anydesk di Windows, Install anydesk versi 7","NULL","2025-09-04","2422","2025-09-04 09:25:13.400","NULL","NULL","NULL",0,"NULL","NULL","NULL"
4196,"0022-925","01995 COMP-NB-ICT-PTRE-19","Setting print ke printer civil","Download Driver Printer FujiXerox DocuCentre c3065, Install driver dan setting printer","NULL","2025-09-04","2423","2025-09-04 09:28:24.960","NULL","NULL","NULL",0,"NULL","NULL","NULL"
4197,"0023-925","01997 COMP-NB-ICT-PTRE-19","info dari project Salak 7, diminta laptop untuk install one drive for desktop agar bisa akses folder project Salak 7","Remote laptop, download dan install OneDrive, sign in dan setting onedrive","NULL","2025-09-04","2424","2025-09-04 09:29:40.760","NULL","NULL","NULL",0,"NULL","NULL","NULL"
4198,"0024-925","02083-COMP-NB-ICT-PTRE-20","Permintaan ganti baterai laptop","Penggantian baterai laptop","750000","2025-09-04","2425","2025-09-04 13:53:32.997","NULL","NULL","NULL",0,"NULL","NULL","NULL"
4199,"0033-925","2331-COMP-NB-ICT-PTRE-24","Dear Tim ITUntuk outlook saya saat kirim email tidak bisa karena size limit. Tolong untuk di kondisikan normal lagi","Cek email, ga bisa create rules dianggap sudah penuh terus,  cek kapasitas hardisk, masih ada space, cek kapasitas / kuota email, masih ada space, buat data email baru","NULL","2025-09-09","2434","2025-09-09 11:19:59.807","NULL","NULL","NULL",0,"NULL","NULL","NULL"
4200,"0035-925","2408-COMP-NB-ICT-PTRE-24","Mohon bantuannya anydesck yang digunakan ada limitnya ","Cek Ayndesk, uninstall anydesk, hapus folder anydesk di drive C install ulang anydesk versi 7","NULL","2025-09-09","2436","2025-09-09 16:43:28.550","NULL","NULL","NULL",0,"NULL","NULL","NULL"
4201,"0030-925","01886 COMP-NB-ICT-PTRE-19","Laptop mati tak lama setelah dicabut cas nya. padahal masih penuh baterai. makanya laptop harus dicas terus kalo mau hidup. kalo dicas terus takut bocor baterainya. Kalo gak dicabut kadang malah lemot laptopnya","pengecekan baterai dan laptop","0","2025-09-09","2431","2025-09-09 17:04:34.720","NULL","NULL","NULL",0,"NULL","NULL","NULL"
4202,"0037-925","01668 COMP-DSK-ICT-PTRE-19","Minta tolong bantu install software di laptop kantor. Terimasih","Download dan Install Calcpad, Install Visual Studio","NULL","2025-09-10","2438","2025-09-10 09:53:28.377","NULL","NULL","NULL",0,"NULL","NULL","NULL"
4203,"0038-925","2112-COMP-NB-ICT-PTRE-21","Staad pro tidak bisa dibuka","remote laptop, uninstall Bentley Connect Client, download dan Installl Bentley Connect Client, Update Staad Pro","NULL","2025-09-10","2439","2025-09-10 14:20:59.780","NULL","NULL","NULL",0,"NULL","NULL","NULL"
4204,"0034-925","2296-COMP-NB-ICT-PTRE-23","Install VPN Untuk Akses REIS","1 jam, maintenance software vpn","0","2025-09-10","2435","2025-09-10 15:56:57.057","NULL","NULL","NULL",0,"NULL","NULL","NULL"
4205,"0041-925","2412-COMP-NB-ICT-PTRE-24","Anydesk error","Uninstalled Anydesk, hapus semua folder Anydesk di C, install Anydesk versi 7","NULL","2025-09-11","2442","2025-09-11 09:48:05.417","NULL","NULL","NULL",0,"NULL","NULL","NULL"
4206,"0044-925","01668 COMP-DSK-ICT-PTRE-19","Install Software Viewer DWG","Install DWG TrueView","NULL","2025-09-11","2445","2025-09-11 16:01:09.330","NULL","NULL","NULL",0,"NULL","NULL","NULL"
4207,"0045-925","2455-COMP-DESK-ICT-PTRE-25","Install Navis Manage Lates","Install Navis manage 2024","NULL","2025-09-11","2446","2025-09-11 16:01:46.940","NULL","NULL","NULL",0,"NULL","NULL","NULL"
4208,"0047-925","2409-COMP-NB-ICT-PTRE-24","Minta tolong memperbaiki kendala dengan software anydesk untuk keperluan projek.","Cek Laptop, uninstall Anydesk, hapus folder anydesk di drive C, install anydesk versi 7","NULL","2025-09-12","2448","2025-09-12 10:52:56.500","NULL","NULL","NULL",0,"NULL","NULL","NULL"
4209,"0047-925","2409-COMP-NB-ICT-PTRE-24","Minta tolong memperbaiki kendala dengan software anydesk untuk keperluan projek.","Cek Laptop, uninstall Anydesk, hapus folder anydesk di drive C, install anydesk versi 7","NULL","2025-09-12","2448","2025-09-12 10:52:56.703","NULL","NULL","NULL",0,"NULL","NULL","NULL"
4210,"0053-925","01757 COMP-NB-ICT-PTRE-19","Dh,Mohon bantuannya untuk setting laptop agar bisa print pdf dari outlook terima kasih","Download dan Install Driver Printer","NULL","2025-09-15","2455","2025-09-15 16:42:41.133","NULL","NULL","NULL",0,"NULL","NULL","NULL"
4211,"0051-925","2375-COMP-NB-ICT-PTRE-24","Drive C penuh, minta install ulang aja","Backup data, Install ulang laptop dan install aplikasi yang digunakan","NULL","2025-09-15","2453","2025-09-15 16:44:24.380","NULL","NULL","NULL",0,"NULL","NULL","NULL"
4212,"0055-925","2323-COMP-NB-ICT-PTRE-24","Error printer warna","Cek Printer, cek laptop, hapus dan install ulang driver Printer, restart printer","NULL","2025-09-16","2457","2025-09-16 17:23:18.543","NULL","NULL","NULL",0,"NULL","NULL","NULL"
4213,"0054-925","01897 COMP-DSK-ICT-PTRE-19","Updatekan Windows 10 ke 11 PC AryaGepa (jangan Inul tapi ya, Soalnya Komunikasian Server PowerBi) (Anydesk:1654125375) (pw-any:engineering!@#$) (pw-win:gepatre)","Cek PC, update windows, masuk bios aktifkan TPM, update windows kembali","NULL","2025-09-16","2456","2025-09-16 17:31:29.053","NULL","NULL","NULL",0,"NULL","NULL","NULL"
4214,"0057-925","01599 COMP-DSK-ICT-PTRE-18","Hardisc C sudah full, sehingga untuk menjalankan aplikasi komputer jadi stuck.","remote PC, tambahkan kapasitas Drive C untuk database dan update date time serta region secara automatis","NULL","2025-09-17","2459","2025-09-17 10:15:03.373","NULL","NULL","NULL",0,"NULL","NULL","NULL"
4215,"0058-925","01774 COMP-DSK-ICT-PTRE-19","Dh,Mohon di bantu Install navis freedom.Terima Kasih,Muhammad Iqbal Maulana","download dan Install Navis Freedom dan Manage","NULL","2025-09-17","2460","2025-09-17 16:05:35.237","NULL","NULL","NULL",0,"NULL","NULL","NULL"
4216,"0064-925","2140-COMP-NB-ICT-PTRE-21","Pergantian layar laptop rusak acer nitro 5","Perbaikan LCD laptop","900000","2025-09-19","2466","2025-09-19 13:53:08.330","NULL","NULL","NULL",0,"NULL","NULL","NULL"
4217,"0066-925","01909 COMP-DSK-ICT-PTRE-19","No Internet","Cek PC, uninstall driver WiFi Install kembali Driver WiFi","NULL","2025-09-22","2468","2025-09-22 09:58:37.980","NULL","NULL","NULL",0,"NULL","NULL","NULL"
4218,"0067-925","2161-COMP-NB-ICT-PTRE-21","Install chrome agar dapat memisahkan apliklasi untuk penelusuran dan mengganti bahasa microsoft 365 ke bahasa inggris agar lebih terbiasa","Cek Office, ganti bahasa ke Inggris, gagal, ganti bahasa windows ke Inggris, tetap gagal, cek control panel office terinstall bahasa Indonesia, uninstall dan Download office english, Install Office 365 Engilish, download dan install Chrome","NULL","2025-09-22","2469","2025-09-22 14:04:11.767","NULL","NULL","NULL",0,"NULL","NULL","NULL"
4219,"0070-925","2369-COMP-NB-ICT-PTRE-24","Mas Tata / Mas Riki minta tolong dicek koneksi printer dan laptop saya, belum disetting yang baru sepertinya","Instalasi software printer di ruang PPC","0","2025-09-23","2472","2025-09-23 14:14:14.663","NULL","NULL","NULL",0,"NULL","NULL","NULL"
4220,"0069-925","2324-COMP-NB-ICT-PTRE-24","untuk keperluan verifikasi progress dan document","Kasih lisensi office 365, uninstall office 2016, download dan install office 365 , setting email-nya","NULL","2025-09-23","2471","2025-09-23 14:31:36.603","NULL","NULL","NULL",0,"NULL","NULL","NULL"
4221,"0077-925","01874 COMP-NB-ICT-PTRE-19","Permintaan setup laptop lama untuk dipakai kembali bekerja","Reinstall windows, setup software dan maintenance hardware","0","2025-09-25","2479","2025-09-25 18:14:18.593","NULL","NULL","NULL",0,"NULL","NULL","NULL"
4222,"0078-925","2375-COMP-NB-ICT-PTRE-24","Minta tolong untuk laptop saya :setting printer di lt 3 ruang civilinstall autodesk robot structural analysissoftware one drive blm normal.","2 Jam, Install Autocad Robot, Install PDF dan setting printer","NULL","2025-09-26","2480","2025-09-26 16:55:52.307","NULL","NULL","NULL",0,"NULL","NULL","NULL"
4223,"0052-925","2320-COMP-NB-ICT-PTRE-24","Ada tulisan disconnected pada email. Mohon untuk dicek.","Cek settingan email, hapus email dan setting ulang","NULL","2025-09-26","2454","2025-09-26 16:57:33.860","NULL","NULL","NULL",0,"NULL","NULL","NULL"
4224,"0084-925","2355-COMP-NB-ICT-PTRE-24","Any desk perlu diinstall ulang karena sudah terkena limit pemakaain seshingga menghitung dari 1000 ke 0 setiap kali dibuka","Reinstall software anydesk untuk remote","0","2025-09-29","2486","2025-09-29 11:07:00.390","NULL","NULL","NULL",0,"NULL","NULL","NULL"
4225,"0082-925","01996 COMP-NB-ICT-PTRE-19","Tolong dapat di aktifkan kembali penggunaan aplikasi staad pada perangkat yang telah disediakan","Remote laptop, cek koneksi, uninstall bentley connect, installl bentley connect, install staad pro","NULL","2025-09-29","2484","2025-09-29 12:56:51.793","NULL","NULL","NULL",0,"NULL","NULL","NULL"
4226,"0085-925","2351-COMP-NB-ICT-PTRE-24","Reinstal mail merger tool","cek laptop, uninstall mail merge, hapus folder mapilab, install mail merge","NULL","2025-09-29","2487","2025-09-29 15:49:53.963","NULL","NULL","NULL",0,"NULL","NULL","NULL"
4227,"0089-925","2414-COMP-NB-ICT-PTRE-24","Karena ada iklan saat membukanya","1 jam, Uninstall Anydesk, hapus semua folder anydesk, install ulang anydesk 7","NULL","2025-09-30","2491","2025-09-30 14:17:24.597","NULL","NULL","NULL",0,"NULL","NULL","NULL"
4228,"0087-925","02102-COMP-NB-ICT-PTRE-21","Mohon bantuannya untuk install ulang software anydesk karena hanya bisa mengakses maksimal 5 menit.","1 jam, Uninstall Anydesk, hapus semua folder anydesk, install ulang anydesk 7","NULL","2025-09-30","2489","2025-09-30 14:17:53.803","NULL","NULL","NULL",0,"NULL","NULL","NULL"
4229,"0090-925","2301-COMP-NB-ICT-PTRE-23","ingin menggunakan akun office 365 khusus docont","Cek laptop, uninstall office 2016, download dan install Office 365, Akun Docon","NULL","2025-09-30","2492","2025-09-30 16:07:36.650","NULL","NULL","NULL",0,"NULL","NULL","NULL"
4230,"0001-1025","01889 COMP-NB-ICT-PTRE-19","terkait keperluan penggunaan software anydesk yang digunakan untuk mengoperasikan simulasi hysys secara remote dari laptop kantor, terdapat permasalahan pada anydesknya, yaitu ada batas waktu penggunaannya sehingga perlu bantuan terkait permasalahan tersebut untuk memperlancar pengoperasian simulasi hysys","1 jam, Uninstall Anydesk, Delete Folder anydesk di drive C, install anydesk versi 7","NULL","2025-10-01","2494","2025-10-01 15:09:34.217","NULL","NULL","NULL",0,"NULL","NULL","NULL"
4231,"0003-1025","2301-COMP-NB-ICT-PTRE-23","Ingin akses server docont","1 Jam, Cek laptop, disconnect server, connect ulang masuk server Docon dan Project","NULL","2025-10-01","2496","2025-10-01 15:10:51.520","NULL","NULL","NULL",0,"NULL","NULL","NULL"
4232,"0002-1025","02084-COMP-NB-ICT-PTRE-20","koneksi internet tidak stabil meeting online trganggu","1 Jam, forget WiFi dan Konek ulang","NULL","2025-10-01","2495","2025-10-01 17:11:17.123","NULL","NULL","NULL",0,"NULL","NULL","NULL"
4233,"0007-1025","01451-COMP-NB-ICT-PTRE-17","Permintaan set up laptop untuk bekerja di HO","Setup software dan maintenance software lama, create user baru dan update OS","0","2025-10-06","2500","2025-10-06 09:12:07.930","NULL","NULL","NULL",0,"NULL","NULL","NULL"
4234,"0008-1025","2210-COMP-NB-ICT-PTRE-22","Repair laptop blank saat sudah dimasukan password ","troubleshoot software laptop","0","2025-10-06","2501","2025-10-06 13:24:06.300","NULL","NULL","NULL",0,"NULL","NULL","NULL"
4235,"0009-1025","01903 COMP-DSK-ICT-PTRE-19","Windows 10 upgrade windows 11 ","Maintenance OS","0","2025-10-06","2502","2025-10-06 13:24:49.310","NULL","NULL","NULL",0,"NULL","NULL","NULL"
4236,"0010-1025","01985 COMP-DSK-ICT-PTRE-19","Upgrade Windows","Update OS dan maintenance","0","2025-10-06","2503","2025-10-06 13:25:22.573","NULL","NULL","NULL",0,"NULL","NULL","NULL"
4237,"0015-1025","2114-COMP-NB-ICT-PTRE-21","Laptop mengalami kendala panas, kipas bunyi kencang. Dan anydesk tidak ada licene di update terbaru","Troubleshoot application high CPU di windows","0","2025-10-07","2508","2025-10-07 16:34:08.453","NULL","NULL","NULL",0,"NULL","NULL","NULL"
4238,"0017-1025","01055-COMP-WORK-ICT-PTRE-13","Anydesk tidak berfungsi. mohon dibantu untuk tim IT","Reinstall software anydesk","0","2025-10-08","2510","2025-10-08 10:23:14.277","NULL","NULL","NULL",0,"NULL","NULL","NULL"
4239,"0020-1025","2159-COMP-NB-ICT-PTRE-21","anydesk problem","Reinstall dan hapus Appdata Anydesk","0","2025-10-08","2513","2025-10-08 14:11:40.830","NULL","NULL","NULL",0,"NULL","NULL","NULL"
4240,"0012-1025","01451-COMP-NB-ICT-PTRE-17","Dear Team IT,Mohon dibantu link ke one drive-nya HRM untuk keperluan akses share folder.Terima kasihMonika","Mapping one drive milik HRM","0","2025-10-09","2505","2025-10-09 14:55:09.780","NULL","NULL","NULL",0,"NULL","NULL","NULL"
4241,"0004-1025","01950 COMP-DSK-ICT-PTRE-19","sudah 3 hari koneksi internet sangat lambat, apakah jaringanya yang lambat/ wifi reciver komputer yang bermasalah?","2 jam, cek WiFi Piping di depan pak Herun, WiFi mati, minta tolong Faisal untuk reset dan sambungkan kembali WiFi","NULL","2025-10-09","2497","2025-10-09 17:03:55.080","NULL","NULL","NULL",0,"NULL","NULL","NULL"
4242,"0005-1025","01774 COMP-DSK-ICT-PTRE-19","Dh Team IT,Tolong di bantu perbaiki internet saya lola sekali.Terima Kasih,Muhammad Iqbal Maulana","1 Jam, cek settingan WiFi , hapus dan Install ulang driver WiFi","NULL","2025-10-09","2498","2025-10-09 17:04:54.770","NULL","NULL","NULL",0,"NULL","NULL","NULL"
4243,"0006-1025","2435-COMP-NB-ICT-PTRE-25","tolong bantunnya untuk jaringan internet kantor, karena dari minggu lalu sampai dengan sekarang  internet di kantor tidak stabil, dan pekerjaan menjadi terhambat, dan untuk PC atau pun laptop tidak bisa mengirim file dan meng coppy file lewat flashdisk jadi agak susah untuk mengirim data dan meeting online.","1 Jam, cek WiFi, forget WiFi, hapus driver WiFi dan Install Driver WiFi","NULL","2025-10-09","2499","2025-10-09 17:05:49.097","NULL","NULL","NULL",0,"NULL","NULL","NULL"
4244,"0006-1025","2435-COMP-NB-ICT-PTRE-25","tolong bantunnya untuk jaringan internet kantor, karena dari minggu lalu sampai dengan sekarang  internet di kantor tidak stabil, dan pekerjaan menjadi terhambat, dan untuk PC atau pun laptop tidak bisa mengirim file dan meng coppy file lewat flashdisk jadi agak susah untuk mengirim data dan meeting online.","1 Jam, cek WiFi, forget WiFi, hapus driver WiFi dan Install Driver WiFi","NULL","2025-10-09","2499","2025-10-09 17:05:49.290","NULL","NULL","NULL",0,"NULL","NULL","NULL"
4245,"0014-1025","01668 COMP-DSK-ICT-PTRE-19","Minta tolong install Plaxis dan Visual Studio Code","3 Jam. konsultasi dengan Fajar, Cek lisensi Plaxis 2D yang ternyata menggunakan/membaca user dan machine ketika running plaxis, untuk bulan ini 3 user / PC saja jadi wildan ga di install plaxis 2D advanced","NULL","2025-10-09","2507","2025-10-09 17:07:58.657","NULL","NULL","NULL",0,"NULL","NULL","NULL"
4246,"0024-1025","02070-COMP-NB-ICT-PTRE-20","Install Figma Laptop ke-2","30 menit. install figma di laptop","0","2025-10-13","2517","2025-10-13 08:27:56.423","NULL","NULL","NULL",0,"NULL","NULL","NULL"
4247,"0023-1025","02070-COMP-NB-ICT-PTRE-20","Install Aplikasi Figma","30 menit, install figma di laptop","0","2025-10-13","2516","2025-10-13 08:29:43.957","NULL","NULL","NULL",0,"NULL","NULL","NULL"
4248,"0028-1025","2358-COMP-NB-ICT-PTRE-24","muncul iklan di anydesk","Uninstall Anydesk, hapus Folder Anydesk di Drive C, Install ulang Anydesk 7","NULL","2025-10-13","2521","2025-10-13 15:29:28.820","NULL","NULL","NULL",0,"NULL","NULL","NULL"
4249,"0029-1025","2276-COMP-NB-ICT-PTRE-23","Anydesk muncul iklan 100 detik","Uninstall Anydesk, Hapus folder anydesk di drive C, Install Anydesk versi 7","NULL","2025-10-13","2522","2025-10-13 16:38:25.313","NULL","NULL","NULL",0,"NULL","NULL","NULL"
4250,"0026-1025","01557 COMP-DSK-ICT-PTRE-18","PC tidak bisa login","5 jam, Backup data, reinstall windows, pengecekan hardware, restore data dan instalasi software","0","2025-10-14","2519","2025-10-14 07:09:42.510","NULL","NULL","NULL",0,"NULL","NULL","NULL"
4251,"0031-1025","2408-COMP-NB-ICT-PTRE-24","Punten pak anydesk saya ada limit lagi, minta tolong ya pak, terima kasih","1 Jam, Uninstall Anydesk, hapus Filder Anydesk di Drive C install anydesk versi 7","NULL","2025-10-15","2524","2025-10-15 09:20:58.613","NULL","NULL","NULL",0,"NULL","NULL","NULL"
4252,"0034-1025","01501-COMP-NB-ICT-PTRE-18","Dear IT Team,Mohon bantuannya,.Autocad tidak bisa dibukaakun sudah Sign In tapi tidak bisa masukTerimakasih","cek PC, cek autocad 2025 gagal sign in, lisensi error, download software lisensi support tools, set lisensi ke user, restart PC dan sign in autocad kembali","NULL","2025-10-15","2527","2025-10-15 11:50:56.027","NULL","NULL","NULL",0,"NULL","NULL","NULL"
4253,"0035-1025","2351-COMP-NB-ICT-PTRE-24","Mas Tata tolong ya kaya biasa.","Cek Laptop, Uninstall Mail Merge, Hapus folder Mapilab, Install ulang mail merge, aktifkan mail merge di addin word option","NULL","2025-10-15","2528","2025-10-15 16:04:02.570","NULL","NULL","NULL",0,"NULL","NULL","NULL"
4254,"0036-1025","2322-COMP-NB-ICT-PTRE-0324","Laptop otomatis restart","Cek Laptop, cek windows update, update firmware laptop","NULL","2025-10-15","2529","2025-10-15 16:05:54.863","NULL","NULL","NULL",0,"NULL","NULL","NULL"
4255,"0039-1025","2148-COMP-NB-ICT-PTRE-21","Minta tolong diinstalkan PDF Gear untuk review dokumen","1 jam, maintenance software","0","2025-10-17","2532","2025-10-17 09:15:02.387","NULL","NULL","NULL",0,"NULL","NULL","NULL"
4256,"0041-1025","2276-COMP-NB-ICT-PTRE-23","Anydesk blm selesai instal","1 Jam, Install anydesk versi 7","NULL","2025-10-20","2534","2025-10-20 08:56:02.650","NULL","NULL","NULL",0,"NULL","NULL","NULL"
4257,"0043-1025","01887 COMP-NB-ICT-PTRE-19","untuk diInstall kan anydesk","Reinstall software anydesk ke versi 7","0","2025-10-20","2536","2025-10-20 09:46:25.263","NULL","NULL","NULL",0,"NULL","NULL","NULL"
4258,"0045-1025","01918 COMP-NB-ICT-PTRE-19","muncul warning","Cek laptop, update lisensi office ke 365","NULL","2025-10-20","2538","2025-10-20 12:40:55.337","NULL","NULL","NULL",0,"NULL","NULL","NULL"
4259,"0047-1025","2128-COMP-NB-ICT-PTRE-21","Layar laptop sempat mati dan menyala berulang kali, serta mengalami lag.","cek laptop, update windows dan install driver VGA","NULL","2025-10-20","2540","2025-10-20 15:07:29.377","NULL","NULL","NULL",0,"NULL","NULL","NULL"
4260,"0049-1025","2355-COMP-NB-ICT-PTRE-24","Dengan Hormat,Dengan adanya keperluan pembuatan dan editing sketch dengan Autocad Mechanical 2D Rigging Plan untuk project DED Revalidasi Additional Fire Water Pump at CGS-01 dan CGS-10 danPersiapan project NPK PKC-Rekind, dengan ini saya :Nama : Tri Kurniawan              Divisi  : Mechanical Engineering              Nomor Laptop : 2355 COMP-NB-ICT-PTRE-24Me-request untuk dapat di-install-kan pada laptop tersebut Autocad Mechanical 2D.Demikian sebelumnya disampaikan terimakasih.Best Regards,Tri Kurniawan","2 jam. create akun autodesk dan install autocad","NULL","2025-10-21","2542","2025-10-21 11:42:39.700","NULL","NULL","NULL",0,"NULL","NULL","NULL"
4261,"0050-1025","2350-COMP-NB-ICT-PTRE-24","Staadpro tidak bisa dibuka, connection client tidak bisa login","1 Jam, uninstall bentley connect, download dan install bentley connect terbaru","NULL","2025-10-21","2543","2025-10-21 11:43:36.673","NULL","NULL","NULL",0,"NULL","NULL","NULL"
4262,"0054-1025","2304-COMP-NB-ICT-PTRE-23","Kepada YthTeam ITDi TempatMinta tolong laptop kantor Saya diberikan akses untuk konektivitas ke mesin foto copyTerima kasih","1 jam, maintenance software printer ppc","0","2025-10-22","2547","2025-10-22 16:34:42.830","NULL","NULL","NULL",0,"NULL","NULL","NULL"
4263,"0058-1025","01644 COMP-NB-ICT-PTRE-18","Install Software","Install Caesar II V 13","NULL","2025-10-23","2551","2025-10-23 17:15:35.160","NULL","NULL","NULL",0,"NULL","NULL","NULL"
4264,"0059-1025","01995 COMP-NB-ICT-PTRE-19","Jadi ga bisa apa-apa","cek Drive C, hapus data yang tidak di perlukan","NULL","2025-10-24","2552","2025-10-24 09:29:37.813","NULL","NULL","NULL",0,"NULL","NULL","NULL"
4265,"0060-1025","2127-COMP-NB-ICT-PTRE-21","setting printer","1 Jam, Install Mail Merge dan Install Printer, setting untuk scanner langsung ke laptop","NULL","2025-10-27","2553","2025-10-27 09:07:27.317","NULL","NULL","NULL",0,"NULL","NULL","NULL"
4266,"0062-1025","01717 COMP-DSK-ICT-PTRE-19","mohon dibantu mas, pc tidak bisa nyala dari pagiterima kasih","1 jam, perbaikan hardware yang terjadi freeze saat melakukan bootup","0","2025-10-28","2555","2025-10-28 10:09:44.473","NULL","NULL","NULL",0,"NULL","NULL","NULL"
4267,"0063-1025","2414-COMP-NB-ICT-PTRE-24","Install ulang anydesk karena muncul iklan","cek anydesk, uninstall anydesk, hapus folder anydesk di drive C install ulang anydesk","NULL","2025-10-28","2556","2025-10-28 10:40:14.753","NULL","NULL","NULL",0,"NULL","NULL","NULL"
4268,"0065-1025","2021 COMP-NB-ICT-PTRE-20","Laptop bermasalah saat dinyalakan","1 jam, bongkar laptop dan troubleshooting hardware","0","2025-10-29","2558","2025-10-29 14:06:08.967","NULL","NULL","NULL",0,"NULL","NULL","NULL"
4269,"0057-1025","2216-COMP-NB-ICT-PTRE-22","Sehubungan dengan akan dimulainya proyek EPC Dieng Unit yang mana untuk DED nanti Sebagian dikerjakan oleh RE, mohon jika memungkinkan Laptop saya untuk diinstall AutoCAD.Info dari JO Timas-RE, nanti saya akan diplot sebagai Deputy PEM ke CFE. Yang mana oleh PEM diberikan tugas untuk mengawal pekerjaan di Area SAGS dan Wellpad.","2 Jam, Create akun autodesk, install autocad 2023, sign in untuk lisensi nya","NULL","2025-10-30","2550","2025-10-30 09:39:11.143","NULL","NULL","NULL",0,"NULL","NULL","NULL"
4270,"0064-1025","2323-COMP-NB-ICT-PTRE-24","Jaringan di ruang Dir keu","Cek laptop, connect ke REAP, stand by sampai selesai meeting teams dengan pertamina","NULL","2025-10-30","2557","2025-10-30 09:40:46.980","NULL","NULL","NULL",0,"NULL","NULL","NULL"
4271,"0068-1025","2351-COMP-NB-ICT-PTRE-24","Instal mail merger tool","1 jam, uninstall mail merge, hapus folder mapilab di drive c dan install ulang mail merge","NULL","2025-10-30","2561","2025-10-30 09:42:02.107","NULL","NULL","NULL",0,"NULL","NULL","NULL"
4272,"0073-1025","01886 COMP-NB-ICT-PTRE-19","Anydesk udah sampai loading 1000 detik sejak tahun lalu","1 Jam, uninstall anydesk, hapus folder anydesk di drive C, install anydesk versi 7","NULL","2025-10-30","2566","2025-10-30 14:48:34.053","NULL","NULL","NULL",0,"NULL","NULL","NULL"
4273,"0067-1025","2411-COMP-NB-ICT-PTRE-24","Laptop kantor tidak bisa menyala, namun indikator capslock, USB, dan kipasnya menyala","Cek laptop, lampu indikator power kedip-kedip terus, bongkar laptop cabut power baterai tetap kedip, pasang kembali power baterai, tetap kedip, cas laptop sampai full dan update windows laptop","NULL","2025-10-30","2560","2025-10-30 14:50:31.203","NULL","NULL","NULL",0,"NULL","NULL","NULL"
4274,"0071-1025","2140-COMP-NB-ICT-PTRE-21","Setting agar laptop bisa menggunakkan printer","30 menit, troubleshoot software printer di laptop","0","2025-10-31","2564","2025-10-31 13:54:09.087","NULL","NULL","NULL",0,"NULL","NULL","NULL"
4275,"0076-1025","2352-COMP-NB-ICT-PTRE-24","windows tidak teraktivasicharger kadang masuk kadang tidakoffice tidak teraktivasitidak bisa terima dan kirim emailtidak bisa konek wifi reap lantai 1 dan mechanical","Perbaikan software dan charger laptop, serta reinstall license ms office 2016","0","2025-11-03","2569","2025-11-03 13:45:13.213","NULL","NULL","NULL",0,"NULL","NULL","NULL"
4276,"0079-1025","2304-COMP-NB-ICT-PTRE-23","Permintaan setup laptop untuk kerja","Instalasi software dan setup user baru di laptop ppc","0","2025-11-03","2572","2025-11-03 13:49:23.497","NULL","NULL","NULL",0,"NULL","NULL","NULL"
4277,"0012-1125","2338-COMP-NB-ICT-PTRE-24","Perlu navis works untuk pengecekan 3D ","1 jam, install Naviswork Freedom","NULL","2025-11-04","2589","2025-11-04 17:18:28.600","NULL","NULL","NULL",0,"NULL","NULL","NULL"
4278,"0011-1125","2411-COMP-NB-ICT-PTRE-24","Setiap membuka anydesk ada iklan selama 999 detik. Mohon bantuannya untuk diinstalkan ulang anydesknyaaTerima kasiih","1 Jam, Uninstall anydesk, hapus folder anydesk di drive C, install ulang anydesk versi 7","NULL","2025-11-04","2588","2025-11-04 17:19:47.167","NULL","NULL","NULL",0,"NULL","NULL","NULL"
4279,"0005-1125","01806 COMP-DSK-ICT-PTRE-19","mohon dibantu di pc saya yg ada di ruang PIPING","2 jam, pengubahan booting dari hdd ke ssd. lalu backup dan format hdd","0","2025-11-06","2582","2025-11-06 09:05:33.443","NULL","NULL","NULL",0,"NULL","NULL","NULL"
4280,"0002-1125","2320-COMP-NB-ICT-PTRE-24","Tambahkan email lawas ke dalam outlook.Aktivasi akun microsoft 365.","Cek laptop, copy data email lama dari HDD ext ke Hardisk laptop, setting/tambahkan data terserbut ke outlook","NULL","2025-11-07","2578","2025-11-07 15:53:12.530","NULL","NULL","NULL",0,"NULL","NULL","NULL"
4281,"0008-1125","2211-COMP-NB-ICT-PTRE-22","setting one drive &amp; VPN","1 jam, Maintenance software VPN dan Onedrive","0","2025-11-08","2585","2025-11-08 13:28:12.447","NULL","NULL","NULL",0,"NULL","NULL","NULL"
4282,"0013-1125","01569 COMP-DSK-ICT-PTRE-18","CPU tidak bisa ""ON"" kemungkinan power supply error","2 jam, Perbaikan power supply pc dell instrument","0","2025-11-08","2590","2025-11-08 13:28:50.823","NULL","NULL","NULL",0,"NULL","NULL","NULL"
4283,"0018-1125","01757 COMP-NB-ICT-PTRE-19","PDF GEAR tidak bisa dipakai untuk e-signed, setelah e-signed.. maka e-signed orang sebelumnya hilang/ ke dhidden","1 jam, troubleshooting software PDF","0","2025-11-08","2595","2025-11-08 13:30:58.057","NULL","NULL","NULL",0,"NULL","NULL","NULL"
4284,"0023-1125","2447-COMP-NB-ICT-PTRE-25","Tidak bisa buka file drawing","Install software DWG Trueview 2025 di laptop","0","2025-11-10","2600","2025-11-10 13:53:55.787","NULL","NULL","NULL",0,"NULL","NULL","NULL"
4285,"0021-1125","02102-COMP-NB-ICT-PTRE-21","mohon dibantu untuk dibersihkan keyboard karena tombol berat saat dipencet. terlampir area tombol yang bermasalah","3 jam, perbaikan keyboard yang terkena jus","0","2025-11-11","2598","2025-11-11 10:12:35.520","NULL","NULL","NULL",0,"NULL","NULL","NULL"
4286,"0024-1125","01487-COMP-NB-ICT-PTRE-18","yth IFS,pagi ini layar laptop saya mati. mohon bantuannya untuk diperbaiki.sementara ini, saya bekerja dengan meng-connect laptop ke layar besar. bisa keluar gambarnya.tapi yang di laptop tetap mati.terima kasihrimbo","2 jam, perbaikan LCD laptop","0","2025-11-12","2601","2025-11-12 20:46:12.450","NULL","NULL","NULL",0,"NULL","NULL","NULL"
4287,"0026-1125","2166-COMP-NB-ICT-PTRE-21","Mohon bantuannya untuk install ulang anydesk","1 jam, reinstall anydesk","0","2025-11-12","2603","2025-11-12 20:46:49.120","NULL","NULL","NULL",0,"NULL","NULL","NULL"
4288,"0027-1125","2323-COMP-NB-ICT-PTRE-24","Setting printer ","1 jam, instalasi printer finance","0","2025-11-12","2604","2025-11-12 20:47:24.293","NULL","NULL","NULL",0,"NULL","NULL","NULL"
4289,"0031-1125","2408-COMP-NB-ICT-PTRE-24","Mohon maaf pak/bu minta bantuannya untuk mengupdate anydesk karena sudah terkena limit, terima kasih","1 Jam, Uninstall anydesk, hapus folder anydesk di drive C, install anydesk versi 7","NULL","2025-11-17","2608","2025-11-17 09:16:11.073","NULL","NULL","NULL",0,"NULL","NULL","NULL"
4290,"0074-1025","2331-COMP-NB-ICT-PTRE-24","Driver VGA perlu diupdate (Gak bisa presentasi dg kabel HDMI, gak bisa atur brightness laptop)DWG TrueView 2022 - English kadang suka muncul error","2 Jam, Update windows, update driver VGA, fix error DWG true View, besarkan kapasitas drive C","NULL","2025-11-17","2567","2025-11-17 09:30:42.937","NULL","NULL","NULL",0,"NULL","NULL","NULL"
4291,"0047-1125","2110-COMP-NB-ICT-PTRE-21","set up printer baru","Download driver printer, install dan setting printer epson c5000","NULL","2025-11-17","2624","2025-11-17 11:38:11.510","NULL","NULL","NULL",0,"NULL","NULL","NULL"
4292,"0048-1125","2369-COMP-NB-ICT-PTRE-24","Install New Printer ","Download driver printer, install dan setting printer epson c5000","NULL","2025-11-17","2625","2025-11-17 11:38:52.787","NULL","NULL","NULL",0,"NULL","NULL","NULL"
4293,"0049-1125","2211-COMP-NB-ICT-PTRE-22","setting printer neww","Download dan Install Driver Printer epson C5000, setup printer","NULL","2025-11-17","2626","2025-11-17 14:42:10.460","NULL","NULL","NULL",0,"NULL","NULL","NULL"
4294,"0032-1125","2302-COMP-NB-ICT-PTRE-23","mas minta tolong di settingin dong printer baru nya","30 menit, install printer baru","0","2025-11-18","2609","2025-11-18 10:09:22.047","NULL","NULL","NULL",0,"NULL","NULL","NULL"
4295,"0033-1125","2301-COMP-NB-ICT-PTRE-23","membutuhkan koneksi ke printer untuk kebutuhan project","30 menit, install printer baru ppc","0","2025-11-18","2610","2025-11-18 10:09:54.557","NULL","NULL","NULL",0,"NULL","NULL","NULL"
4296,"0035-1125","2210-COMP-NB-ICT-PTRE-22","Install printer baru ke laptop","30 menit, install printer baru ppc","0","2025-11-18","2612","2025-11-18 10:10:29.590","NULL","NULL","NULL",0,"NULL","NULL","NULL"
4297,"0039-1125","01760 COMP-NB-ICT-PTRE-19","Install microsoft office 365","1 jam, install ms 365 di laptop","0","2025-11-18","2616","2025-11-18 10:11:33.630","NULL","NULL","NULL",0,"NULL","NULL","NULL"
4298,"0041-1125","2291-COMP-NB-ICT-PTRE-23","Dear Tim IT,Mohon dibantu untuk melakukan setting printer di ruang Marketing.Terima kasih.","30 menit, install printer baru di marketing","0","2025-11-18","2618","2025-11-18 10:12:55.610","NULL","NULL","NULL",0,"NULL","NULL","NULL"
4299,"0052-1125","2190-COMP-NB-ICT-PTRE-22","Lisensi STAAD Pro tidak bisa login","Uninstall Bentley Connect, download dan install bentley connect terbaru, update staad pro terbaru","NULL","2025-11-18","2629","2025-11-18 17:22:48.527","NULL","NULL","NULL",0,"NULL","NULL","NULL"
4300,"0057-1125","02013 COMP-NB-ICT-PTRE-20","Dear ICT,tolong dibantu untuk install cad viewer di laptop saya dan membenahi instalasi anydesk. Karena terkene limit.Terima kasih","Uninstall anydesk, hapus semua folder drive C, install anydesk versi 7. install DWG True View","NULL","2025-11-18","2634","2025-11-18 17:30:41.047","NULL","NULL","NULL",0,"NULL","NULL","NULL"
4301,"0062-1125","01903 COMP-DSK-ICT-PTRE-19","Minta tolong setting Printer Epson","Download driver printer epson M5500, install dan setting printer","NULL","2025-11-19","2639","2025-11-19 12:13:35.017","NULL","NULL","NULL",0,"NULL","NULL","NULL"
4302,"0064-1125","2368-COMP-NB-ICT-PTRE-24","Untuk membuat Procurement Request","Akun Office 365 - Non License
Display name: Andrico Yoga Pratama
Username: andrico.yuga@re.rekayasa.co.id
Password: PrtmCSS25!#","NULL","2025-11-19","2641","2025-11-19 13:44:42.437","NULL","NULL","NULL",0,"NULL","NULL","NULL"
4303,"0043-1125","2141-COMP-NB-ICT-PTRE-21","Mohon dapat bantu install Driver Printer Marketing yang baru,Terimakasih","Install printer baru","0","2025-11-24","2620","2025-11-24 07:53:09.327","NULL","NULL","NULL",0,"NULL","NULL","NULL"
4304,"0044-1125","2428-COMP-NB-ICT-PTRE-25","Dear ITMohon di bantu utuk instal Driver Printer Terimakasih","Install printer baru","0","2025-11-24","2621","2025-11-24 07:53:42.437","NULL","NULL","NULL",0,"NULL","NULL","NULL"
4305,"0045-1125","2131-COMP-NB-ICT-PTRE-21","Dear P Ricky,Mohon Update untuk Waktu pada Laptop saya karna tidak sesuai dengan waktu sebenarnyaTerima kasihNursamsi","1 jam, update jam dan maintenance software","0","2025-11-24","2622","2025-11-24 07:54:46.907","NULL","NULL","NULL",0,"NULL","NULL","NULL"
4306,"0046-1125","2353-COMP-NB-ICT-PTRE-24","Dengan adanya pergantian mesin printer, mohon dapat di settingkan untuk dapat connect dengan printer yang baru.terima kasih","1 jam, install printer baru","0","2025-11-24","2623","2025-11-24 07:55:52.743","NULL","NULL","NULL",0,"NULL","NULL","NULL"
4307,"0051-1125","2304-COMP-NB-ICT-PTRE-23","Dear Team ITMohon dibantu untuk instalasi printer baru di ruang PPnCThanks","1 jam, install printer baru","0","2025-11-24","2628","2025-11-24 07:56:17.280","NULL","NULL","NULL",0,"NULL","NULL","NULL"
4308,"0055-1125","2372-COMP-NB-ICT-PTRE-24","Install New Printer EPSON PPC","1 jam, install printer baru","0","2025-11-24","2632","2025-11-24 07:57:40.967","NULL","NULL","NULL",0,"NULL","NULL","NULL"
4309,"0056-1125","02103-COMP-NB-ICT-PTRE-21","untuk ngeprint dokumen project STAR ENERGY","1 jam, install printer baru","0","2025-11-24","2633","2025-11-24 07:58:08.840","NULL","NULL","NULL",0,"NULL","NULL","NULL"
4310,"0058-1125","01916 COMP-NB-ICT-PTRE-19","Minta Tolong untuk menyambungkan printer ke laptop","1 jam, install printer baru","0","2025-11-24","2635","2025-11-24 08:06:36.077","NULL","NULL","NULL",0,"NULL","NULL","NULL"
4311,"0067-1125","01725 COMP-DSK-ICT-PTRE-19","Dh,Mohon dibantu untuk bisa mengeprint.Terima Kasih,Muhammad Iqbal Maulana","1 Jam, Download dan Install Driver Printer, setting printer","NULL","2025-11-24","2644","2025-11-24 11:07:18.940","NULL","NULL","NULL",0,"NULL","NULL","NULL"
4312,"0059-1125","01757 COMP-NB-ICT-PTRE-19","dear team ITmohon dibantu laptop saya error tidak masuk windows seperti biasaterima kasih","4 jam, Reinstall software dan windows dan setup laptop","0","2025-11-24","2636","2025-11-24 11:30:22.317","NULL","NULL","NULL",0,"NULL","NULL","NULL"
4313,"0061-1125","2318-COMP-NB-ICT-PTRE-24","DH, Mohon dibantu install connect ke printer dari laptop...untuk kebutuhan mengeprint.Terimakasih,Salam,Untoro","1 jam, Install printer baru PPC","0","2025-11-24","2638","2025-11-24 11:31:45.990","NULL","NULL","NULL",0,"NULL","NULL","NULL"
4314,"0066-1125","2356-COMP-NB-ICT-PTRE-24","dear tim IT, minta tolong setup printer baru di IACterima kasih","1 jam, Install printer baru IAC","0","2025-11-24","2643","2025-11-24 11:33:32.437","NULL","NULL","NULL",0,"NULL","NULL","NULL"
4315,"0071-1125","01757 COMP-NB-ICT-PTRE-19","Mohon bantuannya untuk Install ulang MS Team","30 menit, reinstall software ms teams","0","2025-11-24","2648","2025-11-24 11:35:03.340","NULL","NULL","NULL",0,"NULL","NULL","NULL"
4316,"0072-1125","2319-COMP-NB-ICT-PTRE-24","Permohonan instal printer ppc dan VPN ","1 jam, Install printer baru PPC","0","2025-11-24","2649","2025-11-24 11:38:11.117","NULL","NULL","NULL",0,"NULL","NULL","NULL"
4317,"0080-1125","01950 COMP-DSK-ICT-PTRE-19","mohon untuk diinstal autocad civil 3d untuk komputer muhammad daffa dan komputer milik daffa atharsyah guna pelatihan civil 3d. terimakasih","2 jam install civil 3D 2025","NULL","2025-11-25","2657","2025-11-25 15:50:22.013","NULL","NULL","NULL",0,"NULL","NULL","NULL"
4318,"0082-1125","2155-COMP-NB-ICT-PTRE-21","tidak bisa ngirim email karena error","1 jam, cek settingan email, disconnect VPN","NULL","2025-11-25","2659","2025-11-25 15:52:36.963","NULL","NULL","NULL",0,"NULL","NULL","NULL"
4319,"0085-1125","01640 COMP-DSK-ICT-PTRE-18","Install civil 3d untuk training","Install civil 3D 2025","NULL","2025-11-25","2662","2025-11-25 17:24:45.193","NULL","NULL","NULL",0,"NULL","NULL","NULL"
4320,"0086-1125","2174-COMP-NB-ICT-PTRE-21","Pak Maul, mohon dibantu saya harus as buil PID 2 proyek tomori dan PKT4 dengan bantuan navis work terbaru karena versi 2019 sedikit fitur2 sehingga menyulitkan dan membuat lama review.","Remote Laptop, Download dan Install NavisFreedom 2026","NULL","2025-11-26","2663","2025-11-26 13:50:06.453","NULL","NULL","NULL",0,"NULL","NULL","NULL"
4321,"0089-1125","2109-COMP-NB-ICT-PTRE-21","mohon bantuannya untuk install caesar v14 pak","Install Caesar V 14","NULL","2025-11-26","2666","2025-11-26 16:13:03.533","NULL","NULL","NULL",0,"NULL","NULL","NULL"
4322,"0093-1125","2056 COMP-NB-ICT-PTRE-20","mohon dipindahkan ssd ke device baru","Bongkar Laptop, tukar SSD dengan laptop yang di pakai arya","NULL","2025-11-27","2670","2025-11-27 17:03:50.467","NULL","NULL","NULL",0,"NULL","NULL","NULL"
4323,"0076-1125","2357-COMP-NB-ICT-PTRE-24","Instalasi Microsoft Project untuk project Blanket Tomori","1 jam, Install software ms project","0","2025-11-28","2653","2025-11-28 11:07:28.730","NULL","NULL","NULL",0,"NULL","NULL","NULL"
4324,"0009-1225","01745 COMP-NB-ICT-PTRE-19","Perlu bantuan untuk menginstall driver printer rumah untuk keperluan mencetak dokumen dari laptop kantor","Download driver Printer dan Install, setting printer","NULL","2025-12-02","2683","2025-12-02 09:59:23.440","NULL","NULL","NULL",0,"NULL","NULL","NULL"
4325,"0017-1225","2375-COMP-NB-ICT-PTRE-24","Mohon setting printer untuk laptop.","1 jam, download driver printer epson M5500 dan setting printer","NULL","2025-12-04","2692","2025-12-04 16:11:42.463","NULL","NULL","NULL",0,"NULL","NULL","NULL"
4326,"0003-1225","01876 COMP-NB-ICT-PTRE-19","Dear IT Support team, Minta tolong installkan DWG trueviewer, karena tadi saya buka perlu password administrator. Dan untuk Staad.Pro tidak bisa login, minta tolong untuk diloginkan. Terima kasihBest Regards,Muhammad Irfan Susanto","2 jam, troubleshoot software bentley dan install dwg trueview","0","2025-12-04","2677","2025-12-04 16:25:19.000","NULL","NULL","NULL",0,"NULL","NULL","NULL"
4327,"0022-1225","2110-COMP-NB-ICT-PTRE-21","MInta tolong untuk install ms project","1 Jam, install MS Project 2010","NULL","2025-12-08","2698","2025-12-08 08:39:45.897","NULL","NULL","NULL",0,"NULL","NULL","NULL"
4328,"0028-1225","2409-COMP-NB-ICT-PTRE-24","Minta tolong untuk install aplikasi google earth pada laptop untuk memudahkan dalam menyelesaikan dokumen hydraulic calculation pada projek Banti School","Instalasi software google earth pro di laptop","0","2025-12-08","2704","2025-12-08 19:59:42.267","NULL","NULL","NULL",0,"NULL","NULL","NULL"
4329,"0031-1225","2114-COMP-NB-ICT-PTRE-21","Update Wondershare PDF karena aplikasi kadang suka crash","Torubleshooting software pdf yang mengalami crash/ bug","0","2025-12-09","2707","2025-12-09 15:57:09.017","NULL","NULL","NULL",0,"NULL","NULL","NULL"
4330,"0034-1225","01451-COMP-NB-ICT-PTRE-17","Dear IT Team,Aplikasi Ms Excel lambat, sering error.Beberapa kali hang, tidak bisa di save.Mohon dibantu karena menghambat pekerjaan.Terima kasih Monika","Troubleshooting software ms office","0","2025-12-10","2710","2025-12-10 11:46:17.887","NULL","NULL","NULL",0,"NULL","NULL","NULL"
4331,"0039-1225","01757 COMP-NB-ICT-PTRE-19","install ulang one drive, karena tidak bisa connect ke one drine","Troubleshoot software onedrive yang bug di laptop","0","2025-12-10","2715","2025-12-10 11:48:05.953","NULL","NULL","NULL",0,"NULL","NULL","NULL"
4332,"0027-1225","01573 COMP-DSK-ICT-PTRE-18","Setting SSD di PC kantor","pasang SSD di PC lantai 3, install Windows, Install aplikasi yang di butuhkan dan upgrade ke windows 11","NULL","2025-12-10","2703","2025-12-10 14:49:35.083","NULL","NULL","NULL",0,"NULL","NULL","NULL"
4333,"0040-1225","02102-COMP-NB-ICT-PTRE-21","Mohon bantuannya untuk uninstall Aplikasi yang tidak digunakan supaya kinerja laptop tidak berat.Terlampir daftar aplikasi yang di uninstall:PDFgear 2.1.12Safe Exam BrowserMohon bantuannya juga untuk install new VPN RE.Sekian dan terima kasih","1 jam, Troubleshoot software PDF","0","2025-12-11","2716","2025-12-11 08:29:18.480","NULL","NULL","NULL",0,"NULL","NULL","NULL"
4334,"0044-1225","02010 COMP-NB-ICT-PTRE-20","Perbaikan bluetooth dan penambahan email ke finance","1 Jam, Troubleshoot bluetooth issue di laptop dan penambahan akun email finance","0","2025-12-11","2720","2025-12-11 08:32:05.867","NULL","NULL","NULL",0,"NULL","NULL","NULL"
4335,"0053-1225","2302-COMP-NB-ICT-PTRE-23","mas minta tolong aplikasi email aku menghilang, minta tolong settingin ","1 jam, cek settingan email","NULL","2025-12-11","2729","2025-12-11 14:05:01.607","NULL","NULL","NULL",0,"NULL","NULL","NULL"
4336,"0047-1225","2210-COMP-NB-ICT-PTRE-22","Akses Server untuk Scan dari printer PPC","1 jam, mapping server PPC","NULL","2025-12-11","2723","2025-12-11 14:06:49.010","NULL","NULL","NULL",0,"NULL","NULL","NULL"
4337,"0047-1225","2210-COMP-NB-ICT-PTRE-22","Akses Server untuk Scan dari printer PPC","1 jam, mapping server PPC","NULL","2025-12-11","2723","2025-12-11 14:06:49.250","NULL","NULL","NULL",0,"NULL","NULL","NULL"
4338,"0051-1225","01886 COMP-NB-ICT-PTRE-19","Anydesk hanya bisa maks 5 menit dan DWG view tidak bisa dibuka","2 jam, cek laptop, uninstall anydesk, hapus semua folder anydesk di drive C, install anydesk versi 7, install dwgtrueview","NULL","2025-12-12","2727","2025-12-12 09:05:10.593","NULL","NULL","NULL",0,"NULL","NULL","NULL"
4339,"0051-1225","01886 COMP-NB-ICT-PTRE-19","Anydesk hanya bisa maks 5 menit dan DWG view tidak bisa dibuka","2 jam, cek laptop, uninstall anydesk, hapus semua folder anydesk di drive C, install anydesk versi 7, install dwgtrueview","NULL","2025-12-12","2727","2025-12-12 09:05:10.873","NULL","NULL","NULL",0,"NULL","NULL","NULL"
4340,"0056-1225","01887 COMP-NB-ICT-PTRE-19","Install ulang office agar bisa membuka word dan excel","Cek laptop, repair office 2016, uninstall office 2016, download dan Install Office 365","NULL","2025-12-12","2732","2025-12-12 18:32:24.503","NULL","NULL","NULL",0,"NULL","NULL","NULL"
4341,"0059-1225","2447-COMP-NB-ICT-PTRE-25","Membutuhkan license software Autocad untuk membantu penyelesaian dokumen project","Troubleshooting akun autodesk via anydesk","0","2025-12-15","2735","2025-12-15 13:47:29.570","NULL","NULL","NULL",0,"NULL","NULL","NULL"
4342,"0060-1225","01745 COMP-NB-ICT-PTRE-19","Perlu install dan connect vpn dari laptop kantor untuk mengisi timesheet ketika tidak berada di ho","Remote laptop, setting VPN, tidak bisa konek, update dan upgrade ke windows 11, setting ulang VPN","NULL","2025-12-15","2736","2025-12-15 14:16:50.987","NULL","NULL","NULL",0,"NULL","NULL","NULL"
4343,"0061-1225","2409-COMP-NB-ICT-PTRE-24","Aplikasi thunderbird pada laptop kantor tidak dapat menerima email masuk ataupun mengirimkan email. ","2 Jam, Troubleshoot software thunderbird mail","0","2025-12-16","2737","2025-12-16 10:55:57.967","NULL","NULL","NULL",0,"NULL","NULL","NULL"
4344,"","00660-FUR-LC-CFS-PTRE-14","kunci hilang/rusak","mengganti kunci laci","0","2025-12-19","255578","2025-12-19 14:19:04.000","NULL","NULL","NULL",0,"NULL","NULL","NULL"
4345,"0064-1225","01757 COMP-NB-ICT-PTRE-19","install ulang pdf gear, setekag merged timesheet ttd e-signed pengawas hilang","2 jam, Troubleshoot software PDF","0","2025-12-19","2740","2025-12-19 14:21:50.393","NULL","NULL","NULL",0,"NULL","NULL","NULL"
4346,"0072-1225","2302-COMP-NB-ICT-PTRE-23","mas minta tolong setting outlook aku, menghilang lagi dia","1 jam, cek email, office pindah ke versi home student, update lisensi ke office 365 docon","NULL","2025-12-22","2748","2025-12-22 11:54:10.243","NULL","NULL","NULL",0,"NULL","NULL","NULL"
4347,"0085-1225","01889 COMP-NB-ICT-PTRE-19","Untuk membantu dalam membuat dokumen kalkulasi pada project GPP Dieng Unit-2 diperlukan add-in fluidprop pada software microsoft excel, butuh bantuan untuk menginstallnya pada laptop kantor","Install add in excel","NULL","2025-12-23","2761","2025-12-23 12:59:15.710","NULL","NULL","NULL",0,"NULL","NULL","NULL"
4348,"0083-1225","2156-COMP-NB-ICT-PTRE-21","Dear Tim IT SupportPlease kindly install VPN for working from anywhare while NataruThankyouu","1 jam, install software vpn dan vcredist","0","2025-12-29","2759","2025-12-29 09:38:00.647","NULL","NULL","NULL",0,"NULL","NULL","NULL"
4349,"0079-1225","2416-COMP-NB-ICT-PTRE-24","I would like to request assistance to install PDFgear on my laptop for work purposes. The installation can be performed remotely via AnyDesk. Thank you for your support.","1 jam, install dan setup software vpn","0","2025-12-29","2755","2025-12-29 09:41:32.637","NULL","NULL","NULL",0,"NULL","NULL","NULL"
4350,"0001-126","2025 COMP-NB-ICT-PTRE-20","Reset password Email RE untuk akses lewat Zimbra karena password terakhir dari IT sudah tidak bisa.Terlampir data karyawan:Nama : Andika DestriyanaNPK : 235327Terima kasih","remote laptop, cek settingan email, login ulang email","NULL","2026-01-02","2773","2026-01-02 15:01:16.263","NULL","NULL","NULL",0,"NULL","NULL","NULL"
4351,"0002-126","2166-COMP-NB-ICT-PTRE-21","Hallo Team ITMinta Bantuannya untuk Install Ulang Anydesk.SalamBoby","Cek laptop, uninstall anydesk, hapus semua folder anydesk di drive C, install anydesk versi 7","NULL","2026-01-02","2774","2026-01-02 15:02:06.897","NULL","NULL","NULL",0,"NULL","NULL","NULL"
4352,"0003-126","01745 COMP-NB-ICT-PTRE-19","Need to install VPN ","Remote laptop, setting ulang VPN","NULL","2026-01-02","2775","2026-01-02 17:24:25.370","NULL","NULL","NULL",0,"NULL","NULL","NULL"
4353,"0090-1225","2373-COMP-NB-ICT-PTRE-24","Tidak buka microsoft officeSudah dibantu oleh Mas Tata, makasih maas","2 jam, remote laptop cek office, office berubah ke home student, uninstall office home n student dan install office 365, setting email","NULL","2026-01-06","2766","2026-01-06 09:59:15.960","NULL","NULL","NULL",0,"NULL","NULL","NULL"
4354,"0087-1225","01745 COMP-NB-ICT-PTRE-19","Perlu mencetak beberapa dokumen menggunakan printer yang tersedia ","1 Jam, setting printer","NULL","2026-01-06","2763","2026-01-06 10:00:19.757","NULL","NULL","NULL",0,"NULL","NULL","NULL"
4355,"0010-126","2320-COMP-NB-ICT-PTRE-24","Drive C sudah terpakai 174 GB tanpa ada file di folder download maupun hasil screenshot.Mohon bantuan dan support-nya, terima kasih.","Cek laptop, drive C penuh, kosongkan drive C, backup drive D ke hardisk external, agar nanti drive C bisa di perbesar kapasitas drive nya","NULL","2026-01-06","2782","2026-01-06 12:28:06.857","NULL","NULL","NULL",0,"NULL","NULL","NULL"
4356,"0011-126","2320-COMP-NB-ICT-PTRE-24","Terkait permasalahan Drive C yang penuh (sudah saya kirim Tisu sebelum ini), maka saya request untuk mengganti SSD laptop menjadi 2 Terra","Cek laptop, drive C penuh, kosongkan drive C, backup drive D ke hardisk external, agar nanti drive C bisa di perbesar kapasitas drive nya","NULL","2026-01-06","2783","2026-01-06 12:28:29.037","NULL","NULL","NULL",0,"NULL","NULL","NULL"
4357,"0018-126","2260-COMP-NB-ICT-PTRE-23","layar diruangan saya kabel hdmi nya tidak bisa connect ke laptop","1 jam, cek monitor ga bisa konek ke laptop, ganti kabel HDMI, tetap ga bisa, bawa monitor ke ruangan, cek dengan kabel lain, cek manual, bisa, konek ulang ke laptop Pak Deni","NULL","2026-01-08","2790","2026-01-08 14:00:04.013","NULL","NULL","NULL",0,"NULL","NULL","NULL"
4358,"0024-126","01806 COMP-DSK-ICT-PTRE-19","PC error setelah mati lampu","Cek PC, masuk ke BIOS, setting date-time, setting SATA, setting booting ke SSD","NULL","2026-01-09","2796","2026-01-09 14:04:25.007","NULL","NULL","NULL",0,"NULL","NULL","NULL"
4359,"0038-126","01995 COMP-NB-ICT-PTRE-19","Tidak bisa buka staad pro/ staad connection ","2 jam, Cek laptop bentley connect client error, uninstall bentley connect, download dan install bentley connect client, upgrade staad pro","NULL","2026-01-14","2811","2026-01-14 09:11:58.887","NULL","NULL","NULL",0,"NULL","NULL","NULL"
4360,"0005-126","01767 COMP-NB-ICT-PTRE-19","email rekayasa tidak bisa dibuka, beserta seluruh file downloadnya jadi tidak bisa buka apa-apa","2 jam, troubleshoot email di outlook 2016","0","2026-01-14","2777","2026-01-14 10:15:33.107","NULL","NULL","NULL",0,"NULL","NULL","NULL"
4361,"0007-126","2327-COMP-NB-ICT-PTRE-24","mohon bantuannya untuk setup printer IAC","1 jam, Instalasi software printer di ruang IAC","0","2026-01-14","2779","2026-01-14 10:19:37.400","NULL","NULL","NULL",0,"NULL","NULL","NULL"
4362,"0009-126","01454 COMP-NB-ICT-PTRE-18","Dear IT.Minta tolong untuk upgrade MS. Officeterima kasih","2 jam, Instalasi software Office 365","0","2026-01-14","2781","2026-01-14 10:21:24.630","NULL","NULL","NULL",0,"NULL","NULL","NULL"
4363,"0020-126","01486-COMP-NB-ICT-PTRE-18","lcd laptop rusak","3 jam, Troubleshoot hardware LCD laptop
tukar layar dengan laptop lain","0","2026-01-14","2792","2026-01-14 10:33:52.357","NULL","NULL","NULL",0,"NULL","NULL","NULL"
4364,"0039-126","02099-COMP-NB-ICT-PTRE-21","Lisence Anydesk bermasalah, mohon bantuannya","Cek Anydesk, uninstall anydesk, hapus semua folder anydesk di drive C, install ulang anydesk versi 7","NULL","2026-01-14","2812","2026-01-14 10:57:06.793","NULL","NULL","NULL",0,"NULL","NULL","NULL"
4365,"0040-126","02099-COMP-NB-ICT-PTRE-21","Lisence Instrucalc bermasalah","Cek PC client Instrucalc, tidak ada lisensi. cek PC server Instrucalc posisi hidup, cek koneksi ke PC server instrucalc status RTO, pasang kabel LAN di PC server instrucalc, koneksi ulang pc client ke pc server instrucalc","NULL","2026-01-14","2813","2026-01-14 11:00:38.927","NULL","NULL","NULL",0,"NULL","NULL","NULL"
4366,"0047-126","01973 COMP-NB-ICT-PTRE-19","Dear IT Team,Mohon di installkan Drop Box, Terima kasih atas bantuannyaRegards,Suhendi","Download dan Install Dropbox","NULL","2026-01-15","2820","2026-01-15 09:43:02.410","NULL","NULL","NULL",0,"NULL","NULL","NULL"
4367,"0054-126","01995 COMP-NB-ICT-PTRE-19","installin maaaasss","Install DWG true view","NULL","2026-01-15","2827","2026-01-15 17:36:15.217","NULL","NULL","NULL",0,"NULL","NULL","NULL"
4368,"0034-126","2299-COMP-NB-ICT-PTRE-23","Dengan Hormat tim IT,Mohon bantuannya untuk instalasi CADviewer di laptop saya untuk kebutuhan project.Terimakasih,Regards,Miftahul","1 jam, instalasi software cad reviewer di laptop","0","2026-01-20","2806","2026-01-20 21:03:57.107","NULL","NULL","NULL",0,"NULL","NULL","NULL"
4369,"0037-126","01790 COMP-DSK-ICT-PTRE-19","pc di ruangan tidak hidup kembali sejak mati lampu, mohon dibantu","4 jam, troubleshoot pc yang bluescreen
instalasi OS, software dan melakukan backup data","0","2026-01-20","2810","2026-01-20 21:12:07.603","NULL","NULL","NULL",0,"NULL","NULL","NULL"
4370,"0061-126","00974-COMP-DESK-ICT-PTRE-12","Permintaan ganti baterai laptop","Penggantian baterai laptop","NULL","2026-01-21","2835","2026-01-21 15:19:34.760","NULL","NULL","NULL",0,"NULL","NULL","NULL"
4371,"0056-126","01454 COMP-NB-ICT-PTRE-18","dear team ITminta tolong untuk perbaikan Laptop dengan kerusakan keyboard tidak berfungsi.terima kasih","Perbaikan keyboard di laptop","NULL","2026-01-21","2830","2026-01-21 15:25:33.367","NULL","NULL","NULL",0,"NULL","NULL","NULL"
4372,"0058-126","01487-COMP-NB-ICT-PTRE-18","dear IFS,mohon bantuannya untuk install zoom di laptop saya.saya perlu utk mengikuti sharing hse pagi ini.terima kasih,Rimbo","Instalasi software zoom di laptop","NULL","2026-01-21","2832","2026-01-21 15:26:12.517","NULL","NULL","NULL",0,"NULL","NULL","NULL"
4373,"0066-126","2347-COMP-NB-ICT-PTRE-24","mohon bantuannya mic tidak berfungsi di ms teams, thx","Troubleshoot software audio yang error di laptop","0","2026-01-22","2840","2026-01-22 11:51:34.867","NULL","NULL","NULL",0,"NULL","NULL","NULL"
4374,"0052-126","01543 COMP-DSK-ICT-PTRE-18","mohon dibantu untuk ganti ssd di pc yang sekarangterimakasih","Pergantian ssd baru, dan install software lalu setup email lama","0","2026-01-22","2825","2026-01-22 14:21:46.947","NULL","NULL","NULL",0,"NULL","NULL","NULL"
4375,"0071-126","2183-COMP-NB-ICT-PTRE-21","Setting printer untuk kebutuhan scan dokumen","setting scanner dari printer ke laptop Lia","NULL","2026-01-23","2845","2026-01-23 15:35:43.270","NULL","NULL","NULL",0,"NULL","NULL","NULL"
4376,"0073-126","2351-COMP-NB-ICT-PTRE-24","Tambah RAM 4 GB by Ricky","maintenance laptop, tambah ram 4 gb di laptop","0","2026-01-26","2847","2026-01-26 12:46:45.290","NULL","NULL","NULL",0,"NULL","NULL","NULL"
4377,"0064-126","01640 COMP-DSK-ICT-PTRE-18","ReqAutocad  karna Autocad nya belum bisa di gunakan","2 jam, Install autocad 2025 dan buat akun autodesk, install navis dan dwgtrueview 2025","NULL","2026-01-27","2838","2026-01-27 11:06:30.233","NULL","NULL","NULL",0,"NULL","NULL","NULL"
4378,"0078-126","2332-COMP-NB-ICT-PTRE-24","Minta Reinstall anydesk, mohon dibantuterimakasih","Reinstall software anydesk dilaptop","0","2026-01-27","2852","2026-01-27 14:28:48.330","NULL","NULL","NULL",0,"NULL","NULL","NULL"
4379,"0065-126","01561 COMP-DSK-ICT-PTRE-18","Minta update autocad ke versi terbaru, yang sekarang autocad versi 2019.Ada hasil gambar yang tidak sesuai jika menggunakan Cad versi ini. Sehingga gambar sering tidak approve","3 Jam, Cek PC, install autocad 2021, uninstall office 2016, download dan install ulang office 365","NULL","2026-01-27","2839","2026-01-27 14:56:01.640","NULL","NULL","NULL",0,"NULL","NULL","NULL"
4380,"0031-126","01745 COMP-NB-ICT-PTRE-19","Perlu Software untuk buka foto Lidar","1 Jam, install software yang di minta","NULL","2026-01-27","2803","2026-01-27 14:56:44.457","NULL","NULL","NULL",0,"NULL","NULL","NULL"
4381,"0086-126","2351-COMP-NB-ICT-PTRE-24","Minta reinstall software mail merge di laptop, terimakasih","Reinstall software mail merge di laptop","0","2026-01-28","2860","2026-01-28 14:02:36.257","NULL","NULL","NULL",0,"NULL","NULL","NULL"
4382,"0089-126","02014 COMP-NB-ICT-PTRE-20","Install Any Desk ","reinstall anydesk di laptop","0","2026-01-29","2863","2026-01-29 15:26:50.253","NULL","NULL","NULL",0,"NULL","NULL","NULL"
4383,"0094-126","2373-COMP-NB-ICT-PTRE-24","Mau minta tolong di setingkan untuk bisa connect ke printerMakasih..","Cek laptop. download driver printer dan setting printer","NULL","2026-01-30","2868","2026-01-30 15:13:34.220","NULL","NULL","NULL",0,"NULL","NULL","NULL"
4384,"0095-126","2409-COMP-NB-ICT-PTRE-24","'-","Reinstall software anydesk","0","2026-01-30","2869","2026-01-30 16:16:02.897","NULL","NULL","NULL",0,"NULL","NULL","NULL"
4385,"0005-226","2408-COMP-NB-ICT-PTRE-24","Bapak/Ibu mohon bantuannya, anydesk saya muncul timer kembali. Terima kasih","Cek laptop, uninstall anydesk, hapus semua folder anydesk di drive C, install anydesk versi 7","NULL","2026-02-02","2874","2026-02-02 15:21:22.873","NULL","NULL","NULL",0,"NULL","NULL","NULL"
4386,"0008-226","01591 COMP-DSK-ICT-PTRE-18","tidak dapat ndarik data dari email setelah tgl 27 jan. mohon di update ","Troubleshoot software outlok","0","2026-02-04","2877","2026-02-04 10:08:48.260","NULL","NULL","NULL",0,"NULL","NULL","NULL"
4387,"0012-226","2156-COMP-NB-ICT-PTRE-21","Request pergantian laptop dari 2016 ke 365","Install software ms 365 di laptop","0","2026-02-04","2881","2026-02-04 10:48:36.127","NULL","NULL","NULL",0,"NULL","NULL","NULL"
4388,"0017-226","01644 COMP-NB-ICT-PTRE-18","dh tim ITmohon dibantu untuk pergantian baterai laptop yang rusakterimakasih","Pergantian baterai laptop baru di laptop kantor","500000","2026-02-05","2886","2026-02-05 09:25:52.513","NULL","NULL","NULL",0,"NULL","NULL","NULL"
4389,"0016-226","2155-COMP-NB-ICT-PTRE-21","Download Plug in untuk dialux","Install Plugin untuk Dialux","NULL","2026-02-05","2885","2026-02-05 09:25:53.773","NULL","NULL","NULL",0,"NULL","NULL","NULL"
4390,"0018-226","2268-COMP-DESK-ICT-PTRE-23","Dear Helpdesk, Tolong dibantu untuk setup Printer Pping","install software printer di pc rakitan","NULL","2026-02-05","2887","2026-02-05 12:14:31.670","NULL","NULL","NULL",0,"NULL","NULL","NULL"
4391,"0023-226","2277-COMP-NB-ICT-PTRE-23","intal ulang anydesk","Uninstall anydesk, hapus semua folder anydesk di drive C, install anydesk 7. setting VPN forticlient","NULL","2026-02-05","2892","2026-02-05 16:51:40.013","NULL","NULL","NULL",0,"NULL","NULL","NULL"
4392,"0024-226","2385-COMP-NB-ICT-PTRE-24","Dialux 4.13Dialux Evo versi terbaru (13.2)Pindah data dari laptop pribadi ke laptop kantor","Install Dialux 4.13.2 dan Dialux Evo
Pindahkan data","NULL","2026-02-06","2893","2026-02-06 17:42:45.460","NULL","NULL","NULL",0,"NULL","NULL","NULL"
4393,"0026-226","2355-COMP-NB-ICT-PTRE-24","Anydesk perlu di-install ulang karena counting trouble sering memutus koneksi sendiri.","Reinstall software anydesk di laptop","0","2026-02-09","2895","2026-02-09 08:43:28.317","NULL","NULL","NULL",0,"NULL","NULL","NULL"
4394,"0004-226","01729 COMP-DSK-ICT-PTRE-19","PC sangat lemot untuk kerja. untuk membuka Auto cad tidak bisa.","Pergantian Harddisk yang rusak, install ulang OS dan setup software designer","0","2026-02-09","2873","2026-02-09 20:14:15.503","NULL","NULL","NULL",0,"NULL","NULL","NULL"
4395,"0033-226","2166-COMP-NB-ICT-PTRE-21","Dear Tim ITMohon bantuannya untuk install ulang anydesk.Terimakasih","reinstall anydesk di laptop","0","2026-02-10","2902","2026-02-10 10:32:54.073","NULL","NULL","NULL",0,"NULL","NULL","NULL"
4396,"0035-226","2369-COMP-NB-ICT-PTRE-24","Wifi Connection REAP not working","Instalasi wifi di ruang meeting","0","2026-02-10","2904","2026-02-10 12:35:37.340","NULL","NULL","NULL",0,"NULL","NULL","NULL"
4397,"0030-226","2382-COMP-NB-ICT-PTRE-24","Dear ICT Team,Tolong untuk dapat di-settingkan laptop saya ke printer PPC.Terimakasih.Regards,Finisya","1 Jam, download dan install printer epson M5000","NULL","2026-02-10","2899","2026-02-10 12:37:15.777","NULL","NULL","NULL",0,"NULL","NULL","NULL"
4398,"0032-226","2270-COMP-DESK-ICT-PTRE-23","Database tidak sinkron","1,5 Jam, uninstall plant 3D 2025 dan Install plant 3D 2023","NULL","2026-02-10","2901","2026-02-10 12:37:59.733","NULL","NULL","NULL",0,"NULL","NULL","NULL"
4399,"0031-226","01806 COMP-DSK-ICT-PTRE-19","loading  cad lama","1 jam, cek PC, ram hanya 8 GB, cari ram dan tambah 8 GB lagi sehingga total 16 GB","NULL","2026-02-10","2900","2026-02-10 12:39:05.657","NULL","NULL","NULL",0,"NULL","NULL","NULL"
4400,"0029-226","2435-COMP-NB-ICT-PTRE-25","Tolong bantuannya untuk install autocad 2026 terimakasih ","1,5 jam, uninstall autocad 2023 dan Install autocad 2026","NULL","2026-02-10","2898","2026-02-10 12:39:47.777","NULL","NULL","NULL",0,"NULL","NULL","NULL"
4401,"0036-226","2384-COMP-NB-ICT-PTRE-24","dear tim IT, mohon dibantu untuk setup laptop kantor untuk dipakai berkerjaterimakasih","Instalasi software, setup user, backup dan restore data","0","2026-02-10","2905","2026-02-10 17:03:11.867","NULL","NULL","NULL",0,"NULL","NULL","NULL"
4402,"0041-226","2211-COMP-NB-ICT-PTRE-22","setting printer MBD","Instalasi software printer marketing","0","2026-02-11","2910","2026-02-11 14:42:41.767","NULL","NULL","NULL",0,"NULL","NULL","NULL"
4403,"0038-226","2414-COMP-NB-ICT-PTRE-24","Install ulang anydesk","1 Jam, Uninstall Anydesk, hapus semua Folder anydesk di drive C, install anydesk versi 7","NULL","2026-02-11","2907","2026-02-11 16:43:26.667","NULL","NULL","NULL",0,"NULL","NULL","NULL"
4404,"0040-226","2412-COMP-NB-ICT-PTRE-24","ketika membuka anydesk terkendala show iklan selama 1000 detik","1 Jam, Uninstall Anydesk, hapus semua Folder anydesk di drive C, install anydesk versi 7","NULL","2026-02-11","2909","2026-02-11 16:44:21.283","NULL","NULL","NULL",0,"NULL","NULL","NULL"
4405,"0044-226","02066-COMP-NB-ICT-PTRE-20","Install Plug In Appleton &amp; STAHL Catalogue","Instalasi plugin dialux","0","2026-02-13","2913","2026-02-13 15:18:57.290","NULL","NULL","NULL",0,"NULL","NULL","NULL"
4406,"PTRE-FM-1523","04613-MSN-MD-CFS-PTRE-24","Indikator gas oksigen eror","Service Vendor","0","2026-02-18","255578","2026-02-18 10:04:01.000","NULL","NULL","NULL",0,"NULL","NULL","NULL"
4407,"0053-226","2360-COMP-NB-ICT-PTRE-24","Permintaan laptop agar mudah dalam bekerja ","Instalasi hardware dan software untuk user","0","2026-02-18","2922","2026-02-18 11:08:14.647","NULL","NULL","NULL",0,"NULL","NULL","NULL"
4408,"0056-226","01451-COMP-NB-ICT-PTRE-17","Dear Team IT,Mohon bantuannya untuk menyambungkan HRM Google Drive file Drive to File Explorer di laptop saya supaya file-filenya mudah diakses.Terima kasihMonika","Instalasi software google drive","0","2026-02-18","2925","2026-02-18 11:08:49.100","NULL","NULL","NULL",0,"NULL","NULL","NULL"
4409,"0057-226","2360-COMP-NB-ICT-PTRE-24","Minta tolong mas connect kan ke server Electrical untuk Laptop barunya","Mapping Server Electrical","NULL","2026-02-18","2926","2026-02-18 11:41:38.623","NULL","NULL","NULL",0,"NULL","NULL","NULL"
4410,"0063-226","2424-COMP-NB-ICT-PTRE-25","Setting Laptop dan software yang dibutuhkan","Setting laptop eks PHR, sesuaikan software yang di minta dan setting outlook","NULL","2026-02-19","2932","2026-02-19 12:03:28.423","NULL","NULL","NULL",0,"NULL","NULL","NULL"
4411,"0067-226","2398-COMP-NB-ICT-PTRE-24","Dh Tim ITmohon dibantu setup laptop, terimakasih","Setup laptop ex phr
akun, email, software dan maintenance","0","2026-02-20","2936","2026-02-20 13:08:47.023","NULL","NULL","NULL",0,"NULL","NULL","NULL"
4412,"0071-226","01581 COMP-DSK-ICT-PTRE-18","Tidak terkoneksi windows","Penggantian baterai CMOS yang rusak di PC yang ada di rumah","20000","2026-02-23","2940","2026-02-23 10:20:13.083","NULL","NULL","NULL",0,"NULL","NULL","NULL"
4413,"0073-226","2444-COMP-NB-ICT-PTRE-25","Permintaan setup laptop untuk bekerjamohon dbantu terimakasih","Setup laptop user
os, software dan username","0","2026-02-24","2942","2026-02-24 09:53:25.417","NULL","NULL","NULL",0,"NULL","NULL","NULL"
4414,"0083-226","2368-COMP-NB-ICT-PTRE-24","Tidak Bisa Update Windows &amp; Aplikasi Capcut","Update software capcut dan maintenance storage yang full","0","2026-02-24","2952","2026-02-24 11:02:05.380","NULL","NULL","NULL",0,"NULL","NULL","NULL"
4415,"0080-226","2345-COMP-NB-ICT-PTRE-24","Dh ITmohon dibantu setup laptop untuk bekerjaterimakasih","Instalasi software, OS dan username","0","2026-02-24","2949","2026-02-24 11:05:03.843","NULL","NULL","NULL",0,"NULL","NULL","NULL"
4416,"0081-226","2408-COMP-NB-ICT-PTRE-24","Pak/bu anydesk saya bermasalah, terdapat limit sebelum masuknya. mohon bantuannya pak/bu. terima kasih","1 jam, Uninstall anydesk, hapus folder anydesk di drive C dan Install anydesk versi 7","NULL","2026-02-25","2950","2026-02-25 15:57:05.600","NULL","NULL","NULL",0,"NULL","NULL","NULL"
4417,"0078-226","2417-COMP-NB-ICT-PTRE-25","email inbox penuh","2 jam, buat file pst baru, copy data email sekarang ke file baru dan hapus email sekarang setelah selesai copy data ke file baru","NULL","2026-02-25","2947","2026-02-25 16:00:32.617","NULL","NULL","NULL",0,"NULL","NULL","NULL"
4418,"0082-226","01311-COMP-WORK-ICT-PTRE-15","Internet not connect","Troubleshoot network di piping","NULL","2026-02-26","2951","2026-02-26 09:16:23.557","NULL","NULL","NULL",0,"NULL","NULL","NULL"
4419,"0072-226","02102-COMP-NB-ICT-PTRE-21","Mohon bantuannya untuk setting sebagai berikut:- Wifi ELECTRICAL dan REAP- Install ETAP 21.01 &amp; 19.5.0- Install plugin PHILIPS, STAHL- Setting server dan VPN","Install software/etc","0","2026-02-26","2941","2026-02-26 09:19:39.043","NULL","NULL","NULL",0,"NULL","NULL","NULL"
4420,"0097-226","2155-COMP-NB-ICT-PTRE-21","install Aplikasi DWG Trueview","Cek laptop, dwg force closed, install dwg trueview 2026","NULL","2026-02-26","2966","2026-02-26 15:40:36.933","NULL","NULL","NULL",0,"NULL","NULL","NULL"
4421,"0092-226","2167-COMP-NB-ICT-PTRE-21","Telah dibantu oleh IT Support untuk mengkoneksikan internet di ruang meeting rasamala..terimakasih","Setting Wifi untuk laptop","NULL","2026-02-26","2961","2026-02-26 15:42:19.463","NULL","NULL","NULL",0,"NULL","NULL","NULL"
4422,"0096-226","2248-COMP-NB-ICT-PTRE-23","Dh Tim ITmohon dibantu untuk setup laptop kantorterimakasih","Setup laptop dan maintenance
setup software, wifi dan user civil","0","2026-02-27","2965","2026-02-27 13:08:15.497","NULL","NULL","NULL",0,"NULL","NULL","NULL"
4423,"0003-326","02107-COMP-NB-ICT-PTRE-21","Request access Printer at 3 floor.","Instalasi software printer civil","0","2026-03-02","2971","2026-03-02 08:43:38.020","NULL","NULL","NULL",0,"NULL","NULL","NULL"
4424,"0007-326","01581 COMP-DSK-ICT-PTRE-18","Bermasalah di Fan dan Hardisk","Penggantian fan dan pengecekan ram","0","2026-03-02","2975","2026-03-02 11:18:07.723","NULL","NULL","NULL",0,"NULL","NULL","NULL"
4425,"0002-326","2410-COMP-NB-ICT-PTRE-24","Mohon bantuannya untuk anydesk yang sudah ada iklannya, terimakasih","Uninstall anydesk, hapus semua folder anydesk di drive C, install ulang anydesk versi 7","NULL","2026-03-02","2970","2026-03-02 12:11:27.030","NULL","NULL","NULL",0,"NULL","NULL","NULL"
4426,"0005-326","01995 COMP-NB-ICT-PTRE-19","begitu laaaaaaaaahh","1 Jam, ga bisa login bentley connect, cek laptop cek koneksi bentley, update bentley connect login ulang","NULL","2026-03-03","2973","2026-03-03 08:28:49.187","NULL","NULL","NULL",0,"NULL","NULL","NULL"
4427,"0006-326","2120-COMP-NB-ICT-PTRE-21","Cad tidak bs terbuka","2 jam, cek laptop, gambar cad ga bisa ke buka, force closed, update windows, uninstall dwgtrue view lama. install dwg true view 2026","NULL","2026-03-03","2974","2026-03-03 08:30:04.087","NULL","NULL","NULL",0,"NULL","NULL","NULL"
4428,"0068-226","2164-COMP-NB-ICT-PTRE-21","layar lcd belang kena cairan","Perbaikan LCD laptop","700000","2026-03-03","2937","2026-03-03 13:12:40.493","NULL","NULL","NULL",0,"NULL","NULL","NULL"
4429,"0011-326","2148-COMP-NB-ICT-PTRE-21","Dh tim ITmohon dibantu untuk install sotware DWG Viewer di laptopterima kasih","Install software DWG Trueview di laptop","0","2026-03-03","2979","2026-03-03 19:49:03.843","NULL","NULL","NULL",0,"NULL","NULL","NULL"
4430,"0014-326","2435-COMP-NB-ICT-PTRE-25","Dh Tim ITmohon dibantu untuk mengecek laptop saya yang tidak bisa di chargeTerima kasih","Pergantian baterai di tempat service center","2600000","2026-03-04","2982","2026-03-04 13:45:42.040","NULL","NULL","NULL",0,"NULL","NULL","NULL"
4431,"0012-326","2239-COMP-NB-ICT-PTRE-23","Dh Tim ITmohon dibantu untuk setup laptopterima kasih","Setup laptop piping, software dan maintenance hardware","0","2026-03-04","2980","2026-03-04 15:14:06.120","NULL","NULL","NULL",0,"NULL","NULL","NULL"
4432,"0013-326","2250-COMP-NB-ICT-PTRE-23","Dh Tim ITmohon dibantu untuk setup laptopterima kasih","Setup laptop, software, user, email dan maintenance hardware","0","2026-03-04","2981","2026-03-04 15:14:50.177","NULL","NULL","NULL",0,"NULL","NULL","NULL"
4433,"0009-326","2362-COMP-NB-ICT-PTRE-24","Update berdasarkan permintaan freeport","2 Jam, Install Revit, Manage, exporter dan Autocad 2026","NULL","2026-03-05","2977","2026-03-05 11:29:26.387","NULL","NULL","NULL",0,"NULL","NULL","NULL"
4434,"0010-326","01903 COMP-DSK-ICT-PTRE-19","Dear tim IT Sering muncul notif tulisan china, mohon untuk di cek / Periksa PC saya.Oke Trims ","1 jam, cek PC hapus folder yang berhubungan dengan aplikasi yang sering muncul, hapus di control panel, hapus di registry","NULL","2026-03-05","2978","2026-03-05 11:30:48.337","NULL","NULL","NULL",0,"NULL","NULL","NULL"
4435,"0018-326","2324-COMP-NB-ICT-PTRE-24","Meminta update dan perbaikan DNS dan WIFI access","Troubleshooting wifi yang tidak bisa konek ke jaringan rekind","0","2026-03-05","2986","2026-03-05 13:41:40.830","NULL","NULL","NULL",0,"NULL","NULL","NULL"
4436,"0017-326","2441-COMP-NB-ICT-PTRE-25","Indikator power, capslock &amp; escape nyala, tapi layar tidak","Troubelshoot laptop yang tidak bisa menyala","0","2026-03-05","2985","2026-03-05 13:42:16.483","NULL","NULL","NULL",0,"NULL","NULL","NULL"
4437,"0016-326","2232-COMP-NB-ICT-PTRE-23","connect to server and printer","Instalasi software printer dan input mapping server electrical","0","2026-03-05","2984","2026-03-05 13:44:38.717","NULL","NULL","NULL",0,"NULL","NULL","NULL"
4438,"0015-326","2444-COMP-NB-ICT-PTRE-25","agar bisa mengakses server dan bisa print ","Instalasi software printer dan input mapping server electrical","0","2026-03-05","2983","2026-03-05 13:44:57.120","NULL","NULL","NULL",0,"NULL","NULL","NULL"
4439,"0020-326","02102-COMP-NB-ICT-PTRE-21","Mohon bantuannya untuk connect wifi REAP","1 jam, daftarkan mac address laptop prayoga ke REAP","NULL","2026-03-06","2988","2026-03-06 08:33:09.890","NULL","NULL","NULL",0,"NULL","NULL","NULL"
4440,"0031-326","2428-COMP-NB-ICT-PTRE-25","Permintaan setup printer kecil","Instalasi software printer kecil","0","2026-03-10","2999","2026-03-10 10:03:52.483","NULL","NULL","NULL",0,"NULL","NULL","NULL"
4441,"0030-326","2199-COMP-NB-ICT-PTRE-22","Permintaan setup printer kecil","Instalasi software printer kecil","0","2026-03-10","2998","2026-03-10 10:04:17.823","NULL","NULL","NULL",0,"NULL","NULL","NULL"
4442,"0025-326","2358-COMP-NB-ICT-PTRE-24","Anydesk","Reinstall software anydesk di laptop","0","2026-03-10","2993","2026-03-10 10:04:50.690","NULL","NULL","NULL",0,"NULL","NULL","NULL"
4443,"0028-326","2166-COMP-NB-ICT-PTRE-21","Dear Team IT Saya minta tolong untuk di installkan Anydesk. terimakasih","Reinstall software anydesk di laptop","0","2026-03-10","2996","2026-03-10 10:05:17.007","NULL","NULL","NULL",0,"NULL","NULL","NULL"
4444,"0023-326","2179-COMP-NB-ICT-PTRE-21","By Ricky","Instalasi software printer kecil","0","2026-03-10","2991","2026-03-10 10:05:39.777","NULL","NULL","NULL",0,"NULL","NULL","NULL"
4445,"0034-326","01485-COMP-NB-ICT-PTRE-18","Dh,Tim ITMohon dibantu untuk penggantian baterai laptop kantor saya yang sudah drop dan mati. Salam,Muhammad Faiz","Perbaikan dan penggantian baterai laptop HP x360","450000","2026-03-11","3002","2026-03-11 06:52:30.650","NULL","NULL","NULL",0,"NULL","NULL","NULL"
4446,"0036-326","2264-COMP-NB-ICT-PTRE-23","Dear ICTmohon dibantu setup laptop Ex PHR untuk bekerjaterima kasih","Instalasi software drafter
akun windows dan network","0","2026-03-11","3004","2026-03-11 08:43:17.913","NULL","NULL","NULL",0,"NULL","NULL","NULL"
4447,"0026-326","2408-COMP-NB-ICT-PTRE-24","Selamat siang Bapak/Ibu. Mohon bantuannya saya terkendala di microsoft tidak bisa dibuka. Terima kasih","1 jam (cek office, error) repair office online","NULL","2026-03-11","2994","2026-03-11 15:13:09.883","NULL","NULL","NULL",0,"NULL","NULL","NULL"
4448,"0027-326","01903 COMP-DSK-ICT-PTRE-19","Ijin melaporkan jaringan internet putus","1 Jam, cek PC, wifi hilang, hapus wifi di device manager, download driver wifi dan install","NULL","2026-03-11","2995","2026-03-11 15:14:58.573","NULL","NULL","NULL",0,"NULL","NULL","NULL"
4449,"0041-326","2233-COMP-NB-ICT-PTRE-23","Dear ICTMohon dibantu untuk setup laptop EX PHR untuk dipakai kembaliterima kasih","Instalasi laptop, install software
backup data dan maintenance","0","2026-03-11","3009","2026-03-11 17:09:00.470","NULL","NULL","NULL",0,"NULL","NULL","NULL"
4450,"0037-326","2384-COMP-NB-ICT-PTRE-24","Mohon dibantu diinstalkan Navis manage, dikarena kebutuh dan kemudahan untuk cek 3d, review dan komen 3d.Seperti gambar terlampir Terima KasihSalam","2 jam, Install Navis manage di laptop, matikan smart apps control di windows","NULL","2026-03-12","3005","2026-03-12 09:58:47.000","NULL","NULL","NULL",0,"NULL","NULL","NULL"
4451,"0044-326","2161-COMP-NB-ICT-PTRE-21","Akhir-akhir ini wifi laptop saya sangat lambat dan sewaktu meeting suara pembicara putus putus jadi saya mohon untuk diinstalkan wifi receiver karena siang ini saya ada meeting.","Troubleshoot jaringan piping","0","2026-03-12","3012","2026-03-12 13:58:35.777","NULL","NULL","NULL",0,"NULL","NULL","NULL"
4452,"0045-326","2179-COMP-NB-ICT-PTRE-21","By Maulana","1 Jam, Install dan Setting 2 Printer POS di laptop Anita dan Ony","NULL","2026-03-13","3013","2026-03-13 10:18:09.817","NULL","NULL","NULL",0,"NULL","NULL","NULL"
4453,"0024-326","02102-COMP-NB-ICT-PTRE-21","mohon bantuannya sebagai berikut:install MSI centermatikan beberapa app startup agar kinerja laptop ringanuninstall dialux 4.13","Maintenance beberapa software","0","2026-03-16","2992","2026-03-16 11:02:31.977","NULL","NULL","NULL",0,"NULL","NULL","NULL"
4454,"0033-326","01311-COMP-WORK-ICT-PTRE-15","Request Install program CAD PLANT 3D","Instalasi software plant 3d","NULL","2026-03-16","3001","2026-03-16 11:03:08.887","NULL","NULL","NULL",0,"NULL","NULL","NULL"
4455,"0048-326","2422-COMP-NB-ICT-PTRE-25","Tukar laptop","Instalasi laptop EX PHR
software, account user, email ETC","0","2026-03-16","3016","2026-03-16 11:05:24.543","NULL","NULL","NULL",0,"NULL","NULL","NULL"
4456,"0049-326","2239-COMP-NB-ICT-PTRE-23","Permintaan setup laptop","Instalasi laptop EX PHR
software, account user, email ETC","0","2026-03-16","3017","2026-03-16 11:06:04.340","NULL","NULL","NULL",0,"NULL","NULL","NULL"
4457,"0050-326","2296-COMP-NB-ICT-PTRE-23","Tidak bisa mengakses portal saat WFA, harus menghidupkan VPN kantor","Instalasi software printer dan scanner","0","2026-03-16","3018","2026-03-16 12:28:30.013","NULL","NULL","NULL",0,"NULL","NULL","NULL"
4458,"0051-326","2233-COMP-NB-ICT-PTRE-23","mohon Installkan Naviswork Freedom versi terbaru, via online anydeskterimakasih","Maintenance software navisworks freedom","0","2026-03-16","3019","2026-03-16 12:50:39.863","NULL","NULL","NULL",0,"NULL","NULL","NULL"
4459,"0046-326","2319-COMP-NB-ICT-PTRE-24","Excel tidak bisa terbuka mandek di logo dan sering eror, Permohonan perbaikan ke mas tata IT ","1,5 Jam, Cek Excel stuck di starting excel, repair office 365 online, matikan add on yang bermasalah","NULL","2026-03-16","3014","2026-03-16 13:28:17.883","NULL","NULL","NULL",0,"NULL","NULL","NULL"
4460,"0060-326","01828 COMP-DSK-ICT-PTRE-19","minta perpanjangan license cad","Cek PC, autocad ke log out, login ulang autocad","NULL","2026-03-30","3028","2026-03-30 12:56:54.443","NULL","NULL","NULL",0,"NULL","NULL","NULL"
4461,"0064-326","01790 COMP-DSK-ICT-PTRE-19","autocad error minta instal","cek PC. update .Net dan update windows, repair autocad 2025","NULL","2026-03-31","3032","2026-03-31 09:38:52.453","NULL","NULL","NULL",0,"NULL","NULL","NULL"
4462,"0065-326","2127-COMP-NB-ICT-PTRE-21","Install Mail Merger","Reinstall software mail merge","0","2026-03-31","3033","2026-03-31 10:31:44.237","NULL","NULL","NULL",0,"NULL","NULL","NULL"
4463,"0063-326","2360-COMP-NB-ICT-PTRE-24","Penginstalan Wondershare buat Proyek Konsep kelistrikan STUDI TEKNOLOGI SELECTION GEOTHERMAL POWER PLANT UNTUK DATA CENTER KAMOJANG","Instalasi software pdf wondershare","0","2026-03-31","3031","2026-03-31 10:32:43.193","NULL","NULL","NULL",0,"NULL","NULL","NULL"
4464,"0062-326","2211-COMP-NB-ICT-PTRE-22","request setting VPN (Ricky)","Reinstall software vpn","0","2026-03-31","3030","2026-03-31 10:34:52.343","NULL","NULL","NULL",0,"NULL","NULL","NULL"
4465,"0057-326","01973 COMP-NB-ICT-PTRE-19","Deat IT Team,Mohon bantuannya untuk update license Auto Cad saya,Terima Kasih Atas bantuannyaSalam Hormat,Suhendi","Troubleshoot software autocad yang bermasalah","0","2026-03-31","3025","2026-03-31 10:38:04.810","NULL","NULL","NULL",0,"NULL","NULL","NULL"
4466,"0004-426","02010 COMP-NB-ICT-PTRE-20","maintenance outlook yang tidak bisa dibuka (setiap dibuka selalu tertutup otomatis)","1,5 jam, cek laptop, repair office 2016, uninstall office 2016 dan install office 365","NULL","2026-04-08","3039","2026-04-08 08:48:22.157","NULL","NULL","NULL",0,"NULL","NULL","NULL"
4467,"0015-426","2156-COMP-NB-ICT-PTRE-21","Dh Tim ITTouchpad laptop tidak berfungsi dengan baik, mohon dibantuterimakasih","Troubleshoot driver software touchpad yang error","0","2026-04-08","3050","2026-04-08 10:28:13.367","NULL","NULL","NULL",0,"NULL","NULL","NULL"
4468,"0019-426","2302-COMP-NB-ICT-PTRE-23","mas tata, minta tolong aplikasi PDF kemarin yang di donlod minta password2 gitu","Troubleshoot software ms 365 yang error
update software untuk dapat outlook kembali","0","2026-04-09","3054","2026-04-09 11:24:25.567","NULL","NULL","NULL",0,"NULL","NULL","NULL"
4469,"0020-426","2302-COMP-NB-ICT-PTRE-23","mas, minta tolong aplikasi outlook classic aku hilang","Troubleshoot ms outlook yang hilang","0","2026-04-09","3055","2026-04-09 13:06:06.780","NULL","NULL","NULL",0,"NULL","NULL","NULL"
4470,"0056-326","2128-COMP-NB-ICT-PTRE-21","setting software VPN error","Troubleshoot software VPN yang error","0","2026-04-09","3024","2026-04-09 13:07:37.680","NULL","NULL","NULL",0,"NULL","NULL","NULL"
4471,"0053-326","02102-COMP-NB-ICT-PTRE-21","Mohon bantuannya untuk diberikan akses server electrical pada PC electricalTerimakasih","Registrasi server electrical di laptop","0","2026-04-09","3021","2026-04-09 13:08:47.820","NULL","NULL","NULL",0,"NULL","NULL","NULL"
4472,"0066-326","2185-COMP-NB-ICT-PTRE-21","butuh bantuan connecting laptop ke printer ppc dan IFS untuk mempermudah administratif pekerjaan","Reinstall software printer PPC dan IFS","0","2026-04-09","3034","2026-04-09 13:10:05.587","NULL","NULL","NULL",0,"NULL","NULL","NULL"
4473,"0002-426","01311-COMP-WORK-ICT-PTRE-15","Setting lanjutan AP3D buat AWI 16 -10&amp;11","2 jam. setting autocad plant 3D ke server","NULL","2026-04-13","3037","2026-04-13 13:05:38.183","NULL","NULL","NULL",0,"NULL","NULL","NULL"
4474,"0014-426","2120-COMP-NB-ICT-PTRE-21","ga bisa buka autodesk buat ambil data, buat rapat jam 10.","1 JAM Setting akun ke Cloud autodesk","NULL","2026-04-13","3049","2026-04-13 13:06:24.917","NULL","NULL","NULL",0,"NULL","NULL","NULL"
4475,"0032-426","2414-COMP-NB-ICT-PTRE-24","ada iklan saat buka anydesk","Uninstall anydesk, hapus folder anydesk di drive C, install anydesk versi 7","NULL","2026-04-14","3067","2026-04-14 13:02:16.293","NULL","NULL","NULL",0,"NULL","NULL","NULL"
4476,"0023-426","01591 COMP-DSK-ICT-PTRE-18","update versi ametank","1 Jam, Download dan Install Ametank Versi terbaru","NULL","2026-04-14","3058","2026-04-14 13:03:15.493","NULL","NULL","NULL",0,"NULL","NULL","NULL"
4477,"0018-426","2276-COMP-NB-ICT-PTRE-23","mau remote pc simulsi tp anydesknya ada waiting timenya","uninstall anydesk, hapus folder anydesk di drive C, install anydesk versi 7","NULL","2026-04-14","3053","2026-04-14 13:09:22.810","NULL","NULL","NULL",0,"NULL","NULL","NULL"
4478,"0030-426","2211-COMP-NB-ICT-PTRE-22","setting printer ( by Ricky)","30 menit, Instalasi software printer kecil di MBD","0","2026-04-15","3065","2026-04-15 14:25:59.693","NULL","NULL","NULL",0,"NULL","NULL","NULL"
4479,"0033-426","2424-COMP-NB-ICT-PTRE-25","Outlook tidak dapat dibuka","1 Jam, cek email, outlook classic hilang, uninstall office home n student. download dan install office 365 standart","NULL","2026-04-17","3068","2026-04-17 09:12:07.910","NULL","NULL","NULL",0,"NULL","NULL","NULL"
4480,"0041-426","04770-FUR-KK-CFS-PTRE-25","tida bisa connect ke server","Mapping server piping untuk upload data kerja","NULL","2026-04-21","3076","2026-04-21 13:05:16.260","NULL","NULL","NULL",0,"NULL","NULL","NULL"
4481,"0042-426","2228-COMP-NB-ICT-PTRE-23","penggunaan autocad kurang maksimal","Setup software, wifi dan akun untuk laptop baru","0","2026-04-21","3077","2026-04-21 13:06:16.520","NULL","NULL","NULL",0,"NULL","NULL","NULL"
4482,"0044-426","2412-COMP-NB-ICT-PTRE-24","Dh tim ITmohon dibantu untuk memperbaiki engsel laptop yang patah/copotterimakasih","Troubleshoot engsel laptop yang patah menggunakan metode lem besi","0","2026-04-21","3079","2026-04-21 13:07:31.547","NULL","NULL","NULL",0,"NULL","NULL","NULL"
4483,"0047-426","2369-COMP-NB-ICT-PTRE-24","Laptop kena virus dan email phising","Install ulang OS, instalasi ulang software"" dan akun user","0","2026-04-22","3082","2026-04-22 08:44:58.803","NULL","NULL","NULL",0,"NULL","NULL","NULL"
4484,"0040-426","2345-COMP-NB-ICT-PTRE-24","Excel tidak bisa digunakan, sering keluar dari aplikasi tiba-tiba ","Troubleshoot software ms 2016 yang error
final decision mengupgrade ke ms 365","0","2026-04-22","3075","2026-04-22 14:46:43.137","NULL","NULL","NULL",0,"NULL","NULL","NULL"
4485,"0051-426","02070-COMP-NB-ICT-PTRE-20","Permintaan penggantian baterai yang sudah rusakDh Tim IT, mohon dibantuterimakasih","Proses penggantian hardware baterai pada laptop aini","299997","2026-04-23","3086","2026-04-23 13:17:51.787","NULL","NULL","NULL",0,"NULL","NULL","NULL"
4486,"0055-426","2179-COMP-NB-ICT-PTRE-21","By Ricky","Troubleshoot software ms team, Microphone issue","0","2026-04-23","3090","2026-04-23 13:42:20.247","NULL","NULL","NULL",0,"NULL","NULL","NULL"
4487,"0057-426","2238-COMP-NB-ICT-PTRE-23","Dh tim ITmohon dibantu untuk setup laptop baruterimakasih","Setup laptop ex project, software engineering, ms 2016, mail, dan os","0","2026-04-23","3092","2026-04-23 20:19:08.387","NULL","NULL","NULL",0,"NULL","NULL","NULL"
4488,"0048-426","02070-COMP-NB-ICT-PTRE-20","Sesuai dengan pembicaraan pak wahyu dan pak abi sebelumnya di Whatsapp, mohon dapat dibantu login Microsoft 365 dengan akun SDD. Terima kasih.","2 Jam, Create akun Office 365 untuk SDD, install office 365 di laptop aini dan login dengan akun SDD","NULL","2026-04-24","3083","2026-04-24 11:24:38.570","NULL","NULL","NULL",0,"NULL","NULL","NULL"
4489,"0054-426","02086-COMP-NB-ICT-PTRE-20","install Google Earth","1 Jam, download dan install google earth pro","NULL","2026-04-24","3089","2026-04-24 11:25:21.860","NULL","NULL","NULL",0,"NULL","NULL","NULL"
4490,"0058-426","2211-COMP-NB-ICT-PTRE-22","setting printer by Ricky","Troubleshoot software printer kecil yang error","0","2026-04-24","3093","2026-04-24 21:40:18.493","NULL","NULL","NULL",0,"NULL","NULL","NULL"
4491,"0060-426","2247-COMP-NB-ICT-PTRE-23","Dh Tim ITMohon dibantu untuk setup laptop untuk bekerjaterimakasih","Setup laptop, software, email, data dan wifi","0","2026-04-24","3095","2026-04-24 21:41:09.297","NULL","NULL","NULL",0,"NULL","NULL","NULL"
4492,"0063-426","01485-COMP-NB-ICT-PTRE-18","Dh,Tim ITEmail outlook saya kena limit storage dan sekarang tidak bisa kirim email. Mohon dibantu solusinya, terimakasih.Salam,Muhammad Faiz","Troubleshoot email dari ms outlook yang limit dan backup data","0","2026-04-24","3098","2026-04-24 21:42:30.577","NULL","NULL","NULL",0,"NULL","NULL","NULL"
4493,"0062-426","2323-COMP-NB-ICT-PTRE-24","Setting printer FA Dept. ","1 jam, pindahkan Printer dan isi ulangTinta Printer","NULL","2026-04-27","3097","2026-04-27 09:35:30.363","NULL","NULL","NULL",0,"NULL","NULL","NULL"
4494,"0068-426","2155-COMP-NB-ICT-PTRE-21","Server electrical","Mapping ulang server karena error","NULL","2026-04-27","3103","2026-04-27 17:38:27.543","NULL","NULL","NULL",0,"NULL","NULL","NULL"
4495,"0066-426","01555 COMP-DSK-ICT-PTRE-18","Install software earth pro","30 menit, instalasi software google earth pro","0","2026-04-28","3101","2026-04-28 10:45:14.393","NULL","NULL","NULL",0,"NULL","NULL","NULL"
4496,"0070-426","2241-COMP-NB-ICT-PTRE-23","Dh tim IT,mohon dibantu setup laptop untuk bekerjaterimakasih","Instalasi laptop, backup data, setup user dan email serta software","0","2026-04-28","3105","2026-04-28 15:57:30.640","NULL","NULL","NULL",0,"NULL","NULL","NULL"
4497,"0071-426","2240-COMP-NB-ICT-PTRE-23","Dh tim IT,mohon dibantu setup laptop untuk bekerjaterimakasih","Instalasi laptop, backup data, setup user dan email serta software","0","2026-04-28","3106","2026-04-28 15:57:51.540","NULL","NULL","NULL",0,"NULL","NULL","NULL"
4498,"0053-426","01788 COMP-DSK-ICT-PTRE-19","saya memerlukan aplikasi Google Earth Pro untuk keperluan Project.Internet yang digunakan sangat lambat, apakah memungkinkan jika ditambahkan LAN untuk PC sayaterima kasih.","pindah jaringan WIFI ke LAN dan instalasi software google earth pro","0","2026-04-29","3088","2026-04-29 18:16:45.680","NULL","NULL","NULL",0,"NULL","NULL","NULL"
4499,"0076-426","2058 COMP-NB-ICT-PTRE-20","Lepas unbind 1897dsk","Cek akun arya, masuk ke microsoft entra, hapus device yang akan di ganti","NULL","2026-04-30","3111","2026-04-30 11:06:35.603","NULL","NULL","NULL",0,"NULL","NULL","NULL"
4500,"0075-426","01897 COMP-DSK-ICT-PTRE-19","Os banyak Bug padahal dah update","Reinstall OS dan software-software lainnya serta setup akun","0","2026-04-30","3110","2026-04-30 11:17:07.827","NULL","NULL","NULL",0,"NULL","NULL","NULL"
4501,"0073-426","2358-COMP-NB-ICT-PTRE-24","Anydesk iklan","Remote laptop, hapus folder anydesk di drive C, download anydesk versi 7, uninstall anydesk, minta user klik 2x anydesk versi 7. install anydesk versi 7","NULL","2026-04-30","3108","2026-04-30 12:23:03.487","NULL","NULL","NULL",0,"NULL","NULL","NULL"
4502,"0072-426","2233-COMP-NB-ICT-PTRE-23","Laptop tiba-tiba masuk bios dan tidak bisa ke windows","3 Jam, cek BIOS SSD tidak terbaca, bongkar laptop. lepas SSD. cek di PC, SSD terbaca, backup data, format SSD dan install kembali windows beserta aplikasi pendukung","NULL","2026-04-30","3107","2026-04-30 12:25:12.297","NULL","NULL","NULL",0,"NULL","NULL","NULL"
4503,"0002-526","01478-COMP-NB-ICT-PTRE-18","Dh Tim ITMohon dibantu setup laptop untuk bekerjaterimakasih","Maintenance software"" lama, update software"" office dan buat akun user baru","0","2026-05-04","3115","2026-05-04 15:36:54.790","NULL","NULL","NULL",0,"NULL","NULL","NULL"
4504,"0003-526","02102-COMP-NB-ICT-PTRE-21","Mohon bantuannya untuk install software nividia dan MSI/dragon centre","Instalasi software MSI untuk mengaftikan bypass charging, dan sedikit troubleshooting software","0","2026-05-05","3116","2026-05-05 09:59:03.727","NULL","NULL","NULL",0,"NULL","NULL","NULL"
4505,"0004-526","02107-COMP-NB-ICT-PTRE-21","Permintaan install software google earth","Instalasi software google earth pro di laptop","0","2026-05-05","3117","2026-05-05 09:59:43.300","NULL","NULL","NULL",0,"NULL","NULL","NULL"
4506,"0012-526","2299-COMP-NB-ICT-PTRE-23","Dh tim ITMohon dibantu setup laptop untuk bekerjaterimakasih","Setup akun windows dan maintenance software serta setup email dan file server","0","2026-05-05","3125","2026-05-05 16:13:47.870","NULL","NULL","NULL",0,"NULL","NULL","NULL"
4507,"0015-526","01788 COMP-DSK-ICT-PTRE-19","barusan PC saya baru diganti akun windows dari pengguna lama jadi ke akun windows untuk saya, saat ini saat saya buka autocad jadi memerlukan password administrator. ","Troubleshoot software autocad","0","2026-05-05","3128","2026-05-05 17:34:00.187","NULL","NULL","NULL",0,"NULL","NULL","NULL"
4508,"0011-526","01788 COMP-DSK-ICT-PTRE-19","Email kantor saya belum connect dengan onedrive, masih menggunakan zimbra. ","Setup akun windows dan email di pc","0","2026-05-05","3124","2026-05-05 17:34:29.427","NULL","NULL","NULL",0,"NULL","NULL","NULL"
4509,"0010-526","01062-COMP-WORK-ICT-PTRE-13","Dh tim ITmohon dibantu untuk install software Plant 3D di PCterimakasih","Instalasi software AutoCAD Plant 3D","0","2026-05-05","3123","2026-05-05 17:35:06.577","NULL","NULL","NULL",0,"NULL","NULL","NULL"
4510,"0009-526","2250-COMP-NB-ICT-PTRE-23","Connect ke server process","Mapping File server dept process","0","2026-05-05","3122","2026-05-05 17:35:41.343","NULL","NULL","NULL",0,"NULL","NULL","NULL"
4511,"0008-526","2354-COMP-NB-ICT-PTRE-24","Dh tim ITmohon dibantu untuk install Plant 3D di laptopterimakasih","Instalasi software AutoCAD Plant 3D","0","2026-05-05","3121","2026-05-05 17:36:06.780","NULL","NULL","NULL",0,"NULL","NULL","NULL"
4512,"0019-526","2174-COMP-NB-ICT-PTRE-21","Awalnya bisa mengakses/masuk ke server process tapi tiba-tiba hilang dengan sendirinya.Mohon bantuan untuk bisa mengembalikan akses ke server process.Terima kasih","Cek Laptop, Wifi konek ke Tethering HP, konek ke Jaringan RE, mapping server","NULL","2026-05-06","3132","2026-05-06 14:18:14.227","NULL","NULL","NULL",0,"NULL","NULL","NULL"
4513,"0020-526","2211-COMP-NB-ICT-PTRE-22","setting printer by Pak Tata","Cek Printer, Troubleshoot Printer POS install printer POS 80 dan 58, setting kertas","NULL","2026-05-07","3133","2026-05-07 14:07:46.397","NULL","NULL","NULL",0,"NULL","NULL","NULL"
4514,"0021-526","2240-COMP-NB-ICT-PTRE-23","Laptop tidak bisa shutdown","Troubleshoot laptop yg nyala sendiri walau sudah di shutdown","0","2026-05-07","3134","2026-05-07 15:14:07.980","NULL","NULL","NULL",0,"NULL","NULL","NULL"
4515,"0023-526","2376-COMP-DESK-ICT-PTRE-24","Install ulang windows, dikarenakan ada beberapa aplikasi yang berjalan tidak lancar dan pc terkadang merespon ","cek PC, reset PC dan Akun","NULL","2026-05-08","3136","2026-05-08 09:01:29.757","NULL","NULL","NULL",0,"NULL","NULL","NULL"
4516,"0025-526","2164-COMP-NB-ICT-PTRE-21","Belum bisa login teams","Cek laptop, sign in ulang teams","NULL","2026-05-08","3138","2026-05-08 15:13:40.450","NULL","NULL","NULL",0,"NULL","NULL","NULL"
4517,"0017-526","2479-COMP-NB-ICT-PTRE-26","Dh tim ITmohon dibantu setup laptop baru untuk bekerjaterimakasih","Instalasi laptop baru
-backup data
-maintenance software dan hardware","0","2026-05-11","3130","2026-05-11 19:21:34.000","NULL","NULL","NULL",0,"NULL","NULL","NULL"
4518,"0077-426","2477-COMP-NB-ICT-PTRE-26","Dh Tim ITmohon dibantu setup laptop baru untuk bekerjaterimakasih","Instalasi laptop baru 
-backup data
-maintenance software dan hardware","0","2026-05-11","3112","2026-05-11 19:24:17.873","NULL","NULL","NULL",0,"NULL","NULL","NULL"
4519,"0033-526","2408-COMP-NB-ICT-PTRE-24","Pak minta tolong, lisensi anydesk sy bermasalah. minta tolong untuk bisa diupdatekan ya pak, terima kasih","1 Jam, Uninstall anydesk lama, hapus semua folder anydesk di drive C, install anydesk versi 7","NULL","2026-05-12","3146","2026-05-12 11:13:32.257","NULL","NULL","NULL",0,"NULL","NULL","NULL"
4520,"0018-526","2369-COMP-NB-ICT-PTRE-24","VPN tidak bisa digunakan saat WFH","Maintain software VPN","0","2026-05-18","3131","2026-05-18 11:05:29.230","NULL","NULL","NULL",0,"NULL","NULL","NULL"
4521,"0035-526","2253-COMP-NB-ICT-PTRE-23","Setup email,CAD dan wifi","setup email, autocad dan wifi electrical","0","2026-05-18","3148","2026-05-18 14:20:49.133","NULL","NULL","NULL",0,"NULL","NULL","NULL"
4522,"0044-526","04770-FUR-KK-CFS-PTRE-25","TIDA BISA CONNECT KE DRIV D","Permbersihan harddisk fisik karna tidak terbaca","NULL","2026-05-18","3157","2026-05-18 15:21:53.537","NULL","NULL","NULL",0,"NULL","NULL","NULL"
4523,"0050-526","2199-COMP-NB-ICT-PTRE-22","suka jalan sendiri tanpa dibimbing.","Maintenance keyboard laptop yang terindikasi rusak karena kotor","0","2026-05-18","3163","2026-05-18 16:32:01.937","NULL","NULL","NULL",0,"NULL","NULL","NULL"
4524,"0047-526","2414-COMP-NB-ICT-PTRE-24","ada iklan 100 detik saat buka anydesk","reinstall software anydesk","0","2026-05-18","3160","2026-05-18 16:33:06.763","NULL","NULL","NULL",0,"NULL","NULL","NULL"
4525,"0048-526","2276-COMP-NB-ICT-PTRE-23","Laptop gabisa copy file ke flashdisk untuk kepentingan print di mesin print process","Download dan Install Driver Printer, setting printer","NULL","2026-05-19","3161","2026-05-19 09:49:10.217","NULL","NULL","NULL",0,"NULL","NULL","NULL"
4526,"0042-526","2149-COMP-NB-ICT-PTRE-21","Anydesk iklan ","1 Jam, uninstall Anydesk, hapus semua folder anydesk di drive c, install anydesk versi 7","NULL","2026-05-19","3155","2026-05-19 09:53:08.947","NULL","NULL","NULL",0,"NULL","NULL","NULL"
4527,"0041-526","2270-COMP-DESK-ICT-PTRE-23","Minta tolong konek server proyek WWTP JFE","1 Jam, mapping server 3.30","NULL","2026-05-19","3154","2026-05-19 10:01:55.070","NULL","NULL","NULL",0,"NULL","NULL","NULL"
4528,"0040-526","02010 COMP-NB-ICT-PTRE-20","laptop tiba-tiba mati dan hang tidak bisa nyala lagi","1 Jam, cek laptop, hang, layar hitam. bongkar laptop, copot baterai laptop.","NULL","2026-05-19","3153","2026-05-19 10:04:16.260","NULL","NULL","NULL",0,"NULL","NULL","NULL"
4529,"0040-526","02010 COMP-NB-ICT-PTRE-20","laptop tiba-tiba mati dan hang tidak bisa nyala lagi","1 Jam, cek laptop, hang, layar hitam. bongkar laptop, copot baterai laptop.","NULL","2026-05-19","3153","2026-05-19 10:04:16.407","NULL","NULL","NULL",0,"NULL","NULL","NULL"
4530,"0037-526","2131-COMP-NB-ICT-PTRE-21","Permintaan setup laptop untuk ditukar dengan laptop yang lamaterimakasih","4 jam
backup data, maintenance software  engineer dan setup email","0","2026-05-19","3150","2026-05-19 13:19:51.787","NULL","NULL","NULL",0,"NULL","NULL","NULL"
4531,"0052-526","2409-COMP-NB-ICT-PTRE-24","Laptop kantor saya tidak bisa menyala karena error pada operating system laptop. ","1 jam, cek laptop layar mati tidak bisa booting. lakukan hard reset.","NULL","2026-05-20","3165","2026-05-20 09:01:02.610","NULL","NULL","NULL",0,"NULL","NULL","NULL"
4532,"0053-526","2409-COMP-NB-ICT-PTRE-24","Mohon bantuannya untuk memperbaiki aplikasi anydesk yang sudah muncul notif iklan. ","1 Jam, uninstall anydesk dan hapus semua folder anydesk di drive C, install anydesk versi 7","NULL","2026-05-20","3166","2026-05-20 09:02:35.420","NULL","NULL","NULL",0,"NULL","NULL","NULL"
4533,"0057-526","2056 COMP-NB-ICT-PTRE-20","Laptop tidak bisa digunakan, karena load SSD mencapai 98% sehingga tidak bisa digunakan untuk bekerja hehe","Perpindahan data OS ssd lama ke ssd baru","0","2026-05-21","3170","2026-05-21 13:45:17.603","NULL","NULL","NULL",0,"NULL","NULL","NULL"
4534,"0057-526","2056 COMP-NB-ICT-PTRE-20","Laptop tidak bisa digunakan, karena load SSD mencapai 98% sehingga tidak bisa digunakan untuk bekerja hehe","Perpindahan data OS ssd lama ke ssd baru","0","2026-05-21","3170","2026-05-21 13:45:18.380","NULL","NULL","NULL",0,"NULL","NULL","NULL"
4535,"0063-526","01311-COMP-WORK-ICT-PTRE-15","Permintaan Reinstall software anydeskDh tim IT mohon dibantu ya. terimakasih","Maintenance software dan reinstall software anydesk","0","2026-05-22","3176","2026-05-22 14:37:04.777","NULL","NULL","NULL",0,"NULL","NULL","NULL"
4536,"0063-526","01311-COMP-WORK-ICT-PTRE-15","Permintaan Reinstall software anydeskDh tim IT mohon dibantu ya. terimakasih","Maintenance software dan reinstall software anydesk","0","2026-05-22","3176","2026-05-22 14:37:04.887","NULL","NULL","NULL",0,"NULL","NULL","NULL"
4537,"0062-526","2347-COMP-NB-ICT-PTRE-24","Dengan hormat,One drive tidak bisa di share ke temen re","1 Jam, cek laptop cek onedrive, sign out dan sign in ulang, share dokumen yang diinginkan","NULL","2026-05-25","3175","2026-05-25 08:33:13.877","NULL","NULL","NULL",0,"NULL","NULL","NULL"
4538,"0060-526","2408-COMP-NB-ICT-PTRE-24","Pak mohon bantuannya sekali laptop saya tidak bisa menutup dan terbuka bawahnya . terima kasih","8 jam, perbaikan engsel laptop yang lepas","0","2026-05-25","3173","2026-05-25 10:22:55.520","NULL","NULL","NULL",0,"NULL","NULL","NULL"
4539,"0054-526","2032 COMP-DSK-ICT-PTRE-20","Utk akses data Project JFE Water Treatment","Mapping server E3D dan Piping untuk menyimpan data project","0","2026-05-25","3167","2026-05-25 11:00:27.820","NULL","NULL","NULL",0,"NULL","NULL","NULL"
4540,"0065-526","01767 COMP-NB-ICT-PTRE-19","laptop mati layar setelah di restart namun suara kipas terdengar","Penggantian RAM yang rusak","0","2026-05-25","3178","2026-05-25 14:52:10.247","NULL","NULL","NULL",0,"NULL","NULL","NULL"
4541,"0064-526","01061-COMP-WORK-ICT-PTRE-13","Permintaan pemasangan kabel LAN untuk mempercepat koneksi","Pemasangan kabel LAN karna berpindah tempat","0","2026-05-25","3177","2026-05-25 14:52:58.083","NULL","NULL","NULL",0,"NULL","NULL","NULL"
4542,"0059-526","2483-COMP-NB-ICT-PTRE-26","set up laptop baru","Backup data dan instalasi software terbaru","0","2026-05-29","3172","2026-05-29 13:42:28.577","NULL","NULL","NULL",0,"NULL","NULL","NULL"
4543,"0046-526","2478-COMP-NB-ICT-PTRE-26","Dh tim ITmohon dibantu untuk setup laptop baru terimakasih","Backup data dan instalasi software untuk laptop baru","0","2026-05-29","3159","2026-05-29 13:43:20.197","NULL","NULL","NULL",0,"NULL","NULL","NULL"
4544,"0001-626","2482-COMP-NB-ICT-PTRE-26","Minta setup printer","Install printer marketing","0","2026-06-02","3184","2026-06-02 08:47:31.190","NULL","NULL","NULL",0,"NULL","NULL","NULL"
4545,"0002-626","2344-COMP-NB-ICT-PTRE-24","Permintaan tambah RAM di laptop","Maintenance RAM laptop","0","2026-06-02","3185","2026-06-02 14:48:05.467","NULL","NULL","NULL",0,"NULL","NULL","NULL"
4546,"0004-626","2347-COMP-NB-ICT-PTRE-24","Sealamat pagi,Saat meeting online dengan ms teams mic tidak fungsi.Terima kasihSalam syt","Troubleshoot audio driver yang error","0","2026-06-02","3187","2026-06-02 16:25:03.200","NULL","NULL","NULL",0,"NULL","NULL","NULL"
4547,"0003-626","2276-COMP-NB-ICT-PTRE-23","butuh akun ms teams untuk kelancara meeting proyek","1 Jam, create akun ms 365 untuk akses teams","NULL","2026-06-02","3186","2026-06-02 17:27:27.157","NULL","NULL","NULL",0,"NULL","NULL","NULL"
4548,"0003-626","2276-COMP-NB-ICT-PTRE-23","butuh akun ms teams untuk kelancara meeting proyek","1 Jam, create akun ms 365 untuk akses teams","NULL","2026-06-02","3186","2026-06-02 17:27:27.337","NULL","NULL","NULL",0,"NULL","NULL","NULL"
4549,"0007-626","2276-COMP-NB-ICT-PTRE-23","Anydesk ada iklannya, menanggu pekerjaan ","cek laptop, hapus anydesk, hapus folder anydesk di drive C, install anydesk versi 7","NULL","2026-06-03","3190","2026-06-03 09:41:19.783","NULL","NULL","NULL",0,"NULL","NULL","NULL"
4550,"0005-626","2414-COMP-NB-ICT-PTRE-24","koneksi tidak dapat terhubung padahal pakai wifi process","1 Jam, cek laptop, hapus anydesk, hapus folder anydesk di drive C, install anydesk versi 7","NULL","2026-06-03","3188","2026-06-03 09:42:28.610","NULL","NULL","NULL",0,"NULL","NULL","NULL"
4551,"0005-626","2414-COMP-NB-ICT-PTRE-24","koneksi tidak dapat terhubung padahal pakai wifi process","1 Jam, cek laptop, hapus anydesk, hapus folder anydesk di drive C, install anydesk versi 7","NULL","2026-06-03","3188","2026-06-03 09:42:28.737","NULL","NULL","NULL",0,"NULL","NULL","NULL"
4552,"0008-626","2253-COMP-NB-ICT-PTRE-23","Wifi bermasalah mohon dibantu","Troubleshoot wifi yang hilang","0","2026-06-03","3191","2026-06-03 14:17:22.653","NULL","NULL","NULL",0,"NULL","NULL","NULL"
4553,"0016-626","01828 COMP-DSK-ICT-PTRE-19","instal autocad 2024","Install upgrade software autocad 2024","0","2026-06-04","3199","2026-06-04 17:08:23.340","NULL","NULL","NULL",0,"NULL","NULL","NULL"
4554,"0012-626","2159-COMP-NB-ICT-PTRE-21","Request setting email untuk laptop JOTRE dieng project","1 Jam, setting email di laptop Dieng","NULL","2026-06-04","3195","2026-06-04 17:25:06.267","NULL","NULL","NULL",0,"NULL","NULL","NULL"
4555,"0012-626","2159-COMP-NB-ICT-PTRE-21","Request setting email untuk laptop JOTRE dieng project","1 Jam, setting email di laptop Dieng","NULL","2026-06-04","3195","2026-06-04 17:25:06.370","NULL","NULL","NULL",0,"NULL","NULL","NULL"
4556,"0012-626","2159-COMP-NB-ICT-PTRE-21","Request setting email untuk laptop JOTRE dieng project","1 Jam, setting email di laptop Dieng","NULL","2026-06-04","3195","2026-06-04 17:25:07.010","NULL","NULL","NULL",0,"NULL","NULL","NULL"
4557,"0019-626","2408-COMP-NB-ICT-PTRE-24","Pak mau minta tolong, anydesk saya kena limit lagi, terima kasih","Cek laptop, uninstall anydesk, hapus folder anydesk di drive C, install anydesk versi 7","NULL","2026-06-05","3202","2026-06-05 14:13:18.057","NULL","NULL","NULL",0,"NULL","NULL","NULL"
4558,"0019-626","2408-COMP-NB-ICT-PTRE-24","Pak mau minta tolong, anydesk saya kena limit lagi, terima kasih","Cek laptop, uninstall anydesk, hapus folder anydesk di drive C, install anydesk versi 7","NULL","2026-06-05","3202","2026-06-05 14:13:18.440","NULL","NULL","NULL",0,"NULL","NULL","NULL"
4559,"0017-626","2478-COMP-NB-ICT-PTRE-26","Setting Printer","Install software printer dan scanner di HRM","0","2026-06-05","3200","2026-06-05 16:25:35.857","NULL","NULL","NULL",0,"NULL","NULL","NULL"
4560,"0024-626","2289-COMP-NB-ICT-PTRE-23","Ganti password laptop","cek laptop, ganti password akun laptop, mapping ulang server electrical","NULL","2026-06-09","3207","2026-06-09 08:43:34.037","NULL","NULL","NULL",0,"NULL","NULL","NULL"
4561,"0025-626","2355-COMP-NB-ICT-PTRE-24","Anydesk counting dari 1000-0","1 jam, Cek laptop uninstall anydesk, hapus semua folder anydesk di drive c, install anydesk versi 7","NULL","2026-06-09","3208","2026-06-09 08:44:59.093","NULL","NULL","NULL",0,"NULL","NULL","NULL"
4562,"0025-626","2355-COMP-NB-ICT-PTRE-24","Anydesk counting dari 1000-0","1 jam, Cek laptop uninstall anydesk, hapus semua folder anydesk di drive c, install anydesk versi 7","NULL","2026-06-09","3208","2026-06-09 08:44:59.213","NULL","NULL","NULL",0,"NULL","NULL","NULL"
4563,"0026-626","2322-COMP-NB-ICT-PTRE-0324","tolong dibantu, laptop Asih ga bisa ngeprint ","Cek laptop, cek koneksi ke printer, kencangkan kabel LAN di printer dan Switch, ganti Wifi ke Finance dari REAP","NULL","2026-06-09","3209","2026-06-09 08:47:20.070","NULL","NULL","NULL",0,"NULL","NULL","NULL"
4564,"0015-626","2444-COMP-NB-ICT-PTRE-25","minta tolong install program  DROPBOX untuk keperluan project","Instalasi drop box di laptop untuk akses project","0","2026-06-09","3198","2026-06-09 10:07:25.350","NULL","NULL","NULL",0,"NULL","NULL","NULL"
4565,"0027-626","2110-COMP-NB-ICT-PTRE-21","Telah di bantu mas tata untuk memory laptop ya g full","Extend Drive C","NULL","2026-06-09","3210","2026-06-09 11:02:09.380","NULL","NULL","NULL",0,"NULL","NULL","NULL"
4566,"0029-626","2327-COMP-NB-ICT-PTRE-24","mohon dibantuPada saat membuka file di outlook itu tidak terbukaterimakasih","Troubleshoot software outlook","0","2026-06-09","3212","2026-06-09 13:44:15.023","NULL","NULL","NULL",0,"NULL","NULL","NULL"
4567,"0030-626","02099-COMP-NB-ICT-PTRE-21","anydesk muncul iklan 999 detik","Reinstall software anydesk","0","2026-06-09","3213","2026-06-09 13:44:42.460","NULL","NULL","NULL",0,"NULL","NULL","NULL"
4568,"0034-626","2477-COMP-NB-ICT-PTRE-26","Whatsapp errormohon dibantu","Troubleshoot software whatsapp yang error saat download","0","2026-06-10","3217","2026-06-10 10:48:07.837","NULL","NULL","NULL",0,"NULL","NULL","NULL"
4569,"0040-626","2112-COMP-NB-ICT-PTRE-21","Ga bisa masuk meeting MS Teams","1 Jam, cek laptop, sign in dengan email pribadi, sign out dan sign in menggunakan akun civil engineer 2","NULL","2026-06-10","3223","2026-06-10 17:12:05.247","NULL","NULL","NULL",0,"NULL","NULL","NULL"
4570,"0033-626","2250-COMP-NB-ICT-PTRE-23","reinstall anydesk (limit)","Reinstall anydesk di laptop","0","2026-06-11","3216","2026-06-11 17:15:07.867","NULL","NULL","NULL",0,"NULL","NULL","NULL"
4571,"0049-526","2395-COMP-NB-ICT-PTRE-24","Setting printer dan Anydesk sudah 1000 detik iklan","1 Jam, Setting Printer, uninstall anydesk dan hapus semua folder anydesk di drive C, install anydesk versi 7","NULL","2026-06-15","3162","2026-06-15 11:27:48.017","NULL","NULL","NULL",0,"NULL","NULL","NULL"
4572,"0058-526","2268-COMP-DESK-ICT-PTRE-23","Dear ICT Helpdesk,Mohon bantuan untuk dilakukan pembersihan PC 3D untuk mecegah penurunan performa PC, karena heatsink &amp; fan sudah tertutup debu lumayan tebal","Pembersihan pc di ruang 3D","0","2026-06-15","3171","2026-06-15 13:06:00.877","NULL","NULL","NULL",0,"NULL","NULL","NULL"
4573,"0036-626","01767 COMP-NB-ICT-PTRE-19","laptop mengalami eror juga cahrager tidak berfungsi sama sekali","1 Jam, cek charger laptop, ganti dengan yang lain","NULL","2026-06-15","3219","2026-06-15 16:34:56.733","NULL","NULL","NULL",0,"NULL","NULL","NULL"
4574,"0043-626","00757-COMP-DESK-ICT-PTRE-11","Update Install NavisUpdate Install CAD reviewInstall VPN support untuk kantor RE","2 jam, remote laptop install aplikasi dan troubleshoot anydesk, install VPN","NULL","2026-06-15","3226","2026-06-15 16:37:21.723","NULL","NULL","NULL",0,"NULL","NULL","NULL"
4575,"0044-626","2414-COMP-NB-ICT-PTRE-24","ada iklan saat menggunakan anydesk","Remote laptop, uninstall anydesk, hapus semua folder anydesk di drive C, install anydesk versi 7","NULL","2026-06-15","3227","2026-06-15 17:20:48.987","NULL","NULL","NULL",0,"NULL","NULL","NULL"
4576,"0046-626","01766 COMP-NB-ICT-PTRE-19","yth IFS,mohon bantuannya untuk setting printer process di laptop saya.ada beberapa dokumen yang perlu saya print.terima kasih,Rimbo","1 jam, download driver printer epson AM M5500 dan setting printer","NULL","2026-06-17","3229","2026-06-17 17:22:56.973","NULL","NULL","NULL",0,"NULL","NULL","NULL"
4577,"0054-626","2409-COMP-NB-ICT-PTRE-24","Untuk saat ini software anydesk pada laptop kantor sudah muncul iklan selama 100 detik. ","Uninstall anydesk dan Hapus semua folder drive C, install anydesk versi 7","NULL","2026-06-17","3237","2026-06-17 17:24:00.137","NULL","NULL","NULL",0,"NULL","NULL","NULL"
4578,"0057-626","2170-COMP-NB-ICT-PTRE-21","VPN RE dan email","Setting email, download dan install VPN forticlient, setting VPN","NULL","2026-06-18","3240","2026-06-18 13:20:23.173","NULL","NULL","NULL",0,"NULL","NULL","NULL"
4579,"0060-626","01996 COMP-NB-ICT-PTRE-19","Instal aplikasi spacedesk","Install software spacedesk","NULL","2026-06-18","3243","2026-06-18 13:46:42.120","NULL","NULL","NULL",0,"NULL","NULL","NULL"
4580,"0053-626","2372-COMP-NB-ICT-PTRE-24","Install PDF Element","Instalasi software pdf element","0","2026-06-18","3236","2026-06-18 18:16:10.507","NULL","NULL","NULL",0,"NULL","NULL","NULL"
4581,"0055-626","02075-COMP-NB-ICT-PTRE-20","Permintaan penghapusan WPS office","Uninstall WPS office yang tiba"" muncul","0","2026-06-18","3238","2026-06-18 18:44:17.157","NULL","NULL","NULL",0,"NULL","NULL","NULL"
4582,"0066-626","01760 COMP-NB-ICT-PTRE-19","Permintaan instalasi software PDF Wondershare","Instalasi software PDF Wondershare di laptop","0","2026-06-19","3249","2026-06-19 11:06:45.253","NULL","NULL","NULL",0,"NULL","NULL","NULL"
4583,"0062-626","2408-COMP-NB-ICT-PTRE-24","Pak minta tolong pdf sy ke lock gabisa login","1 jam, login pdf secara online untuk membuka kunci","NULL","2026-06-22","3245","2026-06-22 09:01:05.927","NULL","NULL","NULL",0,"NULL","NULL","NULL"
4584,"0063-626","2296-COMP-NB-ICT-PTRE-23","Untuk kemudahan dan penunjang kecepatan pekerjaan, mohon bantuannya untuk dapat membukakan akses laptop saya agar bisa meng akses server dokumen kontrol.","mapping server Project Control dan Docon","NULL","2026-06-22","3246","2026-06-22 09:42:35.947","NULL","NULL","NULL",0,"NULL","NULL","NULL"
4585,"0072-626","2323-COMP-NB-ICT-PTRE-24","Template pdf ke word","Cek word, atur ulang pengaturan word nya, bantu susun data","NULL","2026-06-23","3255","2026-06-23 10:49:46.600","NULL","NULL","NULL",0,"NULL","NULL","NULL"
4586,"0081-626","02010 COMP-NB-ICT-PTRE-20","install wondershare - pdf elemnt di laptop annisa","1 jam, install PDF Elements","NULL","2026-06-25","3264","2026-06-25 08:50:00.333","NULL","NULL","NULL",0,"NULL","NULL","NULL"
4587,"0085-626","01784 COMP-DSK-ICT-PTRE-19","Remote anydesk kena limit. sudah solve di ruangan IT dengan pak tata.","uninstall anydesk , hapus folder anydesk  di drive C, install anydesk versi 7","NULL","2026-06-25","3268","2026-06-25 13:35:24.957","NULL","NULL","NULL",0,"NULL","NULL","NULL"
4588,"0077-626","2413-COMP-NB-ICT-PTRE-24","Email thunderbird bermasalah, mohon dibantuterimakasih","software email bermasalah, jadi ganti pakai office 365 dengan sistem akun sharing","0","2026-06-29","3260","2026-06-29 09:33:36.183","NULL","NULL","NULL",0,"NULL","NULL","NULL"
4589,"0079-626","02091-COMP-NB-ICT-PTRE-21","Mohon dibantu untuk penggantian baterai laptop saya.","Ganti baterai laptop","0","2026-06-29","3262","2026-06-29 09:36:09.263","NULL","NULL","NULL",0,"NULL","NULL","NULL"
4590,"0089-626","2350-COMP-NB-ICT-PTRE-24","mohon dibantu untuk error pada ms office sayaterimakasih","Troubleshoot ms 2016, upgrade ke ms 365 dengan sistem akun sharing","0","2026-06-29","3272","2026-06-29 09:48:47.617","NULL","NULL","NULL",0,"NULL","NULL","NULL"
4591,"0090-626","01876 COMP-NB-ICT-PTRE-19","mohon dibantu terkait masalah emailterimakasih","Maintenance software outlook, ubah profil email","0","2026-06-29","3273","2026-06-29 09:52:15.930","NULL","NULL","NULL",0,"NULL","NULL","NULL"
4592,"0093-626","2210-COMP-NB-ICT-PTRE-22","install CAD viewer","Instalasi software DWG di laptop","0","2026-06-29","3276","2026-06-29 09:52:51.287","NULL","NULL","NULL",0,"NULL","NULL","NULL"
4593,"0092-626","2408-COMP-NB-ICT-PTRE-24","Pak minta tolong anydesk saya kena limit lagi. Terima kasih ","1 Jam, uninstall anydesk, hapus folder anydesk di drive C , install anydesk versi 7","NULL","2026-06-30","3275","2026-06-30 17:17:38.623","NULL","NULL","NULL",0,"NULL","NULL","NULL"
4594,"0009-726","02099-COMP-NB-ICT-PTRE-21","camera PC bermasalah","cek laptop, cek camera, uninstall driver camera, bisa tapi error lagi, download driver camera dari website,  install, bisa tapi ga lama error lagi, rencana mau install ulang laptop","NULL","2026-07-02","3295","2026-07-02 17:29:31.333","NULL","NULL","NULL",0,"NULL","NULL","NULL"
4595,"0003-726","2435-COMP-NB-ICT-PTRE-25","masih dengan masalah kemaren, karena belum di follow up, tolong bantuannya.","Install ulang laptop, dan instalasi software dan maintenance","0","2026-07-03","3289","2026-07-03 13:51:37.090","NULL","NULL","NULL",0,"NULL","NULL","NULL"
4596,"0010-726","02091-COMP-NB-ICT-PTRE-21","Mohon dibantu memindahkan storage email ke drive D","2 Jam, backup email ost ke pst","NULL","2026-07-03","3296","2026-07-03 17:29:04.597","NULL","NULL","NULL",0,"NULL","NULL","NULL"
4597,"0005-726","01444-COMP-NB-ICT-PTRE-17","Mohon dibantu segera setting PC Engineer an :Aanda HarryJose JulianTerima kasih.","6 Jam, setting PC jose dan ananda","NULL","2026-07-06","3291","2026-07-06 16:31:21.590","NULL","NULL","NULL",0,"NULL","NULL","NULL"
4598,"0017-726","2211-COMP-NB-ICT-PTRE-22","setting printer req by Maulana F.","Setting 2 printer POS","NULL","2026-07-06","3303","2026-07-06 16:32:04.920","NULL","NULL","NULL",0,"NULL","NULL","NULL"
4599,"0100-626","01814 COMP-DSK-ICT-PTRE-19","SSD tidak terdeteksi","2 Jam, cek PC bongkar PC, lepas SSD, backup SSD. Install ulang Windows","NULL","2026-07-06","3283","2026-07-06 17:20:32.397","NULL","NULL","NULL",0,"NULL","NULL","NULL"
4600,"0097-626","2435-COMP-NB-ICT-PTRE-25","tolong bantuannya untuk laptop saya karena mau buka revit tidak bisa info nya memorry laptop penuh","1 jam, cek laptop hapus file sampah di drive C dan pindahkan sebagian data ke HDD external dan onedrive","NULL","2026-07-06","3280","2026-07-06 17:22:21.443","NULL","NULL","NULL",0,"NULL","NULL","NULL"
4601,"0095-626","01774 COMP-DSK-ICT-PTRE-19","Update Softwear AutoCAD 2019 Menjadi 2026","2 Jam, uninstall autocad 2019 dan install autocad 2026","NULL","2026-07-06","3278","2026-07-06 17:23:33.630","NULL","NULL","NULL",0,"NULL","NULL","NULL"
4602,"0086-626","01311-COMP-WORK-ICT-PTRE-15","Auto CAD Error","3 jam, uninstall semua product autodesk, install ulang semua aplikasi autocad, plant 3D dan navis","NULL","2026-07-06","3269","2026-07-06 17:27:30.860","NULL","NULL","NULL",0,"NULL","NULL","NULL"
4603,"0091-626","01903 COMP-DSK-ICT-PTRE-19","Mohon bantuan setting print.","1 Jam, setting printer di laptop","NULL","2026-07-06","3274","2026-07-06 17:28:41.427","NULL","NULL","NULL",0,"NULL","NULL","NULL"
4604,"0094-626","02091-COMP-NB-ICT-PTRE-21","mohon dibantu instal software apple device di laptop kantor, secara remote (anydesk)","1 Jam, install software yang diminta dan setting VPN","NULL","2026-07-06","3277","2026-07-06 17:29:38.420","NULL","NULL","NULL",0,"NULL","NULL","NULL"
4605,"0056-426","2156-COMP-NB-ICT-PTRE-21","Yth. Tim IT PTRESehubungan dengan penggunaan Microsoft Office 365 untuk mendukung aktivitas pekerjaan sehari-hari, saya mengajukan penggunaan akun Office 365 yang terdaftar atas nama pribadi (dedicated account), bukan menggunakan akun milik pihak lain.Adapun pertimbangannya adalah sebagai berikut:Keamanan Data dan Kerahasiaan InformasiAkuntabilitas dan Audit TrailKepatuhan terhadap Kebijakan IT (IT Compliance)Stabilitas Akses dan ProduktivitasIntegrasi Sistem dan Kolaborasi yang Lebih Efektif Berdasarkan hal tersebut, penggunaan akun Office 365 pribadi akan lebih aman, profesional, serta mendukung efisiensi kerja secara keseluruhan.","1 Jam, setting akun office 365 dan teams","NULL","2026-07-06","3091","2026-07-06 17:31:50.873","NULL","NULL","NULL",0,"NULL","NULL","NULL"
4606,"0067-326","02010 COMP-NB-ICT-PTRE-20","maintenance outlook yang tidak bisa dibuka (setiap dibuka selalu close otomatis)","1 Jam, install ulang office","NULL","2026-07-06","3035","2026-07-06 17:34:11.943","NULL","NULL","NULL",0,"NULL","NULL","NULL"
4607,"0086-226","01451-COMP-NB-ICT-PTRE-17","Dear Team IT,Mohon bantuannya, mulai pagi tadi Ms Excel lambat kalau untuk copy paste, sehingga harus sering-sering End Task karena kursor tidak bisa digerakkan. Laptop sudah di-restart 2x tetapi tidak ada perubahan.Terima kasihMonika","1 Jam, install office 365 sharing","NULL","2026-07-06","2955","2026-07-06 17:35:47.667","NULL","NULL","NULL",0,"NULL","NULL","NULL"
4608,"0087-126","2349-COMP-NB-ICT-PTRE-24","civil share point","1 Jam, setting share point","NULL","2026-07-06","2861","2026-07-06 17:37:53.217","NULL","NULL","NULL",0,"NULL","NULL","NULL"
4609,"0021-726","2276-COMP-NB-ICT-PTRE-23","Dari hari selasa sore tidak bisa menerima email, padahal penting karena koordinasi proyek semuanya by email","Cek pengaturan email, forward email dari office 365 ke zimbra karena user tidak dapat lisensi office 365","NULL","2026-07-08","3307","2026-07-08 09:30:46.920","NULL","NULL","NULL",0,"NULL","NULL","NULL"
4610,"0025-726","2344-COMP-NB-ICT-PTRE-24","Mohon kiranya dapat di maintanace program autocad ","Cek laptop. Install Drirect X 12, install Nvidia Studio","NULL","2026-07-08","3311","2026-07-08 14:52:37.427","NULL","NULL","NULL",0,"NULL","NULL","NULL"
4611,"0026-726","2112-COMP-NB-ICT-PTRE-21","install autocad viewer","Install DWG True View dan NavisFreedom","NULL","2026-07-08","3312","2026-07-08 14:53:20.023","NULL","NULL","NULL",0,"NULL","NULL","NULL"
4612,"0027-726","2032 COMP-DSK-ICT-PTRE-20","tampilan monitor tidak bisa di buka","Cek PC, uninstall driver VGA, update windows","NULL","2026-07-09","3313","2026-07-09 10:35:02.487","NULL","NULL","NULL",0,"NULL","NULL","NULL"
4613,"0016-726","2355-COMP-NB-ICT-PTRE-24","Dear Tim IT, Autocad di Laptop kantor muncul notifikasi seperti terlampir. Hanya bisa buka file CAD sebentar kemudian harus di close.Mohon bantuannya untuk mengatasi masalah ini.Sebelumnya disampaikan terimakasih.Salam,Tri Kurniawan-Mechanical","Cek laptop, uninstall semua produk autodesk, install semua aplikasi yang di pakai","NULL","2026-07-10","3302","2026-07-10 09:34:40.873","NULL","NULL","NULL",0,"NULL","NULL","NULL"
4614,"0037-726","01328-COMP-WORK-ICT-PTRE-15","Layar monitor mati semua","Cek kabel power, tekan tombol power di ke dua monitor","NULL","2026-07-13","3323","2026-07-13 09:45:21.780","NULL","NULL","NULL",0,"NULL","NULL","NULL"
4615,"0023-726","2233-COMP-NB-ICT-PTRE-23","setiap buka file di Autocad 2026 kadang-kadang sering error. minta diperbaiki atau ganti versi yang lain","Troubleshoot software autodesk 2026, update windows dan install autodesk versi 2025","0","2026-07-13","3309","2026-07-13 10:55:43.447","NULL","NULL","NULL",0,"NULL","NULL","NULL"
4616,"0029-726","01451-COMP-NB-ICT-PTRE-17","Dear Team IT,Unable to send emails since Monday, mohon dibantu.Terima kasihMonika","troubleshoot ms office 2016
terjadi upgrade software ke ms office 365","0","2026-07-13","3315","2026-07-13 10:57:18.890","NULL","NULL","NULL",0,"NULL","NULL","NULL"
4617,"0031-726","2128-COMP-NB-ICT-PTRE-21","minta upgrade ms office 2016 ke ms 365","Upgrade software ms 365","0","2026-07-13","3317","2026-07-13 10:57:55.570","NULL","NULL","NULL",0,"NULL","NULL","NULL"
4618,"0032-726","2129-COMP-NB-ICT-PTRE-21","Setting Laptop","Upgrade software ms 365","0","2026-07-13","3318","2026-07-13 10:58:33.483","NULL","NULL","NULL",0,"NULL","NULL","NULL"
4619,"0039-726","2424-COMP-NB-ICT-PTRE-25","Inbox email tidak dapat menerima email masuk","Remote laptop, cek email, cek settingan email, hapus dan create mail baru, tetap ga bisa, minta user ganti jaringan wifi","NULL","2026-07-13","3325","2026-07-13 15:06:20.263","NULL","NULL","NULL",0,"NULL","NULL","NULL"
4620,"0042-726","2170-COMP-NB-ICT-PTRE-21","outlook","Cek laptop, data pst hilang, setting ulang email","NULL","2026-07-14","3328","2026-07-14 10:31:43.653","NULL","NULL","NULL",0,"NULL","NULL","NULL"
4621,"0043-726","2149-COMP-NB-ICT-PTRE-21","anydesk iklan","uninstall anydesk, hapus semua folder anydesk di drive C, install anydesk versi 7","NULL","2026-07-14","3329","2026-07-14 10:35:04.693","NULL","NULL","NULL",0,"NULL","NULL","NULL"
4622,"0048-726","01903 COMP-DSK-ICT-PTRE-19","Dear Tim Mohon bantuan update naviswork manage 2026 dan capcut windows keperluan record training revit terimakasih.","Install navis manage 2026 dan capcut","NULL","2026-07-15","3334","2026-07-15 16:00:10.420","NULL","NULL","NULL",0,"NULL","NULL","NULL"
4623,"0051-726","2323-COMP-NB-ICT-PTRE-24","Koneksi printer FA","1 jam, cek printer, Error E. cabut kabel power, nyalakan printer, cek posisi catrige","NULL","2026-07-15","3337","2026-07-15 16:01:23.947","NULL","NULL","NULL",0,"NULL","NULL","NULL"
4624,"0052-726","02091-COMP-NB-ICT-PTRE-21","Mohon dibantu Instal license pipenet yang telah diemailkan","1 Jam, Install lisensi Pipenet","NULL","2026-07-15","3338","2026-07-15 16:02:01.177","NULL","NULL","NULL",0,"NULL","NULL","NULL"
4625,"0040-726","2250-COMP-NB-ICT-PTRE-23","reinstall anydesk","1 jam, cek laptop, uninstall anydesk, hapus semua folder anydesk di drive C, install anydesk versi 7","NULL","2026-07-16","3326","2026-07-16 09:12:28.973","NULL","NULL","NULL",0,"NULL","NULL","NULL"
4626,"0056-726","2429-COMP-NB-ICT-PTRE-25","Excel 2016 bawaan bug, perlu update office 365","Remote laptop, uninstall office 2016, download dan install office 365, setting office","NULL","2026-07-16","3342","2026-07-16 10:46:05.263","NULL","NULL","NULL",0,"NULL","NULL","NULL"
4627,"0057-726","2323-COMP-NB-ICT-PTRE-24","Koneksi printer","Cek Printer Warna, error semua lampu kedip, cabut kabel power, test print, tetap error ketika print lembar ke 2, sarankan bawa ke service center","NULL","2026-07-16","3343","2026-07-16 10:47:55.207","NULL","NULL","NULL",0,"NULL","NULL","NULL"
4628,"0060-726","2129-COMP-NB-ICT-PTRE-21","Outlook tidak dapat dicari pesan2 yang masuk sebelumnya. Mohon bantuannya mengingat pesan2 tersebut penting. Terima kasih","File pst sudah 20 GB, buat file pst baru, outlook sedang indexing data file, tunggu selesai indexing untuk bisa akses semua data file yang akan di search","NULL","2026-07-17","3346","2026-07-17 09:10:30.833","NULL","NULL","NULL",0,"NULL","NULL","NULL"
4629,"0061-726","2376-COMP-DESK-ICT-PTRE-24","My Problem is u","Install Recap 2026","NULL","2026-07-17","3347","2026-07-17 09:35:07.613","NULL","NULL","NULL",0,"NULL","NULL","NULL"
4630,"0059-726","01311-COMP-WORK-ICT-PTRE-15","Install navis","1 Jam, Install NavisFreedom","NULL","2026-07-17","3345","2026-07-17 13:48:30.307","NULL","NULL","NULL",0,"NULL","NULL","NULL"
4631,"0046-726","2324-COMP-NB-ICT-PTRE-24","Setting printer agar bisa mencetak dokumen","install driver printet di ppc","0","2026-07-20","3332","2026-07-20 08:15:01.717","NULL","NULL","NULL",0,"NULL","NULL","NULL"
4632,"0041-726","2150-COMP-NB-ICT-PTRE-21","Laptop pada saat di gunakan sering tiba2 sleep atau standby sendiri sehingga perlu di tekan power on dahulu supaya bisa nyala lagi.untuk file tdk hilang tetapi cukup menganggu saat sedang urgent di butuhkan.Selain itu ada masalah juga terkait Aplikasi WA, dimana untuk menyimpan file hanya bisa 1 file saja, apabila akan menyimpan file berikutnya perlu di close dulu dan di nyalakan ulang.untuk case WA ini sendiri sudah pernah di install ulang tetapi setelah beberapa lama terjadi lagi masalah yang saman","Reinstall windows 11","0","2026-07-20","3327","2026-07-20 09:54:13.990","NULL","NULL","NULL",0,"NULL","NULL","NULL"
4633,"0047-726","2414-COMP-NB-ICT-PTRE-24","Anydesknya ada iklan 100 detik","reinstall software anydesk","0","2026-07-20","3333","2026-07-20 09:55:23.900","NULL","NULL","NULL",0,"NULL","NULL","NULL"
4634,"0047-726","2414-COMP-NB-ICT-PTRE-24","Anydesknya ada iklan 100 detik","reinstall software anydesk","0","2026-07-20","3333","2026-07-20 09:55:24.050","NULL","NULL","NULL",0,"NULL","NULL","NULL"
4635,"0053-726","2412-COMP-NB-ICT-PTRE-24","REINSTALL ANYDESK","Reinstall software anydesk","0","2026-07-20","3339","2026-07-20 09:55:56.243","NULL","NULL","NULL",0,"NULL","NULL","NULL"
4636,"0068-726","2408-COMP-NB-ICT-PTRE-24","Pak punten minta tolong, untuk dibuatkan akun ms teams, untuk keperluan meeting dengan client, terima kasih","Create akun teams essentials, setting teams di laptop user","NULL","2026-07-20","3354","2026-07-20 10:56:57.977","NULL","NULL","NULL",0,"NULL","NULL","NULL"
4637,"0062-726","01828 COMP-DSK-ICT-PTRE-19","Dh Tim ITmohon dibantu untuk instalasi ssd baru di pc sayaterimakasih","Reinstall windows dan software"" designer, serta setup ulang akun dan outlook","1500000","2026-07-20","3348","2026-07-20 14:05:20.153","NULL","NULL","NULL",0,"NULL","NULL","NULL"
4638,"0070-726","02014 COMP-NB-ICT-PTRE-20","install ulang autcad plant 3d","Cek PC, cek autocad plant 3D, cek resource yang di pakai, minta ulang resource ke pak Made, copy ke PC Haryono","NULL","2026-07-20","3356","2026-07-20 15:19:04.203","NULL","NULL","NULL",0,"NULL","NULL","NULL"
4639,"0071-726","2349-COMP-NB-ICT-PTRE-24","email error tp sudah ditangani","Cek laptop, cek Email, file pst ke pindah, hapus akun, buat baru","NULL","2026-07-20","3357","2026-07-20 15:22:02.187","NULL","NULL","NULL",0,"NULL","NULL","NULL"
4640,"0072-726","2362-COMP-NB-ICT-PTRE-24","Update VPN &amp; Portal RE","Remote laptop, install Forticlient, setting VPN","NULL","2026-07-20","3358","2026-07-20 15:23:00.457","NULL","NULL","NULL",0,"NULL","NULL","NULL"
4641,"0050-726","2416-COMP-NB-ICT-PTRE-24","The bottom-right LCD bezel is coming loose, and the laptop no longer closes evenly. It may be related to the hinge, but I'd appreciate it if the IT team could inspect it. When I close the laptop, the screen doesn't close completely flat or align properly.Please help check and fix the issue.Thanks.","Perbaikan engsel laptop yang rusak/patah","0","2026-07-22","3336","2026-07-22 07:17:18.730","NULL","NULL","NULL",0,"NULL","NULL","NULL"
4642,"0063-726","01786 COMP-DSK-ICT-PTRE-19","Dh Tim ITmohon dibantu untuk install software pdf xchange untuk mengedit pdfterimakasih","install software xchange pdf dan dropbox di RTO 1","0","2026-07-22","3349","2026-07-22 09:22:57.267","NULL","NULL","NULL",0,"NULL","NULL","NULL"
4643,"0080-726","02104-COMP-NB-ICT-PTRE-21","akses network drive instrument untuk mencari referensi dokumen","Cek laptop, daftarkan macaddress laptop ke WiFi Instrument, mapping server Instrument","NULL","2026-07-22","3366","2026-07-22 11:20:55.577","NULL","NULL","NULL",0,"NULL","NULL","NULL"
4644,"0081-726","2408-COMP-NB-ICT-PTRE-24","Pak minta tolong untuk bisa di connect an laptop sy dengan printer, terima kasih ","Download dan install printer epson AM-M5500 dan setting printer","NULL","2026-07-22","3367","2026-07-22 11:21:50.417","NULL","NULL","NULL",0,"NULL","NULL","NULL"
4645,"0078-726","01346-COMP-WORK-ICT-PTRE-15","CPU mengeluarkan bunyi bunyi dan tidak berhenti2","Cek PC, lepas semua RAM dan bersihkan, pasang kembali RAM","NULL","2026-07-22","3364","2026-07-22 11:22:37.260","NULL","NULL","NULL",0,"NULL","NULL","NULL"
4646,"0084-726","2299-COMP-NB-ICT-PTRE-23","Install Office 365","Uninstall office 2016, download dan install office 365, setting email","NULL","2026-07-22","3370","2026-07-22 15:31:06.490","NULL","NULL","NULL",0,"NULL","NULL","NULL"
4647,"0075-726","01774 COMP-DSK-ICT-PTRE-19","unistall dan install licensing AutoCAD","3 Jam, cek PC download aplikasi untuk reset lisensi, tetap error, upgrade windows ke 11, selesai upgrade windows install file .net dan login ulang autocad","NULL","2026-07-23","3361","2026-07-23 08:17:28.417","NULL","NULL","NULL",0,"NULL","NULL","NULL"
4648,"0079-726","02088-COMP-NB-ICT-PTRE-20","butuh simulasi ","1 jam, install software etap di laptop","0","2026-07-23","3365","2026-07-23 08:25:30.317","NULL","NULL","NULL",0,"NULL","NULL","NULL"
4649,"0089-726","2408-COMP-NB-ICT-PTRE-24","Pak minta tolong anydesk saya kena limit lagi, terima kasih","Uninstall Anydesk, hapus semua folder anydesk di drive C. Install Anydesk versi 7","NULL","2026-07-23","3375","2026-07-23 15:05:14.707","NULL","NULL","NULL",0,"NULL","NULL","NULL"
4650,"0091-726","2345-COMP-NB-ICT-PTRE-24","Kalkulasi dengan staad pro yang beda versi memunculkan hasil yang berbeda","Cek Staad, uninstall bentley connect, download dan install bentley connect, update staad pro ke versi 22.12","NULL","2026-07-23","3377","2026-07-23 17:17:41.373","NULL","NULL","NULL",0,"NULL","NULL","NULL"
4651,"0076-726","01485-COMP-NB-ICT-PTRE-18","DhTim IT/IFS REMohon bisa dibantu setting mic device pada laptop kantor saya karna tidak bisa digunakan ketika online meeting. mohon dibantu juga untuk setting VPN karna gabisa akses web portal dan peoplebond. mohon dibantu juga untuk instalasi office 365 (pake akun pribadi karna saya punya langganan sendiri klo misal gadapat akun dari kantor) karna versi instalasi di laptop yang saya pakai masih tahun 2016, impactnya di pekerjaan saya harus effort lebih untuk edit data excel sering berubah karna versi lama (gabisa kerja maksimal pake laptop kantor).Terimakasih atas perhatiannyaSalam,Muhammad Faiz","Uninstall office 2016, download dan install office 365","NULL","2026-07-24","3362","2026-07-24 11:34:46.637","NULL","NULL","NULL",0,"NULL","NULL","NULL"
4652,"0092-726","01463-COMP-NB-ICT-PTRE-18","Pembuatan CSV di excel error dan tidak bisa tersimpan ","Cek laptop, cek excel, enable macro dan enable file baru dari orang lain di explorer","NULL","2026-07-24","3378","2026-07-24 12:43:52.523","NULL","NULL","NULL",0,"NULL","NULL","NULL"
4653,"0093-726","2237-COMP-NB-ICT-PTRE-23","Email tidak bisa, minta password","Remote laptop, cek settingan email, reset password email","NULL","2026-07-24","3379","2026-07-24 12:44:42.530","NULL","NULL","NULL",0,"NULL","NULL","NULL"
4654,"0094-726","02099-COMP-NB-ICT-PTRE-21","Permintaan penggantian keyboard internal yg rusak","Reparasi keyboard laptop yang rusak","350000","2026-07-24","3380","2026-07-24 18:40:34.373","NULL","NULL","NULL",0,"NULL","NULL","NULL"
4655,"0096-726","2478-COMP-NB-ICT-PTRE-26","Instal Mail merge","Uninstall dan Install ulang mailmerge","NULL","2026-07-27","3382","2026-07-27 11:29:49.243","NULL","NULL","NULL",0,"NULL","NULL","NULL"
4656,"0100-726","2429-COMP-NB-ICT-PTRE-25","Pdf force close","1 jam, cek PDF gear, update PDF Gear, update Windows, install PDF Element","NULL","2026-07-28","3386","2026-07-28 09:50:18.140","NULL","NULL","NULL",0,"NULL","NULL","NULL"
4657,"0107-726","01903 COMP-DSK-ICT-PTRE-19","Mintol install ke laptop kantor untuk render 3D REVIT","Download dan install Twinmotion untuk Revit","NULL","2026-07-28","3394","2026-07-28 16:50:04.717","NULL","NULL","NULL",0,"NULL","NULL","NULL"
4658,"0095-726","2116-COMP-NB-ICT-PTRE-21","Mohon bantuanya","Troubleshoot jaringan laptop","0","2026-07-29","3381","2026-07-29 09:54:40.130","NULL","NULL","NULL",0,"NULL","NULL","NULL"
4659,"0112-726","2409-COMP-NB-ICT-PTRE-24","Mohon dibantu untuk install software Ultraviewer untuk keperluan remote komputer pipesim PT SENA dalam projek Suban MEDCO EP Grissik. Software ini akan digunakan pada hari Kamis 30 Juli 2026 jam 15:00. ","Install ultraviewer","NULL","2026-07-29","3399","2026-07-29 13:55:25.227","NULL","NULL","NULL",0,"NULL","NULL","NULL"
4660,"0105-726","01485-COMP-NB-ICT-PTRE-18","Dh,Tim ITMohon dibantu install aplikasi foxit pdf reader (free license) di laptop kantor saya.Terimakasih atas perhatiannya.Salam,Muhammad Faiz","Install foxit pdf reader free license","0","2026-07-29","3392","2026-07-29 14:38:44.017","NULL","NULL","NULL",0,"NULL","NULL","NULL"
4661,"0114-726","2276-COMP-NB-ICT-PTRE-23","Anydesk ada iklan","1 jam, uninstall anydesk, hapus semua folder anydesk di drive C, install anydesk versi 7","NULL","2026-07-30","3401","2026-07-30 11:58:01.340","NULL","NULL","NULL",0,"NULL","NULL","NULL"
4662,"0113-726","2326-COMP-NB-ICT-PTRE-24","Dear Tim IT,saya ingin mengajukan install software cad reviewer untuk menunjang pekerjaan saya di Project.mohon bantuan nya.Terima kasih,salamAni Husniah","Install DWGTrueView 2026","NULL","2026-07-30","3400","2026-07-30 12:00:03.550","NULL","NULL","NULL",0,"NULL","NULL","NULL"
4663,"0108-726","2110-COMP-NB-ICT-PTRE-21","Laptop mati dan SSD tidak terbaca","7 jam, troubleshooting dan install ulang windows lalu install software seperti semula","0","2026-07-30","3395","2026-07-30 13:07:39.660","NULL","NULL","NULL",0,"NULL","NULL","NULL"
4664,"0108-726","2110-COMP-NB-ICT-PTRE-21","Laptop mati dan SSD tidak terbaca","7 jam, troubleshooting dan install ulang windows lalu install software seperti semula","0","2026-07-30","3395","2026-07-30 13:07:39.923","NULL","NULL","NULL",0,"NULL","NULL","NULL"
4665,"0117-726","2411-COMP-NB-ICT-PTRE-24","Anydesk sudah muncul iklan 100 detik","Cek laptop, uninstall anydesk, hapus semua folder anydesk di drive C. install anydesk versi 7","NULL","2026-07-31","3404","2026-07-31 10:06:05.187","NULL","NULL","NULL",0,"NULL","NULL","NULL"
4666,"0115-726","01774 COMP-DSK-ICT-PTRE-19","LISENSI AutoCAD bermasalah keluat sendiri ","Cek PC, Uninstall semua produk Autodesk, dan install autocad 2026","NULL","2026-07-31","3402","2026-07-31 17:01:04.533","NULL","NULL","NULL",0,"NULL","NULL","NULL"
4667,"0008-826","2301-COMP-NB-ICT-PTRE-23","untuk memindahkan file project ke server guna closing documen","Install TeraCopy","NULL","2026-08-04","3414","2026-08-04 10:45:22.077","NULL","NULL","NULL",0,"NULL","NULL","NULL"
4668,"0012-826","2414-COMP-NB-ICT-PTRE-24","Terdapat iklan pada anydesk saat dibuka","Uninstall anydesk, hapus semua folder anydesk di drive C, install anydesk 7","NULL","2026-08-04","3418","2026-08-04 14:04:25.893","NULL","NULL","NULL",0,"NULL","NULL","NULL"
4669,"0011-826","2250-COMP-NB-ICT-PTRE-23","Reinstall anydeskkkkkk","Uninstall anydesk, hapus semua folder anydesk di drive C, install anydesk 7","NULL","2026-08-04","3417","2026-08-04 14:04:49.693","NULL","NULL","NULL",0,"NULL","NULL","NULL"
4670,"0007-826","01640 COMP-DSK-ICT-PTRE-18","membutuhkan Autocad Plant 3D untuk pengerjaan project CEOR","Install autocad plant 3D 2023","NULL","2026-08-04","3413","2026-08-04 14:05:23.683","NULL","NULL","NULL",0,"NULL","NULL","NULL"
4671,"0013-826","2373-COMP-NB-ICT-PTRE-24","Inbox di email tidak masuk, sudah di refresh2 masih tetap tidak masuk emailnya","1 jam, cek email, cek settingan email","NULL","2026-08-05","3419","2026-08-05 16:41:53.443","NULL","NULL","NULL",0,"NULL","NULL","NULL"
4672,"0019-826","2299-COMP-NB-ICT-PTRE-23","Error dalam Pembukaan Ms Project, mohon bantuannya untuk Password Admin agar bisa di install ulang.","Cek laptop, cek ms project 2010, allow installasi untuk akun lain","NULL","2026-08-06","3425","2026-08-06 09:58:33.853","NULL","NULL","NULL",0,"NULL","NULL","NULL"
4673,"0022-826","2129-COMP-NB-ICT-PTRE-21","CSV Error","cek laptop, cek excel, enable macro dan unblock file agar bisa di edit","NULL","2026-08-06","3428","2026-08-06 14:48:06.407","NULL","NULL","NULL",0,"NULL","NULL","NULL"
4674,"0001-826","2303-COMP-NB-ICT-PTRE-23","Dear Tim ITDimohon bantuannya untuk install Microsoft Power BI untuk kebutuhan proyek FreeportTerima kasihsalamYasser Haris","Install software Power BI di laptop","0","2026-08-06","3407","2026-08-06 16:16:55.627","NULL","NULL","NULL",0,"NULL","NULL","NULL"
4675,"0004-826","2373-COMP-NB-ICT-PTRE-24","Install Mail merger tools","Install software mail merge toolkit untuk email","0","2026-08-06","3410","2026-08-06 16:18:59.530","NULL","NULL","NULL",0,"NULL","NULL","NULL"
4676,"0016-826","2346-COMP-NB-ICT-PTRE-24","Saat laptop di tutup tanpa mematikan aplikasi, saat dibuka lagi koneksi internetnya terputus","Troubleshoot wifi network di laptop","0","2026-08-06","3422","2026-08-06 16:19:35.137","NULL","NULL","NULL",0,"NULL","NULL","NULL"
4677,"0020-826","2184-COMP-NB-ICT-PTRE-21","minta tolong untuk dibantu login email panhut ","setup email panhut di laptop","0","2026-08-06","3426","2026-08-06 16:20:06.163","NULL","NULL","NULL",0,"NULL","NULL","NULL"
4678,"0021-826","02014 COMP-NB-ICT-PTRE-20","Update AnyDesK","Reinstall software anydesk","0","2026-08-06","3427","2026-08-06 16:20:32.693","NULL","NULL","NULL",0,"NULL","NULL","NULL"
4679,"0028-826","2299-COMP-NB-ICT-PTRE-23","Account email terlogout sehingga email lama (sebelum 22 Juli 2026) tidak bisa diakses. Mohon bantuannya..","1 jam, cek laptop, cek settingan email, ganti pakai outlook classic","NULL","2026-08-12","3434","2026-08-12 13:21:15.190","NULL","NULL","NULL",0,"NULL","NULL","NULL"
4680,"0034-826","2408-COMP-NB-ICT-PTRE-24","Pak minta tolong anydesk saya kena limit lagi, terima kasih ","uninstall anydesk dan hapus semua folder anydesk di drive C, install anydesk versi 7","NULL","2026-08-12","3440","2026-08-12 14:34:27.650","NULL","NULL","NULL",0,"NULL","NULL","NULL"
4681,"0035-826","2408-COMP-NB-ICT-PTRE-24","Pak mau minta tolong anydesk saya kena limit lagi, terima kasih ","uninstall anydesk dan hapus semua folder anydesk di drive C, install anydesk versi 7","NULL","2026-08-12","3441","2026-08-12 14:34:56.150","NULL","NULL","NULL",0,"NULL","NULL","NULL"
4682,"0036-826","2435-COMP-NB-ICT-PTRE-25","tolong di bantu benerin laptop saya tidak mau menyala","Hard Reset Laptop, setting power option agar laptop tidak sleep dan hardisk tidak mati saat standby","NULL","2026-08-12","3442","2026-08-12 14:37:11.093","NULL","NULL","NULL",0,"NULL","NULL","NULL"
4683,"0038-826","2360-COMP-NB-ICT-PTRE-24","minta akses server di laptop baru","Mapping server electrical di laptop","0","2026-08-13","3444","2026-08-13 10:22:41.087","NULL","NULL","NULL",0,"NULL","NULL","NULL"
4684,"0042-826","01878 COMP-NB-ICT-PTRE-19","Permohonan pergantian baterai laptop yg rusak dengan baterai laptop yg baru","Maintenance untuk ganti baterai laptop baru","450000","2026-08-14","3448","2026-08-14 14:33:28.350","NULL","NULL","NULL",0,"NULL","NULL","NULL"
4685,"0043-826","2304-COMP-NB-ICT-PTRE-23","Dear Team IT,Mohon dibantu instal aplikasi ultra viewer untuk memudahkan remote pekerjaan/koordinasi pada laptop RE.Serta sesuai Request team IT project Dieng 2Terima kasih","Instalasi software Ultra Viewer Free","0","2026-08-14","3449","2026-08-14 17:09:32.557","NULL","NULL","NULL",0,"NULL","NULL","NULL"
4686,"0041-826","2143-COMP-NB-ICT-PTRE-21","Berikut keterangan permasalahan saya alami, sebagai berikut.Saya mendapatkan dua email dari tim rekind, hanya saja saya tidak menerima tersebut. Berikut saya lampirkan evident di attachment (Bukti foto dari tim rekind yang telah mengirim email kesaya. Dua email)Saya tidak bisa login ms teams","1 Jam, remote laptop, cek settingan email, minta faisal cek email di excellent kemungkinan kena blokir, minta user ke pengirim untuk kirim ulang tapi harus di ketik alamat email nya secara manual","NULL","2026-08-18","3447","2026-08-18 08:43:00.300","NULL","NULL","NULL",0,"NULL","NULL","NULL"
4687,"0119-726","01874 COMP-NB-ICT-PTRE-19","Dh Tim ITMohon dibantu memperbaiki laptop lcd saya yang rusakbahan"" sudah disediakan di ruang reconterimakasih","6 Jam, Penggantian LCD laptop","1500000","2026-08-18","3406","2026-08-18 09:09:10.477","NULL","NULL","NULL",0,"NULL","NULL","NULL"
4688,"0037-826","2413-COMP-NB-ICT-PTRE-24","Dear IFS Team,Tolong bantu instal anydesk pada laptop saya, soalnya untuk akses hysys terpental terus. Thank youRegard,Noval","Uninstall anydesk, hapus semua folder anydesk di drive C install anydesk versi 7","NULL","2026-08-18","3443","2026-08-18 09:36:02.690","NULL","NULL","NULL",0,"NULL","NULL","NULL"
4689,"0044-826","2172-COMP-NB-ICT-PTRE-21","Permohonan Setting WIFI di Ruang Meeting Sekarjagad / Lantai 4","Setup wifi laptop","0","2026-08-18","3450","2026-08-18 10:36:34.730","NULL","NULL","NULL",0,"NULL","NULL","NULL"
4690,"0045-826","2373-COMP-NB-ICT-PTRE-24","Outlook : email tidak terkirim","Remote laptop, cek settingan laptop, kapasitas data email sudah penuh (max), buat data email baru, send - received data dan kirim ulang email","NULL","2026-08-18","3451","2026-08-18 11:02:05.860","NULL","NULL","NULL",0,"NULL","NULL","NULL"
4691,"0033-826","2267-COMP-NB-ICT-PTRE-23","Pada taskbar tidak terdapat bluetooth dan tidak bisa dikoneksikan ke device lainnya","Troubleshoot wifi dan bluetooth","0","2026-08-18","3439","2026-08-18 13:12:48.460","NULL","NULL","NULL",0,"NULL","NULL","NULL"
4692,"0031-826","2172-COMP-NB-ICT-PTRE-21","Ditemukan cukup banyak semut dibagian dalam laptop.","Maintenance hardware laptop, melakukan deep cleaning pada komponen laptop","NULL","2026-08-18","3437","2026-08-18 13:13:50.460","NULL","NULL","NULL",0,"NULL","NULL","NULL"
4693,"0046-826","2155-COMP-NB-ICT-PTRE-21","Keyboard ketumpahan kopi","Melakukan Cleaning ringan pada keyboard internal laptop yang lengket dikarenakan cairan minuman","0","2026-08-18","3452","2026-08-18 13:14:54.443","NULL","NULL","NULL",0,"NULL","NULL","NULL"
4694,"0029-826","2347-COMP-NB-ICT-PTRE-24","Dengan hormatSaat ini diminta mengirim doc ke marketing menggunakan RAR untuk mngikuti Tender,Di laptop saya belum ada RAR.Terima kasih ","Install software winrar","0","2026-08-18","3435","2026-08-18 15:25:34.257","NULL","NULL","NULL",0,"NULL","NULL","NULL"
4695,"0026-826","2185-COMP-NB-ICT-PTRE-21","Laptop sering tiba tiba muncul bluescreen dengan tulisan error, dan auto restart sendiri, ketika nyala tampilan start dari awal dan pekerjaan yang sebelumnya sedang dikerjakan tidak autosave padahal di pengaturan dokumen sudah disetting autosave, hal ini menjadi hambatan saya selama melakukan pekerjaan, Mohon bantuannya untuk dapat mengecek trouble yang sedang saya alami ini,Demikian disampaikan, terima kasih atas perhatiannya,","Troubleshoot os windows yang blackscreen","0","2026-08-18","3432","2026-08-18 15:47:06.883","NULL","NULL","NULL",0,"NULL","NULL","NULL"
4696,"0027-826","2360-COMP-NB-ICT-PTRE-24","Dh Tim ITmohon dibantu untuk setup laptopterimakasih","Setup laptop seperti software, email dan jaringan
serta backup dan restore data lama","0","2026-08-18","3433","2026-08-18 15:49:46.693","NULL","NULL","NULL",0,"NULL","NULL","NULL"
4697,"0049-826","2250-COMP-NB-ICT-PTRE-23","reinstalllll anydeskkk","Reinstall software anydesk","0","2026-08-19","3455","2026-08-19 10:28:07.497","NULL","NULL","NULL",0,"NULL","NULL","NULL"
4698,"0050-826","2322-COMP-NB-ICT-PTRE-0324","Setting VPN untuk akses portal","Download VPN Forticlient, install dan setting Akun agar bisa akses ke Portal RE","NULL","2026-08-19","3456","2026-08-19 11:15:52.917","NULL","NULL","NULL",0,"NULL","NULL","NULL"
4699,"0051-826","2149-COMP-NB-ICT-PTRE-21","Tolong update anydesk saya agar tidak iklan","Uninstall Anydesk, hapus semua folder anydesk di drive C, install anydesk versi 7","NULL","2026-08-19","3457","2026-08-19 11:29:43.330","NULL","NULL","NULL",0,"NULL","NULL","NULL"
4700,"0053-826","2414-COMP-NB-ICT-PTRE-24","Untuk keperluan konsinyering besok pagi","Uninstall anydesk, hapus semua folder anydesk di drive C, install anydesk versi 7","NULL","2026-08-19","3459","2026-08-19 14:01:17.053","NULL","NULL","NULL",0,"NULL","NULL","NULL"
4701,"0058-826","2413-COMP-NB-ICT-PTRE-24","Tolong bantu untuk connecting wifi Process ke laptop saya, ","Daftarkan macaddess laptop di wifi process","NULL","2026-08-21","3464","2026-08-21 11:19:49.150","NULL","NULL","NULL",0,"NULL","NULL","NULL"
4702,"0059-826","01878 COMP-NB-ICT-PTRE-19","Permintaan untuk dilakukan perbaikan wifi “reab” yg no internet pada laptop","Input wifi laptop","0","2026-08-21","3465","2026-08-21 15:26:29.900","NULL","NULL","NULL",0,"NULL","NULL","NULL"
4703,"0055-826","2493-COMP-NB-ICT-PTRE-26","Dh Tim ITmohon dibantu untuk Permintaan setup laptop baru","Setup laptop baru, instalasi software dan setup email lama","0","2026-08-24","3461","2026-08-24 09:07:23.077","NULL","NULL","NULL",0,"NULL","NULL","NULL"
4704,"0039-826","2163-COMP-NB-ICT-PTRE-21","Laptop mati","Laptop mati total, sementara menggunakan laptop pengganti","0","2026-08-24","3445","2026-08-24 09:08:14.753","NULL","NULL","NULL",0,"NULL","NULL","NULL"
4705,"0066-826","2347-COMP-NB-ICT-PTRE-24","Sehubungan job pemebuatan RO Close out report , mohon diijinkan untuk edit one drine project PHRIjin edit one drive oleh karyawan Manang Hub","1 Jam, berikan akses ke OneDrive project PHR kemkaryawan Manang Hub","NULL","2026-08-24","3472","2026-08-24 11:46:06.103","NULL","NULL","NULL",0,"NULL","NULL","NULL"
4706,"0069-826","2492-COMP-NB-ICT-PTRE-26","Setting Laptop Asus Zenbook 14","Setting laptop baru","NULL","2026-08-24","3475","2026-08-24 21:01:04.547","NULL","NULL","NULL",0,"NULL","NULL","NULL"
4707,"0073-826","01707 COMP-DSK-ICT-PTRE-19","Komputer Pipenet mati, tidak menyala sama sekali","Cek PC, PC hang jadi restart PC manual, setelah selesai masuk windows update windows","NULL","2026-08-28","3479","2026-08-28 16:58:33.067","NULL","NULL","NULL",0,"NULL","NULL","NULL"
4708,"0075-826","2320-COMP-NB-ICT-PTRE-24","Tolong agar Achri, Wisik, Lyubi, Lubbi dapat akses ke sharepoint","Cek sharepoint widi, invite email gmail dari luar masukin sebagai external user office 365 agar bisa mengakses folder office 365 PTRE","NULL","2026-08-31","3481","2026-08-31 09:39:56.203","NULL","NULL","NULL",0,"NULL","NULL","NULL"
4709,"0078-826","2276-COMP-NB-ICT-PTRE-23","tidak bisa buka link","ga bisa akses ka sharepoint Widi, invite email wisik dan login untuk bisa akses ke sharepoint","NULL","2026-08-31","3484","2026-08-31 09:53:49.123","NULL","NULL","NULL",0,"NULL","NULL","NULL"
4710,"0079-826","01707 COMP-DSK-ICT-PTRE-19","Update Pipenet ke 1.13","Install Pipenet 1.13","NULL","2026-08-31","3485","2026-08-31 11:38:02.260","NULL","NULL","NULL",0,"NULL","NULL","NULL"
4711,"0080-826","2416-COMP-NB-ICT-PTRE-24","Hi IT Support Team,Could you please assist with access to the SharePoint for the Rayeu-C Pre-FEED Project? I have checked the emails, but have not received the invitation from RE Office 365 yet.Thank you for your assistance.","Cek settingan share point, invite gmail yang mau akses folder dan data tersebut. sign in microsoft office 365 menggunakan gmail.","NULL","2026-08-31","3486","2026-08-31 11:48:42.757","NULL","NULL","NULL",0,"NULL","NULL","NULL"
4712,"0077-826","01695 COMP-DSK-ICT-PTRE-19","intal Civil 3d untuk kerjaan site development","Install software civil 3d","0","2026-08-31","3483","2026-08-31 14:05:17.637","NULL","NULL","NULL",0,"NULL","NULL","NULL"
4713,"0071-826","01463-COMP-NB-ICT-PTRE-18","VPN belum terkonfigurasi pada laptop, sehingga diperlukan koneksi VPN untuk dapat mengakses sistem peoplebond ","Reinstall software vpn","0","2026-08-31","3477","2026-08-31 15:05:31.337","NULL","NULL","NULL",0,"NULL","NULL","NULL"
4714,"0082-826","2160-COMP-NB-ICT-PTRE-21","update software autocad karena butuh untuk bisa membuka file besar dan format file terbaru","Install upgrade software anydesk 2026","0","2026-08-31","3488","2026-08-31 15:06:16.993","NULL","NULL","NULL",0,"NULL","NULL","NULL"
4715,"0070-826","2129-COMP-NB-ICT-PTRE-21","Setting one drive","Setup akun onedrive dan mapping","0","2026-08-31","3476","2026-08-31 15:07:21.543","NULL","NULL","NULL",0,"NULL","NULL","NULL"
4716,"0084-826","2494-COMP-DESK-ICT-PTRE-26","INSTAL E3D","Install E3D dan mapping drive server 3.30","NULL","2026-08-31","3490","2026-08-31 15:20:46.833","NULL","NULL","NULL",0,"NULL","NULL","NULL"
4717,"0074-826","01640 COMP-DSK-ICT-PTRE-18","Request Server piping pada pc untuk pengerjaan Piping 3D sehingga tidak menimbulkan corupt pada file yg dikerjakan","Mapping drive 192.168.3.30","NULL","2026-08-31","3480","2026-08-31 15:42:04.717","NULL","NULL","NULL",0,"NULL","NULL","NULL"
4718,"0083-826","02107-COMP-NB-ICT-PTRE-21","Instal akses printer JOB Tomoriuninstal Dialux 4.13 lightDialux 4.13AUtocad 2022Adobe ExpreAdobe Acrobat","Install software printer di site via anydesk","0","2026-08-31","3489","2026-08-31 17:30:38.893","NULL","NULL","NULL",0,"NULL","NULL","NULL"
4719,"0076-826","2494-COMP-DESK-ICT-PTRE-26","Dh, Team IT Mohon di bantu, dikarenakan ada unit PC baru jadi tolong dibantu untuk setup PCTerima kasih","Install software, backup data lama dan restore, setup email dan jaringan","0","2026-08-31","3482","2026-08-31 17:31:31.570","NULL","NULL","NULL",0,"NULL","NULL","NULL"
4720,"0001-926","2322-COMP-NB-ICT-PTRE-0324","Tolong dibantu untuk conect jaringan ke server finance","Cek laptop, mapping ulang server 1.3 dan neo. setting anydesk agar bisa di akses tanpa di accept untuk laptop yang akan remote pc Neo","NULL","2026-09-01","3491","2026-09-01 10:19:25.430","NULL","NULL","NULL",0,"NULL","NULL","NULL"
4721,"0006-926","2347-COMP-NB-ICT-PTRE-24","Mohon dibantu setting ","Cek laptop, cek link yang di kasih, error tidak ada data, coba minta user hubungi pihak Pertamina, minta user untuk ikuti coaching clinic dari pertamina untuk solusi web ivendor tersebut","NULL","2026-09-02","3496","2026-09-02 11:19:00.817","NULL","NULL","NULL",0,"NULL","NULL","NULL"
4722,"0009-926","2267-COMP-NB-ICT-PTRE-23","Bluetooth sering menghilang dan sudah berkali-kali. Sebelumnya pernah mengalami hal seperti ini tetapi jika di restart laptopnya akan kembali lagi. Namun, semakin kesini semakin cepat menghilangnya","cek laptop, icon bluetooth hilang, cek device manager, driver bluetooth hilang, update windows dan download driver bluetooth, install driver","NULL","2026-09-02","3499","2026-09-02 15:42:07.120","NULL","NULL","NULL",0,"NULL","NULL","NULL"
4723,"0017-926","01788 COMP-DSK-ICT-PTRE-19","Komputer saya perlu kabel LAN untuk connect internet dan agar bisa mengirim file lebih cepat.","Cek PC, belum konek ke wifi piping, daftarkan IP address PC. Download driver printer dan Setting printer piping","NULL","2026-09-04","3507","2026-09-04 09:39:18.117","NULL","NULL","NULL",0,"NULL","NULL","NULL"
4724,"0023-926","2202-COMP-NB-ICT-PTRE-22","pak andi butuh bantuan masalah log in untuk akses google drive","Cek laptop, downlaod file yang akan di share dari google drive Zubair, kemudian upload file tersebut ke google drive pak Andi","NULL","2026-09-07","3513","2026-09-07 12:55:18.843","NULL","NULL","NULL",0,"NULL","NULL","NULL"
4725,"0015-926","02075-COMP-NB-ICT-PTRE-20","Maintenance Outlook","Troubleshoot software outlook di laptop","0","2026-09-07","3505","2026-09-07 16:22:48.190","NULL","NULL","NULL",0,"NULL","NULL","NULL"
4726,"0020-926","2165-COMP-NB-ICT-PTRE-21","email saya terdapat notif not found/blocked. mohon diperbaiki agar bisa digunakan kembali","Troubleshoot email di laptop dan handphone","0","2026-09-07","3510","2026-09-07 16:24:24.720","NULL","NULL","NULL",0,"NULL","NULL","NULL"
4727,"0026-926","2447-COMP-NB-ICT-PTRE-25","email outlook error","cek laptop, cek settingan email, ubah email dari new outlook ke classic","NULL","2026-09-08","3516","2026-09-08 09:48:26.210","NULL","NULL","NULL",0,"NULL","NULL","NULL"
4728,"0027-926","2402-COMP-NB-ICT-PTRE-24","permintaan aktifkan jaringan internate/email serta setting print ","Install software printer dan setup jaringan wifi mechanical","0","2026-09-08","3517","2026-09-08 10:05:21.037","NULL","NULL","NULL",0,"NULL","NULL","NULL"
4729,"0028-926","2241-COMP-NB-ICT-PTRE-23","Setting printer pada laptop di ruang mechanical","Install software printer mechanical","0","2026-09-08","3518","2026-09-08 10:11:21.307","NULL","NULL","NULL",0,"NULL","NULL","NULL"
4730,"0025-926","01786 COMP-DSK-ICT-PTRE-19","Dh Tim ITsehubungan dengan baru masuknya saya di RE untuk itumohon dibantu untuk setup pc sayaterimakasih","Setup pc untuk karyawan baru","0","2026-09-08","3515","2026-09-08 13:24:12.073","NULL","NULL","NULL",0,"NULL","NULL","NULL"
4731,"0031-926","2410-COMP-NB-ICT-PTRE-24","Mohon bantuannya untuk install software fluidprops untuk kebutuhan dokumen datasheet. terimakasih","download dan install software fluid properties setelah user dapat persetujuan dar DM","NULL","2026-09-08","3521","2026-09-08 14:09:04.190","NULL","NULL","NULL",0,"NULL","NULL","NULL"
4732,"0036-926","01695 COMP-DSK-ICT-PTRE-19","INSTALL Google Earth pro","Download dan Install Google Earth Pro","NULL","2026-09-08","3526","2026-09-08 17:29:14.893","NULL","NULL","NULL",0,"NULL","NULL","NULL"
4733,"0034-926","2496-COMP-NB-ICT-PTRE-26","Setting Laptop","Setting laptop baru","NULL","2026-09-08","3524","2026-09-08 17:30:25.347","NULL","NULL","NULL",0,"NULL","NULL","NULL"
4734,"0037-926","2411-COMP-NB-ICT-PTRE-24","saat akan login akun ms teams untuk akses link recording meeting, terus muncul authenticator","Cek laptop, cek link yang di kasih, tambahkan share link untuk izza dari akun ajeng untuk akses video nya","NULL","2026-09-09","3527","2026-09-09 10:03:45.543","NULL","NULL","NULL",0,"NULL","NULL","NULL"
4735,"0038-926","2373-COMP-NB-ICT-PTRE-24","Install Mail Merge Tool","Reinstall software mail merge toolkit","0","2026-09-09","3528","2026-09-09 14:29:50.740","NULL","NULL","NULL",0,"NULL","NULL","NULL"
4736,"0039-926","2184-COMP-NB-ICT-PTRE-21","Permintaan Login Akun Email Corpsec RE","Setup email corpsec di laptop css","0","2026-09-09","3529","2026-09-09 14:56:22.070","NULL","NULL","NULL",0,"NULL","NULL","NULL"
4737,"0043-926","2495-COMP-NB-ICT-PTRE-26","Dh tim ITsehubungan dengan adanya perangkat baru berupa laptop untuk saya dari projectmohon dibantu untuk konfigurasinya dari pihak ITterimakasih","Setup laptop baru, backup data - restore data dan install software","0","2026-09-10","3533","2026-09-10 13:31:25.030","NULL","NULL","NULL",0,"NULL","NULL","NULL"
4738,"0044-926","2272-COMP-DESK-ICT-PTRE-23","Dh tim ITmohon dibantu untuk setup pc dari ex project PHMterimakasih","Setup PC, backup data - restore data dan install software","0","2026-09-10","3534","2026-09-10 13:34:52.467","NULL","NULL","NULL",0,"NULL","NULL","NULL"
4739,"0047-926","2277-COMP-NB-ICT-PTRE-23","Install autocad civil 3D 2026","Uninstall Autocad civil 3D 2021 dan install Autocad civil 3D 2026","NULL","2026-09-10","3537","2026-09-10 14:55:34.773","NULL","NULL","NULL",0,"NULL","NULL","NULL"
4740,"0051-926","2185-COMP-NB-ICT-PTRE-21","Laptop sering bluescreen","cek laptop, scan laptop, restore health. update windows","NULL","2026-09-10","3541","2026-09-10 16:53:28.870","NULL","NULL","NULL",0,"NULL","NULL","NULL"
4741,"0053-926","01676 COMP-DSK-ICT-PTRE-19","Email bermasalah","Troubleshoot ms outlook yang bermasalah","0","2026-09-11","3543","2026-09-11 10:32:51.467","NULL","NULL","NULL",0,"NULL","NULL","NULL"
4742,"0057-926","2272-COMP-DESK-ICT-PTRE-23","Tolong tampilin Terbilang","Cek PC, cek settingan excel, tambahkan terbilang.xlam di add in excel, panggil .menggunakan funsi di formula","NULL","2026-09-11","3547","2026-09-11 14:54:27.657","NULL","NULL","NULL",0,"NULL","NULL","NULL"
4743,"0062-926","2276-COMP-NB-ICT-PTRE-23","Ms Excel error","Cek laptop, cek settingan excel, uninstall excel, install ulang excel 2016","NULL","2026-09-11","3552","2026-09-11 16:20:25.060","NULL","NULL","NULL",0,"NULL","NULL","NULL"
4744,"0058-926","02066-COMP-NB-ICT-PTRE-20","Download alternatif PDF di laptop","Install software pdf alternatif","0","2026-09-11","3548","2026-09-11 17:41:23.200","NULL","NULL","NULL",0,"NULL","NULL","NULL"
4745,"0059-926","02101-COMP-NB-ICT-PTRE-21","installasi dropbox","Install software dropbox untuk project dieng2","0","2026-09-11","3549","2026-09-11 17:42:34.857","NULL","NULL","NULL",0,"NULL","NULL","NULL"
4746,"0060-926","2392-COMP-NB-ICT-PTRE-24","buat drop box","Install software dropbox untuk project dieng2","0","2026-09-11","3550","2026-09-11 17:43:16.107","NULL","NULL","NULL",0,"NULL","NULL","NULL"
4747,"0061-926","2360-COMP-NB-ICT-PTRE-24","untuk bisa ngeprint di Printer Civil ","Reinstall software printer civil","0","2026-09-11","3551","2026-09-11 17:44:24.647","NULL","NULL","NULL",0,"NULL","NULL","NULL"
4748,"0075-926","2167-COMP-NB-ICT-PTRE-21","excel tidak bisa di copy paste dan di autofilll sudah di perbaiki oleh tata","Cek laptop, uninstall update patch KB5002914 yang menjadi penyebab error tersebut","NULL","2026-09-15","3565","2026-09-15 10:29:46.323","NULL","NULL","NULL",0,"NULL","NULL","NULL"
4749,"0074-926","2251-COMP-NB-ICT-PTRE-23","to ; mas Rickymohon bantuannya untuk update bahasa microsoft excel pada laptop Ryan dari bahasa indonesia ke bahasa inggris.atas bantuannya diucapkan terimakasih","Troubleshoot ms excel yang tiba-tiba berubah bahasa indonesia","0","2026-09-15","3564","2026-09-15 10:30:14.763","NULL","NULL","NULL",0,"NULL","NULL","NULL"
4750,"0073-926","2276-COMP-NB-ICT-PTRE-23","ms excel error lg","Remote laptop, uninstall patch KB5002914","NULL","2026-09-15","3563","2026-09-15 11:03:48.277","NULL","NULL","NULL",0,"NULL","NULL","NULL"
4751,"0081-926","2414-COMP-NB-ICT-PTRE-24","Re install anydesk karena iklan","cek laptop, hapus folder anydesk di drive c, uninstall anydesk dan install anydesk versi 7","NULL","2026-09-15","3571","2026-09-15 15:49:32.310","NULL","NULL","NULL",0,"NULL","NULL","NULL"
4752,"0088-926","2408-COMP-NB-ICT-PTRE-24","Pak minta tolong anydesk sy kenaa limit lagi, terima kasih ","cek laptop, uninstall anydesk, hapus semua folder anydesk di drive c, install anydesk versi 7","NULL","2026-09-16","3578","2026-09-16 14:09:53.477","NULL","NULL","NULL",0,"NULL","NULL","NULL"
4753,"0069-926","01786 COMP-DSK-ICT-PTRE-19","Dh tim ITmohon dibantu untuk upgrade PC saya menggunakan SSD yang telah dibelikanterimakasih","Upgrade HDD ke SSD, backup data lama dan restore serta install software dan user","0","2026-09-16","3559","2026-09-16 15:29:04.447","NULL","NULL","NULL",0,"NULL","NULL","NULL"
4754,"0070-926","2350-COMP-NB-ICT-PTRE-24","Whatsapp web trouble, internet lambat","cek laptop, cek koneksi dan Wifi, reset network adapter. sign in ulang whatsapp","NULL","2026-09-16","3560","2026-09-16 16:34:29.280","NULL","NULL","NULL",0,"NULL","NULL","NULL"
4755,"0072-926","2172-COMP-NB-ICT-PTRE-21","DhMohon dibantu untuk install Navis/3D modelling dan Autocad reviewer.Terima kasih","Install NavisFreedom, Install DWG trueview versi 2026","NULL","2026-09-16","3562","2026-09-16 16:35:38.510","NULL","NULL","NULL",0,"NULL","NULL","NULL"
4756,"0094-926","2276-COMP-NB-ICT-PTRE-23","Excel error lagi (99+)","Remote laptop, update windows, hapus patch yang menyebabkan error","NULL","2026-09-17","3584","2026-09-17 13:07:00.913","NULL","NULL","NULL",0,"NULL","NULL","NULL"
4757,"0086-926","02086-COMP-NB-ICT-PTRE-20","excel tidak bisa di gunakan","Troubleshoot issue ms excel yang tidak bisa copy paste","0","2026-09-17","3576","2026-09-17 14:02:25.043","NULL","NULL","NULL",0,"NULL","NULL","NULL"
4758,"0085-926","2248-COMP-NB-ICT-PTRE-23","Setiap menyalahkan leptop wifi tidak ada harus di restart dan wifi hilang lagi setelah 5 menit, terkadang tidak bisa nyala hanya loading saja","Troubleshoot wifi laptop yang error","0","2026-09-17","3575","2026-09-17 14:03:03.390","NULL","NULL","NULL",0,"NULL","NULL","NULL"
4759,"0095-926","2032 COMP-DSK-ICT-PTRE-20","PC lambat, udah PO SDD ","Setting Windows 11 dan install aplikasi yang dibutuhkan di SSD baru","NULL","2026-09-17","3585","2026-09-17 17:07:34.560","NULL","NULL","NULL",0,"NULL","NULL","NULL"
4760,"0101-926","2167-COMP-NB-ICT-PTRE-21","Excel Error ga bisa copy paste","Cek laptop, uninstall patch yang menyebabkan error,  uninstall office 2016 dan install office 365","NULL","2026-09-18","3591","2026-09-18 09:24:42.907","NULL","NULL","NULL",0,"NULL","NULL","NULL"
4761,"0102-926","2477-COMP-NB-ICT-PTRE-26","Excel error tidak bisa copy paste","Cek laptop, uninstall pacth yang bug, pause sementara windows update","NULL","2026-09-18","3592","2026-09-18 10:58:39.713","NULL","NULL","NULL",0,"NULL","NULL","NULL"
4762,"0098-926","2344-COMP-NB-ICT-PTRE-24","laptop no connection acces wifi megamendung lt. 4","Setup wifi reap di laptop","0","2026-09-18","3588","2026-09-18 12:40:15.680","NULL","NULL","NULL",0,"NULL","NULL","NULL"
4763,"0105-926","2032 COMP-DSK-ICT-PTRE-20","Excel Error tidak bisa copy paste","remote PC, uninstall patch yang bikin error, pause windows update","NULL","2026-09-18","3595","2026-09-18 14:29:34.807","NULL","NULL","NULL",0,"NULL","NULL","NULL"
4764,"0108-926","01581 COMP-DSK-ICT-PTRE-18","Tidak bisa copy text","cek excel, uninstall patch yang bikin error, hide patch agar tidak di install lagi","NULL","2026-09-21","3598","2026-09-21 09:30:31.987","NULL","NULL","NULL",0,"NULL","NULL","NULL"
4765,"0104-926","01581 COMP-DSK-ICT-PTRE-18","yang ada hanya pdf reader","Install software pdf wondershare","0","2026-09-21","3594","2026-09-21 10:38:36.983","NULL","NULL","NULL",0,"NULL","NULL","NULL"
4766,"0107-926","2344-COMP-NB-ICT-PTRE-24","tidak bisa print ","Instalasi software printer canon yang ada di site","0","2026-09-21","3597","2026-09-21 10:42:02.003","NULL","NULL","NULL",0,"NULL","NULL","NULL"
4767,"0112-926","2435-COMP-NB-ICT-PTRE-25","tolong bantuannya di check ","cek laptop, cek camera, camera hanya on sebentar lalu closed kembali atau hang, uninstall driver camera, download dan installl driver camera, tetap error. saran untuk service laptop ke service center","NULL","2026-09-21","3602","2026-09-21 11:00:39.500","NULL","NULL","NULL",0,"NULL","NULL","NULL"
4768,"0116-926","2162-COMP-NB-ICT-PTRE-21","Installasi Caesar II V 14","Install caesar 14","NULL","2026-09-21","3606","2026-09-21 14:37:05.893","NULL","NULL","NULL",0,"NULL","NULL","NULL"
4769,"0114-926","2454-COMP-NB-ICT-PTRE-25","Dear tim IT,mina tolonag dicek dan bantu perbaiki laptop saya ngelag dan ngehang.terima kasih","Pengecekan issue laptop lemot dan tidak bisa meng-klik menggunakan touchpad","0","2026-09-22","3604","2026-09-22 10:44:58.817","NULL","NULL","NULL",0,"NULL","NULL","NULL"
4770,"0119-926","01784 COMP-DSK-ICT-PTRE-19","Upgrade Versi Excel untuk kebutuhan pekerjaan Cost Estimate","Upgrade software ms office 2016 ke ms office 365 di laptop aset kantor","NULL","2026-09-22","3609","2026-09-22 10:46:17.353","NULL","NULL","NULL",0,"NULL","NULL","NULL"
4771,"0118-926","01485-COMP-NB-ICT-PTRE-18","Dh,Tim ITMohon dibantu untuk remap drive di laptop kantor karna local drvienya sudah full.Terimakasih.Salam,Muhammad Faiz","Maintenance storage laptop yang penuh dengan melakukan remapping folder"" yang di drive C","0","2026-09-22","3608","2026-09-22 10:47:32.837","NULL","NULL","NULL",0,"NULL","NULL","NULL"
4772,"0117-926","2270-COMP-DESK-ICT-PTRE-23","Softwere Error","Cek PC, uninstall dan install ulang plant 3D 2023. tetap error, hapus semua software autodesk. install ulang semua software yang di minta kembali","NULL","2026-09-22","3607","2026-09-22 12:34:49.030","NULL","NULL","NULL",0,"NULL","NULL","NULL"
4773,"0124-926","2276-COMP-NB-ICT-PTRE-23","error","hapus patch yang menyebabkan error office 2016, hide patch agar tidak ke install kembali","NULL","2026-09-22","3614","2026-09-22 15:43:40.507","NULL","NULL","NULL",0,"NULL","NULL","NULL"
4774,"0120-926","2323-COMP-NB-ICT-PTRE-24","Akses internet","minta akses ke web A2DC","NULL","2026-09-22","3610","2026-09-22 16:21:53.863","NULL","NULL","NULL",0,"NULL","NULL","NULL"
4775,"0126-926","2149-COMP-NB-ICT-PTRE-21","Tolong update kan anydesk agar tidak iklan","uninstall anydesk , hapus folder anydesk di drive c, install anydesk versi 7","NULL","2026-09-23","3616","2026-09-23 14:18:05.143","NULL","NULL","NULL",0,"NULL","NULL","NULL"
4776,"0092-926","2355-COMP-NB-ICT-PTRE-24","Mohon support dari Tim IT untuk menginstalkan ulang Anydesk dan Autocad (License)seperti pada attachment Demikian sebelumnya disampaikan terimakasih","Reinstall software anydesk dan maintenance software autodesk","0","2026-09-23","3582","2026-09-23 15:11:45.263","NULL","NULL","NULL",0,"NULL","NULL","NULL"
4777,"0130-926","2483-COMP-NB-ICT-PTRE-26","saya tidak bisa copy link ke dalam email untuk kirim dokumen ke star nergy","1 jam, reinstall office 365 yang error","0","2026-09-24","3620","2026-09-24 01:19:57.177","NULL","NULL","NULL",0,"NULL","NULL","NULL"
4778,"0134-926","2188-COMP-NB-ICT-PTRE-22","Update Software MS Office karena sering error","Upgrade software ms office 2016 ke ms office 365","0","2026-09-24","3624","2026-09-24 16:18:31.127","NULL","NULL","NULL",0,"NULL","NULL","NULL"
4779,"0142-926","2323-COMP-NB-ICT-PTRE-24","Upgrade office 365 laptop Mia","Cek laptop, update windows, uninstall office 2016, download dan install office 365","NULL","2026-09-25","3632","2026-09-25 18:22:52.147","NULL","NULL","NULL",0,"NULL","NULL","NULL"
4780,"0131-926","2499-COMP-NB-ICT-PTRE-26","tidak bisa login outlook dan microsoft (akun tidak ditemukan)","Troubleshoot ms edge dan outlook","0","2026-09-28","3621","2026-09-28 11:21:55.983","NULL","NULL","NULL",0,"NULL","NULL","NULL"
4781,"0148-926","2250-COMP-NB-ICT-PTRE-23","ANYDESK","Reinstall software anydesk yang terkena limit","0","2026-09-28","3638","2026-09-28 13:55:43.830","NULL","NULL","NULL",0,"NULL","NULL","NULL"
4782,"0149-926","2411-COMP-NB-ICT-PTRE-24","Anydesk sudah ada iklan 100 detik. Minta tolong untuk diinstalkan ulang","cek laptop, uninstall anydesk, hapus semua folder anydesk di drive C, install anydesk versi 7","NULL","2026-09-28","3639","2026-09-28 14:49:02.677","NULL","NULL","NULL",0,"NULL","NULL","NULL"
4783,"0156-926","2478-COMP-NB-ICT-PTRE-26","Mail Merge","Reinstall dan maintenance software plugin mail merge toolkit","0","2026-09-29","3646","2026-09-29 15:49:45.937","NULL","NULL","NULL",0,"NULL","NULL","NULL"
4784,"0158-926","2149-COMP-NB-ICT-PTRE-21","update anysdesk","Uninstall anydesk, hapus semua folder anydesk di drive C, install anydesk versi 7","NULL","2026-09-30","3648","2026-09-30 11:15:00.990","NULL","NULL","NULL",0,"NULL","NULL","NULL"
4785,"0161-926","01479-COMP-NB-ICT-PTRE-18","Dear tim ITminta toling Install autocad2026","Install Autocad 2026","NULL","2026-09-30","3651","2026-09-30 11:15:55.477","NULL","NULL","NULL",0,"NULL","NULL","NULL"
4786,"0160-926","2497-COMP-NB-ICT-PTRE-26","Dengan ini saya minta ijin akses wifi untuk kebutuhan meeting online","Setup WIFI megamendung","0","2026-09-30","3650","2026-09-30 12:18:17.327","NULL","NULL","NULL",0,"NULL","NULL","NULL"
4787,"0162-926","2270-COMP-DESK-ICT-PTRE-23","Tidak bisa menggunakan standard JIS yang diinginkan oleh Client, maka perlu ditambahkan untuk mengejar 60% progress","Download dan install JIS untuk autocad dan autocad plant 3D 2023","NULL","2026-09-30","3652","2026-09-30 15:30:01.467","NULL","NULL","NULL",0,"NULL","NULL","NULL"
