id,token,start_date,end_date,assets_id,owner,description,status,create_date,create_owner,update_owner,update_date,deletion,deletion_owner,deletion_date
57,180414123036,2016-12-29,NULL,01409 COMP-NB-ICT-PTRE-16,022001,NULL,NULL,2018-04-14 00:00:00.000,NULL,NULL,NULL,0,NULL,NULL
1,180326105720,2018-03-26,NULL,01520-FUR-LM-CFS-PTRE-11,004581,NULL,NULL,2018-03-26 00:00:00.000,NULL,NULL,NULL,1,302716,2018-03-26 11:22:24.000
2,180326110330,2018-03-26,NULL,01520-FUR-LM-CFS-PTRE-11,004581,NULL,NULL,2018-03-26 00:00:00.000,NULL,NULL,NULL,1,302716,2018-03-26 11:22:20.000
3,180326111049,2018-03-26,NULL,01520-FUR-LM-CFS-PTRE-11,020036,NULL,NULL,2018-03-26 00:00:00.000,NULL,NULL,NULL,1,302716,2018-03-26 11:22:15.000
4,180326112249,2018-03-26,NULL,01520-FUR-LM-CFS-PTRE-11,023091,,NULL,2018-03-26 00:00:00.000,NULL,NULL,NULL,1,302716,2018-03-26 15:07:27.000
5,180326112854,2018-03-26,2018-03-26,01520-FUR-LM-CFS-PTRE-11,023096,,NULL,2018-03-26 00:00:00.000,NULL,NULL,NULL,1,302716,2018-03-26 15:07:30.000
9,180326112907,2018-03-26,NULL,01520-FUR-LM-CFS-PTRE-11,033026,NULL,NULL,2018-03-26 00:00:00.000,NULL,NULL,NULL,1,302716,2018-03-26 11:29:21.000
10,180326032906,2018-03-26,NULL,01520-FUR-LM-CFS-PTRE-11,033026,,NULL,2018-03-26 00:00:00.000,NULL,NULL,NULL,1,302716,2018-04-03 13:30:47.000
11,180326032911,2018-03-26,NULL,01520-FUR-LM-CFS-PTRE-11,033031,NULL,NULL,2018-03-26 00:00:00.000,NULL,NULL,NULL,1,302716,2018-04-03 13:30:51.000
12,180326032917,2018-03-26,2018-03-26,01520-FUR-LM-CFS-PTRE-11,033042,,NULL,2018-03-27 00:00:00.000,NULL,NULL,NULL,1,302716,2018-04-03 13:30:54.000
13,180327015237,2018-03-27,NULL,01408-COMP-NB-ICT-PTRE-16,004581,,NULL,2018-03-27 00:00:00.000,NULL,NULL,NULL,0,NULL,NULL
14,180327015344,2018-03-27,NULL,01408-COMP-NB-ICT-PTRE-16,022001,NULL,NULL,2018-03-27 00:00:00.000,NULL,NULL,NULL,1,302716,2018-03-27 13:53:58.000
15,180327020157,2018-03-28,NULL,01408-COMP-NB-ICT-PTRE-16,020036,NULL,NULL,2018-03-27 00:00:00.000,NULL,NULL,NULL,0,NULL,NULL
17,180403020834,2018-04-03,NULL,01520-FUR-LM-CFS-PTRE-11,,NULL,NULL,2018-04-03 00:00:00.000,NULL,NULL,NULL,1,302716,2018-04-03 14:08:38.000
18,180403020958,2018-04-03,NULL,01520-FUR-LM-CFS-PTRE-11,020036,NULL,NULL,2018-04-03 00:00:00.000,NULL,NULL,NULL,1,302716,2018-04-03 14:10:17.000
248,190222110434,2018-04-04,NULL,01132-COMP-DESK-ICT-PTRE-13,130107,NULL,NULL,2019-02-22 00:00:00.000,NULL,NULL,NULL,0,NULL,NULL
19,180405084306,2018-04-05,NULL,01520-FUR-LM-CFS-PTRE-11,004581,NULL,NULL,2018-04-05 00:00:00.000,NULL,NULL,NULL,0,NULL,NULL
20,180405085140,2018-04-05,NULL,01410-COMP-NB-ICT-PTRE-0418,307518,NULL,NULL,2018-04-05 00:00:00.000,NULL,NULL,NULL,1,307518,2018-04-05 09:46:12.000
21,180405085149,2018-04-05,NULL,01410-COMP-NB-ICT-PTRE-0418,307518,NULL,NULL,2018-04-05 00:00:00.000,NULL,NULL,NULL,1,307518,2018-04-05 08:53:11.000
22,180405085215,2018-04-05,NULL,01410-COMP-NB-ICT-PTRE-0418,307518,NULL,NULL,2018-04-05 00:00:00.000,NULL,NULL,NULL,1,307518,2018-04-05 08:53:13.000
23,180405085221,2018-04-05,NULL,01410-COMP-NB-ICT-PTRE-0418,307518,NULL,NULL,2018-04-05 00:00:00.000,NULL,NULL,NULL,1,307518,2018-04-05 08:53:26.000
24,180405085234,2018-04-05,NULL,01410-COMP-NB-ICT-PTRE-0418,307518,NULL,NULL,2018-04-05 00:00:00.000,NULL,NULL,NULL,1,307518,2018-04-05 08:53:17.000
25,180405085247,2018-04-05,NULL,01410-COMP-NB-ICT-PTRE-0418,307518,NULL,NULL,2018-04-05 00:00:00.000,NULL,NULL,NULL,1,307518,2018-04-05 08:53:15.000
26,180405085255,2018-04-05,NULL,01410-COMP-NB-ICT-PTRE-0418,307518,NULL,NULL,2018-04-05 00:00:00.000,NULL,NULL,NULL,1,307518,2018-04-05 08:53:30.000
27,180405085300,2018-04-05,NULL,01410-COMP-NB-ICT-PTRE-0418,307518,NULL,NULL,2018-04-05 00:00:00.000,NULL,NULL,NULL,1,307518,2018-04-05 08:53:28.000
28,180405085333,2018-04-05,NULL,01410-COMP-NB-ICT-PTRE-0418,307518,NULL,NULL,2018-04-05 00:00:00.000,NULL,NULL,NULL,1,307518,2018-04-05 09:16:58.000
29,180405085341,2018-04-05,NULL,01410-COMP-NB-ICT-PTRE-0418,307518,NULL,NULL,2018-04-05 00:00:00.000,NULL,NULL,NULL,1,307518,2018-04-05 09:17:04.000
30,180405085343,2018-04-05,NULL,01410-COMP-NB-ICT-PTRE-0418,307518,NULL,NULL,2018-04-05 00:00:00.000,NULL,NULL,NULL,1,307518,2018-04-05 09:17:08.000
31,180405085524,2018-04-05,NULL,01410-COMP-NB-ICT-PTRE-0418,307518,NULL,NULL,2018-04-05 00:00:00.000,NULL,NULL,NULL,1,307518,2018-04-05 09:17:12.000
32,180405085525,2018-04-05,NULL,01410-COMP-NB-ICT-PTRE-0418,307518,NULL,NULL,2018-04-05 00:00:00.000,NULL,NULL,NULL,1,307518,2018-04-05 09:17:18.000
33,180405085542,2018-04-05,NULL,01410-COMP-NB-ICT-PTRE-0418,307518,NULL,NULL,2018-04-05 00:00:00.000,NULL,NULL,NULL,1,307518,2018-04-05 09:46:41.000
34,180405085835,2018-04-05,NULL,01410-COMP-NB-ICT-PTRE-0418,307518,NULL,NULL,2018-04-05 00:00:00.000,NULL,NULL,NULL,1,302716,2018-04-05 13:40:39.000
35,180405090422,2018-04-05,NULL,01410-COMP-NB-ICT-PTRE-0418,307518,NULL,NULL,2018-04-05 00:00:00.000,NULL,NULL,NULL,1,302716,2018-04-05 13:40:43.000
36,180405090432,2018-04-05,NULL,01410-COMP-NB-ICT-PTRE-0418,307518,NULL,NULL,2018-04-05 00:00:00.000,NULL,NULL,NULL,1,302716,2018-04-05 13:40:50.000
37,180405090504,2018-04-05,NULL,01410-COMP-NB-ICT-PTRE-0418,307518,NULL,NULL,2018-04-05 00:00:00.000,NULL,NULL,NULL,1,302716,2018-04-05 13:40:54.000
53,180405025308,2018-04-05,NULL,02523-FUR-LC-CFS-PTRE-14,020036,,NULL,2018-04-05 00:00:00.000,NULL,NULL,NULL,0,NULL,NULL
54,180405025319,2018-04-05,NULL,02522-FUR-LC-CFS-PTRE-14,020036,NULL,NULL,2018-04-05 00:00:00.000,NULL,NULL,NULL,0,NULL,NULL
38,180405090639,2018-04-06,NULL,01410-COMP-NB-ICT-PTRE-0418,307518,NULL,NULL,2018-04-05 00:00:00.000,NULL,NULL,NULL,1,302716,2018-04-05 13:41:05.000
39,180405090902,2018-04-06,NULL,01410-COMP-NB-ICT-PTRE-0418,307518,NULL,NULL,2018-04-05 00:00:00.000,NULL,NULL,NULL,1,302716,2018-04-05 13:41:02.000
40,180405091008,2018-04-06,NULL,01410-COMP-NB-ICT-PTRE-0418,307518,NULL,NULL,2018-04-05 00:00:00.000,NULL,NULL,NULL,1,302716,2018-04-05 13:40:57.000
41,180405091012,2018-04-06,NULL,01410-COMP-NB-ICT-PTRE-0418,307518,NULL,NULL,2018-04-05 00:00:00.000,NULL,NULL,NULL,1,302716,2018-04-05 13:41:41.000
42,180405091231,2018-04-06,NULL,01410-COMP-NB-ICT-PTRE-0418,307518,NULL,NULL,2018-04-05 00:00:00.000,NULL,NULL,NULL,1,302716,2018-04-05 13:41:37.000
43,180405091334,2018-04-06,NULL,01410-COMP-NB-ICT-PTRE-0418,307518,NULL,NULL,2018-04-05 00:00:00.000,NULL,NULL,NULL,1,302716,2018-04-05 13:41:31.000
44,180405091342,2018-04-06,NULL,01410-COMP-NB-ICT-PTRE-0418,307518,NULL,NULL,2018-04-05 00:00:00.000,NULL,NULL,NULL,1,302716,2018-04-05 13:41:28.000
45,180405091346,2018-04-06,NULL,01410-COMP-NB-ICT-PTRE-0418,307518,NULL,NULL,2018-04-05 00:00:00.000,NULL,NULL,NULL,1,302716,2018-04-05 13:41:25.000
46,180405091350,2018-04-06,NULL,01410-COMP-NB-ICT-PTRE-0418,307518,NULL,NULL,2018-04-05 00:00:00.000,NULL,NULL,NULL,1,302716,2018-04-05 13:40:34.000
47,180405091352,2018-04-06,NULL,01410-COMP-NB-ICT-PTRE-0418,307518,NULL,NULL,2018-04-05 00:00:00.000,NULL,NULL,NULL,1,302716,2018-04-05 13:40:29.000
48,180405091355,2018-04-06,NULL,01410-COMP-NB-ICT-PTRE-0418,307518,NULL,NULL,2018-04-05 00:00:00.000,NULL,NULL,NULL,1,307518,2018-04-05 09:46:06.000
49,180405023213,2018-04-06,2018-04-06,01410-COMP-NB-ICT-PTRE-0418,020036,,NULL,2018-04-05 00:00:00.000,NULL,NULL,NULL,1,302716,2018-04-05 14:41:38.000
50,180405023226,2018-04-06,NULL,01410-COMP-NB-ICT-PTRE-0418,021684,NULL,NULL,2018-04-05 00:00:00.000,NULL,NULL,NULL,1,302716,2018-04-05 14:37:44.000
16,180403013545,2018-04-11,2018-04-11,01520-FUR-LM-CFS-PTRE-11,033076,,NULL,2018-04-03 00:00:00.000,NULL,NULL,NULL,1,302716,2018-04-03 13:57:05.000
51,180405023416,2018-04-12,NULL,01410-COMP-NB-ICT-PTRE-0418,019282,NULL,NULL,2018-04-05 00:00:00.000,NULL,NULL,NULL,1,302716,2018-04-05 14:37:41.000
56,180414114938,2018-04-14,NULL,01411-COMP-DESK-ICT-PTRE-0418,020036,,NULL,2018-04-14 00:00:00.000,NULL,NULL,NULL,1,302716,2018-04-14 11:50:01.000
59,180416031907,2018-04-16,2018-04-20,01409 COMP-NB-ICT-PTRE-16,020036,,NULL,2018-04-16 00:00:00.000,NULL,NULL,NULL,0,NULL,NULL
52,180405024832,2018-04-05,2018-04-25,01410-COMP-NB-ICT-PTRE-0418,020036,Detasering,NULL,2018-04-05 00:00:00.000,NULL,NULL,NULL,0,NULL,NULL
55,180405054132,2018-04-05,2018-04-26,01410-COMP-NB-ICT-PTRE-0418,307518,,NULL,2018-04-05 00:00:00.000,NULL,NULL,NULL,0,NULL,NULL
63,190218093152,2018-07-04,NULL,01125-COMP-DESK-ICT-PTRE-13,301017,NULL,NULL,2019-02-18 00:00:00.000,NULL,NULL,NULL,0,NULL,NULL
66,190218093631,2018-07-04,NULL,00918-COMP-DESK-ICT-PTRE-12,134370,NULL,NULL,2019-02-18 00:00:00.000,NULL,NULL,NULL,0,NULL,NULL
67,190218093755,2018-07-04,NULL,01030-COMP-DESK-ICT-PTRE-13,302417,NULL,NULL,2019-02-18 00:00:00.000,NULL,NULL,NULL,0,NULL,NULL
69,190218094106,2018-07-04,NULL,00912-COMP-DESK-ICT-PTRE-12,144495,NULL,NULL,2019-02-18 00:00:00.000,NULL,NULL,NULL,0,NULL,NULL
70,190218094200,2018-07-04,NULL,01032-COMP-DESK-ICT-PTRE-13,114236,NULL,NULL,2019-02-18 00:00:00.000,NULL,NULL,NULL,0,NULL,NULL
71,190218094756,2018-07-04,NULL,00761-COMP-DESK-ICT-PTRE-11,110014,NULL,NULL,2019-02-18 00:00:00.000,NULL,NULL,NULL,0,NULL,NULL
72,190218094907,2018-07-04,NULL,01123-COMP-DESK-ICT-PTRE-13,073866,NULL,NULL,2019-02-18 00:00:00.000,NULL,NULL,NULL,0,NULL,NULL
75,190218095144,2018-07-04,NULL,01122-COMP-DESK-ICT-PTRE-13,304016,NULL,NULL,2019-02-18 00:00:00.000,NULL,NULL,NULL,0,NULL,NULL
76,190218095233,2018-07-04,NULL,00966-COMP-DESK-ICT-PTRE-12,302317,NULL,NULL,2019-02-18 00:00:00.000,NULL,NULL,NULL,0,NULL,NULL
81,190218095744,2018-07-04,NULL,01019-COMP-DESK-ICT-PTRE-13,300717,NULL,NULL,2019-02-18 00:00:00.000,NULL,NULL,NULL,0,NULL,NULL
84,190218100015,2018-07-04,NULL,01061-COMP-WORK-ICT-PTRE-13,134413,NULL,NULL,2019-02-18 00:00:00.000,NULL,NULL,NULL,0,NULL,NULL
85,190218100036,2018-07-04,NULL,01062-COMP-WORK-ICT-PTRE-13,073746,NULL,NULL,2019-02-18 00:00:00.000,NULL,NULL,NULL,0,NULL,NULL
86,190218100118,2018-07-04,NULL,01020-COMP-DESK-ICT-PTRE-13,114174,NULL,NULL,2019-02-18 00:00:00.000,NULL,NULL,NULL,0,NULL,NULL
96,190218101308,2018-07-04,NULL,00974-COMP-DESK-ICT-PTRE-12,124272,NULL,NULL,2019-02-18 00:00:00.000,NULL,NULL,NULL,0,NULL,NULL
108,190218102626,2018-07-04,NULL,00984-COMP-DESK-ICT-PTRE-12,305517,NULL,NULL,2019-02-18 00:00:00.000,NULL,NULL,NULL,0,NULL,NULL
111,190218103122,2018-07-04,NULL,00988-COMP-DESK-ICT-PTRE-12,124343,NULL,NULL,2019-02-18 00:00:00.000,NULL,NULL,NULL,0,NULL,NULL
112,190218103219,2018-07-04,NULL,00960-COMP-DESK-ICT-PTRE-12,300516,NULL,NULL,2019-02-18 00:00:00.000,NULL,NULL,NULL,0,NULL,NULL
120,190218104351,2018-07-04,NULL,01010-COMP-DESK-ICT-PTRE-13,023224,NULL,NULL,2019-02-18 00:00:00.000,NULL,NULL,NULL,0,NULL,NULL
126,190218105336,2018-07-04,NULL,01139-COMP-DESK-ICT-PTRE-13,023012,NULL,NULL,2019-02-18 00:00:00.000,NULL,NULL,NULL,0,NULL,NULL
130,190218110257,2018-07-04,NULL,01043-COMP-DESK-ICT-PTRE-13,134391,NULL,NULL,2019-02-18 00:00:00.000,NULL,NULL,NULL,0,NULL,NULL
132,190218110844,2018-07-04,NULL,01039-COMP-DESK-ICT-PTRE-13,083911,NULL,NULL,2019-02-18 00:00:00.000,NULL,NULL,NULL,0,NULL,NULL
144,190218010558,2018-07-04,NULL,00853-COMP-DESK-ICT-PTRE-12,114219,NULL,NULL,2019-02-18 00:00:00.000,NULL,NULL,NULL,0,NULL,NULL
146,190218011058,2018-07-04,NULL,01017-COMP-DESK-ICT-PTRE-13,305417,NULL,NULL,2019-02-18 00:00:00.000,NULL,NULL,NULL,0,NULL,NULL
157,190218013132,2018-07-04,NULL,00739-COMP-DESK-ICT-PTRE-11,083914,NULL,NULL,2019-02-18 00:00:00.000,NULL,NULL,NULL,0,NULL,NULL
160,190218013426,2018-07-04,NULL,01063-COMP-WORK-ICT-PTRE-13,154574,NULL,NULL,2019-02-18 00:00:00.000,NULL,NULL,NULL,0,NULL,NULL
162,190218013745,2018-07-04,NULL,00959-COMP-DESK-ICT-PTRE-12,305017,NULL,NULL,2019-02-18 00:00:00.000,NULL,NULL,NULL,0,NULL,NULL
163,190218013848,2018-07-04,NULL,00873-COMP-DESK-ICT-PTRE-12,314518,NULL,NULL,2019-02-18 00:00:00.000,NULL,NULL,NULL,1,053573,2019-02-18 13:39:03.000
172,190218015602,2018-07-04,NULL,01058-COMP-WORK-ICT-PTRE-13,134417,NULL,NULL,2019-02-18 00:00:00.000,NULL,NULL,NULL,1,053573,2019-02-18 14:10:48.000
173,190218015711,2018-07-04,NULL,00788-COMP-DESK-ICT-PTRE-11,124252,NULL,NULL,2019-02-18 00:00:00.000,NULL,NULL,NULL,0,NULL,NULL
179,190218021034,2018-07-04,NULL,01058-COMP-WORK-ICT-PTRE-13,134417,NULL,NULL,2019-02-18 00:00:00.000,NULL,NULL,NULL,0,NULL,NULL
180,190218021250,2018-07-04,NULL,01127-COMP-DESK-ICT-PTRE-13,302616,NULL,NULL,2019-02-18 00:00:00.000,NULL,NULL,NULL,0,NULL,NULL
181,190218021400,2018-07-04,NULL,01050-COMP-WORK-ICT-PTRE-13,073775,NULL,NULL,2019-02-18 00:00:00.000,NULL,NULL,NULL,0,NULL,NULL
194,190218023300,2018-07-04,NULL,00818-COMP-DESK-ICT-PTRE-12,104154,NULL,NULL,2019-02-18 00:00:00.000,NULL,NULL,NULL,0,NULL,NULL
203,190218023943,2018-07-04,NULL,00764-COMP-DESK-ICT-PTRE-11,104140,NULL,NULL,2019-02-18 00:00:00.000,NULL,NULL,NULL,0,NULL,NULL
204,190218024106,2018-07-04,NULL,00798-COMP-DESK-ICT-PTRE-11,164610,NULL,NULL,2019-02-18 00:00:00.000,NULL,NULL,NULL,0,NULL,NULL
212,190218024853,2018-07-04,NULL,00758-COMP-DESK-ICT-PTRE-11,083933,NULL,NULL,2019-02-18 00:00:00.000,NULL,NULL,NULL,0,NULL,NULL
214,190218025024,2018-07-04,NULL,01012-COMP-DESK-ICT-PTRE-13,144514,NULL,NULL,2019-02-18 00:00:00.000,NULL,NULL,NULL,0,NULL,NULL
224,190218025934,2018-07-04,NULL,01015-COMP-DESK-ICT-PTRE-13,073815,NULL,NULL,2019-02-18 00:00:00.000,NULL,NULL,NULL,0,NULL,NULL
236,190222092522,2018-07-04,NULL,01134-COMP-DESK-ICT-PTRE-13,304617,NULL,NULL,2019-02-22 00:00:00.000,NULL,NULL,NULL,0,NULL,NULL
245,190222105956,2018-07-04,NULL,00805-COMP-DESK-ICT-PTRE-11,022005,NULL,NULL,2019-02-22 00:00:00.000,NULL,NULL,NULL,0,NULL,NULL
246,190222110102,2018-07-04,NULL,00763-COMP-DESK-ICT-PTRE-11,032227,NULL,NULL,2019-02-22 00:00:00.000,NULL,NULL,NULL,0,NULL,NULL
1897,201022101544,2018-07-04,NULL,01043-COMP-DESK-ICT-PTRE-13,134391,NULL,NULL,2020-10-22 00:00:00.000,NULL,NULL,NULL,0,NULL,NULL
1898,201022101555,2018-07-04,NULL,01043-COMP-DESK-ICT-PTRE-13,134391,NULL,NULL,2020-10-22 00:00:00.000,NULL,NULL,NULL,0,NULL,NULL
1908,201022112620,2018-07-04,NULL,01020-COMP-DESK-ICT-PTRE-13,114174,NULL,NULL,2020-10-22 00:00:00.000,NULL,NULL,NULL,0,NULL,NULL
1959,201109042000,2018-07-04,NULL,00806-COMP-WORK-ICT-PTRE-12,130111,NULL,NULL,2020-11-09 00:00:00.000,NULL,NULL,NULL,0,NULL,NULL
73,190218095022,2018-07-06,NULL,01174-COMP-DESK-ICT-PTRE-13,184655,NULL,NULL,2019-02-18 00:00:00.000,NULL,NULL,NULL,1,053573,2019-02-18 09:50:37.000
83,190218095937,2018-07-06,NULL,01157-COMP-DESK-ICT-PTRE-13,134457,NULL,NULL,2019-02-18 00:00:00.000,NULL,NULL,NULL,0,NULL,NULL
88,190218100328,2018-07-06,NULL,01342-COMP-DESK-ICT-PTRE-15,184672,NULL,NULL,2019-02-18 00:00:00.000,NULL,NULL,NULL,1,053573,2019-02-18 10:03:42.000
124,190218105133,2018-07-06,NULL,01296-COMP-DESK-ICT-PTRE-15,134382,NULL,NULL,2019-02-18 00:00:00.000,NULL,NULL,NULL,0,NULL,NULL
131,190218110605,2018-07-06,NULL,01178-COMP-DESK-ICT-PTRE-13,134376,NULL,NULL,2019-02-18 00:00:00.000,NULL,NULL,NULL,0,NULL,NULL
145,190218010756,2018-07-06,NULL,01249-COMP-DESK-ICT-PTRE-14,114195,NULL,NULL,2019-02-18 00:00:00.000,NULL,NULL,NULL,0,NULL,NULL
161,190218013456,2018-07-06,NULL,01179-COMP-DESK-ICT-PTRE-13,083911,NULL,NULL,2019-02-18 00:00:00.000,NULL,NULL,NULL,0,NULL,NULL
167,190218014716,2018-07-06,NULL,01170-COMP-DESK-ICT-PTRE-13,073749,NULL,NULL,2019-02-18 00:00:00.000,NULL,NULL,NULL,0,NULL,NULL
175,190218020315,2018-07-06,NULL,01173-COMP-DESK-ICT-PTRE-13,104160,NULL,NULL,2019-02-18 00:00:00.000,NULL,NULL,NULL,1,053573,2019-02-18 14:03:30.000
186,190218022559,2018-07-06,NULL,01154-COMP-DESK-ICT-PTRE-13,164610,NULL,NULL,2019-02-18 00:00:00.000,NULL,NULL,NULL,1,053573,2019-02-18 14:26:13.000
187,190218022559,2018-07-06,NULL,01154-COMP-DESK-ICT-PTRE-13,164610,NULL,NULL,2019-02-18 00:00:00.000,NULL,NULL,NULL,1,053573,2019-02-18 14:26:17.000
215,190218025028,2018-07-06,NULL,01292-COMP-DESK-ICT-PTRE-15,104094,NULL,NULL,2019-02-18 00:00:00.000,NULL,NULL,NULL,0,NULL,NULL
217,190218025106,2018-07-06,NULL,01292-COMP-DESK-ICT-PTRE-15,130075,NULL,NULL,2019-02-18 00:00:00.000,NULL,NULL,NULL,0,NULL,NULL
233,190222090804,2018-07-06,NULL,01270-COMP-WORK-ICT-PTRE-14,134362,NULL,NULL,2019-02-22 00:00:00.000,NULL,NULL,NULL,0,NULL,NULL
234,190222090934,2018-07-06,NULL,01266-COMP-DESK-ICT-PTRE-14,124339,NULL,NULL,2019-02-22 00:00:00.000,NULL,NULL,NULL,0,NULL,NULL
1894,201022100045,2018-07-06,NULL,01270-COMP-WORK-ICT-PTRE-14,134362,NULL,NULL,2020-10-22 00:00:00.000,NULL,NULL,NULL,0,NULL,NULL
1910,201022113640,2018-07-06,NULL,01230-COMP-DESK-ICT-PTRE-14,023096,NULL,NULL,2020-10-22 00:00:00.000,NULL,NULL,NULL,1,306117,2023-01-13 14:59:54.000
2643,210211081053,2018-07-06,NULL,01237-COMP-NB-ICT-PTRE-14,023058,NULL,NULL,2021-02-11 00:00:00.000,NULL,NULL,NULL,0,NULL,NULL
3810,221027125919,2018-07-06,NULL,01314-COMP-WORK-ICT-PTRE-15,154587,NULL,NULL,2022-10-27 00:00:00.000,NULL,NULL,NULL,0,NULL,NULL
93,190218100936,2018-07-09,NULL,01495-COMP-DSK-ICT-PTRE-18,033376,NULL,NULL,2019-02-18 00:00:00.000,NULL,NULL,NULL,0,NULL,NULL
114,190218103411,2018-07-09,NULL,01373-COMP-DESK-ICT-PTRE-16,164600,NULL,NULL,2019-02-18 00:00:00.000,NULL,NULL,NULL,0,NULL,NULL
119,190218104129,2018-07-09,NULL,01387-COMP-DESK-ICT-PTRE-16,023208,NULL,NULL,2019-02-18 00:00:00.000,NULL,NULL,NULL,0,NULL,NULL
170,190218015223,2018-07-09,NULL,01475-COMP-NB-ICT-PTRE-18,308418,NULL,NULL,2019-02-18 00:00:00.000,NULL,NULL,NULL,1,225164,2025-01-13 08:26:21.000
184,190218022019,2018-07-09,NULL,01499-COMP-DSK-ICT-PTRE-18,033232,NULL,NULL,2019-02-18 00:00:00.000,NULL,NULL,NULL,1,053573,2019-02-18 14:20:35.000
195,190218023356,2018-07-09,NULL,01349-COMP-DESK-ICT-PTRE-16,033043,NULL,NULL,2019-02-18 00:00:00.000,NULL,NULL,NULL,0,NULL,NULL
199,190218023741,2018-07-09,NULL,01347-COMP-DESK-ICT-PTRE-16,053527,NULL,NULL,2019-02-18 00:00:00.000,NULL,NULL,NULL,0,NULL,NULL
200,190218023749,2018-07-09,NULL,01498-COMP-DSK-ICT-PTRE-18,104136,NULL,NULL,2019-02-18 00:00:00.000,NULL,NULL,NULL,0,NULL,NULL
221,190218025424,2018-07-09,NULL,01353-COMP-DESK-ICT-PTRE-16,120052,NULL,NULL,2019-02-18 00:00:00.000,NULL,NULL,NULL,0,NULL,NULL
243,190222104359,2018-07-09,NULL,01375-COMP-DESK-ICT-PTRE-16,134457,NULL,NULL,2019-02-22 00:00:00.000,NULL,NULL,NULL,0,NULL,NULL
1988,201123102814,2018-07-09,NULL,01460-COMP-NB-ICT-PTRE-18,073860,NULL,NULL,2020-11-23 00:00:00.000,NULL,NULL,NULL,0,NULL,NULL
3794,221027093058,2018-07-09,NULL,01470-COMP-DSK-ICT-PTRE-18,308018,NULL,NULL,2022-10-27 00:00:00.000,NULL,NULL,NULL,0,NULL,NULL
3806,221027111213,2018-07-09,NULL,01457-COMP-NB-ICT-PTRE-18,124329,NULL,NULL,2022-10-27 00:00:00.000,NULL,NULL,NULL,0,NULL,NULL
3879,221121015354,2018-07-09,NULL,01515 COMP-NB-ICT-PTRE-18,311518,NULL,NULL,2022-11-21 00:00:00.000,NULL,NULL,NULL,1,306117,2022-11-21 13:54:07.000
4176,240122033827,2018-07-09,NULL,01373-COMP-DESK-ICT-PTRE-16,114195,NULL,NULL,2024-01-22 00:00:00.000,NULL,NULL,NULL,1,225164,2024-03-12 08:26:10.000
4178,240122034155,2018-07-09,NULL,01486-COMP-NB-ICT-PTRE-18,023064,NULL,NULL,2024-01-22 00:00:00.000,NULL,NULL,NULL,1,225164,2024-03-12 08:34:37.000
6377,240515040527,2018-07-09,NULL,01467-COMP-NB-ICT-PTRE-18,836911,NULL,NULL,2024-05-15 00:00:00.000,NULL,NULL,NULL,0,NULL,NULL
60,190218092827,2019-02-18,NULL,01371-COMP-DESK-ICT-PTRE-16,314018,NULL,NULL,2019-02-18 00:00:00.000,NULL,NULL,NULL,0,NULL,NULL
62,190218093100,2019-02-18,NULL,00795-COMP-DESK-ICT-PTRE-11,300317,NULL,NULL,2019-02-18 00:00:00.000,NULL,NULL,NULL,0,NULL,NULL
64,190218093408,2019-02-18,NULL,00797-COMP-DESK-ICT-PTRE-11,110007,NULL,NULL,2019-02-18 00:00:00.000,NULL,NULL,NULL,0,NULL,NULL
65,190218093459,2019-02-18,NULL,00833-COMP-DESK-ICT-PTRE-12,184708,NULL,NULL,2019-02-18 00:00:00.000,NULL,NULL,NULL,0,NULL,NULL
68,190218094037,2019-02-18,NULL,00897-COMP-DESK-ICT-PTRE-12,184660,NULL,NULL,2019-02-18 00:00:00.000,NULL,NULL,NULL,0,NULL,NULL
74,190218095048,2019-02-18,NULL,01174-COMP-DESK-ICT-PTRE-13,184655,NULL,NULL,2019-02-18 00:00:00.000,NULL,NULL,NULL,0,NULL,NULL
77,190218095331,2019-02-18,NULL,00812-COMP-DESK-ICT-PTRE-12,083943,NULL,NULL,2019-02-18 00:00:00.000,NULL,NULL,NULL,0,NULL,NULL
78,190218095554,2019-02-18,NULL,01626 COMP-DSK-ICT-PTRE-18,124274,NULL,NULL,2019-02-18 00:00:00.000,NULL,NULL,NULL,1,053573,2019-02-18 09:56:24.000
82,190218095849,2019-02-18,NULL,00859-COMP-DESK-ICT-PTRE-12,305817,NULL,NULL,2019-02-18 00:00:00.000,NULL,NULL,NULL,0,NULL,NULL
87,190218100215,2019-02-18,NULL,01593 COMP-DSK-ICT-PTRE-18,316318,NULL,NULL,2019-02-18 00:00:00.000,NULL,NULL,NULL,1,306117,2023-01-13 09:57:58.000
92,190218100836,2019-02-18,NULL,01018-COMP-DESK-ICT-PTRE-13,307018,NULL,NULL,2019-02-18 00:00:00.000,NULL,NULL,NULL,0,NULL,NULL
95,190218101235,2019-02-18,NULL,00832-COMP-DESK-ICT-PTRE-12,306217,NULL,NULL,2019-02-18 00:00:00.000,NULL,NULL,NULL,0,NULL,NULL
97,190218101424,2019-02-18,NULL,00770-COMP-DESK-ICT-PTRE-11,313418,NULL,NULL,2019-02-18 00:00:00.000,NULL,NULL,NULL,0,NULL,NULL
98,190218101518,2019-02-18,NULL,00743-COMP-DESK-ICT-PTRE-11,310118,NULL,NULL,2019-02-18 00:00:00.000,NULL,NULL,NULL,0,NULL,NULL
100,190218101727,2019-02-18,NULL,00799-COMP-DESK-ICT-PTRE-11,308818,NULL,NULL,2019-02-18 00:00:00.000,NULL,NULL,NULL,1,053573,2019-02-18 13:02:38.000
101,190218101821,2019-02-18,NULL,00794-COMP-DESK-ICT-PTRE-11,309718,NULL,NULL,2019-02-18 00:00:00.000,NULL,NULL,NULL,0,NULL,NULL
102,190218101912,2019-02-18,NULL,00792-COMP-DESK-ICT-PTRE-11,184676,NULL,NULL,2019-02-18 00:00:00.000,NULL,NULL,NULL,0,NULL,NULL
103,190218102002,2019-02-18,NULL,01509 COMP-DSK-ICT-PTRE-18,312218,NULL,NULL,2019-02-18 00:00:00.000,NULL,NULL,NULL,0,NULL,NULL
104,190218102059,2019-02-18,NULL,00749-COMP-DESK-ICT-PTRE-11,094081,NULL,NULL,2019-02-18 00:00:00.000,NULL,NULL,NULL,0,NULL,NULL
105,190218102332,2019-02-18,NULL,00844-COMP-DESK-ICT-PTRE-12,309618,NULL,NULL,2019-02-18 00:00:00.000,NULL,NULL,NULL,0,NULL,NULL
106,190218102437,2019-02-18,NULL,01130-COMP-DESK-ICT-PTRE-13,308618,NULL,NULL,2019-02-18 00:00:00.000,NULL,NULL,NULL,0,NULL,NULL
109,190218102901,2019-02-18,NULL,00235-MON-CRT-ICT-PTRE-03,308018,NULL,NULL,2019-02-18 00:00:00.000,NULL,NULL,NULL,0,NULL,NULL
110,190218103026,2019-02-18,NULL,01132-COMP-DESK-ICT-PTRE-13,023013,NULL,NULL,2019-02-18 00:00:00.000,NULL,NULL,NULL,0,NULL,NULL
116,190218103859,2019-02-18,NULL,01469-COMP-DSK-ICT-PTRE-18,134382,NULL,NULL,2019-02-18 00:00:00.000,NULL,NULL,NULL,1,053573,2019-02-18 11:10:54.000
117,190218103950,2019-02-18,NULL,01064-COMP-WORK-ICT-PTRE-13,023215,NULL,NULL,2019-02-18 00:00:00.000,NULL,NULL,NULL,0,NULL,NULL
118,190218104044,2019-02-18,NULL,00755-COMP-DESK-ICT-PTRE-11,310318,NULL,NULL,2019-02-18 00:00:00.000,NULL,NULL,NULL,0,NULL,NULL
121,190218104438,2019-02-18,NULL,01346-COMP-WORK-ICT-PTRE-15,073752,NULL,NULL,2019-02-18 00:00:00.000,NULL,NULL,NULL,0,NULL,NULL
122,190218104703,2019-02-18,NULL,01003-COMP-DESK-ICT-PTRE-13,313318,NULL,NULL,2019-02-18 00:00:00.000,NULL,NULL,NULL,0,NULL,NULL
123,190218104746,2019-02-18,NULL,00914-COMP-DESK-ICT-PTRE-12,307918,NULL,NULL,2019-02-18 00:00:00.000,NULL,NULL,NULL,0,NULL,NULL
125,190218105239,2019-02-18,NULL,01549 COMP-DSK-ICT-PTRE-18,184656,NULL,NULL,2019-02-18 00:00:00.000,NULL,NULL,NULL,1,053573,2019-02-18 12:58:34.000
127,190218110002,2019-02-18,NULL,01591 COMP-DSK-ICT-PTRE-18,120052,NULL,NULL,2019-02-18 00:00:00.000,NULL,NULL,NULL,1,053573,2019-02-22 09:19:45.000
128,190218110140,2019-02-18,NULL,00953-COMP-DESK-ICT-PTRE-10,124330,NULL,NULL,2019-02-18 00:00:00.000,NULL,NULL,NULL,0,NULL,NULL
129,190218110221,2019-02-18,NULL,01272-COMP-DESK-ICT-PTRE-14,312918,NULL,NULL,2019-02-18 00:00:00.000,NULL,NULL,NULL,0,NULL,NULL
133,190218111139,2019-02-18,NULL,01037-COMP-DESK-ICT-PTRE-13,307418,NULL,NULL,2019-02-18 00:00:00.000,NULL,NULL,NULL,0,NULL,NULL
134,190218111240,2019-02-18,NULL,01555 COMP-DSK-ICT-PTRE-18,300917,NULL,NULL,2019-02-18 00:00:00.000,NULL,NULL,NULL,1,053573,2019-02-18 11:12:54.000
135,190218111259,2019-02-18,NULL,01555 COMP-DSK-ICT-PTRE-18,300917,NULL,NULL,2019-02-18 00:00:00.000,NULL,NULL,NULL,1,053573,2019-02-18 11:13:13.000
136,190218111345,2019-02-18,NULL,01555 COMP-DSK-ICT-PTRE-18,300917,NULL,NULL,2019-02-18 00:00:00.000,NULL,NULL,NULL,1,053573,2019-02-18 11:13:59.000
137,190218111416,2019-02-18,NULL,01555 COMP-DSK-ICT-PTRE-18,300917,NULL,NULL,2019-02-18 00:00:00.000,NULL,NULL,NULL,1,053573,2019-02-22 10:23:00.000
138,190218112023,2019-02-18,NULL,01128-COMP-DESK-ICT-PTRE-13,311018,NULL,NULL,2019-02-18 00:00:00.000,NULL,NULL,NULL,0,NULL,NULL
140,190218112153,2019-02-18,NULL,01615 COMP-DSK-ICT-PTRE-18,304217,NULL,NULL,2019-02-18 00:00:00.000,NULL,NULL,NULL,1,225164,2023-10-28 22:45:42.000
141,190218125838,2019-02-18,NULL,01549 COMP-DSK-ICT-PTRE-18,124303,NULL,NULL,2019-02-18 00:00:00.000,NULL,NULL,NULL,1,053573,2019-02-18 14:55:26.000
143,190218010415,2019-02-18,NULL,01022-COMP-DESK-ICT-PTRE-13,306617,NULL,NULL,2019-02-18 00:00:00.000,NULL,NULL,NULL,0,NULL,NULL
147,190218011429,2019-02-18,NULL,01294-COMP-DESK-ICT-PTRE-15,184690,NULL,NULL,2019-02-18 00:00:00.000,NULL,NULL,NULL,0,NULL,NULL
148,190218011526,2019-02-18,NULL,01268-COMP-DESK-ICT-PTRE-14,073865,NULL,NULL,2019-02-18 00:00:00.000,NULL,NULL,NULL,0,NULL,NULL
149,190218011633,2019-02-18,NULL,00741-COMP-DESK-ICT-PTRE-11,315218,NULL,NULL,2019-02-18 00:00:00.000,NULL,NULL,NULL,1,053573,2019-02-18 13:19:35.000
150,190218011922,2019-02-18,NULL,00741-COMP-DESK-ICT-PTRE-11,315218,NULL,NULL,2019-02-18 00:00:00.000,NULL,NULL,NULL,0,NULL,NULL
152,190218012248,2019-02-18,NULL,01640 COMP-DSK-ICT-PTRE-18,184689,NULL,NULL,2019-02-18 00:00:00.000,NULL,NULL,NULL,1,053573,2019-02-18 13:26:09.000
153,190218012803,2019-02-18,NULL,01565 COMP-DSK-ICT-PTRE-18,313418,NULL,NULL,2019-02-18 00:00:00.000,NULL,NULL,NULL,1,053573,2019-02-18 13:28:19.000
156,190218013014,2019-02-18,NULL,00921-COMP-DESK-ICT-PTRE-12,313418,NULL,NULL,2019-02-18 00:00:00.000,NULL,NULL,NULL,0,NULL,NULL
159,190218013337,2019-02-18,NULL,00223-COMP-DESK-ICT-PTRE-03,063614,NULL,NULL,2019-02-18 00:00:00.000,NULL,NULL,NULL,0,NULL,NULL
164,190218013910,2019-02-18,NULL,00873-COMP-DESK-ICT-PTRE-12,314518,NULL,NULL,2019-02-18 00:00:00.000,NULL,NULL,NULL,0,NULL,NULL
166,190218014640,2019-02-18,NULL,01634 COMP-DSK-ICT-PTRE-18,073815,NULL,NULL,2019-02-18 00:00:00.000,NULL,NULL,NULL,0,NULL,NULL
168,190218015059,2019-02-18,NULL,01547 COMP-DSK-ICT-PTRE-18,104136,NULL,NULL,2019-02-18 00:00:00.000,NULL,NULL,NULL,0,NULL,NULL
169,190218015142,2019-02-18,NULL,01041-COMP-DESK-ICT-PTRE-13,312718,NULL,NULL,2019-02-18 00:00:00.000,NULL,NULL,NULL,0,NULL,NULL
171,190218015313,2019-02-18,NULL,01526 COMP-DSK-ICT-PTRE-18,311718,NULL,NULL,2019-02-18 00:00:00.000,NULL,NULL,NULL,0,NULL,NULL
174,190218020224,2019-02-18,NULL,01137-COMP-DESK-ICT-PTRE-13,104160,NULL,NULL,2019-02-18 00:00:00.000,NULL,NULL,NULL,0,NULL,NULL
176,190218020335,2019-02-18,NULL,01173-COMP-DESK-ICT-PTRE-13,104160,NULL,NULL,2019-02-18 00:00:00.000,NULL,NULL,NULL,0,NULL,NULL
177,190218020734,2019-02-18,NULL,01016-COMP-DESK-ICT-PTRE-13,033031,NULL,NULL,2019-02-18 00:00:00.000,NULL,NULL,NULL,0,NULL,NULL
178,190218020944,2019-02-18,NULL,01471-COMP-DSK-ICT-PTRE-18,184647,NULL,NULL,2019-02-18 00:00:00.000,NULL,NULL,NULL,0,NULL,NULL
182,190218021602,2019-02-18,NULL,01511 COMP-DSK-ICT-PTRE-18,204943,Ex Slamet Widodo,NULL,2021-01-12 00:00:00.000,NULL,NULL,NULL,0,NULL,NULL
183,190218021736,2019-02-18,NULL,00780-COMP-SVR-ICT-PTRE-1,308118,NULL,NULL,2019-02-18 00:00:00.000,NULL,NULL,NULL,0,NULL,NULL
188,190218022622,2019-02-18,NULL,01154-COMP-DESK-ICT-PTRE-13,164610,NULL,NULL,2019-02-18 00:00:00.000,NULL,NULL,NULL,0,NULL,NULL
190,190218022916,2019-02-18,NULL,00855-COMP-DESK-ICT-PTRE-12,311618,NULL,NULL,2019-02-18 00:00:00.000,NULL,NULL,NULL,0,NULL,NULL
191,190218022954,2019-02-18,NULL,01541 -MON-LCD-ICT-PTRE-18,134460,NULL,NULL,2019-02-18 00:00:00.000,NULL,NULL,NULL,0,NULL,NULL
192,190218023053,2019-02-18,NULL,01496-COMP-DSK-ICT-PTRE-18,310718,NULL,NULL,2019-02-18 00:00:00.000,NULL,NULL,NULL,0,NULL,NULL
193,190218023231,2019-02-18,NULL,00744-MON-LCD-ICT-PTRE-11,124271,NULL,NULL,2019-02-18 00:00:00.000,NULL,NULL,NULL,0,NULL,NULL
196,190218023456,2019-02-18,NULL,01545 COMP-DSK-ICT-PTRE-18,314918,NULL,NULL,2019-02-18 00:00:00.000,NULL,NULL,NULL,0,NULL,NULL
197,190218023618,2019-02-18,NULL,01143-COMP-DESK-ICT-PTRE-13,314818,NULL,NULL,2019-02-18 00:00:00.000,NULL,NULL,NULL,0,NULL,NULL
198,190218023706,2019-02-18,NULL,01557 COMP-DSK-ICT-PTRE-18,309018,NULL,NULL,2019-02-18 00:00:00.000,NULL,NULL,NULL,0,NULL,NULL
201,190218023817,2019-02-18,NULL,01172-COMP-DESK-ICT-PTRE-13,194710,NULL,NULL,2019-02-18 00:00:00.000,NULL,NULL,NULL,0,NULL,NULL
202,190218023830,2019-02-18,NULL,01498-COMP-DSK-ICT-PTRE-18,130083,NULL,NULL,2019-02-18 00:00:00.000,NULL,NULL,NULL,0,NULL,NULL
205,190218024320,2019-02-18,NULL,00875-COMP-DESK-ICT-PTRE-12,184682,NULL,NULL,2019-02-18 00:00:00.000,NULL,NULL,NULL,0,NULL,NULL
206,190218024411,2019-02-18,NULL,01011-COMP-DESK-ICT-PTRE-13,300319,NULL,NULL,2019-02-18 00:00:00.000,NULL,NULL,NULL,0,NULL,NULL
207,190218024459,2019-02-18,NULL,01569 COMP-DSK-ICT-PTRE-18,124293,NULL,NULL,2019-02-18 00:00:00.000,NULL,NULL,NULL,0,NULL,NULL
208,190218024609,2019-02-18,NULL,01054-COMP-WORK-ICT-PTRE-13,316018,NULL,NULL,2019-02-18 00:00:00.000,NULL,NULL,NULL,0,NULL,NULL
209,190218024645,2019-02-18,NULL,01537 COMP-DSK-ICT-PTRE-18,184653,NULL,NULL,2019-02-18 00:00:00.000,NULL,NULL,NULL,0,NULL,NULL
210,190218024759,2019-02-18,NULL,01251-COMP-DESK-ICT-PTRE-14,124254,NULL,NULL,2019-02-18 00:00:00.000,NULL,NULL,NULL,0,NULL,NULL
211,190218024840,2019-02-18,NULL,01638 COMP-DSK-ICT-PTRE-18,110002,NULL,NULL,2019-02-18 00:00:00.000,NULL,NULL,NULL,0,NULL,NULL
213,190218024943,2019-02-18,NULL,00758-COMP-DESK-ICT-PTRE-11,309918,NULL,NULL,2019-02-18 00:00:00.000,NULL,NULL,NULL,0,NULL,NULL
216,190218025103,2019-02-18,NULL,01630 COMP-DSK-ICT-PTRE-18,124328,NULL,NULL,2019-02-18 00:00:00.000,NULL,NULL,NULL,0,NULL,NULL
220,190218025357,2019-02-18,NULL,01505 COMP-DSK-ICT-PTRE-18,120037,NULL,NULL,2019-02-18 00:00:00.000,NULL,NULL,NULL,1,225164,2023-10-28 23:10:17.000
222,190218025501,2019-02-18,NULL,01549 COMP-DSK-ICT-PTRE-18,184669,NULL,NULL,2019-02-18 00:00:00.000,NULL,NULL,NULL,1,053573,2019-02-18 15:05:18.000
223,190218025613,2019-02-18,NULL,01524 COMP-DSK-ICT-PTRE-18,104142,NULL,NULL,2019-02-18 00:00:00.000,NULL,NULL,NULL,1,306117,2023-01-12 15:21:55.000
225,190218025955,2019-02-18,NULL,01015-COMP-DESK-ICT-PTRE-13,194713,NULL,NULL,2019-02-18 00:00:00.000,NULL,NULL,NULL,0,NULL,NULL
226,190218030104,2019-02-18,NULL,01601 COMP-DSK-ICT-PTRE-18,184649,NULL,NULL,2019-02-18 00:00:00.000,NULL,NULL,NULL,1,225164,2023-11-06 15:29:11.000
227,190218030508,2019-02-18,NULL,01549 COMP-DSK-ICT-PTRE-18,124303,NULL,NULL,2019-02-18 00:00:00.000,NULL,NULL,NULL,1,225164,2025-02-07 21:23:32.000
228,190218030809,2019-02-18,NULL,01142-COMP-DESK-ICT-PTRE-13,053573,Process All,NULL,2019-02-18 00:00:00.000,NULL,NULL,NULL,1,053573,2019-02-18 15:09:27.000
229,190218030914,2019-02-18,NULL,01142-COMP-DESK-ICT-PTRE-13,063706,Process All,NULL,2019-02-18 00:00:00.000,NULL,NULL,NULL,0,NULL,NULL
230,190218031219,2019-02-18,NULL,01221-COMP-DESK-ICT-PTRE-14,309818,NULL,NULL,2019-02-18 00:00:00.000,NULL,NULL,NULL,0,NULL,NULL
231,190218031403,2019-02-18,NULL,00017-COMP-DESK-ICT-PTRE-02,130076,NULL,NULL,2019-02-18 00:00:00.000,NULL,NULL,NULL,0,NULL,NULL
235,190222091948,2019-02-18,NULL,01591 COMP-DSK-ICT-PTRE-18,184657,NULL,NULL,2019-02-22 00:00:00.000,NULL,NULL,NULL,1,225164,2023-10-28 22:57:33.000
238,190222101904,2019-02-18,NULL,01469-COMP-DSK-ICT-PTRE-18,063706,Dipakai User Bayu Noruska,NULL,2019-02-22 00:00:00.000,NULL,NULL,NULL,0,NULL,NULL
239,190222102303,2019-02-18,NULL,01555 COMP-DSK-ICT-PTRE-18,300917,NULL,NULL,2019-02-22 00:00:00.000,NULL,NULL,NULL,1,053573,2019-02-22 10:23:22.000
242,190222103605,2019-02-18,NULL,01640 COMP-DSK-ICT-PTRE-18,130076,NULL,NULL,2019-02-22 00:00:00.000,NULL,NULL,NULL,1,225164,2025-10-20 19:31:04.000
1901,201022105840,2019-02-18,NULL,01591 COMP-DSK-ICT-PTRE-18,184657,NULL,NULL,2020-10-22 00:00:00.000,NULL,NULL,NULL,0,NULL,NULL
1902,201022105847,2019-02-18,NULL,01591 COMP-DSK-ICT-PTRE-18,184657,NULL,NULL,2020-10-22 00:00:00.000,NULL,NULL,NULL,0,NULL,NULL
1906,201022112440,2019-02-18,NULL,01615 COMP-DSK-ICT-PTRE-18,304217,NULL,NULL,2020-10-22 00:00:00.000,NULL,NULL,NULL,1,225164,2023-10-28 22:45:50.000
1907,201022112532,2019-02-18,NULL,01128-COMP-DESK-ICT-PTRE-13,311018,NULL,NULL,2020-10-22 00:00:00.000,NULL,NULL,NULL,0,NULL,NULL
1954,201109034229,2019-02-18,NULL,00799-COMP-DESK-ICT-PTRE-11,184646,NULL,NULL,2020-11-09 00:00:00.000,NULL,NULL,NULL,0,NULL,NULL
1973,201110110338,2019-02-18,NULL,00223-COMP-DESK-ICT-PTRE-03,063614,NULL,NULL,2020-11-10 00:00:00.000,NULL,NULL,NULL,1,316118,2020-11-10 11:03:49.000
1992,210112015658,2019-02-18,NULL,01371-COMP-DESK-ICT-PTRE-16,194768,NULL,NULL,2021-01-12 00:00:00.000,NULL,NULL,NULL,0,NULL,NULL
4179,240122034310,2019-02-18,NULL,01496-COMP-DSK-ICT-PTRE-18,073770,NULL,NULL,2024-01-22 00:00:00.000,NULL,NULL,NULL,0,NULL,NULL
4180,240122034310,2019-02-18,NULL,01496-COMP-DSK-ICT-PTRE-18,073770,NULL,NULL,2024-01-22 00:00:00.000,NULL,NULL,NULL,1,225164,2024-03-12 08:37:23.000
4181,240122034319,2019-02-18,NULL,01496-COMP-DSK-ICT-PTRE-18,073770,NULL,NULL,2024-01-22 00:00:00.000,NULL,NULL,NULL,1,225164,2024-03-12 08:37:29.000
241,190222102349,2019-02-19,NULL,01553 COMP-DSK-ICT-PTRE-18,033019,NULL,NULL,2019-02-22 00:00:00.000,NULL,NULL,NULL,0,NULL,NULL
244,190222104933,2019-02-19,NULL,01036-COMP-DESK-ICT-PTRE-13,303817,NULL,NULL,2019-02-22 00:00:00.000,NULL,NULL,NULL,0,NULL,NULL
247,190222110142,2019-02-19,NULL,00772-COMP-DESK-ICT-PTRE-11,022001,PC digunakan Shofia,NULL,2019-02-22 00:00:00.000,NULL,NULL,NULL,0,NULL,NULL
250,190222110603,2019-02-19,NULL,01161-COMP-DESK-ICT-PTRE-13,073747,PC all Electrical,NULL,2019-02-22 00:00:00.000,NULL,NULL,NULL,0,NULL,NULL
251,190222111102,2019-02-19,NULL,00965-COMP-DESK-ICT-PTRE-12,306817,NULL,NULL,2019-02-22 00:00:00.000,NULL,NULL,NULL,0,NULL,NULL
1903,201022111318,2019-02-19,NULL,01553 COMP-DSK-ICT-PTRE-18,033019,NULL,NULL,2020-10-22 00:00:00.000,NULL,NULL,NULL,1,225164,2025-01-24 09:42:42.000
1945,201109015834,2019-02-19,NULL,01595 COMP-DSK-ICT-PTRE-18,194871,NULL,NULL,2020-11-09 00:00:00.000,NULL,NULL,NULL,1,306117,2023-01-12 16:47:39.000
237,190222092813,2019-02-22,NULL,01134-COMP-DESK-ICT-PTRE-13,164621,NULL,NULL,2019-02-22 00:00:00.000,NULL,NULL,NULL,0,NULL,NULL
249,190222110452,2019-02-22,NULL,01132-COMP-DESK-ICT-PTRE-13,315518,NULL,NULL,2019-02-22 00:00:00.000,NULL,NULL,NULL,0,NULL,NULL
253,190513034332,2019-05-13,NULL,01655 COMP-NB-ICT-PTRE-19,130089,NULL,NULL,2019-05-13 00:00:00.000,NULL,NULL,NULL,1,306117,2023-01-13 10:01:39.000
1912,201022113830,2019-08-08,NULL,01230-COMP-DESK-ICT-PTRE-14,300516,NULL,NULL,2020-10-22 00:00:00.000,NULL,NULL,NULL,1,306117,2023-01-13 14:59:38.000
1913,201022113845,2019-08-08,NULL,01230-COMP-DESK-ICT-PTRE-14,300516,NULL,NULL,2020-10-22 00:00:00.000,NULL,NULL,NULL,1,306117,2023-01-13 14:59:11.000
4119,231027050558,2019-08-14,NULL,01752 COMP-NB-ICT-PTRE-19,300317,NULL,NULL,2023-10-27 00:00:00.000,NULL,NULL,NULL,1,306117,2023-10-27 17:06:26.000
3769,220913093450,2019-09-23,NULL,01893 COMP-NB-ICT-PTRE-19,063675,NULL,NULL,2022-09-13 00:00:00.000,NULL,NULL,NULL,0,NULL,NULL
5301,240312091603,2019-10-09,NULL,01879 COMP-NB-ICT-PTRE-19,033340,NULL,NULL,2024-03-12 00:00:00.000,NULL,NULL,NULL,0,NULL,NULL
1657,200924033848,2020-01-02,NULL,02013 COMP-NB-ICT-PTRE-20,114190,NULL,NULL,2020-09-24 00:00:00.000,NULL,NULL,NULL,0,NULL,NULL
1659,200924034712,2020-01-02,NULL,02011 COMP-NB-ICT-PTRE-20,194795,NULL,NULL,2020-09-24 00:00:00.000,NULL,NULL,NULL,0,NULL,NULL
1660,200924034732,2020-01-02,NULL,02010 COMP-NB-ICT-PTRE-20,194795,NULL,NULL,2020-09-24 00:00:00.000,NULL,NULL,NULL,1,053573,2020-09-24 15:48:02.000
1662,200924034917,2020-01-02,NULL,02009 COMP-NB-ICT-PTRE-19,134408,Ex Freeport Project  (IFS),NULL,2023-10-18 00:00:00.000,NULL,NULL,NULL,0,NULL,NULL
3886,221121041226,2020-01-02,NULL,02012 COMP-NB-ICT-PTRE-20,063680,NULL,NULL,2022-11-21 00:00:00.000,NULL,NULL,NULL,1,306117,2022-11-21 16:12:38.000
5343,240417040738,2020-01-10,NULL,01877 COMP-NB-ICT-PTRE-19,144495,NULL,NULL,2024-04-17 00:00:00.000,NULL,NULL,NULL,0,NULL,NULL
89,190218100350,2019-02-18,2020-05-04,01342-COMP-DESK-ICT-PTRE-15,184672,,NULL,2023-01-10 00:00:00.000,NULL,NULL,NULL,0,NULL,NULL
240,190222102313,2019-02-18,2020-05-20,01555 COMP-DSK-ICT-PTRE-18,300917,,NULL,2024-03-12 00:00:00.000,NULL,NULL,NULL,0,NULL,NULL
1623,200921011356,2020-05-20,NULL,2063 PERP-MMD-ICT-PTRE-20,053573,NULL,NULL,2020-09-21 00:00:00.000,NULL,NULL,NULL,0,NULL,NULL
1625,200921011442,2020-05-20,NULL,2061 PERP-MMD-ICT-PTRE-20,053573,NULL,NULL,2020-09-21 00:00:00.000,NULL,NULL,NULL,0,NULL,NULL
115,190218103814,2018-07-09,2020-05-22,01437-COMP-NB-ICT-PTRE-17,310918,,NULL,2023-01-13 00:00:00.000,NULL,NULL,NULL,0,NULL,NULL
1060,NULL,2020-05-22,NULL,00739-COMP-DESK-ICT-PTRE-11,083914,NULL,NULL,2020-05-22 00:00:00.000,053573,NULL,NULL,0,NULL,NULL
1061,NULL,2020-05-22,NULL,00743-COMP-DESK-ICT-PTRE-11,306217,NULL,NULL,2020-05-22 00:00:00.000,053573,NULL,NULL,0,NULL,NULL
1062,NULL,2020-05-22,NULL,00757-COMP-DESK-ICT-PTRE-11,301817,NULL,NULL,2020-05-22 00:00:00.000,053573,NULL,NULL,0,NULL,NULL
1063,NULL,2020-05-22,NULL,00759-COMP-DESK-ICT-PTRE-11,144502,NULL,NULL,2020-05-22 00:00:00.000,053573,NULL,NULL,1,306117,2023-01-12 10:03:36.000
1064,NULL,2020-05-22,NULL,00760-COMP-DESK-ICT-PTRE-11,073823,NULL,NULL,2020-05-22 00:00:00.000,053573,NULL,NULL,0,NULL,NULL
1065,NULL,2020-05-22,NULL,00761-COMP-DESK-ICT-PTRE-11,110014,NULL,NULL,2020-05-22 00:00:00.000,053573,NULL,NULL,0,NULL,NULL
1066,NULL,2020-05-22,NULL,00763-COMP-DESK-ICT-PTRE-11,032227,NULL,NULL,2020-05-22 00:00:00.000,053573,NULL,NULL,0,NULL,NULL
1067,NULL,2020-05-22,NULL,00764-COMP-DESK-ICT-PTRE-11,104140,NULL,NULL,2020-05-22 00:00:00.000,053573,NULL,NULL,0,NULL,NULL
1068,NULL,2020-05-22,NULL,00768-COMP-DESK-ICT-PTRE-11,053573,NULL,NULL,2020-05-22 00:00:00.000,053573,NULL,NULL,1,053573,2020-05-22 00:00:00.000
1069,NULL,2020-05-22,NULL,00770-COMP-DESK-ICT-PTRE-11,053573,NULL,NULL,2020-05-22 00:00:00.000,053573,NULL,NULL,1,053573,2020-05-22 00:00:00.000
1070,NULL,2020-05-22,NULL,00772-COMP-DESK-ICT-PTRE-11,843118,NULL,NULL,2020-05-22 00:00:00.000,053573,NULL,NULL,0,NULL,NULL
1071,NULL,2020-05-22,NULL,00774-COMP-DESK-ICT-PTRE-11,124271,NULL,NULL,2020-05-22 00:00:00.000,053573,NULL,NULL,0,NULL,NULL
1072,NULL,2020-05-22,NULL,00789-COMP-DESK-ICT-PTRE-11,124278,NULL,NULL,2020-05-22 00:00:00.000,053573,NULL,NULL,0,NULL,NULL
1073,NULL,2020-05-22,NULL,00790-COMP-DESK-ICT-PTRE-11,174632,NULL,NULL,2020-05-22 00:00:00.000,053573,NULL,NULL,0,NULL,NULL
1074,NULL,2020-05-22,NULL,00791-COMP-DESK-ICT-PTRE-11,053573,NULL,NULL,2020-05-22 00:00:00.000,053573,NULL,NULL,1,053573,2020-05-22 00:00:00.000
1075,NULL,2020-05-22,NULL,00792-COMP-DESK-ICT-PTRE-11,053573,NULL,NULL,2020-05-22 00:00:00.000,053573,NULL,NULL,1,053573,2020-05-22 00:00:00.000
1076,NULL,2020-05-22,NULL,00793-COMP-DESK-ICT-PTRE-11,053573,NULL,NULL,2020-05-22 00:00:00.000,053573,NULL,NULL,1,053573,2020-05-22 00:00:00.000
1077,NULL,2020-05-22,NULL,00794-COMP-DESK-ICT-PTRE-11,053573,NULL,NULL,2020-05-22 00:00:00.000,053573,NULL,NULL,1,053573,2020-05-22 00:00:00.000
1078,NULL,2020-05-22,NULL,00796-COMP-DESK-ICT-PTRE-11,063614,NULL,NULL,2020-05-22 00:00:00.000,053573,NULL,NULL,0,NULL,NULL
1079,NULL,2020-05-22,NULL,00797-COMP-DESK-ICT-PTRE-11,110007,NULL,NULL,2020-05-22 00:00:00.000,053573,NULL,NULL,0,NULL,NULL
1080,NULL,2020-05-22,NULL,00798-COMP-DESK-ICT-PTRE-11,053573,NULL,NULL,2020-05-22 00:00:00.000,053573,NULL,NULL,1,053573,2020-05-22 00:00:00.000
1081,NULL,2020-05-22,NULL,00802-COMP-DESK-ICT-PTRE-11,053573,NULL,NULL,2020-05-22 00:00:00.000,053573,NULL,NULL,1,053573,2020-05-22 00:00:00.000
1082,NULL,2020-05-22,NULL,00803-COMP-DESK-ICT-PTRE-11,053573,NULL,NULL,2020-05-22 00:00:00.000,053573,NULL,NULL,1,053573,2020-05-22 00:00:00.000
1083,NULL,2020-05-22,NULL,00805-COMP-DESK-ICT-PTRE-11,194795,NULL,NULL,2020-05-22 00:00:00.000,053573,NULL,NULL,0,NULL,NULL
1084,NULL,2020-05-22,NULL,00806-COMP-WORK-ICT-PTRE-12,204989,RTO 1 Lantai 2,NULL,2020-11-09 00:00:00.000,053573,NULL,NULL,0,NULL,NULL
1085,NULL,2020-05-22,NULL,00807-COMP-WORK-ICT-PTRE-12,120044,NULL,NULL,2020-05-22 00:00:00.000,053573,NULL,NULL,0,NULL,NULL
1086,NULL,2020-05-22,NULL,00812-COMP-DESK-ICT-PTRE-12,104156,NULL,NULL,2020-05-22 00:00:00.000,053573,NULL,NULL,0,NULL,NULL
1087,NULL,2020-05-22,NULL,00816-COMP-DESK-ICT-PTRE-12,083982,NULL,NULL,2020-05-22 00:00:00.000,053573,NULL,NULL,0,NULL,NULL
1088,NULL,2020-05-22,NULL,00818-COMP-DESK-ICT-PTRE-12,104154,NULL,NULL,2020-05-22 00:00:00.000,053573,NULL,NULL,0,NULL,NULL
1089,NULL,2020-05-22,NULL,00822-COMP-DESK-ICT-PTRE-12,033376,NULL,NULL,2020-05-22 00:00:00.000,053573,NULL,NULL,0,NULL,NULL
1091,NULL,2020-05-22,NULL,00845-COMP-DESK-ICT-PTRE-12,194860,NULL,NULL,2020-05-22 00:00:00.000,053573,NULL,NULL,0,NULL,NULL
1092,NULL,2020-05-22,NULL,00849-COMP-DESK-ICT-PTRE-12,124316,NULL,NULL,2020-05-22 00:00:00.000,053573,NULL,NULL,0,NULL,NULL
1093,NULL,2020-05-22,NULL,00851-COMP-DESK-ICT-PTRE-12,124299,NULL,NULL,2020-05-22 00:00:00.000,053573,NULL,NULL,0,NULL,NULL
1094,NULL,2020-05-22,NULL,00853-COMP-DESK-ICT-PTRE-12,114219,NULL,NULL,2020-05-22 00:00:00.000,053573,NULL,NULL,0,NULL,NULL
1095,NULL,2020-05-22,NULL,00855-COMP-DESK-ICT-PTRE-12,033232,NULL,NULL,2020-05-22 00:00:00.000,053573,NULL,NULL,0,NULL,NULL
1096,NULL,2020-05-22,NULL,00857-COMP-DESK-ICT-PTRE-12,120037,NULL,NULL,2020-05-22 00:00:00.000,053573,NULL,NULL,0,NULL,NULL
1097,NULL,2020-05-22,NULL,00871-COMP-DESK-ICT-PTRE-12,194824,NULL,NULL,2020-05-22 00:00:00.000,053573,NULL,NULL,0,NULL,NULL
1098,NULL,2020-05-22,NULL,00873-COMP-DESK-ICT-PTRE-12,300217,NULL,NULL,2020-05-22 00:00:00.000,053573,NULL,NULL,0,NULL,NULL
1099,NULL,2020-05-22,NULL,00875-COMP-DESK-ICT-PTRE-12,114229,NULL,NULL,2020-05-22 00:00:00.000,053573,NULL,NULL,0,NULL,NULL
1100,NULL,2020-05-22,NULL,00877-COMP-DESK-ICT-PTRE-12,053573,NULL,NULL,2020-05-22 00:00:00.000,053573,NULL,NULL,1,053573,2020-05-22 00:00:00.000
1101,NULL,2020-05-22,NULL,00886-COMP-DESK-ICT-PTRE-12,606718,NULL,NULL,2020-05-22 00:00:00.000,053573,NULL,NULL,0,NULL,NULL
1102,NULL,2020-05-22,NULL,00887-COMP-DESK-ICT-PTRE-12,053598,NULL,NULL,2020-05-22 00:00:00.000,053573,NULL,NULL,0,NULL,NULL
1103,NULL,2020-05-22,NULL,00888-COMP-DESK-ICT-PTRE-12,020036,NULL,NULL,2020-05-22 00:00:00.000,053573,NULL,NULL,0,NULL,NULL
1104,NULL,2020-05-22,NULL,00889-COMP-DESK-ICT-PTRE-12,114170,NULL,NULL,2020-05-22 00:00:00.000,053573,NULL,NULL,0,NULL,NULL
1105,NULL,2020-05-22,NULL,00892-COMP-DESK-ICT-PTRE-12,194776,NULL,NULL,2020-05-22 00:00:00.000,053573,NULL,NULL,0,NULL,NULL
1106,NULL,2020-05-22,NULL,00894-COMP-DESK-ICT-PTRE-12,053573,NULL,NULL,2020-05-22 00:00:00.000,053573,NULL,NULL,1,053573,2020-05-22 00:00:00.000
1107,NULL,2020-05-22,NULL,00898-COMP-DESK-ICT-PTRE-12,154576,NULL,NULL,2020-05-22 00:00:00.000,053573,NULL,NULL,0,NULL,NULL
1108,NULL,2020-05-22,NULL,00901-COMP-WORK-ICT-PTRE-12,104133,NULL,NULL,2020-05-22 00:00:00.000,053573,NULL,NULL,0,NULL,NULL
1110,NULL,2020-05-22,NULL,00916-COMP-DESK-ICT-PTRE-12,104160,NULL,NULL,2020-05-22 00:00:00.000,053573,NULL,NULL,0,NULL,NULL
1111,NULL,2020-05-22,NULL,00918-COMP-DESK-ICT-PTRE-12,134370,NULL,NULL,2020-05-22 00:00:00.000,053573,NULL,NULL,0,NULL,NULL
1112,NULL,2020-05-22,NULL,00955-COMP-NB-ICT-PTRE-12,053573,NULL,NULL,2020-05-22 00:00:00.000,053573,NULL,NULL,1,053573,2020-05-22 00:00:00.000
1113,NULL,2020-05-22,NULL,00957-COMP-DESK-ICT-PTRE-12,301317,NULL,NULL,2020-05-22 00:00:00.000,053573,NULL,NULL,0,NULL,NULL
1114,NULL,2020-05-22,NULL,00958-COMP-DESK-ICT-PTRE-12,134390,NULL,NULL,2020-05-22 00:00:00.000,053573,NULL,NULL,0,NULL,NULL
1115,NULL,2020-05-22,NULL,00959-COMP-DESK-ICT-PTRE-12,305017,NULL,NULL,2020-05-22 00:00:00.000,053573,NULL,NULL,0,NULL,NULL
1116,NULL,2020-05-22,NULL,00960-COMP-DESK-ICT-PTRE-12,300516,NULL,NULL,2020-05-22 00:00:00.000,053573,NULL,NULL,0,NULL,NULL
1117,NULL,2020-05-22,NULL,00961-COMP-DESK-ICT-PTRE-12,094062,NULL,NULL,2020-05-22 00:00:00.000,053573,NULL,NULL,0,NULL,NULL
1118,NULL,2020-05-22,NULL,00962-COMP-DESK-ICT-PTRE-12,130096,NULL,NULL,2020-05-22 00:00:00.000,053573,NULL,NULL,0,NULL,NULL
1119,NULL,2020-05-22,NULL,00963-COMP-DESK-ICT-PTRE-12,053573,NULL,NULL,2020-05-22 00:00:00.000,053573,NULL,NULL,1,053573,2020-05-22 00:00:00.000
1120,NULL,2020-05-22,NULL,00964-COMP-DESK-ICT-PTRE-12,023010,NULL,NULL,2020-05-22 00:00:00.000,053573,NULL,NULL,0,NULL,NULL
1121,NULL,2020-05-22,NULL,00966-COMP-DESK-ICT-PTRE-12,194813,NULL,NULL,2020-05-22 00:00:00.000,053573,NULL,NULL,0,NULL,NULL
1122,NULL,2020-05-22,NULL,00971-COMP-NB-ICT-PTRE-12,243000,NULL,NULL,2020-05-22 00:00:00.000,053573,NULL,NULL,0,NULL,NULL
1123,NULL,2020-05-22,NULL,00972-COMP-DESK-ICT-PTRE-12,124349,NULL,NULL,2020-05-22 00:00:00.000,053573,NULL,NULL,0,NULL,NULL
1124,NULL,2020-05-22,NULL,00974-COMP-DESK-ICT-PTRE-12,124272,NULL,NULL,2020-05-22 00:00:00.000,053573,NULL,NULL,0,NULL,NULL
1125,NULL,2020-05-22,NULL,00982-COMP-DESK-ICT-PTRE-12,315918,NULL,NULL,2020-05-22 00:00:00.000,053573,NULL,NULL,0,NULL,NULL
1126,NULL,2020-05-22,NULL,00984-COMP-DESK-ICT-PTRE-12,305517,NULL,NULL,2020-05-22 00:00:00.000,053573,NULL,NULL,0,NULL,NULL
1127,NULL,2020-05-22,NULL,00988-COMP-DESK-ICT-PTRE-12,124343,NULL,NULL,2020-05-22 00:00:00.000,053573,NULL,NULL,0,NULL,NULL
1128,NULL,2020-05-22,NULL,01004-COMP-DESK-ICT-PTRE-13,023215,NULL,NULL,2020-05-22 00:00:00.000,053573,NULL,NULL,0,NULL,NULL
1129,NULL,2020-05-22,NULL,01010-COMP-DESK-ICT-PTRE-13,023224,NULL,NULL,2020-05-22 00:00:00.000,053573,NULL,NULL,0,NULL,NULL
1130,NULL,2020-05-22,NULL,01011-COMP-DESK-ICT-PTRE-13,130083,NULL,NULL,2020-05-22 00:00:00.000,053573,NULL,NULL,0,NULL,NULL
1131,NULL,2020-05-22,NULL,01014-COMP-DESK-ICT-PTRE-13,134367,NULL,NULL,2020-05-22 00:00:00.000,053573,NULL,NULL,0,NULL,NULL
1132,NULL,2020-05-22,NULL,01015-COMP-DESK-ICT-PTRE-13,073815,NULL,NULL,2020-05-22 00:00:00.000,053573,NULL,NULL,0,NULL,NULL
1133,NULL,2020-05-22,NULL,01017-COMP-DESK-ICT-PTRE-13,305417,NULL,NULL,2020-05-22 00:00:00.000,053573,NULL,NULL,0,NULL,NULL
1134,NULL,2020-05-22,NULL,01019-COMP-DESK-ICT-PTRE-13,053573,NULL,NULL,2020-05-22 00:00:00.000,053573,NULL,NULL,1,053573,2020-05-22 00:00:00.000
1135,NULL,2020-05-22,NULL,01020-COMP-DESK-ICT-PTRE-13,114174,NULL,NULL,2020-05-22 00:00:00.000,053573,NULL,NULL,0,NULL,NULL
1136,NULL,2020-05-22,NULL,01021-COMP-DESK-ICT-PTRE-13,124254,NULL,NULL,2020-05-22 00:00:00.000,053573,NULL,NULL,0,NULL,NULL
1137,NULL,2020-05-22,NULL,01026-COMP-DESK-ICT-PTRE-13,073865,NULL,NULL,2020-05-22 00:00:00.000,053573,NULL,NULL,0,NULL,NULL
1138,NULL,2020-05-22,NULL,01027-COMP-DESK-ICT-PTRE-13,114220,NULL,NULL,2020-05-22 00:00:00.000,053573,NULL,NULL,0,NULL,NULL
1139,NULL,2020-05-22,NULL,01029-COMP-DESK-ICT-PTRE-13,194778,NULL,NULL,2020-05-22 00:00:00.000,053573,NULL,NULL,0,NULL,NULL
1140,NULL,2020-05-22,NULL,01030-COMP-DESK-ICT-PTRE-13,302417,NULL,NULL,2020-05-22 00:00:00.000,053573,NULL,NULL,0,NULL,NULL
1141,NULL,2020-05-22,NULL,01032-COMP-DESK-ICT-PTRE-13,114236,NULL,NULL,2020-05-22 00:00:00.000,053573,NULL,NULL,0,NULL,NULL
1142,NULL,2020-05-22,NULL,01033-COMP-DESK-ICT-PTRE-13,053573,NULL,NULL,2020-05-22 00:00:00.000,053573,NULL,NULL,1,053573,2020-05-22 00:00:00.000
1143,NULL,2020-05-22,NULL,01034-COMP-DESK-ICT-PTRE-13,120037,NULL,NULL,2020-05-22 00:00:00.000,053573,NULL,NULL,0,NULL,NULL
1144,NULL,2020-05-22,NULL,01035-COMP-DESK-ICT-PTRE-13,134362,NULL,NULL,2020-05-22 00:00:00.000,053573,NULL,NULL,0,NULL,NULL
1145,NULL,2020-05-22,NULL,01036-COMP-DESK-ICT-PTRE-13,303817,NULL,NULL,2020-05-22 00:00:00.000,053573,NULL,NULL,0,NULL,NULL
1146,NULL,2020-05-22,NULL,01037-COMP-DESK-ICT-PTRE-13,053573,NULL,NULL,2020-05-22 00:00:00.000,053573,NULL,NULL,1,053573,2020-05-22 00:00:00.000
1147,NULL,2020-05-22,NULL,01042-COMP-DESK-ICT-PTRE-13,053573,NULL,NULL,2020-05-22 00:00:00.000,053573,NULL,NULL,1,053573,2020-05-22 00:00:00.000
1148,NULL,2020-05-22,NULL,01043-COMP-DESK-ICT-PTRE-13,134391,NULL,NULL,2020-05-22 00:00:00.000,053573,NULL,NULL,0,NULL,NULL
1149,NULL,2020-05-22,NULL,01044-COMP-DESK-ICT-PTRE-13,053573,NULL,NULL,2020-05-22 00:00:00.000,053573,NULL,NULL,1,053573,2020-05-22 00:00:00.000
1150,NULL,2020-05-22,NULL,01045-COMP-DESK-ICT-PTRE-13,053573,NULL,NULL,2020-05-22 00:00:00.000,053573,NULL,NULL,1,053573,2020-05-22 00:00:00.000
1151,NULL,2020-05-22,NULL,01048-COMP-WORK-ICT-PTRE-13,104103,NULL,NULL,2020-05-22 00:00:00.000,053573,NULL,NULL,0,NULL,NULL
1152,NULL,2020-05-22,NULL,01049-COMP-WORK-ICT-PTRE-13,307518,NULL,NULL,2020-05-22 00:00:00.000,053573,NULL,NULL,0,NULL,NULL
1153,NULL,2020-05-22,NULL,01050-COMP-WORK-ICT-PTRE-13,204984,RTO 1 Lantai 2,NULL,2020-11-09 00:00:00.000,053573,NULL,NULL,0,NULL,NULL
1154,NULL,2020-05-22,NULL,01051-COMP-WORK-ICT-PTRE-13,053507,NULL,NULL,2020-05-22 00:00:00.000,053573,NULL,NULL,0,NULL,NULL
1155,NULL,2020-05-22,NULL,01052-COMP-WORK-ICT-PTRE-13,134358,NULL,NULL,2020-05-22 00:00:00.000,053573,NULL,NULL,0,NULL,NULL
1156,NULL,2020-05-22,NULL,01054-COMP-WORK-ICT-PTRE-13,104103,NULL,NULL,2020-05-22 00:00:00.000,053573,NULL,NULL,0,NULL,NULL
1158,NULL,2020-05-22,NULL,01056-COMP-WORK-ICT-PTRE-13,154578,NULL,NULL,2020-05-22 00:00:00.000,053573,NULL,NULL,0,NULL,NULL
1159,NULL,2020-05-22,NULL,01057-COMP-WORK-ICT-PTRE-13,053573,NULL,NULL,2020-05-22 00:00:00.000,053573,NULL,NULL,1,053573,2020-05-22 00:00:00.000
1160,NULL,2020-05-22,NULL,01058-COMP-WORK-ICT-PTRE-13,134417,NULL,NULL,2020-05-22 00:00:00.000,053573,NULL,NULL,0,NULL,NULL
1161,NULL,2020-05-22,NULL,01059-COMP-WORK-ICT-PTRE-13,053573,NULL,NULL,2020-05-22 00:00:00.000,053573,NULL,NULL,1,053573,2020-05-22 00:00:00.000
1162,NULL,2020-05-22,NULL,01060-COMP-WORK-ICT-PTRE-13,134418,NULL,NULL,2020-05-22 00:00:00.000,053573,NULL,NULL,0,NULL,NULL
1163,NULL,2020-05-22,NULL,01061-COMP-WORK-ICT-PTRE-13,134413,NULL,NULL,2020-05-22 00:00:00.000,053573,NULL,NULL,0,NULL,NULL
1164,NULL,2020-05-22,NULL,01062-COMP-WORK-ICT-PTRE-13,073746,NULL,NULL,2020-05-22 00:00:00.000,053573,NULL,NULL,0,NULL,NULL
1165,NULL,2020-05-22,NULL,01063-COMP-WORK-ICT-PTRE-13,154574,NULL,NULL,2020-05-22 00:00:00.000,053573,NULL,NULL,0,NULL,NULL
1166,NULL,2020-05-22,NULL,01064-COMP-WORK-ICT-PTRE-13,053573,NULL,NULL,2020-05-22 00:00:00.000,053573,NULL,NULL,1,053573,2020-05-22 00:00:00.000
1167,NULL,2020-05-22,NULL,01065-COMP-WORK-ICT-PTRE-13,053573,NULL,NULL,2020-05-22 00:00:00.000,053573,NULL,NULL,1,053573,2020-05-22 00:00:00.000
1168,NULL,2020-05-22,NULL,01066-COMP-WORK-ICT-PTRE-13,053573,NULL,NULL,2020-05-22 00:00:00.000,053573,NULL,NULL,1,053573,2020-05-22 00:00:00.000
1169,NULL,2020-05-22,NULL,01067-COMP-WORK-ICT-PTRE-13,053573,NULL,NULL,2020-05-22 00:00:00.000,053573,NULL,NULL,1,053573,2020-05-22 00:00:00.000
1170,NULL,2020-05-22,NULL,01068-COMP-WORK-ICT-PTRE-13,154569,NULL,NULL,2020-05-22 00:00:00.000,053573,NULL,NULL,0,NULL,NULL
1171,NULL,2020-05-22,NULL,01069-COMP-WORK-ICT-PTRE-13,053573,NULL,NULL,2020-05-22 00:00:00.000,053573,NULL,NULL,1,053573,2020-05-22 00:00:00.000
1172,NULL,2020-05-22,NULL,01070-COMP-WORK-ICT-PTRE-13,053573,NULL,NULL,2020-05-22 00:00:00.000,053573,NULL,NULL,1,053573,2020-05-22 00:00:00.000
1173,NULL,2020-05-22,NULL,01122-COMP-DESK-ICT-PTRE-13,204990,NULL,NULL,2020-05-22 00:00:00.000,053573,NULL,NULL,0,NULL,NULL
1174,NULL,2020-05-22,NULL,01123-COMP-DESK-ICT-PTRE-13,073866,NULL,NULL,2020-05-22 00:00:00.000,053573,NULL,NULL,0,NULL,NULL
1175,NULL,2020-05-22,NULL,01124-COMP-DESK-ICT-PTRE-13,053573,NULL,NULL,2020-05-22 00:00:00.000,053573,NULL,NULL,1,053573,2020-05-22 00:00:00.000
1176,NULL,2020-05-22,NULL,01125-COMP-DESK-ICT-PTRE-13,194719,NULL,NULL,2020-05-22 00:00:00.000,053573,NULL,NULL,0,NULL,NULL
1177,NULL,2020-05-22,NULL,01127-COMP-DESK-ICT-PTRE-13,302616,NULL,NULL,2020-05-22 00:00:00.000,053573,NULL,NULL,0,NULL,NULL
1178,NULL,2020-05-22,NULL,01131-COMP-DESK-ICT-PTRE-13,033340,NULL,NULL,2020-05-22 00:00:00.000,053573,NULL,NULL,0,NULL,NULL
1179,NULL,2020-05-22,NULL,01132-COMP-DESK-ICT-PTRE-13,315518,NULL,NULL,2020-05-22 00:00:00.000,053573,NULL,NULL,0,NULL,NULL
1180,NULL,2020-05-22,NULL,01135-COMP-DESK-ICT-PTRE-13,124310,NULL,NULL,2020-05-22 00:00:00.000,053573,NULL,NULL,0,NULL,NULL
1181,NULL,2020-05-22,NULL,01137-COMP-DESK-ICT-PTRE-13,023013,NULL,NULL,2020-05-22 00:00:00.000,053573,NULL,NULL,0,NULL,NULL
1182,NULL,2020-05-22,NULL,01138-COMP-DESK-ICT-PTRE-13,124272,NULL,NULL,2020-05-22 00:00:00.000,053573,NULL,NULL,0,NULL,NULL
1183,NULL,2020-05-22,NULL,01139-COMP-DESK-ICT-PTRE-13,023012,NULL,NULL,2020-05-22 00:00:00.000,053573,NULL,NULL,0,NULL,NULL
1184,NULL,2020-05-22,NULL,01140-COMP-DESK-ICT-PTRE-13,053573,NULL,NULL,2020-05-22 00:00:00.000,053573,NULL,NULL,1,053573,2020-05-22 00:00:00.000
1185,NULL,2020-05-22,NULL,01141-COMP-DESK-ICT-PTRE-13,302616,NULL,NULL,2020-05-22 00:00:00.000,053573,NULL,NULL,0,NULL,NULL
1186,NULL,2020-05-22,NULL,01142-COMP-DESK-ICT-PTRE-13,063706,NULL,NULL,2020-05-22 00:00:00.000,053573,NULL,NULL,0,NULL,NULL
1187,NULL,2020-05-22,NULL,01143-COMP-DESK-ICT-PTRE-13,144472,NULL,NULL,2020-05-22 00:00:00.000,053573,NULL,NULL,0,NULL,NULL
1188,NULL,2020-05-22,NULL,01153-COMP-DESK-ICT-PTRE-13,053573,NULL,NULL,2020-05-22 00:00:00.000,053573,NULL,NULL,1,053573,2020-05-22 00:00:00.000
1189,NULL,2020-05-22,NULL,01154-COMP-DESK-ICT-PTRE-13,053573,NULL,NULL,2020-05-22 00:00:00.000,053573,NULL,NULL,1,053573,2020-05-22 00:00:00.000
1190,NULL,2020-05-22,NULL,01155-COMP-DESK-ICT-PTRE-13,053573,NULL,NULL,2020-05-22 00:00:00.000,053573,NULL,NULL,1,053573,2020-05-22 00:00:00.000
1191,NULL,2020-05-22,NULL,01156-COMP-DESK-ICT-PTRE-13,204932,NULL,NULL,2020-05-22 00:00:00.000,053573,NULL,NULL,0,NULL,NULL
1192,NULL,2020-05-22,NULL,01157-COMP-DESK-ICT-PTRE-13,134457,NULL,NULL,2020-05-22 00:00:00.000,053573,NULL,NULL,0,NULL,NULL
1193,NULL,2020-05-22,NULL,01158-COMP-DESK-ICT-PTRE-13,134460,NULL,NULL,2020-05-22 00:00:00.000,053573,NULL,NULL,0,NULL,NULL
1194,NULL,2020-05-22,NULL,01159-COMP-DESK-ICT-PTRE-13,053573,NULL,NULL,2020-05-22 00:00:00.000,053573,NULL,NULL,1,053573,2020-05-22 00:00:00.000
1195,NULL,2020-05-22,NULL,01161-COMP-DESK-ICT-PTRE-13,124281,NULL,NULL,2020-05-22 00:00:00.000,053573,NULL,NULL,0,NULL,NULL
1196,NULL,2020-05-22,NULL,01170-COMP-DESK-ICT-PTRE-13,073749,NULL,NULL,2020-05-22 00:00:00.000,053573,NULL,NULL,0,NULL,NULL
1197,NULL,2020-05-22,NULL,01171-COMP-DESK-ICT-PTRE-13,114190,NULL,NULL,2020-05-22 00:00:00.000,053573,NULL,NULL,0,NULL,NULL
1198,NULL,2020-05-22,NULL,01173-COMP-DESK-ICT-PTRE-13,104160,NULL,NULL,2020-05-22 00:00:00.000,053573,NULL,NULL,0,NULL,NULL
1199,NULL,2020-05-22,NULL,01174-COMP-DESK-ICT-PTRE-13,134463,NULL,NULL,2020-05-22 00:00:00.000,053573,NULL,NULL,0,NULL,NULL
1200,NULL,2020-05-22,NULL,01175-COMP-DESK-ICT-PTRE-13,053573,NULL,NULL,2020-05-22 00:00:00.000,053573,NULL,NULL,1,053573,2020-05-22 00:00:00.000
1202,NULL,2020-05-22,NULL,01178-COMP-DESK-ICT-PTRE-13,134376,NULL,NULL,2020-05-22 00:00:00.000,053573,NULL,NULL,0,NULL,NULL
1203,NULL,2020-05-22,NULL,01179-COMP-DESK-ICT-PTRE-13,083911,NULL,NULL,2020-05-22 00:00:00.000,053573,NULL,NULL,0,NULL,NULL
1204,NULL,2020-05-22,NULL,01182-COMP-DESK-ICT-PTRE-13,306117,NULL,NULL,2020-05-22 00:00:00.000,053573,NULL,NULL,0,NULL,NULL
1205,NULL,2020-05-22,NULL,01184-COMP-DESK-ICT-PTRE-13,114191,NULL,NULL,2020-05-22 00:00:00.000,053573,NULL,NULL,0,NULL,NULL
1206,NULL,2020-05-22,NULL,01188-COMP-NB-ICT-PTRE-13,108091,NULL,NULL,2020-05-22 00:00:00.000,053573,NULL,NULL,0,NULL,NULL
1207,NULL,2020-05-22,NULL,01220-COMP-DESK-ICT-PTRE-14,053573,NULL,NULL,2020-05-22 00:00:00.000,053573,NULL,NULL,1,053573,2020-05-22 00:00:00.000
1209,NULL,2020-05-22,NULL,01223-COMP-DESK-ICT-PTRE-14,083951,NULL,NULL,2020-05-22 00:00:00.000,053573,NULL,NULL,0,NULL,NULL
1210,NULL,2020-05-22,NULL,01225-COMP-DESK-ICT-PTRE-14,154589,NULL,NULL,2020-05-22 00:00:00.000,053573,NULL,NULL,0,NULL,NULL
1212,NULL,2020-05-22,NULL,01230-COMP-DESK-ICT-PTRE-14,023096,NULL,NULL,2020-05-22 00:00:00.000,053573,NULL,NULL,1,306117,2023-01-13 15:00:31.000
1214,NULL,2020-05-22,NULL,01244-COMP-DESK-ICT-PTRE-14,194876,NULL,NULL,2020-05-22 00:00:00.000,053573,NULL,NULL,0,NULL,NULL
1215,NULL,2020-05-22,NULL,01246-COMP-DESK-ICT-PTRE-14,301117,NULL,NULL,2020-05-22 00:00:00.000,053573,NULL,NULL,0,NULL,NULL
1216,NULL,2020-05-22,NULL,01249-COMP-DESK-ICT-PTRE-14,114195,NULL,NULL,2020-05-22 00:00:00.000,053573,NULL,NULL,0,NULL,NULL
1217,NULL,2020-05-22,NULL,01251-COMP-DESK-ICT-PTRE-14,053573,NULL,NULL,2020-05-22 00:00:00.000,053573,NULL,NULL,1,053573,2020-05-22 00:00:00.000
1218,NULL,2020-05-22,NULL,01253-COMP-DESK-ICT-PTRE-14,144468,NULL,NULL,2020-05-22 00:00:00.000,053573,NULL,NULL,0,NULL,NULL
1220,NULL,2020-05-22,NULL,01257-COMP-DESK-ICT-PTRE-14,083913,NULL,NULL,2020-05-22 00:00:00.000,053573,NULL,NULL,0,NULL,NULL
1221,NULL,2020-05-22,NULL,01260-COMP-DESK-ICT-PTRE-14,134387,NULL,NULL,2020-05-22 00:00:00.000,053573,NULL,NULL,0,NULL,NULL
1222,NULL,2020-05-22,NULL,01262-COMP-DESK-ICT-PTRE-14,114231,NULL,NULL,2020-05-22 00:00:00.000,053573,NULL,NULL,0,NULL,NULL
1223,NULL,2020-05-22,NULL,01264-COMP-DESK-ICT-PTRE-14,130072,NULL,NULL,2020-05-22 00:00:00.000,053573,NULL,NULL,0,NULL,NULL
1224,NULL,2020-05-22,NULL,01266-COMP-DESK-ICT-PTRE-14,124339,NULL,NULL,2020-05-22 00:00:00.000,053573,NULL,NULL,0,NULL,NULL
1225,NULL,2020-05-22,NULL,01268-COMP-DESK-ICT-PTRE-14,073833,NULL,NULL,2020-05-22 00:00:00.000,053573,NULL,NULL,0,NULL,NULL
1226,NULL,2020-05-22,NULL,01270-COMP-WORK-ICT-PTRE-14,134362,NULL,NULL,2020-05-22 00:00:00.000,053573,NULL,NULL,0,NULL,NULL
1227,NULL,2020-05-22,NULL,01271-COMP-WORK-ICT-PTRE-14,104090,NULL,NULL,2020-05-22 00:00:00.000,053573,NULL,NULL,0,NULL,NULL
1228,NULL,2020-05-22,NULL,01272-COMP-DESK-ICT-PTRE-14,110002,NULL,NULL,2020-05-22 00:00:00.000,053573,NULL,NULL,0,NULL,NULL
1229,NULL,2020-05-22,NULL,01276-COMP-DESK-ICT-PTRE-14,053573,NULL,NULL,2020-05-22 00:00:00.000,053573,NULL,NULL,1,053573,2020-05-22 00:00:00.000
1230,NULL,2020-05-22,NULL,01278-COMP-DESK-ICT-PTRE-14,194834,NULL,NULL,2020-05-22 00:00:00.000,053573,NULL,NULL,0,NULL,NULL
1231,NULL,2020-05-22,NULL,01280-COMP-DESK-ICT-PTRE-14,316118,NULL,NULL,2020-05-22 00:00:00.000,053573,NULL,NULL,0,NULL,NULL
1232,NULL,2020-05-22,NULL,01282-COMP-DESK-ICT-PTRE-14,304017,NULL,NULL,2020-05-22 00:00:00.000,053573,NULL,NULL,0,NULL,NULL
1233,NULL,2020-05-22,NULL,01290-COMP-DESK-ICT-PTRE-14,194829,NULL,NULL,2020-05-22 00:00:00.000,053573,NULL,NULL,0,NULL,NULL
1234,NULL,2020-05-22,NULL,01292-COMP-DESK-ICT-PTRE-15,104094,NULL,NULL,2020-05-22 00:00:00.000,053573,NULL,NULL,0,NULL,NULL
1236,NULL,2020-05-22,NULL,01296-COMP-DESK-ICT-PTRE-15,134382,NULL,NULL,2020-05-22 00:00:00.000,053573,NULL,NULL,0,NULL,NULL
1237,NULL,2020-05-22,NULL,01298-COMP-DESK-ICT-PTRE-15,134442,NULL,NULL,2020-05-22 00:00:00.000,053573,NULL,NULL,0,NULL,NULL
1239,NULL,2020-05-22,NULL,01305-COMP-NB-ICT-PTRE-15,053573,NULL,NULL,2020-05-22 00:00:00.000,053573,NULL,NULL,1,053573,2020-05-22 00:00:00.000
1240,NULL,2020-05-22,NULL,01306-COMP-NB-ICT-PTRE-15,053573,NULL,NULL,2020-05-22 00:00:00.000,053573,NULL,NULL,1,053573,2020-05-22 00:00:00.000
1241,NULL,2020-05-22,NULL,01307-COMP-NB-ICT-PTRE-15,053573,NULL,NULL,2020-05-22 00:00:00.000,053573,NULL,NULL,1,053573,2020-05-22 00:00:00.000
1242,NULL,2020-05-22,NULL,01308-COMP-NB-ICT-PTRE-15,022020,NULL,NULL,2020-05-22 00:00:00.000,053573,NULL,NULL,0,NULL,NULL
1243,NULL,2020-05-22,NULL,01309-COMP-NB-ICT-PTRE-15,094062,NULL,NULL,2020-05-22 00:00:00.000,053573,NULL,NULL,0,NULL,NULL
1244,NULL,2020-05-22,NULL,01310-COMP-WORK-ICT-PTRE-15,063680,NULL,NULL,2020-05-22 00:00:00.000,053573,NULL,NULL,0,NULL,NULL
1247,NULL,2020-05-22,NULL,01313-COMP-WORK-ICT-PTRE-15,114175,NULL,NULL,2020-05-22 00:00:00.000,053573,NULL,NULL,0,NULL,NULL
1248,NULL,2020-05-22,NULL,01314-COMP-WORK-ICT-PTRE-15,053573,NULL,NULL,2020-05-22 00:00:00.000,053573,NULL,NULL,1,053573,2020-05-22 00:00:00.000
1249,NULL,2020-05-22,NULL,01315-COMP-WORK-ICT-PTRE-15,053573,NULL,NULL,2020-05-22 00:00:00.000,053573,NULL,NULL,1,053573,2020-05-22 00:00:00.000
1250,NULL,2020-05-22,NULL,01328-COMP-WORK-ICT-PTRE-15,023091,NULL,NULL,2020-05-22 00:00:00.000,053573,NULL,NULL,0,NULL,NULL
1251,NULL,2020-05-22,NULL,01329-COMP-WORK-ICT-PTRE-15,053573,NULL,NULL,2020-05-22 00:00:00.000,053573,NULL,NULL,1,053573,2020-05-22 00:00:00.000
1252,NULL,2020-05-22,NULL,01330-COMP-WORK-ICT-PTRE-15,053573,NULL,NULL,2020-05-22 00:00:00.000,053573,NULL,NULL,1,053573,2020-05-22 00:00:00.000
1254,NULL,2020-05-22,NULL,01338-COMP-DESK-ICT-PTRE-15,128195,NULL,NULL,2020-05-22 00:00:00.000,053573,NULL,NULL,0,NULL,NULL
1255,NULL,2020-05-22,NULL,01340-COMP-DESK-ICT-PTRE-15,300917,NULL,NULL,2020-05-22 00:00:00.000,053573,NULL,NULL,0,NULL,NULL
1256,NULL,2020-05-22,NULL,01342-COMP-DESK-ICT-PTRE-15,053573,NULL,NULL,2020-05-22 00:00:00.000,053573,NULL,NULL,1,053573,2020-05-22 00:00:00.000
1258,NULL,2020-05-22,NULL,01346-COMP-WORK-ICT-PTRE-15,073752,NULL,NULL,2020-05-22 00:00:00.000,053573,NULL,NULL,0,NULL,NULL
1259,NULL,2020-05-22,NULL,01347-COMP-DESK-ICT-PTRE-16,053527,NULL,NULL,2020-05-22 00:00:00.000,053573,NULL,NULL,0,NULL,NULL
1260,NULL,2020-05-22,NULL,01349-COMP-DESK-ICT-PTRE-16,033043,NULL,NULL,2020-05-22 00:00:00.000,053573,NULL,NULL,0,NULL,NULL
1261,NULL,2020-05-22,NULL,01351-COMP-DESK-ICT-PTRE-16,124281,NULL,NULL,2020-05-22 00:00:00.000,053573,NULL,NULL,0,NULL,NULL
1262,NULL,2020-05-22,NULL,01353-COMP-DESK-ICT-PTRE-16,120052,NULL,NULL,2020-05-22 00:00:00.000,053573,NULL,NULL,0,NULL,NULL
1263,NULL,2020-05-22,NULL,01371-COMP-DESK-ICT-PTRE-16,104153,NULL,NULL,2020-05-22 00:00:00.000,053573,NULL,NULL,0,NULL,NULL
1264,NULL,2020-05-22,NULL,01373-COMP-DESK-ICT-PTRE-16,164600,NULL,NULL,2020-05-22 00:00:00.000,053573,NULL,NULL,0,NULL,NULL
1265,NULL,2020-05-22,NULL,01379-COMP-DESK-ICT-PTRE-16,164601,NULL,NULL,2020-05-22 00:00:00.000,053573,NULL,NULL,1,306117,2023-01-13 14:08:19.000
1266,NULL,2020-05-22,NULL,01381-COMP-DESK-ICT-PTRE-16,053573,NULL,NULL,2020-05-22 00:00:00.000,053573,NULL,NULL,1,053573,2020-05-22 00:00:00.000
1267,NULL,2020-05-22,NULL,01383-COMP-DESK-ICT-PTRE-16,033268,NULL,NULL,2020-05-22 00:00:00.000,053573,NULL,NULL,1,306117,2023-01-20 10:52:20.000
1269,NULL,2020-05-22,NULL,01387-COMP-DESK-ICT-PTRE-16,023208,NULL,NULL,2020-05-22 00:00:00.000,053573,NULL,NULL,0,NULL,NULL
1270,NULL,2020-05-22,NULL,01389-COMP-DESK-ICT-PTRE-16,194766,NULL,NULL,2020-05-22 00:00:00.000,053573,NULL,NULL,0,NULL,NULL
1271,NULL,2020-05-22,NULL,01391-COMP-DESK-ICT-PTRE-16,134408,NULL,NULL,2020-05-22 00:00:00.000,053573,NULL,NULL,0,NULL,NULL
1272,NULL,2020-05-22,NULL,01393-COMP-DESK-ICT-PTRE-16,053573,NULL,NULL,2020-05-22 00:00:00.000,053573,NULL,NULL,1,053573,2020-05-22 00:00:00.000
1273,NULL,2020-05-22,NULL,01399-COMP-DESK-ICT-PTRE-16,033151,NULL,NULL,2020-05-22 00:00:00.000,053573,NULL,NULL,0,NULL,NULL
1274,NULL,2020-05-22,NULL,01400-COMP-NB-ICT-PTRE-16,114195,NULL,NULL,2020-05-22 00:00:00.000,053573,NULL,NULL,0,NULL,NULL
1275,NULL,2020-05-22,NULL,01401-COMP-NB-ICT-PTRE-16,134463,NULL,NULL,2020-05-22 00:00:00.000,053573,NULL,NULL,0,NULL,NULL
1276,NULL,2020-05-22,NULL,01402-COMP-NB-ICT-PTRE-16,114229,NULL,NULL,2020-05-22 00:00:00.000,053573,NULL,NULL,0,NULL,NULL
1277,NULL,2020-05-22,NULL,01404-COMP-NB-ICT-PTRE-16,073747,NULL,NULL,2020-05-22 00:00:00.000,053573,NULL,NULL,0,NULL,NULL
1278,NULL,2020-05-22,NULL,01405-COMP-NB-ICT-PTRE-16,063675,NULL,NULL,2020-05-22 00:00:00.000,053573,NULL,NULL,0,NULL,NULL
1281,NULL,2020-05-22,NULL,01411-COMP-NB-ICT-PTRE-17,033151,NULL,NULL,2020-05-22 00:00:00.000,053573,NULL,NULL,0,NULL,NULL
1285,NULL,2020-05-22,NULL,01431-COMP-NB-ICT-PTRE-17,305917,NULL,NULL,2020-05-22 00:00:00.000,053573,NULL,NULL,0,NULL,NULL
1286,NULL,2020-05-22,NULL,01432-COMP-NB-ICT-PTRE-17,104156,NULL,NULL,2020-05-22 00:00:00.000,053573,NULL,NULL,0,NULL,NULL
1288,NULL,2020-05-22,NULL,01434-COMP-NB-ICT-PTRE-17,114208,NULL,NULL,2020-05-22 00:00:00.000,053573,NULL,NULL,0,NULL,NULL
1289,NULL,2020-05-22,NULL,01435-COMP-NB-ICT-PTRE-17,083913,NULL,NULL,2020-05-22 00:00:00.000,053573,NULL,NULL,0,NULL,NULL
1290,NULL,2020-05-22,NULL,01436-COMP-NB-ICT-PTRE-17,073833,NULL,NULL,2020-05-22 00:00:00.000,053573,NULL,NULL,0,NULL,NULL
1293,NULL,2020-05-22,NULL,01439-COMP-NB-ICT-PTRE-17,303617,NULL,NULL,2020-05-22 00:00:00.000,053573,NULL,NULL,0,NULL,NULL
1294,NULL,2020-05-22,NULL,01440-COMP-NB-ICT-PTRE-17,130096,NULL,NULL,2020-05-22 00:00:00.000,053573,NULL,NULL,0,NULL,NULL
1295,NULL,2020-05-22,NULL,01441-COMP-NB-ICT-PTRE-17,114191,NULL,NULL,2020-05-22 00:00:00.000,053573,NULL,NULL,0,NULL,NULL
1296,NULL,2020-05-22,NULL,01442-COMP-NB-ICT-PTRE-17,053573,NULL,NULL,2020-05-22 00:00:00.000,053573,NULL,NULL,1,053573,2020-05-22 00:00:00.000
1297,NULL,2020-05-22,NULL,01443-COMP-NB-ICT-PTRE-17,114233,NULL,NULL,2020-05-22 00:00:00.000,053573,NULL,NULL,0,NULL,NULL
1298,NULL,2020-05-22,NULL,01444-COMP-NB-ICT-PTRE-17,124272,NULL,NULL,2020-05-22 00:00:00.000,053573,NULL,NULL,0,NULL,NULL
1299,NULL,2020-05-22,NULL,01445-COMP-NB-ICT-PTRE-17,308518,NULL,NULL,2020-05-22 00:00:00.000,053573,NULL,NULL,0,NULL,NULL
1303,NULL,2020-05-22,NULL,01449-COMP-NB-ICT-PTRE-17,134370,NULL,NULL,2020-05-22 00:00:00.000,053573,NULL,NULL,0,NULL,NULL
1305,NULL,2020-05-22,NULL,01452-COMP-NB-ICT-PTRE-17,134370,NULL,NULL,2020-05-22 00:00:00.000,053573,NULL,NULL,0,NULL,NULL
1306,NULL,2020-05-22,NULL,01453-COMP-NB-ICT-PTRE-17,114190,NULL,NULL,2020-05-22 00:00:00.000,053573,NULL,NULL,0,NULL,NULL
1307,NULL,2020-05-22,NULL,01455-COMP-NB-ICT-PTRE-18,053573,NULL,NULL,2020-05-22 00:00:00.000,053573,NULL,NULL,1,053573,2020-05-22 00:00:00.000
1309,NULL,2020-05-22,NULL,01457-COMP-NB-ICT-PTRE-18,053573,NULL,NULL,2020-05-22 00:00:00.000,053573,NULL,NULL,1,053573,2020-05-22 00:00:00.000
1311,NULL,2020-05-22,NULL,01459-COMP-NB-ICT-PTRE-18,022079,NULL,NULL,2020-05-22 00:00:00.000,053573,NULL,NULL,0,NULL,NULL
1312,NULL,2020-05-22,NULL,01460-COMP-NB-ICT-PTRE-18,073860,NULL,NULL,2020-05-22 00:00:00.000,053573,NULL,NULL,1,306117,2020-11-23 10:48:45.000
1314,NULL,2020-05-22,NULL,01462-COMP-NB-ICT-PTRE-18,073860,NULL,NULL,2020-05-22 00:00:00.000,053573,NULL,NULL,0,NULL,NULL
1315,NULL,2020-05-22,NULL,01464-COMP-NB-ICT-PTRE-18,073860,NULL,NULL,2020-05-22 00:00:00.000,053573,NULL,NULL,0,NULL,NULL
1317,NULL,2020-05-22,NULL,01466-COMP-DSK-ICT-PTRE-18,204994,NULL,NULL,2020-05-22 00:00:00.000,053573,NULL,NULL,0,NULL,NULL
1318,NULL,2020-05-22,NULL,01469-COMP-DSK-ICT-PTRE-18,053573,NULL,NULL,2020-05-22 00:00:00.000,053573,NULL,NULL,1,053573,2020-05-22 00:00:00.000
1319,NULL,2020-05-22,NULL,01470-COMP-DSK-ICT-PTRE-18,053573,NULL,NULL,2020-05-22 00:00:00.000,053573,NULL,NULL,1,053573,2020-05-22 00:00:00.000
1320,NULL,2020-05-22,NULL,01471-COMP-DSK-ICT-PTRE-18,308418,NULL,NULL,2020-05-22 00:00:00.000,053573,NULL,NULL,0,NULL,NULL
1322,NULL,2020-05-22,NULL,01473-COMP-NB-ICT-PTRE-18,108091,NULL,NULL,2020-05-22 00:00:00.000,053573,NULL,NULL,0,NULL,NULL
1323,NULL,2020-05-22,NULL,01474-COMP-NB-ICT-PTRE-18,141096,NULL,NULL,2020-05-22 00:00:00.000,053573,NULL,NULL,0,NULL,NULL
1325,NULL,2020-05-22,NULL,01476-COMP-NB-ICT-PTRE-18,124281,NULL,NULL,2020-05-22 00:00:00.000,053573,NULL,NULL,0,NULL,NULL
1328,NULL,2020-05-22,NULL,01479-COMP-NB-ICT-PTRE-18,083933,NULL,NULL,2020-05-22 00:00:00.000,053573,NULL,NULL,1,225164,2025-02-21 10:05:26.000
1329,NULL,2020-05-22,NULL,01480-COMP-NB-ICT-PTRE-18,124299,NULL,NULL,2020-05-22 00:00:00.000,053573,NULL,NULL,0,NULL,NULL
1330,NULL,2020-05-22,NULL,01481-COMP-NB-ICT-PTRE-18,304017,NULL,NULL,2020-05-22 00:00:00.000,053573,NULL,NULL,1,306117,2023-01-10 17:14:30.000
1331,NULL,2020-05-22,NULL,01482-COMP-NB-ICT-PTRE-18,110014,NULL,NULL,2020-05-22 00:00:00.000,053573,NULL,NULL,0,NULL,NULL
1333,NULL,2020-05-22,NULL,01484-COMP-NB-ICT-PTRE-18,114229,NULL,NULL,2020-05-22 00:00:00.000,053573,NULL,NULL,0,NULL,NULL
1336,NULL,2020-05-22,NULL,01487-COMP-NB-ICT-PTRE-18,063706,NULL,NULL,2020-05-22 00:00:00.000,053573,NULL,NULL,0,NULL,NULL
1338,NULL,2020-05-22,NULL,01489-COMP-NB-ICT-PTRE-18,032029,NULL,NULL,2020-05-22 00:00:00.000,053573,NULL,NULL,0,NULL,NULL
1339,NULL,2020-05-22,NULL,01490-COMP-NB-ICT-PTRE-18,043401,NULL,NULL,2020-05-22 00:00:00.000,053573,NULL,NULL,0,NULL,NULL
1340,NULL,2020-05-22,NULL,01495-COMP-DSK-ICT-PTRE-18,033376,NULL,NULL,2020-05-22 00:00:00.000,053573,NULL,NULL,0,NULL,NULL
1341,NULL,2020-05-22,NULL,01496-COMP-DSK-ICT-PTRE-18,053573,NULL,NULL,2020-05-22 00:00:00.000,053573,NULL,NULL,1,053573,2020-05-22 00:00:00.000
1342,NULL,2020-05-22,NULL,01497-COMP-DSK-ICT-PTRE-18,307918,NULL,NULL,2020-05-22 00:00:00.000,053573,NULL,NULL,0,NULL,NULL
1343,NULL,2020-05-22,NULL,01498-COMP-DSK-ICT-PTRE-18,104136,NULL,NULL,2020-05-22 00:00:00.000,053573,NULL,NULL,0,NULL,NULL
1344,NULL,2020-05-22,NULL,01499-COMP-DSK-ICT-PTRE-18,033232,NULL,NULL,2020-05-22 00:00:00.000,053573,NULL,NULL,0,NULL,NULL
1345,NULL,2020-05-22,NULL,01501-COMP-NB-ICT-PTRE-18,053573,NULL,NULL,2020-05-22 00:00:00.000,053573,NULL,NULL,1,053573,2020-05-22 00:00:00.000
1346,NULL,2020-05-22,NULL,01502-COMP-NB-ICT-PTRE-18,053573,NULL,NULL,2020-05-22 00:00:00.000,053573,NULL,NULL,1,053573,2020-05-22 00:00:00.000
1347,NULL,2020-05-22,NULL,01503-COMP-NB-ICT-PTRE-18,053573,NULL,NULL,2020-05-22 00:00:00.000,053573,NULL,NULL,1,053573,2020-05-22 00:00:00.000
1348,NULL,2020-05-22,NULL,01504-COMP-NB-ICT-PTRE-18,053573,NULL,NULL,2020-05-22 00:00:00.000,053573,NULL,NULL,1,053573,2020-05-22 00:00:00.000
1349,NULL,2020-05-22,NULL,01505 COMP-DSK-ICT-PTRE-18,120037,NULL,NULL,2020-05-22 00:00:00.000,053573,NULL,NULL,0,NULL,NULL
1350,NULL,2020-05-22,NULL,01507 COMP-DSK-ICT-PTRE-18,053573,NULL,NULL,2020-05-22 00:00:00.000,053573,NULL,NULL,1,053573,2020-05-22 00:00:00.000
1351,NULL,2020-05-22,NULL,01509 COMP-DSK-ICT-PTRE-18,194827,NULL,NULL,2020-05-22 00:00:00.000,053573,NULL,NULL,0,NULL,NULL
1352,NULL,2020-05-22,NULL,01511 COMP-DSK-ICT-PTRE-18,053573,NULL,NULL,2020-05-22 00:00:00.000,053573,NULL,NULL,1,053573,2020-05-22 00:00:00.000
1353,NULL,2020-05-22,NULL,01513 COMP-DSK-ICT-PTRE-18,053573,NULL,NULL,2020-05-22 00:00:00.000,053573,NULL,NULL,1,053573,2020-05-22 00:00:00.000
1355,NULL,2020-05-22,NULL,01516 COMP-NB-ICT-PTRE-18,134370,NULL,NULL,2020-05-22 00:00:00.000,053573,NULL,NULL,0,NULL,NULL
1356,NULL,2020-05-22,NULL,01517 COMP-NB-ICT-PTRE-18,134370,NULL,NULL,2020-05-22 00:00:00.000,053573,NULL,NULL,0,NULL,NULL
1358,NULL,2020-05-22,NULL,01519 COMP-NB-ICT-PTRE-18,134370,NULL,NULL,2020-05-22 00:00:00.000,053573,NULL,NULL,0,NULL,NULL
1359,NULL,2020-05-22,NULL,01520 COMP-NB-ICT-PTRE-18,134370,NULL,NULL,2020-05-22 00:00:00.000,053573,NULL,NULL,0,NULL,NULL
1361,NULL,2020-05-22,NULL,01526 COMP-DSK-ICT-PTRE-18,053573,NULL,NULL,2020-05-22 00:00:00.000,053573,NULL,NULL,1,053573,2020-05-22 00:00:00.000
1362,NULL,2020-05-22,NULL,01528 COMP-DSK-ICT-PTRE-18,194823,NULL,NULL,2020-05-22 00:00:00.000,053573,NULL,NULL,0,NULL,NULL
1363,NULL,2020-05-22,NULL,01530 COMP-DSK-ICT-PTRE-18,312318,NULL,NULL,2020-05-22 00:00:00.000,053573,NULL,NULL,1,306117,2023-01-12 13:25:48.000
1364,NULL,2020-05-22,NULL,01532 COMP-NB-ICT-PTRE-18,104153,NULL,NULL,2020-05-22 00:00:00.000,053573,NULL,NULL,0,NULL,NULL
1365,NULL,2020-05-22,NULL,01533 COMP-NB-ICT-PTRE-18,124295,NULL,NULL,2020-05-22 00:00:00.000,053573,NULL,NULL,0,NULL,NULL
1368,NULL,2020-05-22,NULL,01537 COMP-DSK-ICT-PTRE-18,184653,NULL,NULL,2020-05-22 00:00:00.000,053573,NULL,NULL,0,NULL,NULL
1370,NULL,2020-05-22,NULL,01543 COMP-DSK-ICT-PTRE-18,144472,NULL,NULL,2020-05-22 00:00:00.000,053573,NULL,NULL,0,NULL,NULL
1371,NULL,2020-05-22,NULL,01545 COMP-DSK-ICT-PTRE-18,314918,NULL,NULL,2020-05-22 00:00:00.000,053573,NULL,NULL,0,NULL,NULL
1372,NULL,2020-05-22,NULL,01547 COMP-DSK-ICT-PTRE-18,104136,NULL,NULL,2020-05-22 00:00:00.000,053573,NULL,NULL,0,NULL,NULL
1374,NULL,2020-05-22,NULL,01551 COMP-DSK-ICT-PTRE-18,104156,NULL,NULL,2020-05-22 00:00:00.000,053573,NULL,NULL,1,306117,2023-01-12 10:17:30.000
1375,NULL,2020-05-22,NULL,01553 COMP-DSK-ICT-PTRE-18,033019,NULL,NULL,2020-05-22 00:00:00.000,053573,NULL,NULL,1,225164,2025-01-24 09:42:35.000
1377,NULL,2020-05-22,NULL,01557 COMP-DSK-ICT-PTRE-18,053573,NULL,NULL,2020-05-22 00:00:00.000,053573,NULL,NULL,1,053573,2020-05-22 00:00:00.000
1378,NULL,2020-05-22,NULL,01559 COMP-DSK-ICT-PTRE-18,184656,NULL,NULL,2020-05-22 00:00:00.000,053573,NULL,NULL,0,NULL,NULL
1379,NULL,2020-05-22,NULL,01561 COMP-DSK-ICT-PTRE-18,184659,NULL,NULL,2020-05-22 00:00:00.000,053573,NULL,NULL,1,225164,2023-10-28 23:07:54.000
1381,NULL,2020-05-22,NULL,01565 COMP-DSK-ICT-PTRE-18,184655,NULL,NULL,2020-05-22 00:00:00.000,053573,NULL,NULL,1,306117,2023-01-13 13:40:24.000
1383,NULL,2020-05-22,NULL,01569 COMP-DSK-ICT-PTRE-18,124293,NULL,NULL,2020-05-22 00:00:00.000,053573,NULL,NULL,0,NULL,NULL
1384,NULL,2020-05-22,NULL,01571 COMP-DSK-ICT-PTRE-18,053573,NULL,NULL,2020-05-22 00:00:00.000,053573,NULL,NULL,1,053573,2020-05-22 00:00:00.000
1385,NULL,2020-05-22,NULL,01573 COMP-DSK-ICT-PTRE-18,073833,NULL,NULL,2020-05-22 00:00:00.000,053573,NULL,NULL,1,225164,2025-02-15 23:37:44.000
1386,NULL,2020-05-22,NULL,01575 COMP-DSK-ICT-PTRE-18,194760,NULL,NULL,2020-05-22 00:00:00.000,053573,NULL,NULL,0,NULL,NULL
1387,NULL,2020-05-22,NULL,01577 COMP-DSK-ICT-PTRE-18,124288,NULL,NULL,2020-05-22 00:00:00.000,053573,NULL,NULL,0,NULL,NULL
1388,NULL,2020-05-22,NULL,01579 COMP-DSK-ICT-PTRE-18,184668,RTO 1 Lantai 2,NULL,2020-11-09 00:00:00.000,053573,NULL,NULL,0,NULL,NULL
1389,NULL,2020-05-22,NULL,01581 COMP-DSK-ICT-PTRE-18,053573,NULL,NULL,2020-05-22 00:00:00.000,053573,NULL,NULL,1,053573,2020-05-22 00:00:00.000
1391,NULL,2020-05-22,NULL,01585 COMP-DSK-ICT-PTRE-18,053573,NULL,NULL,2020-05-22 00:00:00.000,053573,NULL,NULL,1,053573,2020-05-22 00:00:00.000
1392,NULL,2020-05-22,NULL,01587 COMP-DSK-ICT-PTRE-18,114190,NULL,NULL,2020-05-22 00:00:00.000,053573,NULL,NULL,0,NULL,NULL
1394,NULL,2020-05-22,NULL,01591 COMP-DSK-ICT-PTRE-18,184657,NULL,NULL,2020-05-22 00:00:00.000,053573,NULL,NULL,0,NULL,NULL
1396,NULL,2020-05-22,NULL,01595 COMP-DSK-ICT-PTRE-18,053573,NULL,NULL,2020-05-22 00:00:00.000,053573,NULL,NULL,1,053573,2020-05-22 00:00:00.000
1397,NULL,2020-05-22,NULL,01597 COMP-DSK-ICT-PTRE-18,184679,NULL,NULL,2020-05-22 00:00:00.000,053573,NULL,NULL,0,NULL,NULL
1398,NULL,2020-05-22,NULL,01599 COMP-DSK-ICT-PTRE-18,194767,NULL,NULL,2020-05-22 00:00:00.000,053573,NULL,NULL,0,NULL,NULL
1400,NULL,2020-05-22,NULL,01603 COMP-DSK-ICT-PTRE-18,053573,NULL,NULL,2020-05-22 00:00:00.000,053573,NULL,NULL,1,053573,2020-05-22 00:00:00.000
1402,NULL,2020-05-22,NULL,01607 COMP-DSK-ICT-PTRE-18,053573,NULL,NULL,2020-05-22 00:00:00.000,053573,NULL,NULL,1,053573,2020-05-22 00:00:00.000
1403,NULL,2020-05-22,NULL,01609 COMP-DSK-ICT-PTRE-18,053573,NULL,NULL,2020-05-22 00:00:00.000,053573,NULL,NULL,1,053573,2020-05-22 00:00:00.000
1405,NULL,2020-05-22,NULL,01613 COMP-DSK-ICT-PTRE-18,053573,NULL,NULL,2020-05-22 00:00:00.000,053573,NULL,NULL,1,053573,2020-05-22 00:00:00.000
1406,NULL,2020-05-22,NULL,01615 COMP-DSK-ICT-PTRE-18,304217,NULL,NULL,2020-05-22 00:00:00.000,053573,NULL,NULL,1,225164,2023-10-28 22:45:47.000
1407,NULL,2020-05-22,NULL,01617 COMP-NB-ICT-PTRE-18,053573,NULL,NULL,2020-05-22 00:00:00.000,053573,NULL,NULL,1,053573,2020-05-22 00:00:00.000
1408,NULL,2020-05-22,NULL,01618 COMP-NB-ICT-PTRE-18,053573,NULL,NULL,2020-05-22 00:00:00.000,053573,NULL,NULL,1,053573,2020-05-22 00:00:00.000
1409,NULL,2020-05-22,NULL,01619 COMP-NB-ICT-PTRE-18,053573,NULL,NULL,2020-05-22 00:00:00.000,053573,NULL,NULL,1,053573,2020-05-22 00:00:00.000
1410,NULL,2020-05-22,NULL,01626 COMP-DSK-ICT-PTRE-18,184699,NULL,NULL,2020-05-22 00:00:00.000,053573,NULL,NULL,1,306117,2020-11-09 15:16:48.000
1412,NULL,2020-05-22,NULL,01630 COMP-DSK-ICT-PTRE-18,053573,NULL,NULL,2020-05-22 00:00:00.000,053573,NULL,NULL,1,053573,2020-05-22 00:00:00.000
1413,NULL,2020-05-22,NULL,01632 COMP-DSK-ICT-PTRE-18,104094,NULL,NULL,2020-05-22 00:00:00.000,053573,NULL,NULL,1,306117,2023-01-13 15:02:35.000
1414,NULL,2020-05-22,NULL,01634 COMP-DSK-ICT-PTRE-18,073815,RTO 1 Lantai 2,NULL,2020-11-09 00:00:00.000,053573,NULL,NULL,0,NULL,NULL
1416,NULL,2020-05-22,NULL,01638 COMP-DSK-ICT-PTRE-18,053573,NULL,NULL,2020-05-22 00:00:00.000,053573,NULL,NULL,1,053573,2020-05-22 00:00:00.000
1419,NULL,2020-05-22,NULL,01644 COMP-NB-ICT-PTRE-18,053573,NULL,NULL,2020-05-22 00:00:00.000,053573,NULL,NULL,1,053573,2020-05-22 00:00:00.000
1420,NULL,2020-05-22,NULL,01645 COMP-NB-ICT-PTRE-18,053573,NULL,NULL,2020-05-22 00:00:00.000,053573,NULL,NULL,1,053573,2020-05-22 00:00:00.000
1421,NULL,2020-05-22,NULL,01646 COMP-NB-ICT-PTRE-18,053573,NULL,NULL,2020-05-22 00:00:00.000,053573,NULL,NULL,1,053573,2020-05-22 00:00:00.000
1422,NULL,2020-05-22,NULL,01647 COMP-NB-ICT-PTRE-18,053573,NULL,NULL,2020-05-22 00:00:00.000,053573,NULL,NULL,1,053573,2020-05-22 00:00:00.000
1423,NULL,2020-05-22,NULL,01648 COMP-NB-ICT-PTRE-18,053573,NULL,NULL,2020-05-22 00:00:00.000,053573,NULL,NULL,1,053573,2020-05-22 00:00:00.000
1424,NULL,2020-05-22,NULL,01649 COMP-NB-ICT-PTRE-18,053573,NULL,NULL,2020-05-22 00:00:00.000,053573,NULL,NULL,1,053573,2020-05-22 00:00:00.000
1425,NULL,2020-05-22,NULL,01650 COMP-NB-ICT-PTRE-18,053573,NULL,NULL,2020-05-22 00:00:00.000,053573,NULL,NULL,1,053573,2020-05-22 00:00:00.000
1426,NULL,2020-05-22,NULL,01651 COMP-NB-ICT-PTRE-18,053573,NULL,NULL,2020-05-22 00:00:00.000,053573,NULL,NULL,1,053573,2020-05-22 00:00:00.000
1427,NULL,2020-05-22,NULL,01652 COMP-NB-ICT-PTRE-18,053573,NULL,NULL,2020-05-22 00:00:00.000,053573,NULL,NULL,1,053573,2020-05-22 00:00:00.000
1428,NULL,2020-05-22,NULL,01653 COMP-NB-ICT-PTRE-18,053573,NULL,NULL,2020-05-22 00:00:00.000,053573,NULL,NULL,1,053573,2020-05-22 00:00:00.000
1429,NULL,2020-05-22,NULL,01654 COMP-NB-ICT-PTRE-19,053573,NULL,NULL,2020-05-22 00:00:00.000,053573,NULL,NULL,1,053573,2020-05-22 00:00:00.000
1430,NULL,2020-05-22,NULL,01655 COMP-NB-ICT-PTRE-19,053573,NULL,NULL,2020-05-22 00:00:00.000,053573,NULL,NULL,1,053573,2020-05-22 00:00:00.000
1431,NULL,2020-05-22,NULL,01656 COMP-NB-ICT-PTRE-19,053573,NULL,NULL,2020-05-22 00:00:00.000,053573,NULL,NULL,1,053573,2020-05-22 00:00:00.000
1434,NULL,2020-05-22,NULL,01660 COMP-DSK-ICT-PTRE-19,053573,NULL,NULL,2020-05-22 00:00:00.000,053573,NULL,NULL,1,053573,2020-05-22 00:00:00.000
1436,NULL,2020-05-22,NULL,01664 COMP-DSK-ICT-PTRE-19,306918,NULL,NULL,2020-05-22 00:00:00.000,053573,NULL,NULL,0,NULL,NULL
1439,NULL,2020-05-22,NULL,01670 COMP-DSK-ICT-PTRE-19,302117,RTO 1 Lantai 2,NULL,2020-11-09 00:00:00.000,053573,NULL,NULL,0,NULL,NULL
1440,NULL,2020-05-22,NULL,01672 COMP-DSK-ICT-PTRE-19,053573,NULL,NULL,2020-05-22 00:00:00.000,053573,NULL,NULL,1,053573,2020-05-22 00:00:00.000
1442,NULL,2020-05-22,NULL,01676 COMP-DSK-ICT-PTRE-19,053573,NULL,NULL,2020-05-22 00:00:00.000,053573,NULL,NULL,1,053573,2020-05-22 00:00:00.000
1445,NULL,2020-05-22,NULL,01682 COMP-DSK-ICT-PTRE-19,194746,NULL,NULL,2020-05-22 00:00:00.000,053573,NULL,NULL,0,NULL,NULL
1446,NULL,2020-05-22,NULL,01684 COMP-DSK-ICT-PTRE-19,053573,NULL,NULL,2020-05-22 00:00:00.000,053573,NULL,NULL,1,053573,2020-05-22 00:00:00.000
1447,NULL,2020-05-22,NULL,01686 COMP-DSK-ICT-PTRE-19,194738,NULL,NULL,2020-05-22 00:00:00.000,053573,NULL,NULL,1,225164,2025-02-16 04:11:50.000
1448,NULL,2020-05-22,NULL,01688 COMP-DSK-ICT-PTRE-19,053573,NULL,NULL,2020-05-22 00:00:00.000,053573,NULL,NULL,1,053573,2020-05-22 00:00:00.000
1449,NULL,2020-05-22,NULL,01690 COMP-DSK-ICT-PTRE-19,053573,NULL,NULL,2020-05-22 00:00:00.000,053573,NULL,NULL,1,053573,2020-05-22 00:00:00.000
1450,NULL,2020-05-22,NULL,01692 COMP-NB-ICT-PTRE-19,134370,NULL,NULL,2020-05-22 00:00:00.000,053573,NULL,NULL,0,NULL,NULL
1452,NULL,2020-05-22,NULL,01697 COMP-DSK-ICT-PTRE-19,194764,NULL,NULL,2020-05-22 00:00:00.000,053573,NULL,NULL,0,NULL,NULL
1457,NULL,2020-05-22,NULL,01707 COMP-DSK-ICT-PTRE-19,053573,NULL,NULL,2020-05-22 00:00:00.000,053573,NULL,NULL,1,053573,2020-05-22 00:00:00.000
1459,NULL,2020-05-22,NULL,01711 COMP-DSK-ICT-PTRE-19,194771,NULL,NULL,2020-05-22 00:00:00.000,053573,NULL,NULL,1,225164,2023-10-27 22:04:37.000
1460,NULL,2020-05-22,NULL,01713 COMP-DSK-ICT-PTRE-19,073749,NULL,NULL,2020-05-22 00:00:00.000,053573,NULL,NULL,0,NULL,NULL
1464,NULL,2020-05-22,NULL,01721 COMP-DSK-ICT-PTRE-19,053573,NULL,NULL,2020-05-22 00:00:00.000,053573,NULL,NULL,1,053573,2020-05-22 00:00:00.000
1465,NULL,2020-05-22,NULL,01723 COMP-DSK-ICT-PTRE-19,053573,NULL,NULL,2020-05-22 00:00:00.000,053573,NULL,NULL,1,053573,2020-05-22 00:00:00.000
1470,NULL,2020-05-22,NULL,01733 COMP-DSK-ICT-PTRE-19,053573,NULL,NULL,2020-05-22 00:00:00.000,053573,NULL,NULL,1,053573,2020-05-22 00:00:00.000
1471,NULL,2020-05-22,NULL,01745 COMP-NB-ICT-PTRE-19,053573,NULL,NULL,2020-05-22 00:00:00.000,053573,NULL,NULL,1,053573,2020-05-22 00:00:00.000
1472,NULL,2020-05-22,NULL,01746 COMP-NB-ICT-PTRE-19,053573,NULL,NULL,2020-05-22 00:00:00.000,053573,NULL,NULL,1,053573,2020-05-22 00:00:00.000
1473,NULL,2020-05-22,NULL,01747 COMP-NB-ICT-PTRE-19,053573,NULL,NULL,2020-05-22 00:00:00.000,053573,NULL,NULL,1,053573,2020-05-22 00:00:00.000
1474,NULL,2020-05-22,NULL,01748 COMP-NB-ICT-PTRE-19,053573,NULL,NULL,2020-05-22 00:00:00.000,053573,NULL,NULL,1,053573,2020-05-22 00:00:00.000
1475,NULL,2020-05-22,NULL,01749 COMP-NB-ICT-PTRE-19,053573,NULL,NULL,2020-05-22 00:00:00.000,053573,NULL,NULL,1,053573,2020-05-22 00:00:00.000
1476,NULL,2020-05-22,NULL,01751 COMP-NB-ICT-PTRE-19,053573,NULL,NULL,2020-05-22 00:00:00.000,053573,NULL,NULL,1,053573,2020-05-22 00:00:00.000
1477,NULL,2020-05-22,NULL,01752 COMP-NB-ICT-PTRE-19,053573,NULL,NULL,2020-05-22 00:00:00.000,053573,NULL,NULL,1,053573,2020-05-22 00:00:00.000
1478,NULL,2020-05-22,NULL,01753 COMP-NB-ICT-PTRE-19,114236,NULL,NULL,2020-05-22 00:00:00.000,053573,NULL,NULL,0,NULL,NULL
1479,NULL,2020-05-22,NULL,01754 COMP-NB-ICT-PTRE-19,053573,NULL,NULL,2020-05-22 00:00:00.000,053573,NULL,NULL,1,053573,2020-05-22 00:00:00.000
1480,NULL,2020-05-22,NULL,01755 COMP-NB-ICT-PTRE-19,053573,NULL,NULL,2020-05-22 00:00:00.000,053573,NULL,NULL,1,053573,2020-05-22 00:00:00.000
1481,NULL,2020-05-22,NULL,01756 COMP-NB-ICT-PTRE-19,053573,NULL,NULL,2020-05-22 00:00:00.000,053573,NULL,NULL,1,053573,2020-05-22 00:00:00.000
1483,NULL,2020-05-22,NULL,01758 COMP-NB-ICT-PTRE-19,053573,NULL,NULL,2020-05-22 00:00:00.000,053573,NULL,NULL,1,053573,2020-05-22 00:00:00.000
1484,NULL,2020-05-22,NULL,01759 COMP-NB-ICT-PTRE-19,053573,NULL,NULL,2020-05-22 00:00:00.000,053573,NULL,NULL,1,053573,2020-05-22 00:00:00.000
1485,NULL,2020-05-22,NULL,01760 COMP-NB-ICT-PTRE-19,053573,NULL,NULL,2020-05-22 00:00:00.000,053573,NULL,NULL,1,053573,2020-05-22 00:00:00.000
1486,NULL,2020-05-22,NULL,01761 COMP-NB-ICT-PTRE-19,053573,NULL,NULL,2020-05-22 00:00:00.000,053573,NULL,NULL,1,053573,2020-05-22 00:00:00.000
1488,NULL,2020-05-22,NULL,01763 COMP-NB-ICT-PTRE-19,053573,NULL,NULL,2020-05-22 00:00:00.000,053573,NULL,NULL,1,053573,2020-05-22 00:00:00.000
1492,NULL,2020-05-22,NULL,01770 COMP-DSK-ICT-PTRE-19,023013,NULL,NULL,2020-05-22 00:00:00.000,053573,NULL,NULL,0,NULL,NULL
1493,NULL,2020-05-22,NULL,01772 COMP-DSK-ICT-PTRE-19,194800,NULL,NULL,2020-05-22 00:00:00.000,053573,NULL,NULL,0,NULL,NULL
1502,NULL,2020-05-22,NULL,01790 COMP-DSK-ICT-PTRE-19,194820,RTO 1 Lantai 2,NULL,2020-11-09 00:00:00.000,053573,NULL,NULL,0,NULL,NULL
1504,NULL,2020-05-22,NULL,01794 COMP-DSK-ICT-PTRE-19,053573,NULL,NULL,2020-05-22 00:00:00.000,053573,NULL,NULL,1,053573,2020-05-22 00:00:00.000
1505,NULL,2020-05-22,NULL,01796 COMP-DSK-ICT-PTRE-19,053573,NULL,NULL,2020-05-22 00:00:00.000,053573,NULL,NULL,1,053573,2020-05-22 00:00:00.000
1506,NULL,2020-05-22,NULL,01798 COMP-DSK-ICT-PTRE-19,194828,NULL,NULL,2020-05-22 00:00:00.000,053573,NULL,NULL,0,NULL,NULL
1507,NULL,2020-05-22,NULL,01800 COMP-DSK-ICT-PTRE-19,053573,NULL,NULL,2020-05-22 00:00:00.000,053573,NULL,NULL,1,053573,2020-05-22 00:00:00.000
1508,NULL,2020-05-22,NULL,01802 COMP-DSK-ICT-PTRE-19,053573,NULL,NULL,2020-05-22 00:00:00.000,053573,NULL,NULL,1,053573,2020-05-22 00:00:00.000
1512,NULL,2020-05-22,NULL,01810 COMP-DSK-ICT-PTRE-19,053573,NULL,NULL,2020-05-22 00:00:00.000,053573,NULL,NULL,1,053573,2020-05-22 00:00:00.000
1513,NULL,2020-05-22,NULL,01812 COMP-DSK-ICT-PTRE-19,194854,NULL,NULL,2020-05-22 00:00:00.000,053573,NULL,NULL,0,NULL,NULL
1514,NULL,2020-05-22,NULL,01814 COMP-DSK-ICT-PTRE-19,083943,RTO 1 Lantai 2,NULL,2020-11-09 00:00:00.000,053573,NULL,NULL,0,NULL,NULL
1515,NULL,2020-05-22,NULL,01816 COMP-DSK-ICT-PTRE-19,053573,NULL,NULL,2020-05-22 00:00:00.000,053573,NULL,NULL,1,053573,2020-05-22 00:00:00.000
1517,NULL,2020-05-22,NULL,01820 COMP-DSK-ICT-PTRE-19,194841,NULL,NULL,2020-05-22 00:00:00.000,053573,NULL,NULL,0,NULL,NULL
1518,NULL,2020-05-22,NULL,01822 COMP-DSK-ICT-PTRE-19,053573,NULL,NULL,2020-05-22 00:00:00.000,053573,NULL,NULL,1,053573,2020-05-22 00:00:00.000
1519,NULL,2020-05-22,NULL,01824 COMP-DSK-ICT-PTRE-19,194845,NULL,NULL,2020-05-22 00:00:00.000,053573,NULL,NULL,1,225164,2025-02-16 05:32:04.000
1520,NULL,2020-05-22,NULL,01826 COMP-DSK-ICT-PTRE-19,194849,NULL,NULL,2020-05-22 00:00:00.000,053573,NULL,NULL,0,NULL,NULL
1522,NULL,2020-05-22,NULL,01830 COMP-NB-ICT-PTRE-19,053573,NULL,NULL,2020-05-22 00:00:00.000,053573,NULL,NULL,1,053573,2020-05-22 00:00:00.000
1523,NULL,2020-05-22,NULL,01831 COMP-WORK-ICT-PTRE-19,053573,NULL,NULL,2020-05-22 00:00:00.000,053573,NULL,NULL,1,053573,2020-05-22 00:00:00.000
1524,NULL,2020-05-22,NULL,01833 COMP-WORK-ICT-PTRE-19,184679,NULL,NULL,2020-05-22 00:00:00.000,053573,NULL,NULL,0,NULL,NULL
1525,NULL,2020-05-22,NULL,01835 COMP-DSK-ICT-PTRE-19,053573,NULL,NULL,2020-05-22 00:00:00.000,053573,NULL,NULL,1,053573,2020-05-22 00:00:00.000
1526,NULL,2020-05-22,NULL,01837 COMP-DSK-ICT-PTRE-19,053573,NULL,NULL,2020-05-22 00:00:00.000,053573,NULL,NULL,1,053573,2020-05-22 00:00:00.000
1527,NULL,2020-05-22,NULL,01839 COMP-DSK-ICT-PTRE-19,194862,NULL,NULL,2020-05-22 00:00:00.000,053573,NULL,NULL,1,306117,2023-01-13 15:01:24.000
1528,NULL,2020-05-22,NULL,01841 COMP-DSK-ICT-PTRE-19,053573,NULL,NULL,2020-05-22 00:00:00.000,053573,NULL,NULL,1,053573,2020-05-22 00:00:00.000
1530,NULL,2020-05-22,NULL,01845 COMP-DSK-ICT-PTRE-19,053573,NULL,NULL,2020-05-22 00:00:00.000,053573,NULL,NULL,1,053573,2020-05-22 00:00:00.000
1531,NULL,2020-05-22,NULL,01847 COMP-DSK-ICT-PTRE-19,083982,NULL,NULL,2020-05-22 00:00:00.000,053573,NULL,NULL,0,NULL,NULL
1532,NULL,2020-05-22,NULL,01849 COMP-DSK-ICT-PTRE-19,053573,NULL,NULL,2020-05-22 00:00:00.000,053573,NULL,NULL,1,053573,2020-05-22 00:00:00.000
1534,NULL,2020-05-22,NULL,01853 COMP-DSK-ICT-PTRE-19,194869,NULL,NULL,2020-05-22 00:00:00.000,053573,NULL,NULL,0,NULL,NULL
1535,NULL,2020-05-22,NULL,01870 COMP-NB-ICT-PTRE-19,053573,NULL,NULL,2020-05-22 00:00:00.000,053573,NULL,NULL,1,053573,2020-05-22 00:00:00.000
1536,NULL,2020-05-22,NULL,01871 COMP-NB-ICT-PTRE-19,053573,NULL,NULL,2020-05-22 00:00:00.000,053573,NULL,NULL,1,053573,2020-05-22 00:00:00.000
1537,NULL,2020-05-22,NULL,01872 COMP-NB-ICT-PTRE-19,053573,NULL,NULL,2020-05-22 00:00:00.000,053573,NULL,NULL,1,053573,2020-05-22 00:00:00.000
1538,NULL,2020-05-22,NULL,01873 COMP-NB-ICT-PTRE-19,053573,NULL,NULL,2020-05-22 00:00:00.000,053573,NULL,NULL,1,053573,2020-05-22 00:00:00.000
1539,NULL,2020-05-22,NULL,01874 COMP-NB-ICT-PTRE-19,124325,NULL,NULL,2020-05-22 00:00:00.000,053573,NULL,NULL,0,NULL,NULL
1541,NULL,2020-05-22,NULL,01876 COMP-NB-ICT-PTRE-19,053573,NULL,NULL,2020-05-22 00:00:00.000,053573,NULL,NULL,1,053573,2020-05-22 00:00:00.000
1542,NULL,2020-05-22,NULL,01877 COMP-NB-ICT-PTRE-19,053573,NULL,NULL,2020-05-22 00:00:00.000,053573,NULL,NULL,1,053573,2020-05-22 00:00:00.000
1543,NULL,2020-05-22,NULL,01878 COMP-NB-ICT-PTRE-19,053573,NULL,NULL,2020-05-22 00:00:00.000,053573,NULL,NULL,1,053573,2020-05-22 00:00:00.000
1544,NULL,2020-05-22,NULL,01885 COMP-NB-ICT-PTRE-19,023061,NULL,NULL,2020-05-22 00:00:00.000,053573,NULL,NULL,0,NULL,NULL
1545,NULL,2020-05-22,NULL,01886 COMP-NB-ICT-PTRE-19,053573,NULL,NULL,2020-05-22 00:00:00.000,053573,NULL,NULL,1,053573,2020-05-22 00:00:00.000
1546,NULL,2020-05-22,NULL,01887 COMP-NB-ICT-PTRE-19,053573,NULL,NULL,2020-05-22 00:00:00.000,053573,NULL,NULL,1,053573,2020-05-22 00:00:00.000
1547,NULL,2020-05-22,NULL,01888 COMP-NB-ICT-PTRE-19,053573,NULL,NULL,2020-05-22 00:00:00.000,053573,NULL,NULL,1,053573,2020-05-22 00:00:00.000
1548,NULL,2020-05-22,NULL,01889 COMP-NB-ICT-PTRE-19,053573,NULL,NULL,2020-05-22 00:00:00.000,053573,NULL,NULL,1,053573,2020-05-22 00:00:00.000
1549,NULL,2020-05-22,NULL,01890 COMP-NB-ICT-PTRE-19,083914,NULL,NULL,2020-05-22 00:00:00.000,053573,NULL,NULL,0,NULL,NULL
1551,NULL,2020-05-22,NULL,01892 COMP-NB-ICT-PTRE-19,031773,NULL,NULL,2020-05-22 00:00:00.000,053573,NULL,NULL,0,NULL,NULL
1552,NULL,2020-05-22,NULL,01893 COMP-NB-ICT-PTRE-19,053573,NULL,NULL,2020-05-22 00:00:00.000,053573,NULL,NULL,1,053573,2020-05-22 00:00:00.000
1553,NULL,2020-05-22,NULL,01894 COMP-NB-ICT-PTRE-19,053573,NULL,NULL,2020-05-22 00:00:00.000,053573,NULL,NULL,1,053573,2020-05-22 00:00:00.000
1554,NULL,2020-05-22,NULL,01895 COMP-DSK-ICT-PTRE-19,053573,NULL,NULL,2020-05-22 00:00:00.000,053573,NULL,NULL,1,053573,2020-05-22 00:00:00.000
1556,NULL,2020-05-22,NULL,01899 COMP-DSK-ICT-PTRE-19,053573,NULL,NULL,2020-05-22 00:00:00.000,053573,NULL,NULL,1,053573,2020-05-22 00:00:00.000
1557,NULL,2020-05-22,NULL,01901 COMP-DSK-ICT-PTRE-19,053573,NULL,NULL,2020-05-22 00:00:00.000,053573,NULL,NULL,1,053573,2020-05-22 00:00:00.000
1558,NULL,2020-05-22,NULL,01903 COMP-DSK-ICT-PTRE-19,053573,NULL,NULL,2020-05-22 00:00:00.000,053573,NULL,NULL,1,053573,2020-05-22 00:00:00.000
1559,NULL,2020-05-22,NULL,01905 COMP-DSK-ICT-PTRE-19,053573,NULL,NULL,2020-05-22 00:00:00.000,053573,NULL,NULL,1,053573,2020-05-22 00:00:00.000
1560,NULL,2020-05-22,NULL,01907 COMP-DSK-ICT-PTRE-19,053573,NULL,NULL,2020-05-22 00:00:00.000,053573,NULL,NULL,1,053573,2020-05-22 00:00:00.000
1561,NULL,2020-05-22,NULL,01909 COMP-DSK-ICT-PTRE-19,194873,NULL,NULL,2020-05-22 00:00:00.000,053573,NULL,NULL,0,NULL,NULL
1562,NULL,2020-05-22,NULL,01911 COMP-DSK-ICT-PTRE-19,194755,NULL,NULL,2020-05-22 00:00:00.000,053573,NULL,NULL,0,NULL,NULL
1563,NULL,2020-05-22,NULL,01913 COMP-DSK-ICT-PTRE-19,053573,NULL,NULL,2020-05-22 00:00:00.000,053573,NULL,NULL,1,053573,2020-05-22 00:00:00.000
1564,NULL,2020-05-22,NULL,01915 COMP-NB-ICT-PTRE-19,134370,NULL,NULL,2020-05-22 00:00:00.000,053573,NULL,NULL,0,NULL,NULL
1567,NULL,2020-05-22,NULL,01918 COMP-NB-ICT-PTRE-19,053573,NULL,NULL,2020-05-22 00:00:00.000,053573,NULL,NULL,1,053573,2020-05-22 00:00:00.000
1569,NULL,2020-05-22,NULL,01920 COMP-NB-ICT-PTRE-19,053573,NULL,NULL,2020-05-22 00:00:00.000,053573,NULL,NULL,1,053573,2020-05-22 00:00:00.000
1570,NULL,2020-05-22,NULL,01921 COMP-NB-ICT-PTRE-19,130096,NULL,NULL,2020-05-22 00:00:00.000,053573,NULL,NULL,0,NULL,NULL
1572,NULL,2020-05-22,NULL,01923 COMP-NB-ICT-PTRE-19,300516,NULL,NULL,2020-05-22 00:00:00.000,053573,NULL,NULL,0,NULL,NULL
1573,NULL,2020-05-22,NULL,01924 COMP-NB-ICT-PTRE-19,053573,NULL,NULL,2020-05-22 00:00:00.000,053573,NULL,NULL,1,053573,2020-05-22 00:00:00.000
1574,NULL,2020-05-22,NULL,01928 COMP-NB-ICT-PTRE-19,053573,NULL,NULL,2020-05-22 00:00:00.000,053573,NULL,NULL,1,053573,2020-05-22 00:00:00.000
1577,NULL,2020-05-22,NULL,01942 COMP-DSK-ICT-PTRE-19,053573,NULL,NULL,2020-05-22 00:00:00.000,053573,NULL,NULL,1,053573,2020-05-22 00:00:00.000
1578,NULL,2020-05-22,NULL,01944 COMP-DSK-ICT-PTRE-19,053573,NULL,NULL,2020-05-22 00:00:00.000,053573,NULL,NULL,1,053573,2020-05-22 00:00:00.000
1579,NULL,2020-05-22,NULL,01946 COMP-DSK-ICT-PTRE-19,053573,NULL,NULL,2020-05-22 00:00:00.000,053573,NULL,NULL,1,053573,2020-05-22 00:00:00.000
1580,NULL,2020-05-22,NULL,01948 COMP-DSK-ICT-PTRE-19,053573,NULL,NULL,2020-05-22 00:00:00.000,053573,NULL,NULL,1,053573,2020-05-22 00:00:00.000
1581,NULL,2020-05-22,NULL,01954 COMP-DSK-ICT-PTRE-19,053573,NULL,NULL,2020-05-22 00:00:00.000,053573,NULL,NULL,1,053573,2020-05-22 00:00:00.000
1582,NULL,2020-05-22,NULL,01956 COMP-DSK-ICT-PTRE-19,053573,NULL,NULL,2020-05-22 00:00:00.000,053573,NULL,NULL,1,053573,2020-05-22 00:00:00.000
1584,NULL,2020-05-22,NULL,01977 COMP-DSK-ICT-PTRE-19,124330,NULL,NULL,2020-05-22 00:00:00.000,053573,NULL,NULL,0,NULL,NULL
1585,NULL,2020-05-22,NULL,01979 COMP-DSK-ICT-PTRE-19,194922,NULL,NULL,2020-05-22 00:00:00.000,053573,NULL,NULL,1,225164,2023-10-28 23:03:50.000
1586,NULL,2020-05-22,NULL,01981 COMP-DSK-ICT-PTRE-19,053573,NULL,NULL,2020-05-22 00:00:00.000,053573,NULL,NULL,1,053573,2020-05-22 00:00:00.000
1587,NULL,2020-05-22,NULL,01983 COMP-DSK-ICT-PTRE-19,053573,NULL,NULL,2020-05-22 00:00:00.000,053573,NULL,NULL,1,053573,2020-05-22 00:00:00.000
1589,NULL,2020-05-22,NULL,01987 COMP-DSK-ICT-PTRE-19,053573,NULL,NULL,2020-05-22 00:00:00.000,053573,NULL,NULL,1,053573,2020-05-22 00:00:00.000
1590,NULL,2020-05-22,NULL,01989 COMP-DSK-ICT-PTRE-19,301817,NULL,NULL,2020-05-22 00:00:00.000,053573,NULL,NULL,1,225164,2023-10-27 22:13:18.000
1591,NULL,2020-05-22,NULL,01991 COMP-DSK-ICT-PTRE-19,053573,NULL,NULL,2020-05-22 00:00:00.000,053573,NULL,NULL,1,053573,2020-05-22 00:00:00.000
1592,NULL,2020-05-22,NULL,01993 COMP-DSK-ICT-PTRE-19,053573,NULL,NULL,2020-05-22 00:00:00.000,053573,NULL,NULL,1,053573,2020-05-22 00:00:00.000
1593,NULL,2020-05-22,NULL,2021 COMP-NB-ICT-PTRE-20,154574,NULL,NULL,2020-05-22 00:00:00.000,053573,NULL,NULL,0,NULL,NULL
1594,NULL,2020-05-22,NULL,2022 COMP-NB-ICT-PTRE-20,124272,,NULL,2024-04-17 00:00:00.000,053573,NULL,NULL,0,NULL,NULL
1598,NULL,2020-05-22,NULL,2026 COMP-NB-ICT-PTRE-20,053573,NULL,NULL,2020-05-22 00:00:00.000,053573,NULL,NULL,1,053573,2020-05-22 00:00:00.000
1599,NULL,2020-05-22,NULL,2027 COMP-NB-ICT-PTRE-20,053573,NULL,NULL,2020-05-22 00:00:00.000,053573,NULL,NULL,1,053573,2020-05-22 00:00:00.000
1603,NULL,2020-05-22,NULL,2034 COMP-DSK-ICT-PTRE-20,194872,NULL,NULL,2020-05-22 00:00:00.000,053573,NULL,NULL,0,NULL,NULL
1604,NULL,2020-05-22,NULL,2036 COMP-DSK-ICT-PTRE-20,194839,NULL,NULL,2020-05-22 00:00:00.000,053573,NULL,NULL,0,NULL,NULL
1606,NULL,2020-05-22,NULL,2040 COMP-DSK-ICT-PTRE-20,053573,NULL,NULL,2020-05-22 00:00:00.000,053573,NULL,NULL,1,053573,2020-05-22 00:00:00.000
1608,NULL,2020-05-22,NULL,2057 COMP-NB-ICT-PTRE-20,053573,NULL,NULL,2020-05-22 00:00:00.000,053573,NULL,NULL,1,053573,2020-05-22 00:00:00.000
1611,NULL,2020-05-22,NULL,2060 COMP-NB-ICT-PTRE-20,204944,NULL,NULL,2020-05-22 00:00:00.000,053573,NULL,NULL,1,306117,2023-01-10 17:18:12.000
1946,201109022607,2020-05-25,NULL,01048-COMP-WORK-ICT-PTRE-13,194870,RTO 1 Lantai 2,NULL,2020-11-09 00:00:00.000,NULL,NULL,NULL,0,NULL,NULL
1949,201109025119,2020-05-25,NULL,01587 COMP-DSK-ICT-PTRE-18,194832,RTO 1 Lantai 2,NULL,2020-11-09 00:00:00.000,NULL,NULL,NULL,0,NULL,NULL
1613,200902034115,2020-05-27,NULL,01208-COMP-WORK-ICT-PTRE-14,053573,,NULL,2020-09-02 00:00:00.000,NULL,NULL,NULL,0,NULL,NULL
1621,200921011301,2020-05-29,NULL,02064-COMP-NB-ICT-PTRE-20,110002,NULL,NULL,2020-09-21 00:00:00.000,NULL,NULL,NULL,0,NULL,NULL
1612,200616012830,2020-06-16,NULL,02070-COMP-NB-ICT-PTRE-20,022020,NULL,NULL,2020-06-16 00:00:00.000,NULL,NULL,NULL,1,053573,2021-02-09 05:51:21.000
1441,NULL,2020-05-22,2020-06-17,01674 COMP-DSK-ICT-PTRE-19,194728,,NULL,2024-02-20 00:00:00.000,053573,NULL,NULL,0,NULL,NULL
1616,200921011058,2020-06-20,NULL,02069-COMP-NB-ICT-PTRE-20,104153,NULL,NULL,2020-09-21 00:00:00.000,NULL,NULL,NULL,0,NULL,NULL
1617,200921011124,2020-06-20,NULL,02068-COMP-NB-ICT-PTRE-20,104153,Asset RECON,NULL,2020-09-21 00:00:00.000,NULL,NULL,NULL,0,NULL,NULL
1618,200921011205,2020-06-20,NULL,02067-COMP-NB-ICT-PTRE-20,104153,asset RECON,NULL,2020-09-21 00:00:00.000,NULL,NULL,NULL,0,NULL,NULL
2644,210217104058,2020-07-01,NULL,01688 COMP-DSK-ICT-PTRE-19,204982,NULL,NULL,2021-02-17 00:00:00.000,NULL,NULL,NULL,0,NULL,NULL
4212,240123092450,2020-07-08,NULL,01956 COMP-DSK-ICT-PTRE-19,194809,NULL,NULL,2024-01-23 00:00:00.000,NULL,NULL,NULL,1,225164,2024-01-23 09:25:13.000
2614,210209055938,2020-07-20,NULL,02073-COMP-NB-ICT-PTRE-20,031773,"Dipakai untuk site survey, user project",NULL,2021-02-09 00:00:00.000,NULL,NULL,NULL,0,NULL,NULL
2615,210209060339,2020-07-20,NULL,02074-COMP-NB-ICT-PTRE-20,031773,"Dipakai untuk site survey, user project",NULL,2021-02-09 00:00:00.000,NULL,NULL,NULL,0,NULL,NULL
151,190218012008,2019-02-18,2020-08-27,01024-COMP-DESK-ICT-PTRE-13,309118,,NULL,2023-01-13 00:00:00.000,NULL,NULL,NULL,0,NULL,NULL
1614,200902034149,2020-09-02,NULL,01208-COMP-WORK-ICT-PTRE-14,205009,Workstation dibawa ke rumah,NULL,2020-09-02 00:00:00.000,NULL,NULL,NULL,0,NULL,NULL
1615,200912120456,2020-09-12,NULL,02069-COMP-NB-ICT-PTRE-20,134442,Asset Recon,NULL,2020-09-12 00:00:00.000,NULL,NULL,NULL,0,NULL,NULL
1624,200921011417,2020-09-21,NULL,2062 PERP-MMD-ICT-PTRE-20,053573,NULL,NULL,2020-09-21 00:00:00.000,NULL,NULL,NULL,0,NULL,NULL
1628,200924015156,2020-09-24,NULL,2055 PERP-NETW-ICT-PTRE-20,053573,NULL,NULL,2020-09-24 00:00:00.000,NULL,NULL,NULL,0,NULL,NULL
1629,200924015213,2020-09-24,NULL,2054 PERP-NETW-ICT-PTRE-20,053573,NULL,NULL,2020-09-24 00:00:00.000,NULL,NULL,NULL,0,NULL,NULL
1630,200924015231,2020-09-24,NULL,2053 PERP-NETW-ICT-PTRE-20,053573,NULL,NULL,2020-09-24 00:00:00.000,NULL,NULL,NULL,0,NULL,NULL
1631,200924015306,2020-09-24,NULL,2052 PERP-NETW-ICT-PTRE-20,053573,NULL,NULL,2020-09-24 00:00:00.000,NULL,NULL,NULL,0,NULL,NULL
1632,200924015325,2020-09-24,NULL,2051 PERP-NETW-ICT-PTRE-20,053573,NULL,NULL,2020-09-24 00:00:00.000,NULL,NULL,NULL,0,NULL,NULL
1633,200924015343,2020-09-24,NULL,2050 PERP-NETW-ICT-PTRE-20,053573,NULL,NULL,2020-09-24 00:00:00.000,NULL,NULL,NULL,0,NULL,NULL
1634,200924015359,2020-09-24,NULL,2049 PERP-NETW-ICT-PTRE-20,053573,NULL,NULL,2020-09-24 00:00:00.000,NULL,NULL,NULL,0,NULL,NULL
1635,200924015742,2020-09-24,NULL,2048 MON-LCD-ICT-PTRE-20,053573,NULL,NULL,2020-09-24 00:00:00.000,NULL,NULL,NULL,0,NULL,NULL
1636,200924015754,2020-09-24,NULL,2047 MON-LCD-ICT-PTRE-20,053573,NULL,NULL,2020-09-24 00:00:00.000,NULL,NULL,NULL,0,NULL,NULL
1637,200924015810,2020-09-24,NULL,2046 MON-LCD-ICT-PTRE-20,053573,NULL,NULL,2020-09-24 00:00:00.000,NULL,NULL,NULL,0,NULL,NULL
1638,200924015828,2020-09-24,NULL,2045 MON-LCD-ICT-PTRE-20,053573,NULL,NULL,2020-09-24 00:00:00.000,NULL,NULL,NULL,0,NULL,NULL
1639,200924015846,2020-09-24,NULL,2044 MON-LCD-ICT-PTRE-20,053573,NULL,NULL,2020-09-24 00:00:00.000,NULL,NULL,NULL,0,NULL,NULL
1640,200924015902,2020-09-24,NULL,2042 MON-LCD-ICT-PTRE-20,053573,NULL,NULL,2020-09-24 00:00:00.000,NULL,NULL,NULL,0,NULL,NULL
1641,200924015918,2020-09-24,NULL,2043 MON-LCD-ICT-PTRE-20,053573,NULL,NULL,2020-09-24 00:00:00.000,NULL,NULL,NULL,0,NULL,NULL
1642,200924020010,2020-09-24,NULL,2041 MON-LCD-ICT-PTRE-20,053573,NULL,NULL,2020-09-24 00:00:00.000,NULL,NULL,NULL,0,NULL,NULL
1643,200924020122,2020-09-24,NULL,2039 MON-LCD-ICT-PTRE-20,204947,NULL,NULL,2020-09-24 00:00:00.000,NULL,NULL,NULL,0,NULL,NULL
1644,200924020245,2020-09-24,NULL,2035 MON-LCD-ICT-PTRE-20,194872,NULL,NULL,2020-09-24 00:00:00.000,NULL,NULL,NULL,0,NULL,NULL
1645,200924020343,2020-09-24,NULL,2037 MON-LCD-ICT-PTRE-20,053573,NULL,NULL,2020-09-24 00:00:00.000,NULL,NULL,NULL,0,NULL,NULL
1646,200924020414,2020-09-24,NULL,2037 MON-LCD-ICT-PTRE-20,194839,NULL,NULL,2020-09-24 00:00:00.000,NULL,NULL,NULL,0,NULL,NULL
1647,200924024634,2020-09-24,NULL,2033 MON-LCD-ICT-PTRE-20,194788,NULL,NULL,2020-09-24 00:00:00.000,NULL,NULL,NULL,0,NULL,NULL
1648,200924024745,2020-09-24,NULL,2031 MON-LCD-ICT-PTRE-20,194782,NULL,NULL,2020-09-24 00:00:00.000,NULL,NULL,NULL,0,NULL,NULL
1649,200924024811,2020-09-24,NULL,2029 MON-LCD-ICT-PTRE-20,204946,NULL,NULL,2020-09-24 00:00:00.000,NULL,NULL,NULL,0,NULL,NULL
1650,200924033000,2020-09-24,NULL,2026 COMP-NB-ICT-PTRE-20,053573,NULL,NULL,2020-09-24 00:00:00.000,NULL,NULL,NULL,0,NULL,NULL
1651,200924033110,2020-09-24,NULL,02020 COMP-SVR-ICT-PTRE-19,053573,NULL,NULL,2020-09-24 00:00:00.000,NULL,NULL,NULL,0,NULL,NULL
1652,200924033123,2020-09-24,NULL,02018 PERP-NETW-ICT-PTRE-19,053573,NULL,NULL,2020-09-24 00:00:00.000,NULL,NULL,NULL,0,NULL,NULL
1653,200924033143,2020-09-24,NULL,02017 PERP-NETW-ICT-PTRE-19,053573,NULL,NULL,2020-09-24 00:00:00.000,NULL,NULL,NULL,0,NULL,NULL
1663,200924044743,2020-09-24,NULL,02008 MON-LCD-ICT-PTRE-19,053573,NULL,NULL,2020-09-24 00:00:00.000,NULL,NULL,NULL,0,NULL,NULL
1664,200924044759,2020-09-24,NULL,02007 MON-LCD-ICT-PTRE-19,053573,NULL,NULL,2020-09-24 00:00:00.000,NULL,NULL,NULL,0,NULL,NULL
1665,200924044813,2020-09-24,NULL,02006 MON-LCD-ICT-PTRE-19,053573,NULL,NULL,2020-09-24 00:00:00.000,NULL,NULL,NULL,0,NULL,NULL
1666,200924044837,2020-09-24,NULL,02005 MON-LCD-ICT-PTRE-19,053573,NULL,NULL,2020-09-24 00:00:00.000,NULL,NULL,NULL,0,NULL,NULL
1667,200924044857,2020-09-24,NULL,02004 MON-LCD-ICT-PTRE-19,053573,NULL,NULL,2020-09-24 00:00:00.000,NULL,NULL,NULL,0,NULL,NULL
1668,200924044914,2020-09-24,NULL,02003 MON-LCD-ICT-PTRE-19,053573,NULL,NULL,2020-09-24 00:00:00.000,NULL,NULL,NULL,0,NULL,NULL
1669,200924044934,2020-09-24,NULL,02002 MON-LCD-ICT-PTRE-19,053573,NULL,NULL,2020-09-24 00:00:00.000,NULL,NULL,NULL,0,NULL,NULL
1670,200924044953,2020-09-24,NULL,02001 MON-LCD-ICT-PTRE-19,053573,NULL,NULL,2020-09-24 00:00:00.000,NULL,NULL,NULL,0,NULL,NULL
1671,200924045017,2020-09-24,NULL,02000 MON-LCD-ICT-PTRE-19,053573,NULL,NULL,2020-09-24 00:00:00.000,NULL,NULL,NULL,0,NULL,NULL
1672,200924045034,2020-09-24,NULL,01999 MON-LCD-ICT-PTRE-19,053573,NULL,NULL,2020-09-24 00:00:00.000,NULL,NULL,NULL,0,NULL,NULL
1500,NULL,2020-05-22,2020-09-25,01786 COMP-DSK-ICT-PTRE-19,194815,,NULL,2023-01-13 00:00:00.000,053573,NULL,NULL,0,NULL,NULL
1673,200925110530,2020-09-25,NULL,02368-FUR-LC-CFS-PTRE-14,020036,NULL,NULL,2020-09-25 00:00:00.000,NULL,NULL,NULL,0,NULL,NULL
1674,201002091707,2020-10-02,NULL,01013-ACC-TL-CFS-PTRE-12,124325,NULL,NULL,2020-10-02 00:00:00.000,NULL,NULL,NULL,0,NULL,NULL
1257,NULL,2020-05-22,2020-10-08,01344-COMP-DESK-ICT-PTRE-15,110018,,NULL,2023-01-11 00:00:00.000,053573,NULL,NULL,0,NULL,NULL
1675,201016051304,2020-10-16,NULL,0015-FUR-KK-CFS-RE-14,184658,NULL,NULL,2020-10-16 00:00:00.000,NULL,NULL,NULL,0,NULL,NULL
1676,201016051558,2020-10-16,NULL,0079-FUR-KK-CFS-PTRE-14,308618,NULL,NULL,2020-10-16 00:00:00.000,NULL,NULL,NULL,1,130090,2020-10-16 17:16:14.000
1677,201016051619,2020-10-16,NULL,0079-FUR-KK-CFS-PTRE-14,308618,NULL,NULL,2020-10-16 00:00:00.000,NULL,NULL,NULL,1,130090,2020-10-16 17:30:30.000
1678,201016051656,2020-10-16,NULL,0045-FUR-KK-CFS-PTRE-14,083914,NULL,NULL,2020-10-16 00:00:00.000,NULL,NULL,NULL,1,130090,2020-10-16 17:17:23.000
1679,201016051711,2020-10-16,NULL,0045-FUR-KK-CFS-PTRE-14,083914,NULL,NULL,2020-10-16 00:00:00.000,NULL,NULL,NULL,1,130090,2020-10-16 17:17:29.000
1680,201016051748,2020-10-16,NULL,0045-FUR-KK-CFS-PTRE-14,083914,NULL,NULL,2020-10-16 00:00:00.000,NULL,NULL,NULL,0,NULL,NULL
1681,201016051818,2020-10-16,NULL,0028-FUR-KK-CFS-RE-14,124293,NULL,NULL,2020-10-16 00:00:00.000,NULL,NULL,NULL,0,NULL,NULL
1682,201016051858,2020-10-16,NULL,0021-FUR-KK-CFS-RE-14,073749,NULL,NULL,2020-10-16 00:00:00.000,NULL,NULL,NULL,0,NULL,NULL
1683,201016051943,2020-10-16,NULL,0012-FUR-KK-CFS-RE-14,033031,NULL,NULL,2020-10-16 00:00:00.000,NULL,NULL,NULL,0,NULL,NULL
1684,201016052050,2020-10-16,NULL,0031-FUR-KK-CFS-RE-14,308418,NULL,NULL,2020-10-16 00:00:00.000,NULL,NULL,NULL,0,NULL,NULL
1685,201016052124,2020-10-16,NULL,0014-FUR-KK-CFS-PTRE-14,073752,NULL,NULL,2020-10-16 00:00:00.000,NULL,NULL,NULL,0,NULL,NULL
1686,201016052253,2020-10-16,NULL,0038-FUR-KK-CFS-RE-14,063614,NULL,NULL,2020-10-16 00:00:00.000,NULL,NULL,NULL,0,NULL,NULL
1687,201016052458,2020-10-16,NULL,0009-FUR-KK-CFS-RE-14,316618,NULL,NULL,2020-10-16 00:00:00.000,NULL,NULL,NULL,0,NULL,NULL
1688,201016053024,2020-10-16,NULL,0079-FUR-KK-CFS-PTRE-14,023224,NULL,NULL,2020-10-16 00:00:00.000,NULL,NULL,NULL,1,130090,2020-10-19 15:34:35.000
1689,201016054130,2020-10-16,NULL,0035-FUR-KK-CFS-RE-14,184676,NULL,NULL,2020-10-16 00:00:00.000,NULL,NULL,NULL,0,NULL,NULL
1690,201016054300,2020-10-16,NULL,01677-FUR-KK-CFS-PTRE-14,083933,NULL,NULL,2020-10-16 00:00:00.000,NULL,NULL,NULL,0,NULL,NULL
1691,201016054329,2020-10-16,NULL,01676-FUR-KK-CFS-PTRE-14,094062,NULL,NULL,2020-10-16 00:00:00.000,NULL,NULL,NULL,0,NULL,NULL
1869,201019033449,2020-10-16,NULL,0079-FUR-KK-CFS-PTRE-14,104094,NULL,NULL,2020-10-19 00:00:00.000,NULL,NULL,NULL,0,NULL,NULL
1692,201019090058,2020-10-19,NULL,01041-FUR-MK-CFS-PTRE-14,114200,NULL,NULL,2020-10-19 00:00:00.000,NULL,NULL,NULL,0,NULL,NULL
1693,201019091039,2020-10-19,NULL,01043-FUR-MK-CFS-PTRE-14,311618,NULL,NULL,2020-10-19 00:00:00.000,NULL,NULL,NULL,0,NULL,NULL
1694,201019091112,2020-10-19,NULL,01045-FUR-MK-CFS-PTRE-14,194779,NULL,NULL,2020-10-19 00:00:00.000,NULL,NULL,NULL,0,NULL,NULL
1695,201019091219,2020-10-19,NULL,01047-FUR-MK-CFS-PTRE-14,124299,NULL,NULL,2020-10-19 00:00:00.000,NULL,NULL,NULL,0,NULL,NULL
1696,201019091554,2020-10-19,NULL,01048-FUR-MK-CFS-PTRE-14,304217,NULL,NULL,2020-10-19 00:00:00.000,NULL,NULL,NULL,1,130090,2020-10-19 09:28:34.000
1697,201019091742,2020-10-19,NULL,01042-FUR-MK-CFS-PTRE-14,194849,NULL,NULL,2020-10-19 00:00:00.000,NULL,NULL,NULL,0,NULL,NULL
1698,201019091927,2020-10-19,NULL,01049-FUR-MK-CFS-PTRE-14,194822,NULL,NULL,2020-10-19 00:00:00.000,NULL,NULL,NULL,0,NULL,NULL
1699,201019092003,2020-10-19,NULL,01054-FUR-MK-CFS-PTRE-14,194759,NULL,NULL,2020-10-19 00:00:00.000,NULL,NULL,NULL,1,130090,2020-10-19 09:45:06.000
1700,201019092056,2020-10-19,NULL,01056-FUR-MK-CFS-PTRE-14,194815,NULL,NULL,2020-10-19 00:00:00.000,NULL,NULL,NULL,0,NULL,NULL
1701,201019092129,2020-10-19,NULL,01057-FUR-MK-CFS-PTRE-14,104154,NULL,NULL,2020-10-19 00:00:00.000,NULL,NULL,NULL,0,NULL,NULL
1702,201019092506,2020-10-19,NULL,01059-FUR-MK-CFS-PTRE-14,194821,NULL,NULL,2020-10-19 00:00:00.000,NULL,NULL,NULL,0,NULL,NULL
1703,201019092722,2020-10-19,NULL,01063-FUR-MK-CFS-PTRE-14,124281,NULL,NULL,2020-10-19 00:00:00.000,NULL,NULL,NULL,0,NULL,NULL
1704,201019092825,2020-10-19,NULL,01048-FUR-MK-CFS-PTRE-14,310718,NULL,NULL,2020-10-19 00:00:00.000,NULL,NULL,NULL,0,NULL,NULL
1705,201019093151,2020-10-19,NULL,01064-FUR-MK-CFS-PTRE-14,194869,NULL,NULL,2020-10-19 00:00:00.000,NULL,NULL,NULL,0,NULL,NULL
1706,201019093217,2020-10-19,NULL,01065-FUR-MK-CFS-PTRE-14,033232,NULL,NULL,2020-10-19 00:00:00.000,NULL,NULL,NULL,0,NULL,NULL
1707,201019093240,2020-10-19,NULL,01066-FUR-MK-CFS-PTRE-14,033043,NULL,NULL,2020-10-19 00:00:00.000,NULL,NULL,NULL,0,NULL,NULL
1708,201019093305,2020-10-19,NULL,01067-FUR-MK-CFS-PTRE-14,194901,NULL,NULL,2020-10-19 00:00:00.000,NULL,NULL,NULL,0,NULL,NULL
1709,201019093402,2020-10-19,NULL,01069-FUR-MK-CFS-PTRE-14,194710,NULL,NULL,2020-10-19 00:00:00.000,NULL,NULL,NULL,0,NULL,NULL
1710,201019093519,2020-10-19,NULL,01070-FUR-MK-CFS-PTRE-14,053527,NULL,NULL,2020-10-19 00:00:00.000,NULL,NULL,NULL,0,NULL,NULL
1711,201019093626,2020-10-19,NULL,01071-FUR-MK-CFS-PTRE-14,073770,NULL,NULL,2020-10-19 00:00:00.000,NULL,NULL,NULL,0,NULL,NULL
1712,201019093859,2020-10-19,NULL,01039-FUR-MK-CFS-PTRE-14,194737,NULL,NULL,2020-10-19 00:00:00.000,NULL,NULL,NULL,0,NULL,NULL
1713,201019094103,2020-10-19,NULL,01044-FUR-MK-CFS-PTRE-14,134408,NULL,NULL,2020-10-19 00:00:00.000,NULL,NULL,NULL,0,NULL,NULL
1714,201019094243,2020-10-19,NULL,01046-FUR-MK-CFS-PTRE-14,114229,NULL,NULL,2020-10-19 00:00:00.000,NULL,NULL,NULL,0,NULL,NULL
1715,201019094414,2020-10-19,NULL,01053-FUR-MK-CFS-PTRE-14,124271,NULL,NULL,2020-10-19 00:00:00.000,NULL,NULL,NULL,1,130090,2020-10-19 09:44:38.000
1716,201019094446,2020-10-19,NULL,01053-FUR-MK-CFS-PTRE-14,194759,NULL,NULL,2020-10-19 00:00:00.000,NULL,NULL,NULL,0,NULL,NULL
1717,201019094516,2020-10-19,NULL,01054-FUR-MK-CFS-PTRE-14,124271,NULL,NULL,2020-10-19 00:00:00.000,NULL,NULL,NULL,0,NULL,NULL
1718,201019094648,2020-10-19,NULL,01051-FUR-MK-CFS-PTRE-14,134460,NULL,NULL,2020-10-19 00:00:00.000,NULL,NULL,NULL,0,NULL,NULL
1719,201019095131,2020-10-19,NULL,01068-FUR-MK-CFS-PTRE-14,314818,NULL,NULL,2020-10-19 00:00:00.000,NULL,NULL,NULL,0,NULL,NULL
1720,201019100602,2020-10-19,NULL,00204-FUR-KK-CFS-PTRE-14,194737,NULL,NULL,2020-10-19 00:00:00.000,NULL,NULL,NULL,0,NULL,NULL
1721,201019100647,2020-10-19,NULL,00223-FUR-KK-CFS-PTRE-14,114200,NULL,NULL,2020-10-19 00:00:00.000,NULL,NULL,NULL,0,NULL,NULL
1722,201019100802,2020-10-19,NULL,00339-FUR-MK-CFS-PTRE-12,194849,NULL,NULL,2020-10-19 00:00:00.000,NULL,NULL,NULL,0,NULL,NULL
1723,201019100837,2020-10-19,NULL,00217-FUR-KK-CFS-PTRE-14,311618,NULL,NULL,2020-10-19 00:00:00.000,NULL,NULL,NULL,0,NULL,NULL
1724,201019100904,2020-10-19,NULL,00218-FUR-KK-CFS-PTRE-14,134408,NULL,NULL,2020-10-19 00:00:00.000,NULL,NULL,NULL,0,NULL,NULL
1725,201019100930,2020-10-19,NULL,00233-ACC-PH-CFS-PTRE-14,194779,NULL,NULL,2020-10-19 00:00:00.000,NULL,NULL,NULL,0,NULL,NULL
1726,201019100959,2020-10-19,NULL,00216-FUR-KK-L-CFS-PTRE-14,114229,NULL,NULL,2020-10-19 00:00:00.000,NULL,NULL,NULL,0,NULL,NULL
1727,201019101040,2020-10-19,NULL,00225-FUR-KK-CFS-PTRE-14,124299,NULL,NULL,2020-10-19 00:00:00.000,NULL,NULL,NULL,0,NULL,NULL
1728,201019101112,2020-10-19,NULL,00232-FUR-KK-CFS-PTRE-14,310718,NULL,NULL,2020-10-19 00:00:00.000,NULL,NULL,NULL,0,NULL,NULL
1729,201019101141,2020-10-19,NULL,00211-FUR-KK-CFS-PTRE-14,194822,NULL,NULL,2020-10-19 00:00:00.000,NULL,NULL,NULL,0,NULL,NULL
1730,201019101226,2020-10-19,NULL,00208-FUR-KK-CFS-PTRE-14,134460,NULL,NULL,2020-10-19 00:00:00.000,NULL,NULL,NULL,0,NULL,NULL
1731,201019101302,2020-10-19,NULL,00213-FUR-KK--CFS-PTRE-14,124271,NULL,NULL,2020-10-19 00:00:00.000,NULL,NULL,NULL,0,NULL,NULL
1732,201019101346,2020-10-19,NULL,00229-FUR-KK-CFS-PTRE-14,194759,NULL,NULL,2020-10-19 00:00:00.000,NULL,NULL,NULL,0,NULL,NULL
1733,201019101522,2020-10-19,NULL,00209-FUR-KK-CFS-PTRE-14,194815,NULL,NULL,2020-10-19 00:00:00.000,NULL,NULL,NULL,0,NULL,NULL
1734,201019101620,2020-10-19,NULL,00220-FUR-KK-CFS-PTRE-14,134457,NULL,NULL,2020-10-19 00:00:00.000,NULL,NULL,NULL,0,NULL,NULL
1735,201019101722,2020-10-19,NULL,00224-FUR-KK-CFS-PTRE-14,104154,NULL,NULL,2020-10-19 00:00:00.000,NULL,NULL,NULL,0,NULL,NULL
1736,201019101757,2020-10-19,NULL,00212-FUR-KK-CFS-PTRE-14,194755,NULL,NULL,2020-10-19 00:00:00.000,NULL,NULL,NULL,0,NULL,NULL
1737,201019101831,2020-10-19,NULL,00234-FUR-KK-CFS-PTRE-14,194821,NULL,NULL,2020-10-19 00:00:00.000,NULL,NULL,NULL,0,NULL,NULL
1738,201019101911,2020-10-19,NULL,00231-FUR-KK-CFS-PTRE-14,194869,NULL,NULL,2020-10-19 00:00:00.000,NULL,NULL,NULL,0,NULL,NULL
1739,201019101937,2020-10-19,NULL,00222-FUR-KK-CFS-PTRE-14,033232,NULL,NULL,2020-10-19 00:00:00.000,NULL,NULL,NULL,0,NULL,NULL
1740,201019102015,2020-10-19,NULL,00230-FUR-KK-CFS-PTRE-14,033043,NULL,NULL,2020-10-19 00:00:00.000,NULL,NULL,NULL,0,NULL,NULL
1741,201019102047,2020-10-19,NULL,00227-FUR-KK-CFS-PTRE-14,194901,NULL,NULL,2020-10-19 00:00:00.000,NULL,NULL,NULL,0,NULL,NULL
1742,201019102110,2020-10-19,NULL,00226-FUR-KK-CFS-PTRE-14,314818,NULL,NULL,2020-10-19 00:00:00.000,NULL,NULL,NULL,0,NULL,NULL
1743,201019102144,2020-10-19,NULL,00202-FUR-KK-CFS-PTRE-14,194710,NULL,NULL,2020-10-19 00:00:00.000,NULL,NULL,NULL,0,NULL,NULL
1744,201019102225,2020-10-19,NULL,00221-FUR-KK-CFS-PTRE-14,053527,NULL,NULL,2020-10-19 00:00:00.000,NULL,NULL,NULL,0,NULL,NULL
1745,201019102251,2020-10-19,NULL,00206-FUR-KK-CFS-PTRE-14,073770,NULL,NULL,2020-10-19 00:00:00.000,NULL,NULL,NULL,0,NULL,NULL
1746,201019102404,2020-10-19,NULL,01612-FUR-LC-CFS-PTRE-13,194737,NULL,NULL,2020-10-19 00:00:00.000,NULL,NULL,NULL,0,NULL,NULL
1747,201019102505,2020-10-19,NULL,01587-FUR-LC-CFS-PTRE-13,194849,NULL,NULL,2020-10-19 00:00:00.000,NULL,NULL,NULL,0,NULL,NULL
1748,201019102530,2020-10-19,NULL,01334-FUR-KK-CFS-PTRE-13,311618,NULL,NULL,2020-10-19 00:00:00.000,NULL,NULL,NULL,0,NULL,NULL
1749,201019102554,2020-10-19,NULL,01614-FUR-MK-CFS-PTRE-13,134408,NULL,NULL,2020-10-19 00:00:00.000,NULL,NULL,NULL,0,NULL,NULL
1750,201019102656,2020-10-19,NULL,01591-FUR-LC-CFS-PTRE-13,114229,NULL,NULL,2020-10-19 00:00:00.000,NULL,NULL,NULL,0,NULL,NULL
1751,201019102726,2020-10-19,NULL,01580-FUR-LC-CFS-PTRE-13,124299,NULL,NULL,2020-10-19 00:00:00.000,NULL,NULL,NULL,0,NULL,NULL
1752,201019102747,2020-10-19,NULL,01594-FUR-LC-CFS-PTRE-13,310718,NULL,NULL,2020-10-19 00:00:00.000,NULL,NULL,NULL,0,NULL,NULL
1753,201019102816,2020-10-19,NULL,01592-FUR-LC-CFS-PTRE-13,194822,NULL,NULL,2020-10-19 00:00:00.000,NULL,NULL,NULL,0,NULL,NULL
1754,201019102900,2020-10-19,NULL,01596-FUR-LC-CFS-PTRE-13,134457,NULL,NULL,2020-10-19 00:00:00.000,NULL,NULL,NULL,0,NULL,NULL
1755,201019102924,2020-10-19,NULL,01582-FUR-LC-CFS-PTRE-13,134460,NULL,NULL,2020-10-19 00:00:00.000,NULL,NULL,NULL,0,NULL,NULL
1756,201019103017,2020-10-19,NULL,01581-FUR-LC-CFS-PTRE-13,194759,NULL,NULL,2020-10-19 00:00:00.000,NULL,NULL,NULL,0,NULL,NULL
1757,201019103042,2020-10-19,NULL,01605-FUR-LC-CFS-PTRE-13,124271,NULL,NULL,2020-10-19 00:00:00.000,NULL,NULL,NULL,0,NULL,NULL
1758,201019103304,2020-10-19,NULL,01589-FUR-LC-CFS-PTRE-13,194815,NULL,NULL,2020-10-19 00:00:00.000,NULL,NULL,NULL,0,NULL,NULL
1759,201019103333,2020-10-19,NULL,01603-FUR-LC-CFS-PTRE-13,104154,NULL,NULL,2020-10-19 00:00:00.000,NULL,NULL,NULL,0,NULL,NULL
1760,201019103401,2020-10-19,NULL,01606-FUR-LC-CFS-PTRE-13,194755,NULL,NULL,2020-10-19 00:00:00.000,NULL,NULL,NULL,0,NULL,NULL
1761,201019103435,2020-10-19,NULL,01610-FUR-LC-CFS-PTRE-13,194821,NULL,NULL,2020-10-19 00:00:00.000,NULL,NULL,NULL,0,NULL,NULL
1762,201019103500,2020-10-19,NULL,01600-FUR-LC-CFS-PTRE-13,194869,NULL,NULL,2020-10-19 00:00:00.000,NULL,NULL,NULL,0,NULL,NULL
1763,201019103525,2020-10-19,NULL,01608-FUR-LC-CFS-PTRE-13,033232,NULL,NULL,2020-10-19 00:00:00.000,NULL,NULL,NULL,0,NULL,NULL
1764,201019103550,2020-10-19,NULL,01609-FUR-LC-CFS-PTRE-13,033043,NULL,NULL,2020-10-19 00:00:00.000,NULL,NULL,NULL,0,NULL,NULL
1765,201019103613,2020-10-19,NULL,01579-FUR-LC-CFS-PTRE-13,194901,NULL,NULL,2020-10-19 00:00:00.000,NULL,NULL,NULL,0,NULL,NULL
1766,201019103657,2020-10-19,NULL,01613-FUR-LC-CFS-PTRE-13,314818,NULL,NULL,2020-10-19 00:00:00.000,NULL,NULL,NULL,0,NULL,NULL
1767,201019103724,2020-10-19,NULL,01597-FUR-LC-CFS-PTRE-13,194710,NULL,NULL,2020-10-19 00:00:00.000,NULL,NULL,NULL,0,NULL,NULL
1768,201019103803,2020-10-19,NULL,01907-FUR-LC-CFS-PTRE-13,053527,NULL,NULL,2020-10-19 00:00:00.000,NULL,NULL,NULL,0,NULL,NULL
1769,201019103832,2020-10-19,NULL,01601-FUR-LC-CFS-PTRE-13,073770,NULL,NULL,2020-10-19 00:00:00.000,NULL,NULL,NULL,0,NULL,NULL
1770,201019103855,2020-10-19,NULL,01595-FUR-LC-CFS-PTRE-13,124281,NULL,NULL,2020-10-19 00:00:00.000,NULL,NULL,NULL,0,NULL,NULL
1771,201019105139,2020-10-19,NULL,01169-FUR-MK-CFS-PTRE-13,302616,NULL,NULL,2020-10-19 00:00:00.000,NULL,NULL,NULL,0,NULL,NULL
1772,201019105316,2020-10-19,NULL,00795-FUR-MK-CFS-PTRE-13,184658,NULL,NULL,2020-10-19 00:00:00.000,NULL,NULL,NULL,0,NULL,NULL
1773,201019105401,2020-10-19,NULL,00796-FUR-MK-CFS-PTRE-13,124293,NULL,NULL,2020-10-19 00:00:00.000,NULL,NULL,NULL,0,NULL,NULL
1774,201019105437,2020-10-19,NULL,00797-FUR-MK-CFS-PTRE-13,073749,NULL,NULL,2020-10-19 00:00:00.000,NULL,NULL,NULL,0,NULL,NULL
1775,201019105515,2020-10-19,NULL,00798-FUR-MK-CFS-PTRE-13,033031,NULL,NULL,2020-10-19 00:00:00.000,NULL,NULL,NULL,0,NULL,NULL
1776,201019105612,2020-10-19,NULL,00799-FUR-MK-CFS-PTRE-16,308418,NULL,NULL,2020-10-19 00:00:00.000,NULL,NULL,NULL,0,NULL,NULL
1777,201019105652,2020-10-19,NULL,0800-FUR-MK-CFS-RE-13,316618,NULL,NULL,2020-10-19 00:00:00.000,NULL,NULL,NULL,0,NULL,NULL
1778,201019105730,2020-10-19,NULL,00801-FUR-MK-CFS-PTRE-13,120037,NULL,NULL,2020-10-19 00:00:00.000,NULL,NULL,NULL,0,NULL,NULL
1779,201019105835,2020-10-19,NULL,00802-FUR-MK-CFS-PTRE-13,302117,NULL,NULL,2020-10-19 00:00:00.000,NULL,NULL,NULL,0,NULL,NULL
1780,201019110324,2020-10-19,NULL,00803-FUR-MK-CFS-PTRE-13,104142,NULL,NULL,2020-10-19 00:00:00.000,NULL,NULL,NULL,0,NULL,NULL
1781,201019110404,2020-10-19,NULL,00804-FUR-MK-CFS-PTRE-13,124252,NULL,NULL,2020-10-19 00:00:00.000,NULL,NULL,NULL,0,NULL,NULL
1782,201019110425,2020-10-19,NULL,00805-FUR-MK-CFS-PTRE-13,104136,NULL,NULL,2020-10-19 00:00:00.000,NULL,NULL,NULL,0,NULL,NULL
1783,201019110658,2020-10-19,NULL,00806-FUR-MK-CFS-PTRE-13,104160,NULL,NULL,2020-10-19 00:00:00.000,NULL,NULL,NULL,0,NULL,NULL
1784,201019110733,2020-10-19,NULL,00807-FUR-MK-CFS-PTRE-13,315918,NULL,NULL,2020-10-19 00:00:00.000,NULL,NULL,NULL,0,NULL,NULL
1785,201019110743,2020-10-19,NULL,00807-FUR-MK-CFS-PTRE-13,315918,NULL,NULL,2020-10-19 00:00:00.000,NULL,NULL,NULL,0,NULL,NULL
1786,201019110816,2020-10-19,NULL,00808-FUR-MK-CFS-PTRE-13,073815,NULL,NULL,2020-10-19 00:00:00.000,NULL,NULL,NULL,0,NULL,NULL
1787,201019110843,2020-10-19,NULL,00809-FUR-MK-CFS-PTRE-13,114212,NULL,NULL,2020-10-19 00:00:00.000,NULL,NULL,NULL,0,NULL,NULL
1788,201019111042,2020-10-19,NULL,00810-FUR-MK-CFS-PTRE-13,316518,NULL,NULL,2020-10-19 00:00:00.000,NULL,NULL,NULL,0,NULL,NULL
1789,201019111153,2020-10-19,NULL,00811-FUR-MK-CFS-PTRE-13,184695,NULL,NULL,2020-10-19 00:00:00.000,NULL,NULL,NULL,0,NULL,NULL
1790,201019111727,2020-10-19,NULL,00812-FUR-MK-CFS-PTRE-13,194723,NULL,NULL,2020-10-19 00:00:00.000,NULL,NULL,NULL,0,NULL,NULL
1791,201019111757,2020-10-19,NULL,00813-FUR-MK-CFS-PTRE-13,300319,NULL,NULL,2020-10-19 00:00:00.000,NULL,NULL,NULL,0,NULL,NULL
1792,201019111840,2020-10-19,NULL,00814-FUR-MK-CFS-PTRE-13,184647,NULL,NULL,2020-10-19 00:00:00.000,NULL,NULL,NULL,0,NULL,NULL
1793,201019112015,2020-10-19,NULL,00815-FUR-MK-CFS-PTRE-13,194774,NULL,NULL,2020-10-19 00:00:00.000,NULL,NULL,NULL,0,NULL,NULL
1794,201019112045,2020-10-19,NULL,00816-FUR-MK-CFS-PTRE-13,194826,NULL,NULL,2020-10-19 00:00:00.000,NULL,NULL,NULL,0,NULL,NULL
1795,201019112149,2020-10-19,NULL,00817-FUR-MK-CFS-PTRE-13,130083,NULL,NULL,2020-10-19 00:00:00.000,NULL,NULL,NULL,0,NULL,NULL
1796,201019112222,2020-10-19,NULL,00818-FUR-MK-CFS-PTRE-13,194867,NULL,NULL,2020-10-19 00:00:00.000,NULL,NULL,NULL,0,NULL,NULL
1797,201019112244,2020-10-19,NULL,00819-FUR-MK-CFS-PTRE-13,306817,NULL,NULL,2020-10-19 00:00:00.000,NULL,NULL,NULL,0,NULL,NULL
1798,201019112313,2020-10-19,NULL,00820-FUR-MK-CFS-PTRE-13,306817,NULL,NULL,2020-10-19 00:00:00.000,NULL,NULL,NULL,0,NULL,NULL
1799,201019112352,2020-10-19,NULL,00821-FUR-MK-CFS-PTRE-13,194777,NULL,NULL,2020-10-19 00:00:00.000,NULL,NULL,NULL,0,NULL,NULL
1800,201019010929,2020-10-19,NULL,01343-FUR-LC-CFS-PTRE-13,302616,NULL,NULL,2020-10-19 00:00:00.000,NULL,NULL,NULL,0,NULL,NULL
1801,201019011054,2020-10-19,NULL,01340-FUR-LC-CFS-PTRE-13,184658,NULL,NULL,2020-10-19 00:00:00.000,NULL,NULL,NULL,0,NULL,NULL
1802,201019011224,2020-10-19,NULL,01338-FUR-LC-CFS-PTRE-13,300319,NULL,NULL,2020-10-19 00:00:00.000,NULL,NULL,NULL,0,NULL,NULL
1803,201019011506,2020-10-19,NULL,01337-FUR-LC-CFS-PTRE-13,194774,NULL,NULL,2020-10-19 00:00:00.000,NULL,NULL,NULL,0,NULL,NULL
1804,201019011556,2020-10-19,NULL,01478-FUR-LC-CFS-PTRE-13,114212,NULL,NULL,2020-10-19 00:00:00.000,NULL,NULL,NULL,0,NULL,NULL
1805,201019011617,2020-10-19,NULL,01342-FUR-LC-CFS-PTRE-13,124293,NULL,NULL,2020-10-19 00:00:00.000,NULL,NULL,NULL,0,NULL,NULL
1806,201019011716,2020-10-19,NULL,01353-FUR-LC-CFS-PTRE-13,194824,NULL,NULL,2020-10-19 00:00:00.000,NULL,NULL,NULL,0,NULL,NULL
1807,201019011739,2020-10-19,NULL,01351-FUR-LC-CFS-PTRE-13,104160,NULL,NULL,2020-10-19 00:00:00.000,NULL,NULL,NULL,0,NULL,NULL
1808,201019011934,2020-10-19,NULL,01344-FUR-LC-CFS-PTRE-13,033031,NULL,NULL,2020-10-19 00:00:00.000,NULL,NULL,NULL,0,NULL,NULL
1809,201019012015,2020-10-19,NULL,01336-FUR-LC-CFS-PTRE-13,194867,NULL,NULL,2020-10-19 00:00:00.000,NULL,NULL,NULL,0,NULL,NULL
1810,201019012055,2020-10-19,NULL,01349-FUR-LC-CFS-PTRE-13,315918,NULL,NULL,2020-10-19 00:00:00.000,NULL,NULL,NULL,0,NULL,NULL
1811,201019012202,2020-10-19,NULL,01339-FUR-LC-CFS-PTRE-13,023058,NULL,NULL,2020-10-19 00:00:00.000,NULL,NULL,NULL,1,130090,2020-10-19 13:22:33.000
1812,201019012245,2020-10-19,NULL,01339-FUR-LC-CFS-PTRE-13,124252,NULL,NULL,2020-10-19 00:00:00.000,NULL,NULL,NULL,0,NULL,NULL
1813,201019012434,2020-10-19,NULL,01348-FUR-LC-CFS-PTRE-13,194803,NULL,NULL,2020-10-19 00:00:00.000,NULL,NULL,NULL,0,NULL,NULL
1814,201019012603,2020-10-19,NULL,01352-FUR-LC-CFS-PTRE-13,316618,NULL,NULL,2020-10-19 00:00:00.000,NULL,NULL,NULL,0,NULL,NULL
1815,201019012654,2020-10-19,NULL,01481-FUR-LC-CFS-PTRE-13,104142,NULL,NULL,2020-10-19 00:00:00.000,NULL,NULL,NULL,0,NULL,NULL
1816,201019012750,2020-10-19,NULL,01360-FUR-LC-CFS-PTRE-13,120037,NULL,NULL,2020-10-19 00:00:00.000,NULL,NULL,NULL,0,NULL,NULL
1817,201019012828,2020-10-19,NULL,01357-FUR-LC-CFS-PTRE-13,104136,NULL,NULL,2020-10-19 00:00:00.000,NULL,NULL,NULL,0,NULL,NULL
1818,201019012834,2020-10-19,NULL,01357-FUR-LC-CFS-PTRE-13,104136,NULL,NULL,2020-10-19 00:00:00.000,NULL,NULL,NULL,0,NULL,NULL
1819,201019012917,2020-10-19,NULL,01433-FUR-LC-CFS-PTRE-13,073749,NULL,NULL,2020-10-19 00:00:00.000,NULL,NULL,NULL,0,NULL,NULL
1820,201019013031,2020-10-19,NULL,01359-FUR-LC-CFS-PTRE-13,194845,NULL,NULL,2020-10-19 00:00:00.000,NULL,NULL,NULL,0,NULL,NULL
1821,201019013237,2020-10-19,NULL,0014-FUR-KK-CFS-RE-14,184658,NULL,NULL,2020-10-19 00:00:00.000,NULL,NULL,NULL,0,NULL,NULL
1822,201019013346,2020-10-19,NULL,0008-FUR-KK-CFS-PTRE-14,073749,NULL,NULL,2020-10-19 00:00:00.000,NULL,NULL,NULL,0,NULL,NULL
1823,201019013427,2020-10-19,NULL,00616-FUR-KK-CFS-PTRE-12,124293,NULL,NULL,2020-10-19 00:00:00.000,NULL,NULL,NULL,0,NULL,NULL
1824,201019013508,2020-10-19,NULL,00617-FUR-KK-CFS-PTRE-12,033031,NULL,NULL,2020-10-19 00:00:00.000,NULL,NULL,NULL,0,NULL,NULL
1825,201019013549,2020-10-19,NULL,00002-FUR-KK-CFS-PTRE-14,308418,NULL,NULL,2020-10-19 00:00:00.000,NULL,NULL,NULL,1,130090,2020-10-19 13:37:34.000
1826,201019014214,2020-10-19,NULL,00022-FUR-KK-CFS-PTRE-14,184695,NULL,NULL,2020-10-19 00:00:00.000,NULL,NULL,NULL,0,NULL,NULL
1827,201019014323,2020-10-19,NULL,00256-FUR-KK-CFS-PTRE-14,194824,NULL,NULL,2020-10-19 00:00:00.000,NULL,NULL,NULL,0,NULL,NULL
1828,201019015527,2020-10-19,NULL,00856-FUR-MK-CFS-PTRE-13,308618,NULL,NULL,2020-10-19 00:00:00.000,NULL,NULL,NULL,0,NULL,NULL
1829,201019015608,2020-10-19,NULL,00857-FUR-MK-CFS-PTRE-13,083914,NULL,NULL,2020-10-19 00:00:00.000,NULL,NULL,NULL,0,NULL,NULL
1830,201019020107,2020-10-19,NULL,00839-FUR-MK-CFS-PTRE-13,073752,NULL,NULL,2020-10-19 00:00:00.000,NULL,NULL,NULL,0,NULL,NULL
1831,201019020149,2020-10-19,NULL,00838-FUR-MK-CFS-PTRE-13,063614,NULL,NULL,2020-10-19 00:00:00.000,NULL,NULL,NULL,0,NULL,NULL
1832,201019020350,2020-10-19,NULL,00836-FUR-MK-CFS-PTRE-13,023224,NULL,NULL,2020-10-19 00:00:00.000,NULL,NULL,NULL,0,NULL,NULL
1833,201019020433,2020-10-19,NULL,00835-FUR-MK-CFS-PTRE-13,184676,NULL,NULL,2020-10-19 00:00:00.000,NULL,NULL,NULL,0,NULL,NULL
1834,201019020531,2020-10-19,NULL,00834-FUR-MK-CFS-PTRE-13,083933,NULL,NULL,2020-10-19 00:00:00.000,NULL,NULL,NULL,0,NULL,NULL
1835,201019020601,2020-10-19,NULL,00833-FUR-MK-CFS-PTRE-13,094062,NULL,NULL,2020-10-19 00:00:00.000,NULL,NULL,NULL,0,NULL,NULL
1836,201019020651,2020-10-19,NULL,00832-FUR-MK-CFS-PTRE-13,300320,NULL,NULL,2020-10-19 00:00:00.000,NULL,NULL,NULL,0,NULL,NULL
1837,201019020731,2020-10-19,NULL,00831-FURMK-CFS-PTRE-13,305217,NULL,NULL,2020-10-19 00:00:00.000,NULL,NULL,NULL,0,NULL,NULL
1838,201019020825,2020-10-19,NULL,00828-FUR-MK-CFS-PTRE-13,303617,NULL,NULL,2020-10-19 00:00:00.000,NULL,NULL,NULL,0,NULL,NULL
1839,201019020851,2020-10-19,NULL,00829-FUR-MK-CFS-PTRE-13,306217,NULL,NULL,2020-10-19 00:00:00.000,NULL,NULL,NULL,0,NULL,NULL
1840,201019020949,2020-10-19,NULL,00830-FUR-MK-CFS-PTRE-13,104094,NULL,NULL,2020-10-19 00:00:00.000,NULL,NULL,NULL,0,NULL,NULL
1841,201019021026,2020-10-19,NULL,00800-FUR-MK-CFS-PTRE-13,114208,NULL,NULL,2020-10-19 00:00:00.000,NULL,NULL,NULL,0,NULL,NULL
1842,201019021049,2020-10-19,NULL,00841-FUR-MK-CFS-PTRE-13,083943,NULL,NULL,2020-10-19 00:00:00.000,NULL,NULL,NULL,0,NULL,NULL
1843,201019021130,2020-10-19,NULL,00842-FUR-MK-CFS-PTRE-13,073833,NULL,NULL,2020-10-19 00:00:00.000,NULL,NULL,NULL,0,NULL,NULL
1844,201019021202,2020-10-19,NULL,00843-FUR-MK-CFS-PTRE-13,083913,NULL,NULL,2020-10-19 00:00:00.000,NULL,NULL,NULL,0,NULL,NULL
1845,201019021238,2020-10-19,NULL,00844-FUR-KK-CFS-PTRE-16,104156,NULL,NULL,2020-10-19 00:00:00.000,NULL,NULL,NULL,0,NULL,NULL
1846,201019021315,2020-10-19,NULL,00845-FUR-MK-CFS-PTRE-13,073865,NULL,NULL,2020-10-19 00:00:00.000,NULL,NULL,NULL,0,NULL,NULL
1847,201019021344,2020-10-19,NULL,00846-FUR-MK-CFS-PTRE-13,304317,NULL,NULL,2020-10-19 00:00:00.000,NULL,NULL,NULL,0,NULL,NULL
1848,201019021449,2020-10-19,NULL,00847-FUR-MK-CFS-PTRE-13,124310,NULL,NULL,2020-10-19 00:00:00.000,NULL,NULL,NULL,0,NULL,NULL
1849,201019021518,2020-10-19,NULL,00848-FUR-MK-CFS-PTRE-13,124274,NULL,NULL,2020-10-19 00:00:00.000,NULL,NULL,NULL,0,NULL,NULL
1850,201019021549,2020-10-19,NULL,00849-FUR-MK-CFS-PTRE-13,124328,NULL,NULL,2020-10-19 00:00:00.000,NULL,NULL,NULL,0,NULL,NULL
1851,201019021618,2020-10-19,NULL,00850-FUR-Mk-CFS-PTRE-13,144514,NULL,NULL,2020-10-19 00:00:00.000,NULL,NULL,NULL,0,NULL,NULL
1852,201019021657,2020-10-19,NULL,00851-FUR-MK-CFS-PTRE-13,094081,NULL,NULL,2020-10-19 00:00:00.000,NULL,NULL,NULL,0,NULL,NULL
1853,201019021742,2020-10-19,NULL,00852-FUR-MK-CFS-PTRE-13,063707,NULL,NULL,2020-10-19 00:00:00.000,NULL,NULL,NULL,0,NULL,NULL
1854,201019021813,2020-10-19,NULL,00853-FUR-MK-CFS-PTRE-13,023208,NULL,NULL,2020-10-19 00:00:00.000,NULL,NULL,NULL,0,NULL,NULL
1855,201019021837,2020-10-19,NULL,00854-FUR-MK-CFS-PTRE-13,023010,NULL,NULL,2020-10-19 00:00:00.000,NULL,NULL,NULL,0,NULL,NULL
1856,201019021909,2020-10-19,NULL,00855-FUR-MK-CFS-PTRE-13,023215,NULL,NULL,2020-10-19 00:00:00.000,NULL,NULL,NULL,0,NULL,NULL
1857,201019022120,2020-10-19,NULL,00042-FUR-KK-CFS-PTRE-14,308618,NULL,NULL,2020-10-19 00:00:00.000,NULL,NULL,NULL,0,NULL,NULL
1858,201019022205,2020-10-19,NULL,00125-ACC-KK-CFS-PTRE-13,083914,NULL,NULL,2020-10-19 00:00:00.000,NULL,NULL,NULL,0,NULL,NULL
1859,201019022245,2020-10-19,NULL,00085-FUR-KK-CFS-PTRE-14,073752,NULL,NULL,2020-10-19 00:00:00.000,NULL,NULL,NULL,0,NULL,NULL
1860,201019022334,2020-10-19,NULL,00155-FUR-KK-CFS-PTRE-13,063614,NULL,NULL,2020-10-19 00:00:00.000,NULL,NULL,NULL,0,NULL,NULL
1861,201019022502,2020-10-19,NULL,00061-FUR-KK-CFS-PTRE-14,063614,NULL,NULL,2020-10-19 00:00:00.000,NULL,NULL,NULL,1,130090,2020-10-19 14:25:47.000
1862,201019022626,2020-10-19,NULL,00061-FUR-KK-CFS-PTRE-14,023224,NULL,NULL,2020-10-19 00:00:00.000,NULL,NULL,NULL,0,NULL,NULL
1863,201019022731,2020-10-19,NULL,00039-FUR-KK-CFS-PTRE-14,083933,NULL,NULL,2020-10-19 00:00:00.000,NULL,NULL,NULL,0,NULL,NULL
1864,201019022806,2020-10-19,NULL,00041-FUR-KK-CFS-PTRE-14,094062,NULL,NULL,2020-10-19 00:00:00.000,NULL,NULL,NULL,0,NULL,NULL
1865,201019022842,2020-10-19,NULL,00081-FUR-KK-CFS-PTRE-14,300320,NULL,NULL,2020-10-19 00:00:00.000,NULL,NULL,NULL,0,NULL,NULL
1866,201019033251,2020-10-19,NULL,00077-FUR-KK-CFS-PTRE-14,305217,NULL,NULL,2020-10-19 00:00:00.000,NULL,NULL,NULL,0,NULL,NULL
1867,201019033322,2020-10-19,NULL,0053-FUR-KK-CFS-PTRE-14,303617,NULL,NULL,2020-10-19 00:00:00.000,NULL,NULL,NULL,0,NULL,NULL
1868,201019033405,2020-10-19,NULL,00099-FUR-KK-CFS-PTRE-14,306217,NULL,NULL,2020-10-19 00:00:00.000,NULL,NULL,NULL,0,NULL,NULL
1870,201019033519,2020-10-19,NULL,00046-FUR-KK-CFS-PTRE-14,114208,NULL,NULL,2020-10-19 00:00:00.000,NULL,NULL,NULL,0,NULL,NULL
1871,201019033551,2020-10-19,NULL,00078-FUR-KK-CFS-PTRE-14,083943,NULL,NULL,2020-10-19 00:00:00.000,NULL,NULL,NULL,0,NULL,NULL
1872,201019033625,2020-10-19,NULL,00073-FUR-KK-CFS-PTRE-14,073833,NULL,NULL,2020-10-19 00:00:00.000,NULL,NULL,NULL,0,NULL,NULL
1873,201019033659,2020-10-19,NULL,00131-FUR-KK-CFS-PTRE-14,083913,NULL,NULL,2020-10-19 00:00:00.000,NULL,NULL,NULL,0,NULL,NULL
1874,201019033726,2020-10-19,NULL,00076-FUR-KK-CFS-PTRE-14,104156,NULL,NULL,2020-10-19 00:00:00.000,NULL,NULL,NULL,0,NULL,NULL
1875,201019033802,2020-10-19,NULL,00410-FUR-KK-CFS-PTRE-14,073865,NULL,NULL,2020-10-19 00:00:00.000,NULL,NULL,NULL,0,NULL,NULL
1876,201019033937,2020-10-19,NULL,1376-FUR-LK-CFS-PTRE-13,308618,NULL,NULL,2020-10-19 00:00:00.000,NULL,NULL,NULL,0,NULL,NULL
1877,201019034036,2020-10-19,NULL,1346-FUR-LK-CFS-PTRE-13,083914,NULL,NULL,2020-10-19 00:00:00.000,NULL,NULL,NULL,0,NULL,NULL
1878,201019034120,2020-10-19,NULL,1377-FUR-LK-CFS-PTRE-14,073752,NULL,NULL,2020-10-19 00:00:00.000,NULL,NULL,NULL,0,NULL,NULL
1879,201019034244,2020-10-19,NULL,1374-FUR-LK-CFS-PTRE-14,073860,NULL,NULL,2020-10-19 00:00:00.000,NULL,NULL,NULL,0,NULL,NULL
1880,201019034331,2020-10-19,NULL,1417-FUR-LK-CFS-PTRE-13,063614,NULL,NULL,2020-10-19 00:00:00.000,NULL,NULL,NULL,0,NULL,NULL
1881,201019034400,2020-10-19,NULL,1542-FUR-LK-CFS-PTRE-13,023224,NULL,NULL,2020-10-19 00:00:00.000,NULL,NULL,NULL,0,NULL,NULL
1882,201019034425,2020-10-19,NULL,1178-FUR-LC-CFS-PTRE-13,023224,NULL,NULL,2020-10-19 00:00:00.000,NULL,NULL,NULL,0,NULL,NULL
1883,201019034452,2020-10-19,NULL,1389-FUR-LK-CFS-PTRE-13,184676,NULL,NULL,2020-10-19 00:00:00.000,NULL,NULL,NULL,0,NULL,NULL
1884,201019034518,2020-10-19,NULL,1410-FUR-KK-CFS-PTRE-14,083933,NULL,NULL,2020-10-19 00:00:00.000,NULL,NULL,NULL,0,NULL,NULL
1885,201019034549,2020-10-19,NULL,01539-FUR-LK-CFS-PTRE-13,094062,NULL,NULL,2020-10-19 00:00:00.000,NULL,NULL,NULL,0,NULL,NULL
1886,201019034623,2020-10-19,NULL,01182-FUR-LK-CFS-PTRE-13,300320,NULL,NULL,2020-10-19 00:00:00.000,NULL,NULL,NULL,0,NULL,NULL
1887,201019034655,2020-10-19,NULL,01395-FUR-LK-CFS-PTRE-13,305217,NULL,NULL,2020-10-19 00:00:00.000,NULL,NULL,NULL,0,NULL,NULL
1888,201019034722,2020-10-19,NULL,01383-FUR-LK-CFS-PTRE-13,303617,NULL,NULL,2020-10-19 00:00:00.000,NULL,NULL,NULL,0,NULL,NULL
1889,201019034744,2020-10-19,NULL,01552-FUR-LK-CFS-PTRE-13,306217,NULL,NULL,2020-10-19 00:00:00.000,NULL,NULL,NULL,0,NULL,NULL
1890,201019034809,2020-10-19,NULL,01405-FUR-LK-CFS-PTRE-13,104094,NULL,NULL,2020-10-19 00:00:00.000,NULL,NULL,NULL,0,NULL,NULL
1891,201019034904,2020-10-19,NULL,01398-FUR-LK-CFS-PTRE-13,114208,NULL,NULL,2020-10-19 00:00:00.000,NULL,NULL,NULL,0,NULL,NULL
1892,201022095208,2020-10-22,NULL,01977 COMP-DSK-ICT-PTRE-19,124330,NULL,NULL,2020-10-22 00:00:00.000,NULL,NULL,NULL,0,NULL,NULL
1900,201022105807,2020-10-22,NULL,01042-COMP-DESK-ICT-PTRE-13,184652,NULL,NULL,2020-10-22 00:00:00.000,NULL,NULL,NULL,0,NULL,NULL
1905,201022111840,2020-10-22,NULL,2030 COMP-DSK-ICT-PTRE-20,194782,NULL,NULL,2020-10-22 00:00:00.000,NULL,NULL,NULL,1,053573,2022-10-27 11:07:17.000
1909,201022112834,2020-10-22,NULL,00793-COMP-DESK-ICT-PTRE-11,194711,NULL,NULL,2020-10-22 00:00:00.000,NULL,NULL,NULL,0,NULL,NULL
1914,201022015844,2020-10-22,NULL,01017-COMP-DESK-ICT-PTRE-13,305417,NULL,NULL,2020-10-22 00:00:00.000,NULL,NULL,NULL,0,NULL,NULL
1915,201022020120,2020-10-22,NULL,00988-COMP-DESK-ICT-PTRE-12,124343,NULL,NULL,2020-10-22 00:00:00.000,NULL,NULL,NULL,0,NULL,NULL
1916,201022020343,2020-10-22,NULL,01469-COMP-DSK-ICT-PTRE-18,194758,NULL,NULL,2020-10-22 00:00:00.000,NULL,NULL,NULL,1,316118,2020-10-22 14:06:41.000
1917,201022020631,2020-10-22,NULL,01469-COMP-DSK-ICT-PTRE-18,194886,NULL,NULL,2020-10-22 00:00:00.000,NULL,NULL,NULL,0,NULL,NULL
1919,201022020843,2020-10-22,NULL,01979 COMP-DSK-ICT-PTRE-19,194922,NULL,NULL,2020-10-22 00:00:00.000,NULL,NULL,NULL,1,316118,2020-10-22 14:08:49.000
1920,201022021130,2020-10-22,NULL,01034-COMP-DESK-ICT-PTRE-13,194917,NULL,NULL,2020-10-22 00:00:00.000,NULL,NULL,NULL,0,NULL,NULL
1921,201022021413,2020-10-22,NULL,01221-COMP-DESK-ICT-PTRE-14,309818,NULL,NULL,2020-10-22 00:00:00.000,NULL,NULL,NULL,0,NULL,NULL
1922,201022021639,2020-10-22,NULL,00759-COMP-DESK-ICT-PTRE-11,144502,NULL,NULL,2020-10-22 00:00:00.000,NULL,NULL,NULL,1,306117,2023-01-12 10:03:43.000
1923,201022022006,2020-10-22,NULL,01554 MON-LCD-ICT-PTRE-18,184656,NULL,NULL,2020-10-22 00:00:00.000,NULL,NULL,NULL,0,NULL,NULL
1924,201022022032,2020-10-22,NULL,01270-COMP-WORK-ICT-PTRE-14,134362,NULL,NULL,2020-10-22 00:00:00.000,NULL,NULL,NULL,0,NULL,NULL
1925,201022022201,2020-10-22,NULL,01043-COMP-DESK-ICT-PTRE-13,134391,NULL,NULL,2020-10-22 00:00:00.000,NULL,NULL,NULL,0,NULL,NULL
1926,201022022322,2020-10-22,NULL,01591 COMP-DSK-ICT-PTRE-18,184657,NULL,NULL,2020-10-22 00:00:00.000,NULL,NULL,NULL,0,NULL,NULL
1927,201022022353,2020-10-22,NULL,01553 COMP-DSK-ICT-PTRE-18,033019,NULL,NULL,2020-10-22 00:00:00.000,NULL,NULL,NULL,1,225164,2025-01-24 09:42:45.000
1928,201022022433,2020-10-22,NULL,01893 COMP-NB-ICT-PTRE-19,194862,NULL,NULL,2020-10-22 00:00:00.000,NULL,NULL,NULL,1,053573,2022-09-13 09:34:21.000
1929,201022022524,2020-10-22,NULL,01615 COMP-DSK-ICT-PTRE-18,304217,,NULL,2023-10-28 00:00:00.000,NULL,NULL,NULL,0,NULL,NULL
1930,201022022553,2020-10-22,NULL,01128-COMP-DESK-ICT-PTRE-13,311018,NULL,NULL,2020-10-22 00:00:00.000,NULL,NULL,NULL,0,NULL,NULL
1931,201022022617,2020-10-22,NULL,01020-COMP-DESK-ICT-PTRE-13,114174,NULL,NULL,2020-10-22 00:00:00.000,NULL,NULL,NULL,0,NULL,NULL
1932,201022022711,2020-10-22,NULL,01230-COMP-DESK-ICT-PTRE-14,300516,NULL,NULL,2020-10-22 00:00:00.000,NULL,NULL,NULL,1,306117,2023-01-13 14:59:06.000
1933,201022022850,2020-10-22,NULL,01469-COMP-DSK-ICT-PTRE-18,194758,NULL,NULL,2020-10-22 00:00:00.000,NULL,NULL,NULL,0,NULL,NULL
1934,201022023028,2020-10-22,NULL,01249-COMP-DESK-ICT-PTRE-14,194886,NULL,NULL,2020-10-22 00:00:00.000,NULL,NULL,NULL,0,NULL,NULL
1936,201022031516,2020-10-22,NULL,01384-FUR-KK-CFS-PTRE-14,104094,NULL,NULL,2020-10-22 00:00:00.000,NULL,NULL,NULL,0,NULL,NULL
1937,201022031858,2020-10-22,NULL,01464-FUR-MK-CFS-PTRE-13,083911,NULL,NULL,2020-10-22 00:00:00.000,NULL,NULL,NULL,0,NULL,NULL
4198,240123085617,2020-10-22,NULL,2030 COMP-DSK-ICT-PTRE-20,235291,NULL,NULL,2024-01-23 00:00:00.000,NULL,NULL,NULL,1,225164,2024-01-23 08:57:51.000
4199,240123085733,2020-10-22,NULL,2030 COMP-DSK-ICT-PTRE-20,235291,NULL,NULL,2024-01-23 00:00:00.000,NULL,NULL,NULL,1,225164,2024-01-23 08:57:42.000
1938,201026093645,2020-10-26,NULL,01311-COMP-WORK-ICT-PTRE-15,204932,NULL,NULL,2020-10-26 00:00:00.000,NULL,NULL,NULL,1,316118,2020-10-26 10:53:54.000
1940,201026105237,2020-10-26,NULL,01155-COMP-DESK-ICT-PTRE-13,204932,NULL,NULL,2020-10-26 00:00:00.000,NULL,NULL,NULL,0,NULL,NULL
1941,201026105315,2020-10-26,NULL,01246-COMP-DESK-ICT-PTRE-14,204940,NULL,NULL,2020-10-26 00:00:00.000,NULL,NULL,NULL,0,NULL,NULL
1942,201026105614,2020-10-26,NULL,01599 COMP-DSK-ICT-PTRE-18,194767,NULL,NULL,2020-10-26 00:00:00.000,NULL,NULL,NULL,0,NULL,NULL
1944,201026110147,2020-10-26,NULL,01575 COMP-DSK-ICT-PTRE-18,205009,NULL,NULL,2020-10-26 00:00:00.000,NULL,NULL,NULL,0,NULL,NULL
3875,221118112836,2020-10-26,NULL,01522-COM-DSK-ICT-PTRE-18,204992,NULL,NULL,2022-11-18 00:00:00.000,NULL,NULL,NULL,1,053573,2022-11-18 11:28:58.000
2618,210209062903,2020-10-30,NULL,02082-COMP-NB-ICT-PTRE-20,134370,untuk user di site,NULL,2021-02-09 00:00:00.000,NULL,NULL,NULL,0,NULL,NULL
2619,210209063014,2020-10-30,NULL,02081-COMP-NB-ICT-PTRE-20,134370,untuk user di site,NULL,2021-02-09 00:00:00.000,NULL,NULL,NULL,0,NULL,NULL
2620,210209063045,2020-10-30,NULL,02080-COMP-NB-ICT-PTRE-20,134370,untuk user di site,NULL,2021-02-09 00:00:00.000,NULL,NULL,NULL,0,NULL,NULL
2621,210209063923,2020-10-30,NULL,02080-COMP-NB-ICT-PTRE-20,134370,NULL,NULL,2021-02-09 00:00:00.000,NULL,NULL,NULL,1,053573,2021-02-09 06:39:40.000
2622,210209064536,2020-10-30,NULL,02083-COMP-NB-ICT-PTRE-20,032029,NULL,NULL,2021-02-09 00:00:00.000,NULL,NULL,NULL,0,NULL,NULL
1521,NULL,2020-05-22,2020-11-02,01828 COMP-DSK-ICT-PTRE-19,194830,,NULL,2025-02-15 00:00:00.000,053573,NULL,NULL,0,NULL,NULL
3798,221027100032,2020-05-04,2020-11-04,01342-COMP-DESK-ICT-PTRE-15,194898,,NULL,2023-01-10 00:00:00.000,NULL,NULL,NULL,0,NULL,NULL
3871,221118112133,2020-11-05,NULL,02084-COMP-NB-ICT-PTRE-20,205014,NULL,NULL,2022-11-18 00:00:00.000,NULL,NULL,NULL,1,053573,2022-11-18 11:21:40.000
142,190218010243,2020-11-09,NULL,00799-COMP-DESK-ICT-PTRE-11,311318,RTO 1 Lantai 2,NULL,2020-11-09 00:00:00.000,NULL,NULL,NULL,0,NULL,NULL
1953,201109032500,2020-11-09,NULL,01581 COMP-DSK-ICT-PTRE-18,184670,NULL,NULL,2020-11-09 00:00:00.000,NULL,NULL,NULL,1,306117,2020-11-09 15:25:08.000
1955,201109034521,2020-11-09,NULL,01672 COMP-DSK-ICT-PTRE-19,194741,RTO 1 Lantai 2,NULL,2020-11-09 00:00:00.000,NULL,NULL,NULL,1,225164,2025-02-15 22:39:44.000
1957,201109040631,2020-11-09,NULL,01067-COMP-WORK-ICT-PTRE-13,194877,RTO 1 Lantai 2,NULL,2020-11-09 00:00:00.000,NULL,NULL,NULL,0,NULL,NULL
1960,201110090242,2020-11-10,NULL,00743-COMP-DESK-ICT-PTRE-11,310118,NULL,NULL,2020-11-10 00:00:00.000,NULL,NULL,NULL,0,NULL,NULL
1962,201110090545,2020-11-10,NULL,00780-COMP-SVR-ICT-PTRE-1,194906,NULL,NULL,2020-11-10 00:00:00.000,NULL,NULL,NULL,0,NULL,NULL
1964,201110103803,2020-11-10,NULL,00840-COMP-DESK-ICT-PTRE-12,194904,NULL,NULL,2020-11-10 00:00:00.000,NULL,NULL,NULL,0,NULL,NULL
1965,201110103841,2020-11-10,NULL,01678 COMP-DSK-ICT-PTRE-19,194709,NULL,NULL,2020-11-10 00:00:00.000,NULL,NULL,NULL,1,053573,2022-11-08 09:00:51.000
1967,201110104319,2020-11-10,NULL,01909 COMP-DSK-ICT-PTRE-19,194873,NULL,NULL,2020-11-10 00:00:00.000,NULL,NULL,NULL,0,NULL,NULL
1968,201110104422,2020-11-10,NULL,01903 COMP-DSK-ICT-PTRE-19,315218,NULL,NULL,2020-11-10 00:00:00.000,NULL,NULL,NULL,1,225164,2023-10-27 22:45:48.000
1969,201110104551,2020-11-10,NULL,00844-COMP-DESK-ICT-PTRE-12,309618,NULL,NULL,2020-11-10 00:00:00.000,NULL,NULL,NULL,0,NULL,NULL
1970,201110104638,2020-11-10,NULL,00359-COMP-DESK-ICT-PTRE-03,305817,NULL,NULL,2020-11-10 00:00:00.000,NULL,NULL,NULL,0,NULL,NULL
1971,201110105124,2020-11-10,NULL,01709 COMP-DSK-ICT-PTRE-19,194772,NULL,NULL,2020-11-10 00:00:00.000,NULL,NULL,NULL,1,306117,2023-01-12 10:16:50.000
1974,201110110345,2020-11-10,NULL,00223-COMP-DESK-ICT-PTRE-03,063614,NULL,NULL,2020-11-10 00:00:00.000,NULL,NULL,NULL,0,NULL,NULL
1975,201110110500,2020-11-10,NULL,01004-COMP-DESK-ICT-PTRE-13,023215,NULL,NULL,2020-11-10 00:00:00.000,NULL,NULL,NULL,0,NULL,NULL
1976,201110110616,2020-11-10,NULL,01346-COMP-WORK-ICT-PTRE-15,073752,NULL,NULL,2020-11-10 00:00:00.000,NULL,NULL,NULL,0,NULL,NULL
1977,201110110728,2020-11-10,NULL,01727 COMP-DSK-ICT-PTRE-19,194798,NULL,NULL,2020-11-10 00:00:00.000,NULL,NULL,NULL,1,225164,2025-01-21 09:25:54.000
1978,201110110825,2020-11-10,NULL,01469-COMP-DSK-ICT-PTRE-18,063707,NULL,NULL,2020-11-10 00:00:00.000,NULL,NULL,NULL,0,NULL,NULL
1979,201110111131,2020-11-10,NULL,00792-COMP-DESK-ICT-PTRE-11,184676,NULL,NULL,2020-11-10 00:00:00.000,NULL,NULL,NULL,0,NULL,NULL
1981,201116071459,2020-11-16,NULL,01170-COMP-DESK-ICT-PTRE-13,073749,NULL,NULL,2020-11-16 00:00:00.000,NULL,NULL,NULL,0,NULL,NULL
1982,201116071549,2020-11-16,NULL,01547 COMP-DSK-ICT-PTRE-18,104136,NULL,NULL,2020-11-16 00:00:00.000,NULL,NULL,NULL,0,NULL,NULL
1983,201116071714,2020-11-16,NULL,01015-COMP-DESK-ICT-PTRE-13,315918,NULL,NULL,2020-11-16 00:00:00.000,NULL,NULL,NULL,0,NULL,NULL
1984,201116071855,2020-11-16,NULL,00788-COMP-DESK-ICT-PTRE-11,124252,NULL,NULL,2020-11-16 00:00:00.000,NULL,NULL,NULL,0,NULL,NULL
1985,201116072050,2020-11-16,NULL,01173-COMP-DESK-ICT-PTRE-13,104160,NULL,NULL,2020-11-16 00:00:00.000,NULL,NULL,NULL,0,NULL,NULL
1986,201116072215,2020-11-16,NULL,01569 COMP-DSK-ICT-PTRE-18,124293,NULL,NULL,2020-11-16 00:00:00.000,NULL,NULL,NULL,0,NULL,NULL
1987,201116072445,2020-11-16,NULL,01524 COMP-DSK-ICT-PTRE-18,306817,NULL,NULL,2020-11-16 00:00:00.000,NULL,NULL,NULL,1,306117,2023-01-12 15:21:43.000
1435,NULL,2020-05-22,2020-11-30,01662 COMP-DSK-ICT-PTRE-19,204930,,NULL,2022-11-02 00:00:00.000,053573,NULL,NULL,0,NULL,NULL
218,190218025154,2019-02-18,2020-12-10,01571 COMP-DSK-ICT-PTRE-18,110004,,NULL,2023-01-13 00:00:00.000,NULL,NULL,NULL,0,NULL,NULL
1304,NULL,2020-05-22,2020-12-23,01451-COMP-NB-ICT-PTRE-17,134370,,NULL,2024-06-24 00:00:00.000,053573,NULL,NULL,0,NULL,NULL
2626,210209071548,2020-12-23,NULL,02086-COMP-NB-ICT-PTRE-20,033043,,NULL,2024-06-25 00:00:00.000,NULL,NULL,NULL,0,NULL,NULL
1661,200924034813,2020-01-02,2021-01-01,02010 COMP-NB-ICT-PTRE-20,843118,,NULL,2024-05-08 00:00:00.000,NULL,NULL,NULL,0,NULL,NULL
1399,NULL,2020-05-22,2021-01-01,01601 COMP-DSK-ICT-PTRE-18,184649,,NULL,2023-11-06 00:00:00.000,053573,NULL,NULL,0,NULL,NULL
1555,NULL,2020-05-22,2021-01-01,01897 COMP-DSK-ICT-PTRE-19,194866,,NULL,2023-11-06 00:00:00.000,053573,NULL,NULL,0,NULL,NULL
1952,201109032444,2020-11-09,2021-01-04,01581 COMP-DSK-ICT-PTRE-18,184670,RTO 1 Lantai 2,NULL,2023-01-12 00:00:00.000,NULL,NULL,NULL,0,NULL,NULL
1510,NULL,2020-05-22,2021-01-05,01806 COMP-DSK-ICT-PTRE-19,194831,,NULL,2025-03-26 00:00:00.000,053573,NULL,NULL,0,NULL,NULL
1991,210112014719,2021-01-12,NULL,01733 COMP-DSK-ICT-PTRE-19,053573,Ex Siyu Civil JTB,NULL,2021-01-12 00:00:00.000,NULL,NULL,NULL,0,NULL,NULL
2661,210420124322,2021-01-12,NULL,01733 COMP-DSK-ICT-PTRE-19,134391,pinjam mechanical,NULL,2021-04-20 00:00:00.000,NULL,NULL,NULL,0,NULL,NULL
2631,210209072710,2021-01-18,NULL,02091-COMP-NB-ICT-PTRE-21,094077,NULL,NULL,2021-02-09 00:00:00.000,NULL,NULL,NULL,0,NULL,NULL
2629,210209072336,2021-01-29,NULL,02090-COMP-NB-ICT-PTRE-0221,033151,NULL,NULL,2021-02-09 00:00:00.000,NULL,NULL,NULL,0,NULL,NULL
2630,210209072358,2021-01-29,NULL,02089-COMP-NB-ICT-PTRE-21,043585,NULL,NULL,2021-02-09 00:00:00.000,NULL,NULL,NULL,0,NULL,NULL
2638,210209074812,2021-01-29,NULL,02098-COMP-NB-ICT-PTRE-21,134408,NULL,NULL,2021-02-09 00:00:00.000,NULL,NULL,NULL,0,NULL,NULL
3685,220825090833,2021-01-29,NULL,2191-PERP-MEXT-ICT-PTRE-22,053573,NULL,NULL,2022-08-25 00:00:00.000,NULL,NULL,NULL,0,NULL,NULL
3686,220825090901,2021-01-29,NULL,2192-PERP-MEXT-ICT-PTRE-22,053573,NULL,NULL,2022-08-25 00:00:00.000,NULL,NULL,NULL,0,NULL,NULL
3687,220825090928,2021-01-29,NULL,2193-PERP-MEXT-ICT-PTRE-22,053573,NULL,NULL,2022-08-25 00:00:00.000,NULL,NULL,NULL,0,NULL,NULL
1463,NULL,2020-05-22,2021-01-30,01719 COMP-DSK-ICT-PTRE-19,194786,,NULL,2023-10-28 00:00:00.000,053573,NULL,NULL,0,NULL,NULL
158,190218013244,2019-02-18,2021-02-01,01632 COMP-DSK-ICT-PTRE-18,104094,,NULL,2023-01-13 00:00:00.000,NULL,NULL,NULL,0,NULL,NULL
1911,201022113737,2018-07-06,2021-02-02,01230-COMP-DESK-ICT-PTRE-14,300516,,NULL,2023-01-13 00:00:00.000,NULL,NULL,NULL,0,NULL,NULL
1280,NULL,2020-05-22,2021-02-02,01409-COMP-NB-ICT-PTRE-16,022001,,NULL,2023-10-27 00:00:00.000,053573,NULL,NULL,0,NULL,NULL
1373,NULL,2020-05-22,2021-02-02,01549 COMP-DSK-ICT-PTRE-18,124303,RTO 1 Lantai 2,NULL,2025-02-07 00:00:00.000,053573,NULL,NULL,0,NULL,NULL
2632,210209072954,2021-02-04,NULL,02092-COMP-NB-ICT-PTRE-21,836911,di site,NULL,2021-02-09 00:00:00.000,NULL,NULL,NULL,0,NULL,NULL
2633,210209074028,2021-02-04,NULL,02093-COMP-NB-ICT-PTRE-21,134408,user di site,NULL,2021-02-09 00:00:00.000,NULL,NULL,NULL,0,NULL,NULL
2623,210209064843,2021-02-09,NULL,02084-COMP-NB-ICT-PTRE-20,205014,Dipakai di rumah,NULL,2021-02-09 00:00:00.000,NULL,NULL,NULL,1,053573,2021-02-09 06:49:43.000
2625,210209065309,2021-02-09,NULL,02064-COMP-NB-ICT-PTRE-0221,141096,NULL,NULL,2021-02-09 00:00:00.000,NULL,NULL,NULL,0,NULL,NULL
2634,210209074319,2021-02-09,NULL,02094-COMP-NB-ICT-PTRE-21,134408,user di site,NULL,2021-02-09 00:00:00.000,NULL,NULL,NULL,0,NULL,NULL
2636,210209074441,2021-02-09,NULL,02096-COMP-NB-ICT-PTRE-21,134408,user di site,NULL,2021-02-09 00:00:00.000,NULL,NULL,NULL,0,NULL,NULL
2637,210209074507,2021-02-09,NULL,02097-COMP-NB-ICT-PTRE-21,134408,user di site,NULL,2021-02-09 00:00:00.000,NULL,NULL,NULL,0,NULL,NULL
2640,210209075854,2021-02-09,NULL,02100-COMP-NB-ICT-PTRE-21,306817,NULL,NULL,2021-02-09 00:00:00.000,NULL,NULL,NULL,0,NULL,NULL
3766,220829032957,2021-02-09,NULL,02085-COMP-NB-ICT-PTRE-20,141096,NULL,NULL,2022-08-29 00:00:00.000,NULL,NULL,NULL,0,NULL,NULL
91,190218100732,2019-02-18,2021-02-16,01607 COMP-DSK-ICT-PTRE-18,184683,,NULL,2023-01-13 00:00:00.000,NULL,NULL,NULL,0,NULL,NULL
3742,220829024314,2021-02-17,NULL,2126-COMP-NB-ICT-PTRE-21,194778,NULL,NULL,2022-08-29 00:00:00.000,NULL,NULL,NULL,1,053573,2022-08-29 15:01:28.000
3743,220829024331,2021-02-17,NULL,2127-COMP-NB-ICT-PTRE-21,205002,NULL,NULL,2022-08-29 00:00:00.000,NULL,NULL,NULL,1,053573,2022-08-29 15:01:53.000
1321,NULL,2020-05-22,2021-02-22,01472-COMP-NB-ICT-PTRE-18,022020,,NULL,2023-01-12 00:00:00.000,053573,NULL,NULL,0,NULL,NULL
1568,NULL,2020-05-22,2021-02-22,01919 COMP-NB-ICT-PTRE-19,194816,,NULL,2022-11-29 00:00:00.000,053573,NULL,NULL,0,NULL,NULL
2647,210222025212,2021-02-22,NULL,01919 COMP-NB-ICT-PTRE-19,194816,NULL,NULL,2021-02-22 00:00:00.000,NULL,NULL,NULL,1,053573,2021-02-22 14:52:20.000
1602,NULL,2020-05-22,2021-03-01,2032 COMP-DSK-ICT-PTRE-20,194788,,NULL,2023-01-12 00:00:00.000,053573,NULL,NULL,0,NULL,NULL
1951,201109032034,2020-11-09,2021-03-05,01895 COMP-DSK-ICT-PTRE-19,194902,RTO 1 Lantai 2,NULL,2023-01-13 00:00:00.000,NULL,NULL,NULL,0,NULL,NULL
3840,221108085556,2021-03-05,NULL,01895 COMP-DSK-ICT-PTRE-19,184691,NULL,NULL,2022-11-08 00:00:00.000,NULL,NULL,NULL,1,053573,2022-11-08 08:56:35.000
1283,NULL,2020-05-22,2021-03-09,01429-COMP-NB-ICT-PTRE-17,134370,,NULL,2023-01-12 00:00:00.000,053573,NULL,NULL,0,NULL,NULL
2653,210309021009,2021-03-09,NULL,2104-COMP-NB-ICT-PTRE-21,215039,NULL,NULL,2021-03-09 00:00:00.000,NULL,NULL,NULL,0,NULL,NULL
2655,210309021842,2021-03-09,NULL,02105-COMP-NB-ICT-PTRE-21,022001,NULL,NULL,2021-03-09 00:00:00.000,NULL,NULL,NULL,0,NULL,NULL
2656,210309022219,2021-03-09,NULL,02106-COMP-NB-ICT-PTRE-21,022020,NULL,NULL,2021-03-09 00:00:00.000,NULL,NULL,NULL,0,NULL,NULL
2657,210309023234,2021-03-09,NULL,02107-COMP-NB-ICT-PTRE-21,311618,NULL,NULL,2021-03-09 00:00:00.000,NULL,NULL,NULL,0,NULL,NULL
3763,220829031900,2021-03-10,NULL,2110-COMP-NB-ICT-PTRE-21,184708,NULL,NULL,2022-08-29 00:00:00.000,NULL,NULL,NULL,0,NULL,NULL
3765,220829032317,2021-03-10,NULL,2049 PERP-NETW-ICT-PTRE-20,053598,NULL,NULL,2022-08-29 00:00:00.000,NULL,NULL,NULL,1,053573,2022-08-29 15:23:28.000
2639,210209075601,2021-01-27,2021-03-15,02099-COMP-NB-ICT-PTRE-21,215027,,NULL,2023-01-13 00:00:00.000,NULL,NULL,NULL,0,NULL,NULL
232,190218031637,2019-02-18,2021-03-16,01159-COMP-DESK-ICT-PTRE-13,033345,PC All Mechanical,NULL,2023-01-12 00:00:00.000,NULL,NULL,NULL,0,NULL,NULL
3762,220829031836,2021-03-17,NULL,2111-COMP-NB-ICT-PTRE-21,104097,NULL,NULL,2022-08-29 00:00:00.000,NULL,NULL,NULL,0,NULL,NULL
3761,220829031636,2021-03-24,NULL,2112-COMP-NB-ICT-PTRE-21,063614,NULL,NULL,2022-08-29 00:00:00.000,NULL,NULL,NULL,0,NULL,NULL
3760,220829031524,2021-04-02,NULL,2113-COMP-NB-ICT-PTRE-21,215043,NULL,NULL,2022-08-29 00:00:00.000,NULL,NULL,NULL,0,NULL,NULL
1943,201026105755,2020-10-26,2021-04-06,01522-COM-DSK-ICT-PTRE-18,184706,,NULL,2023-01-13 00:00:00.000,NULL,NULL,NULL,0,NULL,NULL
3757,220829031248,2021-04-07,NULL,2115-COMP-NB-ICT-PTRE-21,204926,NULL,NULL,2022-08-29 00:00:00.000,NULL,NULL,NULL,0,NULL,NULL
3755,220829031107,2021-04-14,NULL,2117-COMP-NB-ICT-PTRE-21,134408,Untuk Aldi Freeport Project,NULL,2022-08-29 00:00:00.000,NULL,NULL,NULL,0,NULL,NULL
1956,201109034835,2020-11-09,2021-04-15,01684 COMP-DSK-ICT-PTRE-19,194740,RTO 1 Lantai 2,NULL,2026-07-27 00:00:00.000,NULL,NULL,NULL,0,NULL,NULL
7472,241211080858,2021-04-15,NULL,01913 COMP-DSK-ICT-PTRE-19,073860,NULL,NULL,2024-12-11 00:00:00.000,NULL,NULL,NULL,0,NULL,NULL
3752,220829030845,2021-04-21,NULL,2120-COMP-NB-ICT-PTRE-21,094081,NULL,NULL,2022-08-29 00:00:00.000,NULL,NULL,NULL,0,NULL,NULL
3753,220829030926,2021-04-21,NULL,2119-COMP-NB-ICT-PTRE-21,7114167,NULL,NULL,2022-08-29 00:00:00.000,NULL,NULL,NULL,0,NULL,NULL
3747,220829030150,2021-04-29,NULL,2127-COMP-NB-ICT-PTRE-21,205002,NULL,NULL,2022-08-29 00:00:00.000,NULL,NULL,NULL,0,NULL,NULL
3751,220829030731,2021-04-29,NULL,2121-COMP-NB-ICT-PTRE-21,134408,untuk Hery Firmanysah Freeport Project,NULL,2022-08-29 00:00:00.000,NULL,NULL,NULL,0,NULL,NULL
3741,220829024241,2021-05-12,NULL,2127-COMP-NB-ICT-PTRE-21,205002,NULL,NULL,2022-08-29 00:00:00.000,NULL,NULL,NULL,1,053573,2022-08-29 14:43:38.000
1550,NULL,2020-05-22,2021-05-21,01891 COMP-NB-ICT-PTRE-19,124281,,NULL,2022-12-07 00:00:00.000,053573,NULL,NULL,0,NULL,NULL
1284,NULL,2020-05-22,2021-05-24,01430-COMP-NB-ICT-PTRE-17,134370,,NULL,2023-03-03 00:00:00.000,053573,NULL,NULL,0,NULL,NULL
1600,NULL,2020-05-22,2021-05-24,2028 COMP-DSK-ICT-PTRE-20,204946,,NULL,2023-01-12 00:00:00.000,053573,NULL,NULL,0,NULL,NULL
4031,230303033607,2021-05-24,NULL,01430-COMP-NB-ICT-PTRE-17,124310,NULL,NULL,2023-03-03 00:00:00.000,NULL,NULL,NULL,0,NULL,NULL
1279,NULL,2020-05-22,2021-06-01,01406-COMP-NB-ICT-PTRE-16,104099,,NULL,2025-01-23 00:00:00.000,053573,NULL,NULL,0,NULL,NULL
1501,NULL,2020-05-22,2021-06-08,01788 COMP-DSK-ICT-PTRE-19,194789,,NULL,2026-04-28 00:00:00.000,053573,NULL,NULL,0,NULL,NULL
1316,NULL,2020-05-22,2021-06-09,01465-COMP-NB-ICT-PTRE-17,104153,,NULL,2025-02-16 00:00:00.000,053573,NULL,NULL,0,NULL,NULL
3728,220829022124,2021-06-11,NULL,2139-COMP-NB-ICT-PTRE-21,194829,NULL,NULL,2022-08-29 00:00:00.000,NULL,NULL,NULL,0,NULL,NULL
1246,NULL,2020-05-22,2021-06-15,01312-COMP-WORK-ICT-PTRE-15,110003,,NULL,2024-04-16 00:00:00.000,053573,NULL,NULL,0,NULL,NULL
3717,220828090613,2021-06-17,NULL,2147-PERP-NETW-ICT-PTRE-21,053573,NULL,NULL,2022-08-28 00:00:00.000,NULL,NULL,NULL,0,NULL,NULL
3712,220828083441,2021-06-23,NULL,2151-COMP-NB-ICT-PTRE-21,134408,Dipakai Diki Freeport,NULL,2022-08-28 00:00:00.000,NULL,NULL,NULL,0,NULL,NULL
3713,220828084748,2021-06-23,NULL,2150-COMP-NB-ICT-PTRE-21,114200,NULL,NULL,2022-08-28 00:00:00.000,NULL,NULL,NULL,0,NULL,NULL
3733,220829022700,2021-06-24,NULL,2135-COMP-NB-ICT-PTRE-21,104153,NULL,NULL,2022-08-29 00:00:00.000,NULL,NULL,NULL,0,NULL,NULL
3734,220829022901,2021-06-24,NULL,2134-COMP-NB-ICT-PTRE-21,144554,NULL,NULL,2022-08-29 00:00:00.000,NULL,NULL,NULL,0,NULL,NULL
1245,NULL,2020-05-22,2021-07-01,01311-COMP-WORK-ICT-PTRE-15,063679,,NULL,2024-04-16 00:00:00.000,053573,NULL,NULL,0,NULL,NULL
3719,220829111051,2021-06-10,2021-07-02,2145-COMP-NB-ICT-PTRE-21,205016,,NULL,2023-01-12 00:00:00.000,NULL,NULL,NULL,0,NULL,NULL
1511,NULL,2020-05-22,2021-07-20,01808 COMP-WORK-ICT-PTRE-19,194835,RTO 1 Lantai 2,NULL,2026-04-28 00:00:00.000,053573,NULL,NULL,0,NULL,NULL
3688,220825101832,2021-07-21,NULL,2153-COMP-NB-ICT-PTRE-21,130090,NULL,NULL,2022-08-25 00:00:00.000,NULL,NULL,NULL,0,NULL,NULL
3711,220828083331,2021-07-27,NULL,2152-COMP-NB-ICT-PTRE-21,020036,NULL,NULL,2022-08-28 00:00:00.000,NULL,NULL,NULL,0,NULL,NULL
3710,220828083241,2021-07-28,NULL,2154-COMP-NB-ICT-PTRE-21,144472,NULL,NULL,2022-08-28 00:00:00.000,NULL,NULL,NULL,0,NULL,NULL
1332,NULL,2020-05-22,2021-08-02,01483-COMP-NB-ICT-PTRE-18,114200,,NULL,2025-08-04 00:00:00.000,053573,NULL,NULL,0,NULL,NULL
3703,220828082435,2021-08-02,NULL,2158-COMP-NB-ICT-PTRE-21,194723,NULL,NULL,2022-08-28 00:00:00.000,NULL,NULL,NULL,0,NULL,NULL
1415,NULL,2020-05-22,2021-08-10,01636 COMP-DSK-ICT-PTRE-18,194821,,NULL,2023-01-12 00:00:00.000,053573,NULL,NULL,0,NULL,NULL
3701,220828082222,2021-08-25,NULL,2160-COMP-NB-ICT-PTRE-21,194869,NULL,NULL,2022-08-28 00:00:00.000,NULL,NULL,NULL,0,NULL,NULL
1308,NULL,2020-05-22,2021-08-30,01456-COMP-NB-ICT-PTRE-18,094077,,NULL,2022-11-22 00:00:00.000,053573,NULL,NULL,0,NULL,NULL
3735,220829023503,2021-06-02,2021-09-02,2133-COMP-NB-ICT-PTRE-21,215048,,NULL,2025-05-24 00:00:00.000,NULL,NULL,NULL,0,NULL,NULL
3674,220804034217,2021-09-16,NULL,2175-COMP-DSK-ICT-PTRE-21,053573,NULL,NULL,2022-08-04 00:00:00.000,NULL,NULL,NULL,0,NULL,NULL
3676,220804034530,2021-09-30,NULL,2174-COMP-NB-ICT-PTRE-21,194711,NULL,NULL,2022-08-04 00:00:00.000,NULL,NULL,NULL,0,NULL,NULL
3677,220804054218,2021-09-30,NULL,2172-COMP-NB-ICT-PTRE-21,305517,NULL,NULL,2022-08-04 00:00:00.000,NULL,NULL,NULL,0,NULL,NULL
3690,220828075517,2021-09-30,NULL,2169-COMP-NB-ICT-PTRE-21,124281,NULL,NULL,2022-08-28 00:00:00.000,NULL,NULL,NULL,0,NULL,NULL
3691,220828075549,2021-09-30,NULL,2168-COMP-NB-ICT-PTRE-21,073746,NULL,NULL,2022-08-28 00:00:00.000,NULL,NULL,NULL,0,NULL,NULL
3692,220828075632,2021-09-30,NULL,2167-COMP-NB-ICT-PTRE-21,204996,NULL,NULL,2022-08-28 00:00:00.000,NULL,NULL,NULL,0,NULL,NULL
3693,220828075721,2021-09-30,NULL,2166-COMP-NB-ICT-PTRE-21,194848,NULL,NULL,2022-08-28 00:00:00.000,NULL,NULL,NULL,0,NULL,NULL
1300,NULL,2020-05-22,2021-10-07,01446-COMP-NB-ICT-PTRE-17,302616,,NULL,2023-01-13 00:00:00.000,053573,NULL,NULL,0,NULL,NULL
3700,220828080437,2021-09-30,2021-10-07,2161-COMP-NB-ICT-PTRE-21,194750,,NULL,2023-01-12 00:00:00.000,NULL,NULL,NULL,0,NULL,NULL
2658,210407032249,2021-04-07,2021-10-12,01721 COMP-DSK-ICT-PTRE-19,309718,,NULL,2023-01-10 00:00:00.000,NULL,NULL,NULL,0,NULL,NULL
2663,211021024734,2021-10-21,NULL,02108-COMP-NB-ICT-PTRE-21,104097,NULL,NULL,2021-10-21 00:00:00.000,NULL,NULL,NULL,0,NULL,NULL
3669,220724094530,2021-10-22,NULL,2180-COMP-NB-ICT-PTRE-21,134408,Dipakai Melki Freeport,NULL,2022-07-24 00:00:00.000,NULL,NULL,NULL,0,NULL,NULL
3670,220724094805,2021-10-22,NULL,2179-COMP-NB-ICT-PTRE-21,215078,NULL,NULL,2022-07-24 00:00:00.000,NULL,NULL,NULL,0,NULL,NULL
3673,220804034130,2021-10-29,NULL,2177-COMP-NB-ICT-PTRE-21,184705,NULL,NULL,2022-08-04 00:00:00.000,NULL,NULL,NULL,0,NULL,NULL
1301,NULL,2020-05-22,2021-11-30,01447-COMP-NB-ICT-PTRE-17,836911,,NULL,2024-03-19 00:00:00.000,053573,NULL,NULL,0,NULL,NULL
1268,NULL,2020-05-22,2021-12-30,01385-COMP-DESK-ICT-PTRE-16,073770,,NULL,2023-01-13 00:00:00.000,053573,NULL,NULL,0,NULL,NULL
1326,NULL,2020-05-22,2022-01-01,01477-COMP-NB-ICT-PTRE-18,134463,,NULL,2023-10-31 00:00:00.000,053573,NULL,NULL,0,NULL,NULL
1411,NULL,2020-05-22,2022-01-01,01628 COMP-DSK-ICT-PTRE-18,194720,RTO 1 Lantai 2,NULL,2024-04-24 00:00:00.000,053573,NULL,NULL,0,NULL,NULL
1961,201110090413,2020-11-10,2022-01-01,01989 COMP-DSK-ICT-PTRE-19,301817,,NULL,2024-03-12 00:00:00.000,NULL,NULL,NULL,0,NULL,NULL
1337,NULL,2020-05-22,2022-01-03,01488-COMP-NB-ICT-PTRE-18,083927,,NULL,2025-02-14 00:00:00.000,053573,NULL,NULL,0,NULL,NULL
2628,210209071737,2020-12-23,2022-01-03,02088-COMP-NB-ICT-PTRE-20,194867,di Site,NULL,2024-05-08 00:00:00.000,NULL,NULL,NULL,0,NULL,NULL
1990,210112013854,2019-03-03,2022-01-04,01991 COMP-DSK-ICT-PTRE-19,194919,Ex Hendro Process,NULL,2022-11-21 00:00:00.000,NULL,NULL,NULL,0,NULL,NULL
1605,NULL,2020-05-22,2022-01-04,2038 COMP-DSK-ICT-PTRE-20,204947,,NULL,2024-05-08 00:00:00.000,053573,NULL,NULL,0,NULL,NULL
3668,220724094438,2021-10-22,2022-01-04,2181-COMP-NB-ICT-PTRE-21,134408,,NULL,2025-01-02 00:00:00.000,NULL,NULL,NULL,0,NULL,NULL
6366,240508030315,2022-01-04,NULL,01894 COMP-NB-ICT-PTRE-19,114195,NULL,NULL,2024-05-08 00:00:00.000,NULL,NULL,NULL,0,NULL,NULL
1235,NULL,2020-05-22,2022-01-05,01294-COMP-DESK-ICT-PTRE-15,194836,,NULL,2022-11-02 00:00:00.000,053573,NULL,NULL,0,NULL,NULL
2652,210309015101,2021-03-09,2022-01-05,02103-COMP-NB-ICT-PTRE-21,314718,,NULL,2024-04-06 00:00:00.000,NULL,NULL,NULL,0,NULL,NULL
1211,NULL,2020-05-22,2022-01-07,01228-COMP-DESK-ICT-PTRE-14,124311,,NULL,2022-11-02 00:00:00.000,053573,NULL,NULL,0,NULL,NULL
1253,NULL,2020-05-22,2022-01-07,01337-COMP-NB-ICT-PTRE-15,023185,,NULL,2022-11-01 00:00:00.000,053573,NULL,NULL,0,NULL,NULL
3832,221101102354,2020-06-18,2022-01-07,01674 COMP-DSK-ICT-PTRE-19,205019,,NULL,2022-11-01 00:00:00.000,NULL,NULL,NULL,0,NULL,NULL
1895,201022100413,2020-10-22,2022-01-07,01812 COMP-DSK-ICT-PTRE-19,194854,,NULL,2022-11-01 00:00:00.000,NULL,NULL,NULL,0,NULL,NULL
3833,221101103455,2021-01-04,2022-01-07,01581 COMP-DSK-ICT-PTRE-18,315218,,NULL,2023-01-12 00:00:00.000,NULL,NULL,NULL,0,NULL,NULL
3834,221101104056,2021-01-08,2022-01-07,00739-COMP-DESK-ICT-PTRE-11,311318,,NULL,2022-11-01 00:00:00.000,NULL,NULL,NULL,0,NULL,NULL
3837,221101105407,2021-02-02,2022-01-07,01155-COMP-DESK-ICT-PTRE-13,194720,,NULL,2022-11-01 00:00:00.000,NULL,NULL,NULL,0,NULL,NULL
3836,221101104843,2021-04-07,2022-01-07,00743-COMP-DESK-ICT-PTRE-11,305317,,NULL,2022-11-01 00:00:00.000,NULL,NULL,NULL,0,NULL,NULL
3750,220829030630,2021-04-29,2022-01-07,2122-COMP-NB-ICT-PTRE-21,194859,,NULL,2022-11-01 00:00:00.000,NULL,NULL,NULL,0,NULL,NULL
3730,220829022405,2021-06-04,2022-01-07,2137-COMP-NB-ICT-PTRE-21,204940,,NULL,2022-11-01 00:00:00.000,NULL,NULL,NULL,0,NULL,NULL
3835,221101104559,2022-01-07,NULL,01495-COMP-DSK-ICT-PTRE-18,134418,NULL,NULL,2022-11-01 00:00:00.000,NULL,NULL,NULL,0,NULL,NULL
7474,241211092933,2022-01-07,NULL,01495-COMP-DSK-ICT-PTRE-18,033376,NULL,NULL,2024-12-11 00:00:00.000,NULL,NULL,NULL,0,NULL,NULL
1109,NULL,2020-05-22,2022-01-10,00902-COMP-WORK-ICT-PTRE-12,120032,,NULL,2022-11-01 00:00:00.000,053573,NULL,NULL,0,NULL,NULL
1466,NULL,2020-05-22,2022-01-10,01725 COMP-DSK-ICT-PTRE-19,194799,,NULL,2022-11-01 00:00:00.000,053573,NULL,NULL,0,NULL,NULL
1529,NULL,2020-05-22,2022-01-10,01843 COMP-DSK-ICT-PTRE-19,194842,,NULL,2022-11-01 00:00:00.000,053573,NULL,NULL,0,NULL,NULL
3829,221101101552,2020-06-12,2022-01-10,01223-COMP-DESK-ICT-PTRE-14,194921,,NULL,2022-11-01 00:00:00.000,NULL,NULL,NULL,0,NULL,NULL
3825,221101095324,2020-11-02,2022-01-10,01052-COMP-WORK-ICT-PTRE-13,194753,,NULL,2022-11-01 00:00:00.000,NULL,NULL,NULL,0,NULL,NULL
3824,221031023320,2020-11-06,2022-01-10,01599 COMP-DSK-ICT-PTRE-18,184670,,NULL,2022-10-31 00:00:00.000,NULL,NULL,NULL,1,225164,2024-04-16 13:39:25.000
3830,221101101737,2021-02-12,2022-01-10,01272-COMP-DESK-ICT-PTRE-14,215079,,NULL,2022-11-01 00:00:00.000,NULL,NULL,NULL,0,NULL,NULL
3831,221101101932,2021-05-06,2022-01-10,01686 COMP-DSK-ICT-PTRE-19,215035,,NULL,2022-11-01 00:00:00.000,NULL,NULL,NULL,0,NULL,NULL
3826,221101095927,2021-07-07,2022-01-10,01441-COMP-NB-ICT-PTRE-17,215122,,NULL,2022-11-01 00:00:00.000,NULL,NULL,NULL,0,NULL,NULL
3827,221101100048,2021-07-08,2022-01-10,01134-COMP-DESK-ICT-PTRE-13,215100,,NULL,2022-11-01 00:00:00.000,NULL,NULL,NULL,0,NULL,NULL
3828,221101101415,2021-07-21,2022-01-10,01351-COMP-DESK-ICT-PTRE-16,215097,,NULL,2022-11-01 00:00:00.000,NULL,NULL,NULL,0,NULL,NULL
3823,221031023127,2020-10-08,2022-01-11,01178-COMP-DESK-ICT-PTRE-13,215028,,NULL,2022-10-31 00:00:00.000,NULL,NULL,NULL,0,NULL,NULL
1418,NULL,2020-05-22,2022-01-12,01642 COMP-DSK-ICT-PTRE-18,154578,,NULL,2022-10-28 00:00:00.000,053573,NULL,NULL,0,NULL,NULL
3822,221028104645,2020-10-27,2022-01-13,01050-COMP-WORK-ICT-PTRE-13,315618,,NULL,2022-10-28 00:00:00.000,NULL,NULL,NULL,0,NULL,NULL
3820,221028103618,2020-10-15,2022-01-17,00755-COMP-DESK-ICT-PTRE-11,204931,,NULL,2022-10-28 00:00:00.000,NULL,NULL,NULL,0,NULL,NULL
3821,221028104530,2020-10-27,2022-01-17,01315-COMP-WORK-ICT-PTRE-15,204995,,NULL,2022-10-28 00:00:00.000,NULL,NULL,NULL,0,NULL,NULL
1494,NULL,2020-05-22,2022-01-18,01774 COMP-DSK-ICT-PTRE-19,194792,,NULL,2022-10-28 00:00:00.000,053573,NULL,NULL,0,NULL,NULL
3819,221028102108,2021-01-06,2022-01-18,01008-COMP-DESK-ICT-PTRE-13,205018,,NULL,2022-10-28 00:00:00.000,NULL,NULL,NULL,0,NULL,NULL
1451,NULL,2020-05-22,2022-01-19,01695 COMP-DSK-ICT-PTRE-19,313418,,NULL,2022-10-27 00:00:00.000,053573,NULL,NULL,0,NULL,NULL
3818,221027021227,2021-04-01,2022-01-19,01268-COMP-DESK-ICT-PTRE-14,073748,,NULL,2022-10-27 00:00:00.000,NULL,NULL,NULL,0,NULL,NULL
1390,NULL,2020-05-22,2022-01-21,01583 COMP-DSK-ICT-PTRE-18,184700,,NULL,2022-10-27 00:00:00.000,053573,NULL,NULL,0,NULL,NULL
1456,NULL,2020-05-22,2022-01-21,01705 COMP-DSK-ICT-PTRE-19,194775,RTO 1 Lantai 2,NULL,2022-10-27 00:00:00.000,053573,NULL,NULL,0,NULL,NULL
3812,221027013516,2020-07-01,2022-01-21,01136-COMP-DESK-ICT-PTRE-13,134388,,NULL,2022-10-27 00:00:00.000,NULL,NULL,NULL,0,NULL,NULL
3815,221027013935,2020-09-10,2022-01-21,01597 COMP-DSK-ICT-PTRE-18,194735,,NULL,2022-10-27 00:00:00.000,NULL,NULL,NULL,0,NULL,NULL
3813,221027013717,2021-02-02,2022-01-21,01760 COMP-NB-ICT-PTRE-19,215083,,NULL,2022-10-27 00:00:00.000,NULL,NULL,NULL,0,NULL,NULL
3814,221027013828,2021-02-03,2022-01-21,01654 COMP-NB-ICT-PTRE-19,215101,,NULL,2022-10-27 00:00:00.000,NULL,NULL,NULL,0,NULL,NULL
3816,221027020331,2021-03-04,2022-01-21,2040 COMP-DSK-ICT-PTRE-20,215087,,NULL,2022-10-27 00:00:00.000,NULL,NULL,NULL,0,NULL,NULL
3811,221027125946,2020-12-01,2022-01-24,01314-COMP-WORK-ICT-PTRE-15,316018,,NULL,2022-10-27 00:00:00.000,NULL,NULL,NULL,0,NULL,NULL
3803,221027110356,2020-01-01,2022-01-26,01816 COMP-DSK-ICT-PTRE-19,194832,,NULL,2022-10-27 00:00:00.000,NULL,NULL,NULL,0,NULL,NULL
3805,221027110936,2020-01-01,2022-01-26,01707 COMP-DSK-ICT-PTRE-19,194833,,NULL,2022-10-27 00:00:00.000,NULL,NULL,NULL,0,NULL,NULL
3802,221027101909,2020-01-15,2022-01-26,01065-COMP-WORK-ICT-PTRE-13,134417,,NULL,2022-10-27 00:00:00.000,NULL,NULL,NULL,0,NULL,NULL
3807,221027112234,2020-02-05,2022-01-26,01457-COMP-NB-ICT-PTRE-18,204966,,NULL,2022-10-27 00:00:00.000,NULL,NULL,NULL,0,NULL,NULL
1393,NULL,2020-05-22,2022-01-26,01589 COMP-DSK-ICT-PTRE-18,194800,,NULL,2022-10-27 00:00:00.000,053573,NULL,NULL,0,NULL,NULL
1469,NULL,2020-05-22,2022-01-26,01731 COMP-DSK-ICT-PTRE-19,194808,,NULL,2022-10-27 00:00:00.000,053573,NULL,NULL,0,NULL,NULL
1498,NULL,2020-05-22,2022-01-26,01782 COMP-DSK-ICT-PTRE-19,194811,,NULL,2022-10-27 00:00:00.000,053573,NULL,NULL,0,NULL,NULL
3808,221027112412,2020-06-01,2022-01-26,00984-COMP-DESK-ICT-PTRE-12,194793,,NULL,2022-10-27 00:00:00.000,NULL,NULL,NULL,0,NULL,NULL
3801,221027101316,2020-06-27,2022-01-26,01528 COMP-DSK-ICT-PTRE-18,315718,,NULL,2022-10-27 00:00:00.000,NULL,NULL,NULL,0,NULL,NULL
3804,221027110659,2020-10-22,2022-01-26,2030 COMP-DSK-ICT-PTRE-20,194839,,NULL,2022-10-27 00:00:00.000,NULL,NULL,NULL,0,NULL,NULL
3809,221027112635,2020-12-01,2022-01-26,01170-COMP-DESK-ICT-PTRE-13,215036,,NULL,2022-10-27 00:00:00.000,NULL,NULL,NULL,0,NULL,NULL
3797,221027095904,2018-07-06,2022-01-27,01274-COMP-DESK-ICT-PTRE-14,184649,,NULL,2022-10-27 00:00:00.000,NULL,NULL,NULL,0,NULL,NULL
94,190218101058,2019-02-18,2022-01-27,01609 COMP-DSK-ICT-PTRE-18,184684,,NULL,2022-10-27 00:00:00.000,NULL,NULL,NULL,0,NULL,NULL
3799,221027100135,2020-02-04,2022-01-27,01284-COMP-DESK-ICT-PTRE-14,194774,,NULL,2022-10-27 00:00:00.000,NULL,NULL,NULL,0,NULL,NULL
3800,221027101129,2020-02-11,2022-01-27,01330-COMP-WORK-ICT-PTRE-15,130111,,NULL,2022-10-27 00:00:00.000,NULL,NULL,NULL,0,NULL,NULL
1382,NULL,2020-05-22,2022-01-27,01567 COMP-DSK-ICT-PTRE-18,316518,,NULL,2022-10-27 00:00:00.000,053573,NULL,NULL,0,NULL,NULL
1395,NULL,2020-05-22,2022-01-27,01593 COMP-DSK-ICT-PTRE-18,316318,RTO 1 Lantai 2 Project JTB,NULL,2022-10-27 00:00:00.000,053573,NULL,NULL,0,NULL,NULL
1461,NULL,2020-05-22,2022-01-27,01715 COMP-DSK-ICT-PTRE-19,194770,,NULL,2022-10-27 00:00:00.000,053573,NULL,NULL,0,NULL,NULL
139,190218112053,2018-07-04,2022-01-31,00753-COMP-DESK-ICT-PTRE-11,304717,,NULL,2022-10-26 00:00:00.000,NULL,NULL,NULL,0,NULL,NULL
1491,NULL,2020-05-22,2022-01-31,01768 COMP-DSK-ICT-PTRE-19,194801,,NULL,2022-10-26 00:00:00.000,053573,NULL,NULL,0,NULL,NULL
3796,221027095750,2020-06-10,2022-01-31,01142-COMP-DESK-ICT-PTRE-13,215058,,NULL,2022-10-27 00:00:00.000,NULL,NULL,NULL,0,NULL,NULL
3793,221027093011,2020-12-01,2022-01-31,01264-COMP-DESK-ICT-PTRE-14,301117,,NULL,2022-10-27 00:00:00.000,NULL,NULL,NULL,0,NULL,NULL
3795,221027093119,2020-12-02,2022-01-31,01470-COMP-DSK-ICT-PTRE-18,194910,,NULL,2022-10-27 00:00:00.000,NULL,NULL,NULL,0,NULL,NULL
3789,221026015323,2021-01-07,2022-01-31,2057 COMP-NB-ICT-PTRE-20,184655,,NULL,2022-10-26 00:00:00.000,NULL,NULL,NULL,0,NULL,NULL
3790,221026015507,2021-01-28,2022-01-31,01435-COMP-NB-ICT-PTRE-17,215123,,NULL,2022-10-26 00:00:00.000,NULL,NULL,NULL,0,NULL,NULL
3787,221026014811,2021-03-05,2022-01-31,01585 COMP-DSK-ICT-PTRE-18,215038,,NULL,2022-10-26 00:00:00.000,NULL,NULL,NULL,0,NULL,NULL
3788,221026015044,2021-03-17,2022-01-31,01349-COMP-DESK-ICT-PTRE-16,215072,,NULL,2022-10-26 00:00:00.000,NULL,NULL,NULL,0,NULL,NULL
3723,220829021456,2021-06-30,2022-01-31,2142-COMP-NB-ICT-PTRE-21,204988,,NULL,2022-10-26 00:00:00.000,NULL,NULL,NULL,0,NULL,NULL
3791,221027091826,2021-07-01,2022-01-31,2148-COMP-NB-ICT-PTRE-21,215068,,NULL,2022-10-27 00:00:00.000,NULL,NULL,NULL,0,NULL,NULL
3792,221027092137,2021-07-01,2022-01-31,01347-COMP-DESK-ICT-PTRE-16,215076,,NULL,2022-10-27 00:00:00.000,NULL,NULL,NULL,0,NULL,NULL
3706,220828082744,2021-07-30,2022-01-31,2156-COMP-NB-ICT-PTRE-21,215077,,NULL,2022-10-26 00:00:00.000,NULL,NULL,NULL,0,NULL,NULL
3724,220829021527,2022-02-01,NULL,2142-COMP-NB-ICT-PTRE-21,215051,NULL,NULL,2022-08-29 00:00:00.000,NULL,NULL,NULL,0,NULL,NULL
2651,210226105131,2020-09-01,2022-02-02,01925 COMP-NB-ICT-PTRE-19,128195,,NULL,2022-11-18 00:00:00.000,NULL,NULL,NULL,0,NULL,NULL
1656,200924033800,2020-01-02,2022-02-03,02014 COMP-NB-ICT-PTRE-20,204938,,NULL,2022-11-18 00:00:00.000,NULL,NULL,NULL,0,NULL,NULL
1219,NULL,2020-05-22,2022-02-03,01255-COMP-DESK-ICT-PTRE-14,033254,,NULL,2022-11-18 00:00:00.000,053573,NULL,NULL,0,NULL,NULL
1302,NULL,2020-05-22,2022-02-03,01448-COMP-NB-ICT-PTRE-17,306017,,NULL,2022-11-18 00:00:00.000,053573,NULL,NULL,0,NULL,NULL
1939,201026105144,2020-10-26,2022-02-03,01311-COMP-WORK-ICT-PTRE-15,194753,,NULL,2024-04-16 00:00:00.000,NULL,NULL,NULL,0,NULL,NULL
3868,221118111229,2020-11-02,2022-02-03,01059-COMP-WORK-ICT-PTRE-13,194744,,NULL,2022-11-18 00:00:00.000,NULL,NULL,NULL,0,NULL,NULL
3869,221118111413,2020-11-03,2022-02-03,01575 COMP-DSK-ICT-PTRE-18,204986,,NULL,2022-11-18 00:00:00.000,NULL,NULL,NULL,0,NULL,NULL
3870,221118111527,2020-11-04,2022-02-03,01329-COMP-WORK-ICT-PTRE-15,194850,,NULL,2022-11-18 00:00:00.000,NULL,NULL,NULL,0,NULL,NULL
3867,221118110916,2020-11-05,2022-02-03,01184-COMP-DESK-ICT-PTRE-13,194740,,NULL,2022-11-18 00:00:00.000,NULL,NULL,NULL,0,NULL,NULL
3865,221118110044,2020-12-03,2022-02-03,01179-COMP-DESK-ICT-PTRE-13,194838,,NULL,2022-11-18 00:00:00.000,NULL,NULL,NULL,0,NULL,NULL
1360,NULL,2021-02-19,2022-02-03,01524 COMP-DSK-ICT-PTRE-18,104142,,NULL,2023-01-12 00:00:00.000,053573,NULL,NULL,0,NULL,NULL
3862,221118103004,2021-03-18,2022-02-03,01843 COMP-DSK-ICT-PTRE-19,215030,,NULL,2022-11-18 00:00:00.000,NULL,NULL,NULL,0,NULL,NULL
3714,220828084851,2021-06-23,2022-02-03,2149-COMP-NB-ICT-PTRE-21,204934,,NULL,2022-11-18 00:00:00.000,NULL,NULL,NULL,0,NULL,NULL
3863,221118103254,2021-09-03,2022-02-03,2133-COMP-NB-ICT-PTRE-21,215043,,NULL,2022-11-18 00:00:00.000,NULL,NULL,NULL,0,NULL,NULL
3864,221118103844,2021-09-09,2022-02-03,01011-COMP-DESK-ICT-PTRE-13,215047,,NULL,2022-11-18 00:00:00.000,NULL,NULL,NULL,0,NULL,NULL
3866,221118110149,2021-09-09,2022-02-03,01268-COMP-DESK-ICT-PTRE-14,215031,,NULL,2022-11-18 00:00:00.000,NULL,NULL,NULL,0,NULL,NULL
3861,221118102653,2021-03-04,2022-02-07,01707 COMP-DSK-ICT-PTRE-19,215063,,NULL,2022-11-18 00:00:00.000,NULL,NULL,NULL,0,NULL,NULL
3860,221117052627,2020-10-08,2022-02-08,01344-COMP-DESK-ICT-PTRE-15,194741,,NULL,2022-11-17 00:00:00.000,NULL,NULL,NULL,0,NULL,NULL
1444,NULL,2020-05-22,2022-02-10,01680 COMP-DSK-ICT-PTRE-19,194840,,NULL,2023-10-31 00:00:00.000,053573,NULL,NULL,0,NULL,NULL
1455,NULL,2020-05-22,2022-02-10,01703 COMP-DSK-ICT-PTRE-19,194780,,NULL,2024-04-24 00:00:00.000,053573,NULL,NULL,0,NULL,NULL
1458,NULL,2020-05-22,2022-02-10,01709 COMP-DSK-ICT-PTRE-19,194772,,NULL,2023-10-27 00:00:00.000,053573,NULL,NULL,0,NULL,NULL
3859,221117052514,2020-05-06,2022-02-14,01234-COMP-DESK-ICT-PTRE-14,204929,,NULL,2022-11-17 00:00:00.000,NULL,NULL,NULL,0,NULL,NULL
3857,221117052304,2021-07-02,2022-02-14,2145-COMP-NB-ICT-PTRE-21,194924,,NULL,2022-11-17 00:00:00.000,NULL,NULL,NULL,0,NULL,NULL
3858,221117052406,2021-07-02,2022-02-14,01349-COMP-DESK-ICT-PTRE-16,204941,,NULL,2022-11-17 00:00:00.000,NULL,NULL,NULL,0,NULL,NULL
1208,NULL,2020-05-22,2022-02-16,01221-COMP-DESK-ICT-PTRE-14,194758,,NULL,2022-11-17 00:00:00.000,053573,NULL,NULL,0,NULL,NULL
3856,221117052027,2020-11-11,2022-02-16,01340-COMP-DESK-ICT-PTRE-15,194769,,NULL,2022-11-17 00:00:00.000,NULL,NULL,NULL,0,NULL,NULL
1454,NULL,2020-05-22,2022-02-18,01701 COMP-DSK-ICT-PTRE-19,194781,,NULL,2022-11-17 00:00:00.000,053573,NULL,NULL,0,NULL,NULL
3855,221117051752,2020-11-17,2022-02-21,01407-COMP-NB-ICT-PTRE-16,194784,,NULL,2022-11-17 00:00:00.000,NULL,NULL,NULL,0,NULL,NULL
3947,230112035907,2021-02-22,2022-02-22,01472-COMP-NB-ICT-PTRE-18,315518,,NULL,2023-06-07 00:00:00.000,NULL,NULL,NULL,0,NULL,NULL
1213,NULL,2020-05-22,2022-02-24,01232-COMP-DESK-ICT-PTRE-14,164608,,NULL,2022-11-17 00:00:00.000,053573,NULL,NULL,0,NULL,NULL
1575,NULL,2020-05-22,2022-02-24,01938 COMP-DSK-ICT-PTRE-19,194908,,NULL,2022-11-17 00:00:00.000,053573,NULL,NULL,0,NULL,NULL
1601,NULL,2020-05-22,2022-02-24,2030 COMP-DSK-ICT-PTRE-20,194782,,NULL,2022-11-17 00:00:00.000,053573,NULL,NULL,0,NULL,NULL
1980,201116071433,2020-11-16,2022-02-24,01824 COMP-DSK-ICT-PTRE-19,194845,,NULL,2022-11-17 00:00:00.000,NULL,NULL,NULL,0,NULL,NULL
3854,221117051503,2021-01-05,2022-02-24,01476-COMP-NB-ICT-PTRE-18,215037,,NULL,2022-11-17 00:00:00.000,NULL,NULL,NULL,0,NULL,NULL
3852,221117050433,2021-02-01,2022-02-24,01632 COMP-DSK-ICT-PTRE-18,130075,,NULL,2022-11-17 00:00:00.000,NULL,NULL,NULL,0,NULL,NULL
3853,221117051411,2021-04-29,2022-02-24,01470-COMP-DSK-ICT-PTRE-18,194892,,NULL,2022-11-17 00:00:00.000,NULL,NULL,NULL,0,NULL,NULL
3845,221117031526,2018-07-04,2022-02-25,00745-COMP-DESK-ICT-PTRE-11,184690,,NULL,2022-11-17 00:00:00.000,NULL,NULL,NULL,0,NULL,NULL
4003,230113025042,2019-03-12,2022-02-25,01507 COMP-DSK-ICT-PTRE-18,315318,,NULL,2023-01-13 00:00:00.000,NULL,NULL,NULL,0,NULL,NULL
1404,NULL,2020-05-22,2022-02-25,01611 COMP-DSK-ICT-PTRE-18,184671,,NULL,2022-11-08 00:00:00.000,053573,NULL,NULL,0,NULL,NULL
1433,NULL,2020-05-22,2022-02-25,01658 COMP-DSK-ICT-PTRE-19,194737,,NULL,2022-11-02 00:00:00.000,053573,NULL,NULL,0,NULL,NULL
1443,NULL,2020-05-22,2022-02-25,01678 COMP-DSK-ICT-PTRE-19,194709,,NULL,2023-01-13 00:00:00.000,053573,NULL,NULL,0,NULL,NULL
1453,NULL,2020-05-22,2022-02-25,01699 COMP-DSK-ICT-PTRE-19,194714,,NULL,2022-11-08 00:00:00.000,053573,NULL,NULL,0,NULL,NULL
1496,NULL,2020-05-22,2022-02-25,01778 COMP-DSK-ICT-PTRE-19,194794,,NULL,2023-01-13 00:00:00.000,053573,NULL,NULL,0,NULL,NULL
3839,221108085353,2020-05-22,2022-02-25,00747-COMP-DESK-ICT-PTRE-11,194739,,NULL,2022-11-08 00:00:00.000,NULL,NULL,NULL,0,NULL,NULL
3848,221117032008,2020-09-25,2022-02-25,01786 COMP-DSK-ICT-PTRE-19,194899,,NULL,2022-11-17 00:00:00.000,NULL,NULL,NULL,0,NULL,NULL
1904,201022111818,2020-10-22,2022-02-25,01839 COMP-DSK-ICT-PTRE-19,194862,,NULL,2022-11-17 00:00:00.000,NULL,NULL,NULL,0,NULL,NULL
3843,221108090046,2020-11-10,2022-02-25,01678 COMP-DSK-ICT-PTRE-19,315318,,NULL,2022-11-08 00:00:00.000,NULL,NULL,NULL,1,306117,2023-01-13 14:42:47.000
3838,221102093309,2020-12-05,2022-02-25,01662 COMP-DSK-ICT-PTRE-19,205023,,NULL,2022-11-02 00:00:00.000,NULL,NULL,NULL,0,NULL,NULL
3846,221117031707,2020-12-10,2022-02-25,01260-COMP-DESK-ICT-PTRE-14,204965,,NULL,2022-11-17 00:00:00.000,NULL,NULL,NULL,0,NULL,NULL
3847,221117031840,2020-12-10,2022-02-25,01571 COMP-DSK-ICT-PTRE-18,184647,,NULL,2022-11-17 00:00:00.000,NULL,NULL,NULL,0,NULL,NULL
3850,221117032333,2021-02-02,2022-02-25,01230-COMP-DESK-ICT-PTRE-14,023096,,NULL,2022-11-17 00:00:00.000,NULL,NULL,NULL,0,NULL,NULL
3842,221108085741,2021-03-01,2022-02-25,2032 COMP-DSK-ICT-PTRE-20,120044,,NULL,2022-11-08 00:00:00.000,NULL,NULL,NULL,0,NULL,NULL
3841,221108085625,2021-03-05,2022-02-25,01895 COMP-DSK-ICT-PTRE-19,184691,,NULL,2022-11-08 00:00:00.000,NULL,NULL,NULL,0,NULL,NULL
3844,221108090221,2021-03-15,2022-02-25,02099-COMP-NB-ICT-PTRE-21,215073,,NULL,2023-01-13 00:00:00.000,NULL,NULL,NULL,0,NULL,NULL
3698,220828080155,2021-09-15,2022-02-25,2162-COMP-NB-ICT-PTRE-21,204943,,NULL,2022-11-02 00:00:00.000,NULL,NULL,NULL,0,NULL,NULL
3849,221117032148,2021-10-07,2022-02-25,2161-COMP-NB-ICT-PTRE-21,204984,,NULL,2022-11-17 00:00:00.000,NULL,NULL,NULL,0,NULL,NULL
3851,221117032810,2022-01-31,2022-02-25,01585 COMP-DSK-ICT-PTRE-18,184666,,NULL,2022-11-17 00:00:00.000,NULL,NULL,NULL,0,NULL,NULL
3707,220828082954,2022-02-25,NULL,2156-COMP-NB-ICT-PTRE-21,134405,NULL,NULL,2022-08-28 00:00:00.000,NULL,NULL,NULL,0,NULL,NULL
3716,220828090520,2022-02-25,NULL,2148-COMP-NB-ICT-PTRE-21,215075,,NULL,2022-11-02 00:00:00.000,NULL,NULL,NULL,1,306117,2023-01-13 14:20:43.000
4002,230113022058,2022-02-25,NULL,2148-COMP-NB-ICT-PTRE-21,215075,NULL,NULL,2023-01-13 00:00:00.000,NULL,NULL,NULL,0,NULL,NULL
3768,220830020124,2022-03-01,NULL,01772 COMP-DSK-ICT-PTRE-19,194802,NULL,NULL,2022-08-30 00:00:00.000,NULL,NULL,NULL,0,NULL,NULL
3933,230111011209,2022-03-02,NULL,01344-COMP-DESK-ICT-PTRE-15,225129,,NULL,2023-01-13 00:00:00.000,NULL,NULL,NULL,0,NULL,NULL
1487,NULL,2020-05-22,2022-03-08,01762 COMP-NB-ICT-PTRE-19,184703,,NULL,2023-01-11 00:00:00.000,053573,NULL,NULL,0,NULL,NULL
2642,210209081448,2021-02-09,2022-03-09,02102-COMP-NB-ICT-PTRE-21,194883,,NULL,2023-01-10 00:00:00.000,NULL,NULL,NULL,0,NULL,NULL
3932,230110052006,2021-10-12,2022-03-09,01721 COMP-DSK-ICT-PTRE-19,184661,,NULL,2023-01-10 00:00:00.000,NULL,NULL,NULL,0,NULL,NULL
1627,200924094154,2020-03-01,2022-03-10,2060 COMP-NB-ICT-PTRE-20,204944,,NULL,2023-01-10 00:00:00.000,NULL,NULL,NULL,0,NULL,NULL
2646,210219113909,2021-02-19,2022-03-10,01806 COMP-DSK-ICT-PTRE-19,215038,,NULL,2025-03-26 00:00:00.000,NULL,NULL,NULL,0,NULL,NULL
61,190218092934,2019-02-18,2022-03-15,01481-COMP-NB-ICT-PTRE-18,304017,,NULL,2023-01-10 00:00:00.000,NULL,NULL,NULL,0,NULL,NULL
3731,220829022427,2022-03-17,NULL,2137-COMP-NB-ICT-PTRE-21,309518,NULL,NULL,2022-08-29 00:00:00.000,NULL,NULL,NULL,0,NULL,NULL
3748,220829030456,2021-04-29,2022-03-18,2123-COMP-NB-ICT-PTRE-21,215057,,NULL,2023-01-10 00:00:00.000,NULL,NULL,NULL,0,NULL,NULL
3699,220828080253,2022-03-18,NULL,2162-COMP-NB-ICT-PTRE-21,194787,,NULL,2023-01-10 00:00:00.000,NULL,NULL,NULL,0,NULL,NULL
3931,230110051203,2022-03-23,NULL,01755 COMP-NB-ICT-PTRE-19,225132,NULL,NULL,2023-01-10 00:00:00.000,NULL,NULL,NULL,0,NULL,NULL
3764,220829031931,2021-03-10,2022-03-30,2109-COMP-NB-ICT-PTRE-21,194835,,NULL,2023-01-10 00:00:00.000,NULL,NULL,NULL,0,NULL,NULL
3930,230110050621,2022-03-30,NULL,2186-COMP-NB-ICT-PTRE-22,114229,NULL,NULL,2023-01-10 00:00:00.000,NULL,NULL,NULL,0,NULL,NULL
1468,NULL,2020-05-22,2022-03-31,01729 COMP-DSK-ICT-PTRE-19,194805,,NULL,2022-11-18 00:00:00.000,053573,NULL,NULL,0,NULL,NULL
3872,221118112223,2020-11-04,2022-03-31,01342-COMP-DESK-ICT-PTRE-15,194906,,NULL,2023-01-10 00:00:00.000,NULL,NULL,NULL,0,NULL,NULL
2624,210209064935,2020-11-05,2022-03-31,02084-COMP-NB-ICT-PTRE-20,205014,Dipakai di rumah,NULL,2022-11-18 00:00:00.000,NULL,NULL,NULL,0,NULL,NULL
3873,221118112458,2020-11-05,2022-03-31,01828 COMP-DSK-ICT-PTRE-19,194814,,NULL,2022-11-18 00:00:00.000,NULL,NULL,NULL,0,NULL,NULL
3878,221118113104,2021-01-28,2022-03-31,01278-COMP-DESK-ICT-PTRE-14,215029,,NULL,2022-11-18 00:00:00.000,NULL,NULL,NULL,0,NULL,NULL
3874,221118112627,2021-03-19,2022-03-31,01575 COMP-DSK-ICT-PTRE-18,194730,,NULL,2022-11-18 00:00:00.000,NULL,NULL,NULL,0,NULL,NULL
3876,221118112854,2021-04-07,2022-03-31,01522-COM-DSK-ICT-PTRE-18,204992,,NULL,2022-11-18 00:00:00.000,NULL,NULL,NULL,0,NULL,NULL
3877,221118112947,2021-04-08,2022-03-31,01528 COMP-DSK-ICT-PTRE-18,204936,,NULL,2022-11-18 00:00:00.000,NULL,NULL,NULL,0,NULL,NULL
3725,220829021954,2021-06-30,2022-03-31,2141-COMP-NB-ICT-PTRE-21,215029,,NULL,2023-01-13 00:00:00.000,NULL,NULL,NULL,0,NULL,NULL
3662,220724092313,2022-04-09,NULL,02186-COMP-NB-ICT-PTRE-22,114229,NULL,NULL,2022-07-24 00:00:00.000,NULL,NULL,NULL,0,NULL,NULL
219,190218025221,2018-07-04,2022-04-11,00839-COMP-DESK-ICT-PTRE-12,300319,,NULL,2023-01-12 00:00:00.000,NULL,NULL,NULL,0,NULL,NULL
3940,230112014347,2022-04-12,NULL,2032 COMP-DSK-ICT-PTRE-20,073775,NULL,NULL,2023-01-12 00:00:00.000,NULL,NULL,NULL,0,NULL,NULL
99,190218101619,2019-02-18,2022-04-13,01530 COMP-DSK-ICT-PTRE-18,312318,,NULL,2023-01-12 00:00:00.000,NULL,NULL,NULL,0,NULL,NULL
3939,230112012344,2021-01-06,2022-04-13,01884 COMP-NB-ICT-PTRE-19,184676,,NULL,2023-01-12 00:00:00.000,NULL,NULL,NULL,0,NULL,NULL
3704,220828082539,2021-08-02,2022-04-18,2157-COMP-NB-ICT-PTRE-21,215085,,NULL,2023-01-12 00:00:00.000,NULL,NULL,NULL,0,NULL,NULL
3708,220828083102,2021-07-30,2022-04-20,2155-COMP-NB-ICT-PTRE-21,215080,,NULL,2025-09-23 00:00:00.000,NULL,NULL,NULL,0,NULL,NULL
3938,230112105822,2021-01-05,2022-04-25,00498-COMP-DESK-ICT-PTRE-08,215082,,NULL,2023-01-12 00:00:00.000,NULL,NULL,NULL,0,NULL,NULL
1533,NULL,2020-05-22,2022-04-27,01851 COMP-DSK-ICT-PTRE-19,194844,,NULL,2023-01-12 00:00:00.000,053573,NULL,NULL,0,NULL,NULL
3937,230112101931,2022-02-22,2022-04-27,01611 COMP-DSK-ICT-PTRE-18,215124,,NULL,2023-01-12 00:00:00.000,NULL,NULL,NULL,0,NULL,NULL
80,190218095656,2019-02-18,2022-04-28,01551 COMP-DSK-ICT-PTRE-18,104156,,NULL,2023-01-12 00:00:00.000,NULL,NULL,NULL,0,NULL,NULL
1576,NULL,2020-05-22,2022-04-28,01940 COMP-DSK-ICT-PTRE-19,194901,,NULL,2023-01-12 00:00:00.000,053573,NULL,NULL,0,NULL,NULL
1966,201110103942,2020-11-10,2022-04-28,01950 COMP-DSK-ICT-PTRE-19,194884,,NULL,2023-01-12 00:00:00.000,NULL,NULL,NULL,0,NULL,NULL
3934,230111020325,2017-03-21,2022-04-29,01410-COMP-NB-ICT-PTRE-17,124351,,NULL,2023-01-11 00:00:00.000,NULL,NULL,NULL,0,NULL,NULL
113,190218103315,2018-07-04,2022-04-29,00759-COMP-DESK-ICT-PTRE-11,144502,,NULL,2023-01-12 00:00:00.000,NULL,NULL,NULL,0,NULL,NULL
1438,NULL,2020-05-22,2022-04-29,01668 COMP-DSK-ICT-PTRE-19,316618,,NULL,2023-01-11 00:00:00.000,053573,NULL,NULL,0,NULL,NULL
1509,NULL,2020-05-22,2022-04-29,01804 COMP-DSK-ICT-PTRE-19,194824,,NULL,2023-01-11 00:00:00.000,053573,NULL,NULL,0,NULL,NULL
3935,230112100219,2021-02-02,2022-04-29,01927 COMP-NB-ICT-PTRE-19,315918,,NULL,2023-01-12 00:00:00.000,NULL,NULL,NULL,0,NULL,NULL
3936,230112100501,2021-03-09,2022-04-29,01429-COMP-NB-ICT-PTRE-17,215045,,NULL,2023-01-12 00:00:00.000,NULL,NULL,NULL,0,NULL,NULL
3705,220828082617,2022-05-05,NULL,2157-COMP-NB-ICT-PTRE-21,301817,,NULL,2023-02-02 00:00:00.000,NULL,NULL,NULL,0,NULL,NULL
3941,230112014855,2019-10-09,2022-05-09,00867-COMP-DESK-ICT-PTRE-12,104090,,NULL,2023-01-12 00:00:00.000,NULL,NULL,NULL,0,NULL,NULL
3721,220829021252,2021-06-30,2022-05-10,2143-COMP-NB-ICT-PTRE-21,194908,,NULL,2026-08-14 00:00:00.000,NULL,NULL,NULL,0,NULL,NULL
1950,201109031117,2020-11-09,2022-05-11,01907 COMP-DSK-ICT-PTRE-19,083913,RTO 1 Lantai 2,NULL,2023-01-12 00:00:00.000,NULL,NULL,NULL,0,NULL,NULL
3949,230112042410,2019-04-17,2022-05-19,01747 COMP-NB-ICT-PTRE-19,114233,,NULL,2023-01-12 00:00:00.000,NULL,NULL,NULL,0,NULL,NULL
3948,230112042304,2020-01-08,2022-05-19,01995 COMP-NB-ICT-PTRE-19,114233,,NULL,2023-01-12 00:00:00.000,NULL,NULL,NULL,0,NULL,NULL
3683,220824031838,2021-09-29,2022-05-20,2173-COMP-NB-ICT-PTRE-21,215055,,NULL,2023-01-12 00:00:00.000,NULL,NULL,NULL,0,NULL,NULL
1324,NULL,2020-05-22,2022-05-23,01475-COMP-NB-ICT-PTRE-18,308418,,NULL,2023-07-03 00:00:00.000,053573,NULL,NULL,0,NULL,NULL
1896,201022100918,2020-10-22,2022-05-23,01822 COMP-DSK-ICT-PTRE-19,194916,,NULL,2023-10-27 00:00:00.000,NULL,NULL,NULL,0,NULL,NULL
2659,210407032349,2021-04-07,2022-05-23,01723 COMP-DSK-ICT-PTRE-19,194800,,NULL,2023-10-27 00:00:00.000,NULL,NULL,NULL,0,NULL,NULL
2660,210407032401,2021-04-07,2022-05-23,01723 COMP-DSK-ICT-PTRE-19,309718,,NULL,2023-10-27 00:00:00.000,NULL,NULL,NULL,0,NULL,NULL
1958,201109041529,2020-11-09,2022-05-27,01831 COMP-WORK-ICT-PTRE-19,194875,RTO 1 Lantai 2,NULL,2023-01-12 00:00:00.000,NULL,NULL,NULL,0,NULL,NULL
3946,230112035745,2022-05-27,NULL,01831 COMP-WORK-ICT-PTRE-19,110003,NULL,NULL,2023-01-12 00:00:00.000,NULL,NULL,NULL,0,NULL,NULL
2649,210225024516,2020-05-01,2022-05-31,01954 COMP-DSK-ICT-PTRE-19,184688,WFH,NULL,2023-01-12 00:00:00.000,NULL,NULL,NULL,0,NULL,NULL
1497,NULL,2020-05-22,2022-05-31,01780 COMP-DSK-ICT-PTRE-19,194803,,NULL,2023-01-12 00:00:00.000,053573,NULL,NULL,0,NULL,NULL
3943,230112032610,2021-03-16,2022-05-31,01159-COMP-DESK-ICT-PTRE-13,204942,,NULL,2023-01-12 00:00:00.000,NULL,NULL,NULL,0,NULL,NULL
3945,230112032924,2021-05-24,2022-05-31,2028 COMP-DSK-ICT-PTRE-20,204982,,NULL,2023-01-12 00:00:00.000,NULL,NULL,NULL,0,NULL,NULL
3720,220829111129,2021-06-10,2022-05-31,2144-COMP-NB-ICT-PTRE-21,204999,,NULL,2023-01-12 00:00:00.000,NULL,NULL,NULL,0,NULL,NULL
3666,220724092746,2021-10-29,2022-05-31,2182-COMP-NB-ICT-PTRE-21,154576,,NULL,2022-07-24 00:00:00.000,NULL,NULL,NULL,0,NULL,NULL
3944,230112032806,2022-01-31,2022-05-31,2057 COMP-NB-ICT-PTRE-20,307818,,NULL,2023-01-12 00:00:00.000,NULL,NULL,NULL,0,NULL,NULL
3671,220804024106,2022-05-31,NULL,2178-COMP-NB-ICT-PTRE-21,124293,NULL,NULL,2022-08-04 00:00:00.000,NULL,NULL,NULL,1,053573,2022-08-04 15:40:00.000
3672,220804033956,2022-05-31,NULL,2178-COMP-NB-ICT-PTRE-21,124293,NULL,NULL,2022-08-04 00:00:00.000,NULL,NULL,NULL,1,225164,2026-05-25 13:29:12.000
2616,210209060554,2020-07-20,2022-06-01,02075-COMP-NB-ICT-PTRE-20,031773,"untuk keperluan site survey, digunakan user di site project",NULL,2023-11-02 00:00:00.000,NULL,NULL,NULL,0,NULL,NULL
1595,NULL,2020-05-22,2022-06-02,2023 COMP-NB-ICT-PTRE-20,114170,,NULL,2023-01-12 00:00:00.000,053573,NULL,NULL,0,NULL,NULL
3678,220824030223,2022-06-08,NULL,2187-PRNT-INK-ICT-PTRE-22,022005,NULL,NULL,2022-08-24 00:00:00.000,NULL,NULL,NULL,0,NULL,NULL
4250,240123105012,2020-11-09,2022-06-09,01672 COMP-DSK-ICT-PTRE-19,114191,,NULL,2025-02-15 00:00:00.000,NULL,NULL,NULL,0,NULL,NULL
3903,221129093903,2022-01-21,2022-06-09,01654 COMP-NB-ICT-PTRE-19,194777,,NULL,2023-01-12 00:00:00.000,NULL,NULL,NULL,0,NULL,NULL
4037,230321111845,2022-03-10,2022-06-10,01996 COMP-NB-ICT-PTRE-19,134463,,NULL,2024-03-12 00:00:00.000,NULL,NULL,NULL,0,NULL,NULL
4042,230612054141,2022-06-12,NULL,2023 COMP-NB-ICT-PTRE-20,154576,NULL,NULL,2023-06-12 00:00:00.000,NULL,NULL,NULL,0,NULL,NULL
1503,NULL,2020-05-22,2022-06-14,01792 COMP-DSK-ICT-PTRE-19,194710,,NULL,2024-10-18 00:00:00.000,053573,NULL,NULL,0,NULL,NULL
3695,220828075906,2021-09-30,2022-06-24,2164-COMP-NB-ICT-PTRE-21,215106,,NULL,2023-01-12 00:00:00.000,NULL,NULL,NULL,0,NULL,NULL
3952,230112044907,2022-06-28,NULL,01780 COMP-DSK-ICT-PTRE-19,225137,NULL,NULL,2023-01-12 00:00:00.000,NULL,NULL,NULL,0,NULL,NULL
165,190218014524,2019-02-19,2022-06-30,01595 COMP-DSK-ICT-PTRE-18,194871,RTO 1 Lantai 2,NULL,2023-01-12 00:00:00.000,NULL,NULL,NULL,0,NULL,NULL
2650,210225045919,2020-05-01,2022-06-30,01745 COMP-NB-ICT-PTRE-19,124271,WFH,NULL,2023-01-12 00:00:00.000,NULL,NULL,NULL,0,NULL,NULL
3951,230112043125,2021-08-10,2022-06-30,01636 COMP-DSK-ICT-PTRE-18,215069,,NULL,2023-01-12 00:00:00.000,NULL,NULL,NULL,0,NULL,NULL
3950,230112042834,2022-01-07,2022-06-30,01581 COMP-DSK-ICT-PTRE-18,215056,,NULL,2023-01-12 00:00:00.000,NULL,NULL,NULL,0,NULL,NULL
252,190513033846,2019-05-13,2022-07-01,01655 COMP-NB-ICT-PTRE-19,020036,,NULL,2023-01-13 00:00:00.000,NULL,NULL,NULL,0,NULL,NULL
3758,220829031307,2022-07-01,NULL,2115-COMP-NB-ICT-PTRE-21,130107,NULL,NULL,2022-08-29 00:00:00.000,NULL,NULL,NULL,0,NULL,NULL
3664,220724092548,2022-02-28,2022-07-05,2184-COMP-NB-ICT-PTRE-21,124349,,NULL,2024-04-16 00:00:00.000,NULL,NULL,NULL,0,NULL,NULL
1583,NULL,2020-05-22,2022-07-06,01975 COMP-DSK-ICT-PTRE-19,194924,,NULL,2025-02-15 00:00:00.000,053573,NULL,NULL,0,NULL,NULL
3663,220724092408,2021-10-29,2022-07-07,2185-COMP-NB-ICT-PTRE-21,312418,,NULL,2023-01-13 00:00:00.000,NULL,NULL,NULL,0,NULL,NULL
1948,201109023602,2020-11-09,2022-07-12,01800 COMP-DSK-ICT-PTRE-19,194777,RTO 1 Lantai 2,NULL,2026-08-11 00:00:00.000,NULL,NULL,NULL,0,NULL,NULL
3960,230113095702,2022-07-12,NULL,2183-COMP-NB-ICT-PTRE-21,225141,NULL,NULL,2023-01-13 00:00:00.000,NULL,NULL,NULL,0,NULL,NULL
1972,201110105222,2020-11-10,2022-07-15,01711 COMP-DSK-ICT-PTRE-19,194771,,NULL,2023-10-27 00:00:00.000,NULL,NULL,NULL,0,NULL,NULL
1282,NULL,2020-05-22,2022-07-25,01428-COMP-NB-ICT-PTRE-17,134370,,NULL,2023-01-13 00:00:00.000,053573,NULL,NULL,0,NULL,NULL
3959,230113095541,2022-07-25,NULL,01428-COMP-NB-ICT-PTRE-17,225144,NULL,NULL,2023-01-13 00:00:00.000,NULL,NULL,NULL,0,NULL,NULL
3956,230113095147,2021-02-16,2022-07-28,01607 COMP-DSK-ICT-PTRE-18,194912,,NULL,2023-01-13 00:00:00.000,NULL,NULL,NULL,0,NULL,NULL
3955,230113095007,2020-08-27,2022-07-29,01024-COMP-DESK-ICT-PTRE-13,300320,,NULL,2023-01-13 00:00:00.000,NULL,NULL,NULL,0,NULL,NULL
1947,201109023312,2020-05-27,2022-07-31,01624 COMP-DSK-ICT-PTRE-18,184699,RTO 1 Lantai 2,NULL,2024-04-01 00:00:00.000,NULL,NULL,NULL,0,NULL,NULL
1516,NULL,2020-05-22,2022-08-01,01818 COMP-DSK-ICT-PTRE-19,194837,,NULL,2023-01-13 00:00:00.000,053573,NULL,NULL,0,NULL,NULL
2648,210222025230,2021-02-22,2022-08-01,01919 COMP-NB-ICT-PTRE-19,305517,,NULL,2022-11-29 00:00:00.000,NULL,NULL,NULL,0,NULL,NULL
3980,230113110453,2022-05-31,2022-08-01,2028 COMP-DSK-ICT-PTRE-20,204946,,NULL,2023-01-13 00:00:00.000,NULL,NULL,NULL,0,NULL,NULL
3679,220824030553,2022-08-01,NULL,2188-COMP-NB-ICT-PTRE-22,124278,,NULL,2023-01-13 00:00:00.000,NULL,NULL,NULL,0,NULL,NULL
1367,NULL,2020-05-22,2022-08-02,01536 COMP-NB-ICT-PTRE-18,134370,,NULL,2023-01-13 00:00:00.000,053573,NULL,NULL,0,NULL,NULL
3702,220828082320,2022-08-02,NULL,2159-COMP-NB-ICT-PTRE-21,164600,,NULL,2023-01-13 00:00:00.000,NULL,NULL,NULL,0,NULL,NULL
1467,NULL,2020-05-22,2022-08-03,01727 COMP-DSK-ICT-PTRE-19,194798,,NULL,2025-01-21 00:00:00.000,053573,NULL,NULL,0,NULL,NULL
3978,230113110126,2022-08-03,NULL,01585 COMP-DSK-ICT-PTRE-18,225151,NULL,NULL,2023-01-13 00:00:00.000,NULL,NULL,NULL,0,NULL,NULL
3979,230113110217,2022-08-03,NULL,2040 COMP-DSK-ICT-PTRE-20,225150,NULL,NULL,2023-01-13 00:00:00.000,NULL,NULL,NULL,0,NULL,NULL
6355,240424045416,2022-08-03,NULL,01977 COMP-DSK-ICT-PTRE-19,033043,NULL,NULL,2024-04-24 00:00:00.000,NULL,NULL,NULL,0,NULL,NULL
3942,230112032305,2022-04-04,2022-08-04,01524 COMP-DSK-ICT-PTRE-18,225131,,NULL,2023-01-13 00:00:00.000,NULL,NULL,NULL,0,NULL,NULL
3975,230113105838,2022-08-04,NULL,01589 COMP-DSK-ICT-PTRE-18,225149,NULL,NULL,2023-01-13 00:00:00.000,NULL,NULL,NULL,0,NULL,NULL
3976,230113105945,2022-08-04,NULL,01524 COMP-DSK-ICT-PTRE-18,225146,NULL,NULL,2023-01-13 00:00:00.000,NULL,NULL,NULL,0,NULL,NULL
3977,230113110038,2022-08-04,NULL,01534 COMP-NB-ICT-PTRE-18,083970,NULL,NULL,2023-01-13 00:00:00.000,NULL,NULL,NULL,0,NULL,NULL
3974,230113105742,2022-08-05,NULL,01747 COMP-NB-ICT-PTRE-19,313518,NULL,NULL,2023-01-13 00:00:00.000,NULL,NULL,NULL,0,NULL,NULL
3961,230113095817,2022-07-11,2022-08-08,01593 COMP-DSK-ICT-PTRE-18,225143,,NULL,2023-01-13 00:00:00.000,NULL,NULL,NULL,0,NULL,NULL
3972,230113105504,2022-08-09,NULL,2182-COMP-NB-ICT-PTRE-21,225148,NULL,NULL,2023-01-13 00:00:00.000,NULL,NULL,NULL,1,306117,2023-01-16 10:40:49.000
4015,230116104130,2022-08-09,NULL,2185-COMP-NB-ICT-PTRE-21,225148,NULL,NULL,2023-01-16 00:00:00.000,NULL,NULL,NULL,0,NULL,NULL
1291,NULL,2020-05-22,2022-08-10,01437-COMP-NB-ICT-PTRE-17,305217,,NULL,2023-01-13 00:00:00.000,053573,NULL,NULL,0,NULL,NULL
3971,230113105146,2022-08-10,NULL,01536 COMP-NB-ICT-PTRE-18,204947,NULL,NULL,2023-01-13 00:00:00.000,NULL,NULL,NULL,0,NULL,NULL
1366,NULL,2020-05-22,2022-08-11,01534 COMP-NB-ICT-PTRE-18,194716,,NULL,2023-01-13 00:00:00.000,053573,NULL,NULL,0,NULL,NULL
3767,220830015359,2019-11-01,2022-08-16,01849 COMP-DSK-ICT-PTRE-19,194828,,NULL,2023-01-13 00:00:00.000,NULL,NULL,NULL,0,NULL,NULL
3681,220824031013,2022-08-16,NULL,2189-PERP-PROJ-ICT-PTRE-22,053573,NULL,NULL,2022-08-24 00:00:00.000,NULL,NULL,NULL,0,NULL,NULL
3970,230113104902,2022-08-16,NULL,2057 COMP-NB-ICT-PTRE-20,225152,NULL,NULL,2023-01-13 00:00:00.000,NULL,NULL,NULL,0,NULL,NULL
3969,230113104725,2020-05-27,2022-08-18,01521-COMP-NB-ICT-PTRE-18,313518,,NULL,2023-01-13 00:00:00.000,NULL,NULL,NULL,0,NULL,NULL
3954,230112045226,2022-06-09,2022-08-22,01654 COMP-NB-ICT-PTRE-19,225136,,NULL,2023-01-13 00:00:00.000,NULL,NULL,NULL,0,NULL,NULL
1899,201022102214,2020-10-22,2022-08-23,01561 COMP-DSK-ICT-PTRE-18,184659,,NULL,2023-10-28 00:00:00.000,NULL,NULL,NULL,0,NULL,NULL
1918,201022020837,2020-10-22,2022-08-23,01979 COMP-DSK-ICT-PTRE-19,194922,,NULL,2023-10-28 00:00:00.000,NULL,NULL,NULL,0,NULL,NULL
3680,220824030957,2022-08-24,NULL,2189-PERP-PROJ-ICT-PTRE-22,053573,NULL,NULL,2022-08-24 00:00:00.000,NULL,NULL,NULL,0,NULL,NULL
1287,NULL,2018-07-09,2022-08-25,01433-COMP-NB-ICT-PTRE-17,836911,,NULL,2023-01-13 00:00:00.000,053573,NULL,NULL,0,NULL,NULL
3770,220914015644,2018-07-09,2022-08-25,01468-COMP-NB-ICT-PTRE-18,305917,,NULL,2023-01-13 00:00:00.000,NULL,NULL,NULL,0,NULL,NULL
3749,220829030520,2022-03-18,2022-08-25,2123-COMP-NB-ICT-PTRE-21,204993,,NULL,2023-01-13 00:00:00.000,NULL,NULL,NULL,0,NULL,NULL
3968,230113103216,2022-05-20,2022-08-25,2173-COMP-NB-ICT-PTRE-21,308518,,NULL,2023-01-13 00:00:00.000,NULL,NULL,NULL,0,NULL,NULL
3967,230113102625,2022-07-28,2022-08-25,01607 COMP-DSK-ICT-PTRE-18,194779,,NULL,2023-01-13 00:00:00.000,NULL,NULL,NULL,0,NULL,NULL
3689,220828075330,2021-10-01,2022-08-26,2170-COMP-NB-ICT-PTRE-21,194826,,NULL,2023-01-13 00:00:00.000,NULL,NULL,NULL,0,NULL,NULL
3957,230113095335,2022-03-08,2022-08-26,01762 COMP-NB-ICT-PTRE-19,194882,,NULL,2023-01-13 00:00:00.000,NULL,NULL,NULL,0,NULL,NULL
3771,220914015809,2022-08-26,NULL,01468-COMP-NB-ICT-PTRE-18,134408,NULL,NULL,2022-09-14 00:00:00.000,NULL,NULL,NULL,1,225164,2026-10-02 11:00:19.000
3775,220915092142,2022-08-26,NULL,01762 COMP-NB-ICT-PTRE-19,154565,NULL,NULL,2022-09-15 00:00:00.000,NULL,NULL,NULL,1,306117,2023-01-13 09:54:11.000
3966,230113102108,2022-08-26,NULL,01385-COMP-DESK-ICT-PTRE-16,073770,NULL,NULL,2023-01-13 00:00:00.000,NULL,NULL,NULL,0,NULL,NULL
3965,230113101913,2022-01-27,2022-08-29,01609 COMP-DSK-ICT-PTRE-18,194909,,NULL,2023-01-13 00:00:00.000,NULL,NULL,NULL,0,NULL,NULL
3964,230113101721,2022-07-29,2022-08-30,01024-COMP-DESK-ICT-PTRE-13,300320,,NULL,2023-01-13 00:00:00.000,NULL,NULL,NULL,0,NULL,NULL
3694,220828075801,2021-09-30,2022-09-01,2165-COMP-NB-ICT-PTRE-21,215070,,NULL,2023-01-13 00:00:00.000,NULL,NULL,NULL,0,NULL,NULL
3995,230113014430,2021-02-10,2022-09-02,01973 COMP-NB-ICT-PTRE-19,194861,,NULL,2023-01-13 00:00:00.000,NULL,NULL,NULL,0,NULL,NULL
1238,NULL,2020-05-22,2022-09-05,01304-COMP-NB-ICT-PTRE-15,308718,,NULL,2023-01-13 00:00:00.000,053573,NULL,NULL,0,NULL,NULL
6374,240508083700,2022-09-05,NULL,2138-COMP-NB-ICT-PTRE-21,235315,,NULL,2024-05-08 00:00:00.000,NULL,NULL,NULL,0,NULL,NULL
3989,230113115124,2022-09-06,NULL,2157-COMP-NB-ICT-PTRE-21,225159,NULL,NULL,2023-01-13 00:00:00.000,NULL,NULL,NULL,1,306117,2023-02-02 16:51:32.000
3987,230113115014,2022-02-25,2022-09-07,02099-COMP-NB-ICT-PTRE-21,130083,,NULL,2023-01-13 00:00:00.000,NULL,NULL,NULL,0,NULL,NULL
3985,230113114716,2022-09-08,2022-09-14,2170-COMP-NB-ICT-PTRE-21,225146,,NULL,2023-01-13 00:00:00.000,NULL,NULL,NULL,0,NULL,NULL
3772,220914031906,2022-09-14,NULL,02099-COMP-NB-ICT-PTRE-21,225147,NULL,NULL,2022-09-14 00:00:00.000,NULL,NULL,NULL,1,306117,2023-01-13 11:43:37.000
3773,220914032014,2022-09-14,NULL,2170-COMP-NB-ICT-PTRE-21,225153,NULL,NULL,2022-09-14 00:00:00.000,NULL,NULL,NULL,1,306117,2023-01-13 11:47:24.000
3984,230113114356,2022-09-14,NULL,02099-COMP-NB-ICT-PTRE-21,225147,NULL,NULL,2023-01-13 00:00:00.000,NULL,NULL,NULL,1,306117,2023-01-13 11:50:34.000
3992,230113013115,2022-03-31,2022-09-15,01522-COM-DSK-ICT-PTRE-18,194749,,NULL,2023-01-13 00:00:00.000,NULL,NULL,NULL,0,NULL,NULL
3983,230113114231,2022-09-15,NULL,01165-PERP-PROJ-ICT-PTRE-13,124281,NULL,NULL,2023-01-13 00:00:00.000,NULL,NULL,NULL,0,NULL,NULL
3982,230113114146,2022-09-16,NULL,01995 COMP-NB-ICT-PTRE-19,083914,NULL,NULL,2023-01-13 00:00:00.000,NULL,NULL,NULL,0,NULL,NULL
4005,230113031705,2020-10-06,2022-09-21,01993 COMP-DSK-ICT-PTRE-19,184695,,NULL,2023-01-13 00:00:00.000,NULL,NULL,NULL,0,NULL,NULL
3778,221020033259,2022-09-22,NULL,2194 COMP-NB-ICT-PTRE-22,134408,Dipakai Ase,NULL,2022-10-20 00:00:00.000,NULL,NULL,NULL,0,NULL,NULL
3900,221122025254,2021-09-01,2022-09-27,01456-COMP-NB-ICT-PTRE-18,194873,,NULL,2022-11-22 00:00:00.000,NULL,NULL,NULL,0,NULL,NULL
3779,221020050309,2022-09-27,NULL,2195-COMP-NB-ICT-PTRE-22,7911032,,NULL,2022-11-22 00:00:00.000,NULL,NULL,NULL,0,NULL,NULL
1201,NULL,2020-05-22,2022-09-28,01176-COMP-DESK-ICT-PTRE-13,304317,,NULL,2022-11-22 00:00:00.000,053573,NULL,NULL,0,NULL,NULL
3899,221122024815,2022-09-28,NULL,01456-COMP-NB-ICT-PTRE-18,225161,NULL,NULL,2022-11-22 00:00:00.000,NULL,NULL,NULL,1,306117,2023-01-13 11:39:07.000
3898,221122024626,2022-09-29,NULL,01729 COMP-DSK-ICT-PTRE-19,063679,NULL,NULL,2022-11-22 00:00:00.000,NULL,NULL,NULL,0,NULL,NULL
154,190218012833,2019-02-18,2022-09-30,01565 COMP-DSK-ICT-PTRE-18,184655,,NULL,2023-01-13 00:00:00.000,NULL,NULL,NULL,0,NULL,NULL
3727,220829022053,2021-06-11,2022-10-03,2140-COMP-NB-ICT-PTRE-21,194766,,NULL,2022-11-21 00:00:00.000,NULL,NULL,NULL,0,NULL,NULL
4004,230113031010,2022-08-02,2022-10-03,2161-COMP-NB-ICT-PTRE-21,225129,,NULL,2023-01-13 00:00:00.000,NULL,NULL,NULL,1,225164,2025-07-21 08:51:16.000
3896,221121051729,2022-10-03,NULL,01522-COM-DSK-ICT-PTRE-18,130072,NULL,NULL,2022-11-21 00:00:00.000,NULL,NULL,NULL,1,306117,2023-01-13 13:31:21.000
3897,221122024116,2022-10-03,NULL,01983-FUR-LC-CFS-PTRE-14,300217,,NULL,2022-11-22 00:00:00.000,NULL,NULL,NULL,0,NULL,NULL
3993,230113013137,2022-10-03,NULL,01522-COM-DSK-ICT-PTRE-18,130072,NULL,NULL,2023-01-13 00:00:00.000,NULL,NULL,NULL,0,NULL,NULL
3997,230113014944,2022-10-03,NULL,01983 COMP-DSK-ICT-PTRE-19,300217,NULL,NULL,2023-01-13 00:00:00.000,NULL,NULL,NULL,0,NULL,NULL
3777,221004095756,2022-10-04,NULL,01713 COMP-DSK-ICT-PTRE-19,134391,NULL,NULL,2022-10-04 00:00:00.000,NULL,NULL,NULL,0,NULL,NULL
2662,210831103725,2021-08-31,2022-10-05,01644 COMP-NB-ICT-PTRE-18,204932,,NULL,2022-11-21 00:00:00.000,NULL,NULL,NULL,0,NULL,NULL
3817,221027020859,2022-01-19,2022-10-05,01991 COMP-DSK-ICT-PTRE-19,205024,,NULL,2022-11-21 00:00:00.000,NULL,NULL,NULL,0,NULL,NULL
3726,220829022013,2022-05-31,2022-10-05,2141-COMP-NB-ICT-PTRE-21,053573,,NULL,2023-01-13 00:00:00.000,NULL,NULL,NULL,0,NULL,NULL
5342,240417035937,2022-10-05,NULL,2165-COMP-NB-ICT-PTRE-21,215070,NULL,NULL,2024-04-17 00:00:00.000,NULL,NULL,NULL,0,NULL,NULL
3780,221020050723,2022-10-06,NULL,2196-COMP-NB-ICT-PTRE-22,7992270,,NULL,2023-01-13 00:00:00.000,NULL,NULL,NULL,0,NULL,NULL
3781,221020051131,2022-10-06,NULL,2197-PERP-MEXT-ICT-PTRE-22,7992270,,NULL,2023-01-13 00:00:00.000,NULL,NULL,NULL,0,NULL,NULL
3782,221021085257,2022-10-06,NULL,2198-PERP-MEXT-ICT-PTRE-22,124299,,NULL,2023-01-13 00:00:00.000,NULL,NULL,NULL,0,NULL,NULL
3783,221021013730,2022-10-10,NULL,2199-COMP-NB-ICT-PTRE-22,313518,,NULL,2023-01-13 00:00:00.000,NULL,NULL,NULL,0,NULL,NULL
3785,221021014516,2022-10-10,NULL,2201-COMP-NB-ICT-PTRE-22,053573,NULL,NULL,2022-10-21 00:00:00.000,NULL,NULL,NULL,0,NULL,NULL
3893,221121045238,2022-10-10,NULL,01991 COMP-DSK-ICT-PTRE-19,194832,,NULL,2022-11-21 00:00:00.000,NULL,NULL,NULL,0,NULL,NULL
3786,221021014644,2022-10-13,NULL,2202-COMP-NB-ICT-PTRE-22,184705,NULL,NULL,2022-10-21 00:00:00.000,NULL,NULL,NULL,0,NULL,NULL
3892,221121045027,2022-10-13,NULL,02022-FUR-MK-CFS-PTRE-14,184705,NULL,NULL,2022-11-21 00:00:00.000,NULL,NULL,NULL,0,NULL,NULL
3998,230113015958,2022-10-13,NULL,2022 COMP-NB-ICT-PTRE-20,184705,NULL,NULL,2023-01-13 00:00:00.000,NULL,NULL,NULL,1,225164,2024-04-17 14:47:51.000
3756,220829031200,2021-04-07,2022-10-14,2116-COMP-NB-ICT-PTRE-21,308718,,NULL,2023-01-13 00:00:00.000,NULL,NULL,NULL,0,NULL,NULL
3736,220829023656,2021-06-02,2022-10-14,2132-COMP-NB-ICT-PTRE-21,110019,,NULL,2023-01-13 00:00:00.000,NULL,NULL,NULL,0,NULL,NULL
4000,230113020438,2022-10-14,NULL,2132-COMP-NB-ICT-PTRE-21,308818,NULL,NULL,2023-01-13 00:00:00.000,NULL,NULL,NULL,0,NULL,NULL
90,190218100511,2018-07-09,2022-10-17,01379-COMP-DESK-ICT-PTRE-16,164601,,NULL,2023-01-13 00:00:00.000,NULL,NULL,NULL,0,NULL,NULL
3889,221121043449,2022-08-01,2022-10-17,01919 COMP-NB-ICT-PTRE-19,215090,,NULL,2022-11-29 00:00:00.000,NULL,NULL,NULL,0,NULL,NULL
3784,221021014423,2022-10-17,NULL,2200-COMP-NB-ICT-PTRE-22,215090,,NULL,2023-01-13 00:00:00.000,NULL,NULL,NULL,0,NULL,NULL
6391,240603090452,2022-10-17,NULL,01565 COMP-DSK-ICT-PTRE-18,124299,NULL,NULL,2024-06-03 00:00:00.000,NULL,NULL,NULL,1,225164,2024-06-03 09:04:57.000
1489,NULL,2020-05-22,2022-10-21,01766 COMP-NB-ICT-PTRE-19,104099,,NULL,2022-11-21 00:00:00.000,053573,NULL,NULL,0,NULL,NULL
4006,230113033752,2021-11-04,2022-10-21,01613 COMP-DSK-ICT-PTRE-18,215102,,NULL,2023-01-13 00:00:00.000,NULL,NULL,NULL,0,NULL,NULL
1658,200924034637,2020-01-02,2022-10-24,02012 COMP-NB-ICT-PTRE-20,843118,,NULL,2022-11-21 00:00:00.000,NULL,NULL,NULL,0,NULL,NULL
3888,221121042337,2022-10-24,NULL,01973 COMP-NB-ICT-PTRE-19,225156,NULL,NULL,2022-11-21 00:00:00.000,NULL,NULL,NULL,1,306117,2023-01-13 13:44:47.000
3927,230109092103,2022-10-26,NULL,01414-MON-LCD-ICT-PTRE-17,053573,"Rusak, pecah layar nya",NULL,2023-01-09 00:00:00.000,NULL,NULL,NULL,0,NULL,NULL
3697,220828080037,2021-09-23,2022-10-31,2163-COMP-NB-ICT-PTRE-21,215092,,NULL,2022-11-21 00:00:00.000,NULL,NULL,NULL,0,NULL,NULL
1310,NULL,2020-05-22,2022-11-01,01458-COMP-NB-ICT-PTRE-18,022079,,NULL,2022-11-29 00:00:00.000,053573,NULL,NULL,0,NULL,NULL
3895,221121051616,2022-10-04,2022-11-01,01504-COMP-NB-ICT-PTRE-18,184705,,NULL,2023-11-06 00:00:00.000,NULL,NULL,NULL,0,NULL,NULL
4009,230113040005,2022-11-04,NULL,01987 COMP-DSK-ICT-PTRE-19,194891,,NULL,2023-01-13 00:00:00.000,NULL,NULL,NULL,0,NULL,NULL
3885,221121034258,2020-01-30,2022-11-08,01837 COMP-DSK-ICT-PTRE-19,184651,,NULL,2022-11-21 00:00:00.000,NULL,NULL,NULL,0,NULL,NULL
3884,221121033755,2021-11-01,2022-11-08,01889 COMP-NB-ICT-PTRE-19,184651,,NULL,2022-11-21 00:00:00.000,NULL,NULL,NULL,0,NULL,NULL
4008,230113035124,2022-02-16,2022-11-08,01340-COMP-DESK-ICT-PTRE-15,184680,,NULL,2023-01-13 00:00:00.000,NULL,NULL,NULL,0,NULL,NULL
3994,230113014239,2022-09-01,2022-11-08,2165-COMP-NB-ICT-PTRE-21,205010,,NULL,2024-04-17 00:00:00.000,NULL,NULL,NULL,0,NULL,NULL
3915,221216030031,2022-11-08,NULL,2204-COMP-NB-ICT-PTRE-22,225163,NULL,NULL,2022-12-16 00:00:00.000,NULL,NULL,NULL,0,NULL,NULL
1292,NULL,2020-05-22,2022-11-09,01438-COMP-NB-ICT-PTRE-17,301817,,NULL,2023-02-02 00:00:00.000,053573,NULL,NULL,0,NULL,NULL
4029,230202033708,2022-11-09,NULL,01438-COMP-NB-ICT-PTRE-17,104094,NULL,NULL,2023-02-02 00:00:00.000,NULL,NULL,NULL,0,NULL,NULL
2627,210209071701,2020-12-23,2022-11-10,02087-COMP-NB-ICT-PTRE-20,309018,di site,NULL,2024-04-06 00:00:00.000,NULL,NULL,NULL,0,NULL,NULL
3882,221121031441,2021-10-07,2022-11-11,01446-COMP-NB-ICT-PTRE-17,184659,,NULL,2023-01-13 00:00:00.000,NULL,NULL,NULL,0,NULL,NULL
2654,210309021103,2021-03-09,2022-11-15,02104-COMP-NB-ICT-PTRE-21,215039,,NULL,2022-11-21 00:00:00.000,NULL,NULL,NULL,0,NULL,NULL
3880,221121015528,2022-11-16,NULL,01919 COMP-NB-ICT-PTRE-19,225168,,NULL,2022-11-21 00:00:00.000,NULL,NULL,NULL,1,306117,2022-12-09 13:32:35.000
1354,NULL,2020-05-22,2022-11-18,01515 COMP-NB-ICT-PTRE-18,311518,,NULL,2022-11-21 00:00:00.000,053573,NULL,NULL,0,NULL,NULL
1313,NULL,2020-05-22,2022-11-22,01461-COMP-NB-ICT-PTRE-18,063679,,NULL,2022-11-29 00:00:00.000,053573,NULL,NULL,0,NULL,NULL
3916,221216030315,2022-11-23,NULL,2205-COMP-NB-ICT-PTRE-22,124295,,NULL,2023-01-13 00:00:00.000,NULL,NULL,NULL,0,NULL,NULL
3906,221129094934,2020-01-30,2022-11-24,01886 COMP-NB-ICT-PTRE-19,114174,,NULL,2022-11-29 00:00:00.000,NULL,NULL,NULL,0,NULL,NULL
1609,NULL,2020-05-22,2022-11-24,2058 COMP-NB-ICT-PTRE-20,124252,,NULL,2022-11-29 00:00:00.000,053573,NULL,NULL,0,NULL,NULL
3902,221129092911,2021-11-01,2022-11-24,01458-COMP-NB-ICT-PTRE-18,194764,,NULL,2022-11-29 00:00:00.000,NULL,NULL,NULL,0,NULL,NULL
4010,230113041058,2022-08-23,2022-11-25,01654 COMP-NB-ICT-PTRE-19,194777,,NULL,2023-01-13 00:00:00.000,NULL,NULL,NULL,0,NULL,NULL
3901,221129092410,2022-11-28,NULL,01458-COMP-NB-ICT-PTRE-18,124328,NULL,NULL,2022-11-29 00:00:00.000,NULL,NULL,NULL,1,306117,2023-01-13 15:41:33.000
4007,230113034148,2022-11-28,NULL,01458-COMP-NB-ICT-PTRE-18,124328,NULL,NULL,2023-01-13 00:00:00.000,NULL,NULL,NULL,0,NULL,NULL
3887,221121041302,2022-10-24,2022-12-01,02012 COMP-NB-ICT-PTRE-20,204996,,NULL,2024-05-08 00:00:00.000,NULL,NULL,NULL,0,NULL,NULL
3917,221216030731,2022-12-01,NULL,2206-COMP-NB-ICT-PTRE-22,023061,NULL,NULL,2022-12-16 00:00:00.000,NULL,NULL,NULL,0,NULL,NULL
3918,221216033103,2022-12-01,NULL,2207-COMP-NB-ICT-PTRE-22,124299,,NULL,2023-01-13 00:00:00.000,NULL,NULL,NULL,0,NULL,NULL
3919,221216033339,2022-12-01,NULL,2208-COMP-NB-ICT-PTRE-22,063622,,NULL,2023-01-13 00:00:00.000,NULL,NULL,NULL,0,NULL,NULL
7470,241211075401,2022-12-06,NULL,2208-COMP-NB-ICT-PTRE-22,063622,NULL,NULL,2024-12-11 00:00:00.000,NULL,NULL,NULL,1,225164,2025-02-15 23:26:56.000
3910,221207022939,2021-05-21,2022-12-07,01891 COMP-NB-ICT-PTRE-19,124299,,NULL,2022-12-07 00:00:00.000,NULL,NULL,NULL,0,NULL,NULL
3738,220829024016,2021-05-12,2022-12-09,2130-COMP-NB-ICT-PTRE-21,302417,,NULL,2023-01-13 00:00:00.000,NULL,NULL,NULL,0,NULL,NULL
3920,221216034334,2022-12-09,NULL,2209-COMP-NB-ICT-PTRE-22,302417,NULL,NULL,2022-12-16 00:00:00.000,NULL,NULL,NULL,0,NULL,NULL
3922,221230102037,2022-12-09,NULL,2211-COMP-NB-ICT-PTRE-22,225168,,NULL,2023-01-13 00:00:00.000,NULL,NULL,NULL,0,NULL,NULL
1490,NULL,2019-05-06,2022-12-13,01767 COMP-NB-ICT-PTRE-19,033345,,NULL,2023-01-13 00:00:00.000,053573,NULL,NULL,0,NULL,NULL
3912,221213042118,2019-08-27,2022-12-13,01870 COMP-NB-ICT-PTRE-19,205020,,NULL,2022-12-13 00:00:00.000,NULL,NULL,NULL,0,NULL,NULL
3925,221230105419,2022-12-13,NULL,2216-COMP-NB-ICT-PTRE-22,033345,,NULL,2023-01-13 00:00:00.000,NULL,NULL,NULL,0,NULL,NULL
3709,220828083130,2022-04-21,2022-12-15,2155-COMP-NB-ICT-PTRE-21,194893,,NULL,2023-01-13 00:00:00.000,NULL,NULL,NULL,0,NULL,NULL
3953,230112045040,2022-06-09,2022-12-15,2145-COMP-NB-ICT-PTRE-21,194909,,NULL,2024-04-29 00:00:00.000,NULL,NULL,NULL,0,NULL,NULL
3926,221230105647,2022-12-15,NULL,2217-COMP-NB-ICT-PTRE-22,022020,NULL,NULL,2022-12-30 00:00:00.000,NULL,NULL,NULL,0,NULL,NULL
3904,221129094213,2022-11-24,2022-12-19,2058 COMP-NB-ICT-PTRE-20,314018,,NULL,2023-01-13 00:00:00.000,NULL,NULL,NULL,0,NULL,NULL
3923,221230102241,2022-12-19,NULL,2212-COMP-NB-ICT-PTRE-22,124338,,NULL,2023-01-13 00:00:00.000,NULL,NULL,NULL,0,NULL,NULL
4012,230113042803,2022-12-19,NULL,01919 COMP-NB-ICT-PTRE-19,184652,NULL,NULL,2023-01-13 00:00:00.000,NULL,NULL,NULL,0,NULL,NULL
4013,230113043106,2020-07-08,2022-12-23,01956 COMP-DSK-ICT-PTRE-19,194809,,NULL,2023-01-13 00:00:00.000,NULL,NULL,NULL,0,NULL,NULL
189,190218022656,2018-07-09,2022-12-27,01383-COMP-DESK-ICT-PTRE-16,033268,,NULL,2023-01-20 00:00:00.000,NULL,NULL,NULL,0,NULL,NULL
1432,NULL,2020-05-22,2022-12-30,01657 COMP-NB-ICT-PTRE-19,184705,,NULL,2024-04-04 00:00:00.000,053573,NULL,NULL,0,NULL,NULL
4018,230116112959,2022-12-30,NULL,2220-COMP-NB-ICT-PTRE-22,124295,untuk user MPS PHR Zona 4 di site,NULL,2023-01-16 00:00:00.000,NULL,NULL,NULL,0,NULL,NULL
4019,230116113104,2022-12-30,NULL,2219-COMP-NB-ICT-PTRE-22,124295,untuk user MPS PHR Zona 4 di site,NULL,2023-01-16 00:00:00.000,NULL,NULL,NULL,0,NULL,NULL
4020,230116113127,2022-12-30,NULL,2218-COMP-NB-ICT-PTRE-22,124295,untuk user MPS PHR Zona 4 di site,NULL,2023-01-16 00:00:00.000,NULL,NULL,NULL,0,NULL,NULL
1380,NULL,2020-05-22,2022-12-31,01563 COMP-DSK-ICT-PTRE-18,184658,RTO 1 Lantai 2,NULL,2023-09-20 00:00:00.000,053573,NULL,NULL,0,NULL,NULL
1401,NULL,2020-05-22,2022-12-31,01605 COMP-DSK-ICT-PTRE-18,114231,,NULL,2024-03-12 00:00:00.000,053573,NULL,NULL,0,NULL,NULL
4156,231106015932,2022-11-05,2022-12-31,01504-COMP-NB-ICT-PTRE-18,215070,,NULL,2023-11-06 00:00:00.000,NULL,NULL,NULL,0,NULL,NULL
1090,NULL,2020-05-22,2023-01-01,00830-COMP-DESK-ICT-PTRE-12,194899,,NULL,2024-03-12 00:00:00.000,053573,NULL,NULL,0,NULL,NULL
1588,NULL,2020-05-22,2023-01-01,01985 COMP-DSK-ICT-PTRE-19,130075,,NULL,2024-03-12 00:00:00.000,053573,NULL,NULL,0,NULL,NULL
1963,201110103606,2020-11-10,2023-01-01,01697 COMP-DSK-ICT-PTRE-19,194764,,NULL,2024-03-12 00:00:00.000,NULL,NULL,NULL,0,NULL,NULL
5273,240312012520,2023-01-01,NULL,01822 COMP-DSK-ICT-PTRE-19,124303,NULL,NULL,2024-03-12 00:00:00.000,NULL,NULL,NULL,0,NULL,NULL
6352,240424043056,2023-01-01,NULL,01940 COMP-DSK-ICT-PTRE-19,194821,NULL,NULL,2024-04-24 00:00:00.000,NULL,NULL,NULL,0,NULL,NULL
6358,240425115141,2023-01-01,NULL,01059-COMP-WORK-ICT-PTRE-13,194829,NULL,NULL,2024-04-25 00:00:00.000,NULL,NULL,NULL,0,NULL,NULL
1619,200921011242,2020-05-29,2023-01-02,02066-COMP-NB-ICT-PTRE-20,134457,,NULL,2023-01-10 00:00:00.000,NULL,NULL,NULL,0,NULL,NULL
6369,240508075249,2023-01-03,NULL,02012 COMP-NB-ICT-PTRE-20,022005,,NULL,2024-05-08 00:00:00.000,NULL,NULL,NULL,1,225164,2025-02-14 14:37:40.000
3905,221129094355,2022-11-22,2023-01-04,01461-COMP-NB-ICT-PTRE-18,225166,,NULL,2024-03-25 00:00:00.000,NULL,NULL,NULL,0,NULL,NULL
4236,240123102633,2023-01-04,NULL,2118-COMP-NB-ICT-PTRE-21,053573,dm,NULL,2024-01-23 00:00:00.000,NULL,NULL,NULL,0,NULL,NULL
4237,240123102752,2023-01-04,NULL,2114-COMP-NB-ICT-PTRE-21,144511,NULL,NULL,2024-01-23 00:00:00.000,NULL,NULL,NULL,1,225164,2025-02-13 08:50:05.000
3988,230113115047,2022-09-12,2023-01-05,02099-COMP-NB-ICT-PTRE-21,225147,,NULL,2024-05-08 00:00:00.000,NULL,NULL,NULL,0,NULL,NULL
4014,230113044702,2020-07-08,2023-01-06,01645 COMP-NB-ICT-PTRE-18,023067,,NULL,2023-01-13 00:00:00.000,NULL,NULL,NULL,0,NULL,NULL
3996,230113014715,2022-10-24,2023-01-06,01973 COMP-NB-ICT-PTRE-19,225156,,NULL,2023-01-13 00:00:00.000,NULL,NULL,NULL,0,NULL,NULL
1655,200924033717,2020-01-02,2023-01-09,02015 COMP-NB-ICT-PTRE-20,032029,,NULL,2023-01-10 00:00:00.000,NULL,NULL,NULL,0,NULL,NULL
4026,230120103209,2023-01-09,NULL,2223-COMP-NB-ICT-PTRE-22,134408,NULL,NULL,2023-01-20 00:00:00.000,NULL,NULL,NULL,1,053573,2023-01-20 10:32:26.000
4001,230113021228,2022-10-17,2023-01-10,01565 COMP-DSK-ICT-PTRE-18,164601,,NULL,2024-05-31 00:00:00.000,NULL,NULL,NULL,0,NULL,NULL
3890,221121043639,2022-10-19,2023-01-10,01455-COMP-NB-ICT-PTRE-18,114200,,NULL,2023-01-13 00:00:00.000,NULL,NULL,NULL,0,NULL,NULL
3928,230110015222,2023-01-10,NULL,02066-COMP-NB-ICT-PTRE-20,194759,NULL,NULL,2023-01-10 00:00:00.000,NULL,NULL,NULL,0,NULL,NULL
6383,240521024914,2023-01-10,NULL,01067-COMP-WORK-ICT-PTRE-13,205009,NULL,NULL,2024-05-21 00:00:00.000,NULL,NULL,NULL,0,NULL,NULL
4021,230120100141,2019-04-22,2023-01-12,01759 COMP-NB-ICT-PTRE-19,205005,,NULL,2023-01-20 00:00:00.000,NULL,NULL,NULL,0,NULL,NULL
1495,NULL,2019-06-21,2023-01-12,01776 COMP-DSK-ICT-PTRE-19,194804,,NULL,2023-01-20 00:00:00.000,053573,NULL,NULL,0,NULL,NULL
4024,230120101949,2023-01-13,NULL,2221-COMP-NB-ICT-PTRE-22,134408,Iqbal Freeport,NULL,2023-01-20 00:00:00.000,NULL,NULL,NULL,0,NULL,NULL
4016,230116104314,2021-04-07,2023-01-16,01887 COMP-NB-ICT-PTRE-19,194731,,NULL,2023-03-21 00:00:00.000,NULL,NULL,NULL,0,NULL,NULL
4025,230120102843,2023-01-20,NULL,2222-COMP-NB-ICT-PTRE-22,134408,Bayu Iman Freeport,NULL,2023-01-20 00:00:00.000,NULL,NULL,NULL,0,NULL,NULL
4035,230321110925,2023-01-24,NULL,01973 COMP-NB-ICT-PTRE-19,314918,NULL,NULL,2023-03-21 00:00:00.000,NULL,NULL,NULL,0,NULL,NULL
4028,230120103553,2023-01-27,NULL,2224-COMP-NB-ICT-PTRE-22,023067,NULL,NULL,2023-01-20 00:00:00.000,NULL,NULL,NULL,0,NULL,NULL
4046,230621025527,2023-01-31,NULL,2225-COMP-NB-ICT-PTRE-23,033340,NULL,NULL,2023-06-21 00:00:00.000,NULL,NULL,NULL,0,NULL,NULL
4047,230621030101,2023-01-31,NULL,2226-PERP-CAM-ICT-PTRE-23,124299,dipakai di site MPS PHR Zona,NULL,2023-06-21 00:00:00.000,NULL,NULL,NULL,0,NULL,NULL
2613,210209055109,2020-06-22,2023-02-01,02070-COMP-NB-ICT-PTRE-20,022020,,NULL,2024-05-08 00:00:00.000,NULL,NULL,NULL,0,NULL,NULL
4038,230321112026,2022-07-07,2023-02-01,01996 COMP-NB-ICT-PTRE-19,309718,,NULL,2024-03-12 00:00:00.000,NULL,NULL,NULL,0,NULL,NULL
6357,240425105102,2023-02-02,NULL,2109-COMP-NB-ICT-PTRE-21,184668,NULL,NULL,2024-04-25 00:00:00.000,NULL,NULL,NULL,0,NULL,NULL
6371,240508080915,2023-02-02,NULL,02070-COMP-NB-ICT-PTRE-20,235280,NULL,NULL,2024-05-08 00:00:00.000,NULL,NULL,NULL,0,NULL,NULL
3729,220829022215,2021-06-11,2023-02-06,2138-COMP-NB-ICT-PTRE-21,215094,,NULL,2023-02-07 00:00:00.000,NULL,NULL,NULL,0,NULL,NULL
4033,230321110459,2022-03-10,2023-02-06,02102-COMP-NB-ICT-PTRE-21,205017,,NULL,2023-03-21 00:00:00.000,NULL,NULL,NULL,0,NULL,NULL
4022,230120100622,2023-01-05,2023-02-06,01767 COMP-NB-ICT-PTRE-19,130107,,NULL,2024-04-25 00:00:00.000,NULL,NULL,NULL,0,NULL,NULL
4048,230621031412,2023-02-06,NULL,2227-COMP-NB-ICT-PTRE-23,124299,MPS PHR,NULL,2023-06-21 00:00:00.000,NULL,NULL,NULL,0,NULL,NULL
4051,230621032948,2023-02-06,NULL,2230-COMP-NB-ICT-PTRE-23,124299,MPS PHR,NULL,2023-06-21 00:00:00.000,NULL,NULL,NULL,0,NULL,NULL
4052,230621033202,2023-02-06,NULL,2231-COMP-NB-ICT-PTRE-23,124299,MPS PHR,NULL,2023-06-21 00:00:00.000,NULL,NULL,NULL,0,NULL,NULL
4053,230621033625,2023-02-06,NULL,2232-COMP-NB-ICT-PTRE-23,124299,MPS PHR,NULL,2023-06-21 00:00:00.000,NULL,NULL,NULL,0,NULL,NULL
4056,230621034004,2023-02-06,NULL,2234-COMP-NB-ICT-PTRE-23,124299,MPS PHR,NULL,2023-06-21 00:00:00.000,NULL,NULL,NULL,0,NULL,NULL
1540,NULL,2020-05-22,2023-02-07,01875 COMP-NB-ICT-PTRE-19,022005,,NULL,2026-09-08 00:00:00.000,053573,NULL,NULL,0,NULL,NULL
6359,240429025015,2023-02-07,NULL,2145-COMP-NB-ICT-PTRE-21,073770,NULL,NULL,2024-04-29 00:00:00.000,NULL,NULL,NULL,0,NULL,NULL
4057,230621052038,2023-02-15,NULL,2235-PERP-STRG-ICT-PTRE-23,124299,NULL,NULL,2023-06-21 00:00:00.000,NULL,NULL,NULL,1,053573,2023-06-21 17:23:05.000
4058,230621052244,2023-02-15,NULL,2236-PERP-STRG-ICT-PTRE-23,022020,NULL,NULL,2023-06-21 00:00:00.000,NULL,NULL,NULL,0,NULL,NULL
4059,230621052300,2023-02-15,NULL,2235-PERP-STRG-ICT-PTRE-23,114229,NULL,NULL,2023-06-21 00:00:00.000,NULL,NULL,NULL,0,NULL,NULL
6356,240425101921,2023-02-15,NULL,01767 COMP-NB-ICT-PTRE-19,235276,NULL,NULL,2024-04-25 00:00:00.000,NULL,NULL,NULL,0,NULL,NULL
4064,230623023154,2023-02-22,NULL,2240-COMP-NB-ICT-PTRE-23,124299,NULL,NULL,2023-06-23 00:00:00.000,NULL,NULL,NULL,1,053573,2023-06-23 14:32:03.000
4066,230623023513,2023-02-22,NULL,2242-COMP-NB-ICT-PTRE-23,124299,MPS PHR,NULL,2023-06-23 00:00:00.000,NULL,NULL,NULL,0,NULL,NULL
4071,230623030628,2023-02-22,NULL,2246-COMP-NB-ICT-PTRE-23,124299,MPS PHR,NULL,2023-06-23 00:00:00.000,NULL,NULL,NULL,0,NULL,NULL
4072,230623030659,2023-02-22,NULL,2244-COMP-NB-ICT-PTRE-23,124299,MPS PHR,NULL,2023-06-23 00:00:00.000,NULL,NULL,NULL,0,NULL,NULL
4073,230623030728,2023-02-22,NULL,2245-COMP-NB-ICT-PTRE-23,124299,MPS PHR,NULL,2023-06-23 00:00:00.000,NULL,NULL,NULL,0,NULL,NULL
4074,230623030755,2023-02-22,NULL,2243-COMP-NB-ICT-PTRE-23,124299,MPS PHR,NULL,2023-06-23 00:00:00.000,NULL,NULL,NULL,0,NULL,NULL
4075,230623031956,2023-02-28,NULL,2251-COMP-NB-ICT-PTRE-23,194795,NULL,NULL,2023-06-23 00:00:00.000,NULL,NULL,NULL,0,NULL,NULL
4077,230623032318,2023-02-28,NULL,2252-COMP-NB-ICT-PTRE-23,225174,NULL,NULL,2023-06-23 00:00:00.000,NULL,NULL,NULL,1,053573,2023-06-23 15:23:22.000
3722,220829021338,2022-06-16,2023-03-01,2143-COMP-NB-ICT-PTRE-21,225136,,NULL,2026-08-14 00:00:00.000,NULL,NULL,NULL,0,NULL,NULL
4282,240124054126,2023-03-03,NULL,2072-PERP-MMD-ICT-PTRE-20,033340,NULL,NULL,2024-01-24 00:00:00.000,NULL,NULL,NULL,0,NULL,NULL
1437,NULL,2020-05-22,2023-03-08,01666 COMP-DSK-ICT-PTRE-19,306817,RTO 1 Lantai 2,NULL,2025-02-15 00:00:00.000,053573,NULL,NULL,0,NULL,NULL
4195,240123085137,2023-03-10,NULL,01996 COMP-NB-ICT-PTRE-19,303617,NULL,NULL,2024-01-23 00:00:00.000,NULL,NULL,NULL,0,NULL,NULL
3732,220829022519,2021-06-24,2023-03-16,2136-COMP-NB-ICT-PTRE-21,204947,,NULL,2023-03-21 00:00:00.000,NULL,NULL,NULL,0,NULL,NULL
185,190218022042,2019-02-18,2023-03-20,01499-COMP-DSK-ICT-PTRE-18,033232,,NULL,2023-03-21 00:00:00.000,NULL,NULL,NULL,0,NULL,NULL
3754,220829030953,2021-04-14,2023-03-20,2118-COMP-NB-ICT-PTRE-21,215042,,NULL,2023-03-21 00:00:00.000,NULL,NULL,NULL,0,NULL,NULL
3973,230113105658,2022-08-05,2023-03-22,01926 COMP-NB-ICT-PTRE-19,124324,,NULL,2025-07-01 00:00:00.000,NULL,NULL,NULL,0,NULL,NULL
4036,230321111657,2023-03-16,2023-04-04,2136-COMP-NB-ICT-PTRE-21,114191,,NULL,2023-04-04 00:00:00.000,NULL,NULL,NULL,0,NULL,NULL
4079,230623033222,2023-04-04,NULL,2254-COMP-NB-ICT-PTRE-23,124299,NULL,NULL,2023-06-23 00:00:00.000,NULL,NULL,NULL,0,NULL,NULL
4280,240124053908,2023-04-04,NULL,2213-PERP-STRG-ICT-PTRE-22,053573,NULL,NULL,2024-01-24 00:00:00.000,NULL,NULL,NULL,0,NULL,NULL
4281,240124053927,2023-04-04,NULL,2214-PERP-STRG-ICT-PTRE-22,053573,NULL,NULL,2024-01-24 00:00:00.000,NULL,NULL,NULL,0,NULL,NULL
1893,201022095625,2019-02-18,2023-04-11,01549 COMP-DSK-ICT-PTRE-18,184656,,NULL,2024-04-25 00:00:00.000,NULL,NULL,NULL,0,NULL,NULL
7522,250207092449,2023-04-12,NULL,01549 COMP-DSK-ICT-PTRE-18,094077,PC HYSYS,NULL,2025-02-07 00:00:00.000,NULL,NULL,NULL,0,NULL,NULL
4081,230707024428,2023-04-27,NULL,2255-COMP-NB-ICT-PTRE-23,134408,User Freeport,NULL,2023-07-07 00:00:00.000,NULL,NULL,NULL,0,NULL,NULL
3739,220829024137,2021-05-12,2023-05-12,2129-COMP-NB-ICT-PTRE-21,204990,,NULL,2025-10-20 00:00:00.000,NULL,NULL,NULL,0,NULL,NULL
4116,231027034419,2023-05-15,NULL,01954 COMP-DSK-ICT-PTRE-19,235253,NULL,NULL,2023-10-27 00:00:00.000,NULL,NULL,NULL,0,NULL,NULL
4223,240123100031,2023-05-18,NULL,01686 COMP-DSK-ICT-PTRE-19,225215Z4,NULL,NULL,2024-01-23 00:00:00.000,NULL,NULL,NULL,1,225164,2024-01-23 10:01:01.000
4082,230707024950,2023-05-19,NULL,2256-COMP-NB-ICT-PTRE-23,302616,NULL,NULL,2023-07-07 00:00:00.000,NULL,NULL,NULL,0,NULL,NULL
3894,221121050430,2022-10-05,2023-06-01,2141-COMP-NB-ICT-PTRE-21,225162,,NULL,2024-04-17 00:00:00.000,NULL,NULL,NULL,0,NULL,NULL
4084,230707031625,2023-06-09,NULL,2258-COMP-NB-ICT-PTRE-23,124299,MPS PHR,NULL,2023-07-07 00:00:00.000,NULL,NULL,NULL,0,NULL,NULL
4086,230707033000,2023-06-09,NULL,2260-COMP-NB-ICT-PTRE-23,063688,NULL,NULL,2023-07-07 00:00:00.000,NULL,NULL,NULL,0,NULL,NULL
4043,230613050219,2023-06-13,NULL,01837 COMP-DSK-ICT-PTRE-19,225164,NULL,NULL,2023-06-13 00:00:00.000,NULL,NULL,NULL,0,NULL,NULL
155,190218012910,2019-02-18,2023-06-15,01573 COMP-DSK-ICT-PTRE-18,073833,,NULL,2025-02-15 00:00:00.000,NULL,NULL,NULL,0,NULL,NULL
3718,220828090705,2021-06-17,2023-06-20,2146-COMP-NB-ICT-PTRE-21,194716,,NULL,2023-06-23 00:00:00.000,NULL,NULL,NULL,0,NULL,NULL
4055,230621033952,2023-06-21,NULL,2234-COMP-NB-ICT-PTRE-23,124299,NULL,NULL,2023-06-21 00:00:00.000,NULL,NULL,NULL,1,053573,2023-06-21 15:39:59.000
2617,210209061042,2020-07-20,2023-06-22,02076-COMP-NB-ICT-PTRE-20,308418,Tukar ke laptop lama,NULL,2023-10-11 00:00:00.000,NULL,NULL,NULL,0,NULL,NULL
4085,230707031949,2023-06-26,NULL,2259-COMP-NB-ICT-PTRE-23,134408,User Freeport,NULL,2023-07-07 00:00:00.000,NULL,NULL,NULL,0,NULL,NULL
4080,230703030113,2022-05-23,2023-07-03,01475-COMP-NB-ICT-PTRE-18,312918,,NULL,2023-07-03 00:00:00.000,NULL,NULL,NULL,0,NULL,NULL
5341,240417012546,2023-07-11,NULL,2141-COMP-NB-ICT-PTRE-21,235296,NULL,NULL,2024-04-17 00:00:00.000,NULL,NULL,NULL,0,NULL,NULL
1597,NULL,2020-05-22,2023-07-24,2025 COMP-NB-ICT-PTRE-20,114231,,NULL,2023-10-04 00:00:00.000,053573,NULL,NULL,0,NULL,NULL
1989,201123111547,2020-11-23,2023-07-24,01650 COMP-NB-ICT-PTRE-18,303617,"Cilegon, Wilmar.",NULL,2024-01-30 00:00:00.000,NULL,NULL,NULL,0,NULL,NULL
4278,240124052953,2023-07-25,NULL,2261-PERP-STRG-ICT-PTRE-23,134408,NULL,NULL,2024-01-24 00:00:00.000,NULL,NULL,NULL,0,NULL,NULL
4089,230908110711,2023-07-31,NULL,02261-PERP-STRG-ICT-PTRE-23,134408,NULL,NULL,2023-09-08 00:00:00.000,NULL,NULL,NULL,1,053573,2023-09-08 11:08:09.000
4090,230908110805,2023-07-31,NULL,02261-PERP-STRG-ICT-PTRE-23,134408,NULL,NULL,2023-09-08 00:00:00.000,NULL,NULL,NULL,0,NULL,NULL
4039,230321112319,2023-02-20,2023-08-01,2138-COMP-NB-ICT-PTRE-21,235251,,NULL,2024-05-08 00:00:00.000,NULL,NULL,NULL,0,NULL,NULL
4088,230905091728,2022-06-30,2023-08-07,01745 COMP-NB-ICT-PTRE-19,120052,,NULL,2023-09-05 00:00:00.000,NULL,NULL,NULL,0,NULL,NULL
4100,231004032208,2023-08-07,NULL,2265-COMP-NB-ICT-PTRE-23,053573,NULL,NULL,2023-10-04 00:00:00.000,NULL,NULL,NULL,0,NULL,NULL
79,190218095611,2019-02-18,2023-08-10,01626 COMP-DSK-ICT-PTRE-18,124274,RTO 1 Lantai 2,NULL,2025-03-10 00:00:00.000,NULL,NULL,NULL,0,NULL,NULL
4023,230120101635,2023-01-16,2023-08-10,2058 COMP-NB-ICT-PTRE-20,184656,,NULL,2023-08-11 00:00:00.000,NULL,NULL,NULL,0,NULL,NULL
5337,240416051806,2023-08-10,NULL,01688 COMP-DSK-ICT-PTRE-19,194768,NULL,NULL,2024-04-16 00:00:00.000,NULL,NULL,NULL,0,NULL,NULL
4091,230913022843,2023-08-14,NULL,2262-COMP-NB-ICT-PTRE-23,120052,NULL,NULL,2023-09-13 00:00:00.000,NULL,NULL,NULL,0,NULL,NULL
4092,230913023336,2023-08-14,NULL,2263-COMP-NB-ICT-PTRE-23,124299,NULL,NULL,2023-09-13 00:00:00.000,NULL,NULL,NULL,0,NULL,NULL
4101,231004032601,2023-08-18,NULL,2266-COMP-NB-ICT-PTRE-23,134408,NULL,NULL,2023-10-04 00:00:00.000,NULL,NULL,NULL,0,NULL,NULL
4045,230621111011,2021-05-24,2023-08-21,01890 COMP-NB-ICT-PTRE-19,083911,,NULL,2023-08-21 00:00:00.000,NULL,NULL,NULL,0,NULL,NULL
4104,231004055409,2023-08-23,NULL,2268-COMP-DESK-ICT-PTRE-23,104103,NULL,NULL,2023-10-04 00:00:00.000,NULL,NULL,NULL,1,053573,2023-10-04 17:57:11.000
4105,231004055707,2023-08-23,NULL,2268-COMP-DESK-ICT-PTRE-23,104103,NULL,NULL,2023-10-04 00:00:00.000,NULL,NULL,NULL,0,NULL,NULL
3913,221213042151,2022-12-13,2023-08-25,01870 COMP-NB-ICT-PTRE-19,073823,,NULL,2023-10-28 00:00:00.000,NULL,NULL,NULL,0,NULL,NULL
1376,NULL,2020-05-22,2023-08-29,01555 COMP-DSK-ICT-PTRE-18,300917,,NULL,2024-03-12 00:00:00.000,053573,NULL,NULL,0,NULL,NULL
4106,231004060005,2023-08-30,NULL,2269-COMP-DESK-ICT-PTRE-23,063632,NULL,NULL,2023-10-04 00:00:00.000,NULL,NULL,NULL,0,NULL,NULL
4107,231004060204,2023-08-30,NULL,2270-COMP-DESK-ICT-PTRE-23,154565,NULL,NULL,2023-10-04 00:00:00.000,NULL,NULL,NULL,0,NULL,NULL
7469,241211071049,2023-08-30,NULL,2270-COMP-DESK-ICT-PTRE-23,154565,NULL,NULL,2024-12-11 00:00:00.000,NULL,NULL,NULL,1,225164,2025-01-17 14:07:05.000
4117,231027045623,2023-08-31,NULL,01555 COMP-DSK-ICT-PTRE-18,235322,NULL,NULL,2023-10-27 00:00:00.000,NULL,NULL,NULL,0,NULL,NULL
4279,240124053301,2023-08-31,NULL,2271-PERP-CAM-ICT-PTRE-23,134408,NULL,NULL,2024-01-24 00:00:00.000,NULL,NULL,NULL,0,NULL,NULL
3958,230113095428,2022-08-26,2023-09-02,01762 COMP-NB-ICT-PTRE-19,154565,,NULL,2024-01-22 00:00:00.000,NULL,NULL,NULL,0,NULL,NULL
3665,220724092646,2021-10-29,2023-09-12,2183-COMP-NB-ICT-PTRE-21,194879,,NULL,2023-09-19 00:00:00.000,NULL,NULL,NULL,0,NULL,NULL
1499,NULL,2020-05-22,2023-09-19,01784 COMP-DSK-ICT-PTRE-19,194791,,NULL,2023-09-19 00:00:00.000,053573,NULL,NULL,0,NULL,NULL
4094,230919023848,2023-09-19,NULL,2183-COMP-NB-ICT-PTRE-21,235332,NULL,NULL,2023-09-19 00:00:00.000,NULL,NULL,NULL,0,NULL,NULL
4267,240124050631,2023-09-21,NULL,2275-PERP-SCAN-ICT-PTRE-23,134408,NULL,NULL,2024-01-24 00:00:00.000,NULL,NULL,NULL,0,NULL,NULL
4113,231027024234,2023-09-22,NULL,02275-PERP-SCAN-ICT-PTRE-23,134408,Dipakai di BPN site PHM,NULL,2023-10-27 00:00:00.000,NULL,NULL,NULL,0,NULL,NULL
4268,240124050743,2023-09-26,NULL,2278-MON-LCD-ICT-PTRE-23,124299,NULL,NULL,2024-01-24 00:00:00.000,NULL,NULL,NULL,0,NULL,NULL
4269,240124050813,2023-09-26,NULL,2279-MON-LCD-ICT-PTRE-23,124299,NULL,NULL,2024-01-24 00:00:00.000,NULL,NULL,NULL,0,NULL,NULL
4270,240124050835,2023-09-26,NULL,2280-MON-LCD-ICT-PTRE-23,124299,NULL,NULL,2024-01-24 00:00:00.000,NULL,NULL,NULL,0,NULL,NULL
4271,240124050930,2023-09-26,NULL,2281-MON-LCD-ICT-PTRE-23,124299,NULL,NULL,2024-01-24 00:00:00.000,NULL,NULL,NULL,0,NULL,NULL
4272,240124050954,2023-09-26,NULL,2282-MON-LCD-ICT-PTRE-23,124299,NULL,NULL,2024-01-24 00:00:00.000,NULL,NULL,NULL,0,NULL,NULL
4273,240124051011,2023-09-26,NULL,2283-MON-LCD-ICT-PTRE-23,124299,NULL,NULL,2024-01-24 00:00:00.000,NULL,NULL,NULL,0,NULL,NULL
4274,240124051040,2023-09-26,NULL,2284-MON-LCD-ICT-PTRE-23,124299,NULL,NULL,2024-01-24 00:00:00.000,NULL,NULL,NULL,0,NULL,NULL
4275,240124051059,2023-09-26,NULL,2285-MON-LCD-ICT-PTRE-23,124299,NULL,NULL,2024-01-24 00:00:00.000,NULL,NULL,NULL,0,NULL,NULL
4276,240124051126,2023-09-26,NULL,2286-MON-LCD-ICT-PTRE-23,124299,NULL,NULL,2024-01-24 00:00:00.000,NULL,NULL,NULL,0,NULL,NULL
4277,240124051153,2023-09-26,NULL,2287-MON-LCD-ICT-PTRE-23,124299,NULL,NULL,2024-01-24 00:00:00.000,NULL,NULL,NULL,0,NULL,NULL
3907,221129095626,2022-11-22,2023-09-29,2140-COMP-NB-ICT-PTRE-21,316118,,NULL,2023-10-04 00:00:00.000,NULL,NULL,NULL,0,NULL,NULL
4114,231027025613,2023-09-29,NULL,2276-COMP-NB-ICT-PTRE-23,235273,NULL,NULL,2023-10-27 00:00:00.000,NULL,NULL,NULL,0,NULL,NULL
4134,231031104508,2023-09-29,NULL,2288-PERP-SCAN-ICT-PTRE-23,134408,NULL,NULL,2023-10-31 00:00:00.000,NULL,NULL,NULL,0,NULL,NULL
3675,220804034407,2021-10-06,2023-10-02,2176-COMP-NB-ICT-PTRE-21,194855,,NULL,2024-05-08 00:00:00.000,NULL,NULL,NULL,0,NULL,NULL
3981,230113113947,2022-09-28,2023-10-02,01456-COMP-NB-ICT-PTRE-18,225161,,NULL,2023-10-02 00:00:00.000,NULL,NULL,NULL,0,NULL,NULL
4096,231002013252,2023-10-02,NULL,01456-COMP-NB-ICT-PTRE-18,235293,NULL,NULL,2023-10-02 00:00:00.000,NULL,NULL,NULL,1,225164,2024-04-16 13:58:18.000
4098,231004024157,2023-10-02,NULL,2140-COMP-NB-ICT-PTRE-21,235342,NULL,NULL,2023-10-04 00:00:00.000,NULL,NULL,NULL,0,NULL,NULL
4099,231004024738,2023-10-02,NULL,02289-FUR-MK-CFS-PTRE-12,235248,NULL,NULL,2023-10-04 00:00:00.000,NULL,NULL,NULL,0,NULL,NULL
4102,231004033038,2023-10-02,NULL,2025 COMP-NB-ICT-PTRE-20,235327,NULL,NULL,2023-10-04 00:00:00.000,NULL,NULL,NULL,0,NULL,NULL
4115,231027030403,2023-10-02,NULL,2277-COMP-NB-ICT-PTRE-23,104094,NULL,NULL,2023-10-27 00:00:00.000,NULL,NULL,NULL,0,NULL,NULL
4097,231003095655,2023-10-03,NULL,01754 COMP-NB-ICT-PTRE-19,305017,NULL,NULL,2023-10-03 00:00:00.000,NULL,NULL,NULL,0,NULL,NULL
4266,240124050411,2023-10-05,NULL,2274-COMP-DESK-ICT-PTRE-23,134408,NULL,NULL,2024-01-24 00:00:00.000,NULL,NULL,NULL,0,NULL,NULL
4017,230116104610,2023-01-16,2023-10-06,01887 COMP-NB-ICT-PTRE-19,110002,,NULL,2023-10-06 00:00:00.000,NULL,NULL,NULL,0,NULL,NULL
4108,231006082249,2023-10-06,NULL,01591 COMP-DSK-ICT-PTRE-18,225130,NULL,NULL,2023-10-06 00:00:00.000,NULL,NULL,NULL,0,NULL,NULL
4109,231006090641,2023-10-06,NULL,01887 COMP-NB-ICT-PTRE-19,235331,NULL,NULL,2023-10-06 00:00:00.000,NULL,NULL,NULL,1,225164,2023-10-06 09:07:05.000
4136,231031105925,2023-10-06,NULL,2290-COMP-NB-ICT-PTRE-23,300317,NULL,NULL,2023-10-31 00:00:00.000,NULL,NULL,NULL,0,NULL,NULL
4127,231027105809,2023-10-12,NULL,01695 COMP-DSK-ICT-PTRE-19,104094,NULL,NULL,2023-10-27 00:00:00.000,NULL,NULL,NULL,0,NULL,NULL
5280,240312022108,2023-10-12,NULL,01701 COMP-DSK-ICT-PTRE-19,235287,NULL,NULL,2024-03-12 00:00:00.000,NULL,NULL,NULL,0,NULL,NULL
4122,231027100525,2023-10-13,NULL,01711 COMP-DSK-ICT-PTRE-19,235285,NULL,NULL,2023-10-27 00:00:00.000,NULL,NULL,NULL,0,NULL,NULL
4123,231027104213,2023-10-13,NULL,01709 COMP-DSK-ICT-PTRE-19,235263,NULL,NULL,2023-10-27 00:00:00.000,NULL,NULL,NULL,0,NULL,NULL
4124,231027104626,2023-10-13,NULL,01903 COMP-DSK-ICT-PTRE-19,073833,NULL,NULL,2023-10-27 00:00:00.000,NULL,NULL,NULL,0,NULL,NULL
4139,231031014230,2023-10-13,NULL,01477-COMP-NB-ICT-PTRE-18,308618,NULL,NULL,2023-10-31 00:00:00.000,NULL,NULL,NULL,0,NULL,NULL
5279,240312021803,2023-10-13,NULL,01985 COMP-DSK-ICT-PTRE-19,094062,NULL,NULL,2024-03-12 00:00:00.000,NULL,NULL,NULL,0,NULL,NULL
4129,231028110015,2023-10-18,NULL,01601 COMP-DSK-ICT-PTRE-18,235273,NULL,NULL,2023-10-28 00:00:00.000,NULL,NULL,NULL,0,NULL,NULL
1596,NULL,2020-05-22,2023-10-19,2024 COMP-NB-ICT-PTRE-20,134390,,NULL,2023-10-27 00:00:00.000,053573,NULL,NULL,0,NULL,NULL
4130,231028110436,2023-10-20,NULL,01979 COMP-DSK-ICT-PTRE-19,134382,NULL,NULL,2023-10-28 00:00:00.000,NULL,NULL,NULL,0,NULL,NULL
4131,231028110853,2023-10-20,NULL,01561 COMP-DSK-ICT-PTRE-18,124330,NULL,NULL,2023-10-28 00:00:00.000,NULL,NULL,NULL,0,NULL,NULL
4138,231031110414,2023-10-20,NULL,2292-COMP-NB-ICT-PTRE-23,134390,NULL,NULL,2023-10-31 00:00:00.000,NULL,NULL,NULL,0,NULL,NULL
4111,231020090236,2019-08-14,2023-10-23,01752 COMP-NB-ICT-PTRE-19,300317,,NULL,2023-10-31 00:00:00.000,NULL,NULL,NULL,0,NULL,NULL
4141,231031023411,2023-10-23,NULL,2294-COMP-NB-ICT-PTRE-23,124295,Untuk Zona 4,NULL,2023-10-31 00:00:00.000,NULL,NULL,NULL,0,NULL,NULL
4143,231102082627,2022-06-02,2023-10-26,02075-COMP-NB-ICT-PTRE-20,023010,,NULL,2023-11-02 00:00:00.000,NULL,NULL,NULL,0,NULL,NULL
4151,231102044250,2023-03-01,2023-10-30,02066-COMP-NB-ICT-PTRE-20,235290,,NULL,2023-11-02 00:00:00.000,NULL,NULL,NULL,0,NULL,NULL
4133,231030103719,2023-10-30,NULL,02009 COMP-NB-ICT-PTRE-19,314018,Untuk Freeport,NULL,2023-10-30 00:00:00.000,NULL,NULL,NULL,0,NULL,NULL
4140,231031022155,2023-10-30,NULL,01752 COMP-NB-ICT-PTRE-19,314018,Untuk Freeport,NULL,2023-10-31 00:00:00.000,NULL,NULL,NULL,0,NULL,NULL
5281,240312044140,2023-10-30,NULL,01615 COMP-DSK-ICT-PTRE-18,235350,NULL,NULL,2024-03-12 00:00:00.000,NULL,NULL,NULL,0,NULL,NULL
3990,230113115402,2022-09-05,2023-11-01,01304-COMP-NB-ICT-PTRE-15,225158,,NULL,2025-05-09 00:00:00.000,NULL,NULL,NULL,0,NULL,NULL
4095,230920024401,2023-09-20,2023-11-01,01563 COMP-DSK-ICT-PTRE-18,154576,,NULL,2023-11-02 00:00:00.000,NULL,NULL,NULL,0,NULL,NULL
4144,231102082753,2023-11-01,NULL,02075-COMP-NB-ICT-PTRE-20,110007,NULL,NULL,2023-11-02 00:00:00.000,NULL,NULL,NULL,0,NULL,NULL
4148,231102042858,2023-11-01,NULL,2301-COMP-NB-ICT-PTRE-23,235333,NULL,NULL,2023-11-02 00:00:00.000,NULL,NULL,NULL,0,NULL,NULL
1565,NULL,2020-05-22,2023-11-02,01916 COMP-NB-ICT-PTRE-19,164621,,NULL,2026-09-02 00:00:00.000,053573,NULL,NULL,0,NULL,NULL
4160,231106025442,2023-11-02,NULL,01897 COMP-DSK-ICT-PTRE-19,140133,NULL,NULL,2023-11-06 00:00:00.000,NULL,NULL,NULL,1,225164,2024-04-25 11:29:07.000
5304,240313100626,2023-11-02,NULL,02066-COMP-NB-ICT-PTRE-20,245368,NULL,NULL,2024-03-13 00:00:00.000,NULL,NULL,NULL,0,NULL,NULL
1620,200921011253,2020-05-29,2023-11-03,02065-COMP-NB-ICT-PTRE-20,134368,,NULL,2023-11-06 00:00:00.000,NULL,NULL,NULL,0,NULL,NULL
4158,231106024543,2023-11-03,NULL,01603 COMP-DSK-ICT-PTRE-18,140134,Security Graha 1 RE,NULL,2023-11-06 00:00:00.000,NULL,NULL,NULL,0,NULL,NULL
4159,231106025228,2023-11-03,NULL,01690 COMP-DSK-ICT-PTRE-19,606718,NULL,NULL,2023-11-06 00:00:00.000,NULL,NULL,NULL,0,NULL,NULL
4152,231106092905,2023-11-06,NULL,2298-COMP-NB-ICT-PTRE-23,124295,Untuk Zona 4,NULL,2023-11-06 00:00:00.000,NULL,NULL,NULL,0,NULL,NULL
4153,231106093131,2023-11-06,NULL,2295-COMP-NB-ICT-PTRE-23,124295,Untuk Zona 4,NULL,2023-11-06 00:00:00.000,NULL,NULL,NULL,0,NULL,NULL
4154,231106093628,2023-11-06,NULL,2297-COMP-NB-ICT-PTRE-23,124295,Untuk Zona 4,NULL,2023-11-06 00:00:00.000,NULL,NULL,NULL,0,NULL,NULL
4155,231106015746,2023-11-06,NULL,01463-COMP-NB-ICT-PTRE-18,053573,NULL,NULL,2023-11-06 00:00:00.000,NULL,NULL,NULL,1,225164,2024-12-10 15:29:42.000
5292,240312091500,2023-11-07,NULL,01715 COMP-DSK-ICT-PTRE-19,140134,NULL,NULL,2024-03-12 00:00:00.000,NULL,NULL,NULL,0,NULL,NULL
6350,240424081932,2023-11-07,NULL,01703 COMP-DSK-ICT-PTRE-19,225164,NULL,NULL,2024-04-24 00:00:00.000,NULL,NULL,NULL,0,NULL,NULL
4190,240122040600,2023-11-09,NULL,01831 COMP-WORK-ICT-PTRE-19,083898,,NULL,2024-03-12 00:00:00.000,NULL,NULL,NULL,0,NULL,NULL
4203,240123090554,2023-11-09,NULL,2270-COMP-DESK-ICT-PTRE-23,114191,DM,NULL,2024-01-23 00:00:00.000,NULL,NULL,NULL,1,053573,2024-03-26 15:04:01.000
5289,240312084712,2023-11-09,NULL,01571 COMP-DSK-ICT-PTRE-18,063679,NULL,NULL,2024-03-12 00:00:00.000,NULL,NULL,NULL,0,NULL,NULL
6363,240507051937,2023-11-09,NULL,01646 COMP-NB-ICT-PTRE-18,114191,NULL,NULL,2024-05-07 00:00:00.000,NULL,NULL,NULL,0,NULL,NULL
3963,230113100210,2022-07-04,2023-11-10,01655 COMP-NB-ICT-PTRE-19,225138,,NULL,2024-05-07 00:00:00.000,NULL,NULL,NULL,0,NULL,NULL
4041,230404025925,2023-11-10,NULL,2136-COMP-NB-ICT-PTRE-21,204983,,NULL,2024-01-23 00:00:00.000,NULL,NULL,NULL,1,225164,2024-05-08 08:34:25.000
4188,240122040215,2023-11-10,NULL,01808 COMP-WORK-ICT-PTRE-19,194797,,NULL,2024-03-12 00:00:00.000,NULL,NULL,NULL,1,225164,2025-01-15 10:49:11.000
4194,240123085001,2023-11-10,NULL,01917 COMP-NB-ICT-PTRE-19,184706,,NULL,2024-01-23 00:00:00.000,NULL,NULL,NULL,1,225164,2024-03-12 09:53:49.000
4202,240123090429,2023-11-10,NULL,2269-COMP-DESK-ICT-PTRE-23,114191,DM,NULL,2024-01-23 00:00:00.000,NULL,NULL,NULL,1,053573,2024-03-26 15:04:48.000
4184,240122034925,2023-01-22,2023-11-15,01642 COMP-DSK-ICT-PTRE-18,301817,,NULL,2024-03-12 00:00:00.000,NULL,NULL,NULL,0,NULL,NULL
4196,240123085235,2023-11-15,NULL,2112-COMP-NB-ICT-PTRE-21,063614,,NULL,2024-01-23 00:00:00.000,NULL,NULL,NULL,1,225164,2024-03-12 09:59:34.000
4177,240122034026,2023-11-16,NULL,01469-COMP-DSK-ICT-PTRE-18,114195,PC Software Compress,NULL,2024-03-12 00:00:00.000,NULL,NULL,NULL,0,NULL,NULL
4182,240122034447,2023-11-16,NULL,01559 COMP-DSK-ICT-PTRE-18,124330,,NULL,2024-03-12 00:00:00.000,NULL,NULL,NULL,0,NULL,NULL
4187,240122035830,2023-11-16,NULL,01784 COMP-DSK-ICT-PTRE-19,114195,dm,NULL,2024-01-22 00:00:00.000,NULL,NULL,NULL,1,225164,2024-03-12 09:24:31.000
4167,240121112447,2023-11-20,NULL,2307-PERP-MEXT-ICT-PTRE-23,022005,NULL,NULL,2024-01-21 00:00:00.000,NULL,NULL,NULL,0,NULL,NULL
4185,240122035048,2023-11-20,NULL,01658 COMP-DSK-ICT-PTRE-19,315118,,NULL,2024-03-12 00:00:00.000,NULL,NULL,NULL,0,NULL,NULL
5291,240312090250,2023-11-20,NULL,01642 COMP-DSK-ICT-PTRE-18,215050,NULL,NULL,2024-03-12 00:00:00.000,NULL,NULL,NULL,0,NULL,NULL
4165,240121112008,2023-11-21,NULL,2306-MON-LCD-ICT-PTRE-23,124299,NULL,NULL,2024-01-21 00:00:00.000,NULL,NULL,NULL,0,NULL,NULL
4166,240121112026,2023-11-21,NULL,2305-MON-LCD-ICT-PTRE-23,124299,NULL,NULL,2024-01-21 00:00:00.000,NULL,NULL,NULL,0,NULL,NULL
5312,240401070408,2023-11-21,NULL,01624 COMP-DSK-ICT-PTRE-18,245376,NULL,NULL,2024-04-01 00:00:00.000,NULL,NULL,NULL,0,NULL,NULL
4173,240122033019,2023-11-27,NULL,00830-COMP-DESK-ICT-PTRE-12,130089,,NULL,2024-03-12 00:00:00.000,NULL,NULL,NULL,0,NULL,NULL
5334,240416042459,2023-11-28,NULL,01733 COMP-DSK-ICT-PTRE-19,104133,NULL,NULL,2024-04-16 00:00:00.000,NULL,NULL,NULL,0,NULL,NULL
4175,240122033600,2023-11-29,NULL,01346-COMP-WORK-ICT-PTRE-15,235309,,NULL,2024-03-12 00:00:00.000,NULL,NULL,NULL,0,NULL,NULL
4192,240122041017,2023-11-29,NULL,01835 COMP-DSK-ICT-PTRE-19,023208,,NULL,2024-03-12 00:00:00.000,NULL,NULL,NULL,0,NULL,NULL
4201,240123090025,2023-11-29,NULL,02091-COMP-NB-ICT-PTRE-21,094077,,NULL,2024-01-23 00:00:00.000,NULL,NULL,NULL,0,NULL,NULL
4174,240122033218,2023-11-30,NULL,01056-COMP-WORK-ICT-PTRE-13,104103,,NULL,2024-03-12 00:00:00.000,NULL,NULL,NULL,0,NULL,NULL
2641,210209081018,2021-02-09,2023-12-01,02101-COMP-NB-ICT-PTRE-21,215033,,NULL,2024-09-06 00:00:00.000,NULL,NULL,NULL,0,NULL,NULL
4168,240121113427,2023-12-01,NULL,2308-COMP-NB-ICT-PTRE-23,134408,NULL,NULL,2024-01-21 00:00:00.000,NULL,NULL,NULL,0,NULL,NULL
4209,240123091712,2023-12-01,NULL,2308-COMP-NB-ICT-PTRE-23,134408,NULL,NULL,2024-01-23 00:00:00.000,NULL,NULL,NULL,1,225164,2024-01-23 09:17:59.000
4210,240123091934,2023-12-01,NULL,2309-COMP-NB-ICT-PTRE-23,308418,NULL,NULL,2024-01-23 00:00:00.000,NULL,NULL,NULL,1,225164,2024-01-23 09:19:58.000
4211,240123091949,2023-12-01,NULL,2309-COMP-NB-ICT-PTRE-23,308418,NULL,NULL,2024-01-23 00:00:00.000,NULL,NULL,NULL,1,053573,2024-01-24 16:54:42.000
5310,240325103617,2023-12-04,NULL,02104-COMP-NB-ICT-PTRE-21,235335,NULL,NULL,2024-03-25 00:00:00.000,NULL,NULL,NULL,0,NULL,NULL
4205,240123090835,2023-12-05,NULL,01682 COMP-DSK-ICT-PTRE-19,194746,,NULL,2024-01-23 00:00:00.000,NULL,NULL,NULL,0,NULL,NULL
4206,240123091231,2023-12-05,NULL,01802 COMP-DSK-ICT-PTRE-19,114190,NULL,NULL,2024-01-23 00:00:00.000,NULL,NULL,NULL,0,NULL,NULL
5348,240423013417,2023-12-05,NULL,01551 COMP-DSK-ICT-PTRE-18,235306,NULL,NULL,2024-04-23 00:00:00.000,NULL,NULL,NULL,0,NULL,NULL
4208,240123091514,2023-12-06,NULL,01597 COMP-DSK-ICT-PTRE-18,023224,NULL,NULL,2024-01-23 00:00:00.000,NULL,NULL,NULL,0,NULL,NULL
4214,240123092621,2023-12-06,NULL,02083-COMP-NB-ICT-PTRE-20,032029,NULL,NULL,2024-01-23 00:00:00.000,NULL,NULL,NULL,0,NULL,NULL
4216,240123092850,2023-12-06,NULL,01705 COMP-DSK-ICT-PTRE-19,194775,PC CIVIL,NULL,2024-01-23 00:00:00.000,NULL,NULL,NULL,0,NULL,NULL
4217,240123093026,2023-12-06,NULL,01810 COMP-DSK-ICT-PTRE-19,225160,NULL,NULL,2024-01-23 00:00:00.000,NULL,NULL,NULL,0,NULL,NULL
4230,240123101606,2023-12-06,NULL,2160-COMP-NB-ICT-PTRE-21,194869,NULL,NULL,2024-01-23 00:00:00.000,NULL,NULL,NULL,0,NULL,NULL
4207,240123091344,2023-12-07,NULL,01759 COMP-NB-ICT-PTRE-19,225152,NULL,NULL,2024-01-23 00:00:00.000,NULL,NULL,NULL,1,225164,2024-03-13 10:38:20.000
5305,240313103811,2023-12-07,NULL,01759 COMP-NB-ICT-PTRE-19,225152,NULL,NULL,2024-03-13 00:00:00.000,NULL,NULL,NULL,1,225164,2024-11-13 13:33:29.000
3740,220829024204,2021-05-12,2023-12-11,2128-COMP-NB-ICT-PTRE-21,053598,,NULL,2024-04-16 00:00:00.000,NULL,NULL,NULL,0,NULL,NULL
4213,240123092509,2023-12-11,NULL,01956 COMP-DSK-ICT-PTRE-19,194809,NULL,NULL,2024-01-23 00:00:00.000,NULL,NULL,NULL,1,225164,2024-04-24 08:56:08.000
4247,240123104537,2023-12-12,NULL,01919 COMP-NB-ICT-PTRE-19,184652,NULL,NULL,2024-01-23 00:00:00.000,NULL,NULL,NULL,0,NULL,NULL
4225,240123100227,2023-12-13,NULL,01839 COMP-DSK-ICT-PTRE-19,215075,NULL,NULL,2024-01-23 00:00:00.000,NULL,NULL,NULL,0,NULL,NULL
4215,240123092719,2023-12-14,NULL,2174-COMP-NB-ICT-PTRE-21,194711,NULL,NULL,2024-01-23 00:00:00.000,NULL,NULL,NULL,1,225164,2025-02-16 04:46:05.000
4222,240123095906,2023-12-14,NULL,01909 COMP-DSK-ICT-PTRE-19,104140,NULL,NULL,2024-01-23 00:00:00.000,NULL,NULL,NULL,0,NULL,NULL
3774,220915091300,2022-08-26,2023-12-15,01433-COMP-NB-ICT-PTRE-17,144514,,NULL,2025-03-03 00:00:00.000,NULL,NULL,NULL,0,NULL,NULL
4034,230321110626,2023-02-06,2023-12-15,02102-COMP-NB-ICT-PTRE-21,194883,,NULL,2024-04-04 00:00:00.000,NULL,NULL,NULL,0,NULL,NULL
4044,230614030646,2023-06-14,2023-12-15,01759 COMP-NB-ICT-PTRE-19,225152,,NULL,2024-12-10 00:00:00.000,NULL,NULL,NULL,0,NULL,NULL
4218,240123093504,2023-12-15,NULL,01782 COMP-DSK-ICT-PTRE-19,194811,PC PROCESS,NULL,2024-01-23 00:00:00.000,NULL,NULL,NULL,0,NULL,NULL
7439,241014101207,2023-12-18,NULL,01895 COMP-DSK-ICT-PTRE-19,194742,NULL,NULL,2024-10-14 00:00:00.000,NULL,NULL,NULL,0,NULL,NULL
4221,240123095646,2023-12-19,NULL,01513 COMP-DSK-ICT-PTRE-18,053573,NULL,NULL,2024-01-23 00:00:00.000,NULL,NULL,NULL,0,NULL,NULL
4226,240123100610,2023-12-20,NULL,2267-COMP-NB-ICT-PTRE-23,225144,NULL,NULL,2024-01-23 00:00:00.000,NULL,NULL,NULL,1,225164,2024-07-08 10:15:20.000
4227,240123100939,2023-12-21,NULL,2156-COMP-NB-ICT-PTRE-21,053573,DM,NULL,2024-01-23 00:00:00.000,NULL,NULL,NULL,1,225164,2024-04-01 09:13:56.000
4232,240123101857,2023-12-21,NULL,2170-COMP-NB-ICT-PTRE-21,053573,DM,NULL,2024-01-23 00:00:00.000,NULL,NULL,NULL,1,225164,2024-03-25 11:28:30.000
4170,240121114437,2023-12-22,NULL,2310-COMP-NB-ICT-PTRE-23,134408,NULL,NULL,2024-01-21 00:00:00.000,NULL,NULL,NULL,0,NULL,NULL
3881,221121025738,2022-11-16,2023-12-25,02104-COMP-NB-ICT-PTRE-21,225170,,NULL,2024-03-25 00:00:00.000,NULL,NULL,NULL,0,NULL,NULL
4229,240123101308,2023-12-27,NULL,01513 COMP-DSK-ICT-PTRE-18,205007,NULL,NULL,2024-01-23 00:00:00.000,NULL,NULL,NULL,0,NULL,NULL
3684,220824032217,2021-09-23,2023-12-28,2171-COMP-NB-ICT-PTRE-21,215074,,NULL,2026-05-25 00:00:00.000,NULL,NULL,NULL,0,NULL,NULL
3776,220915092609,2022-08-26,2023-12-28,2122-COMP-NB-ICT-PTRE-21,154565,,NULL,2024-10-16 00:00:00.000,NULL,NULL,NULL,0,NULL,NULL
1935,201022024542,2020-10-22,2024-01-01,01139-COMP-DESK-ICT-PTRE-13,023012,,NULL,2024-03-12 00:00:00.000,NULL,NULL,NULL,0,NULL,NULL
5316,240404124527,2023-01-01,2024-01-01,01657 COMP-NB-ICT-PTRE-19,215125,,NULL,2024-04-04 00:00:00.000,NULL,NULL,NULL,0,NULL,NULL
4125,231027104846,2023-10-12,2024-01-01,01778 COMP-DSK-ICT-PTRE-19,235271,,NULL,2024-03-12 00:00:00.000,NULL,NULL,NULL,0,NULL,NULL
4142,231031034709,2023-10-31,2024-01-01,01595 COMP-DSK-ICT-PTRE-18,235352,,NULL,2024-03-12 00:00:00.000,NULL,NULL,NULL,0,NULL,NULL
3891,221121044655,2022-10-13,2024-01-02,01644 COMP-NB-ICT-PTRE-18,204983,,NULL,2024-12-13 00:00:00.000,NULL,NULL,NULL,0,NULL,NULL
4246,240123104410,2023-12-22,2024-01-02,01433-COMP-NB-ICT-PTRE-17,194891,,NULL,2025-03-03 00:00:00.000,NULL,NULL,NULL,0,NULL,NULL
4164,240102100736,2024-01-02,NULL,02679-ACC-AC-CFS-PTRE-13,144472,NULL,NULL,2024-01-02 00:00:00.000,NULL,NULL,NULL,0,NULL,NULL
4231,240123101722,2024-01-02,NULL,2311-COMP-NB-ICT-PTRE-23,124310,NULL,NULL,2024-01-23 00:00:00.000,NULL,NULL,NULL,1,053573,2024-01-24 16:54:50.000
4242,240123103920,2024-01-02,NULL,2265-COMP-NB-ICT-PTRE-23,053573,NULL,NULL,2024-01-23 00:00:00.000,NULL,NULL,NULL,1,053573,2024-01-24 17:31:12.000
4243,240123104029,2024-01-02,NULL,2181-COMP-NB-ICT-PTRE-21,215050,,NULL,2025-01-02 00:00:00.000,NULL,NULL,NULL,0,NULL,NULL
4244,240123104124,2024-01-02,NULL,01924 COMP-NB-ICT-PTRE-19,053573,NULL,NULL,2024-01-23 00:00:00.000,NULL,NULL,NULL,0,NULL,NULL
4245,240123104250,2024-01-02,NULL,2225-COMP-NB-ICT-PTRE-23,033340,NULL,NULL,2024-01-23 00:00:00.000,NULL,NULL,NULL,0,NULL,NULL
6382,240521024017,2024-01-02,NULL,01828 COMP-DSK-ICT-PTRE-19,235318,NULL,NULL,2024-05-21 00:00:00.000,NULL,NULL,NULL,0,NULL,NULL
3914,221216025509,2022-11-01,2024-01-03,2203-COMP-NB-ICT-PTRE-22,114236,,NULL,2024-12-13 00:00:00.000,NULL,NULL,NULL,1,225164,2025-02-16 07:35:49.000
4228,240123101117,2024-01-03,NULL,01461-COMP-NB-ICT-PTRE-18,053573,DM,NULL,2024-01-23 00:00:00.000,NULL,NULL,NULL,1,225164,2024-03-25 11:16:05.000
4110,231006090741,2023-10-02,2024-01-04,01887 COMP-NB-ICT-PTRE-19,235331,,NULL,2024-04-16 00:00:00.000,NULL,NULL,NULL,0,NULL,NULL
4135,231031105602,2023-10-03,2024-01-04,2289-COMP-NB-ICT-PTRE-23,235248,,NULL,2024-04-16 00:00:00.000,NULL,NULL,NULL,0,NULL,NULL
4238,240123102919,2024-01-04,NULL,2212-COMP-NB-ICT-PTRE-22,124338,NULL,NULL,2024-01-23 00:00:00.000,NULL,NULL,NULL,0,NULL,NULL
4240,240123103507,2024-01-04,NULL,01569 COMP-DSK-ICT-PTRE-18,124293,NULL,NULL,2024-01-23 00:00:00.000,NULL,NULL,NULL,0,NULL,NULL
5263,240207104615,2023-01-05,2024-01-05,01515 COMP-NB-ICT-PTRE-18,033031,,NULL,2024-02-07 00:00:00.000,NULL,NULL,NULL,0,NULL,NULL
4076,230623032306,2023-02-28,2024-01-05,2252-COMP-NB-ICT-PTRE-23,225174,,NULL,2025-02-14 00:00:00.000,NULL,NULL,NULL,0,NULL,NULL
4234,240123102308,2024-01-05,NULL,2118-COMP-NB-ICT-PTRE-21,033031,NULL,NULL,2024-01-23 00:00:00.000,NULL,NULL,NULL,0,NULL,NULL
4235,240123102503,2024-01-05,NULL,01587 COMP-DSK-ICT-PTRE-18,114190,pc process,NULL,2024-01-23 00:00:00.000,NULL,NULL,NULL,0,NULL,NULL
5340,240417102523,2024-01-05,NULL,01056-COMP-WORK-ICT-PTRE-13,300217,NULL,NULL,2024-04-17 00:00:00.000,NULL,NULL,NULL,0,NULL,NULL
6353,240424043925,2024-01-05,NULL,01143-COMP-DESK-ICT-PTRE-13,235338,NULL,NULL,2024-04-24 00:00:00.000,NULL,NULL,NULL,0,NULL,NULL
4171,240121114726,2024-01-08,NULL,2311-COMP-NB-ICT-PTRE-23,124310,NULL,NULL,2024-01-21 00:00:00.000,NULL,NULL,NULL,0,NULL,NULL
5314,240401091352,2024-01-08,NULL,2156-COMP-NB-ICT-PTRE-21,245365,NULL,NULL,2024-04-01 00:00:00.000,NULL,NULL,NULL,0,NULL,NULL
5323,240416012732,2024-01-08,NULL,2034 COMP-DSK-ICT-PTRE-20,194891,NULL,NULL,2024-04-16 00:00:00.000,NULL,NULL,NULL,0,NULL,NULL
5324,240416013401,2024-01-08,NULL,01206-COMP-WORK-ICT-PTRE-14,235324,NULL,NULL,2024-04-16 00:00:00.000,NULL,NULL,NULL,0,NULL,NULL
5325,240416013639,2024-01-08,NULL,01942 COMP-DSK-ICT-PTRE-19,194767,NULL,NULL,2024-04-16 00:00:00.000,NULL,NULL,NULL,0,NULL,NULL
5326,240416013937,2024-01-08,NULL,01599 COMP-DSK-ICT-PTRE-18,130072,NULL,NULL,2024-04-16 00:00:00.000,NULL,NULL,NULL,0,NULL,NULL
5327,240416015612,2024-01-08,NULL,2289-COMP-NB-ICT-PTRE-23,235331,NULL,NULL,2024-04-16 00:00:00.000,NULL,NULL,NULL,0,NULL,NULL
4252,240123105224,2024-01-09,NULL,2211-COMP-NB-ICT-PTRE-22,225168,NULL,NULL,2024-01-23 00:00:00.000,NULL,NULL,NULL,0,NULL,NULL
5333,240416042030,2024-01-11,NULL,01887 COMP-NB-ICT-PTRE-19,245369,NULL,NULL,2024-04-16 00:00:00.000,NULL,NULL,NULL,0,NULL,NULL
4132,231028111608,2023-10-20,2024-01-14,01719 COMP-DSK-ICT-PTRE-19,235314,,NULL,2024-03-12 00:00:00.000,NULL,NULL,NULL,0,NULL,NULL
4112,231027023439,2023-08-14,2024-01-15,01745 COMP-NB-ICT-PTRE-19,205007,,NULL,2024-03-12 00:00:00.000,NULL,NULL,NULL,0,NULL,NULL
4251,240123105120,2024-01-15,NULL,2023 COMP-NB-ICT-PTRE-20,154576,NULL,NULL,2024-01-23 00:00:00.000,NULL,NULL,NULL,0,NULL,NULL
4253,240123105405,2024-01-15,NULL,01719 COMP-DSK-ICT-PTRE-19,302616,PC ALL INSTRUMENT,NULL,2024-03-12 00:00:00.000,NULL,NULL,NULL,0,NULL,NULL
4254,240123105649,2024-01-15,NULL,00469-COMP-DESK-ICT-PTRE-08,083943,NULL,NULL,2024-01-23 00:00:00.000,NULL,NULL,NULL,0,NULL,NULL
4255,240123105649,2024-01-15,NULL,00469-COMP-DESK-ICT-PTRE-08,083943,NULL,NULL,2024-01-23 00:00:00.000,NULL,NULL,NULL,0,NULL,NULL
5264,240215104800,2024-01-15,NULL,2313-PERP-STRG-ICT-PTRE-24,114236,NULL,NULL,2024-02-15 00:00:00.000,NULL,NULL,NULL,0,NULL,NULL
5265,240215104821,2024-01-15,NULL,2314-PERP-STRG-ICT-PTRE-24,104103,NULL,NULL,2024-02-15 00:00:00.000,NULL,NULL,NULL,0,NULL,NULL
5266,240215105441,2024-01-15,NULL,2315-PERP-STRG-ICT-PTRE-24,130096,NULL,NULL,2024-02-15 00:00:00.000,NULL,NULL,NULL,0,NULL,NULL
5268,240228112158,2024-01-15,NULL,2316-PERP-MEXT-ICT-PTRE-24,124272,NULL,NULL,2024-02-28 00:00:00.000,NULL,NULL,NULL,0,NULL,NULL
4248,240123104713,2024-01-17,NULL,2148-COMP-NB-ICT-PTRE-21,215075,NULL,NULL,2024-01-23 00:00:00.000,NULL,NULL,NULL,0,NULL,NULL
4249,240123104819,2024-01-17,NULL,01806 COMP-DSK-ICT-PTRE-19,053573,PC TRAINING,NULL,2024-01-23 00:00:00.000,NULL,NULL,NULL,1,225164,2025-03-26 14:50:42.000
5284,240312062011,2024-01-18,NULL,01745 COMP-NB-ICT-PTRE-19,204983,NULL,NULL,2024-03-12 00:00:00.000,NULL,NULL,NULL,0,NULL,NULL
4183,240122034715,2024-01-22,NULL,01579 COMP-DSK-ICT-PTRE-18,053573,NULL,NULL,2024-01-22 00:00:00.000,NULL,NULL,NULL,0,NULL,NULL
4191,240122040903,2024-01-22,NULL,01833 COMP-WORK-ICT-PTRE-19,184679,NULL,NULL,2024-01-22 00:00:00.000,NULL,NULL,NULL,1,225164,2024-03-12 09:46:15.000
4193,240122041039,2024-01-22,NULL,01835 COMP-DSK-ICT-PTRE-19,023208,NULL,NULL,2024-01-22 00:00:00.000,NULL,NULL,NULL,1,225164,2024-03-12 09:49:25.000
4220,240123095613,2024-01-23,NULL,01513 COMP-DSK-ICT-PTRE-18,053573,NULL,NULL,2024-01-23 00:00:00.000,NULL,NULL,NULL,0,NULL,NULL
4259,240123110400,2024-01-23,NULL,01818 COMP-DSK-ICT-PTRE-19,194837,PC KEUANGAN,NULL,2024-01-23 00:00:00.000,NULL,NULL,NULL,0,NULL,NULL
6349,240423054934,2024-01-25,NULL,2252-COMP-NB-ICT-PTRE-23,130090,NULL,NULL,2024-04-23 00:00:00.000,NULL,NULL,NULL,0,NULL,NULL
5315,240404082340,2024-01-29,NULL,02102-COMP-NB-ICT-PTRE-21,245370,NULL,NULL,2024-04-04 00:00:00.000,NULL,NULL,NULL,0,NULL,NULL
4150,231102043743,2023-11-02,2024-01-30,2299-COMP-NB-ICT-PTRE-23,235340,,NULL,2024-03-12 00:00:00.000,NULL,NULL,NULL,0,NULL,NULL
5319,240406011515,2024-01-30,NULL,02087-COMP-NB-ICT-PTRE-20,194867,NULL,NULL,2024-04-06 00:00:00.000,NULL,NULL,NULL,0,NULL,NULL
5286,240312063219,2024-01-09,2024-01-31,01595 COMP-DSK-ICT-PTRE-18,235363,,NULL,2024-12-27 00:00:00.000,NULL,NULL,NULL,0,NULL,NULL
5269,240228112505,2024-01-31,NULL,2317-COMP-SVR-ICT-PTRE-24,053573,NULL,NULL,2024-02-28 00:00:00.000,NULL,NULL,NULL,0,NULL,NULL
5270,240228113027,2024-01-31,NULL,2318-COMP-NB-ICT-PTRE-24,235363,NULL,NULL,2024-02-28 00:00:00.000,NULL,NULL,NULL,0,NULL,NULL
5271,240228113353,2024-01-31,NULL,2319-COMP-NB-ICT-PTRE-24,235354,NULL,NULL,2024-02-28 00:00:00.000,NULL,NULL,NULL,0,NULL,NULL
3986,230113114736,2022-09-14,2024-02-01,2170-COMP-NB-ICT-PTRE-21,225153,,NULL,2024-03-25 00:00:00.000,NULL,NULL,NULL,0,NULL,NULL
4258,240123110245,2024-01-19,2024-02-01,01975 COMP-DSK-ICT-PTRE-19,053573,PC TRAINING,NULL,2024-05-31 00:00:00.000,NULL,NULL,NULL,1,225164,2024-06-03 08:12:28.000
1622,200921011322,2024-02-02,NULL,1952 COMP-DSK-ICT-PTRE-19,235329,,NULL,2024-04-16 00:00:00.000,NULL,NULL,NULL,0,NULL,NULL
3682,220824031420,2023-11-10,2024-02-06,2190-COMP-NB-ICT-PTRE-22,104099,,NULL,2025-02-16 00:00:00.000,NULL,NULL,NULL,0,NULL,NULL
5322,240416012050,2024-02-06,NULL,01286-COMP-DESK-ICT-PTRE-14,053573,NULL,NULL,2024-04-16 00:00:00.000,NULL,NULL,NULL,0,NULL,NULL
5329,240416020555,2024-02-07,NULL,2128-COMP-NB-ICT-PTRE-21,235281,NULL,NULL,2024-04-16 00:00:00.000,NULL,NULL,NULL,0,NULL,NULL
6368,240508074920,2021-06-01,2024-02-08,02010 COMP-NB-ICT-PTRE-20,032227,,NULL,2025-02-16 00:00:00.000,NULL,NULL,NULL,0,NULL,NULL
5294,240312050617,2024-02-09,NULL,2322-COMP-NB-ICT-PTRE-0324,022005,NULL,NULL,2024-03-12 00:00:00.000,NULL,NULL,NULL,0,NULL,NULL
6364,240507052207,2023-12-05,2024-02-12,01655 COMP-NB-ICT-PTRE-19,235284,,NULL,2025-02-16 00:00:00.000,NULL,NULL,NULL,0,NULL,NULL
5285,240312062414,2024-02-12,NULL,01455-COMP-NB-ICT-PTRE-18,235358,NULL,NULL,2024-03-12 00:00:00.000,NULL,NULL,NULL,0,NULL,NULL
4149,231102043349,2023-11-02,2024-02-13,2300-COMP-NB-ICT-PTRE-23,235334,,NULL,2024-03-12 00:00:00.000,NULL,NULL,NULL,0,NULL,NULL
5345,240417052208,2023-01-05,2024-02-15,02084-COMP-NB-ICT-PTRE-20,205016,,NULL,2024-04-17 00:00:00.000,NULL,NULL,NULL,0,NULL,NULL
4256,240123105927,2024-01-18,2024-02-15,01410-COMP-NB-ICT-PTRE-17,235360,,NULL,2024-02-19 00:00:00.000,NULL,NULL,NULL,0,NULL,NULL
5331,240416040825,2024-02-19,NULL,01311-COMP-WORK-ICT-PTRE-15,315818,NULL,NULL,2024-04-16 00:00:00.000,NULL,NULL,NULL,0,NULL,NULL
4157,231106020006,2024-02-20,NULL,01504-COMP-NB-ICT-PTRE-18,235348,,NULL,2024-03-12 00:00:00.000,NULL,NULL,NULL,0,NULL,NULL
5296,240312052037,2024-02-20,NULL,2323-COMP-NB-ICT-PTRE-24,032227,NULL,NULL,2024-03-12 00:00:00.000,NULL,NULL,NULL,0,NULL,NULL
5335,240416043831,2024-02-20,NULL,01060-COMP-WORK-ICT-PTRE-13,134358,NULL,NULL,2024-04-16 00:00:00.000,NULL,NULL,NULL,0,NULL,NULL
5293,240312045128,2024-02-22,NULL,2320-COMP-NB-ICT-PTRE-24,124303,NULL,NULL,2024-03-12 00:00:00.000,NULL,NULL,NULL,0,NULL,NULL
5332,240416041423,2024-02-23,NULL,01312-COMP-WORK-ICT-PTRE-15,134413,NULL,NULL,2024-04-16 00:00:00.000,NULL,NULL,NULL,0,NULL,NULL
5302,240312092044,2024-02-27,NULL,2328-PERP-NETW-ICT-PTRE-24,033340,NULL,NULL,2024-03-12 00:00:00.000,NULL,NULL,NULL,0,NULL,NULL
5303,240312092419,2024-02-27,NULL,2329-PERP-NETW-ICT-PTRE-24,033340,NULL,NULL,2024-03-12 00:00:00.000,NULL,NULL,NULL,0,NULL,NULL
1369,NULL,2020-05-22,2024-02-28,01539 COMP-DSK-ICT-PTRE-18,184654,,NULL,2024-04-17 00:00:00.000,053573,NULL,NULL,0,NULL,NULL
4121,231027100303,2023-10-20,2024-02-28,01409-COMP-NB-ICT-PTRE-16,235349,,NULL,2024-02-28 00:00:00.000,NULL,NULL,NULL,0,NULL,NULL
5272,240305045225,2024-02-29,NULL,01409-COMP-NB-ICT-PTRE-16,235291,NULL,NULL,2024-03-05 00:00:00.000,NULL,NULL,NULL,0,NULL,NULL
5299,240312065639,2024-02-29,NULL,2326-COMP-NB-ICT-PTRE-24,073749,NULL,NULL,2024-03-12 00:00:00.000,NULL,NULL,NULL,0,NULL,NULL
5300,240312090901,2024-02-29,NULL,2327-COMP-NB-ICT-PTRE-24,194855,NULL,NULL,2024-03-12 00:00:00.000,NULL,NULL,NULL,0,NULL,NULL
5336,240416050724,2024-02-29,NULL,01944 COMP-DSK-ICT-PTRE-19,205007,NULL,NULL,2024-04-16 00:00:00.000,NULL,NULL,NULL,0,NULL,NULL
6396,240607060642,2024-03-01,NULL,2170-COMP-NB-ICT-PTRE-21,235266,NULL,NULL,2024-06-07 00:00:00.000,NULL,NULL,NULL,0,NULL,NULL
5306,240314125918,2024-03-04,NULL,2330-COMP-NB-ICT-PTRE-24,110014,NULL,NULL,2024-03-14 00:00:00.000,NULL,NULL,NULL,0,NULL,NULL
4200,240123085903,2023-04-04,2024-03-05,2136-COMP-NB-ICT-PTRE-21,204983,,NULL,2025-04-29 00:00:00.000,NULL,NULL,NULL,0,NULL,NULL
4186,240122035513,2023-11-08,2024-03-05,01762 COMP-NB-ICT-PTRE-19,204983,,NULL,2024-04-30 00:00:00.000,NULL,NULL,NULL,0,NULL,NULL
6354,240424044840,2024-03-05,NULL,01630 COMP-DSK-ICT-PTRE-18,124274,NULL,NULL,2024-04-24 00:00:00.000,NULL,NULL,NULL,0,NULL,NULL
4087,230811114444,2023-08-11,2024-03-11,2058 COMP-NB-ICT-PTRE-20,235278,,NULL,2024-05-17 00:00:00.000,NULL,NULL,NULL,0,NULL,NULL
5274,240312012956,2024-03-12,NULL,01731 COMP-DSK-ICT-PTRE-19,225145,NULL,NULL,2024-03-12 00:00:00.000,NULL,NULL,NULL,0,NULL,NULL
5276,240312014406,2024-03-12,NULL,01707 COMP-DSK-ICT-PTRE-19,235350,NULL,NULL,2024-03-12 00:00:00.000,NULL,NULL,NULL,0,NULL,NULL
5278,240312015723,2024-03-12,NULL,01062-COMP-WORK-ICT-PTRE-13,124339,NULL,NULL,2024-03-12 00:00:00.000,NULL,NULL,NULL,0,NULL,NULL
5282,240312051840,2024-03-12,NULL,01841 COMP-DSK-ICT-PTRE-19,094077,NULL,NULL,2024-03-12 00:00:00.000,NULL,NULL,NULL,0,NULL,NULL
4120,231027050852,2023-04-11,2024-03-13,01723 COMP-DSK-ICT-PTRE-19,235275,,NULL,2026-04-28 00:00:00.000,NULL,NULL,NULL,0,NULL,NULL
5307,240319092651,2022-07-01,2024-03-15,01447-COMP-NB-ICT-PTRE-17,110014,,NULL,2024-03-19 00:00:00.000,NULL,NULL,NULL,0,NULL,NULL
5308,240319022610,2024-03-19,NULL,2331-COMP-NB-ICT-PTRE-24,114219,NULL,NULL,2024-03-19 00:00:00.000,NULL,NULL,NULL,0,NULL,NULL
5346,240417053028,2024-03-20,NULL,01549 COMP-DSK-ICT-PTRE-18,073752,NULL,NULL,2024-04-17 00:00:00.000,NULL,NULL,NULL,1,225164,2024-04-25 11:12:32.000
5309,240325074435,2024-03-25,NULL,01609 COMP-DSK-ICT-PTRE-18,130089,NULL,NULL,2024-03-25 00:00:00.000,NULL,NULL,NULL,0,NULL,NULL
5313,240401072734,2024-03-27,NULL,2336-COMP-NB-ICT-PTRE-24,124278,NULL,NULL,2024-04-01 00:00:00.000,NULL,NULL,NULL,0,NULL,NULL
4257,240123110137,2024-04-03,NULL,01780 COMP-DSK-ICT-PTRE-19,194786,PC TRAINING,NULL,2024-04-03 00:00:00.000,NULL,NULL,NULL,0,NULL,NULL
5318,240405102037,2021-01-01,2024-04-04,01652 COMP-NB-ICT-PTRE-18,308418,,NULL,2024-04-05 00:00:00.000,NULL,NULL,NULL,0,NULL,NULL
3924,221230105050,2023-01-11,2024-04-10,2215-COMP-NB-ICT-PTRE-22,205005,,NULL,2024-05-17 00:00:00.000,NULL,NULL,NULL,0,NULL,NULL
7467,241211064732,2024-04-17,NULL,2188-COMP-NB-ICT-PTRE-22,205005,NULL,NULL,2024-12-11 00:00:00.000,NULL,NULL,NULL,0,NULL,NULL
5347,240419095256,2024-04-19,NULL,01607 COMP-DSK-ICT-PTRE-18,033232,WFA Rumah Indra,NULL,2024-04-24 00:00:00.000,NULL,NULL,NULL,0,NULL,NULL
6348,240423051500,2024-04-19,NULL,01454 COMP-NB-ICT-PTRE-18,245374,NULL,NULL,2024-04-23 00:00:00.000,NULL,NULL,NULL,0,NULL,NULL
6351,240424085602,2024-04-20,NULL,01956 COMP-DSK-ICT-PTRE-19,306117,NULL,NULL,2024-04-24 00:00:00.000,NULL,NULL,NULL,0,NULL,NULL
4169,240121114036,2023-12-08,2024-04-22,2309-COMP-NB-ICT-PTRE-23,308418,,NULL,2024-04-29 00:00:00.000,NULL,NULL,NULL,0,NULL,NULL
3744,220829024439,2021-02-17,2024-04-25,2125-COMP-NB-ICT-PTRE-21,104136,,NULL,2024-06-26 00:00:00.000,NULL,NULL,NULL,0,NULL,NULL
5295,240312050646,2024-02-20,2024-04-30,2321-COMP-NB-ICT-PTRE-24,194746,,NULL,2024-04-30 00:00:00.000,NULL,NULL,NULL,0,NULL,NULL
6403,240723033559,2024-04-30,NULL,2337-COMP-NB-ICT-PTRE-24,134408,NULL,NULL,2024-07-23 00:00:00.000,NULL,NULL,NULL,0,NULL,NULL
6384,240531022142,2019-09-04,2024-05-01,01878 COMP-NB-ICT-PTRE-19,022079,,NULL,2024-05-31 00:00:00.000,NULL,NULL,NULL,0,NULL,NULL
6367,240508041012,2024-05-01,NULL,01981 COMP-DSK-ICT-PTRE-19,124254,NULL,NULL,2024-05-08 00:00:00.000,NULL,NULL,NULL,0,NULL,NULL
1462,NULL,2020-05-22,2024-05-03,01717 COMP-DSK-ICT-PTRE-19,194787,,NULL,2025-02-14 00:00:00.000,053573,NULL,NULL,0,NULL,NULL
7530,250214060138,2024-05-08,NULL,01717 COMP-DSK-ICT-PTRE-19,255490,NULL,NULL,2025-02-14 00:00:00.000,NULL,NULL,NULL,0,NULL,NULL
6404,240723034304,2024-05-09,NULL,2338-COMP-NB-ICT-PTRE-24,022079,NULL,NULL,2024-07-23 00:00:00.000,NULL,NULL,NULL,0,NULL,NULL
6407,240816112806,2024-05-17,NULL,2339-COMP-NB-ICT-PTRE-24,154576,NULL,NULL,2024-08-16 00:00:00.000,NULL,NULL,NULL,0,NULL,NULL
6381,240520015216,2024-05-20,NULL,2332-COMP-NB-ICT-PTRE-24,245367,NULL,NULL,2024-05-20 00:00:00.000,NULL,NULL,NULL,0,NULL,NULL
6386,240603081300,2024-05-27,NULL,01975 COMP-DSK-ICT-PTRE-19,124299,NULL,NULL,2024-06-03 00:00:00.000,NULL,NULL,NULL,1,225164,2026-04-28 14:44:21.000
6387,240603081641,2024-05-27,NULL,01672 COMP-DSK-ICT-PTRE-19,124299,Di Jogja RE 2,NULL,2025-02-15 00:00:00.000,NULL,NULL,NULL,0,NULL,NULL
6388,240603082404,2024-05-27,NULL,01899 COMP-DSK-ICT-PTRE-19,124299,Di Jogja RE 2,NULL,2025-02-15 00:00:00.000,NULL,NULL,NULL,0,NULL,NULL
6389,240603084552,2024-05-27,NULL,01851 COMP-DSK-ICT-PTRE-19,124299,Di Jogja RE 2,NULL,2025-02-15 00:00:00.000,NULL,NULL,NULL,0,NULL,NULL
6390,240603090117,2024-05-27,NULL,01948 COMP-DSK-ICT-PTRE-19,124299,Jogja RE 2,NULL,2025-02-15 00:00:00.000,NULL,NULL,NULL,0,NULL,NULL
6392,240603090502,2024-05-27,NULL,01565 COMP-DSK-ICT-PTRE-18,124299,Jogja RE 2,NULL,2025-02-15 00:00:00.000,NULL,NULL,NULL,0,NULL,NULL
1654,200924033508,2020-01-02,2024-05-30,02016 COMP-NB-ICT-PTRE-20,104153,Freeport,NULL,2026-02-10 00:00:00.000,NULL,NULL,NULL,0,NULL,NULL
5298,240312052648,2024-02-23,2024-05-31,2325-COMP-NB-ICT-PTRE-24,235360,,NULL,2024-05-31 00:00:00.000,NULL,NULL,NULL,0,NULL,NULL
6380,240517092025,2024-05-14,2024-05-31,2058 COMP-NB-ICT-PTRE-20,245392,,NULL,2024-09-13 00:00:00.000,NULL,NULL,NULL,0,NULL,NULL
6394,240603112945,2024-06-03,NULL,2028 COMP-DSK-ICT-PTRE-20,215050,,NULL,2024-06-03 00:00:00.000,NULL,NULL,NULL,0,NULL,NULL
7416,240924094649,2024-06-03,NULL,2340-PERP-STRG-ICT-PTRE-24,114236,NULL,NULL,2024-09-24 00:00:00.000,NULL,NULL,NULL,0,NULL,NULL
7531,250215112115,2024-06-04,NULL,01792 COMP-DSK-ICT-PTRE-19,154576,Digunakan Personil PKL,NULL,2025-02-15 00:00:00.000,NULL,NULL,NULL,0,NULL,NULL
3737,220829023952,2021-06-02,2024-06-05,2131-COMP-NB-ICT-PTRE-21,134387,,NULL,2026-05-18 00:00:00.000,NULL,NULL,NULL,0,NULL,NULL
4204,240123090716,2023-12-15,2024-06-10,01668 COMP-DSK-ICT-PTRE-19,316618,,NULL,2024-12-17 00:00:00.000,NULL,NULL,NULL,0,NULL,NULL
5262,240130023647,2024-01-30,2024-06-10,01650 COMP-NB-ICT-PTRE-18,245372,,NULL,2024-06-24 00:00:00.000,NULL,NULL,NULL,0,NULL,NULL
6397,240612093405,2024-06-12,NULL,01927 COMP-NB-ICT-PTRE-19,083914,NULL,NULL,2024-06-12 00:00:00.000,NULL,NULL,NULL,0,NULL,NULL
5328,240416015854,2024-02-07,2024-06-13,01456-COMP-NB-ICT-PTRE-18,235293,,NULL,2024-06-14 00:00:00.000,NULL,NULL,NULL,0,NULL,NULL
6398,240614040037,2024-06-14,NULL,01456-COMP-NB-ICT-PTRE-18,245388,NULL,NULL,2024-06-14 00:00:00.000,NULL,NULL,NULL,0,NULL,NULL
6401,240626044802,2024-06-21,NULL,2125-COMP-NB-ICT-PTRE-21,245390,NULL,NULL,2024-06-26 00:00:00.000,NULL,NULL,NULL,0,NULL,NULL
6399,240624094903,2020-12-25,2024-06-24,01451-COMP-NB-ICT-PTRE-17,124310,,NULL,2024-06-24 00:00:00.000,NULL,NULL,NULL,0,NULL,NULL
7417,240924094741,2024-06-28,NULL,2341-PERP-STRG-ICT-PTRE-24,302616,NULL,NULL,2024-09-24 00:00:00.000,NULL,NULL,NULL,0,NULL,NULL
7418,240924095216,2024-06-28,NULL,2342-PERP-STRG-ICT-PTRE-24,114191,NULL,NULL,2024-09-24 00:00:00.000,NULL,NULL,NULL,0,NULL,NULL
7419,240924095235,2024-06-28,NULL,2343-PERP-STRG-ICT-PTRE-24,114191,NULL,NULL,2024-09-24 00:00:00.000,NULL,NULL,NULL,0,NULL,NULL
4103,231004035448,2023-08-29,2024-07-08,2267-COMP-NB-ICT-PTRE-23,225144,,NULL,2024-07-08 00:00:00.000,NULL,NULL,NULL,0,NULL,NULL
4172,240122031037,2023-10-12,2024-07-10,01905 COMP-DSK-ICT-PTRE-19,114195,,NULL,2024-12-06 00:00:00.000,NULL,NULL,NULL,0,NULL,NULL
4224,240123100057,2023-12-18,2024-07-23,01686 COMP-DSK-ICT-PTRE-19,225215Z4,,NULL,2025-02-16 00:00:00.000,NULL,NULL,NULL,0,NULL,NULL
4262,240124045833,2023-10-16,2024-07-28,2296-COMP-NB-ICT-PTRE-23,124295,,NULL,2025-01-02 00:00:00.000,NULL,NULL,NULL,0,NULL,NULL
7445,241028022214,2024-07-29,NULL,2296-COMP-NB-ICT-PTRE-23,314018,NULL,NULL,2024-10-28 00:00:00.000,NULL,NULL,NULL,0,NULL,NULL
6373,240508083100,2023-01-10,2024-07-30,02099-COMP-NB-ICT-PTRE-21,235279,,NULL,2024-08-05 00:00:00.000,NULL,NULL,NULL,0,NULL,NULL
4145,231102040147,2023-11-02,2024-07-31,2303-COMP-NB-ICT-PTRE-23,235320,,NULL,2024-08-01 00:00:00.000,NULL,NULL,NULL,0,NULL,NULL
6405,240801105134,2024-08-01,NULL,2303-COMP-NB-ICT-PTRE-23,308818,NULL,NULL,2024-08-01 00:00:00.000,NULL,NULL,NULL,0,NULL,NULL
6406,240805104359,2024-08-05,NULL,02099-COMP-NB-ICT-PTRE-21,245412,NULL,NULL,2024-08-05 00:00:00.000,NULL,NULL,NULL,0,NULL,NULL
7483,241227101425,2024-08-08,NULL,01573 COMP-DSK-ICT-PTRE-18,073865,NULL,NULL,2024-12-27 00:00:00.000,NULL,NULL,NULL,0,NULL,NULL
6376,240508084935,2023-11-02,2024-08-12,2176-COMP-NB-ICT-PTRE-21,235349,,NULL,2024-08-27 00:00:00.000,NULL,NULL,NULL,0,NULL,NULL
7434,240924015259,2024-08-12,NULL,2357-COMP-NB-ICT-PTRE-24,245406,NULL,NULL,2024-09-24 00:00:00.000,NULL,NULL,NULL,0,NULL,NULL
6402,240723084132,2024-07-22,2024-08-14,01746 COMP-NB-ICT-PTRE-19,245406,,NULL,2024-08-27 00:00:00.000,NULL,NULL,NULL,0,NULL,NULL
4118,231027050341,2023-05-08,2024-08-15,01680 COMP-DSK-ICT-PTRE-19,235286,,NULL,2025-01-17 00:00:00.000,NULL,NULL,NULL,0,NULL,NULL
7408,240827110129,2024-01-08,2024-08-16,02107-COMP-NB-ICT-PTRE-21,235362,,NULL,2024-08-27 00:00:00.000,NULL,NULL,NULL,0,NULL,NULL
4040,230321112539,2023-02-09,2024-08-19,2115-COMP-NB-ICT-PTRE-21,235246,,NULL,2024-08-27 00:00:00.000,NULL,NULL,NULL,0,NULL,NULL
3715,220828084957,2022-06-02,2024-08-20,2149-COMP-NB-ICT-PTRE-21,134376,,NULL,2024-08-20 00:00:00.000,NULL,NULL,NULL,0,NULL,NULL
7435,240924023002,2024-08-22,NULL,2358-COMP-NB-ICT-PTRE-24,134376,NULL,NULL,2024-09-24 00:00:00.000,NULL,NULL,NULL,0,NULL,NULL
7436,240924023305,2024-08-22,NULL,2359-COMP-NB-ICT-PTRE-24,235246,NULL,NULL,2024-09-24 00:00:00.000,NULL,NULL,NULL,0,NULL,NULL
3667,220724092921,2022-07-18,2024-08-23,2182-COMP-NB-ICT-PTRE-21,225141,,NULL,2024-08-27 00:00:00.000,NULL,NULL,NULL,0,NULL,NULL
7484,241227110503,2024-08-26,NULL,01595 COMP-DSK-ICT-PTRE-18,134367,NULL,NULL,2024-12-27 00:00:00.000,NULL,NULL,NULL,0,NULL,NULL
7513,250117021528,2024-08-26,NULL,01680 COMP-DSK-ICT-PTRE-19,245393,NULL,NULL,2025-01-17 00:00:00.000,NULL,NULL,NULL,0,NULL,NULL
7485,241227110811,2024-08-29,NULL,01686 COMP-DSK-ICT-PTRE-19,300917,,NULL,2024-12-27 00:00:00.000,NULL,NULL,NULL,0,NULL,NULL
7437,240924023924,2024-09-02,NULL,2362-COMP-NB-ICT-PTRE-24,134460,NULL,NULL,2024-09-24 00:00:00.000,NULL,NULL,NULL,0,NULL,NULL
7481,241217112117,2024-09-02,NULL,01897 COMP-DSK-ICT-PTRE-19,245417,NULL,NULL,2024-12-17 00:00:00.000,NULL,NULL,NULL,0,NULL,NULL
4011,230113042652,2022-12-15,2024-09-03,2155-COMP-NB-ICT-PTRE-21,134460,,NULL,2024-09-03 00:00:00.000,NULL,NULL,NULL,0,NULL,NULL
7443,241028020208,2024-09-04,NULL,2149-COMP-NB-ICT-PTRE-21,245382,NULL,NULL,2024-10-28 00:00:00.000,NULL,NULL,NULL,0,NULL,NULL
7452,241119085350,2024-09-04,NULL,01824 COMP-DSK-ICT-PTRE-19,134413,Di Rumah,NULL,2025-02-16 00:00:00.000,NULL,NULL,NULL,0,NULL,NULL
7486,241227111226,2024-09-04,NULL,01997 COMP-NB-ICT-PTRE-19,215071,NULL,NULL,2024-12-27 00:00:00.000,NULL,NULL,NULL,0,NULL,NULL
3929,230110015404,2023-01-10,2024-09-06,02015 COMP-NB-ICT-PTRE-20,124254,,NULL,2024-10-28 00:00:00.000,NULL,NULL,NULL,0,NULL,NULL
7412,240906024015,2024-09-06,NULL,02101-COMP-NB-ICT-PTRE-21,194925,NULL,NULL,2024-09-06 00:00:00.000,NULL,NULL,NULL,0,NULL,NULL
7413,240906033038,2024-09-06,NULL,02107-COMP-NB-ICT-PTRE-21,245421,NULL,NULL,2024-09-06 00:00:00.000,NULL,NULL,NULL,0,NULL,NULL
6385,240603080429,2024-05-27,2024-09-09,01878 COMP-NB-ICT-PTRE-19,124299,,NULL,2024-09-09 00:00:00.000,NULL,NULL,NULL,0,NULL,NULL
4189,240122040423,2023-11-09,2024-09-10,01824 COMP-DSK-ICT-PTRE-19,053507,,NULL,2024-11-19 00:00:00.000,NULL,NULL,NULL,0,NULL,NULL
7487,241227112358,2024-09-10,NULL,2122-COMP-NB-ICT-PTRE-21,073775,NULL,NULL,2024-12-27 00:00:00.000,NULL,NULL,NULL,1,225164,2024-12-27 11:24:40.000
7415,240913090528,2024-09-12,NULL,2058 COMP-NB-ICT-PTRE-20,245417,NULL,NULL,2024-09-13 00:00:00.000,NULL,NULL,NULL,0,NULL,NULL
7488,241227113008,2024-09-18,NULL,01878 COMP-NB-ICT-PTRE-19,110018,NULL,NULL,2024-12-27 00:00:00.000,NULL,NULL,NULL,1,225164,2025-02-15 22:48:23.000
7489,241227113446,2024-09-18,NULL,01581 COMP-DSK-ICT-PTRE-18,073775,NULL,NULL,2024-12-27 00:00:00.000,NULL,NULL,NULL,0,NULL,NULL
5277,240312014731,2024-03-14,2024-09-20,2024 COMP-NB-ICT-PTRE-20,235291,,NULL,2024-10-28 00:00:00.000,NULL,NULL,NULL,0,NULL,NULL
7414,240910025015,2024-09-10,2024-09-25,2122-COMP-NB-ICT-PTRE-21,073775,,NULL,2024-10-16 00:00:00.000,NULL,NULL,NULL,0,NULL,NULL
4146,231102040306,2023-11-02,2024-09-30,2304-COMP-NB-ICT-PTRE-23,225166,,NULL,2024-10-03 00:00:00.000,NULL,NULL,NULL,0,NULL,NULL
4197,240123085551,2023-11-21,2024-09-30,2030 COMP-DSK-ICT-PTRE-20,235291,,NULL,2025-01-24 00:00:00.000,NULL,NULL,NULL,0,NULL,NULL
7410,240827012349,2024-08-27,2024-10-03,01746 COMP-NB-ICT-PTRE-19,245403,,NULL,2024-10-03 00:00:00.000,NULL,NULL,NULL,0,NULL,NULL
7448,241108102811,2024-10-04,NULL,2369-COMP-NB-ICT-PTRE-24,194825,NULL,NULL,2024-11-08 00:00:00.000,NULL,NULL,NULL,0,NULL,NULL
7446,241108102114,2024-10-07,NULL,2367-PERP-STRG-ICT-PTRE-24,124272,NULL,NULL,2024-11-08 00:00:00.000,NULL,NULL,NULL,0,NULL,NULL
7490,241227113841,2024-10-09,NULL,01465-COMP-NB-ICT-PTRE-17,023013,NULL,NULL,2024-12-27 00:00:00.000,NULL,NULL,NULL,0,NULL,NULL
7492,241227114346,2024-10-15,NULL,2174-COMP-NB-ICT-PTRE-21,194711,NULL,NULL,2024-12-27 00:00:00.000,NULL,NULL,NULL,1,225164,2025-02-16 04:46:19.000
1607,NULL,2020-05-22,2024-10-18,2056 COMP-NB-ICT-PTRE-20,301317,,NULL,2024-10-22 00:00:00.000,053573,NULL,NULL,0,NULL,NULL
1335,NULL,2020-05-22,2024-10-25,01486-COMP-NB-ICT-PTRE-18,023064,,NULL,2024-12-10 00:00:00.000,053573,NULL,NULL,0,NULL,NULL
1610,NULL,2020-05-22,2024-11-05,2059 COMP-NB-ICT-PTRE-20,194825,,NULL,2025-02-16 00:00:00.000,053573,NULL,NULL,0,NULL,NULL
7449,241113090140,2024-11-08,NULL,2370-COMP-NB-ICT-PTRE-24,114195,NULL,NULL,2024-11-13 00:00:00.000,NULL,NULL,NULL,1,225164,2024-12-13 13:53:14.000
7493,241227010721,2024-11-11,NULL,01950 COMP-DSK-ICT-PTRE-19,245440,NULL,NULL,2024-12-27 00:00:00.000,NULL,NULL,NULL,0,NULL,NULL
4162,231106033210,2023-11-01,2024-11-13,01870 COMP-NB-ICT-PTRE-19,235352,,NULL,2024-11-13 00:00:00.000,NULL,NULL,NULL,0,NULL,NULL
7450,241113013350,2024-02-01,2024-11-13,01759 COMP-NB-ICT-PTRE-19,235352,,NULL,2024-11-13 00:00:00.000,NULL,NULL,NULL,0,NULL,NULL
7453,241204093025,2024-11-15,NULL,2371-COMP-NB-ICT-PTRE-24,235350,NULL,NULL,2024-12-04 00:00:00.000,NULL,NULL,NULL,0,NULL,NULL
7454,241204093114,2024-11-15,NULL,2372-COMP-NB-ICT-PTRE-24,235352,NULL,NULL,2024-12-04 00:00:00.000,NULL,NULL,NULL,0,NULL,NULL
7455,241204093138,2024-11-15,NULL,2373-COMP-NB-ICT-PTRE-24,194847,NULL,NULL,2024-12-04 00:00:00.000,NULL,NULL,NULL,0,NULL,NULL
7456,241204111143,2024-11-15,NULL,2374-PERP-STRG-ICT-PTRE-24,094077,NULL,NULL,2024-12-04 00:00:00.000,NULL,NULL,NULL,0,NULL,NULL
7457,241204032554,2024-11-18,NULL,2375-COMP-NB-ICT-PTRE-24,083933,NULL,NULL,2024-12-04 00:00:00.000,NULL,NULL,NULL,0,NULL,NULL
7441,241016022631,2024-10-16,2024-11-21,2122-COMP-NB-ICT-PTRE-21,194767,,NULL,2024-12-09 00:00:00.000,NULL,NULL,NULL,0,NULL,NULL
7458,241204032828,2024-11-25,NULL,2376-COMP-DESK-ICT-PTRE-24,184678,NULL,NULL,2024-12-04 00:00:00.000,NULL,NULL,NULL,1,225164,2025-01-15 13:23:12.000
7459,241204033226,2024-11-25,NULL,2377-COMP-DESK-ICT-PTRE-24,110018,NULL,NULL,2024-12-04 00:00:00.000,NULL,NULL,NULL,0,NULL,NULL
7464,241210083814,2024-11-28,NULL,01486-COMP-NB-ICT-PTRE-18,215090,NULL,NULL,2024-12-10 00:00:00.000,NULL,NULL,NULL,0,NULL,NULL
7495,241227021318,2024-12-02,NULL,2382-COMP-NB-ICT-PTRE-24,114236,NULL,NULL,2024-12-27 00:00:00.000,NULL,NULL,NULL,0,NULL,NULL
4219,240123093656,2023-12-18,2024-12-05,01973 COMP-NB-ICT-PTRE-19,033376,,NULL,2024-12-09 00:00:00.000,NULL,NULL,NULL,0,NULL,NULL
5317,240404125944,2024-04-04,2024-12-05,01475-COMP-NB-ICT-PTRE-18,215090,,NULL,2025-01-13 00:00:00.000,NULL,NULL,NULL,0,NULL,NULL
4239,240123103355,2022-11-01,2024-12-06,2203-COMP-NB-ICT-PTRE-22,114236,,NULL,2025-02-16 00:00:00.000,NULL,NULL,NULL,0,NULL,NULL
7461,241206112546,2024-12-06,NULL,01905 COMP-DSK-ICT-PTRE-19,215050,NULL,NULL,2024-12-06 00:00:00.000,NULL,NULL,NULL,0,NULL,NULL
7462,241209081328,2024-12-09,NULL,01973 COMP-NB-ICT-PTRE-19,235329,NULL,NULL,2024-12-09 00:00:00.000,NULL,NULL,NULL,0,NULL,NULL
1327,NULL,2020-05-22,2024-12-10,01478-COMP-NB-ICT-PTRE-18,308818,,NULL,2024-12-10 00:00:00.000,053573,NULL,NULL,0,NULL,NULL
7409,240827110828,2024-08-20,2024-12-10,01447-COMP-NB-ICT-PTRE-17,245409,,NULL,2024-12-12 00:00:00.000,NULL,NULL,NULL,0,NULL,NULL
7451,241118023829,2024-11-18,2024-12-10,01759 COMP-NB-ICT-PTRE-19,245438,,NULL,2024-12-10 00:00:00.000,NULL,NULL,NULL,0,NULL,NULL
7466,241210051627,2024-12-10,NULL,2267-COMP-NB-ICT-PTRE-23,245409,NULL,NULL,2024-12-10 00:00:00.000,NULL,NULL,NULL,0,NULL,NULL
7478,241213042721,2024-01-05,2024-12-13,01644 COMP-NB-ICT-PTRE-18,110018,,NULL,2024-12-13 00:00:00.000,NULL,NULL,NULL,0,NULL,NULL
7476,241213042343,2024-09-11,2024-12-13,01878 COMP-NB-ICT-PTRE-19,110018,,NULL,2024-12-13 00:00:00.000,NULL,NULL,NULL,1,225164,2024-12-13 16:26:30.000
7463,241209085623,2024-11-22,2024-12-13,2122-COMP-NB-ICT-PTRE-21,245385,,NULL,2024-12-18 00:00:00.000,NULL,NULL,NULL,0,NULL,NULL
7475,241213015321,2024-12-13,NULL,2370-COMP-NB-ICT-PTRE-24,245424,NULL,NULL,2024-12-13 00:00:00.000,NULL,NULL,NULL,0,NULL,NULL
7477,241213042423,2024-12-13,NULL,01878 COMP-NB-ICT-PTRE-19,245385,NULL,NULL,2024-12-13 00:00:00.000,NULL,NULL,NULL,1,225164,2024-12-13 16:26:34.000
7479,241213042738,2024-12-13,NULL,01644 COMP-NB-ICT-PTRE-18,245385,NULL,NULL,2024-12-13 00:00:00.000,NULL,NULL,NULL,1,225164,2024-12-13 17:18:50.000
7497,241227041321,2024-12-13,NULL,2405-COMP-NB-ICT-PTRE-24,134408,Ginanjar,NULL,2024-12-27 00:00:00.000,NULL,NULL,NULL,1,225164,2025-02-16 11:42:00.000
7498,241227041514,2024-12-13,NULL,2406-COMP-NB-ICT-PTRE-24,134408,al Mukafa,NULL,2024-12-27 00:00:00.000,NULL,NULL,NULL,1,225164,2025-02-16 11:36:19.000
7532,250216120253,2024-12-18,NULL,2122-COMP-NB-ICT-PTRE-21,114191,NULL,NULL,2025-02-16 00:00:00.000,NULL,NULL,NULL,0,NULL,NULL
7499,241227042508,2024-12-23,NULL,2407-COMP-NB-ICT-PTRE-24,104153,NULL,NULL,2024-12-27 00:00:00.000,NULL,NULL,NULL,0,NULL,NULL
7496,241227041305,2024-12-27,NULL,2405-COMP-NB-ICT-PTRE-24,134408,NULL,NULL,2024-12-27 00:00:00.000,NULL,NULL,NULL,1,053573,2024-12-27 16:13:29.000
7500,241231091922,2024-12-31,NULL,2410-COMP-NB-ICT-PTRE-24,235364,NULL,NULL,2024-12-31 00:00:00.000,NULL,NULL,NULL,0,NULL,NULL
4260,240123110519,2024-01-11,2025-01-06,01676 COMP-DSK-ICT-PTRE-19,110018,,NULL,2025-02-14 00:00:00.000,NULL,NULL,NULL,0,NULL,NULL
5330,240416031106,2024-02-12,2025-01-06,2184-COMP-NB-ICT-PTRE-21,235283,,NULL,2025-01-06 00:00:00.000,NULL,NULL,NULL,0,NULL,NULL
7501,250106102003,2025-01-06,NULL,2408-COMP-NB-ICT-PTRE-24,235356,NULL,NULL,2025-01-06 00:00:00.000,NULL,NULL,NULL,0,NULL,NULL
7502,250107052056,2025-01-06,NULL,2409-COMP-NB-ICT-PTRE-24,235361,NULL,NULL,2025-01-07 00:00:00.000,NULL,NULL,NULL,0,NULL,NULL
7503,250107052146,2025-01-06,NULL,2411-COMP-NB-ICT-PTRE-24,245375,NULL,NULL,2025-01-07 00:00:00.000,NULL,NULL,NULL,0,NULL,NULL
7508,250109013540,2025-01-06,NULL,2056 COMP-NB-ICT-PTRE-20,255476,NULL,NULL,2025-01-09 00:00:00.000,NULL,NULL,NULL,0,NULL,NULL
7512,250116101218,2025-01-06,NULL,2414-COMP-NB-ICT-PTRE-24,245384,NULL,NULL,2025-01-16 00:00:00.000,NULL,NULL,NULL,0,NULL,NULL
7507,250108030422,2025-01-07,NULL,2413-COMP-NB-ICT-PTRE-24,245383,NULL,NULL,2025-01-08 00:00:00.000,NULL,NULL,NULL,0,NULL,NULL
7533,250216025116,2025-01-07,NULL,2415-COMP-NB-ICT-PTRE-24,245397,NULL,NULL,2025-02-16 00:00:00.000,NULL,NULL,NULL,0,NULL,NULL
7505,250108091803,2025-01-08,NULL,2416-COMP-NB-ICT-PTRE-24,245441,NULL,NULL,2025-01-08 00:00:00.000,NULL,NULL,NULL,0,NULL,NULL
7468,241211070610,2023-11-10,2025-01-14,01808 COMP-WORK-ICT-PTRE-19,194797,,NULL,2025-01-15 00:00:00.000,NULL,NULL,NULL,0,NULL,NULL
5290,240312085852,2023-11-10,2025-01-15,01605 COMP-DSK-ICT-PTRE-18,184678,,NULL,2025-01-15 00:00:00.000,NULL,NULL,NULL,0,NULL,NULL
7511,250115012325,2025-01-15,NULL,2376-COMP-DESK-ICT-PTRE-24,235324,NULL,NULL,2025-01-15 00:00:00.000,NULL,NULL,NULL,0,NULL,NULL
7514,250120110023,2025-01-17,NULL,2417-COMP-NB-ICT-PTRE-25,134408,NULL,NULL,2025-01-20 00:00:00.000,NULL,NULL,NULL,0,NULL,NULL
3921,221216034551,2022-12-23,2025-01-20,2210-COMP-NB-ICT-PTRE-22,215107,,NULL,2025-01-20 00:00:00.000,NULL,NULL,NULL,0,NULL,NULL
7515,250122080142,2025-01-22,NULL,01727 COMP-DSK-ICT-PTRE-19,255488,NULL,NULL,2025-01-22 00:00:00.000,NULL,NULL,NULL,0,NULL,NULL
7516,250124084844,2025-01-23,NULL,2418-COMP-NB-ICT-PTRE-25,104099,NULL,NULL,2025-01-24 00:00:00.000,NULL,NULL,NULL,0,NULL,NULL
7465,241210044143,2024-12-10,2025-01-24,01478-COMP-NB-ICT-PTRE-18,245438,,NULL,2025-01-30 00:00:00.000,NULL,NULL,NULL,0,NULL,NULL
7517,250124094356,2025-01-24,NULL,2030 COMP-DSK-ICT-PTRE-20,033019,NULL,NULL,2025-01-24 00:00:00.000,NULL,NULL,NULL,1,225164,2025-01-24 11:19:37.000
7518,250130081408,2025-01-24,NULL,2210-COMP-NB-ICT-PTRE-22,245438,NULL,NULL,2025-01-30 00:00:00.000,NULL,NULL,NULL,0,NULL,NULL
7429,240924013831,2024-08-12,2025-01-27,2353-COMP-NB-ICT-PTRE-24,032029,,NULL,2025-03-03 00:00:00.000,NULL,NULL,NULL,0,NULL,NULL
4093,230919023051,2023-09-19,2025-01-30,01784 COMP-DSK-ICT-PTRE-19,235330,,NULL,2025-01-30 00:00:00.000,NULL,NULL,NULL,0,NULL,NULL
7519,250130021049,2025-01-30,NULL,01662 COMP-DSK-ICT-PTRE-19,255486,NULL,NULL,2025-01-30 00:00:00.000,NULL,NULL,NULL,0,NULL,NULL
7520,250130031819,2025-01-30,NULL,01784 COMP-DSK-ICT-PTRE-19,255489,NULL,NULL,2025-01-30 00:00:00.000,NULL,NULL,NULL,0,NULL,NULL
7534,250216033358,2025-01-31,NULL,02010 COMP-NB-ICT-PTRE-20,255491,NULL,NULL,2025-02-16 00:00:00.000,NULL,NULL,NULL,0,NULL,NULL
3759,220829031414,2021-04-02,2025-02-01,2114-COMP-NB-ICT-PTRE-21,144511,,NULL,2025-02-13 00:00:00.000,NULL,NULL,NULL,0,NULL,NULL
2635,210209074402,2021-02-09,2025-02-03,02095-COMP-NB-ICT-PTRE-21,134408,Almukaffa Freeport,NULL,2025-02-13 00:00:00.000,NULL,NULL,NULL,0,NULL,NULL
7527,250213085054,2025-02-04,NULL,2114-COMP-NB-ICT-PTRE-21,255492,NULL,NULL,2025-02-13 00:00:00.000,NULL,NULL,NULL,0,NULL,NULL
5321,240416011750,2024-02-05,2025-02-07,2123-COMP-NB-ICT-PTRE-21,225146,,NULL,2025-02-07 00:00:00.000,NULL,NULL,NULL,0,NULL,NULL
7521,250207032939,2025-02-07,NULL,2123-COMP-NB-ICT-PTRE-21,245464,NULL,NULL,2025-02-07 00:00:00.000,NULL,NULL,NULL,0,NULL,NULL
7525,250211032907,2025-02-07,NULL,2427-PERP-MEXT-ICT-PTRE-25,032227,NULL,NULL,2025-02-11 00:00:00.000,NULL,NULL,NULL,0,NULL,NULL
3883,221121032854,2022-11-10,2025-02-10,2163-COMP-NB-ICT-PTRE-21,225167,,NULL,2025-10-20 00:00:00.000,NULL,NULL,NULL,0,NULL,NULL
7425,240924013710,2024-08-12,2025-02-10,2349-COMP-NB-ICT-PTRE-24,032029,,NULL,2025-02-21 00:00:00.000,NULL,NULL,NULL,0,NULL,NULL
7523,250211024800,2025-02-11,NULL,2428-COMP-NB-ICT-PTRE-25,255494,NULL,NULL,2025-02-11 00:00:00.000,NULL,NULL,NULL,0,NULL,NULL
1357,NULL,2020-05-22,2025-02-12,01518 COMP-NB-ICT-PTRE-18,134370,,NULL,2025-02-14 00:00:00.000,053573,NULL,NULL,0,NULL,NULL
7526,250213084717,2025-02-13,NULL,02095-COMP-NB-ICT-PTRE-21,134370,NULL,NULL,2025-02-13 00:00:00.000,NULL,NULL,NULL,0,NULL,NULL
7535,250216042119,2025-02-13,NULL,01478-COMP-NB-ICT-PTRE-18,114236,NULL,NULL,2025-02-16 00:00:00.000,NULL,NULL,NULL,1,225164,2026-05-04 14:34:39.000
7422,240924013554,2024-08-12,2025-02-17,2346-COMP-NB-ICT-PTRE-24,032029,,NULL,2025-02-26 00:00:00.000,NULL,NULL,NULL,0,NULL,NULL
7427,240924013753,2024-08-12,2025-02-17,2351-COMP-NB-ICT-PTRE-24,032029,,NULL,2025-02-26 00:00:00.000,NULL,NULL,NULL,0,NULL,NULL
7430,240924013858,2024-08-12,2025-02-17,2355-COMP-NB-ICT-PTRE-24,032029,,NULL,2025-03-12 00:00:00.000,NULL,NULL,NULL,0,NULL,NULL
7431,240924013921,2024-08-12,2025-02-18,2354-COMP-NB-ICT-PTRE-24,032029,,NULL,2025-02-28 00:00:00.000,NULL,NULL,NULL,0,NULL,NULL
7538,250219041854,2025-02-19,NULL,2190-COMP-NB-ICT-PTRE-22,235253,NULL,NULL,2025-02-19 00:00:00.000,NULL,NULL,NULL,0,NULL,NULL
7426,240924013734,2024-08-12,2025-02-20,2350-COMP-NB-ICT-PTRE-24,032029,,NULL,2025-02-21 00:00:00.000,NULL,NULL,NULL,0,NULL,NULL
7428,240924013808,2024-08-12,2025-02-20,2352-COMP-NB-ICT-PTRE-24,032029,,NULL,2025-02-21 00:00:00.000,NULL,NULL,NULL,0,NULL,NULL
7539,250221100711,2025-02-20,NULL,2352-COMP-NB-ICT-PTRE-24,134362,NULL,NULL,2025-02-21 00:00:00.000,NULL,NULL,NULL,0,NULL,NULL
107,190218102523,2018-07-09,2025-02-21,01479-COMP-NB-ICT-PTRE-18,083933,,NULL,2025-02-21 00:00:00.000,NULL,NULL,NULL,0,NULL,NULL
7529,250214023758,2025-02-21,NULL,02012 COMP-NB-ICT-PTRE-20,190171,,NULL,2025-02-21 00:00:00.000,NULL,NULL,NULL,0,NULL,NULL
7541,250221033425,2025-02-21,NULL,2350-COMP-NB-ICT-PTRE-24,235322,NULL,NULL,2025-02-21 00:00:00.000,NULL,NULL,NULL,0,NULL,NULL
2645,210217111549,2021-02-17,2025-02-23,01501-COMP-NB-ICT-PTRE-18,053573,Eks Freeport,NULL,2025-02-28 00:00:00.000,NULL,NULL,NULL,0,NULL,NULL
7546,250228040656,2025-02-24,NULL,01501-COMP-NB-ICT-PTRE-18,063680,NULL,NULL,2025-02-28 00:00:00.000,NULL,NULL,NULL,0,NULL,NULL
5288,240312065333,2024-02-27,2025-02-25,2300-COMP-NB-ICT-PTRE-23,235351,,NULL,2025-02-28 00:00:00.000,NULL,NULL,NULL,0,NULL,NULL
7542,250226031547,2025-02-25,NULL,01479-COMP-NB-ICT-PTRE-18,073833,NULL,NULL,2025-02-26 00:00:00.000,NULL,NULL,NULL,0,NULL,NULL
7543,250226035058,2024-02-08,2025-02-26,2130-COMP-NB-ICT-PTRE-21,110018,,NULL,2025-02-26 00:00:00.000,NULL,NULL,NULL,0,NULL,NULL
7440,241016021819,2024-10-16,2025-02-26,01762 COMP-NB-ICT-PTRE-19,194767,,NULL,2025-02-26 00:00:00.000,NULL,NULL,NULL,0,NULL,NULL
7544,250226035159,2025-02-26,NULL,2130-COMP-NB-ICT-PTRE-21,194767,NULL,NULL,2025-02-26 00:00:00.000,NULL,NULL,NULL,0,NULL,NULL
4261,240123110625,2024-01-12,2025-02-28,2144-COMP-NB-ICT-PTRE-21,104153,,NULL,2025-02-28 00:00:00.000,NULL,NULL,NULL,0,NULL,NULL
7407,240827103336,2024-08-13,2025-02-28,2176-COMP-NB-ICT-PTRE-21,245404,,NULL,2025-02-28 00:00:00.000,NULL,NULL,NULL,0,NULL,NULL
7547,250228041513,2025-02-28,NULL,2144-COMP-NB-ICT-PTRE-21,114200,NULL,NULL,2025-02-28 00:00:00.000,NULL,NULL,NULL,1,225164,2025-08-04 09:42:50.000
7423,240924013631,2024-08-12,2025-03-03,2347-COMP-NB-ICT-PTRE-24,032029,,NULL,2025-05-01 00:00:00.000,NULL,NULL,NULL,0,NULL,NULL
7424,240924013650,2024-08-12,2025-03-03,2348-COMP-NB-ICT-PTRE-24,032029,,NULL,2025-05-01 00:00:00.000,NULL,NULL,NULL,0,NULL,NULL
7549,250303080145,2025-03-03,NULL,2353-COMP-NB-ICT-PTRE-24,194889,NULL,NULL,2025-03-03 00:00:00.000,NULL,NULL,NULL,0,NULL,NULL
6361,240430045610,2022-02-10,2025-03-04,01488-COMP-NB-ICT-PTRE-18,194889,,NULL,2025-03-13 00:00:00.000,NULL,NULL,NULL,0,NULL,NULL
7552,250314012713,2025-03-04,NULL,2430-COMP-NB-ICT-PTRE-25,124281,NULL,NULL,2025-03-14 00:00:00.000,NULL,NULL,NULL,0,NULL,NULL
6372,240508082236,2022-03-02,2025-03-06,02088-COMP-NB-ICT-PTRE-20,309018,,NULL,2025-03-18 00:00:00.000,NULL,NULL,NULL,0,NULL,NULL
7553,250318021635,2025-03-06,NULL,2300-COMP-NB-ICT-PTRE-23,255507,NULL,NULL,2025-03-18 00:00:00.000,NULL,NULL,NULL,0,NULL,NULL
7554,250318023335,2025-03-06,NULL,2436-COMP-NB-ICT-PTRE-25,309018,NULL,NULL,2025-03-18 00:00:00.000,NULL,NULL,NULL,1,225164,2025-03-18 14:33:48.000
7555,250318024450,2025-03-06,NULL,2436-COMP-NB-ICT-PTRE-25,309018,NULL,NULL,2025-03-18 00:00:00.000,NULL,NULL,NULL,0,NULL,NULL
7556,250319022506,2025-03-07,NULL,2435-COMP-NB-ICT-PTRE-25,194786,NULL,NULL,2025-03-19 00:00:00.000,NULL,NULL,NULL,0,NULL,NULL
7557,250326025138,2025-03-07,NULL,01806 COMP-DSK-ICT-PTRE-19,053507,NULL,NULL,2025-03-26 00:00:00.000,NULL,NULL,NULL,0,NULL,NULL
7550,250310015540,2025-03-10,NULL,01626 COMP-DSK-ICT-PTRE-18,255508,NULL,NULL,2025-03-10 00:00:00.000,NULL,NULL,NULL,0,NULL,NULL
5267,240219023133,2024-02-19,2025-03-13,01410-COMP-NB-ICT-PTRE-17,245373,,NULL,2025-05-01 00:00:00.000,NULL,NULL,NULL,0,NULL,NULL
7494,241227011911,2024-11-14,2025-03-14,01882 COMP-NB-ICT-PTRE-19,184697,,NULL,2025-05-01 00:00:00.000,NULL,NULL,NULL,0,NULL,NULL
7551,250312082825,2025-03-03,2025-03-20,2355-COMP-NB-ICT-PTRE-24,235330,,NULL,2025-09-22 00:00:00.000,NULL,NULL,NULL,0,NULL,NULL
7563,250501102518,2025-03-20,NULL,2355-COMP-NB-ICT-PTRE-24,307018,NULL,NULL,2025-05-01 00:00:00.000,NULL,NULL,NULL,0,NULL,NULL
7447,241108102413,2024-10-28,2025-03-21,2368-COMP-NB-ICT-PTRE-24,235283,,NULL,2025-05-24 00:00:00.000,NULL,NULL,NULL,0,NULL,NULL
5344,240417042421,2024-03-19,2025-04-09,2133-COMP-NB-ICT-PTRE-21,235314,,NULL,2025-05-24 00:00:00.000,NULL,NULL,NULL,0,NULL,NULL
7411,240903090819,2024-09-03,2025-04-16,2155-COMP-NB-ICT-PTRE-21,124254,,NULL,2025-09-23 00:00:00.000,NULL,NULL,NULL,0,NULL,NULL
8622,260119123443,2025-04-16,NULL,2438-COMP-NB-ICT-PTRE-25,300317,NULL,NULL,2026-01-19 00:00:00.000,NULL,NULL,NULL,0,NULL,NULL
8594,250923054116,2025-04-17,NULL,2155-COMP-NB-ICT-PTRE-21,255513,,NULL,2025-09-23 00:00:00.000,NULL,NULL,NULL,0,NULL,NULL
8595,250923054135,2025-04-21,NULL,2155-COMP-NB-ICT-PTRE-21,255513,NULL,NULL,2025-09-23 00:00:00.000,NULL,NULL,NULL,1,225164,2025-09-23 17:41:52.000
8623,260119124031,2025-04-24,NULL,2440-COMP-NB-ICT-PTRE-25,255521,NULL,NULL,2026-01-19 00:00:00.000,NULL,NULL,NULL,0,NULL,NULL
7558,250429091031,2025-04-28,NULL,2136-COMP-NB-ICT-PTRE-21,255529,NULL,NULL,2025-04-29 00:00:00.000,NULL,NULL,NULL,0,NULL,NULL
7559,250429102111,2025-04-28,NULL,2441-COMP-NB-ICT-PTRE-25,305017,NULL,NULL,2025-04-29 00:00:00.000,NULL,NULL,NULL,0,NULL,NULL
6360,240429030922,2024-04-29,2025-05-19,2309-COMP-NB-ICT-PTRE-23,104136,,NULL,2026-05-25 00:00:00.000,NULL,NULL,NULL,0,NULL,NULL
4241,240123103657,2024-01-04,2025-05-20,2178-COMP-NB-ICT-PTRE-21,235288,,NULL,2026-05-25 00:00:00.000,NULL,NULL,NULL,0,NULL,NULL
8630,260119062725,2025-05-21,NULL,00003-FUR-KK-CFS-PTRE-14,306117,NULL,NULL,2026-01-19 00:00:00.000,NULL,NULL,NULL,0,NULL,NULL
8631,260119062807,2025-05-21,NULL,00248-FUR-KK-CFS-PTRE-14,225164,NULL,NULL,2026-01-19 00:00:00.000,NULL,NULL,NULL,0,NULL,NULL
8637,260119063011,2025-05-21,NULL,00334-FUR-KK-CFS-PTRE-14,235315,NULL,NULL,2026-01-19 00:00:00.000,NULL,NULL,NULL,0,NULL,NULL
7491,241227114119,2024-10-14,2025-05-22,01760 COMP-NB-ICT-PTRE-19,245413,,NULL,2025-05-22 00:00:00.000,NULL,NULL,NULL,0,NULL,NULL
7564,250522100821,2025-05-22,NULL,01760 COMP-NB-ICT-PTRE-19,255531,NULL,NULL,2025-05-22 00:00:00.000,NULL,NULL,NULL,0,NULL,NULL
8587,250923012157,2025-05-22,NULL,2133-COMP-NB-ICT-PTRE-21,245413,NULL,NULL,2025-09-23 00:00:00.000,NULL,NULL,NULL,0,NULL,NULL
8632,260119062829,2025-05-23,NULL,00238-FUR-KK-CFS-PTRE-14,033340,NULL,NULL,2026-01-19 00:00:00.000,NULL,NULL,NULL,0,NULL,NULL
8633,260119062855,2025-05-23,NULL,00250-FUR-KK-CFS-PTRE-13,130090,NULL,NULL,2026-01-19 00:00:00.000,NULL,NULL,NULL,0,NULL,NULL
8634,260119062910,2025-05-23,NULL,00254-FUR-KK-CFS-PTRE-14,020036,NULL,NULL,2026-01-19 00:00:00.000,NULL,NULL,NULL,0,NULL,NULL
8635,260119062929,2025-05-23,NULL,00304-FUR-KK-CFS-PTRE-16,225154,NULL,NULL,2026-01-19 00:00:00.000,NULL,NULL,NULL,0,NULL,NULL
8636,260119062957,2025-05-23,NULL,00001-FUR-KK-CFS-PTRE-15,606718,NULL,NULL,2026-01-19 00:00:00.000,NULL,NULL,NULL,0,NULL,NULL
4147,231102040748,2023-11-01,2025-05-26,2302-COMP-NB-ICT-PTRE-23,225158,,NULL,2025-06-23 00:00:00.000,NULL,NULL,NULL,0,NULL,NULL
7432,240924014632,2024-08-12,2025-05-28,2356-COMP-NB-ICT-PTRE-24,235349,,NULL,2025-06-03 00:00:00.000,NULL,NULL,NULL,0,NULL,NULL
4032,230321105428,2023-03-07,2025-06-02,2143-COMP-NB-ICT-PTRE-21,235264,,NULL,2026-08-14 00:00:00.000,NULL,NULL,NULL,0,NULL,NULL
7433,240924014913,2024-09-24,2025-06-02,2024 COMP-NB-ICT-PTRE-20,245425,,NULL,2025-09-23 00:00:00.000,NULL,NULL,NULL,0,NULL,NULL
7566,250603114047,2025-06-02,NULL,2356-COMP-NB-ICT-PTRE-24,245425,,NULL,2025-09-23 00:00:00.000,NULL,NULL,NULL,0,NULL,NULL
3746,220829030124,2021-04-29,2025-06-03,2126-COMP-NB-ICT-PTRE-21,194778,,NULL,2025-09-23 00:00:00.000,NULL,NULL,NULL,0,NULL,NULL
8588,250923030344,2025-06-03,NULL,2351-COMP-NB-ICT-PTRE-24,194778,NULL,NULL,2025-09-23 00:00:00.000,NULL,NULL,NULL,0,NULL,NULL
8589,250923030534,2025-06-03,NULL,2126-COMP-NB-ICT-PTRE-21,124299,PHR JP,NULL,2025-09-23 00:00:00.000,NULL,NULL,NULL,0,NULL,NULL
8590,250923033920,2025-06-03,NULL,2445-MON-LCD-ICT-PTRE-25,124299,PHR JP,NULL,2025-09-23 00:00:00.000,NULL,NULL,NULL,0,NULL,NULL
4137,231031110143,2023-10-04,2025-06-04,2291-COMP-NB-ICT-PTRE-23,235339,,NULL,2025-10-20 00:00:00.000,NULL,NULL,NULL,0,NULL,NULL
7565,250524112312,2025-03-21,2025-06-10,2368-COMP-NB-ICT-PTRE-24,255475,,NULL,2025-09-23 00:00:00.000,NULL,NULL,NULL,0,NULL,NULL
7504,250107024946,2025-06-10,NULL,2184-COMP-NB-ICT-PTRE-21,255475,,NULL,2025-09-23 00:00:00.000,NULL,NULL,NULL,0,NULL,NULL
8592,250923043412,2025-06-10,NULL,2368-COMP-NB-ICT-PTRE-24,255508,NULL,NULL,2025-09-23 00:00:00.000,NULL,NULL,NULL,0,NULL,NULL
7548,250303072434,2024-01-15,2025-06-11,01433-COMP-NB-ICT-PTRE-17,235293,,NULL,2025-09-23 00:00:00.000,NULL,NULL,NULL,0,NULL,NULL
8593,250923045335,2025-06-13,NULL,2446-COMP-NB-ICT-PTRE-25,114191,FREEPORT,NULL,2025-09-23 00:00:00.000,NULL,NULL,NULL,0,NULL,NULL
4083,230707030721,2023-05-26,2025-06-16,2257-COMP-NB-ICT-PTRE-23,225147,,NULL,2025-06-16 00:00:00.000,NULL,NULL,NULL,0,NULL,NULL
8569,250616024731,2025-06-16,NULL,2448-COMP-NB-ICT-PTRE-25,124299,Di PHR JP,NULL,2025-06-16 00:00:00.000,NULL,NULL,NULL,0,NULL,NULL
3911,221207023023,2022-12-07,2025-06-23,01891 COMP-NB-ICT-PTRE-19,215054,,NULL,2025-06-23 00:00:00.000,NULL,NULL,NULL,0,NULL,NULL
6400,240624041213,2024-06-24,2025-06-23,01650 COMP-NB-ICT-PTRE-18,245398,,NULL,2025-06-23 00:00:00.000,NULL,NULL,NULL,0,NULL,NULL
7524,250211024949,2025-02-12,2025-06-23,2429-COMP-NB-ICT-PTRE-25,235285,,NULL,2025-06-25 00:00:00.000,NULL,NULL,NULL,0,NULL,NULL
8570,250623115233,2025-06-23,NULL,2302-COMP-NB-ICT-PTRE-23,245398,NULL,NULL,2025-06-23 00:00:00.000,NULL,NULL,NULL,0,NULL,NULL
7561,250501101024,2025-03-14,2025-06-24,01759 COMP-NB-ICT-PTRE-19,184697,,NULL,2025-06-25 00:00:00.000,NULL,NULL,NULL,0,NULL,NULL
8572,250625022308,2025-06-24,NULL,2429-COMP-NB-ICT-PTRE-25,184697,NULL,NULL,2025-06-25 00:00:00.000,NULL,NULL,NULL,0,NULL,NULL
8571,250625082139,2025-06-25,NULL,2449-COMP-NB-ICT-PTRE-25,124299,PHR JP,NULL,2025-06-25 00:00:00.000,NULL,NULL,NULL,0,NULL,NULL
7473,241211091910,2024-01-03,2025-06-30,01461-COMP-NB-ICT-PTRE-18,245405,,NULL,2025-06-30 00:00:00.000,NULL,NULL,NULL,0,NULL,NULL
8573,250701050032,2025-07-01,NULL,01926 COMP-NB-ICT-PTRE-19,114229,NULL,NULL,2025-07-01 00:00:00.000,NULL,NULL,NULL,0,NULL,NULL
3745,220829025653,2021-04-29,2025-07-02,2124-COMP-NB-ICT-PTRE-21,120037,,NULL,2025-07-03 00:00:00.000,NULL,NULL,NULL,0,NULL,NULL
8575,250707074840,2025-07-07,NULL,02088-COMP-NB-ICT-PTRE-20,255543,NULL,NULL,2025-07-07 00:00:00.000,NULL,NULL,NULL,0,NULL,NULL
8576,250707112413,2025-07-07,NULL,2257-COMP-NB-ICT-PTRE-23,255545,NULL,NULL,2025-07-07 00:00:00.000,NULL,NULL,NULL,0,NULL,NULL
7536,250218104013,2025-02-18,2025-07-11,01655 COMP-NB-ICT-PTRE-19,255499,,NULL,2025-07-25 00:00:00.000,NULL,NULL,NULL,0,NULL,NULL
8578,250721101359,2025-07-14,NULL,2450-MON-LCD-ICT-PTRE-25,124299,PHR JP,NULL,2025-07-21 00:00:00.000,NULL,NULL,NULL,0,NULL,NULL
8577,250721095023,2025-07-15,NULL,2176-COMP-NB-ICT-PTRE-21,255544,NULL,NULL,2025-07-21 00:00:00.000,NULL,NULL,NULL,0,NULL,NULL
3962,230113100054,2022-07-06,2025-07-18,2161-COMP-NB-ICT-PTRE-21,114173,,NULL,2025-07-21 00:00:00.000,NULL,NULL,NULL,0,NULL,NULL
6379,240517091234,2024-05-17,2025-07-21,2215-COMP-NB-ICT-PTRE-22,245391,,NULL,2025-07-22 00:00:00.000,NULL,NULL,NULL,0,NULL,NULL
6370,240508080713,2023-02-02,2025-07-22,2038 COMP-DSK-ICT-PTRE-20,194747,,NULL,2025-08-01 00:00:00.000,NULL,NULL,NULL,0,NULL,NULL
5338,240417084305,2024-02-29,2025-07-22,01539 COMP-DSK-ICT-PTRE-18,194747,,NULL,2025-08-01 00:00:00.000,NULL,NULL,NULL,0,NULL,NULL
1566,NULL,2020-05-22,2025-07-23,01917 COMP-NB-ICT-PTRE-19,184706,,NULL,2025-07-25 00:00:00.000,053573,NULL,NULL,0,NULL,NULL
8579,250801011736,2025-07-23,NULL,2451-MON-LCD-ICT-PTRE-25,194747,NULL,NULL,2025-08-01 00:00:00.000,NULL,NULL,NULL,0,NULL,NULL
8580,250801011804,2025-07-23,NULL,2452-MON-LCD-ICT-PTRE-25,194747,NULL,NULL,2025-08-01 00:00:00.000,NULL,NULL,NULL,0,NULL,NULL
8581,250801011829,2025-07-23,NULL,2453-COMP-DESK-ICT-PTRE-25,194747,NULL,NULL,2025-08-01 00:00:00.000,NULL,NULL,NULL,0,NULL,NULL
5311,240327033525,2024-01-28,2025-07-28,02014 COMP-NB-ICT-PTRE-20,245371,,NULL,2025-08-04 00:00:00.000,NULL,NULL,NULL,0,NULL,NULL
8582,250804105112,2025-07-30,NULL,2454-COMP-NB-ICT-PTRE-25,245461,,NULL,2025-08-04 00:00:00.000,NULL,NULL,NULL,0,NULL,NULL
8584,250813030355,2025-07-30,NULL,2161-COMP-NB-ICT-PTRE-21,255559,NULL,NULL,2025-08-13 00:00:00.000,NULL,NULL,NULL,0,NULL,NULL
7438,241003024907,2024-10-03,2025-08-04,2304-COMP-NB-ICT-PTRE-23,245403,,NULL,2025-08-13 00:00:00.000,NULL,NULL,NULL,0,NULL,NULL
8583,250806014144,2025-08-06,NULL,2291-COMP-NB-ICT-PTRE-23,255562,NULL,NULL,2025-08-06 00:00:00.000,NULL,NULL,NULL,0,NULL,NULL
6365,240508025310,2022-01-04,2025-08-15,01876 COMP-NB-ICT-PTRE-19,194847,,NULL,2025-10-20 00:00:00.000,NULL,NULL,NULL,0,NULL,NULL
8599,251020071415,2025-08-21,NULL,02014 COMP-NB-ICT-PTRE-20,184679,NULL,NULL,2025-10-20 00:00:00.000,NULL,NULL,NULL,0,NULL,NULL
1417,NULL,2020-05-22,2025-08-25,01640 COMP-DSK-ICT-PTRE-18,130076,,NULL,2025-10-20 00:00:00.000,053573,NULL,NULL,0,NULL,NULL
1571,NULL,2020-05-22,2025-08-25,01922 COMP-NB-ICT-PTRE-19,104134,,NULL,2025-10-20 00:00:00.000,053573,NULL,NULL,0,NULL,NULL
4126,231027105100,2023-10-13,2025-08-25,01725 COMP-DSK-ICT-PTRE-19,130076,,NULL,2025-10-20 00:00:00.000,NULL,NULL,NULL,0,NULL,NULL
8601,251020075037,2025-08-25,NULL,2346-COMP-NB-ICT-PTRE-24,235303,NULL,NULL,2025-10-20 00:00:00.000,NULL,NULL,NULL,0,NULL,NULL
8600,251020073654,2025-08-26,NULL,01725 COMP-DSK-ICT-PTRE-19,225173,NULL,NULL,2025-10-20 00:00:00.000,NULL,NULL,NULL,0,NULL,NULL
8585,250829025207,2025-08-29,NULL,2455-COMP-DESK-ICT-PTRE-25,083913,NULL,NULL,2025-08-29 00:00:00.000,NULL,NULL,NULL,0,NULL,NULL
8586,250829025220,2025-08-29,NULL,2456-MON-LCD-ICT-PTRE-25,083913,NULL,NULL,2025-08-29 00:00:00.000,NULL,NULL,NULL,0,NULL,NULL
8602,251020080012,2025-08-29,NULL,2129-COMP-NB-ICT-PTRE-21,255569,NULL,NULL,2025-10-20 00:00:00.000,NULL,NULL,NULL,0,NULL,NULL
1334,NULL,2020-05-22,2025-09-08,01485-COMP-NB-ICT-PTRE-18,023061,,NULL,2025-10-20 00:00:00.000,053573,NULL,NULL,0,NULL,NULL
8603,251020082401,2025-09-08,NULL,2437-COMP-NB-ICT-PTRE-25,114195,NULL,NULL,2025-10-20 00:00:00.000,NULL,NULL,NULL,0,NULL,NULL
8604,251020083427,2025-09-12,NULL,01485-COMP-NB-ICT-PTRE-18,255481,NULL,NULL,2025-10-20 00:00:00.000,NULL,NULL,NULL,0,NULL,NULL
8605,251020090349,2025-09-15,NULL,2457-COMP-NB-ICT-PTRE-25,255573FI,FREEPORT,NULL,2025-10-20 00:00:00.000,NULL,NULL,NULL,0,NULL,NULL
8606,251020092031,2025-09-22,NULL,01876 COMP-NB-ICT-PTRE-19,245402,NULL,NULL,2025-10-20 00:00:00.000,NULL,NULL,NULL,0,NULL,NULL
5283,240312054028,2024-01-18,2025-09-24,01918 COMP-NB-ICT-PTRE-19,235323,,NULL,2025-10-20 00:00:00.000,NULL,NULL,NULL,0,NULL,NULL
8607,251020094645,2025-09-29,NULL,2458-COMP-NB-ICT-PTRE-25,255500FI,FREEPORT,NULL,2025-10-20 00:00:00.000,NULL,NULL,NULL,0,NULL,NULL
8608,251020095616,2025-10-02,NULL,01918 COMP-NB-ICT-PTRE-19,225160,NULL,NULL,2025-10-20 00:00:00.000,NULL,NULL,NULL,0,NULL,NULL
8596,251006091023,2025-10-03,NULL,01451-COMP-NB-ICT-PTRE-17,255577,NULL,NULL,2025-10-06 00:00:00.000,NULL,NULL,NULL,0,NULL,NULL
4128,231028104107,2023-10-13,2025-10-13,01774 COMP-DSK-ICT-PTRE-19,225173,,NULL,2025-10-21 00:00:00.000,NULL,NULL,NULL,0,NULL,NULL
7482,241217014654,2024-12-17,2025-10-17,01668 COMP-DSK-ICT-PTRE-19,245465,,NULL,2025-10-21 00:00:00.000,NULL,NULL,NULL,0,NULL,NULL
8609,251020100938,2025-10-17,NULL,2304-COMP-NB-ICT-PTRE-23,255580,NULL,NULL,2025-10-20 00:00:00.000,NULL,NULL,NULL,0,NULL,NULL
7509,250113082638,2024-12-23,2025-10-21,01475-COMP-NB-ICT-PTRE-18,140133,,NULL,2026-01-13 00:00:00.000,NULL,NULL,NULL,0,NULL,NULL
8610,251021090358,2025-10-21,NULL,01774 COMP-DSK-ICT-PTRE-19,255571,NULL,NULL,2025-10-21 00:00:00.000,NULL,NULL,NULL,0,NULL,NULL
8612,251021091457,2025-10-21,NULL,01640 COMP-DSK-ICT-PTRE-18,255581,NULL,NULL,2025-10-21 00:00:00.000,NULL,NULL,NULL,0,NULL,NULL
8618,260113084347,2025-10-23,NULL,01475-COMP-NB-ICT-PTRE-18,255578,NULL,NULL,2026-01-13 00:00:00.000,NULL,NULL,NULL,0,NULL,NULL
7537,250219041706,2024-06-03,2025-10-30,2325-COMP-NB-ICT-PTRE-24,245372,,NULL,2026-01-13 00:00:00.000,NULL,NULL,NULL,0,NULL,NULL
8619,260113090321,2024-08-27,2025-11-04,2182-COMP-NB-ICT-PTRE-21,245423,,NULL,2026-01-13 00:00:00.000,NULL,NULL,NULL,0,NULL,NULL
8620,260113091247,2025-11-05,NULL,2462-COMP-DESK-ICT-PTRE-25,235287,NULL,NULL,2026-01-13 00:00:00.000,NULL,NULL,NULL,0,NULL,NULL
8621,260117094809,2025-11-07,NULL,01759 COMP-NB-ICT-PTRE-19,245423,NULL,NULL,2026-01-17 00:00:00.000,NULL,NULL,NULL,0,NULL,NULL
4027,230120103221,2023-01-09,2025-11-10,2223-COMP-NB-ICT-PTRE-22,134408,Marco Freeport,NULL,2026-04-29 00:00:00.000,NULL,NULL,NULL,0,NULL,NULL
5287,240312064650,2024-02-02,2025-11-10,2299-COMP-NB-ICT-PTRE-23,245366,,NULL,2026-02-20 00:00:00.000,NULL,NULL,NULL,0,NULL,NULL
8574,250703093207,2025-07-02,2025-11-13,2124-COMP-NB-ICT-PTRE-21,235335,,NULL,2026-04-27 00:00:00.000,NULL,NULL,NULL,0,NULL,NULL
6362,240507042757,2024-02-02,2025-11-14,01766 COMP-NB-ICT-PTRE-19,225164,,NULL,2026-04-21 00:00:00.000,NULL,NULL,NULL,0,NULL,NULL
8677,260421101804,2025-11-17,NULL,01766 COMP-NB-ICT-PTRE-19,063706,NULL,NULL,2026-04-21 00:00:00.000,NULL,NULL,NULL,0,NULL,NULL
8680,260427103830,2025-11-17,NULL,2124-COMP-NB-ICT-PTRE-21,255585,NULL,NULL,2026-04-27 00:00:00.000,NULL,NULL,NULL,0,NULL,NULL
7528,250214105837,2025-02-13,2025-11-20,01518 COMP-NB-ICT-PTRE-18,255495,Asset Di Freeport,NULL,2026-04-27 00:00:00.000,NULL,NULL,NULL,0,NULL,NULL
8694,260429113559,2025-11-20,NULL,2223-COMP-NB-ICT-PTRE-22,255495,NULL,NULL,2026-04-29 00:00:00.000,NULL,NULL,NULL,0,NULL,NULL
8567,250612020516,2025-06-12,2025-11-28,01433-COMP-NB-ICT-PTRE-17,255542,,NULL,2026-08-20 00:00:00.000,NULL,NULL,NULL,0,NULL,NULL
8731,260820040737,2025-12-01,NULL,01650 COMP-NB-ICT-PTRE-18,255595,NULL,NULL,2026-08-20 00:00:00.000,NULL,NULL,NULL,0,NULL,NULL
3908,221207112042,2022-12-07,2025-12-02,01886 COMP-NB-ICT-PTRE-19,225171,,NULL,2026-08-20 00:00:00.000,NULL,NULL,NULL,0,NULL,NULL
8732,260820050013,2025-12-02,NULL,01433-COMP-NB-ICT-PTRE-17,225171,NULL,NULL,2026-08-20 00:00:00.000,NULL,NULL,NULL,0,NULL,NULL
7460,241206090428,2024-12-06,2025-12-08,2203-COMP-NB-ICT-PTRE-22,235355,,NULL,2026-09-28 00:00:00.000,NULL,NULL,NULL,0,NULL,NULL
8613,251208050343,2025-12-08,NULL,2468-COMP-NB-ICT-PTRE-25,235355,,NULL,2026-09-29 00:00:00.000,NULL,NULL,NULL,0,NULL,NULL
4030,230202045340,2022-09-06,2025-12-10,01463-COMP-NB-ICT-PTRE-18,225159,,NULL,2026-07-03 00:00:00.000,NULL,NULL,NULL,0,NULL,NULL
8748,260929021148,2025-12-10,NULL,01875 COMP-NB-ICT-PTRE-19,255598,NULL,NULL,2026-09-29 00:00:00.000,NULL,NULL,NULL,0,NULL,NULL
8614,251224100433,2025-12-24,NULL,2402-COMP-NB-ICT-PTRE-24,023013,NULL,NULL,2025-12-24 00:00:00.000,NULL,NULL,NULL,0,NULL,NULL
4069,230623030533,2023-02-22,2026-01-02,2248-COMP-NB-ICT-PTRE-23,124299,MPS PHR,NULL,2026-02-26 00:00:00.000,NULL,NULL,NULL,0,NULL,NULL
4067,230623030210,2023-02-22,2026-01-05,2250-COMP-NB-ICT-PTRE-23,124299,MPS PHR,NULL,2026-03-04 00:00:00.000,NULL,NULL,NULL,0,NULL,NULL
8611,251021091123,2025-10-21,2026-01-05,01668 COMP-DSK-ICT-PTRE-19,255570,,NULL,2026-04-28 00:00:00.000,NULL,NULL,NULL,0,NULL,NULL
7421,240924105806,2024-07-02,2026-01-07,2345-COMP-NB-ICT-PTRE-24,124299,,NULL,2026-02-24 00:00:00.000,NULL,NULL,NULL,0,NULL,NULL
4062,230623022637,2023-02-22,2026-01-08,2239-COMP-NB-ICT-PTRE-23,124299,,NULL,2026-03-04 00:00:00.000,NULL,NULL,NULL,0,NULL,NULL
4050,230621031952,2023-02-06,2026-01-09,2229-COMP-NB-ICT-PTRE-23,124299,MPS PHR,NULL,2026-05-05 00:00:00.000,NULL,NULL,NULL,0,NULL,NULL
4061,230623022612,2023-02-22,2026-01-09,2238-COMP-NB-ICT-PTRE-23,124299,MPS PHR,NULL,2026-04-23 00:00:00.000,NULL,NULL,NULL,0,NULL,NULL
4063,230623023145,2023-02-22,2026-01-09,2240-COMP-NB-ICT-PTRE-23,124299,MPS PHR,NULL,2026-04-28 00:00:00.000,NULL,NULL,NULL,0,NULL,NULL
4065,230623023325,2023-02-22,2026-01-09,2241-COMP-NB-ICT-PTRE-23,124299,MPS PHR,NULL,2026-04-28 00:00:00.000,NULL,NULL,NULL,0,NULL,NULL
4070,230623030556,2023-02-22,2026-01-09,2247-COMP-NB-ICT-PTRE-23,124299,MPS PHR,NULL,2026-04-24 00:00:00.000,NULL,NULL,NULL,0,NULL,NULL
4078,230623032656,2023-06-23,2026-01-09,2253-COMP-NB-ICT-PTRE-23,124299,MPS PHR,NULL,2026-05-18 00:00:00.000,NULL,NULL,NULL,0,NULL,NULL
5275,240312013521,2024-03-12,2026-01-09,01989 COMP-DSK-ICT-PTRE-19,083913,,NULL,2026-04-28 00:00:00.000,NULL,NULL,NULL,0,NULL,NULL
7420,240924105743,2024-07-02,2026-01-09,2344-COMP-NB-ICT-PTRE-24,124299,,NULL,2026-05-29 00:00:00.000,NULL,NULL,NULL,0,NULL,NULL
4049,230621031738,2023-02-06,2026-01-10,2228-COMP-NB-ICT-PTRE-23,124299,MPS PHR,NULL,2026-04-20 00:00:00.000,NULL,NULL,NULL,0,NULL,NULL
8615,260112022349,2026-01-12,NULL,2469-COMP-DESK-ICT-PTRE-26,205009,NULL,NULL,2026-01-12 00:00:00.000,NULL,NULL,NULL,0,NULL,NULL
8616,260112022534,2026-01-12,NULL,2470-MON-LCD-ICT-PTRE-26,205009,NULL,NULL,2026-01-12 00:00:00.000,NULL,NULL,NULL,0,NULL,NULL
8617,260112022545,2026-01-12,NULL,2471-MON-LCD-ICT-PTRE-26,205009,NULL,NULL,2026-01-12 00:00:00.000,NULL,NULL,NULL,0,NULL,NULL
4054,230621033838,2023-02-06,2026-01-14,2233-COMP-NB-ICT-PTRE-23,124299,MPS PHR,NULL,2026-03-11 00:00:00.000,NULL,NULL,NULL,0,NULL,NULL
4060,230623022100,2023-02-22,2026-01-15,2237-COMP-NB-ICT-PTRE-23,124299,MPS PHR,NULL,2026-03-12 00:00:00.000,NULL,NULL,NULL,0,NULL,NULL
1482,NULL,2020-05-22,2026-01-19,01757 COMP-NB-ICT-PTRE-19,194757,,NULL,2026-01-19 00:00:00.000,053573,NULL,NULL,0,NULL,NULL
7562,250501101654,2025-03-17,2026-01-19,2347-COMP-NB-ICT-PTRE-24,245417,,NULL,2026-01-19 00:00:00.000,NULL,NULL,NULL,0,NULL,NULL
8624,260119080623,2026-01-19,NULL,2347-COMP-NB-ICT-PTRE-24,194757,NULL,NULL,2026-01-19 00:00:00.000,NULL,NULL,NULL,0,NULL,NULL
8625,260119111919,2026-01-19,NULL,03510-FUR-MK -CFS-PTRE-24,124278,NULL,NULL,2026-01-19 00:00:00.000,NULL,NULL,NULL,0,NULL,NULL
8626,260119112051,2026-01-19,NULL,01124-FUR-LC-CFS-PTRE-14,124278,NULL,NULL,2026-01-19 00:00:00.000,NULL,NULL,NULL,0,NULL,NULL
8627,260119112206,2026-01-19,NULL,03530-FUR-MK -CFS-PTRE-24,225163,NULL,NULL,2026-01-19 00:00:00.000,NULL,NULL,NULL,0,NULL,NULL
8628,260119112452,2026-01-19,NULL,03526-FUR-MK -CFS-PTRE-24,215078,NULL,NULL,2026-01-19 00:00:00.000,NULL,NULL,NULL,0,NULL,NULL
8629,260119114308,2026-01-19,NULL,03530-FUR-MK -CFS-PTRE-24,225163,NULL,NULL,2026-01-19 00:00:00.000,NULL,NULL,NULL,0,NULL,NULL
8639,260121092118,2026-01-21,NULL,00255-FUR-KK-CFS-PTRE-14,245365,NULL,NULL,2026-01-21 00:00:00.000,NULL,NULL,NULL,0,NULL,NULL
8640,260121110313,2026-01-21,NULL,2361-COMP-NB-ICT-PTRE-24,134362,NULL,NULL,2026-01-21 00:00:00.000,NULL,NULL,NULL,0,NULL,NULL
8638,260120025444,2026-01-23,NULL,2385-COMP-NB-ICT-PTRE-24,255587,,NULL,2026-01-23 00:00:00.000,NULL,NULL,NULL,0,NULL,NULL
8641,260126083008,2026-01-26,NULL,03505-FUR-MK -CFS-PTRE-24,022020,NULL,NULL,2026-01-26 00:00:00.000,NULL,NULL,NULL,0,NULL,NULL
8642,260126083854,2026-01-26,NULL,03511-FUR-MK -CFS-PTRE-24,134408,NULL,NULL,2026-01-26 00:00:00.000,NULL,NULL,NULL,0,NULL,NULL
8643,260126084120,2026-01-26,NULL,03533-FUR-KK-CFS-PTRE-24,114229,NULL,NULL,2026-01-26 00:00:00.000,NULL,NULL,NULL,0,NULL,NULL
8644,260126084216,2026-01-26,NULL,03513-FUR-MK -CFS-PTRE-24,032029,NULL,NULL,2026-01-26 00:00:00.000,NULL,NULL,NULL,0,NULL,NULL
8645,260126085306,2026-01-26,NULL,03542-FUR-KK-CFS-PTRE-24,022020,NULL,NULL,2026-01-26 00:00:00.000,NULL,NULL,NULL,0,NULL,NULL
8646,260126085410,2026-01-26,NULL,0112-FUR-KK-CFS-PTRE-14,022020,NULL,NULL,2026-01-26 00:00:00.000,NULL,NULL,NULL,0,NULL,NULL
8647,260126085626,2026-01-26,NULL,0183-FUR-KK-CFS-PTRE-13,300317,NULL,NULL,2026-01-26 00:00:00.000,NULL,NULL,NULL,0,NULL,NULL
8648,260126090004,2026-01-26,NULL,0181-FUR-KK-CFS-PTRE-13,032029,NULL,NULL,2026-01-26 00:00:00.000,NULL,NULL,NULL,0,NULL,NULL
8649,260126090832,2026-01-26,NULL,03531-FUR-KK-CFS-PTRE-24,134408,NULL,NULL,2026-01-26 00:00:00.000,NULL,NULL,NULL,0,NULL,NULL
8650,260126015921,2026-01-26,NULL,03516-FUR-LM-CFS-PTRE-24,022020,NULL,NULL,2026-01-26 00:00:00.000,NULL,NULL,NULL,0,NULL,NULL
8651,260126020243,2026-01-26,NULL,03503-FUR-LC-CFS-PTRE-24,134408,NULL,NULL,2026-01-26 00:00:00.000,NULL,NULL,NULL,0,NULL,NULL
8652,260127100740,2026-01-27,NULL,2473-COMP-NB-ICT-PTRE-26,7921166,NULL,NULL,2026-01-27 00:00:00.000,NULL,NULL,NULL,0,NULL,NULL
4263,240124050134,2023-10-13,2026-01-29,2293-PERP-CAM-ICT-PTRE-23,114191,,NULL,2026-02-20 00:00:00.000,NULL,NULL,NULL,0,NULL,NULL
3909,221207112134,2022-12-07,2026-02-06,01889 COMP-NB-ICT-PTRE-19,225172,,NULL,2026-02-09 00:00:00.000,NULL,NULL,NULL,0,NULL,NULL
8654,260209023343,2026-02-06,NULL,01889 COMP-NB-ICT-PTRE-19,140133,NULL,NULL,2026-02-09 00:00:00.000,NULL,NULL,NULL,0,NULL,NULL
8655,260209023856,2026-02-06,NULL,2395-COMP-NB-ICT-PTRE-24,225171,NULL,NULL,2026-02-09 00:00:00.000,NULL,NULL,NULL,0,NULL,NULL
6393,240603110216,2024-06-03,2026-02-10,02016 COMP-NB-ICT-PTRE-20,245386,,NULL,2026-02-10 00:00:00.000,NULL,NULL,NULL,0,NULL,NULL
7480,241213051926,2024-12-13,2026-02-10,01878 COMP-NB-ICT-PTRE-19,245385,,NULL,2026-08-14 00:00:00.000,NULL,NULL,NULL,0,NULL,NULL
8656,260210044444,2026-02-10,NULL,2384-COMP-NB-ICT-PTRE-24,245386,NULL,NULL,2026-02-10 00:00:00.000,NULL,NULL,NULL,0,NULL,NULL
8653,260206032902,2026-02-12,NULL,2475-COMP-NB-ICT-PTRE-26,032029,,NULL,2026-02-13 00:00:00.000,NULL,NULL,NULL,0,NULL,NULL
8668,260305014358,2026-02-18,NULL,2232-COMP-NB-ICT-PTRE-23,073770,NULL,NULL,2026-03-05 00:00:00.000,NULL,NULL,NULL,0,NULL,NULL
8658,260219105757,2026-02-19,NULL,2424-COMP-NB-ICT-PTRE-25,235309,NULL,NULL,2026-02-19 00:00:00.000,NULL,NULL,NULL,0,NULL,NULL
7567,250611083116,2025-05-28,2026-02-20,2444-COMP-NB-ICT-PTRE-25,124299,PHR JP,NULL,2026-02-23 00:00:00.000,NULL,NULL,NULL,0,NULL,NULL
8659,260220081850,2026-02-20,NULL,2398-COMP-NB-ICT-PTRE-24,255551,NULL,NULL,2026-02-20 00:00:00.000,NULL,NULL,NULL,0,NULL,NULL
8660,260220031117,2026-02-20,NULL,2293-PERP-CAM-ICT-PTRE-23,300317,NULL,NULL,2026-02-20 00:00:00.000,NULL,NULL,NULL,1,225164,2026-02-23 09:07:19.000
8662,260223090733,2026-02-20,NULL,2293-PERP-CAM-ICT-PTRE-23,245438,NULL,NULL,2026-02-23 00:00:00.000,NULL,NULL,NULL,0,NULL,NULL
8661,260223074646,2026-02-23,NULL,2444-COMP-NB-ICT-PTRE-25,255522,NULL,NULL,2026-02-23 00:00:00.000,NULL,NULL,NULL,0,NULL,NULL
8664,260226030245,2026-02-26,NULL,2248-COMP-NB-ICT-PTRE-23,255480,NULL,NULL,2026-02-26 00:00:00.000,NULL,NULL,NULL,0,NULL,NULL
4068,230623030242,2023-02-22,2026-03-02,2249-COMP-NB-ICT-PTRE-23,124299,MPS PHR,NULL,2026-09-14 00:00:00.000,NULL,NULL,NULL,0,NULL,NULL
8665,260302112501,2026-03-02,NULL,2426-COMP-NB-ICT-PTRE-25,104103,NULL,NULL,2026-03-02 00:00:00.000,NULL,NULL,NULL,0,NULL,NULL
8666,260304092628,2026-03-04,NULL,2239-COMP-NB-ICT-PTRE-23,130072,NULL,NULL,2026-03-04 00:00:00.000,NULL,NULL,NULL,1,225164,2026-03-13 11:23:28.000
8667,260304102338,2026-03-04,NULL,2250-COMP-NB-ICT-PTRE-23,255514,NULL,NULL,2026-03-04 00:00:00.000,NULL,NULL,NULL,0,NULL,NULL
7510,250115104936,2023-11-10,2026-03-10,01808 COMP-WORK-ICT-PTRE-19,184678,,NULL,2026-04-28 00:00:00.000,NULL,NULL,NULL,0,NULL,NULL
8669,260311081754,2026-03-10,NULL,2264-COMP-NB-ICT-PTRE-23,315118,NULL,NULL,2026-03-11 00:00:00.000,NULL,NULL,NULL,0,NULL,NULL
8670,260311112501,2026-03-11,NULL,2233-COMP-NB-ICT-PTRE-23,124330,NULL,NULL,2026-03-11 00:00:00.000,NULL,NULL,NULL,0,NULL,NULL
8671,260312023812,2026-03-12,NULL,2237-COMP-NB-ICT-PTRE-23,134358,NULL,NULL,2026-03-12 00:00:00.000,NULL,NULL,NULL,0,NULL,NULL
8672,260313111435,2026-03-13,NULL,2422-COMP-NB-ICT-PTRE-25,130072,NULL,NULL,2026-03-13 00:00:00.000,NULL,NULL,NULL,0,NULL,NULL
8673,260313015211,2026-03-13,NULL,2239-COMP-NB-ICT-PTRE-23,114175,NULL,NULL,2026-03-13 00:00:00.000,NULL,NULL,NULL,0,NULL,NULL
8674,260317020333,2026-03-17,NULL,01610-FUR-KK-CFS-PTRE-26,073775,NULL,NULL,2026-03-17 00:00:00.000,NULL,NULL,NULL,0,NULL,NULL
8676,260420104347,2026-04-20,NULL,2228-COMP-NB-ICT-PTRE-23,255585,NULL,NULL,2026-04-20 00:00:00.000,NULL,NULL,NULL,0,NULL,NULL
8678,260423020122,2026-04-23,NULL,2238-COMP-NB-ICT-PTRE-23,265610,NULL,NULL,2026-04-23 00:00:00.000,NULL,NULL,NULL,0,NULL,NULL
8679,260424014431,2026-04-24,NULL,2247-COMP-NB-ICT-PTRE-23,255592,NULL,NULL,2026-04-24 00:00:00.000,NULL,NULL,NULL,0,NULL,NULL
8568,250616024337,2025-06-16,2026-04-28,2447-COMP-NB-ICT-PTRE-25,225147,,NULL,2026-04-29 00:00:00.000,NULL,NULL,NULL,0,NULL,NULL
8597,251020063615,2025-07-31,2026-04-28,01461-COMP-NB-ICT-PTRE-18,255488,,NULL,2026-04-28 00:00:00.000,NULL,NULL,NULL,0,NULL,NULL
8681,260428102929,2026-04-28,NULL,2421-COMP-NB-ICT-PTRE-25,255488,NULL,NULL,2026-04-28 00:00:00.000,NULL,NULL,NULL,1,225164,2026-04-28 10:37:12.000
8682,260428104112,2026-04-28,NULL,2241-COMP-NB-ICT-PTRE-23,255488,NULL,NULL,2026-04-28 00:00:00.000,NULL,NULL,NULL,0,NULL,NULL
8683,260428105027,2026-04-28,NULL,2240-COMP-NB-ICT-PTRE-23,255486,NULL,NULL,2026-04-28 00:00:00.000,NULL,NULL,NULL,0,NULL,NULL
8684,260428014950,2026-04-28,NULL,01989 COMP-DSK-ICT-PTRE-19,265622,NULL,NULL,2026-04-28 00:00:00.000,NULL,NULL,NULL,0,NULL,NULL
8685,260428015243,2026-04-28,NULL,1551 COMP-DSK-ICT-PTRE-18,265623,NULL,NULL,2026-04-28 00:00:00.000,NULL,NULL,NULL,0,NULL,NULL
8686,260428015622,2026-04-28,NULL,01723 COMP-DSK-ICT-PTRE-19,265625,NULL,NULL,2026-04-28 00:00:00.000,NULL,NULL,NULL,0,NULL,NULL
8687,260428015948,2026-04-28,NULL,1723 COMP-DSK-ICT-PTRE-19,265625,NULL,NULL,2026-04-28 00:00:00.000,NULL,NULL,NULL,0,NULL,NULL
8688,260428020653,2026-04-28,NULL,01668 COMP-DSK-ICT-PTRE-19,265626,NULL,NULL,2026-04-28 00:00:00.000,NULL,NULL,NULL,0,NULL,NULL
8689,260428024436,2026-04-28,NULL,01975 COMP-DSK-ICT-PTRE-19,265603,NULL,NULL,2026-04-28 00:00:00.000,NULL,NULL,NULL,0,NULL,NULL
8690,260428025057,2026-04-28,NULL,01788 COMP-DSK-ICT-PTRE-19,265609,NULL,NULL,2026-04-28 00:00:00.000,NULL,NULL,NULL,0,NULL,NULL
8691,260428025453,2026-04-28,NULL,01808 COMP-WORK-ICT-PTRE-19,265611,NULL,NULL,2026-04-28 00:00:00.000,NULL,NULL,NULL,0,NULL,NULL
8692,260428025822,2026-04-28,NULL,01676 COMP-DSK-ICT-PTRE-19,265612,NULL,NULL,2026-04-28 00:00:00.000,NULL,NULL,NULL,0,NULL,NULL
8693,260428035838,2026-04-28,NULL,2325-COMP-NB-ICT-PTRE-24,245366,NULL,NULL,2026-04-28 00:00:00.000,NULL,NULL,NULL,0,NULL,NULL
5297,240312052613,2024-02-23,2026-04-29,2324-COMP-NB-ICT-PTRE-24,215125,,NULL,2026-04-30 00:00:00.000,NULL,NULL,NULL,0,NULL,NULL
8675,260413093140,2025-11-10,2026-04-30,2299-COMP-NB-ICT-PTRE-23,255583,,NULL,2026-05-04 00:00:00.000,NULL,NULL,NULL,0,NULL,NULL
8695,260504090642,2026-04-30,NULL,2324-COMP-NB-ICT-PTRE-24,255583,NULL,NULL,2026-05-04 00:00:00.000,NULL,NULL,NULL,0,NULL,NULL
8697,260505100857,2026-05-04,NULL,2229-COMP-NB-ICT-PTRE-23,245376,NULL,NULL,2026-05-05 00:00:00.000,NULL,NULL,NULL,0,NULL,NULL
8698,260505012927,2026-05-05,NULL,2299-COMP-NB-ICT-PTRE-23,265630,NULL,NULL,2026-05-05 00:00:00.000,NULL,NULL,NULL,0,NULL,NULL
3696,220828075938,2022-08-23,2026-05-07,2164-COMP-NB-ICT-PTRE-21,225154,,NULL,2026-05-11 00:00:00.000,NULL,NULL,NULL,0,NULL,NULL
8699,260511071434,2026-05-07,NULL,2479-COMP-NB-ICT-PTRE-26,225154,NULL,NULL,2026-05-11 00:00:00.000,NULL,NULL,NULL,0,NULL,NULL
8700,260511072232,2026-05-07,NULL,2477-COMP-NB-ICT-PTRE-26,023058,NULL,NULL,2026-05-11 00:00:00.000,NULL,NULL,NULL,0,NULL,NULL
7444,241028022034,2024-09-09,2026-05-11,02015 COMP-NB-ICT-PTRE-20,033232,,NULL,2026-05-18 00:00:00.000,NULL,NULL,NULL,0,NULL,NULL
8701,260518013059,2026-05-11,NULL,2253-COMP-NB-ICT-PTRE-23,033232,NULL,NULL,2026-05-18 00:00:00.000,NULL,NULL,NULL,0,NULL,NULL
6395,240607060314,2024-06-06,2026-05-12,01503-COMP-NB-ICT-PTRE-18,235330,,NULL,2026-05-18 00:00:00.000,NULL,NULL,NULL,0,NULL,NULL
8702,260518043511,2026-05-12,NULL,2131-COMP-NB-ICT-PTRE-21,235330,NULL,NULL,2026-05-18 00:00:00.000,NULL,NULL,NULL,1,225164,2026-05-18 16:35:20.000
8703,260518043511,2026-05-12,NULL,2131-COMP-NB-ICT-PTRE-21,235330,NULL,NULL,2026-05-18 00:00:00.000,NULL,NULL,NULL,0,NULL,NULL
7560,250501095416,2025-03-13,2026-05-13,2348-COMP-NB-ICT-PTRE-24,245373,,NULL,2026-05-19 00:00:00.000,NULL,NULL,NULL,0,NULL,NULL
8704,260519050337,2026-05-13,NULL,2348-COMP-NB-ICT-PTRE-24,245374,NULL,NULL,2026-05-19 00:00:00.000,NULL,NULL,NULL,0,NULL,NULL
8705,260525012030,2026-05-13,NULL,2478-COMP-NB-ICT-PTRE-26,205002,NULL,NULL,2026-05-25 00:00:00.000,NULL,NULL,NULL,0,NULL,NULL
8706,260525015818,2026-05-18,NULL,2447-COMP-NB-ICT-PTRE-25,235264,NULL,NULL,2026-05-25 00:00:00.000,NULL,NULL,NULL,1,225164,2026-05-25 13:58:24.000
8707,260525015818,2026-05-18,NULL,2447-COMP-NB-ICT-PTRE-25,235264,NULL,NULL,2026-05-25 00:00:00.000,NULL,NULL,NULL,0,NULL,NULL
8708,260525022652,2026-05-19,NULL,2482-COMP-NB-ICT-PTRE-26,104136,NULL,NULL,2026-05-25 00:00:00.000,NULL,NULL,NULL,0,NULL,NULL
5320,240406012947,2024-01-01,2026-05-20,02103-COMP-NB-ICT-PTRE-21,130096,,NULL,2026-05-25 00:00:00.000,NULL,NULL,NULL,0,NULL,NULL
4233,240123102058,2024-01-03,2026-05-20,2171-COMP-NB-ICT-PTRE-21,124293,,NULL,2026-05-25 00:00:00.000,NULL,NULL,NULL,0,NULL,NULL
8709,260525041813,2026-05-20,NULL,2483-COMP-NB-ICT-PTRE-26,130096,NULL,NULL,2026-05-25 00:00:00.000,NULL,NULL,NULL,1,225164,2026-05-25 16:18:20.000
8710,260525041813,2026-05-20,NULL,2483-COMP-NB-ICT-PTRE-26,130096,NULL,NULL,2026-05-25 00:00:00.000,NULL,NULL,NULL,0,NULL,NULL
8711,260525042647,2026-05-20,NULL,2484-COMP-NB-ICT-PTRE-26,124293,NULL,NULL,2026-05-25 00:00:00.000,NULL,NULL,NULL,0,NULL,NULL
6375,240508084217,2023-08-01,2026-05-25,2146-COMP-NB-ICT-PTRE-21,235295,,NULL,2026-05-25 00:00:00.000,NULL,NULL,NULL,0,NULL,NULL
7545,250228035701,2025-02-27,2026-05-26,2354-COMP-NB-ICT-PTRE-24,134391,,NULL,2026-05-29 00:00:00.000,NULL,NULL,NULL,0,NULL,NULL
8712,260529110353,2026-05-26,NULL,2344-COMP-NB-ICT-PTRE-24,134391,NULL,NULL,2026-05-29 00:00:00.000,NULL,NULL,NULL,0,NULL,NULL
8591,250923034343,2025-06-04,2026-06-04,2024 COMP-NB-ICT-PTRE-20,255537,,NULL,2026-07-03 00:00:00.000,NULL,NULL,NULL,0,NULL,NULL
8713,260703093536,2026-06-04,NULL,2354-COMP-NB-ICT-PTRE-24,255537,NULL,NULL,2026-07-03 00:00:00.000,NULL,NULL,NULL,0,NULL,NULL
8696,260504023448,2026-05-04,2026-06-05,01478-COMP-NB-ICT-PTRE-18,265632,,NULL,2026-07-14 00:00:00.000,NULL,NULL,NULL,0,NULL,NULL
8714,260703035817,2026-06-05,NULL,01463-COMP-NB-ICT-PTRE-18,265641,NULL,NULL,2026-07-03 00:00:00.000,NULL,NULL,NULL,0,NULL,NULL
4163,231206101233,2023-12-06,2026-07-01,01916 COMP-NB-ICT-PTRE-19,235310,,NULL,2026-09-02 00:00:00.000,NULL,NULL,NULL,0,NULL,NULL
8657,260218110719,2026-02-13,2026-07-01,2360-COMP-NB-ICT-PTRE-24,255586,,NULL,2026-08-10 00:00:00.000,NULL,NULL,NULL,0,NULL,NULL
8724,260814023225,2026-07-06,NULL,01878 COMP-NB-ICT-PTRE-19,265660,NULL,NULL,2026-08-14 00:00:00.000,NULL,NULL,NULL,0,NULL,NULL
8715,260715112438,2026-07-15,NULL,01589-FUR-KK-CFS-PTRE-26,204983,NULL,NULL,2026-07-15 00:00:00.000,NULL,NULL,NULL,1,255578,2026-07-15 11:26:36.000
8716,260715112718,2026-07-15,NULL,01589-FUR-KK-CFS-PTRE-26,245385,NULL,NULL,2026-07-15 00:00:00.000,NULL,NULL,NULL,1,255578,2026-07-15 11:27:32.000
8717,260715012150,2026-07-15,NULL,04826-FUR-KK-CFS-PTRE-26,020036,NULL,NULL,2026-07-15 00:00:00.000,NULL,NULL,NULL,1,255578,2026-07-15 13:23:06.000
8718,260727113631,2026-07-27,NULL,01684 COMP-DSK-ICT-PTRE-19,265656,NULL,NULL,2026-07-27 00:00:00.000,NULL,NULL,NULL,0,NULL,NULL
3991,230113013023,2022-09-05,2026-08-03,2173-COMP-NB-ICT-PTRE-21,225157,,NULL,2026-08-14 00:00:00.000,NULL,NULL,NULL,0,NULL,NULL
8719,260806012814,2026-08-07,NULL,2490-COMP-NB-ICT-PTRE-26,184708,NULL,NULL,2026-08-06 00:00:00.000,NULL,NULL,NULL,0,NULL,NULL
8720,260807112807,2026-08-07,NULL,01699 COMP-DSK-ICT-PTRE-19,023224,NULL,NULL,2026-08-07 00:00:00.000,NULL,NULL,NULL,0,NULL,NULL
4161,231106030907,2023-11-06,2026-08-10,02065-COMP-NB-ICT-PTRE-20,194821,,NULL,2026-08-10 00:00:00.000,NULL,NULL,NULL,0,NULL,NULL
8722,260810092946,2026-08-10,NULL,2360-COMP-NB-ICT-PTRE-24,194821,NULL,NULL,2026-08-10 00:00:00.000,NULL,NULL,NULL,0,NULL,NULL
7442,241018084903,2024-05-28,2026-08-11,01800 COMP-DSK-ICT-PTRE-19,235335,,NULL,2026-08-11 00:00:00.000,NULL,NULL,NULL,0,NULL,NULL
8723,260811042642,2026-08-11,NULL,01800 COMP-DSK-ICT-PTRE-19,265664,NULL,NULL,2026-08-11 00:00:00.000,NULL,NULL,NULL,0,NULL,NULL
8727,260814033808,2026-08-12,NULL,2173-COMP-NB-ICT-PTRE-21,265665,NULL,NULL,2026-08-14 00:00:00.000,NULL,NULL,NULL,0,NULL,NULL
8721,260807050434,2026-08-13,NULL,2392-COMP-NB-ICT-PTRE-24,194768,,NULL,2026-08-14 00:00:00.000,NULL,NULL,NULL,0,NULL,NULL
8728,260814041043,2026-08-13,NULL,2143-COMP-NB-ICT-PTRE-21,265663,NULL,NULL,2026-08-14 00:00:00.000,NULL,NULL,NULL,0,NULL,NULL
8725,260814023923,2026-08-14,NULL,2491-COMP-NB-ICT-PTRE-26,134370,Lokasi FREEPORT,NULL,2026-08-14 00:00:00.000,NULL,NULL,NULL,0,NULL,NULL
8729,260820094651,2026-08-19,NULL,2493-COMP-NB-ICT-PTRE-26,114220,NULL,NULL,2026-08-20 00:00:00.000,NULL,NULL,NULL,0,NULL,NULL
7506,250108030346,2025-01-08,2026-08-20,2412-COMP-NB-ICT-PTRE-24,245381,,NULL,2026-08-20 00:00:00.000,NULL,NULL,NULL,0,NULL,NULL
8663,260224110315,2026-02-24,2026-08-20,2345-COMP-NB-ICT-PTRE-24,255550,,NULL,2026-08-20 00:00:00.000,NULL,NULL,NULL,0,NULL,NULL
8730,260820023029,2026-08-20,NULL,01993 COMP-DSK-ICT-PTRE-19,194786,MAGANG PIPING,NULL,2026-08-20 00:00:00.000,NULL,NULL,NULL,0,NULL,NULL
4265,240124050352,2023-10-05,2026-08-28,2273-COMP-DESK-ICT-PTRE-23,134408,,NULL,2026-09-08 00:00:00.000,NULL,NULL,NULL,0,NULL,NULL
8726,260814024533,2026-08-28,NULL,2492-COMP-NB-ICT-PTRE-26,063675,,NULL,2026-08-31 00:00:00.000,NULL,NULL,NULL,0,NULL,NULL
1157,NULL,2020-05-22,2026-08-31,01055-COMP-WORK-ICT-PTRE-13,083898,,NULL,2026-08-31 00:00:00.000,053573,NULL,NULL,0,NULL,NULL
8733,260831101012,2026-08-31,NULL,2494-COMP-DESK-ICT-PTRE-26,083898,NULL,NULL,2026-08-31 00:00:00.000,NULL,NULL,NULL,0,NULL,NULL
8598,251020065852,2025-08-12,2026-09-02,2163-COMP-NB-ICT-PTRE-21,235358,,NULL,2026-09-08 00:00:00.000,NULL,NULL,NULL,0,NULL,NULL
8734,260902014801,2026-09-02,NULL,2345-COMP-NB-ICT-PTRE-24,265629,NULL,NULL,2026-09-02 00:00:00.000,NULL,NULL,NULL,0,NULL,NULL
8735,260902023313,2026-09-02,NULL,01916 COMP-NB-ICT-PTRE-19,265666,NULL,NULL,2026-09-02 00:00:00.000,NULL,NULL,NULL,0,NULL,NULL
8736,260902023853,2026-09-02,NULL,2412-COMP-NB-ICT-PTRE-24,300917,NULL,NULL,2026-09-02 00:00:00.000,NULL,NULL,NULL,0,NULL,NULL
8739,260908104959,2026-09-02,NULL,2142-COMP-NB-ICT-PTRE-21,235358,NULL,NULL,2026-09-08 00:00:00.000,NULL,NULL,NULL,0,NULL,NULL
4264,240124050335,2023-10-05,2026-09-04,2272-COMP-DESK-ICT-PTRE-23,134408,,NULL,2026-09-10 00:00:00.000,NULL,NULL,NULL,0,NULL,NULL
5339,240417090439,2022-02-28,2026-09-07,01786 COMP-DSK-ICT-PTRE-19,033376,,NULL,2026-09-08 00:00:00.000,NULL,NULL,NULL,0,NULL,NULL
8740,260908012309,2026-09-07,NULL,01786 COMP-DSK-ICT-PTRE-19,265667,NULL,NULL,2026-09-08 00:00:00.000,NULL,NULL,NULL,0,NULL,NULL
8738,260908102832,2026-09-08,NULL,2496-COMP-NB-ICT-PTRE-26,265655,NULL,NULL,2026-09-08 00:00:00.000,NULL,NULL,NULL,0,NULL,NULL
3999,230113020306,2022-10-14,2026-09-09,2116-COMP-NB-ICT-PTRE-21,073866,,NULL,2026-09-14 00:00:00.000,NULL,NULL,NULL,0,NULL,NULL
8737,260908102816,2026-09-09,NULL,2495-COMP-NB-ICT-PTRE-26,073866,,NULL,2026-09-14 00:00:00.000,NULL,NULL,NULL,0,NULL,NULL
8743,260914102010,2026-09-09,NULL,2249-COMP-NB-ICT-PTRE-23,194711,NULL,NULL,2026-09-14 00:00:00.000,NULL,NULL,NULL,1,225164,2026-09-18 17:38:39.000
8741,260910013408,2026-09-10,NULL,2272-COMP-DESK-ICT-PTRE-23,104140,NULL,NULL,2026-09-10 00:00:00.000,NULL,NULL,NULL,0,NULL,NULL
7540,250221014810,2025-02-21,2026-09-11,2349-COMP-NB-ICT-PTRE-24,235306,,NULL,2026-09-14 00:00:00.000,NULL,NULL,NULL,0,NULL,NULL
8744,260914104226,2026-02-03,2026-09-11,2386-COMP-NB-ICT-PTRE-24,245394,,NULL,2026-09-14 00:00:00.000,NULL,NULL,NULL,0,NULL,NULL
8745,260918053252,2026-09-16,NULL,2498-COMP-NB-ICT-PTRE-26,265640,NULL,NULL,2026-09-18 00:00:00.000,NULL,NULL,NULL,0,NULL,NULL
8746,260918053802,2026-09-16,NULL,2249-COMP-NB-ICT-PTRE-23,235278,NULL,NULL,2026-09-18 00:00:00.000,NULL,NULL,NULL,0,NULL,NULL
8742,260911045757,2026-09-21,NULL,2497-COMP-NB-ICT-PTRE-26,265664,,NULL,2026-09-21 00:00:00.000,NULL,NULL,NULL,0,NULL,NULL
8747,260923013036,2026-09-23,NULL,2499-COMP-NB-ICT-PTRE-26,265639,NULL,NULL,2026-09-23 00:00:00.000,NULL,NULL,NULL,0,NULL,NULL
6378,240515040558,2024-05-15,2026-09-29,01468-COMP-NB-ICT-PTRE-18,124274,,NULL,2026-10-02 00:00:00.000,NULL,NULL,NULL,0,NULL,NULL
6,180326112858,NULL,NULL,01520-FUR-LM-CFS-PTRE-11,023124,,NULL,2018-03-26 00:00:00.000,NULL,NULL,NULL,1,302716,2018-03-26 15:17:28.000
7,180326112901,NULL,NULL,01520-FUR-LM-CFS-PTRE-11,023215,,NULL,2018-03-26 00:00:00.000,NULL,NULL,NULL,1,302716,2018-03-26 15:17:32.000
8,180326112904,NULL,NULL,01520-FUR-LM-CFS-PTRE-11,031773,,NULL,2018-03-26 00:00:00.000,NULL,NULL,NULL,1,302716,2018-03-26 14:45:04.000
58,180416031836,NULL,NULL,01409 COMP-NB-ICT-PTRE-16,020036,NULL,NULL,2018-04-16 00:00:00.000,NULL,NULL,NULL,1,302716,2018-04-16 15:18:49.000
1626,200921012824,NULL,NULL,01910 MON-LCD-ICT-PTRE-19,020036,NULL,NULL,2020-09-21 00:00:00.000,NULL,NULL,NULL,0,NULL,NULL
7471,241211080837,NULL,NULL,01913 COMP-DSK-ICT-PTRE-19,073860,NULL,NULL,2024-12-11 00:00:00.000,NULL,NULL,NULL,1,053573,2024-12-11 08:09:04.000
