id,number,barang_id,organizer_id,vendor_id,legacy_vendor_id,location_id,initial_quantity,current_quantity,po_number,date_of_receipt,unit_price,image_url,burden,project_id,created_at,updated_at
1,LOT-0001-26-ACC-AM-0001,1,1,,,,,,,2026-10-07 07:43:10.000,,,,,2026-10-07 07:43:10.000,2026-10-07 07:43:10.000
2,LOT-0001-26-ACC-AM-0002,2,1,,,,,,,2026-10-07 07:43:10.000,,,,,2026-10-07 07:43:10.000,2026-10-07 07:43:10.000
3,LOT-0001-26-ACC-AP-0001,3,1,,,,,,,2026-10-07 09:58:55.000,,inventory/ams/inventoryPhoto/171100878614.jpeg,,,2026-10-07 09:58:55.000,2026-10-07 09:58:55.000
4,LOT-0001-26-ACC-AP-0002,4,1,,,,,,,2026-10-07 09:58:55.000,,inventory/ams/inventoryPhoto/171100872613.jpeg,,,2026-10-07 09:58:55.000,2026-10-07 09:58:55.000
5,LOT-0001-26-ACC-AP-0003,5,1,,,,,,,2026-10-07 09:58:55.000,,inventory/ams/inventoryPhoto/1711005175WhatsApp_Image_2024-03-21_at_08_56_51.jpeg,,,2026-10-07 09:58:55.000,2026-10-07 09:58:55.000
6,LOT-0001-26-ACC-AP-0004,6,1,,,,,,,2026-10-07 09:58:55.000,,inventory/ams/inventoryPhoto/1711004910WhatsApp_Image_2024-03-21_at_08_56_00.jpeg,,,2026-10-07 09:58:55.000,2026-10-07 09:58:55.000
7,LOT-0001-26-ACC-AP-0005,7,1,,,,,,,2026-10-07 09:58:55.000,,inventory/ams/inventoryPhoto/171100478232.jpeg,,,2026-10-07 09:58:55.000,2026-10-07 09:58:55.000
8,LOT-0001-26-ACC-AP-0006,8,1,,,,,,,2026-10-07 09:58:55.000,,inventory/ams/inventoryPhoto/171100473227.jpeg,,,2026-10-07 09:58:55.000,2026-10-07 09:58:55.000
9,LOT-0001-26-ACC-AP-0007,9,1,,,,,,,2026-10-07 09:58:55.000,,inventory/ams/inventoryPhoto/171100452022.jpeg,,,2026-10-07 09:58:55.000,2026-10-07 09:58:55.000
10,LOT-0001-26-ACC-AP-0008,10,1,,,,,,,2026-10-07 09:58:55.000,,inventory/ams/inventoryPhoto/171152129621.jpeg,,,2026-10-07 09:58:55.000,2026-10-07 09:58:55.000
11,LOT-0001-26-ACC-AP-0009,11,1,,,,,,,2026-10-07 09:58:55.000,,inventory/ams/inventoryPhoto/171152167728.jpeg,,,2026-10-07 09:58:55.000,2026-10-07 09:58:55.000
12,LOT-0001-26-ACC-AP-0010,12,1,,,,,,,2026-10-07 09:58:55.000,,inventory/ams/inventoryPhoto/171152186629.jpeg,,,2026-10-07 09:58:55.000,2026-10-07 09:58:55.000
13,LOT-0001-26-ACC-AP-0011,13,1,,,,,,,2026-10-07 09:58:55.000,,inventory/ams/inventoryPhoto/1715162161WhatsApp_Image_2024-05-08_at_16_29_10.jpeg,,,2026-10-07 09:58:55.000,2026-10-07 09:58:55.000
14,LOT-0001-26-ACC-AP-0012,14,1,,,,,,,2026-10-07 09:58:55.000,,,,,2026-10-07 09:58:55.000,2026-10-07 09:58:55.000
15,LOT-0001-26-ACC-BL-0001,15,1,,,,,,,2026-10-07 07:43:10.000,,inventory/ams/inventoryPhoto/1752121816WhatsApp_Image_2025-07-10_at_11_19_07.jpeg,,,2026-10-07 07:43:10.000,2026-10-07 07:43:10.000
16,LOT-0001-26-ACC-BL-0002,16,1,,,,,,,2026-10-07 07:43:10.000,,inventory/ams/inventoryPhoto/1752121910WhatsApp_Image_2025-07-10_at_11_22_16.jpeg,,,2026-10-07 07:43:10.000,2026-10-07 07:43:10.000
17,LOT-0001-26-ACC-BRS-0001,17,1,,,,,,,2026-10-07 07:43:10.000,,inventory/ams/inventoryPhoto/1739347266kursi_Coklat.jpeg,,,2026-10-07 07:43:10.000,2026-10-07 07:43:10.000
18,LOT-0001-26-ACC-BT-0001,18,1,,,,,,,2026-10-07 09:58:57.000,,inventory/ams/inventoryPhoto/1709958133WhatsApp_Image_2024-02-28_at_15_11_46_(1).jpeg,,,2026-10-07 09:58:57.000,2026-10-07 09:58:57.000
19,LOT-0001-26-ACC-BT-0002,19,1,,,,,,,2026-10-07 09:58:57.000,,inventory/ams/inventoryPhoto/1726627783BRAKET_TV_LG.jpeg,,,2026-10-07 09:58:57.000,2026-10-07 09:58:57.000
20,LOT-0001-26-ACC-BT-0003,20,1,,,,,,,2026-10-07 09:58:57.000,,inventory/ams/inventoryPhoto/1760425696BRAKET_TV.jpeg,,,2026-10-07 09:58:57.000,2026-10-07 09:58:57.000
21,LOT-0001-26-ACC-CM-0001,21,1,,,,,,,2026-10-07 09:58:59.000,,inventory/ams/inventoryPhoto/1727832579CERMIN_CEMBUNG.jpeg,,,2026-10-07 09:58:59.000,2026-10-07 09:58:59.000
22,LOT-0001-26-ACC-DG-0001,22,1,,,,,,,2026-10-07 07:43:10.000,,inventory/ams/inventoryPhoto/1784792876WhatsApp_Image_2026-07-23_at_14_47_02.jpeg,,,2026-10-07 07:43:10.000,2026-10-07 07:43:10.000
23,LOT-0001-26-ACC-DP-0001,23,1,,,,,,,2026-10-07 09:59:01.000,,inventory/ams/inventoryPhoto/1726557459Dispenser.jpeg,,,2026-10-07 09:59:01.000,2026-10-07 09:59:01.000
24,LOT-0001-26-ACC-DP-0002,24,1,,,,,,,2026-10-07 09:59:01.000,,,,,2026-10-07 09:59:01.000,2026-10-07 09:59:01.000
25,LOT-0001-26-ACC-FC-0001,25,1,,,,,,,2026-10-07 07:43:10.000,,inventory/ams/inventoryPhoto/1726558093WHITEBOARD.jpeg,,,2026-10-07 07:43:10.000,2026-10-07 07:43:10.000
26,LOT-0001-26-ACC-FC-0002,26,1,,,,,,,2026-10-07 07:43:10.000,,,,,2026-10-07 07:43:10.000,2026-10-07 07:43:10.000
27,LOT-0001-26-ACC-FT-0001,27,1,,,,,,,2026-10-07 07:43:10.000,,,,,2026-10-07 07:43:10.000,2026-10-07 07:43:10.000
28,LOT-0001-26-ACC-GE-0001,28,1,,,,,,,2026-10-07 07:43:10.000,,,,,2026-10-07 07:43:10.000,2026-10-07 07:43:10.000
29,LOT-0001-26-ACC-GE-0002,29,1,,,,,,,2026-10-07 07:43:10.000,,inventory/ams/inventoryPhoto/1727663431gerobak_etalase.jpeg,,,2026-10-07 07:43:10.000,2026-10-07 07:43:10.000
30,LOT-0001-26-ACC-GL-0001,30,1,,,,,,,2026-10-07 09:59:03.000,,inventory/ams/inventoryPhoto/1726562050GLASSBOARD.jpeg,,,2026-10-07 09:59:03.000,2026-10-07 09:59:03.000
31,LOT-0001-26-ACC-GL-0002,31,1,,,,,,,2026-10-07 09:59:03.000,,inventory/ams/inventoryPhoto/1726562053GLASSBOARD.jpeg,,,2026-10-07 09:59:03.000,2026-10-07 09:59:03.000
32,LOT-0001-26-ACC-GL-0003,32,1,,,,,,,2026-10-07 09:59:03.000,,inventory/ams/inventoryPhoto/1714105758WhatsApp_Image_2024-04-26_at_10_22_48.jpeg,,,2026-10-07 09:59:03.000,2026-10-07 09:59:03.000
33,LOT-0001-26-ACC-GL-0004,33,1,,,,,,,2026-10-07 09:59:03.000,,inventory/ams/inventoryPhoto/1712285593WhatsApp_Image_2024-04-05_at_9_26_48_AM.jpeg,,,2026-10-07 09:59:03.000,2026-10-07 09:59:03.000
34,LOT-0001-26-ACC-GL-0005,34,1,,,,,,,2026-10-07 09:59:03.000,,inventory/ams/inventoryPhoto/1712288743WhatsApp_Image_2024-04-05_at_9_26_48_AM.jpeg,,,2026-10-07 09:59:03.000,2026-10-07 09:59:03.000
35,LOT-0001-26-ACC-GL-0006,35,1,,,,,,,2026-10-07 09:59:03.000,,inventory/ams/inventoryPhoto/1713518700WhatsApp_Image_2024-04-19_at_14_25_04.jpeg,,,2026-10-07 09:59:03.000,2026-10-07 09:59:03.000
36,LOT-0001-26-ACC-GL-0007,36,1,,,,,,,2026-10-07 09:59:03.000,,inventory/ams/inventoryPhoto/1726561957GLASSBOARD.jpeg,,,2026-10-07 09:59:03.000,2026-10-07 09:59:03.000
37,LOT-0001-26-ACC-GPS-0001,37,1,,,,,,,2026-10-07 07:43:10.000,,inventory/ams/inventoryPhoto/1776066312GPS.jpeg,,,2026-10-07 07:43:10.000,2026-10-07 07:43:10.000
38,LOT-0001-26-ACC-GR-0001,38,1,,,,,,,2026-10-07 07:43:10.000,,inventory/ams/inventoryPhoto/1752122057WhatsApp_Image_2025-07-10_at_11_23_32.jpeg,,,2026-10-07 07:43:10.000,2026-10-07 07:43:10.000
39,LOT-0001-26-ACC-JAM-0001,39,1,,,,,,,2026-10-07 07:43:10.000,,inventory/ams/inventoryPhoto/1726209284Jam_Dinding_Seiko.jpeg,,,2026-10-07 07:43:10.000,2026-10-07 07:43:10.000
40,LOT-0001-26-ACC-JAM-0002,40,1,,,,,,,2026-10-07 07:43:10.000,,inventory/ams/inventoryPhoto/1714100828WhatsApp_Image_2024-03-09_at_09_25_13.jpeg,,,2026-10-07 07:43:10.000,2026-10-07 07:43:10.000
41,LOT-0001-26-ACC-JAM-0003,41,1,,,,,,,2026-10-07 07:43:10.000,,inventory/ams/inventoryPhoto/1726209273Jam_Dinding_Seiko.jpeg,,,2026-10-07 07:43:10.000,2026-10-07 07:43:10.000
42,LOT-0001-26-ACC-JAM-0004,42,1,,,,,,,2026-10-07 07:43:10.000,,inventory/ams/inventoryPhoto/1726209185Jam_Dinding_Seiko.jpeg,,,2026-10-07 07:43:10.000,2026-10-07 07:43:10.000
43,LOT-0001-26-ACC-KA-0001,43,1,,,,,,,2026-10-07 07:43:10.000,,inventory/ams/inventoryPhoto/1727685729KIPAS_ANGIN.jpeg,,,2026-10-07 07:43:10.000,2026-10-07 07:43:10.000
44,LOT-0001-26-ACC-KA-0002,44,1,,,,,,,2026-10-07 07:43:10.000,,inventory/ams/inventoryPhoto/1726796030KIPAS_ANGIN_SEKAI.jpeg,,,2026-10-07 07:43:10.000,2026-10-07 07:43:10.000
45,LOT-0001-26-ACC-KA-0003,45,1,,,,,,,2026-10-07 07:43:10.000,,,,,2026-10-07 07:43:10.000,2026-10-07 07:43:10.000
46,LOT-0001-26-ACC-KL-0001,46,1,,,,,,,2026-10-07 07:43:10.000,,inventory/ams/inventoryPhoto/1726628099KARPET_LANTAI.jpeg,,,2026-10-07 07:43:10.000,2026-10-07 07:43:10.000
47,LOT-0001-26-ACC-KR-0001,47,1,,,,,,,2026-10-07 07:43:10.000,,,,,2026-10-07 07:43:10.000,2026-10-07 07:43:10.000
48,LOT-0001-26-ACC-LAY-0001,48,1,,,,,,,2026-10-07 07:43:10.000,,inventory/ams/inventoryPhoto/1726628397LAYAR_INFOCUS.jpeg,,,2026-10-07 07:43:10.000,2026-10-07 07:43:10.000
49,LOT-0001-26-ACC-LS-0001,49,1,,,,,,,2026-10-07 07:43:10.000,,inventory/ams/inventoryPhoto/1726803283LUKISAN.jpeg,,,2026-10-07 07:43:10.000,2026-10-07 07:43:10.000
50,LOT-0001-26-ACC-LS-0002,50,1,,,,,,,2026-10-07 07:43:10.000,,inventory/ams/inventoryPhoto/1726803253LUKISAN.jpeg,,,2026-10-07 07:43:10.000,2026-10-07 07:43:10.000
51,LOT-0001-26-ACC-LS-0003,51,1,,,,,,,2026-10-07 07:43:10.000,,inventory/ams/inventoryPhoto/1726803238LUKISAN.jpeg,,,2026-10-07 07:43:10.000,2026-10-07 07:43:10.000
52,LOT-0001-26-ACC-LS-0004,52,1,,,,,,,2026-10-07 07:43:10.000,,inventory/ams/inventoryPhoto/1726803202LUKISAN.jpeg,,,2026-10-07 07:43:10.000,2026-10-07 07:43:10.000
53,LOT-0001-26-ACC-LS-0005,53,1,,,,,,,2026-10-07 07:43:10.000,,inventory/ams/inventoryPhoto/1726803222LUKISAN.jpeg,,,2026-10-07 07:43:10.000,2026-10-07 07:43:10.000
54,LOT-0001-26-ACC-LS-0006,54,1,,,,,,,2026-10-07 07:43:10.000,,inventory/ams/inventoryPhoto/1726803190LUKISAN.jpeg,,,2026-10-07 07:43:10.000,2026-10-07 07:43:10.000
55,LOT-0001-26-ACC-LS-0007,55,1,,,,,,,2026-10-07 07:43:10.000,,,,,2026-10-07 07:43:10.000,2026-10-07 07:43:10.000
56,LOT-0001-26-ACC-LS-0008,56,1,,,,,,,2026-10-07 07:43:10.000,,,,,2026-10-07 07:43:10.000,2026-10-07 07:43:10.000
57,LOT-0001-26-ACC-LS-0009,57,1,,,,,,,2026-10-07 07:43:10.000,,,,,2026-10-07 07:43:10.000,2026-10-07 07:43:10.000
58,LOT-0001-26-ACC-LS-0010,58,1,,,,,,,2026-10-07 07:43:10.000,,inventory/ams/inventoryPhoto/1726802959LUKISAN1.jpeg,,,2026-10-07 07:43:10.000,2026-10-07 07:43:10.000
59,LOT-0001-26-ACC-LS-0011,59,1,,,,,,,2026-10-07 07:43:10.000,,inventory/ams/inventoryPhoto/1726802363LUKISAN.jpeg,,,2026-10-07 07:43:10.000,2026-10-07 07:43:10.000
60,LOT-0001-26-ACC-P3K-0001,60,1,,,,,,,2026-10-07 09:59:07.000,,inventory/ams/inventoryPhoto/1714634213WhatsApp_Image_2024-05-02_at_14_11_04.jpeg,,,2026-10-07 09:59:07.000,2026-10-07 09:59:07.000
61,LOT-0001-26-ACC-P3K-0002,61,1,,,,,,,2026-10-07 09:59:07.000,,inventory/ams/inventoryPhoto/1726715911KOTAK_P3K.jpeg,,,2026-10-07 09:59:07.000,2026-10-07 09:59:07.000
62,LOT-0001-26-ACC-P3K-0003,62,1,,,,,,,2026-10-07 09:59:07.000,,inventory/ams/inventoryPhoto/1715162082WhatsApp_Image_2024-05-08_at_16_29_03.jpeg,,,2026-10-07 09:59:07.000,2026-10-07 09:59:07.000
63,LOT-0001-26-ACC-P3K-0004,63,1,,,,,,,2026-10-07 09:59:07.000,,inventory/ams/inventoryPhoto/1726715906KOTAK_P3K.jpeg,,,2026-10-07 09:59:07.000,2026-10-07 09:59:07.000
64,LOT-0001-26-ACC-PC-0001,64,1,,,,,,,2026-10-07 07:43:10.000,,,,,2026-10-07 07:43:10.000,2026-10-07 07:43:10.000
65,LOT-0001-26-ACC-PD-0001,65,1,,,,,,,2026-10-07 07:43:10.000,,,,,2026-10-07 07:43:10.000,2026-10-07 07:43:10.000
66,LOT-0001-26-ACC-PH-0001,66,1,,,,,,,2026-10-07 09:59:08.000,,,,,2026-10-07 09:59:08.000,2026-10-07 09:59:08.000
67,LOT-0001-26-ACC-PH-0002,67,1,,,,,,,2026-10-07 09:59:08.000,,,,,2026-10-07 09:59:08.000,2026-10-07 09:59:08.000
68,LOT-0001-26-ACC-PH-0003,68,1,,,,,,,2026-10-07 09:59:08.000,,,,,2026-10-07 09:59:08.000,2026-10-07 09:59:08.000
69,LOT-0001-26-ACC-PH-0004,69,1,,,,,,,2026-10-07 09:59:08.000,,,,,2026-10-07 09:59:08.000,2026-10-07 09:59:08.000
70,LOT-0001-26-ACC-PH-0005,70,1,,,,,,,2026-10-07 09:59:08.000,,inventory/ams/inventoryPhoto/1726558561PENGHARUM_RUANGAN.jpeg,,,2026-10-07 09:59:08.000,2026-10-07 09:59:08.000
71,LOT-0001-26-ACC-PH-0006,71,1,,,,,,,2026-10-07 09:59:08.000,,inventory/ams/inventoryPhoto/1709951451WhatsApp_Image_2024-03-01_at_16_39_38.jpeg,,,2026-10-07 09:59:08.000,2026-10-07 09:59:08.000
72,LOT-0001-26-ACC-PK-0001,72,1,,,,,,,2026-10-07 07:43:10.000,,inventory/ams/inventoryPhoto/1726563443POT_KECIL.jpeg,,,2026-10-07 07:43:10.000,2026-10-07 07:43:10.000
73,LOT-0001-26-ACC-PM-0001,73,1,,,,,,,2026-10-07 09:59:10.000,,inventory/ams/inventoryPhoto/1785308607WhatsApp_Image_2026-07-29_at_14_01_28.jpeg,,,2026-10-07 09:59:10.000,2026-10-07 09:59:10.000
74,LOT-0001-26-ACC-PM-0002,74,1,,,,,,,2026-10-07 09:59:10.000,,inventory/ams/inventoryPhoto/1785314239WhatsApp_Image_2026-07-29_at_15_36_31.jpeg,,,2026-10-07 09:59:10.000,2026-10-07 09:59:10.000
75,LOT-0001-26-ACC-POT-0001,75,1,,,,,,,2026-10-07 09:59:12.000,,inventory/ams/inventoryPhoto/1726715288POT_TANAMAN.jpeg,,,2026-10-07 09:59:12.000,2026-10-07 09:59:12.000
76,LOT-0001-26-ACC-POT-0002,76,1,,,,,,,2026-10-07 09:59:12.000,,inventory/ams/inventoryPhoto/1726715293POT_TANAMAN.jpeg,,,2026-10-07 09:59:12.000,2026-10-07 09:59:12.000
77,LOT-0001-26-ACC-POT-0003,77,1,,,,,,,2026-10-07 09:59:12.000,,inventory/ams/inventoryPhoto/1727670061gerobak_etalase.jpeg,,,2026-10-07 09:59:12.000,2026-10-07 09:59:12.000
78,LOT-0001-26-ACC-POT-0004,78,1,,,,,,,2026-10-07 09:59:12.000,,inventory/ams/inventoryPhoto/1726715036POT_TANAMAN.jpeg,,,2026-10-07 09:59:12.000,2026-10-07 09:59:12.000
79,LOT-0001-26-ACC-PS-0001,79,1,,,,,,,2026-10-07 07:43:10.000,,,,,2026-10-07 07:43:10.000,2026-10-07 07:43:10.000
80,LOT-0001-26-ACC-RB-0001,80,1,,,,,,,2026-10-07 07:43:10.000,,,,,2026-10-07 07:43:10.000,2026-10-07 07:43:10.000
81,LOT-0001-26-ACC-RP-0001,81,1,,,,,,,2026-10-07 07:43:10.000,,inventory/ams/inventoryPhoto/1726716125RAK_PIRING.jpeg,,,2026-10-07 07:43:10.000,2026-10-07 07:43:10.000
82,LOT-0001-26-ACC-RS-0001,82,1,,,,,,,2026-10-07 07:43:10.000,,inventory/ams/inventoryPhoto/1715167318WhatsApp_Image_2024-05-08_at_18_10_16.jpeg,,,2026-10-07 07:43:10.000,2026-10-07 07:43:10.000
83,LOT-0001-26-ACC-RS-0002,83,1,,,,,,,2026-10-07 07:43:10.000,,,,,2026-10-07 07:43:10.000,2026-10-07 07:43:10.000
84,LOT-0001-26-ACC-STB-0001,84,1,,,,,,,2026-10-07 07:43:10.000,,,,,2026-10-07 07:43:10.000,2026-10-07 07:43:10.000
85,LOT-0001-26-ACC-STB-0002,85,1,,,,,,,2026-10-07 07:43:10.000,,inventory/ams/inventoryPhoto/1745483564STORAGE_TOOL_BOX.jpeg,,,2026-10-07 07:43:10.000,2026-10-07 07:43:10.000
86,LOT-0001-26-ACC-TAP-0001,86,1,,,,,,,2026-10-07 07:43:10.000,,,,,2026-10-07 07:43:10.000,2026-10-07 07:43:10.000
87,LOT-0001-26-ACC-TAP-0002,87,1,,,,,,,2026-10-07 07:43:10.000,,inventory/ams/inventoryPhoto/1726563628TERMOS_AIR_PANAS.jpeg,,,2026-10-07 07:43:10.000,2026-10-07 07:43:10.000
88,LOT-0001-26-ACC-TAP-0003,88,1,,,,,,,2026-10-07 07:43:10.000,,inventory/ams/inventoryPhoto/1726563759TERMOS_AIR_PANAS_DENPO.jpeg,,,2026-10-07 07:43:10.000,2026-10-07 07:43:10.000
89,LOT-0001-26-ACC-TAP-0004,89,1,,,,,,,2026-10-07 07:43:10.000,,inventory/ams/inventoryPhoto/1761634904TERMOS_AIR_PANAS.jpeg,,,2026-10-07 07:43:10.000,2026-10-07 07:43:10.000
90,LOT-0001-26-ACC-TB-0001,90,1,,,,,,,2026-10-07 07:43:10.000,,inventory/ams/inventoryPhoto/1726799180TROLI_BESAR.jpeg,,,2026-10-07 07:43:10.000,2026-10-07 07:43:10.000
91,LOT-0001-26-ACC-TI-0001,91,1,,,,,,,2026-10-07 07:43:10.000,,inventory/ams/inventoryPhoto/1761634003tempat_tissue.jpeg,,,2026-10-07 07:43:10.000,2026-10-07 07:43:10.000
92,LOT-0001-26-ACC-TK-0001,92,1,,,,,,,2026-10-07 07:43:10.000,,inventory/ams/inventoryPhoto/1714635151WhatsApp_Image_2024-05-02_at_14_16_50.jpeg,,,2026-10-07 07:43:10.000,2026-10-07 07:43:10.000
93,LOT-0001-26-ACC-TK-0002,93,1,,,,,,,2026-10-07 07:43:10.000,,inventory/ams/inventoryPhoto/1726715976TROLI.jpeg,,,2026-10-07 07:43:10.000,2026-10-07 07:43:10.000
94,LOT-0001-26-ACC-TK-0003,94,1,,,,,,,2026-10-07 07:43:10.000,,inventory/ams/inventoryPhoto/1748257643TROLI.jpeg,,,2026-10-07 07:43:10.000,2026-10-07 07:43:10.000
95,LOT-0001-26-ACC-TM-0001,95,1,,,,,,,2026-10-07 07:43:10.000,,inventory/ams/inventoryPhoto/1726628536TENIS_MEJA.jpeg,,,2026-10-07 07:43:10.000,2026-10-07 07:43:10.000
96,LOT-0001-26-ACC-TO-0001,96,1,,,,,,,2026-10-07 07:43:10.000,,inventory/ams/inventoryPhoto/1728545334tabung_oksigen.jpeg,,,2026-10-07 07:43:10.000,2026-10-07 07:43:10.000
97,LOT-0001-26-ACC-TS-0001,97,1,,,,,,,2026-10-07 09:59:16.000,,inventory/ams/inventoryPhoto/1726220771tempat_sampah_lion_star.jpeg,,,2026-10-07 09:59:16.000,2026-10-07 09:59:16.000
98,LOT-0001-26-ACC-TS-0002,98,1,,,,,,,2026-10-07 09:59:16.000,,inventory/ams/inventoryPhoto/1726220448tempat_sampah_stenlis.jpeg,,,2026-10-07 09:59:16.000,2026-10-07 09:59:16.000
99,LOT-0001-26-ACC-TS-0003,99,1,,,,,,,2026-10-07 09:59:16.000,,,,,2026-10-07 09:59:16.000,2026-10-07 09:59:16.000
100,LOT-0001-26-ACC-TS-0004,100,1,,,,,,,2026-10-07 09:59:16.000,,inventory/ams/inventoryPhoto/1726220358tempat_sampah_stenlis.jpeg,,,2026-10-07 09:59:16.000,2026-10-07 09:59:16.000
101,LOT-0001-26-ACC-TS-0005,101,1,,,,,,,2026-10-07 09:59:16.000,,,,,2026-10-07 09:59:16.000,2026-10-07 09:59:16.000
102,LOT-0001-26-ACC-TS-0006,102,1,,,,,,,2026-10-07 09:59:16.000,,,,,2026-10-07 09:59:16.000,2026-10-07 09:59:16.000
103,LOT-0001-26-ACC-TS-0007,103,1,,,,,,,2026-10-07 09:59:16.000,,inventory/ams/inventoryPhoto/1601624527Screenshot_20201002-111345_Google.jpg,,,2026-10-07 09:59:16.000,2026-10-07 09:59:16.000
104,LOT-0001-26-ACC-TS-0008,104,1,,,,,,,2026-10-07 09:59:16.000,,inventory/ams/inventoryPhoto/1726562403TEMPAT_SAMPAH_B3.jpeg,,,2026-10-07 09:59:16.000,2026-10-07 09:59:16.000
105,LOT-0001-26-ACC-TS-0009,105,1,,,,,,,2026-10-07 09:59:16.000,,inventory/ams/inventoryPhoto/1715162395WhatsApp_Image_2024-05-08_at_16_36_11.jpeg,,,2026-10-07 09:59:16.000,2026-10-07 09:59:16.000
106,LOT-0001-26-ACC-TS-0010,106,1,,,,,,,2026-10-07 09:59:16.000,,inventory/ams/inventoryPhoto/1715166844WhatsApp_Image_2024-05-08_at_18_13_43.jpeg,,,2026-10-07 09:59:16.000,2026-10-07 09:59:16.000
107,LOT-0001-26-ACC-TS-0011,107,1,,,,,,,2026-10-07 09:59:16.000,,,,,2026-10-07 09:59:16.000,2026-10-07 09:59:16.000
108,LOT-0001-26-ACC-TS-0012,108,1,,,,,,,2026-10-07 09:59:16.000,,inventory/ams/inventoryPhoto/1726220626tempat_sampah_lion_star.jpeg,,,2026-10-07 09:59:16.000,2026-10-07 09:59:16.000
109,LOT-0001-26-ACC-TS-0013,109,1,,,,,,,2026-10-07 09:59:16.000,,inventory/ams/inventoryPhoto/1726562394TEMPAT_SAMPAH_B3.jpeg,,,2026-10-07 09:59:16.000,2026-10-07 09:59:16.000
110,LOT-0001-26-ACC-TS-0014,110,1,,,,,,,2026-10-07 09:59:16.000,,inventory/ams/inventoryPhoto/1726562389TEMPAT_SAMPAH_B3.jpeg,,,2026-10-07 09:59:16.000,2026-10-07 09:59:16.000
111,LOT-0001-26-ACC-TS-0015,111,1,,,,,,,2026-10-07 09:59:16.000,,,,,2026-10-07 09:59:16.000,2026-10-07 09:59:16.000
112,LOT-0001-26-ACC-TS-0016,112,1,,,,,,,2026-10-07 09:59:16.000,,inventory/ams/inventoryPhoto/1726221055tempat_sampah_shinpo1.jpeg,,,2026-10-07 09:59:16.000,2026-10-07 09:59:16.000
113,LOT-0001-26-ACC-TS-0017,113,1,,,,,,,2026-10-07 09:59:16.000,,inventory/ams/inventoryPhoto/1776821636tempat_sampah_rokok.jpeg,,,2026-10-07 09:59:16.000,2026-10-07 09:59:16.000
114,LOT-0001-26-ACC-WB-0001,114,1,,,,,,,2026-10-07 09:59:18.000,,inventory/ams/inventoryPhoto/1726558100WHITEBOARD.jpeg,,,2026-10-07 09:59:18.000,2026-10-07 09:59:18.000
115,LOT-0001-26-ACC-WB-0002,115,1,,,,,,,2026-10-07 09:59:18.000,,inventory/ams/inventoryPhoto/1726558324PANABOARD.jpeg,,,2026-10-07 09:59:18.000,2026-10-07 09:59:18.000
116,LOT-0001-26-COMP-DESK-0001,116,2,,,,,,,2026-10-08 07:01:45.000,,,,,2026-10-08 07:01:45.000,2026-10-08 07:01:45.000
117,LOT-0001-26-COMP-DESK-0002,117,2,,,,,,,2026-10-08 07:01:45.000,,,,,2026-10-08 07:01:45.000,2026-10-08 07:01:45.000
118,LOT-0001-26-COMP-DESK-0003,118,2,,,,,,,2026-10-08 07:01:45.000,,,,,2026-10-08 07:01:45.000,2026-10-08 07:01:45.000
119,LOT-0001-26-COMP-DESK-0004,119,2,,,,,,,2026-10-08 07:01:45.000,,,,,2026-10-08 07:01:45.000,2026-10-08 07:01:45.000
120,LOT-0001-26-COMP-DESK-0005,120,2,,,,,,,2026-10-08 07:01:45.000,,,,,2026-10-08 07:01:45.000,2026-10-08 07:01:45.000
121,LOT-0001-26-COMP-DESK-0006,121,2,,,,,,,2026-10-08 07:01:45.000,,,,,2026-10-08 07:01:45.000,2026-10-08 07:01:45.000
122,LOT-0001-26-COMP-DESK-0007,122,2,,,,,,,2026-10-08 07:01:45.000,,,,,2026-10-08 07:01:45.000,2026-10-08 07:01:45.000
123,LOT-0001-26-COMP-DESK-0008,123,2,,,,,,,2026-10-08 07:01:45.000,,,,,2026-10-08 07:01:45.000,2026-10-08 07:01:45.000
124,LOT-0001-26-COMP-DESK-0009,124,2,,,,,,,2026-10-08 07:01:45.000,,,,,2026-10-08 07:01:45.000,2026-10-08 07:01:45.000
125,LOT-0001-26-COMP-DESK-0010,125,2,,,,,,,2026-10-08 07:01:45.000,,,,,2026-10-08 07:01:45.000,2026-10-08 07:01:45.000
126,LOT-0001-26-COMP-DESK-0011,126,2,,,,,,,2026-10-08 07:01:45.000,,,,,2026-10-08 07:01:45.000,2026-10-08 07:01:45.000
127,LOT-0001-26-COMP-DESK-0012,127,2,,,,,,,2026-10-08 07:01:45.000,,,,,2026-10-08 07:01:45.000,2026-10-08 07:01:45.000
128,LOT-0001-26-COMP-DESK-0013,128,2,,,,,,,2026-10-08 07:01:45.000,,,,,2026-10-08 07:01:45.000,2026-10-08 07:01:45.000
129,LOT-0001-26-COMP-DESK-0014,129,2,,,,,,,2026-10-08 07:01:45.000,,,,,2026-10-08 07:01:45.000,2026-10-08 07:01:45.000
130,LOT-0001-26-COMP-DESK-0015,130,2,,,,,,,2026-10-08 07:01:45.000,,,,,2026-10-08 07:01:45.000,2026-10-08 07:01:45.000
131,LOT-0001-26-COMP-DESK-0016,131,2,,,,,,,2026-10-08 07:01:45.000,,,,,2026-10-08 07:01:45.000,2026-10-08 07:01:45.000
132,LOT-0001-26-COMP-DESK-0017,132,2,,,,,,,2026-10-08 07:01:45.000,,,,,2026-10-08 07:01:45.000,2026-10-08 07:01:45.000
133,LOT-0001-26-COMP-DESK-0018,133,2,,,,,,,2026-10-08 07:01:45.000,,,,,2026-10-08 07:01:45.000,2026-10-08 07:01:45.000
134,LOT-0001-26-COMP-DESK-0019,134,2,,,,,,,2026-10-08 07:01:45.000,,,,,2026-10-08 07:01:45.000,2026-10-08 07:01:45.000
135,LOT-0001-26-COMP-DESK-0020,135,2,,,,,,,2026-10-08 07:01:45.000,,,,,2026-10-08 07:01:45.000,2026-10-08 07:01:45.000
136,LOT-0001-26-COMP-DESK-0021,136,2,,,,,,,2026-10-08 07:01:45.000,,,,,2026-10-08 07:01:45.000,2026-10-08 07:01:45.000
137,LOT-0001-26-COMP-DESK-0022,137,2,,,,,,,2026-10-08 07:01:45.000,,,,,2026-10-08 07:01:45.000,2026-10-08 07:01:45.000
138,LOT-0001-26-COMP-DESK-0023,138,2,,,,,,,2026-10-08 07:01:45.000,,,,,2026-10-08 07:01:45.000,2026-10-08 07:01:45.000
139,LOT-0001-26-COMP-NB-0001,139,2,,,,,,,2026-10-08 08:00:35.000,,,,,2026-10-08 08:00:35.000,2026-10-08 08:00:35.000
140,LOT-0001-26-COMP-NB-0002,140,2,,,,,,,2026-10-08 08:00:35.000,,,,,2026-10-08 08:00:35.000,2026-10-08 08:00:35.000
141,LOT-0001-26-COMP-NB-0003,141,2,,,,,,,2026-10-08 08:00:35.000,,,,,2026-10-08 08:00:35.000,2026-10-08 08:00:35.000
142,LOT-0001-26-COMP-NB-0004,142,2,,,,,,,2026-10-08 08:00:35.000,,,,,2026-10-08 08:00:35.000,2026-10-08 08:00:35.000
143,LOT-0001-26-COMP-NB-0005,143,2,,,,,,,2026-10-08 08:00:35.000,,,,,2026-10-08 08:00:35.000,2026-10-08 08:00:35.000
144,LOT-0001-26-COMP-NB-0006,144,2,,,,,,,2026-10-08 08:00:35.000,,,,,2026-10-08 08:00:35.000,2026-10-08 08:00:35.000
145,LOT-0001-26-COMP-NB-0007,145,2,,,,,,,2026-10-08 08:00:35.000,,,,,2026-10-08 08:00:35.000,2026-10-08 08:00:35.000
146,LOT-0001-26-COMP-NB-0008,146,2,,,,,,,2026-10-08 08:00:35.000,,,,,2026-10-08 08:00:35.000,2026-10-08 08:00:35.000
147,LOT-0001-26-COMP-NB-0009,147,2,,,,,,,2026-10-08 08:00:35.000,,,,,2026-10-08 08:00:35.000,2026-10-08 08:00:35.000
148,LOT-0001-26-COMP-NB-0010,148,2,,,,,,,2026-10-08 08:00:35.000,,,,,2026-10-08 08:00:35.000,2026-10-08 08:00:35.000
149,LOT-0001-26-COMP-NB-0011,149,2,,,,,,,2026-10-08 08:00:35.000,,,,,2026-10-08 08:00:35.000,2026-10-08 08:00:35.000
150,LOT-0001-26-COMP-NB-0012,150,2,,,,,,,2026-10-08 08:00:35.000,,,,,2026-10-08 08:00:35.000,2026-10-08 08:00:35.000
151,LOT-0001-26-COMP-NB-0013,151,2,,,,,,,2026-10-08 08:00:35.000,,,,,2026-10-08 08:00:35.000,2026-10-08 08:00:35.000
152,LOT-0001-26-COMP-NB-0014,152,2,,,,,,,2026-10-08 08:00:35.000,,,,,2026-10-08 08:00:35.000,2026-10-08 08:00:35.000
153,LOT-0001-26-COMP-NB-0015,153,2,,,,,,,2026-10-08 08:00:35.000,,,,,2026-10-08 08:00:35.000,2026-10-08 08:00:35.000
154,LOT-0001-26-COMP-NB-0016,154,2,,,,,,,2026-10-08 08:00:35.000,,,,,2026-10-08 08:00:35.000,2026-10-08 08:00:35.000
155,LOT-0001-26-COMP-NB-0017,155,2,,,,,,,2026-10-08 08:00:35.000,,,,,2026-10-08 08:00:35.000,2026-10-08 08:00:35.000
156,LOT-0001-26-COMP-NB-0018,156,2,,,,,,,2026-10-08 08:00:35.000,,,,,2026-10-08 08:00:35.000,2026-10-08 08:00:35.000
157,LOT-0001-26-COMP-NB-0019,157,2,,,,,,,2026-10-08 08:00:35.000,,,,,2026-10-08 08:00:35.000,2026-10-08 08:00:35.000
158,LOT-0001-26-COMP-NB-0020,158,2,,,,,,,2026-10-08 08:00:35.000,,,,,2026-10-08 08:00:35.000,2026-10-08 08:00:35.000
159,LOT-0001-26-COMP-NB-0021,159,2,,,,,,,2026-10-08 08:00:35.000,,,,,2026-10-08 08:00:35.000,2026-10-08 08:00:35.000
160,LOT-0001-26-COMP-NB-0022,160,2,,,,,,,2026-10-08 08:00:35.000,,,,,2026-10-08 08:00:35.000,2026-10-08 08:00:35.000
161,LOT-0001-26-COMP-NB-0023,161,2,,,,,,,2026-10-08 08:00:35.000,,,,,2026-10-08 08:00:35.000,2026-10-08 08:00:35.000
162,LOT-0001-26-COMP-NB-0024,162,2,,,,,,,2026-10-08 08:00:35.000,,,,,2026-10-08 08:00:35.000,2026-10-08 08:00:35.000
163,LOT-0001-26-COMP-NB-0025,163,2,,,,,,,2026-10-08 08:00:35.000,,,,,2026-10-08 08:00:35.000,2026-10-08 08:00:35.000
164,LOT-0001-26-COMP-NB-0026,164,2,,,,,,,2026-10-08 08:00:35.000,,,,,2026-10-08 08:00:35.000,2026-10-08 08:00:35.000
165,LOT-0001-26-COMP-NB-0027,165,2,,,,,,,2026-10-08 08:00:35.000,,inventory/ams/inventoryPhoto/1601611459MobileKit.png,,,2026-10-08 08:00:35.000,2026-10-08 08:00:35.000
166,LOT-0001-26-COMP-NB-0028,166,2,,,,,,,2026-10-08 08:00:35.000,,,,,2026-10-08 08:00:35.000,2026-10-08 08:00:35.000
167,LOT-0001-26-COMP-NB-0029,167,2,,,,,,,2026-10-08 08:00:35.000,,,,,2026-10-08 08:00:35.000,2026-10-08 08:00:35.000
168,LOT-0001-26-COMP-NB-0030,168,2,,,,,,,2026-10-08 08:00:35.000,,,,,2026-10-08 08:00:35.000,2026-10-08 08:00:35.000
169,LOT-0001-26-COMP-NB-0031,169,2,,,,,,,2026-10-08 08:00:35.000,,,,,2026-10-08 08:00:35.000,2026-10-08 08:00:35.000
170,LOT-0001-26-COMP-NB-0032,170,2,,,,,,,2026-10-08 08:00:35.000,,,,,2026-10-08 08:00:35.000,2026-10-08 08:00:35.000
171,LOT-0001-26-COMP-NB-0033,171,2,,,,,,,2026-10-08 08:00:35.000,,inventory/ams/inventoryPhoto/1592187647bd6635fb-699e-4bc8-9677-ee72a8b820ef.jpeg,,,2026-10-08 08:00:35.000,2026-10-08 08:00:35.000
172,LOT-0001-26-COMP-NB-0034,172,2,,,,,,,2026-10-08 08:00:35.000,,,,,2026-10-08 08:00:35.000,2026-10-08 08:00:35.000
173,LOT-0001-26-COMP-NB-0035,173,2,,,,,,,2026-10-08 08:00:35.000,,,,,2026-10-08 08:00:35.000,2026-10-08 08:00:35.000
174,LOT-0001-26-COMP-NB-0036,174,2,,,,,,,2026-10-08 08:00:35.000,,,,,2026-10-08 08:00:35.000,2026-10-08 08:00:35.000
175,LOT-0001-26-COMP-NB-0037,175,2,,,,,,,2026-10-08 08:00:35.000,,,,,2026-10-08 08:00:35.000,2026-10-08 08:00:35.000
176,LOT-0001-26-COMP-NB-0038,176,2,,,,,,,2026-10-08 08:00:35.000,,,,,2026-10-08 08:00:35.000,2026-10-08 08:00:35.000
177,LOT-0001-26-COMP-NB-0039,177,2,,,,,,,2026-10-08 08:00:35.000,,,,,2026-10-08 08:00:35.000,2026-10-08 08:00:35.000
178,LOT-0001-26-COMP-NB-0040,178,2,,,,,,,2026-10-08 08:00:35.000,,,,,2026-10-08 08:00:35.000,2026-10-08 08:00:35.000
179,LOT-0001-26-COMP-NB-0041,179,2,,,,,,,2026-10-08 08:00:35.000,,,,,2026-10-08 08:00:35.000,2026-10-08 08:00:35.000
180,LOT-0001-26-COMP-NB-0042,180,2,,,,,,,2026-10-08 08:00:35.000,,,,,2026-10-08 08:00:35.000,2026-10-08 08:00:35.000
181,LOT-0001-26-COMP-NB-0043,181,2,,,,,,,2026-10-08 08:00:35.000,,,,,2026-10-08 08:00:35.000,2026-10-08 08:00:35.000
182,LOT-0001-26-COMP-NB-0044,182,2,,,,,,,2026-10-08 08:00:35.000,,,,,2026-10-08 08:00:35.000,2026-10-08 08:00:35.000
183,LOT-0001-26-COMP-NB-0045,183,2,,,,,,,2026-10-08 08:00:35.000,,,,,2026-10-08 08:00:35.000,2026-10-08 08:00:35.000
184,LOT-0001-26-COMP-NB-0046,184,2,,,,,,,2026-10-08 08:00:35.000,,,,,2026-10-08 08:00:35.000,2026-10-08 08:00:35.000
185,LOT-0001-26-COMP-NB-0047,185,2,,,,,,,2026-10-08 08:00:35.000,,,,,2026-10-08 08:00:35.000,2026-10-08 08:00:35.000
186,LOT-0001-26-COMP-NB-0048,186,2,,,,,,,2026-10-08 08:00:35.000,,,,,2026-10-08 08:00:35.000,2026-10-08 08:00:35.000
187,LOT-0001-26-COMP-NB-0049,187,2,,,,,,,2026-10-08 08:00:35.000,,,,,2026-10-08 08:00:35.000,2026-10-08 08:00:35.000
188,LOT-0001-26-COMP-NB-0050,188,2,,,,,,,2026-10-08 08:00:35.000,,,,,2026-10-08 08:00:35.000,2026-10-08 08:00:35.000
189,LOT-0001-26-COMP-NB-0051,189,2,,,,,,,2026-10-08 08:00:35.000,,,,,2026-10-08 08:00:35.000,2026-10-08 08:00:35.000
190,LOT-0001-26-COMP-NB-0052,190,2,,,,,,,2026-10-08 08:00:35.000,,,,,2026-10-08 08:00:35.000,2026-10-08 08:00:35.000
191,LOT-0001-26-COMP-NB-0053,191,2,,,,,,,2026-10-08 08:00:35.000,,,,,2026-10-08 08:00:35.000,2026-10-08 08:00:35.000
192,LOT-0001-26-COMP-NB-0054,192,2,,,,,,,2026-10-08 08:00:35.000,,,,,2026-10-08 08:00:35.000,2026-10-08 08:00:35.000
193,LOT-0001-26-COMP-NB-0055,193,2,,,,,,,2026-10-08 08:00:35.000,,,,,2026-10-08 08:00:35.000,2026-10-08 08:00:35.000
194,LOT-0001-26-COMP-SVR-0001,194,2,,,,,,,2026-10-08 08:23:38.000,,,,,2026-10-08 08:23:38.000,2026-10-08 08:23:38.000
195,LOT-0001-26-COMP-SVR-0002,195,2,,,,,,,2026-10-08 08:23:38.000,,,,,2026-10-08 08:23:38.000,2026-10-08 08:23:38.000
196,LOT-0001-26-COMP-SVR-0003,196,2,,,,,,,2026-10-08 08:23:38.000,,,,,2026-10-08 08:23:38.000,2026-10-08 08:23:38.000
197,LOT-0001-26-COMP-SVR-0004,197,2,,,,,,,2026-10-08 08:23:38.000,,,,,2026-10-08 08:23:38.000,2026-10-08 08:23:38.000
198,LOT-0001-26-COMP-SVR-0005,198,2,,,,,,,2026-10-08 08:23:38.000,,,,,2026-10-08 08:23:38.000,2026-10-08 08:23:38.000
199,LOT-0001-26-COMP-SVR-0006,199,2,,,,,,,2026-10-08 08:23:38.000,,,,,2026-10-08 08:23:38.000,2026-10-08 08:23:38.000
200,LOT-0001-26-COMP-WORK-0001,200,2,,,,,,,2026-10-08 08:23:40.000,,,,,2026-10-08 08:23:40.000,2026-10-08 08:23:40.000
201,LOT-0001-26-COMP-WORK-0002,201,2,,,,,,,2026-10-08 08:23:40.000,,,,,2026-10-08 08:23:40.000,2026-10-08 08:23:40.000
202,LOT-0001-26-ELEK-ATS-0001,202,1,,,,,,,2026-10-07 07:43:10.000,,inventory/ams/inventoryPhoto/1757390379WhatsApp_Image_2025-09-09_at_10_46_03.jpeg,,,2026-10-07 07:43:10.000,2026-10-07 07:43:10.000
203,LOT-0001-26-ELEK-CCT-0001,203,2,,,,,,,2026-10-07 07:43:10.000,,,,,2026-10-07 07:43:10.000,2026-10-07 07:43:10.000
204,LOT-0001-26-ELEK-CCT-0002,204,2,,,,,,,2026-10-07 07:43:10.000,,,,,2026-10-07 07:43:10.000,2026-10-07 07:43:10.000
205,LOT-0001-26-ELEK-CCT-0003,205,2,,,,,,,2026-10-07 07:43:10.000,,inventory/ams/inventoryPhoto/1601612026FinApp.png,,,2026-10-07 07:43:10.000,2026-10-07 07:43:10.000
206,LOT-0001-26-ELEK-CCT-0004,206,1,,,,,,,2026-10-07 07:43:10.000,,inventory/ams/inventoryPhoto/1710918635WhatsApp_Image_2024-03-20_at_14_05_42.jpeg,,,2026-10-07 07:43:10.000,2026-10-07 07:43:10.000
207,LOT-0001-26-ELEK-CCT-0005,207,1,,,,,,,2026-10-07 07:43:10.000,,inventory/ams/inventoryPhoto/171158592001.jpeg,,,2026-10-07 07:43:10.000,2026-10-07 07:43:10.000
208,LOT-0001-26-ELEK-CCT-0006,208,1,,,,,,,2026-10-07 07:43:10.000,,inventory/ams/inventoryPhoto/171158598602.jpeg,,,2026-10-07 07:43:10.000,2026-10-07 07:43:10.000
209,LOT-0001-26-ELEK-CCT-0007,209,1,,,,,,,2026-10-07 07:43:10.000,,inventory/ams/inventoryPhoto/171158609603.jpeg,,,2026-10-07 07:43:10.000,2026-10-07 07:43:10.000
210,LOT-0001-26-ELEK-CCT-0008,210,1,,,,,,,2026-10-07 07:43:10.000,,inventory/ams/inventoryPhoto/171158620604.jpeg,,,2026-10-07 07:43:10.000,2026-10-07 07:43:10.000
211,LOT-0001-26-ELEK-CCT-0009,211,1,,,,,,,2026-10-07 07:43:10.000,,inventory/ams/inventoryPhoto/171158628905.jpeg,,,2026-10-07 07:43:10.000,2026-10-07 07:43:10.000
212,LOT-0001-26-ELEK-CCT-0010,212,1,,,,,,,2026-10-07 07:43:10.000,,inventory/ams/inventoryPhoto/171158637806.jpeg,,,2026-10-07 07:43:10.000,2026-10-07 07:43:10.000
213,LOT-0001-26-ELEK-CCT-0011,213,1,,,,,,,2026-10-07 07:43:10.000,,inventory/ams/inventoryPhoto/171158654309.jpeg,,,2026-10-07 07:43:10.000,2026-10-07 07:43:10.000
214,LOT-0001-26-ELEK-CCT-0012,214,1,,,,,,,2026-10-07 07:43:10.000,,inventory/ams/inventoryPhoto/171158714107.jpeg,,,2026-10-07 07:43:10.000,2026-10-07 07:43:10.000
215,LOT-0001-26-ELEK-CCT-0013,215,1,,,,,,,2026-10-07 07:43:10.000,,inventory/ams/inventoryPhoto/171158725008.jpeg,,,2026-10-07 07:43:10.000,2026-10-07 07:43:10.000
216,LOT-0001-26-ELEK-CCT-0014,216,1,,,,,,,2026-10-07 07:43:10.000,,inventory/ams/inventoryPhoto/171158736110.jpeg,,,2026-10-07 07:43:10.000,2026-10-07 07:43:10.000
217,LOT-0001-26-ELEK-CCT-0015,217,1,,,,,,,2026-10-07 07:43:10.000,,inventory/ams/inventoryPhoto/171158746411.jpeg,,,2026-10-07 07:43:10.000,2026-10-07 07:43:10.000
218,LOT-0001-26-ELEK-CCT-0016,218,1,,,,,,,2026-10-07 07:43:10.000,,inventory/ams/inventoryPhoto/171158754512.jpeg,,,2026-10-07 07:43:10.000,2026-10-07 07:43:10.000
219,LOT-0001-26-ELEK-CCT-0017,219,1,,,,,,,2026-10-07 07:43:10.000,,inventory/ams/inventoryPhoto/171158761613.jpeg,,,2026-10-07 07:43:10.000,2026-10-07 07:43:10.000
220,LOT-0001-26-ELEK-CCT-0018,220,1,,,,,,,2026-10-07 07:43:10.000,,inventory/ams/inventoryPhoto/171158769914.jpeg,,,2026-10-07 07:43:10.000,2026-10-07 07:43:10.000
221,LOT-0001-26-ELEK-CCT-0019,221,1,,,,,,,2026-10-07 07:43:10.000,,inventory/ams/inventoryPhoto/171158779515.jpeg,,,2026-10-07 07:43:10.000,2026-10-07 07:43:10.000
222,LOT-0001-26-ELEK-CCT-0020,222,1,,,,,,,2026-10-07 07:43:10.000,,inventory/ams/inventoryPhoto/171158787616.jpeg,,,2026-10-07 07:43:10.000,2026-10-07 07:43:10.000
223,LOT-0001-26-ELEK-CCT-0021,223,1,,,,,,,2026-10-07 07:43:10.000,,inventory/ams/inventoryPhoto/171158798117.jpeg,,,2026-10-07 07:43:10.000,2026-10-07 07:43:10.000
224,LOT-0001-26-ELEK-CCT-0022,224,1,,,,,,,2026-10-07 07:43:10.000,,inventory/ams/inventoryPhoto/171158806518.jpeg,,,2026-10-07 07:43:10.000,2026-10-07 07:43:10.000
225,LOT-0001-26-ELEK-CCT-0023,225,1,,,,,,,2026-10-07 07:43:10.000,,inventory/ams/inventoryPhoto/171158837619.jpeg,,,2026-10-07 07:43:10.000,2026-10-07 07:43:10.000
226,LOT-0001-26-ELEK-CCT-0024,226,1,,,,,,,2026-10-07 07:43:10.000,,inventory/ams/inventoryPhoto/171158833320.jpeg,,,2026-10-07 07:43:10.000,2026-10-07 07:43:10.000
227,LOT-0001-26-ELEK-CCT-0025,227,1,,,,,,,2026-10-07 07:43:10.000,,inventory/ams/inventoryPhoto/171158848121.jpeg,,,2026-10-07 07:43:10.000,2026-10-07 07:43:10.000
228,LOT-0001-26-ELEK-CCT-0026,228,1,,,,,,,2026-10-07 07:43:10.000,,inventory/ams/inventoryPhoto/171158889423.jpeg,,,2026-10-07 07:43:10.000,2026-10-07 07:43:10.000
229,LOT-0001-26-ELEK-CCT-0027,229,1,,,,,,,2026-10-07 07:43:10.000,,inventory/ams/inventoryPhoto/171158958424.jpeg,,,2026-10-07 07:43:10.000,2026-10-07 07:43:10.000
230,LOT-0001-26-ELEK-CCT-0028,230,1,,,,,,,2026-10-07 07:43:10.000,,inventory/ams/inventoryPhoto/1738917028CCTV.jpeg,,,2026-10-07 07:43:10.000,2026-10-07 07:43:10.000
231,LOT-0001-26-ELEK-CCT-0029,231,1,,,,,,,2026-10-07 07:43:10.000,,inventory/ams/inventoryPhoto/1738917051CCTV.jpeg,,,2026-10-07 07:43:10.000,2026-10-07 07:43:10.000
232,LOT-0001-26-ELEK-CCT-0030,232,1,,,,,,,2026-10-07 07:43:10.000,,inventory/ams/inventoryPhoto/1738916732Sprinkler.jpeg,,,2026-10-07 07:43:10.000,2026-10-07 07:43:10.000
233,LOT-0001-26-ELEK-CCT-0031,233,1,,,,,,,2026-10-07 07:43:10.000,,inventory/ams/inventoryPhoto/1738917109CCTV.jpeg,,,2026-10-07 07:43:10.000,2026-10-07 07:43:10.000
234,LOT-0001-26-ELEK-CCT-0032,234,1,,,,,,,2026-10-07 07:43:10.000,,inventory/ams/inventoryPhoto/1726628260CCTV.jpeg,,,2026-10-07 07:43:10.000,2026-10-07 07:43:10.000
235,LOT-0001-26-ELEK-CCT-0033,235,1,,,,,,,2026-10-07 07:43:10.000,,inventory/ams/inventoryPhoto/1726628258CCTV.jpeg,,,2026-10-07 07:43:10.000,2026-10-07 07:43:10.000
236,LOT-0001-26-ELEK-CCT-0034,236,1,,,,,,,2026-10-07 07:43:10.000,,inventory/ams/inventoryPhoto/1726628255CCTV.jpeg,,,2026-10-07 07:43:10.000,2026-10-07 07:43:10.000
237,LOT-0001-26-ELEK-CCT-0035,237,1,,,,,,,2026-10-07 07:43:10.000,,inventory/ams/inventoryPhoto/1726628251CCTV.jpeg,,,2026-10-07 07:43:10.000,2026-10-07 07:43:10.000
238,LOT-0001-26-ELEK-CCT-0036,238,1,,,,,,,2026-10-07 07:43:10.000,,inventory/ams/inventoryPhoto/1727270323CCTV.jpeg,,,2026-10-07 07:43:10.000,2026-10-07 07:43:10.000
239,LOT-0001-26-ELEK-CP-0001,239,1,,,,,,,2026-10-07 07:43:10.000,,,,,2026-10-07 07:43:10.000,2026-10-07 07:43:10.000
240,LOT-0001-26-ELEK-CS-0001,240,1,,,,,,,2026-10-07 07:43:10.000,,inventory/ams/inventoryPhoto/1710919062WhatsApp_Image_2024-03-20_at_14_05_42.jpeg,,,2026-10-07 07:43:10.000,2026-10-07 07:43:10.000
241,LOT-0001-26-ELEK-CS-0002,241,1,,,,,,,2026-10-07 07:43:10.000,,inventory/ams/inventoryPhoto/1710919731WhatsApp_Image_2024-03-20_at_14_05_42.jpeg,,,2026-10-07 07:43:10.000,2026-10-07 07:43:10.000
242,LOT-0001-26-ELEK-CS-0003,242,1,,,,,,,2026-10-07 07:43:10.000,,inventory/ams/inventoryPhoto/1710924842WhatsApp_Image_2024-03-20_at_14_05_42.jpeg,,,2026-10-07 07:43:10.000,2026-10-07 07:43:10.000
243,LOT-0001-26-ELEK-CS-0004,243,1,,,,,,,2026-10-07 07:43:10.000,,inventory/ams/inventoryPhoto/1726541238Celling_Speaker.jpeg,,,2026-10-07 07:43:10.000,2026-10-07 07:43:10.000
244,LOT-0001-26-ELEK-CS-0005,244,1,,,,,,,2026-10-07 07:43:10.000,,inventory/ams/inventoryPhoto/1726541144Celling_Speaker.jpeg,,,2026-10-07 07:43:10.000,2026-10-07 07:43:10.000
245,LOT-0001-26-ELEK-CS-0006,245,1,,,,,,,2026-10-07 07:43:10.000,,,,,2026-10-07 07:43:10.000,2026-10-07 07:43:10.000
246,LOT-0001-26-ELEK-EXH-0001,246,1,,,,,,,2026-10-07 07:43:10.000,,,,,2026-10-07 07:43:10.000,2026-10-07 07:43:10.000
247,LOT-0001-26-ELEK-FCT-0001,247,1,,,,,,,2026-10-07 07:43:10.000,,inventory/ams/inventoryPhoto/1710923523WhatsApp_Image_2024-03-20_at_15_31_23.jpeg,,,2026-10-07 07:43:10.000,2026-10-07 07:43:10.000
248,LOT-0001-26-ELEK-FR-0001,248,1,,,,,,,2026-10-07 07:43:10.000,,inventory/ams/inventoryPhoto/1726628007FINGER_PRINT.jpeg,,,2026-10-07 07:43:10.000,2026-10-07 07:43:10.000
249,LOT-0001-26-ELEK-FR-0002,249,1,,,,,,,2026-10-07 07:43:10.000,,inventory/ams/inventoryPhoto/1726628029FINGER_PRINT.jpeg,,,2026-10-07 07:43:10.000,2026-10-07 07:43:10.000
250,LOT-0001-26-ELEK-FR-0003,250,1,,,,,,,2026-10-07 07:43:10.000,,,,,2026-10-07 07:43:10.000,2026-10-07 07:43:10.000
251,LOT-0001-26-ELEK-FVC-0001,251,1,,,,,,,2026-10-07 07:43:10.000,,inventory/ams/inventoryPhoto/1710923777WhatsApp_Image_2024-03-20_at_15_31_23_(1).jpeg,,,2026-10-07 07:43:10.000,2026-10-07 07:43:10.000
252,LOT-0001-26-ELEK-HD-0001,252,1,,,,,,,2026-10-07 07:43:10.000,,inventory/ams/inventoryPhoto/1738727857Heat_System.jpeg,,,2026-10-07 07:43:10.000,2026-10-07 07:43:10.000
253,LOT-0001-26-ELEK-HD-0002,253,1,,,,,,,2026-10-07 07:43:10.000,,inventory/ams/inventoryPhoto/1711597770WhatsApp_Image_2024-03-28_at_10_19_38_AM.jpeg,,,2026-10-07 07:43:10.000,2026-10-07 07:43:10.000
254,LOT-0001-26-ELEK-HD-0003,254,1,,,,,,,2026-10-07 07:43:10.000,,inventory/ams/inventoryPhoto/1738727804Heat_System.jpeg,,,2026-10-07 07:43:10.000,2026-10-07 07:43:10.000
255,LOT-0001-26-ELEK-HD-0004,255,1,,,,,,,2026-10-07 07:43:10.000,,inventory/ams/inventoryPhoto/1711599464WhatsApp_Image_2024-03-28_at_10_19_38_AM.jpeg,,,2026-10-07 07:43:10.000,2026-10-07 07:43:10.000
256,LOT-0001-26-ELEK-HD-0005,256,1,,,,,,,2026-10-07 07:43:10.000,,inventory/ams/inventoryPhoto/1738727729Heat_System.jpeg,,,2026-10-07 07:43:10.000,2026-10-07 07:43:10.000
257,LOT-0001-26-ELEK-HD-0006,257,1,,,,,,,2026-10-07 07:43:10.000,,inventory/ams/inventoryPhoto/1711599771WhatsApp_Image_2024-03-28_at_10_19_38_AM.jpeg,,,2026-10-07 07:43:10.000,2026-10-07 07:43:10.000
258,LOT-0001-26-ELEK-HD-0007,258,1,,,,,,,2026-10-07 07:43:10.000,,inventory/ams/inventoryPhoto/1738727775Heat_System.jpeg,,,2026-10-07 07:43:10.000,2026-10-07 07:43:10.000
259,LOT-0001-26-ELEK-HD-0008,259,1,,,,,,,2026-10-07 07:43:10.000,,inventory/ams/inventoryPhoto/1711599941WhatsApp_Image_2024-03-28_at_10_19_38_AM.jpeg,,,2026-10-07 07:43:10.000,2026-10-07 07:43:10.000
260,LOT-0001-26-ELEK-HD-0009,260,1,,,,,,,2026-10-07 07:43:10.000,,inventory/ams/inventoryPhoto/1711600014WhatsApp_Image_2024-03-28_at_10_19_38_AM.jpeg,,,2026-10-07 07:43:10.000,2026-10-07 07:43:10.000
261,LOT-0001-26-ELEK-HD-0010,261,1,,,,,,,2026-10-07 07:43:10.000,,inventory/ams/inventoryPhoto/1711600100WhatsApp_Image_2024-03-28_at_10_19_38_AM.jpeg,,,2026-10-07 07:43:10.000,2026-10-07 07:43:10.000
262,LOT-0001-26-ELEK-HD-0011,262,1,,,,,,,2026-10-07 07:43:10.000,,inventory/ams/inventoryPhoto/1711600186WhatsApp_Image_2024-03-28_at_10_19_38_AM.jpeg,,,2026-10-07 07:43:10.000,2026-10-07 07:43:10.000
263,LOT-0001-26-ELEK-HD-0012,263,1,,,,,,,2026-10-07 07:43:10.000,,inventory/ams/inventoryPhoto/1738727588AC_SPLIT_DAIKIN.jpeg,,,2026-10-07 07:43:10.000,2026-10-07 07:43:10.000
264,LOT-0001-26-ELEK-HD-0013,264,1,,,,,,,2026-10-07 07:43:10.000,,inventory/ams/inventoryPhoto/1738727561AC_SPLIT_DAIKIN.jpeg,,,2026-10-07 07:43:10.000,2026-10-07 07:43:10.000
265,LOT-0001-26-ELEK-HD-0014,265,1,,,,,,,2026-10-07 07:43:10.000,,inventory/ams/inventoryPhoto/1711600515WhatsApp_Image_2024-03-28_at_10_19_38_AM.jpeg,,,2026-10-07 07:43:10.000,2026-10-07 07:43:10.000
266,LOT-0001-26-ELEK-HD-0015,266,1,,,,,,,2026-10-07 07:43:10.000,,inventory/ams/inventoryPhoto/1711600613WhatsApp_Image_2024-03-28_at_10_19_38_AM.jpeg,,,2026-10-07 07:43:10.000,2026-10-07 07:43:10.000
267,LOT-0001-26-ELEK-HD-0016,267,1,,,,,,,2026-10-07 07:43:10.000,,inventory/ams/inventoryPhoto/1738727540AC_SPLIT_DAIKIN.jpeg,,,2026-10-07 07:43:10.000,2026-10-07 07:43:10.000
268,LOT-0001-26-ELEK-HD-0017,268,1,,,,,,,2026-10-07 07:43:10.000,,inventory/ams/inventoryPhoto/1738727511AC_SPLIT_DAIKIN.jpeg,,,2026-10-07 07:43:10.000,2026-10-07 07:43:10.000
269,LOT-0001-26-ELEK-HD-0018,269,1,,,,,,,2026-10-07 07:43:10.000,,inventory/ams/inventoryPhoto/1738727484AC_SPLIT_DAIKIN.jpeg,,,2026-10-07 07:43:10.000,2026-10-07 07:43:10.000
270,LOT-0001-26-ELEK-HD-0019,270,1,,,,,,,2026-10-07 07:43:10.000,,inventory/ams/inventoryPhoto/1738727388AC_SPLIT_DAIKIN.jpeg,,,2026-10-07 07:43:10.000,2026-10-07 07:43:10.000
271,LOT-0001-26-ELEK-HD-0020,271,1,,,,,,,2026-10-07 07:43:10.000,,inventory/ams/inventoryPhoto/1738726825AC_SPLIT_DAIKIN.jpeg,,,2026-10-07 07:43:10.000,2026-10-07 07:43:10.000
272,LOT-0001-26-ELEK-HD-0021,272,1,,,,,,,2026-10-07 07:43:10.000,,inventory/ams/inventoryPhoto/1711601305WhatsApp_Image_2024-03-28_at_10_19_38_AM.jpeg,,,2026-10-07 07:43:10.000,2026-10-07 07:43:10.000
273,LOT-0001-26-ELEK-HD-0022,273,1,,,,,,,2026-10-07 07:43:10.000,,inventory/ams/inventoryPhoto/1711601382WhatsApp_Image_2024-03-28_at_10_19_38_AM.jpeg,,,2026-10-07 07:43:10.000,2026-10-07 07:43:10.000
274,LOT-0001-26-ELEK-HD-0023,274,1,,,,,,,2026-10-07 07:43:10.000,,inventory/ams/inventoryPhoto/1711601481WhatsApp_Image_2024-03-28_at_10_19_38_AM.jpeg,,,2026-10-07 07:43:10.000,2026-10-07 07:43:10.000
275,LOT-0001-26-ELEK-HD-0024,275,1,,,,,,,2026-10-07 07:43:10.000,,inventory/ams/inventoryPhoto/1711607031WhatsApp_Image_2024-03-28_at_10_19_38_AM.jpeg,,,2026-10-07 07:43:10.000,2026-10-07 07:43:10.000
276,LOT-0001-26-ELEK-HD-0025,276,1,,,,,,,2026-10-07 07:43:10.000,,inventory/ams/inventoryPhoto/1711607108WhatsApp_Image_2024-03-28_at_10_19_38_AM.jpeg,,,2026-10-07 07:43:10.000,2026-10-07 07:43:10.000
277,LOT-0001-26-ELEK-HD-0026,277,1,,,,,,,2026-10-07 07:43:10.000,,inventory/ams/inventoryPhoto/1738726793AC_SPLIT_DAIKIN.jpeg,,,2026-10-07 07:43:10.000,2026-10-07 07:43:10.000
278,LOT-0001-26-ELEK-HD-0027,278,1,,,,,,,2026-10-07 07:43:10.000,,inventory/ams/inventoryPhoto/1711607445WhatsApp_Image_2024-03-28_at_10_19_38_AM.jpeg,,,2026-10-07 07:43:10.000,2026-10-07 07:43:10.000
279,LOT-0001-26-ELEK-HD-0028,279,1,,,,,,,2026-10-07 07:43:10.000,,inventory/ams/inventoryPhoto/1711607515WhatsApp_Image_2024-03-28_at_10_19_38_AM.jpeg,,,2026-10-07 07:43:10.000,2026-10-07 07:43:10.000
280,LOT-0001-26-ELEK-HD-0029,280,1,,,,,,,2026-10-07 07:43:10.000,,inventory/ams/inventoryPhoto/1711607594WhatsApp_Image_2024-03-28_at_10_19_38_AM.jpeg,,,2026-10-07 07:43:10.000,2026-10-07 07:43:10.000
281,LOT-0001-26-ELEK-HD-0030,281,1,,,,,,,2026-10-07 07:43:10.000,,inventory/ams/inventoryPhoto/1711607693WhatsApp_Image_2024-03-28_at_10_19_38_AM.jpeg,,,2026-10-07 07:43:10.000,2026-10-07 07:43:10.000
282,LOT-0001-26-ELEK-HD-0031,282,1,,,,,,,2026-10-07 07:43:10.000,,inventory/ams/inventoryPhoto/1711607766WhatsApp_Image_2024-03-28_at_10_19_38_AM.jpeg,,,2026-10-07 07:43:10.000,2026-10-07 07:43:10.000
283,LOT-0001-26-ELEK-HD-0032,283,1,,,,,,,2026-10-07 07:43:10.000,,inventory/ams/inventoryPhoto/1711607845WhatsApp_Image_2024-03-28_at_10_19_38_AM.jpeg,,,2026-10-07 07:43:10.000,2026-10-07 07:43:10.000
284,LOT-0001-26-ELEK-HD-0033,284,1,,,,,,,2026-10-07 07:43:10.000,,inventory/ams/inventoryPhoto/1738726704AC_SPLIT_DAIKIN.jpeg,,,2026-10-07 07:43:10.000,2026-10-07 07:43:10.000
285,LOT-0001-26-ELEK-HD-0034,285,1,,,,,,,2026-10-07 07:43:10.000,,inventory/ams/inventoryPhoto/1711608112WhatsApp_Image_2024-03-28_at_10_19_38_AM.jpeg,,,2026-10-07 07:43:10.000,2026-10-07 07:43:10.000
286,LOT-0001-26-ELEK-HD-0035,286,1,,,,,,,2026-10-07 07:43:10.000,,inventory/ams/inventoryPhoto/1711608484WhatsApp_Image_2024-03-28_at_10_19_38_AM.jpeg,,,2026-10-07 07:43:10.000,2026-10-07 07:43:10.000
287,LOT-0001-26-ELEK-HD-0036,287,1,,,,,,,2026-10-07 07:43:10.000,,inventory/ams/inventoryPhoto/1738726681AC_SPLIT_DAIKIN.jpeg,,,2026-10-07 07:43:10.000,2026-10-07 07:43:10.000
288,LOT-0001-26-ELEK-HD-0037,288,1,,,,,,,2026-10-07 07:43:10.000,,inventory/ams/inventoryPhoto/1711608624WhatsApp_Image_2024-03-28_at_10_19_38_AM.jpeg,,,2026-10-07 07:43:10.000,2026-10-07 07:43:10.000
289,LOT-0001-26-ELEK-HD-0038,289,1,,,,,,,2026-10-07 07:43:10.000,,inventory/ams/inventoryPhoto/1738726647AC_SPLIT_DAIKIN.jpeg,,,2026-10-07 07:43:10.000,2026-10-07 07:43:10.000
290,LOT-0001-26-ELEK-HD-0039,290,1,,,,,,,2026-10-07 07:43:10.000,,inventory/ams/inventoryPhoto/1738726598AC_SPLIT_DAIKIN.jpeg,,,2026-10-07 07:43:10.000,2026-10-07 07:43:10.000
291,LOT-0001-26-ELEK-HD-0040,291,1,,,,,,,2026-10-07 07:43:10.000,,inventory/ams/inventoryPhoto/1711609340WhatsApp_Image_2024-03-28_at_10_19_38_AM.jpeg,,,2026-10-07 07:43:10.000,2026-10-07 07:43:10.000
292,LOT-0001-26-ELEK-HD-0041,292,1,,,,,,,2026-10-07 07:43:10.000,,inventory/ams/inventoryPhoto/1738726571AC_SPLIT_DAIKIN.jpeg,,,2026-10-07 07:43:10.000,2026-10-07 07:43:10.000
293,LOT-0001-26-ELEK-HD-0042,293,1,,,,,,,2026-10-07 07:43:10.000,,inventory/ams/inventoryPhoto/1711609480WhatsApp_Image_2024-03-28_at_10_19_38_AM.jpeg,,,2026-10-07 07:43:10.000,2026-10-07 07:43:10.000
294,LOT-0001-26-ELEK-HD-0043,294,1,,,,,,,2026-10-07 07:43:10.000,,inventory/ams/inventoryPhoto/1738726549AC_SPLIT_DAIKIN.jpeg,,,2026-10-07 07:43:10.000,2026-10-07 07:43:10.000
295,LOT-0001-26-ELEK-HD-0044,295,1,,,,,,,2026-10-07 07:43:10.000,,inventory/ams/inventoryPhoto/1711609606WhatsApp_Image_2024-03-28_at_10_19_38_AM.jpeg,,,2026-10-07 07:43:10.000,2026-10-07 07:43:10.000
296,LOT-0001-26-ELEK-HD-0045,296,1,,,,,,,2026-10-07 07:43:10.000,,inventory/ams/inventoryPhoto/1711609697WhatsApp_Image_2024-03-28_at_10_19_38_AM.jpeg,,,2026-10-07 07:43:10.000,2026-10-07 07:43:10.000
297,LOT-0001-26-ELEK-HD-0046,297,1,,,,,,,2026-10-07 07:43:10.000,,inventory/ams/inventoryPhoto/1711609762WhatsApp_Image_2024-03-28_at_10_19_38_AM.jpeg,,,2026-10-07 07:43:10.000,2026-10-07 07:43:10.000
298,LOT-0001-26-ELEK-HD-0047,298,1,,,,,,,2026-10-07 07:43:10.000,,inventory/ams/inventoryPhoto/1711609863WhatsApp_Image_2024-03-28_at_10_19_38_AM.jpeg,,,2026-10-07 07:43:10.000,2026-10-07 07:43:10.000
299,LOT-0001-26-ELEK-HD-0048,299,1,,,,,,,2026-10-07 07:43:10.000,,inventory/ams/inventoryPhoto/1711609932WhatsApp_Image_2024-03-28_at_10_19_38_AM.jpeg,,,2026-10-07 07:43:10.000,2026-10-07 07:43:10.000
300,LOT-0001-26-ELEK-HD-0049,300,1,,,,,,,2026-10-07 07:43:10.000,,inventory/ams/inventoryPhoto/1711610024WhatsApp_Image_2024-03-28_at_10_19_38_AM.jpeg,,,2026-10-07 07:43:10.000,2026-10-07 07:43:10.000
301,LOT-0001-26-ELEK-HD-0050,301,1,,,,,,,2026-10-07 07:43:10.000,,inventory/ams/inventoryPhoto/1711610098WhatsApp_Image_2024-03-28_at_10_19_38_AM.jpeg,,,2026-10-07 07:43:10.000,2026-10-07 07:43:10.000
302,LOT-0001-26-ELEK-HD-0051,302,1,,,,,,,2026-10-07 07:43:10.000,,inventory/ams/inventoryPhoto/1738726522AC_SPLIT_DAIKIN.jpeg,,,2026-10-07 07:43:10.000,2026-10-07 07:43:10.000
303,LOT-0001-26-ELEK-HD-0052,303,1,,,,,,,2026-10-07 07:43:10.000,,inventory/ams/inventoryPhoto/1711610305WhatsApp_Image_2024-03-28_at_10_19_38_AM.jpeg,,,2026-10-07 07:43:10.000,2026-10-07 07:43:10.000
304,LOT-0001-26-ELEK-HD-0053,304,1,,,,,,,2026-10-07 07:43:10.000,,inventory/ams/inventoryPhoto/1711610359WhatsApp_Image_2024-03-28_at_10_19_38_AM.jpeg,,,2026-10-07 07:43:10.000,2026-10-07 07:43:10.000
305,LOT-0001-26-ELEK-HD-0054,305,1,,,,,,,2026-10-07 07:43:10.000,,inventory/ams/inventoryPhoto/1711610424WhatsApp_Image_2024-03-28_at_10_19_38_AM.jpeg,,,2026-10-07 07:43:10.000,2026-10-07 07:43:10.000
306,LOT-0001-26-ELEK-HD-0055,306,1,,,,,,,2026-10-07 07:43:10.000,,inventory/ams/inventoryPhoto/1711610577WhatsApp_Image_2024-03-28_at_10_19_38_AM.jpeg,,,2026-10-07 07:43:10.000,2026-10-07 07:43:10.000
307,LOT-0001-26-ELEK-HD-0056,307,1,,,,,,,2026-10-07 07:43:10.000,,inventory/ams/inventoryPhoto/1711610683WhatsApp_Image_2024-03-28_at_10_19_38_AM.jpeg,,,2026-10-07 07:43:10.000,2026-10-07 07:43:10.000
308,LOT-0001-26-ELEK-HD-0057,308,1,,,,,,,2026-10-07 07:43:10.000,,inventory/ams/inventoryPhoto/1711610793WhatsApp_Image_2024-03-28_at_10_19_38_AM.jpeg,,,2026-10-07 07:43:10.000,2026-10-07 07:43:10.000
309,LOT-0001-26-ELEK-HD-0058,309,1,,,,,,,2026-10-07 07:43:10.000,,inventory/ams/inventoryPhoto/1711610961WhatsApp_Image_2024-03-28_at_10_19_38_AM.jpeg,,,2026-10-07 07:43:10.000,2026-10-07 07:43:10.000
310,LOT-0001-26-ELEK-HD-0059,310,1,,,,,,,2026-10-07 07:43:10.000,,inventory/ams/inventoryPhoto/1711611067WhatsApp_Image_2024-03-28_at_10_19_38_AM.jpeg,,,2026-10-07 07:43:10.000,2026-10-07 07:43:10.000
311,LOT-0001-26-ELEK-HD-0060,311,1,,,,,,,2026-10-07 07:43:10.000,,inventory/ams/inventoryPhoto/1738726504AC_SPLIT_DAIKIN.jpeg,,,2026-10-07 07:43:10.000,2026-10-07 07:43:10.000
312,LOT-0001-26-ELEK-HD-0061,312,1,,,,,,,2026-10-07 07:43:10.000,,inventory/ams/inventoryPhoto/1711611215WhatsApp_Image_2024-03-28_at_10_19_38_AM.jpeg,,,2026-10-07 07:43:10.000,2026-10-07 07:43:10.000
313,LOT-0001-26-ELEK-HD-0062,313,1,,,,,,,2026-10-07 07:43:10.000,,inventory/ams/inventoryPhoto/1711611303WhatsApp_Image_2024-03-28_at_10_19_38_AM.jpeg,,,2026-10-07 07:43:10.000,2026-10-07 07:43:10.000
314,LOT-0001-26-ELEK-HD-0063,314,1,,,,,,,2026-10-07 07:43:10.000,,inventory/ams/inventoryPhoto/1711937237WhatsApp_Image_2024-03-28_at_10_19_38_AM.jpeg,,,2026-10-07 07:43:10.000,2026-10-07 07:43:10.000
315,LOT-0001-26-ELEK-HD-0064,315,1,,,,,,,2026-10-07 07:43:10.000,,inventory/ams/inventoryPhoto/1711937344WhatsApp_Image_2024-03-28_at_10_19_38_AM.jpeg,,,2026-10-07 07:43:10.000,2026-10-07 07:43:10.000
316,LOT-0001-26-ELEK-HD-0065,316,1,,,,,,,2026-10-07 07:43:10.000,,inventory/ams/inventoryPhoto/1738726474AC_SPLIT_DAIKIN.jpeg,,,2026-10-07 07:43:10.000,2026-10-07 07:43:10.000
317,LOT-0001-26-ELEK-HD-0066,317,1,,,,,,,2026-10-07 07:43:10.000,,inventory/ams/inventoryPhoto/1711937485WhatsApp_Image_2024-03-28_at_10_19_38_AM.jpeg,,,2026-10-07 07:43:10.000,2026-10-07 07:43:10.000
318,LOT-0001-26-ELEK-HD-0067,318,1,,,,,,,2026-10-07 07:43:10.000,,inventory/ams/inventoryPhoto/1711937614WhatsApp_Image_2024-03-28_at_10_19_38_AM.jpeg,,,2026-10-07 07:43:10.000,2026-10-07 07:43:10.000
319,LOT-0001-26-ELEK-HD-0068,319,1,,,,,,,2026-10-07 07:43:10.000,,inventory/ams/inventoryPhoto/1711937694WhatsApp_Image_2024-03-28_at_10_19_38_AM.jpeg,,,2026-10-07 07:43:10.000,2026-10-07 07:43:10.000
320,LOT-0001-26-ELEK-HD-0069,320,1,,,,,,,2026-10-07 07:43:10.000,,inventory/ams/inventoryPhoto/1711937758WhatsApp_Image_2024-03-28_at_10_19_38_AM.jpeg,,,2026-10-07 07:43:10.000,2026-10-07 07:43:10.000
321,LOT-0001-26-ELEK-HD-0070,321,1,,,,,,,2026-10-07 07:43:10.000,,inventory/ams/inventoryPhoto/1738726451AC_SPLIT_DAIKIN.jpeg,,,2026-10-07 07:43:10.000,2026-10-07 07:43:10.000
322,LOT-0001-26-ELEK-HD-0071,322,1,,,,,,,2026-10-07 07:43:10.000,,inventory/ams/inventoryPhoto/1711937884WhatsApp_Image_2024-03-28_at_10_19_38_AM.jpeg,,,2026-10-07 07:43:10.000,2026-10-07 07:43:10.000
323,LOT-0001-26-ELEK-HD-0072,323,1,,,,,,,2026-10-07 07:43:10.000,,inventory/ams/inventoryPhoto/1711937976WhatsApp_Image_2024-03-28_at_10_19_38_AM.jpeg,,,2026-10-07 07:43:10.000,2026-10-07 07:43:10.000
324,LOT-0001-26-ELEK-HD-0073,324,1,,,,,,,2026-10-07 07:43:10.000,,inventory/ams/inventoryPhoto/1711938034WhatsApp_Image_2024-03-28_at_10_19_38_AM.jpeg,,,2026-10-07 07:43:10.000,2026-10-07 07:43:10.000
325,LOT-0001-26-ELEK-HD-0074,325,1,,,,,,,2026-10-07 07:43:10.000,,inventory/ams/inventoryPhoto/1738726428AC_SPLIT_DAIKIN.jpeg,,,2026-10-07 07:43:10.000,2026-10-07 07:43:10.000
326,LOT-0001-26-ELEK-HD-0075,326,1,,,,,,,2026-10-07 07:43:10.000,,inventory/ams/inventoryPhoto/1711938159WhatsApp_Image_2024-03-28_at_10_19_38_AM.jpeg,,,2026-10-07 07:43:10.000,2026-10-07 07:43:10.000
327,LOT-0001-26-ELEK-HD-0076,327,1,,,,,,,2026-10-07 07:43:10.000,,inventory/ams/inventoryPhoto/1738726407AC_SPLIT_DAIKIN.jpeg,,,2026-10-07 07:43:10.000,2026-10-07 07:43:10.000
328,LOT-0001-26-ELEK-HD-0077,328,1,,,,,,,2026-10-07 07:43:10.000,,inventory/ams/inventoryPhoto/1711938331WhatsApp_Image_2024-03-28_at_10_19_38_AM.jpeg,,,2026-10-07 07:43:10.000,2026-10-07 07:43:10.000
329,LOT-0001-26-ELEK-HD-0078,329,1,,,,,,,2026-10-07 07:43:10.000,,inventory/ams/inventoryPhoto/1711938431WhatsApp_Image_2024-03-28_at_10_19_38_AM.jpeg,,,2026-10-07 07:43:10.000,2026-10-07 07:43:10.000
330,LOT-0001-26-ELEK-HD-0079,330,1,,,,,,,2026-10-07 07:43:10.000,,inventory/ams/inventoryPhoto/1738726338AC_SPLIT_DAIKIN.jpeg,,,2026-10-07 07:43:10.000,2026-10-07 07:43:10.000
331,LOT-0001-26-ELEK-HD-0080,331,1,,,,,,,2026-10-07 07:43:10.000,,inventory/ams/inventoryPhoto/1711939446WhatsApp_Image_2024-03-28_at_10_19_38_AM.jpeg,,,2026-10-07 07:43:10.000,2026-10-07 07:43:10.000
332,LOT-0001-26-ELEK-HD-0081,332,1,,,,,,,2026-10-07 07:43:10.000,,inventory/ams/inventoryPhoto/1711939799WhatsApp_Image_2024-03-28_at_10_19_38_AM.jpeg,,,2026-10-07 07:43:10.000,2026-10-07 07:43:10.000
333,LOT-0001-26-ELEK-HD-0082,333,1,,,,,,,2026-10-07 07:43:10.000,,inventory/ams/inventoryPhoto/1738726303AC_SPLIT_DAIKIN.jpeg,,,2026-10-07 07:43:10.000,2026-10-07 07:43:10.000
334,LOT-0001-26-ELEK-HD-0083,334,1,,,,,,,2026-10-07 07:43:10.000,,inventory/ams/inventoryPhoto/1711939989WhatsApp_Image_2024-03-28_at_10_19_38_AM.jpeg,,,2026-10-07 07:43:10.000,2026-10-07 07:43:10.000
335,LOT-0001-26-ELEK-HD-0084,335,1,,,,,,,2026-10-07 07:43:10.000,,inventory/ams/inventoryPhoto/1738726233AC_SPLIT_DAIKIN.jpeg,,,2026-10-07 07:43:10.000,2026-10-07 07:43:10.000
336,LOT-0001-26-ELEK-HD-0085,336,1,,,,,,,2026-10-07 07:43:10.000,,inventory/ams/inventoryPhoto/1711940123WhatsApp_Image_2024-03-28_at_10_19_38_AM.jpeg,,,2026-10-07 07:43:10.000,2026-10-07 07:43:10.000
337,LOT-0001-26-ELEK-HD-0086,337,1,,,,,,,2026-10-07 07:43:10.000,,inventory/ams/inventoryPhoto/1711940375WhatsApp_Image_2024-03-28_at_10_19_38_AM.jpeg,,,2026-10-07 07:43:10.000,2026-10-07 07:43:10.000
338,LOT-0001-26-ELEK-HD-0087,338,1,,,,,,,2026-10-07 07:43:10.000,,inventory/ams/inventoryPhoto/1711940433WhatsApp_Image_2024-03-28_at_10_19_38_AM.jpeg,,,2026-10-07 07:43:10.000,2026-10-07 07:43:10.000
339,LOT-0001-26-ELEK-HD-0088,339,1,,,,,,,2026-10-07 07:43:10.000,,inventory/ams/inventoryPhoto/1764035016Heat_Detector.jpeg,,,2026-10-07 07:43:10.000,2026-10-07 07:43:10.000
340,LOT-0001-26-ELEK-HD-0089,340,1,,,,,,,2026-10-07 07:43:10.000,,inventory/ams/inventoryPhoto/1764035041Heat_Detector.jpeg,,,2026-10-07 07:43:10.000,2026-10-07 07:43:10.000
341,LOT-0001-26-ELEK-HD-0090,341,1,,,,,,,2026-10-07 07:43:10.000,,inventory/ams/inventoryPhoto/1711940965WhatsApp_Image_2024-03-28_at_10_19_38_AM.jpeg,,,2026-10-07 07:43:10.000,2026-10-07 07:43:10.000
342,LOT-0001-26-ELEK-HD-0091,342,1,,,,,,,2026-10-07 07:43:10.000,,inventory/ams/inventoryPhoto/1711941023WhatsApp_Image_2024-03-28_at_10_19_38_AM.jpeg,,,2026-10-07 07:43:10.000,2026-10-07 07:43:10.000
343,LOT-0001-26-ELEK-HD-0092,343,1,,,,,,,2026-10-07 07:43:10.000,,inventory/ams/inventoryPhoto/1726545958Heat_System.jpeg,,,2026-10-07 07:43:10.000,2026-10-07 07:43:10.000
344,LOT-0001-26-ELEK-HD-0093,344,1,,,,,,,2026-10-07 07:43:10.000,,inventory/ams/inventoryPhoto/1739344302Heat_System.jpeg,,,2026-10-07 07:43:10.000,2026-10-07 07:43:10.000
345,LOT-0001-26-ELEK-HD-0094,345,1,,,,,,,2026-10-07 07:43:10.000,,,,,2026-10-07 07:43:10.000,2026-10-07 07:43:10.000
346,LOT-0001-26-ELEK-HD-0095,346,1,,,,,,,2026-10-07 07:43:10.000,,,,,2026-10-07 07:43:10.000,2026-10-07 07:43:10.000
347,LOT-0001-26-ELEK-HD-0096,347,1,,,,,,,2026-10-07 07:43:10.000,,,,,2026-10-07 07:43:10.000,2026-10-07 07:43:10.000
348,LOT-0001-26-ELEK-HD-0097,348,1,,,,,,,2026-10-07 07:43:10.000,,,,,2026-10-07 07:43:10.000,2026-10-07 07:43:10.000
349,LOT-0001-26-ELEK-HD-0098,349,1,,,,,,,2026-10-07 07:43:10.000,,,,,2026-10-07 07:43:10.000,2026-10-07 07:43:10.000
350,LOT-0001-26-ELEK-HD-0099,350,1,,,,,,,2026-10-07 07:43:10.000,,,,,2026-10-07 07:43:10.000,2026-10-07 07:43:10.000
351,LOT-0001-26-ELEK-HD-0100,351,1,,,,,,,2026-10-07 07:43:10.000,,,,,2026-10-07 07:43:10.000,2026-10-07 07:43:10.000
352,LOT-0001-26-ELEK-HD-0101,352,1,,,,,,,2026-10-07 07:43:10.000,,,,,2026-10-07 07:43:10.000,2026-10-07 07:43:10.000
353,LOT-0001-26-ELEK-HD-0102,353,1,,,,,,,2026-10-07 07:43:10.000,,,,,2026-10-07 07:43:10.000,2026-10-07 07:43:10.000
354,LOT-0001-26-ELEK-HD-0103,354,1,,,,,,,2026-10-07 07:43:10.000,,,,,2026-10-07 07:43:10.000,2026-10-07 07:43:10.000
355,LOT-0001-26-ELEK-HD-0104,355,1,,,,,,,2026-10-07 07:43:10.000,,,,,2026-10-07 07:43:10.000,2026-10-07 07:43:10.000
356,LOT-0001-26-ELEK-HD-0105,356,1,,,,,,,2026-10-07 07:43:10.000,,,,,2026-10-07 07:43:10.000,2026-10-07 07:43:10.000
357,LOT-0001-26-ELEK-HD-0106,357,1,,,,,,,2026-10-07 07:43:10.000,,,,,2026-10-07 07:43:10.000,2026-10-07 07:43:10.000
358,LOT-0001-26-ELEK-HD-0107,358,1,,,,,,,2026-10-07 07:43:10.000,,,,,2026-10-07 07:43:10.000,2026-10-07 07:43:10.000
359,LOT-0001-26-ELEK-HD-0108,359,1,,,,,,,2026-10-07 07:43:10.000,,,,,2026-10-07 07:43:10.000,2026-10-07 07:43:10.000
360,LOT-0001-26-ELEK-HD-0109,360,1,,,,,,,2026-10-07 07:43:10.000,,,,,2026-10-07 07:43:10.000,2026-10-07 07:43:10.000
361,LOT-0001-26-ELEK-HD-0110,361,1,,,,,,,2026-10-07 07:43:10.000,,,,,2026-10-07 07:43:10.000,2026-10-07 07:43:10.000
362,LOT-0001-26-ELEK-HD-0111,362,1,,,,,,,2026-10-07 07:43:10.000,,,,,2026-10-07 07:43:10.000,2026-10-07 07:43:10.000
363,LOT-0001-26-ELEK-HD-0112,363,1,,,,,,,2026-10-07 07:43:10.000,,,,,2026-10-07 07:43:10.000,2026-10-07 07:43:10.000
364,LOT-0001-26-ELEK-HD-0113,364,1,,,,,,,2026-10-07 07:43:10.000,,,,,2026-10-07 07:43:10.000,2026-10-07 07:43:10.000
365,LOT-0001-26-ELEK-KUL-0001,365,1,,,,,,,2026-10-07 07:43:10.000,,inventory/ams/inventoryPhoto/1726562481KULKAS.jpeg,,,2026-10-07 07:43:10.000,2026-10-07 07:43:10.000
366,LOT-0001-26-ELEK-KUL-0002,366,1,,,,,,,2026-10-07 07:43:10.000,,,,,2026-10-07 07:43:10.000,2026-10-07 07:43:10.000
367,LOT-0001-26-ELEK-KUL-0003,367,1,,,,,,,2026-10-07 07:43:10.000,,,,,2026-10-07 07:43:10.000,2026-10-07 07:43:10.000
368,LOT-0001-26-ELEK-MD-0001,368,1,,,,,,,2026-10-07 07:43:10.000,,inventory/ams/inventoryPhoto/1730429310FOTO_MULTIGAS_DETECTOR.jpeg,,,2026-10-07 07:43:10.000,2026-10-07 07:43:10.000
369,LOT-0001-26-ELEK-MD-0002,369,1,,,,,,,2026-10-07 07:43:10.000,,,,,2026-10-07 07:43:10.000,2026-10-07 07:43:10.000
370,LOT-0001-26-ELEK-MIC-0001,370,1,,,,,,,2026-10-07 07:43:10.000,,inventory/ams/inventoryPhoto/1714637827WhatsApp_Image_2024-05-02_at_15_11_34.jpeg,,,2026-10-07 07:43:10.000,2026-10-07 07:43:10.000
371,LOT-0001-26-ELEK-MIC-0002,371,1,,,,,,,2026-10-07 07:43:10.000,,inventory/ams/inventoryPhoto/1714637916WhatsApp_Image_2024-05-02_at_15_12_57.jpeg,,,2026-10-07 07:43:10.000,2026-10-07 07:43:10.000
372,LOT-0001-26-ELEK-MK-0001,372,1,,,,,,,2026-10-07 07:43:10.000,,inventory/ams/inventoryPhoto/1710229124WhatsApp_Image_2024-03-01_at_16_40_36.jpeg,,,2026-10-07 07:43:10.000,2026-10-07 07:43:10.000
373,LOT-0001-26-ELEK-MPK-0001,373,1,,,,,,,2026-10-07 07:43:10.000,,inventory/ams/inventoryPhoto/1710229239WhatsApp_Image_2024-03-01_at_16_38_39.jpeg,,,2026-10-07 07:43:10.000,2026-10-07 07:43:10.000
374,LOT-0001-26-ELEK-SD-0001,374,1,,,,,,,2026-10-07 07:43:10.000,,inventory/ams/inventoryPhoto/1738814488SMOKE_DETECTOR.jpeg,,,2026-10-07 07:43:10.000,2026-10-07 07:43:10.000
375,LOT-0001-26-ELEK-SD-0002,375,1,,,,,,,2026-10-07 07:43:10.000,,inventory/ams/inventoryPhoto/1711943873WhatsApp_Image_2024-03-28_at_10_18_55_AM.jpeg,,,2026-10-07 07:43:10.000,2026-10-07 07:43:10.000
376,LOT-0001-26-ELEK-SD-0003,376,1,,,,,,,2026-10-07 07:43:10.000,,inventory/ams/inventoryPhoto/1738814454SMOKE_DETECTOR.jpeg,,,2026-10-07 07:43:10.000,2026-10-07 07:43:10.000
377,LOT-0001-26-ELEK-SD-0004,377,1,,,,,,,2026-10-07 07:43:10.000,,inventory/ams/inventoryPhoto/1738814446SMOKE_DETECTOR.jpeg,,,2026-10-07 07:43:10.000,2026-10-07 07:43:10.000
378,LOT-0001-26-ELEK-SD-0005,378,1,,,,,,,2026-10-07 07:43:10.000,,inventory/ams/inventoryPhoto/1711944124WhatsApp_Image_2024-03-28_at_10_18_55_AM.jpeg,,,2026-10-07 07:43:10.000,2026-10-07 07:43:10.000
379,LOT-0001-26-ELEK-SD-0006,379,1,,,,,,,2026-10-07 07:43:10.000,,inventory/ams/inventoryPhoto/1711944338WhatsApp_Image_2024-03-28_at_10_18_55_AM.jpeg,,,2026-10-07 07:43:10.000,2026-10-07 07:43:10.000
380,LOT-0001-26-ELEK-SD-0007,380,1,,,,,,,2026-10-07 07:43:10.000,,inventory/ams/inventoryPhoto/1711944407WhatsApp_Image_2024-03-28_at_10_18_55_AM.jpeg,,,2026-10-07 07:43:10.000,2026-10-07 07:43:10.000
381,LOT-0001-26-ELEK-SD-0008,381,1,,,,,,,2026-10-07 07:43:10.000,,inventory/ams/inventoryPhoto/1738814397SMOKE_DETECTOR.jpeg,,,2026-10-07 07:43:10.000,2026-10-07 07:43:10.000
382,LOT-0001-26-ELEK-SD-0009,382,1,,,,,,,2026-10-07 07:43:10.000,,inventory/ams/inventoryPhoto/1711944606WhatsApp_Image_2024-03-28_at_10_18_55_AM.jpeg,,,2026-10-07 07:43:10.000,2026-10-07 07:43:10.000
383,LOT-0001-26-ELEK-SD-0010,383,1,,,,,,,2026-10-07 07:43:10.000,,inventory/ams/inventoryPhoto/1711944675WhatsApp_Image_2024-03-28_at_10_18_55_AM.jpeg,,,2026-10-07 07:43:10.000,2026-10-07 07:43:10.000
384,LOT-0001-26-ELEK-SD-0011,384,1,,,,,,,2026-10-07 07:43:10.000,,inventory/ams/inventoryPhoto/1711944732WhatsApp_Image_2024-03-28_at_10_18_55_AM.jpeg,,,2026-10-07 07:43:10.000,2026-10-07 07:43:10.000
385,LOT-0001-26-ELEK-SD-0012,385,1,,,,,,,2026-10-07 07:43:10.000,,inventory/ams/inventoryPhoto/1711944840WhatsApp_Image_2024-03-28_at_10_18_55_AM.jpeg,,,2026-10-07 07:43:10.000,2026-10-07 07:43:10.000
386,LOT-0001-26-ELEK-SD-0013,386,1,,,,,,,2026-10-07 07:43:10.000,,inventory/ams/inventoryPhoto/1711944927WhatsApp_Image_2024-03-28_at_10_18_55_AM.jpeg,,,2026-10-07 07:43:10.000,2026-10-07 07:43:10.000
387,LOT-0001-26-ELEK-SD-0014,387,1,,,,,,,2026-10-07 07:43:10.000,,inventory/ams/inventoryPhoto/1711945096WhatsApp_Image_2024-03-28_at_10_18_55_AM.jpeg,,,2026-10-07 07:43:10.000,2026-10-07 07:43:10.000
388,LOT-0001-26-ELEK-SD-0015,388,1,,,,,,,2026-10-07 07:43:10.000,,inventory/ams/inventoryPhoto/1711945163WhatsApp_Image_2024-03-28_at_10_18_55_AM.jpeg,,,2026-10-07 07:43:10.000,2026-10-07 07:43:10.000
389,LOT-0001-26-ELEK-SD-0016,389,1,,,,,,,2026-10-07 07:43:10.000,,inventory/ams/inventoryPhoto/1711945246WhatsApp_Image_2024-03-28_at_10_18_55_AM.jpeg,,,2026-10-07 07:43:10.000,2026-10-07 07:43:10.000
390,LOT-0001-26-ELEK-SD-0017,390,1,,,,,,,2026-10-07 07:43:10.000,,inventory/ams/inventoryPhoto/1711945349WhatsApp_Image_2024-03-28_at_10_18_55_AM.jpeg,,,2026-10-07 07:43:10.000,2026-10-07 07:43:10.000
391,LOT-0001-26-ELEK-SD-0018,391,1,,,,,,,2026-10-07 07:43:10.000,,inventory/ams/inventoryPhoto/1711945411WhatsApp_Image_2024-03-28_at_10_18_55_AM.jpeg,,,2026-10-07 07:43:10.000,2026-10-07 07:43:10.000
392,LOT-0001-26-ELEK-SD-0019,392,1,,,,,,,2026-10-07 07:43:10.000,,inventory/ams/inventoryPhoto/1711945476WhatsApp_Image_2024-03-28_at_10_18_55_AM.jpeg,,,2026-10-07 07:43:10.000,2026-10-07 07:43:10.000
393,LOT-0001-26-ELEK-SD-0020,393,1,,,,,,,2026-10-07 07:43:10.000,,inventory/ams/inventoryPhoto/1711945723WhatsApp_Image_2024-03-28_at_10_18_55_AM.jpeg,,,2026-10-07 07:43:10.000,2026-10-07 07:43:10.000
394,LOT-0001-26-ELEK-SD-0021,394,1,,,,,,,2026-10-07 07:43:10.000,,inventory/ams/inventoryPhoto/1711945915WhatsApp_Image_2024-03-28_at_10_18_55_AM.jpeg,,,2026-10-07 07:43:10.000,2026-10-07 07:43:10.000
395,LOT-0001-26-ELEK-SD-0022,395,1,,,,,,,2026-10-07 07:43:10.000,,inventory/ams/inventoryPhoto/1711945995WhatsApp_Image_2024-03-28_at_10_18_55_AM.jpeg,,,2026-10-07 07:43:10.000,2026-10-07 07:43:10.000
396,LOT-0001-26-ELEK-SD-0023,396,1,,,,,,,2026-10-07 07:43:10.000,,inventory/ams/inventoryPhoto/1711946080WhatsApp_Image_2024-03-28_at_10_18_55_AM.jpeg,,,2026-10-07 07:43:10.000,2026-10-07 07:43:10.000
397,LOT-0001-26-ELEK-SD-0024,397,1,,,,,,,2026-10-07 07:43:10.000,,inventory/ams/inventoryPhoto/1711946148WhatsApp_Image_2024-03-28_at_10_18_55_AM.jpeg,,,2026-10-07 07:43:10.000,2026-10-07 07:43:10.000
398,LOT-0001-26-ELEK-SD-0025,398,1,,,,,,,2026-10-07 07:43:10.000,,inventory/ams/inventoryPhoto/1711946215WhatsApp_Image_2024-03-28_at_10_18_55_AM.jpeg,,,2026-10-07 07:43:10.000,2026-10-07 07:43:10.000
399,LOT-0001-26-ELEK-SD-0026,399,1,,,,,,,2026-10-07 07:43:10.000,,inventory/ams/inventoryPhoto/1711946322WhatsApp_Image_2024-03-28_at_10_18_55_AM.jpeg,,,2026-10-07 07:43:10.000,2026-10-07 07:43:10.000
400,LOT-0001-26-ELEK-SD-0027,400,1,,,,,,,2026-10-07 07:43:10.000,,inventory/ams/inventoryPhoto/1738814175SMOKE_DETECTOR.jpeg,,,2026-10-07 07:43:10.000,2026-10-07 07:43:10.000
401,LOT-0001-26-ELEK-SD-0028,401,1,,,,,,,2026-10-07 07:43:10.000,,inventory/ams/inventoryPhoto/1738814165SMOKE_DETECTOR.jpeg,,,2026-10-07 07:43:10.000,2026-10-07 07:43:10.000
402,LOT-0001-26-ELEK-SD-0029,402,1,,,,,,,2026-10-07 07:43:10.000,,inventory/ams/inventoryPhoto/1738814152SMOKE_DETECTOR.jpeg,,,2026-10-07 07:43:10.000,2026-10-07 07:43:10.000
403,LOT-0001-26-ELEK-SD-0030,403,1,,,,,,,2026-10-07 07:43:10.000,,inventory/ams/inventoryPhoto/1738814144SMOKE_DETECTOR.jpeg,,,2026-10-07 07:43:10.000,2026-10-07 07:43:10.000
404,LOT-0001-26-ELEK-SD-0031,404,1,,,,,,,2026-10-07 07:43:10.000,,inventory/ams/inventoryPhoto/1711946712WhatsApp_Image_2024-03-28_at_10_18_55_AM.jpeg,,,2026-10-07 07:43:10.000,2026-10-07 07:43:10.000
405,LOT-0001-26-ELEK-SD-0032,405,1,,,,,,,2026-10-07 07:43:10.000,,inventory/ams/inventoryPhoto/1711946793WhatsApp_Image_2024-03-28_at_10_18_55_AM.jpeg,,,2026-10-07 07:43:10.000,2026-10-07 07:43:10.000
406,LOT-0001-26-ELEK-SD-0033,406,1,,,,,,,2026-10-07 07:43:10.000,,inventory/ams/inventoryPhoto/1711946947WhatsApp_Image_2024-03-28_at_10_18_55_AM.jpeg,,,2026-10-07 07:43:10.000,2026-10-07 07:43:10.000
407,LOT-0001-26-ELEK-SD-0034,407,1,,,,,,,2026-10-07 07:43:10.000,,inventory/ams/inventoryPhoto/1711947165WhatsApp_Image_2024-03-28_at_10_18_55_AM.jpeg,,,2026-10-07 07:43:10.000,2026-10-07 07:43:10.000
408,LOT-0001-26-ELEK-SD-0035,408,1,,,,,,,2026-10-07 07:43:10.000,,inventory/ams/inventoryPhoto/1711947462WhatsApp_Image_2024-03-28_at_10_18_55_AM.jpeg,,,2026-10-07 07:43:10.000,2026-10-07 07:43:10.000
409,LOT-0001-26-ELEK-SD-0036,409,1,,,,,,,2026-10-07 07:43:10.000,,inventory/ams/inventoryPhoto/1738814064SMOKE_DETECTOR.jpeg,,,2026-10-07 07:43:10.000,2026-10-07 07:43:10.000
410,LOT-0001-26-ELEK-SD-0037,410,1,,,,,,,2026-10-07 07:43:10.000,,inventory/ams/inventoryPhoto/1738814042SMOKE_DETECTOR.jpeg,,,2026-10-07 07:43:10.000,2026-10-07 07:43:10.000
411,LOT-0001-26-ELEK-SD-0038,411,1,,,,,,,2026-10-07 07:43:10.000,,inventory/ams/inventoryPhoto/1738814056SMOKE_DETECTOR.jpeg,,,2026-10-07 07:43:10.000,2026-10-07 07:43:10.000
412,LOT-0001-26-ELEK-SD-0039,412,1,,,,,,,2026-10-07 07:43:10.000,,inventory/ams/inventoryPhoto/1711947852WhatsApp_Image_2024-03-28_at_10_18_55_AM.jpeg,,,2026-10-07 07:43:10.000,2026-10-07 07:43:10.000
413,LOT-0001-26-ELEK-SD-0040,413,1,,,,,,,2026-10-07 07:43:10.000,,inventory/ams/inventoryPhoto/1726559877SMOKE_DETECTOR.jpeg,,,2026-10-07 07:43:10.000,2026-10-07 07:43:10.000
414,LOT-0001-26-ELEK-SD-0041,414,1,,,,,,,2026-10-07 07:43:10.000,,inventory/ams/inventoryPhoto/1726559875SMOKE_DETECTOR.jpeg,,,2026-10-07 07:43:10.000,2026-10-07 07:43:10.000
415,LOT-0001-26-ELEK-SD-0042,415,1,,,,,,,2026-10-07 07:43:10.000,,inventory/ams/inventoryPhoto/1726559871SMOKE_DETECTOR.jpeg,,,2026-10-07 07:43:10.000,2026-10-07 07:43:10.000
416,LOT-0001-26-ELEK-SD-0043,416,1,,,,,,,2026-10-07 07:43:10.000,,inventory/ams/inventoryPhoto/1772761135Smoke_Detector.jpeg,,,2026-10-07 07:43:10.000,2026-10-07 07:43:10.000
417,LOT-0001-26-ELEK-SD-0044,417,1,,,,,,,2026-10-07 07:43:10.000,,inventory/ams/inventoryPhoto/1772761126Smoke_Detector.jpeg,,,2026-10-07 07:43:10.000,2026-10-07 07:43:10.000
418,LOT-0001-26-ELEK-SD-0045,418,1,,,,,,,2026-10-07 07:43:10.000,,inventory/ams/inventoryPhoto/1772761081Smoke_Detector.jpeg,,,2026-10-07 07:43:10.000,2026-10-07 07:43:10.000
419,LOT-0001-26-ELEK-SD-0046,419,1,,,,,,,2026-10-07 07:43:10.000,,inventory/ams/inventoryPhoto/1772761053Smoke_Detector.jpeg,,,2026-10-07 07:43:10.000,2026-10-07 07:43:10.000
420,LOT-0001-26-ELEK-SD-0047,420,1,,,,,,,2026-10-07 07:43:10.000,,inventory/ams/inventoryPhoto/1783668632WhatsApp_Image_2026-07-03_at_16_47_41.jpeg,,,2026-10-07 07:43:10.000,2026-10-07 07:43:10.000
421,LOT-0001-26-ELEK-SD-0048,421,1,,,,,,,2026-10-07 07:43:10.000,,inventory/ams/inventoryPhoto/1784682713WhatsApp_Image_2026-07-22_at_08_11_24.jpeg,,,2026-10-07 07:43:10.000,2026-10-07 07:43:10.000
422,LOT-0001-26-ELEK-SD-0049,422,1,,,,,,,2026-10-07 07:43:10.000,,,,,2026-10-07 07:43:10.000,2026-10-07 07:43:10.000
423,LOT-0001-26-ELEK-SD-0050,423,1,,,,,,,2026-10-07 07:43:10.000,,,,,2026-10-07 07:43:10.000,2026-10-07 07:43:10.000
424,LOT-0001-26-ELEK-SD-0051,424,1,,,,,,,2026-10-07 07:43:10.000,,,,,2026-10-07 07:43:10.000,2026-10-07 07:43:10.000
425,LOT-0001-26-ELEK-SD-0052,425,1,,,,,,,2026-10-07 07:43:10.000,,,,,2026-10-07 07:43:10.000,2026-10-07 07:43:10.000
426,LOT-0001-26-ELEK-SD-0053,426,1,,,,,,,2026-10-07 07:43:10.000,,,,,2026-10-07 07:43:10.000,2026-10-07 07:43:10.000
427,LOT-0001-26-ELEK-SD-0054,427,1,,,,,,,2026-10-07 07:43:10.000,,,,,2026-10-07 07:43:10.000,2026-10-07 07:43:10.000
428,LOT-0001-26-ELEK-SPE-0001,428,2,,,,,,,2026-10-07 07:43:10.000,,,,,2026-10-07 07:43:10.000,2026-10-07 07:43:10.000
429,LOT-0001-26-ELEK-SPE-0002,429,2,,,,,,,2026-10-07 07:43:10.000,,,,,2026-10-07 07:43:10.000,2026-10-07 07:43:10.000
430,LOT-0001-26-ELEK-SPE-0003,430,1,,,,,,,2026-10-07 07:43:10.000,,,,,2026-10-07 07:43:10.000,2026-10-07 07:43:10.000
431,LOT-0001-26-ELEK-SPE-0004,431,1,,,,,,,2026-10-07 07:43:10.000,,inventory/ams/inventoryPhoto/1726813267SPEAKER_JBL.jpeg,,,2026-10-07 07:43:10.000,2026-10-07 07:43:10.000
432,LOT-0001-26-ELEK-SPE-0005,432,1,,,,,,,2026-10-07 07:43:10.000,,inventory/ams/inventoryPhoto/1726813347SPEAKER_MAXIMUM.jpeg,,,2026-10-07 07:43:10.000,2026-10-07 07:43:10.000
433,LOT-0001-26-ELEK-SPE-0006,433,1,,,,,,,2026-10-07 07:43:10.000,,inventory/ams/inventoryPhoto/1726813296SPEAKER_JBL.jpeg,,,2026-10-07 07:43:10.000,2026-10-07 07:43:10.000
434,LOT-0001-26-ELEK-SPE-0007,434,1,,,,,,,2026-10-07 07:43:10.000,,inventory/ams/inventoryPhoto/1726813435SPEAKER_BOSS.jpeg,,,2026-10-07 07:43:10.000,2026-10-07 07:43:10.000
435,LOT-0001-26-ELEK-SPE-0008,435,1,,,,,,,2026-10-07 07:43:10.000,,inventory/ams/inventoryPhoto/1713493795WhatsApp_Image_2024-03-28_at_09_38_50.jpeg,,,2026-10-07 07:43:10.000,2026-10-07 07:43:10.000
436,LOT-0001-26-ELEK-SPE-0009,436,1,,,,,,,2026-10-07 07:43:10.000,,inventory/ams/inventoryPhoto/1726813241SPEAKER_JBL.jpeg,,,2026-10-07 07:43:10.000,2026-10-07 07:43:10.000
437,LOT-0001-26-ELEK-SPE-0010,437,1,,,,,,,2026-10-07 07:43:10.000,,inventory/ams/inventoryPhoto/1726813238SPEAKER_JBL.jpeg,,,2026-10-07 07:43:10.000,2026-10-07 07:43:10.000
438,LOT-0001-26-ELEK-SPE-0011,438,1,,,,,,,2026-10-07 07:43:10.000,,inventory/ams/inventoryPhoto/1726813231SPEAKER_JBL.jpeg,,,2026-10-07 07:43:10.000,2026-10-07 07:43:10.000
439,LOT-0001-26-ELEK-SPE-0012,439,1,,,,,,,2026-10-07 07:43:10.000,,inventory/ams/inventoryPhoto/1738816671SPEAKER_BOSS.jpeg,,,2026-10-07 07:43:10.000,2026-10-07 07:43:10.000
440,LOT-0001-26-ELEK-SPE-0013,440,1,,,,,,,2026-10-07 07:43:10.000,,inventory/ams/inventoryPhoto/1738816654SPEAKER_BOSS.jpeg,,,2026-10-07 07:43:10.000,2026-10-07 07:43:10.000
441,LOT-0001-26-ELEK-SPE-0014,441,1,,,,,,,2026-10-07 07:43:10.000,,inventory/ams/inventoryPhoto/1728545170SPEAKER_JBL_IFS.jpeg,,,2026-10-07 07:43:10.000,2026-10-07 07:43:10.000
442,LOT-0001-26-ELEK-SPE-0015,442,1,,,,,,,2026-10-07 07:43:10.000,,inventory/ams/inventoryPhoto/1763106675TOA.jpeg,,,2026-10-07 07:43:10.000,2026-10-07 07:43:10.000
443,LOT-0001-26-ELEK-SPR-0001,443,1,,,,,,,2026-10-07 07:43:10.000,,inventory/ams/inventoryPhoto/1712046268WhatsApp_Image_2024-04-01_at_1_37_13_PM.jpeg,,,2026-10-07 07:43:10.000,2026-10-07 07:43:10.000
444,LOT-0001-26-ELEK-SPR-0002,444,1,,,,,,,2026-10-07 07:43:10.000,,inventory/ams/inventoryPhoto/1711954623WhatsApp_Image_2024-04-01_at_1_37_13_PM.jpeg,,,2026-10-07 07:43:10.000,2026-10-07 07:43:10.000
445,LOT-0001-26-ELEK-SPR-0003,445,1,,,,,,,2026-10-07 07:43:10.000,,inventory/ams/inventoryPhoto/1711954679WhatsApp_Image_2024-04-01_at_1_37_13_PM.jpeg,,,2026-10-07 07:43:10.000,2026-10-07 07:43:10.000
446,LOT-0001-26-ELEK-TG-0001,446,1,,,,,,,2026-10-07 07:43:10.000,,,,,2026-10-07 07:43:10.000,2026-10-07 07:43:10.000
447,LOT-0001-26-ELEK-TG-0002,447,1,,,,,,,2026-10-07 07:43:10.000,,,,,2026-10-07 07:43:10.000,2026-10-07 07:43:10.000
448,LOT-0001-26-ELEK-TG-0003,448,1,,,,,,,2026-10-07 07:43:10.000,,,,,2026-10-07 07:43:10.000,2026-10-07 07:43:10.000
449,LOT-0001-26-ELEK-TG-0004,449,1,,,,,,,2026-10-07 07:43:10.000,,,,,2026-10-07 07:43:10.000,2026-10-07 07:43:10.000
450,LOT-0001-26-ELEK-TG-0005,450,1,,,,,,,2026-10-07 07:43:10.000,,,,,2026-10-07 07:43:10.000,2026-10-07 07:43:10.000
451,LOT-0001-26-ELEK-TG-0006,451,1,,,,,,,2026-10-07 07:43:10.000,,,,,2026-10-07 07:43:10.000,2026-10-07 07:43:10.000
452,LOT-0001-26-ELEK-TG-0007,452,1,,,,,,,2026-10-07 07:43:10.000,,,,,2026-10-07 07:43:10.000,2026-10-07 07:43:10.000
453,LOT-0001-26-ELEK-TG-0008,453,1,,,,,,,2026-10-07 07:43:10.000,,,,,2026-10-07 07:43:10.000,2026-10-07 07:43:10.000
454,LOT-0001-26-ELEK-TG-0009,454,1,,,,,,,2026-10-07 07:43:10.000,,,,,2026-10-07 07:43:10.000,2026-10-07 07:43:10.000
455,LOT-0001-26-ELEK-TG-0010,455,1,,,,,,,2026-10-07 07:43:10.000,,,,,2026-10-07 07:43:10.000,2026-10-07 07:43:10.000
456,LOT-0001-26-ELEK-TG-0011,456,1,,,,,,,2026-10-07 07:43:10.000,,inventory/ams/inventoryPhoto/1773283471TOPOGRAFI.jpeg,,,2026-10-07 07:43:10.000,2026-10-07 07:43:10.000
457,LOT-0001-26-ELEK-TV-0001,457,2,,,,,,,2026-10-07 07:43:10.000,,,,,2026-10-07 07:43:10.000,2026-10-07 07:43:10.000
458,LOT-0001-26-ELEK-TV-0002,458,2,,,,,,,2026-10-07 07:43:10.000,,inventory/ams/inventoryPhoto/1601607126kursi_coklt_pendek.jpg,,,2026-10-07 07:43:10.000,2026-10-07 07:43:10.000
459,LOT-0001-26-ELEK-TV-0003,459,1,,,,,,,2026-10-07 07:43:10.000,,inventory/ams/inventoryPhoto/1726627454TV_LG.jpeg,,,2026-10-07 07:43:10.000,2026-10-07 07:43:10.000
460,LOT-0001-26-ELEK-TV-0004,460,2,,,,,,,2026-10-07 07:43:10.000,,,,,2026-10-07 07:43:10.000,2026-10-07 07:43:10.000
461,LOT-0001-26-ELEK-TV-0005,461,1,,,,,,,2026-10-07 07:43:10.000,,inventory/ams/inventoryPhoto/1712284920WhatsApp_Image_2024-04-05_at_8_55_21_AM.jpeg,,,2026-10-07 07:43:10.000,2026-10-07 07:43:10.000
462,LOT-0001-26-ELEK-TV-0006,462,1,,,,,,,2026-10-07 07:43:10.000,,inventory/ams/inventoryPhoto/1712285249WhatsApp_Image_2024-04-05_at_9_25_37_AM_(2).jpeg,,,2026-10-07 07:43:10.000,2026-10-07 07:43:10.000
463,LOT-0001-26-ELEK-TV-0007,463,1,,,,,,,2026-10-07 07:43:10.000,,inventory/ams/inventoryPhoto/1712289128WhatsApp_Image_2024-04-05_at_9_25_37_AM_(2).jpeg,,,2026-10-07 07:43:10.000,2026-10-07 07:43:10.000
464,LOT-0001-26-ELEK-TV-0008,464,1,,,,,,,2026-10-07 07:43:10.000,,inventory/ams/inventoryPhoto/1726627457TV_LG.jpeg,,,2026-10-07 07:43:10.000,2026-10-07 07:43:10.000
465,LOT-0001-26-ELEK-TV-0009,465,1,,,,,,,2026-10-07 07:43:10.000,,inventory/ams/inventoryPhoto/1726627459TV_LG.jpeg,,,2026-10-07 07:43:10.000,2026-10-07 07:43:10.000
466,LOT-0001-26-ELEK-TV-0010,466,1,,,,,,,2026-10-07 07:43:10.000,,inventory/ams/inventoryPhoto/1726627687TV_SAMSUNG.jpeg,,,2026-10-07 07:43:10.000,2026-10-07 07:43:10.000
467,LOT-0001-26-ELEK-TV-0011,467,1,,,,,,,2026-10-07 07:43:10.000,,,,,2026-10-07 07:43:10.000,2026-10-07 07:43:10.000
468,LOT-0001-26-ELEK-TV-0012,468,1,,,,,,,2026-10-07 07:43:10.000,,inventory/ams/inventoryPhoto/1726627445TV_LG.jpeg,,,2026-10-07 07:43:10.000,2026-10-07 07:43:10.000
469,LOT-0001-26-ELEK-TV-0013,469,1,,,,,,,2026-10-07 07:43:10.000,,inventory/ams/inventoryPhoto/1760578982TV_COOCAA.jpeg,,,2026-10-07 07:43:10.000,2026-10-07 07:43:10.000
470,LOT-0001-26-ELEK-TV-0014,470,1,,,,,,,2026-10-07 07:43:10.000,,,,,2026-10-07 07:43:10.000,2026-10-07 07:43:10.000
471,LOT-0001-26-ELEK-TV-0015,471,1,,,,,,,2026-10-07 07:43:10.000,,,,,2026-10-07 07:43:10.000,2026-10-07 07:43:10.000
472,LOT-0001-26-ELEK-TV-0016,472,1,,,,,,,2026-10-07 07:43:10.000,,,,,2026-10-07 07:43:10.000,2026-10-07 07:43:10.000
473,LOT-0001-26-FUR-KK-0001,473,1,,,,,,,2026-10-07 07:43:10.000,,inventory/ams/inventoryPhoto/1726197313kursi_cokelat_jaring.jpeg,,,2026-10-07 07:43:10.000,2026-10-07 07:43:10.000
474,LOT-0001-26-FUR-KK-0002,474,1,,,,,,,2026-10-07 07:43:10.000,,inventory/ams/inventoryPhoto/17140991791.png,,,2026-10-07 07:43:10.000,2026-10-07 07:43:10.000
475,LOT-0001-26-FUR-KK-0003,475,1,,,,,,,2026-10-07 07:43:10.000,,inventory/ams/inventoryPhoto/1726197325kursi_cokelat_jaring.jpeg,,,2026-10-07 07:43:10.000,2026-10-07 07:43:10.000
476,LOT-0001-26-FUR-KK-0004,476,1,,,,,,,2026-10-07 07:43:10.000,,inventory/ams/inventoryPhoto/1726197331kursi_cokelat_jaring.jpeg,,,2026-10-07 07:43:10.000,2026-10-07 07:43:10.000
477,LOT-0001-26-FUR-KK-0005,477,1,,,,,,,2026-10-07 07:43:10.000,,inventory/ams/inventoryPhoto/1603176200KURSI_JARING_HITAM_SAVELLO.jpg,,,2026-10-07 07:43:10.000,2026-10-07 07:43:10.000
478,LOT-0001-26-FUR-KK-0006,478,1,,,,,,,2026-10-07 07:43:10.000,,inventory/ams/inventoryPhoto/1601879871WhatsApp_Image_2020-10-05_at_13_41_12.jpeg,,,2026-10-07 07:43:10.000,2026-10-07 07:43:10.000
479,LOT-0001-26-FUR-KK-0007,479,1,,,,,,,2026-10-07 07:43:10.000,,inventory/ams/inventoryPhoto/1714099628DSC_0011.png,,,2026-10-07 07:43:10.000,2026-10-07 07:43:10.000
480,LOT-0001-26-FUR-KK-0008,480,1,,,,,,,2026-10-07 07:43:10.000,,,,,2026-10-07 07:43:10.000,2026-10-07 07:43:10.000
481,LOT-0001-26-FUR-KK-0009,481,1,,,,,,,2026-10-07 07:43:10.000,,inventory/ams/inventoryPhoto/1602744493Kursi_Kerja_Hitam.jpg,,,2026-10-07 07:43:10.000,2026-10-07 07:43:10.000
482,LOT-0001-26-FUR-KK-0010,482,1,,,,,,,2026-10-07 07:43:10.000,,inventory/ams/inventoryPhoto/1709283446WhatsApp_Image_2024-02-28_at_14_18_19.jpeg,,,2026-10-07 07:43:10.000,2026-10-07 07:43:10.000
483,LOT-0001-26-FUR-KK-0011,483,1,,,,,,,2026-10-07 07:43:10.000,,,,,2026-10-07 07:43:10.000,2026-10-07 07:43:10.000
484,LOT-0001-26-FUR-KK-0012,484,1,,,,,,,2026-10-07 07:43:10.000,,inventory/ams/inventoryPhoto/1603350691KURSI_JARING_HITAM_SAVELLO.jpg,,,2026-10-07 07:43:10.000,2026-10-07 07:43:10.000
485,LOT-0001-26-FUR-KK-0013,485,1,,,,,,,2026-10-07 07:43:10.000,,,,,2026-10-07 07:43:10.000,2026-10-07 07:43:10.000
486,LOT-0001-26-FUR-KK-0014,486,1,,,,,,,2026-10-07 07:43:10.000,,,,,2026-10-07 07:43:10.000,2026-10-07 07:43:10.000
487,LOT-0001-26-FUR-KK-0015,487,1,,,,,,,2026-10-07 07:43:10.000,,inventory/ams/inventoryPhoto/1739506760kursi_cokelat_jaring.jpeg,,,2026-10-07 07:43:10.000,2026-10-07 07:43:10.000
488,LOT-0001-26-FUR-KK-0016,488,1,,,,,,,2026-10-07 07:43:10.000,,inventory/ams/inventoryPhoto/1601869670KURSI_SOFFA_SAVELLO.jpg,,,2026-10-07 07:43:10.000,2026-10-07 07:43:10.000
489,LOT-0001-26-FUR-KK-0017,489,1,,,,,,,2026-10-07 07:43:10.000,,inventory/ams/inventoryPhoto/17140996711.png,,,2026-10-07 07:43:10.000,2026-10-07 07:43:10.000
490,LOT-0001-26-FUR-KK-0018,490,1,,,,,,,2026-10-07 07:43:10.000,,inventory/ams/inventoryPhoto/1714099708DSC_0011.png,,,2026-10-07 07:43:10.000,2026-10-07 07:43:10.000
491,LOT-0001-26-FUR-KK-0019,491,1,,,,,,,2026-10-07 07:43:10.000,,inventory/ams/inventoryPhoto/1714099850DSC_0007.png,,,2026-10-07 07:43:10.000,2026-10-07 07:43:10.000
492,LOT-0001-26-FUR-KK-0020,492,1,,,,,,,2026-10-07 07:43:10.000,,inventory/ams/inventoryPhoto/1602743026Kursi_Kerja_Hitam.jpg,,,2026-10-07 07:43:10.000,2026-10-07 07:43:10.000
493,LOT-0001-26-FUR-KK-0021,493,1,,,,,,,2026-10-07 07:43:10.000,,,,,2026-10-07 07:43:10.000,2026-10-07 07:43:10.000
494,LOT-0001-26-FUR-KK-0022,494,1,,,,,,,2026-10-07 07:43:10.000,,inventory/ams/inventoryPhoto/1601623911Kursi_Kerja_Hitam.jpg,,,2026-10-07 07:43:10.000,2026-10-07 07:43:10.000
495,LOT-0001-26-FUR-KK-0023,495,1,,,,,,,2026-10-07 07:43:10.000,,,,,2026-10-07 07:43:10.000,2026-10-07 07:43:10.000
496,LOT-0001-26-FUR-KK-0024,496,1,,,,,,,2026-10-07 07:43:10.000,,inventory/ams/inventoryPhoto/1601630184kursi_coklt_pendek.jpg,,,2026-10-07 07:43:10.000,2026-10-07 07:43:10.000
497,LOT-0001-26-FUR-KK-0025,497,1,,,,,,,2026-10-07 07:43:10.000,,inventory/ams/inventoryPhoto/1739347826Kursi_Savello_Jaring.jpeg,,,2026-10-07 07:43:10.000,2026-10-07 07:43:10.000
498,LOT-0001-26-FUR-KK-0026,498,1,,,,,,,2026-10-07 07:43:10.000,,inventory/ams/inventoryPhoto/1726197240kursi_cokelat_jaring.jpeg,,,2026-10-07 07:43:10.000,2026-10-07 07:43:10.000
499,LOT-0001-26-FUR-KK-0027,499,1,,,,,,,2026-10-07 07:43:10.000,,inventory/ams/inventoryPhoto/1738233647Kursi_Savello_Jaring.jpeg,,,2026-10-07 07:43:10.000,2026-10-07 07:43:10.000
500,LOT-0001-26-FUR-KK-0028,500,1,,,,,,,2026-10-07 07:43:10.000,,inventory/ams/inventoryPhoto/1739347842Kursi_Savello_Jaring.jpeg,,,2026-10-07 07:43:10.000,2026-10-07 07:43:10.000
501,LOT-0001-26-FUR-KK-0029,501,1,,,,,,,2026-10-07 07:43:10.000,,inventory/ams/inventoryPhoto/1726197215kursi_cokelat_jaring.jpeg,,,2026-10-07 07:43:10.000,2026-10-07 07:43:10.000
502,LOT-0001-26-FUR-KK-0030,502,1,,,,,,,2026-10-07 07:43:10.000,,inventory/ams/inventoryPhoto/1726197198kursi_cokelat_jaring.jpeg,,,2026-10-07 07:43:10.000,2026-10-07 07:43:10.000
503,LOT-0001-26-FUR-KK-0031,503,1,,,,,,,2026-10-07 07:43:10.000,,inventory/ams/inventoryPhoto/1726197192kursi_cokelat_jaring.jpeg,,,2026-10-07 07:43:10.000,2026-10-07 07:43:10.000
504,LOT-0001-26-FUR-KK-0032,504,1,,,,,,,2026-10-07 07:43:10.000,,inventory/ams/inventoryPhoto/1601630895kursi_coklt_pendek.jpg,,,2026-10-07 07:43:10.000,2026-10-07 07:43:10.000
505,LOT-0001-26-FUR-KK-0033,505,1,,,,,,,2026-10-07 07:43:10.000,,,,,2026-10-07 07:43:10.000,2026-10-07 07:43:10.000
506,LOT-0001-26-FUR-KK-0034,506,1,,,,,,,2026-10-07 07:43:10.000,,inventory/ams/inventoryPhoto/1726197151kursi_cokelat_jaring.jpeg,,,2026-10-07 07:43:10.000,2026-10-07 07:43:10.000
507,LOT-0001-26-FUR-KK-0035,507,1,,,,,,,2026-10-07 07:43:10.000,,inventory/ams/inventoryPhoto/1709105567WhatsApp_Image_2024-02-28_at_14_29_47.jpeg,,,2026-10-07 07:43:10.000,2026-10-07 07:43:10.000
508,LOT-0001-26-FUR-KK-0036,508,1,,,,,,,2026-10-07 07:43:10.000,,inventory/ams/inventoryPhoto/1739506766kursi_cokelat_jaring.jpeg,,,2026-10-07 07:43:10.000,2026-10-07 07:43:10.000
509,LOT-0001-26-FUR-KK-0037,509,1,,,,,,,2026-10-07 07:43:10.000,,,,,2026-10-07 07:43:10.000,2026-10-07 07:43:10.000
510,LOT-0001-26-FUR-KK-0038,510,1,,,,,,,2026-10-07 07:43:10.000,,inventory/ams/inventoryPhoto/1741914537kursi_Coklat.jpeg,,,2026-10-07 07:43:10.000,2026-10-07 07:43:10.000
511,LOT-0001-26-FUR-KK-0039,511,1,,,,,,,2026-10-07 07:43:10.000,,inventory/ams/inventoryPhoto/1601629864kursi_coklt_pendek.jpg,,,2026-10-07 07:43:10.000,2026-10-07 07:43:10.000
512,LOT-0001-26-FUR-KK-0040,512,1,,,,,,,2026-10-07 07:43:10.000,,inventory/ams/inventoryPhoto/1709283145WhatsApp_Image_2024-02-28_at_14_18_19.jpeg,,,2026-10-07 07:43:10.000,2026-10-07 07:43:10.000
513,LOT-0001-26-FUR-KK-0041,513,1,,,,,,,2026-10-07 07:43:10.000,,inventory/ams/inventoryPhoto/1726211264Kursi_Pantry.jpeg,,,2026-10-07 07:43:10.000,2026-10-07 07:43:10.000
514,LOT-0001-26-FUR-KK-0042,514,1,,,,,,,2026-10-07 07:43:10.000,,,,,2026-10-07 07:43:10.000,2026-10-07 07:43:10.000
515,LOT-0001-26-FUR-KK-0043,515,1,,,,,,,2026-10-07 07:43:10.000,,inventory/ams/inventoryPhoto/1726196772Kursi_Savello_Jaring.jpeg,,,2026-10-07 07:43:10.000,2026-10-07 07:43:10.000
516,LOT-0001-26-FUR-KK-0044,516,1,,,,,,,2026-10-07 07:43:10.000,,,,,2026-10-07 07:43:10.000,2026-10-07 07:43:10.000
517,LOT-0001-26-FUR-KK-0045,517,1,,,,,,,2026-10-07 07:43:10.000,,inventory/ams/inventoryPhoto/1726196493Kursi_Savello_Jaring.jpeg,,,2026-10-07 07:43:10.000,2026-10-07 07:43:10.000
518,LOT-0001-26-FUR-KK-0046,518,1,,,,,,,2026-10-07 07:43:10.000,,inventory/ams/inventoryPhoto/1726196379Kursi_Savello_Jaring.jpeg,,,2026-10-07 07:43:10.000,2026-10-07 07:43:10.000
519,LOT-0001-26-FUR-KK-0047,519,1,,,,,,,2026-10-07 07:43:10.000,,inventory/ams/inventoryPhoto/1726194910Kursi_Savello_Jaring.jpeg,,,2026-10-07 07:43:10.000,2026-10-07 07:43:10.000
520,LOT-0001-26-FUR-KK-0048,520,1,,,,,,,2026-10-07 07:43:10.000,,inventory/ams/inventoryPhoto/1726194610Kursi_Savello_Jaring.jpeg,,,2026-10-07 07:43:10.000,2026-10-07 07:43:10.000
521,LOT-0001-26-FUR-KK-0049,521,1,,,,,,,2026-10-07 07:43:10.000,,inventory/ams/inventoryPhoto/1726194601Kursi_Savello_Jaring.jpeg,,,2026-10-07 07:43:10.000,2026-10-07 07:43:10.000
522,LOT-0001-26-FUR-KK-0050,522,1,,,,,,,2026-10-07 07:43:10.000,,inventory/ams/inventoryPhoto/1712299056WhatsApp_Image_2024-02-28_at_14_29_47.jpeg,,,2026-10-07 07:43:10.000,2026-10-07 07:43:10.000
523,LOT-0001-26-FUR-KK-0051,523,1,,,,,,,2026-10-07 07:43:10.000,,inventory/ams/inventoryPhoto/1712297671WhatsApp_Image_2024-03-09_at_11_11_53.jpeg,,,2026-10-07 07:43:10.000,2026-10-07 07:43:10.000
524,LOT-0001-26-FUR-KK-0052,524,1,,,,,,,2026-10-07 07:43:10.000,,,,,2026-10-07 07:43:10.000,2026-10-07 07:43:10.000
525,LOT-0001-26-FUR-KK-0053,525,1,,,,,,,2026-10-07 07:43:10.000,,inventory/ams/inventoryPhoto/1603352772LACI_KERJA.jpg,,,2026-10-07 07:43:10.000,2026-10-07 07:43:10.000
526,LOT-0001-26-FUR-KK-0054,526,1,,,,,,,2026-10-07 07:43:10.000,,,,,2026-10-07 07:43:10.000,2026-10-07 07:43:10.000
527,LOT-0001-26-FUR-KK-0055,527,1,,,,,,,2026-10-07 07:43:10.000,,,,,2026-10-07 07:43:10.000,2026-10-07 07:43:10.000
528,LOT-0001-26-FUR-KK-0056,528,1,,,,,,,2026-10-07 07:43:10.000,,,,,2026-10-07 07:43:10.000,2026-10-07 07:43:10.000
529,LOT-0001-26-FUR-KK-0057,529,1,,,,,,,2026-10-07 07:43:10.000,,inventory/ams/inventoryPhoto/1726211860kursi_kerja_uno.jpeg,,,2026-10-07 07:43:10.000,2026-10-07 07:43:10.000
530,LOT-0001-26-FUR-KK-0058,530,1,,,,,,,2026-10-07 07:43:10.000,,inventory/ams/inventoryPhoto/1709279595WhatsApp_Image_2024-02-28_at_14_18_19.jpeg,,,2026-10-07 07:43:10.000,2026-10-07 07:43:10.000
531,LOT-0001-26-FUR-KK-0059,531,1,,,,,,,2026-10-07 07:43:10.000,,inventory/ams/inventoryPhoto/1709279481WhatsApp_Image_2024-02-28_at_14_18_19.jpeg,,,2026-10-07 07:43:10.000,2026-10-07 07:43:10.000
532,LOT-0001-26-FUR-KK-0060,532,1,,,,,,,2026-10-07 07:43:10.000,,inventory/ams/inventoryPhoto/1709279258WhatsApp_Image_2024-02-28_at_14_18_19.jpeg,,,2026-10-07 07:43:10.000,2026-10-07 07:43:10.000
533,LOT-0001-26-FUR-KK-0061,533,1,,,,,,,2026-10-07 07:43:10.000,,inventory/ams/inventoryPhoto/1709279175WhatsApp_Image_2024-02-28_at_14_18_19.jpeg,,,2026-10-07 07:43:10.000,2026-10-07 07:43:10.000
534,LOT-0001-26-FUR-KK-0062,534,1,,,,,,,2026-10-07 07:43:10.000,,inventory/ams/inventoryPhoto/1709279015WhatsApp_Image_2024-02-28_at_14_18_19.jpeg,,,2026-10-07 07:43:10.000,2026-10-07 07:43:10.000
535,LOT-0001-26-FUR-KK-0063,535,1,,,,,,,2026-10-07 07:43:10.000,,inventory/ams/inventoryPhoto/1709278892WhatsApp_Image_2024-02-28_at_14_18_19.jpeg,,,2026-10-07 07:43:10.000,2026-10-07 07:43:10.000
536,LOT-0001-26-FUR-KK-0064,536,1,,,,,,,2026-10-07 07:43:10.000,,inventory/ams/inventoryPhoto/1710260260WhatsApp_Image_2024-03-09_at_11_11_53.jpeg,,,2026-10-07 07:43:10.000,2026-10-07 07:43:10.000
537,LOT-0001-26-FUR-KK-0065,537,1,,,,,,,2026-10-07 07:43:10.000,,inventory/ams/inventoryPhoto/1726211827kursi_kerja_uno.jpeg,,,2026-10-07 07:43:10.000,2026-10-07 07:43:10.000
538,LOT-0001-26-FUR-KK-0066,538,1,,,,,,,2026-10-07 07:43:10.000,,inventory/ams/inventoryPhoto/1726195475Kursi_Savello_Jaring.jpeg,,,2026-10-07 07:43:10.000,2026-10-07 07:43:10.000
539,LOT-0001-26-FUR-KK-0067,539,1,,,,,,,2026-10-07 07:43:10.000,,inventory/ams/inventoryPhoto/1741914552kursi_Coklat.jpeg,,,2026-10-07 07:43:10.000,2026-10-07 07:43:10.000
540,LOT-0001-26-FUR-KK-0068,540,1,,,,,,,2026-10-07 07:43:10.000,,inventory/ams/inventoryPhoto/1709106288WhatsApp_Image_2024-02-28_at_14_29_47.jpeg,,,2026-10-07 07:43:10.000,2026-10-07 07:43:10.000
541,LOT-0001-26-FUR-KK-0069,541,1,,,,,,,2026-10-07 07:43:10.000,,inventory/ams/inventoryPhoto/1741914863kursi_Coklat.jpeg,,,2026-10-07 07:43:10.000,2026-10-07 07:43:10.000
542,LOT-0001-26-FUR-KK-0070,542,1,,,,,,,2026-10-07 07:43:10.000,,inventory/ams/inventoryPhoto/1709283980WhatsApp_Image_2024-02-28_at_14_18_19.jpeg,,,2026-10-07 07:43:10.000,2026-10-07 07:43:10.000
543,LOT-0001-26-FUR-KK-0071,543,1,,,,,,,2026-10-07 07:43:10.000,,inventory/ams/inventoryPhoto/1709283796WhatsApp_Image_2024-02-28_at_14_18_19.jpeg,,,2026-10-07 07:43:10.000,2026-10-07 07:43:10.000
544,LOT-0001-26-FUR-KK-0072,544,1,,,,,,,2026-10-07 07:43:10.000,,inventory/ams/inventoryPhoto/1709283683WhatsApp_Image_2024-02-28_at_14_18_19.jpeg,,,2026-10-07 07:43:10.000,2026-10-07 07:43:10.000
545,LOT-0001-26-FUR-KK-0073,545,1,,,,,,,2026-10-07 07:43:10.000,,inventory/ams/inventoryPhoto/1709283735WhatsApp_Image_2024-02-28_at_14_18_19.jpeg,,,2026-10-07 07:43:10.000,2026-10-07 07:43:10.000
546,LOT-0001-26-FUR-KK-0074,546,1,,,,,,,2026-10-07 07:43:10.000,,inventory/ams/inventoryPhoto/1709280904WhatsApp_Image_2024-02-28_at_14_18_19.jpeg,,,2026-10-07 07:43:10.000,2026-10-07 07:43:10.000
547,LOT-0001-26-FUR-KK-0075,547,1,,,,,,,2026-10-07 07:43:10.000,,,,,2026-10-07 07:43:10.000,2026-10-07 07:43:10.000
548,LOT-0001-26-FUR-KK-0076,548,1,,,,,,,2026-10-07 07:43:10.000,,,,,2026-10-07 07:43:10.000,2026-10-07 07:43:10.000
549,LOT-0001-26-FUR-KK-0077,549,1,,,,,,,2026-10-07 07:43:10.000,,,,,2026-10-07 07:43:10.000,2026-10-07 07:43:10.000
550,LOT-0001-26-FUR-KK-0078,550,1,,,,,,,2026-10-07 07:43:10.000,,,,,2026-10-07 07:43:10.000,2026-10-07 07:43:10.000
551,LOT-0001-26-FUR-KK-0079,551,1,,,,,,,2026-10-07 07:43:10.000,,inventory/ams/inventoryPhoto/1776824512tempat_sampah_rokok.jpeg,,,2026-10-07 07:43:10.000,2026-10-07 07:43:10.000
552,LOT-0001-26-FUR-KK-0080,552,1,,,,,,,2026-10-07 07:43:10.000,,inventory/ams/inventoryPhoto/1601607051Kursi_Kerja_Hitam.jpg,,,2026-10-07 07:43:10.000,2026-10-07 07:43:10.000
553,LOT-0001-26-FUR-KK-0081,553,1,,,,,,,2026-10-07 07:43:10.000,,,,,2026-10-07 07:43:10.000,2026-10-07 07:43:10.000
554,LOT-0001-26-FUR-KK-0082,554,1,,,,,,,2026-10-07 07:43:10.000,,inventory/ams/inventoryPhoto/1714632368DSC_0007.png,,,2026-10-07 07:43:10.000,2026-10-07 07:43:10.000
555,LOT-0001-26-FUR-KK-0083,555,1,,,,,,,2026-10-07 07:43:10.000,,inventory/ams/inventoryPhoto/1714632331DSC_0007.png,,,2026-10-07 07:43:10.000,2026-10-07 07:43:10.000
556,LOT-0001-26-FUR-KK-0084,556,1,,,,,,,2026-10-07 07:43:10.000,,inventory/ams/inventoryPhoto/1726211802kursi_kerja_uno1.jpeg,,,2026-10-07 07:43:10.000,2026-10-07 07:43:10.000
557,LOT-0001-26-FUR-KK-0085,557,1,,,,,,,2026-10-07 07:43:10.000,,inventory/ams/inventoryPhoto/1714632043DSC_0007.png,,,2026-10-07 07:43:10.000,2026-10-07 07:43:10.000
558,LOT-0001-26-FUR-KK-0086,558,1,,,,,,,2026-10-07 07:43:10.000,,,,,2026-10-07 07:43:10.000,2026-10-07 07:43:10.000
559,LOT-0001-26-FUR-KK-0087,559,1,,,,,,,2026-10-07 07:43:10.000,,inventory/ams/inventoryPhoto/1726194302Kursi_Savello_Jaring.jpeg,,,2026-10-07 07:43:10.000,2026-10-07 07:43:10.000
560,LOT-0001-26-FUR-KK-0088,560,1,,,,,,,2026-10-07 07:43:10.000,,inventory/ams/inventoryPhoto/1712283682WhatsApp_Image_2024-02-28_at_14_29_47.jpeg,,,2026-10-07 07:43:10.000,2026-10-07 07:43:10.000
561,LOT-0001-26-FUR-KK-0089,561,1,,,,,,,2026-10-07 07:43:10.000,,inventory/ams/inventoryPhoto/1741914872kursi_Coklat.jpeg,,,2026-10-07 07:43:10.000,2026-10-07 07:43:10.000
562,LOT-0001-26-FUR-KK-0090,562,1,,,,,,,2026-10-07 07:43:10.000,,inventory/ams/inventoryPhoto/1741914881kursi_Coklat.jpeg,,,2026-10-07 07:43:10.000,2026-10-07 07:43:10.000
563,LOT-0001-26-FUR-KK-0091,563,1,,,,,,,2026-10-07 07:43:10.000,,inventory/ams/inventoryPhoto/1737539524Kursi_Savello_Jaring.jpeg,,,2026-10-07 07:43:10.000,2026-10-07 07:43:10.000
564,LOT-0001-26-FUR-KK-0092,564,1,,,,,,,2026-10-07 07:43:10.000,,inventory/ams/inventoryPhoto/1726211764kursi_kerja_uno.jpeg,,,2026-10-07 07:43:10.000,2026-10-07 07:43:10.000
565,LOT-0001-26-FUR-KK-0093,565,1,,,,,,,2026-10-07 07:43:10.000,,inventory/ams/inventoryPhoto/1726211268Kursi_Pantry.jpeg,,,2026-10-07 07:43:10.000,2026-10-07 07:43:10.000
566,LOT-0001-26-FUR-KK-0094,566,1,,,,,,,2026-10-07 07:43:10.000,,inventory/ams/inventoryPhoto/1738899806KURSI_MORELLI.jpeg,,,2026-10-07 07:43:10.000,2026-10-07 07:43:10.000
567,LOT-0001-26-FUR-KK-0095,567,1,,,,,,,2026-10-07 07:43:10.000,,inventory/ams/inventoryPhoto/1738899776KURSI_MORELLI.jpeg,,,2026-10-07 07:43:10.000,2026-10-07 07:43:10.000
568,LOT-0001-26-FUR-KK-0096,568,1,,,,,,,2026-10-07 07:43:10.000,,inventory/ams/inventoryPhoto/1726211235Kursi_Pantry.jpeg,,,2026-10-07 07:43:10.000,2026-10-07 07:43:10.000
569,LOT-0001-26-FUR-KK-0097,569,1,,,,,,,2026-10-07 07:43:10.000,,,,,2026-10-07 07:43:10.000,2026-10-07 07:43:10.000
570,LOT-0001-26-FUR-KK-0098,570,1,,,,,,,2026-10-07 07:43:10.000,,inventory/ams/inventoryPhoto/1739505860kursi_Coklat.jpeg,,,2026-10-07 07:43:10.000,2026-10-07 07:43:10.000
571,LOT-0001-26-FUR-KK-0099,571,1,,,,,,,2026-10-07 07:43:10.000,,,,,2026-10-07 07:43:10.000,2026-10-07 07:43:10.000
572,LOT-0001-26-FUR-KK-0100,572,1,,,,,,,2026-10-07 07:43:10.000,,inventory/ams/inventoryPhoto/1726053089WhatsApp_Image_2024-09-11_at_11_39_29.jpeg,,,2026-10-07 07:43:10.000,2026-10-07 07:43:10.000
573,LOT-0001-26-FUR-KK-0101,573,1,,,,,,,2026-10-07 07:43:10.000,,inventory/ams/inventoryPhoto/1737539794kursi_Coklat.jpeg,,,2026-10-07 07:43:10.000,2026-10-07 07:43:10.000
574,LOT-0001-26-FUR-KK-0102,574,1,,,,,,,2026-10-07 07:43:10.000,,inventory/ams/inventoryPhoto/1739516522kursi_Coklat.jpeg,,,2026-10-07 07:43:10.000,2026-10-07 07:43:10.000
575,LOT-0001-26-FUR-KK-0103,575,1,,,,,,,2026-10-07 07:43:10.000,,inventory/ams/inventoryPhoto/1744343605Kursi_Inco.jpeg,,,2026-10-07 07:43:10.000,2026-10-07 07:43:10.000
576,LOT-0001-26-FUR-KK-0104,576,1,,,,,,,2026-10-07 07:43:10.000,,inventory/ams/inventoryPhoto/1784173300WhatsApp_Image_2026-07-16_at_10_31_14.jpeg,,,2026-10-07 07:43:10.000,2026-10-07 07:43:10.000
577,LOT-0001-26-FUR-KK-0105,577,1,,,,,,,2026-10-07 07:43:10.000,,inventory/ams/inventoryPhoto/1784173361WhatsApp_Image_2026-07-16_at_10_31_56.jpeg,,,2026-10-07 07:43:10.000,2026-10-07 07:43:10.000
578,LOT-0001-26-FUR-KK-0106,578,1,,,,,,,2026-10-07 07:43:10.000,,inventory/ams/inventoryPhoto/1784173583WhatsApp_Image_2026-07-16_at_10_31_56.jpeg,,,2026-10-07 07:43:10.000,2026-10-07 07:43:10.000
579,LOT-0001-26-FUR-KK-0107,579,1,,,,,,,2026-10-07 07:43:10.000,,inventory/ams/inventoryPhoto/1784172345Kursi_Indachi_(Ichsan)_.jpeg,,,2026-10-07 07:43:10.000,2026-10-07 07:43:10.000
580,LOT-0001-26-FUR-KK-0108,580,1,,,,,,,2026-10-07 07:43:10.000,,inventory/ams/inventoryPhoto/1784171979Kursi_Indachi_(Hana).jpeg,,,2026-10-07 07:43:10.000,2026-10-07 07:43:10.000
581,LOT-0001-26-FUR-KP-0001,581,1,,,,,,,2026-10-07 07:43:10.000,,inventory/ams/inventoryPhoto/1726563297KURSI_PLASTIK.jpeg,,,2026-10-07 07:43:10.000,2026-10-07 07:43:10.000
582,LOT-0001-26-FUR-KT-0001,582,1,,,,,,,2026-10-07 07:43:10.000,,inventory/ams/inventoryPhoto/1726714868SOFA.jpeg,,,2026-10-07 07:43:10.000,2026-10-07 07:43:10.000
583,LOT-0001-26-FUR-KT-0002,583,1,,,,,,,2026-10-07 07:43:10.000,,inventory/ams/inventoryPhoto/1726714945SOFA.jpeg,,,2026-10-07 07:43:10.000,2026-10-07 07:43:10.000
584,LOT-0001-26-FUR-KT-0003,584,1,,,,,,,2026-10-07 07:43:10.000,,inventory/ams/inventoryPhoto/1710227027WhatsApp_Image_2024-03-01_at_16_39_04.jpeg,,,2026-10-07 07:43:10.000,2026-10-07 07:43:10.000
585,LOT-0001-26-FUR-KT-0004,585,1,,,,,,,2026-10-07 07:43:10.000,,inventory/ams/inventoryPhoto/1710227350WhatsApp_Image_2024-03-01_at_16_39_04.jpeg,,,2026-10-07 07:43:10.000,2026-10-07 07:43:10.000
586,LOT-0001-26-FUR-KT-0005,586,1,,,,,,,2026-10-07 07:43:10.000,,inventory/ams/inventoryPhoto/1713516650WhatsApp_Image_2024-04-19_at_14_28_34.jpeg,,,2026-10-07 07:43:10.000,2026-10-07 07:43:10.000
587,LOT-0001-26-FUR-KT-0006,587,1,,,,,,,2026-10-07 07:43:10.000,,inventory/ams/inventoryPhoto/1726714915SOFA.jpeg,,,2026-10-07 07:43:10.000,2026-10-07 07:43:10.000
588,LOT-0001-26-FUR-KT-0007,588,1,,,,,,,2026-10-07 07:43:10.000,,inventory/ams/inventoryPhoto/1726714877SOFA.jpeg,,,2026-10-07 07:43:10.000,2026-10-07 07:43:10.000
589,LOT-0001-26-FUR-KT-0008,589,1,,,,,,,2026-10-07 07:43:10.000,,inventory/ams/inventoryPhoto/1726798844kursi_ROTAN.jpeg,,,2026-10-07 07:43:10.000,2026-10-07 07:43:10.000
590,LOT-0001-26-FUR-KT-0009,590,1,,,,,,,2026-10-07 07:43:10.000,,inventory/ams/inventoryPhoto/1726714904SOFA.jpeg,,,2026-10-07 07:43:10.000,2026-10-07 07:43:10.000
591,LOT-0001-26-FUR-KT-0010,591,1,,,,,,,2026-10-07 07:43:10.000,,,,,2026-10-07 07:43:10.000,2026-10-07 07:43:10.000
592,LOT-0001-26-FUR-KT-0011,592,1,,,,,,,2026-10-07 07:43:10.000,,inventory/ams/inventoryPhoto/1726045805WhatsApp_Image_2024-03-01_at_16_39_04.jpeg,,,2026-10-07 07:43:10.000,2026-10-07 07:43:10.000
593,LOT-0001-26-FUR-KT-0012,593,1,,,,,,,2026-10-07 07:43:10.000,,,,,2026-10-07 07:43:10.000,2026-10-07 07:43:10.000
594,LOT-0001-26-FUR-KT-0013,594,1,,,,,,,2026-10-07 07:43:10.000,,,,,2026-10-07 07:43:10.000,2026-10-07 07:43:10.000
595,LOT-0001-26-FUR-KT-0014,595,1,,,,,,,2026-10-07 07:43:10.000,,inventory/ams/inventoryPhoto/1752204680WhatsApp_Image_2025-07-11_at_10_29_07.jpeg,,,2026-10-07 07:43:10.000,2026-10-07 07:43:10.000
596,LOT-0001-26-FUR-LC-0001,596,1,,,,,,,2026-10-07 07:43:10.000,,inventory/ams/inventoryPhoto/1726199937Laci_Kerja.jpeg,,,2026-10-07 07:43:10.000,2026-10-07 07:43:10.000
597,LOT-0001-26-FUR-LC-0002,597,1,,,,,,,2026-10-07 07:43:10.000,,inventory/ams/inventoryPhoto/1726199831Laci_Kerja.jpeg,,,2026-10-07 07:43:10.000,2026-10-07 07:43:10.000
598,LOT-0001-26-FUR-LC-0003,598,1,,,,,,,2026-10-07 07:43:10.000,,inventory/ams/inventoryPhoto/1726199910Laci_Kerja.jpeg,,,2026-10-07 07:43:10.000,2026-10-07 07:43:10.000
599,LOT-0001-26-FUR-LC-0004,599,1,,,,,,,2026-10-07 07:43:10.000,,inventory/ams/inventoryPhoto/1726199923Laci_Kerja.jpeg,,,2026-10-07 07:43:10.000,2026-10-07 07:43:10.000
600,LOT-0001-26-FUR-LC-0005,600,1,,,,,,,2026-10-07 07:43:10.000,,,,,2026-10-07 07:43:10.000,2026-10-07 07:43:10.000
601,LOT-0001-26-FUR-LC-0006,601,1,,,,,,,2026-10-07 07:43:10.000,,inventory/ams/inventoryPhoto/1601863596Kursi_Kerja_Hitam.jpg,,,2026-10-07 07:43:10.000,2026-10-07 07:43:10.000
602,LOT-0001-26-FUR-LC-0007,602,1,,,,,,,2026-10-07 07:43:10.000,,inventory/ams/inventoryPhoto/1726199879Laci_Kerja.jpeg,,,2026-10-07 07:43:10.000,2026-10-07 07:43:10.000
603,LOT-0001-26-FUR-LC-0008,603,1,,,,,,,2026-10-07 07:43:10.000,,,,,2026-10-07 07:43:10.000,2026-10-07 07:43:10.000
604,LOT-0001-26-FUR-LC-0009,604,1,,,,,,,2026-10-07 07:43:10.000,,inventory/ams/inventoryPhoto/1602746852LACI_KERJA.jpg,,,2026-10-07 07:43:10.000,2026-10-07 07:43:10.000
605,LOT-0001-26-FUR-LC-0010,605,1,,,,,,,2026-10-07 07:43:10.000,,inventory/ams/inventoryPhoto/1726199217Laci_Kerja.jpeg,,,2026-10-07 07:43:10.000,2026-10-07 07:43:10.000
606,LOT-0001-26-FUR-LC-0011,606,1,,,,,,,2026-10-07 07:43:10.000,,inventory/ams/inventoryPhoto/1602749475laci-meja-kantor-uno-ump-2165-600x600.jpg,,,2026-10-07 07:43:10.000,2026-10-07 07:43:10.000
607,LOT-0001-26-FUR-LC-0012,607,1,,,,,,,2026-10-07 07:43:10.000,,inventory/ams/inventoryPhoto/1726199064Laci_Kerja.jpeg,,,2026-10-07 07:43:10.000,2026-10-07 07:43:10.000
608,LOT-0001-26-FUR-LC-0013,608,1,,,,,,,2026-10-07 07:43:10.000,,inventory/ams/inventoryPhoto/1601631514laci-meja-kantor-uno-ump-2165-600x600.jpg,,,2026-10-07 07:43:10.000,2026-10-07 07:43:10.000
609,LOT-0001-26-FUR-LC-0014,609,1,,,,,,,2026-10-07 07:43:10.000,,inventory/ams/inventoryPhoto/1601883043LACI_KERJA.jpg,,,2026-10-07 07:43:10.000,2026-10-07 07:43:10.000
610,LOT-0001-26-FUR-LC-0015,610,1,,,,,,,2026-10-07 07:43:10.000,,inventory/ams/inventoryPhoto/1726198965Laci_Kerja.jpeg,,,2026-10-07 07:43:10.000,2026-10-07 07:43:10.000
611,LOT-0001-26-FUR-LC-0016,611,1,,,,,,,2026-10-07 07:43:10.000,,inventory/ams/inventoryPhoto/1726198833Laci_Kerja.jpeg,,,2026-10-07 07:43:10.000,2026-10-07 07:43:10.000
612,LOT-0001-26-FUR-LC-0017,612,1,,,,,,,2026-10-07 07:43:10.000,,,,,2026-10-07 07:43:10.000,2026-10-07 07:43:10.000
613,LOT-0001-26-FUR-LC-0018,613,1,,,,,,,2026-10-07 07:43:10.000,,inventory/ams/inventoryPhoto/1712282750WhatsApp_Image_2024-04-05_at_8_53_48_AM.jpeg,,,2026-10-07 07:43:10.000,2026-10-07 07:43:10.000
614,LOT-0001-26-FUR-LC-0019,614,1,,,,,,,2026-10-07 07:43:10.000,,inventory/ams/inventoryPhoto/1726198757Laci_Kerja.jpeg,,,2026-10-07 07:43:10.000,2026-10-07 07:43:10.000
615,LOT-0001-26-FUR-LC-0020,615,1,,,,,,,2026-10-07 07:43:10.000,,inventory/ams/inventoryPhoto/1726197690Laci_Kerja.jpeg,,,2026-10-07 07:43:10.000,2026-10-07 07:43:10.000
616,LOT-0001-26-FUR-LC-0021,616,1,,,,,,,2026-10-07 07:43:10.000,,inventory/ams/inventoryPhoto/1737545553Laci_Kerja.jpeg,,,2026-10-07 07:43:10.000,2026-10-07 07:43:10.000
617,LOT-0001-26-FUR-LM-0001,617,1,,,,,,,2026-10-07 07:43:10.000,,,,,2026-10-07 07:43:10.000,2026-10-07 07:43:10.000
618,LOT-0001-26-FUR-LM-0002,618,1,,,,,,,2026-10-07 07:43:10.000,,,,,2026-10-07 07:43:10.000,2026-10-07 07:43:10.000
619,LOT-0001-26-FUR-LM-0003,619,1,,,,,,,2026-10-07 07:43:10.000,,,,,2026-10-07 07:43:10.000,2026-10-07 07:43:10.000
620,LOT-0001-26-FUR-LM-0004,620,1,,,,,,,2026-10-07 07:43:10.000,,inventory/ams/inventoryPhoto/1726560155LEMARI_DOCUMEN.jpeg,,,2026-10-07 07:43:10.000,2026-10-07 07:43:10.000
621,LOT-0001-26-FUR-LM-0005,621,1,,,,,,,2026-10-07 07:43:10.000,,inventory/ams/inventoryPhoto/1726560149LEMARI_DOCUMEN.jpeg,,,2026-10-07 07:43:10.000,2026-10-07 07:43:10.000
622,LOT-0001-26-FUR-LM-0006,622,1,,,,,,,2026-10-07 07:43:10.000,,inventory/ams/inventoryPhoto/1726560147LEMARI_DOCUMEN.jpeg,,,2026-10-07 07:43:10.000,2026-10-07 07:43:10.000
623,LOT-0001-26-FUR-LM-0007,623,1,,,,,,,2026-10-07 07:43:10.000,,inventory/ams/inventoryPhoto/1726560137LEMARI_DOCUMEN.jpeg,,,2026-10-07 07:43:10.000,2026-10-07 07:43:10.000
624,LOT-0001-26-FUR-LM-0008,624,1,,,,,,,2026-10-07 07:43:10.000,,,,,2026-10-07 07:43:10.000,2026-10-07 07:43:10.000
625,LOT-0001-26-FUR-LM-0009,625,1,,,,,,,2026-10-07 07:43:10.000,,inventory/ams/inventoryPhoto/1726560143LEMARI_DOCUMEN.jpeg,,,2026-10-07 07:43:10.000,2026-10-07 07:43:10.000
626,LOT-0001-26-FUR-LM-0010,626,1,,,,,,,2026-10-07 07:43:10.000,,inventory/ams/inventoryPhoto/1726560132LEMARI_DOCUMEN.jpeg,,,2026-10-07 07:43:10.000,2026-10-07 07:43:10.000
627,LOT-0001-26-FUR-LM-0011,627,1,,,,,,,2026-10-07 07:43:10.000,,inventory/ams/inventoryPhoto/1603182557lemari-arsip-uno-ust-1580-c-grey.png,,,2026-10-07 07:43:10.000,2026-10-07 07:43:10.000
628,LOT-0001-26-FUR-LM-0012,628,1,,,,,,,2026-10-07 07:43:10.000,,,,,2026-10-07 07:43:10.000,2026-10-07 07:43:10.000
629,LOT-0001-26-FUR-LM-0013,629,1,,,,,,,2026-10-07 07:43:10.000,,inventory/ams/inventoryPhoto/1601623652Screenshot_20201002-111345_Google.jpg,,,2026-10-07 07:43:10.000,2026-10-07 07:43:10.000
630,LOT-0001-26-FUR-LM-0014,630,1,,,,,,,2026-10-07 07:43:10.000,,,,,2026-10-07 07:43:10.000,2026-10-07 07:43:10.000
631,LOT-0001-26-FUR-LM-0015,631,1,,,,,,,2026-10-07 07:43:10.000,,inventory/ams/inventoryPhoto/1601624707Screenshot_20201002-111345_Google.jpg,,,2026-10-07 07:43:10.000,2026-10-07 07:43:10.000
632,LOT-0001-26-FUR-LM-0016,632,1,,,,,,,2026-10-07 07:43:10.000,,inventory/ams/inventoryPhoto/1726560120LEMARI_DOCUMEN.jpeg,,,2026-10-07 07:43:10.000,2026-10-07 07:43:10.000
633,LOT-0001-26-FUR-LM-0017,633,1,,,,,,,2026-10-07 07:43:10.000,,inventory/ams/inventoryPhoto/1726560114LEMARI_DOCUMEN.jpeg,,,2026-10-07 07:43:10.000,2026-10-07 07:43:10.000
634,LOT-0001-26-FUR-LM-0018,634,1,,,,,,,2026-10-07 07:43:10.000,,inventory/ams/inventoryPhoto/1737545676LEMARI_DOCUMEN.jpeg,,,2026-10-07 07:43:10.000,2026-10-07 07:43:10.000
635,LOT-0001-26-FUR-LM-0019,635,1,,,,,,,2026-10-07 07:43:10.000,,inventory/ams/inventoryPhoto/1727670074gerobak_etalase.jpeg,,,2026-10-07 07:43:10.000,2026-10-07 07:43:10.000
636,LOT-0001-26-FUR-LM-0020,636,1,,,,,,,2026-10-07 07:43:10.000,,,,,2026-10-07 07:43:10.000,2026-10-07 07:43:10.000
637,LOT-0001-26-FUR-LM-0021,637,1,,,,,,,2026-10-07 07:43:10.000,,,,,2026-10-07 07:43:10.000,2026-10-07 07:43:10.000
638,LOT-0001-26-FUR-LM-0022,638,1,,,,,,,2026-10-07 07:43:10.000,,inventory/ams/inventoryPhoto/1712282667WhatsApp_Image_2024-04-05_at_9_02_21_AM.jpeg,,,2026-10-07 07:43:10.000,2026-10-07 07:43:10.000
639,LOT-0001-26-FUR-LM-0023,639,1,,,,,,,2026-10-07 07:43:10.000,,inventory/ams/inventoryPhoto/1712288836WhatsApp_Image_2024-04-05_at_9_27_20_AM.jpeg,,,2026-10-07 07:43:10.000,2026-10-07 07:43:10.000
640,LOT-0001-26-FUR-LM-0024,640,1,,,,,,,2026-10-07 07:43:10.000,,inventory/ams/inventoryPhoto/1713518815WhatsApp_Image_2024-04-19_at_14_24_16.jpeg,,,2026-10-07 07:43:10.000,2026-10-07 07:43:10.000
641,LOT-0001-26-FUR-LM-0025,641,1,,,,,,,2026-10-07 07:43:10.000,,inventory/ams/inventoryPhoto/1715167401WhatsApp_Image_2024-05-08_at_18_10_18.jpeg,,,2026-10-07 07:43:10.000,2026-10-07 07:43:10.000
642,LOT-0001-26-FUR-LM-0026,642,1,,,,,,,2026-10-07 07:43:10.000,,,,,2026-10-07 07:43:10.000,2026-10-07 07:43:10.000
643,LOT-0001-26-FUR-LM-0027,643,1,,,,,,,2026-10-07 07:43:10.000,,,,,2026-10-07 07:43:10.000,2026-10-07 07:43:10.000
644,LOT-0001-26-FUR-LM-0028,644,1,,,,,,,2026-10-07 07:43:10.000,,,,,2026-10-07 07:43:10.000,2026-10-07 07:43:10.000
645,LOT-0001-26-FUR-LM-0029,645,1,,,,,,,2026-10-07 07:43:10.000,,inventory/ams/inventoryPhoto/1726560001LEMARI_DOCUMEN.jpeg,,,2026-10-07 07:43:10.000,2026-10-07 07:43:10.000
646,LOT-0001-26-FUR-LM-0030,646,1,,,,,,,2026-10-07 07:43:10.000,,,,,2026-10-07 07:43:10.000,2026-10-07 07:43:10.000
647,LOT-0001-26-FUR-LM-0031,647,1,,,,,,,2026-10-07 07:43:10.000,,,,,2026-10-07 07:43:10.000,2026-10-07 07:43:10.000
648,LOT-0001-26-FUR-LM-0032,648,1,,,,,,,2026-10-07 07:43:10.000,,,,,2026-10-07 07:43:10.000,2026-10-07 07:43:10.000
649,LOT-0001-26-FUR-MB-0001,649,1,,,,,,,2026-10-07 07:43:10.000,,inventory/ams/inventoryPhoto/1713516079WhatsApp_Image_2024-04-19_at_14_26_50.jpeg,,,2026-10-07 07:43:10.000,2026-10-07 07:43:10.000
650,LOT-0001-26-FUR-MB-0002,650,1,,,,,,,2026-10-07 07:43:10.000,,inventory/ams/inventoryPhoto/1726731012MEJA_BUNDAR_KORIDOR.jpeg,,,2026-10-07 07:43:10.000,2026-10-07 07:43:10.000
651,LOT-0001-26-FUR-MB-0003,651,1,,,,,,,2026-10-07 07:43:10.000,,inventory/ams/inventoryPhoto/1726730958MEJA_BUNDAR_KOPERASI.jpeg,,,2026-10-07 07:43:10.000,2026-10-07 07:43:10.000
652,LOT-0001-26-FUR-MB-0004,652,1,,,,,,,2026-10-07 07:43:10.000,,,,,2026-10-07 07:43:10.000,2026-10-07 07:43:10.000
653,LOT-0001-26-FUR-MK-0001,653,1,,,,,,,2026-10-07 07:43:10.000,,inventory/ams/inventoryPhoto/1726801969MEJA_KERJA.jpeg,,,2026-10-07 07:43:10.000,2026-10-07 07:43:10.000
654,LOT-0001-26-FUR-MK-0002,654,1,,,,,,,2026-10-07 07:43:10.000,,,,,2026-10-07 07:43:10.000,2026-10-07 07:43:10.000
655,LOT-0001-26-FUR-MK-0003,655,1,,,,,,,2026-10-07 07:43:10.000,,inventory/ams/inventoryPhoto/1601888261MEJA_LIPAT_PUTIH.jpg,,,2026-10-07 07:43:10.000,2026-10-07 07:43:10.000
656,LOT-0001-26-FUR-MK-0004,656,1,,,,,,,2026-10-07 07:43:10.000,,inventory/ams/inventoryPhoto/1726801483MEJA_KERJA.jpeg,,,2026-10-07 07:43:10.000,2026-10-07 07:43:10.000
657,LOT-0001-26-FUR-MK-0005,657,1,,,,,,,2026-10-07 07:43:10.000,,inventory/ams/inventoryPhoto/17146229445.JPG,,,2026-10-07 07:43:10.000,2026-10-07 07:43:10.000
658,LOT-0001-26-FUR-MK-0006,658,1,,,,,,,2026-10-07 07:43:10.000,,inventory/ams/inventoryPhoto/17140985355.JPG,,,2026-10-07 07:43:10.000,2026-10-07 07:43:10.000
659,LOT-0001-26-FUR-MK-0007,659,1,,,,,,,2026-10-07 07:43:10.000,,inventory/ams/inventoryPhoto/1601888392MEJA_LIPAT_PUTIH.jpg,,,2026-10-07 07:43:10.000,2026-10-07 07:43:10.000
660,LOT-0001-26-FUR-MK-0008,660,1,,,,,,,2026-10-07 07:43:10.000,,,,,2026-10-07 07:43:10.000,2026-10-07 07:43:10.000
661,LOT-0001-26-FUR-MK-0009,661,1,,,,,,,2026-10-07 07:43:10.000,,inventory/ams/inventoryPhoto/1726801426MEJA_KERJA_DEPT.jpeg,,,2026-10-07 07:43:10.000,2026-10-07 07:43:10.000
662,LOT-0001-26-FUR-MK-0010,662,1,,,,,,,2026-10-07 07:43:10.000,,inventory/ams/inventoryPhoto/1726801400MEJA_KERJA_DEPT.jpeg,,,2026-10-07 07:43:10.000,2026-10-07 07:43:10.000
663,LOT-0001-26-FUR-MK-0011,663,1,,,,,,,2026-10-07 07:43:10.000,,inventory/ams/inventoryPhoto/1603161750unnamed.jpg,,,2026-10-07 07:43:10.000,2026-10-07 07:43:10.000
664,LOT-0001-26-FUR-MK-0012,664,1,,,,,,,2026-10-07 07:43:10.000,,inventory/ams/inventoryPhoto/1714099040WhatsApp_Image_2024-02-28_at_14_09_23.jpeg,,,2026-10-07 07:43:10.000,2026-10-07 07:43:10.000
665,LOT-0001-26-FUR-MK-0013,665,1,,,,,,,2026-10-07 07:43:10.000,,inventory/ams/inventoryPhoto/1714099101DSC_0053.JPG,,,2026-10-07 07:43:10.000,2026-10-07 07:43:10.000
666,LOT-0001-26-FUR-MK-0014,666,1,,,,,,,2026-10-07 07:43:10.000,,inventory/ams/inventoryPhoto/1602735045MEJA_KERJA_PARTISI.jpg,,,2026-10-07 07:43:10.000,2026-10-07 07:43:10.000
667,LOT-0001-26-FUR-MK-0015,667,1,,,,,,,2026-10-07 07:43:10.000,,inventory/ams/inventoryPhoto/1709949555WhatsApp_Image_2024-03-09_at_08_36_09.jpeg,,,2026-10-07 07:43:10.000,2026-10-07 07:43:10.000
668,LOT-0001-26-FUR-MK-0016,668,1,,,,,,,2026-10-07 07:43:10.000,,inventory/ams/inventoryPhoto/1709948592WhatsApp_Image_2024-03-09_at_08_36_09.jpeg,,,2026-10-07 07:43:10.000,2026-10-07 07:43:10.000
669,LOT-0001-26-FUR-MK-0017,669,1,,,,,,,2026-10-07 07:43:10.000,,inventory/ams/inventoryPhoto/1726801241MEJA_KERJA_DEPT.jpeg,,,2026-10-07 07:43:10.000,2026-10-07 07:43:10.000
670,LOT-0001-26-FUR-MK-0018,670,1,,,,,,,2026-10-07 07:43:10.000,,inventory/ams/inventoryPhoto/1602730570meja_cream.jpg,,,2026-10-07 07:43:10.000,2026-10-07 07:43:10.000
671,LOT-0001-26-FUR-MK-0019,671,1,,,,,,,2026-10-07 07:43:10.000,,inventory/ams/inventoryPhoto/1710235086WhatsApp_Image_2024-03-09_at_10_13_59.jpeg,,,2026-10-07 07:43:10.000,2026-10-07 07:43:10.000
672,LOT-0001-26-FUR-MK-0020,672,1,,,,,,,2026-10-07 07:43:10.000,,inventory/ams/inventoryPhoto/1710234960WhatsApp_Image_2024-03-09_at_10_13_59.jpeg,,,2026-10-07 07:43:10.000,2026-10-07 07:43:10.000
673,LOT-0001-26-FUR-MK-0021,673,1,,,,,,,2026-10-07 07:43:10.000,,inventory/ams/inventoryPhoto/1602641201images_(4).jpg,,,2026-10-07 07:43:10.000,2026-10-07 07:43:10.000
674,LOT-0001-26-FUR-MK-0022,674,1,,,,,,,2026-10-07 07:43:10.000,,inventory/ams/inventoryPhoto/1603351241images_(4).jpg,,,2026-10-07 07:43:10.000,2026-10-07 07:43:10.000
675,LOT-0001-26-FUR-MK-0023,675,1,,,,,,,2026-10-07 07:43:10.000,,inventory/ams/inventoryPhoto/1603350925images_(4).jpg,,,2026-10-07 07:43:10.000,2026-10-07 07:43:10.000
676,LOT-0001-26-FUR-MK-0024,676,1,,,,,,,2026-10-07 07:43:10.000,,inventory/ams/inventoryPhoto/1603180256unnamed.jpg,,,2026-10-07 07:43:10.000,2026-10-07 07:43:10.000
677,LOT-0001-26-FUR-MK-0025,677,1,,,,,,,2026-10-07 07:43:10.000,,inventory/ams/inventoryPhoto/1709104467WhatsApp_Image_2024-02-28_at_14_09_23.jpeg,,,2026-10-07 07:43:10.000,2026-10-07 07:43:10.000
678,LOT-0001-26-FUR-MK-0026,678,1,,,,,,,2026-10-07 07:43:10.000,,inventory/ams/inventoryPhoto/1601883848images_(4).jpg,,,2026-10-07 07:43:10.000,2026-10-07 07:43:10.000
679,LOT-0001-26-FUR-MK-0027,679,1,,,,,,,2026-10-07 07:43:10.000,,,,,2026-10-07 07:43:10.000,2026-10-07 07:43:10.000
680,LOT-0001-26-FUR-MK-0028,680,1,,,,,,,2026-10-07 07:43:10.000,,inventory/ams/inventoryPhoto/1726801100MEJA_KERJA_DEPT.jpeg,,,2026-10-07 07:43:10.000,2026-10-07 07:43:10.000
681,LOT-0001-26-FUR-MK-0029,681,1,,,,,,,2026-10-07 07:43:10.000,,inventory/ams/inventoryPhoto/1739516706MEJA_LIPAT.jpeg,,,2026-10-07 07:43:10.000,2026-10-07 07:43:10.000
682,LOT-0001-26-FUR-MK-0030,682,1,,,,,,,2026-10-07 07:43:10.000,,,,,2026-10-07 07:43:10.000,2026-10-07 07:43:10.000
683,LOT-0001-26-FUR-MK-0031,683,1,,,,,,,2026-10-07 07:43:10.000,,inventory/ams/inventoryPhoto/1726800820MEJA_KERJA.jpeg,,,2026-10-07 07:43:10.000,2026-10-07 07:43:10.000
684,LOT-0001-26-FUR-MK-0032,684,1,,,,,,,2026-10-07 07:43:10.000,,inventory/ams/inventoryPhoto/1601608677meja_cream.jpg,,,2026-10-07 07:43:10.000,2026-10-07 07:43:10.000
685,LOT-0001-26-FUR-MK-0033,685,1,,,,,,,2026-10-07 07:43:10.000,,inventory/ams/inventoryPhoto/1710233502WhatsApp_Image_2024-02-28_at_14_09_23.jpeg,,,2026-10-07 07:43:10.000,2026-10-07 07:43:10.000
686,LOT-0001-26-FUR-MK-0034,686,1,,,,,,,2026-10-07 07:43:10.000,,inventory/ams/inventoryPhoto/1709104429WhatsApp_Image_2024-02-28_at_14_09_23.jpeg,,,2026-10-07 07:43:10.000,2026-10-07 07:43:10.000
687,LOT-0001-26-FUR-MK-0035,687,1,,,,,,,2026-10-07 07:43:10.000,,,,,2026-10-07 07:43:10.000,2026-10-07 07:43:10.000
688,LOT-0001-26-FUR-MK-0036,688,1,,,,,,,2026-10-07 07:43:10.000,,,,,2026-10-07 07:43:10.000,2026-10-07 07:43:10.000
689,LOT-0001-26-FUR-MK-0037,689,1,,,,,,,2026-10-07 07:43:10.000,,inventory/ams/inventoryPhoto/1714632557WhatsApp_Image_2024-03-09_at_10_10_44.jpeg,,,2026-10-07 07:43:10.000,2026-10-07 07:43:10.000
690,LOT-0001-26-FUR-MK-0038,690,1,,,,,,,2026-10-07 07:43:10.000,,inventory/ams/inventoryPhoto/1710229657WhatsApp_Image_2024-03-09_at_10_10_44.jpeg,,,2026-10-07 07:43:10.000,2026-10-07 07:43:10.000
691,LOT-0001-26-FUR-MK-0039,691,1,,,,,,,2026-10-07 07:43:10.000,,inventory/ams/inventoryPhoto/1726800719MEJA_KERJA.jpeg,,,2026-10-07 07:43:10.000,2026-10-07 07:43:10.000
692,LOT-0001-26-FUR-MK-0040,692,1,,,,,,,2026-10-07 07:43:10.000,,inventory/ams/inventoryPhoto/1709957745WhatsApp_Image_2024-03-09_at_10_10_44.jpeg,,,2026-10-07 07:43:10.000,2026-10-07 07:43:10.000
693,LOT-0001-26-FUR-MK-0041,693,1,,,,,,,2026-10-07 07:43:10.000,,inventory/ams/inventoryPhoto/1713415657WhatsApp_Image_2024-04-18_at_11_46_42.jpeg,,,2026-10-07 07:43:10.000,2026-10-07 07:43:10.000
694,LOT-0001-26-FUR-MK-0042,694,1,,,,,,,2026-10-07 07:43:10.000,,inventory/ams/inventoryPhoto/1713415760WhatsApp_Image_2024-04-18_at_11_46_42.jpeg,,,2026-10-07 07:43:10.000,2026-10-07 07:43:10.000
695,LOT-0001-26-FUR-MK-0043,695,1,,,,,,,2026-10-07 07:43:10.000,,inventory/ams/inventoryPhoto/1713516164WhatsApp_Image_2024-04-19_at_14_25_49.jpeg,,,2026-10-07 07:43:10.000,2026-10-07 07:43:10.000
696,LOT-0001-26-FUR-MK-0044,696,1,,,,,,,2026-10-07 07:43:10.000,,inventory/ams/inventoryPhoto/1715161140WhatsApp_Image_2024-03-09_at_10_11_08.jpeg,,,2026-10-07 07:43:10.000,2026-10-07 07:43:10.000
697,LOT-0001-26-FUR-MK-0045,697,1,,,,,,,2026-10-07 07:43:10.000,,inventory/ams/inventoryPhoto/1715161272WhatsApp_Image_2024-03-09_at_10_11_08.jpeg,,,2026-10-07 07:43:10.000,2026-10-07 07:43:10.000
698,LOT-0001-26-FUR-MK-0046,698,1,,,,,,,2026-10-07 07:43:10.000,,inventory/ams/inventoryPhoto/1726801651MEJA_KERJA.jpeg,,,2026-10-07 07:43:10.000,2026-10-07 07:43:10.000
699,LOT-0001-26-FUR-MK-0047,699,1,,,,,,,2026-10-07 07:43:10.000,,inventory/ams/inventoryPhoto/1726801581MEJA_KERJA.jpeg,,,2026-10-07 07:43:10.000,2026-10-07 07:43:10.000
700,LOT-0001-26-FUR-MK-0048,700,1,,,,,,,2026-10-07 07:43:10.000,,inventory/ams/inventoryPhoto/1726800524MEJA_KERJA.jpeg,,,2026-10-07 07:43:10.000,2026-10-07 07:43:10.000
701,LOT-0001-26-FUR-MK-0049,701,1,,,,,,,2026-10-07 07:43:10.000,,inventory/ams/inventoryPhoto/1726800520MEJA_KERJA.jpeg,,,2026-10-07 07:43:10.000,2026-10-07 07:43:10.000
702,LOT-0001-26-FUR-MK-0050,702,1,,,,,,,2026-10-07 07:43:10.000,,inventory/ams/inventoryPhoto/1726799764MEJA_KERJA.jpeg,,,2026-10-07 07:43:10.000,2026-10-07 07:43:10.000
703,LOT-0001-26-FUR-MK-0051,703,1,,,,,,,2026-10-07 07:43:10.000,,,,,2026-10-07 07:43:10.000,2026-10-07 07:43:10.000
704,LOT-0001-26-FUR-MK-0052,704,1,,,,,,,2026-10-07 07:43:10.000,,inventory/ams/inventoryPhoto/1726801547MEJA_KERJA.jpeg,,,2026-10-07 07:43:10.000,2026-10-07 07:43:10.000
705,LOT-0001-26-FUR-MK-0053,705,1,,,,,,,2026-10-07 07:43:10.000,,,,,2026-10-07 07:43:10.000,2026-10-07 07:43:10.000
706,LOT-0001-26-FUR-MK-0054,706,1,,,,,,,2026-10-07 07:43:10.000,,inventory/ams/inventoryPhoto/1726830259MEJA_LIPAT.jpeg,,,2026-10-07 07:43:10.000,2026-10-07 07:43:10.000
707,LOT-0001-26-FUR-MK-0055,707,1,,,,,,,2026-10-07 07:43:10.000,,,,,2026-10-07 07:43:10.000,2026-10-07 07:43:10.000
708,LOT-0001-26-FUR-MK-0056,708,1,,,,,,,2026-10-07 07:43:10.000,,,,,2026-10-07 07:43:10.000,2026-10-07 07:43:10.000
709,LOT-0001-26-FUR-MK-0057,709,1,,,,,,,2026-10-07 07:43:10.000,,,,,2026-10-07 07:43:10.000,2026-10-07 07:43:10.000
710,LOT-0001-26-FUR-MK-0058,710,1,,,,,,,2026-10-07 07:43:10.000,,,,,2026-10-07 07:43:10.000,2026-10-07 07:43:10.000
711,LOT-0001-26-FUR-MK-0059,711,1,,,,,,,2026-10-07 07:43:10.000,,,,,2026-10-07 07:43:10.000,2026-10-07 07:43:10.000
712,LOT-0001-26-FUR-MK-0060,712,1,,,,,,,2026-10-07 07:43:10.000,,,,,2026-10-07 07:43:10.000,2026-10-07 07:43:10.000
713,LOT-0001-26-FUR-MK-0061,713,1,,,,,,,2026-10-07 07:43:10.000,,,,,2026-10-07 07:43:10.000,2026-10-07 07:43:10.000
714,LOT-0001-26-FUR-MK-0062,714,1,,,,,,,2026-10-07 07:43:10.000,,,,,2026-10-07 07:43:10.000,2026-10-07 07:43:10.000
715,LOT-0001-26-FUR-MK-0063,715,1,,,,,,,2026-10-07 07:43:10.000,,,,,2026-10-07 07:43:10.000,2026-10-07 07:43:10.000
716,LOT-0001-26-FUR-MK-0064,716,1,,,,,,,2026-10-07 07:43:10.000,,,,,2026-10-07 07:43:10.000,2026-10-07 07:43:10.000
717,LOT-0001-26-FUR-MK-0065,717,1,,,,,,,2026-10-07 07:43:10.000,,,,,2026-10-07 07:43:10.000,2026-10-07 07:43:10.000
718,LOT-0001-26-FUR-MK-0066,718,1,,,,,,,2026-10-07 07:43:10.000,,,,,2026-10-07 07:43:10.000,2026-10-07 07:43:10.000
719,LOT-0001-26-FUR-MT-0001,719,1,,,,,,,2026-10-07 07:43:10.000,,inventory/ams/inventoryPhoto/1713518165WhatsApp_Image_2024-04-19_at_14_28_13.jpeg,,,2026-10-07 07:43:10.000,2026-10-07 07:43:10.000
720,LOT-0001-26-FUR-MT-0002,720,1,,,,,,,2026-10-07 07:43:10.000,,inventory/ams/inventoryPhoto/1726801658MEJA_KERJA.jpeg,,,2026-10-07 07:43:10.000,2026-10-07 07:43:10.000
721,LOT-0001-26-FUR-MT-0003,721,1,,,,,,,2026-10-07 07:43:10.000,,inventory/ams/inventoryPhoto/1726798939MEJA_TAMU_ROTAN.jpeg,,,2026-10-07 07:43:10.000,2026-10-07 07:43:10.000
722,LOT-0001-26-FUR-MT-0004,722,1,,,,,,,2026-10-07 07:43:10.000,,,,,2026-10-07 07:43:10.000,2026-10-07 07:43:10.000
723,LOT-0001-26-FUR-MT-0005,723,1,,,,,,,2026-10-07 07:43:10.000,,,,,2026-10-07 07:43:10.000,2026-10-07 07:43:10.000
724,LOT-0001-26-KEND-MO-0001,724,1,,,,,,,2026-10-07 07:43:10.000,,inventory/ams/inventoryPhoto/1779159569WhatsApp_Image_2026-05-19_at_09_57_30.jpeg,,,2026-10-07 07:43:10.000,2026-10-07 07:43:10.000
725,LOT-0001-26-KEND-MO-0002,725,1,,,,,,,2026-10-07 07:43:10.000,,,,,2026-10-07 07:43:10.000,2026-10-07 07:43:10.000
726,LOT-0001-26-MES-GEN-0001,726,1,,,,,,,2026-10-07 07:43:10.000,,,,,2026-10-07 07:43:10.000,2026-10-07 07:43:10.000
727,LOT-0001-26-MES-LIF-0001,727,1,,,,,,,2026-10-07 07:43:10.000,,,,,2026-10-07 07:43:10.000,2026-10-07 07:43:10.000
728,LOT-0001-26-MES-PAN-0001,728,1,,,,,,,2026-10-07 07:43:10.000,,,,,2026-10-07 07:43:10.000,2026-10-07 07:43:10.000
729,LOT-0001-26-MES-PAN-0002,729,1,,,,,,,2026-10-07 07:43:10.000,,inventory/ams/inventoryPhoto/1763377317PANEL_STP.jpeg,,,2026-10-07 07:43:10.000,2026-10-07 07:43:10.000
730,LOT-0001-26-MES-PAN-0003,730,1,,,,,,,2026-10-07 07:43:10.000,,,,,2026-10-07 07:43:10.000,2026-10-07 07:43:10.000
731,LOT-0001-26-MES-PAN-0004,731,1,,,,,,,2026-10-07 07:43:10.000,,,,,2026-10-07 07:43:10.000,2026-10-07 07:43:10.000
732,LOT-0001-26-MES-PAN-0005,732,1,,,,,,,2026-10-07 07:43:10.000,,,,,2026-10-07 07:43:10.000,2026-10-07 07:43:10.000
733,LOT-0001-26-MES-PAN-0006,733,1,,,,,,,2026-10-07 07:43:10.000,,,,,2026-10-07 07:43:10.000,2026-10-07 07:43:10.000
734,LOT-0001-26-MES-PAN-0007,734,1,,,,,,,2026-10-07 07:43:10.000,,,,,2026-10-07 07:43:10.000,2026-10-07 07:43:10.000
735,LOT-0001-26-MES-PAN-0008,735,1,,,,,,,2026-10-07 07:43:10.000,,inventory/ams/inventoryPhoto/1763378372PANEL_LP_02.jpeg,,,2026-10-07 07:43:10.000,2026-10-07 07:43:10.000
736,LOT-0001-26-MES-PAN-0009,736,1,,,,,,,2026-10-07 07:43:10.000,,,,,2026-10-07 07:43:10.000,2026-10-07 07:43:10.000
737,LOT-0001-26-MES-PAN-0010,737,1,,,,,,,2026-10-07 07:43:10.000,,,,,2026-10-07 07:43:10.000,2026-10-07 07:43:10.000
738,LOT-0001-26-MES-PAN-0011,738,1,,,,,,,2026-10-07 07:43:10.000,,,,,2026-10-07 07:43:10.000,2026-10-07 07:43:10.000
739,LOT-0001-26-MES-PAN-0012,739,1,,,,,,,2026-10-07 07:43:10.000,,,,,2026-10-07 07:43:10.000,2026-10-07 07:43:10.000
740,LOT-0001-26-MES-PAN-0013,740,1,,,,,,,2026-10-07 07:43:10.000,,,,,2026-10-07 07:43:10.000,2026-10-07 07:43:10.000
741,LOT-0001-26-MES-PAN-0014,741,1,,,,,,,2026-10-07 07:43:10.000,,,,,2026-10-07 07:43:10.000,2026-10-07 07:43:10.000
742,LOT-0001-26-MES-PAN-0015,742,1,,,,,,,2026-10-07 07:43:10.000,,inventory/ams/inventoryPhoto/1763378580PANEL_LP_02.jpeg,,,2026-10-07 07:43:10.000,2026-10-07 07:43:10.000
743,LOT-0001-26-MES-PAN-0016,743,1,,,,,,,2026-10-07 07:43:10.000,,,,,2026-10-07 07:43:10.000,2026-10-07 07:43:10.000
744,LOT-0001-26-MES-PAN-0017,744,1,,,,,,,2026-10-07 07:43:10.000,,,,,2026-10-07 07:43:10.000,2026-10-07 07:43:10.000
745,LOT-0001-26-MES-PAN-0018,745,1,,,,,,,2026-10-07 07:43:10.000,,,,,2026-10-07 07:43:10.000,2026-10-07 07:43:10.000
746,LOT-0001-26-MES-PAN-0019,746,1,,,,,,,2026-10-07 07:43:10.000,,,,,2026-10-07 07:43:10.000,2026-10-07 07:43:10.000
747,LOT-0001-26-MES-PAN-0020,747,1,,,,,,,2026-10-07 07:43:10.000,,,,,2026-10-07 07:43:10.000,2026-10-07 07:43:10.000
748,LOT-0001-26-MES-PAN-0021,748,1,,,,,,,2026-10-07 07:43:10.000,,,,,2026-10-07 07:43:10.000,2026-10-07 07:43:10.000
749,LOT-0001-26-MES-PAN-0022,749,1,,,,,,,2026-10-07 07:43:10.000,,,,,2026-10-07 07:43:10.000,2026-10-07 07:43:10.000
750,LOT-0001-26-MES-WTH-0001,750,1,,,,,,,2026-10-07 07:43:10.000,,inventory/ams/inventoryPhoto/1764037045Heat_Detector.jpeg,,,2026-10-07 07:43:10.000,2026-10-07 07:43:10.000
751,LOT-0001-26-MON-CRT-0001,751,2,,,,,,,2026-10-07 07:43:10.000,,,,,2026-10-07 07:43:10.000,2026-10-07 07:43:10.000
752,LOT-0001-26-MON-CRT-0002,752,2,,,,,,,2026-10-07 07:43:10.000,,,,,2026-10-07 07:43:10.000,2026-10-07 07:43:10.000
753,LOT-0001-26-MON-CRT-0003,753,2,,,,,,,2026-10-07 07:43:10.000,,,,,2026-10-07 07:43:10.000,2026-10-07 07:43:10.000
754,LOT-0001-26-MON-CRT-0004,754,2,,,,,,,2026-10-07 07:43:10.000,,,,,2026-10-07 07:43:10.000,2026-10-07 07:43:10.000
755,LOT-0001-26-MON-CRT-0005,755,2,,,,,,,2026-10-07 07:43:10.000,,,,,2026-10-07 07:43:10.000,2026-10-07 07:43:10.000
756,LOT-0001-26-MON-CRT-0006,756,2,,,,,,,2026-10-07 07:43:10.000,,,,,2026-10-07 07:43:10.000,2026-10-07 07:43:10.000
757,LOT-0001-26-MON-CRT-0007,757,2,,,,,,,2026-10-07 07:43:10.000,,,,,2026-10-07 07:43:10.000,2026-10-07 07:43:10.000
758,LOT-0001-26-MON-CRT-0008,758,2,,,,,,,2026-10-07 07:43:10.000,,,,,2026-10-07 07:43:10.000,2026-10-07 07:43:10.000
759,LOT-0001-26-MON-LCD-0001,759,2,,,,,,,2026-10-07 07:43:10.000,,,,,2026-10-07 07:43:10.000,2026-10-07 07:43:10.000
760,LOT-0001-26-MON-LCD-0002,760,2,,,,,,,2026-10-07 07:43:10.000,,,,,2026-10-07 07:43:10.000,2026-10-07 07:43:10.000
761,LOT-0001-26-MON-LCD-0003,761,2,,,,,,,2026-10-07 07:43:10.000,,,,,2026-10-07 07:43:10.000,2026-10-07 07:43:10.000
762,LOT-0001-26-MON-LCD-0004,762,2,,,,,,,2026-10-07 07:43:10.000,,,,,2026-10-07 07:43:10.000,2026-10-07 07:43:10.000
763,LOT-0001-26-MON-LCD-0005,763,2,,,,,,,2026-10-07 07:43:10.000,,,,,2026-10-07 07:43:10.000,2026-10-07 07:43:10.000
764,LOT-0001-26-MON-LCD-0006,764,2,,,,,,,2026-10-07 07:43:10.000,,,,,2026-10-07 07:43:10.000,2026-10-07 07:43:10.000
765,LOT-0001-26-MON-LCD-0007,765,2,,,,,,,2026-10-07 07:43:10.000,,,,,2026-10-07 07:43:10.000,2026-10-07 07:43:10.000
766,LOT-0001-26-MON-LCD-0008,766,2,,,,,,,2026-10-07 07:43:10.000,,,,,2026-10-07 07:43:10.000,2026-10-07 07:43:10.000
767,LOT-0001-26-MON-LCD-0009,767,2,,,,,,,2026-10-07 07:43:10.000,,,,,2026-10-07 07:43:10.000,2026-10-07 07:43:10.000
768,LOT-0001-26-MON-LCD-0010,768,2,,,,,,,2026-10-07 07:43:10.000,,,,,2026-10-07 07:43:10.000,2026-10-07 07:43:10.000
769,LOT-0001-26-MON-LCD-0011,769,2,,,,,,,2026-10-07 07:43:10.000,,,,,2026-10-07 07:43:10.000,2026-10-07 07:43:10.000
770,LOT-0001-26-MON-LCD-0012,770,2,,,,,,,2026-10-07 07:43:10.000,,,,,2026-10-07 07:43:10.000,2026-10-07 07:43:10.000
771,LOT-0001-26-MON-LCD-0013,771,2,,,,,,,2026-10-07 07:43:10.000,,,,,2026-10-07 07:43:10.000,2026-10-07 07:43:10.000
772,LOT-0001-26-MON-LCD-0014,772,2,,,,,,,2026-10-07 07:43:10.000,,,,,2026-10-07 07:43:10.000,2026-10-07 07:43:10.000
773,LOT-0001-26-MON-LCD-0015,773,2,,,,,,,2026-10-07 07:43:10.000,,,,,2026-10-07 07:43:10.000,2026-10-07 07:43:10.000
774,LOT-0001-26-MON-LCD-0016,774,2,,,,,,,2026-10-07 07:43:10.000,,,,,2026-10-07 07:43:10.000,2026-10-07 07:43:10.000
775,LOT-0001-26-MON-LCD-0017,775,2,,,,,,,2026-10-07 07:43:10.000,,,,,2026-10-07 07:43:10.000,2026-10-07 07:43:10.000
776,LOT-0001-26-MON-LCD-0018,776,2,,,,,,,2026-10-07 07:43:10.000,,,,,2026-10-07 07:43:10.000,2026-10-07 07:43:10.000
777,LOT-0001-26-MON-LCD-0019,777,2,,,,,,,2026-10-07 07:43:10.000,,,,,2026-10-07 07:43:10.000,2026-10-07 07:43:10.000
778,LOT-0001-26-MON-LCD-0020,778,2,,,,,,,2026-10-07 07:43:10.000,,,,,2026-10-07 07:43:10.000,2026-10-07 07:43:10.000
779,LOT-0001-26-MON-LCD-0021,779,2,,,,,,,2026-10-07 07:43:10.000,,,,,2026-10-07 07:43:10.000,2026-10-07 07:43:10.000
780,LOT-0001-26-MON-LCD-0022,780,2,,,,,,,2026-10-07 07:43:10.000,,,,,2026-10-07 07:43:10.000,2026-10-07 07:43:10.000
781,LOT-0001-26-MON-LCD-0023,781,2,,,,,,,2026-10-07 07:43:10.000,,,,,2026-10-07 07:43:10.000,2026-10-07 07:43:10.000
782,LOT-0001-26-MON-LCD-0024,782,2,,,,,,,2026-10-07 07:43:10.000,,,,,2026-10-07 07:43:10.000,2026-10-07 07:43:10.000
783,LOT-0001-26-MON-LCD-0025,783,2,,,,,,,2026-10-07 07:43:10.000,,,,,2026-10-07 07:43:10.000,2026-10-07 07:43:10.000
784,LOT-0001-26-MON-LCD-0026,784,2,,,,,,,2026-10-07 07:43:10.000,,,,,2026-10-07 07:43:10.000,2026-10-07 07:43:10.000
785,LOT-0001-26-MON-LCD-0027,785,2,,,,,,,2026-10-07 07:43:10.000,,,,,2026-10-07 07:43:10.000,2026-10-07 07:43:10.000
786,LOT-0001-26-MON-LCD-0028,786,2,,,,,,,2026-10-07 07:43:10.000,,,,,2026-10-07 07:43:10.000,2026-10-07 07:43:10.000
787,LOT-0001-26-MON-LCD-0029,787,2,,,,,,,2026-10-07 07:43:10.000,,inventory/ams/inventoryPhoto/1709957994WhatsApp_Image_2024-03-09_at_09_25_35.jpeg,,,2026-10-07 07:43:10.000,2026-10-07 07:43:10.000
788,LOT-0001-26-MON-LCD-0030,788,2,,,,,,,2026-10-07 07:43:10.000,,,,,2026-10-07 07:43:10.000,2026-10-07 07:43:10.000
789,LOT-0001-26-MON-LCD-0031,789,2,,,,,,,2026-10-07 07:43:10.000,,,,,2026-10-07 07:43:10.000,2026-10-07 07:43:10.000
790,LOT-0001-26-MON-LCD-0032,790,2,,,,,,,2026-10-07 07:43:10.000,,,,,2026-10-07 07:43:10.000,2026-10-07 07:43:10.000
791,LOT-0001-26-MON-LCD-0033,791,2,,,,,,,2026-10-07 07:43:10.000,,,,,2026-10-07 07:43:10.000,2026-10-07 07:43:10.000
792,LOT-0001-26-MON-LCD-0034,792,2,,,,,,,2026-10-07 07:43:10.000,,,,,2026-10-07 07:43:10.000,2026-10-07 07:43:10.000
793,LOT-0001-26-MON-LCD-0035,793,2,,,,,,,2026-10-07 07:43:10.000,,inventory/ams/inventoryPhoto/1601611469Doccure.png,,,2026-10-07 07:43:10.000,2026-10-07 07:43:10.000
794,LOT-0001-26-MON-LCD-0036,794,2,,,,,,,2026-10-07 07:43:10.000,,,,,2026-10-07 07:43:10.000,2026-10-07 07:43:10.000
795,LOT-0001-26-MON-LCD-0037,795,2,,,,,,,2026-10-07 07:43:10.000,,,,,2026-10-07 07:43:10.000,2026-10-07 07:43:10.000
796,LOT-0001-26-MON-LCD-0038,796,2,,,,,,,2026-10-07 07:43:10.000,,,,,2026-10-07 07:43:10.000,2026-10-07 07:43:10.000
797,LOT-0001-26-MON-LCD-0039,797,2,,,,,,,2026-10-07 07:43:10.000,,,,,2026-10-07 07:43:10.000,2026-10-07 07:43:10.000
798,LOT-0001-26-MON-LCD-0040,798,2,,,,,,,2026-10-07 07:43:10.000,,,,,2026-10-07 07:43:10.000,2026-10-07 07:43:10.000
799,LOT-0001-26-MON-LCD-0041,799,2,,,,,,,2026-10-07 07:43:10.000,,,,,2026-10-07 07:43:10.000,2026-10-07 07:43:10.000
800,LOT-0001-26-MON-LCD-0042,800,2,,,,,,,2026-10-07 07:43:10.000,,,,,2026-10-07 07:43:10.000,2026-10-07 07:43:10.000
801,LOT-0001-26-MON-LCD-0043,801,1,,,,,,,2026-10-07 07:43:10.000,,,,,2026-10-07 07:43:10.000,2026-10-07 07:43:10.000
802,LOT-0001-26-MON-LCD-0044,802,2,,,,,,,2026-10-07 07:43:10.000,,,,,2026-10-07 07:43:10.000,2026-10-07 07:43:10.000
803,LOT-0001-26-MON-LCD-0045,803,2,,,,,,,2026-10-07 07:43:10.000,,,,,2026-10-07 07:43:10.000,2026-10-07 07:43:10.000
804,LOT-0001-26-MON-LCD-0046,804,2,,,,,,,2026-10-07 07:43:10.000,,,,,2026-10-07 07:43:10.000,2026-10-07 07:43:10.000
805,LOT-0001-26-MON-LCD-0047,805,2,,,,,,,2026-10-07 07:43:10.000,,,,,2026-10-07 07:43:10.000,2026-10-07 07:43:10.000
806,LOT-0001-26-MON-LCD-0048,806,2,,,,,,,2026-10-07 07:43:10.000,,,,,2026-10-07 07:43:10.000,2026-10-07 07:43:10.000
807,LOT-0001-26-MON-LCD-0049,807,2,,,,,,,2026-10-07 07:43:10.000,,,,,2026-10-07 07:43:10.000,2026-10-07 07:43:10.000
808,LOT-0001-26-MON-LCD-0050,808,2,,,,,,,2026-10-07 07:43:10.000,,,,,2026-10-07 07:43:10.000,2026-10-07 07:43:10.000
809,LOT-0001-26-MON-LCD-0051,809,2,,,,,,,2026-10-07 07:43:10.000,,,,,2026-10-07 07:43:10.000,2026-10-07 07:43:10.000
810,LOT-0001-26-PDGR-ACN-0001,810,1,,,,,,,2026-10-07 07:43:10.000,,inventory/ams/inventoryPhoto/1603694309AC_casette.jpg,,,2026-10-07 07:43:10.000,2026-10-07 07:43:10.000
811,LOT-0001-26-PDGR-ACN-0002,811,1,,,,,,,2026-10-07 07:43:10.000,,,,,2026-10-07 07:43:10.000,2026-10-07 07:43:10.000
812,LOT-0001-26-PDGR-ACN-0003,812,1,,,,,,,2026-10-07 07:43:10.000,,,,,2026-10-07 07:43:10.000,2026-10-07 07:43:10.000
813,LOT-0001-26-PDGR-ACN-0004,813,1,,,,,,,2026-10-07 07:43:10.000,,,,,2026-10-07 07:43:10.000,2026-10-07 07:43:10.000
814,LOT-0001-26-PDGR-ACN-0005,814,1,,,,,,,2026-10-07 07:43:10.000,,inventory/ams/inventoryPhoto/1688717945WhatsApp_Image_2023-07-07_at_15_12_33.jpeg,,,2026-10-07 07:43:10.000,2026-10-07 07:43:10.000
815,LOT-0001-26-PDGR-ACP-0001,815,1,,,,,,,2026-10-07 07:43:10.000,,inventory/ams/inventoryPhoto/1603685416AC_AUX_FORTABLE.jpg,,,2026-10-07 07:43:10.000,2026-10-07 07:43:10.000
816,LOT-0001-26-PDGR-ACP-0002,816,1,,,,,,,2026-10-07 07:43:10.000,,,,,2026-10-07 07:43:10.000,2026-10-07 07:43:10.000
817,LOT-0001-26-PDGR-ACP-0003,817,1,,,,,,,2026-10-07 07:43:10.000,,inventory/ams/inventoryPhoto/1726559591AC_FORTABLE_AUX.jpeg,,,2026-10-07 07:43:10.000,2026-10-07 07:43:10.000
818,LOT-0001-26-PDGR-ACP-0004,818,1,,,,,,,2026-10-07 07:43:10.000,,,,,2026-10-07 07:43:10.000,2026-10-07 07:43:10.000
819,LOT-0001-26-PDGR-ACS-0001,819,1,,,,,,,2026-10-07 07:43:10.000,,inventory/ams/inventoryPhoto/170927809841_B.jpeg,,,2026-10-07 07:43:10.000,2026-10-07 07:43:10.000
820,LOT-0001-26-PDGR-ACS-0002,820,1,,,,,,,2026-10-07 07:43:10.000,,inventory/ams/inventoryPhoto/1738816746AC_STANDING.jpeg,,,2026-10-07 07:43:10.000,2026-10-07 07:43:10.000
821,LOT-0001-26-PDGR-ACS-0003,821,1,,,,,,,2026-10-07 07:43:10.000,,,,,2026-10-07 07:43:10.000,2026-10-07 07:43:10.000
822,LOT-0001-26-PDGR-ACSP-0001,822,1,,,,,,,2026-10-07 07:43:10.000,,inventory/ams/inventoryPhoto/1603682136AC_DAIKIN.jpg,,,2026-10-07 07:43:10.000,2026-10-07 07:43:10.000
823,LOT-0001-26-PDGR-ACSP-0002,823,1,,,,,,,2026-10-07 07:43:10.000,,inventory/ams/inventoryPhoto/1603694854AC_DAIKIN.jpg,,,2026-10-07 07:43:10.000,2026-10-07 07:43:10.000
824,LOT-0001-26-PDGR-ACSP-0003,824,1,,,,,,,2026-10-07 07:43:10.000,,inventory/ams/inventoryPhoto/1603679565AC_LG.jpg,,,2026-10-07 07:43:10.000,2026-10-07 07:43:10.000
825,LOT-0001-26-PDGR-ACSP-0004,825,1,,,,,,,2026-10-07 07:43:10.000,,inventory/ams/inventoryPhoto/1603679519AC_DAIKIN.jpg,,,2026-10-07 07:43:10.000,2026-10-07 07:43:10.000
826,LOT-0001-26-PDGR-ACSP-0005,826,1,,,,,,,2026-10-07 07:43:10.000,,inventory/ams/inventoryPhoto/1603694361AC_DAIKIN.jpg,,,2026-10-07 07:43:10.000,2026-10-07 07:43:10.000
827,LOT-0001-26-PDGR-ACSP-0006,827,1,,,,,,,2026-10-07 07:43:10.000,,inventory/ams/inventoryPhoto/1603694954AC_DAIKIN.jpg,,,2026-10-07 07:43:10.000,2026-10-07 07:43:10.000
828,LOT-0001-26-PDGR-ACSP-0007,828,1,,,,,,,2026-10-07 07:43:10.000,,inventory/ams/inventoryPhoto/1726559186AC_SPLIT_PANASONIC.jpeg,,,2026-10-07 07:43:10.000,2026-10-07 07:43:10.000
829,LOT-0001-26-PDGR-ACSP-0008,829,1,,,,,,,2026-10-07 07:43:10.000,,inventory/ams/inventoryPhoto/1726559171AC_SPLIT_PANASONIC.jpeg,,,2026-10-07 07:43:10.000,2026-10-07 07:43:10.000
830,LOT-0001-26-PDGR-ACSP-0009,830,1,,,,,,,2026-10-07 07:43:10.000,,inventory/ams/inventoryPhoto/1686644567Daikin_HSE.jpeg,,,2026-10-07 07:43:10.000,2026-10-07 07:43:10.000
831,LOT-0001-26-PDGR-ACSP-0010,831,1,,,,,,,2026-10-07 07:43:10.000,,inventory/ams/inventoryPhoto/1686644729ppc_2.jpeg,,,2026-10-07 07:43:10.000,2026-10-07 07:43:10.000
832,LOT-0001-26-PDGR-ACSP-0011,832,1,,,,,,,2026-10-07 07:43:10.000,,inventory/ams/inventoryPhoto/1726558967AC_SPLIT_DAIKIN.jpeg,,,2026-10-07 07:43:10.000,2026-10-07 07:43:10.000
833,LOT-0001-26-PDGR-ACSP-0012,833,1,,,,,,,2026-10-07 07:43:10.000,,inventory/ams/inventoryPhoto/1686644631Daikin_HSE.jpeg,,,2026-10-07 07:43:10.000,2026-10-07 07:43:10.000
834,LOT-0001-26-PDGR-ACSP-0013,834,1,,,,,,,2026-10-07 07:43:10.000,,inventory/ams/inventoryPhoto/1726558963AC_SPLIT_DAIKIN.jpeg,,,2026-10-07 07:43:10.000,2026-10-07 07:43:10.000
835,LOT-0001-26-PDGR-ACSP-0014,835,1,,,,,,,2026-10-07 07:43:10.000,,inventory/ams/inventoryPhoto/1726558959AC_SPLIT_DAIKIN.jpeg,,,2026-10-07 07:43:10.000,2026-10-07 07:43:10.000
836,LOT-0001-26-PDGR-ACSP-0015,836,1,,,,,,,2026-10-07 07:43:10.000,,inventory/ams/inventoryPhoto/1726558950AC_SPLIT_DAIKIN.jpeg,,,2026-10-07 07:43:10.000,2026-10-07 07:43:10.000
837,LOT-0001-26-PDGR-ACSP-0016,837,1,,,,,,,2026-10-07 07:43:10.000,,inventory/ams/inventoryPhoto/1726558939AC_SPLIT_DAIKIN.jpeg,,,2026-10-07 07:43:10.000,2026-10-07 07:43:10.000
838,LOT-0001-26-PDGR-ACSP-0017,838,1,,,,,,,2026-10-07 07:43:10.000,,inventory/ams/inventoryPhoto/1726558866AC_SPLIT_DAIKIN.jpeg,,,2026-10-07 07:43:10.000,2026-10-07 07:43:10.000
839,LOT-0001-26-PDGR-ACSP-0018,839,1,,,,,,,2026-10-07 07:43:10.000,,inventory/ams/inventoryPhoto/1726559150AC_SPLIT_PANASONIC.jpeg,,,2026-10-07 07:43:10.000,2026-10-07 07:43:10.000
840,LOT-0001-26-PDGR-ACSP-0019,840,1,,,,,,,2026-10-07 07:43:10.000,,,,,2026-10-07 07:43:10.000,2026-10-07 07:43:10.000
841,LOT-0001-26-PDGR-ACSP-0020,841,1,,,,,,,2026-10-07 07:43:10.000,,,,,2026-10-07 07:43:10.000,2026-10-07 07:43:10.000
842,LOT-0001-26-PDGR-ACSP-0021,842,1,,,,,,,2026-10-07 07:43:10.000,,inventory/ams/inventoryPhoto/1726558928AC_SPLIT_DAIKIN.jpeg,,,2026-10-07 07:43:10.000,2026-10-07 07:43:10.000
843,LOT-0001-26-PDGR-ACSP-0022,843,1,,,,,,,2026-10-07 07:43:10.000,,inventory/ams/inventoryPhoto/1726558916AC_SPLIT_DAIKIN.jpeg,,,2026-10-07 07:43:10.000,2026-10-07 07:43:10.000
844,LOT-0001-26-PDGR-ACSP-0023,844,1,,,,,,,2026-10-07 07:43:10.000,,inventory/ams/inventoryPhoto/1726558913AC_SPLIT_DAIKIN.jpeg,,,2026-10-07 07:43:10.000,2026-10-07 07:43:10.000
845,LOT-0001-26-PDGR-ACSP-0024,845,1,,,,,,,2026-10-07 07:43:10.000,,inventory/ams/inventoryPhoto/1726558895AC_SPLIT_DAIKIN.jpeg,,,2026-10-07 07:43:10.000,2026-10-07 07:43:10.000
846,LOT-0001-26-PDGR-ACSP-0025,846,1,,,,,,,2026-10-07 07:43:10.000,,inventory/ams/inventoryPhoto/1726558886AC_SPLIT_DAIKIN.jpeg,,,2026-10-07 07:43:10.000,2026-10-07 07:43:10.000
847,LOT-0001-26-PDGR-ACSP-0026,847,1,,,,,,,2026-10-07 07:43:10.000,,,,,2026-10-07 07:43:10.000,2026-10-07 07:43:10.000
848,LOT-0001-26-PDGR-ACSP-0027,848,1,,,,,,,2026-10-07 07:43:10.000,,inventory/ams/inventoryPhoto/1726558762AC_SPLIT_DAIKIN.jpeg,,,2026-10-07 07:43:10.000,2026-10-07 07:43:10.000
849,LOT-0001-26-PDGR-ACSP-0028,849,1,,,,,,,2026-10-07 07:43:10.000,,inventory/ams/inventoryPhoto/1726558862AC_SPLIT_DAIKIN.jpeg,,,2026-10-07 07:43:10.000,2026-10-07 07:43:10.000
850,LOT-0001-26-PDGR-ACSP-0029,850,1,,,,,,,2026-10-07 07:43:10.000,,,,,2026-10-07 07:43:10.000,2026-10-07 07:43:10.000
851,LOT-0001-26-PDGR-ACSP-0030,851,1,,,,,,,2026-10-07 07:43:10.000,,inventory/ams/inventoryPhoto/1726558857AC_SPLIT_DAIKIN.jpeg,,,2026-10-07 07:43:10.000,2026-10-07 07:43:10.000
852,LOT-0001-26-PDGR-ACSP-0031,852,1,,,,,,,2026-10-07 07:43:10.000,,inventory/ams/inventoryPhoto/1726558849AC_SPLIT_DAIKIN.jpeg,,,2026-10-07 07:43:10.000,2026-10-07 07:43:10.000
853,LOT-0001-26-PDGR-ACSP-0032,853,1,,,,,,,2026-10-07 07:43:10.000,,inventory/ams/inventoryPhoto/1726558832AC_SPLIT_DAIKIN.jpeg,,,2026-10-07 07:43:10.000,2026-10-07 07:43:10.000
854,LOT-0001-26-PDGR-ACSP-0033,854,1,,,,,,,2026-10-07 07:43:10.000,,,,,2026-10-07 07:43:10.000,2026-10-07 07:43:10.000
855,LOT-0001-26-PDGR-ACSP-0034,855,1,,,,,,,2026-10-07 07:43:10.000,,inventory/ams/inventoryPhoto/1726558807AC_SPLIT_DAIKIN.jpeg,,,2026-10-07 07:43:10.000,2026-10-07 07:43:10.000
856,LOT-0001-26-PDGR-ACSP-0035,856,1,,,,,,,2026-10-07 07:43:10.000,,inventory/ams/inventoryPhoto/1726558797AC_SPLIT_DAIKIN.jpeg,,,2026-10-07 07:43:10.000,2026-10-07 07:43:10.000
857,LOT-0001-26-PDGR-ACSP-0036,857,1,,,,,,,2026-10-07 07:43:10.000,,inventory/ams/inventoryPhoto/1726558788AC_SPLIT_DAIKIN.jpeg,,,2026-10-07 07:43:10.000,2026-10-07 07:43:10.000
858,LOT-0001-26-PDGR-ACSP-0037,858,1,,,,,,,2026-10-07 07:43:10.000,,inventory/ams/inventoryPhoto/1726558792AC_SPLIT_DAIKIN.jpeg,,,2026-10-07 07:43:10.000,2026-10-07 07:43:10.000
859,LOT-0001-26-PDGR-ACSP-0038,859,1,,,,,,,2026-10-07 07:43:10.000,,inventory/ams/inventoryPhoto/1726558780AC_SPLIT_DAIKIN.jpeg,,,2026-10-07 07:43:10.000,2026-10-07 07:43:10.000
860,LOT-0001-26-PDGR-ACSP-0039,860,1,,,,,,,2026-10-07 07:43:10.000,,inventory/ams/inventoryPhoto/1726559137AC_SPLIT_PANASONIC.jpeg,,,2026-10-07 07:43:10.000,2026-10-07 07:43:10.000
861,LOT-0001-26-PDGR-ACSP-0040,861,1,,,,,,,2026-10-07 07:43:10.000,,inventory/ams/inventoryPhoto/1726559140AC_SPLIT_PANASONIC.jpeg,,,2026-10-07 07:43:10.000,2026-10-07 07:43:10.000
862,LOT-0001-26-PDGR-ACSP-0041,862,1,,,,,,,2026-10-07 07:43:10.000,,inventory/ams/inventoryPhoto/1726559133AC_SPLIT_PANASONIC.jpeg,,,2026-10-07 07:43:10.000,2026-10-07 07:43:10.000
863,LOT-0001-26-PDGR-ACSP-0042,863,1,,,,,,,2026-10-07 07:43:10.000,,inventory/ams/inventoryPhoto/1726558746AC_SPLIT_DAIKIN.jpeg,,,2026-10-07 07:43:10.000,2026-10-07 07:43:10.000
864,LOT-0001-26-PDGR-ACSP-0043,864,1,,,,,,,2026-10-07 07:43:10.000,,,,,2026-10-07 07:43:10.000,2026-10-07 07:43:10.000
865,LOT-0001-26-PDGR-ACSP-0044,865,1,,,,,,,2026-10-07 07:43:10.000,,inventory/ams/inventoryPhoto/1726559130AC_SPLIT_PANASONIC.jpeg,,,2026-10-07 07:43:10.000,2026-10-07 07:43:10.000
866,LOT-0001-26-PDGR-ACSP-0045,866,1,,,,,,,2026-10-07 07:43:10.000,,,,,2026-10-07 07:43:10.000,2026-10-07 07:43:10.000
867,LOT-0001-26-PDGR-ACSP-0046,867,1,,,,,,,2026-10-07 07:43:10.000,,inventory/ams/inventoryPhoto/1726558735AC_SPLIT_DAIKIN.jpeg,,,2026-10-07 07:43:10.000,2026-10-07 07:43:10.000
868,LOT-0001-26-PDGR-ACSP-0047,868,1,,,,,,,2026-10-07 07:43:10.000,,,,,2026-10-07 07:43:10.000,2026-10-07 07:43:10.000
869,LOT-0001-26-PDGR-ACSP-0048,869,1,,,,,,,2026-10-07 07:43:10.000,,inventory/ams/inventoryPhoto/1738721691AC_SPLIT_DAIKIN.jpeg,,,2026-10-07 07:43:10.000,2026-10-07 07:43:10.000
870,LOT-0001-26-PDGR-ACSP-0049,870,1,,,,,,,2026-10-07 07:43:10.000,,inventory/ams/inventoryPhoto/1726559126AC_SPLIT_PANASONIC.jpeg,,,2026-10-07 07:43:10.000,2026-10-07 07:43:10.000
871,LOT-0001-26-PDGR-ACSP-0050,871,1,,,,,,,2026-10-07 07:43:10.000,,inventory/ams/inventoryPhoto/1726558697AC_SPLIT_DAIKIN.jpeg,,,2026-10-07 07:43:10.000,2026-10-07 07:43:10.000
872,LOT-0001-26-PDGR-ACSP-0051,872,1,,,,,,,2026-10-07 07:43:10.000,,,,,2026-10-07 07:43:10.000,2026-10-07 07:43:10.000
873,LOT-0001-26-PDGR-ACSP-0052,873,1,,,,,,,2026-10-07 07:43:10.000,,,,,2026-10-07 07:43:10.000,2026-10-07 07:43:10.000
874,LOT-0001-26-PDGR-AHU-0001,874,1,,,,,,,2026-10-07 07:43:10.000,,,,,2026-10-07 07:43:10.000,2026-10-07 07:43:10.000
875,LOT-0001-26-PDGR-AHU-0002,875,1,,,,,,,2026-10-07 07:43:10.000,,,,,2026-10-07 07:43:10.000,2026-10-07 07:43:10.000
876,LOT-0001-26-PERP-ACCN-0001,876,2,,,,,,,2026-10-07 07:43:10.000,,,,,2026-10-07 07:43:10.000,2026-10-07 07:43:10.000
877,LOT-0001-26-PERP-ACCN-0002,877,2,,,,,,,2026-10-07 07:43:10.000,,,,,2026-10-07 07:43:10.000,2026-10-07 07:43:10.000
878,LOT-0001-26-PERP-ACCS-0001,878,2,,,,,,,2026-10-07 07:43:10.000,,,,,2026-10-07 07:43:10.000,2026-10-07 07:43:10.000
879,LOT-0001-26-PERP-ACCS-0002,879,2,,,,,,,2026-10-07 07:43:10.000,,,,,2026-10-07 07:43:10.000,2026-10-07 07:43:10.000
880,LOT-0001-26-PERP-ACCS-0003,880,1,,,,,,,2026-10-07 07:43:10.000,,,,,2026-10-07 07:43:10.000,2026-10-07 07:43:10.000
881,LOT-0001-26-PERP-CAM-0001,881,2,,,,,,,2026-10-07 07:43:10.000,,,,,2026-10-07 07:43:10.000,2026-10-07 07:43:10.000
882,LOT-0001-26-PERP-CAM-0002,882,2,,,,,,,2026-10-07 07:43:10.000,,,,,2026-10-07 07:43:10.000,2026-10-07 07:43:10.000
883,LOT-0001-26-PERP-CAM-0003,883,2,,,,,,,2026-10-07 07:43:10.000,,,,,2026-10-07 07:43:10.000,2026-10-07 07:43:10.000
884,LOT-0001-26-PERP-CAM-0004,884,2,,,,,,,2026-10-07 07:43:10.000,,,,,2026-10-07 07:43:10.000,2026-10-07 07:43:10.000
885,LOT-0001-26-PERP-CAM-0005,885,2,,,,,,,2026-10-07 07:43:10.000,,,,,2026-10-07 07:43:10.000,2026-10-07 07:43:10.000
886,LOT-0001-26-PERP-CAM-0006,886,2,,,,,,,2026-10-07 07:43:10.000,,,,,2026-10-07 07:43:10.000,2026-10-07 07:43:10.000
887,LOT-0001-26-PERP-CAM-0007,887,2,,,,,,,2026-10-07 07:43:10.000,,,,,2026-10-07 07:43:10.000,2026-10-07 07:43:10.000
888,LOT-0001-26-PERP-CAM-0008,888,2,,,,,,,2026-10-07 07:43:10.000,,,,,2026-10-07 07:43:10.000,2026-10-07 07:43:10.000
889,LOT-0001-26-PERP-CAM-0009,889,1,,,,,,,2026-10-07 07:43:10.000,,,,,2026-10-07 07:43:10.000,2026-10-07 07:43:10.000
890,LOT-0001-26-PERP-COMM-0001,890,2,,,,,,,2026-10-07 07:43:10.000,,,,,2026-10-07 07:43:10.000,2026-10-07 07:43:10.000
891,LOT-0001-26-PERP-COMM-0002,891,2,,,,,,,2026-10-07 07:43:10.000,,,,,2026-10-07 07:43:10.000,2026-10-07 07:43:10.000
892,LOT-0001-26-PERP-COMM-0003,892,2,,,,,,,2026-10-07 07:43:10.000,,,,,2026-10-07 07:43:10.000,2026-10-07 07:43:10.000
893,LOT-0001-26-PERP-COMM-0004,893,2,,,,,,,2026-10-07 07:43:10.000,,,,,2026-10-07 07:43:10.000,2026-10-07 07:43:10.000
894,LOT-0001-26-PERP-MEXT-0001,894,2,,,,,,,2026-10-07 07:43:10.000,,,,,2026-10-07 07:43:10.000,2026-10-07 07:43:10.000
895,LOT-0001-26-PERP-MEXT-0002,895,2,,,,,,,2026-10-07 07:43:10.000,,,,,2026-10-07 07:43:10.000,2026-10-07 07:43:10.000
896,LOT-0001-26-PERP-MEXT-0003,896,2,,,,,,,2026-10-07 07:43:10.000,,,,,2026-10-07 07:43:10.000,2026-10-07 07:43:10.000
897,LOT-0001-26-PERP-MEXT-0004,897,2,,,,,,,2026-10-07 07:43:10.000,,,,,2026-10-07 07:43:10.000,2026-10-07 07:43:10.000
898,LOT-0001-26-PERP-MEXT-0005,898,2,,,,,,,2026-10-07 07:43:10.000,,,,,2026-10-07 07:43:10.000,2026-10-07 07:43:10.000
899,LOT-0001-26-PERP-MEXT-0006,899,2,,,,,,,2026-10-07 07:43:10.000,,,,,2026-10-07 07:43:10.000,2026-10-07 07:43:10.000
900,LOT-0001-26-PERP-MEXT-0007,900,2,,,,,,,2026-10-07 07:43:10.000,,,,,2026-10-07 07:43:10.000,2026-10-07 07:43:10.000
901,LOT-0001-26-PERP-MEXT-0008,901,2,,,,,,,2026-10-07 07:43:10.000,,,,,2026-10-07 07:43:10.000,2026-10-07 07:43:10.000
902,LOT-0001-26-PERP-MEXT-0009,902,2,,,,,,,2026-10-07 07:43:10.000,,,,,2026-10-07 07:43:10.000,2026-10-07 07:43:10.000
903,LOT-0001-26-PERP-MEXT-0010,903,2,,,,,,,2026-10-07 07:43:10.000,,,,,2026-10-07 07:43:10.000,2026-10-07 07:43:10.000
904,LOT-0001-26-PERP-MEXT-0011,904,2,,,,,,,2026-10-07 07:43:10.000,,,,,2026-10-07 07:43:10.000,2026-10-07 07:43:10.000
905,LOT-0001-26-PERP-MEXT-0012,905,2,,,,,,,2026-10-07 07:43:10.000,,,,,2026-10-07 07:43:10.000,2026-10-07 07:43:10.000
906,LOT-0001-26-PERP-MEXT-0013,906,2,,,,,,,2026-10-07 07:43:10.000,,,,,2026-10-07 07:43:10.000,2026-10-07 07:43:10.000
907,LOT-0001-26-PERP-MEXT-0014,907,2,,,,,,,2026-10-07 07:43:10.000,,,,,2026-10-07 07:43:10.000,2026-10-07 07:43:10.000
908,LOT-0001-26-PERP-MEXT-0015,908,2,,,,,,,2026-10-07 07:43:10.000,,,,,2026-10-07 07:43:10.000,2026-10-07 07:43:10.000
909,LOT-0001-26-PERP-MEXT-0016,909,2,,,,,,,2026-10-07 07:43:10.000,,,,,2026-10-07 07:43:10.000,2026-10-07 07:43:10.000
910,LOT-0001-26-PERP-MEXT-0017,910,2,,,,,,,2026-10-07 07:43:10.000,,,,,2026-10-07 07:43:10.000,2026-10-07 07:43:10.000
911,LOT-0001-26-PERP-MEXT-0018,911,2,,,,,,,2026-10-07 07:43:10.000,,,,,2026-10-07 07:43:10.000,2026-10-07 07:43:10.000
912,LOT-0001-26-PERP-MEXT-0019,912,2,,,,,,,2026-10-07 07:43:10.000,,,,,2026-10-07 07:43:10.000,2026-10-07 07:43:10.000
913,LOT-0001-26-PERP-MMD-0001,913,2,,,,,,,2026-10-07 07:43:10.000,,,,,2026-10-07 07:43:10.000,2026-10-07 07:43:10.000
914,LOT-0001-26-PERP-MMD-0002,914,2,,,,,,,2026-10-07 07:43:10.000,,,,,2026-10-07 07:43:10.000,2026-10-07 07:43:10.000
915,LOT-0001-26-PERP-MMD-0003,915,2,,,,,,,2026-10-07 07:43:10.000,,,,,2026-10-07 07:43:10.000,2026-10-07 07:43:10.000
916,LOT-0001-26-PERP-MMD-0004,916,2,,,,,,,2026-10-07 07:43:10.000,,,,,2026-10-07 07:43:10.000,2026-10-07 07:43:10.000
917,LOT-0001-26-PERP-MMD-0005,917,2,,,,,,,2026-10-07 07:43:10.000,,,,,2026-10-07 07:43:10.000,2026-10-07 07:43:10.000
918,LOT-0001-26-PERP-MMD-0006,918,2,,,,,,,2026-10-07 07:43:10.000,,,,,2026-10-07 07:43:10.000,2026-10-07 07:43:10.000
919,LOT-0001-26-PERP-NETW-0001,919,2,,,,,,,2026-10-07 07:43:10.000,,,,,2026-10-07 07:43:10.000,2026-10-07 07:43:10.000
920,LOT-0001-26-PERP-NETW-0002,920,2,,,,,,,2026-10-07 07:43:10.000,,,,,2026-10-07 07:43:10.000,2026-10-07 07:43:10.000
921,LOT-0001-26-PERP-NETW-0003,921,2,,,,,,,2026-10-07 07:43:10.000,,,,,2026-10-07 07:43:10.000,2026-10-07 07:43:10.000
922,LOT-0001-26-PERP-NETW-0004,922,2,,,,,,,2026-10-07 07:43:10.000,,,,,2026-10-07 07:43:10.000,2026-10-07 07:43:10.000
923,LOT-0001-26-PERP-NETW-0005,923,2,,,,,,,2026-10-07 07:43:10.000,,,,,2026-10-07 07:43:10.000,2026-10-07 07:43:10.000
924,LOT-0001-26-PERP-NETW-0006,924,2,,,,,,,2026-10-07 07:43:10.000,,,,,2026-10-07 07:43:10.000,2026-10-07 07:43:10.000
925,LOT-0001-26-PERP-NETW-0007,925,2,,,,,,,2026-10-07 07:43:10.000,,,,,2026-10-07 07:43:10.000,2026-10-07 07:43:10.000
926,LOT-0001-26-PERP-NETW-0008,926,2,,,,,,,2026-10-07 07:43:10.000,,,,,2026-10-07 07:43:10.000,2026-10-07 07:43:10.000
927,LOT-0001-26-PERP-NETW-0009,927,2,,,,,,,2026-10-07 07:43:10.000,,,,,2026-10-07 07:43:10.000,2026-10-07 07:43:10.000
928,LOT-0001-26-PERP-NETW-0010,928,2,,,,,,,2026-10-07 07:43:10.000,,,,,2026-10-07 07:43:10.000,2026-10-07 07:43:10.000
929,LOT-0001-26-PERP-NETW-0011,929,2,,,,,,,2026-10-07 07:43:10.000,,,,,2026-10-07 07:43:10.000,2026-10-07 07:43:10.000
930,LOT-0001-26-PERP-NETW-0012,930,2,,,,,,,2026-10-07 07:43:10.000,,,,,2026-10-07 07:43:10.000,2026-10-07 07:43:10.000
931,LOT-0001-26-PERP-NETW-0013,931,2,,,,,,,2026-10-07 07:43:10.000,,,,,2026-10-07 07:43:10.000,2026-10-07 07:43:10.000
932,LOT-0001-26-PERP-NETW-0014,932,2,,,,,,,2026-10-07 07:43:10.000,,,,,2026-10-07 07:43:10.000,2026-10-07 07:43:10.000
933,LOT-0001-26-PERP-NETW-0015,933,2,,,,,,,2026-10-07 07:43:10.000,,,,,2026-10-07 07:43:10.000,2026-10-07 07:43:10.000
934,LOT-0001-26-PERP-NETW-0016,934,2,,,,,,,2026-10-07 07:43:10.000,,,,,2026-10-07 07:43:10.000,2026-10-07 07:43:10.000
935,LOT-0001-26-PERP-NETW-0017,935,2,,,,,,,2026-10-07 07:43:10.000,,,,,2026-10-07 07:43:10.000,2026-10-07 07:43:10.000
936,LOT-0001-26-PERP-NETW-0018,936,2,,,,,,,2026-10-07 07:43:10.000,,,,,2026-10-07 07:43:10.000,2026-10-07 07:43:10.000
937,LOT-0001-26-PERP-NETW-0019,937,2,,,,,,,2026-10-07 07:43:10.000,,,,,2026-10-07 07:43:10.000,2026-10-07 07:43:10.000
938,LOT-0001-26-PERP-NETW-0020,938,2,,,,,,,2026-10-07 07:43:10.000,,,,,2026-10-07 07:43:10.000,2026-10-07 07:43:10.000
939,LOT-0001-26-PERP-NETW-0021,939,2,,,,,,,2026-10-07 07:43:10.000,,,,,2026-10-07 07:43:10.000,2026-10-07 07:43:10.000
940,LOT-0001-26-PERP-NETW-0022,940,2,,,,,,,2026-10-07 07:43:10.000,,,,,2026-10-07 07:43:10.000,2026-10-07 07:43:10.000
941,LOT-0001-26-PERP-NETW-0023,941,2,,,,,,,2026-10-07 07:43:10.000,,,,,2026-10-07 07:43:10.000,2026-10-07 07:43:10.000
942,LOT-0001-26-PERP-NETW-0024,942,2,,,,,,,2026-10-07 07:43:10.000,,,,,2026-10-07 07:43:10.000,2026-10-07 07:43:10.000
943,LOT-0001-26-PERP-NETW-0025,943,2,,,,,,,2026-10-07 07:43:10.000,,,,,2026-10-07 07:43:10.000,2026-10-07 07:43:10.000
944,LOT-0001-26-PERP-NETW-0026,944,2,,,,,,,2026-10-07 07:43:10.000,,inventory/ams/inventoryPhoto/1601606985Kursi_Kerja_Hitam.jpg,,,2026-10-07 07:43:10.000,2026-10-07 07:43:10.000
945,LOT-0001-26-PERP-NETW-0027,945,2,,,,,,,2026-10-07 07:43:10.000,,,,,2026-10-07 07:43:10.000,2026-10-07 07:43:10.000
946,LOT-0001-26-PERP-NETW-0028,946,2,,,,,,,2026-10-07 07:43:10.000,,,,,2026-10-07 07:43:10.000,2026-10-07 07:43:10.000
947,LOT-0001-26-PERP-NETW-0029,947,2,,,,,,,2026-10-07 07:43:10.000,,,,,2026-10-07 07:43:10.000,2026-10-07 07:43:10.000
948,LOT-0001-26-PERP-NETW-0030,948,2,,,,,,,2026-10-07 07:43:10.000,,,,,2026-10-07 07:43:10.000,2026-10-07 07:43:10.000
949,LOT-0001-26-PERP-NETW-0031,949,2,,,,,,,2026-10-07 07:43:10.000,,,,,2026-10-07 07:43:10.000,2026-10-07 07:43:10.000
950,LOT-0001-26-PERP-NETW-0032,950,2,,,,,,,2026-10-07 07:43:10.000,,,,,2026-10-07 07:43:10.000,2026-10-07 07:43:10.000
951,LOT-0001-26-PERP-NETW-0033,951,2,,,,,,,2026-10-07 07:43:10.000,,,,,2026-10-07 07:43:10.000,2026-10-07 07:43:10.000
952,LOT-0001-26-PERP-NETW-0034,952,2,,,,,,,2026-10-07 07:43:10.000,,,,,2026-10-07 07:43:10.000,2026-10-07 07:43:10.000
953,LOT-0001-26-PERP-PROJ-0001,953,2,,,,,,,2026-10-07 07:43:10.000,,,,,2026-10-07 07:43:10.000,2026-10-07 07:43:10.000
954,LOT-0001-26-PERP-PROJ-0002,954,2,,,,,,,2026-10-07 07:43:10.000,,,,,2026-10-07 07:43:10.000,2026-10-07 07:43:10.000
955,LOT-0001-26-PERP-PROJ-0003,955,2,,,,,,,2026-10-07 07:43:10.000,,,,,2026-10-07 07:43:10.000,2026-10-07 07:43:10.000
956,LOT-0001-26-PERP-PROJ-0004,956,2,,,,,,,2026-10-07 07:43:10.000,,,,,2026-10-07 07:43:10.000,2026-10-07 07:43:10.000
957,LOT-0001-26-PERP-PROJ-0005,957,2,,,,,,,2026-10-07 07:43:10.000,,,,,2026-10-07 07:43:10.000,2026-10-07 07:43:10.000
958,LOT-0001-26-PERP-PROJ-0006,958,2,,,,,,,2026-10-07 07:43:10.000,,,,,2026-10-07 07:43:10.000,2026-10-07 07:43:10.000
959,LOT-0001-26-PERP-PROJ-0007,959,2,,,,,,,2026-10-07 07:43:10.000,,,,,2026-10-07 07:43:10.000,2026-10-07 07:43:10.000
960,LOT-0001-26-PERP-PROJ-0008,960,2,,,,,,,2026-10-07 07:43:10.000,,,,,2026-10-07 07:43:10.000,2026-10-07 07:43:10.000
961,LOT-0001-26-PERP-PROJ-0009,961,2,,,,,,,2026-10-07 07:43:10.000,,,,,2026-10-07 07:43:10.000,2026-10-07 07:43:10.000
962,LOT-0001-26-PERP-PROJ-0010,962,2,,,,,,,2026-10-07 07:43:10.000,,,,,2026-10-07 07:43:10.000,2026-10-07 07:43:10.000
963,LOT-0001-26-PERP-RAKS-0001,963,2,,,,,,,2026-10-07 07:43:10.000,,,,,2026-10-07 07:43:10.000,2026-10-07 07:43:10.000
964,LOT-0001-26-PERP-RAKS-0002,964,2,,,,,,,2026-10-07 07:43:10.000,,,,,2026-10-07 07:43:10.000,2026-10-07 07:43:10.000
965,LOT-0001-26-PERP-RAKS-0003,965,2,,,,,,,2026-10-07 07:43:10.000,,,,,2026-10-07 07:43:10.000,2026-10-07 07:43:10.000
966,LOT-0001-26-PERP-RAKS-0004,966,2,,,,,,,2026-10-07 07:43:10.000,,,,,2026-10-07 07:43:10.000,2026-10-07 07:43:10.000
967,LOT-0001-26-PERP-SCAN-0001,967,2,,,,,,,2026-10-07 07:43:10.000,,,,,2026-10-07 07:43:10.000,2026-10-07 07:43:10.000
968,LOT-0001-26-PERP-SCAN-0002,968,2,,,,,,,2026-10-07 07:43:10.000,,,,,2026-10-07 07:43:10.000,2026-10-07 07:43:10.000
969,LOT-0001-26-PERP-SCAN-0003,969,2,,,,,,,2026-10-07 07:43:10.000,,,,,2026-10-07 07:43:10.000,2026-10-07 07:43:10.000
970,LOT-0001-26-PERP-SCAN-0004,970,2,,,,,,,2026-10-07 07:43:10.000,,,,,2026-10-07 07:43:10.000,2026-10-07 07:43:10.000
971,LOT-0001-26-PERP-SCAN-0005,971,2,,,,,,,2026-10-07 07:43:10.000,,,,,2026-10-07 07:43:10.000,2026-10-07 07:43:10.000
972,LOT-0001-26-PERP-SCAN-0006,972,2,,,,,,,2026-10-07 07:43:10.000,,,,,2026-10-07 07:43:10.000,2026-10-07 07:43:10.000
973,LOT-0001-26-PERP-SCAN-0007,973,2,,,,,,,2026-10-07 07:43:10.000,,,,,2026-10-07 07:43:10.000,2026-10-07 07:43:10.000
974,LOT-0001-26-PERP-SCRN-0001,974,2,,,,,,,2026-10-07 07:43:10.000,,,,,2026-10-07 07:43:10.000,2026-10-07 07:43:10.000
975,LOT-0001-26-PERP-STRG-0001,975,2,,,,,,,2026-10-07 07:43:10.000,,,,,2026-10-07 07:43:10.000,2026-10-07 07:43:10.000
976,LOT-0001-26-PERP-STRG-0002,976,2,,,,,,,2026-10-07 07:43:10.000,,,,,2026-10-07 07:43:10.000,2026-10-07 07:43:10.000
977,LOT-0001-26-PERP-STRG-0003,977,2,,,,,,,2026-10-07 07:43:10.000,,,,,2026-10-07 07:43:10.000,2026-10-07 07:43:10.000
978,LOT-0001-26-PERP-STRG-0004,978,2,,,,,,,2026-10-07 07:43:10.000,,,,,2026-10-07 07:43:10.000,2026-10-07 07:43:10.000
979,LOT-0001-26-PERP-STRG-0005,979,2,,,,,,,2026-10-07 07:43:10.000,,,,,2026-10-07 07:43:10.000,2026-10-07 07:43:10.000
980,LOT-0001-26-PERP-STRG-0006,980,2,,,,,,,2026-10-07 07:43:10.000,,,,,2026-10-07 07:43:10.000,2026-10-07 07:43:10.000
981,LOT-0001-26-PERP-STRG-0007,981,2,,,,,,,2026-10-07 07:43:10.000,,,,,2026-10-07 07:43:10.000,2026-10-07 07:43:10.000
982,LOT-0001-26-PERP-STRG-0008,982,2,,,,,,,2026-10-07 07:43:10.000,,,,,2026-10-07 07:43:10.000,2026-10-07 07:43:10.000
983,LOT-0001-26-PERP-STRG-0009,983,2,,,,,,,2026-10-07 07:43:10.000,,,,,2026-10-07 07:43:10.000,2026-10-07 07:43:10.000
984,LOT-0001-26-PERP-STRG-0010,984,2,,,,,,,2026-10-07 07:43:10.000,,,,,2026-10-07 07:43:10.000,2026-10-07 07:43:10.000
985,LOT-0001-26-PERP-STRG-0011,985,2,,,,,,,2026-10-07 07:43:10.000,,,,,2026-10-07 07:43:10.000,2026-10-07 07:43:10.000
986,LOT-0001-26-PERP-STRG-0012,986,2,,,,,,,2026-10-07 07:43:10.000,,,,,2026-10-07 07:43:10.000,2026-10-07 07:43:10.000
987,LOT-0001-26-PERP-STRG-0013,987,2,,,,,,,2026-10-07 07:43:10.000,,,,,2026-10-07 07:43:10.000,2026-10-07 07:43:10.000
988,LOT-0001-26-PERP-STRG-0014,988,2,,,,,,,2026-10-07 07:43:10.000,,,,,2026-10-07 07:43:10.000,2026-10-07 07:43:10.000
989,LOT-0001-26-PERP-STRG-0015,989,2,,,,,,,2026-10-07 07:43:10.000,,,,,2026-10-07 07:43:10.000,2026-10-07 07:43:10.000
990,LOT-0001-26-PERP-UPS-0001,990,2,,,,,,,2026-10-07 07:43:10.000,,,,,2026-10-07 07:43:10.000,2026-10-07 07:43:10.000
991,LOT-0001-26-PERP-UPS-0002,991,2,,,,,,,2026-10-07 07:43:10.000,,,,,2026-10-07 07:43:10.000,2026-10-07 07:43:10.000
992,LOT-0001-26-PERP-UPS-0003,992,2,,,,,,,2026-10-07 07:43:10.000,,,,,2026-10-07 07:43:10.000,2026-10-07 07:43:10.000
993,LOT-0001-26-PERP-UPS-0004,993,2,,,,,,,2026-10-07 07:43:10.000,,,,,2026-10-07 07:43:10.000,2026-10-07 07:43:10.000
994,LOT-0001-26-PERP-VGA-0001,994,2,,,,,,,2026-10-07 07:43:10.000,,,,,2026-10-07 07:43:10.000,2026-10-07 07:43:10.000
995,LOT-0001-26-PERP-VGA-0002,995,2,,,,,,,2026-10-07 07:43:10.000,,,,,2026-10-07 07:43:10.000,2026-10-07 07:43:10.000
996,LOT-0001-26-PRNT-DOT-0001,996,2,,,,,,,2026-10-07 07:43:10.000,,,,,2026-10-07 07:43:10.000,2026-10-07 07:43:10.000
997,LOT-0001-26-PRNT-DOT-0002,997,2,,,,,,,2026-10-07 07:43:10.000,,,,,2026-10-07 07:43:10.000,2026-10-07 07:43:10.000
998,LOT-0001-26-PRNT-DOT-0003,998,2,,,,,,,2026-10-07 07:43:10.000,,,,,2026-10-07 07:43:10.000,2026-10-07 07:43:10.000
999,LOT-0001-26-PRNT-IDC-0001,999,2,,,,,,,2026-10-07 07:43:10.000,,,,,2026-10-07 07:43:10.000,2026-10-07 07:43:10.000
1000,LOT-0001-26-PRNT-INK-0001,1000,2,,,,,,,2026-10-07 07:43:10.000,,,,,2026-10-07 07:43:10.000,2026-10-07 07:43:10.000
1001,LOT-0001-26-PRNT-INK-0002,1001,2,,,,,,,2026-10-07 07:43:10.000,,,,,2026-10-07 07:43:10.000,2026-10-07 07:43:10.000
1002,LOT-0001-26-PRNT-INK-0003,1002,2,,,,,,,2026-10-07 07:43:10.000,,,,,2026-10-07 07:43:10.000,2026-10-07 07:43:10.000
1003,LOT-0001-26-PRNT-INK-0004,1003,2,,,,,,,2026-10-07 07:43:10.000,,,,,2026-10-07 07:43:10.000,2026-10-07 07:43:10.000
1004,LOT-0001-26-PRNT-INK-0005,1004,2,,,,,,,2026-10-07 07:43:10.000,,,,,2026-10-07 07:43:10.000,2026-10-07 07:43:10.000
1005,LOT-0001-26-PRNT-INK-0006,1005,2,,,,,,,2026-10-07 07:43:10.000,,,,,2026-10-07 07:43:10.000,2026-10-07 07:43:10.000
1006,LOT-0001-26-PRNT-INK-0007,1006,2,,,,,,,2026-10-07 07:43:10.000,,,,,2026-10-07 07:43:10.000,2026-10-07 07:43:10.000
1007,LOT-0001-26-PRNT-INK-0008,1007,2,,,,,,,2026-10-07 07:43:10.000,,inventory/ams/inventoryPhoto/1713518484WhatsApp_Image_2024-04-19_at_14_26_28.jpeg,,,2026-10-07 07:43:10.000,2026-10-07 07:43:10.000
1008,LOT-0001-26-PRNT-LJT-0001,1008,2,,,,,,,2026-10-07 07:43:10.000,,,,,2026-10-07 07:43:10.000,2026-10-07 07:43:10.000
1009,LOT-0001-26-PRNT-LJT-0002,1009,2,,,,,,,2026-10-07 07:43:10.000,,,,,2026-10-07 07:43:10.000,2026-10-07 07:43:10.000
1010,LOT-0001-26-PRNT-LJT-0003,1010,2,,,,,,,2026-10-07 07:43:10.000,,,,,2026-10-07 07:43:10.000,2026-10-07 07:43:10.000
1011,LOT-0001-26-PRNT-LJT-0004,1011,2,,,,,,,2026-10-07 07:43:10.000,,,,,2026-10-07 07:43:10.000,2026-10-07 07:43:10.000
1012,LOT-0001-26-PRNT-LJT-0005,1012,2,,,,,,,2026-10-07 07:43:10.000,,,,,2026-10-07 07:43:10.000,2026-10-07 07:43:10.000
1013,LOT-0001-26-PRNT-LJT-0006,1013,2,,,,,,,2026-10-07 07:43:10.000,,,,,2026-10-07 07:43:10.000,2026-10-07 07:43:10.000
1014,LOT-0001-26-PRNT-LJT-0007,1014,2,,,,,,,2026-10-07 07:43:10.000,,,,,2026-10-07 07:43:10.000,2026-10-07 07:43:10.000
1015,LOT-0001-26-PRNT-LJT-0008,1015,2,,,,,,,2026-10-07 07:43:10.000,,,,,2026-10-07 07:43:10.000,2026-10-07 07:43:10.000
1016,LOT-0001-26-PRNT-MLT-0001,1016,2,,,,,,,2026-10-07 07:43:10.000,,,,,2026-10-07 07:43:10.000,2026-10-07 07:43:10.000
1017,LOT-0001-26-PRNT-MLT-0002,1017,2,,,,,,,2026-10-07 07:43:10.000,,,,,2026-10-07 07:43:10.000,2026-10-07 07:43:10.000
1018,LOT-0001-26-PRNT-MLT-0003,1018,2,,,,,,,2026-10-07 07:43:10.000,,,,,2026-10-07 07:43:10.000,2026-10-07 07:43:10.000
1019,LOT-0001-26-PRNT-MLT-0004,1019,2,,,,,,,2026-10-07 07:43:10.000,,,,,2026-10-07 07:43:10.000,2026-10-07 07:43:10.000
1020,LOT-0001-26-PRNT-MLT-0005,1020,2,,,,,,,2026-10-07 07:43:10.000,,,,,2026-10-07 07:43:10.000,2026-10-07 07:43:10.000
1021,LOT-0001-26-PRNT-MLT-0006,1021,2,,,,,,,2026-10-07 07:43:10.000,,,,,2026-10-07 07:43:10.000,2026-10-07 07:43:10.000
1022,LOT-0001-26-PRNT-PLT-0001,1022,2,,,,,,,2026-10-07 07:43:10.000,,,,,2026-10-07 07:43:10.000,2026-10-07 07:43:10.000
1023,LOT-0001-26-PRNT-PLT-0002,1023,2,,,,,,,2026-10-07 07:43:10.000,,,,,2026-10-07 07:43:10.000,2026-10-07 07:43:10.000
1024,LOT-0001-26-PROP-PRO-0001,1024,1,,,,,,,2026-10-07 07:43:10.000,,,,,2026-10-07 07:43:10.000,2026-10-07 07:43:10.000
1025,LOT-0001-26-PROP-PRO-0002,1025,1,,,,,,,2026-10-07 07:43:10.000,,,,,2026-10-07 07:43:10.000,2026-10-07 07:43:10.000
1026,LOT-0001-26-PROP-PRO-0003,1026,1,,,,,,,2026-10-07 07:43:10.000,,,,,2026-10-07 07:43:10.000,2026-10-07 07:43:10.000
1027,LOT-0001-26-PROP-PRO-0004,1027,1,,,,,,,2026-10-07 07:43:10.000,,,,,2026-10-07 07:43:10.000,2026-10-07 07:43:10.000
1028,LOT-0001-26-PROP-PRO-0005,1028,1,,,,,,,2026-10-07 07:43:10.000,,,,,2026-10-07 07:43:10.000,2026-10-07 07:43:10.000
1029,LOT-0001-26-PROP-PRO-0006,1029,1,,,,,,,2026-10-07 07:43:10.000,,,,,2026-10-07 07:43:10.000,2026-10-07 07:43:10.000
1030,LOT-0001-26-PROP-PRO-0007,1030,1,,,,,,,2026-10-07 07:43:10.000,,,,,2026-10-07 07:43:10.000,2026-10-07 07:43:10.000
1031,LOT-0001-26-PROP-PRO-0008,1031,1,,,,,,,2026-10-07 07:43:10.000,,,,,2026-10-07 07:43:10.000,2026-10-07 07:43:10.000
1032,LOT-0001-26-SOFT-ENG-0001,1032,2,,,,,,,2026-10-07 07:43:10.000,,,,,2026-10-07 07:43:10.000,2026-10-07 07:43:10.000
1033,LOT-0001-26-SOFT-ENG-0002,1033,2,,,,,,,2026-10-07 07:43:10.000,,,,,2026-10-07 07:43:10.000,2026-10-07 07:43:10.000
1034,LOT-0001-26-SOFT-ENG-0003,1034,2,,,,,,,2026-10-07 07:43:10.000,,,,,2026-10-07 07:43:10.000,2026-10-07 07:43:10.000
1035,LOT-0001-26-SOFT-ENG-0004,1035,2,,,,,,,2026-10-07 07:43:10.000,,,,,2026-10-07 07:43:10.000,2026-10-07 07:43:10.000
1036,LOT-0001-26-SOFT-ENG-0005,1036,2,,,,,,,2026-10-07 07:43:10.000,,,,,2026-10-07 07:43:10.000,2026-10-07 07:43:10.000
1037,LOT-0001-26-SOFT-ENG-0006,1037,2,,,,,,,2026-10-07 07:43:10.000,,,,,2026-10-07 07:43:10.000,2026-10-07 07:43:10.000
1038,LOT-0001-26-SOFT-ENG-0007,1038,2,,,,,,,2026-10-07 07:43:10.000,,,,,2026-10-07 07:43:10.000,2026-10-07 07:43:10.000
1039,LOT-0001-26-SOFT-ENG-0008,1039,2,,,,,,,2026-10-07 07:43:10.000,,,,,2026-10-07 07:43:10.000,2026-10-07 07:43:10.000
1040,LOT-0001-26-SOFT-ENG-0009,1040,2,,,,,,,2026-10-07 07:43:10.000,,,,,2026-10-07 07:43:10.000,2026-10-07 07:43:10.000
1041,LOT-0001-26-SOFT-ENG-0010,1041,2,,,,,,,2026-10-07 07:43:10.000,,,,,2026-10-07 07:43:10.000,2026-10-07 07:43:10.000
1042,LOT-0001-26-SOFT-ENG-0011,1042,2,,,,,,,2026-10-07 07:43:10.000,,,,,2026-10-07 07:43:10.000,2026-10-07 07:43:10.000
1043,LOT-0001-26-SOFT-ENG-0012,1043,2,,,,,,,2026-10-07 07:43:10.000,,,,,2026-10-07 07:43:10.000,2026-10-07 07:43:10.000
1044,LOT-0001-26-SOFT-ENG-0013,1044,2,,,,,,,2026-10-07 07:43:10.000,,,,,2026-10-07 07:43:10.000,2026-10-07 07:43:10.000
1045,LOT-0001-26-SOFT-ENG-0014,1045,2,,,,,,,2026-10-07 07:43:10.000,,,,,2026-10-07 07:43:10.000,2026-10-07 07:43:10.000
1046,LOT-0001-26-SOFT-ENG-0015,1046,2,,,,,,,2026-10-07 07:43:10.000,,,,,2026-10-07 07:43:10.000,2026-10-07 07:43:10.000
1047,LOT-0001-26-SOFT-ENG-0016,1047,2,,,,,,,2026-10-07 07:43:10.000,,,,,2026-10-07 07:43:10.000,2026-10-07 07:43:10.000
1048,LOT-0001-26-SOFT-ENG-0017,1048,2,,,,,,,2026-10-07 07:43:10.000,,,,,2026-10-07 07:43:10.000,2026-10-07 07:43:10.000
1049,LOT-0001-26-SOFT-ENG-0018,1049,2,,,,,,,2026-10-07 07:43:10.000,,,,,2026-10-07 07:43:10.000,2026-10-07 07:43:10.000
1050,LOT-0001-26-SOFT-ENG-0019,1050,2,,,,,,,2026-10-07 07:43:10.000,,,,,2026-10-07 07:43:10.000,2026-10-07 07:43:10.000
1051,LOT-0001-26-SOFT-ENG-0020,1051,2,,,,,,,2026-10-07 07:43:10.000,,,,,2026-10-07 07:43:10.000,2026-10-07 07:43:10.000
1052,LOT-0001-26-SOFT-ENG-0021,1052,2,,,,,,,2026-10-07 07:43:10.000,,,,,2026-10-07 07:43:10.000,2026-10-07 07:43:10.000
1053,LOT-0001-26-SOFT-ENG-0022,1053,2,,,,,,,2026-10-07 07:43:10.000,,,,,2026-10-07 07:43:10.000,2026-10-07 07:43:10.000
1054,LOT-0001-26-SOFT-ENG-0023,1054,2,,,,,,,2026-10-07 07:43:10.000,,,,,2026-10-07 07:43:10.000,2026-10-07 07:43:10.000
1055,LOT-0001-26-SOFT-ENG-0024,1055,2,,,,,,,2026-10-07 07:43:10.000,,,,,2026-10-07 07:43:10.000,2026-10-07 07:43:10.000
1056,LOT-0001-26-SOFT-ENG-0025,1056,2,,,,,,,2026-10-07 07:43:10.000,,,,,2026-10-07 07:43:10.000,2026-10-07 07:43:10.000
1057,LOT-0001-26-SOFT-ENG-0026,1057,2,,,,,,,2026-10-07 07:43:10.000,,,,,2026-10-07 07:43:10.000,2026-10-07 07:43:10.000
1058,LOT-0001-26-SOFT-GEN-0001,1058,2,,,,,,,2026-10-07 07:43:10.000,,,,,2026-10-07 07:43:10.000,2026-10-07 07:43:10.000
1059,LOT-0001-26-SOFT-GEN-0002,1059,2,,,,,,,2026-10-07 07:43:10.000,,,,,2026-10-07 07:43:10.000,2026-10-07 07:43:10.000
1060,LOT-0001-26-SOFT-GEN-0003,1060,2,,,,,,,2026-10-07 07:43:10.000,,,,,2026-10-07 07:43:10.000,2026-10-07 07:43:10.000
1061,LOT-0001-26-SOFT-GEN-0004,1061,2,,,,,,,2026-10-07 07:43:10.000,,,,,2026-10-07 07:43:10.000,2026-10-07 07:43:10.000
1062,LOT-0001-26-SOFT-GEN-0005,1062,2,,,,,,,2026-10-07 07:43:10.000,,,,,2026-10-07 07:43:10.000,2026-10-07 07:43:10.000
1063,LOT-0001-26-SOFT-GEN-0006,1063,2,,,,,,,2026-10-07 07:43:10.000,,,,,2026-10-07 07:43:10.000,2026-10-07 07:43:10.000
1064,LOT-0001-26-SOFT-GEN-0007,1064,2,,,,,,,2026-10-07 07:43:10.000,,,,,2026-10-07 07:43:10.000,2026-10-07 07:43:10.000
1065,LOT-0001-26-SOFT-GEN-0008,1065,2,,,,,,,2026-10-07 07:43:10.000,,,,,2026-10-07 07:43:10.000,2026-10-07 07:43:10.000
1066,LOT-0001-26-SOFT-GEN-0009,1066,2,,,,,,,2026-10-07 07:43:10.000,,,,,2026-10-07 07:43:10.000,2026-10-07 07:43:10.000
1067,LOT-0001-26-SOFT-GEN-0010,1067,2,,,,,,,2026-10-07 07:43:10.000,,,,,2026-10-07 07:43:10.000,2026-10-07 07:43:10.000
1068,LOT-0001-26-SOFT-GEN-0011,1068,2,,,,,,,2026-10-07 07:43:10.000,,,,,2026-10-07 07:43:10.000,2026-10-07 07:43:10.000
1069,LOT-0001-26-SOFT-GEN-0012,1069,2,,,,,,,2026-10-07 07:43:10.000,,,,,2026-10-07 07:43:10.000,2026-10-07 07:43:10.000
1070,LOT-0001-26-SOFT-GEN-0013,1070,2,,,,,,,2026-10-07 07:43:10.000,,,,,2026-10-07 07:43:10.000,2026-10-07 07:43:10.000
1071,LOT-0001-26-SOFT-GEN-0014,1071,2,,,,,,,2026-10-07 07:43:10.000,,,,,2026-10-07 07:43:10.000,2026-10-07 07:43:10.000
1072,LOT-0001-26-SOFT-GEN-0015,1072,2,,,,,,,2026-10-07 07:43:10.000,,,,,2026-10-07 07:43:10.000,2026-10-07 07:43:10.000
1073,LOT-0001-26-SOFT-GEN-0016,1073,2,,,,,,,2026-10-07 07:43:10.000,,,,,2026-10-07 07:43:10.000,2026-10-07 07:43:10.000
1074,LOT-0001-26-SOFT-GEN-0017,1074,2,,,,,,,2026-10-07 07:43:10.000,,,,,2026-10-07 07:43:10.000,2026-10-07 07:43:10.000
1075,LOT-0001-26-SOFT-GEN-0018,1075,2,,,,,,,2026-10-07 07:43:10.000,,,,,2026-10-07 07:43:10.000,2026-10-07 07:43:10.000
1076,LOT-0001-26-SOFT-GEN-0019,1076,2,,,,,,,2026-10-07 07:43:10.000,,,,,2026-10-07 07:43:10.000,2026-10-07 07:43:10.000
1077,LOT-0001-26-SOFT-GEN-0020,1077,2,,,,,,,2026-10-07 07:43:10.000,,,,,2026-10-07 07:43:10.000,2026-10-07 07:43:10.000
1078,LOT-0001-26-SOFT-GEN-0021,1078,2,,,,,,,2026-10-07 07:43:10.000,,,,,2026-10-07 07:43:10.000,2026-10-07 07:43:10.000
1079,LOT-0001-26-SOFT-GEN-0022,1079,2,,,,,,,2026-10-07 07:43:10.000,,,,,2026-10-07 07:43:10.000,2026-10-07 07:43:10.000
1080,LOT-0001-26-SOFT-GEN-0023,1080,2,,,,,,,2026-10-07 07:43:10.000,,,,,2026-10-07 07:43:10.000,2026-10-07 07:43:10.000
1081,LOT-0001-26-SOFT-GEN-0024,1081,2,,,,,,,2026-10-07 07:43:10.000,,,,,2026-10-07 07:43:10.000,2026-10-07 07:43:10.000
1082,LOT-0001-26-TLKM-FAX-0001,1082,2,,,,,,,2026-10-07 07:43:10.000,,,,,2026-10-07 07:43:10.000,2026-10-07 07:43:10.000
1083,LOT-0001-26-TLKM-FAX-0002,1083,2,,,,,,,2026-10-07 07:43:10.000,,,,,2026-10-07 07:43:10.000,2026-10-07 07:43:10.000
1084,LOT-0001-26-TLKM-HT-0001,1084,1,,,,,,,2026-10-07 07:43:10.000,,inventory/ams/inventoryPhoto/1738894554HT.jpeg,,,2026-10-07 07:43:10.000,2026-10-07 07:43:10.000
1085,LOT-0001-26-TLKM-SP-0001,1085,1,,,,,,,2026-10-07 07:43:10.000,,inventory/ams/inventoryPhoto/1742354611WhatsApp_Image_2025-03-19_at_10_16_28.jpeg,,,2026-10-07 07:43:10.000,2026-10-07 07:43:10.000
1086,LOT-0001-26-TLKM-TL-0001,1086,1,,,,,,,2026-10-07 07:43:10.000,,inventory/ams/inventoryPhoto/1726624081telepon_panasonic_hitam.jpeg,,,2026-10-07 07:43:10.000,2026-10-07 07:43:10.000
1087,LOT-0001-26-TLKM-TL-0002,1087,1,,,,,,,2026-10-07 07:43:10.000,,inventory/ams/inventoryPhoto/1726624086telepon_panasonic_hitam.jpeg,,,2026-10-07 07:43:10.000,2026-10-07 07:43:10.000
1088,LOT-0001-26-TLKM-TL-0003,1088,1,,,,,,,2026-10-07 07:43:10.000,,inventory/ams/inventoryPhoto/1726624072telepon_panasonic_hitam.jpeg,,,2026-10-07 07:43:10.000,2026-10-07 07:43:10.000
1089,LOT-0001-26-TLKM-TL-0004,1089,1,,,,,,,2026-10-07 07:43:10.000,,,,,2026-10-07 07:43:10.000,2026-10-07 07:43:10.000
1090,LOT-0001-26-TLKM-TL-0005,1090,1,,,,,,,2026-10-07 07:43:10.000,,,,,2026-10-07 07:43:10.000,2026-10-07 07:43:10.000
1091,LOT-0001-26-TLKM-TL-0006,1091,1,,,,,,,2026-10-07 07:43:10.000,,inventory/ams/inventoryPhoto/1712282839WhatsApp_Image_2024-04-05_at_8_58_42_AM.jpeg,,,2026-10-07 07:43:10.000,2026-10-07 07:43:10.000
