id,po_ref,code,name,organizer,brand,spesifikasi,value,location,umur_ekonomis,pembebanan,project_no,category,vendor,rent_type,kondisi,peminjaman,peminjaman_owner,peminjaman_token,peminjaman_start,create_owner,create_date,deletion,deletion_owner,deletion_date,buy_date,sample_photo,thumbnail,patch,assets_or_inventaris,status,duplicated_number
2601,,00008-COMP-DESK-ICT-PTRE-02,"Compaq P3:500 Mhz, RAM:128 Mb",ICT,Compaq,"P3:500 Mhz, RAM:128 Mb, HD:40 Gb, 140016:16 MB",0,121001,0,0,NULL,120003,9,LT,1,0,NULL,NULL,NULL,053573,2021-02-11 07:33:30.000,0,NULL,NULL,2002-01-01,NULL,NULL,NULL,0,1,
2602,,00009-COMP-DESK-ICT-PTRE-02,"Compaq P3:500 Mhz, RAM:128",ICT,Compaq,"P3:500 Mhz, RAM:128 Mb, HD:40 Gb, 140016:16 MB",0,121001,0,0,NULL,120003,9,LT,1,0,NULL,NULL,NULL,053573,2021-02-11 07:33:24.000,0,NULL,NULL,2002-01-01,NULL,NULL,NULL,0,1,
2604,,00011-COMP-DESK-ICT-PTRE-02,"Rakitan P4:1700 Mhz, RAM:640",ICT,Rakitan,"P4:1700 Mhz, RAM:640 Mb, HD:40 Gb, 140016:64 MB",0,121001,0,0,NULL,120003,9,LT,1,0,NULL,NULL,NULL,053573,2021-02-11 07:33:19.000,0,NULL,NULL,2002-01-11,NULL,NULL,NULL,0,1,
2605,,00012-COMP-DESK-ICT-PTRE-02,"Rakitan P4:1800 Mhz, RAM:512",ICT,Rakitan,"P4:1800 Mhz, RAM:512 Mb, HD:40 Gb, 140016:64 MB",0,121001,0,0,NULL,120003,9,LT,1,0,NULL,NULL,NULL,053573,2021-02-11 07:33:14.000,0,NULL,NULL,2002-01-11,NULL,NULL,NULL,0,1,
2606,,00013-COMP-DESK-ICT-PTRE-02,"Rakitan P4:1800 Mhz, RAM:512",ICT,Rakitan,"P4:1800 Mhz, RAM:512 Mb, HD:40 Gb, 140016:64 MB",0,121001,0,0,NULL,120003,9,LT,1,0,NULL,NULL,NULL,053573,2021-02-11 07:33:08.000,0,NULL,NULL,2002-01-11,NULL,NULL,NULL,0,1,
2607,,00014-COMP-DESK-ICT-PTRE-02,"COMPAQ P4:1500 Mhz, RAM:128",ICT,COMPAQ,"P4:1500 Mhz, RAM:128 Gb, HD:- ,140016:-",0,121001,0,0,NULL,120003,9,LT,1,0,NULL,NULL,NULL,053573,2021-02-11 07:33:02.000,0,NULL,NULL,2002-01-20,NULL,NULL,NULL,0,1,
2608,,00015-COMP-DESK-ICT-PTRE-02,"COMPAQ P4:1500 Mhz, RAM:128",ICT,COMPAQ,"P4:1500 Mhz, RAM:128 Gb, HD:- ,140016:-",0,121001,0,0,NULL,120003,9,LT,1,0,NULL,NULL,NULL,053573,2021-02-11 07:32:56.000,0,NULL,NULL,2002-01-20,NULL,NULL,NULL,0,1,
2609,,00016-COMP-DESK-ICT-PTRE-02,"COMPAQ P4:1500 Mhz, RAM:128",ICT,COMPAQ,"P4:1500 Mhz, RAM:128 Gb, HD:- ,140016:-",0,121001,0,0,NULL,120003,9,LT,1,0,NULL,NULL,NULL,053573,2021-02-11 07:32:51.000,0,NULL,NULL,2002-01-20,NULL,NULL,NULL,0,1,
2610,,00017-COMP-DESK-ICT-PTRE-02,"COMPAQ P4:1500 Mhz, RAM:128",ICT,COMPAQ,"P4:1500 Mhz, RAM:128 Gb, HD:- ,140016:-",0,121001,0,0,NULL,120003,9,LT,1,1,130076,190218031403,2019-02-18,053573,2021-02-11 07:32:40.000,0,NULL,NULL,2002-01-20,NULL,NULL,NULL,0,1,
2611,,00018-COMP-DESK-ICT-PTRE-02,"COMPAQ P4:1500 Mhz, RAM:128",ICT,COMPAQ,"P4:1500 Mhz, RAM:128 Gb, HD:- ,140016:-",0,121001,0,0,NULL,120003,9,LT,1,0,NULL,NULL,NULL,053573,2021-02-11 07:32:34.000,0,NULL,NULL,2002-01-20,NULL,NULL,NULL,0,1,
2614,,00021-COMP-DESK-ICT-PTRE-02,"DELL P4:1500 Mhz, RAM:128",ICT,DELL,"P4:1500 Mhz, RAM:128 Mb, HD:40 Gb, 140016:64 MB",0,121001,0,0,NULL,120003,9,LT,1,0,NULL,NULL,NULL,053573,2021-02-11 07:32:22.000,0,NULL,NULL,2002-03-03,NULL,NULL,NULL,0,1,
2615,,00022-COMP-DESK-ICT-PTRE-02,"DELL P4:1500 Mhz, RAM:192",ICT,DELL,"P4:1500 Mhz, RAM:192 Mb, HD:40 Gb, 140016:64 MB",0,121001,0,0,NULL,120003,9,LT,1,0,NULL,NULL,NULL,053573,2021-02-11 07:32:14.000,0,NULL,NULL,2002-03-03,NULL,NULL,NULL,0,1,
2616,,00023-COMP-DESK-ICT-PTRE-02,"Compaq P4:1500 Mhz, RAM:320",ICT,Compaq,"P4:1500 Mhz, RAM:320 Mb, HD:20 Gb, 140016:16 MB",0,121001,0,0,NULL,120003,9,LT,1,0,NULL,NULL,NULL,053573,2021-02-11 07:32:09.000,0,NULL,NULL,2002-03-03,NULL,NULL,NULL,0,1,
2617,,00024-COMP-DESK-ICT-PTRE-02,"DELL P4:1500 Mhz, RAM:128",ICT,DELL,"P4:1500 Mhz, RAM:128 Mb, HD:40 Gb, 140016:64 MB",0,121001,0,0,NULL,120003,9,LT,1,0,NULL,NULL,NULL,053573,2021-02-11 07:32:03.000,0,NULL,NULL,2002-03-03,NULL,NULL,NULL,0,1,
2618,,00025-COMP-DESK-ICT-PTRE-02,"DELL P4:1500 Mhz, RAM:256",ICT,DELL,"P4:1500 Mhz, RAM:256 Mb, HD:40 Gb, 140016:64 MB",0,121001,0,0,NULL,120003,9,LT,1,0,NULL,NULL,NULL,053573,2021-02-11 07:31:56.000,0,NULL,NULL,2002-03-03,NULL,NULL,NULL,0,1,
2619,,00026-COMP-DESK-ICT-PTRE-02,"Rakitan P4:1500 Mhz, RAM:768",ICT,Rakitan,"P4:1500 Mhz, RAM:768 Mb, HD:40 Gb, 140016:64 MB",0,121001,0,0,NULL,120003,9,LT,1,0,NULL,NULL,NULL,053573,2021-02-11 07:31:51.000,0,NULL,NULL,2002-03-11,NULL,NULL,NULL,0,1,
2620,,00027-COMP-DESK-ICT-PTRE-02,"DELL P4:1700 Mhz, RAM:128",ICT,DELL,"P4:1700 Mhz, RAM:128 Mb, HD:20 Gb, 140016:32 MB",0,121001,0,0,NULL,120003,9,LT,1,0,NULL,NULL,NULL,053573,2021-02-11 07:31:41.000,0,NULL,NULL,2002-03-19,NULL,NULL,NULL,0,1,
2621,,00028-COMP-DESK-ICT-PTRE-02,"DELL P4:1700 Mhz, RAM:256",ICT,DELL,"P4:1700 Mhz, RAM:256 Mb, HD:40 Gb, 140016:64 MB",0,121001,0,0,NULL,120003,9,LT,1,0,NULL,NULL,NULL,053573,2021-02-11 07:31:36.000,0,NULL,NULL,2002-03-19,NULL,NULL,NULL,0,1,
2625,,00032-COMP-DESK-ICT-PTRE-02,"HP P4:1600 Mhz, RAM:256",ICT,HP,"P4:1600 Mhz, RAM:256 Mb, HD:20 Gb, 140016:128 MB",0,121001,0,0,NULL,120003,9,LT,1,0,NULL,NULL,NULL,053573,2021-02-11 07:31:31.000,0,NULL,NULL,2002-04-30,NULL,NULL,NULL,0,1,
2626,,00033-COMP-DESK-ICT-PTRE-02,"HP P4:1600 Mhz, RAM:512",ICT,HP,"P4:1600 Mhz, RAM:512 Mb, HD:20 Gb, 140016:128 MB",0,121001,0,0,NULL,120003,9,LT,1,0,NULL,NULL,NULL,053573,2021-02-11 07:31:21.000,0,NULL,NULL,2002-04-30,NULL,NULL,NULL,0,1,
2627,,00034-COMP-DESK-ICT-PTRE-02,"HP P4:1600 Mhz, RAM:512",ICT,HP,"P4:1600 Mhz, RAM:512 Mb, HD:20 Gb, 140016:128 MB",0,121001,0,0,NULL,120003,9,LT,1,0,NULL,NULL,NULL,053573,2021-02-11 07:31:15.000,0,NULL,NULL,2002-04-30,NULL,NULL,NULL,0,1,
2628,,00035-COMP-DESK-ICT-PTRE-02,"HP P4:1600 Mhz, RAM:256",ICT,HP,"P4:1600 Mhz, RAM:256 Mb, HD:40 Gb, 140016:16 MB",0,121001,0,0,NULL,120003,9,LT,1,0,NULL,NULL,NULL,053573,2021-02-11 07:31:08.000,0,NULL,NULL,2002-04-30,NULL,NULL,NULL,0,1,
2629,,00036-COMP-DESK-ICT-PTRE-02,"HP P4:1600 Mhz, RAM:768",ICT,HP,"P4:1600 Mhz, RAM:768 Mb, HD:20 Gb, 140016:128 MB",0,121001,0,0,NULL,120003,9,LT,1,0,NULL,NULL,NULL,053573,2021-02-11 07:31:03.000,0,NULL,NULL,2002-04-30,NULL,NULL,NULL,0,1,
2630,,00037-COMP-DESK-ICT-PTRE-02,"HP P4:1600 Mhz, RAM:512",ICT,HP,"P4:1600 Mhz, RAM:512 Mb, HD:20 Gb, 140016:32 MB",0,121001,0,0,NULL,120003,9,LT,1,0,NULL,NULL,NULL,053573,2021-02-11 07:30:58.000,0,NULL,NULL,2002-04-30,NULL,NULL,NULL,0,1,
2631,,00038-COMP-DESK-ICT-PTRE-02,"HP P4:1600 Mhz, RAM:128",ICT,HP,"P4:1600 Mhz, RAM:128 Mb, HD:20 Gb, 140016:128 MB",0,121001,0,0,NULL,120003,9,LT,1,0,NULL,NULL,NULL,053573,2021-02-11 07:30:52.000,0,NULL,NULL,2002-04-30,NULL,NULL,NULL,0,1,
2632,,00039-COMP-DESK-ICT-PTRE-02,"HP P4:1600 Mhz, RAM:128",ICT,HP,"P4:1600 Mhz, RAM:128 Mb, HD:20 Gb, 140016:128 MB",0,121001,0,0,NULL,120003,9,LT,1,0,NULL,NULL,NULL,053573,2021-02-11 07:30:47.000,0,NULL,NULL,2002-04-30,NULL,NULL,NULL,0,1,
2633,,00040-COMP-DESK-ICT-PTRE-02,"HP P4:1600 Mhz, RAM:1 G",ICT,HP,"P4:1600 Mhz, RAM:1 Gb, HD:20 Gb, 140016:128 MB",0,121001,0,0,NULL,120003,9,LT,1,0,NULL,NULL,NULL,053573,2021-02-11 07:30:41.000,0,NULL,NULL,2002-04-30,NULL,NULL,NULL,0,1,
2634,,00041-COMP-DESK-ICT-PTRE-02,"HP P4:1600 Mhz, RAM:512",ICT,HP,"P4:1600 Mhz, RAM:512 Mb, HD:20 Gb, 140016:128 MB",0,121001,0,0,NULL,120003,9,LT,1,0,NULL,NULL,NULL,053573,2021-02-11 07:30:35.000,0,NULL,NULL,2002-04-30,NULL,NULL,NULL,0,1,
2643,,00050-COMP-DESK-ICT-PTRE-03,"Rakitan P4:1500 Mhz, RAM:512",ICT,Rakitan,"P4:1500 Mhz, RAM:512 Mb, HD:40 Gb, 140016:64 MB",0,121001,0,0,NULL,120003,9,LT,1,0,NULL,NULL,NULL,053573,2021-02-11 07:30:26.000,0,NULL,NULL,2003-01-08,NULL,NULL,NULL,0,1,
2644,,00051-COMP-DESK-ICT-PTRE-03,"Rakitan P4:1800 Mhz, RAM:256",ICT,Rakitan,"P4:1800 Mhz, RAM:256 Mb, HD:80 Gb, 140016:64 MB",0,121001,0,0,NULL,120003,9,LT,1,0,NULL,NULL,NULL,053573,2021-02-11 07:30:19.000,0,NULL,NULL,2003-01-08,NULL,NULL,NULL,0,1,
2646,,00053-COMP-DESK-ICT-PTRE-03,"Rakitan P4:1800 Mhz, RAM:256",ICT,Rakitan,"P4:1800 Mhz, RAM:256 Mb, HD:40 Gb + 20 Gb, 140016:64 MB",0,121001,0,0,NULL,120003,9,LT,1,0,NULL,NULL,NULL,053573,2021-02-11 07:30:12.000,0,NULL,NULL,2003-01-08,NULL,NULL,NULL,0,1,
2647,,00054-COMP-DESK-ICT-PTRE-03,"Rakitan P4:1700 Mhz, RAM:512",ICT,Rakitan,"P4:1700 Mhz, RAM:512 Mb, HD:40 Gb, 140016:64 MB",0,121001,0,0,NULL,120003,9,LT,1,0,NULL,NULL,NULL,053573,2021-02-11 07:30:06.000,0,NULL,NULL,2003-01-08,NULL,NULL,NULL,0,1,
2662,,00069-COMP-DESK-ICT-PTRE-03,"Rakitan P4:1800 Mhz, RAM:512",ICT,Rakitan,"P4:1800 Mhz, RAM:512 Mb, HD:40 Gb, 140016:64 MB",0,121001,0,0,NULL,120003,9,LT,1,0,NULL,NULL,NULL,053573,2021-02-11 07:30:01.000,0,NULL,NULL,2003-04-22,NULL,NULL,NULL,0,1,
2664,,00071-COMP-DESK-ICT-PTRE-03,"Rakitan P4:1800 Mhz, RAM:896",ICT,Rakitan,"P4:1800 Mhz, RAM:896 Mb, HD:40 Gb, 140016:64 MB",0,121001,0,0,NULL,120003,9,LT,1,0,NULL,NULL,NULL,053573,2021-02-11 07:29:54.000,0,NULL,NULL,2003-04-22,NULL,NULL,NULL,0,1,
2667,,00074-COMP-DESK-ICT-PTRE-03,"Rakitan P4:2000 Mhz, RAM:768",ICT,Rakitan,"P4:2000 Mhz, RAM:768 Mb, HD:40 Gb, 140016:64 MB",0,121001,0,0,NULL,120003,9,LT,1,0,NULL,NULL,NULL,053573,2021-02-11 07:29:49.000,0,NULL,NULL,2003-04-22,NULL,NULL,NULL,0,1,
2669,,00076-COMP-DESK-ICT-PTRE-03,"Rakitan P4:1800 Mhz, RAM:768",ICT,Rakitan,"P4:1800 Mhz, RAM:768 Mb, HD:40 Gb, 140016:64 MB",0,121001,0,0,NULL,120003,9,LT,1,0,NULL,NULL,NULL,053573,2021-02-11 07:29:43.000,0,NULL,NULL,2003-04-22,NULL,NULL,NULL,0,1,
2671,,00078-COMP-DESK-ICT-PTRE-03,"Rakitan P4:2000 Mhz, RAM:768",ICT,Rakitan,"P4:2000 Mhz, RAM:768 Mb, HD:40 Gb, 140016:64 MB",0,121001,0,0,NULL,120003,9,LT,1,0,NULL,NULL,NULL,053573,2021-02-11 07:29:37.000,0,NULL,NULL,2003-04-22,NULL,NULL,NULL,0,1,
2673,,00080-COMP-DESK-ICT-PTRE-03,"Rakitan P4:1800 Mhz, RAM:512",ICT,Rakitan,"P4:1800 Mhz, RAM:512 Mb, HD:40 Gb, 140016:64 MB",0,121001,0,0,NULL,120003,9,LT,1,0,NULL,NULL,NULL,053573,2021-02-11 07:29:31.000,0,NULL,NULL,2003-04-22,NULL,NULL,NULL,0,1,
2675,,00082-COMP-DESK-ICT-PTRE-03,"Rakitan P4:1700 Mhz, RAM:512",ICT,Rakitan,"P4:1700 Mhz, RAM:512 Mb, HD:40 Gb, 140016:64 MB",0,121001,0,0,NULL,120003,9,LT,1,0,NULL,NULL,NULL,053573,2021-02-11 07:29:25.000,0,NULL,NULL,2003-04-22,NULL,NULL,NULL,0,1,
2677,,00084-COMP-DESK-ICT-PTRE-03,"Rakitan P4:2000 Mhz, RAM:768",ICT,Rakitan,"P4:2000 Mhz, RAM:768 Mb, HD:40 Gb, 140016:64 MB",0,121001,0,0,NULL,120003,9,LT,1,0,NULL,NULL,NULL,053573,2021-02-11 07:29:19.000,0,NULL,NULL,2003-04-22,NULL,NULL,NULL,0,1,
2679,,00086-COMP-DESK-ICT-PTRE-03,"Rakitan P4:1800 Mhz, RAM:512",ICT,Rakitan,"P4:1800 Mhz, RAM:512 Mb, HD:40 Gb, 140016:64 MB",0,121001,0,0,NULL,120003,9,LT,1,0,NULL,NULL,NULL,053573,2021-02-11 07:29:12.000,0,NULL,NULL,2003-04-22,NULL,NULL,NULL,0,1,
2681,,00088-COMP-DESK-ICT-PTRE-03,"Rakitan P4:1800 Mhz, RAM:768",ICT,Rakitan,"P4:1800 Mhz, RAM:768 Mb, HD:40 Gb, 140016:64 MB",0,121001,0,0,NULL,120003,9,LT,1,0,NULL,NULL,NULL,053573,2021-02-11 07:29:07.000,0,NULL,NULL,2003-04-22,NULL,NULL,NULL,0,1,
2683,,00090-COMP-DESK-ICT-PTRE-03,"Rakitan P4:1800 Mhz, RAM:768",ICT,Rakitan,"P4:1800 Mhz, RAM:768 Mb, HD:40 Gb, 140016:64 MB",0,121001,0,0,NULL,120003,9,LT,1,0,NULL,NULL,NULL,053573,2021-02-11 07:29:02.000,0,NULL,NULL,2003-04-22,NULL,NULL,NULL,0,1,
2685,,00092-COMP-DESK-ICT-PTRE-03,"Rakitan P4:1800 Mhz, RAM:768",ICT,Rakitan,"P4:1800 Mhz, RAM:768 Mb, HD:40 Gb, 140016:64 MB",0,121001,0,0,NULL,120003,9,LT,1,0,NULL,NULL,NULL,053573,2021-02-11 07:28:56.000,0,NULL,NULL,2003-04-22,NULL,NULL,NULL,0,1,
2687,,00094-COMP-DESK-ICT-PTRE-03,"Rakitan P4:1700 Mhz, RAM:768",ICT,Rakitan,"P4:1700 Mhz, RAM:768 Mb, HD:40 Gb, 140016:64 MB",0,121001,0,0,NULL,120003,9,LT,1,0,NULL,NULL,NULL,053573,2021-02-11 07:28:51.000,0,NULL,NULL,2003-04-22,NULL,NULL,NULL,0,1,
2689,,00096-COMP-DESK-ICT-PTRE-03,"Rakitan P4:1700 Mhz, RAM:768",ICT,Rakitan,"P4:1700 Mhz, RAM:768 Mb, HD:40 Gb, 140016:64 MB",0,121001,0,0,NULL,120003,9,LT,1,0,NULL,NULL,NULL,053573,2021-02-11 07:28:41.000,0,NULL,NULL,2003-04-22,NULL,NULL,NULL,0,1,
2691,,00098-COMP-DESK-ICT-PTRE-03,"Rakitan P4:1800 Mhz, RAM:768",ICT,Rakitan,"P4:1800 Mhz, RAM:768 Mb, HD:40 Gb, 140016:64 MB",0,121001,0,0,NULL,120003,9,LT,1,0,NULL,NULL,NULL,053573,2021-02-11 07:28:35.000,0,NULL,NULL,2003-04-22,NULL,NULL,NULL,0,1,
2693,,00100-COMP-DESK-ICT-PTRE-03,"Rakitan P4:1800 Mhz, RAM:768",ICT,Rakitan,"P4:1800 Mhz, RAM:768 Mb, HD:40 Gb, 140016:64 MB",0,121001,0,0,NULL,120003,9,LT,1,0,NULL,NULL,NULL,053573,2021-02-11 07:28:30.000,0,NULL,NULL,2003-04-22,NULL,NULL,NULL,0,1,
2695,,00102-COMP-DESK-ICT-PTRE-03,"Rakitan P4:1800 Mhz, RAM:512",ICT,Rakitan,"P4:1800 Mhz, RAM:512 Mb, HD:40 Gb, 140016:64 MB",0,121001,0,0,NULL,120003,9,LT,1,0,NULL,NULL,NULL,053573,2021-02-11 07:28:25.000,0,NULL,NULL,2003-04-22,NULL,NULL,NULL,0,1,
2697,,00104-COMP-DESK-ICT-PTRE-03,"Rakitan P4:1800 Mhz, RAM:512",ICT,Rakitan,"P4:1800 Mhz, RAM:512 Mb, HD:40 Gb, 140016:64 MB",0,121001,0,0,NULL,120003,9,LT,1,0,NULL,NULL,NULL,053573,2021-02-11 07:28:20.000,0,NULL,NULL,2003-04-22,NULL,NULL,NULL,0,1,
2699,,00106-COMP-DESK-ICT-PTRE-03,"Rakitan P4:1700 Mhz, RAM:512",ICT,Rakitan,"P4:1700 Mhz, RAM:512 Mb, HD:40 Gb, 140016:64 MB",0,121001,0,0,NULL,120003,9,LT,1,0,NULL,NULL,NULL,053573,2021-02-11 07:28:15.000,0,NULL,NULL,2003-04-22,NULL,NULL,NULL,0,1,
2701,,00108-COMP-DESK-ICT-PTRE-03,"Rakitan P4:1700 Mhz, RAM:512",ICT,Rakitan,"P4:1700 Mhz, RAM:512 Mb, HD:40 Gb, 140016:64 MB",0,121001,0,0,NULL,120003,9,LT,1,0,NULL,NULL,NULL,053573,2021-02-11 07:28:09.000,0,NULL,NULL,2003-05-05,NULL,NULL,NULL,0,1,
2702,,00109-COMP-DESK-ICT-PTRE-03,"Rakitan P4:1700 Mhz, RAM:256",ICT,Rakitan,"P4:1700 Mhz, RAM:256 Mb, HD:40 Gb, 140016:64 MB",0,121001,0,0,NULL,120003,9,LT,1,0,NULL,NULL,NULL,053573,2021-02-11 07:27:58.000,0,NULL,NULL,2003-05-14,NULL,NULL,NULL,0,1,
2706,,00113-COMP-DESK-ICT-PTRE-03,"Rakitan P4:1800 Mhz, RAM:256",ICT,Rakitan,"P4:1800 Mhz, RAM:256 Mb, HD:40 Gb, 140016:64 MB",0,121001,0,0,NULL,120003,9,LT,1,0,NULL,NULL,NULL,053573,2021-02-11 07:27:54.000,0,NULL,NULL,2003-05-14,NULL,NULL,NULL,0,1,
2708,,00115-COMP-DESK-ICT-PTRE-03,"Rakitan P4:1700 Mhz, RAM:768",ICT,Rakitan,"P4:1700 Mhz, RAM:768 Mb, HD:40 Gb, 140016:64 MB",0,121001,0,0,NULL,120003,9,LT,1,0,NULL,NULL,NULL,053573,2021-02-11 07:27:48.000,0,NULL,NULL,2003-05-14,NULL,NULL,NULL,0,1,
2711,,00118-COMP-DESK-ICT-PTRE-03,"Rakitan P4:1800 Mhz, RAM:512",ICT,Rakitan,"P4:1800 Mhz, RAM:512 Mb, HD:40 Gb, 140016:64 MB",0,121001,0,0,NULL,120003,9,LT,1,0,NULL,NULL,NULL,053573,2021-02-11 07:27:44.000,0,NULL,NULL,2003-05-14,NULL,NULL,NULL,0,1,
2712,,00119-COMP-DESK-ICT-PTRE-03,"Rakitan P4:1800 Mhz, RAM:768",ICT,Rakitan,"P4:1800 Mhz, RAM:768 Mb, HD:40 Gb, 140016:64 MB",0,121001,0,0,NULL,120003,9,LT,1,0,NULL,NULL,NULL,053573,2021-02-11 07:27:39.000,0,NULL,NULL,2003-05-14,NULL,NULL,NULL,0,1,
2714,,00121-COMP-DESK-ICT-PTRE-03,"Rakitan P4:1800 Mhz, RAM:640",ICT,Rakitan,"P4:1800 Mhz, RAM:640 Mb, HD:40 Gb, 140016:64 MB",0,121001,0,0,NULL,120003,9,LT,1,0,NULL,NULL,NULL,053573,2021-02-11 07:27:30.000,0,NULL,NULL,2003-05-14,NULL,NULL,NULL,0,1,
2717,,00124-COMP-DESK-ICT-PTRE-03,"Rakitan P4:1800 Mhz, RAM:256",ICT,Rakitan,"P4:1800 Mhz, RAM:256 Mb, HD:40 Gb, 140016:64 MB",0,121001,0,0,NULL,120003,9,LT,1,0,NULL,NULL,NULL,053573,2021-02-11 07:27:24.000,0,NULL,NULL,2003-05-14,NULL,NULL,NULL,0,1,
2719,,00126-COMP-DESK-ICT-PTRE-03,"Rakitan P4:1800 Mhz, RAM:768",ICT,Rakitan,"P4:1800 Mhz, RAM:768 Mb, HD:20 Gb, 140016:64 MB",0,121001,0,0,NULL,120003,9,LT,1,0,NULL,NULL,NULL,053573,2021-02-11 07:27:18.000,0,NULL,NULL,2003-05-14,NULL,NULL,NULL,0,1,
2721,,00128-COMP-DESK-ICT-PTRE-03,"Rakitan P4:1800 Mhz, RAM:512",ICT,Rakitan,"P4:1800 Mhz, RAM:512 Mb, HD:40 Gb, 140016:64 MB",0,121001,0,0,NULL,120003,9,LT,1,0,NULL,NULL,NULL,053573,2021-02-11 07:27:13.000,0,NULL,NULL,2003-05-14,NULL,NULL,NULL,0,1,
2723,,00130-COMP-DESK-ICT-PTRE-03,"Rakitan P4:1800 Mhz, RAM:512",ICT,Rakitan,"P4:1800 Mhz, RAM:512 Mb, HD:40 Gb, 140016:64 MB",0,121001,0,0,NULL,120003,9,LT,1,0,NULL,NULL,NULL,053573,2021-02-11 07:27:08.000,0,NULL,NULL,2003-05-14,NULL,NULL,NULL,0,1,
2725,,00132-COMP-DESK-ICT-PTRE-03,"Rakitan P4:1800 Mhz, RAM:640",ICT,Rakitan,"P4:1800 Mhz, RAM:640 Mb, HD:40 Gb, 140016:64 MB",0,121001,0,0,NULL,120003,9,LT,1,0,NULL,NULL,NULL,053573,2021-02-11 07:27:04.000,0,NULL,NULL,2003-05-14,NULL,NULL,NULL,0,1,
2727,,00134-COMP-DESK-ICT-PTRE-03,"Rakitan P4:1800 Mhz, RAM:512",ICT,Rakitan,"P4:1800 Mhz, RAM:512 Mb, HD:80 Gb, 140016:64 MB",0,121001,0,0,NULL,120003,9,LT,1,0,NULL,NULL,NULL,053573,2021-02-11 07:26:59.000,0,NULL,NULL,2003-05-14,NULL,NULL,NULL,0,1,
2731,,00138-COMP-DESK-ICT-PTRE-03,"Rakitan P4:1800 Mhz, RAM:768",ICT,Rakitan,"P4:1800 Mhz, RAM:768 Mb, HD:40 Gb, 140016:64 MB",0,121001,0,0,NULL,120003,9,LT,1,0,NULL,NULL,NULL,053573,2021-02-11 07:26:53.000,0,NULL,NULL,2003-05-14,NULL,NULL,NULL,0,1,
2733,,00140-COMP-DESK-ICT-PTRE-03,"Rakitan P4:1800 Mhz, RAM:640",ICT,Rakitan,"P4:1800 Mhz, RAM:640 Mb, HD:40 Gb, 140016:64 MB",0,121001,0,0,NULL,120003,9,LT,1,0,NULL,NULL,NULL,053573,2021-02-11 07:26:47.000,0,NULL,NULL,2003-05-14,NULL,NULL,NULL,0,1,
2735,,00142-COMP-DESK-ICT-PTRE-03,"Rakitan P4:1800 Mhz, RAM:512",ICT,Rakitan,"P4:1800 Mhz, RAM:512 Mb, HD:40 Gb, 140016:64 MB",0,121001,0,0,NULL,120003,9,LT,1,0,NULL,NULL,NULL,053573,2021-02-11 07:26:40.000,0,NULL,NULL,2003-05-14,NULL,NULL,NULL,0,1,
2737,,00144-COMP-DESK-ICT-PTRE-03,"Rakitan P4:1800 Mhz, RAM:512",ICT,Rakitan,"P4:1800 Mhz, RAM:512 Mb, HD:40 Gb, 140016:64 MB",0,121001,0,0,NULL,120003,9,LT,1,0,NULL,NULL,NULL,053573,2021-02-11 07:26:34.000,0,NULL,NULL,2003-05-14,NULL,NULL,NULL,0,1,
2740,,00147-COMP-DESK-ICT-PTRE-03,"Rakitan P4:1800 Mhz, RAM:512",ICT,Rakitan,"P4:1800 Mhz, RAM:512 Mb, HD:40 Gb, 140016:64 MB",0,121001,0,0,NULL,120003,9,LT,1,0,NULL,NULL,NULL,053573,2021-02-11 07:26:29.000,0,NULL,NULL,2003-05-14,NULL,NULL,NULL,0,1,
2742,,00149-COMP-DESK-ICT-PTRE-03,"Rakitan P4:1800 Mhz, RAM:640",ICT,Rakitan,"P4:1800 Mhz, RAM:640 Mb, HD:40 Gb, 140016:64 MB",0,121001,0,0,NULL,120003,9,LT,1,0,NULL,NULL,NULL,053573,2021-02-11 07:26:22.000,0,NULL,NULL,2003-05-14,NULL,NULL,NULL,0,1,
2744,,00151-COMP-DESK-ICT-PTRE-03,"Rakitan P4:1800 Mhz, RAM:512",ICT,Rakitan,"P4:1800 Mhz, RAM:512 Mb, HD:40 Gb, 140016:64 MB",0,121001,0,0,NULL,120003,9,LT,1,0,NULL,NULL,NULL,053573,2021-02-11 07:26:16.000,0,NULL,NULL,2003-05-14,NULL,NULL,NULL,0,1,
2746,,00153-COMP-DESK-ICT-PTRE-03,"Rakitan P4:1800 Mhz, RAM:640",ICT,Rakitan,"P4:1800 Mhz, RAM:640 Mb, HD:40 Gb, 140016:64 MB",0,121001,0,0,NULL,120003,9,LT,1,0,NULL,NULL,NULL,053573,2021-02-11 07:26:11.000,0,NULL,NULL,2003-05-14,NULL,NULL,NULL,0,1,
2749,,00156-COMP-DESK-ICT-PTRE-03,"Rakitan P4:1800 Mhz, RAM:768",ICT,Rakitan,"P4:1800 Mhz, RAM:768 Mb, HD:40 Gb, 140016:64 MB",0,121001,0,0,NULL,120003,9,LT,1,0,NULL,NULL,NULL,053573,2021-02-11 07:26:04.000,0,NULL,NULL,2003-05-14,NULL,NULL,NULL,0,1,
2752,,00159-COMP-DESK-ICT-PTRE-03,"Rakitan P4:1800 Mhz, RAM:256",ICT,Rakitan,"P4:1800 Mhz, RAM:256 Mb, HD:40 Gb, 140016:64 MB",0,121001,0,0,NULL,120003,9,LT,1,0,NULL,NULL,NULL,053573,2021-02-11 07:25:57.000,0,NULL,NULL,2003-06-10,NULL,NULL,NULL,0,1,
2754,,00161-COMP-DESK-ICT-PTRE-03,"Rakitan P4:1800 Mhz, RAM:512",ICT,Rakitan,"P4:1800 Mhz, RAM:512 Mb, HD:40 Gb, 140016:64 MB",0,121001,0,0,NULL,120003,9,LT,1,0,NULL,NULL,NULL,053573,2021-02-11 07:25:52.000,0,NULL,NULL,2003-06-10,NULL,NULL,NULL,0,1,
2756,,00163-COMP-DESK-ICT-PTRE-03,"Rakitan P4:1800 Mhz, RAM:256",ICT,Rakitan,"P4:1800 Mhz, RAM:256 Mb, HD:40 Gb, 140016:64 MB",0,121001,0,0,NULL,120003,9,LT,1,0,NULL,NULL,NULL,053573,2021-02-11 07:25:44.000,0,NULL,NULL,2003-06-10,NULL,NULL,NULL,0,1,
2758,,00165-COMP-DESK-ICT-PTRE-03,"Rakitan P4:1700 Mhz, RAM:512",ICT,Rakitan,"P4:1700 Mhz, RAM:512 Mb, HD:40 Gb, 140016:64 MB",0,121001,0,0,NULL,120003,9,LT,1,0,NULL,NULL,NULL,053573,2021-02-11 07:25:39.000,0,NULL,NULL,2003-06-10,NULL,NULL,NULL,0,1,
2760,,00167-COMP-DESK-ICT-PTRE-03,"Rakitan P4:1700 Mhz, RAM:256",ICT,Rakitan,"P4:1700 Mhz, RAM:256 Mb, HD:40 Gb, 140016:64 MB",0,121001,0,0,NULL,120003,9,LT,1,0,NULL,NULL,NULL,053573,2021-02-11 07:25:33.000,0,NULL,NULL,2003-06-10,NULL,NULL,NULL,0,1,
2762,,00169-COMP-DESK-ICT-PTRE-03,"Rakitan P4:1800 Mhz, RAM:512",ICT,Rakitan,"P4:1800 Mhz, RAM:512 Mb, HD:40 Gb, 140016:64 MB",0,121001,0,0,NULL,120003,9,LT,1,0,NULL,NULL,NULL,053573,2021-02-11 07:25:27.000,0,NULL,NULL,2003-06-10,NULL,NULL,NULL,0,1,
2764,,00171-COMP-DESK-ICT-PTRE-03,"Rakitan P4:2000 Mhz, RAM:640",ICT,Rakitan,"P4:2000 Mhz, RAM:640 Mb, HD:40 Gb, 140016:64 MB",0,121001,0,0,NULL,120003,9,LT,1,0,NULL,NULL,NULL,053573,2021-02-11 07:24:44.000,0,NULL,NULL,2003-06-10,NULL,NULL,NULL,0,1,
2766,,00173-COMP-DESK-ICT-PTRE-03,"Rakitan P4:1800 Mhz, RAM:256",ICT,Rakitan,"P4:1800 Mhz, RAM:256 Mb, HD:40 Gb, 140016:64 MB",0,121001,0,0,NULL,120003,9,LT,1,0,NULL,NULL,NULL,053573,2021-02-11 07:24:31.000,0,NULL,NULL,2003-06-10,NULL,NULL,NULL,0,1,
2768,,00175-COMP-DESK-ICT-PTRE-03,"Rakitan P4:1700 Mhz, RAM:256",ICT,Rakitan,"P4:1700 Mhz, RAM:256 Mb, HD:40 Gb, 140016:64 MB",0,121001,0,0,NULL,120003,9,LT,1,0,NULL,NULL,NULL,053573,2021-02-11 07:24:25.000,0,NULL,NULL,2003-06-10,NULL,NULL,NULL,0,1,
2770,,00177-COMP-DESK-ICT-PTRE-03,"Rakitan P4:1800 Mhz, RAM:512",ICT,Rakitan,"P4:1800 Mhz, RAM:512 Mb, HD:40 Gb, 140016:64 MB",0,121001,0,0,NULL,120003,9,LT,1,0,NULL,NULL,NULL,053573,2021-02-11 07:24:18.000,0,NULL,NULL,2003-06-10,NULL,NULL,NULL,0,1,
2772,,00179-COMP-DESK-ICT-PTRE-03,"Rakitan P4:1700 Mhz, RAM:512",ICT,Rakitan,"P4:1700 Mhz, RAM:512 Mb, HD:40 Gb, 140016:64 MB",0,121001,0,0,NULL,120003,9,LT,1,0,NULL,NULL,NULL,053573,2021-02-11 07:24:13.000,0,NULL,NULL,2003-06-10,NULL,NULL,NULL,0,1,
2774,,00181-COMP-DESK-ICT-PTRE-03,"Rakitan P4:1800 Mhz, RAM:768",ICT,Rakitan,"P4:1800 Mhz, RAM:768 Mb, HD:40 Gb, 140016:64 MB",0,121001,0,0,NULL,120003,9,LT,1,0,NULL,NULL,NULL,053573,2021-02-11 07:24:02.000,0,NULL,NULL,2003-06-10,NULL,NULL,NULL,0,1,
2776,,00183-COMP-DESK-ICT-PTRE-03,"Rakitan P4:1700 Mhz, RAM:512",ICT,Rakitan,"P4:1700 Mhz, RAM:512 Mb, HD:40 Gb, 140016:64 MB",0,121001,0,0,NULL,120003,9,LT,1,0,NULL,NULL,NULL,053573,2021-02-11 07:23:57.000,0,NULL,NULL,2003-06-10,NULL,NULL,NULL,0,1,
2778,,00185-COMP-DESK-ICT-PTRE-03,"Rakitan P4:1500 Mhz, RAM:512",ICT,Rakitan,"P4:1500 Mhz, RAM:512 Mb, HD:40 Gb, 140016:64 MB",0,121001,0,0,NULL,120003,9,LT,1,0,NULL,NULL,NULL,053573,2021-02-11 07:23:51.000,0,NULL,NULL,2003-06-10,NULL,NULL,NULL,0,1,
2780,,00187-COMP-DESK-ICT-PTRE-03,"Rakitan P4:1700 Mhz, RAM:512",ICT,Rakitan,"P4:1700 Mhz, RAM:512 Mb, HD:40 Gb, 140016:64 MB",0,121001,0,0,NULL,120003,9,LT,1,0,NULL,NULL,NULL,053573,2021-02-11 07:23:45.000,0,NULL,NULL,2003-06-10,NULL,NULL,NULL,0,1,
2783,,00190-COMP-DESK-ICT-PTRE-03,"Rakitan P4:2000 Mhz, RAM:1 G",ICT,Rakitan,"P4:2000 Mhz, RAM:1 Gb, HD:80 Gb, 140016:128 MB",0,121001,0,0,NULL,120003,9,LT,1,0,NULL,NULL,NULL,053573,2021-02-11 07:23:37.000,0,NULL,NULL,2003-06-12,NULL,NULL,NULL,0,1,
2800,,00207-COMP-DESK-ICT-PTRE-03,"Rakitan P4:1700 Mhz, RAM:128",ICT,Rakitan,"P4:1700 Mhz, RAM:128 Gb, HD:- ,140016:-",0,121001,0,0,NULL,120003,9,LT,1,0,NULL,NULL,NULL,053573,2021-02-11 07:23:29.000,0,NULL,NULL,2003-06-28,NULL,NULL,NULL,0,1,
2801,,00208-COMP-DESK-ICT-PTRE-03,"Rakitan P4:1700 Mhz, RAM:128",ICT,Rakitan,"P4:1700 Mhz, RAM:128 Gb, HD:- ,140016:-",0,121001,0,0,NULL,120003,9,LT,1,0,NULL,NULL,NULL,053573,2021-02-11 07:23:22.000,0,NULL,NULL,2003-06-28,NULL,NULL,NULL,0,1,
2802,,00209-COMP-DESK-ICT-PTRE-03,"Rakitan P4:1700 Mhz, RAM:128",ICT,Rakitan,"P4:1700 Mhz, RAM:128 Gb, HD:- ,140016:-",0,121001,0,0,NULL,120003,9,LT,1,0,NULL,NULL,NULL,053573,2021-02-11 07:23:15.000,0,NULL,NULL,2003-06-28,NULL,NULL,NULL,0,1,
2803,,00210-COMP-DESK-ICT-PTRE-03,"Rakitan P4:1800 Mhz, RAM:128",ICT,Rakitan,"P4:1800 Mhz, RAM:128 Gb, HD:- ,140016:-",0,121001,0,0,NULL,120003,9,LT,1,0,NULL,NULL,NULL,053573,2021-02-11 07:23:07.000,0,NULL,NULL,2003-06-28,NULL,NULL,NULL,0,1,
2804,,00211-COMP-DESK-ICT-PTRE-03,"Rakitan P4:1800 Mhz, RAM:128",ICT,Rakitan,"P4:1800 Mhz, RAM:128 Gb, HD:- ,140016:-",0,121001,0,0,NULL,120003,9,LT,1,0,NULL,NULL,NULL,053573,2021-02-11 07:23:00.000,0,NULL,NULL,2003-06-28,NULL,NULL,NULL,0,1,
2805,,00212-COMP-DESK-ICT-PTRE-03,"Rakitan P4:1800 Mhz, RAM:128",ICT,Rakitan,"P4:1800 Mhz, RAM:128 Gb, HD:- ,140016:-",0,121001,0,0,NULL,120003,9,LT,1,0,NULL,NULL,NULL,053573,2021-02-11 07:22:53.000,0,NULL,NULL,2003-06-28,NULL,NULL,NULL,0,1,
2806,,00213-COMP-DESK-ICT-PTRE-03,"Rakitan P4:1800 Mhz, RAM:128",ICT,Rakitan,"P4:1800 Mhz, RAM:128 Gb, HD:- ,140016:-",0,121001,0,0,NULL,120003,9,LT,1,0,NULL,NULL,NULL,053573,2021-02-11 07:22:46.000,0,NULL,NULL,2003-06-28,NULL,NULL,NULL,0,1,
2807,,00214-COMP-DESK-ICT-PTRE-03,"Rakitan P4:1800 Mhz, RAM:128",ICT,Rakitan,"P4:1800 Mhz, RAM:128 Gb, HD:- ,140016:-",0,121001,0,0,NULL,120003,9,LT,1,0,NULL,NULL,NULL,053573,2021-02-11 07:22:36.000,0,NULL,NULL,2003-06-28,NULL,NULL,NULL,0,1,
2808,,00215-COMP-DESK-ICT-PTRE-03,"Rakitan P4:1800 Mhz, RAM:128",ICT,Rakitan,"P4:1800 Mhz, RAM:128 Gb, HD:- ,140016:-",0,121001,0,0,NULL,120003,9,LT,1,0,NULL,NULL,NULL,053573,2021-02-11 07:22:28.000,0,NULL,NULL,2003-06-28,NULL,NULL,NULL,0,1,
2809,,00216-COMP-DESK-ICT-PTRE-03,"Rakitan P4:1800 Mhz, RAM:128",ICT,Rakitan,"P4:1800 Mhz, RAM:128 Gb, HD:- ,140016:-",0,121001,0,0,NULL,120003,9,LT,1,0,NULL,NULL,NULL,053573,2021-02-11 07:22:23.000,0,NULL,NULL,2003-06-28,NULL,NULL,NULL,0,1,
2810,,00217-COMP-DESK-ICT-PTRE-03,"Rakitan P4:1800 Mhz, RAM:512",ICT,Rakitan,"P4:1800 Mhz, RAM:512 Mb, HD:40 Gb, 140016:64 MB",0,121001,0,0,NULL,120003,9,LT,1,0,NULL,NULL,NULL,053573,2021-02-11 07:22:17.000,0,NULL,NULL,2003-06-28,NULL,NULL,NULL,0,1,
2812,,00219-COMP-DESK-ICT-PTRE-03,"Rakitan P4:1800 Mhz, RAM:1 G",ICT,Rakitan,"P4:1800 Mhz, RAM:1 Gb, HD:40 Gb, 140016:64 MB",0,121001,0,0,NULL,120003,9,LT,1,0,NULL,NULL,NULL,053573,2021-02-11 07:22:11.000,0,NULL,NULL,2003-06-28,NULL,NULL,NULL,0,1,
2814,,00221-COMP-DESK-ICT-PTRE-03,"Rakitan P4:1800 Mhz, RAM:1 G",ICT,Rakitan,"P4:1800 Mhz, RAM:1 Gb, HD:40 Gb, 140016:64 MB",0,121001,0,0,NULL,120003,9,LT,1,0,NULL,NULL,NULL,053573,2021-02-11 07:22:05.000,0,NULL,NULL,2003-06-28,NULL,NULL,NULL,0,1,
2816,,00223-COMP-DESK-ICT-PTRE-03,"Rakitan P4:1800 Mhz, RAM:1 G",ICT,Rakitan,"P4:1800 Mhz, RAM:1 Gb, HD:40 Gb, 140016:64 MB",0,121001,0,0,NULL,120003,9,LT,1,1,063614,201110110345,2020-11-10,053573,2021-02-11 07:21:59.000,0,NULL,NULL,2003-06-28,NULL,NULL,NULL,0,1,
2818,,00225-COMP-DESK-ICT-PTRE-03,"Rakitan P4:1800 Mhz, RAM:512",ICT,Rakitan,"P4:1800 Mhz, RAM:512 Mb, HD:40 Gb, 140016:64 MB",0,121001,0,0,NULL,120003,9,LT,1,0,NULL,NULL,NULL,053573,2021-02-11 07:21:52.000,0,NULL,NULL,2003-06-28,NULL,NULL,NULL,0,1,
2821,,00228-COMP-DESK-ICT-PTRE-03,"Rakitan P4:1800 Mhz, RAM:512",ICT,Rakitan,"P4:1800 Mhz, RAM:512 Mb, HD:40 Gb, 140016:64 MB",0,121001,0,0,NULL,120003,9,LT,1,0,NULL,NULL,NULL,053573,2021-02-11 07:21:44.000,0,NULL,NULL,2003-06-28,NULL,NULL,NULL,0,1,
2823,,00230-COMP-DESK-ICT-PTRE-03,"Rakitan P4:2000 Mhz, RAM:1 G",ICT,Rakitan,"P4:2000 Mhz, RAM:1 Gb, HD:40 Gb, 140016:64 MB",0,121001,0,0,NULL,120003,9,LT,1,0,NULL,NULL,NULL,053573,2021-02-11 07:21:38.000,0,NULL,NULL,2003-06-28,NULL,NULL,NULL,0,1,
2825,,00232-COMP-DESK-ICT-PTRE-03,"Rakitan P4:1800 Mhz, RAM:640",ICT,Rakitan,"P4:1800 Mhz, RAM:640 Mb, HD:40 Gb, 140016:64 MB",0,121001,0,0,NULL,120003,9,LT,1,0,NULL,NULL,NULL,053573,2021-02-11 07:21:30.000,0,NULL,NULL,2003-06-28,NULL,NULL,NULL,0,1,
2827,,00234-COMP-DESK-ICT-PTRE-03,"Rakitan P4:1800 Mhz, RAM:640",ICT,Rakitan,"P4:1800 Mhz, RAM:640 Mb, HD:40 Gb, 140016:64 MB",0,121001,0,0,NULL,120003,9,LT,1,0,NULL,NULL,NULL,053573,2021-02-11 07:21:24.000,0,NULL,NULL,2003-06-28,NULL,NULL,NULL,0,1,
2829,,00236-COMP-DESK-ICT-PTRE-03,"Rakitan P4:2400 Mhz, RAM:1Gb",ICT,Rakitan,"P4:2400 Mhz, RAM:1Gb, HD:80 Gb, 140016:64 MB",0,121001,0,0,NULL,120003,9,LT,1,0,NULL,NULL,NULL,053573,2021-02-11 07:21:18.000,0,NULL,NULL,2003-06-28,NULL,NULL,NULL,0,1,
2831,,00238-COMP-DESK-ICT-PTRE-03,"Rakitan P4:1800 Mhz, RAM:640",ICT,Rakitan,"P4:1800 Mhz, RAM:640 Mb, HD:40 Gb, 140016:64 MB",0,121001,0,0,NULL,120003,9,LT,1,0,NULL,NULL,NULL,053573,2021-02-11 07:21:05.000,0,NULL,NULL,2003-06-28,NULL,NULL,NULL,0,1,
2832,,00239-COMP-DESK-ICT-PTRE-03,"Rakitan P4:1800 Mhz, RAM:1 G",ICT,Rakitan,"P4:1800 Mhz, RAM:1 Gb, HD:40 Gb, 140016:64 MB",0,121001,0,0,NULL,120003,9,LT,1,0,NULL,NULL,NULL,053573,2021-02-11 07:20:59.000,0,NULL,NULL,2003-06-28,NULL,NULL,NULL,0,1,
2834,,00241-COMP-DESK-ICT-PTRE-03,"Rakitan P4:1700 Mhz, RAM:1 G",ICT,Rakitan,"P4:1700 Mhz, RAM:1 Gb, HD:40 Gb, 140016:64 MB",0,121001,0,0,NULL,120003,9,LT,1,0,NULL,NULL,NULL,053573,2021-02-11 07:20:53.000,0,NULL,NULL,2003-06-28,NULL,NULL,NULL,0,1,
2837,,00244-COMP-DESK-ICT-PTRE-03,"Rakitan P4:1800 Mhz, RAM:256",ICT,Rakitan,"P4:1800 Mhz, RAM:256 Mb, HD:40 Gb, 140016:64 MB",0,121001,0,0,NULL,120003,9,LT,1,0,NULL,NULL,NULL,053573,2021-02-11 07:20:48.000,0,NULL,NULL,2003-06-28,NULL,NULL,NULL,0,1,
2839,,00246-COMP-DESK-ICT-PTRE-03,"Rakitan P4:1800 Mhz, RAM:1 G",ICT,Rakitan,"P4:1800 Mhz, RAM:1 Gb, HD:40 Gb, 140016:64 MB",0,121001,0,0,NULL,120003,9,LT,1,0,NULL,NULL,NULL,053573,2021-02-11 07:20:42.000,0,NULL,NULL,2003-06-28,NULL,NULL,NULL,0,1,
2841,,00248-COMP-DESK-ICT-PTRE-03,"Rakitan P4:1800 Mhz, RAM:640",ICT,Rakitan,"P4:1800 Mhz, RAM:640 Mb, HD:40 Gb, 140016:64 MB",0,121001,0,0,NULL,120003,9,LT,1,0,NULL,NULL,NULL,053573,2021-02-11 07:20:36.000,0,NULL,NULL,2003-06-28,NULL,NULL,NULL,0,1,
2843,,00250-COMP-DESK-ICT-PTRE-03,"Rakitan P4:1700 Mhz, RAM:1 G",ICT,Rakitan,"P4:1700 Mhz, RAM:1 Gb, HD:40 Gb, 140016:64 MB",0,121001,0,0,NULL,120003,9,LT,1,0,NULL,NULL,NULL,053573,2021-02-11 07:20:30.000,0,NULL,NULL,2003-06-28,NULL,NULL,NULL,0,1,
2845,,00252-COMP-DESK-ICT-PTRE-03,"Rakitan P4:1700 Mhz, RAM:1 G",ICT,Rakitan,"P4:1700 Mhz, RAM:1 Gb, HD:40 Gb, 140016:64 MB",0,121001,0,0,NULL,120003,9,LT,1,0,NULL,NULL,NULL,053573,2021-02-11 07:20:24.000,0,NULL,NULL,2003-06-28,NULL,NULL,NULL,0,1,
2847,,00254-COMP-DESK-ICT-PTRE-03,"Rakitan P4:1700 Mhz, RAM:512",ICT,Rakitan,"P4:1700 Mhz, RAM:512 Mb, HD:40 Gb, 140016:64 MB",0,121001,0,0,NULL,120003,9,LT,1,0,NULL,NULL,NULL,053573,2021-02-11 07:20:19.000,0,NULL,NULL,2003-06-28,NULL,NULL,NULL,0,1,
2849,,00256-COMP-DESK-ICT-PTRE-03,"Rakitan P4:1700 Mhz, RAM:1 G",ICT,Rakitan,"P4:1700 Mhz, RAM:1 Gb, HD:40 Gb, 140016:64 MB",0,121001,0,0,NULL,120003,9,LT,1,0,NULL,NULL,NULL,053573,2021-02-11 07:20:14.000,0,NULL,NULL,2003-06-28,NULL,NULL,NULL,0,1,
2851,,00258-COMP-DESK-ICT-PTRE-03,"Rakitan P4:1800 Mhz, RAM:1 G",ICT,Rakitan,"P4:1800 Mhz, RAM:1 Gb, HD:80 Gb, 140016:64 MB",0,121001,0,0,NULL,120003,9,LT,1,0,NULL,NULL,NULL,053573,2021-02-11 07:20:08.000,0,NULL,NULL,2003-06-28,NULL,NULL,NULL,0,1,
2853,,00260-COMP-DESK-ICT-PTRE-03,"Rakitan P4:1800 Mhz, RAM:1 G",ICT,Rakitan,"P4:1800 Mhz, RAM:1 Gb, HD:40 Gb, 140016:64 MB",0,121001,0,0,NULL,120003,9,LT,1,0,NULL,NULL,NULL,053573,2021-02-11 07:20:02.000,0,NULL,NULL,2003-06-28,NULL,NULL,NULL,0,1,
2855,,00262-COMP-DESK-ICT-PTRE-03,"Rakitan P4:1800 Mhz, RAM:256",ICT,Rakitan,"P4:1800 Mhz, RAM:256 Mb, HD:40 Gb, 140016:64 MB",0,121001,0,0,NULL,120003,9,LT,1,0,NULL,NULL,NULL,053573,2021-02-11 07:19:56.000,0,NULL,NULL,2003-06-28,NULL,NULL,NULL,0,1,
2857,,00264-COMP-DESK-ICT-PTRE-03,"Rakitan P4:1800 Mhz, RAM:256",ICT,Rakitan,"P4:1800 Mhz, RAM:256 Mb, HD:40 Gb, 140016:64 MB",0,121001,0,0,NULL,120003,9,LT,1,0,NULL,NULL,NULL,053573,2021-02-11 07:19:49.000,0,NULL,NULL,2003-06-28,NULL,NULL,NULL,0,1,
2859,,00266-COMP-DESK-ICT-PTRE-03,"Rakitan P4:1800 Mhz, RAM:768",ICT,Rakitan,"P4:1800 Mhz, RAM:768 Mb, HD:40 Gb, 140016:64 MB",0,121001,0,0,NULL,120003,9,LT,1,0,NULL,NULL,NULL,053573,2021-02-11 07:19:41.000,0,NULL,NULL,2003-06-28,NULL,NULL,NULL,0,1,
2861,,00268-COMP-DESK-ICT-PTRE-03,"Rakitan P4:1800 Mhz, RAM:640",ICT,Rakitan,"P4:1800 Mhz, RAM:640 Mb, HD:40 Gb, 140016:64 MB",0,121001,0,0,NULL,120003,9,LT,1,0,NULL,NULL,NULL,053573,2021-02-11 07:19:35.000,0,NULL,NULL,2003-06-28,NULL,NULL,NULL,0,1,
2862,,00269-COMP-DESK-ICT-PTRE-03,"Rakitan P4:1800 Mhz, RAM:768",ICT,Rakitan,"P4:1800 Mhz, RAM:768 Mb, HD:40 Gb, 140016:64 MB",0,121001,0,0,NULL,120003,9,LT,1,0,NULL,NULL,NULL,053573,2021-02-11 07:19:29.000,0,NULL,NULL,2003-06-28,NULL,NULL,NULL,0,1,
2864,,00271-COMP-DESK-ICT-PTRE-03,"Rakitan P4:1800 Mhz, RAM:1 G",ICT,Rakitan,"P4:1800 Mhz, RAM:1 Gb, HD:40 Gb, 140016:64 MB",0,121001,0,0,NULL,120003,9,LT,1,0,NULL,NULL,NULL,053573,2021-02-11 07:19:23.000,0,NULL,NULL,2003-06-28,NULL,NULL,NULL,0,1,
2866,,00273-COMP-DESK-ICT-PTRE-03,"Rakitan P4:1800 Mhz, RAM:512",ICT,Rakitan,"P4:1800 Mhz, RAM:512 Gb, HD:40 Gb, 140016:64 MB",0,121001,0,0,NULL,120003,9,LT,1,0,NULL,NULL,NULL,053573,2021-02-11 07:19:17.000,0,NULL,NULL,2003-06-28,NULL,NULL,NULL,0,1,
2868,,00275-COMP-DESK-ICT-PTRE-03,"Rakitan P4:1800 Mhz, RAM:512",ICT,Rakitan,"P4:1800 Mhz, RAM:512 Mb, HD:40 Gb, 140016:64 MB",0,121001,0,0,NULL,120003,9,LT,1,0,NULL,NULL,NULL,053573,2021-02-11 07:19:13.000,0,NULL,NULL,2003-06-28,NULL,NULL,NULL,0,1,
2870,,00277-COMP-DESK-ICT-PTRE-03,"Rakitan P4:1800 Mhz, RAM:512",ICT,Rakitan,"P4:1800 Mhz, RAM:512 Mb, HD:40 Gb, 140016:64 MB",0,121001,0,0,NULL,120003,9,LT,1,0,NULL,NULL,NULL,053573,2021-02-11 07:19:04.000,0,NULL,NULL,2003-06-28,NULL,NULL,NULL,0,1,
2872,,00279-COMP-DESK-ICT-PTRE-03,"Rakitan P4:1800 Mhz, RAM:640",ICT,Rakitan,"P4:1800 Mhz, RAM:640 Mb, HD:40 Gb, 140016:64 MB",0,121001,0,0,NULL,120003,9,LT,1,0,NULL,NULL,NULL,053573,2021-02-11 07:18:58.000,0,NULL,NULL,2003-06-28,NULL,NULL,NULL,0,1,
2874,,00281-COMP-DESK-ICT-PTRE-03,"Rakitan P4:1800 Mhz, RAM:512",ICT,Rakitan,"P4:1800 Mhz, RAM:512 Mb, HD:40 Gb, 140016:64 MB",0,121001,0,0,NULL,120003,9,LT,1,0,NULL,NULL,NULL,053573,2021-02-11 07:18:52.000,0,NULL,NULL,2003-06-28,NULL,NULL,NULL,0,1,
2876,,00283-COMP-DESK-ICT-PTRE-03,"Rakitan P4:1800 Mhz, RAM:640",ICT,Rakitan,"P4:1800 Mhz, RAM:640 Mb, HD:80 Gb, 140016:64 MB",0,121001,0,0,NULL,120003,9,LT,1,0,NULL,NULL,NULL,053573,2021-02-11 07:18:45.000,0,NULL,NULL,2003-06-28,NULL,NULL,NULL,0,1,
2878,,00285-COMP-DESK-ICT-PTRE-03,"Rakitan P4:1800 Mhz, RAM:1 G",ICT,Rakitan,"P4:1800 Mhz, RAM:1 GB, HD:40 Gb, 140016:32 MB",0,121001,0,0,NULL,120003,9,LT,1,0,NULL,NULL,NULL,053573,2021-02-11 07:18:39.000,0,NULL,NULL,2003-06-28,NULL,NULL,NULL,0,1,
2880,,00287-COMP-DESK-ICT-PTRE-03,"Rakitan P4:1800 Mhz, RAM:384",ICT,Rakitan,"P4:1800 Mhz, RAM:384 Mb, HD:40 Gb, 140016:64 MB",0,121001,0,0,NULL,120003,9,LT,1,0,NULL,NULL,NULL,053573,2021-02-11 07:18:33.000,0,NULL,NULL,2003-06-28,NULL,NULL,NULL,0,1,
2882,,00289-COMP-DESK-ICT-PTRE-03,"Rakitan P4:1800 Mhz, RAM:512",ICT,Rakitan,"P4:1800 Mhz, RAM:512 Mb, HD:40 Gb, 140016:64 MB",0,121001,0,0,NULL,120003,9,LT,1,0,NULL,NULL,NULL,053573,2021-02-11 07:18:28.000,0,NULL,NULL,2003-06-28,NULL,NULL,NULL,0,1,
2884,,00291-COMP-DESK-ICT-PTRE-03,"Rakitan P4:1800 Mhz, RAM:256",ICT,Rakitan,"P4:1800 Mhz, RAM:256 Mb, HD:40 Gb, 140016:64 MB",0,121001,0,0,NULL,120003,9,LT,1,0,NULL,NULL,NULL,053573,2021-02-11 07:18:21.000,0,NULL,NULL,2003-06-28,NULL,NULL,NULL,0,1,
2886,,00293-COMP-DESK-ICT-PTRE-03,"Rakitan P4:1800 Mhz, RAM:640",ICT,Rakitan,"P4:1800 Mhz, RAM:640 Mb, HD:40 Gb, 140016:64 MB",0,121001,0,0,NULL,120003,9,LT,1,0,NULL,NULL,NULL,053573,2021-02-11 07:18:13.000,0,NULL,NULL,2003-06-28,NULL,NULL,NULL,0,1,
2888,,00295-COMP-DESK-ICT-PTRE-03,"Rakitan P4:1800 Mhz, RAM:512",ICT,Rakitan,"P4:1800 Mhz, RAM:512 Mb, HD:40 Gb, 140016:64 MB",0,121001,0,0,NULL,120003,9,LT,1,0,NULL,NULL,NULL,053573,2021-02-11 07:18:08.000,0,NULL,NULL,2003-06-28,NULL,NULL,NULL,0,1,
2890,,00297-COMP-DESK-ICT-PTRE-03,"Rakitan P4:1800 Mhz, RAM:768",ICT,Rakitan,"P4:1800 Mhz, RAM:768 Mb, HD:40 Gb, 140016:64 MB",0,121001,0,0,NULL,120003,9,LT,1,0,NULL,NULL,NULL,053573,2021-02-11 07:18:04.000,0,NULL,NULL,2003-06-28,NULL,NULL,NULL,0,1,
2892,,00299-COMP-DESK-ICT-PTRE-03,"Rakitan P4:1800 Mhz, RAM:384",ICT,Rakitan,"P4:1800 Mhz, RAM:384 Mb, HD:40 Gb, 140016:64 MB",0,121001,0,0,NULL,120003,9,LT,1,0,NULL,NULL,NULL,053573,2021-02-11 07:17:58.000,0,NULL,NULL,2003-06-28,NULL,NULL,NULL,0,1,
2894,,00301-COMP-DESK-ICT-PTRE-03,"Rakitan P4:1700 Mhz, RAM:256",ICT,Rakitan,"P4:1700 Mhz, RAM:256 Mb, HD:40 Gb, 140016:64 MB",0,121001,0,0,NULL,120003,9,LT,1,0,NULL,NULL,NULL,053573,2021-02-11 07:17:53.000,0,NULL,NULL,2003-06-28,NULL,NULL,NULL,0,1,
2896,,00303-COMP-DESK-ICT-PTRE-03,"Rakitan P4:1800 Mhz, RAM:768",ICT,Rakitan,"P4:1800 Mhz, RAM:768 Mb, HD:40 Gb, 140016:64 MB",0,121001,0,0,NULL,120003,9,LT,1,0,NULL,NULL,NULL,053573,2021-02-11 07:17:48.000,0,NULL,NULL,2003-06-28,NULL,NULL,NULL,0,1,
2898,,00305-COMP-DESK-ICT-PTRE-03,"Rakitan P4:1800 Mhz, RAM:512",ICT,Rakitan,"P4:1800 Mhz, RAM:512 Mb, HD:40 Gb, 140016:64 MB",0,121001,0,0,NULL,120003,9,LT,1,0,NULL,NULL,NULL,053573,2021-02-11 07:17:42.000,0,NULL,NULL,2003-06-28,NULL,NULL,NULL,0,1,
2900,,00307-COMP-DESK-ICT-PTRE-03,"Rakitan P4:1800 Mhz, RAM:512",ICT,Rakitan,"P4:1800 Mhz, RAM:512 Mb, HD:40 Gb, 140016:64 MB",0,121001,0,0,NULL,120003,9,LT,1,0,NULL,NULL,NULL,053573,2021-02-11 07:17:37.000,0,NULL,NULL,2003-06-28,NULL,NULL,NULL,0,1,
2902,,00309-COMP-DESK-ICT-PTRE-03,"Rakitan P4:1800 Mhz, RAM:1 G",ICT,Rakitan,"P4:1800 Mhz, RAM:1 Gb, HD:40 Gb, 140016:64 MB",0,121001,0,0,NULL,120003,9,LT,1,0,NULL,NULL,NULL,053573,2021-02-11 07:17:32.000,0,NULL,NULL,2003-06-28,NULL,NULL,NULL,0,1,
2904,,00311-COMP-DESK-ICT-PTRE-03,"Rakitan P4:1700 Mhz, RAM:512",ICT,Rakitan,"P4:1700 Mhz, RAM:512 Mb, HD:40 Gb, 140016:64 MB",0,121001,0,0,NULL,120003,9,LT,1,0,NULL,NULL,NULL,053573,2021-02-11 07:17:27.000,0,NULL,NULL,2003-06-28,NULL,NULL,NULL,0,1,
2906,,00313-COMP-DESK-ICT-PTRE-03,"Rakitan P4:1700 Mhz, RAM:512",ICT,Rakitan,"P4:1700 Mhz, RAM:512 Mb, HD:40 Gb, 140016:64 MB",0,121001,0,0,NULL,120003,9,LT,1,0,NULL,NULL,NULL,053573,2021-02-11 07:17:21.000,0,NULL,NULL,2003-06-28,NULL,NULL,NULL,0,1,
2909,,00316-COMP-DESK-ICT-PTRE-03,"Rakitan P4:1700 Mhz, RAM:256",ICT,Rakitan,"P4:1700 Mhz, RAM:256 Mb, HD:40 Gb, 140016:64 MB",0,121001,0,0,NULL,120003,9,LT,1,0,NULL,NULL,NULL,053573,2021-02-11 07:17:16.000,0,NULL,NULL,2003-06-28,NULL,NULL,NULL,0,1,
2911,,00318-COMP-DESK-ICT-PTRE-03,"Rakitan P4:1800 Mhz, RAM:256",ICT,Rakitan,"P4:1800 Mhz, RAM:256 Mb, HD:40 Gb, 140016:64 MB",0,121001,0,0,NULL,120003,9,LT,1,0,NULL,NULL,NULL,053573,2021-02-11 07:17:11.000,0,NULL,NULL,2003-06-28,NULL,NULL,NULL,0,1,
2913,,00320-COMP-DESK-ICT-PTRE-03,"Rakitan P4:1800 Mhz, RAM:256",ICT,Rakitan,"P4:1800 Mhz, RAM:256 Mb, HD:40 Gb, 140016:64 MB",0,121001,0,0,NULL,120003,9,LT,1,0,NULL,NULL,NULL,053573,2021-02-11 07:17:06.000,0,NULL,NULL,2003-06-28,NULL,NULL,NULL,0,1,
2915,,00322-COMP-DESK-ICT-PTRE-03,"Rakitan P4:1700 Mhz, RAM:640",ICT,Rakitan,"P4:1700 Mhz, RAM:640 Mb, HD:40 Gb, 140016:64 MB",0,121001,0,0,NULL,120003,9,LT,1,0,NULL,NULL,NULL,053573,2021-02-11 07:17:01.000,0,NULL,NULL,2003-06-28,NULL,NULL,NULL,0,1,
2917,,00324-COMP-DESK-ICT-PTRE-03,"Rakitan P4:1800 Mhz, RAM:768",ICT,Rakitan,"P4:1800 Mhz, RAM:768 Mb, HD:40 Gb, 140016:64 MB",0,121001,0,0,NULL,120003,9,LT,1,0,NULL,NULL,NULL,053573,2021-02-11 07:16:54.000,0,NULL,NULL,2003-06-28,NULL,NULL,NULL,0,1,
2919,,00326-COMP-DESK-ICT-PTRE-03,"Rakitan P4:1800 Mhz, RAM:768",ICT,Rakitan,"P4:1800 Mhz, RAM:768 Mb, HD:40 Gb, 140016:64 MB",0,121001,0,0,NULL,120003,9,LT,1,0,NULL,NULL,NULL,053573,2021-02-11 07:16:49.000,0,NULL,NULL,2003-06-28,NULL,NULL,NULL,0,1,
2921,,00328-COMP-DESK-ICT-PTRE-03,"Rakitan P4:1800 Mhz, RAM:512",ICT,Rakitan,"P4:1800 Mhz, RAM:512 Mb, HD:40 Gb, 140016:64 MB",0,121001,0,0,NULL,120003,9,LT,1,0,NULL,NULL,NULL,053573,2021-02-11 07:16:39.000,0,NULL,NULL,2003-06-28,NULL,NULL,NULL,0,1,
2923,,00330-COMP-DESK-ICT-PTRE-03,"Rakitan P4:1800 Mhz, RAM:640",ICT,Rakitan,"P4:1800 Mhz, RAM:640 Mb, HD:40 Gb, 140016:64 MB",0,121001,0,0,NULL,120003,9,LT,1,0,NULL,NULL,NULL,053573,2021-02-11 07:16:31.000,0,NULL,NULL,2003-06-28,NULL,NULL,NULL,0,1,
2927,,00334-COMP-DESK-ICT-PTRE-03,"Rakitan P4:1800 Mhz, RAM:1 G",ICT,Rakitan,"P4:1800 Mhz, RAM:1 Gb, HD:40 Gb, 140016:64 MB",0,121001,0,0,NULL,120003,9,LT,1,0,NULL,NULL,NULL,053573,2021-02-11 07:16:24.000,0,NULL,NULL,2003-06-28,NULL,NULL,NULL,0,1,
2929,,00336-COMP-DESK-ICT-PTRE-03,"Rakitan P4:1800 Mhz, RAM:256",ICT,Rakitan,"P4:1800 Mhz, RAM:256 Mb, HD:80 Gb, 140016:64 MB",0,121001,0,0,NULL,120003,9,LT,1,0,NULL,NULL,NULL,053573,2021-02-11 07:16:16.000,0,NULL,NULL,2003-07-08,NULL,NULL,NULL,0,1,
2930,,00337-COMP-DESK-ICT-PTRE-03,"Rakitan P4:1800 Mhz, RAM:256",ICT,Rakitan,"P4:1800 Mhz, RAM:256 Mb, HD:40 Gb, 140016:64 MB",0,121001,0,0,NULL,120003,9,LT,1,0,NULL,NULL,NULL,053573,2021-02-11 07:16:10.000,0,NULL,NULL,2003-07-08,NULL,NULL,NULL,0,1,
2931,,00338-COMP-DESK-ICT-PTRE-03,"Rakitan P4:1800 Mhz, RAM:512",ICT,Rakitan,"P4:1800 Mhz, RAM:512 Mb, HD:80 Gb, 140016:64 MB",0,121001,0,0,NULL,120003,9,LT,1,0,NULL,NULL,NULL,053573,2021-02-11 07:15:55.000,0,NULL,NULL,2003-07-08,NULL,NULL,NULL,0,1,
2946,,00353-COMP-DESK-ICT-PTRE-03,"Rakitan P4:1800 Mhz, RAM:512",ICT,Rakitan,"P4:1800 Mhz, RAM:512 Mb, HD:80 Gb, 140016:64 MB",0,121001,0,0,NULL,120003,9,LT,1,0,NULL,NULL,NULL,053573,2021-02-11 07:15:43.000,0,NULL,NULL,2003-08-08,NULL,NULL,NULL,0,1,
2947,,00354-COMP-DESK-ICT-PTRE-03,"Rakitan P4:1800 Mhz, RAM:512",ICT,Rakitan,"P4:1800 Mhz, RAM:512 Mb, HD:40 Gb, 140016:64 MB",0,121001,0,0,NULL,120003,9,LT,1,0,NULL,NULL,NULL,053573,2021-02-11 07:15:30.000,0,NULL,NULL,2003-08-08,NULL,NULL,NULL,0,1,
2950,,00357-COMP-DESK-ICT-PTRE-03,"Rakitan P4:1800 Mhz, RAM:256",ICT,Rakitan,"P4:1800 Mhz, RAM:256 Mb, HD:40 Gb, 140016:64 MB",0,121001,0,0,NULL,120003,9,LT,1,0,NULL,NULL,NULL,053573,2021-02-11 07:15:22.000,0,NULL,NULL,2003-10-27,NULL,NULL,NULL,0,1,
2952,,00359-COMP-DESK-ICT-PTRE-03,"Rakitan P4:1800 Mhz, RAM:256",ICT,Rakitan,"P4:1800 Mhz, RAM:256 Mb, HD:40 Gb, 140016:64 MB",0,121001,0,0,NULL,120003,9,LT,1,1,305817,201110104638,2020-11-10,053573,2021-02-11 07:15:08.000,0,NULL,NULL,2003-10-27,NULL,NULL,NULL,0,1,
2954,,00361-COMP-DESK-ICT-PTRE-03,"Rakitan P4:1800 Mhz, RAM:1 G",ICT,Rakitan,"P4:1800 Mhz, RAM:1 Gb, HD:40 Gb, 140016:64 MB",0,121001,0,0,NULL,120003,9,LT,1,0,NULL,NULL,NULL,053573,2021-02-11 07:33:50.000,0,NULL,NULL,2003-10-27,NULL,NULL,NULL,0,1,
2956,,00363-COMP-DESK-ICT-PTRE-03,"Rakitan P4:1800 Mhz, RAM:512",ICT,Rakitan,"P4:1800 Mhz, RAM:512 Mb, HD:40 Gb, 140016:64 MB",0,121001,0,0,NULL,120003,9,LT,1,0,NULL,NULL,NULL,053573,2021-02-11 07:33:57.000,0,NULL,NULL,2003-10-27,NULL,NULL,NULL,0,1,
2958,,00365-COMP-DESK-ICT-PTRE-03,"Rakitan P4:1800 Mhz, RAM:256",ICT,Rakitan,"P4:1800 Mhz, RAM:256 Mb, HD:40 Gb, 140016:64 MB",0,121001,0,0,NULL,120003,9,LT,1,0,NULL,NULL,NULL,053573,2021-02-11 07:34:02.000,0,NULL,NULL,2003-10-27,NULL,NULL,NULL,0,1,
2960,,00367-COMP-DESK-ICT-PTRE-03,"Rakitan P4:1800 Mhz, RAM:1 G",ICT,Rakitan,"P4:1800 Mhz, RAM:1 Gb, HD:40 Gb, 140016:64 MB",0,121001,0,0,NULL,120003,9,LT,1,0,NULL,NULL,NULL,053573,2021-02-11 07:34:11.000,0,NULL,NULL,2003-10-27,NULL,NULL,NULL,0,1,
2962,,00369-COMP-DESK-ICT-PTRE-03,"Rakitan P4:1800 Mhz, RAM:256",ICT,Rakitan,"P4:1800 Mhz, RAM:256 Mb, HD:40 Gb, 140016:64 MB",0,121001,0,0,NULL,120003,9,LT,1,0,NULL,NULL,NULL,053573,2021-02-11 07:34:16.000,0,NULL,NULL,2003-10-27,NULL,NULL,NULL,0,1,
2964,,00371-COMP-DESK-ICT-PTRE-03,"Rakitan P4:1800 Mhz, RAM:256",ICT,Rakitan,"P4:1800 Mhz, RAM:256 Mb, HD:40 Gb, 140016:64 MB",0,121001,0,0,NULL,120003,9,LT,1,0,NULL,NULL,NULL,053573,2021-02-11 07:34:22.000,0,NULL,NULL,2003-10-27,NULL,NULL,NULL,0,1,
2987,,00394-COMP-DESK-ICT-PTRE-04,"Rakitan P4:2400 Mhz, RAM:768",ICT,Rakitan,"P4:2400 Mhz, RAM:768 Mb, HD:80 Gb, 140016:64 MB",0,121001,0,0,NULL,120003,9,LT,1,0,NULL,NULL,NULL,053573,2021-02-11 07:34:29.000,0,NULL,NULL,2004-02-16,NULL,NULL,NULL,0,1,
3002,,00409-COMP-DESK-ICT-PTRE-05,"Rakitan P4:3000 Mhz, RAM:512",ICT,Rakitan,"P4:3000 Mhz, RAM:512 Mb, HD:80 Gb, 140016:64 MB, MODEM",0,121001,0,0,NULL,120003,9,LT,1,0,NULL,NULL,NULL,053573,2021-02-11 07:34:35.000,0,NULL,NULL,2005-02-16,NULL,NULL,NULL,0,1,
3019,,00426-COMP-DESK-ICT-PTRE-06,"Rakitan P4:2400 Mhz, RAM:1 G",ICT,Rakitan,"P4:2400 Mhz, RAM:1 Gb, HD:40 Gb, 140016:64 MB",0,121001,0,0,NULL,120003,9,LT,1,0,NULL,NULL,NULL,053573,2021-02-11 07:34:46.000,0,NULL,NULL,2006-06-28,NULL,NULL,NULL,0,1,
3028,,00435-COMP-DESK-ICT-PTRE-07,"Rakitan AMD ATHLON:2600 Mhz,",ICT,Rakitan,"AMD ATHLON:2600 Mhz, RAM:512 Mb, HD:320 Gb, 140016:128 MB",0,121001,0,0,NULL,120003,9,LT,1,0,NULL,NULL,NULL,053573,2021-02-11 07:34:54.000,0,NULL,NULL,2007-08-06,NULL,NULL,NULL,0,1,
3029,,00436-COMP-DESK-ICT-PTRE-07,"Rakitan AMD ATHLON:2600 Mhz,",ICT,Rakitan,"AMD ATHLON:2600 Mhz, RAM:512 Mb, HD:320 Gb x 3, 140016:64 MB",0,121001,0,0,NULL,120003,9,LT,1,0,NULL,NULL,NULL,053573,2021-02-11 07:35:01.000,0,NULL,NULL,2007-08-06,NULL,NULL,NULL,0,1,
3030,,00437-COMP-DESK-ICT-PTRE-07,"Rakitan AMD ATHLON:3800 Mhz,",ICT,Rakitan,"AMD ATHLON:3800 Mhz, RAM:512 Mb, HD:80 Gb, 140016:128 MB",0,121001,0,0,NULL,120003,9,LT,1,0,NULL,NULL,NULL,053573,2021-02-11 07:35:06.000,0,NULL,NULL,2007-08-06,NULL,NULL,NULL,0,1,
3033,,00440-COMP-DESK-ICT-PTRE-07,"Rakitan AMD ATHLON:3800 Mhz,",ICT,Rakitan,"AMD ATHLON:3800 Mhz, RAM:512 Mb, HD:80 Gb, 140016:128 MB",0,121001,0,0,NULL,120003,9,LT,1,0,NULL,NULL,NULL,053573,2021-02-11 07:35:12.000,0,NULL,NULL,2007-08-06,NULL,NULL,NULL,0,1,
3035,,00442-COMP-DESK-ICT-PTRE-07,"Rakitan AMD ATHLON:3800 Mhz,",ICT,Rakitan,"AMD ATHLON:3800 Mhz, RAM:1 Gb, HD:80 Gb, 140016:128 MB",0,121001,0,0,NULL,120003,9,LT,1,0,NULL,NULL,NULL,053573,2021-02-11 07:35:18.000,0,NULL,NULL,2007-11-09,NULL,NULL,NULL,0,1,
3036,,00443-COMP-DESK-ICT-PTRE-07,"Rakitan AMD ATHLON:3800 Mhz,",ICT,Rakitan,"AMD ATHLON:3800 Mhz, RAM:1 Gb, HD:80 Gb, 140016:128 MB",0,121001,0,0,NULL,120003,9,LT,1,0,NULL,NULL,NULL,053573,2021-02-11 07:35:23.000,0,NULL,NULL,2007-11-09,NULL,NULL,NULL,0,1,
3039,,00446-COMP-DESK-ICT-PTRE-07,"Rakitan AMD ATHLON:3000 Mhz,",ICT,Rakitan,"AMD ATHLON:3000 Mhz, RAM:1,5 Gb, HD:80 Gb, 140016:128 MB",0,121001,0,0,NULL,120003,9,LT,1,0,NULL,NULL,NULL,053573,2021-02-11 07:35:30.000,0,NULL,NULL,2007-11-09,NULL,NULL,NULL,0,1,
3041,,00448-COMP-DESK-ICT-PTRE-07,"Rakitan AMD ATHLON:3000 Mhz,",ICT,Rakitan,"AMD ATHLON:3000 Mhz, RAM:1 Gb, HD:80 Gb, 140016:64 MB",0,121001,0,0,NULL,120003,9,LT,1,0,NULL,NULL,NULL,053573,2021-02-11 07:35:38.000,0,NULL,NULL,2007-11-09,NULL,NULL,NULL,0,1,
3043,,00450-COMP-DESK-ICT-PTRE-07,"Rakitan AMD ATHLON:3800 Mhz,",ICT,Rakitan,"AMD ATHLON:3800 Mhz, RAM:1 Gb, HD:80 Gb, 140016:128 MB",0,121001,0,0,NULL,120003,9,LT,1,0,NULL,NULL,NULL,053573,2021-02-11 07:35:46.000,0,NULL,NULL,2007-11-09,NULL,NULL,NULL,0,1,
3044,,00451-COMP-DESK-ICT-PTRE-07,"Rakitan AMD ATHLON:3000 Mhz,",ICT,Rakitan,"AMD ATHLON:3000 Mhz, RAM:1 Gb, HD:80 Gb, 140016:64 MB",0,121001,0,0,NULL,120003,9,LT,1,0,NULL,NULL,NULL,053573,2021-02-11 07:35:52.000,0,NULL,NULL,2007-11-09,NULL,NULL,NULL,0,1,
3045,,00452-COMP-DESK-ICT-PTRE-07,"Rakitan AMD ATHLON:3800 Mhz,",ICT,Rakitan,"AMD ATHLON:3800 Mhz, RAM:1 Gb, HD:80 Gb, 140016:128 MB",0,121001,0,0,NULL,120003,9,LT,1,0,NULL,NULL,NULL,053573,2021-02-11 07:35:56.000,0,NULL,NULL,2007-11-09,NULL,NULL,NULL,0,1,
3046,,00453-COMP-DESK-ICT-PTRE-07,"Rakitan AMD ATHLON:3000 Mhz,",ICT,Rakitan,"AMD ATHLON:3000 Mhz, RAM:1,5 Gb, HD:80 Gb, 140016:128 MB",0,121001,0,0,NULL,120003,9,LT,1,0,NULL,NULL,NULL,053573,2021-02-11 07:36:03.000,0,NULL,NULL,2007-11-09,NULL,NULL,NULL,0,1,
3047,,00454-COMP-DESK-ICT-PTRE-07,"Rakitan AMD ATHLON:3000 Mhz,",ICT,Rakitan,"AMD ATHLON:3000 Mhz, RAM:1 Gb, HD:80 Gb, 140016:64 MB",0,121001,0,0,NULL,120003,9,LT,1,0,NULL,NULL,NULL,053573,2021-02-11 07:36:10.000,0,NULL,NULL,2007-11-09,NULL,NULL,NULL,0,1,
3054,,00461-COMP-DESK-ICT-PTRE-08,DELL INSPIRON 530,ICT,DELL,"Dual Core:1800 Mhz, RAM:1 Gb, HD:80 Gb, 140016:128 MB",0,121001,0,0,NULL,120003,9,LT,1,0,NULL,NULL,NULL,053573,2021-02-11 07:36:19.000,0,NULL,NULL,2008-05-21,NULL,NULL,NULL,0,1,
3056,,00463-COMP-DESK-ICT-PTRE-08,DELL INSPIRON 530,ICT,DELL,"Dual Core:1800 Mhz, RAM:1 Gb, HD:80 Gb, 140016:128 MB",0,121001,0,0,NULL,120003,9,LT,1,0,NULL,NULL,NULL,053573,2021-02-11 07:36:26.000,0,NULL,NULL,2008-05-21,NULL,NULL,NULL,0,1,
3058,,00465-COMP-DESK-ICT-PTRE-08,DELL INSPIRON 530,ICT,DELL,"Dual Core:1800 Mhz, RAM:1 Gb, HD:320 Gb, 140016:128 MB",0,121001,0,0,NULL,120003,9,LT,1,0,NULL,NULL,NULL,053573,2021-02-11 07:36:38.000,0,NULL,NULL,2008-06-03,NULL,NULL,NULL,0,1,
3060,,00467-COMP-DESK-ICT-PTRE-08,DELL INSPIRON 530,ICT,DELL,"Dual Core:1800 Mhz, RAM:1 Gb, HD:320 Gb, 140016:128 MB",0,121001,0,0,NULL,120003,9,LT,1,0,NULL,NULL,NULL,053573,2021-02-11 07:36:44.000,0,NULL,NULL,2008-05-16,NULL,NULL,NULL,0,1,
3062,,00469-COMP-DESK-ICT-PTRE-08,DELL INSPIRON 530,ICT,DELL,"Dual Core:1800 Mhz, RAM:1 Gb, HD:320 Gb, 140016:128 MB",0,104008,0,0,21-1351011,120003,9,LT,1,1,083943,240123105649,2024-01-15,053573,2024-06-13 14:39:51.000,0,NULL,NULL,2008-06-03,NULL,NULL,NULL,0,1,
3064,,00471-COMP-DESK-ICT-PTRE-08,DELL INSPIRON 530,ICT,DELL,"Dual Core:1800 Mhz, RAM:1 Gb, HD:320 Gb, 140016:128 MB",0,121001,0,0,NULL,120003,9,LT,1,0,NULL,NULL,NULL,053573,2021-02-11 07:36:55.000,0,NULL,NULL,2008-06-03,NULL,NULL,NULL,0,1,
3069,,00476-COMP-DESK-ICT-PTRE-08,DELL INSPIRON 530,ICT,DELL,"Dual Core:1800 Mhz, RAM:1 Gb, HD:80 Gb, 140016:128 MB",0,121001,0,0,NULL,120003,9,LT,1,0,NULL,NULL,NULL,053573,2021-02-11 07:37:02.000,0,NULL,NULL,2008-05-07,NULL,NULL,NULL,0,1,
3076,,00483-COMP-DESK-ICT-PTRE-08,DELL INSPIRON 530,ICT,DELL,"Dual Core:1800 Mhz, RAM:1 Gb, HD:320 Gb, 140016:128 MB",0,121001,0,0,NULL,120003,9,LT,1,0,NULL,NULL,NULL,053573,2021-02-11 07:37:08.000,0,NULL,NULL,2008-05-16,NULL,NULL,NULL,0,1,
3078,,00485-COMP-DESK-ICT-PTRE-08,DELL INSPIRON 530,ICT,DELL,"Dual Core:1800 Mhz, RAM:1 Gb, HD:320 Gb, 140016:128 MB",0,121001,0,0,NULL,120003,9,LT,1,0,NULL,NULL,NULL,053573,2021-02-11 07:37:14.000,0,NULL,NULL,2008-06-03,NULL,NULL,NULL,0,1,
3081,,00488-COMP-DESK-ICT-PTRE-08,DELL INSPIRON 530,ICT,DELL,"Dual Core:1800 Mhz, RAM:1 Gb, HD:320 Gb, 140016:128 MB",0,121001,0,0,NULL,120003,9,LT,1,0,NULL,NULL,NULL,053573,2021-02-11 07:37:20.000,0,NULL,NULL,2008-05-16,NULL,NULL,NULL,0,1,
3083,,00490-COMP-DESK-ICT-PTRE-08,DELL INSPIRON 530,ICT,DELL,"Dual Core:1800 Mhz, RAM:1 Gb, HD:320 Gb, 140016:128 MB",0,121001,0,0,NULL,120003,9,LT,1,0,NULL,NULL,NULL,053573,2021-02-11 07:37:25.000,0,NULL,NULL,2008-05-26,NULL,NULL,NULL,0,1,
3085,,00492-COMP-DESK-ICT-PTRE-08,DELL INSPIRON 530,ICT,DELL,"Dual Core:1800 Mhz, RAM:1 Gb, HD:320 Gb, 140016:128 MB",0,121001,0,0,NULL,120003,9,LT,1,0,NULL,NULL,NULL,053573,2021-02-11 07:37:34.000,0,NULL,NULL,2008-05-21,NULL,NULL,NULL,0,1,
3087,,00494-COMP-DESK-ICT-PTRE-08,DELL INSPIRON 530,ICT,DELL,"Dual Core:1800 Mhz, RAM:1 Gb, HD:80 Gb, 140016:128 MB",0,121001,0,0,NULL,120003,9,LT,1,0,NULL,NULL,NULL,053573,2021-02-11 07:37:41.000,0,NULL,NULL,2008-04-18,NULL,NULL,NULL,0,1,
3089,,00496-COMP-DESK-ICT-PTRE-08,DELL INSPIRON 530,ICT,DELL,"Dual Core:1800 Mhz, RAM:1 Gb, HD:80 Gb, 140016:128 MB",0,121001,0,0,NULL,120003,9,LT,1,0,NULL,NULL,NULL,053573,2021-02-11 07:37:50.000,0,NULL,NULL,2008-04-18,NULL,NULL,NULL,0,1,
3091,,00498-COMP-DESK-ICT-PTRE-08,DELL INSPIRON 530,ICT,DELL,"Dual Core:1800 Mhz, RAM:1 Gb, HD:320 Gb, 140016:128 MB",0,121001,0,0,NULL,120003,9,LT,1,1,215082,230112105822,2021-01-05,053573,2021-02-11 07:37:55.000,0,NULL,NULL,2008-06-09,NULL,NULL,NULL,0,1,
3093,,00500-COMP-DESK-ICT-PTRE-08,DELL INSPIRON 530,ICT,DELL,"Dual Core:1800 Mhz, RAM:1 Gb, HD:320 Gb, 140016:128 MB",0,121001,0,0,NULL,120003,9,LT,1,0,NULL,NULL,NULL,053573,2021-02-11 07:38:02.000,0,NULL,NULL,2008-06-09,NULL,NULL,NULL,0,1,
3097,,00504-COMP-DESK-ICT-PTRE-08,DELL INSPIRON 530,ICT,DELL,"Dual Core:1800 Mhz, RAM:1 Gb, HD:320 Gb, 140016:128 MB",0,121001,0,0,NULL,120003,9,LT,1,0,NULL,NULL,NULL,053573,2021-02-11 07:38:09.000,0,NULL,NULL,2008-05-16,NULL,NULL,NULL,0,1,
3103,,00510-COMP-DESK-ICT-PTRE-08,DELL INSPIRON 530,ICT,DELL,"Dual Core:1800 Mhz, RAM:1 Gb, HD:320 Gb, 140016:128 MB",0,121001,0,0,NULL,120003,9,LT,1,0,NULL,NULL,NULL,053573,2021-02-11 07:38:24.000,0,NULL,NULL,2008-05-26,NULL,NULL,NULL,0,1,
3109,,00516-COMP-DESK-ICT-PTRE-08,DELL INSPIRON 530,ICT,DELL,"Dual Core:1800 Mhz, RAM:1 Gb, HD:320 Gb, 140016:128 MB",0,121001,0,0,NULL,120003,9,LT,1,0,NULL,NULL,NULL,053573,2021-02-11 07:38:30.000,0,NULL,NULL,2008-05-26,NULL,NULL,NULL,0,1,
3111,,00518-COMP-DESK-ICT-PTRE-08,DELL INSPIRON 530,ICT,DELL,"Dual Core:1800 Mhz, RAM:1 Gb, HD:320 Gb, 140016:128 MB",0,121001,0,0,NULL,120003,9,LT,1,0,NULL,NULL,NULL,053573,2021-02-11 07:38:36.000,0,NULL,NULL,2008-05-26,NULL,NULL,NULL,0,1,
3117,,00524-COMP-DESK-ICT-PTRE-08,DELL INSPIRON 530,ICT,DELL,"Dual Core:1800 Mhz, RAM:1 Gb, HD:320 Gb, 140016:128 MB",0,121001,0,0,NULL,120003,9,LT,1,0,NULL,NULL,NULL,053573,2021-02-11 07:38:46.000,0,NULL,NULL,2008-05-26,NULL,NULL,NULL,0,1,
3120,,00527-COMP-DESK-ICT-PTRE-08,DELL INSPIRON 530,ICT,DELL,"Dual Core:1800 Mhz, RAM:1 Gb, HD:320 Gb, 140016:128 MB",0,121001,0,0,NULL,120003,9,LT,1,0,NULL,NULL,NULL,053573,2021-02-11 07:39:08.000,0,NULL,NULL,2008-04-25,NULL,NULL,NULL,0,1,
3122,,00529-COMP-DESK-ICT-PTRE-08,DELL INSPIRON 530,ICT,DELL,"Dual Core:1800 Mhz, RAM:1 Gb, HD:320 Gb, 140016:128 MB",0,121001,0,0,NULL,120003,9,LT,1,0,NULL,NULL,NULL,053573,2021-02-11 07:39:32.000,0,NULL,NULL,2008-04-25,NULL,NULL,NULL,0,1,
3124,,00531-COMP-DESK-ICT-PTRE-08,DELL INSPIRON 530,ICT,DELL,"Dual Core:1800 Mhz, RAM:1 Gb, HD:320 Gb, 140016:128 MB",0,121001,0,0,NULL,120003,9,LT,1,0,NULL,NULL,NULL,053573,2021-02-11 07:40:08.000,0,NULL,NULL,2008-04-25,NULL,NULL,NULL,0,1,
3126,,00533-COMP-DESK-ICT-PTRE-08,DELL INSPIRON 530,ICT,DELL,"Dual Core:1800 Mhz, RAM:1 Gb, HD:320 Gb, 140016:128 MB",0,121001,0,0,NULL,120003,9,LT,1,0,NULL,NULL,NULL,053573,2021-02-11 07:40:14.000,0,NULL,NULL,2008-06-09,NULL,NULL,NULL,0,1,
3129,,00536-COMP-DESK-ICT-PTRE-08,DELL INSPIRON 530,ICT,DELL,"Dual Core:1800 Mhz, RAM:1 Gb, HD:320 Gb, 140016:128 MB",0,121001,0,0,NULL,120003,9,LT,1,0,NULL,NULL,NULL,053573,2021-02-11 07:40:22.000,0,NULL,NULL,2008-04-21,NULL,NULL,NULL,0,1,
3131,,00538-COMP-DESK-ICT-PTRE-08,DELL INSPIRON 530,ICT,DELL,"Dual Core:1800 Mhz, RAM:1 Gb, HD:320 Gb, 140016:128 MB",0,121001,0,0,NULL,120003,9,LT,1,0,NULL,NULL,NULL,053573,2021-02-11 07:40:29.000,0,NULL,NULL,2008-04-21,NULL,NULL,NULL,0,1,
3133,,00540-COMP-DESK-ICT-PTRE-08,DELL INSPIRON 530,ICT,DELL,"Dual Core:1800 Mhz, RAM:1 Gb, HD:320 Gb, 140016:128 MB",0,121001,0,0,NULL,120003,9,LT,1,0,NULL,NULL,NULL,053573,2021-02-11 07:40:36.000,0,NULL,NULL,2008-05-26,NULL,NULL,NULL,0,1,
3137,,00544-COMP-DESK-ICT-PTRE-08,DELL INSPIRON 530,ICT,DELL,"Dual Core:1800 Mhz, RAM:1 Gb, HD:320 Gb, 140016:128 MB",0,121001,0,0,NULL,120003,9,LT,1,0,NULL,NULL,NULL,053573,2021-02-11 07:40:42.000,0,NULL,NULL,2008-06-24,NULL,NULL,NULL,0,1,
3139,,00546-COMP-DESK-ICT-PTRE-08,DELL INSPIRON 530,ICT,DELL,"Dual Core:1800 Mhz, RAM:1 Gb, HD:320 Gb, 140016:128 MB",0,121001,0,0,NULL,120003,9,LT,1,0,NULL,NULL,NULL,053573,2021-02-11 07:40:51.000,0,NULL,NULL,2008-07-01,NULL,NULL,NULL,0,1,
3159,,00566-COMP-DESK-ICT-PTRE-09,TOWER DESKTOP,ICT,RAKITAN,"QUAD CORE 8600, HD 250 GB, RAM 4 GB, 140016 9800 GT 512 MB",0,105008,0,0,NULL,120003,9,LT,1,1,NULL,NULL,NULL,053573,2021-02-11 07:40:58.000,0,NULL,NULL,2009-06-25,NULL,NULL,NULL,0,1,
3160,,00567-COMP-DESK-ICT-PTRE-09,TOWER DESKTOP,ICT,RAKITAN,"QUAD CORE 9500, HD 250 GB, RAM 4 GB, 140016 9800 GT 512 MB",0,101001,0,0,NULL,120003,9,LT,1,0,NULL,NULL,NULL,053573,2021-02-11 07:41:12.000,0,NULL,NULL,2009-07-21,NULL,NULL,NULL,0,1,
3161,,00568-COMP-DESK-ICT-PTRE-09,TOWER DESKTOP,ICT,RAKITAN,"QUAD CORE 9500, HD 250 GB, RAM 4 GB, 140016 9800 GT 512 MB",0,121001,0,0,NULL,120003,9,LT,1,0,NULL,NULL,NULL,053573,2021-02-11 07:41:17.000,0,NULL,NULL,2009-07-21,NULL,NULL,NULL,0,1,
3166,,00573-COMP-DESK-ICT-PTRE-09,TOWER DESKTOP,ICT,RAKITAN,"i CORE 7 , HD 320 GB, RAM 4 GB, 140016 GTX 275, CASING ENLIGHT",0,104008,0,0,NULL,120003,9,LT,1,1,NULL,NULL,NULL,053573,2021-02-11 07:41:27.000,0,NULL,NULL,2009-10-23,NULL,NULL,NULL,0,1,
3168,,00575-COMP-DESK-ICT-PTRE-09,TOWER DESKTOP,ICT,RAKITAN,"i CORE 7 , HD 320 GB, RAM 4 GB, 140016 GTX 275, CASING ENLIGHT",0,121001,0,0,NULL,120003,9,LT,1,0,NULL,NULL,NULL,053573,2021-02-11 07:41:38.000,0,NULL,NULL,2009-10-23,NULL,NULL,NULL,0,1,
3171,,00578-COMP-DESK-ICT-PTRE-09,TOWER DESKTOP,ICT,RAKITAN,"QUAD CORE 9200 , HD 250 GB, RAM 2 GB, 140016 GSO 9500, CASING ENLIGHT",0,121001,0,0,NULL,120003,9,LT,1,0,NULL,NULL,NULL,053573,2021-02-11 07:41:44.000,0,NULL,NULL,2009-11-09,NULL,NULL,NULL,0,1,
3173,,00580-COMP-DESK-ICT-PTRE-09,TOWER DESKTOP,ICT,RAKITAN,"QUAD CORE 9200 , HD 250 GB, RAM 2 GB, 140016 GSO 9500, CASING ENLIGHT",0,121001,0,0,NULL,120003,9,LT,1,0,NULL,NULL,NULL,053573,2021-02-11 07:41:56.000,0,NULL,NULL,2009-11-09,NULL,NULL,NULL,0,1,
3175,,00582-COMP-DESK-ICT-PTRE-10,"RAKITAN QUAD CORE 9200 , HD",ICT,RAKITAN,"QUAD CORE 9200 , HD 250 GB, RAM 2 GB, 140016 GS 240, CASING ENLIGHT",0,121001,0,0,NULL,120003,9,LT,1,0,NULL,NULL,NULL,053573,2021-02-11 07:42:05.000,0,NULL,NULL,2010-01-07,NULL,NULL,NULL,0,1,
3177,,00584-COMP-DESK-ICT-PTRE-10,"RAKITAN QUAD CORE 9200 , HD",ICT,RAKITAN,"QUAD CORE 9200 , HD 250 GB, RAM 2 GB, 140016 GS 240, CASING ENLIGHT",0,121001,0,0,NULL,120003,9,LT,1,0,NULL,NULL,NULL,053573,2021-02-11 07:42:11.000,0,NULL,NULL,2010-01-07,NULL,NULL,NULL,0,1,
3191,,00598-COMP-DESK-ICT-PTRE-10,"RAKITAN CORE I 7 860, RAM 6",ICT,RAKITAN,"CORE I 7 860, RAM 6 GB, HD 4 X 1,5 TB, CASING ENLIGHT",0,121001,0,0,NULL,120003,9,LT,1,0,NULL,NULL,NULL,053573,2021-02-11 07:42:17.000,0,NULL,NULL,2010-02-23,NULL,NULL,NULL,0,1,
3192,,00599-COMP-DESK-ICT-PTRE-10,TOWER DESKTOP,ICT,RAKITAN,"QUAD CORE 8400 , HD 320 GB, RAM 2 GB, 140016 GT 9500, CASING ENLIGHT",0,121001,0,0,NULL,120003,9,LT,1,0,NULL,NULL,NULL,053573,2021-02-11 07:42:23.000,0,NULL,NULL,2010-03-08,NULL,NULL,NULL,0,1,
3194,,00601-COMP-DESK-ICT-PTRE-10,TOWER DESKTOP,ICT,RAKITAN,"QUAD CORE 8400 , HD 320 GB, RAM 2 GB, 140016 GT 9500, CASING ENLIGHT",0,121001,0,0,NULL,120003,9,LT,1,0,NULL,NULL,NULL,053573,2021-02-11 07:42:31.000,0,NULL,NULL,2010-03-08,NULL,NULL,NULL,0,1,
3199,,00606-COMP-DESK-ICT-PTRE-10,TOWER DESKTOP,ICT,RAKITAN,"QUAD CORE 8400 , HD 320 GB, RAM 2 GB, 140016 GT 240, CASING ENLIGHT",0,121001,0,0,NULL,120003,9,LT,1,0,NULL,NULL,NULL,053573,2021-02-11 07:42:37.000,0,NULL,NULL,2010-03-12,NULL,NULL,NULL,0,1,
3201,,00608-COMP-DESK-ICT-PTRE-10,TOWER DESKTOP,ICT,RAKITAN,"QUAD CORE 8400 , HD 320 GB, RAM 2 GB, 140016 GT 240, CASING ENLIGHT",0,121001,0,0,NULL,120003,9,LT,1,0,NULL,NULL,NULL,053573,2021-02-11 07:42:43.000,0,NULL,NULL,2010-03-12,NULL,NULL,NULL,0,1,
3203,,00610-COMP-DESK-ICT-PTRE-10,TOWER DESKTOP,ICT,RAKITAN,"QUAD CORE 8400 , HD 320 GB, RAM 2 GB, 140016 GT 240, CASING ENLIGHT",0,121001,0,0,NULL,120003,9,LT,1,0,NULL,NULL,NULL,053573,2021-02-11 07:42:49.000,0,NULL,NULL,2010-03-12,NULL,NULL,NULL,0,1,
3207,,00614-COMP-DESK-ICT-PTRE-10,TOWER DESKTOP,ICT,RAKITAN,"QUAD CORE 8400 , HD 250 GB, RAM 2 GB, 140016 GS 9500, CASING ENLIGHT",0,121001,0,0,NULL,120003,9,LT,1,0,NULL,NULL,NULL,053573,2021-02-11 07:42:55.000,0,NULL,NULL,2010-03-23,NULL,NULL,NULL,0,1,
3209,,00616-COMP-DESK-ICT-PTRE-10,TOWER DESKTOP,ICT,RAKITAN,"QUAD CORE 8400 , HD 250 GB, RAM 2 GB, 140016 GS 9500, CASING ENLIGHT",0,121001,0,0,NULL,120003,9,LT,1,0,NULL,NULL,NULL,053573,2021-02-11 07:43:00.000,0,NULL,NULL,2010-03-23,NULL,NULL,NULL,0,1,
3211,,00618-COMP-DESK-ICT-PTRE-10,TOWER DESKTOP,ICT,RAKITAN,"QUAD CORE 8400 , HD 250 GB, RAM 2 GB, 140016 GS 9500, CASING ENLIGHT",0,121001,0,0,NULL,120003,9,LT,1,0,NULL,NULL,NULL,053573,2021-02-11 07:43:18.000,0,NULL,NULL,2010-03-23,NULL,NULL,NULL,0,1,
3214,,00621-COMP-DESK-ICT-PTRE-10,TOWER DESKTOP,ICT,RAKITAN,"QUAD CORE 8400 , HD 250 GB, RAM 2 GB, 140016 GS 9500 1 GB, CASING ENLIGHT",0,121001,0,0,NULL,120003,9,LT,1,0,NULL,NULL,NULL,053573,2021-02-11 07:43:23.000,0,NULL,NULL,2010-04-16,NULL,NULL,NULL,0,1,
3216,,00623-COMP-DESK-ICT-PTRE-10,TOWER DESKTOP,ICT,RAKITAN,"QUAD CORE 8400 , HD 250 GB, RAM 2 GB, 140016 GS 9500 1 GB, CASING ENLIGHT",0,121001,0,0,NULL,120003,9,LT,1,0,NULL,NULL,NULL,053573,2021-02-11 07:43:28.000,0,NULL,NULL,2010-04-16,NULL,NULL,NULL,0,1,
3218,,00625-COMP-DESK-ICT-PTRE-10,TOWER DESKTOP,ICT,RAKITAN,"QUAD CORE 8400 , HD 250 GB, RAM 2 GB, 140016 GS 9500 1 GB, CASING ENLIGHT",0,121001,0,0,NULL,120003,9,LT,1,0,NULL,NULL,NULL,053573,2021-02-11 07:43:55.000,0,NULL,NULL,2010-04-16,NULL,NULL,NULL,0,1,
3220,,00627-COMP-DESK-ICT-PTRE-10,TOWER DESKTOP,ICT,RAKITAN,"QUAD CORE 8400 , HD 250 GB, RAM 2 GB, 140016 GS 9500 1 GB, CASING ENLIGHT",0,121001,0,0,NULL,120003,9,LT,1,0,NULL,NULL,NULL,053573,2021-02-11 07:44:00.000,0,NULL,NULL,2010-04-16,NULL,NULL,NULL,0,1,
3222,,00629-COMP-DESK-ICT-PTRE-10,TOWER DESKTOP,ICT,RAKITAN,"QUAD CORE 8400 , HD 250 GB, RAM 2 GB, 140016 GS 9500 1 GB, CASING ENLIGHT",0,121001,0,0,NULL,120003,9,LT,1,0,NULL,NULL,NULL,053573,2021-02-11 07:44:06.000,0,NULL,NULL,2010-04-21,NULL,NULL,NULL,0,1,
3224,,00631-COMP-DESK-ICT-PTRE-10,TOWER DESKTOP,ICT,RAKITAN,"QUAD CORE 8400 , HD 250 GB, RAM 2 GB, 140016 GS 9500 1 GB, CASING ENLIGHT",0,121001,0,0,NULL,120003,9,LT,1,0,NULL,NULL,NULL,053573,2021-02-11 07:44:34.000,0,NULL,NULL,2010-04-21,NULL,NULL,NULL,0,1,
3226,,00633-COMP-DESK-ICT-PTRE-10,TOWER DESKTOP,ICT,RAKITAN,"QUAD CORE 8400 , HD 250 GB, RAM 2 GB, 140016 GS 9500 1 GB, CASING ENLIGHT",0,121001,0,0,NULL,120003,9,LT,1,0,NULL,NULL,NULL,053573,2021-02-11 07:44:40.000,0,NULL,NULL,2010-04-21,NULL,NULL,NULL,0,1,
3228,,00635-COMP-DESK-ICT-PTRE-10,TOWER DESKTOP,ICT,RAKITAN,"QUAD CORE 8400 , HD 250 GB, RAM 2 GB, 140016 GS 9500 1 GB, CASING ENLIGHT",0,121001,0,0,NULL,120003,9,LT,1,0,NULL,NULL,NULL,053573,2021-02-11 07:44:46.000,0,NULL,NULL,2010-04-22,NULL,NULL,NULL,0,1,
3231,,00638-COMP-DESK-ICT-PTRE-10,TOWER DESKTOP,ICT,RAKITAN,"QUAD CORE 8400 , HD 250 GB, RAM 2 GB, 140016 GS 9500 1 GB, CASING ENLIGHT",0,121001,0,0,NULL,120003,9,LT,1,0,NULL,NULL,NULL,053573,2021-02-11 07:44:53.000,0,NULL,NULL,2010-04-26,NULL,NULL,NULL,0,1,
3233,,00640-COMP-DESK-ICT-PTRE-10,TOWER DESKTOP,ICT,RAKITAN,"QUAD CORE 8400 , HD 250 GB, RAM 2 GB, 140016 GS 9500 1 GB, CASING ENLIGHT",0,121001,0,0,NULL,120003,9,LT,1,0,NULL,NULL,NULL,053573,2021-02-11 07:44:59.000,0,NULL,NULL,2010-04-26,NULL,NULL,NULL,0,1,
3236,,00643-COMP-DESK-ICT-PTRE-10,TOWER DESKTOP,ICT,RAKITAN,"QUAD CORE 8400 , HD 250 GB, RAM 2 GB, 140016 GS 9500 1 GB, CASING ENLIGHT",0,121001,0,0,NULL,120003,9,LT,1,0,NULL,NULL,NULL,053573,2021-02-11 07:45:05.000,0,NULL,NULL,2010-05-14,NULL,NULL,NULL,0,1,
3239,,00646-COMP-DESK-ICT-PTRE-10,TOWER DESKTOP,ICT,RAKITAN,"QUAD CORE 8400 , HD 250 GB, RAM 2 GB, 140016 GS 9500 1 GB, CASING ENLIGHT",0,121001,0,0,NULL,120003,9,LT,1,0,NULL,NULL,NULL,053573,2021-02-11 07:45:12.000,0,NULL,NULL,2010-05-14,NULL,NULL,NULL,0,1,
3241,,00648-COMP-DESK-ICT-PTRE-10,TOWER DESKTOP,ICT,RAKITAN,"QUAD CORE 8400 , HD 250 GB, RAM 2 GB, 140016 GS 9500 1 GB, CASING ENLIGHT",0,121001,0,0,NULL,120003,9,LT,1,0,NULL,NULL,NULL,053573,2021-02-11 07:45:18.000,0,NULL,NULL,2010-06-30,NULL,NULL,NULL,0,1,
3243,,00650-COMP-DESK-ICT-PTRE-10,TOWER DESKTOP,ICT,RAKITAN,"QUAD CORE 8400 , HD 250 GB, RAM 2 GB, 140016 GS 9500 1 GB, CASING ENLIGHT",0,121001,0,0,NULL,120003,9,LT,1,0,NULL,NULL,NULL,053573,2021-02-11 07:45:25.000,0,NULL,NULL,2010-07-01,NULL,NULL,NULL,0,1,
3250,,00657-COMP-DESK-ICT-PTRE-10,HP MS 200,ICT,HP,"CORE 2 DUO 7500, HD 500 GB, RAM 4 GB, 23 INC",0,121001,0,0,NULL,120003,9,LT,1,0,NULL,NULL,NULL,053573,2021-02-11 07:53:11.000,0,NULL,NULL,2010-12-06,NULL,NULL,NULL,0,1,
3251,,00658-COMP-DESK-ICT-PTRE-10,HP MS 200,ICT,HP,"CORE 2 DUO 7500, HD 500 GB, RAM 4 GB, 23 INC",0,121001,0,0,NULL,120003,9,LT,1,0,NULL,NULL,NULL,053573,2021-02-11 07:53:17.000,0,NULL,NULL,2010-12-06,NULL,NULL,NULL,0,1,
3253,,00660-COMP-DESK-ICT-PTRE-10,TOWER DESKTOP,ICT,RAKITAN,"QUAD CORE 8400 , HD 250 GB, RAM 2 GB, 140016 GS 9500 1 GB, CASING ENLIGHT",0,121001,0,0,NULL,120003,9,LT,1,0,NULL,NULL,NULL,053573,2021-02-11 07:45:38.000,0,NULL,NULL,2010-12-06,NULL,NULL,NULL,0,1,
3260,,00667-COMP-DESK-ICT-PTRE-11,PC RAKITAN,ICT,RAKITAN,"CORE 2 QUAD 8400, RAM 4 GB, HD 320 GB",0,121001,0,0,NULL,120003,9,LT,1,0,NULL,NULL,NULL,053573,2021-02-11 07:45:45.000,0,NULL,NULL,2011-04-14,NULL,NULL,NULL,0,1,
3262,,00669-COMP-DESK-ICT-PTRE-11,PC RAKITAN,ICT,RAKITAN,"CORE 2 QUAD 8400, RAM 4 GB, HD 320 GB",0,121001,0,0,NULL,120003,9,LT,1,1,073770,180704102045,2018-07-04,053573,2021-02-11 07:45:53.000,0,NULL,NULL,2011-04-14,NULL,NULL,NULL,0,1,
3264,,00671-COMP-DESK-ICT-PTRE-11,PC RAKITAN,ICT,RAKITAN,"CORE 2 QUAD 8400, RAM 4 GB, HD 320 GB",0,121001,0,0,NULL,120003,9,LT,1,0,NULL,NULL,NULL,053573,2021-02-11 07:45:59.000,0,NULL,NULL,2011-05-05,NULL,NULL,NULL,0,1,
3266,,00673-COMP-DESK-ICT-PTRE-10,PC RAKITAN,ICT,RAKITAN,"CORE 2 QUAD 8400, RAM 2 GB, HD 320 GB",0,121001,0,0,NULL,120003,9,LT,1,0,NULL,NULL,NULL,053573,2021-02-11 07:46:05.000,0,NULL,NULL,2010-01-01,NULL,NULL,NULL,0,1,
3268,,00675-COMP-DESK-ICT-PTRE-10,PC RAKITAN,ICT,RAKITAN,"CORE 2 QUAD 8400, RAM 2 GB, HD 320 GB",0,121001,0,0,NULL,120003,9,LT,1,0,NULL,NULL,NULL,053573,2021-02-11 07:46:34.000,0,NULL,NULL,2010-01-01,NULL,NULL,NULL,0,1,
3270,,00677-COMP-DESK-ICT-PTRE-10,PC RAKITAN,ICT,RAKITAN,"CORE 2 QUAD 8400, RAM 2 GB, HD 320 GB",0,121001,0,0,NULL,120003,9,LT,1,0,NULL,NULL,NULL,053573,2021-02-11 07:46:41.000,0,NULL,NULL,2010-01-01,NULL,NULL,NULL,0,1,
3272,,00679-COMP-DESK-ICT-PTRE-10,PC RAKITAN,ICT,RAKITAN,"CORE 2 QUAD 8400, RAM 2 GB, HD 320 GB",0,121001,0,0,NULL,120003,9,LT,1,0,NULL,NULL,NULL,053573,2021-02-11 07:46:46.000,0,NULL,NULL,2010-01-01,NULL,NULL,NULL,0,1,
3274,,00681-COMP-DESK-ICT-PTRE-10,PC RAKITAN,ICT,RAKITAN,"CORE 2 QUAD 8400, RAM 2 GB, HD 320 GB",0,121001,0,0,NULL,120003,9,LT,1,0,NULL,NULL,NULL,053573,2021-02-11 07:46:54.000,0,NULL,NULL,2010-01-01,NULL,NULL,NULL,0,1,
3276,,00683-COMP-DESK-ICT-PTRE-10,PC RAKITAN,ICT,RAKITAN,"CORE 2 QUAD 8400, RAM 2 GB, HD 320 GB",0,121001,0,0,NULL,120003,9,LT,1,0,NULL,NULL,NULL,053573,2021-02-11 07:47:01.000,0,NULL,NULL,2010-01-01,NULL,NULL,NULL,0,1,
3278,,00685-COMP-DESK-ICT-PTRE-10,PC RAKITAN,ICT,RAKITAN,"CORE 2 QUAD 8400, RAM 2 GB, HD 320 GB",0,121001,0,0,NULL,120003,9,LT,1,0,NULL,NULL,NULL,053573,2021-02-11 07:47:06.000,0,NULL,NULL,2010-01-01,NULL,NULL,NULL,0,1,
3280,,00687-COMP-DESK-ICT-PTRE-10,PC RAKITAN,ICT,RAKITAN,"CORE 2 QUAD 8400, RAM 2 GB, HD 320 GB",0,121001,0,0,NULL,120003,9,LT,1,0,NULL,NULL,NULL,053573,2021-02-11 07:47:12.000,0,NULL,NULL,2010-01-01,NULL,NULL,NULL,0,1,
3282,,00689-COMP-DESK-ICT-PTRE-10,PC RAKITAN,ICT,RAKITAN,"CORE 2 QUAD 8400, RAM 2 GB, HD 320 GB",0,121001,0,0,NULL,120003,9,LT,1,0,NULL,NULL,NULL,053573,2021-02-11 07:47:19.000,0,NULL,NULL,2010-01-01,NULL,NULL,NULL,0,1,
3284,,00691-COMP-DESK-ICT-PTRE-10,PC RAKITAN,ICT,RAKITAN,"CORE 2 QUAD 8400, RAM 2 GB, HD 320 GB",0,121001,0,0,NULL,120003,9,LT,1,0,NULL,NULL,NULL,053573,2021-02-11 07:47:23.000,0,NULL,NULL,2010-01-01,NULL,NULL,NULL,0,1,
3286,,00693-COMP-DESK-ICT-PTRE-10,PC RAKITAN,ICT,RAKITAN,"CORE 2 QUAD 8400, RAM 2 GB, HD 320 GB",0,121001,0,0,NULL,120003,9,LT,1,0,NULL,NULL,NULL,053573,2021-02-11 07:47:28.000,0,NULL,NULL,2010-01-01,NULL,NULL,NULL,0,1,
3288,,00695-COMP-DESK-ICT-PTRE-10,PC RAKITAN,ICT,RAKITAN,"CORE 2 QUAD 8400, RAM 2 GB, HD 320 GB",0,121001,0,0,NULL,120003,9,LT,1,0,NULL,NULL,NULL,053573,2021-02-11 07:47:34.000,0,NULL,NULL,2010-01-01,NULL,NULL,NULL,0,1,
3290,,00697-COMP-DESK-ICT-PTRE-10,PC RAKITAN,ICT,RAKITAN,"CORE 2 QUAD 8400, RAM 2 GB, HD 320 GB",0,121001,0,0,NULL,120003,9,LT,1,0,NULL,NULL,NULL,053573,2021-02-11 07:47:39.000,0,NULL,NULL,2010-01-01,NULL,NULL,NULL,0,1,
3292,,00699-COMP-DESK-ICT-PTRE-10,PC RAKITAN,ICT,RAKITAN,"CORE 2 QUAD 8400, RAM 2 GB, HD 320 GB",0,121001,0,0,NULL,120003,9,LT,1,0,NULL,NULL,NULL,053573,2021-02-11 07:47:45.000,0,NULL,NULL,2010-01-01,NULL,NULL,NULL,0,1,
3294,,00701-COMP-DESK-ICT-PTRE-10,PC RAKITAN,ICT,RAKITAN,"CORE 2 QUAD 8400, RAM 2 GB, HD 320 GB",0,121001,0,0,NULL,120003,9,LT,1,0,NULL,NULL,NULL,053573,2021-02-11 07:47:50.000,0,NULL,NULL,2010-01-01,NULL,NULL,NULL,0,1,
3296,,00703-COMP-DESK-ICT-PTRE-10,PC RAKITAN,ICT,RAKITAN,"CORE 2 QUAD 8400, RAM 2 GB, HD 320 GB",0,121001,0,0,NULL,120003,9,LT,1,0,NULL,NULL,NULL,053573,2021-02-11 07:47:55.000,0,NULL,NULL,2010-01-01,NULL,NULL,NULL,0,1,
3298,,00705-COMP-DESK-ICT-PTRE-10,PC RAKITAN,ICT,RAKITAN,"CORE 2 QUAD 8400, RAM 2 GB, HD 320 GB",0,121001,0,0,NULL,120003,9,LT,1,0,NULL,NULL,NULL,053573,2021-02-11 07:48:00.000,0,NULL,NULL,2010-01-01,NULL,NULL,NULL,0,1,
3300,,00707-COMP-DESK-ICT-PTRE-10,PC RAKITAN,ICT,RAKITAN,"CORE 2 QUAD 8400, RAM 2 GB, HD 320 GB",0,121001,0,0,NULL,120003,9,LT,1,0,NULL,NULL,NULL,053573,2021-02-11 07:48:05.000,0,NULL,NULL,2010-01-01,NULL,NULL,NULL,0,1,
3302,,00709-COMP-DESK-ICT-PTRE-10,PC RAKITAN,ICT,RAKITAN,"CORE 2 QUAD 8400, RAM 2 GB, HD 320 GB",0,121001,0,0,NULL,120003,9,LT,1,0,NULL,NULL,NULL,053573,2021-02-11 07:48:12.000,0,NULL,NULL,2010-01-01,NULL,NULL,NULL,0,1,
3304,,00711-COMP-DESK-ICT-PTRE-10,PC RAKITAN,ICT,RAKITAN,"CORE 2 QUAD 8400, RAM 2 GB, HD 320 GB",0,121001,0,0,NULL,120003,9,LT,1,0,NULL,NULL,NULL,053573,2021-02-11 07:48:17.000,0,NULL,NULL,2010-01-01,NULL,NULL,NULL,0,1,
3306,,00713-COMP-DESK-ICT-PTRE-10,PC RAKITAN,ICT,RAKITAN,"CORE 2 QUAD 8400, RAM 2 GB, HD 320 GB",0,121001,0,0,NULL,120003,9,LT,1,0,NULL,NULL,NULL,053573,2021-02-11 07:48:24.000,0,NULL,NULL,2010-01-01,NULL,NULL,NULL,0,1,
3308,,00715-COMP-DESK-ICT-PTRE-10,PC RAKITAN,ICT,RAKITAN,"CORE 2 QUAD 8400, RAM 2 GB, HD 320 GB",0,121001,0,0,NULL,120003,9,LT,1,0,NULL,NULL,NULL,053573,2021-02-11 07:48:29.000,0,NULL,NULL,2010-01-01,NULL,NULL,NULL,0,1,
3310,,00717-COMP-DESK-ICT-PTRE-10,PC RAKITAN,ICT,RAKITAN,"CORE 2 QUAD 8400, RAM 2 GB, HD 320 GB",0,121001,0,0,NULL,120003,9,LT,1,0,NULL,NULL,NULL,053573,2021-02-11 07:48:35.000,0,NULL,NULL,2010-01-01,NULL,NULL,NULL,0,1,
3312,,00719-COMP-DESK-ICT-PTRE-10,PC RAKITAN,ICT,RAKITAN,"CORE 2 QUAD 8400, RAM 2 GB, HD 320 GB",0,121001,0,0,NULL,120003,9,LT,1,0,NULL,NULL,NULL,053573,2021-02-11 07:48:42.000,0,NULL,NULL,2010-01-01,NULL,NULL,NULL,0,1,
3314,,00721-COMP-DESK-ICT-PTRE-10,PC RAKITAN,ICT,RAKITAN,"CORE 2 QUAD 8400, RAM 2 GB, HD 320 GB",0,121001,0,0,NULL,120003,9,LT,1,0,NULL,NULL,NULL,053573,2021-02-11 07:48:49.000,0,NULL,NULL,2010-01-01,NULL,NULL,NULL,0,1,
3316,,00723-COMP-DESK-ICT-PTRE-10,PC RAKITAN,ICT,RAKITAN,"CORE 2 QUAD 8400, RAM 2 GB, HD 320 GB",0,121001,0,0,NULL,120003,9,LT,1,0,NULL,NULL,NULL,053573,2021-02-11 07:48:56.000,0,NULL,NULL,2010-01-01,NULL,NULL,NULL,0,1,
3318,,00725-COMP-DESK-ICT-PTRE-10,PC RAKITAN,ICT,RAKITAN,"CORE 2 QUAD 8400, RAM 2 GB, HD 320 GB",0,121001,0,0,NULL,120003,9,LT,1,0,NULL,NULL,NULL,053573,2021-02-11 07:49:02.000,0,NULL,NULL,2010-01-01,NULL,NULL,NULL,0,1,
3320,,00727-COMP-DESK-ICT-PTRE-10,PC RAKITAN,ICT,RAKITAN,"CORE 2 QUAD 8400, RAM 2 GB, HD 320 GB",0,121001,0,0,NULL,120003,9,LT,1,0,NULL,NULL,NULL,053573,2021-02-11 07:49:09.000,0,NULL,NULL,2010-01-01,NULL,NULL,NULL,0,1,
3322,,00729-COMP-DESK-ICT-PTRE-10,PC RAKITAN,ICT,RAKITAN,"CORE 2 QUAD 8400, RAM 2 GB, HD 320 GB",0,121001,0,0,NULL,120003,9,LT,1,0,NULL,NULL,NULL,053573,2021-02-11 07:49:16.000,0,NULL,NULL,2010-01-01,NULL,NULL,NULL,0,1,
3324,,00731-COMP-DESK-ICT-PTRE-10,PC RAKITAN,ICT,RAKITAN,"CORE 2 QUAD 8400, RAM 2 GB, HD 320 GB",0,121001,0,0,NULL,120003,9,LT,1,0,NULL,NULL,NULL,053573,2021-02-11 07:49:34.000,0,NULL,NULL,2010-01-01,NULL,NULL,NULL,0,1,
3326,,00733-COMP-DESK-ICT-PTRE-11,PC RAKITAN,ICT,RAKITAN,"CORE 2 QUAD 8400, RAM 4 GB, HD 320 GB",0,121001,0,0,NULL,120003,9,LT,1,0,NULL,NULL,NULL,053573,2021-02-11 07:49:42.000,0,NULL,NULL,2011-10-23,NULL,NULL,NULL,0,1,
3328,,00735-COMP-DESK-ICT-PTRE-11,PC RAKITAN,ICT,RAKITAN,"CORE 2 QUAD 8400, RAM 4 GB, HD 320 GB",0,121001,0,0,NULL,120003,9,LT,1,0,NULL,NULL,NULL,053573,2021-02-11 07:49:49.000,0,NULL,NULL,2011-10-23,NULL,NULL,NULL,0,1,
3330,,00737-COMP-DESK-ICT-PTRE-11,PC RAKITAN,ICT,RAKITAN,"CORE 2 QUAD 8400, RAM 4 GB, HD 320 GB",0,121001,0,0,NULL,120003,9,LT,1,1,124281,180704102444,2018-07-04,053573,2021-02-11 07:49:59.000,0,NULL,NULL,2011-10-23,NULL,NULL,NULL,0,1,
3332,,00739-COMP-DESK-ICT-PTRE-11,HP P7-1040L,ICT,HP,"CORE I 5 3,3 GHZ , RAM 4 GB, HD 1 TB, 140016 ATI HD 4550",0,121001,0,0,NULL,120003,9,LT,1,1,311318,221101104056,2021-01-08,053573,2023-04-10 07:19:26.000,0,NULL,NULL,2011-10-24,NULL,NULL,NULL,0,1,
3334,,00741-COMP-DESK-ICT-PTRE-11,HP P7-1040L,ICT,HP,"CORE I 5 3,3 GHZ , RAM 4 GB, HD 1 TB, 140016 ATI HD 4550",0,121001,0,0,NULL,120003,9,LT,1,1,315218,190218011922,2019-02-18,053573,2021-02-11 07:54:13.000,0,NULL,NULL,2011-10-24,NULL,NULL,NULL,0,1,
3336,,00743-COMP-DESK-ICT-PTRE-11,HP P7-1040L,ICT,HP,"CORE I 5 3,3 GHZ , RAM 4 GB, HD 1 TB, 140016 ATI HD 4550",0,121001,0,0,NULL,120003,9,LT,1,1,305317,221101104843,2021-04-07,053573,2023-04-10 07:19:04.000,0,NULL,NULL,2011-10-24,NULL,NULL,NULL,0,1,
3338,,00745-COMP-DESK-ICT-PTRE-11,HP P7-1040L,ICT,HP,"CORE I 5 3,3 GHZ , RAM 4 GB, HD 1 TB, 140016 ATI HD 4550",0,121001,0,0,NULL,120003,9,LT,1,1,184690,221117031526,2018-07-04,053573,2021-02-11 07:54:28.000,0,NULL,NULL,2011-10-28,NULL,NULL,NULL,0,1,
3340,,00747-COMP-DESK-ICT-PTRE-11,HP P7-1040L,ICT,HP,"CORE I 5 3,3 GHZ , RAM 4 GB, HD 1 TB, 140016 ATI HD 4550",0,121001,0,0,NULL,120003,9,LT,1,1,194739,221108085353,2020-05-22,053573,2022-11-08 08:54:18.000,0,NULL,NULL,2011-10-28,NULL,NULL,NULL,0,1,
3342,,00749-COMP-DESK-ICT-PTRE-11,HP P7-1040L,ICT,HP,"CORE I 5 3,3 GHZ , RAM 4 GB, HD 1 TB, 140016 ATI HD 4550",0,121001,0,0,NULL,120003,9,LT,1,1,094081,190218102059,2019-02-18,053573,2021-02-11 07:54:41.000,0,NULL,NULL,2011-10-28,NULL,NULL,NULL,0,1,
3344,,00751-COMP-DESK-ICT-PTRE-11,HP P7-1040L,ICT,HP,"CORE I 5 3,3 GHZ , RAM 4 GB, HD 1 TB, 140016 ATI HD 4550",0,121001,0,0,NULL,120003,9,LT,1,1,124321,180704103022,2018-07-04,053573,2021-02-11 07:54:47.000,0,NULL,NULL,2011-11-08,NULL,NULL,NULL,0,1,
3346,,00753-COMP-DESK-ICT-PTRE-11,HP P7-1040L,ICT,HP,"CORE I 5 3,3 GHZ , RAM 4 GB, HD 1 TB, 140016 ATI HD 4550",0,121001,0,0,NULL,120003,9,LT,1,1,304717,190218112053,2018-07-04,053573,2021-02-11 07:54:56.000,0,NULL,NULL,2011-11-08,NULL,NULL,NULL,0,1,
3348,,00755-COMP-DESK-ICT-PTRE-11,HP P7-1040L,ICT,HP,"CORE I 5 3,3 GHZ , RAM 4 GB, HD 1 TB, 140016 ATI HD 4550",0,121001,0,0,NULL,120003,9,LT,1,1,204931,221028103618,2020-10-15,053573,2021-02-11 07:55:10.000,0,NULL,NULL,2011-11-08,NULL,NULL,NULL,0,1,
3350,,00757-COMP-DESK-ICT-PTRE-11,LENOVO A70Z ALL IN ONE,ICT,LENOVO,"CORE 2 DUA E7500 2,9 GHZ, RAM 4 GB, HD 500 GB, 140016 INTEL 4500, LCD 20""",0,121001,0,0,NULL,120003,9,LT,1,1,301817,180704103236,2018-07-04,053573,2023-03-29 10:39:25.000,0,NULL,NULL,2011-11-09,NULL,NULL,NULL,0,1,
3351,,00758-COMP-DESK-ICT-PTRE-11,LENOVO A70Z ALL IN ONE,ICT,LENOVO,"CORE 2 DUA E7500 2,9 GHZ, RAM 4 GB, HD 500 GB, 140016 INTEL 4500, LCD 20""",0,121001,0,0,NULL,120003,9,LT,1,1,309918,190218024943,2019-02-18,053573,2021-02-11 07:58:44.000,0,NULL,NULL,2011-11-09,NULL,NULL,NULL,0,1,
3352,,00759-COMP-DESK-ICT-PTRE-11,LENOVO A70Z ALL IN ONE,ICT,LENOVO,"CORE 2 DUA E7500 2,9 GHZ, RAM 4 GB, HD 500 GB, 140016 INTEL 4500, LCD 20""",0,121001,0,0,NULL,120003,9,LT,1,1,144502,201022021639,2020-10-22,053573,2024-06-13 10:49:29.000,0,NULL,NULL,2011-11-09,NULL,NULL,NULL,0,1,
3353,,00760-COMP-DESK-ICT-PTRE-11,LENOVO A70Z ALL IN ONE,ICT,LENOVO,"CORE 2 DUA E7500 2,9 GHZ, RAM 4 GB, HD 500 GB, 140016 INTEL 4500, LCD 20""",0,121001,0,0,NULL,120003,9,LT,1,1,073823,180704103437,2018-07-04,053573,2023-03-29 10:40:01.000,0,NULL,NULL,2011-11-09,NULL,NULL,NULL,0,1,
3354,,00761-COMP-DESK-ICT-PTRE-11,LENOVO A70Z ALL IN ONE,ICT,LENOVO,"CORE 2 DUA E7500 2,9 GHZ, RAM 4 GB, HD 500 GB, 140016 INTEL 4500, LCD 20""",0,121001,0,0,NULL,120003,9,LT,1,1,110014,190218094756,2018-07-04,053573,2023-04-10 07:11:23.000,0,NULL,NULL,2011-11-09,NULL,NULL,NULL,0,1,
3355,,00762-COMP-DESK-ICT-PTRE-11,LENOVO A70Z ALL IN ONE,ICT,LENOVO,"CORE 2 DUA E7500 2,9 GHZ, RAM 4 GB, HD 500 GB, 140016 INTEL 4500, LCD 20""",0,121001,0,0,NULL,120003,9,LT,1,0,NULL,NULL,NULL,053573,2021-02-11 07:59:11.000,0,NULL,NULL,2011-11-09,NULL,NULL,NULL,0,1,
3356,,00763-COMP-DESK-ICT-PTRE-11,LENOVO A70Z ALL IN ONE,ICT,LENOVO,"CORE 2 DUA E7500 2,9 GHZ, RAM 4 GB, HD 500 GB, 140016 INTEL 4500, LCD 20""",0,121001,0,0,NULL,120003,9,LT,1,1,032227,190222110102,2018-07-04,053573,2024-06-13 10:49:46.000,0,NULL,NULL,2011-11-15,NULL,NULL,NULL,0,1,
3357,,00764-COMP-DESK-ICT-PTRE-11,LENOVO A70Z ALL IN ONE,ICT,LENOVO,"CORE 2 DUA E7500 2,9 GHZ, RAM 4 GB, HD 500 GB, 140016 INTEL 4500, LCD 20""",0,121001,0,0,NULL,120003,9,LT,1,1,104140,190218023943,2018-07-04,053573,2024-06-13 10:50:03.000,0,NULL,NULL,2011-11-15,NULL,NULL,NULL,0,1,
3358,,00765-COMP-DESK-ICT-PTRE-11,LENOVO A70Z ALL IN ONE,ICT,LENOVO,"CORE 2 DUA E7500 2,9 GHZ, RAM 4 GB, HD 500 GB, 140016 INTEL 4500, LCD 20""",0,121001,0,0,NULL,120003,9,LT,1,0,NULL,NULL,NULL,053573,2021-02-11 07:59:30.000,0,NULL,NULL,2011-11-15,NULL,NULL,NULL,0,1,
3359,,00766-COMP-DESK-ICT-PTRE-11,LENOVO A70Z ALL IN ONE,ICT,LENOVO,"CORE 2 DUA E7500 2,9 GHZ, RAM 4 GB, HD 500 GB, 140016 INTEL 4500, LCD 20""",0,121001,0,0,NULL,120003,9,LT,1,0,NULL,NULL,NULL,053573,2021-02-11 07:59:36.000,0,NULL,NULL,2011-11-15,NULL,NULL,NULL,0,1,
3360,,00767-COMP-DESK-ICT-PTRE-11,LENOVO A70Z ALL IN ONE,ICT,LENOVO,"CORE 2 DUA E7500 2,9 GHZ, RAM 4 GB, HD 500 GB, 140016 INTEL 4500, LCD 20""",0,121001,0,0,NULL,120003,9,LT,1,0,NULL,NULL,NULL,053573,2021-02-11 07:59:43.000,0,NULL,NULL,2011-11-15,NULL,NULL,NULL,0,1,
3361,,00768-COMP-DESK-ICT-PTRE-11,LENOVO A70Z ALL IN ONE,ICT,LENOVO,"CORE 2 DUA E7500 2,9 GHZ, RAM 4 GB, HD 500 GB, 140016 INTEL 4500, LCD 20""",0,121001,0,0,NULL,120003,9,LT,1,0,053573,NULL,NULL,053573,2023-03-29 10:40:39.000,0,NULL,NULL,2011-11-15,NULL,NULL,NULL,0,1,
3362,,00769-COMP-DESK-ICT-PTRE-11,LENOVO A70Z ALL IN ONE,ICT,LENOVO,"CORE 2 DUA E7500 2,9 GHZ, RAM 4 GB, HD 500 GB, 140016 INTEL 4500, LCD 20""",0,121001,0,0,NULL,120003,9,LT,1,1,154579,180704103801,2018-07-04,053573,2021-02-11 07:59:56.000,0,NULL,NULL,2011-11-15,NULL,NULL,NULL,0,1,
3363,,00770-COMP-DESK-ICT-PTRE-11,HP P7-1040L,ICT,HP,"CORE I 5 3,3 GHZ , RAM 4 GB, HD 1 TB, 140016 ATI HD 4550",0,121001,0,0,NULL,120003,9,LT,1,1,313418,190218101424,2019-02-18,053573,2023-04-10 07:11:59.000,0,NULL,NULL,2011-11-28,NULL,NULL,NULL,0,0,
3365,,00772-COMP-DESK-ICT-PTRE-11,HP P7-1040L,ICT,HP,"CORE I 5 3,3 GHZ , RAM 4 GB, HD 1 TB, 140016 ATI HD 4550",0,121001,0,0,NULL,120003,9,LT,1,1,022001,190222110142,2019-02-19,053573,2023-04-10 07:12:42.000,0,NULL,NULL,2011-11-28,NULL,NULL,NULL,0,0,
3367,,00774-COMP-DESK-ICT-PTRE-11,HP P7-1040L,ICT,HP,"CORE I 5 3,3 GHZ , RAM 4 GB, HD 1 TB, 140016 ATI HD 4550",0,121001,0,0,NULL,120003,9,LT,1,1,124271,180704104038,2018-07-04,053573,2023-04-10 07:18:43.000,0,NULL,NULL,2011-11-28,NULL,NULL,NULL,0,0,
3369,NULL,00776-COMP-DESK-ICT-PTRE-11,HP P7-1040L,ICT,HP,"CORE I 5 3,3 GHZ , RAM 4 GB, HD 1 TB, 140016 ATI HD 4550",0,121001,0,0,NULL,120003,NULL,LT,1,1,114233,180704104317,2018-07-04,53573,2017-01-04 00:00:00.000,0,NULL,NULL,2011-11-28,NULL,NULL,NULL,0,0,
3371,NULL,00778-COMP-DESK-ICT-PTRE-11,HP P7-1040L,ICT,HP,"CORE I 5 3,3 GHZ , RAM 4 GB, HD 1 TB, 140016 ATI HD 4550",0,121001,0,0,NULL,120003,NULL,LT,1,1,144554,180704104421,2018-07-04,53573,2017-01-04 00:00:00.000,0,NULL,NULL,2011-11-28,NULL,NULL,NULL,0,0,
3380,NULL,00787-COMP-DESK-ICT-PTRE-11,LENOVO A70Z ALL IN ONE,ICT,LENOVO,"CORE 2 DUA E7500 2,9 GHZ, RAM 4 GB, HD 500 GB, 140016 INTEL 4500, LCD 20""",0,121001,0,0,NULL,120003,NULL,LT,1,0,NULL,NULL,NULL,53573,2017-01-04 00:00:00.000,0,NULL,NULL,2011-12-12,NULL,NULL,NULL,0,0,
3381,NULL,00788-COMP-DESK-ICT-PTRE-11,LENOVO A70Z ALL IN ONE,ICT,LENOVO,"CORE 2 DUA E7500 2,9 GHZ, RAM 4 GB, HD 500 GB, 140016 INTEL 4500, LCD 20""",0,121001,0,0,NULL,120003,NULL,LT,1,1,124252,201116071855,2020-11-16,53573,2017-01-04 00:00:00.000,0,NULL,NULL,2011-12-12,NULL,NULL,NULL,0,0,
3382,,00789-COMP-DESK-ICT-PTRE-11,LENOVO A70Z ALL IN ONE,ICT,LENOVO,"CORE 2 DUA E7500 2,9 GHZ, RAM 4 GB, HD 500 GB, 140016 INTEL 4500, LCD 20""",0,121001,0,0,NULL,120003,9,LT,1,1,124278,180704104958,2018-07-04,053573,2023-03-29 10:41:04.000,0,NULL,NULL,2011-12-12,NULL,NULL,NULL,0,0,
3383,,00790-COMP-DESK-ICT-PTRE-11,LENOVO A70Z ALL IN ONE,ICT,LENOVO,"CORE 2 DUA E7500 2,9 GHZ, RAM 4 GB, HD 500 GB, 140016 INTEL 4500, LCD 20""",0,121001,0,0,NULL,120003,9,LT,1,1,174632,180704105039,2018-07-04,053573,2023-04-10 07:13:41.000,0,NULL,NULL,2011-12-12,NULL,NULL,NULL,0,0,
3384,,00791-COMP-DESK-ICT-PTRE-11,LENOVO A70Z ALL IN ONE,ICT,LENOVO,"CORE 2 DUA E7500 2,9 GHZ, RAM 4 GB, HD 500 GB, 140016 INTEL 4500, LCD 20""",0,121001,0,0,NULL,120003,9,LT,1,1,305717,180704105128,2018-07-04,053573,2023-03-29 10:41:35.000,0,NULL,NULL,2011-12-12,NULL,NULL,NULL,0,0,
3385,,00792-COMP-DESK-ICT-PTRE-11,LENOVO A70Z ALL IN ONE,ICT,LENOVO,"CORE 2 DUA E7500 2,9 GHZ, RAM 4 GB, HD 500 GB, 140016 INTEL 4500, LCD 20""",0,121001,0,0,NULL,120003,9,LT,1,1,184676,201110111131,2020-11-10,053573,2023-03-29 10:46:16.000,0,NULL,NULL,2011-12-12,NULL,NULL,NULL,0,0,
3386,,00793-COMP-DESK-ICT-PTRE-11,LENOVO A70Z ALL IN ONE,ICT,LENOVO,"CORE 2 DUA E7500 2,9 GHZ, RAM 4 GB, HD 500 GB, 140016 INTEL 4500, LCD 20""",0,121001,0,0,NULL,120003,9,LT,1,1,194711,201022112834,2020-10-22,053573,2023-03-29 10:45:37.000,0,NULL,NULL,2011-12-20,NULL,NULL,NULL,0,0,
3387,,00794-COMP-DESK-ICT-PTRE-11,LENOVO A70Z ALL IN ONE,ICT,LENOVO,"CORE 2 DUA E7500 2,9 GHZ, RAM 4 GB, HD 500 GB, 140016 INTEL 4500, LCD 20""",0,121001,0,0,NULL,120003,9,LT,1,1,309718,190218101821,2019-02-18,053573,2023-03-29 10:42:01.000,0,NULL,NULL,2011-12-20,NULL,NULL,NULL,0,0,
3388,NULL,00795-COMP-DESK-ICT-PTRE-11,LENOVO A70Z ALL IN ONE,ICT,LENOVO,"CORE 2 DUA E7500 2,9 GHZ, RAM 4 GB, HD 500 GB, 140016 INTEL 4500, LCD 20""",0,121001,0,0,NULL,120003,NULL,LT,1,1,300317,190218093100,2019-02-18,53573,2017-01-04 00:00:00.000,0,NULL,NULL,2011-12-20,NULL,NULL,NULL,0,0,
3389,,00796-COMP-DESK-ICT-PTRE-11,LENOVO A70Z ALL IN ONE,ICT,LENOVO,"CORE 2 DUA E7500 2,9 GHZ, RAM 4 GB, HD 500 GB, 140016 INTEL 4500, LCD 20""",0,121001,0,0,NULL,120003,9,LT,1,1,063614,180704105636,2018-07-04,053573,2024-06-13 10:50:57.000,0,NULL,NULL,2011-12-20,NULL,NULL,NULL,0,1,
3390,,00797-COMP-DESK-ICT-PTRE-11,LENOVO A70Z ALL IN ONE,ICT,LENOVO,"CORE 2 DUA E7500 2,9 GHZ, RAM 4 GB, HD 500 GB, 140016 INTEL 4500, LCD 20""",0,121001,0,0,NULL,120003,9,LT,1,1,110007,190218093408,2019-02-18,053573,2024-06-13 10:51:25.000,0,NULL,NULL,2011-12-20,NULL,NULL,NULL,0,1,
3391,,00798-COMP-DESK-ICT-PTRE-11,LENOVO A70Z ALL IN ONE,ICT,LENOVO,"CORE 2 DUA E7500 2,9 GHZ, RAM 4 GB, HD 500 GB, 140016 INTEL 4500, LCD 20""",0,121001,0,0,NULL,120003,9,LT,1,1,164610,190218024106,2018-07-04,053573,2023-03-29 10:44:55.000,0,NULL,NULL,2011-12-20,NULL,NULL,NULL,0,0,
3392,NULL,00799-COMP-DESK-ICT-PTRE-11,LENOVO A70Z ALL IN ONE,ICT,LENOVO,"CORE 2 DUA E7500 2,9 GHZ, RAM 4 GB, HD 500 GB, 140016 INTEL 4500, LCD 20""",0,121001,0,0,NULL,120003,NULL,LT,1,1,184646,201109034258,2019-02-18,53573,2017-01-04 00:00:00.000,0,NULL,NULL,2011-12-20,NULL,NULL,NULL,0,0,
3393,NULL,00800-COMP-DESK-ICT-PTRE-11,LENOVO A70Z ALL IN ONE,ICT,LENOVO,"CORE 2 DUA E7500 2,9 GHZ, RAM 4 GB, HD 500 GB, 140016 INTEL 4500, LCD 20""",0,121001,0,0,NULL,120003,NULL,LT,1,1,094081,180704105927,2018-07-04,53573,2017-01-04 00:00:00.000,0,NULL,NULL,2011-12-20,NULL,NULL,NULL,0,0,
3394,NULL,00801-COMP-DESK-ICT-PTRE-11,LENOVO A70Z ALL IN ONE,ICT,LENOVO,"CORE 2 DUA E7500 2,9 GHZ, RAM 4 GB, HD 500 GB, 140016 INTEL 4500, LCD 20""",0,121001,0,0,NULL,120003,NULL,LT,1,0,NULL,NULL,NULL,53573,2017-01-04 00:00:00.000,0,NULL,NULL,2011-12-20,NULL,NULL,NULL,0,0,
3395,,00802-COMP-DESK-ICT-PTRE-11,LENOVO A70Z ALL IN ONE,ICT,LENOVO,"CORE 2 DUA E7500 2,9 GHZ, RAM 4 GB, HD 500 GB, 140016 INTEL 4500, LCD 20""",0,121001,0,0,NULL,120003,9,LT,1,0,053573,NULL,NULL,053573,2023-03-29 10:44:28.000,0,NULL,NULL,2011-12-20,NULL,NULL,NULL,0,0,
3396,,00803-COMP-DESK-ICT-PTRE-11,LENOVO A70Z ALL IN ONE,ICT,LENOVO,"CORE 2 DUA E7500 2,9 GHZ, RAM 4 GB, HD 500 GB, 140016 INTEL 4500, LCD 20""",0,121001,0,0,NULL,120003,9,LT,1,0,053573,NULL,NULL,053573,2023-03-29 10:43:05.000,0,NULL,NULL,2011-12-20,NULL,NULL,NULL,0,0,
3397,NULL,00804-COMP-DESK-ICT-PTRE-11,LENOVO A70Z ALL IN ONE,ICT,LENOVO,"CORE 2 DUA E7500 2,9 GHZ, RAM 4 GB, HD 500 GB, 140016 INTEL 4500, LCD 20""",0,121001,0,0,NULL,120003,NULL,LT,1,1,124303,180704110131,2018-07-04,53573,2017-01-04 00:00:00.000,0,NULL,NULL,2011-12-20,NULL,NULL,NULL,0,0,
3398,,00805-COMP-DESK-ICT-PTRE-11,LENOVO A70Z ALL IN ONE,ICT,LENOVO,"CORE 2 DUA E7500 2,9 GHZ, RAM 4 GB, HD 500 GB, 140016 INTEL 4500, LCD 20""",0,121001,0,0,NULL,120003,9,LT,1,1,022005,190222105956,2018-07-04,053573,2024-06-13 10:51:38.000,0,NULL,NULL,2011-12-20,NULL,NULL,NULL,0,1,
3405,,00812-COMP-DESK-ICT-PTRE-12,HP P6-2142L,ICT,HP,"CORE I 5 ,2400 3,1 GHZ , RAM 4 GB, HD 1 TB, 140016 ATI HD 6450",0,121001,0,0,NULL,120003,9,LT,1,1,083943,190218095331,2019-02-18,053573,2023-04-10 07:14:02.000,0,NULL,NULL,2012-02-03,NULL,NULL,NULL,0,0,
3407,NULL,00814-COMP-DESK-ICT-PTRE-12,HP P6-2142L,ICT,HP,"CORE I 5 ,2400 3,1 GHZ , RAM 4 GB, HD 1 TB, 140016 ATI HD 6450",0,121001,0,0,NULL,120003,NULL,LT,1,0,NULL,NULL,NULL,53573,2017-01-04 00:00:00.000,0,NULL,NULL,2012-02-03,NULL,NULL,NULL,0,0,
3409,,00816-COMP-DESK-ICT-PTRE-12,HP P6-2142L,ICT,HP,"CORE I 5 ,2400 3,1 GHZ , RAM 4 GB, HD 1 TB, 140016 ATI HD 6450",0,121001,0,0,NULL,120003,9,LT,1,1,083982,180704110334,2018-07-04,053573,2023-04-10 07:14:20.000,0,NULL,NULL,2012-02-03,NULL,NULL,NULL,0,0,
3411,,00818-COMP-DESK-ICT-PTRE-12,HP P6-2142L,ICT,HP,"CORE I 5 ,2400 3,1 GHZ , RAM 4 GB, HD 1 TB, 140016 ATI HD 6450",0,121001,0,0,NULL,120003,9,LT,1,1,104154,190218023300,2018-07-04,053573,2023-04-10 07:14:57.000,0,NULL,NULL,2012-02-03,NULL,NULL,NULL,0,0,
3413,NULL,00820-COMP-DESK-ICT-PTRE-12,HP P6-2142L,ICT,HP,"CORE I 5 ,2400 3,1 GHZ , RAM 4 GB, HD 1 TB, 140016 ATI HD 6450",0,121001,0,0,NULL,120003,NULL,LT,1,0,NULL,NULL,NULL,53573,2017-01-04 00:00:00.000,0,NULL,NULL,2012-02-03,NULL,NULL,NULL,0,0,
3415,,00822-COMP-DESK-ICT-PTRE-12,HP P6-2142L,ICT,HP,"CORE I 5 ,2400 3,1 GHZ , RAM 4 GB, HD 1 TB, 140016 ATI HD 6450",0,121001,0,0,NULL,120003,9,LT,1,1,033376,180704110502,2018-07-04,053573,2023-04-10 07:14:41.000,0,NULL,NULL,2012-02-03,NULL,NULL,NULL,0,0,
3417,NULL,00824-COMP-DESK-ICT-PTRE-12,HP P6-2142L,ICT,HP,"CORE I 5 ,2400 3,1 GHZ , RAM 4 GB, HD 1 TB, 140016 ATI HD 6450",0,121001,0,0,NULL,120003,NULL,LT,1,0,NULL,NULL,NULL,53573,2017-01-04 00:00:00.000,0,NULL,NULL,2012-02-03,NULL,NULL,NULL,0,0,
3419,NULL,00826-COMP-DESK-ICT-PTRE-12,HP P6-2142L,ICT,HP,"CORE I 5 ,2400 3,1 GHZ , RAM 4 GB, HD 1 TB, 140016 ATI HD 6450",0,121001,0,0,NULL,120003,NULL,LT,1,0,NULL,NULL,NULL,53573,2017-01-04 00:00:00.000,0,NULL,NULL,2012-02-03,NULL,NULL,NULL,0,0,
3421,NULL,00828-COMP-DESK-ICT-PTRE-12,HP P6-2142L,ICT,HP,"CORE I 5 ,2400 3,1 GHZ , RAM 4 GB, HD 1 TB, 140016 ATI HD 6450",0,121001,0,0,NULL,120003,NULL,LT,1,0,NULL,NULL,NULL,53573,2017-01-04 00:00:00.000,0,NULL,NULL,2012-02-03,NULL,NULL,NULL,0,0,
3423,,00830-COMP-DESK-ICT-PTRE-12,HP P6-2142L,ICT,HP,"CORE I 5 ,2400 3,1 GHZ , RAM 4 GB, HD 1 TB, 140016 ATI HD 6450",0,101021,0,0,22-1321022.001,120003,9,LT,1,1,130089,240122033019,2018-07-04,053573,2024-06-13 14:40:18.000,0,NULL,NULL,2012-02-03,NULL,NULL,NULL,0,1,
3425,NULL,00832-COMP-DESK-ICT-PTRE-12,LENOVO A70Z ALL IN ONE,ICT,LENOVO,"CORE 2 DUA E7500 2,9 GHZ, RAM 4 GB, HD 500 GB, 140016 INTEL 4500, LCD 20""",0,121001,0,0,NULL,120003,NULL,LT,1,1,306217,190218101235,2019-02-18,53573,2017-01-04 00:00:00.000,0,NULL,NULL,2012-02-03,NULL,NULL,NULL,0,0,
3426,NULL,00833-COMP-DESK-ICT-PTRE-12,LENOVO A70Z ALL IN ONE,ICT,LENOVO,"CORE 2 DUA E7500 2,9 GHZ, RAM 4 GB, HD 500 GB, 140016 INTEL 4500, LCD 20""",0,121001,0,0,NULL,120003,NULL,LT,1,1,184708,190218093459,2019-02-18,53573,2017-01-04 00:00:00.000,0,NULL,NULL,2012-02-03,NULL,NULL,NULL,0,0,
3427,NULL,00834-COMP-DESK-ICT-PTRE-12,LENOVO A70Z ALL IN ONE,ICT,LENOVO,"CORE 2 DUA E7500 2,9 GHZ, RAM 4 GB, HD 500 GB, 140016 INTEL 4500, LCD 20""",0,121001,0,0,NULL,120003,NULL,LT,1,1,130090,180704110721,2018-07-04,53573,2017-01-04 00:00:00.000,0,NULL,NULL,2012-02-03,NULL,NULL,NULL,0,0,
3428,NULL,00835-COMP-DESK-ICT-PTRE-12,LENOVO A70Z ALL IN ONE,ICT,LENOVO,"CORE 2 DUA E7500 2,9 GHZ, RAM 4 GB, HD 500 GB, 140016 INTEL 4500, LCD 20""",0,121001,0,0,NULL,120003,NULL,LT,1,0,NULL,NULL,NULL,53573,2017-01-04 00:00:00.000,0,NULL,NULL,2012-02-03,NULL,NULL,NULL,0,0,
3429,NULL,00836-COMP-DESK-ICT-PTRE-12,LENOVO A70Z ALL IN ONE,ICT,LENOVO,"CORE 2 DUA E7500 2,9 GHZ, RAM 4 GB, HD 500 GB, 140016 INTEL 4500, LCD 20""",0,121001,0,0,NULL,120003,NULL,LT,1,0,NULL,NULL,NULL,53573,2017-01-04 00:00:00.000,0,NULL,NULL,2012-02-03,NULL,NULL,NULL,0,0,
3431,NULL,00838-COMP-DESK-ICT-PTRE-12,LENOVO A70Z ALL IN ONE,ICT,LENOVO,"CORE 2 DUA E7500 2,9 GHZ, RAM 4 GB, HD 500 GB, 140016 INTEL 4500, LCD 20""",0,121001,0,0,NULL,120003,NULL,LT,1,0,NULL,NULL,NULL,53573,2017-01-04 00:00:00.000,0,NULL,NULL,2012-02-18,NULL,NULL,NULL,0,0,
3432,NULL,00839-COMP-DESK-ICT-PTRE-12,LENOVO A70Z ALL IN ONE,ICT,LENOVO,"CORE 2 DUA E7500 2,9 GHZ, RAM 4 GB, HD 500 GB, 140016 INTEL 4500, LCD 20""",0,121001,0,0,NULL,120003,NULL,LT,1,1,300319,190218025221,2018-07-04,53573,2017-01-04 00:00:00.000,0,NULL,NULL,2012-02-18,NULL,NULL,NULL,0,0,
3433,NULL,00840-COMP-DESK-ICT-PTRE-12,LENOVO A70Z ALL IN ONE,ICT,LENOVO,"CORE 2 DUA E7500 2,9 GHZ, RAM 4 GB, HD 500 GB, 140016 INTEL 4500, LCD 20""",0,121001,0,0,NULL,120003,NULL,LT,1,1,194904,201110103803,2020-11-10,53573,2017-01-04 00:00:00.000,0,NULL,NULL,2012-02-18,NULL,NULL,NULL,0,0,
3434,NULL,00841-COMP-DESK-ICT-PTRE-12,LENOVO A70Z ALL IN ONE,ICT,LENOVO,"CORE 2 DUA E7500 2,9 GHZ, RAM 4 GB, HD 500 GB, 140016 INTEL 4500, LCD 20""",0,121001,0,0,NULL,120003,NULL,LT,1,0,NULL,NULL,NULL,53573,2017-01-04 00:00:00.000,0,NULL,NULL,2012-02-18,NULL,NULL,NULL,0,0,
3435,NULL,00842-COMP-DESK-ICT-PTRE-12,LENOVO A70Z ALL IN ONE,ICT,LENOVO,"CORE 2 DUA E7500 2,9 GHZ, RAM 4 GB, HD 500 GB, 140016 INTEL 4500, LCD 20""",0,121001,0,0,NULL,120003,NULL,LT,1,0,NULL,NULL,NULL,53573,2017-01-04 00:00:00.000,0,NULL,NULL,2012-02-18,NULL,NULL,NULL,0,0,
3436,NULL,00843-COMP-DESK-ICT-PTRE-12,LENOVO A70Z ALL IN ONE,ICT,LENOVO,"CORE 2 DUA E7500 2,9 GHZ, RAM 4 GB, HD 500 GB, 140016 INTEL 4500, LCD 20""",0,121001,0,0,NULL,120003,NULL,LT,1,1,124274,180704110939,2018-07-04,53573,2017-01-04 00:00:00.000,0,NULL,NULL,2012-02-18,NULL,NULL,NULL,0,0,
3437,NULL,00844-COMP-DESK-ICT-PTRE-12,LENOVO A70Z ALL IN ONE,ICT,LENOVO,"CORE 2 DUA E7500 2,9 GHZ, RAM 4 GB, HD 500 GB, 140016 INTEL 4500, LCD 20""",0,121001,0,0,NULL,120003,NULL,LT,1,1,309618,201110104551,2020-11-10,53573,2017-01-04 00:00:00.000,0,NULL,NULL,2012-02-18,NULL,NULL,NULL,0,0,
3438,,00845-COMP-DESK-ICT-PTRE-12,LENOVO A70Z ALL IN ONE,ICT,LENOVO,"CORE 2 DUA E7500 2,9 GHZ, RAM 4 GB, HD 500 GB, 140016 INTEL 4500, LCD 20""",0,121001,0,0,NULL,120003,9,LT,1,1,174626,180704111410,2018-07-04,053573,2023-03-29 10:47:03.000,0,NULL,NULL,2012-02-18,NULL,NULL,NULL,0,0,
3439,NULL,00846-COMP-DESK-ICT-PTRE-12,LENOVO A70Z ALL IN ONE,ICT,LENOVO,"CORE 2 DUA E7500 2,9 GHZ, RAM 4 GB, HD 500 GB, 140016 INTEL 4500, LCD 20""",0,121001,0,0,NULL,120003,NULL,LT,1,0,NULL,NULL,NULL,53573,2017-01-04 00:00:00.000,0,NULL,NULL,2012-02-18,NULL,NULL,NULL,0,0,
3440,NULL,00847-COMP-DESK-ICT-PTRE-12,LENOVO A70Z ALL IN ONE,ICT,LENOVO,"CORE 2 DUA E7500 2,9 GHZ, RAM 4 GB, HD 500 GB, 140016 INTEL 4500, LCD 20""",0,121001,0,0,NULL,120003,NULL,LT,1,0,NULL,NULL,NULL,53573,2017-01-04 00:00:00.000,0,NULL,NULL,2012-02-18,NULL,NULL,NULL,0,0,
3441,NULL,00848-COMP-DESK-ICT-PTRE-12,LENOVO A70Z ALL IN ONE,ICT,LENOVO,"CORE 2 DUA E7500 2,9 GHZ, RAM 4 GB, HD 500 GB, 140016 INTEL 4500, LCD 20""",0,121001,0,0,NULL,120003,NULL,LT,1,0,NULL,NULL,NULL,53573,2017-01-04 00:00:00.000,0,NULL,NULL,2012-02-18,NULL,NULL,NULL,0,0,
3442,,00849-COMP-DESK-ICT-PTRE-12,HP P6-2142L,ICT,HP,"CORE I 5 ,2400 3,1 GHZ , RAM 4 GB, HD 1 TB, 140016 ATI HD 6450",0,121001,0,0,NULL,120003,9,LT,1,1,124316,180704111459,2018-07-04,053573,2023-04-10 07:15:50.000,0,NULL,NULL,2012-02-18,NULL,NULL,NULL,0,0,
3444,,00851-COMP-DESK-ICT-PTRE-12,HP P6-2142L,ICT,HP,"CORE I 5 ,2400 3,1 GHZ , RAM 4 GB, HD 1 TB, 140016 ATI HD 6450",0,121001,0,0,NULL,120003,9,LT,1,1,124299,180704111613,2018-07-04,053573,2023-04-10 07:15:36.000,0,NULL,NULL,2012-02-18,NULL,NULL,NULL,0,0,
3446,,00853-COMP-DESK-ICT-PTRE-12,HP P6-2142L,ICT,HP,"CORE I 5 ,2400 3,1 GHZ , RAM 4 GB, HD 1 TB, 140016 ATI HD 6450",0,121001,0,0,NULL,120003,9,LT,1,1,114219,190218010558,2018-07-04,053573,2023-04-10 07:16:23.000,0,NULL,NULL,2012-02-18,NULL,NULL,NULL,0,0,
3448,,00855-COMP-DESK-ICT-PTRE-12,HP P6-2142L,ICT,HP,"CORE I 5 ,2400 3,1 GHZ , RAM 4 GB, HD 1 TB, 140016 ATI HD 6450",0,121001,0,0,NULL,120003,9,LT,1,1,311618,190218022916,2019-02-18,053573,2023-04-10 07:16:43.000,0,NULL,NULL,2012-02-18,NULL,NULL,NULL,0,0,
3450,,00857-COMP-DESK-ICT-PTRE-12,HP P6-2142L,ICT,HP,"CORE I 5 ,2400 3,1 GHZ , RAM 4 GB, HD 1 TB, 140016 ATI HD 6450",0,121001,0,0,NULL,120003,9,LT,1,1,110004,180704111746,2018-07-04,053573,2023-04-10 07:17:02.000,0,NULL,NULL,2012-02-18,NULL,NULL,NULL,0,0,
3452,NULL,00859-COMP-DESK-ICT-PTRE-12,LENOVO K330B,ICT,LENOVO,"CORE I 3 ,2120 3,1 GHZ , RAM 4 GB, HD 500GB, 140016 ATI HD 6750 1 GB",0,121001,0,0,NULL,120003,NULL,LT,1,1,305817,190218095849,2019-02-18,53573,2017-01-04 00:00:00.000,0,NULL,NULL,2012-02-05,NULL,NULL,NULL,0,0,
3454,NULL,00861-COMP-DESK-ICT-PTRE-12,LENOVO K330B,ICT,LENOVO,"CORE I 3 ,2120 3,1 GHZ , RAM 4 GB, HD 500GB, 140016 ATI HD 6750 1 GB",0,121001,0,0,NULL,120003,NULL,LT,1,0,NULL,NULL,NULL,53573,2017-01-04 00:00:00.000,0,NULL,NULL,2012-02-05,NULL,NULL,NULL,0,0,
3456,NULL,00863-COMP-DESK-ICT-PTRE-12,LENOVO K330B,ICT,LENOVO,"CORE I 3 ,2120 3,1 GHZ , RAM 4 GB, HD 500GB, 140016 ATI HD 6750 1 GB",0,121001,0,0,NULL,120003,NULL,LT,1,0,NULL,NULL,NULL,53573,2017-01-04 00:00:00.000,0,NULL,NULL,2012-02-05,NULL,NULL,NULL,0,0,
3458,NULL,00865-COMP-DESK-ICT-PTRE-12,LENOVO K330B,ICT,LENOVO,"CORE I 3 ,2120 3,1 GHZ , RAM 4 GB, HD 500GB, 140016 ATI HD 6750 1 GB",0,121001,0,0,NULL,120003,NULL,LT,1,0,NULL,NULL,NULL,53573,2017-01-04 00:00:00.000,0,NULL,NULL,2012-02-05,NULL,NULL,NULL,0,0,
3460,NULL,00867-COMP-DESK-ICT-PTRE-12,LENOVO K330B,ICT,LENOVO,"CORE I 3 ,2120 3,1 GHZ , RAM 4 GB, HD 500GB, 140016 ATI HD 6750 1 GB",0,121001,0,0,NULL,120003,NULL,LT,1,1,104090,230112014855,2019-10-09,53573,2017-01-04 00:00:00.000,0,NULL,NULL,2012-02-05,NULL,NULL,NULL,0,0,
3462,NULL,00869-COMP-DESK-ICT-PTRE-12,LENOVO K330B,ICT,LENOVO,"CORE I 3 ,2120 3,1 GHZ , RAM 4 GB, HD 500GB, 140016 ATI HD 6750 1 GB",0,121001,0,0,NULL,120003,NULL,LT,1,0,NULL,NULL,NULL,53573,2017-01-04 00:00:00.000,0,NULL,NULL,2012-02-05,NULL,NULL,NULL,0,0,
3464,,00871-COMP-DESK-ICT-PTRE-12,LENOVO K330B,ICT,LENOVO,"CORE I 3 ,2120 3,1 GHZ , RAM 4 GB, HD 500GB, 140016 ATI HD 6750 1 GB",0,121001,0,0,NULL,120003,9,LT,1,1,120035,180704111903,2018-07-04,053573,2023-04-10 07:17:19.000,0,NULL,NULL,2012-02-05,NULL,NULL,NULL,0,0,
3466,,00873-COMP-DESK-ICT-PTRE-12,LENOVO K330B,ICT,LENOVO,"CORE I 3 ,2120 3,1 GHZ , RAM 4 GB, HD 500GB, 140016 ATI HD 6750 1 GB",0,121001,0,0,NULL,120003,9,LT,1,1,314518,190218013910,2019-02-18,053573,2023-04-10 07:17:39.000,0,NULL,NULL,2012-02-05,NULL,NULL,NULL,0,0,
3468,,00875-COMP-DESK-ICT-PTRE-12,LENOVO K330B,ICT,LENOVO,"CORE I 3 ,2120 3,1 GHZ , RAM 4 GB, HD 500GB, 140016 ATI HD 6750 1 GB",0,121001,0,0,NULL,120003,9,LT,1,1,184682,190218024320,2019-02-18,053573,2023-04-10 07:18:03.000,0,NULL,NULL,2012-02-05,NULL,NULL,NULL,0,0,
3470,,00877-COMP-DESK-ICT-PTRE-12,LENOVO K330B,ICT,LENOVO,"CORE I 3 ,2120 3,1 GHZ , RAM 4 GB, HD 500GB, 140016 ATI HD 6750 1 GB",0,121001,0,0,NULL,120003,9,LT,1,0,053573,NULL,NULL,053573,2023-04-10 07:18:24.000,0,NULL,NULL,2012-02-05,NULL,NULL,NULL,0,0,
3478,NULL,00885-COMP-DESK-ICT-PTRE-12,LENOVO A70Z ALL IN ONE,ICT,LENOVO,"CORE 2 DUA E7500 2,9 GHZ, RAM 4 GB, HD 500 GB, 140016 INTEL 4500, LCD 20""",0,121001,0,0,NULL,120003,NULL,LT,1,0,NULL,NULL,NULL,53573,2017-01-04 00:00:00.000,0,NULL,NULL,2012-03-22,NULL,NULL,NULL,0,0,
3479,,00886-COMP-DESK-ICT-PTRE-12,LENOVO A70Z ALL IN ONE,ICT,LENOVO,"CORE 2 DUA E7500 2,9 GHZ, RAM 4 GB, HD 500 GB, 140016 INTEL 4500, LCD 20""",0,121001,0,0,NULL,120003,9,LT,1,1,023006,180704112127,2018-07-04,053573,2024-06-13 10:51:49.000,0,NULL,NULL,2012-03-22,NULL,NULL,NULL,0,1,
3480,,00887-COMP-DESK-ICT-PTRE-12,LENOVO A70Z ALL IN ONE,ICT,LENOVO,"CORE 2 DUA E7500 2,9 GHZ, RAM 4 GB, HD 500 GB, 140016 INTEL 4500, LCD 20""",0,121001,0,0,NULL,120003,9,LT,1,1,053598,180704112152,2018-07-04,053573,2024-06-13 10:52:03.000,0,NULL,NULL,2012-03-22,NULL,NULL,NULL,0,1,
3481,,00888-COMP-DESK-ICT-PTRE-12,LENOVO A70Z ALL IN ONE,ICT,LENOVO,"CORE 2 DUA E7500 2,9 GHZ, RAM 4 GB, HD 500 GB, 140016 INTEL 4500, LCD 20""",0,121001,0,0,NULL,120003,9,LT,1,1,020036,180704112226,2018-07-04,053573,2023-04-10 07:21:45.000,0,NULL,NULL,2012-03-22,NULL,NULL,NULL,0,0,
3482,,00889-COMP-DESK-ICT-PTRE-12,LENOVO A70Z ALL IN ONE,ICT,LENOVO,"CORE 2 DUA E7500 2,9 GHZ, RAM 4 GB, HD 500 GB, 140016 INTEL 4500, LCD 20""",0,121001,0,0,NULL,120003,9,LT,1,1,114170,180704112252,2018-07-04,053573,2023-02-08 16:51:36.000,0,NULL,NULL,2012-03-22,NULL,NULL,NULL,0,0,
3483,NULL,00890-COMP-DESK-ICT-PTRE-12,LENOVO A70Z ALL IN ONE,ICT,LENOVO,"CORE 2 DUA E7500 2,9 GHZ, RAM 4 GB, HD 500 GB, 140016 INTEL 4500, LCD 20""",0,121001,0,0,NULL,120003,NULL,LT,1,0,NULL,NULL,NULL,53573,2017-01-04 00:00:00.000,0,NULL,NULL,2012-03-22,NULL,NULL,NULL,0,0,
3484,NULL,00891-COMP-DESK-ICT-PTRE-12,LENOVO A70Z ALL IN ONE,ICT,LENOVO,"CORE 2 DUA E7500 2,9 GHZ, RAM 4 GB, HD 500 GB, 140016 INTEL 4500, LCD 20""",0,121001,0,0,NULL,120003,NULL,LT,1,0,NULL,NULL,NULL,53573,2017-01-04 00:00:00.000,0,NULL,NULL,2012-03-22,NULL,NULL,NULL,0,0,
3485,,00892-COMP-DESK-ICT-PTRE-12,LENOVO A70Z ALL IN ONE,ICT,LENOVO,"CORE 2 DUA E7500 2,9 GHZ, RAM 4 GB, HD 500 GB, 140016 INTEL 4500, LCD 20""",0,121001,0,0,NULL,120003,9,LT,1,1,110007,180704112508,2018-07-04,053573,2023-04-10 07:21:22.000,0,NULL,NULL,2012-03-22,NULL,NULL,NULL,0,0,
3486,NULL,00893-COMP-DESK-ICT-PTRE-12,LENOVO A70Z ALL IN ONE,ICT,LENOVO,"CORE 2 DUA E7500 2,9 GHZ, RAM 4 GB, HD 500 GB, 140016 INTEL 4500, LCD 20""",0,121001,0,0,NULL,120003,NULL,LT,1,0,NULL,NULL,NULL,53573,2017-01-04 00:00:00.000,0,NULL,NULL,2012-03-22,NULL,NULL,NULL,0,0,
3487,,00894-COMP-DESK-ICT-PTRE-12,LENOVO A70Z ALL IN ONE,ICT,LENOVO,"CORE 2 DUA E7500 2,9 GHZ, RAM 4 GB, HD 500 GB, 140016 INTEL 4500, LCD 20""",0,121001,0,0,NULL,120003,9,LT,1,0,053573,NULL,NULL,053573,2023-04-10 07:20:55.000,0,NULL,NULL,2012-03-22,NULL,NULL,NULL,0,0,
3488,NULL,00895-COMP-DESK-ICT-PTRE-12,LENOVO A70Z ALL IN ONE,ICT,LENOVO,"CORE 2 DUA E7500 2,9 GHZ, RAM 4 GB, HD 500 GB, 140016 INTEL 4500, LCD 20""",0,121001,0,0,NULL,120003,NULL,LT,1,1,124328,180704112537,2018-07-04,53573,2017-01-04 00:00:00.000,0,NULL,NULL,2012-03-22,NULL,NULL,NULL,0,0,
3489,NULL,00896-COMP-DESK-ICT-PTRE-12,LENOVO A70Z ALL IN ONE,ICT,LENOVO,"CORE 2 DUA E7500 2,9 GHZ, RAM 4 GB, HD 500 GB, 140016 INTEL 4500, LCD 20""",0,121001,0,0,NULL,120003,NULL,LT,1,1,134366,180704112604,2018-07-04,53573,2017-01-04 00:00:00.000,0,NULL,NULL,2012-03-22,NULL,NULL,NULL,0,0,
3490,NULL,00897-COMP-DESK-ICT-PTRE-12,LENOVO A70Z ALL IN ONE,ICT,LENOVO,"CORE 2 DUA E7500 2,9 GHZ, RAM 4 GB, HD 500 GB, 140016 INTEL 4500, LCD 20""",0,121001,0,0,NULL,120003,NULL,LT,1,1,184660,190218094037,2019-02-18,53573,2017-01-04 00:00:00.000,0,NULL,NULL,2012-03-22,NULL,NULL,NULL,0,0,
3491,,00898-COMP-DESK-ICT-PTRE-12,LENOVO A70Z ALL IN ONE,ICT,LENOVO,"CORE 2 DUA E7500 2,9 GHZ, RAM 4 GB, HD 500 GB, 140016 INTEL 4500, LCD 20""",0,121001,0,0,NULL,120003,9,LT,1,1,154576,180704112652,2018-07-04,307518,2023-02-08 16:54:34.000,0,NULL,NULL,2012-03-22,NULL,NULL,NULL,0,1,
3492,NULL,00899-COMP-DESK-ICT-PTRE-12,LENOVO A70Z ALL IN ONE,ICT,LENOVO,"CORE 2 DUA E7500 2,9 GHZ, RAM 4 GB, HD 500 GB, 140016 INTEL 4500, LCD 20""",0,121001,0,0,NULL,120003,NULL,LT,1,1,124295,180704114801,2018-07-04,53573,2017-01-04 00:00:00.000,0,NULL,NULL,2012-03-22,NULL,NULL,NULL,0,0,
3503,NULL,00910-COMP-DESK-ICT-PTRE-12,LENOVO A70Z ALL IN ONE,ICT,LENOVO,"CORE 2 DUA E7500 2,9 GHZ, RAM 4 GB, HD 500 GB, 140016 INTEL 4500, LCD 20""",0,121001,0,0,NULL,120003,NULL,LT,1,0,NULL,NULL,NULL,53573,2017-01-04 00:00:00.000,0,NULL,NULL,2012-04-20,NULL,NULL,NULL,0,0,
3504,NULL,00911-COMP-DESK-ICT-PTRE-12,LENOVO A70Z ALL IN ONE,ICT,LENOVO,"CORE 2 DUA E7500 2,9 GHZ, RAM 4 GB, HD 500 GB, 140016 INTEL 4500, LCD 20""",0,121001,0,0,NULL,120003,NULL,LT,1,1,124292,180704114848,2018-07-04,53573,2017-01-04 00:00:00.000,0,NULL,NULL,2012-04-20,NULL,NULL,NULL,0,0,
3505,NULL,00912-COMP-DESK-ICT-PTRE-12,LENOVO A70Z ALL IN ONE,ICT,LENOVO,"CORE 2 DUA E7500 2,9 GHZ, RAM 4 GB, HD 500 GB, 140016 INTEL 4500, LCD 20""",0,121001,0,0,NULL,120003,NULL,LT,1,1,144495,190218094106,2018-07-04,53573,2017-01-04 00:00:00.000,0,NULL,NULL,2012-04-20,NULL,NULL,NULL,0,0,
3506,NULL,00913-COMP-DESK-ICT-PTRE-12,LENOVO A70Z ALL IN ONE,ICT,LENOVO,"CORE 2 DUA E7500 2,9 GHZ, RAM 4 GB, HD 500 GB, 140016 INTEL 4500, LCD 20""",0,121001,0,0,NULL,120003,NULL,LT,1,0,NULL,NULL,NULL,53573,2017-01-04 00:00:00.000,0,NULL,NULL,2012-04-20,NULL,NULL,NULL,0,0,
3507,NULL,00914-COMP-DESK-ICT-PTRE-12,LENOVO A70Z ALL IN ONE,ICT,LENOVO,"CORE 2 DUA E7500 2,9 GHZ, RAM 4 GB, HD 500 GB, 140016 INTEL 4500, LCD 20""",0,121001,0,0,NULL,120003,NULL,LT,1,1,307918,190218104746,2019-02-18,53573,2017-01-04 00:00:00.000,0,NULL,NULL,2012-04-20,NULL,NULL,NULL,0,0,
3508,NULL,00915-COMP-DESK-ICT-PTRE-12,LENOVO A70Z ALL IN ONE,ICT,LENOVO,"CORE 2 DUA E7500 2,9 GHZ, RAM 4 GB, HD 500 GB, 140016 INTEL 4500, LCD 20""",0,121001,0,0,NULL,120003,NULL,LT,1,0,NULL,NULL,NULL,53573,2017-01-04 00:00:00.000,0,NULL,NULL,2012-04-20,NULL,NULL,NULL,0,0,
3509,,00916-COMP-DESK-ICT-PTRE-12,LENOVO A70Z ALL IN ONE,ICT,LENOVO,"CORE 2 DUA E7500 2,9 GHZ, RAM 4 GB, HD 500 GB, 140016 INTEL 4500, LCD 20""",0,121001,0,0,NULL,120003,9,LT,1,1,104160,180704114959,2018-07-04,053573,2023-04-10 07:20:08.000,0,NULL,NULL,2012-04-20,NULL,NULL,NULL,0,0,
3510,NULL,00917-COMP-DESK-ICT-PTRE-12,LENOVO A70Z ALL IN ONE,ICT,LENOVO,"CORE 2 DUA E7500 2,9 GHZ, RAM 4 GB, HD 500 GB, 140016 INTEL 4500, LCD 20""",0,121001,0,0,NULL,120003,NULL,LT,1,0,NULL,NULL,NULL,53573,2017-01-04 00:00:00.000,0,NULL,NULL,2012-04-20,NULL,NULL,NULL,0,0,
3511,,00918-COMP-DESK-ICT-PTRE-12,LENOVO A70Z ALL IN ONE,ICT,LENOVO,"CORE 2 DUA E7500 2,9 GHZ, RAM 4 GB, HD 500 GB, 140016 INTEL 4500, LCD 20""",0,121001,0,0,NULL,120003,9,LT,1,1,134370,190218093631,2018-07-04,053573,2024-06-13 10:52:25.000,0,NULL,NULL,2012-04-20,NULL,NULL,NULL,0,1,
3512,NULL,00919-COMP-DESK-ICT-PTRE-12,LENOVO A70Z ALL IN ONE,ICT,LENOVO,"CORE 2 DUA E7500 2,9 GHZ, RAM 4 GB, HD 500 GB, 140016 INTEL 4500, LCD 20""",0,121001,0,0,NULL,120003,NULL,LT,1,0,NULL,NULL,NULL,53573,2017-01-04 00:00:00.000,0,NULL,NULL,2012-04-20,NULL,NULL,NULL,0,0,
3513,NULL,00920-COMP-DESK-ICT-PTRE-12,LENOVO A70Z ALL IN ONE,ICT,LENOVO,"CORE 2 DUA E7500 2,9 GHZ, RAM 4 GB, HD 500 GB, 140016 INTEL 4500, LCD 20""",0,121001,0,0,NULL,120003,NULL,LT,1,1,304817,180704115133,2018-07-04,53573,2017-01-04 00:00:00.000,0,NULL,NULL,2012-04-20,NULL,NULL,NULL,0,0,
3514,NULL,00921-COMP-DESK-ICT-PTRE-12,LENOVO A70Z ALL IN ONE,ICT,LENOVO,"CORE 2 DUA E7500 2,9 GHZ, RAM 4 GB, HD 500 GB, 140016 INTEL 4500, LCD 20""",0,121001,0,0,NULL,120003,NULL,LT,1,1,313418,190218013014,2019-02-18,53573,2017-01-04 00:00:00.000,0,NULL,NULL,2012-04-20,NULL,NULL,NULL,0,0,
3515,NULL,00922-COMP-DESK-ICT-PTRE-12,LENOVO A70Z ALL IN ONE,ICT,LENOVO,"CORE 2 DUA E7500 2,9 GHZ, RAM 4 GB, HD 500 GB, 140016 INTEL 4500, LCD 20""",0,121001,0,0,NULL,120003,NULL,LT,1,0,NULL,NULL,NULL,53573,2017-01-04 00:00:00.000,0,NULL,NULL,2012-04-20,NULL,NULL,NULL,0,0,
3516,NULL,00923-COMP-DESK-ICT-PTRE-12,LENOVO A70Z ALL IN ONE,ICT,LENOVO,"CORE 2 DUA E7500 2,9 GHZ, RAM 4 GB, HD 500 GB, 140016 INTEL 4500, LCD 20""",0,121001,0,0,NULL,120003,NULL,LT,1,0,NULL,NULL,NULL,53573,2017-01-04 00:00:00.000,0,NULL,NULL,2012-04-20,NULL,NULL,NULL,0,0,
3517,NULL,00924-COMP-DESK-ICT-PTRE-12,LENOVO A70Z ALL IN ONE,ICT,LENOVO,"CORE 2 DUA E7500 2,9 GHZ, RAM 4 GB, HD 500 GB, 140016 INTEL 4500, LCD 20""",0,121001,0,0,NULL,120003,NULL,LT,1,1,083943,180704115246,2018-07-04,53573,2017-01-04 00:00:00.000,0,NULL,NULL,2012-04-20,NULL,NULL,NULL,0,0,
3518,NULL,00925-COMP-DESK-ICT-PTRE-10,PC RAKITAN,ICT,RAKITAN,"CORE 2 QUAD 8400, RAM 2 GB, HD 320 GB",0,121001,0,0,NULL,120003,NULL,LT,1,0,NULL,NULL,NULL,53573,2017-01-04 00:00:00.000,0,NULL,NULL,2010-01-01,NULL,NULL,NULL,0,0,
3520,NULL,00927-COMP-DESK-ICT-PTRE-10,PC RAKITAN,ICT,RAKITAN,"CORE 2 QUAD 8400, RAM 2 GB, HD 320 GB",0,121001,0,0,NULL,120003,NULL,LT,1,0,NULL,NULL,NULL,53573,2017-01-04 00:00:00.000,0,NULL,NULL,2010-01-01,NULL,NULL,NULL,0,0,
3522,NULL,00929-COMP-DESK-ICT-PTRE-10,PC RAKITAN,ICT,RAKITAN,"CORE 2 QUAD 8400, RAM 2 GB, HD 320 GB",0,121001,0,0,NULL,120003,NULL,LT,1,0,NULL,NULL,NULL,53573,2017-01-04 00:00:00.000,0,NULL,NULL,2010-01-01,NULL,NULL,NULL,0,0,
3524,NULL,00931-COMP-DESK-ICT-PTRE-10,PC RAKITAN,ICT,RAKITAN,"CORE 2 QUAD 8400, RAM 2 GB, HD 320 GB",0,121001,0,0,NULL,120003,NULL,LT,1,0,NULL,NULL,NULL,53573,2017-01-04 00:00:00.000,0,NULL,NULL,2010-01-01,NULL,NULL,NULL,0,0,
3526,NULL,00933-COMP-DESK-ICT-PTRE-10,PC RAKITAN,ICT,RAKITAN,"CORE 2 QUAD 8400, RAM 2 GB, HD 320 GB",0,121001,0,0,NULL,120003,NULL,LT,1,0,NULL,NULL,NULL,53573,2017-01-04 00:00:00.000,0,NULL,NULL,2010-01-01,NULL,NULL,NULL,0,0,
3528,NULL,00935-COMP-DESK-ICT-PTRE-10,PC RAKITAN,ICT,RAKITAN,"CORE 2 QUAD 8400, RAM 2 GB, HD 320 GB",0,121001,0,0,NULL,120003,NULL,LT,1,0,NULL,NULL,NULL,53573,2017-01-04 00:00:00.000,0,NULL,NULL,2010-01-01,NULL,NULL,NULL,0,0,
3531,NULL,00938-COMP-DESK-ICT-PTRE-10,PC RAKITAN,ICT,RAKITAN,"CORE 2 QUAD 8400, RAM 2 GB, HD 320 GB",0,121001,0,0,NULL,120003,NULL,LT,1,0,NULL,NULL,NULL,53573,2017-01-04 00:00:00.000,0,NULL,NULL,2010-01-01,NULL,NULL,NULL,0,0,
3532,NULL,00939-COMP-DESK-ICT-PTRE-10,PC RAKITAN,ICT,RAKITAN,"CORE 2 QUAD 8400, RAM 2 GB, HD 320 GB",0,121001,0,0,NULL,120003,NULL,LT,1,0,NULL,NULL,NULL,53573,2017-01-04 00:00:00.000,0,NULL,NULL,2010-01-01,NULL,NULL,NULL,0,0,
3534,NULL,00941-COMP-DESK-ICT-PTRE-10,PC RAKITAN,ICT,RAKITAN,"CORE 2 QUAD 8400, RAM 2 GB, HD 320 GB",0,121001,0,0,NULL,120003,NULL,LT,1,0,NULL,NULL,NULL,53573,2017-01-04 00:00:00.000,0,NULL,NULL,2010-01-01,NULL,NULL,NULL,0,0,
3536,NULL,00943-COMP-DESK-ICT-PTRE-10,PC RAKITAN,ICT,RAKITAN,"CORE 2 QUAD 8400, RAM 2 GB, HD 320 GB",0,121001,0,0,NULL,120003,NULL,LT,1,0,NULL,NULL,NULL,53573,2017-01-04 00:00:00.000,0,NULL,NULL,2010-01-01,NULL,NULL,NULL,0,0,
3538,NULL,00945-COMP-DESK-ICT-PTRE-10,PC RAKITAN,ICT,RAKITAN,"CORE 2 QUAD 8400, RAM 2 GB, HD 320 GB",0,121001,0,0,NULL,120003,NULL,LT,1,0,NULL,NULL,NULL,53573,2017-01-04 00:00:00.000,0,NULL,NULL,2010-01-01,NULL,NULL,NULL,0,0,
3540,NULL,00947-COMP-DESK-ICT-PTRE-10,PC RAKITAN,ICT,RAKITAN,"CORE 2 QUAD 8400, RAM 2 GB, HD 320 GB",0,121001,0,0,NULL,120003,NULL,LT,1,0,NULL,NULL,NULL,53573,2017-01-04 00:00:00.000,0,NULL,NULL,2010-01-01,NULL,NULL,NULL,0,0,
3542,NULL,00949-COMP-DESK-ICT-PTRE-10,PC RAKITAN,ICT,RAKITAN,"CORE 2 QUAD 8400, RAM 2 GB, HD 320 GB",0,121001,0,0,NULL,120003,NULL,LT,1,0,NULL,NULL,NULL,53573,2017-01-04 00:00:00.000,0,NULL,NULL,2010-01-01,NULL,NULL,NULL,0,0,
3544,NULL,00951-COMP-DESK-ICT-PTRE-10,PC RAKITAN,ICT,RAKITAN,"CORE 2 QUAD 8400, RAM 2 GB, HD 320 GB",0,121001,0,0,NULL,120003,NULL,LT,1,0,NULL,NULL,NULL,53573,2017-01-04 00:00:00.000,0,NULL,NULL,2010-01-01,NULL,NULL,NULL,0,0,
3546,NULL,00953-COMP-DESK-ICT-PTRE-10,PC RAKITAN,ICT,RAKITAN,"CORE 2 QUAD 8400, RAM 2 GB, HD 320 GB",0,121001,0,0,NULL,120003,NULL,LT,1,1,124330,190218110140,2019-02-18,53573,2017-01-04 00:00:00.000,0,NULL,NULL,2010-01-01,NULL,NULL,NULL,0,0,
3550,,00957-COMP-DESK-ICT-PTRE-12,HP OMNI PC 220 ALL IN ONE,ICT,HP,"CORE I 3, RAM 2 GB, HD 500 GB, 140016 INTEL 4500, LCD 22""",0,121001,0,0,NULL,120003,9,LT,1,1,301317,180704115322,2018-07-04,053573,2024-06-13 10:52:46.000,0,NULL,NULL,2012-09-13,NULL,NULL,NULL,0,1,
3551,,00958-COMP-DESK-ICT-PTRE-12,HP OMNI PC 220 ALL IN ONE,ICT,HP,"CORE I 3, RAM 2 GB, HD 500 GB, 140016 INTEL 4500, LCD 22""",0,121001,0,0,NULL,120003,9,LT,1,0,134390,NULL,NULL,053573,2024-06-13 10:53:36.000,0,NULL,NULL,2012-09-13,NULL,NULL,NULL,0,1,
3552,,00959-COMP-DESK-ICT-PTRE-12,HP OMNI PC 220 ALL IN ONE,ICT,HP,"CORE I 3, RAM 2 GB, HD 500 GB, 140016 INTEL 4500, LCD 22""",0,121001,0,0,NULL,120003,9,LT,1,1,305017,190218013745,2018-07-04,053573,2024-06-13 10:53:55.000,0,NULL,NULL,2012-09-13,NULL,NULL,NULL,0,1,
3553,,00960-COMP-DESK-ICT-PTRE-12,HP OMNI PC 220 ALL IN ONE,ICT,HP,"CORE I 3, RAM 2 GB, HD 500 GB, 140016 INTEL 4500, LCD 22""",0,121001,0,0,NULL,120003,9,LT,1,1,300516,190218103219,2018-07-04,053573,2024-06-13 10:54:08.000,0,NULL,NULL,2012-09-13,NULL,NULL,NULL,0,1,
3554,,00961-COMP-DESK-ICT-PTRE-12,HP OMNI PC 220 ALL IN ONE,ICT,HP,"CORE I 3, RAM 2 GB, HD 500 GB, 140016 INTEL 4500, LCD 22""",0,121001,0,0,NULL,120003,9,LT,1,1,094062,180704115537,2018-07-04,053573,2024-06-13 10:54:25.000,0,NULL,NULL,2012-09-13,NULL,NULL,NULL,0,1,
3555,,00962-COMP-DESK-ICT-PTRE-12,HP OMNI PC 220 ALL IN ONE,ICT,HP,"CORE I 3, RAM 2 GB, HD 500 GB, 140016 INTEL 4500, LCD 22""",0,121001,0,0,NULL,120003,9,LT,1,1,130096,180704115557,2018-07-04,053573,2024-06-13 10:54:37.000,0,NULL,NULL,2012-09-13,NULL,NULL,NULL,0,1,
3556,,00963-COMP-DESK-ICT-PTRE-12,HP OMNI PC 220 ALL IN ONE,ICT,HP,"CORE I 3, RAM 2 GB, HD 500 GB, 140016 INTEL 4500, LCD 22""",0,121001,0,0,NULL,120003,9,LT,1,1,303917,180704115626,2018-07-04,053573,2024-06-13 10:54:47.000,0,NULL,NULL,2012-09-13,NULL,NULL,NULL,0,1,
3557,,00964-COMP-DESK-ICT-PTRE-12,HP OMNI PC 220 ALL IN ONE,ICT,HP,"CORE I 3, RAM 2 GB, HD 500 GB, 140016 INTEL 4500, LCD 22""",0,121001,0,0,NULL,120003,9,LT,1,1,023010,180704115648,2018-07-04,053573,2024-06-13 10:55:11.000,0,NULL,NULL,2012-09-13,NULL,NULL,NULL,0,1,
3558,NULL,00965-COMP-DESK-ICT-PTRE-12,HP OMNI PC 220 ALL IN ONE,ICT,HP,"CORE I 3, RAM 2 GB, HD 500 GB, 140016 INTEL 4500, LCD 22""",0,121001,0,0,NULL,120003,NULL,LT,1,1,306817,190222111102,2019-02-19,53573,2017-01-04 00:00:00.000,0,NULL,NULL,2012-09-13,NULL,NULL,NULL,0,0,
3559,,00966-COMP-DESK-ICT-PTRE-12,HP OMNI PC 220 ALL IN ONE,ICT,HP,"CORE I 3, RAM 2 GB, HD 500 GB, 140016 INTEL 4500, LCD 22""",0,121001,0,0,NULL,120003,9,LT,1,1,302317,190218095233,2018-07-04,053573,2024-06-13 10:55:20.000,0,NULL,NULL,2012-09-13,NULL,NULL,NULL,0,1,
3565,,00972-COMP-DESK-ICT-PTRE-12,HP Pavilon P2 1250L,ICT,HP,"Core I 3, RAM 2 GB, HD 500 GB",0,121001,0,0,NULL,120003,9,LT,1,1,124349,180704115853,2018-07-04,053573,2024-06-13 10:55:32.000,0,NULL,NULL,2012-11-21,NULL,NULL,NULL,0,1,
3567,,00974-COMP-DESK-ICT-PTRE-12,HP Pavilon P2 1250L,ICT,HP,"Core I 3, RAM 2 GB, HD 500 GB",0,121001,0,0,NULL,120003,9,LT,1,1,124272,190218101308,2018-07-04,053573,2024-06-13 10:55:43.000,0,NULL,NULL,2012-11-21,NULL,NULL,NULL,0,1,
3569,NULL,00976-COMP-DESK-ICT-PTRE-12,HP Pavilon P2 1250L,ICT,HP,"Core I 3, RAM 2 GB, HD 500 GB",0,121001,0,0,NULL,120003,NULL,LT,1,0,NULL,NULL,NULL,53573,2017-01-04 00:00:00.000,0,NULL,NULL,2012-11-21,NULL,NULL,NULL,0,0,
3571,NULL,00978-COMP-DESK-ICT-PTRE-12,HP Pavilon P2 1250L,ICT,HP,"Core I 3, RAM 2 GB, HD 500 GB",0,121001,0,0,NULL,120003,NULL,LT,1,0,NULL,NULL,NULL,53573,2017-01-04 00:00:00.000,0,NULL,NULL,2012-11-21,NULL,NULL,NULL,0,0,
3573,NULL,00980-COMP-DESK-ICT-PTRE-12,HP Pavilon P2 1250L,ICT,HP,"Core I 3, RAM 2 GB, HD 500 GB",0,121001,0,0,NULL,120003,NULL,LT,1,0,NULL,NULL,NULL,53573,2017-01-04 00:00:00.000,0,NULL,NULL,2012-11-21,NULL,NULL,NULL,0,0,
3575,,00982-COMP-DESK-ICT-PTRE-12,HP Pavilon P2 1250L,ICT,HP,"Core I 3, RAM 2 GB, HD 500 GB",0,121001,0,0,NULL,120003,9,LT,1,1,124309,180704120016,2018-07-04,053573,2024-06-13 10:55:52.000,0,NULL,NULL,2012-11-21,NULL,NULL,NULL,0,1,
3577,,00984-COMP-DESK-ICT-PTRE-12,HP Pavilon P2 1250L,ICT,HP,"Core I 3, RAM 2 GB, HD 500 GB",0,121001,0,0,NULL,120003,9,LT,1,1,194793,221027112412,2020-06-01,053573,2024-06-13 10:56:03.000,0,NULL,NULL,2012-11-26,NULL,NULL,NULL,0,1,
3579,NULL,00986-COMP-DESK-ICT-PTRE-12,HP Pavilon P2 1250L,ICT,HP,"Core I 3, RAM 2 GB, HD 500 GB",0,121001,0,0,NULL,120003,NULL,LT,1,0,NULL,NULL,NULL,53573,2017-01-04 00:00:00.000,0,NULL,NULL,2012-11-26,NULL,NULL,NULL,0,0,
3581,,00988-COMP-DESK-ICT-PTRE-12,HP Pavilon P2 1250L,ICT,HP,"Core I 3, RAM 2 GB, HD 500 GB",0,121001,0,0,NULL,120003,9,LT,1,1,124343,201022020120,2020-10-22,053573,2024-06-13 10:56:17.000,0,NULL,NULL,2012-11-26,NULL,NULL,NULL,0,1,
3583,NULL,00990-COMP-DESK-ICT-PTRE-12,HP Pavilon P2 1250L,ICT,HP,"Core I 3, RAM 2 GB, HD 500 GB",0,121001,0,0,NULL,120003,NULL,LT,1,0,NULL,NULL,NULL,53573,2017-01-04 00:00:00.000,0,NULL,NULL,2012-11-26,NULL,NULL,NULL,0,0,
3585,NULL,00992-COMP-DESK-ICT-PTRE-12,HP Pavilon P2 1250L,ICT,HP,"Core I 3, RAM 2 GB, HD 500 GB",0,121001,0,0,NULL,120003,NULL,LT,1,0,NULL,NULL,NULL,53573,2017-01-04 00:00:00.000,0,NULL,NULL,2012-11-26,NULL,NULL,NULL,0,0,
3588,NULL,00995-COMP-DESK-ICT-PTRE-12,Lenovo Edge 71-1577,ICT,LENOVO,"Core I 3, RAM 2 GB, HD 500 GB",0,121001,0,0,NULL,120003,NULL,LT,1,1,104136,180704011759,2018-07-04,53573,2017-01-04 00:00:00.000,0,NULL,NULL,2012-11-26,NULL,NULL,NULL,0,0,
3596,NULL,01003-COMP-DESK-ICT-PTRE-13,Lenovo Idea Center B340 AIO,ICT,LENOVO,"Core I 3, RAM 4 GB, HD 500 GB, 140016 Gforce",0,121001,0,0,NULL,120003,NULL,LT,1,1,313318,190218104703,2019-02-18,53573,2017-01-04 00:00:00.000,0,NULL,NULL,2013-01-08,NULL,NULL,NULL,0,0,
3597,,01004-COMP-DESK-ICT-PTRE-13,Lenovo Idea Center B340 AIO,ICT,LENOVO,"Core I 3, RAM 4 GB, HD 500 GB, 140016 Gforce",0,121001,0,0,NULL,120003,9,LT,1,1,023215,201110110500,2020-11-10,053573,2024-06-13 10:56:28.000,0,NULL,NULL,2013-01-08,NULL,NULL,NULL,0,1,
3598,NULL,01005-COMP-DESK-ICT-PTRE-13,Lenovo Idea Center B340 AIO,ICT,LENOVO,"Core I 3, RAM 4 GB, HD 500 GB, 140016 Gforce",0,121001,0,0,NULL,120003,NULL,LT,1,1,304917,180704012458,2018-07-04,53573,2017-01-04 00:00:00.000,0,NULL,NULL,2013-01-08,NULL,NULL,NULL,0,0,
3599,NULL,01006-COMP-DESK-ICT-PTRE-13,Lenovo Idea Center B340 AIO,ICT,LENOVO,"Core I 3, RAM 4 GB, HD 500 GB, 140016 Gforce",0,121001,0,0,NULL,120003,NULL,LT,1,0,NULL,NULL,NULL,53573,2017-01-04 00:00:00.000,0,NULL,NULL,2013-01-08,NULL,NULL,NULL,0,0,
3600,NULL,01007-COMP-DESK-ICT-PTRE-13,Lenovo Idea Center B340 AIO,ICT,LENOVO,"Core I 3, RAM 4 GB, HD 500 GB, 140016 Gforce",0,121001,0,0,NULL,120003,NULL,LT,1,1,130075,180704012618,2018-07-04,53573,2017-01-04 00:00:00.000,0,NULL,NULL,2013-01-08,NULL,NULL,NULL,0,0,
3601,NULL,01008-COMP-DESK-ICT-PTRE-13,Lenovo Idea Center B340 AIO,ICT,LENOVO,"Core I 3, RAM 4 GB, HD 500 GB, 140016 Gforce",0,121001,0,0,NULL,120003,NULL,LT,1,1,205018,221028102108,2021-01-06,53573,2017-01-04 00:00:00.000,0,NULL,NULL,2013-01-08,NULL,NULL,NULL,0,0,
3602,NULL,01009-COMP-DESK-ICT-PTRE-13,Lenovo Idea Center B340 AIO,ICT,LENOVO,"Core I 3, RAM 4 GB, HD 500 GB, 140016 Gforce",0,121001,0,0,NULL,120003,NULL,LT,1,0,NULL,NULL,NULL,53573,2017-01-04 00:00:00.000,0,NULL,NULL,2013-01-08,NULL,NULL,NULL,0,0,
3603,,01010-COMP-DESK-ICT-PTRE-13,Lenovo Idea Center B340 AIO,ICT,LENOVO,"Core I 3, RAM 4 GB, HD 500 GB, 140016 Gforce",0,121001,0,0,NULL,120003,9,LT,1,1,023224,190218104351,2018-07-04,053573,2024-06-13 10:56:40.000,0,NULL,NULL,2013-01-08,NULL,NULL,NULL,0,1,
3604,,01011-COMP-DESK-ICT-PTRE-13,Lenovo Idea Center B340 AIO,ICT,LENOVO,"Core I 3, RAM 4 GB, HD 500 GB, 140016 Gforce",0,121001,0,0,NULL,120003,9,LT,1,1,215047,221118103844,2021-09-09,053573,2024-06-13 10:56:48.000,0,NULL,NULL,2013-01-08,NULL,NULL,NULL,0,1,
3605,NULL,01012-COMP-DESK-ICT-PTRE-13,Lenovo Idea Center B340 AIO,ICT,LENOVO,"Core I 3, RAM 4 GB, HD 500 GB, 140016 Gforce",0,121001,0,0,NULL,120003,NULL,LT,1,1,144514,190218025024,2018-07-04,53573,2017-01-04 00:00:00.000,0,NULL,NULL,2013-01-08,NULL,NULL,NULL,0,0,
3606,NULL,01013-COMP-DESK-ICT-PTRE-13,Lenovo Idea Center B340 AIO,ICT,LENOVO,"Core I 3, RAM 4 GB, HD 500 GB, 140016 Gforce",0,121001,0,0,NULL,120003,NULL,LT,1,1,305617,180704012912,2018-07-04,53573,2017-01-04 00:00:00.000,0,NULL,NULL,2013-01-08,NULL,NULL,NULL,0,0,
3607,,01014-COMP-DESK-ICT-PTRE-13,Lenovo Idea Center B340 AIO,ICT,LENOVO,"Core I 3, RAM 4 GB, HD 500 GB, 140016 Gforce",0,121001,0,0,NULL,120003,9,LT,1,1,134367,180704012939,2018-07-04,053573,2024-06-13 10:56:56.000,0,NULL,NULL,2013-01-08,NULL,NULL,NULL,0,1,
3608,,01015-COMP-DESK-ICT-PTRE-13,Lenovo Idea Center B340 AIO,ICT,LENOVO,"Core I 3, RAM 4 GB, HD 500 GB, 140016 Gforce",0,121001,0,0,NULL,120003,9,LT,1,1,315918,201116071714,2020-11-16,053573,2024-06-13 10:57:06.000,0,NULL,NULL,2013-01-08,NULL,NULL,NULL,0,1,
3609,NULL,01016-COMP-DESK-ICT-PTRE-13,Lenovo Idea Center B340 AIO,ICT,LENOVO,"Core I 3, RAM 4 GB, HD 500 GB, 140016 Gforce",0,121001,0,0,NULL,120003,NULL,LT,1,1,033031,190218020734,2019-02-18,53573,2017-01-04 00:00:00.000,0,NULL,NULL,2013-01-08,NULL,NULL,NULL,0,0,
3610,,01017-COMP-DESK-ICT-PTRE-13,Lenovo Idea Center B340 AIO,ICT,LENOVO,"Core I 3, RAM 4 GB, HD 500 GB, 140016 Gforce",0,121001,0,0,NULL,120003,9,LT,1,1,305417,201022015844,2020-10-22,053573,2024-06-13 10:57:21.000,0,NULL,NULL,2013-01-15,NULL,NULL,NULL,0,1,
3611,NULL,01018-COMP-DESK-ICT-PTRE-13,Lenovo Idea Center B340 AIO,ICT,LENOVO,"Core I 3, RAM 4 GB, HD 500 GB, 140016 Gforce",0,121001,0,0,NULL,120003,NULL,LT,1,1,307018,190218100836,2019-02-18,53573,2017-01-04 00:00:00.000,0,NULL,NULL,2013-01-15,NULL,NULL,NULL,0,0,
3612,,01019-COMP-DESK-ICT-PTRE-13,Lenovo Idea Center B340 AIO,ICT,LENOVO,"Core I 3, RAM 4 GB, HD 500 GB, 140016 Gforce",0,121001,0,0,NULL,120003,9,LT,1,1,300717,190218095744,2018-07-04,053573,2024-06-13 10:57:46.000,0,NULL,NULL,2013-01-15,NULL,NULL,NULL,0,1,
3613,,01020-COMP-DESK-ICT-PTRE-13,Lenovo Idea Center B340 AIO,ICT,LENOVO,"Core I 3, RAM 4 GB, HD 500 GB, 140016 Gforce",0,121001,0,0,NULL,120003,9,LT,1,1,114174,201022022617,2020-10-22,053573,2024-06-13 10:57:56.000,0,NULL,NULL,2013-01-15,NULL,NULL,NULL,0,1,
3614,,01021-COMP-DESK-ICT-PTRE-13,Lenovo Idea Center B340 AIO,ICT,LENOVO,"Core I 3, RAM 4 GB, HD 500 GB, 140016 Gforce",0,121001,0,0,NULL,120003,9,LT,1,1,124254,180704013642,2018-07-04,053573,2024-06-13 10:58:07.000,0,NULL,NULL,2013-01-15,NULL,NULL,NULL,0,1,
3615,NULL,01022-COMP-DESK-ICT-PTRE-13,Lenovo Idea Center B340 AIO,ICT,LENOVO,"Core I 3, RAM 4 GB, HD 500 GB, 140016 Gforce",0,121001,0,0,NULL,120003,NULL,LT,1,1,306617,190218010415,2019-02-18,53573,2017-01-04 00:00:00.000,0,NULL,NULL,2013-01-15,NULL,NULL,NULL,0,0,
3616,NULL,01023-COMP-DESK-ICT-PTRE-13,Lenovo Idea Center B340 AIO,ICT,LENOVO,"Core I 3, RAM 4 GB, HD 500 GB, 140016 Gforce",0,121001,0,0,NULL,120003,NULL,LT,1,0,NULL,NULL,NULL,53573,2017-01-04 00:00:00.000,0,NULL,NULL,2013-01-15,NULL,NULL,NULL,0,0,
3617,NULL,01024-COMP-DESK-ICT-PTRE-13,Lenovo Idea Center B340 AIO,ICT,LENOVO,"Core I 3, RAM 4 GB, HD 500 GB, 140016 Gforce",0,121001,0,0,NULL,120003,NULL,LT,1,1,300320,230113101721,2022-07-29,53573,2017-01-04 00:00:00.000,0,NULL,NULL,2013-01-15,NULL,NULL,NULL,0,0,
3618,NULL,01025-COMP-DESK-ICT-PTRE-13,Lenovo Idea Center B340 AIO,ICT,LENOVO,"Core I 3, RAM 4 GB, HD 500 GB, 140016 Gforce",0,121001,0,0,NULL,120003,NULL,LT,1,1,180164,180704014037,2018-07-04,53573,2017-01-04 00:00:00.000,0,NULL,NULL,2013-01-15,NULL,NULL,NULL,0,0,
3619,,01026-COMP-DESK-ICT-PTRE-13,Lenovo Idea Center B340 AIO,ICT,LENOVO,"Core I 3, RAM 4 GB, HD 500 GB, 140016 Gforce",0,121001,0,0,NULL,120003,9,LT,1,1,073865,180704014214,2018-07-04,053573,2024-06-13 10:58:20.000,0,NULL,NULL,2013-01-15,NULL,NULL,NULL,0,1,
3620,,01027-COMP-DESK-ICT-PTRE-13,Lenovo Idea Center C440 AIO PC,ICT,LENOVO,"Core I 3, RAM 4 GB, HD 500 GB, 140016 Gforce, 21""",0,121001,0,0,NULL,120003,9,LT,1,1,114220,180704014234,2018-07-04,053573,2024-06-13 10:59:22.000,0,NULL,NULL,2013-02-07,NULL,NULL,NULL,0,1,
3621,NULL,01028-COMP-DESK-ICT-PTRE-13,Lenovo Idea Center C440 AIO PC,ICT,LENOVO,"Core I 3, RAM 4 GB, HD 500 GB, 140016 Gforce, 21""",0,121001,0,0,NULL,120003,NULL,LT,1,1,306017,180704014259,2018-07-04,53573,2017-01-04 00:00:00.000,0,NULL,NULL,2013-02-07,NULL,NULL,NULL,0,0,
3622,,01029-COMP-DESK-ICT-PTRE-13,Lenovo Idea Center C440 AIO PC,ICT,LENOVO,"Core I 3, RAM 4 GB, HD 500 GB, 140016 Gforce, 21""",0,121001,0,0,NULL,120003,9,LT,1,1,134394,180704014322,2018-07-04,053573,2024-06-13 10:59:31.000,0,NULL,NULL,2013-02-07,NULL,NULL,NULL,0,1,
3623,,01030-COMP-DESK-ICT-PTRE-13,Lenovo Idea Center C440 AIO PC,ICT,LENOVO,"Core I 3, RAM 4 GB, HD 500 GB, 140016 Gforce, 21""",0,121001,0,0,NULL,120003,9,LT,1,1,302417,190218093755,2018-07-04,053573,2024-06-13 10:59:40.000,0,NULL,NULL,2013-02-07,NULL,NULL,NULL,0,1,
3624,NULL,01031-COMP-DESK-ICT-PTRE-13,Lenovo Idea Center C440 AIO PC,ICT,LENOVO,"Core I 3, RAM 4 GB, HD 500 GB, 140016 Gforce, 21""",0,121001,0,0,NULL,120003,NULL,LT,1,1,134390,180704014423,2018-07-04,53573,2017-01-04 00:00:00.000,0,NULL,NULL,2013-02-07,NULL,NULL,NULL,0,0,
3625,,01032-COMP-DESK-ICT-PTRE-13,Lenovo Idea Center C440 AIO PC,ICT,LENOVO,"Core I 3, RAM 4 GB, HD 500 GB, 140016 Gforce, 21""",0,121001,0,0,NULL,120003,9,LT,1,1,114236,190218094200,2018-07-04,053573,2024-06-13 10:59:52.000,0,NULL,NULL,2013-02-07,NULL,NULL,NULL,0,1,
3626,,01033-COMP-DESK-ICT-PTRE-13,Lenovo Idea Center C440 AIO PC,ICT,LENOVO,"Core I 3, RAM 4 GB, HD 500 GB, 140016 Gforce, 21""",0,121001,0,0,NULL,120003,9,LT,1,1,114244,180704014505,2018-07-04,053573,2024-06-13 11:00:04.000,0,NULL,NULL,2013-02-07,NULL,NULL,NULL,0,1,
3627,,01034-COMP-DESK-ICT-PTRE-13,Lenovo Idea Center C440 AIO PC,ICT,LENOVO,"Core I 3, RAM 4 GB, HD 500 GB, 140016 Gforce, 21""",0,121001,0,0,NULL,120003,9,LT,1,1,194917,201022021130,2020-10-22,053573,2024-06-13 11:00:15.000,0,NULL,NULL,2013-02-07,NULL,NULL,NULL,0,1,
3628,NULL,01035-COMP-DESK-ICT-PTRE-13,Lenovo Idea Center C440 AIO PC,ICT,LENOVO,"Core I 3, RAM 4 GB, HD 500 GB, 140016 Gforce, 21""",0,121001,0,0,NULL,120003,NULL,LT,1,0,134362,NULL,NULL,53573,2017-01-04 00:00:00.000,0,NULL,NULL,2013-02-07,NULL,NULL,NULL,0,0,
3629,NULL,01036-COMP-DESK-ICT-PTRE-13,Lenovo Idea Center C440 AIO PC,ICT,LENOVO,"Core I 3, RAM 4 GB, HD 500 GB, 140016 Gforce, 21""",0,121001,0,0,NULL,120003,NULL,LT,1,1,303817,190222104933,2019-02-19,53573,2017-01-04 00:00:00.000,0,NULL,NULL,2013-02-07,NULL,NULL,NULL,0,0,
3630,,01037-COMP-DESK-ICT-PTRE-13,Lenovo Idea Center C440 AIO PC,ICT,LENOVO,"Core I 3, RAM 4 GB, HD 500 GB, 140016 Gforce, 21""",0,121001,0,0,NULL,120003,22,LT,1,1,307418,190218111139,2019-02-18,053573,2021-03-09 13:34:09.000,0,NULL,NULL,2013-02-07,NULL,NULL,NULL,0,1,
3631,NULL,01038-COMP-DESK-ICT-PTRE-13,Lenovo Idea Center C440 AIO PC,ICT,LENOVO,"Core I 3, RAM 4 GB, HD 500 GB, 140016 Gforce, 21""",0,121001,0,0,NULL,120003,NULL,LT,1,1,120035,180704014729,2018-07-04,53573,2017-01-04 00:00:00.000,0,NULL,NULL,2013-02-07,NULL,NULL,NULL,0,0,
3632,NULL,01039-COMP-DESK-ICT-PTRE-13,Lenovo Idea Center C440 AIO PC,ICT,LENOVO,"Core I 3, RAM 4 GB, HD 500 GB, 140016 Gforce, 21""",0,121001,0,0,NULL,120003,NULL,LT,1,1,083911,190218110844,2018-07-04,53573,2017-01-04 00:00:00.000,0,NULL,NULL,2013-02-07,NULL,NULL,NULL,0,0,
3633,NULL,01040-COMP-DESK-ICT-PTRE-13,Lenovo Idea Center C440 AIO PC,ICT,LENOVO,"Core I 3, RAM 4 GB, HD 500 GB, 140016 Gforce, 21""",0,121001,0,0,NULL,120003,NULL,LT,1,0,NULL,NULL,NULL,53573,2017-01-04 00:00:00.000,0,NULL,NULL,2013-02-07,NULL,NULL,NULL,0,0,
3634,NULL,01041-COMP-DESK-ICT-PTRE-13,Lenovo Idea Center C440 AIO PC,ICT,LENOVO,"Core I 3, RAM 4 GB, HD 500 GB, 140016 Gforce, 21""",0,121001,0,0,NULL,120003,NULL,LT,1,1,312718,190218015142,2019-02-18,53573,2017-01-04 00:00:00.000,0,NULL,NULL,2013-02-07,NULL,NULL,NULL,0,0,
3635,NULL,01042-COMP-DESK-ICT-PTRE-13,Lenovo Idea Center C440 AIO PC,ICT,LENOVO,"Core I 3, RAM 4 GB, HD 500 GB, 140016 Gforce, 21""",0,121001,0,0,NULL,120003,NULL,LT,1,1,184652,201022105807,2020-10-22,53573,2017-01-04 00:00:00.000,0,NULL,NULL,2013-02-07,NULL,NULL,NULL,0,0,
3636,NULL,01043-COMP-DESK-ICT-PTRE-13,Lenovo Idea Center C440 AIO PC,ICT,LENOVO,"Core I 3, RAM 4 GB, HD 500 GB, 140016 Gforce, 21""",0,121001,0,0,NULL,120003,NULL,LT,1,1,134391,201022022201,2020-10-22,53573,2017-01-04 00:00:00.000,0,NULL,NULL,2013-02-07,NULL,NULL,NULL,0,0,
3637,NULL,01044-COMP-DESK-ICT-PTRE-13,Lenovo Idea Center C440 AIO PC,ICT,LENOVO,"Core I 3, RAM 4 GB, HD 500 GB, 140016 Gforce, 21""",0,121001,0,0,NULL,120003,NULL,LT,1,0,053573,NULL,NULL,53573,2017-01-04 00:00:00.000,0,NULL,NULL,2013-02-07,NULL,NULL,NULL,0,0,
3638,NULL,01045-COMP-DESK-ICT-PTRE-13,Lenovo Idea Center C440 AIO PC,ICT,LENOVO,"Core I 3, RAM 4 GB, HD 500 GB, 140016 Gforce, 21""",0,121001,0,0,NULL,120003,NULL,LT,1,0,053573,NULL,NULL,53573,2017-01-04 00:00:00.000,0,NULL,NULL,2013-02-07,NULL,NULL,NULL,0,0,
3639,NULL,01046-COMP-DESK-ICT-PTRE-13,Lenovo Idea Center C440 AIO PC,ICT,LENOVO,"Core I 3, RAM 4 GB, HD 500 GB, 140016 Gforce, 21""",0,121001,0,0,NULL,120003,NULL,LT,1,0,NULL,NULL,NULL,53573,2017-01-04 00:00:00.000,0,NULL,NULL,2013-02-07,NULL,NULL,NULL,0,0,
3716,,01122-COMP-DESK-ICT-PTRE-13,Desktop HP 20 B 110 L AIO PC,ICT,HP,"Core I 3, RAM 4 GB, HD 500 GB, 140016 Intel 20""",0,121001,0,0,NULL,120003,9,LT,1,1,304016,190218095144,2018-07-04,053573,2024-06-13 11:00:24.000,0,NULL,NULL,2013-07-03,NULL,NULL,NULL,0,1,
3717,,01123-COMP-DESK-ICT-PTRE-13,Desktop HP 20 B 110 L AIO PC,ICT,HP,"Core I 3, RAM 4 GB, HD 500 GB, 140016 Intel 20""",0,121001,0,0,NULL,120003,9,LT,1,1,073866,190218094907,2018-07-04,053573,2024-06-13 11:00:36.000,0,NULL,NULL,2013-07-03,NULL,NULL,NULL,0,1,
3718,,01124-COMP-DESK-ICT-PTRE-13,Desktop HP 20 B 110 L AIO PC,ICT,HP,"Core I 3, RAM 4 GB, HD 500 GB, 140016 Intel 20""",0,121001,0,0,NULL,120003,9,LT,1,0,053573,NULL,NULL,053573,2024-06-13 11:05:28.000,0,NULL,NULL,2013-07-03,NULL,NULL,NULL,0,1,
3719,,01125-COMP-DESK-ICT-PTRE-13,Desktop HP 20 B 110 L AIO PC,ICT,HP,"Core I 3, RAM 4 GB, HD 500 GB, 140016 Intel 20""",0,121001,0,0,NULL,120003,9,LT,1,1,301017,190218093152,2018-07-04,053573,2024-06-13 11:05:40.000,0,NULL,NULL,2013-07-03,NULL,NULL,NULL,0,1,
3720,NULL,01126-COMP-DESK-ICT-PTRE-13,Desktop HP 20 B 110 L AIO PC,ICT,HP,"Core I 3, RAM 4 GB, HD 500 GB, 140016 Intel 20""",0,121001,0,0,NULL,120003,NULL,LT,1,0,NULL,NULL,NULL,53573,2017-01-04 00:00:00.000,0,NULL,NULL,2013-07-03,NULL,NULL,NULL,0,0,
3721,,01127-COMP-DESK-ICT-PTRE-13,Desktop HP 20 B 110 L AIO PC,ICT,HP,"Core I 3, RAM 4 GB, HD 500 GB, 140016 Intel 20""",0,121001,0,0,NULL,120003,9,LT,1,1,302616,190218021250,2018-07-04,053573,2024-06-13 11:06:10.000,0,NULL,NULL,2013-07-03,NULL,NULL,NULL,0,1,
3722,NULL,01128-COMP-DESK-ICT-PTRE-13,Desktop HP 20 B 110 L AIO PC,ICT,HP,"Core I 3, RAM 4 GB, HD 500 GB, 140016 Intel 20""",0,121001,0,0,NULL,120003,NULL,LT,1,1,311018,201022022553,2020-10-22,53573,2017-01-04 00:00:00.000,0,NULL,NULL,2013-07-03,NULL,NULL,NULL,0,0,
3723,NULL,01129-COMP-DESK-ICT-PTRE-13,Desktop HP 20 B 110 L AIO PC,ICT,HP,"Core I 3, RAM 4 GB, HD 500 GB, 140016 Intel 20""",0,121001,0,0,NULL,120003,NULL,LT,1,1,124288,180704020701,2018-07-04,53573,2017-01-04 00:00:00.000,0,NULL,NULL,2013-07-03,NULL,NULL,NULL,0,0,
3724,NULL,01130-COMP-DESK-ICT-PTRE-13,Desktop HP 20 B 110 L AIO PC,ICT,HP,"Core I 3, RAM 4 GB, HD 500 GB, 140016 Intel 20""",0,121001,0,0,NULL,120003,NULL,LT,1,1,308618,190218102437,2019-02-18,53573,2017-01-04 00:00:00.000,0,NULL,NULL,2013-07-03,NULL,NULL,NULL,0,0,
3725,,01131-COMP-DESK-ICT-PTRE-13,Desktop HP 20 B 110 L AIO PC,ICT,HP,"Core I 3, RAM 4 GB, HD 500 GB, 140016 Intel 20""",0,121001,0,0,NULL,120003,9,LT,1,1,033340,180704020749,2018-07-04,053573,2024-06-13 11:06:19.000,0,NULL,NULL,2013-07-03,NULL,NULL,NULL,0,1,
3726,,01132-COMP-DESK-ICT-PTRE-13,Desktop HP 20 B 110 L AIO PC,ICT,HP,"Core I 3, RAM 4 GB, HD 500 GB, 140016 Intel 20""",0,121001,0,0,NULL,120003,9,LT,1,1,315518,190222110452,2019-02-22,053573,2024-06-13 11:09:39.000,0,NULL,NULL,2013-07-03,NULL,NULL,NULL,0,1,
3727,NULL,01133-COMP-DESK-ICT-PTRE-13,Desktop HP 20 B 110 L AIO PC,ICT,HP,"Core I 3, RAM 4 GB, HD 500 GB, 140016 Intel 20""",0,121001,0,0,NULL,120003,NULL,LT,1,0,NULL,NULL,NULL,53573,2017-01-04 00:00:00.000,0,NULL,NULL,2013-07-03,NULL,NULL,NULL,0,0,
3728,NULL,01134-COMP-DESK-ICT-PTRE-13,Desktop HP 20 B 110 L AIO PC,ICT,HP,"Core I 3, RAM 4 GB, HD 500 GB, 140016 Intel 20""",0,121001,0,0,NULL,120003,NULL,LT,1,1,215100,221101100048,2021-07-08,53573,2017-01-04 00:00:00.000,0,NULL,NULL,2013-07-03,NULL,NULL,NULL,0,0,
3729,,01135-COMP-DESK-ICT-PTRE-13,Desktop HP 20 B 110 L AIO PC,ICT,HP,"Core I 3, RAM 4 GB, HD 500 GB, 140016 Intel 20""",0,121001,0,0,NULL,120003,9,LT,1,1,124310,180704020906,2018-07-04,053573,2024-06-13 11:09:48.000,0,NULL,NULL,2013-07-03,NULL,NULL,NULL,0,1,
3730,NULL,01136-COMP-DESK-ICT-PTRE-13,Desktop HP 20 B 110 L AIO PC,ICT,HP,"Core I 3, RAM 4 GB, HD 500 GB, 140016 Intel 20""",0,121001,0,0,NULL,120003,NULL,LT,1,1,134388,221027013516,2020-07-01,53573,2017-01-04 00:00:00.000,0,NULL,NULL,2013-07-03,NULL,NULL,NULL,0,0,
3731,,01137-COMP-DESK-ICT-PTRE-13,Desktop HP P 6 2342L,ICT,HP,"Core I 5, RAM 4 GB, HD 500 GB",0,121001,0,0,NULL,120003,9,LT,1,1,104160,190218020224,2019-02-18,053573,2024-06-13 11:09:59.000,0,NULL,NULL,2013-07-03,NULL,NULL,NULL,0,1,
3732,,01138-COMP-DESK-ICT-PTRE-13,Desktop HP P 6 2342L,ICT,HP,"Core I 5, RAM 4 GB, HD 500 GB",0,121001,0,0,NULL,120003,9,LT,1,0,124272,NULL,NULL,053573,2024-06-13 11:10:10.000,0,NULL,NULL,2013-07-03,NULL,NULL,NULL,0,1,
3733,,01139-COMP-DESK-ICT-PTRE-13,Desktop HP P 6 2342L,ICT,HP,"Core i5 2400s, RAM 4 GB, HDD 1000 GB",0,102018,0,0,22-1321022.001,120003,9,LT,1,1,023012,201022024542,2020-10-22,053573,2024-06-13 14:40:33.000,0,NULL,NULL,2013-07-03,NULL,NULL,NULL,0,1,
3734,,01140-COMP-DESK-ICT-PTRE-13,Desktop HP P 6 2342L,ICT,HP,"Core I 5, RAM 4 GB, HD 500 GB",0,121001,0,0,NULL,120003,9,LT,1,1,307118,180704021105,2018-07-04,053573,2024-06-13 11:10:19.000,0,NULL,NULL,2013-07-03,NULL,NULL,NULL,0,1,
3735,,01141-COMP-DESK-ICT-PTRE-13,Desktop HP P 6 2342L,ICT,HP,"Core I 5, RAM 4 GB, HD 500 GB",0,121001,0,0,NULL,120003,9,LT,1,0,302616,NULL,NULL,053573,2024-06-13 11:10:29.000,0,NULL,NULL,2013-07-03,NULL,NULL,NULL,0,1,
3736,,01142-COMP-DESK-ICT-PTRE-13,Desktop HP P 6 2342L,ICT,HP,"Core I 5, RAM 4 GB, HD 500 GB",0,121001,0,0,NULL,120003,9,LT,1,1,215058,221027095750,2020-06-10,053573,2024-06-13 11:10:43.000,0,NULL,NULL,2013-07-03,NULL,NULL,NULL,0,1,
3737,,01143-COMP-DESK-ICT-PTRE-13,Desktop HP P 6 2342L,ICT,HP,"Core I 5, RAM 4 GB, HD 500 GB",0,104012,0,0,22-1321022.001,120003,9,LT,1,1,235338,240424043925,2024-01-05,053573,2024-06-13 14:40:54.000,0,NULL,NULL,2013-07-03,NULL,NULL,NULL,0,1,
3747,,01153-COMP-DESK-ICT-PTRE-13,Desktop HP 20 B 110 L AIO PC,ICT,HP,"Core I 3, RAM 4 GB, HD 500 GB, 140016 Intel 20""",0,121001,0,0,NULL,120003,9,LT,1,0,053573,NULL,NULL,053573,2024-06-13 11:10:51.000,0,NULL,NULL,2013-09-20,NULL,NULL,NULL,0,1,
3748,,01154-COMP-DESK-ICT-PTRE-13,Desktop HP 20 B 110 L AIO PC,ICT,HP,"Core I 3, RAM 4 GB, HD 500 GB, 140016 Intel 20""",0,121001,0,0,NULL,120003,9,LT,1,1,164610,190218022622,2019-02-18,053573,2024-06-13 11:11:01.000,0,NULL,NULL,2013-09-20,NULL,NULL,NULL,0,1,
3749,,01155-COMP-DESK-ICT-PTRE-13,Desktop HP 20 B 110 L AIO PC,ICT,HP,"Core I 3, RAM 4 GB, HD 500 GB, 140016 Intel 20""",0,121001,0,0,NULL,120003,9,LT,1,1,194720,221101105407,2021-02-02,053573,2022-11-01 10:54:59.000,0,NULL,NULL,2013-09-20,NULL,NULL,NULL,0,0,
3750,,01156-COMP-DESK-ICT-PTRE-13,Desktop HP 20 B 110 L AIO PC,ICT,HP,"Core I 3, RAM 4 GB, HD 500 GB, 140016 Intel 20""",0,121001,0,0,NULL,120003,9,LT,1,1,134445,180706015321,2018-07-06,053573,2024-06-13 11:11:12.000,0,NULL,NULL,2013-09-20,NULL,NULL,NULL,0,1,
3751,,01157-COMP-DESK-ICT-PTRE-13,Desktop HP 20 B 110 L AIO PC,ICT,HP,"Core I 3, RAM 4 GB, HD 500 GB, 140016 Intel 20""",0,121001,0,0,NULL,120003,9,LT,1,1,134457,190218095937,2018-07-06,053573,2024-06-13 11:11:21.000,0,NULL,NULL,2013-09-20,NULL,NULL,NULL,0,1,
3752,,01158-COMP-DESK-ICT-PTRE-13,Desktop HP 20 B 110 L AIO PC,ICT,HP,"Core I 3, RAM 4 GB, HD 500 GB, 140016 Intel 20""",0,121001,0,0,NULL,120003,9,LT,1,1,134460,180706015501,2018-07-06,053573,2024-06-13 11:11:41.000,0,NULL,NULL,2013-09-20,NULL,NULL,NULL,0,1,
3753,,01159-COMP-DESK-ICT-PTRE-13,Desktop HP P 6 2342L,ICT,HP,"Core I 5, RAM 4 GB, HD 500 GB",0,121001,0,0,NULL,120003,9,LT,1,1,204942,230112032610,2021-03-16,053573,2024-06-13 11:11:59.000,0,NULL,NULL,2013-09-20,NULL,NULL,NULL,0,1,
3755,,01161-COMP-DESK-ICT-PTRE-13,Desktop HP P 6 2342L,ICT,HP,"Core I 5, RAM 4 GB, HD 500 GB",0,121001,0,0,NULL,120003,9,LT,1,1,073747,190222110603,2019-02-19,053573,2024-06-13 11:12:11.000,0,NULL,NULL,2013-09-20,NULL,NULL,NULL,0,1,
3764,,01170-COMP-DESK-ICT-PTRE-13,Desktop HP 20 A 210 L AIO PC,ICT,HP,"Core I 3, RAM 4 GB, HD 500 GB, 140016 Intel 20""",0,121001,0,0,NULL,120003,9,LT,1,1,215036,221027112635,2020-12-01,053573,2024-06-13 14:20:15.000,0,NULL,NULL,2013-11-08,NULL,NULL,NULL,0,1,
3765,,01171-COMP-DESK-ICT-PTRE-13,Desktop HP 20 A 210 L AIO PC,ICT,HP,"Core I 3, RAM 4 GB, HD 500 GB, 140016 Intel 20""",0,121001,0,0,NULL,120003,9,LT,1,1,114190,180706015659,2018-07-06,053573,2024-06-13 14:20:30.000,0,NULL,NULL,2013-11-08,NULL,NULL,NULL,0,1,
3766,NULL,01172-COMP-DESK-ICT-PTRE-13,Desktop HP 20 A 210 L AIO PC,ICT,HP,"Core I 3, RAM 4 GB, HD 500 GB, 140016 Intel 20""",0,121001,0,0,NULL,120003,NULL,LT,1,1,194710,190218023817,2019-02-18,53573,2017-01-04 00:00:00.000,0,NULL,NULL,2013-11-08,NULL,NULL,NULL,0,0,
3767,,01173-COMP-DESK-ICT-PTRE-13,Desktop HP 20 A 210 L AIO PC,ICT,HP,"Core I 3, RAM 4 GB, HD 500 GB, 140016 Intel 20""",0,121001,0,0,NULL,120003,9,LT,1,1,104160,201116072050,2020-11-16,053573,2024-06-13 14:20:41.000,0,NULL,NULL,2013-11-08,NULL,NULL,NULL,0,1,
3768,,01174-COMP-DESK-ICT-PTRE-13,Desktop HP 20 A 210 L AIO PC,ICT,HP,"Core I 3, RAM 4 GB, HD 500 GB, 140016 Intel 20""",0,121001,0,0,NULL,120003,9,LT,1,1,184655,190218095048,2019-02-18,053573,2024-06-13 14:20:53.000,0,NULL,NULL,2013-11-08,NULL,NULL,NULL,0,1,
3769,,01175-COMP-DESK-ICT-PTRE-13,Desktop HP 20 A 210 L AIO PC,ICT,HP,"Core I 3, RAM 4 GB, HD 500 GB, 140016 Intel 20""",0,121001,0,0,NULL,120003,9,LT,1,1,073747,180706015902,2018-07-06,053573,2024-06-13 14:21:04.000,0,NULL,NULL,2013-11-08,NULL,NULL,NULL,0,1,
3770,,01176-COMP-DESK-ICT-PTRE-13,Desktop HP 20 A 210 L AIO PC,ICT,HP,"Core I 3, RAM 4 GB, HD 500 GB, 140016 Intel 20""",0,121001,0,0,NULL,120003,9,LT,1,1,304317,180706015940,2018-07-06,053573,2024-06-13 14:26:48.000,0,NULL,NULL,2013-11-08,NULL,NULL,NULL,0,1,
3771,NULL,01177-COMP-DESK-ICT-PTRE-13,Desktop HP 20 A 210 L AIO PC,ICT,HP,"Core I 3, RAM 4 GB, HD 500 GB, 140016 Intel 20""",0,121001,0,0,NULL,120003,NULL,LT,1,1,053527,180706020026,2018-07-06,53573,2017-01-04 00:00:00.000,0,NULL,NULL,2013-11-08,NULL,NULL,NULL,0,0,
3772,,01178-COMP-DESK-ICT-PTRE-13,Desktop HP 20 A 210 L AIO PC,ICT,HP,"Core I 3, RAM 4 GB, HD 500 GB, 140016 Intel 20""",0,121001,0,0,NULL,120003,9,LT,1,1,215028,221031023127,2020-10-08,053573,2022-10-31 14:32:11.000,0,NULL,NULL,2013-11-08,NULL,NULL,NULL,0,0,
3773,,01179-COMP-DESK-ICT-PTRE-13,Desktop HP 20 A 210 L AIO PC,ICT,HP,"Core I 3, RAM 4 GB, HD 500 GB, 140016 Intel 20""",0,121001,0,0,NULL,120003,9,LT,1,1,194838,221118110044,2020-12-03,053573,2024-06-13 14:26:58.000,0,NULL,NULL,2013-11-08,NULL,NULL,NULL,0,1,
3776,,01182-COMP-DESK-ICT-PTRE-13,Desktop HP SLimLine 400-020L,ICT,HP,"Core I 5, RAM 4 GB, HD 500 GB, Gforce",0,121001,0,0,NULL,120003,9,LT,1,1,306117,180706020301,2018-07-06,053573,2024-06-13 14:27:10.000,0,NULL,NULL,2013-11-21,NULL,NULL,NULL,0,1,
3778,,01184-COMP-DESK-ICT-PTRE-13,Desktop HP SLimLine 400-020L,ICT,HP,"Core I 5, RAM 4 GB, HD 500 GB, Gforce",0,121001,0,0,NULL,120003,9,LT,1,1,194740,221118110916,2020-11-05,053573,2024-06-13 14:27:23.000,0,NULL,NULL,2013-11-21,NULL,NULL,NULL,0,1,
3814,,01220-COMP-DESK-ICT-PTRE-14,Desktop HP 20 A 210 L AIO PC,ICT,HP,"Core I 3, RAM 4 GB, HD 500 GB, 140016 Intel 20""",0,121001,0,0,NULL,120003,9,LT,1,0,053573,NULL,NULL,053573,2024-06-13 14:27:34.000,0,NULL,NULL,2014-02-06,NULL,NULL,NULL,0,1,
3815,,01221-COMP-DESK-ICT-PTRE-14,Desktop HP 20 A 210 L AIO PC,ICT,HP,"Core I 3, RAM 4 GB, HD 500 GB, 140016 Intel 20""",0,121001,0,0,NULL,120003,9,LT,1,1,309818,201022021413,2020-10-22,053573,2024-06-13 14:27:45.000,0,NULL,NULL,2014-02-06,NULL,NULL,NULL,0,1,
3817,,01223-COMP-DESK-ICT-PTRE-14,Desktop HP P 500-044L,ICT,HP,"Core I 5, 8 GB RAM, 1 TB",0,121001,0,0,NULL,120003,9,LT,1,1,194921,221101101552,2020-03-19,053573,2022-11-01 10:15:29.000,0,NULL,NULL,2014-04-30,NULL,NULL,NULL,0,0,
3819,,01225-COMP-DESK-ICT-PTRE-14,Desktop HP P 500-044L,ICT,HP,"Core I 5, 8 GB RAM, 1 TB",0,121001,0,0,NULL,120003,9,LT,1,1,154589,180706021019,2018-07-06,053573,2024-06-13 14:27:56.000,0,NULL,NULL,2014-04-30,NULL,NULL,NULL,0,1,
3822,,01228-COMP-DESK-ICT-PTRE-14,Desktop HP P 500-044L,ICT,HP,"Core I 5, 8 GB RAM, 1 TB",0,121001,0,0,NULL,120003,9,LT,1,1,305917,180706021218,2018-07-06,053573,2024-06-13 14:28:07.000,0,NULL,NULL,2014-05-26,NULL,NULL,NULL,0,1,
3824,,01230-COMP-DESK-ICT-PTRE-14,Desktop HP P 500-044L,ICT,HP,"Core I 5, 8 GB RAM, 1 TB",0,121001,0,0,NULL,120003,9,LT,1,1,023096,221117032333,2021-02-02,053573,2024-06-13 14:28:18.000,0,NULL,NULL,2014-05-26,NULL,NULL,NULL,0,1,
3826,,01232-COMP-DESK-ICT-PTRE-14,Desktop HP P 500-044L,ICT,HP,"Core I 5, 8 GB RAM, 1 TB",0,121001,0,0,NULL,120003,9,LT,1,1,164608,180706021338,2018-07-06,053573,2024-06-13 14:28:33.000,0,NULL,NULL,2014-05-26,NULL,NULL,NULL,0,1,
3828,NULL,01234-COMP-DESK-ICT-PTRE-14,Desktop HP P 500-044L,ICT,HP,"Core I 5, 8 GB RAM, 1 TB",0,121001,0,0,NULL,120003,NULL,LT,1,1,204929,221117052514,2020-05-06,53573,2017-01-04 00:00:00.000,0,NULL,NULL,2014-05-26,NULL,NULL,NULL,0,0,
3838,,01244-COMP-DESK-ICT-PTRE-14,Desktop HP P 500-044L,ICT,HP,"Core I 5, 8 GB RAM, 1 TB",0,121001,0,0,NULL,120003,9,LT,1,1,083947,180706021850,2018-07-06,053573,2024-06-13 14:28:43.000,0,NULL,NULL,2014-08-13,NULL,NULL,NULL,0,1,
3840,,01246-COMP-DESK-ICT-PTRE-14,Desktop HP P 500-044L,ICT,HP,"Core I 5, 8 GB RAM, 1 TB",0,121001,0,0,NULL,120003,9,LT,1,1,204940,201026105315,2020-10-26,053573,2024-06-13 14:28:53.000,0,NULL,NULL,2014-08-13,NULL,NULL,NULL,0,1,
3843,,01249-COMP-DESK-ICT-PTRE-14,Desktop HP P 500-044L,ICT,HP,"Core I 5, 8 GB RAM, 1 TB",0,121001,0,0,NULL,120003,9,LT,1,1,194886,201022023028,2020-10-22,053573,2024-06-13 14:29:10.000,0,NULL,NULL,2014-09-09,NULL,NULL,NULL,0,1,
3845,,01251-COMP-DESK-ICT-PTRE-14,Desktop HP P 500-044L,ICT,HP,"Core I 5, 8 GB RAM, 1 TB",0,121001,0,0,NULL,120003,9,LT,1,1,124254,190218024759,2019-02-18,053573,2024-06-13 14:29:24.000,0,NULL,NULL,2014-09-09,NULL,NULL,NULL,0,1,
3847,,01253-COMP-DESK-ICT-PTRE-14,Desktop HP P 500-044L,ICT,HP,"Core I 5, 8 GB RAM, 1 TB",0,121001,0,0,NULL,120003,9,LT,1,1,144468,180706022134,2018-07-06,053573,2024-06-13 14:29:33.000,0,NULL,NULL,2014-09-09,NULL,NULL,NULL,0,1,
3849,,01255-COMP-DESK-ICT-PTRE-14,Desktop HP P 500-044L,ICT,HP,"Core I 5, 8 GB RAM, 1 TB",0,121001,0,0,NULL,120003,9,LT,1,1,033254,180706022205,2018-07-06,053573,2024-06-13 14:29:46.000,0,NULL,NULL,2014-09-09,NULL,NULL,NULL,0,1,
3851,,01257-COMP-DESK-ICT-PTRE-14,Desktop HP P 500-044L,ICT,HP,"Core I 5, 8 GB RAM, 1 TB",0,121001,0,0,NULL,120003,9,LT,1,1,083913,180706022236,2018-07-06,053573,2024-06-13 14:29:55.000,0,NULL,NULL,2014-09-09,NULL,NULL,NULL,0,1,
3854,,01260-COMP-DESK-ICT-PTRE-14,Desktop HP P 500-044L,ICT,HP,"Core I 5, 8 GB RAM, 1 TB",0,121001,0,0,NULL,120003,9,LT,1,1,204965,221117031707,2020-12-10,053573,2024-06-13 14:30:07.000,0,NULL,NULL,2014-09-26,NULL,NULL,NULL,0,1,
3856,,01262-COMP-DESK-ICT-PTRE-14,Desktop HP P 500-044L,ICT,HP,"Core I 5, 8 GB RAM, 1 TB",0,121001,0,0,NULL,120003,9,LT,1,1,114231,180706022558,2018-07-06,053573,2024-06-13 14:30:16.000,0,NULL,NULL,2014-09-26,NULL,NULL,NULL,0,1,
3858,,01264-COMP-DESK-ICT-PTRE-14,Desktop HP P 500-044L,ICT,HP,"Core I 5, 8 GB RAM, 1 TB",0,121001,0,0,NULL,120003,9,LT,1,1,301117,221027093011,2020-12-01,053573,2024-06-13 14:30:25.000,0,NULL,NULL,2014-09-26,NULL,NULL,NULL,0,1,
3860,,01266-COMP-DESK-ICT-PTRE-14,Desktop HP P 500-044L,ICT,HP,"Core I 5, 8 GB RAM, 1 TB",0,121001,0,0,NULL,120003,9,LT,1,1,124339,190222090934,2018-07-06,053573,2024-06-13 14:30:36.000,0,NULL,NULL,2014-09-26,NULL,NULL,NULL,0,1,
3862,,01268-COMP-DESK-ICT-PTRE-14,Desktop HP P 500-044L,ICT,HP,"Core I 5, 8 GB RAM, 1 TB",0,121001,0,0,NULL,120003,9,LT,1,1,215031,221118110149,2021-09-09,053573,2024-06-13 14:30:48.000,0,NULL,NULL,2014-09-26,NULL,NULL,NULL,0,1,
3866,,01272-COMP-DESK-ICT-PTRE-14,Desktop HP P 500-044L,ICT,HP,"Core I 5, 8 GB RAM, 1 TB",0,121001,0,0,NULL,120003,9,LT,1,1,215079,221101101737,2021-02-12,053573,2022-11-01 10:17:11.000,0,NULL,NULL,2014-11-12,NULL,NULL,NULL,0,0,
3868,NULL,01274-COMP-DESK-ICT-PTRE-14,Desktop HP P 500-044L,ICT,HP,"Core I 5, 8 GB RAM, 1 TB",0,121001,0,0,NULL,120003,NULL,LT,1,1,184649,221027095904,2018-07-06,53573,2017-01-04 00:00:00.000,0,NULL,NULL,2014-11-12,NULL,NULL,NULL,0,0,
3870,,01276-COMP-DESK-ICT-PTRE-14,Desktop HP P 500-044L,ICT,HP,"Core I 5, 8 GB RAM, 1 TB",0,121001,0,0,NULL,120003,9,LT,1,1,053573,180706023148,2018-07-06,053573,2024-06-13 14:30:57.000,0,NULL,NULL,2014-11-12,NULL,NULL,NULL,0,1,
3872,,01278-COMP-DESK-ICT-PTRE-14,Desktop HP P 500-044L,ICT,HP,"Core I 5, 8 GB RAM, 1 TB",0,121001,0,0,NULL,120003,9,LT,1,1,215029,221118113104,2021-01-28,053573,2024-06-13 14:31:05.000,0,NULL,NULL,2014-11-12,NULL,NULL,NULL,0,1,
3874,,01280-COMP-DESK-ICT-PTRE-14,Desktop HP P 500-044L,ICT,HP,"Core I 5, 8 GB RAM, 1 TB",0,121001,0,0,NULL,120003,9,LT,1,0,316118,NULL,NULL,053573,2024-06-13 14:31:14.000,0,NULL,NULL,2014-11-12,NULL,NULL,NULL,0,1,
3876,,01282-COMP-DESK-ICT-PTRE-14,Desktop HP P 500-044L,ICT,HP,"Core I 5, 8 GB RAM, 1 TB",0,121001,0,0,NULL,120003,9,LT,1,1,304017,180706023228,2018-07-06,053573,2024-06-13 14:31:28.000,0,NULL,NULL,2014-11-12,NULL,NULL,NULL,0,1,
3878,NULL,01284-COMP-DESK-ICT-PTRE-14,Desktop HP P 500-044L,ICT,HP,"Core I 5, 8 GB RAM, 1 TB",0,121001,0,0,NULL,120003,NULL,LT,1,1,194774,221027100135,2020-02-04,53573,2017-01-04 00:00:00.000,0,NULL,NULL,2014-11-12,NULL,NULL,NULL,0,0,
3880,,01286-COMP-DESK-ICT-PTRE-14,Desktop HP P 500-044L,ICT,HP,"Core I 5, 8 GB RAM, 1 TB",0,101036,0,0,20-1321002,120003,22,LT,1,1,053573,240416012050,2024-02-06,053573,2024-06-13 14:41:06.000,0,NULL,NULL,2014-11-12,NULL,NULL,NULL,0,1,
3882,NULL,01288-COMP-DESK-ICT-PTRE-14,Desktop HP P 500-044L,ICT,HP,"Core I 5, 8 GB RAM, 1 TB",0,121001,0,0,NULL,120003,NULL,LT,1,0,NULL,NULL,NULL,53573,2017-01-04 00:00:00.000,0,NULL,NULL,2014-11-12,NULL,NULL,NULL,0,0,
3884,,01290-COMP-DESK-ICT-PTRE-14,Desktop HP P 500-044L,ICT,HP,"Core I 5, 8 GB RAM, 1 TB",0,121001,0,0,NULL,120003,9,LT,1,1,154587,180706023338,2018-07-06,053573,2024-06-13 14:31:37.000,0,NULL,NULL,2014-11-12,NULL,NULL,NULL,0,1,
3886,,01292-COMP-DESK-ICT-PTRE-15,Desktop HP P 500-044L,ICT,HP,"Core I 5, 8 GB RAM, 1 TB",0,121001,0,0,NULL,120003,9,LT,1,1,130075,190218025106,2018-07-06,053573,2024-06-13 14:31:54.000,0,NULL,NULL,2015-02-03,NULL,NULL,NULL,0,1,
3888,,01294-COMP-DESK-ICT-PTRE-15,Desktop HP P 500-044L,ICT,HP,"Core I 5, 8 GB RAM, 1 TB",0,121001,0,0,NULL,120003,9,LT,1,1,184690,190218011429,2019-02-18,053573,2024-06-13 14:32:18.000,0,NULL,NULL,2015-02-03,NULL,NULL,NULL,0,1,
3890,,01296-COMP-DESK-ICT-PTRE-15,Desktop HP P 500-044L,ICT,HP,"Core I 5, 8 GB RAM, 1 TB",0,121001,0,0,NULL,120003,9,LT,1,1,134382,190218105133,2018-07-06,053573,2024-06-13 14:32:29.000,0,NULL,NULL,2015-02-03,NULL,NULL,NULL,0,1,
3892,,01298-COMP-DESK-ICT-PTRE-15,Desktop HP P 500-044L,ICT,HP,"Core I 5, 8 GB RAM, 1 TB",0,121001,0,0,NULL,120003,9,LT,1,1,164603,180706023547,2018-07-06,053573,2024-06-13 14:32:39.000,0,NULL,NULL,2015-02-03,NULL,NULL,NULL,0,1,
3932,,01338-COMP-DESK-ICT-PTRE-15,Desktop HP P 500-033l,ICT,HP,"Core I 5, 8 GB RAM, 1 TB",0,121001,0,0,NULL,120003,9,LT,1,1,128195,180706024926,2018-07-06,053573,2024-06-13 14:32:51.000,0,NULL,NULL,2015-09-23,NULL,NULL,NULL,0,1,
3934,,01340-COMP-DESK-ICT-PTRE-15,Desktop HP P 500-033l,ICT,HP,"Core I 5, 8 GB RAM, 1 TB",0,121001,0,0,NULL,120003,9,LT,1,1,184680,230113035124,2022-02-16,053573,2024-06-13 14:33:00.000,0,NULL,NULL,2015-09-23,NULL,NULL,NULL,0,1,
3936,,01342-COMP-DESK-ICT-PTRE-15,Desktop HP P 550-020l,ICT,HP,"Core I 5, 8 GB RAM, 1 TB",0,121001,0,0,NULL,120003,9,LT,1,1,204989,221118112223,2020-11-04,053573,2024-06-13 14:33:11.000,0,NULL,NULL,2015-11-20,NULL,NULL,NULL,0,1,
3938,,01344-COMP-DESK-ICT-PTRE-15,Desktop HP P 550-020l,ICT,HP,"Core I 5, 8 GB RAM, 1 TB",0,121001,0,0,NULL,120003,9,LT,1,1,204984,230111011209,2022-03-02,053573,2024-06-13 14:33:30.000,0,NULL,NULL,2015-11-20,NULL,NULL,NULL,0,1,
3941,,01347-COMP-DESK-ICT-PTRE-16,Desktop HP P 550-020l,ICT,HP,"Core I 5, 8 GB RAM, 1 TB",0,121001,0,0,NULL,120003,9,LT,1,1,215076,221027092137,2021-07-01,053573,2024-06-13 14:33:40.000,0,NULL,NULL,2016-01-15,NULL,NULL,NULL,0,1,
3943,,01349-COMP-DESK-ICT-PTRE-16,Desktop HP P 550-020l,ICT,HP,"Core I 5, 8 GB RAM, 1 TB",0,121001,0,0,NULL,120003,9,LT,1,1,204941,221117052406,2021-07-02,053573,2024-06-13 14:34:07.000,0,NULL,NULL,2016-01-15,NULL,NULL,NULL,0,1,
3945,,01351-COMP-DESK-ICT-PTRE-16,Desktop HP P 550-020l,ICT,HP,"Core I 5, 8 GB RAM, 1 TB",0,121001,0,0,NULL,120003,9,LT,1,1,215097,221101101415,2021-07-21,053573,2022-11-01 10:14:50.000,0,NULL,NULL,2016-01-15,NULL,NULL,NULL,0,0,
3947,,01353-COMP-DESK-ICT-PTRE-16,Desktop HP P 550-020l,ICT,HP,"Core I 5, 8 GB RAM, 1 TB",0,121001,0,0,NULL,120003,9,LT,1,1,120052,190218025424,2018-07-09,053573,2024-06-13 14:34:21.000,0,NULL,NULL,2016-01-15,NULL,NULL,NULL,0,1,
3965,,01371-COMP-DESK-ICT-PTRE-16,Desktop HP P 550-020l,ICT,HP,"Core I 5, 8 GB RAM, 1 TB",0,121001,0,0,NULL,120003,9,LT,1,1,194768,210112015658,2019-02-18,053573,2021-01-12 13:57:50.000,0,NULL,NULL,2016-02-01,NULL,NULL,NULL,0,1,
3967,,01373-COMP-DESK-ICT-PTRE-16,Desktop HP P 550-020l,ICT,HP,"Core I 5, 8 GB RAM, 1 TB",0,102017,0,0,22-1321022.001,120003,9,LT,1,1,114195,240122033827,2018-07-09,053573,2024-06-13 14:41:16.000,0,NULL,NULL,2016-02-01,NULL,NULL,NULL,0,1,
3969,NULL,01375-COMP-DESK-ICT-PTRE-16,Desktop HP P 550-020l,ICT,HP,"Core I 5, 8 GB RAM, 1 TB",0,121001,0,0,NULL,120003,NULL,LT,1,1,134457,190222104359,2018-07-09,53573,2017-01-04 00:00:00.000,0,NULL,NULL,2016-02-01,NULL,NULL,NULL,0,0,
3971,NULL,01377-COMP-DESK-ICT-PTRE-16,Desktop HP P 550-020l,ICT,HP,"Core I 5, 8 GB RAM, 1 TB",0,121001,0,0,NULL,120003,NULL,LT,1,1,073747,180709084207,2018-07-09,53573,2017-01-04 00:00:00.000,0,NULL,NULL,2016-02-01,NULL,NULL,NULL,0,0,
3973,,01379-COMP-DESK-ICT-PTRE-16,Desktop HP P 550-020l,ICT,HP,"Core I 5, 8 GB RAM, 1 TB",0,121001,0,0,NULL,120003,9,LT,1,1,164601,190218100511,2018-07-09,053573,2024-06-13 14:35:49.000,0,NULL,NULL,2016-02-01,NULL,NULL,NULL,0,1,
3976,,01381-COMP-DESK-ICT-PTRE-16,Desktop HP P 550-020l,ICT,HP,"Core I 5, 8 GB RAM, 1 TB",0,121001,0,0,NULL,120003,9,LT,1,0,053573,NULL,NULL,053573,2024-06-13 14:36:15.000,0,NULL,NULL,2016-02-24,NULL,NULL,NULL,0,1,
3979,,01383-COMP-DESK-ICT-PTRE-16,Desktop HP P 550-020l,ICT,HP,"Core I 5, 8 GB RAM, 1 TB",0,121001,0,0,NULL,120003,9,LT,1,1,033268,190218022656,2018-07-09,053573,2024-06-13 14:36:35.000,0,NULL,NULL,2016-02-24,NULL,NULL,NULL,0,1,
3981,,01385-COMP-DESK-ICT-PTRE-16,Desktop HP P 550-020l,ICT,HP,"Core I 5, 8 GB RAM, 1 TB",0,121001,0,0,NULL,120003,9,LT,1,1,073770,230113102108,2022-08-26,053573,2024-06-13 14:36:46.000,0,NULL,NULL,2016-02-24,NULL,NULL,NULL,0,1,
3983,,01387-COMP-DESK-ICT-PTRE-16,Desktop HP P 550-020l,ICT,HP,"Core I 5, 8 GB RAM, 1 TB",0,121001,0,0,NULL,120003,9,LT,1,1,023208,190218104129,2018-07-09,053573,2024-06-13 14:36:58.000,0,NULL,NULL,2016-02-24,NULL,NULL,NULL,0,1,
3985,,01389-COMP-DESK-ICT-PTRE-16,Desktop HP P 550-020l,ICT,HP,"Core I 5, 8 GB RAM, 1 TB",0,121001,0,0,NULL,120003,9,LT,1,0,194766,NULL,NULL,053573,2024-06-13 14:37:09.000,0,NULL,NULL,2016-02-24,NULL,NULL,NULL,0,1,
3987,,01391-COMP-DESK-ICT-PTRE-16,Desktop HP P 550-020l,ICT,HP,"Core I 5, 8 GB RAM, 1 TB",0,121001,0,0,NULL,120003,9,LT,1,1,134408,180709084432,2018-07-09,053573,2024-06-13 14:37:19.000,0,NULL,NULL,2016-02-29,NULL,NULL,NULL,0,1,
3989,,01393-COMP-DESK-ICT-PTRE-16,Desktop HP P 550-020l,ICT,HP,"Core I 5, 8 GB RAM, 1 TB",0,121001,0,0,NULL,120003,9,LT,1,0,053573,NULL,NULL,053573,2024-06-13 14:37:58.000,0,NULL,NULL,2016-02-29,NULL,NULL,NULL,0,1,
3995,,01399-COMP-DESK-ICT-PTRE-16,HP All In One PC,ICT,HP,"Core I 5, 8 GB RAM, 1 TB",0,121001,0,0,NULL,120003,9,LT,1,1,033151,180709084602,2018-07-09,053573,2024-06-13 14:38:12.000,0,NULL,NULL,2016-06-02,NULL,NULL,NULL,0,1,
4104,,01466-COMP-DSK-ICT-PTRE-18,HP Pro One 400 G2,ICT,HP,"HP i3,4GB,1Tb AIO",0,991001,0,0,NULL,120003,9,LT,0,1,307218,180709092040,2018-07-09,053573,2018-04-26 11:22:09.000,0,NULL,NULL,2018-02-20,NULL,NULL,NULL,0,0,
4107,,01469-COMP-DSK-ICT-PTRE-18,HP 280 G3 Microtower PC,ICT,HP," Ci5,8gb,1tb",0,102018,0,0,22-1321022.001,120003,9,LT,2,1,114195,240122034026,2020-11-10,225164,2024-01-22 15:39:32.000,0,NULL,NULL,2018-03-15,NULL,NULL,NULL,0,0,
4108,,01470-COMP-DSK-ICT-PTRE-18,HP 280 G3 Microtower PC,ICT,HP," Ci5,8gb,1tb",0,991001,0,0,NULL,120003,9,LT,0,1,194892,221117051411,2021-04-29,053573,2018-04-26 13:12:39.000,0,NULL,NULL,2018-03-15,NULL,NULL,NULL,0,0,
4109,,01471-COMP-DSK-ICT-PTRE-18,HP 280 G3 Microtower PC,ICT,HP," Ci5,8gb,1tb",0,991001,0,0,NULL,120003,9,LT,0,1,184647,190218020944,2019-02-18,053573,2018-04-26 13:13:47.000,0,NULL,NULL,2018-03-15,NULL,NULL,NULL,0,0,
4133,,01495-COMP-DSK-ICT-PTRE-18,HP 280 G3 Microtower PC,ICT,HP," Ci5,8gb,1tb",0,991001,0,0,NULL,120003,9,LT,0,1,033376,241211092933,2022-01-07,053573,2018-04-26 13:54:21.000,0,NULL,NULL,2018-04-11,NULL,NULL,NULL,0,0,
4134,,01496-COMP-DSK-ICT-PTRE-18,HP 280 G3 Microtower PC,ICT,HP," Ci5,8gb,1tb",0,104011,0,0,22-1321022.001,120003,9,LT,2,1,073770,240122034319,2019-02-18,225164,2024-01-22 15:43:15.000,0,NULL,NULL,2018-04-11,NULL,NULL,NULL,0,0,
4135,,2505-COMP-DSK-ICT-PTRE-18,HP 280 G3 Microtower PC,ICT,HP," Ci5,8gb,1tb",0,991001,0,0,NULL,120003,9,LT,0,1,073770,240122034319,2019-02-18,053573,2018-04-26 13:57:09.000,1,302716,2018-07-09 09:36:52.000,2018-04-11,NULL,NULL,NULL,0,0,01496-COMP-DSK-ICT-PTRE-18
4136,,01497-COMP-DSK-ICT-PTRE-18,HP 280 G3 Microtower PC,ICT,HP," Ci5,8gb,1tb",0,991001,0,0,NULL,120003,9,LT,0,1,307918,180709093745,2018-07-09,053573,2018-04-26 13:58:28.000,0,NULL,NULL,2018-04-11,NULL,NULL,NULL,0,0,
4137,,01498-COMP-DSK-ICT-PTRE-18,HP 280 G3 Microtower PC,ICT,HP," Ci5,8gb,1tb",0,991001,0,0,NULL,120003,9,LT,0,1,130083,190218023830,2019-02-18,053573,2018-04-26 13:59:37.000,0,NULL,NULL,2018-04-11,NULL,NULL,NULL,0,0,
4138,,01499-COMP-DSK-ICT-PTRE-18,HP 280 G3 Microtower PC,ICT,HP," Ci5,8gb,1tb",0,991001,0,0,NULL,120003,9,LT,0,1,033232,190218022042,2019-02-18,053573,2018-04-26 14:00:32.000,0,NULL,NULL,2018-04-11,NULL,NULL,NULL,0,0,
4144,,01505 COMP-DSK-ICT-PTRE-18,Dell Vostro 3668,ICT,DELL,"Core i5-7400,8GB DDR4,1TB HDD",0,105008,0,0,NULL,120003,9,LT,2,1,120037,190218025357,2019-02-18,225164,2023-10-28 23:11:41.000,0,NULL,NULL,2018-05-07,NULL,NULL,NULL,0,0,
4145,,01507 COMP-DSK-ICT-PTRE-18,Dell Vostro 3668,ICT,DELL,"Core i5-7400,8GB DDR4,1TB HDD",0,101033,0,0,NULL,120003,9,LT,0,1,315318,230113025042,2019-03-12,053573,2018-05-22 10:21:34.000,0,NULL,NULL,2018-05-07,NULL,NULL,NULL,0,0,
5144,,01509 COMP-DSK-ICT-PTRE-18,Dell Vostro 3668,ICT,DELL,"Core i5-7400,8GB DDR4,1TB HDD",0,101033,0,0,NULL,120003,9,LT,0,1,312218,190218102002,2019-02-18,053573,2018-05-22 10:26:45.000,0,NULL,NULL,2018-05-07,NULL,NULL,NULL,0,0,
5145,,01511 COMP-DSK-ICT-PTRE-18,Dell Vostro 3668,ICT,DELL,"Core i5-7400,8GB DDR4,1TB HDD",0,101033,0,0,NULL,120003,9,LT,0,1,124329,190218021602,2019-02-18,053573,2018-05-22 10:28:46.000,0,NULL,NULL,2018-05-07,NULL,NULL,NULL,0,0,
5146,,01513 COMP-DSK-ICT-PTRE-18,Dell Vostro 3668,ICT,DELL,"Core i5-7400,8GB DDR4,1TB HDD",0,102017,0,0,19-15108,120003,9,LT,2,1,205007,240123101308,2023-12-27,225164,2024-03-25 11:20:11.000,0,NULL,NULL,2018-05-07,NULL,NULL,NULL,0,0,
5160,,01522-COM-DSK-ICT-PTRE-18,DELL VOSTRO 3668,ICT,DELL,"Core i5 7400,8GB DDR4,1TB HDD",0,101033,0,0,NULL,120003,9,LT,0,1,130072,230113013137,2022-10-03,053573,2020-05-27 13:16:27.000,0,NULL,NULL,2018-07-26,NULL,NULL,NULL,0,0,
5162,,01524 COMP-DSK-ICT-PTRE-18,DELL VOSTRO 3668,ICT,DELL,"CORE i5-7400,8GB DDR4,1TB HDD",0,101033,0,0,NULL,120003,9,LT,0,1,225146,230113105945,2022-08-04,053573,2018-11-14 14:17:20.000,0,NULL,NULL,2018-07-26,NULL,NULL,NULL,0,0,
5164,,01526 COMP-DSK-ICT-PTRE-18,DELL VOSTRO 3668,ICT,DELL,"CORE i5-7400,8GB DDR4,1TB HDD",0,101033,0,0,NULL,120003,9,LT,0,1,311718,190218015313,2019-02-18,053573,2018-11-14 14:21:39.000,0,NULL,NULL,2018-07-26,NULL,NULL,NULL,0,0,
5166,,01528 COMP-DSK-ICT-PTRE-18,DELL VOSTRO 3668,ICT,DELL,"CORE i5-7400,8GB DDR4,1TB HDD",0,101033,0,0,NULL,120003,9,LT,0,1,204936,221118112947,2021-04-08,053573,2018-11-14 14:25:12.000,0,NULL,NULL,2018-07-26,NULL,NULL,NULL,0,0,
5168,,01530 COMP-DSK-ICT-PTRE-18,DELL VOSTRO 3668,ICT,DELL,"CORE i5-7400,8GB DDR4,1TB HDD",0,101033,0,0,NULL,120003,9,LT,0,1,312318,190218101619,2019-02-18,053573,2018-11-14 14:28:36.000,0,NULL,NULL,2018-07-26,NULL,NULL,NULL,0,0,
5176,,01537 COMP-DSK-ICT-PTRE-18,DELL VOSTRO 3670,ICT,DELL,"CORE i5- 8400,8GB DDR4, 1TB HDD",0,101033,0,0,NULL,120003,9,LT,0,1,184653,190218024645,2019-02-18,053573,2018-11-14 14:46:03.000,0,NULL,NULL,2018-09-18,NULL,NULL,NULL,0,0,
5178,,01539 COMP-DSK-ICT-PTRE-18,DELL VOSTRO 360,ICT,DELL,"CORE i5-8400, 8GB DDR4, 1TB HDD",0,102017,0,0,22-1321022.001,120003,9,LT,2,1,194747,240417084305,2024-02-29,225164,2024-04-17 08:41:58.000,0,NULL,NULL,2018-09-18,NULL,NULL,NULL,0,0,
5180,,01541 -DSK-ICT-PTRE-18,DELL VOSTRO 3670,ICT,DELL,"CORE i5-8400, 8GB DDR4, 1TB HDD ",0,101033,0,0,NULL,120003,9,LT,0,1,134460,190218022954,2019-02-18,053573,2020-05-27 13:18:56.000,0,NULL,NULL,2018-09-18,NULL,NULL,NULL,0,0,
5182,,01543 COMP-DSK-ICT-PTRE-18,DELL VOSTRO 3670,ICT,DELL,"CORE i5-8400, 8GB DDR4, 1TB HDD ",0,101045,0,0,16-12502,120003,9,LT,2,NULL,144472,NULL,NULL,225164,2024-04-25 11:31:36.000,0,NULL,NULL,2018-09-18,NULL,NULL,NULL,0,0,
5184,,01545 COMP-DSK-ICT-PTRE-18,DELL VOSTRO 3670,ICT,DELL,"CORE i5-8400, 8GB DDR4, 1TB HDD",0,104011,0,0,22-1321022.001,120003,9,LT,2,1,314918,190218023456,2019-02-18,225164,2024-04-17 08:34:37.000,0,NULL,NULL,2018-09-18,NULL,NULL,NULL,0,0,
5186,,01547 COMP-DSK-ICT-PTRE-18,DELL VOSTRO 3670,ICT,DELL,"CORE i5-8400, 8GB DDR4, 1TB HDD ",0,101033,0,0,NULL,120003,9,LT,0,1,104136,201116071549,2020-11-16,053573,2018-11-14 15:23:53.000,0,NULL,NULL,2018-09-18,NULL,NULL,NULL,0,0,
5188,,01549 COMP-DSK-ICT-PTRE-18,DELL VOSTRO 3670,ICT,DELL,"CORE i5-8400, 8GB DDR4, 1TB HDD 
PC HYSYS",0,101045,0,0,19-15109,120003,9,LT,2,1,094077,250207092449,2023-04-12,225164,2024-04-25 11:13:10.000,0,NULL,NULL,2018-09-18,NULL,NULL,NULL,0,0,
5189,,01551 COMP-DSK-ICT-PTRE-18,DELL VOSTRO 3670,ICT,DELL,"CORE i5-8400, 8GB DDR4, 1TB HDD ",0,101033,0,0,NULL,120003,9,LT,0,1,235306,240423013417,2023-12-05,053573,2018-11-14 15:29:14.000,1,053573,2018-11-14 15:31:34.000,2018-09-18,NULL,NULL,NULL,0,0,
5191,,1551 COMP-DSK-ICT-PTRE-18,DELL VOSTRO 3670,ICT,DELL,"CORE i5-8400, 8GB DDR4, 1TB HDD ",0,104012,0,0,22-3200000,120003,9,LT,2,1,265623,260428015243,2026-04-28,225164,2026-04-28 13:52:12.000,0,NULL,NULL,2018-09-18,NULL,NULL,NULL,0,0,
5193,,01553 COMP-DSK-ICT-PTRE-18,DELL VOSTRO 3670,ICT,DELL,"CORE i5-8400, 8GB DDR4, 1TB HDD ",0,991001,0,0,22-1321022.001,120003,9,LT,0,1,033019,201022022353,2020-10-22,225164,2025-01-24 11:20:39.000,0,NULL,NULL,2018-09-18,NULL,NULL,NULL,0,0,
5195,,01555 COMP-DSK-ICT-PTRE-18,DELL VOSTRO 3670,ICT,DELL,"CORE i5-8400, 8GB DDR4, 1TB HDD ",0,104009,0,0,23-1327014,120003,9,LT,2,1,235322,231027045623,2023-08-31,306117,2023-10-27 16:45:51.000,0,NULL,NULL,2018-09-18,NULL,NULL,NULL,0,0,
5197,,01557 COMP-DSK-ICT-PTRE-18,DELL VOSTRO 3670,ICT,DELL,"CORE i5-8400, 8GB DDR4, 1TB HDD ",0,101033,0,0,NULL,120003,9,LT,0,1,309018,190218023706,2019-02-18,053573,2018-11-14 16:21:15.000,0,NULL,NULL,2018-09-27,NULL,NULL,NULL,0,0,
5199,,01559 COMP-DSK-ICT-PTRE-18,DELL VOSTRO 3670,ICT,DELL,"CORE i5-8400, 8GB DDR4, 1TB HDD ",0,102017,0,0,22-1321022.001,120003,9,LT,2,1,114195,240122034447,2024-01-22,225164,2024-01-22 15:44:15.000,0,NULL,NULL,2018-09-27,NULL,NULL,NULL,0,0,
5201,,01561 COMP-DSK-ICT-PTRE-18,DELL VOSTRO 3670,ICT,DELL,"CORE i5-8400, 8GB DDR4, 1TB HDD ",0,102018,0,0,22-1321022.001,120003,9,LT,2,1,124330,231028110853,2023-10-20,225164,2024-03-12 05:21:23.000,0,NULL,NULL,2018-09-27,NULL,NULL,NULL,0,0,
5203,,01563 COMP-DSK-ICT-PTRE-18,DELL VOSTRO 3670,ICT,DELL,"CORE i5-8400, 8GB DDR4, 1TB HDD ",0,101006,0,0,19-15109,120003,9,LT,1,1,154576,230920024401,2023-09-20,140133,2024-07-30 15:54:10.000,0,NULL,NULL,2018-09-27,NULL,NULL,NULL,0,1,
5205,,01565 COMP-DSK-ICT-PTRE-18,DELL VOSTRO 3670,ICT,DELL,"CORE i5-8400, 8GB DDR4, 1TB HDD ",0,991001,0,0,NULL,120003,9,LT,2,1,124299,240603090502,2024-05-27,225164,2024-06-03 09:05:14.000,0,NULL,NULL,2018-09-27,NULL,NULL,NULL,0,0,
5207,,01567 COMP-DSK-ICT-PTRE-18,DELL VOSTRO 3670,ICT,DELL,"CORE i5-8400, 8GB DDR4, 1TB HDD",0,101033,0,0,NULL,120003,9,LT,0,NULL,316518,NULL,NULL,053573,2018-11-14 16:24:16.000,0,NULL,NULL,2018-09-27,NULL,NULL,NULL,0,0,
5209,,01569 COMP-DSK-ICT-PTRE-18,DELL VOSTRO 3670,ICT,DELL,"CORE i5-8400, 8GB DDR4, 1TB HDD ",0,105008,0,0,16-12502,120003,9,LT,2,1,124293,240123103507,2024-01-04,225164,2024-03-27 14:27:31.000,0,NULL,NULL,2018-09-27,NULL,NULL,NULL,0,0,
5211,,01571 COMP-DSK-ICT-PTRE-18,DELL VOSTRO 3670,ICT,DELL,"CORE i5-8400, 8GB DDR4, 1TB HDD ",0,101039,0,0,22-1321022.001,120003,9,LT,2,1,063679,240312084712,2023-11-09,225164,2024-03-12 08:48:42.000,0,NULL,NULL,2018-09-27,NULL,NULL,NULL,0,0,
5213,,01573 COMP-DSK-ICT-PTRE-18,DELL VOSTRO 3670,ICT,DELL,"CORE i5-8400, 8GB DDR4, 1TB HDD ",0,991001,0,0,NULL,120003,9,LT,2,1,073865,241227101425,2024-08-08,225164,2024-12-27 10:14:32.000,0,NULL,NULL,2018-09-27,NULL,NULL,NULL,0,0,
5215,,01575 COMP-DSK-ICT-PTRE-18,DELL VOSTRO 3670,ICT,DELL,"CORE i5-8400, 8GB DDR4, 1TB HDD ",0,101033,0,0,NULL,120003,9,LT,0,1,194730,221118112627,2021-03-19,053573,2018-11-14 16:25:22.000,0,NULL,NULL,2018-09-27,NULL,NULL,NULL,0,0,
5217,,01577 COMP-DSK-ICT-PTRE-18,DELL VOSTRO,ICT,DELL,"CORE i5-8400, 8GB DDR4, 1TB HDD ",0,101033,0,0,NULL,120003,9,LT,0,NULL,124288,NULL,NULL,053573,2018-11-14 16:25:45.000,0,NULL,NULL,2018-10-09,NULL,NULL,NULL,0,0,
5219,,01579 COMP-DSK-ICT-PTRE-18,DELL VOSTRO 3670,ICT,DELL,"CORE i5-8400, 8GB DDR4, 1TB HDD ",0,101023,0,0,22-1321022.001,120003,9,LT,2,1,053573,240122034715,2024-01-22,225164,2024-03-12 08:53:33.000,0,NULL,NULL,2018-10-09,NULL,NULL,NULL,0,0,
5221,,01581 COMP-DSK-ICT-PTRE-18,DELL VOSTRO 3670,ICT,DELL,"CORE i5-8400, 16GB DDR4, 1TB HDD, 512GB SSD
 ",0,101040,0,0,21-1351011,120003,9,LT,2,1,073775,241227113446,2024-09-18,225164,2025-02-16 04:35:49.000,0,NULL,NULL,2018-10-09,NULL,NULL,NULL,0,0,
5223,,01583 COMP-DSK-ICT-PTRE-18,DELL VOSTRO 3670,ICT,DELL,"CORE i5-8400, 8GB DDR4, 1TB HDD ",0,101033,0,0,NULL,120003,9,LT,0,NULL,184700,NULL,NULL,053573,2018-11-14 16:26:20.000,0,NULL,NULL,2018-10-09,NULL,NULL,NULL,0,0,
5225,,01585 COMP-DSK-ICT-PTRE-18,DELL VOSTRO 3670,ICT,DELL,"CORE i5-8400, 8GB DDR4, 1TB HDD ",0,101033,0,0,NULL,120003,9,LT,0,1,225151,230113110126,2022-08-03,053573,2018-11-14 16:26:50.000,0,NULL,NULL,2018-10-09,NULL,NULL,NULL,0,0,
5227,,01587 COMP-DSK-ICT-PTRE-18,DELL VOSTRO 3670,ICT,DELL,"CORE i5-8400, 8GB DDR4, 1TB HDD ",0,105009,0,0,16-12502,120003,9,LT,2,1,114190,240123102503,2024-01-05,225164,2024-03-25 14:19:54.000,0,NULL,NULL,2018-10-09,NULL,NULL,NULL,0,0,
5229,,01589 COMP-DSK-ICT-PTRE-18,DELL VOSTRO 3670,ICT,DELL,"CORE i5-8400, 8GB DDR4, 1TB HDD ",0,101033,0,0,NULL,120003,9,LT,0,1,225149,230113105838,2022-08-04,053573,2018-11-14 16:27:19.000,0,NULL,NULL,2018-10-09,NULL,NULL,NULL,0,0,
5231,,01591 COMP-DSK-ICT-PTRE-18,DELL VOSTRO 3670,ICT,DELL,"CORE i5-8400, 8GB DDR4, 1TB HDD ",0,102018,0,0,NULL,120003,9,LT,2,1,225130,231006082249,2023-10-06,225164,2023-10-28 22:56:59.000,0,NULL,NULL,2018-10-09,NULL,NULL,NULL,0,0,
5233,,01593 COMP-DSK-ICT-PTRE-18,DELL VOSTRO 3670,ICT,DELL,"CORE i5-8400, 8GB DDR4, 1TB HDD ",0,991001,0,0,NULL,120003,9,LT,0,1,225143,230113095817,2022-07-11,306117,2020-11-09 13:35:41.000,0,NULL,NULL,2018-10-09,NULL,NULL,NULL,0,0,
5235,,01595 COMP-DSK-ICT-PTRE-18,DELL VOSTRO 3670,ICT,DELL,"CORE i5-8400, 8GB DDR4, 1TB HDD ",0,102031,0,0,23-1321012,120003,9,LT,2,1,134367,241227110503,2024-08-26,225164,2024-12-27 11:05:51.000,0,NULL,NULL,2018-10-09,NULL,NULL,NULL,0,0,
5237,,01597 COMP-DSK-ICT-PTRE-18,DELL VOSTRO 3670,ICT,DELL,"CORE i5-8400, 8GB DDR4, 1TB HDD ",0,104008,0,0,16-12502,120003,9,LT,2,1,023224,240123091514,2023-12-06,225164,2024-01-23 09:14:43.000,0,NULL,NULL,2018-10-26,NULL,NULL,NULL,0,0,
5239,,01599 COMP-DSK-ICT-PTRE-18,DELL VOSTRO 3670,ICT,DELL,"CORE i5-8400, 8GB DDR4, 1TB HDD ",0,102018,0,0,20-1321002,120003,9,LT,2,1,130072,240416013937,2024-01-08,225164,2024-04-16 13:39:16.000,0,NULL,NULL,2018-10-26,NULL,NULL,NULL,0,0,
5241,,01601 COMP-DSK-ICT-PTRE-18,DELL VOSTRO 3670,ICT,DELL,"CORE i5-8400, 8GB DDR4, 1TB HDD ",0,105009,0,0,NULL,120003,9,LT,2,1,235273,231028110015,2023-10-18,225164,2023-10-28 23:00:36.000,0,NULL,NULL,2018-10-26,NULL,NULL,NULL,0,0,
5243,,01603 COMP-DSK-ICT-PTRE-18,DELL VOSTRO 3670,ICT,DELL,"CORE i5-8400, 8GB DDR4, 1TB HDD
Security Graha 1 RE",0,101015,0,0,16-12502,120003,9,LT,2,1,140134,231106024543,2023-11-03,225164,2023-11-06 14:46:39.000,0,NULL,NULL,2018-10-26,NULL,NULL,NULL,0,0,
5245,,01605 COMP-DSK-ICT-PTRE-18,DELL VOSTRO,ICT,DELL,"CORE i5-8400, 8GB DDR4, 1TB HDD ",0,101040,0,0,22-1321022.001,120003,9,LT,2,1,184678,240312085852,2023-11-10,225164,2024-03-12 09:04:35.000,0,NULL,NULL,2018-10-26,NULL,NULL,NULL,0,0,
5247,,01607 COMP-DSK-ICT-PTRE-18,DELL VOSTRO,ICT,DELL,"CORE i5-8400, 8GB DDR4, 1TB HDD ",0,991001,0,0,NULL,120003,9,LT,2,1,033232,240419095256,2024-04-19,225164,2024-04-23 17:05:08.000,0,NULL,NULL,2018-10-26,NULL,NULL,NULL,0,0,
5249,,01609 COMP-DSK-ICT-PTRE-18,DELL VOSTRO,ICT,DELL,"CORE i5-8400, 8GB DDR4, 1TB HDD ",0,101033,0,0,16-12502,120003,9,LT,2,1,130089,240325074435,2024-03-25,225164,2024-04-23 14:06:42.000,0,NULL,NULL,2018-10-26,NULL,NULL,NULL,0,0,
5251,,01611 COMP-DSK-ICT-PTRE-18,DELL VOSTRO,ICT,DELL,"CORE i5-8400, 8GB DDR4, 1TB HDD Agus PKL September 2023",0,101045,0,0,23-1321012,120003,9,LT,2,1,215124,230112101931,2022-02-22,225164,2024-03-12 06:36:09.000,0,NULL,NULL,2018-10-26,NULL,NULL,NULL,0,0,
5253,,01613 COMP-DSK-ICT-PTRE-18,DELL VOSTRO,ICT,DELL,"CORE i5-8400, 8GB DDR4, 1TB HDD ",0,101033,0,0,NULL,120003,9,LT,0,1,215102,230113033752,2021-11-04,053573,2018-11-14 16:35:35.000,0,NULL,NULL,2018-10-26,NULL,NULL,NULL,0,0,
5255,,01615 COMP-DSK-ICT-PTRE-18,DELL VOSTRO,ICT,DELL,"CORE i5-8400, 8GB DDR4, 1TB HDD ",0,102027,0,0,23-1327014,120003,9,LT,2,1,235350,240312044140,2023-10-30,225164,2024-03-12 04:42:02.000,0,NULL,NULL,2018-10-26,NULL,NULL,NULL,0,0,
5264,,01624 COMP-DSK-ICT-PTRE-18,Dell Vostro 3670,ICT,DELL,"Core i5-8400,8GB DDR4,1TB HDD",0,102017,0,0,16-12502,120003,9,LT,2,1,245376,240401070408,2023-11-21,225164,2024-03-27 14:31:58.000,0,NULL,NULL,2018-12-04,NULL,NULL,NULL,0,0,
5266,,01626 COMP-DSK-ICT-PTRE-18,Dell Vostro 3670,ICT,DELL,"Core i5-8400,8GB DDR4,1TB HDD",0,101047,0,0,16-12502,120003,9,LT,2,1,255508,250310015540,2025-03-10,225164,2025-03-26 15:07:43.000,0,NULL,NULL,2018-12-04,NULL,NULL,NULL,0,0,
5268,,01628 COMP-DSK-ICT-PTRE-18,Dell Vostro 3670,ICT,DELL,"Core i5-8400,8GB DDR4,1TB HDD",0,104012,0,0,NULL,120003,9,LT,2,1,194720,201109032733,2020-11-09,225164,2024-04-23 13:42:53.000,0,NULL,NULL,2018-12-04,NULL,NULL,NULL,0,0,
5270,,01630 COMP-DSK-ICT-PTRE-18,Dell Vostro 3670,ICT,DELL,"Core i5-8400,8GB DDR4,1TB HDD",0,104012,0,0,22-1321022.001,120003,9,LT,2,1,124274,240424044840,2024-03-05,225164,2024-04-24 16:50:06.000,0,NULL,NULL,2018-12-04,NULL,NULL,NULL,0,0,
5272,,01632 COMP-DSK-ICT-PTRE-18,Dell Vostro 3670,ICT,DELL,"Core i5-8400,8GB DDR4,1TB HDD",0,101033,0,0,NULL,120003,9,LT,0,1,130075,221117050433,2021-02-01,053573,2019-02-15 14:40:36.000,0,NULL,NULL,2018-12-04,NULL,NULL,NULL,0,0,
5274,,01634 COMP-DSK-ICT-PTRE-18,Dell Vostro 3670,ICT,DELL,"Core i5-8400,8GB DDR4,1TB HDD",0,991001,0,0,NULL,120003,9,LT,0,1,073815,190218014640,2019-02-18,306117,2020-11-09 14:45:29.000,0,NULL,NULL,2018-12-04,NULL,NULL,NULL,0,0,
5276,,01636 COMP-DSK-ICT-PTRE-18,Dell Vostro 3670,ICT,DELL,"Core i5-8400,8GB DDR4,1TB HDD",0,101033,0,0,NULL,120003,9,LT,0,1,215069,230112043125,2021-08-10,053573,2019-02-15 14:47:22.000,0,NULL,NULL,2018-12-04,NULL,NULL,NULL,0,0,
5278,,01638 COMP-DSK-ICT-PTRE-18,Dell Vostro 3670,ICT,DELL,"Core i5-8400,8GB DDR4,1TB HDD",0,101033,0,0,NULL,120003,9,LT,0,1,110002,190218024840,2019-02-18,053573,2019-02-15 14:51:43.000,0,NULL,NULL,2018-12-04,NULL,NULL,NULL,0,0,
5280,,01640 COMP-DSK-ICT-PTRE-18,Dell Vostro 3670,ICT,DELL,"Core i5-8400,8GB DDR4,1TB HDD",0,101040,0,0,16-12502,120003,9,LT,2,1,255581,251021091457,2025-10-21,225164,2025-10-22 16:33:43.000,0,NULL,NULL,2018-12-04,NULL,NULL,NULL,0,0,
5282,,01642 COMP-DSK-ICT-PTRE-18,Dell Vostro 3670,ICT,DELL,"Core i5-8400,8GB DDR4,1TB HDD",0,101045,0,0,22-1321022.001,120003,9,LT,2,1,215050,240312090250,2023-11-20,225164,2024-01-22 15:48:35.000,0,NULL,NULL,2018-12-04,NULL,NULL,NULL,0,0,
6161,,01658 COMP-DSK-ICT-PTRE-19,Dell vostro 3670,ICT,DELL,"Core 15-8400,8GB DDR4,1TB HDD, Geforce 730   Eko Riswanto",0,104011,0,0,22-1321022.001,120003,9,LT,2,1,315118,240122035048,2024-01-22,225164,2024-01-22 15:50:30.000,0,NULL,NULL,2019-02-28,NULL,NULL,NULL,0,0,
6163,,01660 COMP-DSK-ICT-PTRE-19,Dell vostro 3670,ICT,DELL,"CCore i5-8400,8GB DDR4,1TB HDD, Geforce 730",0,101033,0,0,NULL,120003,9,LT,0,NULL,053573,NULL,NULL,053573,2020-01-29 14:36:30.000,0,NULL,NULL,2019-02-28,NULL,NULL,NULL,0,0,
6165,,01662 COMP-DSK-ICT-PTRE-19,Dell vostro 3670,ICT,DELL,"Core i5-8400,8GB DDR4, 1TB HDD, Geforce 730",0,102031,0,0,22-1321022.001,120003,9,LT,2,1,255486,250130021049,2025-01-30,225164,2025-02-26 16:21:52.000,0,NULL,NULL,2019-02-28,NULL,NULL,NULL,0,0,
6167,,01664 COMP-DSK-ICT-PTRE-19,Dell vostro 3670,ICT,DELL,"core i5-8400,8GB DDR4, 1TB HDD,Geforce 730 ibnu ismoko",0,101033,0,0,NULL,120003,9,LT,0,NULL,306918,NULL,NULL,053573,2020-01-29 14:58:09.000,0,NULL,NULL,2019-02-28,NULL,NULL,NULL,0,0,
6169,,01666 COMP-DSK-ICT-PTRE-19,Dell vostro 3670,ICT,DELL,"core i5-8400, 8GB DDR4, 1TB HDD, Geforce 730 
PC PDMS",0,101045,0,0,NULL,120003,9,LT,2,NULL,306817,NULL,NULL,225164,2025-02-15 21:50:57.000,0,NULL,NULL,2019-02-28,NULL,NULL,NULL,0,0,
6171,,01668 COMP-DSK-ICT-PTRE-19,Dell vostro 3670,ICT,DELL,"Core i5-8400, 8GB DDR4, 1TB HDD, Geforce Bagus",0,104012,0,0,16-12502,120003,9,LT,2,1,265626,260428020653,2026-04-28,225164,2024-12-17 13:46:34.000,0,NULL,NULL,2019-02-28,NULL,NULL,NULL,0,0,
6173,,01670 COMP-DSK-ICT-PTRE-19,Dell vostro 3670,ICT,DELL,"Core i5-8400, 8GB DDR4, 1TB HDD, Geforce 730  dana nugraha",0,991001,0,0,NULL,120003,9,LT,0,NULL,302117,NULL,NULL,306117,2020-11-09 14:43:11.000,0,NULL,NULL,2019-02-28,NULL,NULL,NULL,0,0,
6175,,01672 COMP-DSK-ICT-PTRE-19,Dell vostro 3670,ICT,DELL,"Core i5-8400, 8GB DDR4, 1TB HDD, Geforce 730",0,991001,0,0,16-12502,120003,9,LT,2,1,124299,240603081641,2024-05-27,225164,2024-06-03 08:17:17.000,0,NULL,NULL,2019-02-28,NULL,NULL,NULL,0,0,
6177,,01674 COMP-DSK-ICT-PTRE-19,Dell vostro 3670,ICT,DELL,"Core i5-8400, 8GB DDR4, 1TB HDD, Geforce",0,102018,0,0,NULL,120003,9,LT,2,1,205019,221101102354,2020-06-18,225164,2023-10-31 09:10:10.000,0,NULL,NULL,2019-02-28,NULL,NULL,NULL,0,0,
6179,,01676 COMP-DSK-ICT-PTRE-19,Dell vostro 3670,ICT,DELL,"core i5-8400, 4GB DDR4, 1TB HDD,Geforce 730",0,101040,0,0,21-1351011,120003,9,LT,2,1,265612,260428025822,2026-04-28,225164,2026-04-28 14:58:37.000,0,NULL,NULL,2019-02-28,NULL,NULL,NULL,0,0,
6181,,01678 COMP-DSK-ICT-PTRE-19,Dell vostro 3670,ICT,DELL,"Core i5-8400,4GB DDR4,1TB HDD,Geforce 730  agus maryanto",0,104009,0,0,22-1321022.001,120003,9,LT,2,1,315318,221108090046,2020-11-10,225164,2024-03-12 02:25:24.000,0,NULL,NULL,2019-02-28,NULL,NULL,NULL,0,0,
6183,,01680 COMP-DSK-ICT-PTRE-19,Dell vostro 3670,ICT,DELL,"Core i5-8400, 8 GB DDR4,1TB HDD,Geforce 730",0,104012,0,0,23-1327014,120003,9,LT,2,1,245393,250117021528,2024-08-26,225164,2024-03-12 05:59:17.000,0,NULL,NULL,2019-02-28,NULL,NULL,NULL,0,0,
6185,,01682 COMP-DSK-ICT-PTRE-19,Dell vostro 3670,ICT,DELL,"Core i5-8400,8GB DDR4,1TB HDD, Geforce 730   afif denny",0,105009,0,0,16-12502,120003,9,LT,2,1,194746,240123090835,2024-01-23,225164,2024-01-23 09:08:30.000,0,NULL,NULL,2019-02-28,NULL,NULL,NULL,0,0,
6187,,01684 COMP-DSK-ICT-PTRE-19,Dell vostro 3670,ICT,DELL,"Core i5-8400,8GB DDR4,1TB HDD, Geforce 730",0,101033,0,0,NULL,120003,9,LT,0,1,265656,260727113631,2026-07-27,053573,2020-01-29 15:35:40.000,0,NULL,NULL,2019-02-28,NULL,NULL,NULL,0,0,
6189,,01686 COMP-DSK-ICT-PTRE-19,Dell vostro 3670,ICT,DELL,"Core i5-8400,8GB DDR4,1TB HDD,Geforce 730  Iqbal Alaydrus",0,105009,0,0,19-15108,120003,9,LT,2,1,300917,241227110811,2023-12-18,225164,2024-12-27 11:08:47.000,0,NULL,NULL,2019-02-28,NULL,NULL,NULL,0,0,
6191,,01688 COMP-DSK-ICT-PTRE-19,Dell vostro 3670,ICT,DELL,"Core i5-8400,8GB DDR4,1TB HDD,Geforce 730 ",0,104011,0,0,15-0601,120003,9,LT,2,1,194768,240416051806,2023-08-10,225164,2024-04-16 17:17:04.000,0,NULL,NULL,2019-02-28,NULL,NULL,NULL,0,0,
6193,,01690 COMP-DSK-ICT-PTRE-19,Dell vostro 3670,ICT,DELL,"Core i5-8400,8GB DDR4,1TB HDD,Geforce 730",0,101045,0,0,16-12502,120003,9,LT,2,1,606718,231106025228,2023-11-03,225164,2023-11-06 14:52:08.000,0,NULL,NULL,2019-02-28,NULL,NULL,NULL,0,0,
6198,,01695 COMP-DSK-ICT-PTRE-19,Dell vostro 3670,ICT,DELL,"Core i5-8400,8GB DDR4,1TB HDD,Geforce 730",0,104012,0,0,23-1327014,120003,9,LT,2,1,104094,231027105809,2023-10-12,225164,2023-10-27 22:58:35.000,0,NULL,NULL,2019-04-08,NULL,NULL,NULL,0,0,
6200,,01697 COMP-DSK-ICT-PTRE-19,Dell vostro 3670,ICT,DELL,"Core i5-8400,8GB DDR4,1TB HDD,Geforce 730",0,104012,0,0,23-1321012,120003,9,LT,2,1,194764,201110103606,2020-11-10,225164,2024-03-12 02:01:04.000,0,NULL,NULL,2019-04-08,NULL,NULL,NULL,0,0,
6202,,01699 COMP-DSK-ICT-PTRE-19,Dell vostro 3670,ICT,DELL,"Core i5-8400,8GB DDR4,1TB HDD,Geforce 730",0,101045,0,0,23-1327014,120003,9,LT,0,1,023224,260807112807,2026-08-07,225164,2025-10-20 19:06:44.000,0,NULL,NULL,2019-04-08,NULL,NULL,NULL,0,0,
6204,,01701 COMP-DSK-ICT-PTRE-19,Dell vostro 3670,ICT,DELL,"Core i5-8400,16GB DDR4,1TB HDD, Geforce 730 
Wahyudi civil",0,104012,0,0,NULL,120003,9,LT,2,1,235287,240312022108,2023-10-12,225164,2023-10-27 22:28:49.000,0,NULL,NULL,2019-04-08,NULL,NULL,NULL,0,0,
6206,,01703 COMP-DSK-ICT-PTRE-19,Dell vostro 3670,ICT,DELL,"Core i5-8400,8GB DDR4,1TB HDD, Geforce 730",0,101045,0,0,NULL,120003,9,LT,2,1,225164,240424081932,2023-11-07,225164,2024-04-24 08:19:48.000,0,NULL,NULL,2019-04-08,NULL,NULL,NULL,0,0,
6208,,01705 COMP-DSK-ICT-PTRE-19,Dell vostro 3670,ICT,DELL,"Core i5-8400,8GB DDR4,1TB HDD, Geforce 730
ZILLA MARTINI",0,104008,0,0,19-15108,120003,9,LT,2,1,194775,240123092850,2023-12-06,225164,2024-01-23 09:28:15.000,0,NULL,NULL,2019-04-08,NULL,NULL,NULL,0,0,
6210,,01707 COMP-DSK-ICT-PTRE-19,Dell vostro 3670,ICT,DELL,"Core i5-8400,8GB DDR4,1TB HDD, Geforce 730 IDLE",0,101033,0,0,NULL,120003,9,LT,2,1,235350,240312014406,2024-03-12,225164,2024-03-12 01:40:45.000,0,NULL,NULL,2019-04-08,NULL,NULL,NULL,0,0,
6212,,01709 COMP-DSK-ICT-PTRE-19,Dell vostro 3670,ICT,DELL,"Core i5-8400,8GB DDR4,1TB HDD, Geforce 730",0,104012,0,0,NULL,120003,9,LT,2,1,235263,231027104213,2023-10-13,225164,2023-10-27 22:41:54.000,0,NULL,NULL,2019-04-08,NULL,NULL,NULL,0,0,
6214,,01711 COMP-DSK-ICT-PTRE-19,Dell vostro 3670,ICT,DELL,"Core i5-8400,8GB DDR4,1TB HDD, Geforce 730",0,104012,0,0,NULL,120003,9,LT,2,1,235285,231027100525,2023-10-13,225164,2024-03-06 11:07:31.000,0,NULL,NULL,2019-04-08,NULL,NULL,NULL,0,0,
6216,,01713 COMP-DSK-ICT-PTRE-19,Dell vostro 3670,ICT,DELL,"Core i5-8400,8GB DDR4,1TB HDD, Geforce 730
ANI husniah  instrument",0,101033,0,0,NULL,120003,9,LT,0,1,134391,221004095756,2022-10-04,053573,2020-01-29 17:40:38.000,0,NULL,NULL,2019-04-08,NULL,NULL,NULL,0,0,
6218,,01715 COMP-DSK-ICT-PTRE-19,Dell vostro 3670,ICT,DELL,"Core i5-8400,8GB DDR4,1TB HDD, Geforce 730
Okthree  CIVIL",0,101033,0,0,22-1321022.001,120003,9,LT,2,1,140134,240312091500,2023-11-07,225164,2024-03-12 09:11:47.000,0,NULL,NULL,2019-04-08,NULL,NULL,NULL,0,0,
6220,,01717 COMP-DSK-ICT-PTRE-19,Dell vostro 3670,ICT,DELL,"Core i5-8400,8GB DDR4,1TB HDD, Geforce 730",0,102017,0,0,23-1221046,120003,9,LT,2,1,255490,250214060138,2024-05-08,225164,2024-05-14 09:11:54.000,0,NULL,NULL,2019-04-08,NULL,NULL,NULL,0,0,
6222,,01719 COMP-DSK-ICT-PTRE-19,Dell vostro 3670,ICT,DELL,"Core i5-8400,8GB DDR4,1TB HDD, Geforce 730",0,105008,0,0,21-1351011,120003,9,LT,2,1,235314,240123105405,2024-01-15,225164,2024-03-27 14:58:50.000,0,NULL,NULL,2019-04-08,NULL,NULL,NULL,0,0,
6224,,01721 COMP-DSK-ICT-PTRE-19,Dell vostro 3670,ICT,DELL,"Core i5-8400,8GB DDR4,1TB HDD, Geforce 730
Irfan safitra   civil  designer",0,101033,0,0,NULL,120003,9,LT,1,1,184661,230110052006,2021-10-12,053573,2021-04-07 15:40:46.000,0,NULL,NULL,2019-04-08,NULL,NULL,NULL,0,1,
6226,,1723 COMP-DSK-ICT-PTRE-19,Dell vostro 3670,ICT,DELL,"Core i5-8400, 8GB DDR4, 1TB HDD, Geforce 730
",0,104012,0,0,23-1327014,120003,9,LT,2,1,265625,260428015948,2026-04-28,225164,2026-04-28 13:56:37.000,0,NULL,NULL,2019-04-08,NULL,NULL,NULL,0,0,
6228,,01725 COMP-DSK-ICT-PTRE-19,Dell vostro 3670,ICT,DELL,"Core i5-8400,8GB DDR4,1TB HDD, Geforce 730",0,104012,0,0,21-1351011,120003,9,LT,2,1,225173,251020073654,2025-08-26,225164,2025-10-20 19:37:09.000,0,NULL,NULL,2019-04-08,NULL,NULL,NULL,0,0,
6230,,01727 COMP-DSK-ICT-PTRE-19,Dell vostro 3670,ICT,DELL,"Core i5-8400,8GB DDR4,1TB HDD, Geforce 730
",0,101033,0,0,NULL,120003,9,LT,0,1,255488,250122080142,2025-01-22,053573,2020-01-29 17:59:12.000,0,NULL,NULL,2019-04-08,NULL,NULL,NULL,0,0,
6232,,01729 COMP-DSK-ICT-PTRE-19,Dell vostro 3670,ICT,DELL,"Core i5-8400,8GB DDR4,1TB HDD, Geforce 730
iRWAN santosa  procces  designer",0,101033,0,0,NULL,120003,9,LT,0,1,063679,221122024626,2022-09-29,053573,2020-01-29 18:01:55.000,0,NULL,NULL,2019-04-08,NULL,NULL,NULL,0,0,
6234,,01731 COMP-DSK-ICT-PTRE-19,Dell vostro 3670,ICT,DELL,"Core i5-8400,8GB DDR4,1TB HDD, Geforce 730 IDLE",0,105009,0,0,NULL,120003,9,LT,2,1,225145,240312012956,2024-03-12,225164,2024-03-12 01:33:50.000,0,NULL,NULL,2019-04-08,NULL,NULL,NULL,0,0,
6236,,01733 COMP-DSK-ICT-PTRE-19,Dell vostro 3670,ICT,DELL,"Core i5-8400,8GB DDR4,1TB HDD, Geforce 730",0,102018,0,0,19-15108,120003,9,LT,2,1,104133,240416042459,2023-11-28,225164,2024-04-16 16:25:21.000,0,NULL,NULL,2019-04-08,NULL,NULL,NULL,0,0,
6269,,01768 COMP-DSK-ICT-PTRE-19,Dell vostro 3670,ICT,DELL,"Core i5-8400,16GB DDR4,1TB HDD, Geforce 730
WILDAN AF",0,105009,0,0,19-15108,120003,9,LT,2,NULL,194801,NULL,NULL,225164,2024-04-16 16:33:03.000,0,NULL,NULL,2019-06-20,NULL,NULL,NULL,0,0,
6271,,01770 COMP-DSK-ICT-PTRE-19,Dell vostro 3670,ICT,DELL,"Core i5-8400,16GB DDR4,1TB HDD, Geforce 730
marta",0,101033,0,0,NULL,120003,9,LT,0,NULL,023013,NULL,NULL,053573,2020-01-29 19:43:59.000,0,NULL,NULL,2019-06-20,NULL,NULL,NULL,0,0,
6273,,01772 COMP-DSK-ICT-PTRE-19,Dell vostro 3670,ICT,DELL,"Core i5-8400,16GB DDR4,1TB HDD, Geforce 730
ade darma procces  drafter",0,101033,0,0,NULL,120003,9,LT,1,1,194802,220830020124,2022-03-01,053573,2022-08-30 14:02:10.000,0,NULL,NULL,2019-06-20,NULL,NULL,NULL,0,0,
6275,,01774 COMP-DSK-ICT-PTRE-19,Dell vostro 3670,ICT,DELL,"Core i5-8400,16GB DDR4,1TB HDD, Geforce  GT710",0,104012,0,0,NULL,120003,9,LT,2,1,255571,251021090358,2025-10-21,225164,2023-10-28 22:40:34.000,0,NULL,NULL,2019-06-20,NULL,NULL,NULL,0,0,
6277,,01776 COMP-DSK-ICT-PTRE-19,Dell vostro 3670,ICT,DELL,"Core i5-8400,16GB DDR4,1TB HDD, Geforce 730
Nadzir miladi  electrical  designer",0,101033,0,0,NULL,120003,9,LT,0,NULL,194804,NULL,NULL,053573,2020-01-29 19:51:48.000,0,NULL,NULL,2019-06-20,NULL,NULL,NULL,0,0,
6279,,01778 COMP-DSK-ICT-PTRE-19,Dell vostro 3670,ICT,DELL,"Core i5-8400,16GB DDR4,1TB HDD, Geforce 730",0,104012,0,0,22-1321022.001,120003,9,LT,2,1,235271,231027104846,2023-10-12,225164,2024-03-12 03:04:40.000,0,NULL,NULL,2019-06-20,NULL,NULL,NULL,0,0,
6281,,01780 COMP-DSK-ICT-PTRE-19,Dell vostro 3670,ICT,DELL,"Core i5-8400,16GB DDR4,1TB HDD, Geforce 730",0,102018,0,0,21-1351011,120003,9,LT,2,1,053573,240123110137,2024-01-18,225164,2024-04-03 08:57:06.000,0,NULL,NULL,2019-06-20,NULL,NULL,NULL,0,0,
6283,,01782 COMP-DSK-ICT-PTRE-19,Dell vostro 3670,ICT,DELL,"Core i5-8400,16GB DDR4,1TB HDD, Geforce 730
Restu Giwantoro procces",0,105009,0,0,19-15108,120003,9,LT,2,1,194811,240123093504,2023-12-15,225164,2024-01-23 09:34:37.000,0,NULL,NULL,2019-06-20,NULL,NULL,NULL,0,0,
6285,,01784 COMP-DSK-ICT-PTRE-19,Dell vostro 3670,ICT,DELL,"Core i5-8400,16GB DDR4,1TB HDD, Geforce 730",0,102031,0,0,22-1321022.001,120003,9,LT,2,1,255489,250130031819,2025-01-30,225164,2025-01-30 15:18:31.000,0,NULL,NULL,2019-06-20,NULL,NULL,NULL,0,0,
6287,,01786 COMP-DSK-ICT-PTRE-19,Dell vostro 3670,ICT,DELL,"Core i5-8400,16GB DDR4,1TB HDD, Geforce 730",0,104011,0,0,22-1321022.001,120003,9,LT,2,1,265667,260908012309,2026-09-07,225164,2024-04-17 09:04:11.000,0,NULL,NULL,2019-06-20,NULL,NULL,NULL,0,0,
6289,,01788 COMP-DSK-ICT-PTRE-19,Dell vostro 3670,ICT,DELL,"Core i5-8400,16GB DDR4,1TB HDD, Geforce 730",0,101040,0,0,21-1351011,120003,9,LT,0,1,265609,260428025057,2026-04-28,225164,2026-04-28 14:50:37.000,0,NULL,NULL,2019-06-27,NULL,NULL,NULL,0,0,
6291,,01790 COMP-DSK-ICT-PTRE-19,Dell vostro 3670,ICT,DELL,"Core i5-8400,16GB DDR4,1TB HDD, Geforce 730
Eli maulani piping drafter",0,991001,0,0,NULL,120003,9,LT,0,1,194820,201109035340,2020-11-09,306117,2020-11-09 15:53:21.000,0,NULL,NULL,2019-06-27,NULL,NULL,NULL,0,0,
6293,,01792 COMP-DSK-ICT-PTRE-19,Dell vostro 3670,ICT,DELL,"Core i5-8400,16GB DDR4,1TB HDD, Geforce 730",0,101044,0,0,NULL,120003,9,LT,2,1,154576,250215112115,2024-06-04,225164,2024-10-18 09:07:29.000,0,NULL,NULL,2019-06-27,NULL,NULL,NULL,0,0,
6295,,01794 COMP-DSK-ICT-PTRE-19,Dell vostro 3670,ICT,DELL,"Core i5-8400,16GB DDR4,1TB HDD, Geforce 730
",0,101033,0,0,NULL,120003,9,LT,0,NULL,053573,NULL,NULL,053573,2020-01-30 08:07:42.000,0,NULL,NULL,2019-06-27,NULL,NULL,NULL,0,0,
6297,,01796 COMP-DSK-ICT-PTRE-19,Dell vostro 3670,ICT,DELL,"Core i5-8400,16GB DDR4,1TB HDD, Geforce 730
",0,101033,0,0,NULL,120003,9,LT,0,NULL,053573,NULL,NULL,053573,2020-01-30 08:08:38.000,0,NULL,NULL,2019-06-27,NULL,NULL,NULL,0,0,
6299,,01798 COMP-DSK-ICT-PTRE-19,Dell vostro 3670,ICT,DELL,"Core i5-8400,16GB DDR4,1TB HDD, Geforce 730
mahawib rizki elctrical designer",0,101033,0,0,NULL,120003,9,LT,0,NULL,194828,NULL,NULL,053573,2020-01-30 08:08:10.000,0,NULL,NULL,2019-06-27,NULL,NULL,NULL,0,0,
6301,,01800 COMP-DSK-ICT-PTRE-19,Dell vostro 3670,ICT,DELL,"Core i5-8400,16GB DDR4,1TB HDD, Geforce 730
",0,102030,0,0,NULL,120003,9,LT,0,1,265664,260811042642,2026-08-11,225164,2024-10-18 09:05:02.000,0,NULL,NULL,2019-06-27,NULL,NULL,NULL,0,0,
6303,,01802 COMP-DSK-ICT-PTRE-19,Dell vostro 3670,ICT,DELL,"Core i5-8400,16GB DDR4,1TB HDD, Geforce 730",0,105009,0,0,16-12502,120003,9,LT,2,1,114190,240123091231,2023-12-05,225164,2024-01-23 09:11:50.000,0,NULL,NULL,2019-06-27,NULL,NULL,NULL,0,0,
6305,,01804 COMP-DSK-ICT-PTRE-19,Dell vostro 3670,ICT,DELL,"Core i5-8400,16GB DDR4,1TB HDD, Geforce 730",0,101033,0,0,NULL,120003,9,LT,0,NULL,194824,NULL,NULL,053573,2020-01-30 08:13:36.000,0,NULL,NULL,2019-06-27,NULL,NULL,NULL,0,0,
6306,,2507-DSK-ICT-PTRE-19,Dell vostro 3670,ICT,DELL,"Core i5-8400,16GB DDR4,1TB HDD, Geforce 730",0,101033,0,0,NULL,120003,9,LT,0,NULL,194824,NULL,NULL,053573,2020-01-30 08:14:26.000,1,053573,2020-01-30 08:43:30.000,2019-06-27,NULL,NULL,NULL,0,0,01804 COMP-DSK-ICT-PTRE-19
6308,,01806 COMP-DSK-ICT-PTRE-19,Dell vostro 3670,ICT,DELL,"Core i5-8400,16GB DDR4,1TB HDD, Geforce 730",0,991001,0,0,16-12502,120003,9,LT,2,1,053507,250326025138,2025-03-07,225164,2025-03-26 14:51:58.000,0,NULL,NULL,2019-06-27,NULL,NULL,NULL,0,0,
6312,,01810 COMP-DSK-ICT-PTRE-19,Dell vostro 3670,ICT,DELL,"Core i5-8400,16GB DDR4,1TB HDD, Geforce 730",0,104008,0,0,19-15108,120003,9,LT,2,1,225160,240123093026,2023-12-06,225164,2024-01-23 09:30:41.000,0,NULL,NULL,2019-08-09,NULL,NULL,NULL,0,0,
6314,,01812 COMP-DSK-ICT-PTRE-19,Dell vostro 3670,ICT,DELL,"Core i5-8400,16GB DDR4,1TB HDD, Geforce 730
",0,101033,0,0,NULL,120003,9,LT,0,1,194854,201022100413,2020-10-22,053573,2020-01-30 08:42:47.000,0,NULL,NULL,2019-08-09,NULL,NULL,NULL,0,0,
6316,,01814 COMP-DSK-ICT-PTRE-19,Dell vostro 3670,ICT,DELL,"Core i5-8400,16GB DDR4,1TB HDD, Geforce 730
yusi darmawan  civil  designer",0,991001,0,0,NULL,120003,9,LT,0,NULL,083943,NULL,NULL,306117,2020-11-09 15:13:50.000,0,NULL,NULL,2019-08-09,NULL,NULL,NULL,0,0,
6318,,01816 COMP-DSK-ICT-PTRE-19,Dell vostro 3670,ICT,DELL,"Core i5-8400,16GB DDR4,1TB HDD, Geforce 730",0,101033,0,0,NULL,120003,9,LT,0,1,194832,221027110356,2020-01-01,053573,2020-01-30 08:48:11.000,0,NULL,NULL,2019-08-09,NULL,NULL,NULL,0,0,
6320,,01818 COMP-DSK-ICT-PTRE-19,Dell vostro 3670,ICT,DELL,"Core i5-8400,16GB DDR4,1TB HDD, Geforce 730
irvan ajisatyo",0,103014,0,0,21-1351011,120003,9,LT,2,1,194837,240123110400,2024-01-23,225164,2024-03-27 15:16:21.000,0,NULL,NULL,2019-08-09,NULL,NULL,NULL,0,0,
6322,,01820 COMP-DSK-ICT-PTRE-19,Dell vostro 3670,ICT,DELL,"Core i5-8400,16GB DDR4,1TB HDD, Geforce 730
evodie salam  civil designer",0,101033,0,0,NULL,120003,9,LT,0,NULL,194841,NULL,NULL,053573,2020-01-30 09:06:24.000,0,NULL,NULL,2019-08-09,NULL,NULL,NULL,0,0,
6324,,01822 COMP-DSK-ICT-PTRE-19,Dell vostro 3670,ICT,DELL,"Core i5-8400,16GB DDR4,1TB HDD, Geforce 730
M toyib mechanical
",0,105009,0,0,NULL,120003,9,LT,2,1,124303,240312012520,2023-01-01,225164,2023-10-27 22:07:25.000,0,NULL,NULL,2019-08-09,NULL,NULL,NULL,0,0,
6326,,01824 COMP-DSK-ICT-PTRE-19,Dell vostro 3670,ICT,DELL,"Core i5-8400,16GB DDR4,1TB HDD, Geforce 730
",0,991001,0,0,22-1321022.001,120003,9,LT,2,1,134413,241119085350,2024-09-04,225164,2025-02-16 05:32:47.000,0,NULL,NULL,2019-08-09,NULL,NULL,NULL,0,0,
6328,,01826 COMP-DSK-ICT-PTRE-19,Dell vostro 3670,ICT,DELL,"Core i5-8400,16GB DDR4,1TB HDD, Geforce 730",0,101033,0,0,NULL,120003,9,LT,0,NULL,194849,NULL,NULL,053573,2020-01-30 09:11:45.000,0,NULL,NULL,2019-08-09,NULL,NULL,NULL,0,0,
6330,,01828 COMP-DSK-ICT-PTRE-19,Dell vostro 3670,ICT,DELL,"Core i5-8400,16GB DDR4,1TB HDD, Geforce 730",0,101039,0,0,23-1221046,120003,9,LT,2,1,235318,240521024017,2024-01-02,225164,2024-05-21 14:40:43.000,0,NULL,NULL,2019-08-09,NULL,NULL,NULL,0,0,
6337,,01835 COMP-DSK-ICT-PTRE-19,Dell vostro 3670,ICT,DELL,"Core i5-8400,16GB DDR4,1TB HDD, Geforce 730",0,104008,0,0,22-1321022.001,120003,9,LT,2,1,023208,240122041039,2024-01-22,225164,2024-01-22 16:09:57.000,0,NULL,NULL,2019-08-26,NULL,NULL,NULL,0,0,
6339,,01837 COMP-DSK-ICT-PTRE-19,Dell vostro 3670,ICT,DELL,"Core i5-8400,16GB DDR4,1TB HDD, Geforce 730",0,103009,0,0,NULL,120003,9,LT,0,1,225164,230613050219,2023-06-13,225164,2023-06-13 17:02:55.000,0,NULL,NULL,2019-08-26,NULL,NULL,NULL,0,0,
6341,,01839 COMP-DSK-ICT-PTRE-19,Dell vostro 3670,ICT,DELL,"Core i5-8400,16GB DDR4,1TB HDD, Geforce 730",0,105009,0,0,19-15108,120003,9,LT,2,1,215075,240123100227,2023-12-13,225164,2024-01-23 10:01:49.000,0,NULL,NULL,2019-08-26,NULL,NULL,NULL,0,0,
6343,,01841 COMP-DSK-ICT-PTRE-19,Dell vostro 3670,ICT,DELL,"Core i5-8400,16GB DDR4,1TB HDD,",0,105009,0,0,NULL,120003,9,LT,2,1,094077,240312051840,2024-03-12,225164,2023-10-28 23:06:43.000,0,NULL,NULL,2019-08-26,NULL,NULL,NULL,0,0,
6345,,01843 COMP-DSK-ICT-PTRE-19,Dell vostro 3670,ICT,DELL,"Core i5-8400,16GB DDR4,1TB HDD, Geforce 730",0,101033,0,0,NULL,120003,9,LT,0,1,215030,221118103004,2021-03-18,053573,2020-01-30 09:31:32.000,0,NULL,NULL,2019-08-26,NULL,NULL,NULL,0,0,
6347,,01845 COMP-DSK-ICT-PTRE-19,Dell vostro 3670,ICT,DELL,"Core i5-8400,16GB DDR4,1TB HDD, Geforce 730",0,101033,0,0,NULL,120003,9,LT,0,NULL,053573,NULL,NULL,053573,2020-01-30 09:33:05.000,0,NULL,NULL,2019-08-26,NULL,NULL,NULL,0,0,
6349,,01847 COMP-DSK-ICT-PTRE-19,Dell vostro 3670,ICT,DELL,"Core i5-8400,16GB DDR4,1TB HDD, Geforce 730",0,101033,0,0,NULL,120003,9,LT,0,NULL,083982,NULL,NULL,053573,2020-01-30 09:34:16.000,0,NULL,NULL,2019-08-26,NULL,NULL,NULL,0,0,
6351,,01849 COMP-DSK-ICT-PTRE-19,Dell vostro 3670,ICT,DELL,"Core i5-8400,16GB DDR4,1TB HDD, Geforce 730",0,101033,0,0,NULL,120003,9,LT,0,1,194828,220830015359,2019-11-01,053573,2020-01-30 09:36:42.000,0,NULL,NULL,2019-08-26,NULL,NULL,NULL,0,0,
6353,,01851 COMP-DSK-ICT-PTRE-19,Dell vostro 3670,ICT,DELL,"Core i5-8400,16GB DDR4,1TB HDD, Geforce 730",0,991001,0,0,16-12502,120003,9,LT,2,1,124299,240603084552,2024-05-27,225164,2024-06-03 08:45:40.000,0,NULL,NULL,2019-08-26,NULL,NULL,NULL,0,0,
6355,,01853 COMP-DSK-ICT-PTRE-19,Dell vostro 3670,ICT,DELL,"Core i5-8400,16GB DDR4,1TB HDD, Geforce 730",0,101033,0,0,NULL,120003,9,LT,0,NULL,194869,NULL,NULL,053573,2020-01-30 09:40:05.000,0,NULL,NULL,2019-08-26,NULL,NULL,NULL,0,0,
6397,,01895 COMP-DSK-ICT-PTRE-19,Dell vostro 3670,ICT,DELL,"Core i5-9400,16GB DDR4,1TB HDD, Geforce 730",0,105009,0,0,NULL,120003,9,LT,2,1,194742,241014101207,2023-12-18,225164,2024-10-14 10:12:38.000,0,NULL,NULL,2019-10-01,NULL,NULL,NULL,0,0,
6399,,01897 COMP-DSK-ICT-PTRE-19,Dell vostro 3670,ICT,DELL,"Core i5-9400,16GB DDR4,1TB HDD, Geforce 730",0,101045,0,0,16-12502,120003,9,LT,2,1,245417,241217112117,2024-09-02,225164,2023-11-06 14:54:01.000,0,NULL,NULL,2019-10-01,NULL,NULL,NULL,0,0,
6401,,01899 COMP-DSK-ICT-PTRE-19,Dell vostro 3670,ICT,DELL,"Core i5-9400,16GB DDR4,1TB HDD, Geforce 730",0,991001,0,0,16-12502,120003,9,LT,2,1,124299,240603082404,2024-05-27,225164,2024-06-03 08:23:48.000,0,NULL,NULL,2019-10-01,NULL,NULL,NULL,0,0,
6403,,01901 COMP-DSK-ICT-PTRE-19,Dell vostro 3670,ICT,DELL,"Core i5-9400,16GB DDR4,1TB HDD, Geforce 730",0,101033,0,0,NULL,120003,9,LT,0,NULL,053573,NULL,NULL,053573,2020-01-30 11:14:56.000,0,NULL,NULL,2019-10-01,NULL,NULL,NULL,0,0,
6405,,01903 COMP-DSK-ICT-PTRE-19,Dell vostro 3670,ICT,DELL,"Core i5-9400,16GB DDR4,1TB HDD, Geforce 730",0,104012,0,0,NULL,120003,9,LT,2,1,073833,231027104626,2023-10-13,225164,2023-10-27 22:46:47.000,0,NULL,NULL,2019-10-01,NULL,NULL,NULL,0,0,
6407,,01905 COMP-DSK-ICT-PTRE-19,Dell vostro 3670,ICT,DELL,"Core i5-9400,16GB DDR4,1TB HDD, Geforce 730",0,102017,0,0,23-1321012,120003,9,LT,2,1,215050,241206112546,2024-12-06,225164,2024-01-22 15:09:44.000,0,NULL,NULL,2019-10-01,NULL,NULL,NULL,0,0,
6409,,01907 COMP-DSK-ICT-PTRE-19,Dell 19.5,ICT,DELL,"Core i5-9400,16GB DDR4,1TB HDD, Geforce 730",0,991001,0,0,NULL,120003,9,LT,0,1,083913,201109031117,2020-11-09,306117,2020-11-09 15:11:02.000,0,NULL,NULL,2019-10-01,NULL,NULL,NULL,0,0,
6411,,01909 COMP-DSK-ICT-PTRE-19,Dell vostro 3670,ICT,DELL,"Core i5-9400,16GB DDR4,1TB HDD, Geforce 730",0,105009,0,0,19-15108,120003,9,LT,2,1,104140,240123095906,2023-12-14,225164,2024-01-23 09:58:47.000,0,NULL,NULL,2019-10-01,NULL,NULL,NULL,0,0,
6413,,01911 COMP-DSK-ICT-PTRE-19,Dell vostro 3670,ICT,DELL,"Core i5-9400,16GB DDR4,1TB HDD, Geforce 730",0,101033,0,0,NULL,120003,9,LT,0,NULL,194755,NULL,NULL,053573,2020-01-30 11:47:06.000,0,NULL,NULL,2019-10-01,NULL,NULL,NULL,0,0,
6415,,01913 COMP-DSK-ICT-PTRE-19,Dell vostro 3670,ICT,DELL,"Core i5-9400,16GB DDR4,1TB HDD, Geforce 730",0,101033,0,0,NULL,120003,9,LT,0,1,073860,241211080858,2021-04-15,053573,2020-01-30 11:48:47.000,0,NULL,NULL,2019-10-01,NULL,NULL,NULL,0,0,
6440,,01938 COMP-DSK-ICT-PTRE-19,Dell vostro 3670,ICT,DELL,"Core i5-9400,16GB DDR4,1TB HDD, Geforce 730",0,101033,0,0,NULL,120003,9,LT,0,NULL,194908,NULL,NULL,053573,2020-01-30 13:46:29.000,0,NULL,NULL,2019-10-29,NULL,NULL,NULL,0,0,
6442,,01940 COMP-DSK-ICT-PTRE-19,Dell vostro 3670,ICT,DELL,"Core i5-9400,16GB DDR4,1TB HDD, Geforce 730",0,104011,0,0,22-1321022.001,120003,9,LT,2,1,194821,240424043056,2023-01-01,225164,2024-04-24 16:30:30.000,0,NULL,NULL,2019-10-29,NULL,NULL,NULL,0,0,
6444,,01942 COMP-DSK-ICT-PTRE-19,Dell vostro 3670,ICT,DELL,"Core i5-9400,16GB DDR4,1TB HDD, Geforce 730",0,102018,0,0,20-1321002,120003,9,LT,2,1,194767,240416013639,2024-01-08,225164,2024-04-16 13:36:27.000,0,NULL,NULL,2019-10-29,NULL,NULL,NULL,0,0,
6446,,01944 COMP-DSK-ICT-PTRE-19,Dell vostro 3670,ICT,DELL,"Core i5-9400,16GB DDR4,1TB HDD, Geforce 730",0,102017,0,0,15-0601,120003,9,LT,2,1,205007,240416050724,2024-02-29,225164,2024-04-16 17:07:13.000,0,NULL,NULL,2019-10-29,NULL,NULL,NULL,0,0,
6448,,01946 COMP-DSK-ICT-PTRE-19,Dell vostro 3670,ICT,DELL,"Core i5-9400,16GB DDR4,1TB HDD, Geforce 730",0,101033,0,0,NULL,120003,9,LT,0,NULL,053573,NULL,NULL,053573,2020-01-30 13:55:27.000,0,NULL,NULL,2019-10-29,NULL,NULL,NULL,0,0,
6451,,01948 COMP-DSK-ICT-PTRE-19,Dell vostro 3670,ICT,DELL,"Core i5-9400,16GB DDR4,1TB HDD, Geforce 730",0,991001,0,0,NULL,120003,9,LT,2,1,124299,240603090117,2024-05-27,225164,2024-06-03 09:04:19.000,0,NULL,NULL,2019-10-29,NULL,NULL,NULL,0,0,
6453,,01950 COMP-DSK-ICT-PTRE-19,Dell vostro 3670,ICT,DELL,"Core i5-9400,16GB DDR4,1TB HDD, SSD 256GB, Geforce 730",0,101039,0,0,19-15108,120003,9,LT,2,1,245440,241227010721,2024-11-11,225164,2025-02-16 04:47:43.000,0,NULL,NULL,2019-10-29,NULL,NULL,NULL,0,0,
6456,,01954 COMP-DSK-ICT-PTRE-19,Dell vostro 3670,ICT,DELL,"Core i5-9400,16GB DDR4,1TB HDD, Geforce 730",0,104012,0,0,23-1327014,120003,9,LT,2,1,235253,231027034419,2023-05-15,225164,2023-11-06 16:14:15.000,0,NULL,NULL,2019-10-29,NULL,NULL,NULL,0,0,
6458,,01956 COMP-DSK-ICT-PTRE-19,Dell vostro 3670,ICT,DELL,"Core i5-9400,16GB DDR4,1TB HDD, Geforce 730",0,104008,0,0,23-1321012,120003,9,LT,2,1,306117,240424085602,2024-04-20,225164,2024-01-23 09:21:27.000,0,NULL,NULL,2019-10-29,NULL,NULL,NULL,0,0,
6477,,01975 COMP-DSK-ICT-PTRE-19,Dell vostro 3670,ICT,DELL,"Core i5-9400,16GB DDR4,1TB HDD, Geforce 730",0,101040,0,0,21-1351011,120003,9,LT,2,1,265603,260428024436,2026-04-28,225164,2026-04-28 14:44:08.000,0,NULL,NULL,2019-11-21,NULL,NULL,NULL,0,0,
6479,,01977 COMP-DSK-ICT-PTRE-19,Dell vostro 3670,ICT,DELL,"Core i5-9400,16GB DDR4,1TB HDD, Geforce 730",0,104011,0,0,22-1321022.001,120003,9,LT,2,1,033043,240424045416,2022-08-03,225164,2024-04-24 16:54:27.000,0,NULL,NULL,2019-11-21,NULL,NULL,NULL,0,0,
6481,,01979 COMP-DSK-ICT-PTRE-19,Dell vostro 3670,ICT,DELL,"Core i5-9400,16GB DDR4,1TB HDD, Geforce 730",0,102018,0,0,22-1321022.001,120003,9,LT,2,1,134382,231028110436,2023-10-20,225164,2024-03-12 05:01:49.000,0,NULL,NULL,2019-11-21,NULL,NULL,NULL,0,0,
6483,,01981 COMP-DSK-ICT-PTRE-19,Dell vostro 3670,ICT,DELL,"Core i5-9400,16GB DDR4,1TB HDD, Geforce 730",0,101033,0,0,NULL,120003,9,LT,0,1,124254,240508041012,2024-05-01,053573,2020-01-30 14:39:44.000,0,NULL,NULL,2019-11-21,NULL,NULL,NULL,0,0,
6485,,01983 COMP-DSK-ICT-PTRE-19,Dell vostro 3670,ICT,DELL,"Core i5-9400,16GB DDR4,1TB HDD, Geforce 730",0,101033,0,0,NULL,120003,9,LT,0,1,300217,230113014944,2022-10-03,053573,2020-01-30 14:41:22.000,0,NULL,NULL,2019-11-21,NULL,NULL,NULL,0,0,
6487,,01985 COMP-DSK-ICT-PTRE-19,Dell vostro 3670,ICT,DELL,"Core i5-9400,16GB DDR4,1TB HDD, Geforce 730",0,104012,0,0,22-1321022.001,120003,9,LT,2,1,094062,240312021803,2023-10-13,225164,2024-03-12 02:18:14.000,0,NULL,NULL,2019-11-21,NULL,NULL,NULL,0,0,
6489,,01987 COMP-DSK-ICT-PTRE-19,Dell vostro 3670,ICT,DELL,"Core i5-9400,16GB DDR4,1TB HDD, Geforce 730",0,101033,0,0,NULL,120003,9,LT,0,1,194891,230113040005,2020-02-04,053573,2020-01-30 14:44:04.000,0,NULL,NULL,2019-11-21,NULL,NULL,NULL,0,0,
6491,,1989 COMP-DSK-ICT-PTRE-19,Dell vostro 3670,ICT,DELL,"Core i5-9400,16GB DDR4,1TB HDD, Geforce 730 IDLE",0,104012,0,0,22-3200000,120003,9,LT,2,1,083913,240312013521,2024-03-12,225164,2026-04-28 13:49:23.000,0,NULL,NULL,2019-11-21,NULL,NULL,NULL,0,0,
6493,,01991 COMP-DSK-ICT-PTRE-19,Dell vostro 3670,ICT,DELL,"Core i5-9400,16GB DDR4,1TB HDD, Geforce 730",0,101033,0,0,NULL,120003,9,LT,0,1,205024,221121045238,2022-01-19,053573,2020-01-30 14:49:28.000,0,NULL,NULL,2019-11-21,NULL,NULL,NULL,0,0,
6495,,01993 COMP-DSK-ICT-PTRE-19,Dell vostro 3670,ICT,DELL,"Core i5-9400,16GB DDR4,1TB HDD, Geforce 730",0,101033,0,0,19-15109,120003,9,LT,0,1,194786,260820023029,2026-08-20,306117,2023-01-13 15:21:43.000,0,NULL,NULL,2019-11-21,NULL,NULL,NULL,0,0,
6530,,2028 COMP-DSK-ICT-PTRE-20,Dell Vostro 3670,ICT,DELL,"Core i5-9400,16GB DDR4,1TB HDD, Geforce 730
",0,101045,0,0,NULL,120003,9,LT,2,1,215050,240603112945,2024-06-03,225164,2024-06-03 11:19:58.000,0,NULL,NULL,2020-02-11,NULL,NULL,NULL,0,0,
6532,,2030 COMP-DSK-ICT-PTRE-20,Dell Vostro 3670,ICT,DELL,"Core i5-9400,16GB DDR4,1TB HDD, Geforce 730
",0,101045,0,0,22-1321022.001,120003,9,LT,2,1,033019,250124094356,2025-01-24,225164,2025-01-24 11:19:52.000,0,NULL,NULL,2020-02-11,NULL,NULL,NULL,0,0,
6534,,2032 COMP-DSK-ICT-PTRE-20,Dell Vostro 3670,ICT,DELL,"Core i5-9400,16GB DDR4,1TB HDD, Geforce 730
",0,101033,0,0,NULL,120003,9,LT,0,1,073775,230112014347,2022-04-12,053573,2020-05-20 17:39:29.000,0,NULL,NULL,2020-02-11,NULL,NULL,NULL,0,0,
6536,,2034 COMP-DSK-ICT-PTRE-20,Dell Vostro 3670,ICT,DELL,"Core i5-9400,16GB DDR4,1TB HDD, Geforce 730
",0,102018,0,0,20-1321002,120003,9,LT,2,1,194891,240416012732,2024-01-08,225164,2024-04-16 13:27:17.000,0,NULL,NULL,2020-02-11,NULL,NULL,NULL,0,0,
6538,,2036 COMP-DSK-ICT-PTRE-20,Dell Vostro 3670,ICT,DELL,"Core i5-9400,16GB DDR4,1TB HDD, Geforce 730
",0,101033,0,0,NULL,120003,9,LT,0,NULL,194839,NULL,NULL,053573,2020-05-20 18:17:30.000,0,NULL,NULL,2020-02-11,NULL,NULL,NULL,0,0,
6540,,2038 COMP-DSK-ICT-PTRE-20,Dell Vostro 3670,ICT,DELL,"Core i5-9400,16GB DDR4,1TB HDD, Geforce 730
",0,991001,0,0,NULL,120003,9,LT,0,1,194747,240508080713,2023-02-02,225164,2024-05-08 08:07:52.000,0,NULL,NULL,2020-02-11,NULL,NULL,NULL,0,0,
6542,,2040 COMP-DSK-ICT-PTRE-20,Dell Vostro 3670,ICT,DELL,"Core i5-9400,16GB DDR4,1TB HDD, Geforce 730
",0,101033,0,0,NULL,120003,9,LT,0,1,225150,230113110217,2022-08-03,053573,2020-05-20 18:29:54.000,0,NULL,NULL,2020-02-11,NULL,NULL,NULL,0,0,
6566,,1952 COMP-DSK-ICT-PTRE-19,Dell Vostro 3670,ICT,DELL,1952 COMP-DSK-ICT-PTRE-19,0,104011,0,0,NULL,120003,9,LT,2,1,053573,200921011322,2020-05-27,225164,2024-04-16 11:12:10.000,0,NULL,NULL,2019-10-20,NULL,NULL,NULL,0,0,
7888,,2175-COMP-DSK-ICT-PTRE-21,PC Rakitan,ICT,Rakitan,,17000000,991001,0,0,NULL,120003,22,LT,0,1,053573,220804034217,2021-09-16,053573,2023-03-29 10:02:29.000,0,NULL,NULL,2021-09-13,NULL,NULL,NULL,0,0,
8080,,2268-COMP-DESK-ICT-PTRE-23,PC RAKITAN 3D,ICT,Rakitan,"Intel Core i9 RAM 32 GB SSD 1TB RTX 3060
",20000000,101040,0,0,16-12502,120003,22,LT,2,1,104103,231004055707,2023-08-23,225164,2024-05-21 15:12:54.000,0,NULL,NULL,2023-08-16,NULL,NULL,NULL,0,0,
8081,,2269-COMP-DESK-ICT-PTRE-23,PC RAKITAN 3D,ICT,Rakitan,"Intel Core i7 RAM 32 GB SSD 1TB GTX 1660
",2000000,102018,0,0,16-12502,120003,80,LT,0,0,NULL,241211070833,2023-08-30,225164,2024-01-23 09:02:13.000,0,NULL,NULL,2023-08-28,NULL,NULL,NULL,0,0,
8082,QC PASS,2270-COMP-DESK-ICT-PTRE-23,PC RAKITAN 3D,ICT,Rakitan,"Intel Core i7 RAM 32 GB SSD 1TB GTX 1660
",2000000,102018,0,0,16-12502,120003,80,LT,2,1,154565,241211071049,2023-08-30,225164,2024-01-23 09:05:45.000,0,NULL,NULL,2023-08-28,NULL,NULL,NULL,0,0,
8084,,2272-COMP-DESK-ICT-PTRE-23,ACER PC ALL IN ONE C22-1700,ICT,ACER,"Intel i3 1215U 8GB 512GB 21,5"" FHD OHS W11",8000000,103011,0,0,23-1321032,120003,9,LT,0,1,104140,260910013408,2026-09-10,225164,2026-09-10 13:33:29.000,0,NULL,NULL,2023-09-18,NULL,NULL,NULL,0,0,
8085,,2273-COMP-DESK-ICT-PTRE-23,ACER PC ALL IN ONE C22-1700,ICT,ACER,"Intel i3 1215U 8GB 512GB 21,5"" FHD OHS W11",8000000,102024,0,0,23-1321032,120003,9,LT,0,1,134408,240124050352,2023-10-05,225164,2026-09-08 14:56:13.000,0,NULL,NULL,2023-09-18,NULL,NULL,NULL,0,0,
8086,,2274-COMP-DESK-ICT-PTRE-23,ACER PC ALL IN ONE C22-1700,ICT,ACER,"Intel i3 1215U 8GB 512GB 21,5"" FHD OHS W11",8000000,991001,0,1,23-1321032,120003,1083,LT,0,1,134408,240124050411,2023-10-05,053573,2023-10-27 14:37:56.000,0,NULL,NULL,2023-09-18,NULL,NULL,NULL,0,0,
10574,,2376-COMP-DESK-ICT-PTRE-24,PC Rakitan 3D,ICT,Rakitan,Intel Core i912900KF 32GB SSD 1TB RTX3060 12GB,23000000,102017,0,1,16-12502,120003,22,LT,0,1,235324,250115012325,2025-01-15,053573,2024-12-04 15:27:44.000,0,NULL,NULL,2024-11-25,NULL,NULL,NULL,0,0,
10575,,2377-COMP-DESK-ICT-PTRE-24,PC Rakitan 3D,ICT,Rakitan,Intel Core i912900KF 32GB SSD 1TB RTX3060 12GB,23000000,102017,0,0,16-12502,120003,22,LT,0,1,110018,241204033226,2024-11-25,053573,2024-12-04 15:31:46.000,0,NULL,NULL,2024-11-25,NULL,NULL,NULL,0,0,
11775,,2453-COMP-DESK-ICT-PTRE-25,Rakitan PC 3D,ICT,Rakitan,Intel Core i9,0,101039,0,0,NULL,120003,9,LT,0,1,194747,250801011829,2025-07-23,225164,2025-08-01 11:22:30.000,0,NULL,NULL,2025-07-23,NULL,NULL,NULL,0,0,
11777,,2455-COMP-DESK-ICT-PTRE-25,Rakitan PC CIVIL,ICT,Rakitan,,0,104012,0,0,NULL,120003,9,LT,0,1,083913,250829025207,2025-08-29,225164,2025-08-29 14:51:51.000,0,NULL,NULL,2025-08-28,NULL,NULL,NULL,0,0,
11855,,2462-COMP-DESK-ICT-PTRE-25,PC RAKITAN,ICT,Rakitan,"Intel Core i9, 32GB DDR5 SSD 1TB RTX 3060",0,104012,0,1,15-0601,120003,1121,LT,2,1,235287,260113091247,2025-11-05,225164,2025-12-08 16:46:07.000,0,NULL,NULL,2025-10-30,NULL,NULL,NULL,0,0,
11864,,2469-COMP-DESK-ICT-PTRE-26,PC Rakitan PIPING,ICT,Rakitan,"Intel Core i9, 32GB DDR5 SSD 1TB RTX 3060",0,101040,0,0,NULL,120003,9,LT,2,1,205009,260112022349,2026-01-12,225164,2026-01-12 14:23:24.000,0,NULL,NULL,2026-01-09,NULL,NULL,NULL,0,0,
12020,102/PO-VIII/2026,2494-COMP-DESK-ICT-PTRE-26,PC RAKITAN PIPING,ICT,Rakitan,Intel i9 14900KF 32GB DDR5 SSD 1TB RTX 5060,33000000,101040,0,1,26-1325002,120003,1124,LT,0,1,083898,260831101012,2026-08-31,225164,2026-08-31 10:09:48.000,0,NULL,NULL,2026-08-20,NULL,NULL,NULL,0,0,
