id,po_ref,code,name,organizer,brand,spesifikasi,value,location,umur_ekonomis,pembebanan,project_no,category,vendor,rent_type,kondisi,peminjaman,peminjaman_owner,peminjaman_token,peminjaman_start,create_owner,create_date,deletion,deletion_owner,deletion_date,buy_date,sample_photo,thumbnail,patch,assets_or_inventaris,status,duplicated_number
2613,,00020-COMP-NB-ICT-PTRE-02,"TOSHIBA P3:700 Mhz, RAM:256",ICT,TOSHIBA,"P3:700 Mhz, RAM:256 Mb, HD:10 Gb, 140016:16 MB",0,121001,0,0,NULL,120004,9,LT,1,0,NULL,NULL,NULL,053573,2021-02-11 08:02:24.000,0,NULL,NULL,2002-02-28,NULL,NULL,NULL,0,1,
2949,,00356-COMP-NB-ICT-PTRE-03,SONY VAIO,ICT,SONY,"CENTRINO:1700 Mhz, RAM:512 Mb, HD:30 Gb, 140016:16 MB, LCD:11""",0,121001,0,0,NULL,120004,9,LT,1,0,NULL,NULL,NULL,053573,2021-02-11 08:02:35.000,0,NULL,NULL,2003-10-07,NULL,NULL,NULL,0,1,
2990,,00397-COMP-NB-ICT-PTRE-04,"HP P4:2400 Mhz, RAM:512",ICT,HP,"P4:2400 Mhz, RAM:512 Mb, HD:40 Gb, 140016:16 MB, LCD:14""",0,121001,0,0,NULL,120004,9,LT,1,0,NULL,NULL,NULL,053573,2021-02-11 08:02:44.000,0,NULL,NULL,2004-02-28,NULL,NULL,NULL,0,1,
2996,,00403-COMP-NB-ICT-PTRE-04,SONY VAIO,ICT,SONY,"CENTRINO:1600 Mhz, RAM:512 Mb, HD:60 Gb, 140016:16 MB, LCD:13""",0,121001,0,0,NULL,120004,9,LT,1,0,NULL,NULL,NULL,053573,2021-02-11 08:02:52.000,0,NULL,NULL,2004-09-17,NULL,NULL,NULL,0,1,
3021,,00428-COMP-NB-ICT-PTRE-06,"ACER TURION: 1700, RAM: 5",ICT,ACER,"TURION: 1700, RAM: 512 MB, HD: 40 GB, LCD 13""",0,121001,0,0,NULL,120004,9,LT,1,0,NULL,NULL,NULL,053573,2021-02-11 08:03:00.000,0,NULL,NULL,2006-11-01,NULL,NULL,NULL,0,1,
3027,,00434-COMP-NB-ICT-PTRE-07,MSI S425,ICT,MSI,"CENTRINO:1700 Mhz, RAM:1 Gb, HD:120 Gb, 140016:64 MB, LCD:13""",0,121001,0,0,NULL,120004,9,LT,1,0,NULL,NULL,NULL,053573,2021-02-11 08:03:08.000,0,NULL,NULL,2007-06-13,NULL,NULL,NULL,0,1,
3190,,00597-COMP-NB-ICT-PTRE-10,COMPAQ PRESARIO CQ 41-210 TU,ICT,COMPAQ,"CORE I 330, 2 GB RAM, 320 GB HD, 14 WIDE, NON OS",0,121001,0,0,NULL,120004,9,LT,1,0,NULL,NULL,NULL,053573,2021-02-11 08:03:15.000,0,NULL,NULL,2010-02-17,NULL,NULL,NULL,0,1,
3196,,00603-COMP-NB-ICT-PTRE-10,DELL INSPIRON 1464,ICT,DELL,"CORE I 330, 2 GB RAM, 320 GB HD, 14 WIDE, NON OS",0,121001,0,0,NULL,120004,9,LT,1,0,NULL,NULL,NULL,053573,2021-02-11 08:03:29.000,0,NULL,NULL,2010-03-08,NULL,NULL,NULL,0,1,
3213,,00620-COMP-NB-ICT-PTRE-10,DELL INSPIRON 1464,ICT,DELL,"CORE I 330, 2 GB RAM, 320 GB HD, 14 WIDE, NON OS",0,121001,0,0,NULL,120004,9,LT,1,0,NULL,NULL,NULL,053573,2021-02-11 08:03:35.000,0,NULL,NULL,2010-04-07,NULL,NULL,NULL,0,1,
3259,,00666-COMP-NB-ICT-PTRE-11,Toshiba L635,ICT,TOSHIBA,"Core 1 5, 14 "", RAM 4 GB",0,121001,0,0,NULL,120004,9,LT,1,1,043585,180704101641,2018-07-04,053573,2021-02-11 08:03:40.000,0,NULL,NULL,2011-03-22,NULL,NULL,NULL,0,1,
3475,,00882-COMP-NB-ICT-PTRE-12,Satellite L 510,ICT,TOSHIBA,"Core 2 Duo, 2 GB RAM, 500  GB,  14""",0,121001,0,0,NULL,120004,9,LT,1,0,NULL,NULL,NULL,053573,2021-02-11 08:03:47.000,0,NULL,NULL,2010-11-12,NULL,NULL,NULL,0,1,
3476,,00883-COMP-NB-ICT-PTRE-12,TOSHIBA CORE I3,ICT,TOSHIBA,"CORE I3, HD 500GB, 2GB RAM, Gforce",0,121001,0,0,NULL,120004,9,LT,1,1,033151,180704112059,2018-07-04,053573,2021-02-11 08:03:57.000,0,NULL,NULL,2012-03-21,NULL,NULL,NULL,0,1,
3548,,00955-COMP-NB-ICT-PTRE-12,ACER ULTRABOOK,ICT,ACER,ULTRABOOK CORE I3,0,121001,0,0,NULL,120004,9,LT,1,0,053573,NULL,NULL,053573,2023-03-29 09:18:17.000,0,NULL,NULL,2012-06-20,NULL,NULL,NULL,0,0,
3549,,00956-COMP-NB-ICT-PTRE-12,ASUS CORE I3,ICT,ASUS,CORE I3,0,121001,0,0,NULL,120004,9,LT,1,0,NULL,NULL,NULL,053573,2021-02-11 08:04:29.000,0,NULL,NULL,2012-06-20,NULL,NULL,NULL,0,1,
3560,,00967-COMP-NB-ICT-PTRE-12,ASUS A43SD CORE I3,ICT,ASUS,"CORE I3, 2315, HD 500GB, 2GB RAM, Gforce",0,121001,0,0,NULL,120004,9,LT,1,1,114212,180704115739,2018-07-04,053573,2021-02-11 08:04:35.000,0,NULL,NULL,2012-11-10,NULL,NULL,NULL,0,1,
3564,,00971-COMP-NB-ICT-PTRE-12,Apple Mac Book Pro,ICT,Apple,"CORE I5, 2315, HD 500GB, 2GB RAM, 140016 Intel",0,121001,0,0,NULL,120004,9,LT,1,0,243000,NULL,NULL,053573,2023-03-29 09:18:26.000,0,NULL,NULL,2012-11-15,NULL,NULL,NULL,0,1,
3587,,00994-COMP-NB-ICT-PTRE-12,ASUS A46CM CORE I7,ICT,ASUS,"CORE I7, 3517, HD 500GB, 8GB RAM, Gforce 615",0,121001,0,0,NULL,120004,9,LT,1,0,NULL,NULL,NULL,053573,2021-02-11 08:05:01.000,0,NULL,NULL,2012-11-28,NULL,NULL,NULL,0,1,
3707,,01113-COMP-NB-ICT-PTRE-13,Notebook Workstation Elitebook 8570W,ICT,HP,"Core I 7 3610, RAM 8GB, 750 GB HD, 140016 K2000M",0,121001,0,0,NULL,120004,9,LT,1,0,NULL,NULL,NULL,053573,2021-02-11 08:05:13.000,0,NULL,NULL,2013-04-10,NULL,NULL,NULL,0,1,
3746,,01152-COMP-NB-ICT-PTRE-13,VAIO SV-F 14218SG,ICT,SONY,"Core I 5, 4 GB RAM, 500 GB HD, GT 740 140016, 13""",0,121001,0,0,NULL,120004,9,LT,1,1,114220,180704021634,2018-07-04,053573,2021-02-11 08:05:32.000,0,NULL,NULL,2013-09-19,NULL,NULL,NULL,0,1,
3758,NULL,01164-COMP-NB-ICT-PTRE-13,Macbook Air MD 712ZAA,ICT,APPLE,"Core I 5, 4 GB RAM, 500 GB HD, 12""",0,121001,0,0,NULL,120004,NULL,LT,1,1,023124,180706015540,2018-07-04,53573,2017-01-04 00:00:00.000,0,NULL,NULL,2013-10-01,NULL,NULL,NULL,0,0,
3761,,01167-COMP-NB-ICT-PTRE-13,VAIO SV-F 14218WG,ICT,SONY,"Core I 5, 4 GB RAM, 500 GB HD, 12""",0,121001,0,0,NULL,120004,9,LT,1,0,NULL,NULL,NULL,053573,2021-02-11 08:05:55.000,0,NULL,NULL,2013-11-08,NULL,NULL,NULL,0,1,
3762,,01168-COMP-NB-ICT-PTRE-13,VAIO SV-F 14218WG,ICT,SONY,"Core I 5, 4 GB RAM, 500 GB HD, 12""",0,121001,0,0,NULL,120004,9,LT,1,0,NULL,NULL,NULL,053573,2021-02-11 08:06:03.000,0,NULL,NULL,2013-11-08,NULL,NULL,NULL,0,1,
3763,,01169-COMP-NB-ICT-PTRE-13,VAIO SV-F 14218WG,ICT,SONY,"Core I 5, 4 GB RAM, 500 GB HD, 12""",0,121001,0,0,NULL,120004,9,LT,1,0,NULL,NULL,NULL,053573,2021-02-11 08:06:11.000,0,NULL,NULL,2013-11-08,NULL,NULL,NULL,0,1,
3774,,01180-COMP-NB-ICT-PTRE-13,VAIO SVP 13213 SGB,ICT,SONY,"Core I 5, 4 GB RAM, 128  GB SSD HD, 13""",0,121001,0,0,NULL,120004,9,LT,1,1,032029,180706020202,2018-07-06,053573,2021-02-11 08:06:23.000,0,NULL,NULL,2013-11-15,NULL,NULL,NULL,0,1,
3775,,01181-COMP-NB-ICT-PTRE-13,VAIO SVP 13213 SGB,ICT,SONY,"Core I 5, 4 GB RAM, 128  GB SSD HD, 13""",0,121001,0,0,NULL,120004,9,LT,1,1,022079,180706020233,2018-07-06,053573,2021-02-11 08:06:29.000,0,NULL,NULL,2013-11-15,NULL,NULL,NULL,0,1,
3782,,01188-COMP-NB-ICT-PTRE-13,ASUS N 550 JV,ICT,ASUS,"Core I 7, 8 GB RAM, 750 GB HD, Gforce 740, 15""",0,121001,0,0,NULL,120004,9,LT,1,0,108091,NULL,NULL,053573,2024-03-31 21:49:41.000,0,NULL,NULL,2013-12-10,NULL,NULL,NULL,0,0,
3784,NULL,01190-COMP-NB-ICT-PTRE-13,VAIO SVP 13213 SGB,ICT,SONY,"Core I 5, 4 GB RAM, 128  GB SSD HD, 13""",0,121001,0,0,NULL,120004,NULL,LT,1,1,031773,180706020534,2018-07-06,53573,2017-01-04 00:00:00.000,0,NULL,NULL,2013-11-12,NULL,NULL,NULL,0,0,
3785,,01191-COMP-NB-ICT-PTRE-13,ASUS A 46 CB,ICT,ASUS,"Core I 7, 4 GB RAM, 500 GB HD, 13""",0,121001,0,0,NULL,120004,9,LT,1,1,023022,180706020610,2018-07-06,053573,2021-02-11 08:07:46.000,0,NULL,NULL,2013-12-17,NULL,NULL,NULL,0,1,
3807,,01213-COMP-NB-ICT-PTRE-10,Lenovo,ICT,Lenovo,"Core 2 Duo, 2 GB RAM, 500  GB,  14""",0,121001,0,0,NULL,120004,9,LT,1,0,NULL,NULL,NULL,053573,2021-02-11 08:07:58.000,0,NULL,NULL,2010-11-12,NULL,NULL,NULL,0,1,
3808,,01214-COMP-NB-ICT-PTRE-13,Lenovo,ICT,Lenovo,"Core 2 Duo, 2 GB RAM, 500  GB,  14""",0,121001,0,0,NULL,120004,9,LT,1,0,NULL,NULL,NULL,053573,2021-02-11 08:08:06.000,0,NULL,NULL,2010-11-12,NULL,NULL,NULL,0,1,
3809,,01215-COMP-NB-ICT-PTRE-13,Acer,ICT,Acer,"Core 2 Duo, 2 GB RAM, 500  GB,  14""",0,121001,0,0,NULL,120004,9,LT,1,0,NULL,NULL,NULL,053573,2021-02-11 08:08:20.000,0,NULL,NULL,2010-11-12,NULL,NULL,NULL,0,1,
3810,,01216-COMP-NB-ICT-PTRE-13,Satellite L 510,ICT,TOSHIBA,"Core 2 Duo, 2 GB RAM, 500  GB,  14""",0,121001,0,0,NULL,120004,9,LT,1,0,NULL,NULL,NULL,053573,2021-02-11 08:08:35.000,0,NULL,NULL,2010-11-12,NULL,NULL,NULL,0,1,
3811,,01217-COMP-NB-ICT-PTRE-13,Satellite L 735,ICT,TOSHIBA,"Core I 3, 2 GB RAM, 500  GB,  14""",0,121001,0,0,NULL,120004,9,LT,1,0,NULL,NULL,NULL,053573,2021-02-11 08:08:49.000,0,NULL,NULL,2010-11-12,NULL,NULL,NULL,0,1,
3812,,01218-COMP-NB-ICT-PTRE-13,Asus A435,ICT,Asus,"Core I 3, 2 GB RAM, 500  GB,  14""",0,121001,0,0,NULL,120004,9,LT,1,0,NULL,NULL,NULL,053573,2021-02-11 08:09:04.000,0,NULL,NULL,2010-11-12,NULL,NULL,NULL,0,1,
3813,,01219-COMP-NB-ICT-PTRE-13,Asus A435,ICT,Asus,"Core I 3, 2 GB RAM, 500  GB,  14""",0,121001,0,0,NULL,120004,9,LT,1,0,NULL,NULL,NULL,053573,2021-02-11 08:09:25.000,0,NULL,NULL,2010-11-12,NULL,NULL,NULL,0,1,
3816,,01222-COMP-NB-ICT-PTRE-14,ASUS A451,ICT,Asus,"Core I 5, 4 GB RAM, 500  GB,  14""",0,121001,0,0,NULL,120004,9,ST,1,0,NULL,NULL,NULL,053573,2021-02-11 08:09:44.000,0,NULL,NULL,2014-04-09,NULL,NULL,NULL,0,1,
3821,,01227-COMP-NB-ICT-PTRE-14,ASUS A451,ICT,Asus,"Core I 7, 4 GB RAM, 500  GB,  14""",0,121001,0,0,NULL,120004,9,LT,1,1,104134,180706021046,2018-07-06,053573,2021-02-11 08:10:28.000,0,NULL,NULL,2014-05-06,NULL,NULL,NULL,0,1,
3830,,01236-COMP-NB-ICT-PTRE-14,ASUS A450L,ICT,Asus,"Core I 5, 4 GB RAM, 500  GB,  14""",0,121001,0,0,NULL,120004,9,LT,1,1,114203,180706021508,2018-07-06,053573,2021-02-11 08:10:16.000,0,NULL,NULL,2014-06-05,NULL,NULL,NULL,0,1,
3831,NULL,01237-COMP-NB-ICT-PTRE-14,ASUS A450L,ICT,Asus,"Core I 5, 4 GB RAM, 500  GB,  14""",0,121001,0,0,NULL,120004,NULL,LT,1,1,023058,210211081053,2018-07-06,53573,2017-01-04 00:00:00.000,0,NULL,NULL,2014-06-05,NULL,NULL,NULL,0,0,
3833,,01239-COMP-NB-ICT-PTRE-14,ASUS A450L,ICT,Asus,"Core I 5, 4 GB RAM, 500  GB,  14""",0,121001,0,0,NULL,120004,9,LT,1,1,114203,180706021626,2018-07-06,053573,2021-02-11 08:11:29.000,0,NULL,NULL,2014-06-30,NULL,NULL,NULL,0,1,
3836,,01242-COMP-NB-ICT-PTRE-14,ASUS A450L,ICT,ASUS,"Core I 5, 4 GB RAM, 500  GB,  14""",0,121001,0,0,NULL,120004,9,LT,1,0,NULL,NULL,NULL,053573,2021-02-11 08:11:46.000,0,NULL,NULL,2014-08-08,NULL,NULL,NULL,0,1,
3853,,01259-COMP-NB-ICT-PTRE-14,ASUS A450L,ICT,ASUS,"Core I 5, 4 GB RAM, 500  GB,  14""",0,121001,0,0,NULL,120004,9,LT,1,1,114203,180706022315,2018-07-06,053573,2021-02-11 08:12:00.000,0,NULL,NULL,2014-09-19,NULL,NULL,NULL,0,1,
3896,,01302-COMP-NB-ICT-PTRE-15,ASUS X450J,ICT,ASUS,"Core I7, 4GB RAM, 1TB, 14 Inch",0,121001,0,0,NULL,120004,9,LT,1,1,023060,180706023625,2018-07-06,053573,2021-02-11 08:12:43.000,0,NULL,NULL,2015-02-02,NULL,NULL,NULL,0,1,
3897,,01303-COMP-NB-ICT-PTRE-15,ASUS X450J,ICT,ASUS,"Core I7, 4GB RAM, 1TB, 14 Inch",0,121001,0,0,NULL,120004,9,ST,1,1,104094,180706023658,2018-07-06,053573,2021-02-11 08:13:14.000,0,NULL,NULL,2015-03-09,NULL,NULL,NULL,0,1,
3898,,01304-COMP-NB-ICT-PTRE-15,ASUS X450J,ICT,ASUS,"Core I7, 4GB RAM, 1TB, 14 Inch",0,101045,0,0,23-1321012,120004,9,ST,1,1,225158,230113115402,2022-09-05,225164,2025-05-09 11:12:45.000,0,NULL,NULL,2015-03-09,NULL,NULL,NULL,0,0,
3899,,01305-COMP-NB-ICT-PTRE-15,ASUS X450J,ICT,ASUS,"Core I7, 4GB RAM, 1TB, 14 Inch",0,121001,0,0,NULL,120004,9,ST,1,0,053573,NULL,NULL,053573,2023-03-29 09:19:16.000,0,NULL,NULL,2015-03-09,NULL,NULL,NULL,0,0,
3900,,01306-COMP-NB-ICT-PTRE-15,ASUS X450J,ICT,ASUS,"Core I7, 4GB RAM, 1TB, 14 Inch",0,121001,0,0,NULL,120004,9,ST,1,0,053573,NULL,NULL,053573,2023-03-29 09:19:23.000,0,NULL,NULL,2015-03-18,NULL,NULL,NULL,0,0,
3901,,01307-COMP-NB-ICT-PTRE-15,ASUS X450J,ICT,ASUS,"Core I7, 4GB RAM, 1TB, 14 Inch",0,121001,0,0,NULL,120004,9,ST,1,0,053573,NULL,NULL,053573,2023-03-30 12:49:13.000,0,NULL,NULL,2015-03-20,NULL,NULL,NULL,0,0,
3902,,01308-COMP-NB-ICT-PTRE-15,ASUS X450J,ICT,ASUS,"Core I7, 4GB RAM, 1TB, 14 Inch",0,121001,0,0,NULL,120004,9,LT,1,1,022020,180706024019,2018-07-06,053573,2023-03-30 12:49:23.000,0,NULL,NULL,2015-03-25,NULL,NULL,NULL,0,0,
3903,,01309-COMP-NB-ICT-PTRE-15,ASUS X450J,ICT,ASUS,"Core I7, 4GB RAM, 1TB, 14 Inch",0,121001,0,0,NULL,120004,9,ST,1,1,094062,180706024047,2018-07-06,053573,2023-03-30 12:49:34.000,0,NULL,NULL,2015-06-15,NULL,NULL,NULL,0,0,
3931,,01337-COMP-NB-ICT-PTRE-15,ASUS X450J,ICT,ASUS,"Core I7, 4GB RAM, 1TB, 14 Inch",0,121001,0,0,NULL,120004,9,LT,1,1,023185,180706024854,2018-07-06,053573,2024-03-31 21:50:03.000,0,NULL,NULL,2015-09-23,NULL,NULL,NULL,0,0,
3993,NULL,01397-COMP-NB-ICT-PTRE-16,ASUS A455LB,ICT,ASUS,"Core I7, 4GB RAM, 1TB, 14 Inch",0,121001,0,0,NULL,120004,NULL,LT,1,1,043585,180709084510,2018-07-09,53573,2017-01-04 00:00:00.000,0,NULL,NULL,2016-05-17,NULL,NULL,NULL,0,0,
3994,NULL,01398-COMP-NB-ICT-PTRE-16,ASUS A455LB,ICT,ASUS,"Core I7, 4GB RAM, 1TB, 14 Inch",0,121001,0,0,NULL,120004,NULL,LT,1,1,033325,180709084541,2018-07-09,53573,2017-01-04 00:00:00.000,0,NULL,NULL,2016-05-27,NULL,NULL,NULL,0,0,
3996,,01400-COMP-NB-ICT-PTRE-16,ASUS X450J,ICT,ASUS,"Core I7, 4GB RAM, 1TB, 14 Inch",0,121001,0,0,NULL,120004,9,LT,1,1,114195,180709084632,2018-07-09,053573,2023-03-30 12:49:54.000,0,NULL,NULL,2016-08-18,NULL,NULL,NULL,0,0,
3997,,01401-COMP-NB-ICT-PTRE-16,ASUS X450J,ICT,ASUS,"Core I7, 4GB RAM, 1TB, 14 Inch",0,121001,0,0,NULL,120004,9,LT,1,1,134463,180709084657,2018-07-09,053573,2023-03-29 09:20:13.000,0,NULL,NULL,2016-08-18,NULL,NULL,NULL,0,0,
3998,,01402-COMP-NB-ICT-PTRE-16,ASUS X450J,ICT,ASUS,"Core I7, 4GB RAM, 1TB, 14 Inch",0,121001,0,0,NULL,120004,9,LT,1,1,114229,180709084735,2018-07-09,053573,2023-03-29 09:20:19.000,0,NULL,NULL,2016-08-18,NULL,NULL,NULL,0,0,
3999,NULL,01403-COMP-NB-ICT-PTRE-16,ASUS X450J,ICT,ASUS,"Core I7, 4GB RAM, 1TB, 14 Inch",0,121001,0,0,NULL,120004,NULL,LT,1,1,063688,180709084804,2018-07-09,53573,2017-01-04 00:00:00.000,0,NULL,NULL,2016-09-19,NULL,NULL,NULL,0,0,
4000,,01404-COMP-NB-ICT-PTRE-16,ASUS X450J,ICT,ASUS,"Core I7, 4GB RAM, 1TB, 14 Inch",0,121001,0,0,NULL,120004,9,LT,1,1,073747,180709084945,2018-07-09,053573,2023-03-29 09:20:24.000,0,NULL,NULL,2016-09-19,NULL,NULL,NULL,0,0,
4001,,01405-COMP-NB-ICT-PTRE-16,ASUS X450J,ICT,ASUS,"Core I7, 4GB RAM, 1TB, 14 Inch",0,121001,0,0,NULL,120004,9,LT,1,1,063675,180709085011,2018-07-09,053573,2023-03-30 12:50:08.000,0,NULL,NULL,2016-09-19,NULL,NULL,NULL,0,0,
4002,,01406-COMP-NB-ICT-PTRE-16,ASUS X450J,ICT,ASUS,"Core I7, 4GB RAM, 1TB, 14 Inch",0,121001,0,0,NULL,120004,9,LT,1,1,104099,180709085038,2018-07-09,053573,2024-03-31 21:50:21.000,0,NULL,NULL,2016-09-19,NULL,NULL,NULL,0,0,
4003,,01407-COMP-NB-ICT-PTRE-16,ASUS X450J,ICT,ASUS,"Core I7, 4GB RAM, 1TB, 14 Inch",0,121001,0,0,NULL,120004,9,LT,1,1,194784,221117051752,2020-11-17,053573,2024-03-31 21:50:41.000,0,NULL,NULL,2016-09-19,NULL,NULL,NULL,0,1,
4044,,01410-COMP-NB-ICT-PTRE-0418,HP Omen ce085tx,ICT,HP,,0,101000,0,0,NULL,120004,9,LT,0,0,307518,180405054132,NULL,302716,2018-04-05 16:04:09.000,1,053573,2018-04-14 12:14:59.000,2018-04-05,NULL,NULL,NULL,0,0,
4046,,01409-COMP-NB-ICT-PTRE-16,Asus A456UQ,ICT,ASUS,"Asus A456UQ i5-7200U, 8GB, 1TB,  Geforce GT940MX",0,102025,0,0,NULL,120004,9,LT,2,1,235291,240305045225,2024-02-29,225164,2023-10-27 22:03:24.000,0,NULL,NULL,2016-12-29,NULL,NULL,NULL,0,0,
4047,,01410-COMP-NB-ICT-PTRE-17,Asus A456UR,ICT,ASUS," Asus A456UR i5-7200U, 8GB, 1TB,  Geforce GT930MX",0,101045,0,0,21-1351011,120004,9,LT,2,1,245373,240219023133,2024-02-19,225164,2025-05-01 21:45:04.000,0,NULL,NULL,2017-03-20,NULL,NULL,NULL,0,0,
4048,,01411-COMP-NB-ICT-PTRE-17,DELL Inspiron 13 5378,ICT,DELL,"DELL Inspiron 13 5378 i5-7200U, 8GB, 1TB,  13"" Touch",0,991001,0,0,NULL,120004,9,LT,1,1,033151,180709085342,2018-07-09,053573,2024-03-31 21:51:04.000,0,NULL,NULL,2017-03-24,NULL,NULL,NULL,0,0,
4065,,01428-COMP-NB-ICT-PTRE-17,Dell Inspiron 14 5468,ICT,DELL,"Dell Inspiron 14 5468 i7,8gb,1tb",0,991001,0,0,NULL,120004,9,LT,0,1,225144,230113095541,2022-07-25,053573,2018-04-26 10:17:46.000,0,NULL,NULL,2017-07-24,NULL,NULL,NULL,0,0,
4066,,01429-COMP-NB-ICT-PTRE-17,Dell Inspiron 14 5468,ICT,DELL,"Dell Inspiron 14 5468 i7,8gb,1tb",0,991001,0,0,NULL,120004,9,LT,0,1,215045,230112100501,2021-03-09,053573,2018-04-26 10:19:14.000,0,NULL,NULL,2017-07-24,NULL,NULL,NULL,0,0,
4067,,01430-COMP-NB-ICT-PTRE-17,Dell Inspiron 14 5468,ICT,DELL,"Dell Inspiron 14 5468 i7,8gb,1tb",0,991001,0,0,NULL,120004,9,LT,0,1,124310,230303033607,2021-05-24,053573,2018-04-26 10:21:05.000,0,NULL,NULL,2017-07-24,NULL,NULL,NULL,0,0,
4068,,01431-COMP-NB-ICT-PTRE-17,Dell Inspiron 14 5468,ICT,DELL,"Dell Inspiron 14 5468 i7,8gb,1tb",0,991001,0,0,NULL,120004,9,LT,0,1,305917,180709085454,2018-07-09,053573,2018-04-26 10:22:42.000,0,NULL,NULL,2017-07-24,NULL,NULL,NULL,0,0,
4069,,01432-COMP-NB-ICT-PTRE-17,Dell Inspiron 14 5468,ICT,DELL,"Dell Inspiron 14 5468 i7,8gb,1tb",0,991001,0,0,NULL,120004,9,LT,0,1,104156,180709085726,2018-07-09,053573,2018-04-26 10:24:22.000,0,NULL,NULL,2017-07-24,NULL,NULL,NULL,0,0,
4070,,01433-COMP-NB-ICT-PTRE-17,Dell Inspiron 14 5468,ICT,DELL,"Dell Inspiron 14 5468 i7,8gb,1tb",0,101045,0,0,16-12502,120004,9,LT,2,1,225171,260820050013,2025-12-02,225164,2026-08-20 16:01:22.000,0,NULL,NULL,2017-07-24,NULL,NULL,NULL,0,0,
4071,,01434-COMP-NB-ICT-PTRE-17,HP Pavilion 14-BS007TX,ICT,HP,"HP Pavilion 14 Ci5,4gb,1tb",0,991001,0,0,NULL,120004,9,LT,0,1,114208,180709085658,2018-07-09,053573,2018-04-26 10:31:35.000,0,NULL,NULL,2017-10-24,NULL,NULL,NULL,0,0,
4072,,01435-COMP-NB-ICT-PTRE-17,HP Pavilion 14-BS007TX,ICT,HP,"HP Pavilion 14 Ci5,4gb,1tb",0,991001,0,0,NULL,120004,9,LT,0,1,215123,221026015507,2021-01-28,053573,2018-04-26 10:32:59.000,0,NULL,NULL,2017-10-24,NULL,NULL,NULL,0,0,
4073,,01436-COMP-NB-ICT-PTRE-17,HP Pavilion 14-BS007TX,ICT,HP,"HP Pavilion 14 Ci5,4gb,1tb",0,991001,0,0,NULL,120004,9,LT,0,1,073833,180709085815,2018-07-09,053573,2018-04-26 10:34:18.000,0,NULL,NULL,2017-10-24,NULL,NULL,NULL,0,0,
4074,,01437-COMP-NB-ICT-PTRE-17,HP Pavilion 14-BS007TX,ICT,HP,"HP Pavilion 14 Ci5,4gb,1tb",0,991001,0,0,NULL,120004,9,LT,0,1,310918,190218103814,2018-07-09,053573,2018-04-26 10:36:21.000,0,NULL,NULL,2017-10-24,NULL,NULL,NULL,0,0,
4075,,01438-COMP-NB-ICT-PTRE-17,HP Pavilion 14-BS007TX,ICT,HP,"HP Pavilion 14 Ci5,4gb,1tb",0,991001,0,0,NULL,120004,9,LT,0,1,104094,230202033708,2022-11-09,053573,2018-04-26 10:37:49.000,0,NULL,NULL,2017-10-24,NULL,NULL,NULL,0,0,
4076,,01439-COMP-NB-ICT-PTRE-17,HP Pavilion 14-BS007TX,ICT,HP,"HP Pavilion 14 Ci5,4gb,1tb",0,991001,0,0,NULL,120004,9,LT,0,1,303617,180709085947,2018-07-09,053573,2018-04-26 10:39:10.000,0,NULL,NULL,2017-10-24,NULL,NULL,NULL,0,0,
4077,,01440-COMP-NB-ICT-PTRE-17,HP Pavilion 14-BS007TX,ICT,HP,"HP Pavilion 14 Ci5,8gb,1tb",0,991001,0,0,NULL,120004,9,LT,0,1,130096,180709090013,2018-07-09,053573,2018-04-26 10:40:22.000,0,NULL,NULL,2017-11-24,NULL,NULL,NULL,0,0,
4078,,01441-COMP-NB-ICT-PTRE-17,HP Pavilion 14-BS007TX,ICT,HP,"HP Pavilion 14 Ci5,8gb,1tb",0,991001,0,0,NULL,120004,9,LT,0,1,215122,221101095927,2021-07-07,053573,2018-04-26 10:41:34.000,0,NULL,NULL,2017-11-24,NULL,NULL,NULL,0,0,
4079,,2504-COMP-NB-ICT-PTRE-17,HP Pavilion 14-BS007TX,ICT,HP,"HP Pavilion 14 Ci5,8gb,1tb",0,991001,0,0,NULL,120004,9,LT,0,1,215122,221101095927,2021-07-07,053573,2018-04-26 10:43:10.000,1,053573,2018-04-26 10:46:05.000,2017-11-24,NULL,NULL,NULL,0,0,01441-COMP-NB-ICT-PTRE-17
4080,,01442-COMP-NB-ICT-PTRE-17,HP Pavilion 14-BS007TX,ICT,HP,"HP Pavilion 14 Ci5,8gb,1tb",0,991001,0,0,NULL,120004,9,LT,0,NULL,053573,NULL,NULL,053573,2018-04-26 10:44:26.000,0,NULL,NULL,2017-11-24,NULL,NULL,NULL,0,0,
4081,,01443-COMP-NB-ICT-PTRE-17,HP Pavilion 14-BS007TX,ICT,HP,"HP Pavilion 14 Ci5,8gb,1tb",0,991001,0,0,NULL,120004,9,LT,0,1,114233,180709090228,2018-07-09,053573,2018-04-26 10:45:42.000,0,NULL,NULL,2017-11-24,NULL,NULL,NULL,0,0,
4082,,01444-COMP-NB-ICT-PTRE-17,HP Pavilion 14-BS007TX,ICT,HP,"HP Pavilion 14 Ci5,8gb,1tb",0,991001,0,0,NULL,120004,9,LT,0,1,124272,180709090317,2018-07-09,053573,2018-04-26 10:47:32.000,0,NULL,NULL,2017-11-24,NULL,NULL,NULL,0,0,
4083,,01445-COMP-NB-ICT-PTRE-17,HP Pavilion 14-BS007TX,ICT,HP,"HP Pavilion 14 Ci5,8gb,1tb",0,991001,0,0,NULL,120004,9,LT,0,1,308518,180709090350,2018-07-09,053573,2018-04-26 10:48:56.000,0,NULL,NULL,2017-11-24,NULL,NULL,NULL,0,0,
4084,,01446-COMP-NB-ICT-PTRE-17,HP Pavilion 14-BS007TX,ICT,HP,"HP Pavilion 14 Ci5,8gb,1tb",0,991001,0,0,NULL,120004,9,LT,0,1,184659,221121031441,2022-11-11,053573,2018-04-26 10:50:50.000,0,NULL,NULL,2017-11-24,NULL,NULL,NULL,0,0,
4085,,01447-COMP-NB-ICT-PTRE-17,HP Pro Book 440 G4,ICT,HP,"HP Probook 14 Ci5,8gb,1tb",0,101036,0,0,23-1321012,120004,9,LT,2,1,245409,240827110828,2024-08-20,225164,2024-08-27 11:08:10.000,0,NULL,NULL,2017-11-24,NULL,NULL,NULL,0,0,
4086,,01448-COMP-NB-ICT-PTRE-17,HP Pro Book 440 G4,ICT,HP,"HP Probook 14 Ci5,8gb,1tb",0,991001,0,0,NULL,120004,9,LT,0,1,306017,180709090539,2018-07-09,053573,2018-04-26 10:53:38.000,0,NULL,NULL,2017-11-24,NULL,NULL,NULL,0,0,
4087,,01449-COMP-NB-ICT-PTRE-17,HP Pro Book 440 G4,ICT,HP,"HP Probook 14 Ci5,8gb,1tb",0,991001,0,0,NULL,120004,9,LT,0,1,144554,180709090922,2018-07-09,053573,2018-04-26 10:54:50.000,0,NULL,NULL,2017-11-24,NULL,NULL,NULL,0,0,
4088,,01450-COMP-NB-ICT-PTRE-17,HP Pro Book 440 G4,ICT,HP,"HP Probook 14 Ci5,8gb,1tb",0,991001,0,0,NULL,120004,9,LT,1,NULL,NULL,NULL,NULL,053573,2018-04-26 10:56:10.000,0,NULL,NULL,2017-11-24,NULL,NULL,NULL,0,0,
4089,,01451-COMP-NB-ICT-PTRE-17,HP Pro Book 440 G4,ICT,HP,"HP Probook 14 Ci5,8gb,1tb IDLE",0,101034,0,0,21-1211002,120004,9,LT,0,1,255577,251006091023,2025-10-03,225164,2025-10-20 18:54:53.000,0,NULL,NULL,2017-11-24,NULL,NULL,NULL,0,0,
4090,,01452-COMP-NB-ICT-PTRE-17,HP Pro Book 440 G4,ICT,HP,"HP Probook 14 Ci5,8gb,1tb",0,991001,0,0,NULL,120004,9,LT,0,NULL,134370,NULL,NULL,053573,2018-04-26 10:58:55.000,0,NULL,NULL,2017-11-24,NULL,NULL,NULL,0,0,
4091,,01453-COMP-NB-ICT-PTRE-17,HP Pavilion 14-BS007TX,ICT,HP,"HP Pavilion 14 Ci5,8gb,1tb",0,991001,0,0,NULL,120004,9,LT,0,1,114190,180709091204,2018-07-09,053573,2018-04-26 11:00:42.000,0,NULL,NULL,2017-12-25,NULL,NULL,NULL,0,0,
4092,,01454 COMP-NB-ICT-PTRE-18,HP Pavilion 14-BS007TX,ICT,HP,"HP Pavilion 14 Ci5,8gb,1tb",0,101036,0,0,NULL,120004,9,LT,2,1,245374,240423051500,2024-04-19,225164,2024-04-23 17:14:43.000,0,NULL,NULL,2018-01-12,NULL,NULL,NULL,0,0,
4093,,01455-COMP-NB-ICT-PTRE-18,HP Pavilion 14-BS007TX,ICT,HP,"HP Pavilion 14 Ci5,8gb,1tb",0,101047,0,0,23-1321012,120004,9,LT,2,1,235358,240312062414,2024-02-12,225164,2024-04-17 14:31:23.000,0,NULL,NULL,2018-01-12,NULL,NULL,NULL,0,0,
4094,,01456-COMP-NB-ICT-PTRE-18,HP Pavilion 14-BS007TX,ICT,HP,"HP Pavilion 14 Ci5,8gb,1tb",0,101034,0,0,15-0601,120004,9,LT,2,1,245388,240614040037,2024-06-14,225164,2024-04-16 13:57:33.000,0,NULL,NULL,2018-01-12,NULL,NULL,NULL,0,0,
4095,,01457-COMP-NB-ICT-PTRE-18,HP Pavilion 14-BS007TX,ICT,HP,"HP Pavilion 14 Ci5,8gb,1tb",0,991001,0,0,NULL,120004,9,LT,0,1,204966,221027112234,2020-02-05,053573,2018-04-26 11:06:25.000,0,NULL,NULL,2018-01-12,NULL,NULL,NULL,0,0,
4096,,01458-COMP-NB-ICT-PTRE-18,HP Pavilion 14-BS007TX,ICT,HP,"HP Pavilion 14 Ci5,8gb,1tb",0,991001,0,0,NULL,120004,9,LT,0,1,124328,230113034148,2022-11-28,053573,2018-04-26 11:07:32.000,0,NULL,NULL,2018-01-12,NULL,NULL,NULL,0,0,
4097,,01459-COMP-NB-ICT-PTRE-18,HP Pavilion 14-BS007TX,ICT,HP,"HP Pavilion 14 Ci5,8gb,1tb",0,991001,0,0,NULL,120004,9,LT,0,1,022079,180709091440,2018-07-09,053573,2018-04-26 11:09:01.000,0,NULL,NULL,2018-01-12,NULL,NULL,NULL,0,0,
4098,,01460-COMP-NB-ICT-PTRE-18,HP Pavilion 14-BS007TX,ICT,HP,"HP Pavilion 14 Ci5,8gb,1tb",0,991001,0,0,NULL,120004,9,LT,0,1,073860,201123102814,2018-07-09,053573,2018-04-26 11:10:18.000,0,NULL,NULL,2018-01-12,NULL,NULL,NULL,0,0,
4099,,01461-COMP-NB-ICT-PTRE-18,HP Pavilion 14-BS007TX,ICT,HP,"HP Pavilion 14 Ci5,8gb,1tb",0,101045,0,0,16-12502,120004,9,LT,2,1,255488,251020063615,2025-07-31,225164,2026-04-28 10:19:25.000,0,NULL,NULL,2018-01-12,NULL,NULL,NULL,0,0,
4100,,01462-COMP-NB-ICT-PTRE-18,HP Pavilion 14-BS007TX,ICT,HP,"HP Pavilion 14 Ci5,8gb,1tb",0,991001,0,0,NULL,120004,9,LT,0,1,073860,180709091629,2018-07-09,053573,2018-04-26 11:13:50.000,0,NULL,NULL,2018-01-12,NULL,NULL,NULL,0,0,
4101,,01463-COMP-NB-ICT-PTRE-18,HP Pavilion 14-BS007TX,ICT,HP,"HP Pavilion 14 Ci5,8gb,1tb",0,101034,0,0,23-1321012,120004,9,LT,2,1,265641,260703035817,2026-06-05,225164,2026-07-03 15:57:42.000,0,NULL,NULL,2018-01-12,NULL,NULL,NULL,0,0,
4102,,01464-COMP-NB-ICT-PTRE-18,HP Pavilion 14-BS007TX,ICT,HP,"HP Pavilion 14 Ci5,8gb,1tb",0,991001,0,0,NULL,120004,9,LT,0,1,073860,180709091705,2018-07-09,053573,2018-04-26 11:17:54.000,0,NULL,NULL,2018-01-12,NULL,NULL,NULL,0,0,
4103,,01465-COMP-NB-ICT-PTRE-17,Dell Inspiron 14 5468,ICT,DELL,"Dell Inspiron 14 5468 i7, RAM 8GB, SSD 1TB, HDD 1TB",0,102031,0,0,21-1351011,120004,9,LT,2,1,023013,241227113841,2024-10-09,225164,2024-12-27 11:38:46.000,0,NULL,NULL,2017-09-01,NULL,NULL,NULL,0,0,
4105,,01467-COMP-NB-ICT-PTRE-18,ASUS ROG GL503V,ICT,ASUS,"ASUS ROG,15,1Ci7,6gb,128gb+1tb GTX1050",0,991001,0,0,NULL,120004,9,LT,1,1,836911,240515040527,2018-07-09,053573,2018-04-26 11:23:55.000,0,NULL,NULL,2018-03-05,NULL,NULL,NULL,0,0,
4106,,01468-COMP-NB-ICT-PTRE-18,ASUS ROG GL503V,ICT,ASUS,"ASUS ROG,15,1Ci7,16gb, SSD128gb+HDD1tb GTX1050 Freeport",0,104012,0,0,NULL,120004,9,LT,2,1,124274,240515040558,2024-05-15,225164,2026-10-02 11:00:47.000,0,NULL,NULL,2018-03-05,NULL,NULL,NULL,0,0,
4110,,01472-COMP-NB-ICT-PTRE-18,Thinkpad 20J1,ICT,LENOVO,"Core i5 Gen 7 8Gb RAM 256SSD
",0,991001,0,0,NULL,120004,9,LT,1,1,315518,230112035907,2021-02-22,053573,2023-01-06 17:35:51.000,0,NULL,NULL,2018-03-16,NULL,NULL,NULL,0,0,
4111,,01473-COMP-NB-ICT-PTRE-18,HP Spectre,ICT,HP,,0,991001,0,0,NULL,120004,9,LT,1,1,108091,180709092443,2018-07-09,053573,2024-08-07 07:51:38.000,0,NULL,NULL,2018-03-16,NULL,NULL,NULL,0,0,
4112,,01474-COMP-NB-ICT-PTRE-18,Dell XPS,ICT,DELL,,0,991001,0,0,NULL,120004,9,LT,1,1,141096,180709092504,2018-07-09,053573,2024-08-07 07:51:58.000,0,NULL,NULL,2018-03-28,NULL,NULL,NULL,0,0,
4113,,01475-COMP-NB-ICT-PTRE-18,HP240 G6,ICT,HP,"HP  14 Ci7,8gb,1tb",0,101045,0,0,19-15108,120004,9,LT,2,1,255578,260113084347,2025-10-23,225164,2026-01-13 20:44:00.000,0,NULL,NULL,2018-03-29,NULL,NULL,NULL,0,0,
4114,,01476-COMP-NB-ICT-PTRE-18,HP240 G6,ICT,HP,"HP  14 Ci7,8gb,1tb",0,991001,0,0,NULL,120004,9,LT,0,1,215037,221117051503,2021-01-05,053573,2018-04-26 13:23:23.000,0,NULL,NULL,2018-03-29,NULL,NULL,NULL,0,0,
4115,,01477-COMP-NB-ICT-PTRE-18,HP240 G6,ICT,HP,"HP  14 Ci7,8gb,1tb",0,104012,0,0,22-1321022.001,120004,9,LT,2,1,308618,231031014230,2023-10-13,225164,2024-03-12 02:28:41.000,0,NULL,NULL,2018-03-29,NULL,NULL,NULL,0,0,
4116,,01478-COMP-NB-ICT-PTRE-18,HP240 G6,ICT,HP,"HP  14 Ci7,8gb,1tb",0,101036,0,0,19-15108,120004,9,LT,2,1,265632,260504023448,2026-05-04,225164,2024-04-06 01:19:37.000,0,NULL,NULL,2018-03-29,NULL,NULL,NULL,0,0,
4117,,01479-COMP-NB-ICT-PTRE-18,HP240 G6,ICT,HP,"HP  14 Ci7,8gb,1tb",0,104012,0,0,24-1331010,120004,9,LT,2,1,073833,250226031547,2025-02-25,225164,2025-02-26 16:39:48.000,0,NULL,NULL,2018-03-29,NULL,NULL,NULL,0,0,
4118,,01480-COMP-NB-ICT-PTRE-18,HP240 G6,ICT,HP,"HP  14 Ci7,8gb,1tb",0,991001,0,0,NULL,120004,9,LT,0,1,124299,180709092949,2018-07-09,053573,2018-04-26 13:30:10.000,0,NULL,NULL,2018-03-29,NULL,NULL,NULL,0,0,
4119,,01481-COMP-NB-ICT-PTRE-18,HP240 G6,ICT,HP,"HP  14 Ci7,8gb,1tb",0,991001,0,0,NULL,120004,9,LT,0,1,304017,190218092934,2019-02-18,053573,2018-04-26 13:31:26.000,0,NULL,NULL,2018-03-29,NULL,NULL,NULL,0,0,
4120,,01482-COMP-NB-ICT-PTRE-18,HP240 G6,ICT,HP,"HP  14 Ci7,8gb,1tb",0,991001,0,0,NULL,120004,9,LT,0,1,110014,180709093034,2018-07-09,053573,2018-04-26 13:33:07.000,0,NULL,NULL,2018-03-29,NULL,NULL,NULL,0,0,
4121,,01483-COMP-NB-ICT-PTRE-18,HP240 G6,ICT,HP,"HP  14 Ci7,8gb,1tb",0,991001,0,0,NULL,120004,9,LT,0,1,114200,180709093100,2018-07-09,053573,2018-04-26 13:34:30.000,0,NULL,NULL,2018-03-29,NULL,NULL,NULL,0,0,
4122,,01484-COMP-NB-ICT-PTRE-18,HP240 G6,ICT,HP,"HP  14 Ci7,8gb,1tb",0,991001,0,0,NULL,120004,9,LT,0,1,114229,180709093124,2018-07-09,053573,2018-04-26 13:35:39.000,0,NULL,NULL,2018-03-29,NULL,NULL,NULL,0,0,
4123,,01485-COMP-NB-ICT-PTRE-18,HP Pavilion X360 14-ba005TX,ICT,HP,"HP Pavilion 14 Ci7,8gb,128gb,1tb",0,104012,0,0,15-0601,120004,9,LT,2,1,255481,251020083427,2025-09-12,225164,2026-01-13 20:37:29.000,0,NULL,NULL,2018-04-02,NULL,NULL,NULL,0,0,
4124,,01486-COMP-NB-ICT-PTRE-18,HP Pavilion X360 14-ba005TX,ICT,HP,"HP Pavilion 14 Ci7,8gb,128gb,1tb",0,102016,0,0,22-1321022.001,120004,9,LT,2,1,215090,241210083814,2024-11-28,225164,2024-01-22 15:41:27.000,0,NULL,NULL,2018-04-02,NULL,NULL,NULL,0,0,
4125,,01487-COMP-NB-ICT-PTRE-18,HP Pavilion X360 14-ba005TX,ICT,HP,"HP Pavilion 14 Ci7,8gb,128gb,1tb",0,105009,0,0,NULL,120004,9,LT,2,1,063706,180709093439,2018-07-09,225164,2024-12-27 10:15:33.000,0,NULL,NULL,2018-04-02,NULL,NULL,NULL,0,0,
4126,,01488-COMP-NB-ICT-PTRE-18,HP Pavilion X360 14-ba005TX,ICT,HP,"HP Pavilion 14 Ci7,8gb,128gb,1tb",0,102016,0,0,23-1311022,120004,9,LT,2,1,194889,240430045610,2022-02-10,225164,2024-04-30 16:55:39.000,0,NULL,NULL,2018-04-02,NULL,NULL,NULL,0,0,
4127,,01489-COMP-NB-ICT-PTRE-18,HP Pavilion X360 14-ba005TX,ICT,HP,"HP Pavilion 14 Ci7,8gb,128gb,1tb",0,991001,0,0,NULL,120004,9,LT,0,1,032029,180709093522,2018-07-09,053573,2018-04-26 13:43:54.000,0,NULL,NULL,2018-04-02,NULL,NULL,NULL,0,0,
4128,,01490-COMP-NB-ICT-PTRE-18,HP Pavilion X360 14-ba005TX,ICT,HP,"HP Pavilion 14 Ci7,8gb,128gb,1tb",0,991001,0,0,NULL,120004,9,LT,0,1,043401,180709093546,2018-07-09,053573,2018-04-26 13:45:02.000,0,NULL,NULL,2018-04-02,NULL,NULL,NULL,0,0,
4140,,01501-COMP-NB-ICT-PTRE-18,HP240 G6,ICT,HP,"HP  14 Ci7,8gb,1tb",0,991001,0,0,16-12502,120004,9,LT,2,1,063680,250228040656,2025-02-24,225164,2025-02-28 16:07:14.000,0,NULL,NULL,2018-04-25,NULL,NULL,NULL,0,0,
4141,,01502-COMP-NB-ICT-PTRE-18,HP240 G6,ICT,HP,"HP 14 Ci7,8gb,1tb",0,991001,0,1,16-12502,120004,9,LT,0,NULL,053573,NULL,NULL,053573,2018-04-30 16:36:32.000,0,NULL,NULL,2018-04-25,NULL,NULL,NULL,0,0,
4142,,01503-COMP-NB-ICT-PTRE-18,HP240 G6,ICT,HP,"HP 14 Ci7,8gb,1tb",0,101045,0,0,16-12502,120004,9,LT,2,1,235330,240607060314,2024-06-06,225164,2026-05-18 15:16:32.000,0,NULL,NULL,2018-04-25,NULL,NULL,NULL,0,0,
4143,,01504-COMP-NB-ICT-PTRE-18,HP240 G6,ICT,HP,"HP 14 Ci7,8gb,1tb",0,101036,0,0,16-12502,120004,9,LT,2,1,053573,231106020006,2023-11-06,225164,2024-03-12 07:27:52.000,0,NULL,NULL,2018-04-25,NULL,NULL,NULL,0,0,
5152,,01515 COMP-NB-ICT-PTRE-18,Dell Inspiron 14 3000,ICT,DELL,"Core i5-7200,8GB DDR4,1TB HDD
",0,101045,0,0,21-1211002,120004,9,LT,2,1,033031,240207104615,2023-01-05,225164,2024-04-16 13:52:37.000,0,NULL,NULL,2018-05-15,NULL,NULL,NULL,0,0,
5153,,01516 COMP-NB-ICT-PTRE-18,HP240 G6,ICT,HP,"HP  14 Core i7, 8gb, 1tb
",0,991001,0,0,16-12502,120004,9,LT,0,NULL,134370,NULL,NULL,053573,2018-06-21 09:39:03.000,0,NULL,NULL,2018-06-08,NULL,NULL,NULL,0,0,
5154,,01517 COMP-NB-ICT-PTRE-18,HP240 G6,ICT,HP,"HP  14 Core i7, 8gb, 1tb",0,991001,0,1,16-12502,120004,9,LT,0,NULL,134370,NULL,NULL,053573,2018-06-21 09:38:54.000,0,NULL,NULL,2018-06-08,NULL,NULL,NULL,0,0,
5155,,01518 COMP-NB-ICT-PTRE-18,HP240 G6,ICT,HP,"HP  14 Core i7, 8gb, 1tb",0,991001,0,0,16-12502,120004,9,LT,2,1,255495,250214105837,2025-02-13,225164,2025-02-16 05:22:00.000,0,NULL,NULL,2018-06-08,NULL,NULL,NULL,0,0,
5156,,01519 COMP-NB-ICT-PTRE-18,HP240 G6,ICT,HP,"HP  14 Core i7, 8gb, 1tb",0,991001,0,1,16-12502,120004,9,LT,0,NULL,134370,NULL,NULL,053573,2018-06-21 09:44:55.000,0,NULL,NULL,2018-06-08,NULL,NULL,NULL,0,0,
5157,,01520 COMP-NB-ICT-PTRE-18,HP240 G6,ICT,HP,"HP  14 Core i7, 8gb, 1tb",0,991001,0,1,16-12502,120004,9,LT,0,1,124343,180709094206,2018-07-09,053573,2018-06-21 09:55:40.000,0,NULL,NULL,2018-06-08,NULL,NULL,NULL,0,0,
5158,,01521-COMP-NB-ICT-PTRE-18,HP Notebook - 14-bs128tx,ICT,HP,"HP 14 Ci5,8gb,1tb
",0,102016,0,0,NULL,120004,9,LT,1,1,313518,230113104725,2020-05-27,053573,2024-08-07 07:37:14.000,0,NULL,NULL,2018-07-18,NULL,NULL,NULL,0,0,
5170,,01532 COMP-NB-ICT-PTRE-18,DELL/HP,ICT,DELL,,0,101033,0,0,NULL,120004,9,LT,0,NULL,104153,NULL,NULL,053573,2018-11-14 14:39:05.000,0,NULL,NULL,2018-08-01,NULL,NULL,NULL,0,0,
5171,,01533 COMP-NB-ICT-PTRE-18,HP PAVILION X360 14-BA005TX,ICT,HP,"HP PAVILION 14 Ci7 ,8GB, 128GB, 1TB",0,101033,0,0,NULL,120004,9,LT,0,NULL,124295,NULL,NULL,053573,2018-11-14 14:37:50.000,0,NULL,NULL,2018-08-01,NULL,NULL,NULL,0,0,
5172,,2506-NB-ICT-PTRE-18,HP PAVILION X360 14-BA005TX,ICT,HP,"HP PAVILION 14 Ci7 ,8GB, 128GB, 1TB",0,101033,0,0,NULL,120004,9,LT,0,NULL,124295,NULL,NULL,053573,2018-11-14 14:37:50.000,1,053573,2018-11-14 14:38:33.000,2018-08-01,NULL,NULL,NULL,0,0,01533 COMP-NB-ICT-PTRE-18
5173,,01534 COMP-NB-ICT-PTRE-18,HP NOTEBOOK - 14-BS128TX,ICT,HP,"HP 14 Ci5 ,8GB, 1TB",0,101033,0,0,NULL,120004,9,LT,0,1,083970,230113110038,2022-08-04,053573,2018-11-14 14:41:05.000,0,NULL,NULL,2018-08-01,NULL,NULL,NULL,0,0,
5174,,01535 COMP-NB-ICT-PTRE-18,DELL/HP,ICT,HP,,0,101033,0,0,NULL,120004,9,LT,1,NULL,NULL,NULL,NULL,053573,2018-11-14 14:42:54.000,0,NULL,NULL,2018-08-01,NULL,NULL,NULL,0,0,
5175,,01536 COMP-NB-ICT-PTRE-18,DELL INSPIRON 14 5468,ICT,DELL,"DELL INSPIRON 14 5468 i7, 8GB, 1TB",0,101033,0,0,NULL,120004,9,LT,0,1,204947,230113105146,2022-08-10,053573,2018-11-14 14:44:25.000,0,NULL,NULL,2018-09-13,NULL,NULL,NULL,0,0,
5257,,01617 COMP-NB-ICT-PTRE-18,HP Envy 13-ad179TX,ICT,HP,"CORE i5-8250U,8GB DDR4,256 SSD",0,101033,0,0,NULL,120004,9,LT,0,NULL,053573,NULL,NULL,053573,2018-11-14 16:40:48.000,0,NULL,NULL,2018-10-26,NULL,NULL,NULL,0,0,
5258,,01618 COMP-NB-ICT-PTRE-18,HP Notebook - 14s-cf0044TX,ICT,HP,"Core i5-8250U,4GB DDR4,1TB",0,101033,0,0,NULL,120004,9,LT,0,NULL,053573,NULL,NULL,053573,2019-02-15 14:09:41.000,0,NULL,NULL,2018-11-30,NULL,NULL,NULL,0,0,
5259,,01619 COMP-NB-ICT-PTRE-18,HP Notebook-14s-cf0044TX,ICT,HP,"Core i5-8250U0,4GB DDR4,1TB",0,101033,0,0,NULL,120004,9,LT,0,NULL,053573,NULL,NULL,053573,2019-02-15 14:13:21.000,0,NULL,NULL,2018-11-30,NULL,NULL,NULL,0,0,
5284,,01644 COMP-NB-ICT-PTRE-18,HP Envy x360 13-ag0023AU,ICT,HP,"Ryzen 7-2700U 512GB SSD,8GB DDR4",0,101033,0,0,NULL,120004,9,LT,0,1,245385,241213042738,2024-12-13,053573,2019-02-15 15:06:14.000,0,NULL,NULL,2018-12-11,NULL,NULL,NULL,0,0,
5285,,01645 COMP-NB-ICT-PTRE-18,HP Envy x360 13-ag0023AU,ICT,HP,"Ryzen 7-2700U 512GB SSD,8GB DDR4",0,101033,0,0,NULL,120004,9,LT,0,1,023067,230113044702,2020-07-08,053573,2019-02-15 15:08:53.000,0,NULL,NULL,2018-12-11,NULL,NULL,NULL,0,0,
5286,,01646 COMP-NB-ICT-PTRE-18,HP Envy x360 13-ag0023AU,ICT,HP,"Ryzen 7-2700U 512GB SSD,8GB DDR4",0,101033,0,0,NULL,120004,9,LT,0,1,114191,240507051937,2023-11-09,053573,2019-02-15 15:10:39.000,0,NULL,NULL,2018-12-11,NULL,NULL,NULL,0,0,
5287,,01647 COMP-NB-ICT-PTRE-18,HP Envy x360 13-ag0023AU,ICT,HP,"Ryzen 7-2700U 512GB,8GB DDR4",0,101033,0,0,NULL,120004,9,LT,0,NULL,053573,NULL,NULL,053573,2019-02-15 15:12:55.000,0,NULL,NULL,2018-12-11,NULL,NULL,NULL,0,0,
5288,,01648 COMP-NB-ICT-PTRE-18,HP Envy x360 13-ag0023AU,ICT,HP,"Ryzen 7-2700U 512GB,8GB DDR4",0,101033,0,0,NULL,120004,9,LT,0,NULL,053573,NULL,NULL,053573,2019-02-15 15:14:41.000,0,NULL,NULL,2018-12-11,NULL,NULL,NULL,0,0,
5289,,01649 COMP-NB-ICT-PTRE-18,HP Laptop 14-cm0005AU,ICT,HP,"Ryzen 3-2200U 1TB,4GB DDR4",0,101033,0,0,NULL,120004,9,LT,0,NULL,053573,NULL,NULL,053573,2019-02-15 15:17:22.000,0,NULL,NULL,2018-12-20,NULL,NULL,NULL,0,0,
5290,,1650 COMP-NB-ICT-PTRE-18,HP Laptop 14-cm0005AU,ICT,HP,"Ryzen 3-2200U 1TB,4GB DDR4",0,101036,0,0,21-1211002,120004,9,LT,2,1,245398,240624041213,2024-06-24,225164,2026-08-20 16:07:16.000,0,NULL,NULL,2018-12-20,NULL,NULL,NULL,0,0,
5291,,01651 COMP-NB-ICT-PTRE-18,HP Laptop 14-cm0005AU,ICT,HP,"Ryzen 3-2200U 1TB,4GB DDR4",0,101033,0,0,NULL,120004,9,LT,0,NULL,053573,NULL,NULL,053573,2019-02-15 15:20:01.000,0,NULL,NULL,2018-12-20,NULL,NULL,NULL,0,0,
5292,,01652 COMP-NB-ICT-PTRE-18,HP Laptop 14-cm0076AU,ICT,HP,"Ryzen 5-2500U 128GBSSD + 1TB,4GB DDR4",0,101033,0,0,NULL,120004,9,LT,0,1,308418,240405102037,2021-01-01,225164,2024-04-05 10:20:19.000,0,NULL,NULL,2018-12-20,NULL,NULL,NULL,0,0,
5293,,01653 COMP-NB-ICT-PTRE-18,HP Laptop 14-cm0076AU,ICT,HP,"Ryzen 3-2500U 128GBSSD + 1TB,4GB DDR4",0,101033,0,0,NULL,120004,9,LT,0,NULL,053573,NULL,NULL,053573,2019-02-15 15:23:58.000,0,NULL,NULL,2018-12-20,NULL,NULL,NULL,0,0,
5294,,01654 COMP-NB-ICT-PTRE-19,HP Laptop 14s-cf1014TX,ICT,HP,"Core i7-8565U,128GB SSD 1TB HDD, 8GB DDR4",0,101033,0,0,NULL,120004,9,LT,0,1,194777,230113041058,2022-08-23,053573,2019-04-16 14:39:56.000,0,NULL,NULL,2019-02-28,NULL,NULL,NULL,0,0,
5295,,01655 COMP-NB-ICT-PTRE-19,HP Laptop 14s-cf1014TX,ICT,HP,"Core i7-8565U,128GB SSD 1TB HDD, 8GB DDR4
Di bawa kabur maksalmina",0,101045,0,0,22-1321022.001,120004,9,LT,3,1,255499,250218104013,2025-02-18,225164,2026-08-20 16:35:02.000,0,NULL,NULL,2019-02-28,NULL,NULL,NULL,0,0,
6159,,01656 COMP-NB-ICT-PTRE-19,HP Laptop 14s-cf0045TX,ICT,HP,"core i5-8250U,1TB,4GB DDR4  Black project",0,101033,0,0,NULL,120004,9,LT,0,NULL,053573,NULL,NULL,053573,2020-01-29 14:35:49.000,0,NULL,NULL,2019-02-28,NULL,NULL,NULL,0,0,
6160,,01657 COMP-NB-ICT-PTRE-19,HP Laptop 14s-cf0045TX,ICT,HP,"Core 15-8250U,1TB HDD,4GB DDR4
IDLE, Keyboard Rusak",0,101033,0,0,19-15108,120004,9,LT,0,1,215125,240404124527,2023-01-01,225164,2024-04-04 12:48:00.000,0,NULL,NULL,2019-02-28,NULL,NULL,NULL,0,0,
6195,,01692 COMP-NB-ICT-PTRE-19,ASUS TUF Gaming FX504G,ICT,ASUS,"Core17-8750H,16GB DDR4,128GB SSD+1TB HDD,GTX1050TI 4GB     NUGROHO ADHI S
FREEPORT",0,101033,0,0,NULL,120004,9,LT,0,NULL,134370,NULL,NULL,053573,2020-01-29 16:53:32.000,0,NULL,NULL,2019-02-28,NULL,NULL,NULL,0,0,
6248,,01745 COMP-NB-ICT-PTRE-19,HP Laptop 14s-cf0045TX,ICT,HP,"Core i7-8565U, 512GB SSD , 16GB DDR4",0,101040,0,0,NULL,120004,9,LT,2,1,204983,240312062011,2024-01-18,306117,2023-10-27 16:44:22.000,0,NULL,NULL,2019-04-08,NULL,NULL,NULL,0,0,
6249,,01746 COMP-NB-ICT-PTRE-19,HP Laptop 14s-cf0045TX,ICT,HP,"Core i7-8565U,128GB SSD ,1TB HDD, 8GB DDR4",0,101045,0,0,15-0601,120004,9,LT,2,1,245403,240827012349,2024-08-27,225164,2025-02-15 23:13:26.000,0,NULL,NULL,2019-04-08,NULL,NULL,NULL,0,0,
6250,,01747 COMP-NB-ICT-PTRE-19,HP Pavilion X360 14-cd 1026TX,ICT,HP,"Core i7-8565U,128GB SSD ,1TB HDD, 8GB DDR4 Touch Screen",0,101033,0,0,NULL,120004,9,LT,0,1,313518,230113105742,2022-08-05,053573,2020-01-29 18:45:55.000,0,NULL,NULL,2019-04-08,NULL,NULL,NULL,0,0,
6251,,01748 COMP-NB-ICT-PTRE-19,HP Pavilion X360 14-cd 1026TX,ICT,HP,"Core i7-8565U,128GB SSD ,1TB HDD, 8GB DDR4 Touch Screen",0,101033,0,0,NULL,120004,9,LT,0,NULL,053573,NULL,NULL,053573,2020-01-29 18:47:09.000,0,NULL,NULL,2019-04-08,NULL,NULL,NULL,0,0,
6252,,01749 COMP-NB-ICT-PTRE-19,HP Pavilion X360 14-cd 1026TX,ICT,HP,"Core i7-8565U,128GB SSD ,1TB HDD, 8GB DDR4 Touch Screen",0,101033,0,0,NULL,120004,9,LT,0,NULL,053573,NULL,NULL,053573,2020-01-29 18:48:09.000,0,NULL,NULL,2019-04-08,NULL,NULL,NULL,0,0,
6254,,01751 COMP-NB-ICT-PTRE-19,HP Laptop 14s-cf0044TX,ICT,HP,"Core i5-8250U,1TB HDD, 8GB DDR4",0,101033,0,0,NULL,120004,9,LT,0,NULL,053573,NULL,NULL,053573,2020-01-29 19:21:16.000,0,NULL,NULL,2019-04-18,NULL,NULL,NULL,0,0,
6255,,01752 COMP-NB-ICT-PTRE-19,HP Laptop 14s-cf0044TX,ICT,HP,"Core i5-8250U,1TB HDD, 8GB DDR4",0,991001,0,0,23-1327014,120004,9,LT,2,1,314018,231031022155,2023-10-30,225164,2023-10-31 14:22:48.000,0,NULL,NULL,2019-04-18,NULL,NULL,NULL,0,0,
6256,,01753 COMP-NB-ICT-PTRE-19,HP Laptop 14s-cf0044TX,ICT,HP,"Core i5-8250U,1TB HDD, 8GB DDR4
FINISYA",0,101033,0,0,NULL,120004,9,LT,1,NULL,114236,NULL,NULL,053573,2024-08-07 07:37:49.000,0,NULL,NULL,2019-04-23,NULL,NULL,NULL,0,0,
6257,,01754 COMP-NB-ICT-PTRE-19,HP Laptop 14s-cf0044TX,ICT,HP,"Core i5-8250U,1TB HDD, 8GB DDR4",0,101036,0,0,24-1331010,120004,9,LT,2,1,305017,231003095655,2023-10-03,225164,2025-02-26 16:38:33.000,0,NULL,NULL,2019-04-23,NULL,NULL,NULL,0,0,
6258,,01755 COMP-NB-ICT-PTRE-19,HP Laptop 14s-cf0044TX,ICT,HP,"Core i5-8250U,1TB HDD, 8GB DDR4",0,101033,0,0,NULL,120004,9,LT,0,1,225132,230110051203,2022-03-23,053573,2020-01-29 19:22:18.000,0,NULL,NULL,2019-04-23,NULL,NULL,NULL,0,0,
6259,,01756 COMP-NB-ICT-PTRE-19,HP Laptop 14s-cf0044TX,ICT,HP,"Core i5-8250U,1TB HDD, 8GB DDR4",0,101033,0,0,NULL,120004,9,LT,0,NULL,053573,NULL,NULL,053573,2020-01-29 19:22:35.000,0,NULL,NULL,2019-04-23,NULL,NULL,NULL,0,0,
6260,,01757 COMP-NB-ICT-PTRE-19,HP Laptop 14s-cf0044TX,ICT,HP,"Core i5-8250U,1TB HDD, 8GB DDR4",0,101045,0,0,22-1321022.001,120004,9,LT,2,NULL,194757,NULL,NULL,225164,2026-01-19 08:04:37.000,0,NULL,NULL,2019-04-23,NULL,NULL,NULL,0,0,
6261,,01758 COMP-NB-ICT-PTRE-19,HP Laptop 14s-cf0044TX,ICT,HP,"Core i5-8250U,1TB HDD, 8GB DDR4",0,101033,0,0,NULL,120004,9,LT,0,NULL,053573,NULL,NULL,053573,2020-01-29 19:22:56.000,0,NULL,NULL,2019-04-23,NULL,NULL,NULL,0,0,
6262,,01759 COMP-NB-ICT-PTRE-19,HP Laptop 14s-cf0044TX,ICT,HP,"Core i5-8250U,1TB HDD, 8GB DDR4",0,101044,0,0,16-12502,120004,9,LT,2,1,245423,260117094809,2025-11-07,225164,2026-01-17 21:47:55.000,0,NULL,NULL,2019-04-23,NULL,NULL,NULL,0,0,
6263,,01760 COMP-NB-ICT-PTRE-19,HP Laptop 14s-cf0015TX,ICT,HP,"Core i7-8565U,128GB SSD ,1TB HDD, 8GB DDR4",0,102030,0,0,21-1351011,120004,9,LT,2,1,255531,250522100821,2025-05-22,225164,2024-12-27 11:42:19.000,0,NULL,NULL,2019-05-02,NULL,NULL,NULL,0,0,
6264,,01761 COMP-NB-ICT-PTRE-19,HP Laptop 14s-cf0015TX,ICT,HP,"Core i7-8565U,128GB SSD ,1TB HDD, 8GB DDR4
Biak/bagus    ppc",0,101033,0,0,NULL,120004,9,LT,0,NULL,053573,NULL,NULL,053573,2020-01-29 19:28:08.000,0,NULL,NULL,2019-05-02,NULL,NULL,NULL,0,0,
6265,,01762 COMP-NB-ICT-PTRE-19,HP Laptop 14s-cf0015TX,ICT,HP,"Core i7-8565U,128GB SSD ,1TB HDD, 8GB DDR4",0,101040,0,0,22-1321022.001,120004,9,LT,2,1,194767,241016021819,2024-10-16,225164,2025-02-26 15:39:42.000,0,NULL,NULL,2019-05-02,NULL,NULL,NULL,0,0,
6266,,01763 COMP-NB-ICT-PTRE-19,HP Laptop 14s-cf0015TX,ICT,HP,"Core i7-8565U,128GB SSD ,1TB HDD, 8GB DDR4
OK",0,101033,0,0,NULL,120004,9,LT,0,NULL,053573,NULL,NULL,053573,2020-01-29 19:30:40.000,0,NULL,NULL,2019-05-02,NULL,NULL,NULL,0,0,
6267,,01766 COMP-NB-ICT-PTRE-19,HP Pavilion X360 14-cd 1026TX,ICT,HP,"Core i7-8565U,128GB SSD ,1TB HDD, 8GB DDR4 Touch Screen",0,102031,0,0,16-12502,120004,9,LT,2,1,063706,260421101804,2025-11-17,225164,2026-04-21 10:19:07.000,0,NULL,NULL,2019-05-02,NULL,NULL,NULL,0,0,
6268,,01767 COMP-NB-ICT-PTRE-19,HP Pavilion X360 14-cd 1026TX,ICT,HP,"Core i7-8565U,128GB SSD ,1TB HDD, 8GB DDR4 Touch Screen",0,103007,0,0,NULL,120004,9,LT,2,1,235276,240425101921,2023-02-15,225164,2024-04-25 10:18:07.000,0,NULL,NULL,2019-05-02,NULL,NULL,NULL,0,0,
6332,,01830 COMP-NB-ICT-PTRE-19,HP Pavilion Gaming 15-cx0056TX,ICT,HP,"Core i7-8750H,128GB SSD ,1TB HDD, 16GB DDR4  1050ti
oktav Freeport",0,101033,0,0,NULL,120004,9,LT,1,NULL,053573,NULL,NULL,053573,2024-08-07 07:39:00.000,0,NULL,NULL,2019-08-09,NULL,NULL,NULL,0,0,
6372,,01870 COMP-NB-ICT-PTRE-19,HP Laptop 14s-cf1032TX,ICT,HP,"Core i5-8265U,1TB HDD, 8GB DDR4",0,101036,0,0,23-1327014,120004,9,LT,2,1,235352,231106033210,2023-11-01,225164,2023-11-06 15:32:18.000,0,NULL,NULL,2019-08-23,NULL,NULL,NULL,0,0,
6373,,01871 COMP-NB-ICT-PTRE-19,HP Laptop 14s-cf1032TX,ICT,HP,"Core i5-8265U,1TB HDD, 8GB DDR4",0,101033,0,0,NULL,120004,9,LT,0,NULL,053573,NULL,NULL,053573,2020-01-30 09:55:14.000,0,NULL,NULL,2019-08-23,NULL,NULL,NULL,0,0,
6374,,01872 COMP-NB-ICT-PTRE-19,HP Laptop 14s-cf1032TX,ICT,HP,"Core i5-8265U,1TB HDD, 8GB DDR4",0,101033,0,0,NULL,120004,9,LT,0,NULL,053573,NULL,NULL,053573,2020-01-30 09:55:52.000,0,NULL,NULL,2019-08-23,NULL,NULL,NULL,0,0,
6375,,01873 COMP-NB-ICT-PTRE-19,HP Laptop 14s-cf1047TX,ICT,HP,"Core i7-8565U,1TB HDD+ 128GB SSD, 8GB DDR4",0,101033,0,0,NULL,120004,9,LT,0,NULL,053573,NULL,NULL,053573,2020-01-30 09:57:39.000,0,NULL,NULL,2019-08-23,NULL,NULL,NULL,0,0,
6376,,01874 COMP-NB-ICT-PTRE-19,ASUS Zenbook UX433F,ICT,ASUS,"Core i5-8265U,512GB SSD, 8GB DDR4",0,102023,0,0,NULL,120004,9,LT,0,NULL,124325,NULL,NULL,225164,2025-09-24 09:44:15.000,0,NULL,NULL,2019-08-23,NULL,NULL,NULL,0,0,
6377,,01875 COMP-NB-ICT-PTRE-19,HP ProBook 450 G5,ICT,HP,"Core i7-8550U,1TB HDD, 8GB DDR4",0,103010,0,0,22-1121082,120004,9,LT,0,1,255598,260929021148,2025-12-10,225164,2026-09-29 14:11:24.000,0,NULL,NULL,2019-09-04,NULL,NULL,NULL,0,0,
6378,,01876 COMP-NB-ICT-PTRE-19,HP Envy x360 13-ag0023AU,ICT,HP,"Ryzen 7-2700U 512GB SSD, 8GB DDR4",0,991001,0,0,15-0601,120004,9,LT,2,1,245402,251020092031,2025-09-22,225164,2025-10-20 21:20:00.000,0,NULL,NULL,2019-09-04,NULL,NULL,NULL,0,0,
6379,,01877 COMP-NB-ICT-PTRE-19,HP Envy x360 13-ag0023AU,ICT,HP,"Ryzen 7-2700U 512GB SSD, 8GB DDR4",0,101047,0,0,23-1321012,120004,9,LT,2,1,144495,240417040738,2020-01-10,225164,2024-04-17 16:07:03.000,0,NULL,NULL,2019-09-04,NULL,NULL,NULL,0,0,
6380,,01878 COMP-NB-ICT-PTRE-19,HP Envy x360 13-ag0023AU,ICT,HP,"Ryzen 7-2700U 512GB SSD, 8GB DDR4",0,102025,0,0,21-1351011,120004,9,LT,2,1,265660,260814023225,2026-07-06,225164,2026-08-14 14:31:55.000,0,NULL,NULL,2019-09-04,NULL,NULL,NULL,0,0,
6382,,01880 COMP-NB-ICT-PTRE-19,HP Pavilion X360 14-dh0011TX,ICT,HP,"Core i7-8565U,128GB SSD ,1TB HDD, 8GB DDR4 Touch Screen
RECON",0,101033,0,0,NULL,120004,9,LT,1,NULL,NULL,NULL,NULL,053573,2020-01-30 10:22:01.000,0,NULL,NULL,2019-09-11,NULL,NULL,NULL,0,0,
6383,,01881 COMP-NB-ICT-PTRE-19,HP Pavilion X360 14-dh0011TX,ICT,HP,"Core i7-8565U,128GB SSD ,1TB HDD, 8GB DDR4 Touch Screen
RECON",0,101033,0,0,NULL,120004,9,LT,1,NULL,NULL,NULL,NULL,053573,2020-01-30 10:23:08.000,0,NULL,NULL,2019-09-11,NULL,NULL,NULL,0,0,
6384,,01882 COMP-NB-ICT-PTRE-19,HP Laptop 14s-cf0045TX,ICT,HP,"Core i5-8250U,1TB HDD, 8GB DDR4",0,101045,0,0,24-1121134,120004,9,LT,2,1,184697,241227011911,2024-11-14,225164,2025-05-01 22:05:37.000,0,NULL,NULL,2019-09-11,NULL,NULL,NULL,0,1,
6385,,01883 COMP-NB-ICT-PTRE-19,HP Laptop 14s-cf0045TX,ICT,HP,"Core i5-8250U,1TB HDD, 8GB DDR4
RECON",0,101033,0,0,NULL,120004,9,LT,1,NULL,NULL,NULL,NULL,053573,2020-01-30 10:25:34.000,0,NULL,NULL,2019-09-11,NULL,NULL,NULL,0,0,
6386,,01884 COMP-NB-ICT-PTRE-19,Dell Inspiron 3480,ICT,DELL,"Core i7-8565U,1TB HDD, 8GB DDR4 
RECON",0,101033,0,0,NULL,120004,9,LT,1,1,184676,230112012344,2021-01-06,053573,2020-01-30 10:28:20.000,0,NULL,NULL,2019-09-11,NULL,NULL,NULL,0,0,
6387,,01885 COMP-NB-ICT-PTRE-19,Asus P1440F,ICT,ASUS,"Core i5-8265U,1TB HDD, 4GB DDR4
Wilmar toto",0,101033,0,0,NULL,120004,9,LT,1,NULL,023061,NULL,NULL,053573,2024-08-07 07:40:10.000,0,NULL,NULL,2019-09-12,NULL,NULL,NULL,0,0,
6388,,01886 COMP-NB-ICT-PTRE-19,HP Laptop 14s-cf1047TX,ICT,HP,"Core i7-8565U,1TB HDD+ 128GB SSD, 8GB DDR4
JTB",0,105009,0,0,19-15109,120004,9,LT,2,1,225171,221207112042,2022-12-07,225164,2025-02-15 21:41:50.000,0,NULL,NULL,2019-09-12,NULL,NULL,NULL,0,0,
6389,,01887 COMP-NB-ICT-PTRE-19,HP Laptop 14s-cf1047TX,ICT,HP,"Core i7-8565U,1TB HDD+ 128GB SSD, 8GB DDR4
JTB",0,104011,0,0,NULL,120004,9,LT,0,1,245369,240416042030,2024-01-11,225164,2023-10-06 09:09:00.000,0,NULL,NULL,2019-09-12,NULL,NULL,NULL,0,0,
6390,,01888 COMP-NB-ICT-PTRE-19,HP Laptop 14s-cf1047TX,ICT,HP,"Core i7-8565U,1TB HDD+ 128GB SSD, 8GB DDR4
RDMP",0,101033,0,0,NULL,120004,9,LT,0,NULL,053573,NULL,NULL,053573,2020-01-30 10:35:06.000,0,NULL,NULL,2019-09-12,NULL,NULL,NULL,0,0,
6391,,01889 COMP-NB-ICT-PTRE-19,HP Laptop 14s-cf1047TX,ICT,HP,"Core i7-8565U,1TB HDD+ 128GB SSD, 8GB DDR4",0,101045,0,0,NULL,120004,9,LT,2,1,140133,260209023343,2026-02-06,225164,2026-02-09 14:33:24.000,0,NULL,NULL,2019-09-12,NULL,NULL,NULL,0,0,
6392,,01890 COMP-NB-ICT-PTRE-19,HP Laptop 14s-cf1047TX,ICT,HP,"Core i7-8565U,1TB HDD+ 128GB SSD, 8GB DDR4
soca",0,101033,0,0,NULL,120004,9,LT,0,1,083911,230621111011,2021-05-24,053573,2020-01-30 10:46:52.000,0,NULL,NULL,2019-09-20,NULL,NULL,NULL,0,0,
6393,,01891 COMP-NB-ICT-PTRE-19,HP Pavilion X360 14-dh0011TX,ICT,HP,"Core i7-8565U,128GB SSD ,1TB HDD, 8GB DDR4 Touch Screen",0,101045,0,0,NULL,120004,9,LT,0,1,215054,221207023023,2022-12-07,225164,2025-06-25 13:24:37.000,0,NULL,NULL,2019-09-20,NULL,NULL,NULL,0,0,
6394,,01892 COMP-NB-ICT-PTRE-19,Asus FX505GE-I7T61T (TUF GAME),ICT,ASUS,"Core i7-8750H, DDR 8GB,HDD 1TB + SSD 128GB, GTX 1050 Ti 15.6"" 
zanti star energy",0,101033,0,0,NULL,120004,9,LT,0,NULL,031773,NULL,NULL,053573,2020-01-30 10:44:17.000,0,NULL,NULL,2019-09-26,NULL,NULL,NULL,0,0,
6395,,01893 COMP-NB-ICT-PTRE-19,HP Pavilion X360 14-dh1005TX,ICT,HP,"Core i7-10510U,512GB SSD, 8GB DDR4 Touch Screen",0,101033,0,0,NULL,120004,9,LT,0,1,063675,220913093450,2019-09-23,053573,2020-01-30 10:48:20.000,0,NULL,NULL,2019-09-30,NULL,NULL,NULL,0,0,
6396,,01894 COMP-NB-ICT-PTRE-19,HP Pavilion X360 14-dh1005TX,ICT,HP,"Core i7-10510U,512GB SSD, 8GB DDR4 Touch Screen",0,102017,0,0,NULL,120004,9,LT,2,1,114195,240508030315,2022-01-04,225164,2024-06-03 11:11:47.000,0,NULL,NULL,2019-09-30,NULL,NULL,NULL,0,0,
6417,,01915 COMP-NB-ICT-PTRE-19,HP Laptop 14s-cf1047TX,ICT,HP,"Core i7-8565U,1TB HDD+ 128GB SSD, 8GB DDR4
freeport",0,101033,0,0,NULL,120004,9,LT,0,NULL,134370,NULL,NULL,053573,2020-01-30 11:51:22.000,0,NULL,NULL,2019-10-04,NULL,NULL,NULL,0,0,
6418,,01916 COMP-NB-ICT-PTRE-19,HP Laptop 14s-cf1047TX,ICT,HP,"Core i7-8565U,1TB HDD+ 128GB SSD, 8GB DDR4",0,101047,0,0,22-1321022.001,120004,9,LT,2,1,265666,260902023313,2026-09-02,225164,2026-09-02 14:36:24.000,0,NULL,NULL,2019-10-04,NULL,NULL,NULL,0,0,
6419,,01917 COMP-NB-ICT-PTRE-19,HP Laptop 14s-cf1047TX,ICT,HP,"Core i7-8565U,1TB HDD+ 128GB SSD, 8GB DDR4",0,101045,0,0,22-1321022.001,120004,9,LT,2,1,184706,240123085001,2024-01-23,225164,2025-07-25 10:18:50.000,0,NULL,NULL,2019-10-04,NULL,NULL,NULL,0,0,
6420,,01918 COMP-NB-ICT-PTRE-19,HP Laptop 14s-cf1047TX,ICT,HP,"Core i7-8565U,1TB HDD+ 128GB SSD, 8GB DDR4
",0,104012,0,0,23-1327014,120004,9,LT,2,1,225160,251020095616,2025-10-02,225164,2025-10-20 21:31:41.000,0,NULL,NULL,2019-10-04,NULL,NULL,NULL,0,0,
6421,,01919 COMP-NB-ICT-PTRE-19,HP Laptop 14s-cf1047TX,ICT,HP,"Core i7-8565U,1TB HDD+ 128GB SSD, 8GB DDR4
Boi sormin  procces",0,102018,0,0,16-12502,120004,9,LT,2,1,184652,240123104537,2023-12-12,225164,2024-03-27 14:47:27.000,0,NULL,NULL,2019-10-04,NULL,NULL,NULL,0,0,
6422,,01920 COMP-NB-ICT-PTRE-19,HP Laptop 14s-cf1047TX,ICT,HP,"Core i7-8565U,1TB HDD+ 128GB SSD, 8GB DDR4",0,101033,0,0,NULL,120004,9,LT,0,NULL,053573,NULL,NULL,053573,2020-01-30 11:58:25.000,0,NULL,NULL,2019-10-04,NULL,NULL,NULL,0,0,
6423,,01921 COMP-NB-ICT-PTRE-19,Dell V3480,ICT,DELL,"Core i5-8265U,1TB, 8GB DDR4
Muchtar Imron ppc",0,101033,0,0,NULL,120004,9,LT,0,NULL,130096,NULL,NULL,053573,2020-01-30 12:00:06.000,0,NULL,NULL,2019-10-04,NULL,NULL,NULL,0,0,
6424,,01922 COMP-NB-ICT-PTRE-19,HP Envy x360 13-ag0023AU,ICT,HP,"Ryzen 7-2700U 512GB SSD, 8GB DDR4",0,101045,0,0,21-1351011,120004,9,LT,2,NULL,104134,NULL,NULL,225164,2025-10-20 19:45:51.000,0,NULL,NULL,2019-10-04,NULL,NULL,NULL,0,0,
6425,,01923 COMP-NB-ICT-PTRE-19,HP Laptop 14s-cf1047TX,ICT,HP,"Core i7-8565U,1TB HDD+ 128GB SSD, 8GB DDR4",0,102017,0,0,NULL,120004,9,LT,2,NULL,300516,NULL,NULL,225164,2024-06-07 14:50:03.000,0,NULL,NULL,2019-10-04,NULL,NULL,NULL,0,0,
6426,,01924 COMP-NB-ICT-PTRE-19,ASUS TUF Gaming FX505D,ICT,ASUS,"Ryzen 7-3750H  512GB SSD, 8GB DDR4
abdi  IFS",0,101045,0,0,16-12502,120004,9,LT,2,1,053573,240123104124,2024-01-02,225164,2024-03-27 14:36:50.000,0,NULL,NULL,2019-10-10,NULL,NULL,NULL,0,0,
6427,,01925 COMP-NB-ICT-PTRE-19,HP240 G6,ICT,HP,"Core i7-8565U,1TB HDD 8GB DDR4
",0,101033,0,0,NULL,120004,9,LT,1,1,128195,210226105131,2020-09-01,053573,2020-01-30 12:07:21.000,0,NULL,NULL,2019-10-10,NULL,NULL,NULL,0,0,
6428,,01926 COMP-NB-ICT-PTRE-19,HP240 G6,ICT,HP,"Core i7-8565U,1TB HDD 8GB DDR4",0,102015,0,0,NULL,120004,9,LT,0,1,114229,250701050032,2025-07-01,225164,2025-07-01 16:40:43.000,0,NULL,NULL,2019-10-10,NULL,NULL,NULL,0,0,
6429,,01927 COMP-NB-ICT-PTRE-19,Dell V3480,ICT,DELL,"Core i5-8265U,1TB, 8GB DDR4",0,104012,0,0,NULL,120004,9,LT,2,1,083914,240612093405,2024-06-12,225164,2024-06-12 09:34:16.000,0,NULL,NULL,2019-10-10,NULL,NULL,NULL,0,0,
6430,,01928 COMP-NB-ICT-PTRE-19,HP Laptop 14s-cf1047TX,ICT,HP,"Core i7-8565U,1TB HDD+ 128GB SSD, 8GB DDR4",0,101033,0,0,NULL,120004,9,LT,0,NULL,053573,NULL,NULL,053573,2020-01-30 13:27:36.000,0,NULL,NULL,2019-10-11,NULL,NULL,NULL,0,0,
6431,,01929 COMP-NB-ICT-PTRE-19,acer,ICT,ACER,"'-
sony",0,101033,0,0,NULL,120004,9,LT,1,NULL,NULL,NULL,NULL,053573,2020-01-30 13:29:25.000,0,NULL,NULL,2019-10-11,NULL,NULL,NULL,0,0,
6432,,01930 COMP-NB-ICT-PTRE-19,Dell V3480,ICT,DELL,"Core i5-8265U,1TB, 8GB DDR4
",0,101033,0,0,NULL,120004,9,LT,1,NULL,NULL,NULL,NULL,053573,2020-01-30 13:32:34.000,0,NULL,NULL,2019-10-11,NULL,NULL,NULL,0,0,
6433,,01931 COMP-NB-ICT-PTRE-19,ASUS ROG ZEPHYRUS S GX502GW-I7R73B,ICT,ASUS,"Core i7-9750H,1TB SSD 32GB DDR4
Zanuar",0,101033,0,0,NULL,120004,9,LT,0,NULL,NULL,NULL,NULL,053573,2024-08-07 07:30:46.000,0,NULL,NULL,2019-10-11,NULL,NULL,NULL,0,0,
6473,,01971 COMP-NB-ICT-PTRE-19,HP Laptop 14s-cf2004TX,ICT,HP,"Core i5-10210U,1TB HDD, 8GB DDR4 , Radeon 530
Poject iwan k",0,101033,0,0,NULL,120004,9,LT,1,NULL,NULL,NULL,NULL,053573,2020-01-30 14:29:12.000,0,NULL,NULL,2019-11-21,NULL,NULL,NULL,0,0,
6474,,01972 COMP-NB-ICT-PTRE-19,HP Laptop 14s-cf2004TX,ICT,HP,"Core i5-10210U,1TB HDD, 8GB DDR4 , Radeon 530
Project iwan k",0,101033,0,0,NULL,120004,9,LT,1,NULL,NULL,NULL,NULL,053573,2020-01-30 14:30:15.000,0,NULL,NULL,2019-11-21,NULL,NULL,NULL,0,0,
6475,,01973 COMP-NB-ICT-PTRE-19,HP Laptop 14s-cf2004TX,ICT,HP,"Core i5-10210U,1TB HDD, 8GB DDR4 , Radeon 530",0,104011,0,0,19-15108,120004,9,LT,2,1,235329,241209081328,2024-12-09,225164,2024-01-23 09:36:29.000,0,NULL,NULL,2019-11-21,1601611459MobileKit.png,1601611459MobileKit_thumb.png,/assets/uploads/assetsre/ap/,0,0,
6476,,01974 COMP-NB-ICT-PTRE-19,HP Laptop 14s-cf2004TX,ICT,HP,"Core i5-10210U,1TB HDD, 8GB DDR4 , Radeon 530",0,101033,0,0,NULL,120004,9,LT,1,NULL,NULL,NULL,NULL,053573,2020-01-30 14:32:02.000,0,NULL,NULL,2019-11-21,NULL,NULL,NULL,0,0,
6497,,01995 COMP-NB-ICT-PTRE-19,HP Laptop 14s-cf1048TX,ICT,HP,"Core i7-8565U,1TB HDD + 128GB SSD 8GB DDR4
Project Sutarno",0,101033,0,0,NULL,120004,9,LT,1,1,083914,230113114146,2022-09-16,053573,2020-01-30 14:56:56.000,0,NULL,NULL,2019-12-02,NULL,NULL,NULL,0,0,
6498,,01996 COMP-NB-ICT-PTRE-19,HP Laptop 14s-cf1048TX,ICT,HP,"Core i7-8565U,1TB HDD + 128GB SSD 8GB DDR4
",0,104012,0,0,22-1321022.001,120004,9,LT,2,1,303617,240123085137,2023-03-10,225164,2024-03-12 09:56:57.000,0,NULL,NULL,2019-12-02,NULL,NULL,NULL,0,0,
6499,,01997 COMP-NB-ICT-PTRE-19,HP Laptop 14s-cf1048TX,ICT,HP,"Core i7-8565U,1TB HDD + 128GB SSD 8GB DDR4
",0,104011,0,0,19-15108,120004,9,LT,2,1,215071,241227111226,2024-09-04,225164,2025-02-16 04:15:24.000,0,NULL,NULL,2019-12-04,NULL,NULL,NULL,0,0,
6500,,01998 COMP-NB-ICT-PTRE-19,HP Laptop 14s-cf1048TX,ICT,HP,"Core i7-8565U,1TB HDD + 128GB SSD 8GB DDR4
",0,101033,0,0,NULL,120004,9,LT,1,NULL,NULL,NULL,NULL,053573,2020-01-30 15:38:39.000,0,NULL,NULL,2019-12-04,NULL,NULL,NULL,0,0,
6511,,02009 COMP-NB-ICT-PTRE-19,HP Laptop 14s-cf1048TX,ICT,HP,"Core i7-8565U,1TB HDD + 128GB SSD 8GB DDR4",0,991001,0,0,NULL,120004,9,LT,2,1,314018,231030103719,2023-10-30,225164,2023-10-30 10:36:38.000,0,NULL,NULL,2019-12-09,NULL,NULL,NULL,0,0,
6512,,02010 COMP-NB-ICT-PTRE-20,Dell Inspiron N5583,ICT,DELL,"Core i5-8265U,2TB HDD  8GB DDR4",0,103010,0,0,22-1321022.001,120004,9,LT,2,1,255491,250216033358,2025-01-31,225164,2025-02-26 16:22:28.000,0,NULL,NULL,2020-01-17,NULL,NULL,NULL,0,0,
6513,,02011 COMP-NB-ICT-PTRE-20,Dell Inspiron N5583,ICT,DELL,"Core i5-8265U,2TB HDD  8GB DDR4
FA",0,101033,0,0,NULL,120004,9,LT,1,1,194795,200924034713,2020-01-02,053573,2020-05-20 14:49:27.000,0,NULL,NULL,2020-01-17,NULL,NULL,NULL,0,0,
6514,,02012 COMP-NB-ICT-PTRE-20,Dell Inspiron N5583,ICT,DELL,"Core i5-8265U,2TB HDD  8GB DDR4",0,991001,0,0,NULL,120004,9,LT,0,1,190171,250214023758,2025-02-14,225164,2025-02-14 14:37:32.000,0,NULL,NULL,2020-01-17,NULL,NULL,NULL,0,0,
6515,,02013 COMP-NB-ICT-PTRE-20,HP Laptop 14s-cf1048TX,ICT,HP,"Core i7-8565U,1TB HDD + 128GB SSD 8GB DDR4
Wachidah",0,105009,0,0,21-1351011,120004,9,LT,2,1,114190,200924033849,2020-01-02,225164,2024-12-27 10:30:51.000,0,NULL,NULL,2020-01-17,NULL,NULL,NULL,0,0,
6516,,02014 COMP-NB-ICT-PTRE-20,HP Laptop 14s-cf1048TX,ICT,HP,"Core i7-8565U,1TB HDD + 128GB SSD 8GB DDR4
",0,101040,0,0,21-1351011,120004,9,LT,2,1,184679,251020071415,2025-08-21,225164,2025-10-20 19:14:27.000,0,NULL,NULL,2020-01-17,NULL,NULL,NULL,0,0,
6517,,02015 COMP-NB-ICT-PTRE-20,HP Laptop 14s-cf1048TX,ICT,HP,"Core i7-8565U,1TB HDD + 128GB SSD 8GB DDR4
JTB Project",0,104011,0,0,21-1211002,120004,9,LT,2,1,033232,241028022034,2024-09-09,225164,2025-02-16 04:25:15.000,0,NULL,NULL,2020-01-17,NULL,NULL,NULL,0,0,
6518,,02016 COMP-NB-ICT-PTRE-20,HP Laptop 14s-cf1048TX,ICT,HP,"Core i7-8565U,1TB HDD + 128GB SSD 8GB DDR4
",0,101045,0,0,NULL,120004,9,LT,2,1,245386,240603110216,2024-06-03,225164,2026-02-10 16:43:28.000,0,NULL,NULL,2020-01-17,NULL,NULL,NULL,0,0,
6523,,2021 COMP-NB-ICT-PTRE-20,HP Laptop 14s-cf2009TX,ICT,HP,"Core i7-10510U,512GB SSD, 8GB DDR4 
",0,101040,0,0,NULL,120004,9,LT,0,NULL,154574,NULL,NULL,225164,2024-05-08 07:57:41.000,0,NULL,NULL,2020-02-06,NULL,NULL,NULL,0,0,
6524,,2022 COMP-NB-ICT-PTRE-20,HP Pavilion X360 14-dh1005TX,ICT,HP,"Core i7-10510U,512GB SSD, 8GB DDR4 Touch Screen
",0,104012,0,0,23-1321012,120004,9,LT,2,1,184705,230113015958,2022-10-13,225164,2024-04-17 14:48:27.000,0,NULL,NULL,2020-02-11,NULL,NULL,NULL,0,0,
6525,,2023 COMP-NB-ICT-PTRE-20,HP Pavilion X360 14-dh1005TX,ICT,HP,"Core i7-10510U,512GB SSD, 8GB DDR4 Touch Screen
",0,101044,0,0,16-12502,120004,9,LT,2,1,154576,240123105120,2024-01-15,225164,2024-03-27 14:54:00.000,0,NULL,NULL,2020-02-11,NULL,NULL,NULL,0,0,
6526,,2024 COMP-NB-ICT-PTRE-20,HP Laptop 14s-cf2009TX,ICT,HP,"Core i7-10510U,512GB SSD, 8GB DDR4",0,101045,0,0,NULL,120004,9,LT,2,1,255537,250923034343,2025-06-04,225164,2026-07-03 09:30:09.000,0,NULL,NULL,2020-02-11,NULL,NULL,NULL,0,0,
6527,,2025 COMP-NB-ICT-PTRE-20,HP Laptop 14s-cf2009TX,ICT,HP,"Core i7-10510U,512GB SSD, 8GB DDR4 
",0,104011,0,0,NULL,120004,9,LT,2,1,235327,231004033038,2023-10-02,225164,2024-06-26 16:36:48.000,0,NULL,NULL,2020-02-11,NULL,NULL,NULL,0,0,
6528,,2026 COMP-NB-ICT-PTRE-20,HP Laptop 14s-cf2004TX,ICT,HP,"Core i5-10210U,1TB HDD, 8GB DDR4 , Radeon 530
",0,101033,0,0,NULL,120004,9,LT,0,1,053573,200924033001,2020-09-24,053573,2020-05-20 15:48:29.000,0,NULL,NULL,2020-02-11,NULL,NULL,NULL,0,0,
6529,,2027 COMP-NB-ICT-PTRE-20,HP Laptop 14s-cf2004TX,ICT,HP,"Core i5-10210U,1TB HDD, 8GB DDR4 , Radeon 530
",0,101033,0,0,NULL,120004,9,LT,0,NULL,053573,NULL,NULL,053573,2020-05-20 16:25:36.000,0,NULL,NULL,2020-02-11,NULL,NULL,NULL,0,0,
6558,,2056 COMP-NB-ICT-PTRE-20,HP Pavilion X360 14-dh1005TX,ICT,HP,"Core i7-10510U,512GB SSD, 8GB DDR4 Touch Screen
",0,101045,0,0,NULL,120004,9,LT,2,1,255476,250109013540,2025-01-06,225164,2025-01-09 13:35:50.000,0,NULL,NULL,2020-02-12,NULL,NULL,NULL,0,0,
6559,,2057 COMP-NB-ICT-PTRE-20,HP Laptop 14s-cf2009TX,ICT,HP,"Core i7-10510U,512GB SSD, 8GB DDR4 
",0,101033,0,0,NULL,120004,9,LT,0,1,225152,230113104902,2022-08-16,053573,2020-05-20 19:26:32.000,0,NULL,NULL,2020-02-12,NULL,NULL,NULL,0,0,
6560,,2058 COMP-NB-ICT-PTRE-20,HP Laptop 14s-cf2009TX,ICT,HP,"Core i7-10510U,512GB SSD, 8GB DDR4 
",0,101033,0,0,NULL,120004,9,LT,2,1,245417,240913090528,2024-09-12,225164,2024-09-13 09:05:39.000,0,NULL,NULL,2020-02-12,NULL,NULL,NULL,0,0,
6561,,2059 COMP-NB-ICT-PTRE-20,HP Laptop 14s-cf2009TX,ICT,HP,"Core i7-10510U,512GB SSD, 8GB DDR4 
",0,101045,0,0,22-1321022.001,120004,9,LT,1,NULL,194825,NULL,NULL,225164,2025-02-16 05:48:53.000,0,NULL,NULL,2020-02-12,NULL,NULL,NULL,0,0,
6562,,2060 COMP-NB-ICT-PTRE-20,HP Laptop 14s-cf2009TX,ICT,HP,"Core i7-10510U,512GB SSD, 8GB DDR4 
",0,101033,0,0,NULL,120004,9,LT,0,1,204944,200924094154,2020-03-01,053573,2020-05-20 19:29:27.000,0,NULL,NULL,2020-02-12,NULL,NULL,NULL,0,0,
6567,,02064-COMP-NB-ICT-PTRE-20,HP Laptop 14s-cf2009TX,ICT,HP,"Core i7-10510U,512GB SSD, 8GB DDR4 ",0,101033,0,0,NULL,120004,9,LT,0,1,110002,200921011301,2020-05-29,053573,2020-05-27 13:56:28.000,0,NULL,NULL,2020-05-27,NULL,NULL,NULL,0,0,
6568,,02065-COMP-NB-ICT-PTRE-20,HP Laptop 14s-cf2009TX,ICT,HP,"Core i7-10510U,512GB SSD, 8GB DDR4 ",0,101045,0,0,16-12502,120004,9,LT,2,1,194821,231106030907,2023-11-06,225164,2026-08-10 09:24:57.000,0,NULL,NULL,2020-05-27,1601607461MobileKit.png,1601607461MobileKit_thumb.png,/assets/uploads/assetsre/ap/,0,0,
6569,,02066-COMP-NB-ICT-PTRE-20,HP Laptop 14s-cf2009TX,ICT,HP,"Core i7-10510U,512GB SSD, 8GB DDR4 ",0,104011,0,0,23-1321012,120004,9,LT,2,1,245368,240313100626,2023-11-02,225164,2024-05-21 17:01:45.000,0,NULL,NULL,2020-05-27,1601611520Suha.png,1601611520Suha_thumb.png,/assets/uploads/assetsre/ap/,0,0,
6570,,02067-COMP-NB-ICT-PTRE-20,Lenovo Ideapad S145-14IIL,ICT,LENOVO,"Intel Core i5 -1035G1 14"" RAM4GB SSD512GB",0,101033,0,0,NULL,120004,9,LT,0,1,104153,200921011205,2020-06-20,053573,2020-06-15 09:20:47.000,0,NULL,NULL,2020-06-12,1592187647bd6635fb-699e-4bc8-9677-ee72a8b820ef.jpeg,1592187647bd6635fb-699e-4bc8-9677-ee72a8b820ef_thumb.jpeg,/assets/uploads/assetsre/ap/,0,0,
6571,,02068-COMP-NB-ICT-PTRE-20,Lenovo Ideapad S145-14IIL,ICT,LENOVO,"Intel Core i5 -1035G1 14"" RAM4GB SSD512GB",0,101033,0,0,NULL,120004,9,LT,0,1,104153,200921011124,2020-06-20,053573,2020-06-15 09:22:01.000,0,NULL,NULL,2020-06-12,1592187721bd6635fb-699e-4bc8-9677-ee72a8b820ef.jpeg,1592187721bd6635fb-699e-4bc8-9677-ee72a8b820ef_thumb.jpeg,/assets/uploads/assetsre/ap/,0,0,
6572,,02069-COMP-NB-ICT-PTRE-20,Lenovo Ideapad S145-14IIL,ICT,LENOVO,"Intel Core i5 -1035G1 14"" RAM4GB SSD512GB",0,101033,0,0,NULL,120004,9,LT,0,1,104153,200921011058,2020-06-20,053573,2020-09-12 12:05:38.000,0,NULL,NULL,2020-06-15,1592187516WhatsApp_Image_2020-06-15_at_09_04_57.jpeg,1592187516WhatsApp_Image_2020-06-15_at_09_04_57_thumb.jpeg,/assets/uploads/assetsre/ap/,0,0,
7574,,02070-COMP-NB-ICT-PTRE-20,Dell Inspiron 5491,ICT,DELL,"Core i7-10510U,512GB SSD, 8GB DDR4",17000000,101046,0,0,22-1321022.001,120004,9,LT,0,1,235280,240508080915,2023-02-02,225164,2024-05-21 16:42:18.000,0,NULL,NULL,2020-06-15,NULL,NULL,NULL,0,0,
7575,,02073-COMP-NB-ICT-PTRE-20,HP Laptop 14s-dq1025TU,ICT,HP,"Intel Core i7 -1065G7 14"" RAM 8GB SSD512GB",0,991001,0,1,19-15109,120004,9,LT,0,1,031773,210209055938,2020-07-20,053573,2021-02-09 05:58:49.000,0,NULL,NULL,2020-07-16,NULL,NULL,NULL,0,0,
7576,,02074-COMP-NB-ICT-PTRE-20,HP Laptop 14s-dq1025TU,ICT,HP,"Intel Core i7 -1065G7 14"" RAM 8GB SSD512GB",0,991001,0,1,19-15109,120004,9,LT,0,1,031773,210209060339,2020-07-20,053573,2021-02-09 06:02:10.000,0,NULL,NULL,2020-07-16,NULL,NULL,NULL,0,0,
7577,,02075-COMP-NB-ICT-PTRE-20,HP Laptop 14s-dq1025TU,ICT,HP,"Intel Core i7 -1065G7 14"" RAM 8GB SSD512GB",0,101036,0,0,19-15109,120004,9,LT,2,1,110007,231102082753,2023-11-01,225164,2023-11-02 08:25:53.000,0,NULL,NULL,2020-07-16,NULL,NULL,NULL,0,0,
7578,,02076-COMP-NB-ICT-PTRE-20,Acer Aspire 5 A514-52G-79WN,ICT,ACER,"Intel Core i7 - 10510 14"" RAM 8GB 1TB+128ssd MX250 2GB ",0,991001,0,0,19-15108,120004,9,LT,1,1,308418,210209061042,2020-07-20,225164,2023-10-11 16:34:32.000,0,NULL,NULL,2020-07-16,NULL,NULL,NULL,0,0,
7579,,02080-COMP-NB-ICT-PTRE-20,Lenovo  Ideapad Slim 3i 14IIL05,ICT,LENOVO,"Intel Core i5 -1035G1 14"" RAM8GB SSD512GB",0,991001,0,1,16-12502,120004,22,LT,0,1,134370,210209063923,2020-10-30,053573,2021-02-09 06:16:23.000,0,NULL,NULL,2020-10-15,NULL,NULL,NULL,0,0,
7580,,02081-COMP-NB-ICT-PTRE-20,Lenovo  Ideapad Slim 3i 14IIL05,ICT,LENOVO,"Intel Core i5 -1035G1 14"" RAM8GB SSD512GB",0,991001,0,1,16-12502,120004,22,LT,0,1,134370,210209063014,2020-10-30,053573,2021-02-09 06:25:24.000,0,NULL,NULL,2020-10-15,NULL,NULL,NULL,0,0,
7581,,02082-COMP-NB-ICT-PTRE-20,Lenovo  Ideapad Slim 3i 14IIL05,ICT,LENOVO,"Intel Core i5 -1035G1 14"" RAM8GB SSD512GB",0,991001,0,1,16-12502,120004,22,LT,0,1,134370,210209062903,2020-10-30,053573,2021-02-09 06:28:20.000,0,NULL,NULL,2020-10-15,NULL,NULL,NULL,0,0,
7582,,02083-COMP-NB-ICT-PTRE-20,Lenovo  Yoga Slim 7  82A10044ID,ICT,LENOVO,"Intel Core i7 -1065G7 RAM 16GB/1TB SSD/Geforce MX350-2GB/14"" ",20000000,102015,0,0,19-15108,120004,22,LT,0,1,032029,240123092621,2023-12-06,053573,2021-02-09 06:45:19.000,0,NULL,NULL,2020-10-15,NULL,NULL,NULL,0,0,
7583,,02084-COMP-NB-ICT-PTRE-20,Lenovo  IdeaPad Slim 5i 14IIL05,ICT,LENOVO,"Intel Core I5-1035G1 8GB DDR4 SSD 512GB 
Engsel Rusak / Patah",12000000,101045,0,0,19-15109,120004,22,LT,0,1,205016,240417052208,2023-01-05,225164,2024-04-17 17:20:50.000,0,NULL,NULL,2020-11-05,NULL,NULL,NULL,0,0,
7584,,02085-COMP-NB-ICT-PTRE-20,Dell Inspiron 13 7000 2-in-1 7306,ICT,DELL,"Core i7- 1165G7 Processor 13.3-inch UHD DDR 16GB, SSD 512GB",24000000,991001,0,0,NULL,120004,22,LT,0,1,141096,220829032957,2021-02-09,053573,2021-02-09 07:10:35.000,0,NULL,NULL,2020-12-10,NULL,NULL,NULL,0,0,
7585,,02086-COMP-NB-ICT-PTRE-20,Lenovo  IdeaPad Slim 5i 14IIL05,ICT,LENOVO,Intel Core I5-1035G1 8GB DDR4 SSD 512GB ,13000000,104011,0,0,19-15108,120004,22,LT,2,1,033043,210209071548,2020-12-23,225164,2024-06-25 08:45:35.000,0,NULL,NULL,2020-12-15,NULL,NULL,NULL,0,0,
7586,,02087-COMP-NB-ICT-PTRE-20,Lenovo  IdeaPad Slim 5i 14IIL05,ICT,LENOVO,Intel Core I5-1035G1 8GB DDR4 SSD 512GB ,13000000,105008,0,0,19-15108,120004,22,LT,2,1,194867,240406011515,2024-01-30,225164,2024-04-06 01:14:48.000,0,NULL,NULL,2020-12-15,NULL,NULL,NULL,0,0,
7587,,02088-COMP-NB-ICT-PTRE-20,Lenovo  IdeaPad Slim 5i 14IIL05,ICT,LENOVO,Intel Core I5-1035G1 8GB DDR4 SSD 512GB ,13000000,104011,0,0,19-15108,120004,22,LT,2,1,255543,250707074840,2025-07-07,225164,2024-06-25 08:00:52.000,0,NULL,NULL,2020-12-15,NULL,NULL,NULL,0,0,
7588,,02089-COMP-NB-ICT-PTRE-21,Lenovo Yoga Slim7 14ITL05 82A3001BID,ICT,LENOVO,Intel Core I7-1165G7  16GB DDDR4 1TB SSD ,21000000,102023,0,0,19-15109,120004,22,LT,2,1,043585,210209072358,2021-01-29,225164,2024-04-17 10:09:59.000,0,NULL,NULL,2021-01-11,NULL,NULL,NULL,0,0,
7589,,02090-COMP-NB-ICT-PTRE-21,Lenovo Yoga Slim7 14ITL05 82A3001BID,ICT,LENOVO,Intel Core I7-1165G7  16GB DDDR4 1TB SSD ,21000000,102014,0,0,NULL,120004,22,LT,0,NULL,NULL,NULL,NULL,053573,2021-02-09 07:23:14.000,0,NULL,NULL,2021-01-11,NULL,NULL,NULL,0,0,
7590,,02091-COMP-NB-ICT-PTRE-21,Thinkbook 14IIL  20SL00Q6ID,ICT,LENOVO,"Intel Core i7-1065G7 16GB DDR4  512GB SSD 14"" FHD ",16000000,105009,0,0,22-1321022.001,120004,22,LT,2,1,094077,240123090025,2021-01-18,225164,2024-01-23 09:01:08.000,0,NULL,NULL,2021-01-14,NULL,NULL,NULL,0,0,
7591,,02092-COMP-NB-ICT-PTRE-21,HP Omen 15 dh1020TX,ICT,LENOVO, Intel Core i7 10750 32GB 1TB+512ssd RTX2070 Super 8GB MaxQ OHS 15.6FHD,34000000,991001,0,1,16-12502,120004,22,LT,0,1,836911,210209072954,2021-02-04,053573,2021-02-09 07:29:12.000,0,NULL,NULL,2021-01-18,NULL,NULL,NULL,0,0,
7592,,02093-COMP-NB-ICT-PTRE-21,Lenovo  Ideapad Slim 3i 14IIL05,ICT,LENOVO,"Intel Core i5 -1035G1 14"" RAM8GB SSD512GB",12000000,991001,0,1,16-12502,120004,22,LT,0,1,134408,210209074028,2021-02-04,053573,2021-02-09 07:32:53.000,0,NULL,NULL,2021-01-18,NULL,NULL,NULL,0,0,
7593,,02094-COMP-NB-ICT-PTRE-21,Lenovo  Ideapad Slim 3i 14IIL05,ICT,LENOVO,"Intel Core i5 -1035G1 14"" RAM8GB SSD512GB",12000000,991001,0,1,16-12502,120004,22,LT,0,1,134408,210209074319,2021-02-09,053573,2021-02-09 07:38:23.000,0,NULL,NULL,2021-01-18,NULL,NULL,NULL,0,0,
7594,,02095-COMP-NB-ICT-PTRE-21,Lenovo  Ideapad Slim 3i 14IIL05,ICT,LENOVO,"Intel Core i5 -1035G1 14"" RAM8GB SSD512GB",12000000,101036,0,0,16-12502,120004,22,LT,2,1,134370,250213084717,2025-02-13,225164,2025-02-13 08:46:32.000,0,NULL,NULL,2021-01-18,NULL,NULL,NULL,0,0,
7595,,02096-COMP-NB-ICT-PTRE-21,Lenovo  Ideapad Slim 3i 14IIL05,ICT,LENOVO,"Intel Core i5 -1035G1 14"" RAM8GB SSD512GB",12000000,991001,0,1,16-12502,120004,22,LT,0,1,134408,210209074441,2021-02-09,053573,2021-02-09 07:38:00.000,0,NULL,NULL,2021-01-18,NULL,NULL,NULL,0,0,
7596,,02097-COMP-NB-ICT-PTRE-21,Lenovo  Ideapad Slim 3i 14IIL05,ICT,LENOVO,"Intel Core i5 -1035G1 14"" RAM8GB SSD512GB",12000000,105008,0,0,16-12502,120004,22,LT,2,1,134408,210209074507,2021-02-09,225164,2024-03-25 10:54:32.000,0,NULL,NULL,2021-01-18,NULL,NULL,NULL,0,0,
7597,,02098-COMP-NB-ICT-PTRE-21,Thinkbook 14IIL  20SL00Q6ID,ICT,LENOVO," Intel Core i7-1065G7 16GB DDR4  512GB SSD 14"" FHD ",16000000,102015,0,1,16-12502,120004,22,LT,0,1,134408,210209074812,2021-01-29,053573,2021-02-09 07:47:45.000,0,NULL,NULL,2021-01-18,NULL,NULL,NULL,0,0,
7598,,02099-COMP-NB-ICT-PTRE-21,Lenovo  Ideapad Slim 3i 14IIL05,ICT,LENOVO,"Intel Core i5 -1035G1 14"" RAM8GB SSD512GB",12000000,102030,0,0,19-15109,120004,22,LT,2,1,245412,240805104359,2024-08-05,225164,2024-06-07 18:10:19.000,0,NULL,NULL,2021-01-22,NULL,NULL,NULL,0,0,
7599,,02100-COMP-NB-ICT-PTRE-21,Lenovo  Ideapad Slim 3i 14IIL05,ICT,LENOVO,"Intel Core i5 -1035G1 14"" RAM8GB SSD512GB",12000000,991001,0,1,19-15108,120004,22,LT,0,1,306817,210209075854,2021-02-09,053573,2021-02-09 07:58:43.000,0,NULL,NULL,2021-02-01,NULL,NULL,NULL,0,0,
7600,,02101-COMP-NB-ICT-PTRE-21,Lenovo  Ideapad Slim 3i 14IIL05,ICT,LENOVO,"Intel Core i5 -1035G1 14"" RAM8GB SSD512GB",12000000,104011,0,0,21-1211002,120004,22,LT,2,1,194925,240906024015,2024-09-06,225164,2024-12-27 11:15:01.000,0,NULL,NULL,2021-02-01,NULL,NULL,NULL,0,0,
7601,,02102-COMP-NB-ICT-PTRE-21,Lenovo  Ideapad Slim 3i 14IIL05,ICT,LENOVO,"Intel Core i5 -1035G1 14"" RAM8GB SSD512GB",12000000,104011,0,0,21-1211002,120004,22,LT,2,1,245370,240404082340,2024-01-29,225164,2024-04-06 01:07:37.000,0,NULL,NULL,2021-02-01,NULL,NULL,NULL,0,0,
7602,,02103-COMP-NB-ICT-PTRE-21,Lenovo  IdeaPad Slim 5i 82FE003TID,ICT,LENOVO,Intel Core I5-1135G1 8GB DDR4 SSD 512GB ,13000000,101045,0,0,20-1321002,120004,9,LT,2,1,130096,240406012947,2024-01-01,225164,2026-05-25 16:13:38.000,0,NULL,NULL,2021-02-08,NULL,NULL,NULL,0,0,
7603,,02104-COMP-NB-ICT-PTRE-21,Lenovo  IdeaPad Slim 5i 82FE003TID,ICT,LENOVO,Intel Core I5-1135G1 8GB DDR4 SSD 512GB ,13000000,102018,0,0,20-1321002,120004,9,LT,2,1,235335,240325103617,2023-12-04,225164,2024-03-25 10:43:54.000,0,NULL,NULL,2021-02-19,NULL,NULL,NULL,0,0,
7604,,02105-COMP-NB-ICT-PTRE-21,Lenovo  IdeaPad Slim 5i 14ITL05,ICT,LENOVO,Intel Core I7-1165G1 16GB DDR4 SSD 512GB ,16000000,102023,0,0,22-1321022.001,120004,9,LT,2,1,022001,210309021842,2021-03-09,225164,2024-04-17 14:28:01.000,0,NULL,NULL,2021-02-19,NULL,NULL,NULL,0,0,
7605,,02106-COMP-NB-ICT-PTRE-21,Lenovo Yoga 7 14ITL5,ICT,LENOVO,Intel Core I7-1165G1 16GB DDR4 SSD 1TB Touch Screen ,20000000,102015,0,1,20-1341011,120004,9,LT,0,1,022020,210309022219,2021-03-09,053573,2021-03-09 14:21:54.000,0,NULL,NULL,2021-02-23,NULL,NULL,NULL,0,0,
7606,,02107-COMP-NB-ICT-PTRE-21,Lenovo  IdeaPad Slim 5i 82FE003TID,ICT,LENOVO,Intel Core I5-1135G1 8GB DDR4 SSD 512GB ,13000000,991001,0,1,20-1321002,120004,9,LT,0,1,245421,240906033038,2024-09-06,053573,2021-03-09 14:32:24.000,0,NULL,NULL,2021-02-24,NULL,NULL,NULL,0,0,
7607,,02108-COMP-NB-ICT-PTRE-21,Lenovo  IdeaPad Slim 5i 82FE003TID,ICT,LENOVO,Intel Core I5-1135G1 8GB DDR4 SSD 512GB ,13000000,101033,0,1,21-1311006,120004,9,LT,0,1,104097,211021024734,2021-10-21,053573,2021-10-21 14:47:39.000,0,NULL,NULL,2021-02-24,NULL,NULL,NULL,0,0,
7802,NULL,2089-COMP-NB-ICT-PTRE-21,Lenovo Yoga Slim7 14ITL05 82A3001BID,ICT,Lenovo,,21000000,991001,NULL,NULL,NULL,120000,22,LT,0,NULL,NULL,NULL,NULL,053573,2021-12-31 00:00:00.000,1,053573,2022-07-19 14:44:56.000,2021-01-11,NULL,NULL,NULL,0,0,
7803,NULL,2090-COMP-NB-ICT-PTRE-21,Lenovo Yoga Slim7 14ITL05 82A3001BID,ICT,Lenovo,,21000000,991001,NULL,NULL,NULL,120000,22,LT,0,NULL,NULL,NULL,NULL,053573,2022-01-01 00:00:00.000,1,053573,2022-07-19 14:44:56.000,2021-01-11,NULL,NULL,NULL,0,0,
7804,NULL,2091-COMP-NB-ICT-PTRE-21,Thinkbook 14IIL  20SL00Q6ID,ICT,Lenovo,,16000000,991001,NULL,NULL,NULL,120000,22,LT,0,NULL,NULL,NULL,NULL,053573,2022-01-02 00:00:00.000,1,053573,2022-07-19 14:44:56.000,2021-01-14,NULL,NULL,NULL,0,0,
7805,NULL,2092-COMP-NB-ICT-PTRE-21,HP Omen 15 dh1020TX,ICT,HP,,34000000,991001,NULL,NULL,NULL,120000,22,LT,0,NULL,NULL,NULL,NULL,053573,2022-01-03 00:00:00.000,1,053573,2022-07-19 14:44:56.000,2021-01-18,NULL,NULL,NULL,0,0,
7806,NULL,2093-COMP-NB-ICT-PTRE-21,Lenovo  Ideapad Slim 3i 14IIL05,ICT,Lenovo,,12000000,991001,NULL,NULL,NULL,120000,22,LT,0,NULL,NULL,NULL,NULL,053573,2022-01-04 00:00:00.000,1,053573,2022-07-19 14:44:56.000,2021-01-18,NULL,NULL,NULL,0,0,
7807,NULL,2094-COMP-NB-ICT-PTRE-21,Lenovo  Ideapad Slim 3i 14IIL05,ICT,Lenovo,,12000000,991001,NULL,NULL,NULL,120000,22,LT,0,NULL,NULL,NULL,NULL,053573,2022-01-05 00:00:00.000,1,053573,2022-07-19 14:44:56.000,2021-01-18,NULL,NULL,NULL,0,0,
7808,NULL,2095-COMP-NB-ICT-PTRE-21,Lenovo  Ideapad Slim 3i 14IIL05,ICT,Lenovo,,12000000,991001,NULL,NULL,NULL,120000,22,LT,0,NULL,NULL,NULL,NULL,053573,2022-01-06 00:00:00.000,1,053573,2022-07-19 14:44:56.000,2021-01-18,NULL,NULL,NULL,0,0,
7809,NULL,2096-COMP-NB-ICT-PTRE-21,Lenovo  Ideapad Slim 3i 14IIL05,ICT,Lenovo,,12000000,991001,NULL,NULL,NULL,120000,22,LT,0,NULL,NULL,NULL,NULL,053573,2022-01-07 00:00:00.000,1,053573,2022-07-19 14:44:56.000,2021-01-18,NULL,NULL,NULL,0,0,
7810,NULL,2097-COMP-NB-ICT-PTRE-21,Lenovo  Ideapad Slim 3i 14IIL05,ICT,Lenovo,,12000000,991001,NULL,NULL,NULL,120000,22,LT,0,NULL,NULL,NULL,NULL,053573,2022-01-08 00:00:00.000,1,053573,2022-07-19 14:44:56.000,2021-01-18,NULL,NULL,NULL,0,0,
7811,NULL,2098-COMP-NB-ICT-PTRE-21,Thinkbook 14IIL  20SL00Q6ID,ICT,Lenovo,,16000000,991001,NULL,NULL,NULL,120000,22,LT,0,NULL,NULL,NULL,NULL,053573,2022-01-09 00:00:00.000,1,053573,2022-07-19 14:44:56.000,2021-01-18,NULL,NULL,NULL,0,0,
7812,NULL,2099-COMP-NB-ICT-PTRE-21,Lenovo  Ideapad Slim 3i 14IIL05,ICT,Lenovo,,12000000,991001,NULL,NULL,NULL,120000,22,LT,0,NULL,NULL,NULL,NULL,053573,2022-01-10 00:00:00.000,1,053573,2022-07-19 14:44:56.000,2021-01-22,NULL,NULL,NULL,0,0,
7813,NULL,2100-COMP-NB-ICT-PTRE-21,Lenovo  Ideapad Slim 3i 14IIL05,ICT,Lenovo,,12000000,991001,NULL,NULL,NULL,120000,22,LT,0,NULL,NULL,NULL,NULL,053573,2022-01-11 00:00:00.000,1,053573,2022-07-19 14:44:56.000,2021-02-01,NULL,NULL,NULL,0,0,
7814,NULL,2101-COMP-NB-ICT-PTRE-21,Lenovo  Ideapad Slim 3i 14IIL05,ICT,Lenovo,,12000000,991001,NULL,NULL,NULL,120000,22,LT,0,NULL,NULL,NULL,NULL,053573,2022-01-12 00:00:00.000,1,053573,2022-07-19 14:44:56.000,2021-02-01,NULL,NULL,NULL,0,0,
7815,NULL,2102-COMP-NB-ICT-PTRE-21,Lenovo  Ideapad Slim 3i 14IIL05,ICT,Lenovo,,12000000,991001,NULL,NULL,NULL,120000,22,LT,0,NULL,NULL,NULL,NULL,053573,2022-01-13 00:00:00.000,1,053573,2022-07-19 14:44:56.000,2021-02-01,NULL,NULL,NULL,0,0,
7816,NULL,2103-COMP-NB-ICT-PTRE-21,Lenovo  IdeaPad Slim 5i 82FE003TID,ICT,Lenovo,,13000000,991001,NULL,NULL,NULL,120000,22,LT,0,NULL,NULL,NULL,NULL,053573,2022-01-14 00:00:00.000,1,053573,2022-07-19 14:44:56.000,2021-02-08,NULL,NULL,NULL,0,0,
7817,NULL,2104-COMP-NB-ICT-PTRE-21,Lenovo  IdeaPad Slim 5i 82FE003TID,ICT,Lenovo,,13000000,991001,NULL,NULL,NULL,120000,22,LT,0,NULL,NULL,NULL,NULL,053573,2022-01-15 00:00:00.000,1,053573,2022-07-19 14:44:56.000,2021-02-19,NULL,NULL,NULL,0,0,
7818,NULL,2105-COMP-NB-ICT-PTRE-21,Lenovo  IdeaPad Slim 5i 14ITL05,ICT,Lenovo,,16000000,991001,NULL,NULL,NULL,120000,22,LT,0,NULL,NULL,NULL,NULL,053573,2022-01-16 00:00:00.000,1,053573,2022-07-19 14:44:56.000,2021-02-19,NULL,NULL,NULL,0,0,
7819,NULL,2106-COMP-NB-ICT-PTRE-21,Lenovo Yoga 7 14ITL5,ICT,Lenovo,,20000000,991001,NULL,NULL,NULL,120000,22,LT,0,NULL,NULL,NULL,NULL,053573,2022-01-17 00:00:00.000,1,053573,2022-07-19 14:44:56.000,2021-02-23,NULL,NULL,NULL,0,0,
7820,NULL,2107-COMP-NB-ICT-PTRE-21,Lenovo  IdeaPad Slim 5i 82FE003TID,ICT,Lenovo,,13000000,991001,NULL,NULL,NULL,120000,22,LT,0,NULL,NULL,NULL,NULL,053573,2022-01-18 00:00:00.000,1,053573,2022-07-19 14:44:56.000,2021-02-24,NULL,NULL,NULL,0,0,
7821,NULL,2108-COMP-NB-ICT-PTRE-21,Lenovo  IdeaPad Slim 5i 82FE003TID,ICT,Lenovo,,13000000,991001,NULL,NULL,NULL,120000,22,LT,0,NULL,NULL,NULL,NULL,053573,2022-01-19 00:00:00.000,1,053573,2022-07-19 14:44:56.000,2021-02-24,NULL,NULL,NULL,0,0,
7822,,2109-COMP-NB-ICT-PTRE-21,"Lenovo IP 3 15IIL05 81WE019SID,",ICT,Lenovo,"Intel Core i5 -1035G1 15"" RAM8GB SSD512GB",12000000,102018,0,0,NULL,120004,22,LT,2,1,184668,240425105102,2023-02-02,225164,2024-04-25 11:02:19.000,0,NULL,NULL,2021-02-25,NULL,NULL,NULL,0,0,
7823,,2110-COMP-NB-ICT-PTRE-21,"Lenovo IP 3 15IIL05 81WE019SID,",ICT,Lenovo,"Intel Core i5 -1035G1 15"" RAM8GB SSD512GB",12000000,101036,0,0,15-0601,120004,22,LT,2,1,184708,220829031900,2021-03-10,225164,2024-05-07 16:02:01.000,0,NULL,NULL,2021-03-02,NULL,NULL,NULL,0,0,
7824,,2111-COMP-NB-ICT-PTRE-21,"Lenovo IP 3 15IIL05 81WE019SID,",ICT,Lenovo,,12000000,991001,0,0,NULL,120004,22,LT,0,1,104097,220829031836,2021-03-17,053573,2023-03-29 09:43:42.000,0,NULL,NULL,2021-03-09,NULL,NULL,NULL,0,0,
7825,,2112-COMP-NB-ICT-PTRE-21,"Lenovo IP 3 15IIL05 81WE019SID,",ICT,Lenovo,,12000000,104012,0,0,22-1321022.001,120004,22,LT,2,1,063614,240123085235,2021-03-24,225164,2024-03-12 09:59:43.000,0,NULL,NULL,2021-03-09,NULL,NULL,NULL,0,0,
7826,,2113-COMP-NB-ICT-PTRE-21,Dell Inspiron 3501,ICT,DELL,,12000000,991001,0,0,NULL,120004,22,LT,0,1,215043,220829031524,2021-04-02,053573,2023-03-29 09:44:21.000,0,NULL,NULL,2021-03-09,NULL,NULL,NULL,0,0,
7827,,2114-COMP-NB-ICT-PTRE-21,Acer Aspire 5 Slim A514,ICT,Acer,Core i7 - 1165G7 RAM 8GB SSD 512GB MX350 2GB 14.0FHD ,13500000,105008,0,0,16-12502,120004,22,LT,2,1,255492,250213085054,2025-02-04,225164,2025-02-13 08:51:09.000,0,NULL,NULL,2021-03-29,NULL,NULL,NULL,0,0,
7828,,2115-COMP-NB-ICT-PTRE-21,Acer Aspire 5 Slim A515,ICT,Acer,,9500000,991001,0,0,NULL,120004,22,LT,0,1,235246,230321112539,2023-02-09,053573,2023-03-29 09:44:53.000,0,NULL,NULL,2021-03-29,NULL,NULL,NULL,0,0,
7829,,2116-COMP-NB-ICT-PTRE-21,Acer Aspire 5 Slim A515,ICT,Acer,Ryzen 5 4500 Ram8GB SSD 512GB 15.6 HD ,9500000,101036,0,0,19-15108,120004,22,LT,2,1,073866,230113020306,2022-10-14,225164,2026-09-14 10:05:09.000,0,NULL,NULL,2021-03-29,NULL,NULL,NULL,0,0,
7830,,2117-COMP-NB-ICT-PTRE-21,HP Omen 15 dh1020TX,ICT,HP,,34000000,991001,0,0,NULL,120004,22,LT,0,1,134408,220829031107,2021-04-14,053573,2023-03-29 09:45:28.000,0,NULL,NULL,2021-03-29,NULL,NULL,NULL,0,0,
7831,,2118-COMP-NB-ICT-PTRE-21,"Lenovo IP 3 15IIL05 81WE019SID,",ICT,Lenovo,,12000000,105008,0,0,16-12502,120004,22,LT,2,1,053573,240123102633,2023-01-04,225164,2024-03-25 14:22:37.000,0,NULL,NULL,2021-04-05,NULL,NULL,NULL,0,0,
7832,,2119-COMP-NB-ICT-PTRE-21,Yoga 7 14ITL5 82BH0026ID,ICT,Lenovo,,20000000,991001,0,0,NULL,120004,22,LT,0,1,7114167,220829030926,2021-04-21,053573,2023-03-29 09:45:54.000,0,NULL,NULL,2021-04-12,NULL,NULL,NULL,0,0,
7833,,2120-COMP-NB-ICT-PTRE-21,Acer Aspire 5 Slim A514,ICT,Acer,,13500000,104012,0,0,NULL,120004,22,LT,2,1,094081,220829030845,2021-04-21,225164,2024-04-23 17:19:09.000,0,NULL,NULL,2021-04-15,NULL,NULL,NULL,0,0,
7834,,2121-COMP-NB-ICT-PTRE-21,Lenovo Legion 5P 15,ICT,Lenovo,,22000000,991001,0,0,NULL,120004,22,LT,0,1,134408,220829030731,2021-04-29,053573,2023-03-29 09:46:24.000,0,NULL,NULL,2021-04-15,NULL,NULL,NULL,0,0,
7835,,2122-COMP-NB-ICT-PTRE-21,Lenovo Ideapad Gaming 3,ICT,Lenovo,"Prossesor i7-10750H, RAM 16GB, SSD 512GB, VGA GTX 1650M",15000000,101039,0,0,21-1211002,120004,22,LT,2,1,114191,250216120253,2024-12-18,225164,2025-02-16 04:30:25.000,0,NULL,NULL,2021-04-23,NULL,NULL,NULL,0,0,
7836,,2123-COMP-NB-ICT-PTRE-21,Acer Aspire 5 Slim A514,ICT,Acer,Intel Core i7 1165G7 8GB 512ssd MX350 2GB  14.0 FHD ,13500000,105008,0,0,20-1321002,120004,22,LT,2,1,245464,250207032939,2025-02-07,225164,2025-02-07 15:29:17.000,0,NULL,NULL,2021-04-23,NULL,NULL,NULL,0,0,
7837,,2124-COMP-NB-ICT-PTRE-21,Asus Vivobook K413JP,ICT,Asus,Intel i5 1035G1 8GB 512ssd MX330 2GB 14.0 FHD ,12000000,105008,0,0,21-1351011,120004,22,LT,2,1,255585,260427103830,2025-11-17,225164,2024-04-04 08:18:23.000,0,NULL,NULL,2021-04-26,NULL,NULL,NULL,0,0,
7838,,2125-COMP-NB-ICT-PTRE-21,Asus Vivobook K413JP,ICT,Asus,Intel i5 1035G1 8GB 512ssd MX330 2GB 14.0 FHD,12000000,102030,0,0,NULL,120004,22,LT,2,1,245390,240626044802,2024-06-21,225164,2024-06-26 16:46:58.000,0,NULL,NULL,2021-04-26,NULL,NULL,NULL,0,0,
7839,,2126-COMP-NB-ICT-PTRE-21,Lenovo Ideapad Gaming,ICT,Lenovo,Intel  i5 8GB 512ssd GTX1650Ti 4GB 15.6FHD ,13500000,991001,0,0,21-1351011,120004,22,LT,2,1,124299,250923030534,2025-06-03,225164,2025-09-23 15:04:08.000,0,NULL,NULL,2021-05-06,NULL,NULL,NULL,0,0,
7840,,2127-COMP-NB-ICT-PTRE-21,Lenovo Ideapad Gaming,ICT,Lenovo,Intel  i5 8GB 512ssd GTX1650Ti 4GB 15.6FHD ,13500000,101034,0,0,15-0601,120004,22,LT,2,1,205002,220829030150,2021-04-29,225164,2024-10-14 10:28:34.000,0,NULL,NULL,2021-05-06,NULL,NULL,NULL,0,0,
7841,,2128-COMP-NB-ICT-PTRE-21,Asus Vivobook K413EA,ICT,Asus,,12000000,101034,0,0,15-0601,120004,22,LT,2,1,235281,240416020555,2024-02-07,225164,2024-04-16 14:05:12.000,0,NULL,NULL,2021-05-06,NULL,NULL,NULL,0,0,
7842,,2129-COMP-NB-ICT-PTRE-21,Asus Vivobook K413EA,ICT,Asus,Intel i3-1115G4 Iris Xe 8G DDR 512G ssd  14 FHD,12000000,101034,0,0,15-0601,120004,22,LT,2,1,255569,251020080012,2025-08-29,225164,2025-10-20 19:57:53.000,0,NULL,NULL,2021-05-06,NULL,NULL,NULL,0,0,
7843,,2130-COMP-NB-ICT-PTRE-21,Asus Vivobook K413EA,ICT,Asus,Intel i3-1115G4 Iris Xe 8G DDR 512G ssd  14 FHD,12000000,101040,0,0,22-1321022.001,120004,22,LT,2,1,194767,250226035159,2025-02-26,225164,2025-02-26 15:50:24.000,0,NULL,NULL,2021-05-06,NULL,NULL,NULL,0,0,
7844,,2131-COMP-NB-ICT-PTRE-21,Asus Vivobook K413JP,ICT,Asus,Intel i5 1035G1 8GB 512ssd MX330 2GB 14.0 FHD ,12000000,102018,0,0,21-1351011,120004,22,LT,2,1,235330,260518043511,2026-05-12,225164,2026-05-18 16:34:42.000,0,NULL,NULL,2021-05-06,NULL,NULL,NULL,0,0,
7845,,2132-COMP-NB-ICT-PTRE-21,Asus Vivobook K413EA,ICT,Asus,,10000000,991001,0,0,NULL,120004,22,LT,0,1,308818,230113020438,2022-10-14,053573,2023-03-29 09:49:58.000,0,NULL,NULL,2021-05-06,NULL,NULL,NULL,0,0,
7846,,2133-COMP-NB-ICT-PTRE-21,Asus Vivobook K413EA,ICT,Asus,Intel i5-1135G7 Iris Xe 8G DDR 512G ssd  14 FHD,12000000,105008,0,0,23-1321012,120004,22,LT,2,1,245413,250923012157,2025-05-22,225164,2025-09-22 13:14:34.000,0,NULL,NULL,2021-05-20,NULL,NULL,NULL,0,0,
7847,,2134-COMP-NB-ICT-PTRE-21,Lenovo Legion 5P 15,ICT,Lenovo,,24000000,991001,0,0,NULL,120004,22,LT,0,1,144554,220829022901,2021-06-24,053573,2023-03-29 09:50:24.000,0,NULL,NULL,2021-05-20,NULL,NULL,NULL,0,0,
7848,,2135-COMP-NB-ICT-PTRE-21,Acer Swift 3 Air 3 SF313,ICT,Acer,,16600000,991001,0,0,NULL,120004,22,LT,0,1,104153,220829022700,2021-06-24,053573,2023-03-29 09:50:37.000,0,NULL,NULL,2021-06-08,NULL,NULL,NULL,0,0,
7849,,2136-COMP-NB-ICT-PTRE-21,Asus Vivobook K413JQ,ICT,Asus,Intel i5 1035G1 8GB 512ssd MX350 2GB 14.0 FHD ,12000000,102018,0,0,22-1321022.001,120004,22,LT,2,1,255529,250429091031,2025-04-28,225164,2025-04-29 09:10:07.000,0,NULL,NULL,2021-06-08,NULL,NULL,NULL,0,0,
7850,,2137-COMP-NB-ICT-PTRE-21,Asus Vivobook K413JQ,ICT,Asus,,12000000,991001,0,0,NULL,120004,22,LT,0,1,309518,220829022427,2022-03-17,053573,2023-03-29 09:51:42.000,0,NULL,NULL,2021-06-08,NULL,NULL,NULL,0,0,
7851,,2138-COMP-NB-ICT-PTRE-21,Acer Nitro 5 AN515,ICT,Acer,Intel Core i5 11300H 512 SSD 16GB  GTX1650  15.6 FHD,14000000,101045,0,0,22-1321022.001,120004,22,LT,2,1,235315,240508083700,2023-01-10,225164,2024-05-08 08:37:55.000,0,NULL,NULL,2021-06-09,NULL,NULL,NULL,0,0,
7852,,2139-COMP-NB-ICT-PTRE-21,Acer Nitro 5 AN515,ICT,Acer,Intel Core i5 11300H 512 SSD 16GB  GTX1650  15.6 FHD,14000000,101045,0,0,16-12502,120004,22,LT,2,1,194829,220829022124,2021-06-11,225164,2024-04-25 11:38:08.000,0,NULL,NULL,2021-06-09,NULL,NULL,NULL,0,0,
7853,,2140-COMP-NB-ICT-PTRE-21,Acer Nitro 5 AN515,ICT,Acer,Intel Core i5 11300H 512 SSD 16GB  GTX1650  15.6 FHD,14000000,101045,0,0,22-1321022.001,120004,22,LT,2,1,235342,231004024157,2023-10-02,225164,2024-05-08 08:40:01.000,0,NULL,NULL,2021-06-09,NULL,NULL,NULL,0,0,
7854,,2141-COMP-NB-ICT-PTRE-21,Asus vivobook M415UA FHD551,ICT,Asus,,14000000,991001,0,0,NULL,120004,22,LT,0,1,235296,240417012546,2023-07-11,053573,2023-03-29 09:52:53.000,0,NULL,NULL,2021-06-09,NULL,NULL,NULL,0,0,
7855,,2142-COMP-NB-ICT-PTRE-21,Asus Vivobook K413EA,ICT,Asus,,14000000,101047,0,0,21-1351011,120004,22,LT,2,1,235358,260908104959,2026-09-02,225164,2024-04-23 14:54:34.000,0,NULL,NULL,2021-06-09,NULL,NULL,NULL,0,0,
7856,,2143-COMP-NB-ICT-PTRE-21,Asus Vivobook K413JQ,ICT,Asus,Intel i5 1035G1 8GB 512ssd MX350 2GB 14.0 FHD ,12000000,105008,0,1,22-1221035,120004,22,LT,2,1,265663,260814041043,2026-08-13,225164,2026-08-14 16:09:30.000,0,NULL,NULL,2021-06-09,NULL,NULL,NULL,0,0,
7857,,2144-COMP-NB-ICT-PTRE-21,Asus Vivobook K413JQ,ICT,Asus,Intel i5 1035G1 8GB 512ssd MX350 2GB 14.0 FHD ,12000000,104011,0,0,21-1351011,120004,22,LT,2,1,114200,250228041513,2025-02-28,225164,2025-02-28 16:15:03.000,0,NULL,NULL,2021-06-09,NULL,NULL,NULL,0,0,
7858,,2145-COMP-NB-ICT-PTRE-21,Asus Vivobook K413JQ,ICT,Asus,Intel i5 1035G1 8GB 512ssd MX350 2GB 14.0 FHD ,12000000,104011,0,0,23-1311022,120004,22,LT,2,1,073770,240429025015,2023-02-07,225164,2024-04-30 16:58:22.000,0,NULL,NULL,2021-06-09,NULL,NULL,NULL,0,0,
7859,,2146-COMP-NB-ICT-PTRE-21,Acer Swift 3 Infinity 4 SF314-511-73JE,ICT,Acer,"Intel i7 1165g7  16gb 512Gb SSD Iris XE  14"" FHD ",16500000,101045,0,0,23-1221046,120004,22,LT,2,1,235295,240508084217,2023-08-01,225164,2026-05-25 16:28:23.000,0,NULL,NULL,2021-06-09,NULL,NULL,NULL,0,0,
7861,,2148-COMP-NB-ICT-PTRE-21,Asus Vivobook K413JQ,ICT,Asus,,12000000,105009,0,0,16-12502,120004,22,LT,2,1,215075,240123104713,2024-01-17,225164,2024-03-27 14:49:10.000,0,NULL,NULL,2021-06-16,NULL,NULL,NULL,0,0,
7862,,2149-COMP-NB-ICT-PTRE-21,Asus Vivobook K413JQ,ICT,Asus,Intel i5 1035G1 8GB 512ssd MX350 2GB 14.0 FHD ,12000000,105009,0,0,22-1321022.001,120004,22,LT,2,1,245382,241028020208,2024-09-04,225164,2024-10-28 14:01:48.000,0,NULL,NULL,2021-06-16,NULL,NULL,NULL,0,0,
7863,,2150-COMP-NB-ICT-PTRE-21,Acer Nitro 5 AN515,ICT,Acer,,16000000,991001,0,0,NULL,120004,22,LT,0,1,114200,220828084748,2021-06-23,053573,2023-03-29 09:55:55.000,0,NULL,NULL,2021-06-16,NULL,NULL,NULL,0,0,
7864,,2151-COMP-NB-ICT-PTRE-21,HP Omen 15 dh1020TX,ICT,HP,,34000000,991001,0,0,NULL,120004,22,LT,0,1,134408,220828083441,2021-06-23,053573,2023-03-29 09:56:09.000,0,NULL,NULL,2021-06-16,NULL,NULL,NULL,0,0,
7865,,2152-COMP-NB-ICT-PTRE-21,Acer aspire 5 A514-54,ICT,Acer,Intel Core i5-1135G7 8GB 512GB SSD 14FHD ,11000000,101045,0,0,16-12502,120004,22,LT,2,1,020036,220828083331,2021-07-27,225164,2024-04-25 11:34:57.000,0,NULL,NULL,2021-07-21,NULL,NULL,NULL,0,0,
7866,,2153-COMP-NB-ICT-PTRE-21,Acer aspire 5 A514-54,ICT,Acer,,11000000,991001,0,0,16-12502,120004,22,LT,3,1,130090,220825101832,2021-07-21,053573,2024-03-31 21:55:05.000,0,NULL,NULL,2021-07-21,NULL,NULL,NULL,0,0,
7867,,2154-COMP-NB-ICT-PTRE-21,Asus K413EQ-EB551TS,ICT,Asus,,12000000,991001,0,0,NULL,120004,22,LT,0,1,144472,220828083241,2021-07-28,053573,2023-03-29 09:56:42.000,0,NULL,NULL,2021-07-21,NULL,NULL,NULL,0,0,
7868,,2155-COMP-NB-ICT-PTRE-21,Ideapad Slim 5i 14ITL05 82FE00S7ID,ICT,Lenovo,Intel Core i7-1165G7  MX450  16GB  512GB SSD 14 FHD,15000000,104011,0,0,19-15108,120004,22,LT,2,1,255513,250923054135,2025-04-21,225164,2026-01-19 00:38:05.000,0,NULL,NULL,2021-07-26,NULL,NULL,NULL,0,0,
7869,,2156-COMP-NB-ICT-PTRE-21,IdeaPad Slim 5i 14ITL05 82FE00JQID,ICT,Lenovo,,13000000,104011,0,0,16-12502,120004,22,LT,2,1,245365,240401091352,2024-01-08,225164,2024-03-25 11:06:54.000,0,NULL,NULL,2021-07-26,NULL,NULL,NULL,0,0,
7870,,2157-COMP-NB-ICT-PTRE-21,IdeaPad Slim 5i 14ITL05 82FE00JQID,ICT,Lenovo,,13000000,104012,0,0,19-15109,120004,22,LT,2,1,225159,230113115124,2022-09-06,225164,2024-04-17 17:27:13.000,0,NULL,NULL,2021-07-28,NULL,NULL,NULL,0,0,
7871,,2158-COMP-NB-ICT-PTRE-21,Acer aspire 5 A514-54,ICT,Acer,Intel Core i5-1135G7 8GB 512GB SSD 14FHD ,12000000,102030,0,0,NULL,120004,22,LT,2,1,194723,220828082435,2021-08-02,225164,2024-06-07 17:55:22.000,0,NULL,NULL,2021-07-28,NULL,NULL,NULL,0,0,
7872,,2159-COMP-NB-ICT-PTRE-21,Acer Swift 3 Infinity4 SF314 EVO,ICT,Acer,,13500000,991001,0,0,NULL,120004,22,LT,0,1,164600,220828082320,2021-08-21,053573,2023-03-29 09:58:10.000,0,NULL,NULL,2021-08-19,NULL,NULL,NULL,0,0,
7873,,2160-COMP-NB-ICT-PTRE-21,Acer Swift 3 Infinity4 SF314 EVO,ICT,Acer,,13500000,104011,0,0,19-15108,120004,22,LT,2,1,194869,240123101606,2023-12-06,225164,2024-03-25 11:22:18.000,0,NULL,NULL,2021-08-25,NULL,NULL,NULL,0,0,
7874,,2161-COMP-NB-ICT-PTRE-21,Acer Swift 3 Infinity4 SF314 EVO,ICT,Acer,"Intel Core i5 1135g7  16gb 512Gb SSD Iris XE  14"" FHD ",13500000,101040,0,0,NULL,120004,22,LT,0,1,255559,250813030355,2025-07-30,225164,2025-08-05 08:46:45.000,0,NULL,NULL,2021-09-07,NULL,NULL,NULL,0,0,
7875,,2162-COMP-NB-ICT-PTRE-21,Acer Swift 3 Infinity4 SF314 EVO,ICT,Acer,"Intel Core i5 1135g7  16gb 512Gb SSD Iris XE  14"" FHD ",13500000,102018,0,0,22-1321022.001,120004,22,LT,0,1,194787,220828080253,2022-04-09,225164,2024-05-08 08:43:40.000,0,NULL,NULL,2021-09-07,NULL,NULL,NULL,0,0,
7876,,2163-COMP-NB-ICT-PTRE-21,Asus A516e,ICT,ASUS,Intel Core i3-1115G4 8GB 512GB 15.6 FHD,9500000,101047,0,0,23-1327014,120004,22,LT,2,1,235358,251020065852,2025-08-12,225164,2026-09-08 10:38:27.000,0,NULL,NULL,2021-09-17,NULL,NULL,NULL,0,0,
7877,,2164-COMP-NB-ICT-PTRE-21,Asus A516e,ICT,Asus,Intel Core i3-1115G4 8GB 512GB 15.6 FHD ,9500000,101045,0,0,19-15109,120004,22,LT,2,1,225154,220828075938,2022-08-22,225164,2024-04-25 11:26:43.000,0,NULL,NULL,2021-09-21,NULL,NULL,NULL,0,0,
7878,,2165-COMP-NB-ICT-PTRE-21,Asus A516e,ICT,Asus,,9500000,101047,0,0,23-1321012,120004,22,LT,2,1,215070,240417035937,2022-10-05,225164,2024-04-17 16:00:09.000,0,NULL,NULL,2021-09-21,NULL,NULL,NULL,0,0,
7879,,2166-COMP-NB-ICT-PTRE-21,Asus A516e,ICT,Asus,Intel Core i3-1115G4 8GB 512GB 15.6 FHD ,9500000,103010,0,0,22-1321022.001,120004,22,LT,2,1,194848,220828075721,2021-09-30,225164,2024-05-07 17:06:39.000,0,NULL,NULL,2021-09-21,NULL,NULL,NULL,0,0,
7880,,2167-COMP-NB-ICT-PTRE-21,Asus A516e,ICT,Asus,Intel Core i3-1115G4 8GB 512GB 15.6 FHD ,9500000,103010,0,0,NULL,120004,22,LT,2,1,204996,220828075632,2021-09-30,225164,2024-05-07 11:08:28.000,0,NULL,NULL,2021-09-21,NULL,NULL,NULL,0,0,
7881,,2168-COMP-NB-ICT-PTRE-21,ACER NITRO AN515-57-73AD,ICT,Acer,Intel Core i7-11800H 16GB 512GB RTX3050,18000000,991001,0,0,NULL,120004,22,LT,2,1,073746,220828075549,2021-09-30,225164,2024-12-27 09:57:47.000,0,NULL,NULL,2021-09-21,NULL,NULL,NULL,0,0,
7882,,2169-COMP-NB-ICT-PTRE-21,LENOVO YOGA 6 13 2IN1 TOUCH,ICT,Lenovo,,17000000,102016,0,0,22-1321022.001,120004,22,LT,2,1,124281,220828075517,2021-09-30,225164,2024-04-17 13:37:53.000,0,NULL,NULL,2021-09-23,NULL,NULL,NULL,0,0,
7883,,2170-COMP-NB-ICT-PTRE-21,Acer Swift 3 Infinity4 SF314 EVO,ICT,Acer,"Intel Core i5 1135g7  16gb 512Gb SSD Iris XE  14"" FHD ",13500000,102030,0,0,16-12502,120004,22,LT,2,1,235266,240607060642,2024-03-01,225164,2024-06-07 18:06:20.000,0,NULL,NULL,2021-09-23,NULL,NULL,NULL,0,0,
7884,,2171-COMP-NB-ICT-PTRE-21,Acer Swift 3 Infinity4 SF314 EVO,ICT,Acer,"Intel Core i5 1135g7  16gb 512Gb SSD Iris XE  14"" FHD ",13500000,101045,0,0,16-12502,120004,22,LT,2,1,124293,240123102058,2024-01-03,225164,2026-05-25 16:22:42.000,0,NULL,NULL,2021-09-23,NULL,NULL,NULL,0,0,
7885,,2172-COMP-NB-ICT-PTRE-21,Acer Swift 3 Infinity4 SF314 EVO,ICT,Acer,"Intel Core i5 1135g7  16gb 512Gb SSD Iris XE  14"" FHD ",13500000,105009,0,0,NULL,120004,22,LT,2,1,305517,220804054218,2021-09-30,225164,2024-06-07 18:00:10.000,0,NULL,NULL,2021-09-28,NULL,NULL,NULL,0,0,
7886,,2173-COMP-NB-ICT-PTRE-21,ACER ASPIRE 5 SLIM A514,ICT,Acer,Intel Core i3 1115G4  8GB 512SSD  14.0 FHD,10500000,991001,0,0,NULL,120004,22,LT,0,1,265665,260814033808,2026-08-12,225164,2026-08-14 15:40:47.000,0,NULL,NULL,2021-09-30,NULL,NULL,NULL,0,0,
7887,,2174-COMP-NB-ICT-PTRE-21,ASUS A413EP VIPS553,ICT,Asus,"Intel Core I5-1135G7, RAM 8GB, SSD 512GB.",12500000,105009,0,0,19-15108,120004,22,LT,2,1,194711,241227114346,2024-10-15,225164,2024-12-27 11:44:29.000,0,NULL,NULL,2021-09-30,NULL,NULL,NULL,0,0,
7889,,2176-COMP-NB-ICT-PTRE-21,ACER ASPIRE 5 SLIM A514,ICT,Acer,Intel Core I5 1135G7 8GB 512SSD 14.0FHD,12000000,102025,0,0,21-1351011,120004,22,LT,2,1,255544,250721095023,2025-07-15,225164,2025-07-21 09:50:40.000,0,NULL,NULL,2021-10-06,NULL,NULL,NULL,0,0,
7890,,2177-COMP-NB-ICT-PTRE-21,ACER ASPIRE 5 SLIM A514,ICT,Acer,,13500000,991001,0,0,NULL,120004,22,LT,3,1,184705,220804034130,2021-10-29,053573,2024-03-31 21:57:45.000,0,NULL,NULL,2021-10-06,NULL,NULL,NULL,0,0,
7891,,2178-COMP-NB-ICT-PTRE-21,ASUS A413EP,ICT,Asus,Intel Core  I5 1135G7 8GB 512SSD MX330 14' FHD ,13500000,101045,0,0,16-12502,120004,22,LT,2,1,235288,240123103657,2024-01-04,225164,2026-05-25 13:30:21.000,0,NULL,NULL,2021-10-08,NULL,NULL,NULL,0,0,
7892,,2179-COMP-NB-ICT-PTRE-21,ASUS NOTEBOOK K513EA,ICT,Asus,"Intel Core i3 115G4 8G 512 SSD 14"" FHD",12000000,102016,0,0,21-1351011,120004,22,LT,2,1,215078,220724094805,2021-10-22,225164,2024-12-27 13:23:59.000,0,NULL,NULL,2021-10-08,NULL,NULL,NULL,0,0,
7893,,2180-COMP-NB-ICT-PTRE-21,ASUS K413EQ,ICT,Asus,,12000000,991001,0,0,NULL,120004,22,LT,0,1,134408,220724094530,2021-10-22,053573,2023-03-29 10:04:37.000,0,NULL,NULL,2021-10-15,NULL,NULL,NULL,0,0,
7894,,2181-COMP-NB-ICT-PTRE-21,ASUS K413EQ,ICT,Asus,,12000000,101045,0,0,16-12502,120004,22,LT,2,1,053573,240123104029,2024-01-02,225164,2024-03-27 14:34:44.000,0,NULL,NULL,2021-10-15,NULL,NULL,NULL,0,0,
7895,,2182-COMP-NB-ICT-PTRE-21,ASUS NOTEBOOK K513EA,ICT,Asus,"Intel Core i3 115G4 8G 512 SSD 14"" FHD",12000000,101045,0,0,20-1321002,120004,22,LT,2,1,245423,260113090321,2024-08-27,225164,2026-01-13 21:02:47.000,0,NULL,NULL,2021-10-18,NULL,NULL,NULL,0,0,
7896,,2183-COMP-NB-ICT-PTRE-21,ASUS NOTEBOOK K513EA,ICT,Asus,,12000000,101047,0,0,15-0601,120004,22,LT,2,1,235332,230919023848,2023-09-19,225164,2024-04-16 14:07:37.000,0,NULL,NULL,2021-10-18,NULL,NULL,NULL,0,0,
7897,,2184-COMP-NB-ICT-PTRE-21,ASUS NOTEBOOK K513EA,ICT,Asus,"Intel Core i3 115G4 8G 512 SSD 14"" FHD",12000000,101047,0,0,15-0601,120004,22,LT,2,1,255475,250107024946,2025-01-07,225164,2025-01-07 14:49:19.000,0,NULL,NULL,2021-10-18,NULL,NULL,NULL,0,0,
7898,,2185-COMP-NB-ICT-PTRE-21,ASUS NOTEBOOK K513EA,ICT,Asus,,12000000,101044,0,0,16-12502,120004,22,LT,2,1,225148,230116104130,2022-08-09,225164,2024-04-23 14:31:51.000,0,NULL,NULL,2021-10-18,NULL,NULL,NULL,0,0,
7900,,2186-COMP-NB-ICT-PTRE-22,HP ENVY x360 Convert 13,ICT,HP,AMD Ryzen 7 5800U RAM 16GB 1TB SSD,17000000,102015,0,0,22-1154036,120004,9,LT,2,1,114229,230110050621,2022-03-30,225164,2024-05-07 15:51:17.000,0,NULL,NULL,2022-03-28,NULL,NULL,NULL,0,0,
7903,,2188-COMP-NB-ICT-PTRE-22,Lenovo Ideapad Flex 5,ICT,LENOVO,"Intel Core i7 1165G7 Ram 16Gb 512Gb SSD 14"" FHD",16500000,102016,0,0,21-1351011,120004,9,LT,2,1,205005,241211064732,2024-04-17,225164,2024-04-17 10:56:50.000,0,NULL,NULL,2022-07-28,NULL,NULL,NULL,0,0,
7905,,2190-COMP-NB-ICT-PTRE-22,LENOVO IDEAPAD SLIM 5i PRO,ICT,LENOVO,"Intel Core I7 1195G7 16GB 1TBSSD MX450 14"" ",17000000,104012,0,0,19-15109,120004,22,LT,2,1,235253,250219041854,2025-02-19,225164,2025-02-19 16:19:40.000,0,NULL,NULL,2022-08-16,NULL,NULL,NULL,0,0,
7910,,2194 COMP-NB-ICT-PTRE-22,LENOVO LEGION 5i,ICT,LENOVO,Intel Core I7 12700H 16GB 512SSD RTX3050TI  15.6FHD,22000000,991001,0,1,16-12502,120004,22,LT,0,1,134408,221020033259,2022-09-22,053573,2022-10-20 15:32:16.000,0,NULL,NULL,2022-09-15,NULL,NULL,NULL,0,0,
7911,,2195-COMP-NB-ICT-PTRE-22,HP ENVY X360 13 BF0042TU,ICT,HP,Intel Core I7 1250U 16GB 512SSD  13.3WUXGA,21000000,103014,0,0,NULL,120004,22,LT,0,1,7911032,221020050309,2022-09-30,053573,2022-10-20 17:02:30.000,0,NULL,NULL,2022-09-26,NULL,NULL,NULL,0,0,
7912,,2196-COMP-NB-ICT-PTRE-22,LENOVO YOGA 7i,ICT,LENOVO,Intel Core I7 1260P 16GB 1TBSSD IRISXE 14.0 2.8K ,23000000,103013,0,0,NULL,120004,80,LT,0,1,7992270,221020050723,2022-10-07,053573,2022-10-20 17:06:38.000,0,NULL,NULL,2022-10-04,NULL,NULL,NULL,0,0,
7915,,2199-COMP-NB-ICT-PTRE-22,ASUS VIVOBOOK S14 K3402ZA OLED,ICT,ASUS,Intel Core I5 12500H 12GB 512SSD IRISXE  14.0 2.8K,14000000,991001,0,0,NULL,120004,80,LT,0,1,313518,221021013730,2022-10-12,053573,2022-10-21 13:36:43.000,0,NULL,NULL,2022-10-10,NULL,NULL,NULL,0,0,
7916,,2200-COMP-NB-ICT-PTRE-22,ASUS VIVOBOOK S14 K3402ZA OLED,ICT,ASUS,Intel Core I5 12500H 12GB 512SSD IRISXE  14.0 2.8K,14000000,991001,0,0,16-12502,120004,80,LT,3,1,215090,221021014423,2022-10-18,053573,2024-03-31 21:55:47.000,0,NULL,NULL,2022-10-10,NULL,NULL,NULL,0,0,
7917,,2201-COMP-NB-ICT-PTRE-22,ASUS VIVOBOOK S14 K3402ZA OLED,ICT,ASUS,Intel Core I5 12500H 12GB 512SSD IRISXE  14.0 2.8K,14000000,101033,0,0,NULL,120004,80,LT,0,1,053573,221021014516,2022-10-10,053573,2022-10-21 13:42:57.000,0,NULL,NULL,2022-10-10,NULL,NULL,NULL,0,0,
7918,,2202-COMP-NB-ICT-PTRE-22,ASUS VIVOBOOK S14 K3402ZA OLED,ICT,ASUS,Intel Core I5 12500H 12GB 512SSD IRISXE  14.0 2.8K,14000000,102024,0,0,21-1351011,120004,80,LT,2,1,184705,221021014644,2022-10-13,225164,2025-02-15 22:52:55.000,0,NULL,NULL,2022-10-10,NULL,NULL,NULL,0,0,
7919,,2203-COMP-NB-ICT-PTRE-22,ASUS VIVOBOOK S14 K3402ZA OLED,ICT,ASUS,Intel Core I5 12500H 12GB 512SSD IRISXE  14.0 2.8K,14000000,101036,0,0,16-12502,120004,9,LT,2,1,245409,241206090428,2024-12-06,225164,2024-03-27 14:25:04.000,0,NULL,NULL,2022-11-01,NULL,NULL,NULL,0,0,
7920,,2204-COMP-NB-ICT-PTRE-22,ASUS VIVOBOOK S14 K3402ZA OLED,ICT,ASUS,Intel Core I5 12500H 12GB 512SSD IRISXE  14.0 2.8K,14000000,102016,0,0,19-15109,120004,9,LT,2,1,225163,221216030031,2022-11-08,225164,2024-04-17 10:04:42.000,0,NULL,NULL,2022-11-03,NULL,NULL,NULL,0,0,
7921,,2205-COMP-NB-ICT-PTRE-22,HP ENVY X360 13 BF0042TU,ICT,HP,Intel Core I7 1250U 16GB 512SSD  13.3WUXGA,21000000,102015,0,1,20-1321002,120004,22,LT,0,1,124295,221216030315,2022-11-25,053573,2022-12-16 15:02:47.000,0,NULL,NULL,2022-11-22,NULL,NULL,NULL,0,0,
7922,,2206-COMP-NB-ICT-PTRE-22,LENOVO YOGA SLIM 7i CARBON TOUCH KSO RE RECON,ICT,LENOVO,Intel i7 1260P 16GB 1TBSSD IRISXE  13.3 2.5K ,21000000,102015,0,0,22-3200000,120004,22,LT,2,1,023061,221216030731,2022-12-01,225164,2025-02-15 23:40:08.000,0,NULL,NULL,2022-11-22,NULL,NULL,NULL,0,0,
7923,,2207-COMP-NB-ICT-PTRE-22,LENOVO GAMING 3 15,ICT,LENOVO, RYZEN 5 5600H 16GB 512SSD  GTX1650 SSD512GB 15.6,13000000,104011,0,1,20-3313014,120004,22,LT,0,1,124299,221216033103,2022-12-05,053573,2022-12-16 15:30:04.000,0,NULL,NULL,2022-11-29,NULL,NULL,NULL,0,0,
7924,,2208-COMP-NB-ICT-PTRE-22,LENOVO GAMING 3 15,ICT,LENOVO, RYZEN 5 5600H 16GB 512SSD  GTX1650 SSD512GB 15.6,13000000,104011,0,0,20-3313014,120004,22,LT,2,1,063622,241211075401,2022-12-06,225164,2025-02-15 23:26:45.000,0,NULL,NULL,2022-11-29,NULL,NULL,NULL,0,0,
7925,,2209-COMP-NB-ICT-PTRE-22,ASUS VIVOBOOK S14 K3402ZA OLED,ICT,ASUS,Intel Core I5 12500H 12GB 512SSD IRISXE  14.0 2.8K,13000000,101034,0,0,NULL,120004,9,LT,0,1,302417,221216034334,2022-12-09,053573,2022-12-16 15:43:08.000,0,NULL,NULL,2022-12-08,NULL,NULL,NULL,0,0,
7926,,2210-COMP-NB-ICT-PTRE-22,ASUS VIVOBOOK S14 K3402ZA OLED,ICT,ASUS,Intel Core I5 12500H 12GB 512SSD IRISXE  14.0 2.8K,13000000,101036,0,0,20-1321002,120004,80,LT,2,1,245438,250130081408,2025-01-24,225164,2024-04-16 11:25:02.000,0,NULL,NULL,2022-12-08,NULL,NULL,NULL,0,0,
7927,,2211-COMP-NB-ICT-PTRE-22,ASUS VIVOBOOK PRO OLED M3400QA,ICT,ASUS,RYZEN 5 5600H 16GB 512SSD 14.0 2.8K ,12000000,101036,0,0,21-1351011,120004,9,LT,2,1,225168,240123105224,2024-01-09,225164,2024-03-27 14:57:37.000,0,NULL,NULL,2022-12-08,NULL,NULL,NULL,0,0,
7928,,2212-COMP-NB-ICT-PTRE-22,ASUS VIVOBOOK PRO OLED M3400QA,ICT,ASUS,RYZEN 5 5600H 16GB 512SSD 14.0 2.8K ,12000000,101036,0,0,19-15109,120004,9,LT,2,1,124338,240123102919,2024-01-04,225164,2024-03-27 14:23:17.000,0,NULL,NULL,2022-12-08,NULL,NULL,NULL,0,0,
7931,,2215-COMP-NB-ICT-PTRE-22,ASUS VIVOBOOK PRO OLED M3400QA,ICT,ASUS,"RYZEN 5 5600H 16GB 512SSD 14.0 2.8K 
",12000000,101045,0,0,22-1321022.001,120004,9,LT,2,1,245391,240517091234,2024-05-17,225164,2025-07-22 05:45:29.000,0,NULL,NULL,2022-12-12,NULL,NULL,NULL,0,0,
7932,,2216-COMP-NB-ICT-PTRE-22,Asus Zenbook  UP5401EA,ICT,ASUS,Intel Core I7-1165G7 16GB SSD 1TB 2.8K OLED TOUCH,20000000,102014,0,0,NULL,120004,22,LT,0,1,033345,221230105419,2022-12-14,053573,2022-12-30 10:53:44.000,0,NULL,NULL,2022-12-12,NULL,NULL,NULL,0,0,
7933,,2217-COMP-NB-ICT-PTRE-22,Lenovo Yoga 7 14IAL7 82QE003SID,ICT,LENOVO," Intel Core i7-1260P 16GB 1TB SSD 14"" 2.8K ",23000000,102015,0,1,22-3151008,120004,22,LT,0,1,022020,221230105647,2022-12-15,053573,2022-12-30 10:56:32.000,0,NULL,NULL,2022-12-14,NULL,NULL,NULL,0,0,
7934,,2218-COMP-NB-ICT-PTRE-22,Acer Swift 3 Infinity4 SF314 EVO,ICT,ACER,"Intel Core i7 1165g7  16gb 512Gb SSD Iris XE  14"" FHD ",17000000,991001,0,1,22-1321022,120004,80,LT,0,1,124295,230116113127,2022-12-30,053573,2023-01-16 11:25:33.000,0,NULL,NULL,2022-12-27,NULL,NULL,NULL,0,0,
7935,,2219-COMP-NB-ICT-PTRE-22,Acer Swift 3 Infinity4 SF314 EVO,ICT,ACER,"Intel Core i7 1165g7  16gb 512Gb SSD Iris XE  14"" FHD ",17000000,991001,0,1,22-1321022,120004,80,LT,0,1,124295,230116113104,2022-12-30,053573,2023-01-16 11:26:54.000,0,NULL,NULL,2022-12-27,NULL,NULL,NULL,0,0,
7936,,2220-COMP-NB-ICT-PTRE-22,Acer Swift 3 Infinity4 SF314 EVO,ICT,ACER,"Intel Core i7 1165g7  16gb 512Gb SSD Iris XE  14"" FHD ",17000000,991001,0,1,22-1321022,120004,80,LT,0,1,124295,230116112959,2022-12-30,053573,2023-01-16 11:29:13.000,0,NULL,NULL,2022-12-27,NULL,NULL,NULL,0,0,
7937,,2221-COMP-NB-ICT-PTRE-22,ASUS VIVOBOOK PRO OLED M3400QA,ICT,ASUS,RYZEN 5 5600H 16GB 512SSD 14.0 2.8K ,12000000,991001,0,0,16-12502,120004,9,LT,0,1,134408,230120101949,2023-01-13,053573,2023-01-20 10:21:07.000,0,NULL,NULL,2022-12-27,NULL,NULL,NULL,0,0,
7938,,2222-COMP-NB-ICT-PTRE-22,ASUS VIVOBOOK PRO OLED M3400QA,ICT,ASUS,"RYZEN 5 5600H 16GB 512SSD 14.0 2.8K 
",12000000,991001,0,0,16-12502,120004,9,LT,0,1,134408,230120102843,2023-01-20,053573,2023-01-20 10:31:40.000,0,NULL,NULL,2022-12-27,NULL,NULL,NULL,0,0,
7939,,2223-COMP-NB-ICT-PTRE-22,ASUS VIVOBOOK PRO OLED M3400QA,ICT,ASUS,"RYZEN 5 5600H 16GB 512SSD 14.0 2.8K 
",12000000,101051,0,0,16-12502,120004,9,LT,0,1,255495,260429113559,2025-11-20,225164,2026-04-29 16:00:34.000,0,NULL,NULL,2022-12-27,NULL,NULL,NULL,0,0,
7940,,2224-COMP-NB-ICT-PTRE-22,Asus Zenbook  UP5401EA,ICT,ASUS,"Intel Core I7-1165G7 16GB SSD 1TB 2.8K OLED TOUCH
",20000000,104012,0,0,16-12502,120004,9,LT,2,1,023067,230120103553,2023-01-27,225164,2024-04-23 14:03:12.000,0,NULL,NULL,2022-12-27,NULL,NULL,NULL,0,0,
8037,,2225-COMP-NB-ICT-PTRE-23,LENOVO YOGA 7 14 OLED TOUCH,ICT,LENOVO,"RYZEN 7 6800U 16GB 512SSD OLED 14.0 2.8K Touch 
",17500000,101045,0,0,16-12502,120004,22,LT,2,1,033340,240123104250,2024-01-02,225164,2024-03-27 14:41:11.000,0,NULL,NULL,2023-01-27,NULL,NULL,NULL,0,0,
8039,,2227-COMP-NB-ICT-PTRE-23,MSI THIN GF63,ICT,MSI,"Intel Core I7 11800H RAM 16GB 512SSD W11 15"" FHD  GTX1650
",13000000,991001,0,1,22-1321022.001,120004,80,LT,0,1,124299,230621031412,2023-02-06,053573,2023-06-21 15:13:19.000,0,NULL,NULL,2023-02-03,NULL,NULL,NULL,0,0,
8040,,2228-COMP-NB-ICT-PTRE-23,MSI THIN GF63,ICT,MSI,"Intel Core I7 11800H RAM 16GB 512SSD W11 15"" FHD  GTX1650
",13000000,102031,0,0,22-1321022.001,120004,80,LT,0,1,255585,260420104347,2026-04-20,225164,2026-04-20 10:43:21.000,0,NULL,NULL,2023-02-03,NULL,NULL,NULL,0,0,
8041,,2229-COMP-NB-ICT-PTRE-23,MSI THIN GF63,ICT,MSI,"Intel Core I7 11800H RAM 16GB 512SSD W11 15"" FHD  GTX1650
",13000000,102031,0,0,22-1321022.001,120004,80,LT,0,1,245376,260505100857,2026-05-04,225164,2026-05-05 10:11:30.000,0,NULL,NULL,2023-02-03,NULL,NULL,NULL,0,0,
8042,,2230-COMP-NB-ICT-PTRE-23,MSI THIN GF63,ICT,MSI,"Intel Core I7 11800H RAM 16GB 512SSD W11 15"" FHD  GTX1650
",13000000,991001,0,1,22-1321022.001,120004,80,LT,0,1,124299,230621032948,2023-02-06,053573,2023-06-21 15:29:11.000,0,NULL,NULL,2023-02-03,NULL,NULL,NULL,0,0,
8043,,2231-COMP-NB-ICT-PTRE-23,MSI THIN GF63,ICT,MSI,"Intel Core I7 11800H RAM 16GB 512SSD W11 15"" FHD  GTX1650
",13000000,991001,0,1,22-1321022.001,120004,80,LT,0,1,124299,230621033202,2023-02-06,053573,2023-06-21 15:31:39.000,0,NULL,NULL,2023-02-03,NULL,NULL,NULL,0,0,
8044,,2232-COMP-NB-ICT-PTRE-23,MSI THIN GF63,ICT,MSI,"Intel Core I7 11800H RAM 16GB 512SSD W11 15"" FHD  GTX1650
",13000000,104011,0,0,22-1321022.001,120004,80,LT,0,1,073770,260305014358,2026-02-18,225164,2026-03-05 13:43:43.000,0,NULL,NULL,2023-02-03,NULL,NULL,NULL,0,0,
8045,,2233-COMP-NB-ICT-PTRE-23,MSI THIN GF63,ICT,MSI,"Intel Core I7 11800H RAM 16GB 512SSD W11 15"" FHD  GTX1650
",13000000,102031,0,0,22-1321022.001,120004,80,LT,0,1,124330,260311112501,2026-03-11,225164,2026-03-11 11:24:38.000,0,NULL,NULL,2023-02-03,NULL,NULL,NULL,0,0,
8046,,2234-COMP-NB-ICT-PTRE-23,MSI THIN GF63,ICT,MSI,"Intel Core I7 11800H RAM 16GB 512SSD W11 15"" FHD  GTX1650
",13000000,991001,0,1,22-1321022.001,120004,80,LT,0,1,124299,230621034004,2023-02-06,053573,2023-06-21 15:39:39.000,0,NULL,NULL,2023-02-03,NULL,NULL,NULL,0,0,
8049,,2237-COMP-NB-ICT-PTRE-23,MSI THIN GF63,ICT,MSI,"Intel Core I7 11800H RAM 16GB 512SSD W11 15"" FHD  GTX1650
",13000000,101040,0,0,22-1321022.001,120004,80,LT,0,1,134358,260312023812,2026-03-12,225164,2026-03-12 14:37:55.000,0,NULL,NULL,2023-02-15,NULL,NULL,NULL,0,0,
8050,,2238-COMP-NB-ICT-PTRE-23,MSI THIN GF63,ICT,MSI,"Intel Core I7 11800H RAM 16GB 512SSD W11 15"" FHD  GTX1650
",13000000,102031,0,0,22-1321022.001,120004,80,LT,0,1,265610,260423020122,2026-04-23,225164,2026-04-23 14:01:05.000,0,NULL,NULL,2023-02-15,NULL,NULL,NULL,0,0,
8051,,2239-COMP-NB-ICT-PTRE-23,MSI THIN GF63,ICT,MSI,"Intel Core I7 11800H RAM 16GB 512SSD W11 15"" FHD  GTX1650
",13000000,101040,0,0,22-1321022.001,120004,80,LT,0,1,114175,260313015211,2026-03-13,225164,2026-03-04 09:25:58.000,0,NULL,NULL,2023-02-15,NULL,NULL,NULL,0,0,
8052,,2240-COMP-NB-ICT-PTRE-23,MSI THIN GF63,ICT,MSI,"Intel Core I7 11800H RAM 16GB 512SSD W11 15"" FHD  GTX1650
",13000000,102031,0,0,22-1321022.001,120004,80,LT,0,1,255486,260428105027,2026-04-28,225164,2026-04-28 10:49:37.000,0,NULL,NULL,2023-02-15,NULL,NULL,NULL,0,0,
8053,,2241-COMP-NB-ICT-PTRE-23,MSI THIN GF63,ICT,MSI,"Intel Core I7 11800H RAM 16GB 512SSD W11 15"" FHD  GTX1650
",13000000,102031,0,0,22-1321022.001,120004,80,LT,0,1,255488,260428104112,2026-04-28,225164,2026-04-28 10:41:20.000,0,NULL,NULL,2023-02-15,NULL,NULL,NULL,0,0,
8054,,2242-COMP-NB-ICT-PTRE-23,MSI THIN GF63,ICT,MSI,"Intel Core I7 11800H RAM 16GB 512SSD W11 15"" FHD  GTX1650
",13000000,991001,0,1,22-1321022.001,120004,80,LT,0,1,124299,230623023513,2023-02-22,053573,2023-06-23 14:34:53.000,0,NULL,NULL,2023-02-17,NULL,NULL,NULL,0,0,
8055,,2243-COMP-NB-ICT-PTRE-23,Asus Tuff FX506LHB,ICT,ASUS,"Intel Core I5 10300H RAM 8GB 512SSD W11 15"" FHD  GTX1650
",11000000,991001,0,1,22-1321022.001,120004,22,LT,0,1,124299,230623030755,2023-02-22,053573,2023-06-23 14:54:22.000,0,NULL,NULL,2023-02-17,NULL,NULL,NULL,0,0,
8056,,2244-COMP-NB-ICT-PTRE-23,Asus Tuff FX506LHB,ICT,ASUS,"Intel Core I5 10300H RAM 8GB 512SSD W11 15"" FHD  GTX1650
",11000000,991001,0,1,22-1321022.001,120004,22,LT,0,1,124299,230623030659,2023-02-22,053573,2023-06-23 14:55:36.000,0,NULL,NULL,2023-02-17,NULL,NULL,NULL,0,0,
8057,,2245-COMP-NB-ICT-PTRE-23,Asus Tuff FX506LHB,ICT,ASUS,"Intel Core I5 10300H RAM 8GB 512SSD W11 15"" FHD  GTX1650
",11000000,991001,0,1,22-1321022.001,120004,22,LT,0,1,124299,230623030728,2023-02-22,053573,2023-06-23 14:57:03.000,0,NULL,NULL,2023-02-17,NULL,NULL,NULL,0,0,
8058,,2246-COMP-NB-ICT-PTRE-23,Asus Tuff FX506LHB,ICT,ASUS,"Intel Core I5 10300H RAM 8GB 512SSD W11 15"" FHD  GTX1650
",11000000,991001,0,0,22-1321022.001,120004,22,LT,0,1,124299,230623030628,2023-02-22,053573,2023-06-23 14:57:51.000,0,NULL,NULL,2023-06-23,NULL,NULL,NULL,0,0,
8059,,2247-COMP-NB-ICT-PTRE-23,Asus Tuff FX506LHB,ICT,ASUS,"Intel Core I5 10300H RAM 8GB 512SSD W11 15"" FHD  GTX1650
",11000000,104012,0,0,22-1321022.001,120004,22,LT,0,1,255592,260424014431,2026-04-24,225164,2026-04-24 13:44:11.000,0,NULL,NULL,2023-02-17,NULL,NULL,NULL,0,0,
8060,,2248-COMP-NB-ICT-PTRE-23,Asus Tuff FX506LHB,ICT,ASUS,"Intel Core I5 10300H RAM 8GB 512SSD W11 15"" FHD  GTX1650
",11000000,104012,0,0,22-1321022.001,120004,22,LT,0,1,255480,260226030245,2026-02-26,225164,2026-02-26 15:01:06.000,0,NULL,NULL,2023-02-17,NULL,NULL,NULL,0,0,
8061,,2249-COMP-NB-ICT-PTRE-23,Asus Tuff FX506LHB,ICT,ASUS,"Intel Core I5 10300H RAM 8GB 512SSD W11 15"" FHD  GTX1650
",11000000,991001,0,0,22-1321022.001,120004,22,LT,0,1,235278,260918053802,2026-09-16,053573,2023-06-23 15:02:32.000,0,NULL,NULL,2023-02-17,NULL,NULL,NULL,0,0,
8062,,2250-COMP-NB-ICT-PTRE-23,Asus Tuff FX506LHB,ICT,ASUS,"Intel Core I5 10300H RAM 8GB 512SSD W11 15"" FHD  GTX1650
",11000000,105009,0,0,22-1321022.001,120004,22,LT,0,1,255514,260304102338,2026-03-04,225164,2026-03-04 10:23:49.000,0,NULL,NULL,2023-02-17,NULL,NULL,NULL,0,0,
8063,,2251-COMP-NB-ICT-PTRE-23,ASUS VIVOBOOK S14 K3402ZA OLED,ICT,ASUS,"Intel Core I5 12500H 12GB 512SSD IRISXE  14.0 2.8K
",13000000,103010,0,0,22-1321022.001,120004,80,LT,2,1,194795,230623031956,2023-02-28,225164,2024-05-07 11:15:51.000,0,NULL,NULL,2023-02-23,NULL,NULL,NULL,0,0,
8064,,2252-COMP-NB-ICT-PTRE-23,ASUS VIVOBOOK PRO OLED M3400QA,ICT,ASUS,"RYZEN 5 5600H 16GB 512SSD 14.0 2.8K 
",12000000,101045,0,0,23-1311022,120004,22,LT,2,1,130090,240423054934,2024-01-25,225164,2024-04-30 16:54:03.000,0,NULL,NULL,2023-02-23,NULL,NULL,NULL,0,0,
8065,,2253-COMP-NB-ICT-PTRE-23,MSI THIN GF63,ICT,MSI,"Intel Core I7 11800H RAM 16GB 512SSD W11 15"" FHD  GTX1650
",13000000,104011,0,0,22-1321022.001,120004,80,LT,0,1,033232,260518013059,2026-05-11,225164,2026-05-18 13:30:36.000,0,NULL,NULL,2023-02-17,NULL,NULL,NULL,0,0,
8066,,2254-COMP-NB-ICT-PTRE-23,MSI THIN GF63,ICT,MSI,"Intel Core I7 11800H RAM 16GB 512SSD W11 15"" FHD  GTX1650
",13000000,991001,0,1,22-1321022.001,120004,80,LT,0,1,124299,230623033222,2023-04-04,053573,2023-06-23 15:32:10.000,0,NULL,NULL,2023-03-30,NULL,NULL,NULL,0,0,
8067,,2255-COMP-NB-ICT-PTRE-23,ASUS VIVOBOOK PRO OLED M3400QA,ICT,ASUS,RYZEN 7 5800H 16GB 512SSD 14.0 2.8K ,12000000,991001,0,1,16-12502,120004,80,LT,0,1,134408,230707024428,2023-04-27,053573,2023-07-07 14:43:39.000,0,NULL,NULL,2023-04-13,NULL,NULL,NULL,0,0,
8068,,2256-COMP-NB-ICT-PTRE-23,ASUS ZENBOOK 14 FLIP OLED UN5401QA,ICT,ASUS," RYZEN 7-5800H 16GB 512GB 14""",17000000,105008,0,0,19-15109,120004,80,LT,2,1,302616,230707024950,2023-05-19,225164,2024-04-17 09:11:15.000,0,NULL,NULL,2023-05-17,NULL,NULL,NULL,0,0,
8069,,2257-COMP-NB-ICT-PTRE-23,ASUS VIVOBOOK PRO OLED M3400QA,ICT,ASUS,"RYZEN 7 5800H 16GB 512SSD 14.0 2.8K 
",12000000,102030,0,0,23-1321017,120004,80,LT,2,1,255545,250707112413,2025-07-07,225164,2025-07-07 11:24:00.000,0,NULL,NULL,2023-05-17,NULL,NULL,NULL,0,0,
8070,,2258-COMP-NB-ICT-PTRE-23,MSI THIN GF63,ICT,ASUS,"Intel Core I7 11800H RAM 16GB 512SSD W11 15"" FHD  GTX1650
",15000000,991001,0,1,22-1321022.001,120004,80,LT,0,1,124299,230707031625,2023-06-09,053573,2023-07-07 15:15:32.000,0,NULL,NULL,2023-05-24,NULL,NULL,NULL,0,0,
8071,,2259-COMP-NB-ICT-PTRE-23,ASUS VIVOBOOK PRO OLED M3400QA,ICT,ASUS,"RYZEN 7 5800H 16GB 512SSD 14.0 2.8K 
",12000000,991001,0,1,16-12502,120004,80,LT,0,1,134408,230707031949,2023-06-26,053573,2023-07-07 15:19:00.000,0,NULL,NULL,2023-05-24,NULL,NULL,NULL,0,0,
8072,,2260-COMP-NB-ICT-PTRE-23,LENOVO YOGA 7 14 OLED TOUCH,ICT,LENOVO,"Intel Core i7-1360 16GB  1TB SSD  14"" 2.8K 
",19000000,102021,0,0,20-1321002,120004,1081,LT,2,1,063688,230707033000,2023-06-09,225164,2024-04-16 13:15:07.000,0,NULL,NULL,2023-06-05,NULL,NULL,NULL,0,0,
8074,,2262-COMP-NB-ICT-PTRE-23,Lenovo Ideapad Gaming 3 15,ICT,LENOVO,"RYZEN 5 5600H 16GB 512SSD 15"" FHD",15000000,104011,0,1,23-1321006,120004,1081,LT,0,1,120052,230913022843,2023-08-14,053573,2023-09-13 14:27:35.000,0,NULL,NULL,2023-07-27,NULL,NULL,NULL,0,0,
8075,,2263-COMP-NB-ICT-PTRE-23,MSI THIN GF63,ICT,MSI,"Intel Core I7 11800H RAM 16GB 512SSD W11 15"" FHD  GTX2050",15000000,991001,0,1,22-1321022.001,120004,9,LT,0,1,124299,230913023336,2023-08-14,053573,2023-09-13 14:33:07.000,0,NULL,NULL,2023-08-01,NULL,NULL,NULL,0,0,
8076,,2264-COMP-NB-ICT-PTRE-23,MSI THIN GF63,ICT,MSI,"Intel Core I7 11800H RAM 16GB 512SSD W11 15"" FHD  GTX2050",15000000,104011,0,0,22-1321022.001,120004,9,LT,0,1,315118,260311081754,2026-03-10,225164,2026-03-11 08:17:34.000,0,NULL,NULL,2023-08-02,NULL,NULL,NULL,0,0,
8077,,2265-COMP-NB-ICT-PTRE-23,ASUS VIVOBOOK PRO OLED M3400QA,ICT,ASUS,RYZEN 7 5800H 16GB 512SSD 14.0 2.8K ,12000000,101045,0,0,16-12502,120004,80,LT,2,1,053573,240123103920,2024-01-02,225164,2024-03-27 14:33:25.000,0,NULL,NULL,2023-08-03,NULL,NULL,NULL,0,0,
8078,,2266-COMP-NB-ICT-PTRE-23,Lenovo Legion Slim 5 16IRH8,ICT,LENOVO,"Intel i7-13700H 32GB 512GB SSD 16"" WQXGA RTX 4060 ",31000000,991001,0,1,16-12502,120004,80,LT,0,1,134408,231004032601,2023-08-18,053573,2023-10-04 15:25:30.000,0,NULL,NULL,2023-08-16,NULL,NULL,NULL,0,0,
8079,,2267-COMP-NB-ICT-PTRE-23,ASUS VIVOBOOK PRO OLED M3400QA,ICT,ASUS,"RYZEN 7 5800H 16GB 512SSD 14.0 2.8K 
",12000000,101036,0,0,22-1324014,120004,22,LT,2,1,245409,241210051627,2024-12-10,225164,2024-12-13 11:41:39.000,0,NULL,NULL,2023-08-23,NULL,NULL,NULL,0,0,
8088,,2276-COMP-NB-ICT-PTRE-23,Asus Vivobook 14X M1403QA,ICT,ASUS,"Ryzen R5 5600H 16GBSSD 512GB 14"" FHD",10000000,105009,0,0,23-1327014,120004,22,LT,2,1,235273,231027025613,2023-09-29,306117,2023-10-27 16:37:53.000,0,NULL,NULL,2023-09-26,NULL,NULL,NULL,0,0,
8089,,2277-COMP-NB-ICT-PTRE-23,Asus TUF Gaming F15 FX506HF,ICT,ASUS,Intel i5-11400H 16GB|SSD 512GB RTX 2050,14000000,104008,0,1,23-1327014,120004,22,LT,0,1,104094,231027030403,2023-10-02,053573,2023-10-27 15:03:35.000,0,NULL,NULL,2023-09-26,NULL,NULL,NULL,0,0,
8101,,2289-COMP-NB-ICT-PTRE-23,Asus Vivobook 14X M1403QA,ICT,ASUS,"Ryzen R5 5600H 16GBSSD 512GB 14"" FHD",10000000,104011,0,0,15-0601,120004,22,LT,2,1,235331,240416015612,2024-01-08,225164,2024-04-16 13:55:29.000,0,NULL,NULL,2023-09-29,NULL,NULL,NULL,0,0,
8102,,2290-COMP-NB-ICT-PTRE-23,Asus Vivobook 14X M1403QA,ICT,ASUS,"Ryzen R5 5600H 16GBSSD 512GB 14"" FHD",10000000,101036,0,0,15-0601,120004,22,LT,2,1,300317,231031105925,2023-10-06,225164,2024-05-07 15:57:38.000,0,NULL,NULL,2023-09-29,NULL,NULL,NULL,0,0,
8103,,2291-COMP-NB-ICT-PTRE-23,Asus Vivobook 14X M1403QA,ICT,ASUS,"Ryzen R5 5600H 16GBSSD 512GB 14"" FHD",10000000,102016,0,0,23-1321012,120004,22,LT,2,1,255562,250806014144,2025-08-06,225164,2024-04-04 08:10:23.000,0,NULL,NULL,2023-10-10,NULL,NULL,NULL,0,0,
8104,,2292-COMP-NB-ICT-PTRE-23,Lenovo IdeaPad Flex 5 14ABR8,ICT,LENOVO," Ryzen™ 5 7530U DDR4 16GB Soldered 512GB SSD Nvme 14""",12000000,102016,0,0,22-1321022.001,120004,22,LT,2,1,134390,231031110414,2023-10-20,225164,2024-03-12 02:11:50.000,0,NULL,NULL,2023-10-10,NULL,NULL,NULL,0,0,
8106,,2294-COMP-NB-ICT-PTRE-23,Lenovo Ideapad IP 5 14IRL8,ICT,LENOVO,CORE I7-13620H RAM 16GB 512GB SSD 14.0 WUXGA,13000000,991001,0,0,22-1321022.001,120004,22,LT,2,1,124295,231031023411,2023-10-23,225164,2024-03-12 06:16:06.000,0,NULL,NULL,2023-10-16,NULL,NULL,NULL,0,0,
8107,,2295-COMP-NB-ICT-PTRE-23,Lenovo Ideapad IP 5 14IRL8,ICT,LENOVO,CORE I7-13620H RAM 16GB 512GB SSD 14.0 WUXGA,13000000,991001,0,0,22-1321022.001,120004,22,LT,2,1,124295,231106093131,2023-11-06,225164,2024-03-12 04:57:21.000,0,NULL,NULL,2023-10-16,NULL,NULL,NULL,0,0,
8108,,2296-COMP-NB-ICT-PTRE-23,Lenovo Ideapad IP 5 14IRL8,ICT,LENOVO,"CORE I7-13620H RAM 16GB 512GB SSD 14.0 WUXGA
PHR Zona 4",13000000,991001,0,0,22-1321022.001,120004,80,LT,2,1,314018,241028022214,2024-07-29,225164,2024-03-12 02:06:44.000,0,NULL,NULL,2023-10-31,NULL,NULL,NULL,0,0,
8109,,2297-COMP-NB-ICT-PTRE-23,Lenovo Ideapad IP 5 14IRL8,ICT,LENOVO,CORE I7-13620H RAM 16GB 512GB SSD 14.0 WUXGA,13000000,991001,0,0,22-1321022.001,120004,80,LT,2,1,124295,231106093628,2023-11-06,225164,2024-03-12 02:31:30.000,0,NULL,NULL,2023-10-16,NULL,NULL,NULL,0,0,
8110,,2298-COMP-NB-ICT-PTRE-23,Lenovo Ideapad IP 5 14IRL8,ICT,LENOVO,CORE I7-13620H RAM 16GB 512GB SSD 14.0 WUXGA,13000000,991001,0,0,22-1321022.001,120004,80,LT,2,1,124295,231106092905,2023-11-06,225164,2024-03-12 02:37:43.000,0,NULL,NULL,2023-10-16,NULL,NULL,NULL,0,0,
8111,,2299-COMP-NB-ICT-PTRE-23,Asus Vivobook 14X M1403QA,ICT,ASUS,"Ryzen R5 5600H 16GBSSD 512GB 14"" FHD",10000000,101036,0,0,23-1321012,120004,22,LT,2,1,265630,260505012927,2026-05-05,225164,2026-05-05 13:29:39.000,0,NULL,NULL,2023-10-27,NULL,NULL,NULL,0,0,
8112,,2300-COMP-NB-ICT-PTRE-23,Asus Vivobook 14X M1403QA,ICT,ASUS,"Ryzen R5 5600H 16GBSSD 512GB 14"" FHD
",10000000,101036,0,0,23-1321012,120004,80,LT,2,1,255507,250318021635,2025-03-06,225164,2023-11-02 16:33:30.000,0,NULL,NULL,2023-10-27,NULL,NULL,NULL,0,0,
8113,,2301-COMP-NB-ICT-PTRE-23,Asus Vivobook 14X M1403QA,ICT,ASUS,"Ryzen R5 5600H 16GBSSD 512GB 14"" FHD
",10000000,101036,0,0,23-1321012,120004,22,LT,2,1,235333,231102042858,2023-11-01,225164,2023-11-02 16:29:08.000,0,NULL,NULL,2023-10-27,NULL,NULL,NULL,0,0,
8114,,2302-COMP-NB-ICT-PTRE-23,Asus Vivobook 14X M1403QA,ICT,ASUS,"Ryzen R5 5600H 16GBSSD 512GB 14"" FHD
",10000000,101036,0,0,23-1321012,120004,22,LT,2,1,245398,250623115233,2025-06-23,225164,2023-11-02 16:07:34.000,0,NULL,NULL,2023-10-27,NULL,NULL,NULL,0,0,
8115,,2303-COMP-NB-ICT-PTRE-23,Asus Vivobook 14X M1403QA,ICT,ASUS,"Ryzen R5 5600H 16GBSSD 512GB 14"" FHD
",10000000,101036,0,0,23-1321012,120004,22,LT,2,1,308818,240801105134,2024-08-01,225164,2024-08-01 10:51:48.000,0,NULL,NULL,2023-10-27,NULL,NULL,NULL,0,0,
8116,,2304-COMP-NB-ICT-PTRE-23,Asus Vivobook 14X M1403QA,ICT,ASUS,"Ryzen R5 5600H 16GBSSD 512GB 14"" FHD
",10000000,101036,0,0,23-1321012,120004,22,LT,2,1,255580,251020100938,2025-10-17,225164,2024-10-03 14:49:14.000,0,NULL,NULL,2023-10-27,NULL,NULL,NULL,0,0,
8120,,2308-COMP-NB-ICT-PTRE-23,Asus TUF Gaming FX507ZV4,ICT,ASUS,CORE I7-12700H RAM 16GB 512GB SSD RTX 4060,19500000,991001,0,0,16-12502,120004,1085,LT,2,1,134408,240123091712,2023-12-01,225164,2024-01-23 09:17:19.000,0,NULL,NULL,2023-11-29,NULL,NULL,NULL,0,0,
8121,,2309-COMP-NB-ICT-PTRE-23,ASUS VIVOBOOK PRO OLED M3400QA,ICT,ASUS,RYZEN 7 5800H 16GB 512SSD 14.0 2.8K ,11000000,101045,0,0,23-1321012,120004,22,LT,2,1,104136,240429030922,2024-04-29,225164,2026-05-25 14:17:45.000,0,NULL,NULL,2023-11-30,NULL,NULL,NULL,0,0,
8122,,2310-COMP-NB-ICT-PTRE-23,Asus Vivobook 14X M1403QA,ICT,ASUS,RYZEN 7 5800H 16GB 512SSD 14.0 FHD,9000000,991001,0,1,16-12502,120004,1085,LT,0,1,134408,240121114437,2023-12-22,053573,2024-01-21 23:44:14.000,0,NULL,NULL,2023-12-21,NULL,NULL,NULL,0,0,
8123,,2311-COMP-NB-ICT-PTRE-23,Lenovo LOQ 15,ICT,LENOVO,RYZEN 7 7840HS 16GB 512SSD RTX 3050,15000000,104008,0,0,16-12502,120004,1085,LT,2,1,124310,240123101722,2024-01-02,225164,2024-03-25 11:23:55.000,0,NULL,NULL,2023-12-29,NULL,NULL,NULL,0,0,
8151,,2318-COMP-NB-ICT-PTRE-24,Asus Vivobook 14X M1403QA,ICT,ASUS,"Ryzen R5 5600H 16GBSSD 512GB 14"" FHD",10000000,101036,0,0,23-1321012,120004,22,LT,2,1,235363,240228113027,2024-01-31,225164,2024-04-06 01:34:57.000,0,NULL,NULL,2024-01-29,NULL,NULL,NULL,0,0,
8152,,2319-COMP-NB-ICT-PTRE-24,Asus Vivobook 14X M1403QA,ICT,ASUS,"Ryzen R5 5600H 16GBSSD 512GB 14"" FHD
",10000000,101036,0,0,23-1321012,120004,22,LT,2,1,235354,240228113353,2024-01-31,225164,2024-04-06 01:46:18.000,0,NULL,NULL,2024-01-29,NULL,NULL,NULL,0,0,
8153,,2320-COMP-NB-ICT-PTRE-24,Asus Vivobook 14X M1403QA,ICT,ASUS,"Ryzen R5 5600H 16GBSSD 512GB 14"" FHD
",10000000,102027,0,0,23-1321017,120004,22,LT,2,1,124303,240312045128,2024-02-22,225164,2024-04-06 01:53:01.000,0,NULL,NULL,2024-01-29,NULL,NULL,NULL,0,0,
8188,,2321-COMP-NB-ICT-PTRE-24,Asus Vivobook 14X M1403QA,ICT,ASUS,"Ryzen R7 5800HS 16GBSSD 512GB 14"" FHD",10000000,102027,0,0,23-1221046,120004,22,LT,2,1,194746,240312050646,2024-02-20,225164,2024-04-06 01:39:50.000,0,NULL,NULL,2024-01-29,NULL,NULL,NULL,0,0,
8189,,2322-COMP-NB-ICT-PTRE-0324,Lenovo Yoga Slim 7 Carbon 13IRP8,ICT,LENOVO,"Intel Core i5-1340P 13.3"" 2.5K (2560x1600) IPS 400nits , Touch, 16GB DDR5  512GB SSD  ",19000000,103010,0,0,NULL,120004,22,LT,0,1,022005,240312050617,2024-02-09,053573,2024-03-12 17:05:24.000,0,NULL,NULL,2024-02-01,NULL,NULL,NULL,0,0,
8190,,2323-COMP-NB-ICT-PTRE-24,Asus Vivobook 14 A1404VA-VIPS711,ICT,ASUS,"Intel i71355U RAM 16GB SSD 1TB 14""",15000000,103010,0,0,20-1321002,120004,22,LT,2,1,032227,240312052037,2024-02-20,225164,2024-04-16 11:29:24.000,0,NULL,NULL,2024-02-01,NULL,NULL,NULL,0,0,
8191,,2324-COMP-NB-ICT-PTRE-24,Asus Vivobook 14X M1403QA,ICT,ASUS,"Ryzen R7 5800HS 16GBSSD 512GB 14"" FHD
",10000000,101036,0,0,23-1131102,120004,22,LT,2,1,255583,260504090642,2026-04-30,225164,2024-04-16 15:16:05.000,0,NULL,NULL,2024-02-13,NULL,NULL,NULL,0,0,
8192,,2325-COMP-NB-ICT-PTRE-24,Asus Vivobook 14X M1403QA,ICT,ASUS,"Ryzen R7 5800HS 16GBSSD 512GB 14"" FHD
",10000000,101036,0,0,23-1131102,120004,22,LT,2,1,245366,260428035838,2026-04-28,225164,2026-04-28 15:58:43.000,0,NULL,NULL,2024-02-12,NULL,NULL,NULL,0,0,
8193,,2326-COMP-NB-ICT-PTRE-24,Lenovo IdeaPad Flex 5 14IRU8,ICT,LENOVO,"Intel Core i7-1355U, 16GB DDR4 512GB SSD  14"" WUXGA , Touchscreen,  ",15000000,101043,0,0,23-1131102,120004,22,LT,2,1,073749,240312065639,2024-02-29,140133,2024-07-30 15:57:50.000,0,NULL,NULL,2024-02-20,NULL,NULL,NULL,0,1,
8194,,2327-COMP-NB-ICT-PTRE-24,Lenovo IdeaPad Flex 5 14IRU8,ICT,LENOVO,"Intel Core i7-1355U, 16GB DDR4 512GB SSD  14"" WUXGA , Touchscreen,  
",15000000,102025,0,0,22-1321022.001,120004,22,LT,2,1,194855,240312090901,2024-02-29,225164,2024-04-17 08:49:01.000,0,NULL,NULL,2024-02-20,NULL,NULL,NULL,0,0,
8197,,2330-COMP-NB-ICT-PTRE-24,Asus Vivobook 14X M1403QA,ICT,ASUS,"Ryzen R7 5800HS 16GBSSD 512GB 14"" FHD
",10000000,101036,0,0,23-1131102,120004,22,LT,2,1,110014,240314125918,2024-03-04,225164,2024-04-17 10:15:13.000,0,NULL,NULL,2024-02-29,NULL,NULL,NULL,0,0,
8198,,2331-COMP-NB-ICT-PTRE-24,Asus Vivobook 14X M1403QA,ICT,ASUS,"Ryzen R7 5800HS 16GBSSD 512GB 14"" FHD
",10000000,102017,0,0,23-1321012,120004,22,LT,2,1,114219,240319022610,2024-03-19,225164,2024-04-23 13:49:25.000,0,NULL,NULL,2024-02-29,NULL,NULL,NULL,0,0,
8199,,2332-COMP-NB-ICT-PTRE-24,Asus Vivobook 14X M1403QA,ICT,ASUS,"Ryzen R7 5800HS 16GBSSD 512GB 14"" FHD
",10000000,102017,0,0,23-1321043,120004,22,LT,2,1,245367,240520015216,2024-05-20,225164,2024-05-20 13:51:57.000,0,NULL,NULL,2024-02-29,NULL,NULL,NULL,0,0,
8270,,2335-COMP-NB-ICT-PTRE-24,Asus Vivobook 14X M1403QA,ICT,ASUS,"Ryzen R7 5800HS 16GBSSD 512GB 14"" FHD",10000000,991001,0,1,16-12502,120004,1085,LT,0,NULL,NULL,NULL,NULL,053573,2024-03-26 14:45:34.000,0,NULL,NULL,2024-03-07,NULL,NULL,NULL,0,0,
8271,,2336-COMP-NB-ICT-PTRE-24,Lenovo Yoga Slim 7 Carbon 13IRP8,ICT,LENOVO,"Intel Core i5-1340P 13.3"" 2.5K (2560x1600) IPS 400nits , Touch, 16GB DDR5  512GB SSD  ",18000000,102016,0,0,21-1351011,120004,22,LT,2,1,124278,240401072734,2024-03-27,225164,2024-04-01 07:27:16.000,0,NULL,NULL,2024-03-22,NULL,NULL,NULL,0,0,
8643,,2337-COMP-NB-ICT-PTRE-24,Asus Vivobook 14X M1403QA,ICT,LENOVO,"Ryzen R7 5800HS 16GBSSD 512GB 14"" FHD",10000000,991001,0,0,16-12502,120004,1085,LT,2,1,134408,240723033559,2024-04-30,225164,2025-02-14 16:18:22.000,0,NULL,NULL,2024-04-25,NULL,NULL,NULL,0,0,
8644,,2338-COMP-NB-ICT-PTRE-24,Lenovo Yoga Slim 7 14IMH9,ICT,LENOVO,Intel Core i7 RAM 16GB SSD 1TB  OLED Touchscreen ,19000000,102015,0,0,19-11640,120004,1085,LT,2,1,022079,240723034304,2024-05-09,225164,2025-02-14 17:51:34.000,0,NULL,NULL,2024-05-04,NULL,NULL,NULL,0,0,
9475,,2339-COMP-NB-ICT-PTRE-24,Lenovo IdeaPad Flex 5 14IRU8,ICT,LENOVO,"Intel Core i7-1355U, 16GB DDR4 512GB SSD  14"" WUXGA , Touchscreen",16500000,101044,0,0,22-1321022.001,120004,1085,LT,2,1,154576,240816112806,2024-05-17,225164,2025-02-14 17:57:20.000,0,NULL,NULL,2024-05-15,NULL,NULL,NULL,0,0,
10524,,2344-COMP-NB-ICT-PTRE-24,Lenovo LOQ 15,ICT,LENOVO,"Intel Core i5 12450HX 12GB SSD 2x512GB RTX 2050 15"" FHD",15000000,102017,0,0,22-1321027,120004,1085,LT,0,1,134391,260529110353,2026-05-26,225164,2026-05-29 11:03:29.000,0,NULL,NULL,2024-06-28,NULL,NULL,NULL,0,0,
10525,,2345-COMP-NB-ICT-PTRE-24,Lenovo LOQ 15,ICT,LENOVO,"Intel Core i5 12450HX 12GB SSD 2x512GB RTX 2050 15"" FHD",15000000,104012,0,0,22-1321027,120004,1085,LT,0,1,265629,260902014801,2026-09-02,225164,2026-09-02 13:47:48.000,0,NULL,NULL,2024-06-28,NULL,NULL,NULL,0,0,
10526,,2346-COMP-NB-ICT-PTRE-24,Lenovo V14 G3 IAP,ICT,LENOVO,"Intel Core i5 1235U 8GB SSD 512GB Integrated VGA 14"" FHD",8500000,104007,0,0,24-1331010,120004,1120,LT,2,1,235303,251020075037,2025-08-25,225164,2025-10-20 19:50:58.000,0,NULL,NULL,2024-08-09,NULL,NULL,NULL,0,0,
10527,,2347-COMP-NB-ICT-PTRE-24,Lenovo V14 G3 IAP,ICT,LENOVO,"Intel Core i5 1235U 8GB SSD 512GB Integrated VGA 14"" FHD",8500000,101045,0,0,24-1331010,120004,1120,LT,2,1,194757,260119080623,2026-01-19,225164,2025-05-01 22:17:08.000,0,NULL,NULL,2024-08-09,NULL,NULL,NULL,0,0,
10528,,2348-COMP-NB-ICT-PTRE-24,Lenovo V14 G3 IAP,ICT,LENOVO,"Intel Core i5 1235U 8GB SSD 512GB Integrated VGA 14"" FHD",8500000,101036,0,0,24-1331010,120004,1120,LT,2,1,245374,260519050337,2026-05-13,225164,2025-05-24 23:33:26.000,0,NULL,NULL,2024-08-09,NULL,NULL,NULL,0,0,
10529,,2349-COMP-NB-ICT-PTRE-24,Lenovo V14 G3 IAP,ICT,LENOVO,"Intel Core i5 1235U 8GB SSD 512GB Integrated VGA 14"" FHD",8500000,101045,0,0,24-1331010,120004,1120,LT,2,1,235306,250221014810,2025-02-21,225164,2026-09-14 10:47:45.000,0,NULL,NULL,2024-08-09,NULL,NULL,NULL,0,0,
10530,,2350-COMP-NB-ICT-PTRE-24,Lenovo V14 G3 IAP,ICT,LENOVO,"Intel Core i5 1235U 8GB SSD 512GB Integrated VGA 14"" FHD",8500000,104012,0,0,24-1331010,120004,1120,LT,2,1,235322,250221033425,2025-02-21,225164,2025-02-21 15:34:02.000,0,NULL,NULL,2024-08-09,NULL,NULL,NULL,0,0,
10531,,2351-COMP-NB-ICT-PTRE-24,Lenovo V14 G3 IAP,ICT,LENOVO,"Intel Core i5 1235U 8GB SSD 512GB Integrated VGA 14"" FHD",8500000,101034,0,0,24-1331010,120004,1120,LT,2,1,194778,250923030344,2025-06-03,225164,2025-09-23 15:03:28.000,0,NULL,NULL,2024-08-09,NULL,NULL,NULL,0,0,
10532,,2352-COMP-NB-ICT-PTRE-24,Lenovo V14 G3 IAP,ICT,LENOVO,"Intel Core i5 1235U 8GB SSD 512GB Integrated VGA 14"" FHD",8500000,102031,0,0,24-1331010,120004,1120,LT,2,1,134362,250221100711,2025-02-20,225164,2025-02-21 10:08:30.000,0,NULL,NULL,2024-08-09,NULL,NULL,NULL,0,0,
10533,,2353-COMP-NB-ICT-PTRE-24,Lenovo V14 G3 IAP,ICT,LENOVO,"Intel Core i5 1235U 8GB SSD 512GB Integrated VGA 14"" FHD",8500000,102016,0,0,24-1331010,120004,1120,LT,2,1,194889,250303080145,2025-03-03,225164,2025-03-03 08:01:57.000,0,NULL,NULL,2024-08-09,NULL,NULL,NULL,0,0,
10534,,2354-COMP-NB-ICT-PTRE-24,Lenovo V14 G3 IAP,ICT,LENOVO,"Intel Core i5 1235U 8GB SSD 512GB Integrated VGA 14"" FHD",8500000,101047,0,0,24-1331010,120004,1120,LT,2,1,255537,260703093536,2026-06-04,225164,2026-07-03 09:35:23.000,0,NULL,NULL,2024-08-09,NULL,NULL,NULL,0,0,
10535,,2355-COMP-NB-ICT-PTRE-24,Lenovo V14 G3 IAP,ICT,LENOVO,"Intel Core i5 1235U 8GB SSD 512GB Integrated VGA 14"" FHD",8500000,102031,0,0,24-1331010,120004,1120,LT,2,1,307018,250501102518,2025-03-20,225164,2025-05-01 22:24:58.000,0,NULL,NULL,2024-08-09,NULL,NULL,NULL,0,0,
10536,,2356-COMP-NB-ICT-PTRE-24,ASUS Vivobook E1404FA,ICT,ASUS,Ryzen R5 7520U 16GB DDR4/ SSD 512GB 14 FHD,9000000,102025,0,0,23-1111100,120004,22,LT,2,1,245425,250603114047,2025-06-03,225164,2025-06-03 11:40:58.000,0,NULL,NULL,2024-08-09,NULL,NULL,NULL,0,0,
10537,,2357-COMP-NB-ICT-PTRE-24,ASUS Vivobook E1404FA,ICT,ASUS,Ryzen R5 7520U 16GB DDR4/ SSD 512GB 14 FHD,9000000,101036,0,0,22-1121049,120004,22,LT,2,1,245406,240924015259,2024-08-12,225164,2025-02-16 03:54:47.000,0,NULL,NULL,2024-08-09,NULL,NULL,NULL,0,0,
10538,,2358-COMP-NB-ICT-PTRE-24,Lenovo Ideapad 3 14IAH8,ICT,LENOVO, Intel Core i5 12450H 16GB SSD 512GB 14 FHD,10000000,105009,0,0,23-1111100,120004,22,LT,2,1,134376,240924023002,2024-08-22,225164,2025-02-16 03:55:53.000,0,NULL,NULL,2024-08-15,NULL,NULL,NULL,0,0,
10539,,2359-COMP-NB-ICT-PTRE-24,ASUS Vivobook E1404FA,ICT,ASUS,Ryzen R5 7520U 16GB DDR4/ SSD 512GB 14 FHD,9000000,102024,0,0,NULL,120004,22,LT,0,1,235246,240924023305,2024-08-22,053573,2024-09-24 14:32:20.000,0,NULL,NULL,2024-08-15,NULL,NULL,NULL,0,0,
10540,,2360-COMP-NB-ICT-PTRE-24,Lenovo LOQ 15,ICT,LENOVO,"Intel Core i5 12450HX 12GB SSD 2x512GB RTX 2050 15"" FHD",15000000,104011,0,0,22-1221035,120004,1085,LT,0,1,194821,260810092946,2026-08-10,225164,2026-04-28 14:32:03.000,0,NULL,NULL,2024-08-27,NULL,NULL,NULL,0,0,
10541,,2361-COMP-NB-ICT-PTRE-24,Lenovo LOQ 15,ICT,LENOVO,"Intel Core i5 12450HX 12GB SSD 2x512GB RTX 2050 15"" FHD",15000000,102031,0,0,22-1221035,120004,1085,LT,0,1,134362,260121110313,2026-01-21,225164,2026-01-21 11:03:02.000,0,NULL,NULL,2024-08-27,NULL,NULL,NULL,0,0,
10542,,2362-COMP-NB-ICT-PTRE-24,Lenovo LOQ 15,ICT,LENOVO,"Intel Core i5 12450HX 20GB SSD 2x512GB RTX 3050 15"" FHD",15000000,104011,0,1,16-12502,120004,22,LT,0,1,134460,240924023924,2024-09-02,053573,2024-09-24 14:38:55.000,0,NULL,NULL,2024-08-28,NULL,NULL,NULL,0,0,
10566,,2368-COMP-NB-ICT-PTRE-24,MSI Thin 15 B12UCX,ICT,MSI,"Intel Core i7 12650H 32GB SSD 512GB RTX2050 15""FHD",13000000,101047,0,0,NULL,120004,22,LT,2,1,255508,250923043412,2025-06-10,225164,2024-12-27 13:44:35.000,0,NULL,NULL,2024-10-22,NULL,NULL,NULL,0,0,
10567,,2369-COMP-NB-ICT-PTRE-24,ASUS VIVOBOOK 14 M1405YA,ICT,ASUS,"AMD RYZEN 7 7730 16GB 512GB  14"" FHD",11000000,101036,0,0,15-0601,120004,22,LT,2,1,194825,241108102811,2024-10-04,225164,2024-12-27 13:13:06.000,0,NULL,NULL,2024-11-01,NULL,NULL,NULL,0,0,
10568,,2370-COMP-NB-ICT-PTRE-24,Asus Vivobook S 14 OLED S5406MA,ICT,ASUS,"Intel Core Ultra 7 155H 16GB 1TB W11 14"" 2K EVO",16000000,102018,0,0,24-1121134,120004,22,LT,0,1,245424,241213015321,2024-12-13,225164,2025-02-16 06:07:41.000,0,NULL,NULL,2024-11-01,NULL,NULL,NULL,0,0,
10569,,2371-COMP-NB-ICT-PTRE-24,ASUS VIVOBOOK 14 M1405YA,ICT,ASUS,"AMD RYZEN 7 7730 16GB 512GB  14"" FHD
",11000000,102027,0,1,24-1121134,120004,22,LT,0,1,235350,241204093025,2024-11-15,053573,2024-12-04 09:26:43.000,0,NULL,NULL,2024-11-08,NULL,NULL,NULL,0,0,
10570,,2372-COMP-NB-ICT-PTRE-24,ASUS VIVOBOOK 14 M1405YA,ICT,ASUS,"AMD RYZEN 7 7730 16GB 512GB  14"" FHD
",11000000,101036,0,0,24-1121134,120004,22,LT,2,1,235352,241204093114,2024-11-15,225164,2024-12-27 13:15:41.000,0,NULL,NULL,2024-11-08,NULL,NULL,NULL,0,0,
10571,,2373-COMP-NB-ICT-PTRE-24,ASUS VIVOBOOK 14 M1405YA,ICT,ASUS,"AMD RYZEN 7 7730 16GB 512GB  14"" FHD
",11000000,101034,0,0,NULL,120004,22,LT,2,1,194847,241204093138,2024-11-15,225164,2024-12-27 13:35:49.000,0,NULL,NULL,2024-11-08,NULL,NULL,NULL,0,0,
10573,,2375-COMP-NB-ICT-PTRE-24,Ideapad Slim 3 14IRH8,ICT,LENOVO,"Intel Core i7 13620H 16GB SSD 512GB UHD 14""FHD",13000000,104008,0,0,24-1121134,120004,22,LT,2,1,083933,241204032554,2024-11-18,225164,2025-02-16 04:54:38.000,0,NULL,NULL,2024-11-11,NULL,NULL,NULL,0,0,
10580,,2382-COMP-NB-ICT-PTRE-24,LENOVO YOGA 7 2IN1 14 OLED,ICT,LENOVO,AMD RYZEN 7 8840HS 16GB 1TB 14.0 WUXGA  2IN1 TOUCH,17000000,101036,0,0,21-1351011,120004,22,LT,2,1,114236,241227021318,2024-12-02,225164,2025-02-16 05:05:23.000,0,NULL,NULL,2024-11-28,NULL,NULL,NULL,0,0,
10581,,2383-COMP-NB-ICT-PTRE-24,ACER ASPIRE 14 A14,ICT,ACER,"Intel Core I5 13420H DDR5 16GB SSD 512GB  RTX2050 4GB 14"" FHD
PHR JP",11000000,991001,0,0,22-1221035,120004,22,LT,0,NULL,NULL,NULL,NULL,225164,2025-02-16 06:25:13.000,0,NULL,NULL,2024-11-29,NULL,NULL,NULL,0,0,
10582,,2384-COMP-NB-ICT-PTRE-24,ACER ASPIRE 14 A14,ICT,ACER,"Intel Core I5 13420H DDR5 16GB SSD 512GB  RTX2050 4GB 14"" FHD",11000000,101039,0,0,22-1221035,120004,22,LT,0,1,245386,260210044444,2026-02-10,225164,2026-02-10 16:47:20.000,0,NULL,NULL,2024-11-29,NULL,NULL,NULL,0,0,
10583,,2385-COMP-NB-ICT-PTRE-24,ACER ASPIRE 14 A14,ICT,ACER,"Intel Core I5 13420H DDR5 16GB SSD 512GB  RTX2050 4GB 14"" FHD",11000000,104011,0,0,22-1221035,120004,22,LT,0,1,255587,260120025444,2026-01-20,225164,2026-01-20 14:54:28.000,0,NULL,NULL,2024-12-27,NULL,NULL,NULL,0,0,
10584,,2386-COMP-NB-ICT-PTRE-24,ACER ASPIRE 14 A14,ICT,ACER,"Intel Core I5 13420H DDR5 16GB SSD 512GB  RTX2050 4GB 14"" FHD
PHR JP",11000000,991001,0,0,22-1221035,120004,22,LT,0,1,245394,260914104226,2026-02-03,225164,2025-02-16 06:32:13.000,0,NULL,NULL,2024-11-29,NULL,NULL,NULL,0,0,
10585,,2387-COMP-NB-ICT-PTRE-24,ACER ASPIRE 14 A14,ICT,ACER,"Intel Core I5 13420H DDR5 16GB SSD 512GB  RTX2050 4GB 14"" FHD
PHR JP",11000000,991001,0,0,22-1221035,120004,22,LT,0,NULL,NULL,NULL,NULL,225164,2025-02-16 06:33:25.000,0,NULL,NULL,2024-11-29,NULL,NULL,NULL,0,0,
10586,,2388-COMP-NB-ICT-PTRE-24,ACER ASPIRE 14 A14,ICT,ACER,"Intel Core I5 13420H DDR5 16GB SSD 512GB  RTX2050 4GB 14"" FHD
PHR JP",11000000,991001,0,0,22-1221035,120004,22,LT,0,NULL,NULL,NULL,NULL,225164,2025-02-16 06:34:09.000,0,NULL,NULL,2024-11-29,NULL,NULL,NULL,0,0,
10587,,2389-COMP-NB-ICT-PTRE-24,ACER ASPIRE 14 A14,ICT,ACER,"Intel Core I5 13420H DDR5 16GB SSD 512GB  RTX2050 4GB 14"" FHD
PHR JP",11000000,991001,0,0,22-1221035,120004,22,LT,0,NULL,NULL,NULL,NULL,225164,2025-02-16 06:35:00.000,0,NULL,NULL,2024-11-29,NULL,NULL,NULL,0,0,
10588,,2390-COMP-NB-ICT-PTRE-24,ACER ASPIRE 14 A14,ICT,ACER,"Intel Core I5 13420H DDR5 16GB SSD 512GB  RTX2050 4GB 14"" FHD
PHR JP",11000000,991001,0,0,22-1221035,120004,22,LT,0,NULL,NULL,NULL,NULL,225164,2025-02-16 06:36:46.000,0,NULL,NULL,2024-11-29,NULL,NULL,NULL,0,0,
10589,,2391-COMP-NB-ICT-PTRE-24,ACER ASPIRE 14 A14,ICT,ACER,"Intel Core I5 13420H DDR5 16GB SSD 512GB  RTX2050 4GB 14"" FHD
PHR JP",11000000,991001,0,0,22-1221035,120004,22,LT,0,NULL,NULL,NULL,NULL,225164,2025-02-16 06:58:41.000,0,NULL,NULL,2024-11-29,NULL,NULL,NULL,0,0,
10590,,2392-COMP-NB-ICT-PTRE-24,ACER ASPIRE 14 A14,ICT,ACER,"Intel Core I5 13420H DDR5 16GB SSD 512GB  RTX2050 4GB 14"" FHD
PHR JP",11000000,104011,0,0,22-1221035,120004,22,LT,0,1,194768,260807050434,2026-08-10,225164,2026-08-14 15:47:58.000,0,NULL,NULL,2024-11-29,NULL,NULL,NULL,0,0,
10591,,2393-COMP-NB-ICT-PTRE-24,ACER ASPIRE 14 A14,ICT,ACER,"Intel Core I5 13420H DDR5 16GB SSD 512GB  RTX2050 4GB 14"" FHD
PHR JP",11000000,991001,0,0,22-1221035,120004,22,LT,0,NULL,NULL,NULL,NULL,225164,2025-02-16 07:07:02.000,0,NULL,NULL,2024-11-29,NULL,NULL,NULL,0,0,
10592,,2394-COMP-NB-ICT-PTRE-24,ACER ASPIRE 14 A14,ICT,ACER,"Intel Core I5 13420H DDR5 16GB SSD 512GB  RTX2050 4GB 14"" FHD
PHR JP",11000000,991001,0,0,22-1221035,120004,22,LT,0,NULL,NULL,NULL,NULL,225164,2025-02-16 07:07:41.000,0,NULL,NULL,2024-11-29,NULL,NULL,NULL,0,0,
10593,,2395-COMP-NB-ICT-PTRE-24,ACER ASPIRE 14 A14,ICT,ACER,"Intel Core I5 13420H DDR5 16GB SSD 512GB  RTX2050 4GB 14"" FHD
PHR JP",11000000,102031,0,0,22-1221035,120004,22,LT,0,1,225171,260209023856,2026-02-06,225164,2026-02-09 14:38:40.000,0,NULL,NULL,2024-11-29,NULL,NULL,NULL,0,0,
10594,,2396-COMP-NB-ICT-PTRE-24,ACER ASPIRE 14 A14,ICT,ACER,"Intel Core I5 13420H DDR5 16GB SSD 512GB  RTX2050 4GB 14"" FHD
PHR JP",11000000,991001,0,0,22-1221035,120004,22,LT,0,NULL,NULL,NULL,NULL,225164,2025-02-16 07:09:34.000,0,NULL,NULL,2024-11-29,NULL,NULL,NULL,0,0,
10595,,2397-COMP-NB-ICT-PTRE-24,ACER ASPIRE 14 A14,ICT,ACER,"Intel Core I5 13420H DDR5 16GB SSD 512GB  RTX2050 4GB 14"" FHD
PHR JP",11000000,991001,0,0,22-1221035,120004,22,LT,0,NULL,NULL,NULL,NULL,225164,2025-02-16 07:11:31.000,0,NULL,NULL,2024-11-29,NULL,NULL,NULL,0,0,
10596,,2398-COMP-NB-ICT-PTRE-24,ACER ASPIRE 14 A14,ICT,ACER,"Intel Core I5 13420H DDR5 16GB SSD 512GB  RTX2050 4GB 14"" FHD
PHR JP",11000000,991001,0,0,22-1221035,120004,22,LT,0,1,255551,260220081850,2026-02-20,225164,2025-02-16 07:12:03.000,0,NULL,NULL,2024-11-29,NULL,NULL,NULL,0,0,
10597,,2399-COMP-NB-ICT-PTRE-24,ACER ASPIRE 14 A14,ICT,ACER,"Intel Core I5 13420H DDR5 16GB SSD 512GB  RTX2050 4GB 14"" FHD
PHR JP",11000000,991001,0,0,22-1221035,120004,22,LT,0,NULL,NULL,NULL,NULL,225164,2025-02-16 07:13:35.000,0,NULL,NULL,2024-11-29,NULL,NULL,NULL,0,0,
10598,,2400-COMP-NB-ICT-PTRE-24,ACER ASPIRE 14 A14,ICT,ACER,"Intel Core I5 13420H DDR5 16GB SSD 512GB  RTX2050 4GB 14"" FHD
PHR JP",11000000,991001,0,0,22-1221035,120004,22,LT,0,NULL,NULL,NULL,NULL,225164,2025-02-16 07:14:07.000,0,NULL,NULL,2024-11-29,NULL,NULL,NULL,0,0,
10599,,2401-COMP-NB-ICT-PTRE-24,ACER ASPIRE 14 A14,ICT,ACER,"Intel Core I5 13420H DDR5 16GB SSD 512GB  RTX2050 4GB 14"" FHD
PHR JP",11000000,991001,0,0,22-1221035,120004,22,LT,0,NULL,NULL,NULL,NULL,225164,2025-02-16 07:14:42.000,0,NULL,NULL,2024-11-29,NULL,NULL,NULL,0,0,
10600,,2402-COMP-NB-ICT-PTRE-24,MSI THIN 15,ICT,MSI,"Intel Core I5 12450H DDR4 16GB SSD 512GB  RTX2050 4GB 15.6"" FHD",11000000,102031,0,0,22-1221035,120004,22,LT,2,1,023013,251224100433,2025-12-24,225164,2025-12-24 10:04:19.000,0,NULL,NULL,2024-11-29,NULL,NULL,NULL,0,0,
10601,,2403-COMP-NB-ICT-PTRE-24,MSI THIN 15,ICT,MSI,"Intel Core I5 12450H DDR4 16GB SSD 512GB  RTX2050 4GB 15.6"" FHD
PHR JP",11000000,991001,0,0,22-1221035,120004,22,LT,0,NULL,NULL,NULL,NULL,225164,2025-02-16 07:15:59.000,0,NULL,NULL,2024-11-29,NULL,NULL,NULL,0,0,
10602,,2404-COMP-NB-ICT-PTRE-24,MSI THIN 15,ICT,MSI,"Intel Core I5 12450H DDR4 16GB SSD 512GB  RTX2050 4GB 15.6"" FHD
PHR JP",11000000,991001,0,0,22-1221035,120004,22,LT,0,NULL,NULL,NULL,NULL,225164,2025-02-16 07:16:30.000,0,NULL,NULL,2024-11-29,NULL,NULL,NULL,0,0,
10603,,2405-COMP-NB-ICT-PTRE-24,Lenovo Ideapad 3 14IRH8,ICT,LENOVO,"Intel Core i7- 13620H 16GB Soldered LPDDR5 512GB SSD Intel UHD 14"" FHD
Di Freeport",13000000,991001,0,0,16-12502,120004,22,LT,0,1,134408,241227041321,2024-12-13,225164,2025-02-16 11:41:56.000,0,NULL,NULL,2024-12-10,NULL,NULL,NULL,0,0,
10604,,2406-COMP-NB-ICT-PTRE-24,Lenovo Ideapad 3 14IRH8,ICT,LENOVO,"Intel Core i7- 13620H 16GB Soldered LPDDR5 512GB SSD Intel UHD 14"" FHD 
Di Freeport",13000000,991001,0,0,16-12502,120004,22,LT,0,1,134408,241227041514,2024-12-13,225164,2025-02-16 11:37:17.000,0,NULL,NULL,2024-12-10,NULL,NULL,NULL,0,0,
10605,,2407-COMP-NB-ICT-PTRE-24,LENOVO YOGA SLIM 7 14 TOUCH OLED,ICT,LENOVO,Intel ULTRA 5 125H RAM DDR5 16GB 512GB SSD  14.0 WUXGA EVO ,15000000,102015,0,0,24-1321038,120004,22,LT,2,1,104153,241227042508,2024-12-23,225164,2025-02-16 05:07:56.000,0,NULL,NULL,2024-12-19,NULL,NULL,NULL,0,0,
10606,,2408-COMP-NB-ICT-PTRE-24,LENOVO IDEAPAD SLIM 3 14,ICT,LENOVO,AMD RYZEN 7 7730 16GB 512GB  14.0FHD IPS ,12000000,105009,0,0,NULL,120004,22,LT,2,1,235356,250106102003,2025-01-06,225164,2025-02-16 14:29:56.000,0,NULL,NULL,2024-12-27,NULL,NULL,NULL,0,0,
10607,,2409-COMP-NB-ICT-PTRE-24,LENOVO IDEAPAD SLIM 3 14,ICT,LENOVO,AMD RYZEN 7 7730 16GB 512GB  14.0FHD IPS ,12000000,105009,0,0,21-1211002,120004,22,LT,2,1,235361,250107052056,2025-01-06,225164,2025-02-16 14:33:51.000,0,NULL,NULL,2024-12-27,NULL,NULL,NULL,0,0,
10608,,2410-COMP-NB-ICT-PTRE-24,LENOVO IDEAPAD SLIM 3 14,ICT,LENOVO,AMD RYZEN 7 7730 16GB 512GB  14.0FHD IPS,12000000,105009,0,0,21-1211002,120004,22,LT,0,1,235364,241231091922,2024-12-31,225164,2025-02-16 12:13:15.000,0,NULL,NULL,2024-12-27,NULL,NULL,NULL,0,0,
10609,,2411-COMP-NB-ICT-PTRE-24,LENOVO IDEAPAD SLIM 3 14,ICT,LENOVO,AMD RYZEN 7 7730 16GB 512GB  14.0FHD IPS ,12000000,105009,0,0,21-1211002,120004,22,LT,2,1,245375,250107052146,2025-01-06,225164,2025-02-16 14:38:02.000,0,NULL,NULL,2024-12-27,NULL,NULL,NULL,0,0,
10610,,2412-COMP-NB-ICT-PTRE-24,LENOVO IDEAPAD SLIM 3 14,ICT,LENOVO,AMD RYZEN 7 7730 16GB 512GB  14.0FHD IPS ,12000000,105009,0,0,15-0601,120004,22,LT,2,1,300917,260902023853,2026-09-02,225164,2026-09-02 14:38:44.000,0,NULL,NULL,2024-12-27,NULL,NULL,NULL,0,0,
10611,,2413-COMP-NB-ICT-PTRE-24,LENOVO IDEAPAD SLIM 3 14,ICT,LENOVO,AMD RYZEN 7 7730 16GB 512GB  14.0FHD IPS ,12000000,105009,0,0,21-1211002,120004,22,LT,2,1,245383,250108030422,2025-01-07,225164,2025-02-16 12:31:00.000,0,NULL,NULL,2024-12-27,NULL,NULL,NULL,0,0,
10612,,2414-COMP-NB-ICT-PTRE-24,LENOVO IDEAPAD SLIM 3 14,ICT,LENOVO,AMD RYZEN 7 7730 16GB 512GB  14.0FHD IPS ,12000000,105009,0,0,21-1211002,120004,22,LT,2,1,245384,250116101218,2025-01-06,225164,2025-02-16 14:41:19.000,0,NULL,NULL,2024-12-27,NULL,NULL,NULL,0,0,
10613,,2415-COMP-NB-ICT-PTRE-24,LENOVO IDEAPAD SLIM 3 14,ICT,LENOVO,AMD RYZEN 7 7730 16GB 512GB  14.0FHD IPS ,12000000,105009,0,0,15-0601,120004,22,LT,2,1,245397,250216025116,2025-01-07,225164,2025-02-16 14:50:17.000,0,NULL,NULL,2024-12-27,NULL,NULL,NULL,0,0,
10614,,2416-COMP-NB-ICT-PTRE-24,LENOVO IDEAPAD SLIM 3 14,ICT,LENOVO,AMD RYZEN 7 7730 16GB 512GB  14.0FHD IPS ,12000000,105009,0,0,15-0601,120004,22,LT,2,1,245441,250108091803,2025-01-08,225164,2025-02-16 14:56:02.000,0,NULL,NULL,2024-12-27,NULL,NULL,NULL,0,0,
10615,,2417-COMP-NB-ICT-PTRE-25,LENOVO YOGA SLIM 7,ICT,LENOVO,LENOVO YOGA SLIM 7 14 TOUCH OLED ULTRA 7 155H 16GB 1TB W11+OHS 14.0WUXGA EVO ,17000000,102015,0,1,16-12502,120004,1085,LT,0,1,134408,250120110023,2025-01-17,053573,2025-01-20 10:59:04.000,0,NULL,NULL,2025-01-16,NULL,NULL,NULL,0,0,
10635,,2418-COMP-NB-ICT-PTRE-25,LENOVO YOGA SLIM 7,ICT,LENOVO,LENOVO YOGA SLIM 7 14 TOUCH OLED ULTRA 7 155H 16GB 1TB W11+OHS 14.0WUXGA EVO ,17000000,104012,0,0,16-12502,120004,9,LT,2,1,104099,250124084844,2025-01-23,225164,2025-02-16 15:27:25.000,0,NULL,NULL,2025-01-21,NULL,NULL,NULL,0,0,
10641,,2419-COMP-NB-ICT-PTRE-25,MSI THIN GF63 12UCX,ICT,MSI," i5 12450H 8GB 512SSD 15.6 FHD IPS 144HZ RTX2050
PHR JP",10000000,991001,0,0,22-1221035,120004,1121,LT,0,NULL,NULL,NULL,NULL,225164,2025-02-16 15:59:43.000,0,NULL,NULL,2025-02-06,NULL,NULL,NULL,0,0,
10642,,2420-COMP-NB-ICT-PTRE-25,MSI THIN GF63 12UCX,ICT,MSI," i5 12450H 8GB 512SSD 15.6 FHD IPS 144HZ RTX2050
PHR JP",10000000,991001,0,0,22-1221035,120004,1121,LT,0,NULL,NULL,NULL,NULL,225164,2025-02-16 16:01:37.000,0,NULL,NULL,2025-02-06,NULL,NULL,NULL,0,0,
10643,,2421-COMP-NB-ICT-PTRE-25,MSI THIN GF63 12UCX,ICT,MSI," i5 12450H 8GB 512SSD 15.6 FHD IPS 144HZ RTX2050
PHR JP",10000000,102031,0,0,22-1221035,120004,1121,LT,0,1,255488,260428102929,2026-04-28,225164,2026-04-28 10:35:00.000,0,NULL,NULL,2025-02-06,NULL,NULL,NULL,0,0,
10644,,2422-COMP-NB-ICT-PTRE-25,MSI THIN GF63 12UCX,ICT,MSI," i7 12650H 16GB 512SSD 15.6 FHD IPS 144HZ RTX2050
PHR JP",11000000,101040,0,0,22-1221035,120004,1121,LT,0,1,130072,260313111435,2026-03-13,225164,2026-03-13 11:14:25.000,0,NULL,NULL,2025-02-06,NULL,NULL,NULL,0,0,
10645,,2423-COMP-NB-ICT-PTRE-25,MSI THIN GF63 12UCX,ICT,MSI," i7 12650H 16GB 512SSD 15.6 FHD IPS 144HZ RTX2050
PHR JP",11000000,991001,0,0,22-1221035,120004,1121,LT,0,NULL,NULL,NULL,NULL,225164,2025-02-16 16:04:41.000,0,NULL,NULL,2025-02-06,NULL,NULL,NULL,0,0,
10646,,2424-COMP-NB-ICT-PTRE-25,MSI THIN GF63 12UCX,ICT,MSI," i7 12650H 16GB 1TB SSD 15.6 FHD IPS 144HZ RTX2050
PHR JP",12000000,991001,0,0,22-1221035,120004,1121,LT,0,1,235309,260219105757,2026-02-19,225164,2025-02-16 16:05:15.000,0,NULL,NULL,2025-02-06,NULL,NULL,NULL,0,0,
10647,,2425-COMP-NB-ICT-PTRE-25,MSI THIN GF63 12UCX,ICT,MSI," i7 12650H 16GB 1TB SSD 15.6 FHD IPS 144HZ RTX2050
PHR JP",12000000,991001,0,0,22-1221035,120004,1121,LT,0,NULL,NULL,NULL,NULL,225164,2025-02-16 16:05:59.000,0,NULL,NULL,2025-02-06,NULL,NULL,NULL,0,0,
10648,,2426-COMP-NB-ICT-PTRE-25,MSI THIN GF63 12UCX,ICT,MSI, i7 12650H 16GB 1TB SSD 15.6 FHD IPS 144HZ RTX2050,12000000,101040,0,0,22-1221035,120004,1121,LT,0,1,104103,260302112501,2026-03-02,225164,2026-03-02 11:24:53.000,0,NULL,NULL,2025-02-06,NULL,NULL,NULL,0,0,
10650,,2428-COMP-NB-ICT-PTRE-25,LENOVO IDEAPAD SLIM 3 14,ICT,LENOVO,AMD RYZEN 7 7730 16GB 512GB  14.0FHD IPS ,12000000,102016,0,0,NULL,120004,1122,LT,2,1,255494,250211024800,2025-02-11,225164,2025-02-11 15:28:15.000,0,NULL,NULL,2025-02-10,NULL,NULL,NULL,0,0,
10651,,2429-COMP-NB-ICT-PTRE-25,LENOVO IDEAPAD SLIM 3 14,ICT,LENOVO,AMD RYZEN 7 7730 16GB 512GB  14.0FHD IPS ,12000000,104012,0,0,23-1321012,120004,1122,LT,2,1,184697,250625022308,2025-06-24,225164,2025-02-16 05:12:10.000,0,NULL,NULL,2025-02-11,NULL,NULL,NULL,0,0,
10707,,2430-COMP-NB-ICT-PTRE-25,Lenovo Ideapad Duet 5 12IRU8,ICT,LENOVO,"Intel Core i7 - 1335U 16GB, SSD512GB",18000000,102016,0,0,NULL,120004,1121,LT,2,1,124281,250314012713,2025-03-04,053573,2025-04-11 14:07:39.000,0,NULL,NULL,2025-02-28,NULL,NULL,NULL,0,0,
10716,,2435-COMP-NB-ICT-PTRE-25,LOQ,ICT,LENOVO,,0,101040,0,0,NULL,120004,9,LT,2,1,194786,250319022506,2025-03-07,225164,2025-03-19 14:24:28.000,0,NULL,NULL,2025-03-03,NULL,NULL,NULL,0,0,
10717,,2436-COMP-NB-ICT-PTRE-25,LOQ,ICT,LENOVO,,0,104011,0,0,23-1321012,120004,9,LT,2,1,309018,250318024450,2025-03-06,225164,2025-03-18 14:29:43.000,0,NULL,NULL,2025-03-03,NULL,NULL,NULL,0,0,
10718,,2437-COMP-NB-ICT-PTRE-25,Ideapad Slim,ICT,LENOVO,AMD RYZEN 7 7730 16GB 512GB  14.0FHD IPS,0,991001,0,0,15-0601,120004,9,LT,0,1,114195,251020082401,2025-09-08,225164,2025-10-20 20:23:10.000,0,NULL,NULL,2025-03-11,NULL,NULL,NULL,0,0,
10741,,2438-COMP-NB-ICT-PTRE-25,YOGA 7 2-in-1,ICT,LENOVO,"Intel Ultra 5 125H 16GB DDR, 1TB SSD 14"" OLED Touch",0,102015,0,0,24-1331010,120004,9,LT,2,1,300317,260119123443,2025-04-16,225164,2026-01-19 00:34:21.000,0,NULL,NULL,2025-03-28,NULL,NULL,NULL,0,0,
10742,,2439-COMP-NB-ICT-PTRE-25,LEGION PRO 5 16IRX9,ICT,LENOVO,"Intel Core i9 14900HX  32GB 1TB RTX4070 8GB 15"" LED
Freeport",0,991001,0,0,24-1331010,120004,9,LT,2,NULL,NULL,NULL,NULL,225164,2026-01-19 00:21:42.000,0,NULL,NULL,2025-04-10,NULL,NULL,NULL,0,0,
10743,,2440-COMP-NB-ICT-PTRE-25,LENOVO IDEAPAD SLIM 3 14,ICT,LENOVO,AMD RYZEN 7 7730 16GB 512GB  14.0FHD IPS ,0,102030,0,0,19-15108,120004,9,LT,2,1,255521,260119124031,2025-04-24,225164,2026-01-19 00:40:18.000,0,NULL,NULL,2025-04-23,NULL,NULL,NULL,0,0,
10744,,2441-COMP-NB-ICT-PTRE-25,LENOVO IDEAPAD SLIM 3 14,ICT,LENOVO,AMD RYZEN 7 7730 16GB 512GB  14.0FHD IPS ,0,101036,0,0,19-15108,120004,9,LT,2,1,305017,250429102111,2025-04-28,225164,2026-01-19 00:42:45.000,0,NULL,NULL,2025-04-23,NULL,NULL,NULL,0,0,
10756,,2442-COMP-NB-ICT-PTRE-25,LENOVO IDEAPAD SLIM 3 14,ICT,LENOVO,AMD RYZEN 7 7730 16GB 512GB  14.0FHD IPS ,0,104012,0,0,NULL,120004,9,LT,0,NULL,NULL,NULL,NULL,225164,2025-05-09 09:22:05.000,0,NULL,NULL,2025-05-02,NULL,NULL,NULL,0,0,
10757,,2443-COMP-NB-ICT-PTRE-25,LENOVO IDEAPAD SLIM 3 14,ICT,LENOVO,AMD RYZEN 7 7730 16GB 512GB  14.0FHD IPS ,0,991001,0,0,NULL,120004,9,LT,0,NULL,NULL,NULL,NULL,225164,2025-05-09 09:23:23.000,0,NULL,NULL,2025-05-02,NULL,NULL,NULL,0,0,
10760,,2444-COMP-NB-ICT-PTRE-25,MSI THIN 15,ICT,MSI,"Intel Core i7 12650H 16GB 1TB 15"" FHD",0,104011,0,0,NULL,120004,22,LT,0,1,255522,260223074646,2026-02-23,225164,2026-02-23 07:46:24.000,0,NULL,NULL,2025-05-28,NULL,NULL,NULL,0,0,
10762,,2446-COMP-NB-ICT-PTRE-25,MSI CYBORG 15 A13UDXK,ICT,MSI,Intel,0,991001,0,0,16-12502,120004,9,LT,0,1,114191,250923045335,2025-06-13,225164,2025-09-23 16:53:22.000,0,NULL,NULL,2025-06-05,NULL,NULL,NULL,0,0,
10763,,2447-COMP-NB-ICT-PTRE-25,MSI CYBORG 15 A13UDXK,ICT,MSI,"Intel Core i7 13620H 16GB 512GB RTX 3050 15"" FHD",0,102030,0,0,23-1321017,120004,9,LT,2,1,235264,260525015818,2026-05-18,225164,2026-05-25 13:57:59.000,0,NULL,NULL,2025-06-05,NULL,NULL,NULL,0,0,
11760,,2448-COMP-NB-ICT-PTRE-25,MSI THIN 15,ICT,MSI,"Intel Core i7 12650H 16GB 1TB RTX 2050 15"" FHD IPS",0,991001,0,0,NULL,120004,22,LT,0,1,124299,250616024731,2025-06-16,225164,2025-06-16 14:47:07.000,0,NULL,NULL,2025-06-16,NULL,NULL,NULL,0,0,
11761,,2449-COMP-NB-ICT-PTRE-25,MSI,ICT,MSI,"Intel Core i7 12650H 16GB 512GB RTX 2050 15"" FHD IPS",0,991001,0,0,22-1221035,120004,9,LT,0,1,124299,250625082139,2025-06-25,225164,2026-02-09 14:42:00.000,0,NULL,NULL,2025-06-24,NULL,NULL,NULL,0,0,
11776,,2454-COMP-NB-ICT-PTRE-25,HP VICTUS GAMING 15,ICT,HP,Intel Core i5,0,103010,0,0,NULL,120004,9,LT,0,1,245461,250804105112,2025-07-29,225164,2025-08-01 13:16:58.000,0,NULL,NULL,2025-08-24,NULL,NULL,NULL,0,0,
11780,,2457-COMP-NB-ICT-PTRE-25,ASUS VIVOBOOK M1405Y,ICT,ASUS,AMD RYZEN 7 7730 16GB 512GB  14.0FHD IPS ,0,991001,0,0,NULL,120004,1121,LT,0,1,255573FI,251020090349,2025-09-15,225164,2025-09-12 13:15:31.000,0,NULL,NULL,2025-09-12,NULL,NULL,NULL,0,0,
11781,,2458-COMP-NB-ICT-PTRE-25,ASUS VIVOBOOK M1405Y,ICT,ASUS,AMD RYZEN 7 7730 16GB 512GB  14.0FHD IPS ,0,991001,0,0,NULL,120004,1121,LT,0,1,255500FI,251020094645,2025-09-29,225164,2025-09-12 13:16:16.000,0,NULL,NULL,2025-09-12,NULL,NULL,NULL,0,0,
11861,,2468-COMP-NB-ICT-PTRE-25,Lenovo Ideapad Slim 5,ICT,LENOVO,Intel Core i7 240H 16GB 512GB 14 WUXGA OLED,0,101036,0,1,22-1121082,120004,22,LT,2,1,235355,251208050343,2025-12-09,225164,2025-12-08 17:03:28.000,0,NULL,NULL,2025-12-08,NULL,NULL,NULL,0,0,
11876,,2473-COMP-NB-ICT-PTRE-26,Lenovo Ideapad Flex 5 14ABR8,ICT,LENOVO,"AMD Ryzen 7 5825U 16GB SSD 512GB 14""FHD IPS",0,103012,0,0,NULL,120004,13,LT,0,1,7921166,260127100740,2026-01-27,225164,2026-01-27 10:07:23.000,0,NULL,NULL,2026-01-26,NULL,NULL,NULL,0,0,
11890,,2475-COMP-NB-ICT-PTRE-26,LENOVO YOGA SLIM 7 14 TOUCH OLED,ICT,LENOVO,Intel Ultra 155H 16GB 1TB 14 WUXGA OLED Touch,0,102015,0,0,NULL,120004,1121,LT,0,1,032029,260206032902,2026-02-09,225164,2026-02-06 15:28:45.000,0,NULL,NULL,2026-02-06,NULL,NULL,NULL,0,0,
11945,,2477-COMP-NB-ICT-PTRE-26,Asus Zenbook 14 OLED UX3405CA,ICT,ASUS,"Intel Ultra 5 225H 16GB DDR5 SSD 1TB ARC 130T 14"" WUXGA OLED",18000000,102015,0,1,26-1374011,120004,9,LT,0,1,023058,260511072232,2026-05-07,225164,2026-04-30 11:29:53.000,0,NULL,NULL,2026-04-29,NULL,NULL,NULL,0,0,
11946,,2478-COMP-NB-ICT-PTRE-26,Asus TUF A15 FA506NCG,ICT,ASUS,"AMD Ryzen 7 7445HS 16GB DDR5 SSD 512GB RTX3050M 15"" FHD IPS",15000000,101034,0,0,NULL,120004,9,LT,0,1,205002,260525012030,2026-05-13,225164,2026-04-30 11:29:00.000,0,NULL,NULL,2026-04-29,NULL,NULL,NULL,0,0,
11947,59/PO-IV/2026,2479-COMP-NB-ICT-PTRE-26,Acer Swift Go SFG14,ICT,ACER,"Intel Ultra 5 125H 32GB DDR5 512GB SSD 14"" WUXGA Touch",18000000,101045,0,0,NULL,120004,1109,LT,0,1,225154,260511071434,2026-05-07,225164,2026-05-05 13:14:09.000,0,NULL,NULL,2026-05-05,NULL,NULL,NULL,0,0,
11950,63/PO-V/2026,2482-COMP-NB-ICT-PTRE-26,Asus Zenbook 14 OLED UX3405CA,ICT,ASUS,"Intel Ultra 5 225H 16GB DDR5 SSD 1TB ARC 130T 14"" WUXGA OLED Touch",0,102016,0,0,24-1323008,120004,1121,LT,0,1,104136,260525022652,2026-05-19,225164,2026-05-19 16:44:06.000,0,NULL,NULL,2026-05-13,NULL,NULL,NULL,0,0,
11951,62/PO-V/2026,2483-COMP-NB-ICT-PTRE-26,Asus Expertbook PM1403CDA,ICT,ASUS,"AMD Ryzen 5 150 16GB DDR5 SSD 512GB 14"" FHD VIPS",11000000,101036,0,1,24-1323008,120004,1121,LT,0,1,130096,260525041813,2026-05-20,225164,2026-05-19 16:19:06.000,0,NULL,NULL,2026-05-13,NULL,NULL,NULL,0,0,
11952,64/PO-V/2026,2484-COMP-NB-ICT-PTRE-26,Acer Aspire 7 Pro A715,ICT,ACER,"Intel i7 13620H 16GB DDR5 SSD 512GB RTX3050M 15"" FHD 144Hz",15000000,102030,0,1,25-1352045,120004,1123,LT,0,1,124293,260525042647,2026-05-20,225164,2026-05-19 16:43:47.000,0,NULL,NULL,2026-05-13,NULL,NULL,NULL,0,0,
11960,67/PO-V/2026,2485-COMP-NB-ICT-PTRE-26,Acer Swift Go SFG14-73T,ICT,ACER,"Intel Ultra 5 125H 32GB DDR5 512GB SSD 14"" WUXGA Touch",14000000,101045,0,0,NULL,120004,1109,LT,0,NULL,NULL,NULL,NULL,225164,2026-05-29 10:46:58.000,0,NULL,NULL,2026-05-26,NULL,NULL,NULL,0,0,
11967,73/PO-VI/2026,2486-COMP-NB-ICT-PTRE-26,Acer Aspire 7 Pro A715,ICT,ACER,"Intel i7 13620H 16GB DDR5 SSD 512GB RTX3050M 15"" FHD 144Hz",15500000,101045,0,1,25-1321021,120004,1123,LT,0,NULL,NULL,NULL,NULL,225164,2026-06-10 14:13:32.000,0,NULL,NULL,2026-06-10,NULL,NULL,NULL,0,0,
11968,77/PO-VI/2026,2487-COMP-NB-ICT-PTRE-26,Lenovo Legion Pro 5I 16,ICT,LENOVO,"Intel i9 14900HX 32GB DDR5 SSD 1TB RTX 5060M 16"" WQXGA 240Hz",30400000,991001,0,1,25-1125020,120004,1121,LT,0,NULL,NULL,NULL,NULL,225164,2026-06-12 16:20:00.000,0,NULL,NULL,2026-06-12,NULL,NULL,NULL,0,0,
11969,83/PO-VI/2026,2488-COMP-NB-ICT-PTRE-26,Lenovo Legion Pro 5I 16,ICT,LENOVO,"Intel i9 14900HX 32GB DDR5 SSD 1TB RTX 5060M 16"" WQXGA 240Hz",30400000,101045,0,1,26-1325002,120004,1121,LT,0,NULL,NULL,NULL,NULL,225164,2026-06-22 17:21:57.000,0,NULL,NULL,2026-06-22,NULL,NULL,NULL,0,0,
11971,89/PO-VI2026,2489-COMP-NB-ICT-PTRE-26,Asus Expertbook PM1403CDA,ICT,ASUS,"Ryzen 5 150 16GB DDR5 SSD 512GB 14"" FHD",0,101045,0,0,NULL,120004,1109,LT,0,NULL,NULL,NULL,NULL,225164,2026-07-03 13:53:01.000,0,NULL,NULL,2026-07-03,NULL,NULL,NULL,0,0,
12016,103/PO-VII/2026,2490-COMP-NB-ICT-PTRE-26,Asus Expertbook PM1403CDA,ICT,ASUS,"Ryzen 5 150 16GB DDR5 SSD 512GB 14"" FHD",12000000,101036,0,1,23-1321012,120004,1109,LT,0,1,184708,260806012814,2026-08-07,225164,2026-08-06 13:27:57.000,0,NULL,NULL,2026-08-06,NULL,NULL,NULL,0,0,
12017,110/PO-VIII/2026,2491-COMP-NB-ICT-PTRE-26,Lenovo Legion Pro 5I 16,ICT,LENOVO,"Intel i9 14900HX 32GB DDR5 SSD 1TB RTX 5060M 16"" WQXGA 240Hz",31000000,991001,0,1,16-12502,120004,1122,LT,0,1,134370,260814023923,2026-08-14,225164,2026-08-14 14:38:59.000,0,NULL,NULL,2026-08-13,NULL,NULL,NULL,0,0,
12018,108/PO-VIII/2026,2492-COMP-NB-ICT-PTRE-26,Asus Zenbook 14 OLED UX3405CA,ICT,ASUS,"Intel Ultra 5 225H 16GB DDR5 SSD 1TB ARC 130T 14"" WUXGA OLED Touch",21000000,102014,0,0,NULL,120004,1121,LT,0,1,063675,260814024533,2026-08-18,225164,2026-08-14 14:45:10.000,0,NULL,NULL,2026-08-14,NULL,NULL,NULL,0,0,
12019,112/PO-VIII/2026,2493-COMP-NB-ICT-PTRE-26,Lenovo Legion PRO 15 16IAX10,ICT,LENOVO,"Intel Ultra 7 255HX 32GB DDR5 SSD 1TB RTX5070M 16"" WQXGA OLED",0,102031,0,1,26-1325003,120004,1123,LT,0,1,114220,260820094651,2026-08-19,225164,2026-08-20 09:46:37.000,0,NULL,NULL,2026-08-20,NULL,NULL,NULL,0,0,
12021,118/PO-VIII/2026,2495-COMP-NB-ICT-PTRE-26,Asus Expertbook PM1403CDA,ICT,ASUS,"Ryzen 5 150 16GB DDR5 SSD 512GB 14"" FHD",12000000,101036,0,1,25-1321021,120004,22,LT,0,1,073866,260908102816,2026-09-08,225164,2026-09-08 10:25:29.000,0,NULL,NULL,2026-09-03,NULL,NULL,NULL,0,0,
12022,117/PO-VIII/2026,2496-COMP-NB-ICT-PTRE-26,Asus Expertbook PM1403CDA,ICT,ASUS,"Ryzen 5 150 16GB DDR5 SSD 512GB 14"" FHD",12000000,103010,0,0,NULL,120004,22,LT,0,1,265655,260908102832,2026-09-08,225164,2026-09-08 10:27:32.000,0,NULL,NULL,2026-09-03,NULL,NULL,NULL,0,0,
12023,126/PO-IX/2026,2497-COMP-NB-ICT-PTRE-26,Acer Aspire 7 Pro A715,ICT,ACER,"Intel i7 13620H 16GB DDR5 SSD 512GB RTX3050M 15"" FHD 144Hz",15000000,102030,0,0,26-1321016,120004,1121,LT,0,1,265664,260911045757,2026-09-14,225164,2026-09-21 13:41:32.000,0,NULL,NULL,2026-09-08,NULL,NULL,NULL,0,0,
12037,123/PO-IX/2026,2498-COMP-NB-ICT-PTRE-26,Acer AG 14-71M-7705,ICT,ACER,Intel Ultra 7 155H 16GB DDR5 SSD 512GB FHD IPS WUXGA,12500000,102027,0,0,NULL,120004,1122,LT,0,1,265640,260918053252,2026-09-16,225164,2026-09-18 16:57:15.000,0,NULL,NULL,2026-09-11,NULL,NULL,NULL,0,0,
12038,123/PO-IX/2026,2499-COMP-NB-ICT-PTRE-26,Asus Expertbook P3 P3405CVA,ICT,ASUS,"Intel i5 13420H 16GB DDR5 SSD 512GB 14"" FHD WUXGA",12000000,102027,0,0,NULL,120004,1122,LT,0,1,265639,260923013036,2026-09-23,225164,2026-09-18 17:11:07.000,0,NULL,NULL,2026-09-11,NULL,NULL,NULL,0,0,
