id,po_ref,code,name,organizer,brand,spesifikasi,value,location,umur_ekonomis,pembebanan,project_no,category,vendor,rent_type,kondisi,peminjaman,peminjaman_owner,peminjaman_token,peminjaman_start,create_owner,create_date,deletion,deletion_owner,deletion_date,buy_date,sample_photo,thumbnail,patch,assets_or_inventaris,status,duplicated_number
70,,00070-FUR-LK-CFS-PTRE-13,Laci Kerja,CFS,UNO,Warna CREAM,0,103010,0,0,NULL,100003,80,LT,0,0,NULL,NULL,NULL,140133,2024-09-13 10:58:57.000,0,NULL,NULL,2018-03-15,1726199937Laci_Kerja.jpeg,1726199937Laci_Kerja_thumb.jpeg,/assets/uploads/assetsre/ap/,0,0,
71,,00071-FUR-LC-CFS-PTRE-13,Laci Kerja,CFS,UNO,Warna CREAM,0,103010,0,0,NULL,100003,80,LT,0,0,NULL,NULL,NULL,140133,2024-09-13 10:58:46.000,0,NULL,NULL,2018-03-15,1726199926Laci_Kerja.jpeg,1726199926Laci_Kerja_thumb.jpeg,/assets/uploads/assetsre/ap/,0,0,
79,,00079-FUR-LC-CFS-PTRE-13,Laci Kerja,CFS,UNO,WARNA CREAM,0,103010,0,0,NULL,100003,80,LT,0,0,NULL,NULL,NULL,140133,2024-09-13 10:58:50.000,0,NULL,NULL,2018-03-15,1726199930Laci_Kerja.jpeg,1726199930Laci_Kerja_thumb.jpeg,/assets/uploads/assetsre/ap/,0,0,
86,,00086-FUR-LC-CFS-PTRE-14,Laci Kerja,CFS,MODERA,Warna Abu-abu,0,101011,0,0,NULL,100003,9,LT,0,0,NULL,NULL,NULL,140133,2024-08-02 11:11:56.000,0,NULL,NULL,2018-03-15,NULL,NULL,NULL,0,1,
88,,00088-FUR-KK-CFS-PTRE-14,Laci Kerja,CFS,MODERA,Warna Abu-abu,0,101011,0,0,NULL,100003,9,LT,0,0,NULL,NULL,NULL,140133,2024-08-02 11:11:50.000,0,NULL,NULL,2018-03-15,NULL,NULL,NULL,0,1,
163,,00163-FUR-LC-CFS-PTRE-14,Laci Kerja,CFS,UNO,Warna Cokelat,0,101022,0,0,NULL,100003,9,LT,0,0,NULL,NULL,NULL,140133,2024-07-26 09:40:07.000,0,NULL,NULL,2018-03-15,NULL,NULL,NULL,0,1,
169,,00169-FUR-LC-CFS-PTRE-14,Laci Kerja,CFS,MODERA,Warna Abu-abu,0,101023,0,0,NULL,100003,80,LT,0,0,NULL,NULL,NULL,140133,2024-08-02 13:57:16.000,0,NULL,NULL,2018-03-15,NULL,NULL,NULL,0,1,
176,,00176-FUR-LC-CFS-PTRE-14,Laci Kerja,CFS,UNO,Warna Abu-abu,0,101048,0,0,23-1131109,100003,1093,LT,0,0,NULL,NULL,NULL,140133,2025-02-12 14:13:27.000,0,NULL,NULL,2018-03-15,1726199923Laci_Kerja.jpeg,1726199923Laci_Kerja_thumb.jpeg,/assets/uploads/assetsre/ap/,0,0,
183,NULL,00183-FUR-LC-CFS-PTRE-14,Laci Kerja,CFS,UNO,Laci Dorong,0,NULL,0,0,NULL,100003,NULL,LT,0,0,NULL,NULL,NULL,130090,2017-02-27 00:00:00.000,1,140133,2024-08-20 13:28:07.000,2018-03-15,NULL,NULL,NULL,0,0,
289,,00289-FUR-LC-CFS-PTRE-14,Laci Kerja,CFS,UNO,Warna Abu-abu,0,101034,0,0,NULL,100003,1093,LT,0,0,NULL,NULL,NULL,140133,2024-09-13 10:58:36.000,1,140133,2025-02-13 09:03:24.000,2018-03-15,1726199916Laci_Kerja.jpeg,1726199916Laci_Kerja_thumb.jpeg,/assets/uploads/assetsre/ap/,0,0,
290,,00290-FUR-LC-CFS-PTRE-14,Laci Kerja,CFS,UNO,Warna Cokelat,0,101034,0,0,NULL,100003,1093,LT,0,0,NULL,NULL,NULL,140133,2024-09-13 10:58:30.000,1,140133,2025-02-13 09:03:28.000,2018-03-15,1726199910Laci_Kerja.jpeg,1726199910Laci_Kerja_thumb.jpeg,/assets/uploads/assetsre/ap/,0,0,
291,,00291-FUR-LC-CFS-PTRE-14,Laci Kerja,CFS,UNO,Warna Cokelat,0,101034,0,0,NULL,100003,1093,LT,0,0,NULL,NULL,NULL,140133,2024-09-13 10:58:27.000,1,140133,2025-02-13 09:03:33.000,2018-03-15,1726199907Laci_Kerja.jpeg,1726199907Laci_Kerja_thumb.jpeg,/assets/uploads/assetsre/ap/,0,0,
292,,00292-ACC-LC-CFS-PTRE-14,Laci Kerja,CFS,UNO,Warna Cokelat,0,101034,0,0,NULL,100003,1093,LT,0,0,NULL,NULL,NULL,140133,2024-09-13 10:58:21.000,1,140133,2025-02-13 09:03:39.000,2018-03-15,1726199901Laci_Kerja.jpeg,1726199901Laci_Kerja_thumb.jpeg,/assets/uploads/assetsre/ap/,0,0,
293,,00293-ACC-LC-CFS-PTRE-14,Laci Kerja,CFS,UNO,Warna Cokelat,0,101034,0,0,NULL,100003,1093,LT,0,0,NULL,NULL,NULL,140133,2024-09-13 10:58:17.000,0,NULL,NULL,2018-03-15,1726199897Laci_Kerja.jpeg,1726199897Laci_Kerja_thumb.jpeg,/assets/uploads/assetsre/ap/,0,0,
321,,00321-FUR-LC-CFS-PTRE-12,Laci Kerja,CFS,UNO,Warna Cream,0,101044,0,0,NULL,100003,1093,LT,0,0,NULL,NULL,NULL,130090,2024-04-26 09:54:21.000,0,NULL,NULL,2018-03-15,1714100061WhatsApp_Image_2024-04-23_at_19_04_06.jpeg,1714100061WhatsApp_Image_2024-04-23_at_19_04_06_thumb.jpeg,/assets/uploads/assetsre/ap/,0,0,
322,,00322-FUR-LC-CFS-PTRE-12,Laci Kerja,CFS,UNO,Warna Cream,0,101044,0,0,NULL,100003,1093,LT,0,0,NULL,NULL,NULL,130090,2024-04-26 09:55:51.000,0,NULL,NULL,2018-03-15,1714100151WhatsApp_Image_2024-04-23_at_19_04_06.jpeg,1714100151WhatsApp_Image_2024-04-23_at_19_04_06_thumb.jpeg,/assets/uploads/assetsre/ap/,0,0,
323,,00323-FUR-LC-CFS-PTRE-12,Laci Kerja,CFS,UNO,Warna Cream,0,101044,0,0,NULL,100003,1093,LT,0,0,NULL,NULL,NULL,130090,2024-04-26 10:12:00.000,0,NULL,NULL,2018-03-15,1714100247WhatsApp_Image_2024-04-23_at_19_04_06.jpeg,1714100247WhatsApp_Image_2024-04-23_at_19_04_06_thumb.jpeg,/assets/uploads/assetsre/ap/,0,0,
379,,00379-FUR-KK-CFS-PTRE-14,Laci Kerja,CFS,SAVELLO,Warna HITAM,0,103013,0,0,NULL,100003,80,LT,0,0,NULL,NULL,NULL,140133,2024-08-01 11:43:12.000,0,NULL,NULL,2018-03-15,1601863596Kursi_Kerja_Hitam.jpg,1601863596Kursi_Kerja_Hitam_thumb.jpg,/assets/uploads/assetsre/ap/,0,1,
383,,00383-FUR-KK-CFS-PTRE-14,Laci Kerja,CFS,SAVELLO,,0,103014,0,0,NULL,100003,80,LT,0,0,NULL,NULL,NULL,140133,2024-09-13 10:57:59.000,0,NULL,NULL,2018-03-15,1726199879Laci_Kerja.jpeg,1726199879Laci_Kerja_thumb.jpeg,/assets/uploads/assetsre/ap/,0,0,
384,,00384-FUR-LC-CFS-PTRE-13,Laci Kerja,CFS,UNO,Warna Cokelat,0,101040,0,0,NULL,100003,80,LT,0,0,NULL,NULL,NULL,130090,2025-10-31 10:51:39.000,0,NULL,NULL,2018-03-15,1726199886Laci_Kerja.jpeg,1726199886Laci_Kerja_thumb.jpeg,/assets/uploads/assetsre/ap/,0,0,
385,,00385-FUR-LC-CFS-PTRE-13,Laci Kerja,CFS,UNO,Warna Cokelat,0,101036,0,0,NULL,100003,9,LT,0,0,NULL,NULL,NULL,140133,2024-09-13 10:57:56.000,0,NULL,NULL,2018-03-15,1726199876Laci_Kerja.jpeg,1726199876Laci_Kerja_thumb.jpeg,/assets/uploads/assetsre/ap/,0,0,
386,,00386-FUR-LC-CFS-PTRE-13,Laci Kerja,CFS,UNO,Warna Cokelat,0,101036,0,0,NULL,100003,9,LT,0,0,NULL,NULL,NULL,140133,2024-09-13 10:57:47.000,0,NULL,NULL,2018-03-15,1726199867Laci_Kerja.jpeg,1726199867Laci_Kerja_thumb.jpeg,/assets/uploads/assetsre/ap/,0,0,
387,,00387-FUR-LC-CFS-PTRE-13,Laci Kerja,CFS,UNO,Warna Cokelat,0,101036,0,0,NULL,100003,9,LT,0,0,NULL,NULL,NULL,140133,2024-09-13 10:57:50.000,0,NULL,NULL,2018-03-15,1726199870Laci_Kerja.jpeg,1726199870Laci_Kerja_thumb.jpeg,/assets/uploads/assetsre/ap/,0,0,
390,,00390-FUR-LC-CFS-PTRE-13,Laci Kerja,CFS,UNO,Warna Cokelat,0,101036,0,0,NULL,100003,9,LT,0,0,NULL,NULL,NULL,140133,2024-09-13 10:57:43.000,0,NULL,NULL,2018-03-15,1726199863Laci_Kerja.jpeg,1726199863Laci_Kerja_thumb.jpeg,/assets/uploads/assetsre/ap/,0,0,
391,,00391-FUR-LC-CFS-PTRE-13,Laci Kerja,CFS,UNO,Warna Cokelat,0,101036,0,0,NULL,100003,9,LT,0,0,NULL,NULL,NULL,140133,2024-09-13 10:57:37.000,0,NULL,NULL,2018-03-15,1726199857Laci_Kerja.jpeg,1726199857Laci_Kerja_thumb.jpeg,/assets/uploads/assetsre/ap/,0,0,
392,,00392-FUR-LC-CFS-PTRE-13,Laci Kerja,CFS,UNO,Warna Cokelat,0,101036,0,0,NULL,100003,9,LT,0,0,NULL,NULL,NULL,140133,2024-09-13 10:57:34.000,0,NULL,NULL,2018-03-15,1726199854Laci_Kerja.jpeg,1726199854Laci_Kerja_thumb.jpeg,/assets/uploads/assetsre/ap/,0,0,
393,,00393-FUR-LC-CFS-PTRE-13,Laci Kerja,CFS,UNO,Warna Cokelat,0,101036,0,0,NULL,100003,9,LT,0,0,NULL,NULL,NULL,140133,2024-09-13 10:57:30.000,0,NULL,NULL,2018-03-15,1726199850Laci_Kerja.jpeg,1726199850Laci_Kerja_thumb.jpeg,/assets/uploads/assetsre/ap/,0,0,
394,,00394-FUR-LC-CFS-PTRE-13,Laci Kerja,CFS,UNO,Warna Cokelat,0,101036,0,0,NULL,100003,9,LT,0,0,NULL,NULL,NULL,140133,2024-09-13 10:57:20.000,0,NULL,NULL,2018-03-15,1726199840Laci_Kerja.jpeg,1726199840Laci_Kerja_thumb.jpeg,/assets/uploads/assetsre/ap/,0,0,
395,,00395-FUR-LC-CFS-PTRE-13,Laci Kerja,CFS,UNO,Warna Cokelat,0,101036,0,0,NULL,100003,9,LT,0,0,NULL,NULL,NULL,140133,2024-09-13 10:57:26.000,0,NULL,NULL,2018-03-15,1726199846Laci_Kerja.jpeg,1726199846Laci_Kerja_thumb.jpeg,/assets/uploads/assetsre/ap/,0,0,
396,,00396-FUR-LC-CFS-PTRE-13,Laci Kerja,CFS,UNO,Warna Cokelat,0,101036,0,0,NULL,100003,9,LT,0,0,NULL,NULL,NULL,140133,2024-09-13 10:57:15.000,0,NULL,NULL,2018-03-15,1726199835Laci_Kerja.jpeg,1726199835Laci_Kerja_thumb.jpeg,/assets/uploads/assetsre/ap/,0,0,
468,,00468-FUR-LC-CFS-PTRE-14,Laci Kerja,CFS,UNO,Warna Abu-abu,0,101037,0,0,NULL,100003,80,LT,0,0,NULL,NULL,NULL,140133,2024-07-30 15:24:36.000,0,NULL,NULL,2018-03-15,NULL,NULL,NULL,0,1,
469,,00469-FUR-LC-CFS-PTRE-14,Laci Kerja,CFS,UNO,Warna Abu-abu,0,101037,0,0,NULL,100003,80,LT,0,0,NULL,NULL,NULL,140133,2024-07-30 15:24:47.000,0,NULL,NULL,2018-03-15,NULL,NULL,NULL,0,1,
470,,00470-FUR-LC-CFS-PTRE-14,Laci Kerja,CFS,UNO,Warna Abu-abu,0,101037,0,0,NULL,100003,80,LT,0,0,NULL,NULL,NULL,140133,2024-07-30 15:22:42.000,0,NULL,NULL,2018-03-15,NULL,NULL,NULL,0,1,
471,,00471-FUR-LC-CFS-PTRE-14,Laci Kerja,CFS,UNO,Warna Cokelat,0,101037,0,0,NULL,100003,80,LT,0,0,NULL,NULL,NULL,140133,2024-07-30 15:24:30.000,0,NULL,NULL,2018-03-15,NULL,NULL,NULL,0,1,
472,,00472-FUR-LC-CFS-PTRE-14,Laci Kerja,CFS,UNO,Warna Cokelat,0,101037,0,0,NULL,100003,80,LT,0,0,NULL,NULL,NULL,140133,2024-07-30 15:22:21.000,0,NULL,NULL,2018-03-15,NULL,NULL,NULL,0,1,
473,,00473-FUR-LC-CFS-PTRE-14,Laci Kerja,CFS,UNO,Warna Cokelat,0,101037,0,0,NULL,100003,80,LT,0,0,NULL,NULL,NULL,140133,2024-07-30 15:22:27.000,0,NULL,NULL,2018-03-15,NULL,NULL,NULL,0,1,
474,,00474-FUR-LC-CFS-PTRE-14,Laci Kerja,CFS,UNO,Warna Cokelat,0,101037,0,0,NULL,100003,80,LT,0,0,NULL,NULL,NULL,140133,2024-07-30 15:24:24.000,0,NULL,NULL,2018-03-15,NULL,NULL,NULL,0,1,
475,,00475-FUR-LC-CFS-PTRE-14,Laci Kerja,CFS,UNO,Warna Cokelat,0,101037,0,0,NULL,100003,80,LT,0,0,NULL,NULL,NULL,140133,2024-07-30 15:22:48.000,0,NULL,NULL,2018-03-15,NULL,NULL,NULL,0,1,
476,,00476-FUR-LC-CFS-PTRE-14,Laci Kerja,CFS,UNO,Warna Cokelat,0,101037,0,0,NULL,100003,80,LT,0,0,NULL,NULL,NULL,140133,2024-07-30 15:22:15.000,0,NULL,NULL,2018-03-15,NULL,NULL,NULL,0,1,
477,,00477-FUR-LC-CFS-PTRE-14,Laci Kerja,CFS,UNO,Warna Cokelat,0,101037,0,0,NULL,100003,80,LT,0,0,NULL,NULL,NULL,140133,2024-07-30 15:21:57.000,0,NULL,NULL,2018-03-15,NULL,NULL,NULL,0,1,
478,,00478-FUR-LC-CFS-PTRE-14,Laci Kerja,CFS,UNO,Warna Cokelat,0,101037,0,0,NULL,100003,80,LT,0,0,NULL,NULL,NULL,140133,2024-07-30 15:22:34.000,0,NULL,NULL,2018-03-15,NULL,NULL,NULL,0,1,
479,,00479-FUR-LC-CFS-PTRE-14,Laci Kerja,CFS,UNO,Warna Cokelat,0,101037,0,0,NULL,100003,9,LT,0,0,NULL,NULL,NULL,140133,2024-07-30 15:21:46.000,0,NULL,NULL,2018-03-15,NULL,NULL,NULL,0,1,
480,,00480-FUR-KKL-CFS-PTRE-14,Laci Kerja,CFS,UNO,Warna Cokelat,0,101037,0,0,NULL,100003,80,LT,0,0,NULL,NULL,NULL,140133,2024-07-30 15:22:09.000,0,NULL,NULL,2018-03-15,NULL,NULL,NULL,0,1,
481,,00481-FUR-KKL-CFS-PTRE-14,Laci Kerja,CFS,UNO,Warna Cokelat,0,101037,0,0,NULL,100003,80,LT,0,0,NULL,NULL,NULL,140133,2024-07-30 15:22:03.000,0,NULL,NULL,2018-03-15,NULL,NULL,NULL,0,1,
482,,00482-FUR-LC-CFS-PTRE-14,Laci Kerja,CFS,UNO,Warna Cokelat,0,101037,0,0,NULL,100003,9,LT,0,0,NULL,NULL,NULL,140133,2024-07-30 15:21:28.000,0,NULL,NULL,2018-03-15,NULL,NULL,NULL,0,1,
483,,00483-FUR-LC-CFS-PTRE-14,Laci Kerja,CFS,UNO,Warna Cokelat,0,101037,0,0,NULL,100003,9,LT,0,0,NULL,NULL,NULL,140133,2024-07-30 15:21:22.000,0,NULL,NULL,2018-03-15,NULL,NULL,NULL,0,1,
484,,00484-FUR-LC-CFS-PTRE-14,Laci Kerja,CFS,UNO,Warna Cokelat,0,101037,0,0,NULL,100003,9,LT,0,0,NULL,NULL,NULL,140133,2024-07-30 15:21:34.000,0,NULL,NULL,2018-03-15,NULL,NULL,NULL,0,1,
485,,00485-FUR-LC-CFS-PTRE-14,Laci Kerja,CFS,UNO,Warna Cokelat,0,101037,0,0,NULL,100003,80,LT,0,0,NULL,NULL,NULL,140133,2024-07-30 15:24:14.000,0,NULL,NULL,2018-03-15,NULL,NULL,NULL,0,1,
486,,00486-FUR-LC-CFS-PTRE-14,Laci Kerja,CFS,UNO,Warna Cokelat,0,101037,0,0,NULL,100003,9,LT,0,0,NULL,NULL,NULL,140133,2024-07-30 15:21:40.000,0,NULL,NULL,2018-03-15,NULL,NULL,NULL,0,1,
487,,00487-FUR-LC-CFS-PTRE-14,Laci Kerja,CFS,UNO,Warna Cokelat,0,101037,0,0,NULL,100003,9,LT,0,0,NULL,NULL,NULL,140133,2024-07-30 15:21:10.000,0,NULL,NULL,2018-03-15,NULL,NULL,NULL,0,1,
561,,00561-FUR-LC-CFS-PTRE-14,Laci Kerja,CFS,UNO,WARNA CREAM,0,104008,0,0,NULL,100003,80,LT,0,0,NULL,NULL,NULL,130090,2020-10-22 15:07:29.000,1,140133,2024-07-31 14:44:10.000,2018-03-15,1603354049LACI_KERJA.jpg,1603354049LACI_KERJA_thumb.jpg,/assets/uploads/assetsre/ap/,0,0,
570,,00570-FUR-LC-CFS-PTRE-14,Laci Kerja,CFS,Modera,Warna Abu-abu,0,101039,0,0,NULL,100003,9,LT,0,0,NULL,NULL,NULL,140133,2024-09-13 10:57:11.000,1,140133,2025-02-14 15:25:07.000,2018-03-15,1726199831Laci_Kerja.jpeg,1726199831Laci_Kerja_thumb.jpeg,/assets/uploads/assetsre/ap/,0,0,
571,,00571-FUR-LC-CFS-PTRE-14,Laci Kerja,CFS,UNO,Warna Cokelat,0,101040,0,0,23-1131109,100003,9,LT,0,0,NULL,NULL,NULL,140133,2025-04-25 10:20:41.000,0,NULL,NULL,2018-03-15,1726199827Laci_Kerja.jpeg,1726199827Laci_Kerja_thumb.jpeg,/assets/uploads/assetsre/ap/,0,0,
572,,00572-FUR-LC-CFS-PTRE-14,Laci Kerja,CFS,UNO,Warna Cokelat,0,101040,0,0,23-1131109,100003,9,LT,0,0,NULL,NULL,NULL,140133,2025-04-25 10:22:36.000,0,NULL,NULL,2018-03-15,1726199815Laci_Kerja.jpeg,1726199815Laci_Kerja_thumb.jpeg,/assets/uploads/assetsre/ap/,0,0,
573,,00573-FUR-LC-CFS-PTRE-14,Laci Kerja,CFS,UNO,Warna Cokelat,0,101040,0,0,23-1131109,100003,9,LT,0,0,NULL,NULL,NULL,140133,2025-04-25 10:21:21.000,0,NULL,NULL,2018-03-15,1726199818Laci_Kerja.jpeg,1726199818Laci_Kerja_thumb.jpeg,/assets/uploads/assetsre/ap/,0,0,
575,,00575-FUR-LC-CFS-PTRE-14,Laci Kerja,CFS,UNO,Warna Cokelat,0,101040,0,0,23-1131109,100003,9,LT,0,0,NULL,NULL,NULL,140133,2025-04-25 10:20:05.000,0,NULL,NULL,2018-03-15,1726199822Laci_Kerja.jpeg,1726199822Laci_Kerja_thumb.jpeg,/assets/uploads/assetsre/ap/,0,0,
576,,00576-FUR-LC-CFS-PTRE-14,Laci Kerja,CFS,UNO,Warna Cokelat,0,101040,0,0,23-1131109,100003,9,LT,0,0,NULL,NULL,NULL,140133,2025-04-25 10:20:13.000,0,NULL,NULL,2018-03-15,1726199803Laci_Kerja.jpeg,1726199803Laci_Kerja_thumb.jpeg,/assets/uploads/assetsre/ap/,0,0,
577,,00577-FUR-LC-CFS-PTRE-14,Laci Kerja,CFS,UNO,Warna Cokelat,0,101040,0,0,23-1131109,100003,9,LT,0,0,NULL,NULL,NULL,140133,2025-04-25 10:21:12.000,0,NULL,NULL,2018-03-15,1726199807Laci_Kerja.jpeg,1726199807Laci_Kerja_thumb.jpeg,/assets/uploads/assetsre/ap/,0,0,
578,,00578-FUR-LC-CFS-PTRE-14,Laci Kerja,CFS,UNO,Warna Cokelat,0,101040,0,0,23-1131109,100003,9,LT,0,0,NULL,NULL,NULL,140133,2025-04-25 10:19:46.000,0,NULL,NULL,2018-03-15,1726199798Laci_Kerja.jpeg,1726199798Laci_Kerja_thumb.jpeg,/assets/uploads/assetsre/ap/,0,0,
579,,00579-FUR-LC-CFS-PTRE-14,Laci Kerja,CFS,UNO,Warna Cokelat,0,101040,0,0,23-1131109,100003,9,LT,0,0,NULL,NULL,NULL,140133,2025-04-25 10:19:38.000,0,NULL,NULL,2018-03-15,1726199786Laci_Kerja.jpeg,1726199786Laci_Kerja_thumb.jpeg,/assets/uploads/assetsre/ap/,0,0,
581,,00581-FUR-LC-CFS-PTRE-14,Laci Kerja,CFS,UNO,Warna Cokelat,0,101039,0,0,NULL,100003,80,LT,0,0,NULL,NULL,NULL,140133,2024-07-26 14:37:45.000,0,NULL,NULL,2018-03-15,NULL,NULL,NULL,0,1,
582,,00582-FUR-LC-CFS-PTRE-14,Laci Kerja,CFS,UNO,Warna Cokelat,0,101040,0,0,23-1131109,100003,9,LT,0,0,NULL,NULL,NULL,140133,2025-04-25 10:20:24.000,0,NULL,NULL,2018-03-15,1726199780Laci_Kerja.jpeg,1726199780Laci_Kerja_thumb.jpeg,/assets/uploads/assetsre/ap/,0,0,
583,,00583-FUR-LC-CFS-PTRE-14,Laci Kerja,CFS,UNO,Warna Cokelat,0,101040,0,0,23-1131109,100003,9,LT,0,0,NULL,NULL,NULL,140133,2025-04-25 10:19:31.000,0,NULL,NULL,2018-03-15,1726199776Laci_Kerja.jpeg,1726199776Laci_Kerja_thumb.jpeg,/assets/uploads/assetsre/ap/,0,0,
640,,00640-FUR-LC-CFS-PTRE-12,Laci Kerja,CFS,Modera,Warna Abu-abu,0,101040,0,0,NULL,100003,80,LT,0,0,NULL,NULL,NULL,140133,2024-07-26 15:17:57.000,0,NULL,NULL,2018-03-15,NULL,NULL,NULL,0,1,
641,,00641-FUR-LC-CFS-PTRE-12,Laci Kerja,CFS,Modera,Warna Abu-abu,0,101040,0,0,NULL,100003,9,LT,0,0,NULL,NULL,NULL,140133,2024-09-13 10:56:07.000,0,NULL,NULL,2018-03-15,1726199767Laci_Kerja.jpeg,1726199767Laci_Kerja_thumb.jpeg,/assets/uploads/assetsre/ap/,0,0,
642,,00642-FUR-LC-CFS-PTRE-12,Laci Kerja,CFS,Modera,Warna Abu-abu,0,101040,0,0,NULL,100003,80,LT,0,0,NULL,NULL,NULL,140133,2024-07-26 15:17:50.000,0,NULL,NULL,2018-03-15,NULL,NULL,NULL,0,1,
643,,00643-FUR-LC-CFS-PTRE-12,Laci Kerja,CFS,Modera,Warna Abu-abu,0,101040,0,0,NULL,100003,80,LT,0,0,NULL,NULL,NULL,140133,2024-07-26 15:18:20.000,0,NULL,NULL,2018-03-15,NULL,NULL,NULL,0,1,
644,,00644-FUR-LC-CFS-PTRE-14,Laci Kerja,CFS,UNO,Warna Cokelat,0,101040,0,0,NULL,100003,80,LT,0,0,NULL,NULL,NULL,140133,2024-07-26 15:17:44.000,0,NULL,NULL,2018-03-15,NULL,NULL,NULL,0,1,
645,,00645-FUR-LC-CFS-PTRE-14,Laci Kerja,CFS,UNO,Warna Cokelat,0,101040,0,0,NULL,100003,9,LT,0,0,NULL,NULL,NULL,140133,2024-09-13 10:56:03.000,0,NULL,NULL,2018-03-15,1726199763Laci_Kerja.jpeg,1726199763Laci_Kerja_thumb.jpeg,/assets/uploads/assetsre/ap/,0,0,
646,,00646-FUR-LC-CFS-PTRE-14,Laci Kerja,CFS,UNO,Warna Cokelat,0,101040,0,0,NULL,100003,80,LT,0,0,NULL,NULL,NULL,140133,2024-07-26 15:18:11.000,0,NULL,NULL,2018-03-15,NULL,NULL,NULL,0,1,
647,,00647-FUR-LC-CFS-PTRE-14,Laci Kerja,CFS,UNO,Warna Cokelat,0,101040,0,0,NULL,100003,80,LT,0,0,NULL,NULL,NULL,140133,2024-07-26 15:17:20.000,0,NULL,NULL,2018-03-15,NULL,NULL,NULL,0,1,
648,,00648-FUR-LC-CFS-PTRE-14,Laci Kerja,CFS,UNO,Warna Cokelat,0,101040,0,0,NULL,100003,80,LT,0,0,NULL,NULL,NULL,140133,2024-07-26 15:17:14.000,0,NULL,NULL,2018-03-15,NULL,NULL,NULL,0,1,
649,,00649-FUR-LC-CFS-PTRE-14,Laci Kerja,CFS,UNO,Warna Cokelat,0,101040,0,0,NULL,100003,80,LT,0,0,NULL,NULL,NULL,140133,2024-07-26 15:17:37.000,0,NULL,NULL,2018-03-15,NULL,NULL,NULL,0,1,
651,,00651-FUR-LC-CFS-PTRE-14,Laci Kerja,CFS,UNO,Warna Cokelat,0,101040,0,0,NULL,100003,80,LT,0,0,NULL,NULL,NULL,140133,2024-07-26 15:17:07.000,0,NULL,NULL,2018-03-15,NULL,NULL,NULL,0,1,
652,,00652-FUR-LC-CFS-PTRE-14,Laci Kerja,CFS,UNO,Warna Cokelat,0,101040,0,0,NULL,100003,80,LT,0,0,NULL,NULL,NULL,140133,2024-07-26 15:17:26.000,0,NULL,NULL,2018-03-15,NULL,NULL,NULL,0,1,
653,,00653-FUR-LC-CFS-PTRE-14,Laci Kerja,CFS,UNO,Warna Cokelat,0,101040,0,0,NULL,100003,80,LT,0,0,NULL,NULL,NULL,140133,2024-07-26 15:18:40.000,0,NULL,NULL,2018-03-15,NULL,NULL,NULL,0,1,
654,,00654-FUR-LC-CFS-PTRE-14,Laci Kerja,CFS,UNO,Warna Cokelat,0,101040,0,0,NULL,100003,9,LT,0,0,NULL,NULL,NULL,140133,2024-09-13 10:56:12.000,0,NULL,NULL,2018-03-15,1726199772Laci_Kerja.jpeg,1726199772Laci_Kerja_thumb.jpeg,/assets/uploads/assetsre/ap/,0,0,
655,,00655-FUR-LC-CFS-PTRE-14,Laci Kerja,CFS,UNO,Warna Cokelat,0,101040,0,0,NULL,100003,9,LT,0,0,NULL,NULL,NULL,140133,2024-09-13 10:56:00.000,0,NULL,NULL,2018-03-15,1726199760Laci_Kerja.jpeg,1726199760Laci_Kerja_thumb.jpeg,/assets/uploads/assetsre/ap/,0,0,
656,,00656-FUR-LC-CFS-PTRE-14,Laci Kerja,CFS,UNO,Warna Cokelat,0,101040,0,0,NULL,100003,9,LT,0,0,NULL,NULL,NULL,140133,2024-09-13 10:55:53.000,0,NULL,NULL,2018-03-15,1726199753Laci_Kerja.jpeg,1726199753Laci_Kerja_thumb.jpeg,/assets/uploads/assetsre/ap/,0,0,
657,,00657-FUR-LC-CFS-PTRE-14,Laci Kerja,CFS,UNO,Warna Cokelat,0,101040,0,0,NULL,100003,9,LT,0,0,NULL,NULL,NULL,140133,2024-09-13 10:55:46.000,0,NULL,NULL,2018-03-15,1726199746Laci_Kerja.jpeg,1726199746Laci_Kerja_thumb.jpeg,/assets/uploads/assetsre/ap/,0,0,
658,,00658-FUR-LC-CFS-PTRE-14,Laci Kerja,CFS,UNO,Warna Cokelat,0,101040,0,0,NULL,100003,9,LT,0,0,NULL,NULL,NULL,140133,2024-09-13 10:55:50.000,0,NULL,NULL,2018-03-15,1726199750Laci_Kerja.jpeg,1726199750Laci_Kerja_thumb.jpeg,/assets/uploads/assetsre/ap/,0,0,
660,,00660-FUR-LC-CFS-PTRE-14,Laci Kerja,CFS,UNO,Warna Cokelat,0,101040,0,0,NULL,100003,9,LT,0,0,NULL,NULL,NULL,140133,2024-09-13 10:55:43.000,0,NULL,NULL,2018-03-15,1726199743Laci_Kerja.jpeg,1726199743Laci_Kerja_thumb.jpeg,/assets/uploads/assetsre/ap/,0,0,
661,,00661-FUR-LC-CFS-PTRE-14,Laci Kerja,CFS,UNO,Warna Cokelat,0,101040,0,0,NULL,100003,9,LT,0,0,NULL,NULL,NULL,140133,2024-09-13 10:55:38.000,0,NULL,NULL,2018-03-15,1726199738Laci_Kerja.jpeg,1726199738Laci_Kerja_thumb.jpeg,/assets/uploads/assetsre/ap/,0,0,
662,,00662-FUR-LC-CFS-PTRE-14,Laci Kerja,CFS,UNO,Warna Cokelat,0,101040,0,0,NULL,100003,9,LT,0,0,NULL,NULL,NULL,140133,2024-09-13 10:55:27.000,0,NULL,NULL,2018-03-15,1726199727Laci_Kerja.jpeg,1726199727Laci_Kerja_thumb.jpeg,/assets/uploads/assetsre/ap/,0,0,
663,,00663-FUR-LC-CFS-PTRE-14,Laci Kerja,CFS,UNO,Warna Cokelat,0,101040,0,0,NULL,100003,9,LT,0,0,NULL,NULL,NULL,140133,2024-09-13 10:55:34.000,0,NULL,NULL,2018-03-15,1726199734Laci_Kerja.jpeg,1726199734Laci_Kerja_thumb.jpeg,/assets/uploads/assetsre/ap/,0,0,
664,,00664-FUR-LC-CFS-PTRE-14,Laci Kerja,CFS,UNO,Warna Cokelat,0,101040,0,0,NULL,100003,9,LT,0,0,NULL,NULL,NULL,140133,2024-09-13 10:55:23.000,0,NULL,NULL,2018-03-15,1726199723Laci_Kerja.jpeg,1726199723Laci_Kerja_thumb.jpeg,/assets/uploads/assetsre/ap/,0,0,
665,,00665-FUR-LC-CFS-PTRE-14,Laci Kerja,CFS,UNO,Warna Cokelat,0,101040,0,0,NULL,100003,9,LT,0,0,NULL,NULL,NULL,140133,2024-09-13 10:55:18.000,0,NULL,NULL,2018-03-15,1726199718Laci_Kerja.jpeg,1726199718Laci_Kerja_thumb.jpeg,/assets/uploads/assetsre/ap/,0,0,
666,,00666-FUR-LC-CFS-PTRE-14,Laci Kerja,CFS,UNO,Warna Cokelat,0,101040,0,0,NULL,100003,9,LT,0,0,NULL,NULL,NULL,140133,2024-09-13 10:55:14.000,0,NULL,NULL,2018-03-15,1726199714Laci_Kerja1.jpeg,1726199714Laci_Kerja1_thumb.jpeg,/assets/uploads/assetsre/ap/,0,0,
667,,00667-FUR-LC-CFS-PTRE-14,Laci Kerja,CFS,UNO,Warna Cokelat,0,101040,0,0,NULL,100003,9,LT,0,0,NULL,NULL,NULL,140133,2024-09-13 10:55:11.000,0,NULL,NULL,2018-03-15,1726199711Laci_Kerja.jpeg,1726199711Laci_Kerja_thumb.jpeg,/assets/uploads/assetsre/ap/,0,0,
695,NULL,00695-FUR-LC-CFS-PTRE-12,Laci Kerja,CFS,Modera,Warna Abu-abu,0,102004,0,0,NULL,100003,NULL,LT,0,0,NULL,NULL,NULL,130090,2017-02-27 00:00:00.000,1,140133,2024-08-20 13:28:07.000,2018-03-15,NULL,NULL,NULL,0,0,
696,NULL,00696-FUR-LC-CFS-PTRE-12,Laci Kerja,CFS,UNO,Warna Cokelat,0,102004,0,0,NULL,100003,NULL,LT,0,0,NULL,NULL,NULL,130090,2017-02-27 00:00:00.000,1,140133,2024-08-20 13:28:07.000,2018-03-15,NULL,NULL,NULL,0,0,
886,NULL,00886-FUR-LC-CFS-PTRE-16,Laci Kerja,CFS,MODERA,Warna Cream,0,102012,0,0,NULL,100003,NULL,LT,0,0,NULL,NULL,NULL,130090,2017-02-27 00:00:00.000,1,140133,2024-08-08 13:46:02.000,2018-03-15,NULL,NULL,NULL,0,0,
887,NULL,00887-FUR-LC-CFS-PTRE-16,Laci Kerja,CFS,MODERA,Warna Cream,0,102012,0,0,NULL,100003,NULL,LT,0,0,NULL,NULL,NULL,130090,2017-02-27 00:00:00.000,1,140133,2024-08-08 13:46:02.000,2018-03-15,NULL,NULL,NULL,0,0,
888,NULL,00888-FUR-LC-CFS-PTRE-16,Laci Kerja,CFS,MODERA,Warna Cream,0,102012,0,0,NULL,100003,NULL,LT,0,0,NULL,NULL,NULL,130090,2017-02-27 00:00:00.000,1,140133,2024-08-08 13:46:02.000,2018-03-15,NULL,NULL,NULL,0,0,
889,NULL,00889-FUR-LC-CFS-PTRE-16,Laci Kerja,CFS,MODERA,Warna Cream,0,102012,0,0,NULL,100003,NULL,LT,0,0,NULL,NULL,NULL,130090,2017-02-27 00:00:00.000,1,140133,2024-08-08 13:46:02.000,2018-03-15,NULL,NULL,NULL,0,0,
890,NULL,00890-FUR-LC-CFS-PTRE-16,Laci Kerja,CFS,MODERA,Warna Cream,0,102012,0,0,NULL,100003,NULL,LT,0,0,NULL,NULL,NULL,130090,2017-02-27 00:00:00.000,1,140133,2024-08-08 13:46:02.000,2018-03-15,NULL,NULL,NULL,0,0,
891,NULL,00891-FUR-LC-CFS-PTRE-16,Laci Kerja,CFS,MODERA,Warna Cream,0,102012,0,0,NULL,100003,NULL,LT,0,0,NULL,NULL,NULL,130090,2017-02-27 00:00:00.000,1,140133,2024-08-08 13:46:02.000,2018-03-15,NULL,NULL,NULL,0,0,
892,NULL,00892-FUR-LC-CFS-PTRE-16,Laci Kerja,CFS,MODERA,Warna Cream,0,102012,0,0,NULL,100003,NULL,LT,0,0,NULL,NULL,NULL,130090,2017-02-27 00:00:00.000,1,140133,2024-08-08 13:46:02.000,2018-03-15,NULL,NULL,NULL,0,0,
893,NULL,00893-FUR-LC-CFS-PTRE-16,Laci Kerja,CFS,MODERA,Warna Cream,0,102012,0,0,NULL,100003,NULL,LT,0,0,NULL,NULL,NULL,130090,2017-02-27 00:00:00.000,1,140133,2024-08-08 13:46:02.000,2018-03-15,NULL,NULL,NULL,0,0,
894,NULL,00894-FUR-LC-CFS-PTRE-16,Laci Kerja,CFS,MODERA,Warna Cream,0,102012,0,0,NULL,100003,NULL,LT,0,0,NULL,NULL,NULL,130090,2017-02-27 00:00:00.000,1,140133,2024-08-08 13:46:02.000,2018-03-15,NULL,NULL,NULL,0,0,
895,NULL,00895-FUR-LC-CFS-PTRE-16,Laci Kerja,CFS,MODERA,Warna Cream,0,102012,0,0,NULL,100003,NULL,LT,0,0,NULL,NULL,NULL,130090,2017-02-27 00:00:00.000,1,140133,2024-08-08 13:46:02.000,2018-03-15,NULL,NULL,NULL,0,0,
896,NULL,00896-FUR-LC-CFS-PTRE-16,Laci Kerja,CFS,MODERA,Warna Cream,0,102012,0,0,NULL,100003,NULL,LT,0,0,NULL,NULL,NULL,130090,2017-02-27 00:00:00.000,1,140133,2024-08-08 13:46:02.000,2018-03-15,NULL,NULL,NULL,0,0,
897,NULL,00897-FUR-LC-CFS-PTRE-16,Laci Kerja,CFS,MODERA,Warna Cream,0,102012,0,0,NULL,100003,NULL,LT,0,0,NULL,NULL,NULL,130090,2017-02-27 00:00:00.000,1,140133,2024-08-08 13:46:02.000,2018-03-15,NULL,NULL,NULL,0,0,
898,NULL,00898-FUR-LC-CFS-PTRE-16,Laci Kerja,CFS,MODERA,Warna Cream,0,102012,0,0,NULL,100003,NULL,LT,0,0,NULL,NULL,NULL,130090,2017-02-27 00:00:00.000,1,140133,2024-08-08 13:46:02.000,2018-03-15,NULL,NULL,NULL,0,0,
899,NULL,00899-FUR-LC-CFS-PTRE-16,Laci Kerja,CFS,MODERA,Warna Cream,0,102012,0,0,NULL,100003,NULL,LT,0,0,NULL,NULL,NULL,130090,2017-02-27 00:00:00.000,1,140133,2024-08-08 13:46:02.000,2018-03-15,NULL,NULL,NULL,0,0,
900,NULL,00900-FUR-LC-CFS-PTRE-16,Laci Kerja,CFS,MODERA,Warna Cream,0,102012,0,0,NULL,100003,NULL,LT,0,0,NULL,NULL,NULL,130090,2017-02-27 00:00:00.000,1,140133,2024-08-08 13:46:02.000,2018-03-15,NULL,NULL,NULL,0,0,
901,NULL,00901-FUR-LC-CFS-PTRE-16,Laci Kerja,CFS,MODERA,Warna Cream,0,102012,0,0,NULL,100003,NULL,LT,0,0,NULL,NULL,NULL,130090,2017-02-27 00:00:00.000,1,140133,2024-08-08 13:46:02.000,2018-03-15,NULL,NULL,NULL,0,0,
902,NULL,00902-FUR-LC-CFS-PTRE-16,Laci Kerja,CFS,MODERA,Warna Cream,0,102012,0,0,NULL,100003,NULL,LT,0,0,NULL,NULL,NULL,130090,2017-02-27 00:00:00.000,1,140133,2024-08-08 13:46:02.000,2018-03-15,NULL,NULL,NULL,0,0,
903,NULL,00903-FUR-LC-CFS-PTRE-16,Laci Kerja,CFS,MODERA,Warna Cream,0,102012,0,0,NULL,100003,NULL,LT,0,0,NULL,NULL,NULL,130090,2017-02-27 00:00:00.000,1,140133,2024-08-08 13:46:02.000,2018-03-15,NULL,NULL,NULL,0,0,
904,NULL,00904-FUR-LC-CFS-PTRE-16,Laci Kerja,CFS,MODERA,Warna Cream,0,102012,0,0,NULL,100003,NULL,LT,0,0,NULL,NULL,NULL,130090,2017-02-27 00:00:00.000,1,140133,2024-08-08 13:46:02.000,2018-03-15,NULL,NULL,NULL,0,0,
980,NULL,00980-FUR-LC-CFS-PTRE-16,Laci Kerja,CFS,UNO,Warna Cream,0,102013,0,0,NULL,100003,NULL,LT,0,0,NULL,NULL,NULL,130090,2017-02-27 00:00:00.000,1,140133,2024-08-08 13:44:31.000,2018-03-15,NULL,NULL,NULL,0,0,
981,NULL,00981-FUR-LC-CFS-PTRE-16,Laci Kerja,CFS,UNO,Warna Cream,0,102013,0,0,NULL,100003,NULL,LT,0,0,NULL,NULL,NULL,130090,2017-02-27 00:00:00.000,1,140133,2024-08-08 13:44:31.000,2018-03-15,NULL,NULL,NULL,0,0,
982,NULL,00982-FUR-LC-CFS-PTRE-16,Laci Kerja,CFS,UNO,Warna Cream,0,102013,0,0,NULL,100003,NULL,LT,0,0,NULL,NULL,NULL,130090,2017-02-27 00:00:00.000,1,140133,2024-08-08 13:44:31.000,2018-03-15,NULL,NULL,NULL,0,0,
983,NULL,00983-FUR-LC-CFS-PTRE-16,Laci Kerja,CFS,UNO,Warna Cream,0,102013,0,0,NULL,100003,NULL,LT,0,0,NULL,NULL,NULL,130090,2017-02-27 00:00:00.000,1,140133,2024-08-08 13:44:31.000,2018-03-15,NULL,NULL,NULL,0,0,
984,NULL,00984-FUR-LC-CFS-PTRE-16,Laci Kerja,CFS,UNO,Warna Cream,0,102013,0,0,NULL,100003,NULL,LT,0,0,NULL,NULL,NULL,130090,2017-02-27 00:00:00.000,1,140133,2024-08-08 13:44:31.000,2018-03-15,NULL,NULL,NULL,0,0,
985,NULL,00985-FUR-LC-CFS-PTRE-16,Laci Kerja,CFS,UNO,Warna Cream,0,102013,0,0,NULL,100003,NULL,LT,0,0,NULL,NULL,NULL,130090,2017-02-27 00:00:00.000,1,140133,2024-08-08 13:44:31.000,2018-03-15,NULL,NULL,NULL,0,0,
988,NULL,00988-FUR-LC-CFS-PTRE-16,Laci Kerja,CFS,UNO,Warna Cream,0,102013,0,0,NULL,100003,NULL,LT,0,0,NULL,NULL,NULL,130090,2017-02-27 00:00:00.000,1,140133,2024-08-08 13:44:31.000,2018-03-15,NULL,NULL,NULL,0,0,
989,NULL,00989-FUR-LC-CFS-PTRE-16,Laci Kerja,CFS,UNO,Warna Cream,0,102013,0,0,NULL,100003,NULL,LT,0,0,NULL,NULL,NULL,130090,2017-02-27 00:00:00.000,1,140133,2024-08-08 13:43:44.000,2018-03-15,NULL,NULL,NULL,0,0,
990,NULL,00990-FUR-LC-CFS-PTRE-16,Laci Kerja,CFS,UNO,Warna Cream,0,102013,0,0,NULL,100003,NULL,LT,0,0,NULL,NULL,NULL,130090,2017-02-27 00:00:00.000,1,140133,2024-08-08 13:43:44.000,2018-03-15,NULL,NULL,NULL,0,0,
991,NULL,00991-FUR-LC-CFS-PTRE-16,Laci Kerja,CFS,UNO,Warna Cream,0,102013,0,0,NULL,100003,NULL,LT,0,0,NULL,NULL,NULL,130090,2017-02-27 00:00:00.000,1,140133,2024-08-08 13:43:44.000,2018-03-15,NULL,NULL,NULL,0,0,
992,NULL,00992-FUR-LC-CFS-PTRE-16,Laci Kerja,CFS,UNO,Warna Cream,0,102013,0,0,NULL,100003,NULL,LT,0,0,NULL,NULL,NULL,130090,2017-02-27 00:00:00.000,1,140133,2024-08-08 13:43:44.000,2018-03-15,NULL,NULL,NULL,0,0,
994,NULL,00994-FUR-LC-CFS-PTRE-16,Laci Kerja,CFS,UNO,Warna Cream,0,102013,0,0,NULL,100003,NULL,LT,0,0,NULL,NULL,NULL,130090,2017-02-27 00:00:00.000,1,140133,2024-08-08 13:43:44.000,2018-03-15,NULL,NULL,NULL,0,0,
995,NULL,00995-FUR-LC-CFS-PTRE-16,Laci Kerja,CFS,UNO,Warna Cream,0,102013,0,0,NULL,100003,NULL,LT,0,0,NULL,NULL,NULL,130090,2017-02-27 00:00:00.000,1,140133,2024-08-08 13:43:44.000,2018-03-15,NULL,NULL,NULL,0,0,
996,NULL,00996-FUR-LC-CFS-PTRE-16,Laci Kerja,CFS,UNO,Warna Cream,0,102013,0,0,NULL,100003,NULL,LT,0,0,NULL,NULL,NULL,130090,2017-02-27 00:00:00.000,1,140133,2024-08-08 13:43:44.000,2018-03-15,NULL,NULL,NULL,0,0,
997,NULL,00997-FUR-LC-CFS-PTRE-16,Laci Kerja,CFS,UNO,Warna Cream,0,102013,0,0,NULL,100003,NULL,LT,0,0,NULL,NULL,NULL,130090,2017-02-27 00:00:00.000,1,140133,2024-08-08 13:43:44.000,2018-03-15,NULL,NULL,NULL,0,0,
998,NULL,00998-FUR-LC-CFS-PTRE-16,Laci Kerja,CFS,UNO,Warna Cream,0,102013,0,0,NULL,100003,NULL,LT,0,0,NULL,NULL,NULL,130090,2017-02-27 00:00:00.000,1,140133,2024-08-08 13:43:44.000,2018-03-15,NULL,NULL,NULL,0,0,
999,NULL,00999-FUR-LC-CFS-PTRE-16,Laci Kerja,CFS,UNO,Warna Cream,0,102013,0,0,NULL,100003,NULL,LT,0,0,NULL,NULL,NULL,130090,2017-02-27 00:00:00.000,1,140133,2024-08-08 13:43:44.000,2018-03-15,NULL,NULL,NULL,0,0,
1000,NULL,01000-FUR-LC-CFS-PTRE-16,Laci Kerja,CFS,UNO,Warna Cream,0,102013,0,0,NULL,100003,NULL,LT,0,0,NULL,NULL,NULL,130090,2017-02-27 00:00:00.000,1,140133,2024-08-08 13:43:44.000,2018-03-15,NULL,NULL,NULL,0,0,
1001,NULL,01001-FUR-LC-CFS-PTRE-16,Laci Kerja,CFS,UNO,Warna Cream,0,102013,0,0,NULL,100003,NULL,LT,0,0,NULL,NULL,NULL,130090,2017-02-27 00:00:00.000,1,140133,2024-08-08 13:43:44.000,2018-03-15,NULL,NULL,NULL,0,0,
1002,NULL,01002-FUR-LC-CFS-PTRE-16,Laci Kerja,CFS,UNO,Warna Cream,0,102013,0,0,NULL,100003,NULL,LT,0,0,NULL,NULL,NULL,130090,2017-02-27 00:00:00.000,1,140133,2024-08-08 13:43:44.000,2018-03-15,NULL,NULL,NULL,0,0,
1003,NULL,01003-FUR-LC-CFS-PTRE-16,Laci Kerja,CFS,UNO,Warna Cream,0,102013,0,0,NULL,100003,NULL,LT,0,0,NULL,NULL,NULL,130090,2017-02-27 00:00:00.000,1,140133,2024-08-08 13:43:44.000,2018-03-15,NULL,NULL,NULL,0,0,
1004,NULL,01004-FUR-LC-CFS-PTRE-16,Laci Kerja,CFS,UNO,Warna Cream,0,102013,0,0,NULL,100003,NULL,LT,0,0,NULL,NULL,NULL,130090,2017-02-27 00:00:00.000,1,140133,2024-08-08 13:43:44.000,2018-03-15,NULL,NULL,NULL,0,0,
1005,NULL,01005-FUR-LC-CFS-PTRE-16,Laci Kerja,CFS,UNO,Warna Cream,0,102013,0,0,NULL,100003,NULL,LT,0,0,NULL,NULL,NULL,130090,2017-02-27 00:00:00.000,1,140133,2024-08-08 13:43:44.000,2018-03-15,NULL,NULL,NULL,0,0,
1006,NULL,01006-FUR-LC-CFS-PTRE-16,Laci Kerja,CFS,UNO,Warna Cream,0,102013,0,0,NULL,100003,NULL,LT,0,0,NULL,NULL,NULL,130090,2017-02-27 00:00:00.000,1,140133,2024-08-08 13:43:44.000,2018-03-15,NULL,NULL,NULL,0,0,
1007,NULL,01007-FUR-LC-CFS-PTRE-16,Laci Kerja,CFS,UNO,Warna Cream,0,102013,0,0,NULL,100003,NULL,LT,0,0,NULL,NULL,NULL,130090,2017-02-27 00:00:00.000,1,140133,2024-08-08 13:43:44.000,2018-03-15,NULL,NULL,NULL,0,0,
1008,,01008-FUR-LC-CFS-PTRE-16,Laci Kerja,CFS,UNO,Warna Cream,0,102013,0,0,NULL,100003,80,LT,0,0,NULL,NULL,NULL,140133,2024-08-08 13:43:20.000,0,NULL,NULL,2018-03-15,NULL,NULL,NULL,0,1,
1009,NULL,01009-FUR-LC-CFS-PTRE-16,Laci Kerja,CFS,UNO,Warna Cream,0,102013,0,0,NULL,100003,NULL,LT,0,0,NULL,NULL,NULL,130090,2017-02-27 00:00:00.000,1,140133,2024-08-08 13:43:44.000,2018-03-15,NULL,NULL,NULL,0,0,
1010,,01010-FUR-LC-CFS-PTRE-16,Laci Kerja,CFS,UNO,Warna Cream,0,102013,0,0,NULL,100003,80,LT,0,0,NULL,NULL,NULL,140133,2024-08-08 13:43:11.000,0,NULL,NULL,2018-03-15,NULL,NULL,NULL,0,1,
1022,,01022-FUR-LK-CFS-PTRE-13,Laci Kerja,CFS,UNO,Warna Cokelat,0,101045,0,0,23-1131109,100003,9,LT,0,0,NULL,NULL,NULL,140133,2025-03-18 14:11:26.000,0,NULL,NULL,2018-03-15,1726199707Laci_Kerja.jpeg,1726199707Laci_Kerja_thumb.jpeg,/assets/uploads/assetsre/ap/,0,0,
1027,,01027-FUR-LC-CFS-PTRE-13,Laci Kerja,CFS,MODERA,Warna Abu-abu,0,102021,0,0,23-1131109,100003,9,LT,0,0,NULL,NULL,NULL,255578,2026-06-07 20:57:28.000,0,NULL,NULL,2018-03-15,1726199703Laci_Kerja.jpeg,1726199703Laci_Kerja_thumb.jpeg,/assets/uploads/assetsre/ap/,0,1,
1072,,01072-FUR-LC-CFS-PTRE-14,Laci Kerja,CFS,UNO,Warna Cokelat,0,102015,0,0,NULL,100003,9,LT,0,0,NULL,NULL,NULL,140133,2024-09-13 10:54:58.000,0,NULL,NULL,2018-03-15,1726199698Laci_Kerja.jpeg,1726199698Laci_Kerja_thumb.jpeg,/assets/uploads/assetsre/ap/,0,0,
1073,,01073-FUR-LC-CFS-PTRE-14,Laci Kerja,CFS,UNO,Warna Cokelat,0,102015,0,0,NULL,100003,9,LT,0,0,NULL,NULL,NULL,140133,2024-09-13 10:54:55.000,0,NULL,NULL,2018-03-15,1726199695Laci_Kerja.jpeg,1726199695Laci_Kerja_thumb.jpeg,/assets/uploads/assetsre/ap/,0,0,
1074,,01074-FUR-LC-CFS-PTRE-14,Laci Kerja,CFS,UNO,Warna Cokelat,0,102015,0,0,NULL,100003,9,LT,0,0,NULL,NULL,NULL,140133,2024-09-13 10:54:51.000,0,NULL,NULL,2018-03-15,1726199691Laci_Kerja.jpeg,1726199691Laci_Kerja_thumb.jpeg,/assets/uploads/assetsre/ap/,0,0,
1075,,01075-FUR-LC-CFS-PTRE-14,Laci Kerja,CFS,UNO,Warna Cokelat,0,102015,0,0,NULL,100003,9,LT,0,0,NULL,NULL,NULL,140133,2024-09-13 10:54:46.000,0,NULL,NULL,2018-03-15,1726199686Laci_Kerja.jpeg,1726199686Laci_Kerja_thumb.jpeg,/assets/uploads/assetsre/ap/,0,0,
1117,,01117-FUR-LC-CFS-PTRE-12,Laci Kerja,CFS,MODERA,Warna Abu-abu,0,102016,0,0,23-1131109,100003,9,LT,0,0,NULL,NULL,NULL,255578,2026-05-29 15:29:33.000,0,NULL,NULL,2018-03-15,1726199678Laci_Kerja.jpeg,1726199678Laci_Kerja_thumb.jpeg,/assets/uploads/assetsre/ap/,0,1,
1118,,01118-FUR-LC-CFS-PTRE-12,Laci Kerja,CFS,MODERA,Warna Abu-abu,0,102016,0,0,23-1131109,100003,9,LT,0,0,NULL,NULL,NULL,255578,2026-05-29 15:29:29.000,0,NULL,NULL,2018-03-15,1726199674Laci_Kerja.jpeg,1726199674Laci_Kerja_thumb.jpeg,/assets/uploads/assetsre/ap/,0,1,
1119,,01119-FUR-LC-CFS-PTRE-14,Laci Kerja,CFS,UNO,Warna Cokelat,0,102016,0,0,23-1131109,100003,9,LT,0,0,NULL,NULL,NULL,255578,2026-05-29 15:29:24.000,0,NULL,NULL,2018-03-15,1726199671Laci_Kerja.jpeg,1726199671Laci_Kerja_thumb.jpeg,/assets/uploads/assetsre/ap/,0,1,
1120,,01120-FUR-LC-CFS-PTRE-14,Laci Kerja,CFS,UNO,Warna Cokelat,0,102016,0,0,23-1131109,100003,9,LT,0,0,NULL,NULL,NULL,255578,2026-05-29 15:29:19.000,0,NULL,NULL,2018-03-15,1726199657Laci_Kerja.jpeg,1726199657Laci_Kerja_thumb.jpeg,/assets/uploads/assetsre/ap/,0,1,
1121,,01121-FUR-LC-CFS-PTRE-14,Laci Kerja,CFS,UNO,Warna Cokelat,0,102016,0,0,23-1131109,100003,9,LT,0,0,NULL,NULL,NULL,255578,2026-05-29 15:29:14.000,0,NULL,NULL,2018-03-15,1726199664Laci_Kerja.jpeg,1726199664Laci_Kerja_thumb.jpeg,/assets/uploads/assetsre/ap/,0,1,
1122,,01122-FUR-LC-CFS-PTRE-14,Laci Kerja,CFS,UNO,Warna Cokelat,0,102016,0,0,23-1131109,100003,9,LT,0,0,NULL,NULL,NULL,255578,2026-05-29 15:29:44.000,0,NULL,NULL,2018-03-15,1726199654Laci_Kerja.jpeg,1726199654Laci_Kerja_thumb.jpeg,/assets/uploads/assetsre/ap/,0,1,
1123,,01123-FUR-LC-CFS-PTRE-14,Laci Kerja,CFS,UNO,Warna Cokelat,0,102016,0,0,23-1131109,100003,9,LT,0,0,NULL,NULL,NULL,255578,2026-05-29 15:29:50.000,0,NULL,NULL,2018-03-15,1726199648Laci_Kerja.jpeg,1726199648Laci_Kerja_thumb.jpeg,/assets/uploads/assetsre/ap/,0,1,
1124,,01124-FUR-LC-CFS-PTRE-14,Laci Kerja,CFS,UNO,Warna Cokelat,0,102016,0,0,23-1131109,100003,9,LT,0,1,124278,260119112051,2026-01-19,255578,2026-05-29 15:29:09.000,0,NULL,NULL,2018-03-15,1726199645Laci_Kerja.jpeg,1726199645Laci_Kerja_thumb.jpeg,/assets/uploads/assetsre/ap/,0,1,
1125,,01125-FUR-LC-CFS-PTRE-14,Laci Kerja,CFS,UNO,Warna Cokelat,0,102016,0,0,23-1131109,100003,9,LT,0,0,NULL,NULL,NULL,255578,2026-05-29 15:29:58.000,0,NULL,NULL,2018-03-15,1726199641Laci_Kerja.jpeg,1726199641Laci_Kerja_thumb.jpeg,/assets/uploads/assetsre/ap/,0,1,
1165,,01165-FUR-LC-CFS-PTRE-12,Laci Kerja,CFS,MODERA,Warna Abu-abu,0,102031,0,0,23-1131109,100003,9,LT,0,0,NULL,NULL,NULL,255578,2026-05-29 14:50:17.000,0,NULL,NULL,2018-03-15,NULL,NULL,NULL,0,1,
1166,,01166-FUR-LC-CFS-PTRE-13,Laci Kerja,CFS,UNO,Warna Cokelat,0,101037,0,0,NULL,100003,9,LT,0,0,NULL,NULL,NULL,140133,2024-07-30 15:21:03.000,0,NULL,NULL,2018-03-15,1601630795laci-meja-kantor-uno-ump-2165-600x600.jpg,1601630795laci-meja-kantor-uno-ump-2165-600x600_thumb.jpg,/assets/uploads/assetsre/ap/,0,1,
1167,,01167-FUR-LC-CFS-PTRE-14,Laci Kerja,CFS,UNO,Warna Cokelat,0,102031,0,0,23-1131109,100003,9,LT,0,0,NULL,NULL,NULL,255578,2026-05-29 14:49:56.000,0,NULL,NULL,2018-03-15,NULL,NULL,NULL,0,0,
1168,,01168-FUR-LC-CFS-PTRE-14,Laci Kerja,CFS,UNO,Warna Cokelat,0,102017,0,0,NULL,100003,9,LT,0,0,NULL,NULL,NULL,140133,2024-07-30 13:34:03.000,0,NULL,NULL,2018-03-15,NULL,NULL,NULL,0,1,
1171,,01171-FUR-LC-CFS-PTRE-14,Laci Kerja,CFS,UNO,Warna Cokelat,0,102031,0,0,23-1131109,100003,9,LT,0,0,NULL,NULL,NULL,255578,2026-05-29 14:50:35.000,0,NULL,NULL,2018-03-15,NULL,NULL,NULL,0,1,
1172,,01172-FUR-LC-CFS-PTRE-14,Laci Kerja,CFS,UNO,Warna Cokelat,0,102031,0,0,NULL,100003,9,LT,0,0,NULL,NULL,NULL,140133,2024-09-13 10:53:55.000,0,NULL,NULL,2018-03-15,1726199635Laci_Kerja.jpeg,1726199635Laci_Kerja_thumb.jpeg,/assets/uploads/assetsre/ap/,0,0,
1173,,01173-FUR-LC-CFS-PTRE-14,Laci Kerja,CFS,UNO,Warna Cokelat,0,102017,0,0,NULL,100003,9,LT,0,0,NULL,NULL,NULL,140133,2024-07-30 13:33:56.000,0,NULL,NULL,2018-03-15,NULL,NULL,NULL,0,1,
1174,,01174-FUR-LC-CFS-PTRE-14,Laci Kerja,CFS,UNO,Warna Cokelat,0,102031,0,0,NULL,100003,9,LT,0,0,NULL,NULL,NULL,140133,2024-09-13 10:53:51.000,0,NULL,NULL,2018-03-15,1726199631Laci_Kerja.jpeg,1726199631Laci_Kerja_thumb.jpeg,/assets/uploads/assetsre/ap/,0,0,
1175,,01175-FUR-LC-CFS-PTRE-14,Laci Kerja,CFS,UNO,Warna Cokelat,0,102017,0,0,NULL,100003,9,LT,0,0,NULL,NULL,NULL,140133,2024-07-30 13:33:50.000,0,NULL,NULL,2018-03-15,NULL,NULL,NULL,0,1,
1176,,01176-FUR-LC-CFS-PTRE-14,Laci Kerja,CFS,UNO,Warna Cokelat,0,102017,0,0,NULL,100003,9,LT,0,0,NULL,NULL,NULL,140133,2024-07-30 13:34:09.000,0,NULL,NULL,2018-03-15,NULL,NULL,NULL,0,1,
1177,,01177-FUR-LC-CFS-PTRE-14,Laci Kerja,CFS,UNO,Warna Cokelat,0,102017,0,0,NULL,100003,9,LT,0,0,NULL,NULL,NULL,140133,2024-07-30 13:33:43.000,0,NULL,NULL,2018-03-15,NULL,NULL,NULL,0,1,
1178,,01178-FUR-LC-CFS-PTRE-13,Laci Kerja,CFS,UNO,WARNA CREAM,0,104008,0,0,NULL,100003,80,LT,0,1,023224,201019034425,2020-10-19,140133,2024-07-31 14:40:28.000,0,NULL,NULL,2018-03-15,NULL,NULL,NULL,0,1,
1182,,01182-FUR-LK-CFS-PTRE-13,Laci Kerja,CFS,UNO,WARNA CREAM,0,104008,0,0,NULL,100003,80,LT,0,1,300320,201019034623,2020-10-19,140133,2024-07-31 14:41:53.000,0,NULL,NULL,2018-03-15,1602748888laci-meja-kantor-uno-ump-2165-600x600.jpg,1602748888laci-meja-kantor-uno-ump-2165-600x600_thumb.jpg,/assets/uploads/assetsre/ap/,0,1,
1266,,01266-FUR-LC-CFS-PTRE-12,Laci Kerja,CFS,MODERA,Warna Abu-abu,0,102018,0,0,NULL,100003,9,LT,0,0,NULL,NULL,NULL,140133,2024-07-30 13:54:54.000,0,NULL,NULL,2018-03-15,NULL,NULL,NULL,0,1,
1267,,01267-FUR-LC-CFS-PTRE-12,Laci Kerja,CFS,MODERA,Warna Abu-abu,0,102018,0,0,NULL,100003,9,LT,0,0,NULL,NULL,NULL,140133,2024-07-30 13:54:41.000,0,NULL,NULL,2018-03-15,NULL,NULL,NULL,0,1,
1268,,01268-FUR-LC-CFS-PTRE-14,Laci Kerja,CFS,MODERA,Warna Abu-abu,0,102018,0,0,NULL,100003,9,LT,0,0,NULL,NULL,NULL,140133,2024-07-30 13:54:25.000,0,NULL,NULL,2018-03-15,NULL,NULL,NULL,0,1,
1270,,01270-FUR-LC-CFS-PTRE-14,Laci Kerja,CFS,UNO,Warna Cokelat,0,102018,0,0,NULL,100003,9,LT,0,0,NULL,NULL,NULL,140133,2024-07-30 13:54:46.000,0,NULL,NULL,2018-03-15,NULL,NULL,NULL,0,1,
1271,,01271-FUR-LC-CFS-PTRE-14,Laci Kerja,CFS,UNO,Warna Cokelat,0,102031,0,0,NULL,100003,9,LT,0,0,NULL,NULL,NULL,140133,2024-09-13 10:53:47.000,0,NULL,NULL,2018-03-15,1726199627Laci_Kerja.jpeg,1726199627Laci_Kerja_thumb.jpeg,/assets/uploads/assetsre/ap/,0,0,
1272,,01272-FUR-LC-CFS-PTRE-14,Laci Kerja,CFS,UNO,Warna Cokelat,0,102031,0,0,NULL,100003,9,LT,0,0,NULL,NULL,NULL,140133,2024-09-13 10:53:31.000,0,NULL,NULL,2018-03-15,1726199611Laci_Kerja.jpeg,1726199611Laci_Kerja_thumb.jpeg,/assets/uploads/assetsre/ap/,0,0,
1273,,01273-FUR-LC-CFS-PTRE-14,Laci Kerja,CFS,UNO,Warna Cokelat,0,102031,0,0,NULL,100003,9,LT,0,0,NULL,NULL,NULL,140133,2024-09-13 10:53:09.000,0,NULL,NULL,2018-03-15,1726199589Laci_Kerja.jpeg,1726199589Laci_Kerja_thumb.jpeg,/assets/uploads/assetsre/ap/,0,0,
1274,,01274-FUR-LC-CFS-PTRE-14,Laci Kerja,CFS,UNO,Warna Cokelat,0,102031,0,0,NULL,100003,80,LT,0,0,NULL,NULL,NULL,140133,2024-09-13 10:52:10.000,0,NULL,NULL,2018-03-15,1726199530Laci_Kerja.jpeg,1726199530Laci_Kerja_thumb.jpeg,/assets/uploads/assetsre/ap/,0,0,
1275,,01275-FUR-LC-CFS-PTRE-14,Laci Kerja,CFS,UNO,Warna Cokelat,0,102031,0,0,NULL,100003,80,LT,0,0,NULL,NULL,NULL,140133,2024-09-13 10:52:17.000,0,NULL,NULL,2018-03-15,1726199537Laci_Kerja.jpeg,1726199537Laci_Kerja_thumb.jpeg,/assets/uploads/assetsre/ap/,0,0,
1276,,01276-FUR-LC-CFS-PTRE-14,Laci Kerja,CFS,UNO,Warna Cokelat,0,102031,0,0,23-1131109,100003,80,LT,0,0,NULL,NULL,NULL,255578,2026-05-29 14:49:46.000,0,NULL,NULL,2018-03-15,1726199522Laci_Kerja.jpeg,1726199522Laci_Kerja_thumb.jpeg,/assets/uploads/assetsre/ap/,0,0,
1277,,01277-FUR-LC-CFS-PTRE-14,Laci Kerja,CFS,UNO,Warna Cokelat,0,102031,0,0,23-1131109,100003,9,LT,0,0,NULL,NULL,NULL,255578,2026-05-29 14:49:38.000,0,NULL,NULL,2018-03-15,1726199517Laci_Kerja.jpeg,1726199517Laci_Kerja_thumb.jpeg,/assets/uploads/assetsre/ap/,0,0,
1278,,01278-FUR-LC-CFS-PTRE-14,Laci Kerja,CFS,UNO,Warna Cokelat,0,102031,0,0,NULL,100003,80,LT,0,0,NULL,NULL,NULL,140133,2024-09-13 10:51:34.000,0,NULL,NULL,2018-03-15,1726199494Laci_Kerja.jpeg,1726199494Laci_Kerja_thumb.jpeg,/assets/uploads/assetsre/ap/,0,0,
1279,,01279-FUR-LC-CFS-PTRE-14,Laci Kerja,CFS,UNO,Warna Cokelat,0,102031,0,0,NULL,100003,9,LT,0,0,NULL,NULL,NULL,140133,2024-09-13 10:51:21.000,0,NULL,NULL,2018-03-15,1726199481Laci_Kerja.jpeg,1726199481Laci_Kerja_thumb.jpeg,/assets/uploads/assetsre/ap/,0,0,
1280,,01280-FUR-LC-CFS-PTRE-14,Laci Kerja,CFS,UNO,Warna Cokelat,0,102031,0,0,NULL,100003,80,LT,0,0,NULL,NULL,NULL,140133,2024-09-13 10:51:09.000,0,NULL,NULL,2018-03-15,1726199469Laci_Kerja.jpeg,1726199469Laci_Kerja_thumb.jpeg,/assets/uploads/assetsre/ap/,0,0,
1281,,01281-FUR-LC-CFS-PTRE-14,Laci Kerja,CFS,UNO,Warna Cokelat,0,102018,0,0,NULL,100003,80,LT,0,0,NULL,NULL,NULL,140133,2024-07-30 13:44:05.000,0,NULL,NULL,2018-03-15,NULL,NULL,NULL,0,1,
1282,,01282-FUR-LC-CFS-PTRE-14,Laci Kerja,CFS,UNO,Warna Cokelat,0,102031,0,0,NULL,100003,80,LT,0,0,NULL,NULL,NULL,140133,2024-09-13 10:51:04.000,0,NULL,NULL,2018-03-15,1726199464Laci_Kerja.jpeg,1726199464Laci_Kerja_thumb.jpeg,/assets/uploads/assetsre/ap/,0,0,
1283,,01283-FUR-LC-CFS-PTRE-14,Laci Kerja,CFS,UNO,Warna Cokelat,0,102031,0,0,NULL,100003,80,LT,0,0,NULL,NULL,NULL,140133,2024-09-13 10:50:58.000,0,NULL,NULL,2018-03-15,1726199458Laci_Kerja.jpeg,1726199458Laci_Kerja_thumb.jpeg,/assets/uploads/assetsre/ap/,0,0,
1284,,01284-FUR-LC-CFS-PTRE-14,Laci Kerja,CFS,UNO,Warna Cokelat,0,102031,0,0,NULL,100003,80,LT,0,0,NULL,NULL,NULL,140133,2024-09-13 10:50:46.000,0,NULL,NULL,2018-03-15,1726199446Laci_Kerja.jpeg,1726199446Laci_Kerja_thumb.jpeg,/assets/uploads/assetsre/ap/,0,0,
1285,,01285-FUR-LC-CFS-PTRE-14,Laci Kerja,CFS,UNO,Warna Cokelat,0,102031,0,0,NULL,100003,80,LT,0,0,NULL,NULL,NULL,140133,2024-09-13 10:50:07.000,0,NULL,NULL,2018-03-15,1726199407Laci_Kerja.jpeg,1726199407Laci_Kerja_thumb.jpeg,/assets/uploads/assetsre/ap/,0,0,
1286,,01286-FUR-LC-CFS-PTRE-14,Laci Kerja,CFS,UNO,Warna Cokelat,0,102031,0,0,NULL,100003,80,LT,0,0,NULL,NULL,NULL,140133,2024-09-13 10:49:18.000,0,NULL,NULL,2018-03-15,1726199358Laci_Kerja.jpeg,1726199358Laci_Kerja_thumb.jpeg,/assets/uploads/assetsre/ap/,0,0,
1287,,01287-FUR-LC-CFS-PTRE-14,Laci Kerja,CFS,UNO,Warna Cokelat,0,102031,0,0,NULL,100003,80,LT,0,0,NULL,NULL,NULL,140133,2024-09-13 10:49:14.000,0,NULL,NULL,2018-03-15,1726199354Laci_Kerja.jpeg,1726199354Laci_Kerja_thumb.jpeg,/assets/uploads/assetsre/ap/,0,0,
1288,,01288-FUR-LC-CFS-PTRE-14,Laci Kerja,CFS,UNO,Warna Cokelat,0,102031,0,0,NULL,100003,80,LT,0,0,NULL,NULL,NULL,140133,2024-09-13 10:49:10.000,0,NULL,NULL,2018-03-15,1726199350Laci_Kerja.jpeg,1726199350Laci_Kerja_thumb.jpeg,/assets/uploads/assetsre/ap/,0,0,
1289,,01289-FUR-LC-CFS-PTRE-14,Laci Kerja,CFS,UNO,Warna Cokelat,0,102031,0,0,NULL,100003,80,LT,0,0,NULL,NULL,NULL,140133,2024-09-13 10:49:01.000,0,NULL,NULL,2018-03-15,1726199341Laci_Kerja.jpeg,1726199341Laci_Kerja_thumb.jpeg,/assets/uploads/assetsre/ap/,0,0,
1290,,01290-FUR-LC-CFS-PTRE-14,Laci Kerja,CFS,UNO,Warna Cokelat,0,102031,0,0,NULL,100003,80,LT,0,0,NULL,NULL,NULL,140133,2024-09-13 10:48:55.000,0,NULL,NULL,2018-03-15,1726199335Laci_Kerja.jpeg,1726199335Laci_Kerja_thumb.jpeg,/assets/uploads/assetsre/ap/,0,0,
1291,,01291-FUR-LC-CFS-PTRE-14,Laci Kerja,CFS,UNO,Warna Cokelat,0,102031,0,0,NULL,100003,80,LT,0,0,NULL,NULL,NULL,140133,2024-09-13 10:48:50.000,0,NULL,NULL,2018-03-15,1726199330Laci_Kerja.jpeg,1726199330Laci_Kerja_thumb.jpeg,/assets/uploads/assetsre/ap/,0,0,
1293,,01293-FUR-LC-CFS-PTRE-14,Laci Kerja,CFS,UNO,Warna Cokelat,0,102031,0,0,NULL,100003,80,LT,0,0,NULL,NULL,NULL,140133,2024-09-13 10:48:46.000,0,NULL,NULL,2018-03-15,1726199326Laci_Kerja.jpeg,1726199326Laci_Kerja_thumb.jpeg,/assets/uploads/assetsre/ap/,0,0,
1294,,01294-FUR-LC-CFS-PTRE-14,Laci Kerja,CFS,UNO,Warna Cokelat,0,102031,0,0,NULL,100003,80,LT,0,0,NULL,NULL,NULL,140133,2024-09-13 10:48:38.000,0,NULL,NULL,2018-03-15,1726199318Laci_Kerja.jpeg,1726199318Laci_Kerja_thumb.jpeg,/assets/uploads/assetsre/ap/,0,0,
1295,,01295-FUR-LC-CFS-PTRE-14,Laci Kerja,CFS,UNO,Warna Cokelat,0,102031,0,0,NULL,100003,80,LT,0,0,NULL,NULL,NULL,140133,2024-09-13 10:48:34.000,0,NULL,NULL,2018-03-15,1726199314Laci_Kerja.jpeg,1726199314Laci_Kerja_thumb.jpeg,/assets/uploads/assetsre/ap/,0,0,
1296,,01296-FUR-LC-CFS-PTRE-14,Laci Kerja,CFS,UNO,Warna Cokelat,0,102031,0,0,NULL,100003,80,LT,0,0,NULL,NULL,NULL,140133,2024-09-13 10:48:21.000,0,NULL,NULL,2018-03-15,1726199301Laci_Kerja.jpeg,1726199301Laci_Kerja_thumb.jpeg,/assets/uploads/assetsre/ap/,0,0,
1297,,01297-FUR-LC-CFS-PTRE-14,Laci Kerja,CFS,UNO,Warna Cokelat,0,102031,0,0,NULL,100003,80,LT,0,0,NULL,NULL,NULL,140133,2024-09-13 10:48:13.000,0,NULL,NULL,2018-03-15,1726199293Laci_Kerja.jpeg,1726199293Laci_Kerja_thumb.jpeg,/assets/uploads/assetsre/ap/,0,0,
1298,,01298-FUR-LC-CFS-PTRE-14,Laci Kerja,CFS,UNO,Warna Cokelat,0,102018,0,0,NULL,100003,9,LT,0,0,NULL,NULL,NULL,140133,2024-07-30 13:43:40.000,0,NULL,NULL,2018-03-15,NULL,NULL,NULL,0,1,
1300,,01300-FUR-LC-CFS-PTRE-14,Laci Kerja,CFS,UNO,Warna Cokelat,0,102031,0,0,NULL,100003,80,LT,0,0,NULL,NULL,NULL,140133,2024-09-13 10:47:45.000,0,NULL,NULL,2018-03-15,1726199265Laci_Kerja.jpeg,1726199265Laci_Kerja_thumb.jpeg,/assets/uploads/assetsre/ap/,0,0,
1301,,01301-FUR-LC-CFS-PTRE-14,Laci Kerja,CFS,UNO,Warna Cokelat,0,102031,0,0,NULL,100003,9,LT,0,0,NULL,NULL,NULL,140133,2024-09-13 10:47:33.000,0,NULL,NULL,2018-03-15,1726199253Laci_Kerja.jpeg,1726199253Laci_Kerja_thumb.jpeg,/assets/uploads/assetsre/ap/,0,0,
1334,,01334-FUR-KK-CFS-PTRE-13,Laci Kerja,CFS,UNO,WARNA CREAM,0,101044,0,0,23-1131109,100003,80,LT,0,1,311618,201019102530,2020-10-19,255578,2026-04-21 10:03:17.000,0,NULL,NULL,2018-03-15,1714100312DSC_0029.JPG,1714100312DSC_0029_thumb.JPG,/assets/uploads/assetsre/ap/,0,0,
1336,,01336-FUR-LC-CFS-PTRE-13,Laci Kerja,CFS,UNO,WARNA CREAM,0,101044,0,0,23-1131109,100003,80,LT,0,1,194867,201019012015,2020-10-19,255578,2026-04-21 10:03:24.000,0,NULL,NULL,2018-03-15,1714100357WhatsApp_Image_2024-04-23_at_19_04_06.jpeg,1714100357WhatsApp_Image_2024-04-23_at_19_04_06_thumb.jpeg,/assets/uploads/assetsre/ap/,0,0,
1337,,01337-FUR-LC-CFS-PTRE-13,Laci Kerja,CFS,UNO,WARNA CREAM,0,101044,0,0,23-1131109,100003,80,LT,0,1,194774,201019011506,2020-10-19,255578,2026-04-21 10:03:35.000,0,NULL,NULL,2018-03-15,1726199246Laci_Kerja.jpeg,1726199246Laci_Kerja_thumb.jpeg,/assets/uploads/assetsre/ap/,0,0,
1338,,01338-FUR-LC-CFS-PTRE-13,LACI,CFS,UNO,WARNA CREAM,0,105008,0,0,NULL,100003,80,LT,0,1,300319,201019011224,2020-10-19,130090,2024-02-28 10:59:04.000,0,NULL,NULL,2018-03-15,1602746852LACI_KERJA.jpg,1602746852LACI_KERJA_thumb.jpg,/assets/uploads/assetsre/ap/,1,1,
1339,,01339-FUR-LC-CFS-PTRE-13,LACI,CFS,UNO,WARNA CREAM,0,105008,0,0,NULL,100003,80,LT,0,1,124252,201019012245,2020-10-19,130090,2024-02-28 10:58:52.000,0,NULL,NULL,2018-03-15,1602747619LACI_KERJA.jpg,1602747619LACI_KERJA_thumb.jpg,/assets/uploads/assetsre/ap/,1,1,
1340,,01340-FUR-LC-CFS-PTRE-13,LACI,CFS,UNO,WARNA CREAM,0,105008,0,0,NULL,100003,80,LT,0,1,184658,201019011054,2020-10-19,130090,2024-02-28 10:58:43.000,0,NULL,NULL,2018-03-15,1602746735LACI_KERJA.jpg,1602746735LACI_KERJA_thumb.jpg,/assets/uploads/assetsre/ap/,1,1,
1341,,01341-FUR-LC-CFS-PTRE-12,Laci Kerja,CFS,MODERA,Warna Abu-abu,0,103006,0,0,NULL,100003,80,LT,0,0,NULL,NULL,NULL,140133,2024-09-13 10:47:20.000,0,NULL,NULL,2018-03-15,1726199240Laci_Kerja.jpeg,1726199240Laci_Kerja_thumb.jpeg,/assets/uploads/assetsre/ap/,0,0,
1342,,01342-FUR-LC-CFS-PTRE-13,LACI,CFS,UNO,WARNA CREAM,0,105008,0,0,NULL,100003,80,LT,0,1,124293,201019011617,2020-10-19,130090,2024-02-28 10:58:33.000,0,NULL,NULL,2018-03-15,1602747223LACI_KERJA.jpg,1602747223LACI_KERJA_thumb.jpg,/assets/uploads/assetsre/ap/,1,1,
1343,,01343-FUR-LC-CFS-PTRE-13,LACI,CFS,UNO,WARNA CREAM,0,105008,0,0,NULL,100003,80,LT,0,1,302616,201019010929,2020-10-19,130090,2024-02-28 10:58:23.000,0,NULL,NULL,2018-03-15,1602746648LACI_KERJA.jpg,1602746648LACI_KERJA_thumb.jpg,/assets/uploads/assetsre/ap/,1,1,
1344,,01344-FUR-LC-CFS-PTRE-13,LACI,CFS,UNO,WARNA CREAM,0,105008,0,0,NULL,100003,80,LT,0,1,033031,201019011934,2020-10-19,130090,2024-02-28 10:58:10.000,0,NULL,NULL,2018-03-15,1602747383LACI_KERJA.jpg,1602747383LACI_KERJA_thumb.jpg,/assets/uploads/assetsre/ap/,1,1,
1346,,01346-FUR-LK-CFS-PTRE-13,Laci Kerja,CFS,UNO,WARNA CREAM,0,104008,0,0,NULL,100003,80,LT,0,1,083914,201019034036,2020-10-19,140133,2024-07-31 14:40:13.000,0,NULL,NULL,2018-03-15,1602747398laci-meja-kantor-uno-ump-2165-600x600.jpg,1602747398laci-meja-kantor-uno-ump-2165-600x600_thumb.jpg,/assets/uploads/assetsre/ap/,0,1,
1348,,01348-FUR-LC-CFS-PTRE-13,LACI,CFS,UNO,WARNA CREAM,0,105008,0,0,NULL,100003,80,LT,0,1,194803,201019012434,2020-10-19,130090,2024-02-28 10:58:01.000,0,NULL,NULL,2018-03-15,1602747787LACI_KERJA.jpg,1602747787LACI_KERJA_thumb.jpg,/assets/uploads/assetsre/ap/,1,1,
1349,,01349-FUR-LC-CFS-PTRE-13,LACI,CFS,UNO,WARNA CREAM,0,105008,0,0,NULL,100003,80,LT,0,1,315918,201019012055,2020-10-19,130090,2024-02-28 10:57:50.000,0,NULL,NULL,2018-03-15,1602747537LACI_KERJA.jpg,1602747537LACI_KERJA_thumb.jpg,/assets/uploads/assetsre/ap/,1,1,
1350,,01350-FUR-LK-CFS-PTRE-13,Laci Kerja,CFS,UNO,WARNA CREAM,0,101045,0,0,23-1131109,100003,80,LT,0,1,606718,260119061406,2026-01-19,140133,2025-03-18 14:10:21.000,0,NULL,NULL,2018-03-15,1726199232Laci_Kerja.jpeg,1726199232Laci_Kerja_thumb.jpeg,/assets/uploads/assetsre/ap/,0,0,
1351,,01351-FUR-LC-CFS-PTRE-13,LACI,CFS,UNO,WARNA CREAM,0,105008,0,0,NULL,100003,80,LT,0,1,104160,201019011739,2020-10-19,130090,2024-02-28 10:57:39.000,0,NULL,NULL,2018-03-15,1602747328LACI_KERJA.jpg,1602747328LACI_KERJA_thumb.jpg,/assets/uploads/assetsre/ap/,1,1,
1352,,01352-FUR-LC-CFS-PTRE-13,LACI,CFS,UNO,WARNA CREAM,0,105008,0,0,NULL,100003,80,LT,0,1,316618,201019012603,2020-10-19,130090,2024-02-28 10:57:31.000,0,NULL,NULL,2018-03-15,1602747835LACI_KERJA.jpg,1602747835LACI_KERJA_thumb.jpg,/assets/uploads/assetsre/ap/,1,1,
1353,,01353-FUR-LC-CFS-PTRE-13,LACI,CFS,UNO,WARNA CREAM,0,105008,0,0,NULL,100003,80,LT,0,1,194824,201019011716,2020-10-19,130090,2024-02-28 10:57:20.000,0,NULL,NULL,2018-03-15,1602747932LACI_KERJA.jpg,1602747932LACI_KERJA_thumb.jpg,/assets/uploads/assetsre/ap/,1,1,
1357,,01357-FUR-LC-CFS-PTRE-13,LACI,CFS,UNO,WARNA CREAM,0,105008,0,0,NULL,100003,80,LT,0,1,104136,201019012834,2020-10-19,130090,2024-02-28 10:57:10.000,0,NULL,NULL,2018-03-15,1602748040LACI_KERJA.jpg,1602748040LACI_KERJA_thumb.jpg,/assets/uploads/assetsre/ap/,1,1,
1358,,01358-FUR-LC-CFS-PTRE-13,Laci Kerja,CFS,UNO,Warna CREAM,0,103010,0,0,NULL,100003,80,LT,0,0,NULL,NULL,NULL,140133,2024-09-13 10:47:05.000,0,NULL,NULL,2018-03-15,1726199225Laci_Kerja.jpeg,1726199225Laci_Kerja_thumb.jpeg,/assets/uploads/assetsre/ap/,0,0,
1359,,01359-FUR-LC-CFS-PTRE-13,LACI,CFS,UNO,WARNA CREAM,0,105008,0,0,NULL,100003,80,LT,0,1,194845,201019013031,2020-10-19,130090,2024-02-28 10:57:01.000,0,NULL,NULL,2018-03-15,1602748116LACI_KERJA.jpg,1602748116LACI_KERJA_thumb.jpg,/assets/uploads/assetsre/ap/,1,1,
1360,,01360-FUR-LC-CFS-PTRE-13,LACI,CFS,UNO,WARNA CREAM,0,105008,0,0,NULL,100003,80,LT,0,1,120037,201019012750,2020-10-19,130090,2024-02-28 10:56:52.000,0,NULL,NULL,2018-03-15,1602747988LACI_KERJA.jpg,1602747988LACI_KERJA_thumb.jpg,/assets/uploads/assetsre/ap/,1,1,
1363,,03913-FUR-LC-CFS-PTRE-14,Laci Kerja,CFS,UNO,WARNA CREAM,0,103010,0,0,23-1131109,100003,9,LT,0,0,NULL,NULL,NULL,140133,2024-08-19 11:00:45.000,0,NULL,NULL,2018-03-15,1601865718laci-meja-kantor-uno-ump-2165-600x600.jpg,1601865718laci-meja-kantor-uno-ump-2165-600x600_thumb.jpg,/assets/uploads/assetsre/ap/,0,0,
1366,,01366-FUR-LK-CFS-PTRE-14,Laci Kerja,CFS,UNO,MEJA KERJA,0,101045,0,0,23-1131109,100003,80,LT,0,1,033340,260119061546,2026-01-19,140133,2025-03-18 14:10:52.000,0,NULL,NULL,2018-03-15,1726199217Laci_Kerja.jpeg,1726199217Laci_Kerja_thumb.jpeg,/assets/uploads/assetsre/ap/,0,0,
1371,,01371-FUR-LC-CFS-PTRE-14,Laci Kerja,CFS,UNO,WARNA CREAM,0,104008,0,0,NULL,100003,80,LT,0,0,NULL,NULL,NULL,140133,2024-07-31 14:42:18.000,0,NULL,NULL,2018-03-15,1603352932LACI_KERJA.jpg,1603352932LACI_KERJA_thumb.jpg,/assets/uploads/assetsre/ap/,0,1,
1374,,01374-FUR-LK-CFS-PTRE-14,Laci Kerja,CFS,UNO,WARNA CREAM,0,104008,0,0,NULL,100003,80,LT,0,1,073860,201019034244,2020-10-19,140133,2024-07-31 14:40:19.000,0,NULL,NULL,2018-03-15,1602747797laci-meja-kantor-uno-ump-2165-600x600.jpg,1602747797laci-meja-kantor-uno-ump-2165-600x600_thumb.jpg,/assets/uploads/assetsre/ap/,0,1,
1375,,01375-FUR-LK-CFS-PTRE-13,Laci Kerja,CFS,UNO,WARNA CREAM,0,104008,0,0,NULL,100001,80,LT,0,0,NULL,NULL,NULL,140133,2024-07-31 14:39:59.000,0,NULL,NULL,2018-03-15,1602747664laci-meja-kantor-uno-ump-2165-600x600.jpg,1602747664laci-meja-kantor-uno-ump-2165-600x600_thumb.jpg,/assets/uploads/assetsre/ap/,0,1,
1376,,01376-FUR-LK-CFS-PTRE-13,Laci Kerja,CFS,UNO,WARNA CREAM,0,104008,0,0,NULL,100003,80,LT,0,1,308618,201019033937,2020-10-19,140133,2024-07-31 14:39:44.000,0,NULL,NULL,2018-03-15,1602747215laci-meja-kantor-uno-ump-2165-600x600.jpg,1602747215laci-meja-kantor-uno-ump-2165-600x600_thumb.jpg,/assets/uploads/assetsre/ap/,0,1,
1377,,01377-FUR-LK-CFS-PTRE-14,Laci Kerja,CFS,UNO,WARNA CREAM,0,104008,0,0,NULL,100003,80,LT,0,1,073752,201019034120,2020-10-19,140133,2024-07-31 14:40:06.000,0,NULL,NULL,2018-03-15,1602747511laci-meja-kantor-uno-ump-2165-600x600.jpg,1602747511laci-meja-kantor-uno-ump-2165-600x600_thumb.jpg,/assets/uploads/assetsre/ap/,0,1,
1380,,01380-FUR-LC-CFS-PTRE-14,Laci Kerja,CFS,UNO,WARNA CREAM,0,104008,0,0,NULL,100003,80,LT,0,0,NULL,NULL,NULL,140133,2024-07-31 14:39:31.000,0,NULL,NULL,2018-03-15,1603353743LACI_KERJA.jpg,1603353743LACI_KERJA_thumb.jpg,/assets/uploads/assetsre/ap/,0,1,
1382,,01382-FUR-LC-CFS-PTRE-14,Laci Kerja,CFS,UNO,WARNA CREAM,0,104008,0,0,NULL,100003,80,LT,0,0,NULL,NULL,NULL,140133,2024-07-31 14:39:24.000,0,NULL,NULL,2018-03-15,1603352420LACI_KERJA.jpg,1603352420LACI_KERJA_thumb.jpg,/assets/uploads/assetsre/ap/,0,1,
1383,,01383-FUR-LK-CFS-PTRE-13,Laci Kerja,CFS,UNO,WARNA CREAM,0,104008,0,0,NULL,100003,80,LT,0,1,303617,201019034722,2020-10-19,140133,2024-07-31 14:39:38.000,0,NULL,NULL,2018-03-15,1602749108laci-meja-kantor-uno-ump-2165-600x600.jpg,1602749108laci-meja-kantor-uno-ump-2165-600x600_thumb.jpg,/assets/uploads/assetsre/ap/,0,1,
1384,,01384-FUR-LC-CFS-PTRE-14,Laci Kerja,CFS,UNO,WARNA CREAM,0,104008,0,0,NULL,100003,80,LT,0,0,NULL,NULL,NULL,140133,2024-07-31 14:38:54.000,0,NULL,NULL,2018-03-15,1603354441LACI_KERJA.jpg,1603354441LACI_KERJA_thumb.jpg,/assets/uploads/assetsre/ap/,0,1,
1387,,01387-FUR-LK-CFS-PTRE-13,Laci Kerja,CFS,UNO,WARNA CREAM,0,104008,0,0,NULL,100001,80,LT,0,0,NULL,NULL,NULL,140133,2024-07-31 14:38:43.000,0,NULL,NULL,2018-03-15,1602749719laci-meja-kantor-uno-ump-2165-600x600.jpg,1602749719laci-meja-kantor-uno-ump-2165-600x600_thumb.jpg,/assets/uploads/assetsre/ap/,0,1,
1389,,01389-FUR-LK-CFS-PTRE-13,Laci Kerja,CFS,UNO,WARNA CREAM,0,104008,0,0,NULL,100003,80,LT,0,1,184676,201019034452,2020-10-19,140133,2024-07-31 14:40:36.000,0,NULL,NULL,2018-03-15,1602748412laci-meja-kantor-uno-ump-2165-600x600.jpg,1602748412laci-meja-kantor-uno-ump-2165-600x600_thumb.jpg,/assets/uploads/assetsre/ap/,0,1,
1390,,01390-FUR-LC-CFS-PTRE-14,Laci Kerja,CFS,UNO,WARNA CREAM,0,104008,0,0,NULL,100003,80,LT,0,0,NULL,NULL,NULL,140133,2024-07-31 14:39:10.000,0,NULL,NULL,2018-03-15,1603352856LACI_KERJA.jpg,1603352856LACI_KERJA_thumb.jpg,/assets/uploads/assetsre/ap/,0,1,
1391,,01391-FUR-LC-CFS-PTRE-14,Laci Kerja,CFS,UNO,WARNA CREAM,0,104008,0,0,NULL,100003,80,LT,0,0,NULL,NULL,NULL,140133,2024-07-31 14:38:25.000,0,NULL,NULL,2018-03-15,1603353214LACI_KERJA.jpg,1603353214LACI_KERJA_thumb.jpg,/assets/uploads/assetsre/ap/,0,1,
1392,,01392-FUR-LK-CFS-PTRE-13,Laci Kerja,CFS,UNO,WARNA CREAM,0,103009,0,0,NULL,100003,80,LT,0,0,NULL,NULL,NULL,130090,2020-10-15 15:13:31.000,1,140133,2024-08-01 10:33:09.000,2018-03-15,1602749611laci-meja-kantor-uno-ump-2165-600x600.jpg,1602749611laci-meja-kantor-uno-ump-2165-600x600_thumb.jpg,/assets/uploads/assetsre/ap/,0,0,
1393,,01393-FUR-LK-CFS-PTRE-13,LACI,CFS,UNO,WARNA CREAM,0,101039,0,0,NULL,100003,80,LT,0,0,NULL,NULL,NULL,140133,2024-07-26 14:36:58.000,0,NULL,NULL,2018-03-15,1603174458LACI_KERJA.jpg,1603174458LACI_KERJA_thumb.jpg,/assets/uploads/assetsre/ap/,0,1,
1394,,01394-FUR-LC-CFS-PTRE-14,Laci Kerja,CFS,UNO,WARNA CREAM,0,104008,0,0,NULL,100003,80,LT,0,0,NULL,NULL,NULL,140133,2024-07-31 14:38:17.000,0,NULL,NULL,2018-03-15,1603353572LACI_KERJA.jpg,1603353572LACI_KERJA_thumb.jpg,/assets/uploads/assetsre/ap/,0,1,
1395,,01395-FUR-LK-CFS-PTRE-13,Laci Kerja,CFS,UNO,WARNA CREAM,0,104008,0,0,NULL,100003,80,LT,0,1,305217,201019034655,2020-10-19,140133,2024-07-31 14:38:33.000,0,NULL,NULL,2018-03-15,1602749033laci-meja-kantor-uno-ump-2165-600x600.jpg,1602749033laci-meja-kantor-uno-ump-2165-600x600_thumb.jpg,/assets/uploads/assetsre/ap/,0,1,
1396,,01396-FUR-LK-CFS-PTRE-13,Laci Kerja,CFS,UNO,WARNA CREAM,0,101040,0,0,NULL,100003,80,LT,0,0,NULL,NULL,NULL,140133,2024-09-13 10:46:47.000,0,NULL,NULL,2018-03-15,1726199207Laci_Kerja.jpeg,1726199207Laci_Kerja_thumb.jpeg,/assets/uploads/assetsre/ap/,0,0,
1398,,01398-FUR-LK-CFS-PTRE-13,Laci Kerja,CFS,UNO,Kursi Cokelat,0,104008,0,0,NULL,100003,80,LT,0,1,114208,201019034904,2020-10-19,140133,2024-07-31 14:38:09.000,0,NULL,NULL,2018-03-15,1602749475laci-meja-kantor-uno-ump-2165-600x600.jpg,1602749475laci-meja-kantor-uno-ump-2165-600x600_thumb.jpg,/assets/uploads/assetsre/ap/,0,1,
1401,,01401-FUR-LC-CFS-PTRE-14,Laci Kerja,CFS,UNO,WARNA CREAM,0,104008,0,0,NULL,100003,80,LT,0,0,NULL,NULL,NULL,140133,2024-07-31 14:37:37.000,0,NULL,NULL,2018-03-15,1603353269LACI_KERJA.jpg,1603353269LACI_KERJA_thumb.jpg,/assets/uploads/assetsre/ap/,0,1,
1402,,01402-FUR-LC-CFS-PTRE-14,Laci Kerja,CFS,UNO,WARNA CREAM,0,104008,0,0,NULL,100003,80,LT,0,0,NULL,NULL,NULL,140133,2024-07-31 14:39:17.000,0,NULL,NULL,2018-03-15,1603352568LACI_KERJA.jpg,1603352568LACI_KERJA_thumb.jpg,/assets/uploads/assetsre/ap/,0,1,
1403,,01403-FUR-LC-CFS-PTRE-14,Laci Kerja,CFS,UNO,WARNA CREAM,0,104008,0,0,NULL,100003,80,LT,0,0,NULL,NULL,NULL,140133,2024-07-31 14:39:51.000,0,NULL,NULL,2018-03-15,1603352985LACI_KERJA.jpg,1603352985LACI_KERJA_thumb.jpg,/assets/uploads/assetsre/ap/,0,1,
1405,,01405-FUR-LK-CFS-PTRE-13,Laci Kerja,CFS,UNO,WARNA CREAM,0,104008,0,0,NULL,100003,80,LT,0,1,104094,201019034809,2020-10-19,140133,2024-07-31 14:39:03.000,0,NULL,NULL,2018-03-15,1602749281laci-meja-kantor-uno-ump-2165-600x600.jpg,1602749281laci-meja-kantor-uno-ump-2165-600x600_thumb.jpg,/assets/uploads/assetsre/ap/,0,1,
1409,,01409-FUR-LC-CFS-PTRE-14,Laci Kerja,CFS,UNO,WARNA CREAM,0,104008,0,0,NULL,100003,80,LT,0,0,NULL,NULL,NULL,140133,2024-07-31 14:38:02.000,0,NULL,NULL,2018-03-15,1603353518LACI_KERJA.jpg,1603353518LACI_KERJA_thumb.jpg,/assets/uploads/assetsre/ap/,0,1,
1410,,01410-FUR-KK-CFS-PTRE-14,Laci Kerja,CFS,UNO,WARNA CREAM,0,104008,0,0,NULL,100003,80,LT,0,1,083933,201019034518,2020-10-19,140133,2024-07-31 14:37:02.000,0,NULL,NULL,2018-03-15,1602748547laci-meja-kantor-uno-ump-2165-600x600.jpg,1602748547laci-meja-kantor-uno-ump-2165-600x600_thumb.jpg,/assets/uploads/assetsre/ap/,0,1,
1411,,01411-FUR-LC-CFS-PTRE-14,Laci Kerja,CFS,UNO,WARNA CREAM,0,104008,0,0,NULL,100003,80,LT,0,0,NULL,NULL,NULL,140133,2024-07-31 14:36:41.000,0,NULL,NULL,2018-03-15,1603353436LACI_KERJA.jpg,1603353436LACI_KERJA_thumb.jpg,/assets/uploads/assetsre/ap/,0,1,
1412,,01412-FUR-LC-CFS-PTRE-13,Laci Kerja,CFS,UNO,WARNA CREAM,0,104008,0,0,NULL,100003,80,LT,0,0,NULL,NULL,NULL,140133,2024-07-31 14:37:15.000,0,NULL,NULL,2018-03-15,1603353856LACI_KERJA.jpg,1603353856LACI_KERJA_thumb.jpg,/assets/uploads/assetsre/ap/,0,1,
1415,,01415-FUR-LC-CFS-PTRE-14,Laci Kerja,CFS,UNO,WARNA CREAM,0,104008,0,0,NULL,100003,80,LT,0,0,NULL,NULL,NULL,140133,2024-07-31 14:37:22.000,0,NULL,NULL,2018-03-15,1603353801LACI_KERJA.jpg,1603353801LACI_KERJA_thumb.jpg,/assets/uploads/assetsre/ap/,0,1,
1417,,01417-FUR-LK-CFS-PTRE-13,Laci Kerja,CFS,UNO,WARNA CREAM,0,104008,0,0,NULL,100003,80,LT,0,1,063614,201019034331,2020-10-19,140133,2024-07-31 14:26:57.000,0,NULL,NULL,2018-03-15,1602747965laci-meja-kantor-uno-ump-2165-600x600.jpg,1602747965laci-meja-kantor-uno-ump-2165-600x600_thumb.jpg,/assets/uploads/assetsre/ap/,0,1,
1422,,01422FUR-LK-CFS-PTRE-13,Laci Kerja,CFS,UNO,WARNA CREAM,0,101040,0,0,NULL,100003,80,LT,0,0,NULL,NULL,NULL,140133,2024-09-13 10:46:26.000,0,NULL,NULL,2018-03-15,1726199186Laci_Kerja.jpeg,1726199186Laci_Kerja_thumb.jpeg,/assets/uploads/assetsre/ap/,0,0,
1428,,01428-FUR-KK-CFS-PTRE-14,Laci Kerja,CFS,UNO,WARNA CREAM,0,104012,0,0,NULL,100003,80,LT,0,0,NULL,NULL,NULL,130090,2024-03-12 23:45:30.000,0,NULL,NULL,2018-03-15,1710261930WhatsApp_Image_2024-03-09_at_10_13_41.jpeg,1710261930WhatsApp_Image_2024-03-09_at_10_13_41_thumb.jpeg,/assets/uploads/assetsre/ap/,1,0,
1433,,01433-FUR-LC-CFS-PTRE-13,LACI,CFS,UNO,WARNA CREAM,0,105008,0,0,NULL,100003,80,LT,0,1,073749,201019012917,2020-10-19,130090,2024-02-28 10:56:41.000,0,NULL,NULL,2018-03-15,1602748173LACI_KERJA.jpg,1602748173LACI_KERJA_thumb.jpg,/assets/uploads/assetsre/ap/,1,1,
1445,,01445-FUR-LC-CFS-PTRE-14,Laci Kerja,CFS,UNO,Warna Cokelat,0,103010,0,0,NULL,100003,80,LT,0,0,NULL,NULL,NULL,140133,2024-09-13 10:46:03.000,0,NULL,NULL,2018-03-15,1726199163Laci_Kerja.jpeg,1726199163Laci_Kerja_thumb.jpeg,/assets/uploads/assetsre/ap/,0,0,
1446,,01446-FUR-LC-CFS-PTRE-14,Laci Kerja,CFS,UNO,Warna Cokelat,0,103010,0,0,NULL,100003,80,LT,0,0,NULL,NULL,NULL,140133,2024-09-13 10:45:58.000,0,NULL,NULL,2018-03-15,1726199158Laci_Kerja.jpeg,1726199158Laci_Kerja_thumb.jpeg,/assets/uploads/assetsre/ap/,0,0,
1447,,01447-FUR-LC-CFS-PTRE-14,Laci Kerja,CFS,UNO,Warna Cokelat,0,103010,0,0,NULL,100003,80,LT,0,0,NULL,NULL,NULL,140133,2024-09-13 10:45:11.000,0,NULL,NULL,2018-03-15,1726199111Laci_Kerja.jpeg,1726199111Laci_Kerja_thumb.jpeg,/assets/uploads/assetsre/ap/,0,0,
1453,,01453-FUR-LK-CFS-PTRE-13,LACI,CFS,UNO,WARNA CREAM,0,101039,0,0,NULL,100003,80,LT,0,0,NULL,NULL,NULL,140133,2024-07-26 14:36:40.000,0,NULL,NULL,2018-03-15,1603174098LACI_KERJA.jpg,1603174098LACI_KERJA_thumb.jpg,/assets/uploads/assetsre/ap/,0,1,
1465,,01465-FUR-LK-CFS-PTRE-13,Laci Kerja,CFS,UNO,WARNA CREAM,0,101040,0,0,23-1131109,100003,80,LT,0,0,NULL,NULL,NULL,140133,2025-04-25 10:25:15.000,0,NULL,NULL,2018-03-15,1726199106Laci_Kerja.jpeg,1726199106Laci_Kerja_thumb.jpeg,/assets/uploads/assetsre/ap/,0,0,
1466,,01466-FUR-LK-CFS-PTRE-13,LACI,CFS,UNO,WARNA CREAM,0,101040,0,0,NULL,100003,80,LT,0,0,NULL,NULL,NULL,140133,2024-07-26 15:16:52.000,0,NULL,NULL,2018-03-15,1603173677LACI_KERJA.jpg,1603173677LACI_KERJA_thumb.jpg,/assets/uploads/assetsre/ap/,0,1,
1478,,01478-FUR-LC-CFS-PTRE-13,LACI,CFS,UNO,WARNA CREAM,0,105008,0,0,NULL,100003,80,LT,0,1,114212,201019011556,2020-10-19,130090,2024-02-28 10:56:32.000,0,NULL,NULL,2018-03-15,1602747129LACI_KERJA.jpg,1602747129LACI_KERJA_thumb.jpg,/assets/uploads/assetsre/ap/,1,1,
1481,,01481-FUR-LC-CFS-PTRE-13,LACI,CFS,UNO,WARNA CREAM,0,105008,0,0,NULL,100003,80,LT,0,1,104142,201019012654,2020-10-19,130090,2024-02-28 10:56:07.000,0,NULL,NULL,2018-03-15,1602747879LACI_KERJA.jpg,1602747879LACI_KERJA_thumb.jpg,/assets/uploads/assetsre/ap/,1,1,
1491,,01491-FUR-LK-CFS-PTRE-13,LACI,CFS,UNO,WARNA CREAM,0,101039,0,0,NULL,100003,80,LT,0,0,NULL,NULL,NULL,140133,2024-07-26 14:36:01.000,0,NULL,NULL,2018-03-15,1603165347LACI_KERJA.jpg,1603165347LACI_KERJA_thumb.jpg,/assets/uploads/assetsre/ap/,0,1,
1492,,01492-FUR-LK-CFS-PTRE-13,Laci Kerja,CFS,UNO,WARNA CREAM,0,101040,0,0,23-1131109,100003,80,LT,0,0,NULL,NULL,NULL,140133,2025-04-25 10:18:36.000,0,NULL,NULL,2018-03-15,1726199101Laci_Kerja.jpeg,1726199101Laci_Kerja_thumb.jpeg,/assets/uploads/assetsre/ap/,0,0,
1499,,01499-FUR-LK-CFS-PTRE-13,LACI,CFS,UNO,WARNA CREAM,0,101040,0,0,NULL,100003,80,LT,0,0,NULL,NULL,NULL,140133,2024-07-26 15:16:41.000,0,NULL,NULL,2018-03-15,1603173945LACI_KERJA.jpg,1603173945LACI_KERJA_thumb.jpg,/assets/uploads/assetsre/ap/,0,1,
1500,,01500-FUR-LK-CFS-PTRE-13,LACI,CFS,UNO,WARNA CREAM,0,101039,0,0,NULL,100003,80,LT,0,0,NULL,NULL,NULL,140133,2024-07-26 14:35:53.000,0,NULL,NULL,2018-03-15,1603173836LACI_KERJA.jpg,1603173836LACI_KERJA_thumb.jpg,/assets/uploads/assetsre/ap/,0,1,
1502,,01502-FUR-LK-CFS-PTRE-13,LACI,CFS,UNO,WARNA CREAM,0,101040,0,0,NULL,100003,80,LT,0,0,NULL,NULL,NULL,140133,2024-07-26 15:16:33.000,0,NULL,NULL,2018-03-15,1603173750LACI_KERJA.jpg,1603173750LACI_KERJA_thumb.jpg,/assets/uploads/assetsre/ap/,0,1,
1503,,01503-FUR-LK-CFS-PTRE-12,Laci Kerja,CFS,UNO,WARNA CREAM,0,101040,0,0,NULL,100003,80,LT,0,0,NULL,NULL,NULL,140133,2024-09-13 10:44:56.000,0,NULL,NULL,2018-03-15,1726199096Laci_Kerja.jpeg,1726199096Laci_Kerja_thumb.jpeg,/assets/uploads/assetsre/ap/,0,0,
1504,,01504-FUR-LK-CFS-PTRE-13,LACI,CFS,UNO,WARNA CREAM,0,101040,0,0,NULL,100003,80,LT,0,0,NULL,NULL,NULL,140133,2024-07-26 15:16:09.000,0,NULL,NULL,2018-03-15,1603166312LACI_KERJA.jpg,1603166312LACI_KERJA_thumb.jpg,/assets/uploads/assetsre/ap/,0,1,
1509,,01509-FUR-LK-CFS-PTRE-13,LACI,CFS,UNO,WARNA CREAM,0,101039,0,0,NULL,100003,9,LT,0,0,NULL,NULL,NULL,140133,2024-07-26 14:35:30.000,0,NULL,NULL,2018-03-15,1603174279LACI_KERJA.jpg,1603174279LACI_KERJA_thumb.jpg,/assets/uploads/assetsre/ap/,0,1,
1511,,01511-FUR-KK-CFS-PTRE-12,LACI,CFS,UNO,WARNA CREAM,0,101040,0,0,NULL,100003,80,LT,0,0,NULL,NULL,NULL,140133,2024-07-26 15:16:17.000,0,NULL,NULL,2018-03-15,1603174630LACI_KERJA.jpg,1603174630LACI_KERJA_thumb.jpg,/assets/uploads/assetsre/ap/,0,1,
1512,,01512-FUR-LC-CFS-PTRE-13,Laci Kerja,CFS,UNO,WARNA CREAM,0,103011,0,0,NULL,100003,80,LT,0,0,NULL,NULL,NULL,130090,2020-10-05 09:32:25.000,1,140133,2024-08-05 13:14:26.000,2018-03-15,1601865145laci-meja-kantor-uno-ump-2165-600x600.jpg,1601865145laci-meja-kantor-uno-ump-2165-600x600_thumb.jpg,/assets/uploads/assetsre/ap/,0,0,
1517,,01517-FUR-LK-CFS-PTRE-13,LACI,CFS,UNO,WARNA CREAM,0,101040,0,0,NULL,100003,80,LT,0,0,NULL,NULL,NULL,140133,2024-07-26 15:15:56.000,0,NULL,NULL,2018-03-15,1603174016LACI_KERJA.jpg,1603174016LACI_KERJA_thumb.jpg,/assets/uploads/assetsre/ap/,0,1,
1518,,01518-FUR-LK-CFS-PTRE-13,LACI,CFS,UNO,WARNA CREAM,0,101039,0,0,NULL,100003,80,LT,0,0,NULL,NULL,NULL,140133,2024-07-26 14:35:47.000,0,NULL,NULL,2018-03-15,1603164695LACI_KERJA.jpg,1603164695LACI_KERJA_thumb.jpg,/assets/uploads/assetsre/ap/,0,1,
1519,,01519-FUR-LK-CFS-PTRE-13,LACI,CFS,UNO,WARNA CREAM,0,101039,0,0,NULL,100003,80,LT,0,0,NULL,NULL,NULL,140133,2024-07-26 14:35:22.000,0,NULL,NULL,2018-03-15,1603166148LACI_KERJA.jpg,1603166148LACI_KERJA_thumb.jpg,/assets/uploads/assetsre/ap/,0,1,
1521,,01521-FUR-LK-CFS-PTRE-13,LACI,CFS,UNO,WARNA CREAM,0,101040,0,0,NULL,100003,80,LT,0,0,NULL,NULL,NULL,140133,2024-07-26 15:16:03.000,0,NULL,NULL,2018-03-15,1603166395LACI_KERJA.jpg,1603166395LACI_KERJA_thumb.jpg,/assets/uploads/assetsre/ap/,0,1,
1522,,01522-FUR-LK-CFS-PTRE-13,LACI,CFS,UNO,WARNA CREAM,0,101040,0,0,NULL,100003,80,LT,0,0,NULL,NULL,NULL,140133,2024-07-26 15:15:47.000,0,NULL,NULL,2018-03-15,1603165078LACI_KERJA.jpg,1603165078LACI_KERJA_thumb.jpg,/assets/uploads/assetsre/ap/,0,1,
1525,,01525-FUR-LK-CFS-PTRE-13,LACI,CFS,UNO,WARNA CREAM,0,101040,0,0,NULL,100003,80,LT,0,0,NULL,NULL,NULL,140133,2024-07-26 15:16:25.000,0,NULL,NULL,2018-03-15,1603164883LACI_KERJA.jpg,1603164883LACI_KERJA_thumb.jpg,/assets/uploads/assetsre/ap/,0,1,
1526,,01526-FUR-LK-CFS-PTRE-13,Laci Kerja,CFS,UNO,WARNA CREAM,0,101040,0,0,NULL,100003,9,LT,0,0,NULL,NULL,NULL,140133,2024-09-13 10:44:36.000,0,NULL,NULL,2018-03-15,1726199076Laci_Kerja.jpeg,1726199076Laci_Kerja_thumb.jpeg,/assets/uploads/assetsre/ap/,0,0,
1531,,01531-FUR-LK-CFS-PTRE-13,LACI,CFS,UNO,WARNA CREAM,0,101039,0,0,NULL,100003,80,LT,0,0,NULL,NULL,NULL,140133,2024-07-26 14:35:39.000,0,NULL,NULL,2018-03-15,1603165935LACI_KERJA.jpg,1603165935LACI_KERJA_thumb.jpg,/assets/uploads/assetsre/ap/,0,1,
1532,,01532-FUR-LK-CFS-PTRE-12,LACI,CFS,UNO,WARNA CREAM,0,101040,0,0,NULL,100003,80,LT,0,0,NULL,NULL,NULL,140133,2024-07-26 15:15:37.000,0,NULL,NULL,2018-03-15,1603165665LACI_KERJA.jpg,1603165665LACI_KERJA_thumb.jpg,/assets/uploads/assetsre/ap/,0,1,
1533,,01533-FUR-LK-CFS-PTRE-13,LACI,CFS,UNO,WARNA CREAM,0,101039,0,0,NULL,100003,80,LT,0,0,NULL,NULL,NULL,140133,2024-07-26 14:35:14.000,0,NULL,NULL,2018-03-15,1603164464LACI_KERJA.jpg,1603164464LACI_KERJA_thumb.jpg,/assets/uploads/assetsre/ap/,0,1,
1536,,01536-FUR-LC-CFS-PTRE-14,Laci Kerja,CFS,UNO,WARNA CREAM,0,104012,0,0,NULL,100003,80,LT,0,0,NULL,NULL,NULL,130090,2024-03-12 23:45:10.000,0,NULL,NULL,2018-03-15,1710261910WhatsApp_Image_2024-03-09_at_10_13_41.jpeg,1710261910WhatsApp_Image_2024-03-09_at_10_13_41_thumb.jpeg,/assets/uploads/assetsre/ap/,1,0,
1539,,01539-FUR-LK-CFS-PTRE-13,Laci Kerja,CFS,UNO,WARNA CREAM,0,104012,0,0,NULL,100003,80,LT,0,1,094062,201019034549,2020-10-19,130090,2024-03-12 23:44:53.000,0,NULL,NULL,2018-03-15,1710261893WhatsApp_Image_2024-03-09_at_10_13_41.jpeg,1710261893WhatsApp_Image_2024-03-09_at_10_13_41_thumb.jpeg,/assets/uploads/assetsre/ap/,1,0,
1541,,01541-FUR-LC-CFS-PTRE-14,Laci Kerja,CFS,UNO,WARNA CREAM,0,104012,0,0,NULL,100003,80,LT,0,0,NULL,NULL,NULL,130090,2024-03-12 23:44:35.000,0,NULL,NULL,2018-03-15,1710261875WhatsApp_Image_2024-03-09_at_10_13_41.jpeg,1710261875WhatsApp_Image_2024-03-09_at_10_13_41_thumb.jpeg,/assets/uploads/assetsre/ap/,1,0,
1542,,01542-FUR-LK-CFS-PTRE-13,Laci Kerja,CFS,UNO,WARNA CREAM,0,104012,0,0,NULL,100003,80,LT,0,1,023224,201019034400,2020-10-19,130090,2024-03-12 23:44:14.000,0,NULL,NULL,2018-03-15,1710261854WhatsApp_Image_2024-03-09_at_10_13_41.jpeg,1710261854WhatsApp_Image_2024-03-09_at_10_13_41_thumb.jpeg,/assets/uploads/assetsre/ap/,1,0,
1544,,01544-FUR-LK-CFS-PTRE-13,Laci Kerja,CFS,UNO,WARNA CREAM,0,104004,0,0,NULL,100003,80,LT,0,0,NULL,NULL,NULL,130090,2020-10-15 15:09:39.000,1,140133,2024-08-23 14:05:37.000,2018-03-15,1602749379laci-meja-kantor-uno-ump-2165-600x600.jpg,1602749379laci-meja-kantor-uno-ump-2165-600x600_thumb.jpg,/assets/uploads/assetsre/ap/,0,0,
1546,,01546-FUR-LK-CFS-PTRE-13,Laci Kerja,CFS,UNO,kursi kerja,0,102016,0,0,23-1131109,100003,80,LT,0,0,NULL,NULL,NULL,255578,2026-07-27 16:15:00.000,0,NULL,NULL,2018-03-15,1726199064Laci_Kerja.jpeg,1726199064Laci_Kerja_thumb.jpeg,/assets/uploads/assetsre/ap/,1,0,
1547,,01547-FUR-LC-CFS-PTRE-14,Laci Kerja,CFS,UNO,WARNA CREAM,0,104012,0,0,NULL,100003,80,LT,0,0,NULL,NULL,NULL,130090,2024-03-12 23:43:56.000,0,NULL,NULL,2018-03-15,1710261836WhatsApp_Image_2024-03-09_at_10_13_41.jpeg,1710261836WhatsApp_Image_2024-03-09_at_10_13_41_thumb.jpeg,/assets/uploads/assetsre/ap/,1,0,
1552,,01552-FUR-LK-CFS-PTRE-13,Laci Kerja,CFS,UNO,WARNA CREAM,0,104012,0,0,NULL,100003,80,LT,0,1,306217,201019034744,2020-10-19,130090,2024-03-12 23:43:38.000,0,NULL,NULL,2018-03-15,1710261818WhatsApp_Image_2024-03-09_at_10_13_41.jpeg,1710261818WhatsApp_Image_2024-03-09_at_10_13_41_thumb.jpeg,/assets/uploads/assetsre/ap/,1,0,
1554,,01554-FUR-LK-CFS-PTRE-13,LACI,CFS,UNO,WARNA CREAM,0,101040,0,0,NULL,100003,80,LT,0,0,NULL,NULL,NULL,140133,2024-07-26 15:15:19.000,0,NULL,NULL,2018-03-15,1603165844LACI_KERJA.jpg,1603165844LACI_KERJA_thumb.jpg,/assets/uploads/assetsre/ap/,0,1,
1555,,01555-FUR-LK-CFS-PTRE-13,Laci Kerja,CFS,UNO,MEJA KERJA,0,101045,0,0,23-1131109,100003,80,LT,0,1,144472,260119061429,2026-01-19,140133,2025-03-18 14:10:29.000,0,NULL,NULL,2018-03-15,1726199054Laci_Kerja.jpeg,1726199054Laci_Kerja_thumb.jpeg,/assets/uploads/assetsre/ap/,0,0,
1558,,01558-FUR-LK-CFS-PTRE-13,LACI,CFS,UNO,WARNA CREAM,0,101040,0,0,NULL,100003,80,LT,0,0,NULL,NULL,NULL,140133,2024-07-26 15:15:09.000,0,NULL,NULL,2018-03-15,1603165585LACI_KERJA.jpg,1603165585LACI_KERJA_thumb.jpg,/assets/uploads/assetsre/ap/,0,1,
1559,,01559-FUR-LK-CFS-PTRE-13,LACI,CFS,UNO,WARNA CREAM,0,101039,0,0,NULL,100003,80,LT,0,0,NULL,NULL,NULL,140133,2024-07-26 14:35:04.000,0,NULL,NULL,2018-03-15,1603166226LACI_KERJA.jpg,1603166226LACI_KERJA_thumb.jpg,/assets/uploads/assetsre/ap/,0,1,
1563,,01563-FUR-LK-CFS-PTRE-13,LACI,CFS,UNO,WARNA CREAM,0,101039,0,0,NULL,100003,80,LT,0,0,NULL,NULL,NULL,140133,2024-07-26 14:34:55.000,0,NULL,NULL,2018-03-15,1603165756LACI_KERJA.jpg,1603165756LACI_KERJA_thumb.jpg,/assets/uploads/assetsre/ap/,0,1,
1565,,01565-FUR-LK-CFS-PTRE-13,LACI,CFS,UNO,WARNA CREAM,0,101039,0,0,NULL,100003,9,LT,0,0,NULL,NULL,NULL,140133,2024-07-26 14:34:47.000,0,NULL,NULL,2018-03-15,1603174353LACI_KERJA.jpg,1603174353LACI_KERJA_thumb.jpg,/assets/uploads/assetsre/ap/,0,1,
1569,,01569-FUR-LK-CFS-PTRE-13,LACI,CFS,UNO,WARNA CREAM,0,101040,0,0,NULL,100003,9,LT,0,0,NULL,NULL,NULL,140133,2024-07-26 15:15:28.000,0,NULL,NULL,2018-03-15,1603174173LACI_KERJA.jpg,1603174173LACI_KERJA_thumb.jpg,/assets/uploads/assetsre/ap/,0,1,
1572,,01572-FUR-LK-CFS-PTRE-13,LACI,CFS,UNO,WARNA CREAM,0,101040,0,0,23-1131109,100003,80,LT,0,0,NULL,NULL,NULL,255578,2026-01-07 15:36:36.000,0,NULL,NULL,2018-03-15,1603164794LACI_KERJA.jpg,1603164794LACI_KERJA_thumb.jpg,/assets/uploads/assetsre/ap/,0,0,
1573,,01573-FUR-LK-CFS-PTRE-13,Laci Kerja,CFS,UNO,WARNA CREAM,0,101040,0,0,NULL,100003,9,LT,0,0,NULL,NULL,NULL,140133,2024-09-13 10:43:40.000,0,NULL,NULL,2018-03-15,1726199020Laci_Kerja.jpeg,1726199020Laci_Kerja_thumb.jpeg,/assets/uploads/assetsre/ap/,0,0,
1576,,01576-FUR-LK-CFS-PTRE-13,LACI,CFS,UNO,WARNA CREAM,0,101039,0,0,NULL,100003,80,LT,0,0,NULL,NULL,NULL,140133,2024-07-26 14:34:33.000,0,NULL,NULL,2018-03-15,1603165437LACI_KERJA.jpg,1603165437LACI_KERJA_thumb.jpg,/assets/uploads/assetsre/ap/,0,1,
1577,,01577-FUR-LK-CFS-PTRE-13,LACI,CFS,UNO,WARNA CREAM,0,101051,0,0,NULL,100003,80,LT,0,0,NULL,NULL,NULL,255578,2026-06-07 17:52:11.000,0,NULL,NULL,2018-03-15,1603174534LACI_KERJA.jpg,1603174534LACI_KERJA_thumb.jpg,/assets/uploads/assetsre/ap/,1,0,
1579,,01579-FUR-LC-CFS-PTRE-13,LACI,CFS,UNO,WARNA CREAM,0,112009,0,0,NULL,100003,80,LT,0,1,194901,201019103613,2020-10-19,130090,2024-02-28 11:43:23.000,0,NULL,NULL,2018-03-15,1601884084LACI_KERJA.jpg,1601884084LACI_KERJA_thumb.jpg,/assets/uploads/assetsre/ap/,1,1,
1580,,01580-FUR-LC-CFS-PTRE-13,LACI,CFS,UNO,WARNA COKLAT,0,112009,0,0,NULL,100003,80,LT,0,1,124299,201019102726,2020-10-19,130090,2024-02-28 11:43:14.000,0,NULL,NULL,2018-03-15,1601631514laci-meja-kantor-uno-ump-2165-600x600.jpg,1601631514laci-meja-kantor-uno-ump-2165-600x600_thumb.jpg,/assets/uploads/assetsre/ap/,1,1,
1581,,01581-FUR-LC-CFS-PTRE-13,LACI,CFS,UNO,Warna Cokelat,0,112009,0,0,NULL,100003,80,LT,0,1,194759,201019103017,2020-10-19,130090,2024-02-28 11:43:05.000,0,NULL,NULL,2018-03-15,1601883043LACI_KERJA.jpg,1601883043LACI_KERJA_thumb.jpg,/assets/uploads/assetsre/ap/,1,1,
1582,,01582-FUR-LC-CFS-PTRE-13,LACI,CFS,UNO,Warna Cokelat,0,112009,0,0,NULL,100003,80,LT,0,1,134460,201019102924,2020-10-19,130090,2024-02-28 11:42:56.000,0,NULL,NULL,2018-03-15,1601864047LACI_KERJA.jpg,1601864047LACI_KERJA_thumb.jpg,/assets/uploads/assetsre/ap/,1,1,
1587,,01587-FUR-LC-CFS-PTRE-13,LACI,CFS,UNO,Warna Cokelat,0,112009,0,0,NULL,100003,80,LT,0,1,194849,201019102505,2020-10-19,130090,2024-02-28 11:42:46.000,0,NULL,NULL,2018-03-15,1601625032laci-meja-kantor-uno-ump-2165-600x600.jpg,1601625032laci-meja-kantor-uno-ump-2165-600x600_thumb.jpg,/assets/uploads/assetsre/ap/,1,1,
1589,,01589-FUR-LC-CFS-PTRE-13,LACI,CFS,UNO,Warna Cokelat,0,112009,0,0,NULL,100003,80,LT,0,1,194815,201019103304,2020-10-19,130090,2024-02-28 11:42:34.000,0,NULL,NULL,2018-03-15,1601624835laci-meja-kantor-uno-ump-2165-600x600.jpg,1601624835laci-meja-kantor-uno-ump-2165-600x600_thumb.jpg,/assets/uploads/assetsre/ap/,1,1,
1590,,01590-FUR-LC-CFS-PTRE-13,LACI,CFS,UNO,Warna Cokelat,0,112009,0,0,NULL,100003,80,LT,0,0,NULL,NULL,NULL,130090,2024-02-28 11:42:25.000,0,NULL,NULL,2018-03-15,1601883189LACI_KERJA.jpg,1601883189LACI_KERJA_thumb.jpg,/assets/uploads/assetsre/ap/,1,1,
1591,,01591-FUR-LC-CFS-PTRE-13,LACI,CFS,UNO,Warna Cokelat,0,112009,0,0,NULL,100003,80,LT,0,1,114229,201019102656,2020-10-19,130090,2024-02-28 11:42:17.000,0,NULL,NULL,2018-03-15,1601631375laci-meja-kantor-uno-ump-2165-600x600.jpg,1601631375laci-meja-kantor-uno-ump-2165-600x600_thumb.jpg,/assets/uploads/assetsre/ap/,1,1,
1592,,01592-FUR-LC-CFS-PTRE-13,LACI,CFS,UNO,Warna Cokelat,0,112009,0,0,NULL,100003,80,LT,0,1,194822,201019102816,2020-10-19,130090,2024-02-28 11:42:08.000,0,NULL,NULL,2018-03-15,1601631739laci-meja-kantor-uno-ump-2165-600x600.jpg,1601631739laci-meja-kantor-uno-ump-2165-600x600_thumb.jpg,/assets/uploads/assetsre/ap/,1,1,
1594,,01594-FUR-LC-CFS-PTRE-13,LACI,CFS,UNO,Warna Cokelat,0,112009,0,0,NULL,100003,80,LT,0,1,310718,201019102747,2020-10-19,130090,2024-02-28 11:41:58.000,0,NULL,NULL,2018-03-15,1601631582laci-meja-kantor-uno-ump-2165-600x600.jpg,1601631582laci-meja-kantor-uno-ump-2165-600x600_thumb.jpg,/assets/uploads/assetsre/ap/,1,1,
1595,,01595-FUR-LC-CFS-PTRE-13,Laci Kerja,CFS,UNO,Warna CREAM,0,102015,0,0,NULL,100003,80,LT,0,1,124281,201019103855,2020-10-19,255578,2026-01-27 10:20:49.000,0,NULL,NULL,2018-03-15,1601884471LACI_KERJA.jpg,1601884471LACI_KERJA_thumb.jpg,/assets/uploads/assetsre/ap/,1,0,
1596,,01596-FUR-LC-CFS-PTRE-13,LACI,CFS,UNO,Warna Cokelat,0,112009,0,0,NULL,100003,80,LT,0,1,134457,201019102900,2020-10-19,130090,2024-02-28 11:41:33.000,0,NULL,NULL,2018-03-15,1601882888LACI_KERJA.jpg,1601882888LACI_KERJA_thumb.jpg,/assets/uploads/assetsre/ap/,1,1,
1597,,01597-FUR-LC-CFS-PTRE-13,LACI,CFS,UNO,Warna CREAM,0,112009,0,0,NULL,100003,80,LT,0,1,194710,201019103724,2020-10-19,130090,2024-02-28 11:41:24.000,0,NULL,NULL,2018-03-15,1601884253LACI_KERJA.jpg,1601884253LACI_KERJA_thumb.jpg,/assets/uploads/assetsre/ap/,1,1,
1600,,01600-FUR-LC-CFS-PTRE-13,LACI,CFS,UNO,Warna CREAM,0,112009,0,0,NULL,100003,80,LT,0,1,194869,201019103500,2020-10-19,130090,2024-02-28 11:41:16.000,0,NULL,NULL,2018-03-15,1601883754LACI_KERJA.jpg,1601883754LACI_KERJA_thumb.jpg,/assets/uploads/assetsre/ap/,1,1,
1601,,01601-FUR-LC-CFS-PTRE-13,LACI,CFS,UNO,"WARNA CREAM
",0,112009,0,0,NULL,100003,80,LT,0,1,073770,201019103832,2020-10-19,130090,2024-02-28 11:41:06.000,0,NULL,NULL,2018-03-15,1601884399LACI_KERJA.jpg,1601884399LACI_KERJA_thumb.jpg,/assets/uploads/assetsre/ap/,1,1,
1603,,01603-FUR-LC-CFS-PTRE-13,LACI,CFS,UNO,Warna Cokelat,0,112009,0,0,NULL,100003,80,LT,0,1,104154,201019103333,2020-10-19,130090,2024-02-28 11:40:46.000,0,NULL,NULL,2018-03-15,1601883362LACI_KERJA.jpg,1601883362LACI_KERJA_thumb.jpg,/assets/uploads/assetsre/ap/,1,1,
1604,,01604-FUR-LC-CFS-PTRE-13,LACI,CFS,UNO,Warna Cokelat,0,112009,0,0,NULL,100003,80,LT,0,0,NULL,NULL,NULL,130090,2024-02-28 11:40:35.000,0,NULL,NULL,2018-03-15,1601882953LACI_KERJA.jpg,1601882953LACI_KERJA_thumb.jpg,/assets/uploads/assetsre/ap/,1,1,
1605,,01605-FUR-LC-CFS-PTRE-13,LACI,CFS,UNO,Warna Cokelat,0,112009,0,0,NULL,100003,80,LT,0,1,124271,201019103042,2020-10-19,130090,2024-02-28 11:40:28.000,0,NULL,NULL,2018-03-15,1601883114LACI_KERJA.jpg,1601883114LACI_KERJA_thumb.jpg,/assets/uploads/assetsre/ap/,1,1,
1606,,01606-FUR-LC-CFS-PTRE-13,LACI,CFS,UNO,Warna Cokelat,0,112009,0,0,NULL,100003,80,LT,0,1,194755,201019103401,2020-10-19,130090,2024-02-28 11:40:19.000,0,NULL,NULL,2018-03-15,1601883461LACI_KERJA.jpg,1601883461LACI_KERJA_thumb.jpg,/assets/uploads/assetsre/ap/,1,1,
1608,,01608-FUR-LC-CFS-PTRE-13,LACI,CFS,UNO,Warna CREAM,0,112009,0,0,NULL,100003,80,LT,0,1,033232,201019103525,2020-10-19,130090,2024-02-28 11:39:50.000,0,NULL,NULL,2018-03-15,1601883888LACI_KERJA.jpg,1601883888LACI_KERJA_thumb.jpg,/assets/uploads/assetsre/ap/,1,1,
1609,,01609-FUR-LC-CFS-PTRE-13,LACI,CFS,UNO,Warna CREAM,0,112009,0,0,NULL,100003,80,LT,0,1,033043,201019103550,2020-10-19,130090,2024-02-28 11:39:38.000,0,NULL,NULL,2018-03-15,1601883955LACI_KERJA.jpg,1601883955LACI_KERJA_thumb.jpg,/assets/uploads/assetsre/ap/,1,1,
1610,,01610-FUR-LC-CFS-PTRE-13,LACI,CFS,UNO,Warna Cokelat,0,112009,0,0,NULL,100003,80,LT,0,1,194821,201019103435,2020-10-19,130090,2024-02-28 11:39:29.000,0,NULL,NULL,2018-03-15,1601883661LACI_KERJA.jpg,1601883661LACI_KERJA_thumb.jpg,/assets/uploads/assetsre/ap/,1,1,
1612,,01612-FUR-LC-CFS-PTRE-13,LACI,CFS,UNO,Warna Cokelat,0,112009,0,0,NULL,100003,80,LT,0,1,194737,201019102404,2020-10-19,130090,2024-02-28 11:39:19.000,0,NULL,NULL,2018-03-15,1601624941laci-meja-kantor-uno-ump-2165-600x600.jpg,1601624941laci-meja-kantor-uno-ump-2165-600x600_thumb.jpg,/assets/uploads/assetsre/ap/,1,1,
1613,,01613-FUR-LC-CFS-PTRE-13,LACI,CFS,UNO,Warna CREAM,0,112009,0,0,NULL,100003,80,LT,0,1,314818,201019103657,2020-10-19,130090,2024-02-28 11:39:10.000,0,NULL,NULL,2018-03-15,1601884157LACI_KERJA.jpg,1601884157LACI_KERJA_thumb.jpg,/assets/uploads/assetsre/ap/,1,1,
1614,,01614-FUR-MK-CFS-PTRE-13,LACI,CFS,UNO,Warna Cokelat,0,112009,0,0,NULL,100003,80,LT,0,1,134408,201019102554,2020-10-19,130090,2024-02-28 11:39:02.000,0,NULL,NULL,2018-03-15,1601631278laci-meja-kantor-uno-ump-2165-600x600.jpg,1601631278laci-meja-kantor-uno-ump-2165-600x600_thumb.jpg,/assets/uploads/assetsre/ap/,1,1,
1634,,01634-FUR-LC-CFS-PTRE-13,Laci Kerja,CFS,UNO,WARNA CREAM,0,103010,0,0,NULL,100003,80,LT,0,0,NULL,NULL,NULL,140133,2024-09-13 10:43:29.000,0,NULL,NULL,2018-03-15,1726199009Laci_Kerja.jpeg,1726199009Laci_Kerja_thumb.jpeg,/assets/uploads/assetsre/ap/,0,0,
1675,,01675-FUR-LK-CFS-PTRE-13,Laci Kerja,CFS,UNO,MEJA KERJA,0,101045,0,0,23-1131109,100003,80,LT,0,1,225154,260119061454,2026-01-19,140133,2025-03-18 14:10:00.000,0,NULL,NULL,2018-03-15,1726199005Laci_Kerja.jpeg,1726199005Laci_Kerja_thumb.jpeg,/assets/uploads/assetsre/ap/,0,0,
1678,,01678-FUR-LC-CFS-PTRE-14,Laci Kerja,CFS,UNO,Warna Cokelat,0,104012,0,0,NULL,100003,1093,LT,0,0,NULL,NULL,NULL,130090,2024-03-12 23:43:14.000,0,NULL,NULL,2018-03-15,1710261794WhatsApp_Image_2024-03-09_at_10_13_41.jpeg,1710261794WhatsApp_Image_2024-03-09_at_10_13_41_thumb.jpeg,/assets/uploads/assetsre/ap/,1,0,
1679,,01679-FUR-LC-CFS-PTRE-14,Laci Kerja,CFS,UNO,Warna Cokelat,0,104012,0,0,NULL,100003,1093,LT,0,0,NULL,NULL,NULL,130090,2024-03-12 23:42:56.000,0,NULL,NULL,2018-03-15,1710261776WhatsApp_Image_2024-03-09_at_10_13_41.jpeg,1710261776WhatsApp_Image_2024-03-09_at_10_13_41_thumb.jpeg,/assets/uploads/assetsre/ap/,1,0,
1680,,01680-FUR-LC-CFS-PTRE-14,Laci Kerja,CFS,UNO,Warna Cokelat,0,104012,0,0,NULL,100003,1093,LT,0,0,NULL,NULL,NULL,130090,2024-03-12 23:42:33.000,0,NULL,NULL,2018-03-15,1710261753WhatsApp_Image_2024-03-09_at_10_13_41.jpeg,1710261753WhatsApp_Image_2024-03-09_at_10_13_41_thumb.jpeg,/assets/uploads/assetsre/ap/,1,0,
1681,,01681-FUR-LC-CFS-PTRE-14,Laci Kerja,CFS,UNO,Warna Cokelat,0,104012,0,0,NULL,100003,1093,LT,0,0,NULL,NULL,NULL,130090,2024-03-12 23:42:15.000,0,NULL,NULL,2018-03-15,1710261735WhatsApp_Image_2024-03-09_at_10_13_41.jpeg,1710261735WhatsApp_Image_2024-03-09_at_10_13_41_thumb.jpeg,/assets/uploads/assetsre/ap/,1,0,
1682,,01682-FUR-LC-CFS-PTRE-14,Laci Kerja,CFS,UNO,Warna Cokelat,0,104012,0,0,NULL,100003,1093,LT,0,0,NULL,NULL,NULL,130090,2024-03-12 23:41:55.000,0,NULL,NULL,2018-03-15,1710261715WhatsApp_Image_2024-03-09_at_10_13_41.jpeg,1710261715WhatsApp_Image_2024-03-09_at_10_13_41_thumb.jpeg,/assets/uploads/assetsre/ap/,1,0,
1683,,01683-FUR-LC-CFS-PTRE-14,Laci Kerja,CFS,UNO,Warna Cokelat,0,104012,0,0,NULL,100003,1093,LT,0,0,NULL,NULL,NULL,130090,2024-03-12 23:41:38.000,0,NULL,NULL,2018-03-15,1710261698WhatsApp_Image_2024-03-09_at_10_13_41.jpeg,1710261698WhatsApp_Image_2024-03-09_at_10_13_41_thumb.jpeg,/assets/uploads/assetsre/ap/,1,0,
1684,,01684-FUR-LC-CFS-PTRE-14,Laci Kerja,CFS,UNO,Warna Cokelat,0,104012,0,0,NULL,100003,1093,LT,0,0,NULL,NULL,NULL,130090,2024-03-12 23:41:22.000,0,NULL,NULL,2018-03-15,1710261682WhatsApp_Image_2024-03-09_at_10_13_41.jpeg,1710261682WhatsApp_Image_2024-03-09_at_10_13_41_thumb.jpeg,/assets/uploads/assetsre/ap/,1,0,
1685,,01685-FUR-LC-CFS-PTRE-14,Laci Kerja,CFS,UNO,Warna Cokelat,0,104012,0,0,NULL,100003,1093,LT,0,0,NULL,NULL,NULL,130090,2024-03-12 23:40:54.000,0,NULL,NULL,2018-03-15,1710261654WhatsApp_Image_2024-03-09_at_10_13_41.jpeg,1710261654WhatsApp_Image_2024-03-09_at_10_13_41_thumb.jpeg,/assets/uploads/assetsre/ap/,1,0,
1686,,01686-FUR-LC-CFS-PTRE-14,Laci Kerja,CFS,UNO,Warna Cokelat,0,104012,0,0,NULL,100003,1093,LT,0,0,NULL,NULL,NULL,130090,2024-03-12 23:40:26.000,0,NULL,NULL,2018-03-15,1710261626WhatsApp_Image_2024-03-09_at_10_13_41.jpeg,1710261626WhatsApp_Image_2024-03-09_at_10_13_41_thumb.jpeg,/assets/uploads/assetsre/ap/,1,0,
1687,,01687-FUR-LC-CFS-PTRE-14,Laci Kerja,CFS,UNO,Warna Cokelat,0,104012,0,0,NULL,100003,1093,LT,0,0,NULL,NULL,NULL,130090,2024-03-12 23:40:07.000,0,NULL,NULL,2018-03-15,1710261607WhatsApp_Image_2024-03-09_at_10_13_41.jpeg,1710261607WhatsApp_Image_2024-03-09_at_10_13_41_thumb.jpeg,/assets/uploads/assetsre/ap/,1,0,
1688,,01688-FUR-LC-CFS-PTRE-14,Laci Kerja,CFS,UNO,Warna Cokelat,0,104012,0,0,NULL,100003,1093,LT,0,0,NULL,NULL,NULL,130090,2024-03-12 23:39:46.000,0,NULL,NULL,2018-03-15,1710261586WhatsApp_Image_2024-03-09_at_10_13_41.jpeg,1710261586WhatsApp_Image_2024-03-09_at_10_13_41_thumb.jpeg,/assets/uploads/assetsre/ap/,1,0,
1689,,01689-FUR-LC-CFS-PTRE-14,Laci Kerja,CFS,UNO,Warna Cokelat,0,104012,0,0,NULL,100003,1093,LT,0,0,NULL,NULL,NULL,130090,2024-03-12 23:39:25.000,0,NULL,NULL,2018-03-15,1710261565WhatsApp_Image_2024-03-09_at_10_13_41.jpeg,1710261565WhatsApp_Image_2024-03-09_at_10_13_41_thumb.jpeg,/assets/uploads/assetsre/ap/,1,0,
1690,,01690-FUR-LC-CFS-PTRE-14,Laci Kerja,CFS,UNO,Warna Cokelat,0,104012,0,0,NULL,100003,1093,LT,0,0,NULL,NULL,NULL,130090,2024-03-12 23:39:07.000,0,NULL,NULL,2018-03-15,1710261547WhatsApp_Image_2024-03-09_at_10_13_41.jpeg,1710261547WhatsApp_Image_2024-03-09_at_10_13_41_thumb.jpeg,/assets/uploads/assetsre/ap/,1,0,
1691,,01691-FUR-LC-CFS-PTRE-14,Laci Kerja,CFS,UNO,Warna Cokelat,0,104012,0,0,NULL,100003,1093,LT,0,0,NULL,NULL,NULL,130090,2024-03-12 23:38:49.000,0,NULL,NULL,2018-03-15,1710261529WhatsApp_Image_2024-03-09_at_10_13_41.jpeg,1710261529WhatsApp_Image_2024-03-09_at_10_13_41_thumb.jpeg,/assets/uploads/assetsre/ap/,1,0,
1692,,01692-FUR-LC-CFS-PTRE-14,Laci Kerja,CFS,UNO,Warna Cokelat,0,104012,0,0,NULL,100003,1093,LT,0,0,NULL,NULL,NULL,130090,2024-03-12 23:38:30.000,0,NULL,NULL,2018-03-15,1710261510WhatsApp_Image_2024-03-09_at_10_13_41.jpeg,1710261510WhatsApp_Image_2024-03-09_at_10_13_41_thumb.jpeg,/assets/uploads/assetsre/ap/,1,0,
1693,,01693-FUR-LC-CFS-PTRE-14,Laci Kerja,CFS,UNO,Warna Cokelat,0,104012,0,0,NULL,100003,1093,LT,0,0,NULL,NULL,NULL,130090,2024-03-12 23:37:49.000,0,NULL,NULL,2018-03-15,1710261469WhatsApp_Image_2024-03-09_at_10_13_41.jpeg,1710261469WhatsApp_Image_2024-03-09_at_10_13_41_thumb.jpeg,/assets/uploads/assetsre/ap/,1,0,
1694,,01694-FUR-LC-CFS-PTRE-14,Laci Kerja,CFS,UNO,Warna Cokelat,0,104012,0,0,NULL,100003,1093,LT,0,0,NULL,NULL,NULL,130090,2024-03-12 23:37:31.000,0,NULL,NULL,2018-03-15,1710261451WhatsApp_Image_2024-03-09_at_10_13_41.jpeg,1710261451WhatsApp_Image_2024-03-09_at_10_13_41_thumb.jpeg,/assets/uploads/assetsre/ap/,1,0,
1695,,01695-FUR-LC-CFS-PTRE-14,Laci Kerja,CFS,UNO,Warna Cokelat,0,104012,0,0,NULL,100003,1093,LT,0,0,NULL,NULL,NULL,130090,2024-03-12 23:37:12.000,0,NULL,NULL,2018-03-15,1710261432WhatsApp_Image_2024-03-09_at_10_13_41.jpeg,1710261432WhatsApp_Image_2024-03-09_at_10_13_41_thumb.jpeg,/assets/uploads/assetsre/ap/,1,0,
1696,,01696-FUR-LC-CFS-PTRE-14,Laci Kerja,CFS,UNO,Warna Cokelat,0,104012,0,0,NULL,100003,1093,LT,0,0,NULL,NULL,NULL,130090,2024-03-12 23:36:52.000,0,NULL,NULL,2018-03-15,1710261412WhatsApp_Image_2024-03-09_at_10_13_41.jpeg,1710261412WhatsApp_Image_2024-03-09_at_10_13_41_thumb.jpeg,/assets/uploads/assetsre/ap/,1,0,
1697,,01697-FUR-LC-CFS-PTRE-14,Laci Kerja,CFS,UNO,Warna Cokelat,0,104012,0,0,NULL,100003,1093,LT,0,0,NULL,NULL,NULL,130090,2024-03-12 23:36:34.000,0,NULL,NULL,2018-03-15,1710261394WhatsApp_Image_2024-03-09_at_10_13_41.jpeg,1710261394WhatsApp_Image_2024-03-09_at_10_13_41_thumb.jpeg,/assets/uploads/assetsre/ap/,1,0,
1698,,01698-FUR-LC-CFS-PTRE-14,Laci Kerja,CFS,UNO,Warna Cokelat,0,104012,0,0,NULL,100003,1093,LT,0,0,NULL,NULL,NULL,130090,2024-03-12 23:36:12.000,0,NULL,NULL,2018-03-15,1710261372WhatsApp_Image_2024-03-09_at_10_13_41.jpeg,1710261372WhatsApp_Image_2024-03-09_at_10_13_41_thumb.jpeg,/assets/uploads/assetsre/ap/,1,0,
1699,,01699-FUR-LC-CFS-PTRE-14,Laci Kerja,CFS,UNO,Warna Cokelat,0,104012,0,0,NULL,100003,1093,LT,0,0,NULL,NULL,NULL,130090,2024-03-12 23:35:51.000,0,NULL,NULL,2018-03-15,1710261351WhatsApp_Image_2024-03-09_at_10_13_41.jpeg,1710261351WhatsApp_Image_2024-03-09_at_10_13_41_thumb.jpeg,/assets/uploads/assetsre/ap/,1,0,
1700,,01700-FUR-LC-CFS-PTRE-14,Laci Kerja,CFS,UNO,Warna Cokelat,0,104012,0,0,NULL,100003,1093,LT,0,0,NULL,NULL,NULL,130090,2024-03-12 23:35:29.000,0,NULL,NULL,2018-03-15,1710261329WhatsApp_Image_2024-03-09_at_10_13_41.jpeg,1710261329WhatsApp_Image_2024-03-09_at_10_13_41_thumb.jpeg,/assets/uploads/assetsre/ap/,1,0,
1701,,01701-FUR-LC-CFS-PTRE-14,Laci Kerja,CFS,UNO,Warna Cokelat,0,104012,0,0,NULL,100003,1093,LT,0,0,NULL,NULL,NULL,130090,2024-03-12 23:35:03.000,0,NULL,NULL,2018-03-15,1710261303WhatsApp_Image_2024-03-09_at_10_13_41.jpeg,1710261303WhatsApp_Image_2024-03-09_at_10_13_41_thumb.jpeg,/assets/uploads/assetsre/ap/,1,0,
1702,,01702-FUR-LC-CFS-PTRE-13,Laci Kerja,CFS,UNO,Warna Cokelat,0,101045,0,0,23-1131109,100003,80,LT,0,1,245417,260119061348,2026-01-19,140133,2025-03-18 14:10:15.000,0,NULL,NULL,2018-03-15,1726198994Laci_Kerja.jpeg,1726198994Laci_Kerja_thumb.jpeg,/assets/uploads/assetsre/ap/,0,0,
1703,,01703-FUR-LC-CFS-PTRE-14,Laci Kerja,CFS,UNO,Warna Cream,0,104011,0,0,NULL,100003,80,LT,0,0,NULL,NULL,NULL,130090,2024-03-12 16:33:06.000,0,NULL,NULL,2018-03-15,1710235986WhatsApp_Image_2024-03-09_at_10_13_41.jpeg,1710235986WhatsApp_Image_2024-03-09_at_10_13_41_thumb.jpeg,/assets/uploads/assetsre/ap/,1,0,
1704,,01704-FUR-LC-CFS-PTRE-14,Laci Kerja,CFS,UNO,Warna Cream,0,104011,0,0,NULL,100003,80,LT,0,0,NULL,NULL,NULL,130090,2024-03-12 16:32:42.000,0,NULL,NULL,2018-03-15,1710235962WhatsApp_Image_2024-03-09_at_10_13_41.jpeg,1710235962WhatsApp_Image_2024-03-09_at_10_13_41_thumb.jpeg,/assets/uploads/assetsre/ap/,1,0,
1705,,01705-FUR-LC-CFS-PTRE-14,Laci Kerja,CFS,UNO,Warna Cream,0,104011,0,0,NULL,100003,80,LT,0,0,NULL,NULL,NULL,130090,2024-03-12 16:32:15.000,0,NULL,NULL,2018-03-15,1710235935WhatsApp_Image_2024-03-09_at_10_13_41.jpeg,1710235935WhatsApp_Image_2024-03-09_at_10_13_41_thumb.jpeg,/assets/uploads/assetsre/ap/,1,0,
1706,,01706-FUR-LC-CFS-PTRE-14,Laci Kerja,CFS,UNO,Warna Cream,0,104011,0,0,NULL,100003,80,LT,0,0,NULL,NULL,NULL,130090,2024-03-12 16:31:49.000,0,NULL,NULL,2018-03-15,1710235909WhatsApp_Image_2024-03-09_at_10_13_41.jpeg,1710235909WhatsApp_Image_2024-03-09_at_10_13_41_thumb.jpeg,/assets/uploads/assetsre/ap/,1,0,
1707,,01707-FUR-LC-CFS-PTRE-14,Laci Kerja,CFS,UNO,Warna Cream,0,104011,0,0,NULL,100003,80,LT,0,0,NULL,NULL,NULL,130090,2024-03-12 16:31:19.000,0,NULL,NULL,2018-03-15,1710235879WhatsApp_Image_2024-03-09_at_10_13_41.jpeg,1710235879WhatsApp_Image_2024-03-09_at_10_13_41_thumb.jpeg,/assets/uploads/assetsre/ap/,0,0,
1708,,01708-FUR-LC-CFS-PTRE-14,Laci Kerja,CFS,UNO,Warna Cream,0,104011,0,0,NULL,100003,80,LT,0,0,NULL,NULL,NULL,130090,2024-03-12 16:30:53.000,0,NULL,NULL,2018-03-15,1710235853WhatsApp_Image_2024-03-09_at_10_13_41.jpeg,1710235853WhatsApp_Image_2024-03-09_at_10_13_41_thumb.jpeg,/assets/uploads/assetsre/ap/,0,0,
1709,,01709-FUR-LC-CFS-PTRE-14,Laci Kerja,CFS,UNO,Warna Cream,0,104011,0,0,NULL,100003,80,LT,0,0,NULL,NULL,NULL,130090,2024-03-12 16:30:29.000,0,NULL,NULL,2018-03-15,1710235829WhatsApp_Image_2024-03-09_at_10_13_41.jpeg,1710235829WhatsApp_Image_2024-03-09_at_10_13_41_thumb.jpeg,/assets/uploads/assetsre/ap/,0,0,
1710,,01710-FUR-LC-CFS-PTRE-14,Laci Kerja,CFS,UNO,Warna Cream,0,104011,0,0,NULL,100003,80,LT,0,0,NULL,NULL,NULL,130090,2024-03-12 16:30:07.000,0,NULL,NULL,2018-03-15,1710235807WhatsApp_Image_2024-03-09_at_10_13_41.jpeg,1710235807WhatsApp_Image_2024-03-09_at_10_13_41_thumb.jpeg,/assets/uploads/assetsre/ap/,0,0,
1711,,01711-FUR-LC-CFS-PTRE-14,Laci Kerja,CFS,UNO,Warna Cream,0,104011,0,0,NULL,100003,80,LT,0,0,NULL,NULL,NULL,130090,2024-03-12 16:29:41.000,0,NULL,NULL,2018-03-15,1710235781WhatsApp_Image_2024-03-09_at_10_13_41.jpeg,1710235781WhatsApp_Image_2024-03-09_at_10_13_41_thumb.jpeg,/assets/uploads/assetsre/ap/,0,0,
1712,,01712-FUR-LC-CFS-PTRE-14,Laci Kerja,CFS,UNO,Warna Cream,0,104011,0,0,NULL,100003,80,LT,0,0,NULL,NULL,NULL,130090,2024-03-12 16:29:11.000,0,NULL,NULL,2018-03-15,1710235751WhatsApp_Image_2024-03-09_at_10_13_41.jpeg,1710235751WhatsApp_Image_2024-03-09_at_10_13_41_thumb.jpeg,/assets/uploads/assetsre/ap/,0,0,
1713,,01713-FUR-LC-CFS-PTRE-14,Laci Kerja,CFS,UNO,Warna Cream,0,104011,0,0,NULL,100003,80,LT,0,0,NULL,NULL,NULL,130090,2024-03-12 16:28:44.000,0,NULL,NULL,2018-03-15,1710235724WhatsApp_Image_2024-03-09_at_10_13_41.jpeg,1710235724WhatsApp_Image_2024-03-09_at_10_13_41_thumb.jpeg,/assets/uploads/assetsre/ap/,0,0,
1714,,01714-FUR-LC-CFS-PTRE-14,Laci Kerja,CFS,UNO,Warna Cream,0,104011,0,0,NULL,100003,80,LT,0,0,NULL,NULL,NULL,130090,2024-03-12 16:28:18.000,0,NULL,NULL,2018-03-15,1710235698WhatsApp_Image_2024-03-09_at_10_13_41.jpeg,1710235698WhatsApp_Image_2024-03-09_at_10_13_41_thumb.jpeg,/assets/uploads/assetsre/ap/,0,0,
1715,,01715-FUR-LC-CFS-PTRE-14,Laci Kerja,CFS,UNO,Warna Cream,0,104011,0,0,NULL,100003,80,LT,0,0,NULL,NULL,NULL,130090,2024-03-12 16:27:49.000,0,NULL,NULL,2018-03-15,1710235669WhatsApp_Image_2024-03-09_at_10_13_41.jpeg,1710235669WhatsApp_Image_2024-03-09_at_10_13_41_thumb.jpeg,/assets/uploads/assetsre/ap/,1,0,
1716,,01716-FUR-LC-CFS-PTRE-14,Laci Kerja,CFS,UNO,Warna Cream,0,104011,0,0,NULL,100003,80,LT,0,0,NULL,NULL,NULL,130090,2024-03-12 16:27:21.000,0,NULL,NULL,2018-03-15,1710235641WhatsApp_Image_2024-03-09_at_10_13_41.jpeg,1710235641WhatsApp_Image_2024-03-09_at_10_13_41_thumb.jpeg,/assets/uploads/assetsre/ap/,1,0,
1717,,01717-FUR-LC-CFS-PTRE-14,Laci Kerja,CFS,UNO,Warna Cream,0,104011,0,0,NULL,100003,80,LT,0,0,NULL,NULL,NULL,140133,2024-07-31 13:52:48.000,0,NULL,NULL,2018-03-15,1710235595WhatsApp_Image_2024-03-09_at_10_13_41.jpeg,1710235595WhatsApp_Image_2024-03-09_at_10_13_41_thumb.jpeg,/assets/uploads/assetsre/ap/,1,1,
1721,,01721-FUR-LC-CFS-PTRE-14,Laci Kerja,CFS,UNO,Warna Cokelat,0,104011,0,0,NULL,100003,80,LT,0,0,NULL,NULL,NULL,130090,2024-03-12 16:26:08.000,0,NULL,NULL,2018-03-15,1710235568WhatsApp_Image_2024-03-09_at_10_13_41.jpeg,1710235568WhatsApp_Image_2024-03-09_at_10_13_41_thumb.jpeg,/assets/uploads/assetsre/ap/,1,0,
1725,,01725-FUR-LC-CFS-PTRE-14,Laci Kerja,CFS,UNO,Warna Cokelat,0,104011,0,0,NULL,100003,80,LT,0,0,NULL,NULL,NULL,130090,2024-03-12 16:25:45.000,0,NULL,NULL,2018-03-15,1710235545WhatsApp_Image_2024-03-09_at_10_13_41.jpeg,1710235545WhatsApp_Image_2024-03-09_at_10_13_41_thumb.jpeg,/assets/uploads/assetsre/ap/,1,0,
1726,,01726-FUR-LC-CFS-PTRE-12,Laci Kerja,CFS,UNO,Warna Cokelat,0,104011,0,0,NULL,100003,80,LT,0,0,NULL,NULL,NULL,130090,2024-03-12 16:25:27.000,0,NULL,NULL,2018-03-15,1710235527WhatsApp_Image_2024-03-09_at_10_13_41.jpeg,1710235527WhatsApp_Image_2024-03-09_at_10_13_41_thumb.jpeg,/assets/uploads/assetsre/ap/,1,0,
1767,,01767-FUR-LC-CFS-PTRE-14,Laci Kerja,CFS,UNO,Warna Cokelat,0,104012,0,0,NULL,100003,1093,LT,0,0,NULL,NULL,NULL,130090,2024-03-12 23:33:56.000,0,NULL,NULL,2018-03-15,1710261236WhatsApp_Image_2024-03-09_at_10_13_41.jpeg,1710261236WhatsApp_Image_2024-03-09_at_10_13_41_thumb.jpeg,/assets/uploads/assetsre/ap/,0,0,
1768,,01768-FUR-LC-CFS-PTRE-14,Laci Kerja,CFS,UNO,Warna Cokelat,0,104012,0,0,NULL,100003,1093,LT,0,0,NULL,NULL,NULL,140133,2024-07-31 14:17:21.000,0,NULL,NULL,2018-03-15,1710261221WhatsApp_Image_2024-03-09_at_10_13_41.jpeg,1710261221WhatsApp_Image_2024-03-09_at_10_13_41_thumb.jpeg,/assets/uploads/assetsre/ap/,0,0,
1769,,01769-FUR-LC-CFS-PTRE-14,Laci Kerja,CFS,UNO,Warna Cokelat,0,104012,0,0,NULL,100003,1093,LT,0,0,NULL,NULL,NULL,140133,2024-07-31 14:17:14.000,0,NULL,NULL,2018-03-15,1710261206WhatsApp_Image_2024-03-09_at_10_13_41.jpeg,1710261206WhatsApp_Image_2024-03-09_at_10_13_41_thumb.jpeg,/assets/uploads/assetsre/ap/,0,0,
1770,,01770-FUR-LC-CFS-PTRE-14,Laci Kerja,CFS,UNO,Warna Cokelat,0,104012,0,0,NULL,100003,1093,LT,0,0,NULL,NULL,NULL,140133,2024-07-31 14:17:06.000,0,NULL,NULL,2018-03-15,1710261184WhatsApp_Image_2024-03-09_at_10_13_41.jpeg,1710261184WhatsApp_Image_2024-03-09_at_10_13_41_thumb.jpeg,/assets/uploads/assetsre/ap/,0,0,
1771,,01771-FUR-LC-CFS-PTRE-14,Laci Kerja,CFS,UNO,Warna Cokelat,0,104012,0,0,NULL,100003,1093,LT,0,0,NULL,NULL,NULL,130090,2024-03-12 23:32:49.000,0,NULL,NULL,2018-03-15,1710261169WhatsApp_Image_2024-03-09_at_10_13_41.jpeg,1710261169WhatsApp_Image_2024-03-09_at_10_13_41_thumb.jpeg,/assets/uploads/assetsre/ap/,0,0,
1772,,01772-FUR-LC-CFS-PTRE-14,Laci Kerja,CFS,UNO,Warna Cokelat,0,104012,0,0,NULL,100003,1093,LT,0,0,NULL,NULL,NULL,130090,2024-03-12 23:32:33.000,0,NULL,NULL,2018-03-15,1710261153WhatsApp_Image_2024-03-09_at_10_13_41.jpeg,1710261153WhatsApp_Image_2024-03-09_at_10_13_41_thumb.jpeg,/assets/uploads/assetsre/ap/,0,0,
1773,,01773-FUR-LC-CFS-PTRE-14,Laci Kerja,CFS,UNO,Warna Cokelat,0,104012,0,0,NULL,100003,1093,LT,0,0,NULL,NULL,NULL,130090,2024-03-12 23:32:16.000,0,NULL,NULL,2018-03-15,1710261136WhatsApp_Image_2024-03-09_at_10_13_41.jpeg,1710261136WhatsApp_Image_2024-03-09_at_10_13_41_thumb.jpeg,/assets/uploads/assetsre/ap/,0,0,
1774,,01774-FUR-LC-CFS-PTRE-14,Laci Kerja,CFS,UNO,Warna Cokelat,0,104012,0,0,NULL,100003,1093,LT,0,0,NULL,NULL,NULL,130090,2024-03-12 23:31:59.000,0,NULL,NULL,2018-03-15,1710261119WhatsApp_Image_2024-03-09_at_10_13_41.jpeg,1710261119WhatsApp_Image_2024-03-09_at_10_13_41_thumb.jpeg,/assets/uploads/assetsre/ap/,0,0,
1775,,01775-FUR-LC-CFS-PTRE-14,Laci Kerja,CFS,UNO,Warna Cokelat,0,104012,0,0,NULL,100003,1093,LT,0,0,NULL,NULL,NULL,130090,2024-03-12 23:31:42.000,0,NULL,NULL,2018-03-15,1710261102WhatsApp_Image_2024-03-09_at_10_13_41.jpeg,1710261102WhatsApp_Image_2024-03-09_at_10_13_41_thumb.jpeg,/assets/uploads/assetsre/ap/,0,0,
1776,,01776-FUR-LC-CFS-PTRE-14,Laci Kerja,CFS,UNO,Warna Cokelat,0,104012,0,0,NULL,100003,1093,LT,0,0,NULL,NULL,NULL,130090,2024-03-12 23:31:24.000,0,NULL,NULL,2018-03-15,1710261084WhatsApp_Image_2024-03-09_at_10_13_41.jpeg,1710261084WhatsApp_Image_2024-03-09_at_10_13_41_thumb.jpeg,/assets/uploads/assetsre/ap/,0,0,
1777,,01777-FUR-LC-CFS-PTRE-14,Laci Kerja,CFS,UNO,Warna Cokelat,0,104012,0,0,NULL,100003,1093,LT,0,0,NULL,NULL,NULL,130090,2024-03-12 23:31:05.000,0,NULL,NULL,2018-03-15,1710261065WhatsApp_Image_2024-03-09_at_10_13_41.jpeg,1710261065WhatsApp_Image_2024-03-09_at_10_13_41_thumb.jpeg,/assets/uploads/assetsre/ap/,0,0,
1814,NULL,01814-FUR-LC-CFS-PTRE-12,Laci Kerja,CFS,MODERA,Warna Abu-abu,0,105006,0,0,NULL,100003,NULL,LT,0,0,NULL,NULL,NULL,130090,2018-03-15 16:23:06.777,1,140133,2024-08-02 08:54:04.000,2018-03-15,NULL,NULL,NULL,0,0,
1848,,01848-FUR-LC-CFS-PTRE-14,Laci Kerja,CFS,UNO,Warna Cokelat,0,105007,0,0,NULL,100003,9,LT,0,0,NULL,NULL,NULL,130090,2024-03-01 14:39:04.000,0,NULL,NULL,2018-03-15,1709278744WhatsApp_Image_2024-03-01_at_14_36_17.jpeg,1709278744WhatsApp_Image_2024-03-01_at_14_36_17_thumb.jpeg,/assets/uploads/assetsre/ap/,1,1,
1855,,04885-FUR-LK-CFS-PTRE-14,Laci Kerja,CFS,UNO,,0,101045,0,0,23-1131109,100003,9,LT,0,1,033340,260119061546,2026-01-19,255578,2026-01-19 18:09:54.000,0,NULL,NULL,2018-03-15,1726198965Laci_Kerja.jpeg,1726198965Laci_Kerja_thumb.jpeg,/assets/uploads/assetsre/ap/,0,0,01366-FUR-LK-CFS-PTRE-14
1856,,01856-FUR-LK-CFS-PTRE-13,Laci Kerja,CFS,UNO,,0,101045,0,0,23-1131109,100003,9,LT,0,0,NULL,NULL,NULL,140133,2025-03-18 14:09:29.000,0,NULL,NULL,2018-03-15,1726198972Laci_Kerja.jpeg,1726198972Laci_Kerja_thumb.jpeg,/assets/uploads/assetsre/ap/,0,0,
1877,,01877-FUR-LK-CFS-PTRE-13,Laci Kerja,CFS,UNO,,0,101045,0,0,23-1131109,100003,9,LT,0,0,NULL,NULL,NULL,140133,2025-03-18 14:09:18.000,0,NULL,NULL,2018-03-15,1726198957Laci_Kerja.jpeg,1726198957Laci_Kerja_thumb.jpeg,/assets/uploads/assetsre/ap/,0,0,
1900,,01900-FUR-LC-CFS-PTRE-14,Laci Kerja,CFS,UNO,WARNA CREAM,0,104011,0,0,NULL,100003,80,LT,0,0,NULL,NULL,NULL,130090,2024-03-12 16:25:06.000,0,NULL,NULL,2018-03-15,1710235506WhatsApp_Image_2024-03-09_at_10_13_41.jpeg,1710235506WhatsApp_Image_2024-03-09_at_10_13_41_thumb.jpeg,/assets/uploads/assetsre/ap/,1,0,
1907,,01907-FUR-LC-CFS-PTRE-13,LACI,CFS,UNO,WARNA CREAM,0,112009,0,0,NULL,100003,80,LT,0,1,053527,201019103803,2020-10-19,130090,2024-02-28 11:38:53.000,0,NULL,NULL,2018-03-15,1601884323LACI_KERJA.jpg,1601884323LACI_KERJA_thumb.jpg,/assets/uploads/assetsre/ap/,1,1,
1918,,01918-FUR-LC-CFS-PTRE-14,Laci Kerja,CFS,MODERA,Warna Cokelat,0,105008,0,0,NULL,100003,80,LT,0,0,NULL,NULL,NULL,130090,2024-02-28 10:46:43.000,0,NULL,NULL,2018-03-15,NULL,NULL,NULL,1,1,
1919,,01919-FUR-LC-CFS-PTRE-14,Laci Kerja,CFS,UNO,WARNA CREAM,0,104011,0,0,NULL,100003,80,LT,0,0,NULL,NULL,NULL,130090,2024-03-12 16:24:49.000,0,NULL,NULL,2018-03-15,1710235489WhatsApp_Image_2024-03-09_at_10_13_41.jpeg,1710235489WhatsApp_Image_2024-03-09_at_10_13_41_thumb.jpeg,/assets/uploads/assetsre/ap/,1,0,
1921,,01921-FUR-LC-CFS-PTRE-14,Laci Kerja,CFS,MODERA,Warna Cokelat,0,105008,0,0,NULL,100003,80,LT,0,0,NULL,NULL,NULL,130090,2024-02-16 17:28:11.000,0,NULL,NULL,2018-03-15,NULL,NULL,NULL,0,1,
1922,,01922-FUR-LC-CFS-PTRE-14,Laci Kerja,CFS,UNO,WARNA CREAM,0,104011,0,0,NULL,100003,80,LT,0,0,NULL,NULL,NULL,130090,2024-03-12 16:24:32.000,0,NULL,NULL,2018-03-15,1710235472WhatsApp_Image_2024-03-09_at_10_13_41.jpeg,1710235472WhatsApp_Image_2024-03-09_at_10_13_41_thumb.jpeg,/assets/uploads/assetsre/ap/,1,0,
1923,,01923-FUR-LC-CFS-PTRE-14,Laci Kerja,CFS,UNO,WARNA CREAM,0,104011,0,0,NULL,100003,80,LT,0,0,NULL,NULL,NULL,130090,2024-03-12 16:24:14.000,0,NULL,NULL,2018-03-15,1710235454WhatsApp_Image_2024-03-09_at_10_13_41.jpeg,1710235454WhatsApp_Image_2024-03-09_at_10_13_41_thumb.jpeg,/assets/uploads/assetsre/ap/,1,0,
1924,,01924-FUR-LC-CFS-PTRE-14,Laci Kerja,CFS,MODERA,Warna Cokelat,0,105008,0,0,NULL,100003,80,LT,0,0,NULL,NULL,NULL,130090,2024-02-16 17:00:29.000,0,NULL,NULL,2018-03-15,NULL,NULL,NULL,0,1,
1925,,01925-FUR-LC-CFS-PTRE-14,Laci Kerja,CFS,UNO,WARNA CREAM,0,104011,0,0,NULL,100003,80,LT,0,0,NULL,NULL,NULL,130090,2024-03-12 16:23:52.000,0,NULL,NULL,2018-03-15,1710235432WhatsApp_Image_2024-03-09_at_10_13_41.jpeg,1710235432WhatsApp_Image_2024-03-09_at_10_13_41_thumb.jpeg,/assets/uploads/assetsre/ap/,1,0,
1928,,01928-FUR-LC-CFS-PTRE-14,Laci Kerja,CFS,MODERA,Warna Cokelat,0,105008,0,0,NULL,100003,80,LT,0,0,NULL,NULL,NULL,130090,2024-02-16 17:00:18.000,0,NULL,NULL,2018-03-15,NULL,NULL,NULL,0,1,
1929,,01929-FUR-LC-CFS-PTRE-14,Laci Kerja,CFS,MODERA,Warna Cokelat,0,105008,0,0,NULL,100003,80,LT,0,0,NULL,NULL,NULL,130090,2024-02-16 17:27:38.000,0,NULL,NULL,2018-03-15,NULL,NULL,NULL,0,1,
1930,,01930-FUR-LC-CFS-PTRE-14,Laci Kerja,CFS,MODERA,Warna Cokelat,0,105008,0,0,NULL,100003,80,LT,0,0,NULL,NULL,NULL,130090,2024-02-16 17:27:30.000,0,NULL,NULL,2018-03-15,NULL,NULL,NULL,0,1,
1931,,01931-FUR-LC-CFS-PTRE-14,Laci Kerja,CFS,MODERA,Warna Cokelat,0,105008,0,0,NULL,100003,80,LT,0,0,NULL,NULL,NULL,130090,2024-02-16 17:27:20.000,0,NULL,NULL,2018-03-15,NULL,NULL,NULL,0,1,
1932,,01932-FUR-LC-CFS-PTRE-14,Laci Kerja,CFS,MODERA,Warna Cokelat,0,105008,0,0,NULL,100003,80,LT,0,0,NULL,NULL,NULL,130090,2024-02-16 17:23:12.000,0,NULL,NULL,2018-03-15,NULL,NULL,NULL,0,1,
1933,,01933-FUR-LC-CFS-PTRE-14,Laci Kerja,CFS,MODERA,Warna Cokelat,0,105008,0,0,NULL,100003,80,LT,0,0,NULL,NULL,NULL,130090,2024-02-16 17:23:01.000,0,NULL,NULL,2018-03-15,NULL,NULL,NULL,0,1,
1934,,01934-FUR-LC-CFS-PTRE-14,Laci Kerja,CFS,MODERA,Warna Cokelat,0,105008,0,0,NULL,100003,80,LT,0,0,NULL,NULL,NULL,130090,2024-02-16 17:22:48.000,0,NULL,NULL,2018-03-15,NULL,NULL,NULL,0,1,
1935,,01935-FUR-LC-CFS-PTRE-14,Laci Kerja,CFS,MODERA,Warna Cokelat,0,105008,0,0,NULL,100003,80,LT,0,0,NULL,NULL,NULL,130090,2024-02-16 17:22:36.000,0,NULL,NULL,2018-03-15,NULL,NULL,NULL,0,1,
1936,,01936-FUR-LC-CFS-PTRE-14,Laci Kerja,CFS,MODERA,Warna Cokelat,0,105008,0,0,NULL,100003,80,LT,0,0,NULL,NULL,NULL,130090,2024-02-16 17:22:27.000,0,NULL,NULL,2018-03-15,NULL,NULL,NULL,0,1,
1937,,01937-FUR-LC-CFS-PTRE-14,Laci Kerja,CFS,MODERA,Warna Cokelat,0,105008,0,0,NULL,100003,80,LT,0,0,NULL,NULL,NULL,130090,2024-02-16 17:26:42.000,0,NULL,NULL,2018-03-15,NULL,NULL,NULL,0,1,
1938,,01938-FUR-LC-CFS-PTRE-14,Laci Kerja,CFS,MODERA,Warna Cokelat,0,105008,0,0,NULL,100003,80,LT,0,0,NULL,NULL,NULL,130090,2024-02-16 17:22:08.000,0,NULL,NULL,2018-03-15,NULL,NULL,NULL,0,1,
1939,,01939-FUR-LC-CFS-PTRE-14,Laci Kerja,CFS,MODERA,Warna Cokelat,0,105008,0,0,NULL,100003,80,LT,0,0,NULL,NULL,NULL,130090,2024-02-16 17:21:54.000,0,NULL,NULL,2018-03-15,NULL,NULL,NULL,0,1,
1940,,01940-FUR-LC-CFS-PTRE-14,Laci Kerja,CFS,MODERA,Warna Cokelat,0,105008,0,0,NULL,100003,80,LT,0,0,NULL,NULL,NULL,130090,2024-02-28 10:46:32.000,0,NULL,NULL,2018-03-15,NULL,NULL,NULL,1,1,
1941,,01941-FUR-LC-CFS-PTRE-14,Laci Kerja,CFS,MODERA,Warna Cokelat,0,105008,0,0,NULL,100003,80,LT,0,0,NULL,NULL,NULL,130090,2024-02-16 17:21:43.000,0,NULL,NULL,2018-03-15,NULL,NULL,NULL,0,1,
1942,,01942-FUR-LC-CFS-PTRE-14,Laci Kerja,CFS,MODERA,Warna Cokelat,0,105008,0,0,NULL,100003,80,LT,0,0,NULL,NULL,NULL,130090,2024-02-16 17:21:32.000,0,NULL,NULL,2018-03-15,NULL,NULL,NULL,0,1,
1943,,01943-FUR-LC-CFS-PTRE-14,Laci Kerja,CFS,MODERA,Warna Cokelat,0,105008,0,0,NULL,100003,80,LT,0,0,NULL,NULL,NULL,130090,2024-02-16 17:20:45.000,0,NULL,NULL,2018-03-15,NULL,NULL,NULL,0,1,
1945,,01945-FUR-LC-CFS-PTRE-14,Laci Kerja,CFS,MODERA,Warna Cokelat,0,105008,0,0,NULL,100003,80,LT,0,0,NULL,NULL,NULL,130090,2024-02-16 17:20:55.000,0,NULL,NULL,2018-03-15,NULL,NULL,NULL,0,1,
1946,,01946-FUR-LC-CFS-PTRE-14,Laci Kerja,CFS,MODERA,Warna Cokelat,0,105008,0,0,NULL,100003,80,LT,0,0,NULL,NULL,NULL,130090,2024-02-16 17:21:18.000,0,NULL,NULL,2018-03-15,NULL,NULL,NULL,0,1,
1947,,01947-FUR-LC-CFS-PTRE-14,Laci Kerja,CFS,MODERA,Warna Cokelat,0,105008,0,0,NULL,100003,80,LT,0,0,NULL,NULL,NULL,130090,2024-02-16 17:09:18.000,0,NULL,NULL,2018-03-15,NULL,NULL,NULL,0,1,
1948,,01948-FUR-LC-CFS-PTRE-14,Laci Kerja,CFS,MODERA,Warna Cokelat,0,105008,0,0,NULL,100003,80,LT,0,0,NULL,NULL,NULL,130090,2024-02-16 17:09:03.000,0,NULL,NULL,2018-03-15,NULL,NULL,NULL,0,1,
1949,,01949-FUR-LC-CFS-PTRE-14,Laci Kerja,CFS,MODERA,Warna Cokelat,0,105008,0,0,NULL,100003,80,LT,0,0,NULL,NULL,NULL,130090,2024-02-16 17:08:51.000,0,NULL,NULL,2018-03-15,NULL,NULL,NULL,0,1,
1979,,01979-FUR-LC-CFS-PTRE-14,Laci Kerja,CFS,MODERA,Warna Cokelat,0,105009,0,0,NULL,100003,80,LT,0,0,NULL,NULL,NULL,130090,2024-02-16 16:44:56.000,0,NULL,NULL,2018-03-15,NULL,NULL,NULL,0,1,
1980,,01980-FUR-LC-CFS-PTRE-14,Laci Kerja,CFS,MODERA,Warna Cokelat,0,105009,0,0,NULL,100003,80,LT,0,0,NULL,NULL,NULL,130090,2024-02-16 16:44:46.000,0,NULL,NULL,2018-03-15,NULL,NULL,NULL,0,1,
1981,,01981-FUR-LC-CFS-PTRE-14,Laci Kerja,CFS,MODERA,Warna Cokelat,0,105009,0,0,NULL,100003,80,LT,0,0,NULL,NULL,NULL,130090,2024-02-16 16:44:26.000,0,NULL,NULL,2018-03-15,NULL,NULL,NULL,0,1,
1982,,01982-FUR-LC-CFS-PTRE-14,Laci Kerja,CFS,MODERA,Warna Cokelat,0,105009,0,0,NULL,100003,80,LT,0,0,NULL,NULL,NULL,130090,2024-02-16 16:44:12.000,0,NULL,NULL,2018-03-15,NULL,NULL,NULL,0,1,
1983,,01983-FUR-LC-CFS-PTRE-14,Laci Kerja,CFS,MODERA,Warna Cokelat,0,105009,0,0,NULL,100003,80,LT,0,1,300217,221122024116,2022-11-21,130090,2024-02-16 16:43:51.000,0,NULL,NULL,2018-03-15,NULL,NULL,NULL,0,1,
1984,,01984-FUR-LC-CFS-PTRE-14,Laci Kerja,CFS,MODERA,Warna Cokelat,0,105009,0,0,NULL,100003,80,LT,0,0,NULL,NULL,NULL,130090,2024-02-16 16:43:39.000,0,NULL,NULL,2018-03-15,NULL,NULL,NULL,0,1,
1985,,01985-FUR-LC-CFS-PTRE-14,Laci Kerja,CFS,MODERA,Warna Cokelat,0,105009,0,0,NULL,100003,80,LT,0,0,NULL,NULL,NULL,130090,2024-02-16 16:43:26.000,0,NULL,NULL,2018-03-15,NULL,NULL,NULL,0,1,
1986,,01986-FUR-LC-CFS-PTRE-14,Laci Kerja,CFS,MODERA,Warna Cokelat,0,105009,0,0,NULL,100003,80,LT,0,0,NULL,NULL,NULL,130090,2024-02-16 16:43:15.000,0,NULL,NULL,2018-03-15,NULL,NULL,NULL,0,1,
1987,,01987-FUR-LC-CFS-PTRE-14,Laci Kerja,CFS,MODERA,Warna Cokelat,0,105009,0,0,NULL,100003,80,LT,0,0,NULL,NULL,NULL,130090,2024-02-16 16:41:47.000,0,NULL,NULL,2018-03-15,NULL,NULL,NULL,0,1,
2176,,02176-FUR-LC-CFS-PTRE-14,Laci Kerja,CFS,MODERA,Warna Abu-abu,0,112009,0,0,NULL,100003,80,LT,0,0,NULL,NULL,NULL,130090,2024-02-28 11:25:24.000,0,NULL,NULL,2018-03-15,NULL,NULL,NULL,1,1,
2177,,02177-FUR-LC-CFS-PTRE-14,Laci Kerja,CFS,MODERA,Warna Cokelat,0,112009,0,0,NULL,100003,80,LT,0,0,NULL,NULL,NULL,130090,2024-02-28 11:25:14.000,0,NULL,NULL,2018-03-15,NULL,NULL,NULL,1,1,
2178,,02178-FUR-LC-CFS-PTRE-14,Laci Kerja,CFS,MODERA,Warna Cokelat,0,112009,0,0,NULL,100003,80,LT,0,0,NULL,NULL,NULL,130090,2024-02-28 11:25:04.000,0,NULL,NULL,2018-03-15,NULL,NULL,NULL,1,1,
2179,,02179-FUR-LC-CFS-PTRE-14,Laci Kerja,CFS,MODERA,Warna Cokelat,0,112009,0,0,NULL,100003,80,LT,0,0,NULL,NULL,NULL,130090,2024-02-28 11:24:55.000,0,NULL,NULL,2018-03-15,NULL,NULL,NULL,1,1,
2180,,02180-FUR-LC-CFS-PTRE-14,Laci Kerja,CFS,MODERA,Warna Cokelat,0,112009,0,0,NULL,100003,80,LT,0,0,NULL,NULL,NULL,130090,2024-02-28 11:24:44.000,0,NULL,NULL,2018-03-15,NULL,NULL,NULL,1,1,
2181,,02181-FUR-LC-CFS-PTRE-14,Laci Kerja,CFS,MODERA,Warna Cokelat,0,112009,0,0,NULL,100003,80,LT,0,0,NULL,NULL,NULL,130090,2024-02-28 11:24:37.000,0,NULL,NULL,2018-03-15,NULL,NULL,NULL,1,1,
2182,,02182-FUR-LC-CFS-PTRE-14,Laci Kerja,CFS,MODERA,Warna Cokelat,0,112009,0,0,NULL,100003,80,LT,0,0,NULL,NULL,NULL,130090,2024-02-28 11:24:28.000,0,NULL,NULL,2018-03-15,NULL,NULL,NULL,1,1,
2183,,02183-FUR-LC-CFS-PTRE-14,Laci Kerja,CFS,MODERA,Warna Cokelat,0,112009,0,0,NULL,100003,80,LT,0,0,NULL,NULL,NULL,130090,2024-02-28 11:24:18.000,0,NULL,NULL,2018-03-15,NULL,NULL,NULL,1,1,
2184,,02184-FUR-LC-CFS-PTRE-14,Laci Kerja,CFS,MODERA,Warna Cokelat,0,112009,0,0,NULL,100003,80,LT,0,0,NULL,NULL,NULL,130090,2024-02-28 11:24:08.000,0,NULL,NULL,2018-03-15,NULL,NULL,NULL,1,1,
2185,,02185-FUR-LC-CFS-PTRE-14,Laci Kerja,CFS,MODERA,Warna Cokelat,0,112009,0,0,NULL,100003,80,LT,0,0,NULL,NULL,NULL,130090,2024-02-28 11:24:00.000,0,NULL,NULL,2018-03-15,NULL,NULL,NULL,1,1,
2186,,02186-FUR-LC-CFS-PTRE-14,Laci Kerja,CFS,MODERA,Warna Cokelat,0,112009,0,0,NULL,100003,80,LT,0,0,NULL,NULL,NULL,130090,2024-02-28 11:19:22.000,0,NULL,NULL,2018-03-15,NULL,NULL,NULL,1,1,
2187,,02187-FUR-LC-CFS-PTRE-14,Laci Kerja,CFS,MODERA,Warna Cokelat,0,112009,0,0,NULL,100003,80,LT,0,0,NULL,NULL,NULL,130090,2024-02-28 11:19:13.000,0,NULL,NULL,2018-03-15,NULL,NULL,NULL,1,1,
2188,,02188-FUR-LC-CFS-PTRE-14,Laci Kerja,CFS,MODERA,Warna Cokelat,0,112009,0,0,NULL,100003,80,LT,0,0,NULL,NULL,NULL,130090,2024-02-28 11:19:05.000,0,NULL,NULL,2018-03-15,NULL,NULL,NULL,1,1,
2189,,02189-FUR-LC-CFS-PTRE-14,Laci Kerja,CFS,MODERA,Warna Cokelat,0,112009,0,0,NULL,100003,80,LT,0,0,NULL,NULL,NULL,130090,2024-02-28 11:18:52.000,0,NULL,NULL,2018-03-15,NULL,NULL,NULL,1,1,
2190,,02190-FUR-LC-CFS-PTRE-14,Laci Kerja,CFS,UNO,Warna Cokelat,0,102015,0,0,23-1131109,100003,80,LT,0,0,NULL,NULL,NULL,255578,2026-05-29 14:56:19.000,0,NULL,NULL,2018-03-15,NULL,NULL,NULL,1,0,
2191,,02191-FUR-LC-CFS-PTRE-14,Laci Kerja,CFS,MODERA,Warna Cokelat,0,112009,0,0,NULL,100003,80,LT,0,0,NULL,NULL,NULL,130090,2024-02-28 11:18:34.000,0,NULL,NULL,2018-03-15,NULL,NULL,NULL,1,1,
2192,,02192-FUR-LC-CFS-PTRE-14,Laci Kerja,CFS,MODERA,Warna Cokelat,0,112009,0,0,NULL,100003,80,LT,0,0,NULL,NULL,NULL,130090,2024-02-28 11:18:25.000,0,NULL,NULL,2018-03-15,NULL,NULL,NULL,1,1,
2193,,02193-FUR-LC-CFS-PTRE-14,Laci Kerja,CFS,MODERA,Warna Cokelat,0,112009,0,0,NULL,100003,80,LT,0,0,NULL,NULL,NULL,130090,2024-02-28 11:18:15.000,0,NULL,NULL,2018-03-15,NULL,NULL,NULL,1,1,
2194,,02194-FUR-LC-CFS-PTRE-14,Laci Kerja,CFS,MODERA,Warna Cokelat,0,112009,0,0,NULL,100003,80,LT,0,0,NULL,NULL,NULL,130090,2024-02-28 11:18:04.000,0,NULL,NULL,2018-03-15,NULL,NULL,NULL,1,1,
2195,,02195-FUR-LC-CFS-PTRE-14,Laci Kerja,CFS,MODERA,Memo no : 020/MEM/IFS-PTRE/V/2022,0,112009,0,0,NULL,100003,80,LT,4,0,NULL,NULL,NULL,130090,2024-06-06 09:05:32.000,0,NULL,NULL,2018-03-15,NULL,NULL,NULL,1,1,
2196,,02196-FUR-LC-CFS-PTRE-14,Laci Kerja,CFS,MODERA,Memo no : 020/MEM/IFS-PTRE/V/2022,0,112009,0,0,NULL,100003,80,LT,4,0,NULL,NULL,NULL,130090,2024-06-06 09:05:09.000,0,NULL,NULL,2018-03-15,NULL,NULL,NULL,1,1,
2197,,02197-FUR-LC-CFS-PTRE-14,Laci Kerja,CFS,MODERA,Memo no : 020/MEM/IFS-PTRE/V/2022,0,112009,0,0,NULL,100003,80,LT,4,0,NULL,NULL,NULL,130090,2024-06-06 09:04:35.000,0,NULL,NULL,2018-03-15,NULL,NULL,NULL,1,1,
2198,,02198-FUR-LC-CFS-PTRE-14,Laci Kerja,CFS,MODERA,Memo no : 020/MEM/IFS-PTRE/V/2022,0,112009,0,0,NULL,100003,80,LT,4,0,NULL,NULL,NULL,130090,2024-06-06 09:04:03.000,0,NULL,NULL,2018-03-15,NULL,NULL,NULL,1,1,
2199,,02199-FUR-LC-CFS-PTRE-14,Laci Kerja,CFS,MODERA,Memo no : 020/MEM/IFS-PTRE/V/2022,0,112009,0,0,NULL,100003,80,LT,4,0,NULL,NULL,NULL,130090,2024-06-06 09:03:41.000,0,NULL,NULL,2018-03-15,NULL,NULL,NULL,1,1,
2200,,02200-FUR-LC-CFS-PTRE-14,Laci Kerja,CFS,MODERA,Memo no : 020/MEM/IFS-PTRE/V/2022,0,112009,0,0,NULL,100003,80,LT,4,0,NULL,NULL,NULL,130090,2024-06-06 09:03:19.000,0,NULL,NULL,2018-03-15,NULL,NULL,NULL,1,1,
2201,,02201-FUR-LC-CFS-PTRE-14,Laci Kerja,CFS,MODERA,Memo no : 020/MEM/IFS-PTRE/V/2022,0,112009,0,0,NULL,100003,80,LT,4,0,NULL,NULL,NULL,130090,2024-06-06 09:02:40.000,0,NULL,NULL,2018-03-15,NULL,NULL,NULL,1,1,
2202,,02202-FUR-LC-CFS-PTRE-14,Laci Kerja,CFS,MODERA,Memo no : 020/MEM/IFS-PTRE/V/2022,0,112009,0,0,NULL,100003,80,LT,4,0,NULL,NULL,NULL,130090,2024-06-06 09:02:16.000,0,NULL,NULL,2018-03-15,NULL,NULL,NULL,1,1,
2203,,02203-FUR-LC-CFS-PTRE-14,Laci Kerja,CFS,UNO,Warna Cream,0,102023,0,0,NULL,100003,80,LT,0,0,NULL,NULL,NULL,130090,2024-05-02 11:53:53.000,0,NULL,NULL,2018-03-15,1714625633WhatsApp_Image_2024-04-23_at_19_04_06.jpeg,1714625633WhatsApp_Image_2024-04-23_at_19_04_06_thumb.jpeg,/assets/uploads/assetsre/ap/,1,0,
2204,,02204-FUR-LC-CFS-PTRE-14,Laci Kerja,CFS,UNO,Warna Cream,0,102023,0,0,NULL,100003,80,LT,0,0,NULL,NULL,NULL,130090,2024-05-02 11:53:12.000,0,NULL,NULL,2018-03-15,1714625592WhatsApp_Image_2024-03-09_at_10_13_41.jpeg,1714625592WhatsApp_Image_2024-03-09_at_10_13_41_thumb.jpeg,/assets/uploads/assetsre/ap/,1,0,
2205,,02205-FUR-LC-CFS-PTRE-14,Laci Kerja,CFS,UNO,Warna Cream,0,112009,0,0,NULL,100003,80,LT,0,0,NULL,NULL,NULL,130090,2024-05-02 11:52:30.000,0,NULL,NULL,2018-03-15,1714625550WhatsApp_Image_2024-04-23_at_19_04_06.jpeg,1714625550WhatsApp_Image_2024-04-23_at_19_04_06_thumb.jpeg,/assets/uploads/assetsre/ap/,1,0,
2206,,02206-FUR-LC-CFS-PTRE-14,Laci Kerja,CFS,UNO,Warna Cream,0,102023,0,0,NULL,100003,80,LT,0,0,NULL,NULL,NULL,130090,2024-05-02 11:51:50.000,0,NULL,NULL,2018-03-15,1714625510WhatsApp_Image_2024-03-09_at_10_13_41.jpeg,1714625510WhatsApp_Image_2024-03-09_at_10_13_41_thumb.jpeg,/assets/uploads/assetsre/ap/,1,0,
2207,,02207-FUR-LC-CFS-PTRE-14,Laci Kerja,CFS,UNO,Warna Cream,0,102023,0,0,NULL,100003,80,LT,0,0,NULL,NULL,NULL,130090,2024-05-02 11:51:07.000,0,NULL,NULL,2018-03-15,1714625467WhatsApp_Image_2024-04-23_at_19_04_06.jpeg,1714625467WhatsApp_Image_2024-04-23_at_19_04_06_thumb.jpeg,/assets/uploads/assetsre/ap/,1,0,
2208,,02208-FUR-LC-CFS-PTRE-14,Laci Kerja,CFS,UNO,Warna Cream,0,102023,0,0,NULL,100003,80,LT,0,0,NULL,NULL,NULL,130090,2024-05-02 11:46:25.000,0,NULL,NULL,2018-03-15,1714625185WhatsApp_Image_2024-03-09_at_10_13_41.jpeg,1714625185WhatsApp_Image_2024-03-09_at_10_13_41_thumb.jpeg,/assets/uploads/assetsre/ap/,1,0,
2209,,02209-FUR-LC-CFS-PTRE-14,Laci Kerja,CFS,UNO,Warna Cream,0,102023,0,0,NULL,100003,80,LT,0,0,NULL,NULL,NULL,130090,2024-05-02 11:45:38.000,0,NULL,NULL,2018-03-15,1714625138WhatsApp_Image_2024-04-23_at_19_04_06.jpeg,1714625138WhatsApp_Image_2024-04-23_at_19_04_06_thumb.jpeg,/assets/uploads/assetsre/ap/,1,0,
2210,,02210-FUR-LC-CFS-PTRE-14,Laci Kerja,CFS,UNO,Warna Cream,0,102023,0,0,NULL,100003,80,LT,0,0,NULL,NULL,NULL,130090,2024-05-02 11:44:53.000,0,NULL,NULL,2018-03-15,1714625093WhatsApp_Image_2024-04-23_at_19_04_06.jpeg,1714625093WhatsApp_Image_2024-04-23_at_19_04_06_thumb.jpeg,/assets/uploads/assetsre/ap/,1,0,
2211,,02211-FUR-LC-CFS-PTRE-14,Laci Kerja,CFS,UNO,Warna Cream,0,102023,0,0,NULL,100003,80,LT,0,0,NULL,NULL,NULL,130090,2024-05-02 11:43:56.000,0,NULL,NULL,2018-03-15,1714625036WhatsApp_Image_2024-03-09_at_10_13_41.jpeg,1714625036WhatsApp_Image_2024-03-09_at_10_13_41_thumb.jpeg,/assets/uploads/assetsre/ap/,1,0,
2212,,02212-FUR-LC-CFS-PTRE-14,Laci Kerja,CFS,UNO,Warna Cream,0,101036,0,0,NULL,100003,9,LT,0,1,225168,251031073358,2025-10-31,130090,2025-10-31 10:56:26.000,0,NULL,NULL,2018-03-15,1714624988WhatsApp_Image_2024-04-23_at_19_04_06.jpeg,1714624988WhatsApp_Image_2024-04-23_at_19_04_06_thumb.jpeg,/assets/uploads/assetsre/ap/,1,0,
2213,,02213-FUR-LC-CFS-PTRE-14,Laci Kerja,CFS,UNO,Warna Cream,0,102023,0,0,NULL,100003,80,LT,0,0,NULL,NULL,NULL,130090,2024-05-02 11:42:24.000,0,NULL,NULL,2018-03-15,1714624944WhatsApp_Image_2024-04-23_at_19_04_06.jpeg,1714624944WhatsApp_Image_2024-04-23_at_19_04_06_thumb.jpeg,/assets/uploads/assetsre/ap/,1,0,
2214,,02214-FUR-LC-CFS-PTRE-14,Laci Kerja,CFS,UNO,Warna Cokelat,0,101036,0,0,NULL,100003,80,LT,0,0,,251031073316,2025-10-31,130090,2025-10-31 10:55:18.000,0,NULL,NULL,2018-03-15,1714624746WhatsApp_Image_2024-03-09_at_10_13_41.jpeg,1714624746WhatsApp_Image_2024-03-09_at_10_13_41_thumb.jpeg,/assets/uploads/assetsre/ap/,1,0,
2215,,02215-FUR-LC-CFS-PTRE-14,Laci Kerja,CFS,UNO,Warna Cream,0,102023,0,0,NULL,100003,80,LT,0,0,NULL,NULL,NULL,130090,2024-05-02 11:41:25.000,0,NULL,NULL,2018-03-15,1714624885WhatsApp_Image_2024-03-09_at_10_13_41.jpeg,1714624885WhatsApp_Image_2024-03-09_at_10_13_41_thumb.jpeg,/assets/uploads/assetsre/ap/,1,0,
2350,,02350-FUR-LC-CFS-PTRE-12,Laci Kerja,CFS,MODERA,Warna Abu-abu,0,113004,0,0,NULL,100003,1093,LT,0,0,NULL,NULL,NULL,140133,2024-09-13 10:42:19.000,0,NULL,NULL,2018-03-15,1726198939Laci_Kerja.jpeg,1726198939Laci_Kerja_thumb.jpeg,/assets/uploads/assetsre/ap/,0,0,
2351,,02351-FUR-LC-CFS-PTRE-12,Laci Kerja,CFS,MODERA,Warna Abu-abu,0,113004,0,0,NULL,100003,1093,LT,0,0,NULL,NULL,NULL,140133,2024-09-13 10:42:09.000,0,NULL,NULL,2018-03-15,1726198929Laci_Kerja.jpeg,1726198929Laci_Kerja_thumb.jpeg,/assets/uploads/assetsre/ap/,0,0,
2352,,02352-FUR-LC-CFS-PTRE-14,Laci Kerja,CFS,UNO,Warna Cokelat,0,113004,0,0,NULL,100003,1093,LT,0,0,NULL,NULL,NULL,140133,2024-09-13 10:42:13.000,0,NULL,NULL,2018-03-15,1726198933Laci_Kerja.jpeg,1726198933Laci_Kerja_thumb.jpeg,/assets/uploads/assetsre/ap/,0,0,
2353,,02353-FUR-LC-CFS-PTRE-14,Laci Kerja,CFS,UNO,Warna Cokelat,0,113004,0,0,NULL,100003,1093,LT,0,0,NULL,NULL,NULL,140133,2024-09-13 10:42:05.000,0,NULL,NULL,2018-03-15,1726198925Laci_Kerja.jpeg,1726198925Laci_Kerja_thumb.jpeg,/assets/uploads/assetsre/ap/,0,0,
2354,,02354-FUR-LC-CFS-PTRE-14,Laci Kerja,CFS,UNO,Warna Cokelat,0,113004,0,0,NULL,100003,1093,LT,0,0,NULL,NULL,NULL,140133,2024-09-13 10:41:58.000,0,NULL,NULL,2018-03-15,1726198918Laci_Kerja.jpeg,1726198918Laci_Kerja_thumb.jpeg,/assets/uploads/assetsre/ap/,0,0,
2355,,02355-FUR-LC-CFS-PTRE-14,Laci Kerja,CFS,UNO,Warna Cokelat,0,113004,0,0,NULL,100003,1093,LT,0,0,NULL,NULL,NULL,140133,2024-09-13 10:41:54.000,0,NULL,NULL,2018-03-15,1726198914Laci_Kerja.jpeg,1726198914Laci_Kerja_thumb.jpeg,/assets/uploads/assetsre/ap/,0,0,
2356,,02356-FUR-LC-CFS-PTRE-14,Laci Kerja,CFS,UNO,Warna Cokelat,0,113004,0,0,NULL,100003,1093,LT,0,0,NULL,NULL,NULL,140133,2024-09-13 10:41:50.000,0,NULL,NULL,2018-03-15,1726198910Laci_Kerja.jpeg,1726198910Laci_Kerja_thumb.jpeg,/assets/uploads/assetsre/ap/,0,0,
2357,,02357-FUR-LC-CFS-PTRE-14,Laci Kerja,CFS,UNO,Warna Cokelat,0,113004,0,0,NULL,100003,1093,LT,0,0,NULL,NULL,NULL,140133,2024-09-13 10:41:46.000,0,NULL,NULL,2018-03-15,1726198906Laci_Kerja.jpeg,1726198906Laci_Kerja_thumb.jpeg,/assets/uploads/assetsre/ap/,0,0,
2358,,02358-FUR-LC-CFS-PTRE-14,Laci Kerja,CFS,UNO,Warna Cokelat,0,113004,0,0,NULL,100003,1093,LT,0,0,NULL,NULL,NULL,140133,2024-09-13 10:41:41.000,0,NULL,NULL,2018-03-15,1726198901Laci_Kerja.jpeg,1726198901Laci_Kerja_thumb.jpeg,/assets/uploads/assetsre/ap/,0,0,
2359,,02359-FUR-LC-CFS-PTRE-14,Laci Kerja,CFS,UNO,Warna Cokelat,0,113004,0,0,NULL,100003,1093,LT,0,0,NULL,NULL,NULL,140133,2024-09-13 10:41:37.000,0,NULL,NULL,2018-03-15,1726198897Laci_Kerja.jpeg,1726198897Laci_Kerja_thumb.jpeg,/assets/uploads/assetsre/ap/,0,0,
2360,,02360-FUR-LC-CFS-PTRE-14,Laci Kerja,CFS,UNO,Warna Cokelat,0,113004,0,0,NULL,100003,1093,LT,0,0,NULL,NULL,NULL,140133,2024-09-13 10:41:32.000,0,NULL,NULL,2018-03-15,1726198892Laci_Kerja.jpeg,1726198892Laci_Kerja_thumb.jpeg,/assets/uploads/assetsre/ap/,0,0,
2361,,02361-FUR-LC-CFS-PTRE-14,Laci Kerja,CFS,UNO,Warna Cokelat,0,113004,0,0,NULL,100003,1093,LT,0,0,NULL,NULL,NULL,140133,2024-09-13 10:41:27.000,0,NULL,NULL,2018-03-15,1726198887Laci_Kerja.jpeg,1726198887Laci_Kerja_thumb.jpeg,/assets/uploads/assetsre/ap/,0,0,
2362,,02362-FUR-LC-CFS-PTRE-14,Laci Kerja,CFS,UNO,Warna Cokelat,0,113004,0,0,NULL,100003,1093,LT,0,0,NULL,NULL,NULL,140133,2024-09-13 10:41:23.000,0,NULL,NULL,2018-03-15,1726198883Laci_Kerja.jpeg,1726198883Laci_Kerja_thumb.jpeg,/assets/uploads/assetsre/ap/,0,0,
2363,,02363-FUR-LC-CFS-PTRE-14,Laci Kerja,CFS,UNO,Warna Cokelat,0,113004,0,0,NULL,100003,1093,LT,0,0,NULL,NULL,NULL,140133,2024-09-13 10:41:17.000,0,NULL,NULL,2018-03-15,1726198877Laci_Kerja.jpeg,1726198877Laci_Kerja_thumb.jpeg,/assets/uploads/assetsre/ap/,0,0,
2364,,02364-FUR-LC-CFS-PTRE-14,Laci Kerja,CFS,UNO,Warna Cokelat,0,113004,0,0,NULL,100003,1093,LT,0,0,NULL,NULL,NULL,140133,2024-09-13 10:41:10.000,0,NULL,NULL,2018-03-15,1726198870Laci_Kerja.jpeg,1726198870Laci_Kerja_thumb.jpeg,/assets/uploads/assetsre/ap/,0,0,
2365,,02365-FUR-LC-CFS-PTRE-14,Laci Kerja,CFS,UNO,Warna Cokelat,0,113004,0,0,NULL,100003,1093,LT,0,0,NULL,NULL,NULL,140133,2024-09-13 10:41:02.000,0,NULL,NULL,2018-03-15,1726198862Laci_Kerja.jpeg,1726198862Laci_Kerja_thumb.jpeg,/assets/uploads/assetsre/ap/,0,0,
2366,,02366-FUR-LC-CFS-PTRE-14,Laci Kerja,CFS,UNO,Warna Cokelat,0,113004,0,0,NULL,100003,1093,LT,0,0,NULL,NULL,NULL,140133,2024-09-13 10:41:06.000,0,NULL,NULL,2018-03-15,1726198866Laci_Kerja.jpeg,1726198866Laci_Kerja_thumb.jpeg,/assets/uploads/assetsre/ap/,0,0,
2367,,02367-FUR-LC-CFS-PTRE-14,Laci Kerja,CFS,UNO,Warna Cokelat,0,113004,0,0,NULL,100003,1093,LT,0,0,NULL,NULL,NULL,140133,2024-09-13 10:40:57.000,0,NULL,NULL,2018-03-15,1726198857Laci_Kerja.jpeg,1726198857Laci_Kerja_thumb.jpeg,/assets/uploads/assetsre/ap/,0,0,
2368,,02368-FUR-LC-CFS-PTRE-14,Laci Kerja,CFS,UNO,Warna Cokelat,0,113004,0,0,NULL,100003,1093,LT,0,1,020036,200925110543,2020-09-25,140133,2024-09-13 10:40:53.000,0,NULL,NULL,2018-03-15,1726198853Laci_Kerja.jpeg,1726198853Laci_Kerja_thumb.jpeg,/assets/uploads/assetsre/ap/,0,0,
2405,,02405-FUR-LC-CFS-PTRE-12,Laci Kerja,CFS,MODERA,Memo no : 020/MEM/IFS-PTRE/V/2022,0,114003,0,0,NULL,100003,80,LT,4,0,NULL,NULL,NULL,130090,2024-06-06 09:01:50.000,0,NULL,NULL,2018-03-15,NULL,NULL,NULL,0,1,
2406,,02406-FUR-LC-CFS-PTRE-14,Laci Kerja,CFS,MODERA,Memo no : 020/MEM/IFS-PTRE/V/2022,0,114003,0,0,NULL,100003,80,LT,4,0,NULL,NULL,NULL,130090,2024-06-06 09:01:29.000,0,NULL,NULL,2018-03-15,NULL,NULL,NULL,0,1,
2415,,02415-FUR-LC-CFS-PTRE-14,Laci Kerja,CFS,MODERA,Warna Abu-abu,0,103013,0,0,NULL,100003,9,LT,0,0,NULL,NULL,NULL,140133,2024-08-01 11:40:16.000,0,NULL,NULL,2018-03-15,NULL,NULL,NULL,0,1,
2463,,02463-FUR-LC-CFS-PTRE-12,Laci Kerja,CFS,MODERA,Warna Abu-abu,0,114006,0,0,NULL,100003,1093,LT,0,0,NULL,NULL,NULL,140133,2024-09-13 10:40:47.000,0,NULL,NULL,2018-03-15,1726198847Laci_Kerja.jpeg,1726198847Laci_Kerja_thumb.jpeg,/assets/uploads/assetsre/ap/,0,0,
2464,,02464-FUR-LC-CFS-PTRE-12,Laci Kerja,CFS,MODERA,Warna Abu-abu,0,114006,0,0,NULL,100003,1093,LT,0,0,NULL,NULL,NULL,140133,2024-09-13 10:40:43.000,0,NULL,NULL,2018-03-15,1726198843Laci_Kerja.jpeg,1726198843Laci_Kerja_thumb.jpeg,/assets/uploads/assetsre/ap/,0,0,
2465,,02465-FUR-LC-CFS-PTRE-12,Laci Kerja,CFS,MODERA,Warna Abu-abu,0,114006,0,0,NULL,100003,1093,LT,0,0,NULL,NULL,NULL,140133,2024-09-13 10:40:38.000,0,NULL,NULL,2018-03-15,1726198838Laci_Kerja.jpeg,1726198838Laci_Kerja_thumb.jpeg,/assets/uploads/assetsre/ap/,0,0,
2466,,02466-FUR-LC-CFS-PTRE-14,Laci Kerja,CFS,MODERA,Warna Cokelat,0,114006,0,0,NULL,100003,1093,LT,0,0,NULL,NULL,NULL,140133,2024-09-13 10:40:33.000,0,NULL,NULL,2018-03-15,1726198833Laci_Kerja.jpeg,1726198833Laci_Kerja_thumb.jpeg,/assets/uploads/assetsre/ap/,0,0,
2467,,02467-FUR-LC-CFS-PTRE-14,Laci Kerja,CFS,MODERA,Warna Cokelat,0,114006,0,0,NULL,100003,1093,LT,0,0,NULL,NULL,NULL,140133,2024-09-13 10:40:26.000,0,NULL,NULL,2018-03-15,1726198826Laci_Kerja.jpeg,1726198826Laci_Kerja_thumb.jpeg,/assets/uploads/assetsre/ap/,0,0,
2468,,02468-FUR-LC-CFS-PTRE-14,Laci Kerja,CFS,MODERA,Warna Cokelat,0,114006,0,0,NULL,100003,1093,LT,0,0,NULL,NULL,NULL,140133,2024-09-13 10:39:40.000,0,NULL,NULL,2018-03-15,1726198780Laci_Kerja.jpeg,1726198780Laci_Kerja_thumb.jpeg,/assets/uploads/assetsre/ap/,0,0,
2522,,02522-FUR-LC-CFS-PTRE-14,Laci Kerja,CFS,MODERA,Warna Abu-abu,0,114007,0,0,NULL,100003,1093,LT,0,0,NULL,180405025645,NULL,140133,2024-09-13 10:39:33.000,0,NULL,NULL,2018-03-15,1726198773Laci_Kerja.jpeg,1726198773Laci_Kerja_thumb.jpeg,/assets/uploads/assetsre/ap/,0,0,
2523,,02523-FUR-LC-CFS-PTRE-14,Laci Kerja,CFS,MODERA,Warna Abu-abu,0,114007,0,0,NULL,100003,9,LT,0,0,NULL,180405025639,NULL,140133,2024-09-13 10:39:22.000,0,NULL,NULL,2018-03-15,1726198762Laci_Kerja.jpeg,1726198762Laci_Kerja_thumb.jpeg,/assets/uploads/assetsre/ap/,0,0,
8552,,03103-FUR-LC-CFS-PTRE-12,Laci Kerja,CFS,UNO,Warna abu2,0,104011,0,0,NULL,100003,1093,LT,0,NULL,NULL,NULL,NULL,130090,2024-04-05 09:05:50.000,0,NULL,NULL,2024-04-05,1712282750WhatsApp_Image_2024-04-05_at_8_53_48_AM.jpeg,1712282750WhatsApp_Image_2024-04-05_at_8_53_48_AM_thumb.jpeg,/assets/uploads/assetsre/ap/,1,0,
8605,,03156-FUR-LC-CFS-PTRE-14,Laci Kerja,CFS,UNO,Custom HPL,0,102014,0,0,23-1131109,100003,9,LT,0,NULL,NULL,NULL,NULL,255578,2026-06-07 20:53:53.000,0,NULL,NULL,2024-04-19,1726198757Laci_Kerja.jpeg,1726198757Laci_Kerja_thumb.jpeg,/assets/uploads/assetsre/ap/,1,0,
8726,,03270-FUR-LK-CFS-PTRE-24,Laci Kerja,CFS,UNO,,0,101045,0,0,23-1131109,100003,9,LT,0,NULL,NULL,NULL,NULL,255578,2026-01-19 18:12:30.000,0,NULL,NULL,2024-07-26,1726560044LEMARI_DOCUMEN.jpeg,1726560044LEMARI_DOCUMEN_thumb.jpeg,/assets/uploads/assetsre/ap/,0,0,
8751,,03295-FUR-LC-CFS-PTRE-24,Laci Kerja,CFS,UNO,,0,101036,0,0,NULL,100003,9,LT,0,NULL,NULL,NULL,NULL,140133,2024-09-13 10:39:11.000,0,NULL,NULL,2024-07-26,1726198751Laci_Kerja.jpeg,1726198751Laci_Kerja_thumb.jpeg,/assets/uploads/assetsre/ap/,0,0,
8752,,03296-FUR-LC-CFS-PTRE-24,Laci Kerja,CFS,UNO,,0,101036,0,0,NULL,100003,9,LT,0,NULL,NULL,NULL,NULL,140133,2024-09-13 10:39:01.000,0,NULL,NULL,2024-07-26,1726198741Laci_Kerja.jpeg,1726198741Laci_Kerja_thumb.jpeg,/assets/uploads/assetsre/ap/,0,0,
8753,,03297-FUR-LC-CFS-PTRE-24,Laci Kerja,CFS,UNO,,0,101036,0,0,NULL,100003,9,LT,0,NULL,NULL,NULL,NULL,140133,2024-09-13 10:38:54.000,0,NULL,NULL,2024-07-26,1726198734Laci_Kerja.jpeg,1726198734Laci_Kerja_thumb.jpeg,/assets/uploads/assetsre/ap/,0,0,
8754,,03298-FUR-LC-CFS-PTRE-24,Laci Kerja,CFS,UNO,,0,101036,0,0,NULL,100003,9,LT,0,NULL,NULL,NULL,NULL,140133,2024-09-13 10:38:49.000,0,NULL,NULL,2024-07-26,1726198729Laci_Kerja.jpeg,1726198729Laci_Kerja_thumb.jpeg,/assets/uploads/assetsre/ap/,0,0,
8755,,03299-FUR-LC-CFS-PTRE-24,Laci Kerja,CFS,UNO,,0,101036,0,0,NULL,100003,9,LT,0,NULL,NULL,NULL,NULL,140133,2024-09-13 10:38:42.000,0,NULL,NULL,2024-07-26,1726198722Laci_Kerja.jpeg,1726198722Laci_Kerja_thumb.jpeg,/assets/uploads/assetsre/ap/,0,0,
8756,,03300-FUR-LC-CFS-PTRE-24,Laci Kerja,CFS,UNO,,0,101036,0,0,NULL,100003,9,LT,0,NULL,NULL,NULL,NULL,140133,2024-09-13 10:35:28.000,0,NULL,NULL,2024-07-26,1726198528Laci_Kerja.jpeg,1726198528Laci_Kerja_thumb.jpeg,/assets/uploads/assetsre/ap/,0,0,
8757,,03301-FUR-LC-CFS-PTRE-24,Laci Kerja,CFS,UNO,,0,101036,0,0,NULL,100003,9,LT,0,NULL,NULL,NULL,NULL,140133,2024-09-13 10:35:19.000,0,NULL,NULL,2024-07-26,1726198519Laci_Kerja.jpeg,1726198519Laci_Kerja_thumb.jpeg,/assets/uploads/assetsre/ap/,0,0,
8758,,03302-FUR-LC-CFS-PTRE-24,Laci Kerja,CFS,UNO,,0,101036,0,0,NULL,100003,9,LT,0,NULL,NULL,NULL,NULL,140133,2024-09-13 10:35:11.000,0,NULL,NULL,2024-07-26,1726198511Laci_Kerja.jpeg,1726198511Laci_Kerja_thumb.jpeg,/assets/uploads/assetsre/ap/,0,0,
8759,,03303-FUR-LC-CFS-PTRE-24,Laci Kerja,CFS,UNO,,0,101036,0,0,NULL,100003,9,LT,0,NULL,NULL,NULL,NULL,140133,2024-09-13 10:35:05.000,0,NULL,NULL,2024-07-26,1726198504Laci_Kerja.jpeg,1726198504Laci_Kerja_thumb.jpeg,/assets/uploads/assetsre/ap/,0,0,
8760,,03304-FUR-LC-CFS-PTRE-24,Laci Kerja,CFS,UNO,,0,101036,0,0,NULL,100003,9,LT,0,NULL,NULL,NULL,NULL,140133,2024-09-13 10:35:00.000,0,NULL,NULL,2024-07-26,1726198500Laci_Kerja.jpeg,1726198500Laci_Kerja_thumb.jpeg,/assets/uploads/assetsre/ap/,0,0,
8761,,03305-FUR-LC-CFS-PTRE-24,Laci Kerja,CFS,UNO,,0,101036,0,0,NULL,100003,9,LT,0,NULL,NULL,NULL,NULL,140133,2024-09-13 10:34:54.000,0,NULL,NULL,2024-07-26,1726198494Laci_Kerja.jpeg,1726198494Laci_Kerja_thumb.jpeg,/assets/uploads/assetsre/ap/,0,0,
8762,,03306-FUR-LC-CFS-PTRE-24,Laci Kerja,CFS,UNO,,0,101036,0,0,NULL,100003,9,LT,0,NULL,NULL,NULL,NULL,140133,2024-09-13 10:34:48.000,0,NULL,NULL,2024-07-26,1726198488Laci_Kerja.jpeg,1726198488Laci_Kerja_thumb.jpeg,/assets/uploads/assetsre/ap/,0,0,
8799,,03342-FUR-LC-CFS-PTRE-24,Laci Kerja,CFS,UNO,,0,101040,0,0,NULL,100003,9,LT,0,NULL,NULL,NULL,NULL,140133,2024-09-13 10:34:37.000,0,NULL,NULL,2024-07-26,1726198477Laci_Kerja.jpeg,1726198477Laci_Kerja_thumb.jpeg,/assets/uploads/assetsre/ap/,0,0,
8800,,03343-FUR-LC-CFS-PTRE-24,Laci Kerja,CFS,UNO,,0,101040,0,0,NULL,100003,9,LT,0,NULL,NULL,NULL,NULL,140133,2024-09-13 10:34:34.000,0,NULL,NULL,2024-07-26,1726198474Laci_Kerja.jpeg,1726198474Laci_Kerja_thumb.jpeg,/assets/uploads/assetsre/ap/,0,0,
8801,,03344-FUR-LC-CFS-PTRE-24,Laci Kerja,CFS,UNO,,0,101040,0,0,NULL,100003,9,LT,0,NULL,NULL,NULL,NULL,140133,2024-09-13 10:34:25.000,0,NULL,NULL,2024-07-26,1726198465Laci_Kerja.jpeg,1726198465Laci_Kerja_thumb.jpeg,/assets/uploads/assetsre/ap/,0,0,
8802,,03345-FUR-LC-CFS-PTRE-24,Laci Kerja,CFS,UNO,,0,101040,0,0,NULL,100003,9,LT,0,NULL,NULL,NULL,NULL,140133,2024-09-13 10:34:15.000,0,NULL,NULL,2024-07-26,1726198455Laci_Kerja.jpeg,1726198455Laci_Kerja_thumb.jpeg,/assets/uploads/assetsre/ap/,0,0,
8803,,03346-FUR-LK-CFS-PTRE-24,Laci Kerja,CFS,UNO,,0,101040,0,0,23-1131109,100003,9,LT,0,NULL,NULL,NULL,NULL,255578,2026-01-07 15:36:09.000,0,NULL,NULL,2024-07-26,1726198451Laci_Kerja.jpeg,1726198451Laci_Kerja_thumb.jpeg,/assets/uploads/assetsre/ap/,0,0,
8804,,03347-FUR-LK-CFS-PTRE-24,Laci Kerja,CFS,UNO,,0,101040,0,0,23-1131109,100003,9,LT,0,NULL,NULL,NULL,NULL,255578,2026-01-07 15:36:02.000,0,NULL,NULL,2024-07-26,1726197946Laci_Kerja.jpeg,1726197946Laci_Kerja_thumb.jpeg,/assets/uploads/assetsre/ap/,0,0,
8827,,03369-FUR-LC-CFS-PTRE-24,Laci Kerja,CFS,UNO,,0,101046,0,0,NULL,100003,9,LT,0,NULL,NULL,NULL,NULL,140133,2024-09-13 10:25:41.000,0,NULL,NULL,2024-07-26,1726197941Laci_Kerja.jpeg,1726197941Laci_Kerja_thumb.jpeg,/assets/uploads/assetsre/ap/,0,0,
8828,,03370-FUR-LC-CFS-PTRE-24,Laci Kerja,CFS,UNO,,0,102015,0,0,23-1131109,100003,9,LT,0,NULL,NULL,NULL,NULL,255578,2026-06-07 20:32:24.000,0,NULL,NULL,2018-07-18,1726197935Laci_Kerja.jpeg,1726197935Laci_Kerja_thumb.jpeg,/assets/uploads/assetsre/ap/,0,0,
8829,,03371-FUR-LC-CFS-PTRE-24,Laci Kerja,CFS,UNO,,0,101046,0,0,NULL,100003,9,LT,0,NULL,NULL,NULL,NULL,140133,2024-09-13 10:25:30.000,0,NULL,NULL,2024-07-26,1726197930Laci_Kerja.jpeg,1726197930Laci_Kerja_thumb.jpeg,/assets/uploads/assetsre/ap/,0,0,
8832,,03374-FUR-LC-CFS-PTRE-24,Laci Kerja,CFS,UNO,,0,101034,0,0,NULL,100003,9,LT,0,NULL,NULL,NULL,NULL,140133,2024-09-13 10:24:05.000,0,NULL,NULL,2024-07-29,1726197845Laci_Kerja.jpeg,1726197845Laci_Kerja_thumb.jpeg,/assets/uploads/assetsre/ap/,0,0,
8833,,03375-FUR-LC-CFS-PTRE-24,Laci Kerja,CFS,UNO,,0,102029,0,0,23-1131109,100003,9,LT,0,NULL,NULL,NULL,NULL,255578,2026-09-03 10:24:25.000,0,NULL,NULL,2024-07-29,1726197840Laci_Kerja.jpeg,1726197840Laci_Kerja_thumb.jpeg,/assets/uploads/assetsre/ap/,1,0,
8834,,03376-FUR-LC-CFS-PTRE-24,Laci Kerja,CFS,UNO,,0,102029,0,0,23-1131109,100003,9,LT,0,NULL,NULL,NULL,NULL,255578,2026-09-03 10:24:08.000,0,NULL,NULL,2024-07-29,1726197827Laci_Kerja.jpeg,1726197827Laci_Kerja_thumb.jpeg,/assets/uploads/assetsre/ap/,1,0,
8895,,03431-FUR-LC-CFS-PTRE-24,Laci Kerja,CFS,UNO,,0,101047,0,0,NULL,100003,9,LT,0,NULL,NULL,NULL,NULL,140133,2025-02-13 09:35:22.000,0,NULL,NULL,2024-07-29,1726197823Laci_Kerja.jpeg,1726197823Laci_Kerja_thumb.jpeg,/assets/uploads/assetsre/ap/,0,0,
8896,,03432-FUR-LC-CFS-PTRE-24,Laci Kerja,CFS,UNO,,0,101047,0,0,NULL,100003,9,LT,0,NULL,NULL,NULL,NULL,140133,2025-02-13 09:35:17.000,0,NULL,NULL,2024-07-29,1726197814Laci_Kerja.jpeg,1726197814Laci_Kerja_thumb.jpeg,/assets/uploads/assetsre/ap/,0,0,
8897,,03433-FUR-LC-CFS-PTRE-24,Laci Kerja,CFS,UNO,,0,101047,0,0,NULL,100003,9,LT,0,NULL,NULL,NULL,NULL,140133,2025-02-13 09:35:06.000,0,NULL,NULL,2024-07-29,1726197807Laci_Kerja.jpeg,1726197807Laci_Kerja_thumb.jpeg,/assets/uploads/assetsre/ap/,0,0,
8898,,03434-FUR-LC-CFS-PTRE-24,Laci Kerja,CFS,UNO,,0,101047,0,0,NULL,100003,9,LT,0,NULL,NULL,NULL,NULL,140133,2025-02-13 09:34:57.000,0,NULL,NULL,2024-07-29,1726197784Laci_Kerja.jpeg,1726197784Laci_Kerja_thumb.jpeg,/assets/uploads/assetsre/ap/,0,0,
8899,,03435-FUR-LC-CFS-PTRE-24,Laci Kerja,CFS,UNO,,0,101047,0,0,NULL,100003,9,LT,0,NULL,NULL,NULL,NULL,140133,2025-02-13 09:34:49.000,0,NULL,NULL,2024-07-29,1726197778Laci_Kerja.jpeg,1726197778Laci_Kerja_thumb.jpeg,/assets/uploads/assetsre/ap/,0,0,
8930,,03466-FUR-LC-CFS-PTRE-24,Laci Kerja,CFS,UNO,,0,101005,0,0,NULL,100003,9,LT,0,NULL,NULL,NULL,NULL,140133,2024-09-13 10:22:48.000,0,NULL,NULL,2024-07-29,1726197768Laci_Kerja.jpeg,1726197768Laci_Kerja_thumb.jpeg,/assets/uploads/assetsre/ap/,0,0,
8931,,03467-FUR-LC-CFS-PTRE-24,Laci Kerja,CFS,UNO,,0,101005,0,0,NULL,100003,9,LT,0,NULL,NULL,NULL,NULL,140133,2024-09-13 10:22:39.000,0,NULL,NULL,2024-07-29,1726197759Laci_Kerja.jpeg,1726197759Laci_Kerja_thumb.jpeg,/assets/uploads/assetsre/ap/,0,0,
8932,,03468-FUR-LC-CFS-PTRE-24,Laci Kerja,CFS,UNO,,0,101005,0,0,NULL,100003,9,LT,0,NULL,NULL,NULL,NULL,140133,2024-09-13 10:22:33.000,0,NULL,NULL,2024-07-29,1726197753Laci_Kerja.jpeg,1726197753Laci_Kerja_thumb.jpeg,/assets/uploads/assetsre/ap/,0,0,
8962,,03498-FUR-LC-CFS-PTRE-24,Laci Kerja,CFS,MODERA,,0,102014,0,0,23-1131109,100003,9,LT,0,NULL,NULL,NULL,NULL,255578,2026-06-07 20:53:40.000,0,NULL,NULL,2024-07-29,1726197690Laci_Kerja.jpeg,1726197690Laci_Kerja_thumb.jpeg,/assets/uploads/assetsre/ap/,0,0,
8966,,03502-FUR-LC-CFS-PTRE-24,Laci Kerja,CFS,UNO,,0,102015,0,0,NULL,100003,9,LT,0,NULL,NULL,NULL,NULL,140133,2024-09-13 10:21:26.000,0,NULL,NULL,2024-07-30,1726197686Laci_Kerja.jpeg,1726197686Laci_Kerja_thumb.jpeg,/assets/uploads/assetsre/ap/,0,0,
8967,,1588-FUR-LC-CFS-PTRE-14,Laci Kerja,CFS,UNO,,0,102015,0,0,NULL,100003,9,LT,0,NULL,NULL,NULL,NULL,255578,2026-01-26 14:02:58.000,0,NULL,NULL,2024-07-30,1726197676Laci_Kerja.jpeg,1726197676Laci_Kerja_thumb.jpeg,/assets/uploads/assetsre/ap/,0,0,
8968,,1430-FUR-LC-CFS-PTRE-13,Laci Kerja,CFS,UNO,,0,102015,0,0,NULL,100003,9,LT,0,NULL,NULL,NULL,NULL,255578,2026-01-26 14:01:28.000,0,NULL,NULL,2024-07-30,1726197679Laci_Kerja.jpeg,1726197679Laci_Kerja_thumb.jpeg,/assets/uploads/assetsre/ap/,0,0,
8983,,03519-FUR-LC-CFS-PTRE-24,Laci Kerja,CFS,UNO,,0,102016,0,0,NULL,100003,9,LT,0,NULL,NULL,NULL,NULL,140133,2024-09-13 10:20:54.000,0,NULL,NULL,2024-07-30,1726197654Laci_Kerja.jpeg,1726197654Laci_Kerja_thumb.jpeg,/assets/uploads/assetsre/ap/,0,0,
8984,,03520-FUR-LC-CFS-PTRE-24,Laci Kerja,CFS,UNO,,0,102016,0,0,NULL,100003,9,LT,0,NULL,NULL,NULL,NULL,140133,2024-09-13 10:20:59.000,0,NULL,NULL,2024-07-30,1726197659Laci_Kerja.jpeg,1726197659Laci_Kerja_thumb.jpeg,/assets/uploads/assetsre/ap/,0,0,
8985,,03521-FUR-LC-CFS-PTRE-24,Laci Kerja,CFS,UNO,,0,102016,0,0,NULL,100003,9,LT,0,NULL,NULL,NULL,NULL,140133,2024-09-13 10:21:08.000,0,NULL,NULL,2024-07-30,1726197668Laci_Kerja.jpeg,1726197668Laci_Kerja_thumb.jpeg,/assets/uploads/assetsre/ap/,0,0,
9028,,03564-FUR-LC-CFS-PTRE-24,Laci Kerja,CFS,UNO,,0,102024,0,0,23-1131109,100003,9,LT,0,NULL,NULL,NULL,NULL,255578,2026-05-29 15:09:04.000,0,NULL,NULL,2024-07-30,1726197650Laci_Kerja.jpeg,1726197650Laci_Kerja_thumb.jpeg,/assets/uploads/assetsre/ap/,0,0,
9029,,03565-FUR-LC-CFS-PTRE-24,Laci Kerja,CFS,UNO,,0,102025,0,0,NULL,100003,9,LT,0,NULL,NULL,NULL,NULL,140133,2024-09-13 10:20:38.000,0,NULL,NULL,2024-07-30,1726197638Laci_Kerja.jpeg,1726197638Laci_Kerja_thumb.jpeg,/assets/uploads/assetsre/ap/,0,0,
9030,,03566-FUR-LC-CFS-PTRE-24,Laci Kerja,CFS,UNO,,0,102025,0,0,NULL,100003,9,LT,0,NULL,NULL,NULL,NULL,140133,2024-09-13 10:20:44.000,0,NULL,NULL,2024-07-30,1726197644Laci_Kerja.jpeg,1726197644Laci_Kerja_thumb.jpeg,/assets/uploads/assetsre/ap/,0,0,
9031,,03567-FUR-LC-CFS-PTRE-24,Laci Kerja,CFS,UNO,,0,102025,0,0,NULL,100003,9,LT,0,NULL,NULL,NULL,NULL,140133,2024-09-13 10:20:34.000,0,NULL,NULL,2024-07-30,1726197634Laci_Kerja.jpeg,1726197634Laci_Kerja_thumb.jpeg,/assets/uploads/assetsre/ap/,0,0,
9032,,03568-FUR-LC-CFS-PTRE-24,Laci Kerja,CFS,UNO,,0,102025,0,0,NULL,100003,9,LT,0,NULL,NULL,NULL,NULL,140133,2024-09-13 10:20:23.000,0,NULL,NULL,2024-07-30,1726197623Laci_Kerja.jpeg,1726197623Laci_Kerja_thumb.jpeg,/assets/uploads/assetsre/ap/,0,0,
9048,,03584-FUR-LK-CFS-PTRE-24,Laci Kerja,CFS,UNO,,0,101040,0,0,23-1131109,100003,9,LT,0,NULL,NULL,NULL,NULL,255578,2026-01-07 15:35:55.000,0,NULL,NULL,2024-07-30,1726197630Laci_Kerja.jpeg,1726197630Laci_Kerja_thumb.jpeg,/assets/uploads/assetsre/ap/,0,0,
9049,,03585-FUR-LC-CFS-PTRE-24,Laci Kerja,CFS,UNO,,0,102024,0,0,NULL,100003,9,LT,0,NULL,NULL,NULL,NULL,140133,2024-09-13 10:20:14.000,0,NULL,NULL,2024-07-30,1726197614Laci_Kerja.jpeg,1726197614Laci_Kerja_thumb.jpeg,/assets/uploads/assetsre/ap/,0,0,
9050,,03586-FUR-LC-CFS-PTRE-24,Laci Kerja,CFS,UNO,,0,102024,0,0,NULL,100003,9,LT,0,NULL,NULL,NULL,NULL,140133,2024-09-13 10:20:18.000,0,NULL,NULL,2024-07-30,1726197618Laci_Kerja.jpeg,1726197618Laci_Kerja_thumb.jpeg,/assets/uploads/assetsre/ap/,0,0,
9051,,03587-FUR-LC-CFS-PTRE-24,Laci Kerja,CFS,UNO,,0,102024,0,0,NULL,100003,9,LT,0,NULL,NULL,NULL,NULL,140133,2024-09-13 10:20:09.000,0,NULL,NULL,2024-07-30,1726197609Laci_Kerja.jpeg,1726197609Laci_Kerja_thumb.jpeg,/assets/uploads/assetsre/ap/,0,0,
9052,,03588-FUR-LC-CFS-PTRE-24,Laci Kerja,CFS,UNO,,0,102024,0,0,NULL,100003,9,LT,0,NULL,NULL,NULL,NULL,140133,2024-09-13 10:20:04.000,0,NULL,NULL,2024-07-30,1726197604Laci_Kerja.jpeg,1726197604Laci_Kerja_thumb.jpeg,/assets/uploads/assetsre/ap/,0,0,
9217,,03750-FUR-LC-CFS-PTRE-24,Laci Kerja,CFS,UNO,,0,102031,0,0,NULL,100003,9,LT,0,NULL,NULL,NULL,NULL,140133,2024-09-13 10:19:59.000,0,NULL,NULL,2024-07-30,1726197599Laci_Kerja.jpeg,1726197599Laci_Kerja_thumb.jpeg,/assets/uploads/assetsre/ap/,0,0,
9218,,03751-FUR-LC-CFS-PTRE-24,Laci Kerja,CFS,UNO,,0,102031,0,0,NULL,100003,9,LT,0,NULL,NULL,NULL,NULL,140133,2024-09-13 10:19:51.000,0,NULL,NULL,2024-07-30,1726197591Laci_Kerja.jpeg,1726197591Laci_Kerja_thumb.jpeg,/assets/uploads/assetsre/ap/,0,0,
9219,,03752-FUR-LC-CFS-PTRE-24,Laci Kerja,CFS,UNO,,0,102031,0,0,NULL,100003,9,LT,0,NULL,NULL,NULL,NULL,140133,2024-09-13 10:19:46.000,0,NULL,NULL,2024-07-30,1726197586Laci_Kerja.jpeg,1726197586Laci_Kerja_thumb.jpeg,/assets/uploads/assetsre/ap/,0,0,
9220,,03753-FUR-LC-CFS-PTRE-24,Laci Kerja,CFS,UNO,,0,102031,0,0,NULL,100003,9,LT,0,NULL,NULL,NULL,NULL,140133,2024-09-13 10:19:41.000,0,NULL,NULL,2024-07-30,1726197581Laci_Kerja.jpeg,1726197581Laci_Kerja_thumb.jpeg,/assets/uploads/assetsre/ap/,0,0,
9221,,03754-FUR-LC-CFS-PTRE-24,Laci Kerja,CFS,UNO,,0,102031,0,0,NULL,100003,9,LT,0,NULL,NULL,NULL,NULL,140133,2024-09-13 10:19:27.000,0,NULL,NULL,2024-07-30,1726197567Laci_Kerja.jpeg,1726197567Laci_Kerja_thumb.jpeg,/assets/uploads/assetsre/ap/,0,0,
9222,,03755-FUR-LC-CFS-PTRE-24,Laci Kerja,CFS,UNO,,0,102031,0,0,NULL,100003,9,LT,0,NULL,NULL,NULL,NULL,140133,2024-09-13 10:19:35.000,0,NULL,NULL,2024-07-30,1726197575Laci_Kerja.jpeg,1726197575Laci_Kerja_thumb.jpeg,/assets/uploads/assetsre/ap/,0,0,
9223,,03756-FUR-LC-CFS-PTRE-24,Laci Kerja,CFS,UNO,,0,102031,0,0,NULL,100003,9,LT,0,NULL,NULL,NULL,NULL,140133,2024-09-13 10:19:16.000,0,NULL,NULL,2024-07-30,1726197556Laci_Kerja.jpeg,1726197556Laci_Kerja_thumb.jpeg,/assets/uploads/assetsre/ap/,0,0,
9224,,03757-FUR-LC-CFS-PTRE-24,Laci Kerja,CFS,UNO,,0,102031,0,0,NULL,100003,9,LT,0,NULL,NULL,NULL,NULL,140133,2024-09-13 10:19:20.000,0,NULL,NULL,2024-07-30,1726197560Laci_Kerja.jpeg,1726197560Laci_Kerja_thumb.jpeg,/assets/uploads/assetsre/ap/,0,0,
9225,,03758-FUR-LC-CFS-PTRE-24,Laci Kerja,CFS,UNO,,0,102031,0,0,NULL,100003,9,LT,0,NULL,NULL,NULL,NULL,140133,2024-09-13 10:19:11.000,0,NULL,NULL,2024-07-30,1726197551Laci_Kerja.jpeg,1726197551Laci_Kerja_thumb.jpeg,/assets/uploads/assetsre/ap/,0,0,
9226,,03759-FUR-LC-CFS-PTRE-24,Laci Kerja,CFS,UNO,,0,102031,0,0,NULL,100003,9,LT,0,NULL,NULL,NULL,NULL,140133,2024-09-13 10:19:06.000,0,NULL,NULL,2024-07-30,1726197546Laci_Kerja.jpeg,1726197546Laci_Kerja_thumb.jpeg,/assets/uploads/assetsre/ap/,0,0,
9227,,03760-FUR-LC-CFS-PTRE-24,Laci Kerja,CFS,UNO,,0,102031,0,0,NULL,100003,9,LT,0,NULL,NULL,NULL,NULL,140133,2024-09-13 10:19:01.000,0,NULL,NULL,2024-07-30,1726197541Laci_Kerja.jpeg,1726197541Laci_Kerja_thumb.jpeg,/assets/uploads/assetsre/ap/,0,0,
9228,,03761-FUR-LC-CFS-PTRE-24,Laci Kerja,CFS,UNO,,0,102031,0,0,NULL,100003,9,LT,0,NULL,NULL,NULL,NULL,140133,2024-09-13 10:18:51.000,0,NULL,NULL,2024-07-30,1726197531Laci_Kerja.jpeg,1726197531Laci_Kerja_thumb.jpeg,/assets/uploads/assetsre/ap/,0,0,
9229,,03762-FUR-LC-CFS-PTRE-24,Laci Kerja,CFS,UNO,,0,102031,0,0,NULL,100003,9,LT,0,NULL,NULL,NULL,NULL,140133,2024-09-13 10:18:56.000,0,NULL,NULL,2024-07-30,1726197536Laci_Kerja.jpeg,1726197536Laci_Kerja_thumb.jpeg,/assets/uploads/assetsre/ap/,0,0,
9230,,03763-FUR-LC-CFS-PTRE-24,Laci Kerja,CFS,UNO,,0,102031,0,0,NULL,100003,9,LT,0,NULL,NULL,NULL,NULL,140133,2024-09-13 10:18:48.000,0,NULL,NULL,2024-07-30,1726197528Laci_Kerja.jpeg,1726197528Laci_Kerja_thumb.jpeg,/assets/uploads/assetsre/ap/,0,0,
9231,,03764-FUR-LC-CFS-PTRE-24,Laci Kerja,CFS,UNO,,0,102031,0,0,NULL,100003,9,LT,0,NULL,NULL,NULL,NULL,140133,2024-09-13 10:18:43.000,0,NULL,NULL,2024-07-30,1726197523Laci_Kerja.jpeg,1726197523Laci_Kerja_thumb.jpeg,/assets/uploads/assetsre/ap/,0,0,
9232,,03765-FUR-LC-CFS-PTRE-24,Laci Kerja,CFS,UNO,,0,102031,0,0,NULL,100003,9,LT,0,NULL,NULL,NULL,NULL,140133,2024-09-13 10:18:39.000,0,NULL,NULL,2024-07-30,1726197519Laci_Kerja.jpeg,1726197519Laci_Kerja_thumb.jpeg,/assets/uploads/assetsre/ap/,0,0,
9233,,03766-FUR-LC-CFS-PTRE-24,Laci Kerja,CFS,UNO,,0,102031,0,0,NULL,100003,9,LT,0,NULL,NULL,NULL,NULL,140133,2024-09-13 10:18:35.000,0,NULL,NULL,2024-07-30,1726197515Laci_Kerja.jpeg,1726197515Laci_Kerja_thumb.jpeg,/assets/uploads/assetsre/ap/,0,0,
9234,,03767-FUR-LC-CFS-PTRE-24,Laci Kerja,CFS,UNO,,0,102031,0,0,NULL,100003,9,LT,0,NULL,NULL,NULL,NULL,140133,2024-09-13 10:18:27.000,0,NULL,NULL,2024-07-30,1726197507Laci_Kerja.jpeg,1726197507Laci_Kerja_thumb.jpeg,/assets/uploads/assetsre/ap/,0,0,
9235,,03768-FUR-LC-CFS-PTRE-24,Laci Kerja,CFS,UNO,,0,102031,0,0,NULL,100003,9,LT,0,NULL,NULL,NULL,NULL,140133,2024-09-13 10:18:23.000,0,NULL,NULL,2024-07-30,1726197503Laci_Kerja.jpeg,1726197503Laci_Kerja_thumb.jpeg,/assets/uploads/assetsre/ap/,0,0,
9236,,03769-FUR-LC-CFS-PTRE-24,Laci Kerja,CFS,UNO,,0,102031,0,0,NULL,100003,9,LT,0,NULL,NULL,NULL,NULL,140133,2024-09-13 10:18:19.000,0,NULL,NULL,2024-07-30,1726197499Laci_Kerja.jpeg,1726197499Laci_Kerja_thumb.jpeg,/assets/uploads/assetsre/ap/,0,0,
9237,,03770-FUR-LC-CFS-PTRE-24,Laci Kerja,CFS,UNO,,0,102031,0,0,NULL,100003,9,LT,0,NULL,NULL,NULL,NULL,140133,2024-09-13 10:18:12.000,0,NULL,NULL,2024-07-30,1726197492Laci_Kerja.jpeg,1726197492Laci_Kerja_thumb.jpeg,/assets/uploads/assetsre/ap/,0,0,
9238,,03771-FUR-LC-CFS-PTRE-24,Laci Kerja,CFS,UNO,,0,102031,0,0,NULL,100003,9,LT,0,NULL,NULL,NULL,NULL,140133,2024-09-13 10:18:08.000,0,NULL,NULL,2024-07-30,1726197488Laci_Kerja.jpeg,1726197488Laci_Kerja_thumb.jpeg,/assets/uploads/assetsre/ap/,0,0,
9280,,03813-FUR-LC-CFS-PTRE-24,Laci Kerja,CFS,UNO,,0,104012,0,0,NULL,100003,9,LT,0,NULL,NULL,NULL,NULL,140133,2024-09-13 10:18:03.000,0,NULL,NULL,2024-07-31,1726197483Laci_Kerja.jpeg,1726197483Laci_Kerja_thumb.jpeg,/assets/uploads/assetsre/ap/,0,0,
9435,,03977-FUR-LC-CFS-PTRE-24,Laci Kerja,CFS,UNO,,0,101048,0,0,23-1131109,100003,9,LT,0,NULL,NULL,NULL,NULL,140133,2025-02-12 14:14:00.000,0,NULL,NULL,2024-08-02,1726197475Laci_Kerja.jpeg,1726197475Laci_Kerja_thumb.jpeg,/assets/uploads/assetsre/ap/,0,0,
9436,,03978-FUR-LC-CFS-PTRE-24,Laci Kerja,CFS,UNO,,0,101048,0,0,23-1131109,100003,9,LT,0,NULL,NULL,NULL,NULL,140133,2025-02-12 14:14:46.000,0,NULL,NULL,2024-08-02,1726197471Laci_Kerja.jpeg,1726197471Laci_Kerja_thumb.jpeg,/assets/uploads/assetsre/ap/,0,0,
9447,,03988-FUR-LC-CFS-PTRE-24,Laci Kerja,CFS,UNO,,0,101023,0,0,NULL,100003,9,LT,0,NULL,NULL,NULL,NULL,140133,2024-09-13 10:17:47.000,0,NULL,NULL,2024-08-02,1726197467Laci_Kerja.jpeg,1726197467Laci_Kerja_thumb.jpeg,/assets/uploads/assetsre/ap/,0,0,
9448,,03989-FUR-LC-CFS-PTRE-24,Laci Kerja,CFS,UNO,,0,101023,0,0,NULL,100003,9,LT,0,NULL,NULL,NULL,NULL,140133,2024-09-13 10:17:38.000,0,NULL,NULL,2024-08-02,1726197458Laci_Kerja.jpeg,1726197458Laci_Kerja_thumb.jpeg,/assets/uploads/assetsre/ap/,0,0,
10634,,04632-FUR-LC-CFS-PTRE-25,Laci Kerja,CFS,MODERA,modera abu-abu,0,104011,0,0,NULL,100003,9,LT,0,NULL,NULL,NULL,NULL,255578,2026-04-21 18:20:50.000,0,NULL,NULL,2025-01-22,1737545553Laci_Kerja.jpeg,1737545553Laci_Kerja_thumb.jpeg,/assets/uploads/assetsre/ap/,0,0,
10665,,04693-FUR-LC-CFS-PTRE-25,Laci Kerja,CFS,UNO,,0,101047,0,0,NULL,100003,9,LT,0,NULL,NULL,NULL,NULL,140133,2025-02-13 09:33:13.000,0,NULL,NULL,2025-02-13,1739413993Laci_Kerja.jpeg,1739413993Laci_Kerja_thumb.jpeg,/assets/uploads/assetsre/ap/,0,0,
10666,,04694-FUR-LC-CFS-PTRE-25,Laci Kerja,CFS,UNO,,0,101047,0,0,NULL,100003,9,LT,0,NULL,NULL,NULL,NULL,140133,2025-02-13 09:34:08.000,0,NULL,NULL,2025-02-13,1739414048Laci_Kerja.jpeg,1739414048Laci_Kerja_thumb.jpeg,/assets/uploads/assetsre/ap/,0,0,
10684,,04715-FUR-LK-CFS-PTRE-25,Laci Kerja,CFS,UNO,,0,101040,0,0,23-1131109,100003,9,LT,0,NULL,NULL,NULL,NULL,255578,2026-01-07 15:35:46.000,0,NULL,NULL,2025-02-14,NULL,NULL,NULL,0,0,
10690,,04721-FUR-LC-CFS-PTRE-25,Laci Kerja,CFS,UNO,,0,101036,0,0,NULL,100003,9,LT,0,NULL,NULL,NULL,NULL,140133,2025-02-28 17:53:01.000,0,NULL,NULL,2025-02-28,1740739981Laci_Kerja.jpeg,1740739981Laci_Kerja_thumb.jpeg,/assets/uploads/assetsre/ap/,0,0,
10691,,04722-FUR-LC-CFS-PTRE-25,Laci Kerja,CFS,UNO,,0,101036,0,0,NULL,100003,9,LT,0,NULL,NULL,NULL,NULL,140133,2025-02-28 17:53:34.000,0,NULL,NULL,2025-02-28,1740740014Laci_Kerja.jpeg,1740740014Laci_Kerja_thumb.jpeg,/assets/uploads/assetsre/ap/,0,0,
10692,,04723-FUR-LC-CFS-PTRE-25,Laci Kerja,CFS,UNO,,0,101036,0,0,NULL,100003,9,LT,0,NULL,NULL,NULL,NULL,140133,2025-02-28 17:54:04.000,0,NULL,NULL,2025-02-28,1740740044Laci_Kerja.jpeg,1740740044Laci_Kerja_thumb.jpeg,/assets/uploads/assetsre/ap/,0,0,
11803,,04808-FUR-LC-CFS-PTRE-18,Laci Kerja,CFS,UNO,,0,101034,0,0,NULL,100003,9,LT,0,NULL,NULL,NULL,NULL,255578,2026-04-10 08:07:59.000,0,NULL,NULL,2018-04-25,NULL,NULL,NULL,0,0,
