id,po_ref,code,name,organizer,brand,spesifikasi,value,location,umur_ekonomis,pembebanan,project_no,category,vendor,rent_type,kondisi,peminjaman,peminjaman_owner,peminjaman_token,peminjaman_start,create_owner,create_date,deletion,deletion_owner,deletion_date,buy_date,sample_photo,thumbnail,patch,assets_or_inventaris,status,duplicated_number
68,NULL,00068-FUR-MK-CFS-PTRE-14,Meja Kerja,CFS,MODERA,Warna Abu-abu,0,101010,0,0,NULL,100002,NULL,LT,0,0,NULL,NULL,NULL,130090,2017-02-27 00:00:00.000,1,140133,2024-07-25 10:31:44.000,2018-03-15,NULL,NULL,NULL,0,0,
69,NULL,00069-FUR-MK-CFS-PTRE-14,Meja Kerja,CFS,MODERA,Warna Abu-abu,0,101010,0,0,NULL,100002,NULL,LT,0,0,NULL,NULL,NULL,130090,2017-02-27 00:00:00.000,1,140133,2024-07-25 10:31:39.000,2018-03-15,NULL,NULL,NULL,0,0,
72,NULL,00072-FUR-MK-CFS-PTRE-14,Meja Kerja,CFS,MODERA,Warna Abu-abu,0,101010,0,0,NULL,100002,NULL,LT,0,0,NULL,NULL,NULL,130090,2017-02-27 00:00:00.000,1,140133,2024-07-25 10:31:34.000,2018-03-15,NULL,NULL,NULL,0,0,
89,,00089-FUR-MK-CFS-PTRE-14,Meja Kerja,CFS,MODERA,Warna Coklat,0,101015,0,0,NULL,100002,9,LT,0,0,NULL,NULL,NULL,140133,2024-07-25 14:14:05.000,0,NULL,NULL,2018-03-15,NULL,NULL,NULL,0,1,
106,,00106-FUR-MK-CFS-PTRE-14,Meja Kerja Lipat,CFS,FUTURA,Meja Lipat Putih,0,111004,0,0,23-1131109,100002,9,LT,0,0,NULL,NULL,NULL,255578,2026-02-06 09:44:48.000,0,NULL,NULL,2018-03-15,NULL,NULL,NULL,0,0,
133,,00133-FUR-MK-CFS-PTRE-13,Meja Kerja,CFS,UNO,Warna CREAM,0,103009,0,0,23-1131109,100002,80,LT,0,0,NULL,NULL,NULL,140133,2024-09-20 10:04:43.000,0,NULL,NULL,2018-03-15,1726801483MEJA_KERJA.jpeg,1726801483MEJA_KERJA_thumb.jpeg,/assets/uploads/assetsre/ap/,0,0,
134,,00134-FUR-MK-CFS-PTRE-13,Meja Kerja,CFS,UNO,Warna CREAM,0,103009,0,0,NULL,100002,80,LT,0,0,NULL,NULL,NULL,140133,2024-08-01 11:29:08.000,0,NULL,NULL,2018-03-15,1601866553meja_cream.jpg,1601866553meja_cream_thumb.jpg,/assets/uploads/assetsre/ap/,0,1,
136,,00136-FUR-MK-CFS-PTRE-13,Meja Kerja,CFS,UNO,WARNA CREAM,0,103009,0,0,23-1131109,100002,80,LT,0,0,NULL,NULL,NULL,140133,2024-09-20 10:04:40.000,0,NULL,NULL,2018-03-15,1726801480MEJA_KERJA.jpeg,1726801480MEJA_KERJA_thumb.jpeg,/assets/uploads/assetsre/ap/,0,0,
137,,00137-FUR-MK-CFS-PTRE-13,Meja Kerja,CFS,UNO,WARNA CREAM,0,103009,0,0,23-1131109,100002,80,LT,0,0,NULL,NULL,NULL,140133,2024-09-20 10:04:37.000,0,NULL,NULL,2018-03-15,1726801477MEJA_KERJA.jpeg,1726801477MEJA_KERJA_thumb.jpeg,/assets/uploads/assetsre/ap/,0,0,
138,,00138-FUR-MK-CFS-PTRE-13,Meja Kerja,CFS,UNO,Warna CREAM,0,103009,0,0,23-1131109,100002,80,LT,0,0,NULL,NULL,NULL,140133,2024-09-20 10:04:31.000,0,NULL,NULL,2018-03-15,1726801471MEJA_KERJA.jpeg,1726801471MEJA_KERJA_thumb.jpeg,/assets/uploads/assetsre/ap/,0,0,
139,,00139-FUR-MK-CFS-PTRE-13,Meja Kerja,CFS,UNO,Warna CREAM,0,103009,0,0,23-1131109,100002,80,LT,0,0,NULL,NULL,NULL,140133,2024-09-20 10:04:34.000,0,NULL,NULL,2018-03-15,1726801474MEJA_KERJA.jpeg,1726801474MEJA_KERJA_thumb.jpeg,/assets/uploads/assetsre/ap/,0,0,
140,,00140-FUR-MK-CFS-PTRE-13,Meja Kerja,CFS,UNO,Warna CREAM,0,103009,0,0,23-1131109,100002,80,LT,0,0,NULL,NULL,NULL,140133,2024-09-20 10:04:28.000,0,NULL,NULL,2018-03-15,1726801468MEJA_KERJA1.jpeg,1726801468MEJA_KERJA1_thumb.jpeg,/assets/uploads/assetsre/ap/,0,0,
142,,00142-FUR-MK-CFS-PTRE-13,Meja Kerja,CFS,UNO,Warna CREAM,0,103009,0,0,23-1131109,100002,80,LT,0,0,NULL,NULL,NULL,140133,2024-09-20 10:04:25.000,0,NULL,NULL,2018-03-15,1726801465MEJA_KERJA.jpeg,1726801465MEJA_KERJA_thumb.jpeg,/assets/uploads/assetsre/ap/,0,0,
143,,00143-FUR-MK-CFS-PTRE-13,Meja Kerja,CFS,UNO,Warna CREAM,0,103009,0,0,23-1131109,100002,80,LT,0,0,NULL,NULL,NULL,140133,2024-09-20 10:04:18.000,0,NULL,NULL,2018-03-15,1726801458MEJA_KERJA.jpeg,1726801458MEJA_KERJA_thumb.jpeg,/assets/uploads/assetsre/ap/,0,0,
144,,00144-FUR-MK-CFS-PTRE-13,Meja Kerja,CFS,UNO,Warna CREAM,0,103009,0,0,23-1131109,100002,80,LT,0,0,NULL,NULL,NULL,140133,2024-09-20 10:04:22.000,0,NULL,NULL,2018-03-15,1726801462MEJA_KERJA.jpeg,1726801462MEJA_KERJA_thumb.jpeg,/assets/uploads/assetsre/ap/,0,0,
145,,00145-FUR-MK-CFS-PTRE-13,Meja Kerja,CFS,UNO,Warna CREAM,0,103009,0,0,23-1131109,100002,80,LT,0,0,NULL,NULL,NULL,140133,2024-09-20 10:04:13.000,0,NULL,NULL,2018-03-15,1726801453MEJA_KERJA.jpeg,1726801453MEJA_KERJA_thumb.jpeg,/assets/uploads/assetsre/ap/,0,0,
146,,00146-FUR-MK-CFS-PTRE-13,Meja Kerja,CFS,UNO,Warna CREAM,0,103009,0,0,23-1131109,100002,80,LT,0,0,NULL,NULL,NULL,140133,2024-09-20 10:04:09.000,0,NULL,NULL,2018-03-15,1726801449MEJA_KERJA.jpeg,1726801449MEJA_KERJA_thumb.jpeg,/assets/uploads/assetsre/ap/,0,0,
147,,00147-FUR-MK-CFS-PTRE-13,Meja Kerja,CFS,UNO,Warna CREAM,0,103009,0,0,23-1131109,100002,80,LT,0,0,NULL,NULL,NULL,140133,2024-09-20 10:04:06.000,0,NULL,NULL,2018-03-15,1726801446MEJA_KERJA.jpeg,1726801446MEJA_KERJA_thumb.jpeg,/assets/uploads/assetsre/ap/,0,0,
148,,00148-FUR-MK-CFS-PTRE-13,Meja Kerja,CFS,UNO,Warna CREAM,0,103009,0,0,23-1131109,100002,80,LT,0,0,NULL,NULL,NULL,140133,2024-09-20 10:04:03.000,0,NULL,NULL,2018-03-15,1726801443MEJA_KERJA.jpeg,1726801443MEJA_KERJA_thumb.jpeg,/assets/uploads/assetsre/ap/,0,0,
149,,00149-FUR-MK-CFS-PTRE-13,Meja Kerja,CFS,UNO,Warna CREAM,0,103009,0,0,23-1131109,100002,80,LT,0,0,NULL,NULL,NULL,140133,2024-09-20 10:03:57.000,0,NULL,NULL,2018-03-15,1726801437MEJA_KERJA.jpeg,1726801437MEJA_KERJA_thumb.jpeg,/assets/uploads/assetsre/ap/,0,0,
156,,00156-FUR-MK-CFS-PTRE-14,Meja Kerja,CFS,MODERA,Warna Cokelat,0,101022,0,0,NULL,100002,9,LT,0,0,NULL,NULL,NULL,140133,2024-07-26 09:39:09.000,0,NULL,NULL,2018-03-15,NULL,NULL,NULL,0,1,
167,,00167-FUR-MK-CFS-PTRE-14,Meja Kerja,CFS,MODERA,Warna Abu-abu,0,101023,0,0,NULL,100002,80,LT,0,0,NULL,NULL,NULL,140133,2024-08-02 13:57:21.000,0,NULL,NULL,2018-03-15,NULL,NULL,NULL,0,1,
219,,00219-FUR-KK-CFS-PTRE-14,Meja Kerja,CFS,UNO,Meja Ukuran 120 x 60 warna cream + Partisi,0,101044,0,0,NULL,100002,80,LT,0,0,NULL,NULL,NULL,130090,2024-04-26 09:28:55.000,1,140133,2024-08-02 15:08:33.000,2018-03-15,17140985355.JPG,17140985355_thumb.JPG,/assets/uploads/assetsre/ap/,0,0,
252,,00252-FUR-MK-CFS-PTRE-14,Meja Kerja,CFS,MODERA,Warna Cokelat,0,101045,0,0,23-1131109,100002,80,LT,0,0,NULL,NULL,NULL,140133,2025-03-18 14:13:14.000,0,NULL,NULL,2018-03-15,NULL,NULL,NULL,0,0,
253,,00253-FUR-MK-CFS-PTRE-14,Meja Kerja,CFS,MODERA,Warna Cokelat,0,101045,0,0,23-1131109,100002,80,LT,0,0,NULL,NULL,NULL,140133,2025-03-18 14:13:00.000,0,NULL,NULL,2018-03-15,NULL,NULL,NULL,0,0,
267,,00267-FUR-MK-CFS-PTRE-13,Meja Lipat,CFS,FUTURA,MEJA LIPAT PUTIH,0,105007,0,0,NULL,100002,9,LT,0,0,NULL,NULL,NULL,255578,2026-05-13 14:50:51.000,0,NULL,NULL,2018-03-15,1601888392MEJA_LIPAT_PUTIH.jpg,1601888392MEJA_LIPAT_PUTIH_thumb.jpg,/assets/uploads/assetsre/ap/,0,0,
277,,00277-FUR-MK-CFS-PTRE-14,Meja Kerja + Laci,CFS,MODERA,Warna Cokelat,0,101040,0,0,23-1131109,100002,80,LT,0,0,NULL,NULL,NULL,255578,2026-09-07 08:47:04.000,0,NULL,NULL,2018-03-15,NULL,NULL,NULL,0,0,
278,,00278-FUR-MK-CFS-PTRE-14,Meja Kerja + Laci,CFS,MODERA,Warna Cokelat,0,101040,0,0,23-1131109,100002,80,LT,0,0,NULL,NULL,NULL,255578,2026-09-07 08:47:34.000,0,NULL,NULL,2018-03-15,NULL,NULL,NULL,1,0,
280,,00280-FUR-MK-CFS-PTRE-14,Meja Kerja + Laci,CFS,MODERA,Warna Cokelat,0,101040,0,0,23-1131109,100002,80,LT,0,0,NULL,NULL,NULL,255578,2026-09-07 08:46:51.000,0,NULL,NULL,2018-03-15,NULL,NULL,NULL,0,0,
310,,00310-FUR-MK-CFS-PTRE-14,Meja Kerja,CFS,UNO,Meja Ukuran 120 x 60 warna cream + Partisi,0,101044,0,0,23-1131109,100002,80,LT,0,0,NULL,NULL,NULL,140133,2024-09-20 10:03:39.000,0,NULL,NULL,2018-03-15,1726801419MEJA_KERJA_DEPT.jpeg,1726801419MEJA_KERJA_DEPT_thumb.jpeg,/assets/uploads/assetsre/ap/,0,0,
335,,00335-FUR-MK-CFS-PTRE-12,Meja Kerja,CFS,UNO,Warna Cokelat,0,101036,0,0,NULL,100002,9,LT,0,0,NULL,NULL,NULL,140133,2024-07-26 14:08:32.000,0,NULL,NULL,2018-03-15,NULL,NULL,NULL,0,1,
336,,00336-FUR-MK-CFS-PTRE-12,Meja Kerja,CFS,UNO,Warna Cokelat,0,101036,0,0,NULL,100002,9,LT,0,0,NULL,NULL,NULL,140133,2024-07-26 14:07:32.000,0,NULL,NULL,2018-03-15,NULL,NULL,NULL,0,1,
337,,00337-FUR-MK-CFS-PTRE-12,Meja Kerja,CFS,UNO,Warna Cokelat,0,101036,0,0,NULL,100002,9,LT,0,0,NULL,NULL,NULL,140133,2024-07-26 14:08:55.000,0,NULL,NULL,2018-03-15,NULL,NULL,NULL,0,1,
338,,00338-FUR-MK-CFS-PTRE-12,Meja Kerja,CFS,UNO,Warna Cokelat,0,101036,0,0,NULL,100002,9,LT,0,0,NULL,NULL,NULL,140133,2024-07-26 14:07:22.000,0,NULL,NULL,2018-03-15,NULL,NULL,NULL,0,1,
340,,00340-FUR-MK-CFS-PTRE-12,Meja Kerja,CFS,UNO,Warna Cokelat,0,101036,0,0,NULL,100002,9,LT,0,0,NULL,NULL,NULL,140133,2024-07-26 14:07:15.000,0,NULL,NULL,2018-03-15,NULL,NULL,NULL,0,1,
342,,00342-FUR-MK-CFS-PTRE-12,Meja Kerja,CFS,UNO,Warna Cokelat,0,101036,0,0,NULL,100002,9,LT,0,0,NULL,NULL,NULL,140133,2024-07-26 14:06:29.000,0,NULL,NULL,2018-03-15,NULL,NULL,NULL,0,1,
343,,00343-FUR-MK-CFS-PTRE-12,Meja Kerja,CFS,UNO,Warna Cokelat,0,101036,0,0,NULL,100002,9,LT,0,0,NULL,NULL,NULL,140133,2024-07-26 14:06:22.000,0,NULL,NULL,2018-03-15,NULL,NULL,NULL,0,1,
344,,00344-FUR-MK-CFS-PTRE-12,Meja Kerja,CFS,UNO,Warna Cokelat,0,101036,0,0,23-1131109,100002,80,LT,0,0,NULL,NULL,NULL,140133,2024-09-20 10:03:46.000,1,130090,2025-10-31 20:02:30.000,2018-03-15,1726801426MEJA_KERJA_DEPT.jpeg,1726801426MEJA_KERJA_DEPT_thumb.jpeg,/assets/uploads/assetsre/ap/,0,0,
345,,00345-FUR-MK-CFS-PTRE-12,Meja Kerja,CFS,UNO,Warna Cokelat,0,101036,0,0,23-1131109,100002,80,LT,0,0,NULL,NULL,NULL,140133,2024-09-20 10:03:36.000,0,NULL,NULL,2018-03-15,1726801416MEJA_KERJA_DEPT.jpeg,1726801416MEJA_KERJA_DEPT_thumb.jpeg,/assets/uploads/assetsre/ap/,0,0,
346,,00346-FUR-MK-CFS-PTRE-12,Meja Kerja,CFS,UNO,Warna Cokelat,0,101036,0,0,NULL,100002,9,LT,0,0,NULL,NULL,NULL,140133,2024-07-26 14:06:16.000,0,NULL,NULL,2018-03-15,NULL,NULL,NULL,0,1,
347,,00347-FUR-MK-CFS-PTRE-12,Meja Kerja,CFS,UNO,Warna Cokelat,0,101036,0,0,23-1131109,100002,80,LT,0,0,NULL,NULL,NULL,140133,2024-09-20 10:03:33.000,0,NULL,NULL,2018-03-15,1726801413MEJA_KERJA_DEPT.jpeg,1726801413MEJA_KERJA_DEPT_thumb.jpeg,/assets/uploads/assetsre/ap/,0,0,
348,,00348-FUR-MK-CFS-PTRE-12,Meja Kerja,CFS,UNO,Warna Cokelat,0,101036,0,0,NULL,100002,9,LT,0,0,NULL,NULL,NULL,140133,2024-07-26 14:06:08.000,0,NULL,NULL,2018-03-15,NULL,NULL,NULL,0,1,
350,,00350-FUR-MK-CFS-PTRE-12,Meja Kerja,CFS,UNO,Warna Cokelat,0,101036,0,0,23-1131109,100002,80,LT,0,1,308818,250604104531,2025-06-04,140133,2024-09-20 10:03:27.000,0,NULL,NULL,2018-03-15,1726801407MEJA_KERJA_DEPT.jpeg,1726801407MEJA_KERJA_DEPT_thumb.jpeg,/assets/uploads/assetsre/ap/,0,0,
414,,00414-FUR-MK-CFS-PTRE-13,Meja Kerja,CFS,UNO,Warna Cokelat,0,101037,0,0,NULL,100002,9,LT,0,0,NULL,NULL,NULL,140133,2024-07-30 15:30:03.000,0,NULL,NULL,2018-03-15,NULL,NULL,NULL,0,1,
417,,00417-FUR-MK-CFS-PTRE-13,Meja Kerja,CFS,UNO,Warna Cokelat,0,101037,0,0,NULL,100002,80,LT,0,0,NULL,NULL,NULL,140133,2024-07-30 15:29:15.000,0,NULL,NULL,2018-03-15,NULL,NULL,NULL,0,1,
418,,00418-FUR-MK-CFS-PTRE-13,Meja Kerja,CFS,UNO,Warna Cokelat,0,101037,0,0,NULL,100002,9,LT,0,0,NULL,NULL,NULL,140133,2024-07-30 15:29:57.000,0,NULL,NULL,2018-03-15,NULL,NULL,NULL,0,1,
419,,00419-FUR-MK-CFS-PTRE-13,Meja Kerja,CFS,UNO,Warna Cokelat,0,101037,0,0,NULL,100002,80,LT,0,0,NULL,NULL,NULL,140133,2024-07-30 15:28:59.000,0,NULL,NULL,2018-03-15,NULL,NULL,NULL,0,1,
420,,00420-FUR-MK-CFS-PTRE-13,Meja Kerja,CFS,UNO,Warna Cokelat,0,101037,0,0,NULL,100002,9,LT,0,0,NULL,NULL,NULL,140133,2024-07-30 15:29:34.000,0,NULL,NULL,2018-03-15,NULL,NULL,NULL,0,1,
421,,00421-FUR-MK-CFS-PTRE-13,Meja Kerja,CFS,UNO,Warna Cokelat,0,101037,0,0,NULL,100002,80,LT,0,0,NULL,NULL,NULL,140133,2024-07-30 15:28:53.000,0,NULL,NULL,2018-03-15,NULL,NULL,NULL,0,1,
422,,00422-FUR-MK-CFS-PTRE-13,Meja Kerja,CFS,UNO,Warna Cokelat,0,101037,0,0,NULL,100002,80,LT,0,0,NULL,NULL,NULL,140133,2024-07-30 15:29:04.000,0,NULL,NULL,2018-03-15,NULL,NULL,NULL,0,1,
423,,00423-FUR-MK-CFS-PTRE-13,Meja Kerja,CFS,UNO,Warna Cokelat,0,101037,0,0,NULL,100002,80,LT,0,0,NULL,NULL,NULL,140133,2024-07-30 15:28:39.000,0,NULL,NULL,2018-03-15,NULL,NULL,NULL,0,1,
424,,00424-FUR-MK-CFS-PTRE-13,Meja Kerja,CFS,UNO,Warna Cokelat,0,101037,0,0,NULL,100002,80,LT,0,0,NULL,NULL,NULL,140133,2024-07-30 15:28:46.000,0,NULL,NULL,2018-03-15,NULL,NULL,NULL,0,1,
425,,00425-FUR-MK-CFS-PTRE-13,Meja Kerja,CFS,UNO,Warna Cokelat,0,101037,0,0,NULL,100002,80,LT,0,0,NULL,NULL,NULL,140133,2024-07-30 15:28:33.000,0,NULL,NULL,2018-03-15,NULL,NULL,NULL,0,1,
427,,00427-FUR-MK-CFS-PTRE-13,Meja Kerja,CFS,UNO,Warna Cokelat,0,101037,0,0,NULL,100002,80,LT,0,0,NULL,NULL,NULL,140133,2024-07-30 15:28:16.000,0,NULL,NULL,2018-03-15,NULL,NULL,NULL,0,1,
428,,00428-FUR-MK-CFS-PTRE-13,Meja Kerja,CFS,UNO,Warna Cokelat,0,101037,0,0,NULL,100002,9,LT,0,0,NULL,NULL,NULL,140133,2024-07-30 15:29:45.000,0,NULL,NULL,2018-03-15,NULL,NULL,NULL,0,1,
430,,00430-FUR-MK-CFS-PTRE-13,Meja Kerja,CFS,UNO,Warna Cokelat,0,101037,0,0,NULL,100002,80,LT,0,0,NULL,NULL,NULL,140133,2024-07-30 15:29:09.000,0,NULL,NULL,2018-03-15,NULL,NULL,NULL,0,1,
431,,00431-FUR-MK-CFS-PTRE-13,Meja Kerja,CFS,UNO,Warna Cokelat,0,101037,0,0,NULL,100002,80,LT,0,0,NULL,NULL,NULL,140133,2024-07-30 15:28:10.000,0,NULL,NULL,2018-03-15,NULL,NULL,NULL,0,1,
433,,00433-FUR-MK-CFS-PTRE-13,Meja Kerja,CFS,UNO,Warna Cokelat,0,101037,0,0,NULL,100002,9,LT,0,0,NULL,NULL,NULL,140133,2024-07-30 15:29:40.000,0,NULL,NULL,2018-03-15,NULL,NULL,NULL,0,1,
434,,00434-FUR-MK-CFS-PTRE-13,Meja Kerja,CFS,UNO,Warna Cokelat,0,101037,0,0,NULL,100002,9,LT,0,0,NULL,NULL,NULL,140133,2024-07-30 15:30:15.000,0,NULL,NULL,2018-03-15,NULL,NULL,NULL,0,1,
437,,00437-FUR-MK-CFS-PTRE-13,Meja Kerja,CFS,UNO,Warna Cokelat,0,101037,0,0,NULL,100002,80,LT,0,0,NULL,NULL,NULL,140133,2024-07-30 15:27:47.000,0,NULL,NULL,2018-03-15,NULL,NULL,NULL,0,1,
438,,00438-FUR-MK-CFS-PTRE-13,Meja Kerja,CFS,UNO,Warna Cokelat,0,101037,0,0,NULL,100002,80,LT,0,0,NULL,NULL,NULL,140133,2024-07-30 15:27:42.000,0,NULL,NULL,2018-03-15,NULL,NULL,NULL,0,1,
439,NULL,00439-FUR-MK-CFS-PTRE-13,Meja Kerja,CFS,UNO,Warna Cokelat,0,101037,0,0,NULL,100002,NULL,LT,0,0,NULL,NULL,NULL,130090,2017-02-27 00:00:00.000,1,140133,2024-07-30 15:28:21.000,2018-03-15,NULL,NULL,NULL,0,0,
506,,00506-FUR-MK-CFS-PTRE-14,Meja Kerja,CFS,UNO,Warna Cokelat,0,101038,0,0,NULL,100002,9,LT,0,0,NULL,NULL,NULL,140133,2024-07-26 14:32:10.000,0,NULL,NULL,2018-03-15,NULL,NULL,NULL,0,1,
507,,00507-FUR-MK-CFS-PTRE-14,Meja Kerja,CFS,UNO,Warna Cokelat,0,101038,0,0,NULL,100002,9,LT,0,0,NULL,NULL,NULL,140133,2024-07-26 14:31:56.000,0,NULL,NULL,2018-03-15,NULL,NULL,NULL,0,1,
509,,00509-FUR-MK-CFS-PTRE-14,Meja Kerja,CFS,UNO,Warna Cokelat,0,101038,0,0,NULL,100002,9,LT,0,0,NULL,NULL,NULL,140133,2024-07-26 14:31:49.000,0,NULL,NULL,2018-03-15,NULL,NULL,NULL,0,1,
510,,00510-FUR-MK-CFS-PTRE-14,Meja Kerja,CFS,UNO,Warna Cokelat,0,101038,0,0,NULL,100002,9,LT,0,0,NULL,NULL,NULL,140133,2024-07-26 14:32:04.000,0,NULL,NULL,2018-03-15,NULL,NULL,NULL,0,1,
511,,00511-FUR-MK-CFS-PTRE-14,Meja Kerja,CFS,UNO,Warna Cokelat,0,101038,0,0,NULL,100002,9,LT,0,0,NULL,NULL,NULL,140133,2024-07-26 14:32:30.000,0,NULL,NULL,2018-03-15,NULL,NULL,NULL,0,1,
512,,00512-FUR-MK-CFS-PTRE-14,Meja Kerja,CFS,UNO,Warna Cokelat,0,101038,0,0,NULL,100002,9,LT,0,0,NULL,NULL,NULL,140133,2024-07-26 14:31:42.000,0,NULL,NULL,2018-03-15,NULL,NULL,NULL,0,1,
513,,00513-FUR-MK-CFS-PTRE-14,Meja Kerja,CFS,UNO,Warna Cokelat,0,101038,0,0,NULL,100002,9,LT,0,0,NULL,NULL,NULL,140133,2024-07-26 14:32:16.000,0,NULL,NULL,2018-03-15,NULL,NULL,NULL,0,1,
514,,00514-FUR-MK-CFS-PTRE-14,Meja Kerja,CFS,UNO,Warna Cokelat,0,101038,0,0,NULL,100002,9,LT,0,0,NULL,NULL,NULL,140133,2024-07-26 14:31:26.000,0,NULL,NULL,2018-03-15,NULL,NULL,NULL,0,1,
528,,00528-FUR-MK-CFS-PTRE-14,Meja Kerja (120 x 50 x 70),CFS,UNO,Side Desk,0,101034,0,0,23-1131109,100002,80,LT,0,0,NULL,NULL,NULL,255578,2026-09-07 13:17:20.000,0,NULL,NULL,2018-03-15,1726801400MEJA_KERJA_DEPT.jpeg,1726801400MEJA_KERJA_DEPT_thumb.jpeg,/assets/uploads/assetsre/ap/,1,0,
529,,00529-FUR-MK-CFS-PTRE-14,Meja Kerja (120 x 50 x 70),CFS,UNO,Side Desk,0,101034,0,0,23-1131109,100002,80,LT,0,0,NULL,NULL,NULL,255578,2026-09-07 13:17:38.000,0,NULL,NULL,2018-03-15,1726801403MEJA_KERJA_DEPT.jpeg,1726801403MEJA_KERJA_DEPT_thumb.jpeg,/assets/uploads/assetsre/ap/,0,0,
530,,00530-FUR-MK-CFS-PTRE-14,Meja Kerja (120 x 50 x 70),CFS,UNO,Side Desk,0,101034,0,0,23-1131109,100002,80,LT,0,0,NULL,NULL,NULL,255578,2026-09-07 13:16:54.000,0,NULL,NULL,2018-03-15,1726801398MEJA_KERJA_DEPT.jpeg,1726801398MEJA_KERJA_DEPT_thumb.jpeg,/assets/uploads/assetsre/ap/,0,0,
531,,00531-FUR-MK-CFS-PTRE-14,Meja Kerja,CFS,UNO,Warna Cokelat,0,101002,0,0,23-1131109,100002,80,LT,0,0,NULL,NULL,NULL,130090,2025-11-12 10:34:46.000,0,NULL,NULL,2018-03-15,1726801392MEJA_KERJA_DEPT.jpeg,1726801392MEJA_KERJA_DEPT_thumb.jpeg,/assets/uploads/assetsre/ap/,0,1,
532,,00532-FUR-MK-CFS-PTRE-14,Meja Kerja,CFS,UNO,Warna Cokelat,0,101040,0,0,23-1131109,100002,80,LT,0,0,NULL,NULL,NULL,140133,2025-04-25 10:23:39.000,0,NULL,NULL,2018-03-15,1726801388MEJA_KERJA_DEPT.jpeg,1726801388MEJA_KERJA_DEPT_thumb.jpeg,/assets/uploads/assetsre/ap/,0,0,
533,,00533-FUR-MK-CFS-PTRE-14,Meja Kerja,CFS,UNO,Warna Cokelat,0,101040,0,0,23-1131109,100002,80,LT,0,0,NULL,NULL,NULL,140133,2025-04-25 10:23:33.000,0,NULL,NULL,2018-03-15,1726801385MEJA_KERJA_DEPT.jpeg,1726801385MEJA_KERJA_DEPT_thumb.jpeg,/assets/uploads/assetsre/ap/,0,0,
537,,00537-FUR-MK-CFS-PTRE-14,Meja Kerja,CFS,UNO,Warna Cokelat,0,101040,0,0,23-1131109,100002,80,LT,0,0,NULL,NULL,NULL,140133,2025-04-25 10:23:45.000,0,NULL,NULL,2018-03-15,1726801382MEJA_KERJA_DEPT.jpeg,1726801382MEJA_KERJA_DEPT_thumb.jpeg,/assets/uploads/assetsre/ap/,0,0,
540,,00540-FUR-MK-CFS-PTRE-14,Meja Kerja (120 x 50 x 70),CFS,UNO,Side Desk,0,101034,0,0,23-1131109,100002,80,LT,0,0,NULL,NULL,NULL,255578,2026-09-07 13:17:53.000,0,NULL,NULL,2018-03-15,1726801370MEJA_KERJA_DEPT.jpeg,1726801370MEJA_KERJA_DEPT_thumb.jpeg,/assets/uploads/assetsre/ap/,0,0,
591,,00591-FUR-MK-CFS-PTRE-14,Meja Kerja,CFS,UNO,Warna Cokelat,0,101040,0,0,23-1131109,100002,80,LT,0,0,NULL,NULL,NULL,140133,2024-09-20 10:02:45.000,0,NULL,NULL,2018-03-15,1726801365MEJA_KERJA_DEPT.jpeg,1726801365MEJA_KERJA_DEPT_thumb.jpeg,/assets/uploads/assetsre/ap/,0,0,
592,,00592-FUR-MK-CFS-PTRE-14,Meja Kerja,CFS,UNO,Warna Cokelat,0,101040,0,0,23-1131109,100002,80,LT,0,0,NULL,NULL,NULL,140133,2024-09-20 10:02:47.000,0,NULL,NULL,2018-03-15,1726801367MEJA_KERJA_DEPT.jpeg,1726801367MEJA_KERJA_DEPT_thumb.jpeg,/assets/uploads/assetsre/ap/,0,0,
593,,00593-FUR-MK-CFS-PTRE-14,Meja Kerja,CFS,UNO,Warna Cokelat,0,101040,0,0,23-1131109,100002,80,LT,0,0,NULL,NULL,NULL,140133,2024-09-20 10:02:39.000,0,NULL,NULL,2018-03-15,1726801359MEJA_KERJA_DEPT.jpeg,1726801359MEJA_KERJA_DEPT_thumb.jpeg,/assets/uploads/assetsre/ap/,0,0,
594,,00594-FUR-MK-CFS-PTRE-14,Meja Kerja,CFS,UNO,Warna Cokelat,0,101040,0,0,23-1131109,100002,80,LT,0,0,NULL,NULL,NULL,140133,2024-09-20 10:02:33.000,0,NULL,NULL,2018-03-15,1726801353MEJA_KERJA_DEPT.jpeg,1726801353MEJA_KERJA_DEPT_thumb.jpeg,/assets/uploads/assetsre/ap/,0,0,
595,,00595-FUR-MK-CFS-PTRE-14,Meja Kerja,CFS,UNO,Warna Cokelat,0,101040,0,0,23-1131109,100002,80,LT,0,0,NULL,NULL,NULL,140133,2024-09-20 10:02:20.000,0,NULL,NULL,2018-03-15,1726801340MEJA_KERJA_DEPT.jpeg,1726801340MEJA_KERJA_DEPT_thumb.jpeg,/assets/uploads/assetsre/ap/,0,0,
596,,00596-FUR-MK-CFS-PTRE-14,Meja Kerja,CFS,UNO,Warna Cokelat,0,101040,0,0,23-1131109,100002,80,LT,0,0,NULL,NULL,NULL,140133,2024-09-20 10:02:21.000,0,NULL,NULL,2018-03-15,1726801341MEJA_KERJA_DEPT.jpeg,1726801341MEJA_KERJA_DEPT_thumb.jpeg,/assets/uploads/assetsre/ap/,0,0,
597,,00597-FUR-MK-CFS-PTRE-14,Meja Kerja,CFS,UNO,Warna Cokelat,0,101040,0,0,23-1131109,100002,80,LT,0,0,NULL,NULL,NULL,140133,2024-09-20 10:02:27.000,0,NULL,NULL,2018-03-15,1726801347MEJA_KERJA_DEPT.jpeg,1726801347MEJA_KERJA_DEPT_thumb.jpeg,/assets/uploads/assetsre/ap/,0,0,
598,,00598-FUR-MK-CFS-PTRE-14,Meja Kerja,CFS,UNO,Warna Cokelat,0,101040,0,0,NULL,100002,80,LT,0,0,NULL,NULL,NULL,140133,2024-07-26 15:27:50.000,0,NULL,NULL,2018-03-15,NULL,NULL,NULL,0,1,
599,,00599-FUR-MK-CFS-PTRE-14,Meja Kerja,CFS,UNO,Warna Cokelat,0,101040,0,0,NULL,100002,80,LT,0,0,NULL,NULL,NULL,140133,2024-07-26 15:27:42.000,0,NULL,NULL,2018-03-15,NULL,NULL,NULL,0,1,
600,,00600-FUR-MK-CFS-PTRE-14,Meja Kerja,CFS,UNO,Warna Cokelat,0,101040,0,0,23-1131109,100002,80,LT,0,0,NULL,NULL,NULL,140133,2024-09-20 10:02:10.000,0,NULL,NULL,2018-03-15,1726801330MEJA_KERJA_DEPT.jpeg,1726801330MEJA_KERJA_DEPT_thumb.jpeg,/assets/uploads/assetsre/ap/,0,0,
601,,00601-FUR-MK-CFS-PTRE-14,Meja Kerja,CFS,UNO,Warna Cokelat,0,101040,0,0,NULL,100002,80,LT,0,0,NULL,NULL,NULL,140133,2024-07-26 15:27:17.000,0,NULL,NULL,2018-03-15,NULL,NULL,NULL,0,1,
602,,00602-FUR-MK-CFS-PTRE-14,Meja Kerja,CFS,UNO,Warna Cokelat,0,101040,0,0,NULL,100002,80,LT,0,0,NULL,NULL,NULL,140133,2024-07-26 15:27:34.000,0,NULL,NULL,2018-03-15,NULL,NULL,NULL,0,1,
603,,00603-FUR-MK-CFS-PTRE-14,Meja Kerja,CFS,UNO,Warna Cokelat,0,101040,0,0,NULL,100002,80,LT,0,0,NULL,NULL,NULL,140133,2024-07-26 15:27:24.000,0,NULL,NULL,2018-03-15,NULL,NULL,NULL,0,1,
604,,00604-FUR-MK-CFS-PTRE-14,Meja Kerja,CFS,UNO,Warna Cokelat,0,101040,0,0,NULL,100002,80,LT,0,0,NULL,NULL,NULL,140133,2024-07-26 15:27:04.000,0,NULL,NULL,2018-03-15,NULL,NULL,NULL,0,1,
605,,00605-FUR-MK-CFS-PTRE-14,Meja Kerja,CFS,UNO,Warna Cokelat,0,101040,0,0,23-1131109,100002,80,LT,0,0,NULL,NULL,NULL,140133,2024-09-20 10:02:07.000,0,NULL,NULL,2018-03-15,1726801327MEJA_KERJA_DEPT.jpeg,1726801327MEJA_KERJA_DEPT_thumb.jpeg,/assets/uploads/assetsre/ap/,0,0,
606,,00606-FUR-MK-CFS-PTRE-14,Meja Kerja,CFS,UNO,Warna Cokelat,0,101040,0,0,NULL,100002,80,LT,0,0,NULL,NULL,NULL,140133,2024-07-26 15:26:56.000,0,NULL,NULL,2018-03-15,NULL,NULL,NULL,0,1,
607,,00607-FUR-MK-CFS-PTRE-13,Meja Kerja,CFS,UNO,MEJA CREAM,0,101040,0,0,NULL,100002,80,LT,0,0,NULL,NULL,NULL,140133,2024-07-26 15:26:49.000,0,NULL,NULL,2018-03-15,1603161750unnamed.jpg,1603161750unnamed_thumb.jpg,/assets/uploads/assetsre/ap/,0,1,
608,,00608-FUR-MK-CFS-PTRE-13,Meja Kerja,CFS,UNO,MEJA CREAM,0,101040,0,0,NULL,100002,80,LT,0,0,NULL,NULL,NULL,140133,2024-07-26 15:26:34.000,0,NULL,NULL,2018-03-15,1603161695unnamed.jpg,1603161695unnamed_thumb.jpg,/assets/uploads/assetsre/ap/,0,1,
609,,00609-FUR-MK-CFS-PTRE-14,Meja Kerja,CFS,UNO,Warna Cokelat,0,101040,0,0,NULL,100002,80,LT,0,0,NULL,NULL,NULL,140133,2024-07-26 15:27:10.000,0,NULL,NULL,2018-03-15,NULL,NULL,NULL,0,1,
610,,00610-FUR-MK-CFS-PTRE-13,Meja Kerja,CFS,UNO,MEJA CREAM,0,101040,0,0,NULL,100002,80,LT,0,0,NULL,NULL,NULL,140133,2024-07-26 15:26:24.000,0,NULL,NULL,2018-03-15,1603161542unnamed.jpg,1603161542unnamed_thumb.jpg,/assets/uploads/assetsre/ap/,0,1,
611,,00611-FUR-MK-CFS-PTRE-14,Meja Kerja,CFS,UNO,Warna Cokelat,0,101040,0,0,23-1131109,100002,80,LT,0,0,NULL,NULL,NULL,140133,2024-09-20 10:02:06.000,0,NULL,NULL,2018-03-15,1726801326MEJA_KERJA_DEPT.jpeg,1726801326MEJA_KERJA_DEPT_thumb.jpeg,/assets/uploads/assetsre/ap/,0,0,
612,,00612-FUR-MK-CFS-PTRE-14,Meja Kerja,CFS,UNO,Warna Cokelat,0,101040,0,0,NULL,100002,80,LT,0,0,NULL,NULL,NULL,140133,2024-07-26 15:26:17.000,0,NULL,NULL,2018-03-15,NULL,NULL,NULL,0,1,
613,,00613-FUR-MK-CFS-PTRE-13,Meja Kerja,CFS,UNO,MEJA CREAM,0,101040,0,0,23-1131109,100002,80,LT,0,0,NULL,NULL,NULL,140133,2024-09-20 10:02:01.000,0,NULL,NULL,2018-03-15,1726801321MEJA_KERJA_DEPT.jpeg,1726801321MEJA_KERJA_DEPT_thumb.jpeg,/assets/uploads/assetsre/ap/,0,0,
614,,00614-FUR-MK-CFS-PTRE-13,Meja Kerja,CFS,UNO,MEJA CREAM,0,101040,0,0,23-1131109,100002,80,LT,0,0,NULL,NULL,NULL,140133,2024-09-20 10:02:00.000,0,NULL,NULL,2018-03-15,1726801320MEJA_KERJA_DEPT.jpeg,1726801320MEJA_KERJA_DEPT_thumb.jpeg,/assets/uploads/assetsre/ap/,0,0,
616,,00616-FUR-MK-CFS-PTRE-13,MEJA KERJA,CFS,UNO,MEJA CREAM,0,101039,0,0,NULL,100002,80,LT,0,1,124293,201019013427,2020-10-19,140133,2024-07-26 14:41:05.000,0,NULL,NULL,2018-03-15,1603161061unnamed.jpg,1603161061unnamed_thumb.jpg,/assets/uploads/assetsre/ap/,0,1,
617,,00617-FUR-MK-CFS-PTRE-13,MEJA KERJA,CFS,UNO,MEJA CREAM,0,101039,0,0,NULL,100002,80,LT,0,1,033031,201019013508,2020-10-19,140133,2024-07-26 14:40:46.000,0,NULL,NULL,2018-03-15,1603160953unnamed.jpg,1603160953unnamed_thumb.jpg,/assets/uploads/assetsre/ap/,0,1,
622,,00622-FUR-MK-CFS-PTRE-13,Meja Kerja,CFS,UNO,MEJA CREAM,0,101040,0,0,23-1131109,100002,80,LT,0,0,NULL,NULL,NULL,130090,2025-11-18 10:03:51.000,0,NULL,NULL,2018-03-15,1726801314MEJA_KERJA_DEPT.jpeg,1726801314MEJA_KERJA_DEPT_thumb.jpeg,/assets/uploads/assetsre/ap/,0,0,
623,,00623-FUR-MK-CFS-PTRE-13,MEJA KERJA,CFS,UNO,MEJA CREAM,0,101039,0,0,NULL,100002,80,LT,0,0,NULL,NULL,NULL,140133,2024-07-26 14:40:16.000,0,NULL,NULL,2018-03-15,1603160026unnamed.jpg,1603160026unnamed_thumb.jpg,/assets/uploads/assetsre/ap/,0,1,
627,,00627-FUR-MK-CFS-PTRE-13,MEJA KERJA,CFS,UNO,MEJA CREAM,0,102017,0,0,NULL,100002,80,LT,0,0,NULL,NULL,NULL,140133,2024-07-30 13:30:56.000,0,NULL,NULL,2018-03-15,1603351818images_(4).jpg,1603351818images_(4)_thumb.jpg,/assets/uploads/assetsre/ap/,0,1,
629,,00629-FUR-MK-CFS-PTRE-13,Meja Kerja,CFS,UNO,MEJA CREAM,0,101040,0,0,23-1131109,100002,80,LT,0,0,NULL,NULL,NULL,130090,2025-11-18 10:03:41.000,0,NULL,NULL,2018-03-15,1726801308MEJA_KERJA_DEPT.jpeg,1726801308MEJA_KERJA_DEPT_thumb.jpeg,/assets/uploads/assetsre/ap/,0,0,
632,,00632-FUR-MK-CFS-PTRE-13,MEJA KERJA,CFS,UNO,MEJA CREAM,0,101040,0,0,NULL,100002,80,LT,0,0,NULL,NULL,NULL,140133,2024-07-26 15:25:56.000,0,NULL,NULL,2018-03-15,1603162468unnamed.jpg,1603162468unnamed_thumb.jpg,/assets/uploads/assetsre/ap/,0,1,
633,,00633-FUR-MK-CFS-PTRE-13,MEJA KERJA,CFS,UNO,MEJA CREAM,0,101040,0,0,NULL,100002,80,LT,0,0,NULL,NULL,NULL,140133,2024-07-26 15:25:45.000,0,NULL,NULL,2018-03-15,1603162690unnamed.jpg,1603162690unnamed_thumb.jpg,/assets/uploads/assetsre/ap/,0,1,
650,,00650-FUR-MK-CFS-PTRE-13,Meja Kerja,CFS,UNO,WARNA CREAM,0,102017,0,0,NULL,100002,80,LT,0,0,NULL,NULL,NULL,140133,2024-07-30 13:31:02.000,0,NULL,NULL,2018-03-15,1603349031images_(4).jpg,1603349031images_(4)_thumb.jpg,/assets/uploads/assetsre/ap/,0,1,
659,,00659-FUR-MK-CFS-PTRE-13,Meja Kerja,CFS,UNO,WARNA CREAM,0,102017,0,0,NULL,100002,80,LT,0,0,NULL,NULL,NULL,140133,2024-07-30 13:31:35.000,0,NULL,NULL,2018-03-15,1603351434images_(4).jpg,1603351434images_(4)_thumb.jpg,/assets/uploads/assetsre/ap/,0,1,
710,,00710-FUR-MK-CFS-PTRE-12,Meja Kerja,CFS,Modera,Warna Abu-abu,0,102010,0,0,NULL,100002,9,LT,0,0,NULL,NULL,NULL,130090,2024-02-28 10:35:34.000,0,NULL,NULL,2018-03-15,NULL,NULL,NULL,1,1,
711,,00711-FUR-MK-CFS-PTRE-12,Meja Kerja,CFS,Modera,Warna Abu-abu,0,102010,0,0,NULL,100002,9,LT,0,0,NULL,NULL,NULL,130090,2024-02-28 10:35:24.000,0,NULL,NULL,2018-03-15,NULL,NULL,NULL,1,1,
729,NULL,00729-FUR-MK-CFS-PTRE-13,Meja Kerja ,CFS,UNO,Warna Cokelat,0,102011,0,0,NULL,100002,NULL,LT,0,0,NULL,NULL,NULL,130090,2017-02-27 00:00:00.000,0,NULL,NULL,2018-03-15,NULL,NULL,NULL,0,0,
730,NULL,00730-FUR-MK-CFS-PTRE-13,Meja Kerja ,CFS,UNO,Warna Cokelat,0,102011,0,0,NULL,100002,NULL,LT,0,0,NULL,NULL,NULL,130090,2017-02-27 00:00:00.000,0,NULL,NULL,2018-03-15,NULL,NULL,NULL,0,0,
731,NULL,00731-FUR-MK-CFS-PTRE-13,Meja Kerja ,CFS,UNO,Warna Cokelat,0,102011,0,0,NULL,100002,NULL,LT,0,0,NULL,NULL,NULL,130090,2017-02-27 00:00:00.000,0,NULL,NULL,2018-03-15,NULL,NULL,NULL,0,0,
732,NULL,00732-FUR-MK-CFS-PTRE-13,Meja Kerja ,CFS,UNO,Warna Cokelat,0,102011,0,0,NULL,100002,NULL,LT,0,0,NULL,NULL,NULL,130090,2017-02-27 00:00:00.000,0,NULL,NULL,2018-03-15,NULL,NULL,NULL,0,0,
733,NULL,00733-FUR-MK-CFS-PTRE-13,Meja Kerja ,CFS,UNO,Warna Cokelat,0,102011,0,0,NULL,100002,NULL,LT,0,0,NULL,NULL,NULL,130090,2017-02-27 00:00:00.000,0,NULL,NULL,2018-03-15,NULL,NULL,NULL,0,0,
753,NULL,00753-FUR-MK-CFS-PTRE-16,Meja Kerja ,CFS,UNO,Warna Cream,0,102012,0,0,NULL,100002,NULL,LT,0,0,NULL,NULL,NULL,130090,2017-02-27 00:00:00.000,1,140133,2024-08-08 13:46:02.000,2018-03-15,NULL,NULL,NULL,0,0,
754,NULL,00754-FUR-MK-CFS-PTRE-16,Meja Kerja ,CFS,UNO,Warna Cream,0,102012,0,0,NULL,100002,NULL,LT,0,0,NULL,NULL,NULL,130090,2017-02-27 00:00:00.000,1,140133,2024-08-08 13:46:02.000,2018-03-15,NULL,NULL,NULL,0,0,
755,NULL,00755-FUR-MK-CFS-PTRE-16,Meja Kerja ,CFS,UNO,Warna Cream,0,102012,0,0,NULL,100002,NULL,LT,0,0,NULL,NULL,NULL,130090,2017-02-27 00:00:00.000,1,140133,2024-08-08 13:46:02.000,2018-03-15,NULL,NULL,NULL,0,0,
756,NULL,00756-FUR-MK-CFS-PTRE-16,Meja Kerja ,CFS,UNO,Warna Cream,0,102012,0,0,NULL,100002,NULL,LT,0,0,NULL,NULL,NULL,130090,2017-02-27 00:00:00.000,1,140133,2024-08-08 13:46:02.000,2018-03-15,NULL,NULL,NULL,0,0,
757,NULL,00757-FUR-MK-CFS-PTRE-16,Meja Kerja ,CFS,UNO,Warna Cream,0,102012,0,0,NULL,100002,NULL,LT,0,0,NULL,NULL,NULL,130090,2017-02-27 00:00:00.000,1,140133,2024-08-08 13:46:02.000,2018-03-15,NULL,NULL,NULL,0,0,
758,NULL,00758-FUR-MK-CFS-PTRE-16,Meja Kerja ,CFS,UNO,Warna Cream,0,102012,0,0,NULL,100002,NULL,LT,0,0,NULL,NULL,NULL,130090,2017-02-27 00:00:00.000,1,140133,2024-08-08 13:46:02.000,2018-03-15,NULL,NULL,NULL,0,0,
759,NULL,00759-FUR-MK-CFS-PTRE-16,Meja Kerja ,CFS,UNO,Warna Cream,0,102012,0,0,NULL,100002,NULL,LT,0,0,NULL,NULL,NULL,130090,2017-02-27 00:00:00.000,1,140133,2024-08-08 13:46:02.000,2018-03-15,NULL,NULL,NULL,0,0,
760,NULL,00760-FUR-MK-CFS-PTRE-16,Meja Kerja ,CFS,UNO,Warna Cream,0,102012,0,0,NULL,100002,NULL,LT,0,0,NULL,NULL,NULL,130090,2017-02-27 00:00:00.000,1,140133,2024-08-08 13:46:02.000,2018-03-15,NULL,NULL,NULL,0,0,
761,NULL,00761-FUR-MK-CFS-PTRE-16,Meja Kerja ,CFS,UNO,Warna Cream,0,102012,0,0,NULL,100002,NULL,LT,0,0,NULL,NULL,NULL,130090,2017-02-27 00:00:00.000,1,140133,2024-08-08 13:46:02.000,2018-03-15,NULL,NULL,NULL,0,0,
762,NULL,00762-FUR-MK-CFS-PTRE-16,Meja Kerja ,CFS,UNO,Warna Cream,0,102012,0,0,NULL,100002,NULL,LT,0,0,NULL,NULL,NULL,130090,2017-02-27 00:00:00.000,1,140133,2024-08-08 13:46:02.000,2018-03-15,NULL,NULL,NULL,0,0,
763,NULL,00763-FUR-MK-CFS-PTRE-16,Meja Kerja ,CFS,UNO,Warna Cream,0,102012,0,0,NULL,100002,NULL,LT,0,0,NULL,NULL,NULL,130090,2017-02-27 00:00:00.000,1,140133,2024-08-08 13:46:02.000,2018-03-15,NULL,NULL,NULL,0,0,
764,NULL,00764-FUR-MK-CFS-PTRE-16,Meja Kerja ,CFS,UNO,Warna Cream,0,102012,0,0,NULL,100002,NULL,LT,0,0,NULL,NULL,NULL,130090,2017-02-27 00:00:00.000,1,140133,2024-08-08 13:46:02.000,2018-03-15,NULL,NULL,NULL,0,0,
765,NULL,00765-FUR-MK-CFS-PTRE-16,Meja Kerja ,CFS,UNO,Warna Cream,0,102012,0,0,NULL,100002,NULL,LT,0,0,NULL,NULL,NULL,130090,2017-02-27 00:00:00.000,1,140133,2024-08-08 13:46:02.000,2018-03-15,NULL,NULL,NULL,0,0,
766,NULL,00766-FUR-MK-CFS-PTRE-16,Meja Kerja ,CFS,UNO,Warna Cream,0,102012,0,0,NULL,100002,NULL,LT,0,0,NULL,NULL,NULL,130090,2017-02-27 00:00:00.000,1,140133,2024-08-08 13:46:02.000,2018-03-15,NULL,NULL,NULL,0,0,
767,NULL,00767-FUR-MK-CFS-PTRE-16,Meja Kerja ,CFS,UNO,Warna Cream,0,102012,0,0,NULL,100002,NULL,LT,0,0,NULL,NULL,NULL,130090,2017-02-27 00:00:00.000,1,140133,2024-08-08 13:46:02.000,2018-03-15,NULL,NULL,NULL,0,0,
768,NULL,00768-FUR-MK-CFS-PTRE-16,Meja Kerja ,CFS,UNO,Warna Cream,0,102012,0,0,NULL,100002,NULL,LT,0,0,NULL,NULL,NULL,130090,2017-02-27 00:00:00.000,1,140133,2024-08-08 13:46:02.000,2018-03-15,NULL,NULL,NULL,0,0,
769,NULL,00769-FUR-MK-CFS-PTRE-16,Meja Kerja ,CFS,UNO,Warna Cream,0,102012,0,0,NULL,100002,NULL,LT,0,0,NULL,NULL,NULL,130090,2017-02-27 00:00:00.000,1,140133,2024-08-08 13:46:02.000,2018-03-15,NULL,NULL,NULL,0,0,
770,NULL,00770-FUR-MK-CFS-PTRE-16,Meja Kerja ,CFS,UNO,Warna Cream,0,102012,0,0,NULL,100002,NULL,LT,0,0,NULL,NULL,NULL,130090,2017-02-27 00:00:00.000,1,140133,2024-08-08 13:46:02.000,2018-03-15,NULL,NULL,NULL,0,0,
771,NULL,00771-FUR-MK-CFS-PTRE-16,Meja Kerja ,CFS,UNO,Warna Cream,0,102012,0,0,NULL,100002,NULL,LT,0,0,NULL,NULL,NULL,130090,2017-02-27 00:00:00.000,1,140133,2024-08-08 13:46:02.000,2018-03-15,NULL,NULL,NULL,0,0,
772,NULL,00772-FUR-MK-CFS-PTRE-16,Meja Kerja ,CFS,UNO,Warna Cream,0,102012,0,0,NULL,100002,NULL,LT,0,0,NULL,NULL,NULL,130090,2017-02-27 00:00:00.000,1,140133,2024-08-08 13:46:02.000,2018-03-15,NULL,NULL,NULL,0,0,
773,NULL,00773-FUR-MK-CFS-PTRE-16,Meja Kerja ,CFS,UNO,Warna Cream,0,102012,0,0,NULL,100002,NULL,LT,0,0,NULL,NULL,NULL,130090,2017-02-27 00:00:00.000,1,140133,2024-08-08 13:46:02.000,2018-03-15,NULL,NULL,NULL,0,0,
774,NULL,00774-FUR-MK-CFS-PTRE-16,Meja Kerja ,CFS,UNO,Warna Cream,0,102012,0,0,NULL,100002,NULL,LT,0,0,NULL,NULL,NULL,130090,2017-02-27 00:00:00.000,1,140133,2024-08-08 13:46:02.000,2018-03-15,NULL,NULL,NULL,0,0,
775,NULL,00775-FUR-MK-CFS-PTRE-16,Meja Kerja ,CFS,UNO,Warna Cream,0,102012,0,0,NULL,100002,NULL,LT,0,0,NULL,NULL,NULL,130090,2017-02-27 00:00:00.000,1,140133,2024-08-08 13:46:02.000,2018-03-15,NULL,NULL,NULL,0,0,
776,NULL,00776-FUR-MK-CFS-PTRE-16,Meja Kerja ,CFS,UNO,Warna Cream,0,102012,0,0,NULL,100002,NULL,LT,0,0,NULL,NULL,NULL,130090,2017-02-27 00:00:00.000,1,140133,2024-08-08 13:46:02.000,2018-03-15,NULL,NULL,NULL,0,0,
777,NULL,00777-FUR-MK-CFS-PTRE-16,Meja Kerja ,CFS,UNO,Warna Cream,0,102012,0,0,NULL,100002,NULL,LT,0,0,NULL,NULL,NULL,130090,2017-02-27 00:00:00.000,1,140133,2024-08-08 13:46:02.000,2018-03-15,NULL,NULL,NULL,0,0,
778,NULL,00778-FUR-MK-CFS-PTRE-16,Meja Kerja ,CFS,UNO,Warna Cream,0,102012,0,0,NULL,100002,NULL,LT,0,0,NULL,NULL,NULL,130090,2017-02-27 00:00:00.000,1,140133,2024-08-08 13:46:02.000,2018-03-15,NULL,NULL,NULL,0,0,
779,NULL,00779-FUR-MK-CFS-PTRE-16,Meja Kerja ,CFS,UNO,Warna Cream,0,102012,0,0,NULL,100002,NULL,LT,0,0,NULL,NULL,NULL,130090,2017-02-27 00:00:00.000,1,140133,2024-08-08 13:46:02.000,2018-03-15,NULL,NULL,NULL,0,0,
780,NULL,00780-FUR-MK-CFS-PTRE-16,Meja Kerja ,CFS,UNO,Warna Cream,0,102012,0,0,NULL,100002,NULL,LT,0,0,NULL,NULL,NULL,130090,2017-02-27 00:00:00.000,1,140133,2024-08-08 13:46:02.000,2018-03-15,NULL,NULL,NULL,0,0,
781,NULL,00781-FUR-MK-CFS-PTRE-16,Meja Kerja ,CFS,UNO,Warna Cream,0,102012,0,0,NULL,100002,NULL,LT,0,0,NULL,NULL,NULL,130090,2017-02-27 00:00:00.000,1,140133,2024-08-08 13:46:02.000,2018-03-15,NULL,NULL,NULL,0,0,
782,NULL,00782-FUR-MK-CFS-PTRE-16,Meja Kerja ,CFS,UNO,Warna Cream,0,102012,0,0,NULL,100002,NULL,LT,0,0,NULL,NULL,NULL,130090,2017-02-27 00:00:00.000,1,140133,2024-08-08 13:46:02.000,2018-03-15,NULL,NULL,NULL,0,0,
783,NULL,00783-FUR-MK-CFS-PTRE-16,Meja Kerja ,CFS,UNO,Warna Cream,0,102012,0,0,NULL,100002,NULL,LT,0,0,NULL,NULL,NULL,130090,2017-02-27 00:00:00.000,1,140133,2024-08-08 13:46:02.000,2018-03-15,NULL,NULL,NULL,0,0,
784,NULL,00784-FUR-MK-CFS-PTRE-16,Meja Kerja ,CFS,UNO,Warna Cream,0,102012,0,0,NULL,100002,NULL,LT,0,0,NULL,NULL,NULL,130090,2017-02-27 00:00:00.000,1,140133,2024-08-08 13:46:02.000,2018-03-15,NULL,NULL,NULL,0,0,
785,NULL,00785-FUR-MK-CFS-PTRE-16,Meja Kerja ,CFS,UNO,Warna Cream,0,102012,0,0,NULL,100002,NULL,LT,0,0,NULL,NULL,NULL,130090,2017-02-27 00:00:00.000,1,140133,2024-08-08 13:46:02.000,2018-03-15,NULL,NULL,NULL,0,0,
786,NULL,00786-FUR-MK-CFS-PTRE-16,Meja Kerja ,CFS,UNO,Warna Cream,0,102012,0,0,NULL,100002,NULL,LT,0,0,NULL,NULL,NULL,130090,2017-02-27 00:00:00.000,1,140133,2024-08-08 13:46:02.000,2018-03-15,NULL,NULL,NULL,0,0,
787,,00787-FUR-MK-CFS-PTRE-13,Meja Kerja,CFS,UNO,Meja Ukuran 120 x 60 warna cream + Partisi,0,101044,0,0,NULL,100002,80,LT,0,0,NULL,NULL,NULL,130090,2024-04-26 09:34:11.000,0,NULL,NULL,2018-03-15,17140988515.JPG,17140988515_thumb.JPG,/assets/uploads/assetsre/ap/,0,0,
788,,00788-FUR-MK-CFS-PTRE-13,Meja Kerja,CFS,UNO,Meja Ukuran 120 x 60 warna cream + Partisi,0,101044,0,0,NULL,100002,80,LT,0,0,NULL,NULL,NULL,130090,2024-04-26 09:35:22.000,0,NULL,NULL,2018-03-15,17140989225.JPG,17140989225_thumb.JPG,/assets/uploads/assetsre/ap/,0,0,
789,,00789-FUR-MK-CFS-PTRE-13,Meja Kerja,CFS,UNO,Meja Ukuran 120 x 70 warna cream ,0,101044,0,0,NULL,100002,80,LT,0,0,NULL,NULL,NULL,130090,2024-04-26 09:37:20.000,0,NULL,NULL,2018-03-15,1714099040WhatsApp_Image_2024-02-28_at_14_09_23.jpeg,1714099040WhatsApp_Image_2024-02-28_at_14_09_23_thumb.jpeg,/assets/uploads/assetsre/ap/,0,0,
790,,00790-FUR-MK-CFS-PTRE-13,Meja Kerja,CFS,UNO,Warna Cream meja L,0,101044,0,0,NULL,100002,80,LT,0,0,NULL,NULL,NULL,130090,2024-04-26 09:38:21.000,0,NULL,NULL,2018-03-15,1714099101DSC_0053.JPG,1714099101DSC_0053_thumb.JPG,/assets/uploads/assetsre/ap/,0,0,
791,,00791-FUR-MK-CFS-PTRE-13,Meja Kerja (125 x 75 x 75),CFS,UNO,Warna Cream,0,101049,0,0,NULL,100002,80,LT,0,0,NULL,NULL,NULL,255578,2026-09-18 08:47:06.000,0,NULL,NULL,2018-03-15,1602735045MEJA_KERJA_PARTISI.jpg,1602735045MEJA_KERJA_PARTISI_thumb.jpg,/assets/uploads/assetsre/ap/,1,0,
792,,00792-FUR-MK-CFS-PTRE-13,Meja Kerja (125 x 75 x 75),CFS,UNO,Warna Cream,0,101049,0,0,NULL,100002,80,LT,0,0,NULL,NULL,NULL,255578,2026-09-18 08:44:47.000,0,NULL,NULL,2018-03-15,1602735089MEJA_KERJA_PARTISI.jpg,1602735089MEJA_KERJA_PARTISI_thumb.jpg,/assets/uploads/assetsre/ap/,1,0,
793,NULL,00793-FUR-MK-CFS-PTRE-16,Meja Kerja ,CFS,UNO,Warna Cream,0,102012,0,0,NULL,100002,NULL,LT,0,0,NULL,NULL,NULL,130090,2017-02-27 00:00:00.000,1,140133,2024-08-08 13:46:02.000,2018-03-15,NULL,NULL,NULL,0,0,
794,NULL,00794-FUR-MK-CFS-PTRE-16,Meja Kerja ,CFS,UNO,Warna Cream,0,102012,0,0,NULL,100002,NULL,LT,0,0,NULL,NULL,NULL,130090,2017-02-27 00:00:00.000,1,140133,2024-08-08 13:46:02.000,2018-03-15,NULL,NULL,NULL,0,0,
795,,00795-FUR-MK-CFS-PTRE-13,Meja Kerja,CFS,UNO,Warna Cream,0,105008,0,0,NULL,100002,80,LT,0,1,184658,201019105316,2020-10-19,130090,2024-02-28 11:04:21.000,0,NULL,NULL,2018-03-15,1602731827MEJA_KERJA_PARTISI.jpg,1602731827MEJA_KERJA_PARTISI_thumb.jpg,/assets/uploads/assetsre/ap/,1,1,
796,,00796-FUR-MK-CFS-PTRE-13,Meja Kerja,CFS,UNO,Warna Cream,0,105008,0,0,NULL,100002,80,LT,0,1,124293,201019105401,2020-10-19,130090,2024-02-28 11:04:13.000,0,NULL,NULL,2018-03-15,1602731868MEJA_KERJA_PARTISI.jpg,1602731868MEJA_KERJA_PARTISI_thumb.jpg,/assets/uploads/assetsre/ap/,1,1,
797,,00797-FUR-MK-CFS-PTRE-13,Meja Kerja,CFS,UNO,Warna Cream,0,105008,0,0,NULL,100002,80,LT,0,1,073749,201019105437,2020-10-19,130090,2024-02-28 11:04:04.000,0,NULL,NULL,2018-03-15,1602731904MEJA_KERJA_PARTISI.jpg,1602731904MEJA_KERJA_PARTISI_thumb.jpg,/assets/uploads/assetsre/ap/,1,1,
798,,00798-FUR-MK-CFS-PTRE-13,Meja Kerja,CFS,UNO,WARNA CREAM HPL PANJANG 120 CM X 60 CM,0,105014,0,0,NULL,100002,1093,LT,0,1,033031,201019105515,2020-10-19,130090,2024-03-09 08:59:15.000,1,140133,2024-08-23 14:16:30.000,2018-03-15,1709949555WhatsApp_Image_2024-03-09_at_08_36_09.jpeg,1709949555WhatsApp_Image_2024-03-09_at_08_36_09_thumb.jpeg,/assets/uploads/assetsre/ap/,0,0,
799,,00799-FUR-MK-CFS-PTRE-16,Meja Kerja,CFS,UNO,WARNA CREAM HPL PANJANG 120 CM X 60 CM,0,105014,0,0,NULL,100002,1093,LT,0,1,308418,201019105612,2020-10-19,130090,2024-03-09 08:58:36.000,1,140133,2024-08-23 14:16:30.000,2018-03-15,1709949516WhatsApp_Image_2024-03-09_at_08_36_09.jpeg,1709949516WhatsApp_Image_2024-03-09_at_08_36_09_thumb.jpeg,/assets/uploads/assetsre/ap/,0,0,
800,,00800-FUR-MK-CFS-PTRE-13,Meja Kerja,CFS,UNO,Warna Cream,0,104008,0,0,NULL,100002,80,LT,0,1,114208,201019021026,2020-10-19,140133,2024-07-31 14:42:41.000,0,NULL,NULL,2018-03-15,1602731686meja_cream.jpg,1602731686meja_cream_thumb.jpg,/assets/uploads/assetsre/ap/,0,1,
801,,00801-FUR-MK-CFS-PTRE-13,Meja Kerja,CFS,UNO,WARNA CREAM HPL PANJANG 120 CM X 60 CM,0,105014,0,0,NULL,100002,1093,LT,0,1,120037,201019105730,2020-10-19,130090,2024-03-09 08:57:53.000,1,140133,2024-08-23 14:16:30.000,2018-03-15,1709949472WhatsApp_Image_2024-03-09_at_08_36_09.jpeg,1709949472WhatsApp_Image_2024-03-09_at_08_36_09_thumb.jpeg,/assets/uploads/assetsre/ap/,0,0,
802,,00802-FUR-MK-CFS-PTRE-13,Meja Kerja,CFS,UNO,WARNA CREAM HPL PANJANG 120 CM X 60 CM,0,105014,0,0,NULL,100002,1093,LT,0,1,302117,201019105835,2020-10-19,130090,2024-03-09 08:57:12.000,0,NULL,NULL,2018-03-15,1709949432WhatsApp_Image_2024-03-09_at_08_36_09.jpeg,1709949432WhatsApp_Image_2024-03-09_at_08_36_09_thumb.jpeg,/assets/uploads/assetsre/ap/,0,0,
803,,00803-FUR-MK-CFS-PTRE-13,Meja Kerja,CFS,UNO,WARNA CREAM HPL PANJANG 120 CM X 60 CM,0,105014,0,0,NULL,100002,1093,LT,0,1,104142,201019110324,2020-10-19,140133,2025-03-12 08:47:52.000,0,NULL,NULL,2018-03-15,1709949393WhatsApp_Image_2024-03-09_at_08_36_09.jpeg,1709949393WhatsApp_Image_2024-03-09_at_08_36_09_thumb.jpeg,/assets/uploads/assetsre/ap/,0,0,
804,,00804-FUR-MK-CFS-PTRE-13,Meja Kerja,CFS,UNO,WARNA CREAM HPL PANJANG 120 CM X 60 CM,0,105014,0,0,NULL,100002,1093,LT,0,1,124252,201019110404,2020-10-19,140133,2025-03-12 08:48:04.000,0,NULL,NULL,2018-03-15,1709949355WhatsApp_Image_2024-03-09_at_08_36_09.jpeg,1709949355WhatsApp_Image_2024-03-09_at_08_36_09_thumb.jpeg,/assets/uploads/assetsre/ap/,0,0,
805,,00805-FUR-MK-CFS-PTRE-13,Meja Kerja,CFS,UNO,WARNA CREAM HPL PANJANG 120 CM X 60 CM,0,105014,0,0,NULL,100002,1093,LT,0,1,104136,201019110425,2020-10-19,140133,2025-03-12 08:48:13.000,0,NULL,NULL,2018-03-15,1709949316WhatsApp_Image_2024-03-09_at_08_36_09.jpeg,1709949316WhatsApp_Image_2024-03-09_at_08_36_09_thumb.jpeg,/assets/uploads/assetsre/ap/,0,0,
806,,00806-FUR-MK-CFS-PTRE-13,Meja Kerja,CFS,UNO,WARNA CREAM HPL PANJANG 120 CM X 60 CM,0,105014,0,0,NULL,100002,1093,LT,0,1,104160,201019110658,2020-10-19,140133,2025-03-12 08:48:21.000,0,NULL,NULL,2018-03-15,1709949282WhatsApp_Image_2024-03-09_at_08_36_09.jpeg,1709949282WhatsApp_Image_2024-03-09_at_08_36_09_thumb.jpeg,/assets/uploads/assetsre/ap/,0,0,
807,,00807-FUR-MK-CFS-PTRE-13,Meja Kerja,CFS,UNO,WARNA CREAM HPL PANJANG 120 CM X 60 CM,0,105014,0,0,NULL,100002,1093,LT,0,1,315918,201019110743,2020-10-19,140133,2025-03-12 08:48:31.000,0,NULL,NULL,2018-03-15,1709949247WhatsApp_Image_2024-03-09_at_08_36_09.jpeg,1709949247WhatsApp_Image_2024-03-09_at_08_36_09_thumb.jpeg,/assets/uploads/assetsre/ap/,0,0,
808,,00808-FUR-MK-CFS-PTRE-13,Meja Kerja,CFS,UNO,WARNA CREAM HPL PANJANG 120 CM X 60 CM,0,105014,0,0,NULL,100002,1093,LT,0,1,073815,201019110816,2020-10-19,140133,2025-03-12 08:48:50.000,0,NULL,NULL,2018-03-15,1709949211WhatsApp_Image_2024-03-09_at_08_36_09.jpeg,1709949211WhatsApp_Image_2024-03-09_at_08_36_09_thumb.jpeg,/assets/uploads/assetsre/ap/,0,0,
809,,00809-FUR-MK-CFS-PTRE-13,Meja Kerja,CFS,UNO,WARNA CREAM HPL PANJANG 120 CM X 60 CM,0,105014,0,0,NULL,100002,1093,LT,0,1,114212,201019110843,2020-10-19,140133,2025-03-12 08:49:13.000,0,NULL,NULL,2018-03-15,1709949171WhatsApp_Image_2024-03-09_at_08_36_09.jpeg,1709949171WhatsApp_Image_2024-03-09_at_08_36_09_thumb.jpeg,/assets/uploads/assetsre/ap/,0,0,
810,,00810-FUR-MK-CFS-PTRE-13,Meja Kerja,CFS,UNO,WARNA CREAM HPL PANJANG 120 CM X 60 CM,0,105014,0,0,NULL,100002,1093,LT,0,1,316518,201019111042,2020-10-19,140133,2025-03-12 08:49:56.000,0,NULL,NULL,2018-03-15,1709949137WhatsApp_Image_2024-03-09_at_08_36_09.jpeg,1709949137WhatsApp_Image_2024-03-09_at_08_36_09_thumb.jpeg,/assets/uploads/assetsre/ap/,0,0,
811,,00811-FUR-MK-CFS-PTRE-13,Meja Kerja,CFS,UNO,WARNA CREAM HPL PANJANG 120 CM X 60 CM,0,105014,0,0,NULL,100002,1093,LT,0,1,184695,201019111153,2020-10-19,140133,2025-03-12 08:50:05.000,0,NULL,NULL,2018-03-15,1709949096WhatsApp_Image_2024-03-09_at_08_36_09.jpeg,1709949096WhatsApp_Image_2024-03-09_at_08_36_09_thumb.jpeg,/assets/uploads/assetsre/ap/,0,0,
812,,00812-FUR-MK-CFS-PTRE-13,Meja Kerja,CFS,UNO,WARNA CREAM HPL PANJANG 120 CM X 60 CM,0,105014,0,0,NULL,100002,1093,LT,0,1,194723,201019111727,2020-10-19,140133,2025-03-12 08:50:16.000,0,NULL,NULL,2018-03-15,1709949049WhatsApp_Image_2024-03-09_at_08_36_09.jpeg,1709949049WhatsApp_Image_2024-03-09_at_08_36_09_thumb.jpeg,/assets/uploads/assetsre/ap/,0,0,
813,,00813-FUR-MK-CFS-PTRE-13,Meja Kerja,CFS,UNO,WARNA CREAM HPL PANJANG 120 CM X 60 CM,0,105014,0,0,NULL,100002,1093,LT,0,1,300319,201019111757,2020-10-19,140133,2025-03-12 08:50:29.000,0,NULL,NULL,2018-03-15,1709949004WhatsApp_Image_2024-03-09_at_08_36_09.jpeg,1709949004WhatsApp_Image_2024-03-09_at_08_36_09_thumb.jpeg,/assets/uploads/assetsre/ap/,0,0,
814,,00814-FUR-MK-CFS-PTRE-13,Meja Kerja,CFS,UNO,WARNA CREAM HPL PANJANG 120 CM X 60 CM,0,105014,0,0,NULL,100002,1093,LT,0,1,184647,201019111840,2020-10-19,140133,2025-03-12 08:50:44.000,0,NULL,NULL,2018-03-15,1709948939WhatsApp_Image_2024-03-09_at_08_36_09.jpeg,1709948939WhatsApp_Image_2024-03-09_at_08_36_09_thumb.jpeg,/assets/uploads/assetsre/ap/,0,0,
815,,00815-FUR-MK-CFS-PTRE-13,Meja Kerja,CFS,UNO,WARNA CREAM HPL PANJANG 120 CM X 60 CM,0,105014,0,0,NULL,100002,1093,LT,0,1,194774,201019112015,2020-10-19,140133,2025-03-12 08:51:08.000,0,NULL,NULL,2018-03-15,1709948885WhatsApp_Image_2024-03-09_at_08_36_09.jpeg,1709948885WhatsApp_Image_2024-03-09_at_08_36_09_thumb.jpeg,/assets/uploads/assetsre/ap/,0,0,
816,,00816-FUR-MK-CFS-PTRE-13,Meja Kerja,CFS,UNO,WARNA CREAM HPL PANJANG 120 CM X 60 CM,0,105014,0,0,NULL,100002,1093,LT,0,1,194826,201019112045,2020-10-19,140133,2025-03-12 08:50:58.000,0,NULL,NULL,2018-03-15,1709948836WhatsApp_Image_2024-03-09_at_08_36_09.jpeg,1709948836WhatsApp_Image_2024-03-09_at_08_36_09_thumb.jpeg,/assets/uploads/assetsre/ap/,0,0,
817,,00817-FUR-MK-CFS-PTRE-13,Meja Kerja,CFS,UNO,WARNA CREAM HPL PANJANG 120 CM X 60 CM,0,105014,0,0,NULL,100002,1093,LT,0,1,130083,201019112149,2020-10-19,140133,2025-03-12 08:51:16.000,0,NULL,NULL,2018-03-15,1709948794WhatsApp_Image_2024-03-09_at_08_36_09.jpeg,1709948794WhatsApp_Image_2024-03-09_at_08_36_09_thumb.jpeg,/assets/uploads/assetsre/ap/,0,0,
818,,00818-FUR-MK-CFS-PTRE-13,Meja Kerja,CFS,UNO,WARNA CREAM HPL PANJANG 120 CM X 60 CM,0,105014,0,0,NULL,100002,1093,LT,0,1,194867,201019112222,2020-10-19,130090,2024-03-09 08:45:50.000,0,NULL,NULL,2018-03-15,1709948750WhatsApp_Image_2024-03-09_at_08_36_09.jpeg,1709948750WhatsApp_Image_2024-03-09_at_08_36_09_thumb.jpeg,/assets/uploads/assetsre/ap/,0,0,
819,,00819-FUR-MK-CFS-PTRE-13,Meja Kerja,CFS,UNO,WARNA CREAM HPL PANJANG 120 CM X 60 CM,0,105014,0,0,NULL,100002,1093,LT,0,1,306817,201019112244,2020-10-19,130090,2024-03-09 08:44:52.000,0,NULL,NULL,2018-03-15,1709948692WhatsApp_Image_2024-03-09_at_08_36_09.jpeg,1709948692WhatsApp_Image_2024-03-09_at_08_36_09_thumb.jpeg,/assets/uploads/assetsre/ap/,0,0,
820,,00820-FUR-MK-CFS-PTRE-13,Meja Kerja,CFS,UNO,WARNA CREAM HPL,0,105014,0,0,NULL,100002,1093,LT,0,1,306817,201019112313,2020-10-19,130090,2024-03-09 08:43:12.000,0,NULL,NULL,2018-03-15,1709948592WhatsApp_Image_2024-03-09_at_08_36_09.jpeg,1709948592WhatsApp_Image_2024-03-09_at_08_36_09_thumb.jpeg,/assets/uploads/assetsre/ap/,0,0,
821,,00821-FUR-MK-CFS-PTRE-13,Meja Kerja,CFS,UNO,WARNA CREAM HPL,0,105014,0,0,NULL,100002,1093,LT,0,1,194777,201019112352,2020-10-19,140133,2025-03-12 08:51:27.000,0,NULL,NULL,2018-03-15,1709948537WhatsApp_Image_2024-03-09_at_08_36_09.jpeg,1709948537WhatsApp_Image_2024-03-09_at_08_36_09_thumb.jpeg,/assets/uploads/assetsre/ap/,0,0,
822,,00822-FUR-MK-CFS-PTRE-13,Meja Kerja,CFS,UNO,Meja Kerja Cream,0,101036,0,0,23-1131109,100002,9,LT,0,0,NULL,NULL,NULL,140133,2024-09-20 10:00:41.000,0,NULL,NULL,2018-03-15,1726801241MEJA_KERJA_DEPT.jpeg,1726801241MEJA_KERJA_DEPT_thumb.jpeg,/assets/uploads/assetsre/ap/,0,0,
823,,00823-FUR-MK-CFS-PTRE-13,Meja Kerja,CFS,UNO,Meja Kerja Cream,0,101036,0,0,23-1131109,100002,9,LT,0,0,NULL,NULL,NULL,140133,2024-09-20 10:01:03.000,0,NULL,NULL,2018-03-15,1726801263MEJA_KERJA_DEPT.jpeg,1726801263MEJA_KERJA_DEPT_thumb.jpeg,/assets/uploads/assetsre/ap/,0,0,
824,,00824-FUR-MK-CFS-PTRE-13,Meja Kerja,CFS,UNO,Meja Kerja Cream,0,102012,0,0,NULL,100002,9,LT,0,0,NULL,NULL,NULL,130090,2023-06-14 10:07:25.000,1,140133,2024-08-08 13:46:02.000,2018-03-15,1601610124meja_cream.jpg,1601610124meja_cream_thumb.jpg,/assets/uploads/assetsre/ap/,0,0,
825,,00825-FUR-MK-CFS-PTRE-13,Meja Kerja,CFS,UNO,Meja Kerja Cream,0,101036,0,0,23-1131109,100002,9,LT,0,0,NULL,NULL,NULL,140133,2024-09-20 10:00:49.000,0,NULL,NULL,2018-03-15,1726801249MEJA_KERJA_DEPT.jpeg,1726801249MEJA_KERJA_DEPT_thumb.jpeg,/assets/uploads/assetsre/ap/,0,0,
826,,00826-FUR-MK-CFS-PTRE13,Meja Kerja,CFS,UNO,Meja kerja Cream,0,101036,0,0,23-1131109,100002,9,LT,0,0,NULL,NULL,NULL,140133,2024-09-20 10:00:52.000,0,NULL,NULL,2018-03-15,1726801252MEJA_KERJA_DEPT.jpeg,1726801252MEJA_KERJA_DEPT_thumb.jpeg,/assets/uploads/assetsre/ap/,0,0,
827,,00827-FUR-MK-CFS-PTRE-13,Meja Kerja,CFS,UNO,meja Kerja Cream,0,101036,0,0,23-1131109,100002,9,LT,0,0,NULL,NULL,NULL,140133,2024-09-20 10:01:10.000,0,NULL,NULL,2018-03-15,1726801270MEJA_KERJA_DEPT.jpeg,1726801270MEJA_KERJA_DEPT_thumb.jpeg,/assets/uploads/assetsre/ap/,0,0,
828,,00828-FUR-MK-CFS-PTRE-13,Meja Kerja,CFS,UNO,WARNA CREAM,0,104008,0,0,NULL,100002,80,LT,0,1,303617,201019020825,2020-10-19,140133,2024-07-31 14:42:34.000,0,NULL,NULL,2018-03-15,1602730871meja_cream.jpg,1602730871meja_cream_thumb.jpg,/assets/uploads/assetsre/ap/,0,1,
829,,00829-FUR-MK-CFS-PTRE-13,Meja Kerja,CFS,UNO,WARNA CREAM,0,104008,0,0,NULL,100002,80,LT,0,1,306217,201019020851,2020-10-19,130090,2020-10-15 10:02:15.000,1,140133,2024-07-31 14:44:10.000,2018-03-15,1602730935meja_cream.jpg,1602730935meja_cream_thumb.jpg,/assets/uploads/assetsre/ap/,0,0,
830,,00830-FUR-MK-CFS-PTRE-13,Meja Kerja,CFS,UNO,warna cream,0,104008,0,0,NULL,100002,80,LT,0,1,104094,201019020949,2020-10-19,140133,2024-07-31 14:43:20.000,0,NULL,NULL,2018-03-15,1602731028meja_cream.jpg,1602731028meja_cream_thumb.jpg,/assets/uploads/assetsre/ap/,0,1,
831,,00831-FURMK-CFS-PTRE-13,Meja Kerja,CFS,UNO,WARNA CREAM,0,104008,0,0,NULL,100002,80,LT,0,1,305217,201019020731,2020-10-19,140133,2024-07-31 14:42:27.000,0,NULL,NULL,2018-03-15,1602730776meja_cream.jpg,1602730776meja_cream_thumb.jpg,/assets/uploads/assetsre/ap/,0,1,
832,,00832-FUR-MK-CFS-PTRE-13,Meja Kerja,CFS,UNO,WARNA CREAM,0,104008,0,0,NULL,100002,80,LT,0,1,300320,201019020651,2020-10-19,140133,2024-07-31 14:42:07.000,0,NULL,NULL,2018-03-15,1602730704meja_cream.jpg,1602730704meja_cream_thumb.jpg,/assets/uploads/assetsre/ap/,0,1,
833,,00833-FUR-MK-CFS-PTRE-13,Meja Kerja,CFS,UNO,WARNA CREAM,0,104008,0,0,NULL,100002,80,LT,0,1,094062,201019020601,2020-10-19,140133,2024-07-31 14:42:55.000,0,NULL,NULL,2018-03-15,1602730633meja_cream.jpg,1602730633meja_cream_thumb.jpg,/assets/uploads/assetsre/ap/,0,1,
834,,00834-FUR-MK-CFS-PTRE-13,Mejai Kerja,CFS,UNO,warna cream,0,104008,0,0,NULL,100002,80,LT,0,1,083933,201019020531,2020-10-19,140133,2024-07-31 14:42:00.000,0,NULL,NULL,2018-03-15,1602730570meja_cream.jpg,1602730570meja_cream_thumb.jpg,/assets/uploads/assetsre/ap/,0,1,
835,,00835-FUR-MK-CFS-PTRE-13,Meja Kerja,CFS,UNO,WARNA CREAM,0,104008,0,0,NULL,100002,80,LT,0,1,184676,201019020433,2020-10-19,140133,2024-07-31 14:40:59.000,0,NULL,NULL,2018-03-15,1602730488meja_cream.jpg,1602730488meja_cream_thumb.jpg,/assets/uploads/assetsre/ap/,0,1,
836,,00836-FUR-MK-CFS-PTRE-13,Meja Kerja,CFS,UNO,warna cream,0,104008,0,0,NULL,100002,80,LT,0,1,023224,201019020350,2020-10-19,140133,2024-07-31 14:40:43.000,0,NULL,NULL,2018-03-15,1602730393meja_cream.jpg,1602730393meja_cream_thumb.jpg,/assets/uploads/assetsre/ap/,0,1,
837,,00837-FUR-MK-CFS-PTRE-13,Meja Kerja,CFS,UNO,WARNA CREAM,0,102012,0,0,NULL,100002,80,LT,0,0,NULL,NULL,NULL,130090,2020-10-15 09:01:56.000,1,140133,2024-08-08 13:46:02.000,2018-03-15,1602727316meja_cream.jpg,1602727316meja_cream_thumb.jpg,/assets/uploads/assetsre/ap/,0,0,
838,,00838-FUR-MK-CFS-PTRE-13,Meja Kerja,CFS,UNO,WARNA CREAM,0,104012,0,0,NULL,100002,80,LT,0,1,063614,201019020149,2020-10-19,130090,2024-03-12 23:14:21.000,0,NULL,NULL,2018-03-15,1710235301WhatsApp_Image_2024-03-09_at_10_13_59.jpeg,1710235301WhatsApp_Image_2024-03-09_at_10_13_59_thumb.jpeg,/assets/uploads/assetsre/ap/,0,1,
839,,00839-FUR-MK-CFS-PTRE-13,Meja Kerja,CFS,UNO,WARNA CREAM,0,104012,0,0,NULL,100002,80,LT,0,1,073752,201019020107,2020-10-19,130090,2024-03-12 23:14:31.000,0,NULL,NULL,2018-03-15,1710235281WhatsApp_Image_2024-03-09_at_10_13_59.jpeg,1710235281WhatsApp_Image_2024-03-09_at_10_13_59_thumb.jpeg,/assets/uploads/assetsre/ap/,0,1,
841,,00841-FUR-MK-CFS-PTRE-13,Meja Kerja,CFS,UNO,WARNA CREAM,0,104012,0,0,NULL,100002,80,LT,0,1,083943,201019021049,2020-10-19,255578,2026-05-29 10:00:03.000,0,NULL,NULL,2018-03-15,1710235265WhatsApp_Image_2024-03-09_at_10_13_59.jpeg,1710235265WhatsApp_Image_2024-03-09_at_10_13_59_thumb.jpeg,/assets/uploads/assetsre/ap/,0,0,
842,,00842-FUR-MK-CFS-PTRE-13,Meja Kerja,CFS,UNO,WARNA CREAM,0,104012,0,0,NULL,100002,80,LT,0,1,073833,201019021130,2020-10-19,130090,2024-03-12 16:20:49.000,0,NULL,NULL,2018-03-15,1710235249WhatsApp_Image_2024-03-09_at_10_13_59.jpeg,1710235249WhatsApp_Image_2024-03-09_at_10_13_59_thumb.jpeg,/assets/uploads/assetsre/ap/,0,0,
843,,00843-FUR-MK-CFS-PTRE-13,Meja Kerja,CFS,UNO,WARNA CREAM,0,104012,0,0,NULL,100002,80,LT,0,1,083913,201019021202,2020-10-19,130090,2024-03-12 16:20:33.000,0,NULL,NULL,2018-03-15,1710235233WhatsApp_Image_2024-03-09_at_10_13_59.jpeg,1710235233WhatsApp_Image_2024-03-09_at_10_13_59_thumb.jpeg,/assets/uploads/assetsre/ap/,0,0,
844,,00844-FUR-KK-CFS-PTRE-16,Meja Kerja,CFS,UNO,WARNA CREAM,0,104012,0,0,NULL,100002,80,LT,0,1,104156,201019021238,2020-10-19,130090,2024-03-12 16:20:14.000,0,NULL,NULL,2018-03-15,1710235214WhatsApp_Image_2024-03-09_at_10_13_59.jpeg,1710235214WhatsApp_Image_2024-03-09_at_10_13_59_thumb.jpeg,/assets/uploads/assetsre/ap/,0,0,
845,,00845-FUR-MK-CFS-PTRE-13,Meja Kerja,CFS,UNO,WARNA CREAM,0,104012,0,0,NULL,100002,80,LT,0,1,073865,201019021315,2020-10-19,130090,2024-03-12 16:19:58.000,0,NULL,NULL,2018-03-15,1710235198WhatsApp_Image_2024-03-09_at_10_13_59.jpeg,1710235198WhatsApp_Image_2024-03-09_at_10_13_59_thumb.jpeg,/assets/uploads/assetsre/ap/,0,0,
846,,00846-FUR-MK-CFS-PTRE-13,Meja Kerja,CFS,UNO,Warna Cream,0,104012,0,0,NULL,100002,80,LT,0,1,304317,201019021344,2020-10-19,130090,2024-03-12 16:19:33.000,0,NULL,NULL,2018-03-15,1710235173WhatsApp_Image_2024-03-09_at_10_13_59.jpeg,1710235173WhatsApp_Image_2024-03-09_at_10_13_59_thumb.jpeg,/assets/uploads/assetsre/ap/,0,0,
847,,00847-FUR-MK-CFS-PTRE-13,Meja Kerja,CFS,UNO,Warna Cream,0,104012,0,0,NULL,100002,80,LT,0,1,124310,201019021449,2020-10-19,130090,2024-03-12 16:19:15.000,0,NULL,NULL,2018-03-15,1710235155WhatsApp_Image_2024-03-09_at_10_13_59.jpeg,1710235155WhatsApp_Image_2024-03-09_at_10_13_59_thumb.jpeg,/assets/uploads/assetsre/ap/,0,0,
848,,00848-FUR-MK-CFS-PTRE-13,Meja Kerja,CFS,UNO,Warna Cream,0,104012,0,0,NULL,100002,80,LT,0,1,124274,201019021518,2020-10-19,130090,2024-03-12 16:18:55.000,0,NULL,NULL,2018-03-15,1710235135WhatsApp_Image_2024-03-09_at_10_13_59.jpeg,1710235135WhatsApp_Image_2024-03-09_at_10_13_59_thumb.jpeg,/assets/uploads/assetsre/ap/,0,0,
849,,00849-FUR-MK-CFS-PTRE-13,Meja Kerja,CFS,UNO,Warna Cream,0,104012,0,0,NULL,100002,80,LT,0,1,124328,201019021549,2020-10-19,130090,2024-03-12 16:18:25.000,0,NULL,NULL,2018-03-15,1710235105WhatsApp_Image_2024-03-09_at_10_13_59.jpeg,1710235105WhatsApp_Image_2024-03-09_at_10_13_59_thumb.jpeg,/assets/uploads/assetsre/ap/,0,0,
850,,00850-FUR-Mk-CFS-PTRE-13,Meja Kerja,CFS,UNO,WARN CREAM,0,104012,0,0,NULL,100002,80,LT,0,1,144514,201019021618,2020-10-19,130090,2024-03-12 16:18:06.000,0,NULL,NULL,2018-03-15,1710235086WhatsApp_Image_2024-03-09_at_10_13_59.jpeg,1710235086WhatsApp_Image_2024-03-09_at_10_13_59_thumb.jpeg,/assets/uploads/assetsre/ap/,0,0,
851,,00851-FUR-MK-CFS-PTRE-13,Meja Kerja,CFS,UNO,WARNA CREAM,0,104012,0,0,NULL,100002,80,LT,0,1,094081,201019021657,2020-10-19,130090,2024-03-12 16:17:48.000,0,NULL,NULL,2018-03-15,1710235068WhatsApp_Image_2024-03-09_at_10_13_59.jpeg,1710235068WhatsApp_Image_2024-03-09_at_10_13_59_thumb.jpeg,/assets/uploads/assetsre/ap/,0,0,
852,,00852-FUR-MK-CFS-PTRE-13,Meja Kerja,CFS,UNO,Warna Cream,0,104012,0,0,NULL,100002,80,LT,0,1,063707,201019021742,2020-10-19,130090,2024-03-12 16:17:28.000,0,NULL,NULL,2018-03-15,1710235048WhatsApp_Image_2024-03-09_at_10_13_59.jpeg,1710235048WhatsApp_Image_2024-03-09_at_10_13_59_thumb.jpeg,/assets/uploads/assetsre/ap/,0,0,
853,,00853-FUR-MK-CFS-PTRE-13,Meja Kerja,CFS,UNO,Warna Cream,0,104012,0,0,NULL,100002,80,LT,0,1,023208,201019021813,2020-10-19,130090,2024-03-12 16:17:11.000,0,NULL,NULL,2018-03-15,1710235031WhatsApp_Image_2024-03-09_at_10_13_59.jpeg,1710235031WhatsApp_Image_2024-03-09_at_10_13_59_thumb.jpeg,/assets/uploads/assetsre/ap/,0,0,
854,,00854-FUR-MK-CFS-PTRE-13,Meja Kerja,CFS,UNO,WARNA CREAM,0,104012,0,0,NULL,100002,80,LT,0,1,023010,201019021837,2020-10-19,130090,2024-03-12 16:16:39.000,0,NULL,NULL,2018-03-15,1710234999WhatsApp_Image_2024-03-09_at_10_13_59.jpeg,1710234999WhatsApp_Image_2024-03-09_at_10_13_59_thumb.jpeg,/assets/uploads/assetsre/ap/,0,0,
855,,00855-FUR-MK-CFS-PTRE-13,Meja Kerja,CFS,UNO,WARNA CREAM,0,104012,0,0,NULL,100002,80,LT,0,1,023215,201019021909,2020-10-19,130090,2024-03-12 16:16:20.000,0,NULL,NULL,2018-03-15,1710234980WhatsApp_Image_2024-03-09_at_10_13_59.jpeg,1710234980WhatsApp_Image_2024-03-09_at_10_13_59_thumb.jpeg,/assets/uploads/assetsre/ap/,0,0,
856,,00856-FUR-MK-CFS-PTRE-13,Meja Kerja,CFS,UNO,Meja dan Partisi,0,104012,0,0,23-1131109,100002,9,LT,0,1,308618,201019015527,2020-10-19,140133,2025-02-14 10:51:58.000,0,NULL,NULL,2018-03-15,1710234960WhatsApp_Image_2024-03-09_at_10_13_59.jpeg,1710234960WhatsApp_Image_2024-03-09_at_10_13_59_thumb.jpeg,/assets/uploads/assetsre/ap/,0,0,
857,,00857-FUR-MK-CFS-PTRE-13,Meja Kerja,CFS,UNO,Meja dan Partisi,0,104012,0,0,23-1131109,100002,9,LT,0,1,083914,201019015608,2020-10-19,140133,2025-02-14 10:52:05.000,0,NULL,NULL,2018-03-15,1710234862WhatsApp_Image_2024-03-09_at_10_13_59.jpeg,1710234862WhatsApp_Image_2024-03-09_at_10_13_59_thumb.jpeg,/assets/uploads/assetsre/ap/,0,0,
858,,00858-FUR-MK-CFS-PTRE-13,Meja Cream,CFS,UNO,Warna Cream,0,104009,0,0,NULL,100002,9,LT,0,0,NULL,NULL,NULL,140133,2024-07-31 14:47:35.000,0,NULL,NULL,2018-03-15,1602641201images_(4).jpg,1602641201images_(4)_thumb.jpg,/assets/uploads/assetsre/ap/,0,1,
859,,00859-FUR-MK-CFS-PTRE-13,Meja Cream,CFS,UNO,Warna Cream,0,104009,0,0,NULL,100002,9,LT,0,0,NULL,NULL,NULL,140133,2024-07-31 14:47:23.000,0,NULL,NULL,2018-03-15,1602641364meja_cream.jpg,1602641364meja_cream_thumb.jpg,/assets/uploads/assetsre/ap/,0,1,
860,,00860-FUR-MK-CFS-PTRE-13,Meja Cream,CFS,UNO,Warna Cream,0,102012,0,0,NULL,100002,9,LT,0,0,NULL,NULL,NULL,130090,2020-10-14 09:11:08.000,1,140133,2024-08-08 13:46:02.000,2018-03-15,1602641468images_(4).jpg,1602641468images_(4)_thumb.jpg,/assets/uploads/assetsre/ap/,0,0,
862,,00862-FUR-MK-CFS-PTRE-13,Meja Cream,CFS,UNO,Warna Cream,0,104009,0,0,NULL,100002,9,LT,0,0,NULL,NULL,NULL,140133,2024-07-31 14:47:09.000,0,NULL,NULL,2018-03-15,1602642998images_(4).jpg,1602642998images_(4)_thumb.jpg,/assets/uploads/assetsre/ap/,0,1,
863,,00863-FUR-MK-CFS-PTRE-13,Meja Kerja,CFS,UNO,Warna Cream,0,104012,0,0,23-1131109,100002,80,LT,0,0,NULL,NULL,NULL,140133,2025-02-14 10:52:13.000,0,NULL,NULL,2018-03-15,1710234819WhatsApp_Image_2024-03-09_at_10_13_59.jpeg,1710234819WhatsApp_Image_2024-03-09_at_10_13_59_thumb.jpeg,/assets/uploads/assetsre/ap/,0,0,
864,,00864-FUR-mk-CFS-PTRE-13,Meja Kerja,CFS,UNO,Warna Cream,0,104012,0,0,23-1131109,100002,80,LT,0,0,NULL,NULL,NULL,140133,2025-02-14 10:52:21.000,0,NULL,NULL,2018-03-15,1710234799WhatsApp_Image_2024-03-09_at_10_13_59.jpeg,1710234799WhatsApp_Image_2024-03-09_at_10_13_59_thumb.jpeg,/assets/uploads/assetsre/ap/,0,0,
865,,00865-FUR-MK-CFS-PTRE-13,Meja Kerja,CFS,UNO,Warna Cream,0,104012,0,0,23-1131109,100002,80,LT,0,0,NULL,NULL,NULL,140133,2025-02-14 10:52:28.000,0,NULL,NULL,2018-03-15,1710234779WhatsApp_Image_2024-03-09_at_10_13_59.jpeg,1710234779WhatsApp_Image_2024-03-09_at_10_13_59_thumb.jpeg,/assets/uploads/assetsre/ap/,0,0,
866,,00866-FUR-MK-CFS-PTRE-13,Meja Kerja,CFS,UNO,Warna Cream,0,104012,0,0,23-1131109,100002,80,LT,0,0,NULL,NULL,NULL,140133,2025-02-14 10:52:35.000,0,NULL,NULL,2018-03-15,1710234750WhatsApp_Image_2024-03-09_at_10_13_59.jpeg,1710234750WhatsApp_Image_2024-03-09_at_10_13_59_thumb.jpeg,/assets/uploads/assetsre/ap/,0,0,
867,,00867-FUR-MK-CFS-PTRE-13,Meja Kerja,CFS,UNO,Warna Cream,0,104012,0,0,23-1131109,100002,80,LT,0,0,NULL,NULL,NULL,140133,2025-02-14 10:53:03.000,0,NULL,NULL,2018-03-15,1710234732WhatsApp_Image_2024-03-09_at_10_13_59.jpeg,1710234732WhatsApp_Image_2024-03-09_at_10_13_59_thumb.jpeg,/assets/uploads/assetsre/ap/,0,0,
868,,00868-FUR-MK-CFS-PTRE-13,MEJA KERJA,CFS,UNO,Warna Cream,0,102012,0,0,NULL,100002,80,LT,0,0,NULL,NULL,NULL,130090,2020-10-19 16:06:28.000,1,140133,2024-08-08 13:46:02.000,2018-03-15,1603098388MEJA_KERJA_PARTISI.jpg,1603098388MEJA_KERJA_PARTISI_thumb.jpg,/assets/uploads/assetsre/ap/,0,0,
869,,00869-FUR-MK-CFS-PTRE-13,Meja Kerja,CFS,UNO,Warna Cream,0,104012,0,0,23-1131109,100002,80,LT,0,0,NULL,NULL,NULL,140133,2025-02-14 10:52:57.000,0,NULL,NULL,2018-03-15,1710234716WhatsApp_Image_2024-03-09_at_10_13_59.jpeg,1710234716WhatsApp_Image_2024-03-09_at_10_13_59_thumb.jpeg,/assets/uploads/assetsre/ap/,0,0,
870,,00870-FUR-MK-CFS-PTRE-13,MEJA KERJA,CFS,UNO,Warna Cream,0,102012,0,0,NULL,100002,80,LT,0,0,NULL,NULL,NULL,130090,2020-10-19 16:08:31.000,1,140133,2024-08-08 13:46:02.000,2018-03-15,1603098511MEJA_KERJA_PARTISI.jpg,1603098511MEJA_KERJA_PARTISI_thumb.jpg,/assets/uploads/assetsre/ap/,0,0,
871,,00871-FUR-MK-CFS-PTRE-13,MEJA KERJA,CFS,UNO,Warna Cream,0,102012,0,0,NULL,100002,80,LT,0,0,NULL,NULL,NULL,130090,2020-10-19 16:09:17.000,1,140133,2024-08-08 13:46:02.000,2018-03-15,1603098557MEJA_KERJA_PARTISI.jpg,1603098557MEJA_KERJA_PARTISI_thumb.jpg,/assets/uploads/assetsre/ap/,0,0,
872,,00872-FUR-MK-CFS-PTRE-13,Meja Kerja,CFS,UNO,Warna Cream,0,104012,0,0,23-1131109,100002,80,LT,0,0,NULL,NULL,NULL,140133,2025-02-14 10:53:11.000,0,NULL,NULL,2018-03-15,1710234700WhatsApp_Image_2024-03-09_at_10_13_59.jpeg,1710234700WhatsApp_Image_2024-03-09_at_10_13_59_thumb.jpeg,/assets/uploads/assetsre/ap/,0,0,
873,,00873-FUR-MK-CFS-PTRE-13,Meja Kerja,CFS,UNO,Warna Cream,0,104012,0,0,23-1131109,100002,80,LT,0,0,NULL,NULL,NULL,130090,2025-11-18 09:57:47.000,0,NULL,NULL,2018-03-15,1710234679WhatsApp_Image_2024-03-09_at_10_13_59.jpeg,1710234679WhatsApp_Image_2024-03-09_at_10_13_59_thumb.jpeg,/assets/uploads/assetsre/ap/,0,0,
874,,00874-FUR-MK-CFS-PTRE-13,MEJA KERJA,CFS,UNO,Warna Cream,0,102012,0,0,NULL,100002,80,LT,0,0,NULL,NULL,NULL,130090,2020-10-19 16:12:56.000,1,140133,2024-08-08 13:46:02.000,2018-03-15,1603098776MEJA_KERJA_PARTISI.jpg,1603098776MEJA_KERJA_PARTISI_thumb.jpg,/assets/uploads/assetsre/ap/,0,0,
875,,00875-FUR-MK-CFS-PTRE-13,MEJA KERJA,CFS,UNO,Warna Cream,0,102012,0,0,NULL,100002,80,LT,0,0,NULL,NULL,NULL,130090,2020-10-19 16:13:51.000,1,140133,2024-08-08 13:46:02.000,2018-03-15,1603098831MEJA_KERJA_PARTISI.jpg,1603098831MEJA_KERJA_PARTISI_thumb.jpg,/assets/uploads/assetsre/ap/,0,0,
876,,00876-FUR-MK-CFS-PTRE-13,Meja Kerja,CFS,UNO,Warna Cream,0,104012,0,0,23-1131109,100002,80,LT,0,0,NULL,NULL,NULL,130090,2025-11-18 09:57:40.000,0,NULL,NULL,2018-03-15,1710234661WhatsApp_Image_2024-03-09_at_10_13_59.jpeg,1710234661WhatsApp_Image_2024-03-09_at_10_13_59_thumb.jpeg,/assets/uploads/assetsre/ap/,0,0,
877,,00877-FUR-MK-CFS-PTRE-13,Meja Kerja,CFS,UNO,Warna Cream,0,104012,0,0,23-1131109,100002,80,LT,0,0,NULL,NULL,NULL,130090,2025-11-18 09:57:31.000,0,NULL,NULL,2018-03-15,1710234642WhatsApp_Image_2024-03-09_at_10_13_59.jpeg,1710234642WhatsApp_Image_2024-03-09_at_10_13_59_thumb.jpeg,/assets/uploads/assetsre/ap/,0,0,
878,,00878-FUR-MK-CFS-PTRE-13,Meja Kerja,CFS,UNO,Warna Cream,0,104012,0,0,23-1131109,100002,80,LT,0,0,NULL,NULL,NULL,130090,2025-11-18 09:57:23.000,0,NULL,NULL,2018-03-15,1710234623WhatsApp_Image_2024-03-09_at_10_13_59.jpeg,1710234623WhatsApp_Image_2024-03-09_at_10_13_59_thumb.jpeg,/assets/uploads/assetsre/ap/,0,0,
879,,00879-FUR-LC-CFS-PTRE-16,Meja Kerja,CFS,UNO,Warna Cream,0,104012,0,0,23-1131109,100002,80,LT,0,0,NULL,NULL,NULL,130090,2025-11-18 09:57:10.000,0,NULL,NULL,2018-03-15,1710234603WhatsApp_Image_2024-03-09_at_10_13_59.jpeg,1710234603WhatsApp_Image_2024-03-09_at_10_13_59_thumb.jpeg,/assets/uploads/assetsre/ap/,0,0,
880,,00880-FUR-MK-CFS-PTRE-13,Meja Kerja,CFS,UNO,Warna Cream,0,104012,0,0,23-1131109,100002,80,LT,0,0,NULL,NULL,NULL,130090,2025-11-18 09:56:59.000,0,NULL,NULL,2018-03-15,1710234585WhatsApp_Image_2024-03-09_at_10_13_59.jpeg,1710234585WhatsApp_Image_2024-03-09_at_10_13_59_thumb.jpeg,/assets/uploads/assetsre/ap/,0,0,
881,,00881-FUR-MK-CFS-PTRE-13,Meja Kerja,CFS,UNO,Warna Cream,0,104012,0,0,23-1131109,100002,80,LT,0,0,NULL,NULL,NULL,130090,2025-11-18 09:56:51.000,0,NULL,NULL,2018-03-15,1710234565WhatsApp_Image_2024-03-09_at_10_13_59.jpeg,1710234565WhatsApp_Image_2024-03-09_at_10_13_59_thumb.jpeg,/assets/uploads/assetsre/ap/,0,0,
882,,00882-FUR-MK-CFS-PTRE-13,Meja Kerja,CFS,UNO,Warna Cream,0,104012,0,0,23-1131109,100002,80,LT,0,0,NULL,NULL,NULL,130090,2025-11-18 09:56:42.000,0,NULL,NULL,2018-03-15,1710234547WhatsApp_Image_2024-03-09_at_10_13_59.jpeg,1710234547WhatsApp_Image_2024-03-09_at_10_13_59_thumb.jpeg,/assets/uploads/assetsre/ap/,0,0,
883,,00883-FUR-MK-CFS-PTRE-13,MEJA KERJA,CFS,UNO,Warna Cream,0,102012,0,0,NULL,100002,80,LT,0,0,NULL,NULL,NULL,130090,2020-10-19 16:23:14.000,1,140133,2024-08-08 13:46:02.000,2018-03-15,1603099394MEJA_KERJA_PARTISI.jpg,1603099394MEJA_KERJA_PARTISI_thumb.jpg,/assets/uploads/assetsre/ap/,0,0,
884,,00884-FUR-MK-CFS-PTRE-13,Meja Kerja,CFS,UNO,Warna Cream,0,104012,0,0,23-1131109,100002,80,LT,0,0,NULL,NULL,NULL,130090,2025-11-18 09:56:31.000,0,NULL,NULL,2018-03-15,1710234524WhatsApp_Image_2024-03-09_at_10_13_59.jpeg,1710234524WhatsApp_Image_2024-03-09_at_10_13_59_thumb.jpeg,/assets/uploads/assetsre/ap/,0,0,
885,,00885-FUR-MK-CFS-PTRE-13,Meja Kerja,CFS,UNO,Meja dan Partisi,0,104012,0,0,23-1131109,100002,80,LT,0,0,NULL,NULL,NULL,130090,2025-11-18 09:56:18.000,0,NULL,NULL,2018-03-15,1710234502WhatsApp_Image_2024-03-09_at_10_13_59.jpeg,1710234502WhatsApp_Image_2024-03-09_at_10_13_59_thumb.jpeg,/assets/uploads/assetsre/ap/,0,0,
911,,00911-FUR-MK-CFS-PTRE-13,Meja Kerja,CFS,UNO,WARNA CREAM,0,102017,0,0,NULL,100002,80,LT,0,0,NULL,NULL,NULL,140133,2024-07-30 13:31:18.000,0,NULL,NULL,2018-03-15,1603351596images_(4).jpg,1603351596images_(4)_thumb.jpg,/assets/uploads/assetsre/ap/,0,1,
913,,00913-FUR-MK-CFS-PTRE-16,Meja Kerja,CFS,UNO,,0,102017,0,0,NULL,100002,80,LT,0,0,NULL,NULL,NULL,140133,2024-07-30 13:31:10.000,0,NULL,NULL,2018-03-15,1603351241images_(4).jpg,1603351241images_(4)_thumb.jpg,/assets/uploads/assetsre/ap/,0,1,
914,,00914-FUR-MK-CFS-PTRE-16,Meja Kerja (120 x 50 x 70),CFS,UNO,Side Desk,0,101034,0,0,23-1131109,100002,80,LT,0,0,NULL,NULL,NULL,255578,2026-09-07 13:20:48.000,0,NULL,NULL,2018-03-15,1603351097images_(4).jpg,1603351097images_(4)_thumb.jpg,/assets/uploads/assetsre/ap/,1,0,
915,,00915-FUR-MK-CFS-PTRE-13,Meja Kerja (120 x 50 x 70),CFS,UNO,,0,101034,0,0,23-1131109,100002,80,LT,0,0,NULL,NULL,NULL,255578,2026-09-07 13:21:22.000,0,NULL,NULL,2018-03-15,1603350925images_(4).jpg,1603350925images_(4)_thumb.jpg,/assets/uploads/assetsre/ap/,1,0,
916,,00916-FUR-MK-CFS-PTRE-16,Meja Kerja,CFS,UNO,WARNA CREAM,0,102017,0,0,NULL,100002,80,LT,0,0,NULL,NULL,NULL,140133,2024-07-30 13:31:56.000,0,NULL,NULL,2018-03-15,1603350583images_(4).jpg,1603350583images_(4)_thumb.jpg,/assets/uploads/assetsre/ap/,0,1,
917,,00917-FUR-MK-CFS-PTRE-16,Meja Kerja,CFS,UNO,WARNA CREAM,0,102017,0,0,NULL,100002,80,LT,0,0,NULL,NULL,NULL,140133,2024-07-30 13:32:39.000,0,NULL,NULL,2018-03-15,1603350500images_(4).jpg,1603350500images_(4)_thumb.jpg,/assets/uploads/assetsre/ap/,0,1,
918,,00918-FUR-MK-CFS-PTRE-13,Meja Kerja,CFS,UNO,WARNA CREAM,0,102017,0,0,NULL,100002,80,LT,0,0,NULL,NULL,NULL,140133,2024-07-30 13:31:29.000,0,NULL,NULL,2018-03-15,1603350425images_(4).jpg,1603350425images_(4)_thumb.jpg,/assets/uploads/assetsre/ap/,0,1,
919,NULL,00919-FUR-MK-CFS-PTRE-16,Meja Kerja ,CFS,UNO,Warna Cokelat,0,102013,0,0,NULL,100002,NULL,LT,0,0,NULL,NULL,NULL,130090,2017-02-27 00:00:00.000,1,140133,2024-08-08 13:44:31.000,2018-03-15,NULL,NULL,NULL,0,0,
920,,00920-FUR-MK-CFS-PTRE-13,Meja Kerja,CFS,UNO,WARNA CREAM,0,102017,0,0,NULL,100002,80,LT,0,0,NULL,NULL,NULL,140133,2024-07-30 13:32:03.000,0,NULL,NULL,2018-03-15,1603350337images_(4).jpg,1603350337images_(4)_thumb.jpg,/assets/uploads/assetsre/ap/,0,1,
921,NULL,00921-FUR-MK-CFS-PTRE-16,Meja Kerja ,CFS,UNO,Warna Cokelat,0,102013,0,0,NULL,100002,NULL,LT,0,0,NULL,NULL,NULL,130090,2017-02-27 00:00:00.000,1,140133,2024-08-08 13:44:31.000,2018-03-15,NULL,NULL,NULL,0,0,
922,,00922-FUR-MK-CFS-PTRE-16,Meja Kerja,CFS,UNO,WARNA CREAM,0,102017,0,0,NULL,100002,80,LT,0,0,NULL,NULL,NULL,140133,2024-07-30 13:31:43.000,0,NULL,NULL,2018-03-15,1603350225images_(4).jpg,1603350225images_(4)_thumb.jpg,/assets/uploads/assetsre/ap/,0,1,
923,,00923-FUR-MK-CFS-PTRE-13,Meja Kerja,CFS,UNO,WARNA CREAM,0,102017,0,0,NULL,100002,80,LT,0,0,NULL,NULL,NULL,140133,2024-07-30 13:33:07.000,0,NULL,NULL,2018-03-15,1603350151images_(4).jpg,1603350151images_(4)_thumb.jpg,/assets/uploads/assetsre/ap/,0,1,
924,,00924-FUR-MK-CFS-PTRE-13,Meja Kerja,CFS,UNO,WARNA CREAM,0,102017,0,0,NULL,100002,80,LT,0,0,NULL,NULL,NULL,140133,2024-07-30 13:31:51.000,0,NULL,NULL,2018-03-15,1603350074images_(4).jpg,1603350074images_(4)_thumb.jpg,/assets/uploads/assetsre/ap/,0,1,
925,NULL,00925-FUR-MK-CFS-PTRE-16,Meja Kerja ,CFS,UNO,Warna Cokelat,0,102013,0,0,NULL,100002,NULL,LT,0,0,NULL,NULL,NULL,130090,2017-02-27 00:00:00.000,1,140133,2024-08-08 13:44:31.000,2018-03-15,NULL,NULL,NULL,0,0,
926,,00926-FUR-MK-CFS-PTRE-13,Meja Kerja,CFS,UNO,WARNA CREAM,0,102017,0,0,NULL,100002,80,LT,0,0,NULL,NULL,NULL,140133,2024-07-30 13:32:17.000,0,NULL,NULL,2018-03-15,1603349991images_(4).jpg,1603349991images_(4)_thumb.jpg,/assets/uploads/assetsre/ap/,0,1,
927,,00927-FUR-MK-CFS-PTRE-13,Meja Kerja,CFS,UNO,WARNA CREAM,0,102017,0,0,NULL,100002,80,LT,0,0,NULL,NULL,NULL,140133,2024-07-30 13:32:11.000,0,NULL,NULL,2018-03-15,1603349915images_(4).jpg,1603349915images_(4)_thumb.jpg,/assets/uploads/assetsre/ap/,0,1,
928,,00928-FUR-MK-CFS-PTRE-13,Meja Kerja,CFS,UNO,WARNA CREAM,0,102017,0,0,NULL,100002,80,LT,0,0,NULL,NULL,NULL,140133,2024-07-30 13:32:54.000,0,NULL,NULL,2018-03-15,1603349808images_(4).jpg,1603349808images_(4)_thumb.jpg,/assets/uploads/assetsre/ap/,0,1,
929,,00929-FUR-MK-CFS-PTRE-16,Meja Kerja,CFS,UNO,MEJA KERJA,0,101045,0,0,23-1131109,100002,80,LT,0,1,245417,260119062041,2026-01-19,140133,2025-03-18 14:11:31.000,0,NULL,NULL,2018-03-15,1603180256unnamed.jpg,1603180256unnamed_thumb.jpg,/assets/uploads/assetsre/ap/,0,0,
930,NULL,00930-FUR-MK-CFS-PTRE-16,Meja Kerja ,CFS,UNO,Warna Cokelat,0,102013,0,0,NULL,100002,NULL,LT,0,0,NULL,NULL,NULL,130090,2017-02-27 00:00:00.000,1,140133,2024-08-08 13:44:31.000,2018-03-15,NULL,NULL,NULL,0,0,
931,,00931-FUR-MK-CFS-PTRE-13,Meja Kerja,CFS,UNO,WARNA CREAM,0,102017,0,0,NULL,100002,80,LT,0,0,NULL,NULL,NULL,140133,2024-07-30 13:33:01.000,0,NULL,NULL,2018-03-15,1603349296images_(4).jpg,1603349296images_(4)_thumb.jpg,/assets/uploads/assetsre/ap/,0,1,
932,,00932-FUR-MK-CFS-PTRE-13,Meja Kerja,CFS,UNO,WARNA CREAM,0,102017,0,0,NULL,100002,80,LT,0,0,NULL,NULL,NULL,140133,2024-07-30 13:32:24.000,0,NULL,NULL,2018-03-15,1603349148images_(4).jpg,1603349148images_(4)_thumb.jpg,/assets/uploads/assetsre/ap/,0,1,
933,NULL,00933-FUR-MK-CFS-PTRE-16,Meja Kerja ,CFS,UNO,Warna Cokelat,0,102013,0,0,NULL,100002,NULL,LT,0,0,NULL,NULL,NULL,130090,2017-02-27 00:00:00.000,1,140133,2024-08-08 13:44:31.000,2018-03-15,NULL,NULL,NULL,0,0,
934,,00934-FUR-MK-CFS-PTRE-13,Meja Kerja,CFS,UNO,WARNA CREAM,0,102017,0,0,NULL,100002,80,LT,0,0,NULL,NULL,NULL,140133,2024-07-30 13:38:41.000,0,NULL,NULL,2018-03-15,1603349622images_(4).jpg,1603349622images_(4)_thumb.jpg,/assets/uploads/assetsre/ap/,0,1,
935,,00935-FUR-MK-CFS-PTRE-13,Meja Kerja,CFS,UNO,WARNA CREAM,0,102017,0,0,NULL,100002,80,LT,0,0,NULL,NULL,NULL,140133,2024-07-30 13:32:30.000,0,NULL,NULL,2018-03-15,1603349523images_(4).jpg,1603349523images_(4)_thumb.jpg,/assets/uploads/assetsre/ap/,0,1,
936,,00936-FUR-MK-CFS-PTRE-13,Meja Kerja,CFS,UNO,WARNA CREAM,0,102017,0,0,NULL,100002,80,LT,0,0,NULL,NULL,NULL,140133,2024-07-30 13:38:13.000,0,NULL,NULL,2018-03-15,1603349417images_(4).jpg,1603349417images_(4)_thumb.jpg,/assets/uploads/assetsre/ap/,0,1,
937,NULL,00937-FUR-MK-CFS-PTRE-16,Meja Kerja ,CFS,UNO,Warna Cokelat,0,102013,0,0,NULL,100002,NULL,LT,0,0,NULL,NULL,NULL,130090,2017-02-27 00:00:00.000,1,140133,2024-08-08 13:44:31.000,2018-03-15,NULL,NULL,NULL,0,0,
938,NULL,00938-FUR-MK-CFS-PTRE-16,Meja Kerja ,CFS,UNO,Warna Cokelat,0,102013,0,0,NULL,100002,NULL,LT,0,0,NULL,NULL,NULL,130090,2017-02-27 00:00:00.000,1,140133,2024-08-08 13:44:31.000,2018-03-15,NULL,NULL,NULL,0,0,
940,,00940-FUR-MK-CFS-PTRE-14,MEJA LIPAT,CFS,FUTURA,Warna PUTIH,0,105007,0,0,NULL,100002,80,LT,0,0,NULL,NULL,NULL,130090,2024-02-28 14:14:27.000,0,NULL,NULL,2018-03-15,1709104467WhatsApp_Image_2024-02-28_at_14_09_23.jpeg,1709104467WhatsApp_Image_2024-02-28_at_14_09_23_thumb.jpeg,/assets/uploads/assetsre/ap/,0,1,
941,NULL,00941-FUR-MK-CFS-PTRE-16,Meja Kerja ,CFS,UNO,Warna Cokelat,0,102013,0,0,NULL,100002,NULL,LT,0,0,NULL,NULL,NULL,130090,2017-02-27 00:00:00.000,1,140133,2024-08-08 13:44:31.000,2018-03-15,NULL,NULL,NULL,0,0,
942,NULL,00942-FUR-MK-CFS-PTRE-16,Meja Kerja ,CFS,UNO,Warna Cokelat,0,102013,0,0,NULL,100002,NULL,LT,0,0,NULL,NULL,NULL,130090,2017-02-27 00:00:00.000,1,140133,2024-08-08 13:44:31.000,2018-03-15,NULL,NULL,NULL,0,0,
943,NULL,00943-FUR-MK-CFS-PTRE-16,Meja Kerja ,CFS,UNO,Warna Cokelat,0,102013,0,0,NULL,100002,NULL,LT,0,0,NULL,NULL,NULL,130090,2017-02-27 00:00:00.000,1,140133,2024-08-08 13:44:31.000,2018-03-15,NULL,NULL,NULL,0,0,
944,NULL,00944-FUR-MK-CFS-PTRE-16,Meja Kerja ,CFS,UNO,Warna Cokelat,0,102013,0,0,NULL,100002,NULL,LT,0,0,NULL,NULL,NULL,130090,2017-02-27 00:00:00.000,1,140133,2024-08-08 13:44:31.000,2018-03-15,NULL,NULL,NULL,0,0,
945,NULL,00945-FUR-MK-CFS-PTRE-16,Meja Kerja ,CFS,UNO,Warna Cokelat,0,102013,0,0,NULL,100002,NULL,LT,0,0,NULL,NULL,NULL,130090,2017-02-27 00:00:00.000,1,140133,2024-08-08 13:44:31.000,2018-03-15,NULL,NULL,NULL,0,0,
946,NULL,00946-FUR-MK-CFS-PTRE-16,Meja Kerja ,CFS,UNO,Warna Cokelat,0,102013,0,0,NULL,100002,NULL,LT,0,0,NULL,NULL,NULL,130090,2017-02-27 00:00:00.000,1,140133,2024-08-08 13:44:31.000,2018-03-15,NULL,NULL,NULL,0,0,
947,NULL,00947-FUR-MK-CFS-PTRE-16,Meja Kerja ,CFS,UNO,Warna Cokelat,0,102013,0,0,NULL,100002,NULL,LT,0,0,NULL,NULL,NULL,130090,2017-02-27 00:00:00.000,1,140133,2024-08-08 13:44:31.000,2018-03-15,NULL,NULL,NULL,0,0,
948,,00948-FUR-MK-CFS-PTRE-13,Meja Kerja,CFS,UNO,MEJA CREAM,0,101040,0,0,23-1131109,100002,80,LT,0,0,NULL,NULL,NULL,140133,2024-09-20 10:00:05.000,0,NULL,NULL,2018-03-15,1726801205MEJA_KERJA.jpeg,1726801205MEJA_KERJA_thumb.jpeg,/assets/uploads/assetsre/ap/,0,0,
967,,00967-FUR-MK-CFS-PTRE-13,MEJA KERJA,CFS,UNO,MEJA CREAM,0,101039,0,0,NULL,100002,80,LT,0,0,NULL,NULL,NULL,140133,2024-07-26 14:40:02.000,0,NULL,NULL,2018-03-15,1603163253unnamed.jpg,1603163253unnamed_thumb.jpg,/assets/uploads/assetsre/ap/,0,1,
986,,00986-FUR-MK-CFS-PTRE-13,Meja Kerja,CFS,UNO,Warna Cream,0,101040,0,0,23-1131109,100002,80,LT,0,0,NULL,NULL,NULL,140133,2025-02-12 17:19:37.000,0,NULL,NULL,2018-03-15,1726801209MEJA_KERJA.jpeg,1726801209MEJA_KERJA_thumb.jpeg,/assets/uploads/assetsre/ap/,0,0,
987,,00987-FUR-MK-CFS-PTRE-13,Meja Kerja,CFS,UNO,Warna Cream,0,101040,0,0,23-1131109,100002,80,LT,0,0,NULL,NULL,NULL,140133,2025-02-12 17:19:31.000,0,NULL,NULL,2018-03-15,1726801202MEJA_KERJA.jpeg,1726801202MEJA_KERJA_thumb.jpeg,/assets/uploads/assetsre/ap/,0,0,
1013,,01013-FUR-MK-CFS-PTRE-14,Meja Kerja,CFS,UNO,,0,101036,0,0,23-1131109,100002,9,LT,0,0,NULL,NULL,NULL,140133,2024-09-20 09:59:56.000,0,NULL,NULL,2018-03-15,1726801196MEJA_KERJA.jpeg,1726801196MEJA_KERJA_thumb.jpeg,/assets/uploads/assetsre/ap/,0,0,
1035,,01035-FUR-MK-CFS-PTRE-14,Meja Kerja,CFS,UNO,Warna Cokelat,0,102015,0,0,23-1131109,100002,1093,LT,0,0,NULL,NULL,NULL,140133,2024-09-20 09:59:52.000,0,NULL,NULL,2018-03-15,1726801192MEJA_KERJA.jpeg,1726801192MEJA_KERJA_thumb.jpeg,/assets/uploads/assetsre/ap/,0,0,
1036,,01036-FUR-MK-CFS-PTRE-14,Meja Kerja,CFS,UNO,Warna Cokelat,0,102015,0,0,23-1131109,100002,1093,LT,0,0,NULL,NULL,NULL,140133,2024-09-20 09:59:41.000,0,NULL,NULL,2018-03-15,1726801181MEJA_KERJA.jpeg,1726801181MEJA_KERJA_thumb.jpeg,/assets/uploads/assetsre/ap/,0,0,
1037,,01037-FUR-MK-CFS-PTRE-14,Meja Kerja,CFS,UNO,Warna Cokelat,0,102015,0,0,23-1131109,100002,1093,LT,0,0,NULL,NULL,NULL,140133,2024-09-20 09:59:26.000,0,NULL,NULL,2018-03-15,1726801166MEJA_KERJA.jpeg,1726801166MEJA_KERJA_thumb.jpeg,/assets/uploads/assetsre/ap/,0,0,
1038,,01038-FUR-MK-CFS-PTRE-14,Meja Kerja,CFS,UNO,"Warna Cream
MEJA TEMPEL",0,112009,0,0,NULL,100002,80,LT,0,0,NULL,NULL,NULL,130090,2024-02-28 11:50:27.000,0,NULL,NULL,2018-03-15,1601883848images_(4).jpg,1601883848images_(4)_thumb.jpg,/assets/uploads/assetsre/ap/,1,1,
1039,,01039-FUR-MK-CFS-PTRE-14,Meja Kerja,CFS,UNO,"Warna Cream
MEJA TEMPEL",0,112009,0,0,NULL,100002,80,LT,0,1,194737,201019093859,2020-10-19,130090,2024-02-28 11:50:17.000,0,NULL,NULL,2018-03-15,1601883994images_(4).jpg,1601883994images_(4)_thumb.jpg,/assets/uploads/assetsre/ap/,1,1,
1040,,01040-FUR-MK-CFS-PTRE-14,Meja Kerja,CFS,UNO,"Warna Cream
MEJA TEMPEL",0,112009,0,0,NULL,100002,80,LT,0,0,NULL,NULL,NULL,130090,2024-02-28 11:50:04.000,0,NULL,NULL,2018-03-15,1601884059images_(4).jpg,1601884059images_(4)_thumb.jpg,/assets/uploads/assetsre/ap/,1,1,
1041,,01041-FUR-MK-CFS-PTRE-14,Meja Kerja,CFS,UNO,"Warna Cream
MEJA TEMPEL",0,112009,0,0,NULL,100002,80,LT,0,1,114200,201019090058,2020-10-19,130090,2024-02-28 11:49:55.000,0,NULL,NULL,2018-03-15,1601884110images_(4).jpg,1601884110images_(4)_thumb.jpg,/assets/uploads/assetsre/ap/,1,1,
1042,,01042-FUR-MK-CFS-PTRE-14,Meja Kerja,CFS,UNO,"Warna Cream
MEJA TEMPEL",0,112009,0,0,NULL,100002,80,LT,0,1,194849,201019091742,2020-10-19,130090,2024-02-28 11:49:48.000,0,NULL,NULL,2018-03-15,1601884157images_(4)1.jpg,1601884157images_(4)1_thumb.jpg,/assets/uploads/assetsre/ap/,1,1,
1043,,01043-FUR-MK-CFS-PTRE-14,Meja Kerja,CFS,UNO,"Warna Cream
MEJA TEMPEL",0,112009,0,0,NULL,100002,80,LT,0,1,311618,201019091039,2020-10-19,130090,2024-02-28 11:49:39.000,0,NULL,NULL,2018-03-15,1601884206images_(4).jpg,1601884206images_(4)_thumb.jpg,/assets/uploads/assetsre/ap/,1,1,
1044,,01044-FUR-MK-CFS-PTRE-14,Meja Kerja,CFS,UNO,"Warna Cream
MEJA TEMPEL",0,112009,0,0,NULL,100002,80,LT,0,1,134408,201019094103,2020-10-19,130090,2024-02-28 11:49:31.000,0,NULL,NULL,2018-03-15,1601884612images_(4).jpg,1601884612images_(4)_thumb.jpg,/assets/uploads/assetsre/ap/,1,1,
1045,,01045-FUR-MK-CFS-PTRE-14,Meja Kerja,CFS,UNO,"Warna Cream
MEJA TEMPEL",0,112009,0,0,NULL,100002,80,LT,0,1,194779,201019091112,2020-10-19,130090,2024-02-28 11:49:23.000,0,NULL,NULL,2018-03-15,1601884584images_(4).jpg,1601884584images_(4)_thumb.jpg,/assets/uploads/assetsre/ap/,1,1,
1046,,01046-FUR-MK-CFS-PTRE-14,Meja Kerja,CFS,UNO,"Warna Cream
MEJA TEMPEL",0,112009,0,0,NULL,100002,80,LT,0,1,114229,201019094243,2020-10-19,130090,2024-02-28 11:49:13.000,0,NULL,NULL,2018-03-15,1601884557images_(4).jpg,1601884557images_(4)_thumb.jpg,/assets/uploads/assetsre/ap/,1,1,
1047,,01047-FUR-MK-CFS-PTRE-14,Meja Kerja,CFS,UNO,"Warna Cream
MEJA TEMPEL",0,112009,0,0,NULL,100002,80,LT,0,1,124299,201019091219,2020-10-19,130090,2024-02-28 11:49:05.000,0,NULL,NULL,2018-03-15,1601884530images_(4).jpg,1601884530images_(4)_thumb.jpg,/assets/uploads/assetsre/ap/,1,1,
1048,,01048-FUR-MK-CFS-PTRE-14,Meja Kerja,CFS,UNO,"Warna Cream
MEJA TEMPEL",0,112009,0,0,NULL,100002,80,LT,0,1,310718,201019092825,2020-10-19,130090,2024-02-28 11:48:56.000,0,NULL,NULL,2018-03-15,1601884691images_(4).jpg,1601884691images_(4)_thumb.jpg,/assets/uploads/assetsre/ap/,1,1,
1049,,01049-FUR-MK-CFS-PTRE-14,Meja Kerja,CFS,UNO,"Warna Cream
MEJA TEMPEL",0,112009,0,0,NULL,100002,80,LT,0,1,194822,201019091927,2020-10-19,130090,2024-02-28 11:48:32.000,0,NULL,NULL,2018-03-15,1601884775images_(4).jpg,1601884775images_(4)_thumb.jpg,/assets/uploads/assetsre/ap/,1,1,
1050,,01050-FUR-MK-CFS-PTRE-14,Meja Kerja,CFS,UNO,"Warna Cream
MEJA TEMPEL",0,112009,0,0,NULL,100002,80,LT,0,0,NULL,NULL,NULL,130090,2024-02-28 11:48:24.000,0,NULL,NULL,2018-03-15,1601884851images_(4).jpg,1601884851images_(4)_thumb.jpg,/assets/uploads/assetsre/ap/,1,1,
1051,,01051-FUR-MK-CFS-PTRE-14,Meja Kerja,CFS,UNO,"Warna Cream
MEJA TEMPEL",0,112009,0,0,NULL,100002,80,LT,0,1,134460,201019094648,2020-10-19,130090,2024-02-28 11:48:14.000,0,NULL,NULL,2018-03-15,1601884916images_(4).jpg,1601884916images_(4)_thumb.jpg,/assets/uploads/assetsre/ap/,1,1,
1052,,01052-FUR-MK-CFS-PTRE-14,Meja Kerja,CFS,UNO,"Warna Cream
MEJA TEMPEL",0,112009,0,0,NULL,100002,80,LT,0,0,NULL,NULL,NULL,130090,2024-02-28 11:48:07.000,0,NULL,NULL,2018-03-15,1601884983images_(4).jpg,1601884983images_(4)_thumb.jpg,/assets/uploads/assetsre/ap/,1,1,
1053,,01053-FUR-MK-CFS-PTRE-14,Meja Kerja,CFS,UNO,"Warna Cream
MEJA TEMPEL",0,112009,0,0,NULL,100002,80,LT,0,1,194759,201019094446,2020-10-19,130090,2024-02-28 11:47:58.000,0,NULL,NULL,2018-03-15,1601885052images_(4).jpg,1601885052images_(4)_thumb.jpg,/assets/uploads/assetsre/ap/,1,1,
1054,,01054-FUR-MK-CFS-PTRE-14,Meja Kerja,CFS,UNO,"Warna Cream
MEJA TEMPEL",0,112009,0,0,NULL,100002,80,LT,0,1,124271,201019094516,2020-10-19,130090,2024-02-28 11:47:51.000,0,NULL,NULL,2018-03-15,1601885126images_(4).jpg,1601885126images_(4)_thumb.jpg,/assets/uploads/assetsre/ap/,1,1,
1055,,01055-FUR-MK-CFS-PTRE-14,Meja Kerja,CFS,UNO,"Warna Cream
MEJA TEMPEL",0,112009,0,0,NULL,100002,80,LT,0,0,NULL,NULL,NULL,130090,2024-02-28 11:47:42.000,0,NULL,NULL,2018-03-15,1601885193images_(4).jpg,1601885193images_(4)_thumb.jpg,/assets/uploads/assetsre/ap/,1,1,
1056,,01056-FUR-MK-CFS-PTRE-14,Meja Kerja,CFS,UNO,"Warna Cream
MEJA TEMPEL",0,112009,0,0,NULL,100002,80,LT,0,1,194815,201019092056,2020-10-19,130090,2024-02-28 11:47:34.000,0,NULL,NULL,2018-03-15,1601885257images_(4).jpg,1601885257images_(4)_thumb.jpg,/assets/uploads/assetsre/ap/,1,1,
1057,,01057-FUR-MK-CFS-PTRE-14,Meja Kerja,CFS,UNO,"Warna Cream
MEJA TEMPEL",0,112009,0,0,NULL,100002,80,LT,0,1,104154,201019092401,2020-10-19,130090,2024-02-28 11:47:24.000,0,NULL,NULL,2018-03-15,1601885328images_(4).jpg,1601885328images_(4)_thumb.jpg,/assets/uploads/assetsre/ap/,1,1,
1058,,01058-FUR-MK-CFS-PTRE-14,Meja Kerja,CFS,UNO,"Warna Cream
MEJA TEMPEL",0,112009,0,0,NULL,100002,80,LT,0,1,194755,201019092433,2020-10-19,130090,2024-02-28 11:47:10.000,0,NULL,NULL,2018-03-15,1601885392images_(4).jpg,1601885392images_(4)_thumb.jpg,/assets/uploads/assetsre/ap/,1,1,
1060,,01060-FUR-MK-CFS-PTRE-14,Meja Kerja,CFS,UNO,"Warna Cream
MEJA TEMPEL",0,112009,0,0,NULL,100002,80,LT,0,0,NULL,NULL,NULL,130090,2024-02-28 11:47:02.000,0,NULL,NULL,2018-03-15,1601885523images_(4).jpg,1601885523images_(4)_thumb.jpg,/assets/uploads/assetsre/ap/,1,1,
1061,,01061-FUR-MK-CFS-PTRE-14,Meja Kerja,CFS,UNO,"Warna Cream
MEJA TEMPEL",0,112009,0,0,NULL,100002,80,LT,0,0,NULL,NULL,NULL,130090,2024-02-28 11:46:53.000,0,NULL,NULL,2018-03-15,1601885593images_(4).jpg,1601885593images_(4)_thumb.jpg,/assets/uploads/assetsre/ap/,1,1,
1062,,01062-FUR-MK-CFS-PTRE-14,Meja Kerja,CFS,UNO,"Warna Cream
MEJA TEMPEL",0,112009,0,0,NULL,100002,80,LT,0,0,NULL,NULL,NULL,130090,2024-02-28 11:46:44.000,0,NULL,NULL,2018-03-15,1601885663images_(4).jpg,1601885663images_(4)_thumb.jpg,/assets/uploads/assetsre/ap/,1,1,
1063,,01063-FUR-MK-CFS-PTRE-14,Meja Kerja,CFS,UNO,"Warna Cream
MEJA TEMPEL",0,112009,0,0,NULL,100002,80,LT,0,1,124281,201019092722,2020-10-19,130090,2024-02-28 11:46:36.000,0,NULL,NULL,2018-03-15,1601885741images_(4).jpg,1601885741images_(4)_thumb.jpg,/assets/uploads/assetsre/ap/,1,1,
1064,,01064-FUR-MK-CFS-PTRE-14,Meja Kerja,CFS,UNO,"Warna Cream
MEJA TEMPEL",0,112009,0,0,NULL,100002,80,LT,0,1,194869,201019093151,2020-10-19,130090,2024-02-28 11:46:28.000,0,NULL,NULL,2018-03-15,1601885839images_(4).jpg,1601885839images_(4)_thumb.jpg,/assets/uploads/assetsre/ap/,1,1,
1065,,01065-FUR-MK-CFS-PTRE-14,Meja Kerja,CFS,UNO,"Warna Cream
MEJA TEMPEL",0,112009,0,0,NULL,100002,80,LT,0,1,033232,201019093217,2020-10-19,130090,2024-02-28 11:46:20.000,0,NULL,NULL,2018-03-15,1601886204images_(4).jpg,1601886204images_(4)_thumb.jpg,/assets/uploads/assetsre/ap/,1,1,
1066,,01066-FUR-MK-CFS-PTRE-14,Meja Kerja,CFS,UNO,"Warna Cream
MEJA TEMPEL",0,112009,0,0,NULL,100002,80,LT,0,1,033043,201019093240,2020-10-19,130090,2024-02-28 11:46:12.000,0,NULL,NULL,2018-03-15,1601886292images_(4).jpg,1601886292images_(4)_thumb.jpg,/assets/uploads/assetsre/ap/,1,1,
1067,,01067-FUR-MK-CFS-PTRE-14,Meja Kerja,CFS,UNO,"Warna Cream
MEJA TEMPEL",0,112009,0,0,NULL,100002,80,LT,0,1,194901,201019093305,2020-10-19,130090,2024-02-28 11:46:03.000,0,NULL,NULL,2018-03-15,1601886436images_(4).jpg,1601886436images_(4)_thumb.jpg,/assets/uploads/assetsre/ap/,1,1,
1068,,01068-FUR-MK-CFS-PTRE-14,Meja Kerja,CFS,UNO,"Warna Cream
MEJA TEMPEL",0,112009,0,0,NULL,100002,80,LT,0,1,314818,201019095131,2020-10-19,130090,2024-02-28 11:45:54.000,0,NULL,NULL,2018-03-15,1601886627images_(4).jpg,1601886627images_(4)_thumb.jpg,/assets/uploads/assetsre/ap/,1,1,
1069,,01069-FUR-MK-CFS-PTRE-14,Meja Kerja,CFS,UNO,"Warna Cream
MEJA TEMPEL",0,112009,0,0,NULL,100002,80,LT,0,1,194710,201019093402,2020-10-19,130090,2024-02-28 11:45:44.000,0,NULL,NULL,2018-03-15,1601886700images_(4).jpg,1601886700images_(4)_thumb.jpg,/assets/uploads/assetsre/ap/,1,1,
1070,,01070-FUR-MK-CFS-PTRE-14,Meja Kerja,CFS,UNO,"Warna Cream
MEJA TEMPEL",0,112009,0,0,NULL,100002,80,LT,0,1,053527,201019093519,2020-10-19,130090,2024-02-28 11:44:06.000,0,NULL,NULL,2018-03-15,1601886825images_(4).jpg,1601886825images_(4)_thumb.jpg,/assets/uploads/assetsre/ap/,1,1,
1071,,01071-FUR-MK-CFS-PTRE-14,Meja Kerja,CFS,UNO,"Warna Cream
MEJA TEMPEL",0,112009,0,0,NULL,100002,80,LT,0,1,073770,201019093626,2020-10-19,130090,2024-02-28 11:43:54.000,0,NULL,NULL,2018-03-15,1601886898images_(4).jpg,1601886898images_(4)_thumb.jpg,/assets/uploads/assetsre/ap/,1,1,
1098,,01098-FUR-MK-CFS-PTRE-14,Meja Kerja,CFS,MODERA,Warna Abu-abu,0,102016,0,0,23-1131109,100002,80,LT,0,0,NULL,NULL,NULL,140133,2024-09-20 10:14:24.000,0,NULL,NULL,2018-03-15,NULL,NULL,NULL,0,0,
1099,,01099-FUR-MK-CFS-PTRE-14,Meja Kerja,CFS,MODERA,Bundar,0,102016,0,0,23-1131109,100002,80,LT,0,0,NULL,NULL,NULL,140133,2024-09-20 10:13:51.000,0,NULL,NULL,2018-03-15,NULL,NULL,NULL,0,0,
1100,,01100-FUR-MK-CFS-PTRE-14,Meja Kerja,CFS,UNO,Warna Cokelat,0,102016,0,0,23-1131109,100002,1093,LT,0,0,NULL,NULL,NULL,140133,2024-09-20 09:59:30.000,0,NULL,NULL,2018-03-15,1726801170MEJA_KERJA.jpeg,1726801170MEJA_KERJA_thumb.jpeg,/assets/uploads/assetsre/ap/,0,0,
1101,,01101-FUR-MK-CFS-PTRE-14,Meja Kerja,CFS,UNO,Warna Cokelat,0,102016,0,0,23-1131109,100002,1093,LT,0,0,NULL,NULL,NULL,140133,2024-09-20 09:58:55.000,0,NULL,NULL,2018-03-15,1726801135MEJA_KERJA.jpeg,1726801135MEJA_KERJA_thumb.jpeg,/assets/uploads/assetsre/ap/,0,0,
1102,,01102-FUR-MK-CFS-PTRE-14,Meja Kerja,CFS,UNO,Warna Cokelat,0,102016,0,0,23-1131109,100002,1093,LT,0,0,NULL,NULL,NULL,140133,2024-09-20 09:59:34.000,0,NULL,NULL,2018-03-15,1726801174MEJA_KERJA.jpeg,1726801174MEJA_KERJA_thumb.jpeg,/assets/uploads/assetsre/ap/,0,0,
1103,,01103-FUR-MK-CFS-PTRE-14,Meja Kerja,CFS,UNO,Warna Cokelat,0,102016,0,0,23-1131109,100002,1093,LT,0,0,NULL,NULL,NULL,140133,2024-09-20 09:58:41.000,0,NULL,NULL,2018-03-15,1726801121MEJA_KERJA_DEPT.jpeg,1726801121MEJA_KERJA_DEPT_thumb.jpeg,/assets/uploads/assetsre/ap/,0,0,
1104,,01104-FUR-MK-CFS-PTRE-14,Meja Kerja,CFS,UNO,Warna Cokelat,0,102016,0,0,23-1131109,100002,80,LT,0,0,NULL,NULL,NULL,140133,2024-09-20 09:59:02.000,0,NULL,NULL,2018-03-15,1726801142MEJA_KERJA.jpeg,1726801142MEJA_KERJA_thumb.jpeg,/assets/uploads/assetsre/ap/,0,0,
1136,,01136-FUR-MK-CFS-PTRE-12,Meja Kerja,CFS,MODERA,Warna Abu-abu,0,102017,0,0,NULL,100002,80,LT,0,0,NULL,NULL,NULL,140133,2024-07-30 13:38:34.000,0,NULL,NULL,2018-03-15,NULL,NULL,NULL,0,1,
1137,,01137-FUR-MK-CFS-PTRE-14,Meja Kerja,CFS,UNO,Warna Cokelat,0,102017,0,0,NULL,100002,80,LT,0,0,NULL,NULL,NULL,140133,2024-07-30 13:32:47.000,0,NULL,NULL,2018-03-15,NULL,NULL,NULL,0,1,
1138,,01138-FUR-MK-CFS-PTRE-14,Meja Kerja,CFS,UNO,Warna Cokelat,0,102017,0,0,NULL,100002,80,LT,0,0,NULL,NULL,NULL,140133,2024-07-30 13:33:13.000,0,NULL,NULL,2018-03-15,NULL,NULL,NULL,0,1,
1139,,01139-FUR-MK-CFS-PTRE-14,Meja Kerja,CFS,UNO,Warna Cokelat,0,102017,0,0,NULL,100002,80,LT,0,0,NULL,NULL,NULL,140133,2024-07-30 13:38:20.000,0,NULL,NULL,2018-03-15,NULL,NULL,NULL,0,1,
1140,,01140-FUR-MK-CFS-PTRE-14,Meja Kerja,CFS,UNO,Warna Cokelat,0,102017,0,0,NULL,100002,9,LT,0,0,NULL,NULL,NULL,140133,2024-07-30 13:38:01.000,0,NULL,NULL,2018-03-15,NULL,NULL,NULL,0,1,
1141,,01141-FUR-MK-CFS-PTRE-14,Meja Kerja,CFS,UNO,Warna Cokelat,0,102017,0,0,NULL,100002,80,LT,0,0,NULL,NULL,NULL,140133,2024-07-30 13:38:28.000,0,NULL,NULL,2018-03-15,NULL,NULL,NULL,0,1,
1142,,01142-FUR-MK-CFS-PTRE-14,Meja Kerja,CFS,UNO,Warna Cokelat,0,102017,0,0,NULL,100002,9,LT,0,0,NULL,NULL,NULL,140133,2024-07-30 13:37:55.000,0,NULL,NULL,2018-03-15,NULL,NULL,NULL,0,1,
1143,,01143-FUR-MK-CFS-PTRE-14,Meja Kerja,CFS,UNO,Warna Cokelat,0,102017,0,0,NULL,100002,9,LT,0,0,NULL,NULL,NULL,140133,2024-07-30 13:37:35.000,0,NULL,NULL,2018-03-15,NULL,NULL,NULL,0,1,
1144,,01144-FUR-MK-CFS-PTRE-14,Meja Kerja,CFS,UNO,Warna Cokelat,0,102017,0,0,NULL,100002,9,LT,0,0,NULL,NULL,NULL,140133,2024-07-30 13:37:28.000,0,NULL,NULL,2018-03-15,NULL,NULL,NULL,0,1,
1145,,01145-FUR-MK-CFS-PTRE-14,Meja Kerja,CFS,UNO,Warna Cokelat,0,102017,0,0,NULL,100002,9,LT,0,0,NULL,NULL,NULL,140133,2024-07-30 13:38:07.000,0,NULL,NULL,2018-03-15,NULL,NULL,NULL,0,1,
1146,,01146-FUR-MK-CFS-PTRE-14,Meja Kerja,CFS,UNO,Warna Cokelat,0,102017,0,0,NULL,100002,9,LT,0,0,NULL,NULL,NULL,140133,2024-07-30 13:37:46.000,0,NULL,NULL,2018-03-15,NULL,NULL,NULL,0,1,
1147,,01147-FUR-MK-CFS-PTRE-14,Meja Kerja,CFS,UNO,Warna Cokelat,0,102017,0,0,NULL,100002,9,LT,0,0,NULL,NULL,NULL,140133,2024-07-30 13:37:16.000,0,NULL,NULL,2018-03-15,NULL,NULL,NULL,0,1,
1148,,01148-FUR-MK-CFS-PTRE-14,Meja Kerja,CFS,UNO,Warna Cokelat,0,102017,0,0,NULL,100002,9,LT,0,0,NULL,NULL,NULL,140133,2024-07-30 13:37:22.000,0,NULL,NULL,2018-03-15,NULL,NULL,NULL,0,1,
1149,,01149-FUR-MK-CFS-PTRE-14,Meja Kerja,CFS,UNO,Warna Cokelat,0,102017,0,0,NULL,100002,9,LT,0,0,NULL,NULL,NULL,140133,2024-07-30 13:36:54.000,0,NULL,NULL,2018-03-15,NULL,NULL,NULL,0,1,
1169,,01169-FUR-MK-CFS-PTRE-13,Meja Kerja,CFS,UNO,WARNA CREAM HPL,0,105014,0,0,NULL,100002,1093,LT,0,1,302616,201019105139,2020-10-19,130090,2024-03-09 08:40:32.000,0,NULL,NULL,2018-03-15,1709948432WhatsApp_Image_2024-03-09_at_08_36_09.jpeg,1709948432WhatsApp_Image_2024-03-09_at_08_36_09_thumb.jpeg,/assets/uploads/assetsre/ap/,0,0,
1170,,01170-FUR-MK-CFS-PTRE-12,Meja Kerja,CFS,UNO,Warna Cokelat,0,103011,0,0,NULL,100002,80,LT,0,0,NULL,NULL,NULL,130090,2020-10-05 09:25:00.000,1,140133,2024-08-05 13:14:26.000,2018-03-15,1601864700meja_coklat.jpg,1601864700meja_coklat_thumb.jpg,/assets/uploads/assetsre/ap/,0,0,
1181,,01181-FUR-MK-CFS-PTRE-12,Meja Kerja,CFS,UNO,MEJA KERJA,0,101045,0,0,23-1131109,100002,80,LT,0,0,NULL,NULL,NULL,140133,2025-03-18 14:11:18.000,0,NULL,NULL,2018-03-15,1726801105MEJA_KERJA_DEPT.jpeg,1726801105MEJA_KERJA_DEPT_thumb.jpeg,/assets/uploads/assetsre/ap/,0,0,
1183,,01183-FUR-MK-CFS-PTRE-12,Meja Kerja,CFS,UNO,Warna HITAM,0,101045,0,0,23-1131109,100002,80,LT,0,1,606718,260119061942,2026-01-19,140133,2025-03-18 14:11:49.000,0,NULL,NULL,2018-03-15,1726801100MEJA_KERJA_DEPT.jpeg,1726801100MEJA_KERJA_DEPT_thumb.jpeg,/assets/uploads/assetsre/ap/,0,0,
1184,,01184-FUR-MK-CFS-PTRE-12,Meja Kerja,CFS,UNO,MEJA KERJA,0,101045,0,0,23-1131109,100002,80,LT,0,1,020036,260119061921,2026-01-19,140133,2025-03-18 14:11:13.000,0,NULL,NULL,2018-03-15,1726801098MEJA_KERJA_DEPT.jpeg,1726801098MEJA_KERJA_DEPT_thumb.jpeg,/assets/uploads/assetsre/ap/,0,0,
1185,,01185-FUR-KK-CFS-PTRE-12,Meja Kerja,CFS,UNO,Warna HITAM,0,101045,0,0,23-1131109,100002,80,LT,0,0,NULL,NULL,NULL,140133,2025-03-18 14:11:05.000,0,NULL,NULL,2018-03-15,1726801090MEJA_KERJA_DEPT.jpeg,1726801090MEJA_KERJA_DEPT_thumb.jpeg,/assets/uploads/assetsre/ap/,0,0,
1187,,01187-FUR-MK-CFS-PTRE-12,Meja Kerja,CFS,UNO,Warna HITAM,0,101045,0,0,23-1131109,100002,80,LT,0,0,NULL,NULL,NULL,140133,2025-03-18 14:11:00.000,0,NULL,NULL,2018-03-15,1726801085MEJA_KERJA_DEPT.jpeg,1726801085MEJA_KERJA_DEPT_thumb.jpeg,/assets/uploads/assetsre/ap/,0,0,
1188,,01188-FUR-MK-CFS-PTRE-12,Meja Kerja,CFS,MODERA,Warna Abu-abu,0,102018,0,0,NULL,100002,9,LT,0,0,NULL,NULL,NULL,140133,2024-07-30 13:48:30.000,0,NULL,NULL,2018-03-15,NULL,NULL,NULL,0,1,
1189,,01189-FUR-MK-CFS-PTRE-14,Meja Kerja,CFS,UNO,Warna Cokelat,0,102018,0,0,NULL,100002,9,LT,0,0,NULL,NULL,NULL,140133,2024-07-30 13:47:53.000,0,NULL,NULL,2018-03-15,NULL,NULL,NULL,0,1,
1190,,01190-FUR-MK-CFS-PTRE-14,Meja Kerja,CFS,UNO,Warna Cokelat,0,102018,0,0,NULL,100002,9,LT,0,0,NULL,NULL,NULL,140133,2024-07-30 13:48:19.000,0,NULL,NULL,2018-03-15,NULL,NULL,NULL,0,1,
1191,,01191-FUR-MK-CFS-PTRE-12,Meja Kerja,CFS,UNO,MEJA KERJA,0,101045,0,0,23-1131109,100002,80,LT,0,1,255578,260119062028,2026-01-19,140133,2025-03-18 14:10:37.000,0,NULL,NULL,2018-03-15,1726801082MEJA_KERJA_DEPT.jpeg,1726801082MEJA_KERJA_DEPT_thumb.jpeg,/assets/uploads/assetsre/ap/,0,0,
1192,,01192-FUR-MK-CFS-PTRE-14,Meja Kerja,CFS,UNO,Warna Cokelat,0,102018,0,0,NULL,100002,9,LT,0,0,NULL,NULL,NULL,140133,2024-07-30 13:48:08.000,0,NULL,NULL,2018-03-15,NULL,NULL,NULL,0,1,
1193,,01193-FUR-MK-CFS-PTRE-14,Meja Kerja,CFS,UNO,Warna Cokelat,0,102018,0,0,NULL,100002,9,LT,0,0,NULL,NULL,NULL,140133,2024-07-30 13:47:59.000,0,NULL,NULL,2018-03-15,NULL,NULL,NULL,0,1,
1194,,01194-FUR-MK-CFS-PTRE-14,Meja Kerja,CFS,UNO,Warna Cokelat,0,102018,0,0,NULL,100002,9,LT,0,0,NULL,NULL,NULL,140133,2024-07-30 13:48:41.000,0,NULL,NULL,2018-03-15,NULL,NULL,NULL,0,1,
1195,,01195-FUR-MK-CFS-PTRE-14,Meja Kerja,CFS,UNO,Warna Cokelat,0,102018,0,0,NULL,100002,9,LT,0,0,NULL,NULL,NULL,140133,2024-07-30 13:48:53.000,0,NULL,NULL,2018-03-15,NULL,NULL,NULL,0,1,
1196,,01196-FUR-MK-CFS-PTRE-14,Meja Kerja,CFS,UNO,Warna Cokelat,0,102018,0,0,NULL,100002,9,LT,0,0,NULL,NULL,NULL,140133,2024-07-30 13:48:25.000,0,NULL,NULL,2018-03-15,NULL,NULL,NULL,0,1,
1197,,01197-FUR-MK-CFS-PTRE-14,Meja Kerja,CFS,UNO,Warna Cokelat,0,102018,0,0,NULL,100002,9,LT,0,0,NULL,NULL,NULL,140133,2024-07-30 13:49:43.000,0,NULL,NULL,2018-03-15,NULL,NULL,NULL,0,1,
1198,,01198-FUR-MK-CFS-PTRE-14,Meja Kerja,CFS,UNO,Warna Cokelat,0,102018,0,0,NULL,100002,9,LT,0,0,NULL,NULL,NULL,140133,2024-07-30 13:48:47.000,0,NULL,NULL,2018-03-15,NULL,NULL,NULL,0,1,
1199,,01199-FUR-MK-CFS-PTRE-14,Meja Kerja,CFS,UNO,Warna Cokelat,0,102018,0,0,NULL,100002,9,LT,0,0,NULL,NULL,NULL,140133,2024-07-30 13:48:59.000,0,NULL,NULL,2018-03-15,NULL,NULL,NULL,0,1,
1200,,01200-FUR-MK-CFS-PTRE-14,Meja Kerja,CFS,UNO,Warna Cokelat,0,102018,0,0,NULL,100002,9,LT,0,0,NULL,NULL,NULL,140133,2024-07-30 13:49:08.000,0,NULL,NULL,2018-03-15,NULL,NULL,NULL,0,1,
1201,,01201-FUR-MK-CFS-PTRE-14,Meja Kerja,CFS,UNO,Warna Cokelat,0,102018,0,0,NULL,100002,9,LT,0,0,NULL,NULL,NULL,140133,2024-07-30 13:50:30.000,0,NULL,NULL,2018-03-15,NULL,NULL,NULL,0,1,
1202,,01202-FUR-MK-CFS-PTRE-14,Meja Kerja,CFS,UNO,Warna Cokelat,0,102018,0,0,NULL,100002,9,LT,0,0,NULL,NULL,NULL,140133,2024-07-30 13:49:20.000,0,NULL,NULL,2018-03-15,NULL,NULL,NULL,0,1,
1203,,01203-FUR-MK-CFS-PTRE-14,Meja Kerja,CFS,UNO,Warna Cokelat,0,102018,0,0,NULL,100002,9,LT,0,0,NULL,NULL,NULL,140133,2024-07-30 13:50:24.000,0,NULL,NULL,2018-03-15,NULL,NULL,NULL,0,1,
1204,,01204-FUR-MK-CFS-PTRE-14,Meja Kerja,CFS,UNO,Warna Cokelat,0,102018,0,0,NULL,100002,9,LT,0,0,NULL,NULL,NULL,140133,2024-07-30 13:49:31.000,0,NULL,NULL,2018-03-15,NULL,NULL,NULL,0,1,
1205,,01205-FUR-MK-CFS-PTRE-14,Meja Kerja,CFS,UNO,Warna Cokelat,0,102018,0,0,NULL,100002,9,LT,0,0,NULL,NULL,NULL,140133,2024-07-30 13:49:53.000,0,NULL,NULL,2018-03-15,NULL,NULL,NULL,0,1,
1206,,01206-FUR-MK-CFS-PTRE-14,Meja Kerja,CFS,UNO,Warna Cokelat,0,102018,0,0,NULL,100002,9,LT,0,0,NULL,NULL,NULL,140133,2024-07-30 13:50:41.000,0,NULL,NULL,2018-03-15,NULL,NULL,NULL,0,1,
1207,,01207-FUR-MK-CFS-PTRE-14,Meja Kerja,CFS,UNO,Warna Cokelat,0,102018,0,0,NULL,100002,9,LT,0,0,NULL,NULL,NULL,140133,2024-07-30 13:50:00.000,0,NULL,NULL,2018-03-15,NULL,NULL,NULL,0,1,
1208,,01208-FUR-MK-CFS-PTRE-14,Meja Kerja,CFS,UNO,Warna Cokelat,0,102018,0,0,NULL,100002,9,LT,0,0,NULL,NULL,NULL,140133,2024-07-30 13:50:46.000,0,NULL,NULL,2018-03-15,NULL,NULL,NULL,0,1,
1209,,01209-FUR-MK-CFS-PTRE-13,Meja Kerja,CFS,UNO,Warna Cream,0,101036,0,0,23-1131109,100002,9,LT,0,0,NULL,NULL,NULL,140133,2024-09-20 09:57:53.000,0,NULL,NULL,2018-03-15,1726801073MEJA_KERJA_DEPT.jpeg,1726801073MEJA_KERJA_DEPT_thumb.jpeg,/assets/uploads/assetsre/ap/,0,0,
1210,,01210-FUR-MK-CFS-PTRE-14,Meja Kerja,CFS,UNO,Warna Cokelat,0,102018,0,0,NULL,100002,9,LT,0,0,NULL,NULL,NULL,140133,2024-07-30 13:51:05.000,0,NULL,NULL,2018-03-15,NULL,NULL,NULL,0,1,
1211,,01211-FUR-MK-CFS-PTRE-14,Meja Kerja,CFS,UNO,Warna Cokelat,0,102018,0,0,NULL,100002,9,LT,0,0,NULL,NULL,NULL,140133,2024-07-30 13:50:35.000,0,NULL,NULL,2018-03-15,NULL,NULL,NULL,0,1,
1212,,01212-FUR-MK-CFS-PTRE-14,Meja Kerja,CFS,UNO,Warna Cokelat,0,102018,0,0,NULL,100002,9,LT,0,0,NULL,NULL,NULL,140133,2024-07-30 13:50:59.000,0,NULL,NULL,2018-03-15,NULL,NULL,NULL,0,1,
1213,,01213-FUR-MK-CFS-PTRE-14,Meja Kerja,CFS,UNO,Warna Cokelat,0,102018,0,0,NULL,100002,9,LT,0,0,NULL,NULL,NULL,140133,2024-07-30 13:52:07.000,0,NULL,NULL,2018-03-15,NULL,NULL,NULL,0,1,
1214,,01214-FUR-MK-CFS-PTRE-14,Meja Kerja,CFS,UNO,Warna Cokelat,0,102018,0,0,NULL,100002,9,LT,0,0,NULL,NULL,NULL,140133,2024-07-30 13:51:55.000,0,NULL,NULL,2018-03-15,NULL,NULL,NULL,0,1,
1215,,01215-FUR-MK-CFS-PTRE-14,Meja Kerja,CFS,UNO,Warna Cokelat,0,102018,0,0,NULL,100002,9,LT,0,0,NULL,NULL,NULL,140133,2024-07-30 13:51:11.000,0,NULL,NULL,2018-03-15,NULL,NULL,NULL,0,1,
1216,,01216-FUR-MK-CFS-PTRE13,Meja Kerja,CFS,UNO,Warna cream,0,101036,0,0,23-1131109,100002,9,LT,0,0,NULL,NULL,NULL,140133,2024-09-20 09:57:44.000,0,NULL,NULL,2018-03-15,1726801064MEJA_KERJA_DEPT.jpeg,1726801064MEJA_KERJA_DEPT_thumb.jpeg,/assets/uploads/assetsre/ap/,0,0,
1217,,01217-FUR-MK-CFS-PTRE-14,Meja Kerja,CFS,UNO,Warna Cokelat,0,102018,0,0,NULL,100002,9,LT,0,0,NULL,NULL,NULL,140133,2024-07-30 13:51:24.000,0,NULL,NULL,2018-03-15,NULL,NULL,NULL,0,1,
1218,,01218-FUR-MK-CFS-PTRE-14,Meja Kerja,CFS,UNO,Warna Cokelat,0,102018,0,0,NULL,100002,9,LT,0,0,NULL,NULL,NULL,140133,2024-07-30 13:51:17.000,0,NULL,NULL,2018-03-15,NULL,NULL,NULL,0,1,
1219,,01219-FUR-MK-CFS-PTRE-14,Meja Kerja,CFS,UNO,Warna Cokelat,0,102018,0,0,NULL,100002,9,LT,0,0,NULL,NULL,NULL,140133,2024-07-30 13:51:31.000,0,NULL,NULL,2018-03-15,NULL,NULL,NULL,0,1,
1220,,01220-FUR-MK-CFS-PTRE-14,Meja Kerja,CFS,UNO,Warna Cokelat,0,102018,0,0,NULL,100002,9,LT,0,0,NULL,NULL,NULL,140133,2024-07-30 13:51:35.000,0,NULL,NULL,2018-03-15,NULL,NULL,NULL,0,1,
1221,,01221-FUR-MK-CFS-PTRE-14,Meja Kerja,CFS,UNO,Warna Cokelat,0,102018,0,0,NULL,100002,9,LT,0,0,NULL,NULL,NULL,140133,2024-07-30 13:51:43.000,0,NULL,NULL,2018-03-15,NULL,NULL,NULL,0,1,
1222,,01222-FUR-MK-CFS-PTRE-14,Meja Kerja,CFS,UNO,Warna Cokelat,0,102018,0,0,NULL,100002,9,LT,0,0,NULL,NULL,NULL,140133,2024-07-30 13:52:19.000,0,NULL,NULL,2018-03-15,NULL,NULL,NULL,0,1,
1223,,01223-FUR-MK-CFS-PTRE-14,Meja Kerja,CFS,UNO,Warna Cokelat,0,102018,0,0,NULL,100002,80,LT,0,0,NULL,NULL,NULL,140133,2024-07-30 13:52:53.000,0,NULL,NULL,2018-03-15,NULL,NULL,NULL,0,1,
1224,,01224-FUR-MK-CFS-PTRE-14,Meja Kerja,CFS,UNO,Warna Cokelat,0,102018,0,0,NULL,100002,9,LT,0,0,NULL,NULL,NULL,140133,2024-07-30 13:51:49.000,0,NULL,NULL,2018-03-15,NULL,NULL,NULL,0,1,
1225,,01225-FUR-MK-CFS-PTRE-14,Meja Kerja,CFS,UNO,Warna Cokelat,0,102018,0,0,NULL,100002,9,LT,0,0,NULL,NULL,NULL,140133,2024-07-30 13:52:13.000,0,NULL,NULL,2018-03-15,NULL,NULL,NULL,0,1,
1229,,01229-FUR-MK-CFS-PTRE-14,MEJA LIPAT,CFS,FUTURA,MEJA LIPAT PUTIH,0,102018,0,0,NULL,100002,80,LT,0,0,NULL,NULL,NULL,140133,2024-07-30 13:52:44.000,0,NULL,NULL,2018-03-15,1601888566MEJA_LIPAT_PUTIH.jpg,1601888566MEJA_LIPAT_PUTIH_thumb.jpg,/assets/uploads/assetsre/ap/,0,1,
1234,,01234-FUR-MK-CFS-PTRE-14,Meja Kerja Lipat,CFS,FUTURA,MEJA LIPAT PUTIH,0,111004,0,0,23-1131109,100002,80,LT,0,0,NULL,NULL,NULL,255578,2026-02-06 09:42:40.000,0,NULL,NULL,2018-03-15,1601888261MEJA_LIPAT_PUTIH.jpg,1601888261MEJA_LIPAT_PUTIH_thumb.jpg,/assets/uploads/assetsre/ap/,0,0,
1236,,01236-FUR-MK-CFS-PTRE-14,MEJA LIPAT,CFS,FUTURA,WARNA PUTIH,0,105012,0,0,NULL,100002,80,LT,0,0,NULL,NULL,NULL,130090,2024-02-16 16:35:10.000,0,NULL,NULL,2018-03-15,1602729368MEJA_LIPAT_PUTIH.jpg,1602729368MEJA_LIPAT_PUTIH_thumb.jpg,/assets/uploads/assetsre/ap/,0,1,
1237,,01237-FUR-MK-CFS-PTRE-14,MEJA LIPAT,CFS,FUTURA,WARNA PUTIH,0,105012,0,0,NULL,100002,80,LT,0,0,NULL,NULL,NULL,130090,2024-02-16 16:34:58.000,0,NULL,NULL,2018-03-15,1602729326MEJA_LIPAT_PUTIH.jpg,1602729326MEJA_LIPAT_PUTIH_thumb.jpg,/assets/uploads/assetsre/ap/,0,1,
1238,,01238-FUR-MK-CFS-PTRE-14,MEJA LIPAT,CFS,FUTURA,MEJA LIPAT PUTIH,0,102018,0,0,NULL,100002,80,LT,0,0,NULL,NULL,NULL,140133,2024-07-30 13:53:35.000,0,NULL,NULL,2018-03-15,1601888625MEJA_LIPAT_PUTIH.jpg,1601888625MEJA_LIPAT_PUTIH_thumb.jpg,/assets/uploads/assetsre/ap/,0,1,
1269,,03961-FUR-MK -CFS-PTRE-14,Meja Lipat Putih,CFS,FULTURA,WARNA PUTIH,0,104011,0,0,23-1131109,100002,9,LT,0,0,NULL,NULL,NULL,140133,2025-03-14 08:34:28.000,1,140133,2025-03-14 08:55:18.000,2018-03-15,1739516706MEJA_LIPAT.jpeg,1739516706MEJA_LIPAT_thumb.jpeg,/assets/uploads/assetsre/ap/,0,0,
1292,,01292-FUR-KK-CFS-PTRE-13,Meja Kerja,CFS,UNO,Warna Cream,0,101037,0,0,NULL,100002,9,LT,0,0,NULL,NULL,NULL,140133,2024-07-30 15:20:49.000,0,NULL,NULL,2018-03-15,1601630303meja_cream.jpg,1601630303meja_cream_thumb.jpg,/assets/uploads/assetsre/ap/,0,1,
1299,,01299-FUR-MK-CFS-PTRE-14,Meja Kerja Lipat,CFS,FUTURA,MEJA LIPAT PUTIH,0,111004,0,0,23-1131109,100002,80,LT,0,0,NULL,NULL,NULL,255578,2026-02-06 09:42:31.000,0,NULL,NULL,2018-03-15,1601888832MEJA_LIPAT_PUTIH.jpg,1601888832MEJA_LIPAT_PUTIH_thumb.jpg,/assets/uploads/assetsre/ap/,0,0,
1302,,01302-FUR-MK-CFS-PTRE-14,Meja Kerja Lipat,CFS,FUTURA,MEJA LIPAT PUTIH,0,111004,0,0,23-1131109,100002,80,LT,0,0,NULL,NULL,NULL,255578,2026-02-06 09:42:25.000,0,NULL,NULL,2018-03-15,1601888500MEJA_LIPAT_PUTIH.jpg,1601888500MEJA_LIPAT_PUTIH_thumb.jpg,/assets/uploads/assetsre/ap/,0,0,
1303,,01303-FUR-MK-CFS-PTRE-14,Meja Kerja Lipat,CFS,FUTURA,MEJA LIPAT PUTIH,0,111004,0,0,23-1131109,100002,80,LT,0,0,NULL,NULL,NULL,255578,2026-02-06 09:42:16.000,0,NULL,NULL,2018-03-15,1601888172MEJA_LIPAT_PUTIH.jpg,1601888172MEJA_LIPAT_PUTIH_thumb.jpg,/assets/uploads/assetsre/ap/,0,0,
1304,,01304-FUR-MK-CFS-PTRE-14,Meja Kerja Lipat,CFS,FUTURA,MEJA LIPAT PUTIH,0,111004,0,0,23-1131109,100002,80,LT,0,0,NULL,NULL,NULL,255578,2026-02-06 09:42:05.000,0,NULL,NULL,2018-03-15,1601888711MEJA_LIPAT_PUTIH.jpg,1601888711MEJA_LIPAT_PUTIH_thumb.jpg,/assets/uploads/assetsre/ap/,0,0,
1305,,01305-FUR-MK-CFS-PTRE-14,MEJA LIPAT,CFS,FUTURA,MEJA LIPAT PUTIH,0,102018,0,0,NULL,100002,80,LT,0,0,NULL,NULL,NULL,140133,2024-07-30 13:43:53.000,0,NULL,NULL,2018-03-15,1601888900MEJA_LIPAT_PUTIH.jpg,1601888900MEJA_LIPAT_PUTIH_thumb.jpg,/assets/uploads/assetsre/ap/,0,1,
1326,,01326-FUR-MK-CFS-PTRE-12,Meja Tamu Rotan,CFS,NOBRAND,Bundar,0,103002,0,0,NULL,100002,9,LT,0,0,NULL,NULL,NULL,140133,2025-02-14 09:01:06.000,1,140133,2025-02-14 09:03:42.000,2018-03-15,NULL,NULL,NULL,0,0,
1354,,01354-FUR-MK-CFS-PTRE-14,Meja Kerja,CFS,UNO,Warna Cokelat,0,103009,0,0,NULL,100002,80,LT,0,0,NULL,NULL,NULL,140133,2024-09-20 09:57:29.000,0,NULL,NULL,2018-03-15,1726801049MEJA_KERJA.jpeg,1726801049MEJA_KERJA_thumb.jpeg,/assets/uploads/assetsre/ap/,0,0,
1355,,01355-FUR-MK-CFS-PTRE-14,Meja Kerja,CFS,UNO,Warna Cokelat,0,103009,0,0,NULL,100002,80,LT,0,0,NULL,NULL,NULL,140133,2024-09-20 09:57:25.000,0,NULL,NULL,2018-03-15,1726801045MEJA_KERJA.jpeg,1726801045MEJA_KERJA_thumb.jpeg,/assets/uploads/assetsre/ap/,0,0,
1356,,01356-FUR-MK-CFS-PTRE-14,Meja Kerja,CFS,UNO,Warna Cokelat,0,103009,0,0,NULL,100002,80,LT,0,0,NULL,NULL,NULL,140133,2024-09-20 09:57:23.000,0,NULL,NULL,2018-03-15,1726801043MEJA_KERJA.jpeg,1726801043MEJA_KERJA_thumb.jpeg,/assets/uploads/assetsre/ap/,0,0,
1361,,01361-FUR-MK-CFS-PTRE-14,Meja Kerja,CFS,UNO,Warna Cokelat,0,103009,0,0,NULL,100002,9,LT,0,0,NULL,NULL,NULL,140133,2024-08-01 11:30:37.000,0,NULL,NULL,2018-03-15,NULL,NULL,NULL,0,1,
1362,,01362-FUR-MK-CFS-PTRE-14,Meja Kerja,CFS,UNO,Warna Cokelat,0,103009,0,0,NULL,100002,9,LT,0,0,NULL,NULL,NULL,140133,2024-08-01 11:29:33.000,0,NULL,NULL,2018-03-15,NULL,NULL,NULL,0,1,
1434,,01434-FUR-MK-CFS-PTRE-14,Meja Kerja,CFS,UNO,Warna Cokelat,0,103010,0,0,NULL,100002,80,LT,0,0,NULL,NULL,NULL,140133,2024-09-20 09:56:42.000,0,NULL,NULL,2018-03-15,1726801002MEJA_KERJA_DEPT.jpeg,1726801002MEJA_KERJA_DEPT_thumb.jpeg,/assets/uploads/assetsre/ap/,0,0,
1435,,01435-FUR-MK-CFS-PTRE-14,Meja Kerja,CFS,UNO,Warna Cokelat,0,103010,0,0,NULL,100002,80,LT,0,0,NULL,NULL,NULL,140133,2024-09-20 09:56:38.000,0,NULL,NULL,2018-03-15,1726800998MEJA_KERJA_DEPT.jpeg,1726800998MEJA_KERJA_DEPT_thumb.jpeg,/assets/uploads/assetsre/ap/,0,0,
1436,,01436-FUR-MK-CFS-PTRE-14,Meja Kerja,CFS,UNO,Warna Cokelat,0,103010,0,0,NULL,100002,80,LT,0,0,NULL,NULL,NULL,140133,2024-09-20 09:56:34.000,0,NULL,NULL,2018-03-15,1726800994MEJA_KERJA_DEPT.jpeg,1726800994MEJA_KERJA_DEPT_thumb.jpeg,/assets/uploads/assetsre/ap/,0,0,
1437,,01437-FUR-MK-CFS-PTRE-14,Meja Kerja,CFS,UNO,Warna Cokelat,0,103010,0,0,NULL,100002,80,LT,0,0,NULL,NULL,NULL,140133,2024-09-20 09:56:31.000,0,NULL,NULL,2018-03-15,1726800991MEJA_KERJA_DEPT.jpeg,1726800991MEJA_KERJA_DEPT_thumb.jpeg,/assets/uploads/assetsre/ap/,0,0,
1444,,01444-FUR-MK-CFS-PTRE-13,Meja Kerja,CFS,UNO,MEJA CREAM,0,101040,0,0,23-1131109,100002,80,LT,0,0,NULL,NULL,NULL,140133,2025-02-12 17:19:21.000,0,NULL,NULL,2018-03-15,1726800987MEJA_KERJA_DEPT.jpeg,1726800987MEJA_KERJA_DEPT_thumb.jpeg,/assets/uploads/assetsre/ap/,0,0,
1448,,01448-FUR-MK-CFS-PTRE-13,Meja Kerja,CFS,UNO,MEJA CREAM,0,101040,0,0,23-1131109,100002,80,LT,0,0,NULL,NULL,NULL,140133,2025-02-12 17:19:13.000,0,NULL,NULL,2018-03-15,1726800983MEJA_KERJA_DEPT.jpeg,1726800983MEJA_KERJA_DEPT_thumb.jpeg,/assets/uploads/assetsre/ap/,0,0,
1449,,01449-FUR-MK-CFS-PTRE-13,Meja Kerja,CFS,UNO,MEJA CREAM,0,103010,0,0,23-1131109,100002,80,LT,0,0,NULL,NULL,NULL,130090,2025-11-18 10:02:18.000,0,NULL,NULL,2018-03-15,1726800977MEJA_KERJA_DEPT.jpeg,1726800977MEJA_KERJA_DEPT_thumb.jpeg,/assets/uploads/assetsre/ap/,0,0,
1450,,01450-FUR-MK-CFS-PTRE-13,Meja Kerja,CFS,UNO,MEJA CREAM,0,103010,0,0,23-1131109,100002,80,LT,0,0,NULL,NULL,NULL,130090,2025-11-18 10:02:06.000,0,NULL,NULL,2018-03-15,1726800836MEJA_KERJA.jpeg,1726800836MEJA_KERJA_thumb.jpeg,/assets/uploads/assetsre/ap/,0,0,
1451,,01451-FUR-MK-CFS-PTRE-13,Meja Kerja,CFS,UNO,MEJA CREAM,0,103010,0,0,23-1131109,100002,80,LT,0,0,NULL,NULL,NULL,130090,2025-11-18 10:01:54.000,0,NULL,NULL,2018-03-15,1726800832MEJA_KERJA.jpeg,1726800832MEJA_KERJA_thumb.jpeg,/assets/uploads/assetsre/ap/,0,0,
1454,,01454-FUR-MK-CFS-PTRE-13,MEJA KERJA,CFS,UNO,MEJA CREAM,0,101039,0,0,NULL,100002,80,LT,0,0,NULL,NULL,NULL,140133,2024-07-26 14:40:33.000,0,NULL,NULL,2018-03-15,1603161157unnamed.jpg,1603161157unnamed_thumb.jpg,/assets/uploads/assetsre/ap/,0,1,
1456,,01456-FUR-MK-CFS-PTRE-13,Meja Kerja,CFS,UNO,MEJA CREAM,0,103010,0,0,23-1131109,100002,80,LT,0,0,NULL,NULL,NULL,130090,2025-11-18 10:01:42.000,0,NULL,NULL,2018-03-15,1726800829MEJA_KERJA.jpeg,1726800829MEJA_KERJA_thumb.jpeg,/assets/uploads/assetsre/ap/,0,0,
1457,,01457-FUR-MK-CFS-PTRE-13,MEJA KERJA,CFS,UNO,MEJA CREAM,0,101039,0,0,NULL,100002,80,LT,0,0,NULL,NULL,NULL,140133,2024-07-26 14:40:56.000,0,NULL,NULL,2018-03-15,1603160230unnamed.jpg,1603160230unnamed_thumb.jpg,/assets/uploads/assetsre/ap/,0,1,
1458,,01458-FUR-MK-CFS-PTRE-13,MEJA KERJA,CFS,UNO,MEJA CREAM,0,101039,0,0,NULL,100002,80,LT,0,0,NULL,NULL,NULL,140133,2024-07-26 14:41:13.000,0,NULL,NULL,2018-03-15,1603160520unnamed.jpg,1603160520unnamed_thumb.jpg,/assets/uploads/assetsre/ap/,0,1,
1459,,01459-FUR-MK-CFS-PTRE-13,MEJA KERJA,CFS,UNO,MEJA CREAM,0,101039,0,0,NULL,100002,80,LT,0,0,NULL,NULL,NULL,140133,2024-07-26 14:39:53.000,0,NULL,NULL,2018-03-15,1603160617unnamed.jpg,1603160617unnamed_thumb.jpg,/assets/uploads/assetsre/ap/,0,1,
1460,,01460-FUR-MK-CFS-PTRE-13,Meja Kerja,CFS,UNO,MEJA CREAM,0,101039,0,0,NULL,100002,80,LT,0,0,NULL,NULL,NULL,140133,2024-07-26 14:39:31.000,0,NULL,NULL,2018-03-15,1603160414unnamed.jpg,1603160414unnamed_thumb.jpg,/assets/uploads/assetsre/ap/,0,1,
1461,NULL,01461-FUR-MK-CFS-PTRE-14,Meja Kerja ,CFS,UNO,Warna Cokelat,0,103011,0,0,NULL,100002,NULL,LT,0,0,NULL,NULL,NULL,130090,2018-03-15 16:23:06.777,1,140133,2024-08-05 13:14:26.000,2018-03-15,NULL,NULL,NULL,0,0,
1463,,01463-FUR-MK-CFS-PTRE-13,MEJA KERJA,CFS,UNO,MEJA CREAM,0,101039,0,0,NULL,100002,80,LT,0,0,NULL,NULL,NULL,140133,2024-07-26 14:41:20.000,0,NULL,NULL,2018-03-15,1603159937unnamed.jpg,1603159937unnamed_thumb.jpg,/assets/uploads/assetsre/ap/,0,1,
1464,,01464-FUR-MK-CFS-PTRE-13,Meja Kerja,CFS,UNO,CREAM,0,101040,0,0,23-1131109,100002,80,LT,0,1,083911,201022031858,2020-10-22,130090,2025-11-18 10:01:33.000,0,NULL,NULL,2018-03-15,1726800820MEJA_KERJA.jpeg,1726800820MEJA_KERJA_thumb.jpeg,/assets/uploads/assetsre/ap/,0,0,
1470,,01470-FUR-MK-CFS-PTRE-13,Meja Kerja,CFS,UNO,MEJA CREAM,0,101040,0,0,NULL,100002,80,LT,0,0,NULL,NULL,NULL,140133,2024-09-20 09:53:43.000,0,NULL,NULL,2018-03-15,1726800823MEJA_KERJA.jpeg,1726800823MEJA_KERJA_thumb.jpeg,/assets/uploads/assetsre/ap/,0,0,
1471,,01471-FUR-MK-CFS-PTRE-13,Meja Kerja,CFS,UNO,MEJA CREAM,0,101040,0,0,NULL,100002,80,LT,0,0,NULL,NULL,NULL,140133,2024-09-20 09:53:32.000,0,NULL,NULL,2018-03-15,1726800812MEJA_KERJA.jpeg,1726800812MEJA_KERJA_thumb.jpeg,/assets/uploads/assetsre/ap/,0,0,
1473,,01473-FUR-MK-CFS-PTRE-13,Meja Kerja,CFS,UNO,MEJA CREAM,0,101040,0,0,23-1131109,100002,80,LT,0,0,NULL,NULL,NULL,140133,2025-02-14 15:17:06.000,0,NULL,NULL,2018-03-15,1726800807MEJA_KERJA.jpeg,1726800807MEJA_KERJA_thumb.jpeg,/assets/uploads/assetsre/ap/,0,1,
1474,,01474-FUR-MK-CFS-PTRE-13,MEJA KERJA,CFS,UNO,MEJA CREAM,0,101040,0,0,23-1131109,100002,80,LT,0,0,NULL,NULL,NULL,140133,2025-04-25 10:18:56.000,0,NULL,NULL,2018-03-15,1726800799MEJA_KERJA.jpeg,1726800799MEJA_KERJA_thumb.jpeg,/assets/uploads/assetsre/ap/,0,0,
1475,,01475-FUR-MK-CFS-PTRE-13,Meja Kerja,CFS,UNO,MEJA CREAM,0,101041,0,0,23-1131109,100002,80,LT,0,0,NULL,NULL,NULL,130090,2025-11-18 10:01:20.000,0,NULL,NULL,2018-03-15,1726800794MEJA_KERJA.jpeg,1726800794MEJA_KERJA_thumb.jpeg,/assets/uploads/assetsre/ap/,0,0,
1476,,01476-FUR-MK-CFS-PTRE-13,Meja Kerja,CFS,UNO,MEJA CREAM,0,101040,0,0,23-1131109,100002,80,LT,0,0,NULL,NULL,NULL,130090,2025-10-16 16:00:48.000,0,NULL,NULL,2018-03-15,1726800782MEJA_KERJA.jpeg,1726800782MEJA_KERJA_thumb.jpeg,/assets/uploads/assetsre/ap/,0,0,
1493,,01493-FUR-MK-CFS-PTRE-14,Meja Kerja,CFS,UNO,Warna Cokelat,0,103013,0,0,NULL,100002,80,LT,0,0,NULL,NULL,NULL,140133,2024-09-20 09:53:06.000,0,NULL,NULL,2018-03-15,1726800786MEJA_KERJA.jpeg,1726800786MEJA_KERJA_thumb.jpeg,/assets/uploads/assetsre/ap/,0,0,
1508,,01508-FUR-MK-CFS-PTRE-14,Meja Kerja,CFS,UNO,Warna Cokelat,0,103014,0,0,NULL,100002,9,LT,0,0,NULL,NULL,NULL,140133,2024-08-01 14:04:14.000,0,NULL,NULL,2018-03-15,NULL,NULL,NULL,0,1,
1516,,01516-FUR-MK-CFS-PTRE-13,Meja Kerja,CFS,UNO,Kursi Cream,0,103014,0,0,NULL,100002,9,LT,0,0,NULL,NULL,NULL,140133,2024-08-22 15:20:28.000,0,NULL,NULL,2018-03-15,1601608677meja_cream.jpg,1601608677meja_cream_thumb.jpg,/assets/uploads/assetsre/ap/,0,1,
1550,,01550-FUR-MK-CFS-PTRE-12,Meja Kerja,CFS,MODERA,Warna Abu-abu,0,104006,0,0,NULL,100002,9,LT,1,0,NULL,NULL,NULL,130090,2024-02-28 10:38:02.000,0,NULL,NULL,2018-03-15,NULL,NULL,NULL,1,1,
1553,,01553-FUR-MK-CFS-PTRE-14,Meja Kerja,CFS,UNO,Warna Cream HPL,0,105014,0,0,NULL,100002,1093,LT,0,0,NULL,NULL,NULL,130090,2024-03-09 08:32:13.000,0,NULL,NULL,2018-03-15,1709947933WhatsApp_Image_2024-02-26_at_15_44_28.jpeg,1709947933WhatsApp_Image_2024-02-26_at_15_44_28_thumb.jpeg,/assets/uploads/assetsre/ap/,0,0,
1556,,01556-FUR-MK-CFS-PTRE-14,Meja Kerja,CFS,UNO,Warna Cream HPL,0,105014,0,0,NULL,100002,1093,LT,0,0,NULL,NULL,NULL,130090,2024-03-09 08:31:19.000,0,NULL,NULL,2018-03-15,1709947879WhatsApp_Image_2024-02-26_at_15_44_28.jpeg,1709947879WhatsApp_Image_2024-02-26_at_15_44_28_thumb.jpeg,/assets/uploads/assetsre/ap/,0,0,
1557,,01557-FUR-MK-CFS-PTRE-14,Meja Kerja,CFS,UNO,Warna Cream,0,105014,0,0,NULL,100002,1093,LT,0,0,NULL,NULL,NULL,130090,2024-03-09 08:30:19.000,0,NULL,NULL,2018-03-15,1709947819WhatsApp_Image_2024-02-26_at_15_44_28.jpeg,1709947819WhatsApp_Image_2024-02-26_at_15_44_28_thumb.jpeg,/assets/uploads/assetsre/ap/,0,0,
1583,,01583-FUR-MK-CFS-PTRE-14,Meja Kerja,CFS,UNO,Meja dan Partisi,0,104012,0,0,NULL,100002,9,LT,0,0,NULL,NULL,NULL,130090,2024-03-12 16:07:58.000,0,NULL,NULL,2018-03-15,1710234478WhatsApp_Image_2024-03-09_at_10_13_59.jpeg,1710234478WhatsApp_Image_2024-03-09_at_10_13_59_thumb.jpeg,/assets/uploads/assetsre/ap/,0,0,
1584,,01584-FUR-MK-CFS-PTRE-14,Meja Kerja,CFS,UNO,Meja dan Partisi,0,104012,0,0,NULL,100002,9,LT,0,0,NULL,NULL,NULL,130090,2024-03-12 16:07:35.000,0,NULL,NULL,2018-03-15,1710234454WhatsApp_Image_2024-03-09_at_10_13_59.jpeg,1710234454WhatsApp_Image_2024-03-09_at_10_13_59_thumb.jpeg,/assets/uploads/assetsre/ap/,0,0,
1585,,01585-FUR-MK-CFS-PTRE-14,Meja Kerja,CFS,UNO,Meja dan Partisi,0,104012,0,0,NULL,100002,9,LT,0,0,NULL,NULL,NULL,130090,2024-03-12 16:06:21.000,0,NULL,NULL,2018-03-15,1710234381WhatsApp_Image_2024-03-09_at_10_13_59.jpeg,1710234381WhatsApp_Image_2024-03-09_at_10_13_59_thumb.jpeg,/assets/uploads/assetsre/ap/,0,0,
1586,,01586-FUR-MK-CFS-PTRE-14,Meja Kerja,CFS,UNO,Meja dan Partisi,0,104012,0,0,NULL,100002,9,LT,0,0,NULL,NULL,NULL,130090,2024-03-12 16:05:54.000,0,NULL,NULL,2018-03-15,1710234354WhatsApp_Image_2024-03-09_at_10_13_59.jpeg,1710234354WhatsApp_Image_2024-03-09_at_10_13_59_thumb.jpeg,/assets/uploads/assetsre/ap/,0,0,
1588,,01588-FUR-MK-CFS-PTRE-14,Meja Kerja,CFS,UNO,Meja dan Partisi,0,104012,0,0,NULL,100002,9,LT,0,0,NULL,NULL,NULL,130090,2024-03-12 16:05:27.000,0,NULL,NULL,2018-03-15,1710234327WhatsApp_Image_2024-03-09_at_10_13_59.jpeg,1710234327WhatsApp_Image_2024-03-09_at_10_13_59_thumb.jpeg,/assets/uploads/assetsre/ap/,0,0,
1593,,01593-FUR-MK-CFS-PTRE-14,Meja Kerja,CFS,UNO,Meja dan Partisi,0,104012,0,0,NULL,100002,9,LT,0,0,NULL,NULL,NULL,130090,2024-03-12 16:05:08.000,0,NULL,NULL,2018-03-15,1710234308WhatsApp_Image_2024-03-09_at_10_13_59.jpeg,1710234308WhatsApp_Image_2024-03-09_at_10_13_59_thumb.jpeg,/assets/uploads/assetsre/ap/,0,0,
1598,,01598-FUR-MK-CFS-PTRE-14,Meja Kerja,CFS,UNO,Meja dan Partisi,0,104011,0,0,NULL,100002,9,LT,0,0,NULL,NULL,NULL,130090,2024-03-12 16:00:59.000,0,NULL,NULL,2018-03-15,1710234059WhatsApp_Image_2024-03-09_at_10_13_59.jpeg,1710234059WhatsApp_Image_2024-03-09_at_10_13_59_thumb.jpeg,/assets/uploads/assetsre/ap/,0,0,
1599,,01599-FUR-MK-CFS-PTRE-14,Meja Kerja,CFS,UNO,Meja dan Partisi,0,104011,0,0,NULL,100002,9,LT,0,0,NULL,NULL,NULL,130090,2024-03-12 16:00:24.000,0,NULL,NULL,2018-03-15,1710234024WhatsApp_Image_2024-03-09_at_10_13_59.jpeg,1710234024WhatsApp_Image_2024-03-09_at_10_13_59_thumb.jpeg,/assets/uploads/assetsre/ap/,0,0,
1602,,01602-FUR-MK-CFS-PTRE-14,Meja Kerja,CFS,UNO,Meja dan Partisi,0,104011,0,0,NULL,100002,80,LT,0,0,NULL,NULL,NULL,130090,2024-03-12 15:57:55.000,0,NULL,NULL,2018-03-15,1710233875WhatsApp_Image_2024-03-09_at_10_13_59.jpeg,1710233875WhatsApp_Image_2024-03-09_at_10_13_59_thumb.jpeg,/assets/uploads/assetsre/ap/,0,0,
1607,,01607-FUR-MK-CFS-PTRE-14,Meja Kerja,CFS,UNO,Meja dan Partisi,0,104011,0,0,NULL,100002,80,LT,0,0,NULL,NULL,NULL,130090,2024-03-12 15:57:28.000,0,NULL,NULL,2018-03-15,1710233848WhatsApp_Image_2024-03-09_at_10_13_59.jpeg,1710233848WhatsApp_Image_2024-03-09_at_10_13_59_thumb.jpeg,/assets/uploads/assetsre/ap/,0,0,
1611,,01611-FUR-MK-CFS-PTRE-14,Meja Kerja,CFS,UNO,Meja dan Partisi,0,104011,0,0,NULL,100002,80,LT,0,0,NULL,NULL,NULL,130090,2024-03-12 15:57:06.000,0,NULL,NULL,2018-03-15,1710233826WhatsApp_Image_2024-03-09_at_10_13_59.jpeg,1710233826WhatsApp_Image_2024-03-09_at_10_13_59_thumb.jpeg,/assets/uploads/assetsre/ap/,0,0,
1615,,01615-FUR-MK-CFS-PTRE-14,Meja Kerja,CFS,UNO,Meja dan Partisi,0,104011,0,0,NULL,100002,80,LT,0,0,NULL,NULL,NULL,130090,2024-03-12 15:56:44.000,0,NULL,NULL,2018-03-15,1710233804WhatsApp_Image_2024-03-09_at_10_13_59.jpeg,1710233804WhatsApp_Image_2024-03-09_at_10_13_59_thumb.jpeg,/assets/uploads/assetsre/ap/,0,0,
1616,,01616-FUR-MK-CFS-PTRE-14,Meja Kerja,CFS,UNO,Meja dan Partisi,0,104011,0,0,NULL,100002,80,LT,0,0,NULL,NULL,NULL,130090,2024-03-12 15:56:19.000,0,NULL,NULL,2018-03-15,1710233779WhatsApp_Image_2024-03-09_at_10_13_59.jpeg,1710233779WhatsApp_Image_2024-03-09_at_10_13_59_thumb.jpeg,/assets/uploads/assetsre/ap/,0,0,
1617,,01617-FUR-MK-CFS-PTRE-14,Meja Kerja,CFS,UNO,Meja dan Partisi,0,104011,0,0,NULL,100002,80,LT,0,0,NULL,NULL,NULL,130090,2024-03-12 15:55:49.000,0,NULL,NULL,2018-03-15,1710233749WhatsApp_Image_2024-03-09_at_10_13_59.jpeg,1710233749WhatsApp_Image_2024-03-09_at_10_13_59_thumb.jpeg,/assets/uploads/assetsre/ap/,0,0,
1618,,01618-FUR-MK-CFS-PTRE-14,Meja Kerja,CFS,UNO,Meja dan Partisi,0,104011,0,0,NULL,100002,80,LT,0,0,NULL,NULL,NULL,130090,2024-03-12 15:55:25.000,0,NULL,NULL,2018-03-15,1710233725WhatsApp_Image_2024-03-09_at_10_13_59.jpeg,1710233725WhatsApp_Image_2024-03-09_at_10_13_59_thumb.jpeg,/assets/uploads/assetsre/ap/,0,0,
1619,,01619-FUR-MK-CFS-PTRE-14,Meja Kerja,CFS,UNO,Meja dan Partisi,0,104011,0,0,NULL,100002,80,LT,0,0,NULL,NULL,NULL,130090,2024-03-12 15:54:59.000,0,NULL,NULL,2018-03-15,1710233699WhatsApp_Image_2024-03-09_at_10_13_59.jpeg,1710233699WhatsApp_Image_2024-03-09_at_10_13_59_thumb.jpeg,/assets/uploads/assetsre/ap/,0,0,
1620,,01620-FUR-MK-CFS-PTRE-14,Meja Kerja,CFS,UNO,Meja dan Partisi,0,104011,0,0,NULL,100002,80,LT,0,0,NULL,NULL,NULL,130090,2024-03-12 15:54:34.000,0,NULL,NULL,2018-03-15,1710233674WhatsApp_Image_2024-03-09_at_10_13_59.jpeg,1710233674WhatsApp_Image_2024-03-09_at_10_13_59_thumb.jpeg,/assets/uploads/assetsre/ap/,0,0,
1621,,01621-FUR-MK-CFS-PTRE-14,Meja Kerja,CFS,UNO,Meja dan Partisi,0,104011,0,0,NULL,100002,80,LT,0,0,NULL,NULL,NULL,130090,2024-03-12 15:54:08.000,0,NULL,NULL,2018-03-15,1710233648WhatsApp_Image_2024-03-09_at_10_13_59.jpeg,1710233648WhatsApp_Image_2024-03-09_at_10_13_59_thumb.jpeg,/assets/uploads/assetsre/ap/,0,0,
1622,,01622-FUR-MK-CFS-PTRE-14,Meja Kerja,CFS,UNO,Meja dan Partisi,0,104011,0,0,NULL,100002,80,LT,0,0,NULL,NULL,NULL,130090,2024-03-12 15:52:40.000,0,NULL,NULL,2018-03-15,1710233560WhatsApp_Image_2024-03-09_at_10_13_59.jpeg,1710233560WhatsApp_Image_2024-03-09_at_10_13_59_thumb.jpeg,/assets/uploads/assetsre/ap/,0,0,
1623,,01623-FUR-MK-CFS-PTRE-14,Meja Kerja Working space,CFS,UNO,Warna Cream,0,104011,0,0,NULL,100002,80,LT,0,0,NULL,NULL,NULL,130090,2024-03-12 15:51:42.000,0,NULL,NULL,2018-03-15,1710233502WhatsApp_Image_2024-02-28_at_14_09_23.jpeg,1710233502WhatsApp_Image_2024-02-28_at_14_09_23_thumb.jpeg,/assets/uploads/assetsre/ap/,0,0,
1624,,01624-FUR-MK-CFS-PTRE-14,Meja Kerja Working space,CFS,UNO,Warna Cream,0,104011,0,0,NULL,100002,80,LT,0,0,NULL,NULL,NULL,130090,2024-03-12 15:50:37.000,0,NULL,NULL,2018-03-15,1710233437WhatsApp_Image_2024-02-28_at_14_09_23.jpeg,1710233437WhatsApp_Image_2024-02-28_at_14_09_23_thumb.jpeg,/assets/uploads/assetsre/ap/,0,0,
1625,,01626-FUR-MK-CFS-PTRE-14,Meja Kerja Working space,CFS,UNO,Warna Cream,0,104011,0,0,NULL,100002,80,LT,0,0,NULL,NULL,NULL,130090,2024-03-12 15:46:49.000,0,NULL,NULL,2018-03-15,1710233209WhatsApp_Image_2024-02-28_at_14_09_23.jpeg,1710233209WhatsApp_Image_2024-02-28_at_14_09_23_thumb.jpeg,/assets/uploads/assetsre/ap/,0,0,
1626,,04890-FUR-MK-CFS-PTRE-14,Meja Kerja Working space,CFS,UNO,Warna Cream,0,104011,0,0,NULL,100002,80,LT,0,0,NULL,NULL,NULL,130090,2024-03-12 15:01:41.000,0,NULL,NULL,2018-03-15,1710230501WhatsApp_Image_2024-02-28_at_14_09_23.jpeg,1710230501WhatsApp_Image_2024-02-28_at_14_09_23_thumb.jpeg,/assets/uploads/assetsre/ap/,0,0,01626-FUR-MK-CFS-PTRE-14
1627,,01627-FUR-MK-CFS-PTRE-14,Meja Kerja Working space,CFS,UNO,Warna Cream,0,104011,0,0,NULL,100002,80,LT,0,0,NULL,NULL,NULL,130090,2024-03-12 15:00:54.000,0,NULL,NULL,2018-03-15,1710230454WhatsApp_Image_2024-02-28_at_14_09_23.jpeg,1710230454WhatsApp_Image_2024-02-28_at_14_09_23_thumb.jpeg,/assets/uploads/assetsre/ap/,0,0,
1628,,01628-FUR-MK-CFS-PTRE-14,Meja Kerja Working space,CFS,UNO,Warna Cream,0,104011,0,0,NULL,100002,80,LT,0,0,NULL,NULL,NULL,130090,2024-03-12 15:48:52.000,0,NULL,NULL,2018-03-15,1710230403WhatsApp_Image_2024-02-28_at_14_09_23.jpeg,1710230403WhatsApp_Image_2024-02-28_at_14_09_23_thumb.jpeg,/assets/uploads/assetsre/ap/,0,0,
1744,,01744-FUR-MK-CFS-PTRE-14,Meja Kerja,CFS,UNO,Warna Cokelat,0,104009,0,0,NULL,100002,9,LT,0,0,NULL,NULL,NULL,140133,2024-07-31 14:47:29.000,0,NULL,NULL,2018-03-15,NULL,NULL,NULL,0,1,
1745,,01745-FUR-MK-CFS-PTRE-14,Meja Kerja,CFS,UNO,Warna Cokelat,0,104009,0,0,NULL,100002,9,LT,0,0,NULL,NULL,NULL,140133,2024-07-31 14:47:02.000,0,NULL,NULL,2018-03-15,NULL,NULL,NULL,0,1,
1746,,01746-FUR-MK-CFS-PTRE-14,Meja Kerja,CFS,UNO,Warna Cokelat,0,104009,0,0,NULL,100002,9,LT,0,0,NULL,NULL,NULL,140133,2024-07-31 14:46:49.000,0,NULL,NULL,2018-03-15,NULL,NULL,NULL,0,1,
1747,,01747-FUR-MK-CFS-PTRE-14,Meja Kerja,CFS,UNO,Warna Cokelat,0,104009,0,0,NULL,100002,9,LT,0,0,NULL,NULL,NULL,140133,2024-07-31 14:47:15.000,0,NULL,NULL,2018-03-15,NULL,NULL,NULL,0,1,
1748,,01748-FUR-MK-CFS-PTRE-14,Meja Kerja,CFS,UNO,Warna Cokelat,0,104009,0,0,NULL,100002,9,LT,0,0,NULL,NULL,NULL,140133,2024-07-31 14:46:55.000,0,NULL,NULL,2018-03-15,NULL,NULL,NULL,0,1,
1749,,01749-FUR-MK-CFS-PTRE-14,Meja Kerja,CFS,UNO,Warna Cokelat,0,104009,0,0,NULL,100002,9,LT,0,0,NULL,NULL,NULL,140133,2024-07-31 14:46:31.000,0,NULL,NULL,2018-03-15,NULL,NULL,NULL,0,1,
1750,,01750-FUR-MK-CFS-PTRE-14,Meja Kerja,CFS,UNO,Warna Cokelat,0,104009,0,0,NULL,100002,9,LT,0,0,NULL,NULL,NULL,140133,2024-07-31 14:46:18.000,0,NULL,NULL,2018-03-15,NULL,NULL,NULL,0,1,
1751,,01751-FUR-MK-CFS-PTRE-14,Meja Kerja,CFS,UNO,Warna Cokelat,0,104009,0,0,NULL,100002,9,LT,0,0,NULL,NULL,NULL,140133,2024-07-31 14:46:43.000,0,NULL,NULL,2018-03-15,NULL,NULL,NULL,0,1,
1752,,01752-FUR-MK-CFS-PTRE-14,Meja Kerja,CFS,UNO,Warna Cokelat,0,104009,0,0,NULL,100002,9,LT,0,0,NULL,NULL,NULL,140133,2024-07-31 14:46:11.000,0,NULL,NULL,2018-03-15,NULL,NULL,NULL,0,1,
1753,,01753-FUR-MK-CFS-PTRE-14,Meja Kerja,CFS,UNO,Warna Cokelat,0,104009,0,0,NULL,100002,9,LT,0,0,NULL,NULL,NULL,140133,2024-07-31 14:45:58.000,0,NULL,NULL,2018-03-15,NULL,NULL,NULL,0,1,
1811,,01811-FUR-MK-CFS-PTRE-12,Meja Kerja,CFS,MODERA,Warna Abu-abu,0,105006,0,0,23-1131109,100002,80,LT,0,0,NULL,NULL,NULL,140133,2024-09-20 10:13:54.000,0,NULL,NULL,2018-03-15,NULL,NULL,NULL,0,0,
1817,,01817-FUR-MK-CFS-PTRE-12,Meja Meeting,CFS,MODERA,Warna  Cream,0,105007,0,0,NULL,100002,80,LT,0,0,NULL,NULL,NULL,130090,2024-02-28 14:13:49.000,0,NULL,NULL,2018-03-15,1709104429WhatsApp_Image_2024-02-28_at_14_09_23.jpeg,1709104429WhatsApp_Image_2024-02-28_at_14_09_23_thumb.jpeg,/assets/uploads/assetsre/ap/,0,0,
1818,,01818-FUR-MK-CFS-PTRE-12,Meja Meeting,CFS,MODERA,Warna Cream,0,105007,0,0,NULL,100002,80,LT,0,0,NULL,NULL,NULL,130090,2024-02-28 14:13:20.000,0,NULL,NULL,2018-03-15,1709104400WhatsApp_Image_2024-02-28_at_14_09_23.jpeg,1709104400WhatsApp_Image_2024-02-28_at_14_09_23_thumb.jpeg,/assets/uploads/assetsre/ap/,0,0,
1819,,01819-FUR-MK-CFS-PTRE-12,Meja Meeting,CFS,MODERA,Warna Cream,0,105007,0,0,NULL,100002,80,LT,0,0,NULL,NULL,NULL,130090,2024-02-28 14:12:45.000,0,NULL,NULL,2018-03-15,1709104365WhatsApp_Image_2024-02-28_at_14_09_23.jpeg,1709104365WhatsApp_Image_2024-02-28_at_14_09_23_thumb.jpeg,/assets/uploads/assetsre/ap/,0,0,
1820,,01820-FUR-MK-CFS-PTRE-12,Meja Meeting,CFS,MODERA,Warna Cream,0,105007,0,0,NULL,100002,80,LT,0,0,NULL,NULL,NULL,130090,2024-02-28 14:12:01.000,0,NULL,NULL,2018-03-15,1709104321WhatsApp_Image_2024-02-28_at_14_09_23.jpeg,1709104321WhatsApp_Image_2024-02-28_at_14_09_23_thumb.jpeg,/assets/uploads/assetsre/ap/,0,0,
1821,,01821-FUR-MK-CFS-PTRE-12,Meja Meeting,CFS,MODERA,Warna Cream,0,105007,0,0,NULL,100002,80,LT,0,0,NULL,NULL,NULL,130090,2024-02-28 14:11:22.000,0,NULL,NULL,2018-03-15,1709104282WhatsApp_Image_2024-02-28_at_14_09_23.jpeg,1709104282WhatsApp_Image_2024-02-28_at_14_09_23_thumb.jpeg,/assets/uploads/assetsre/ap/,0,0,
1822,,01822-FUR-MK-CFS-PTRE-12,Meja Meeting,CFS,MODERA,Warna Cream,0,105007,0,0,NULL,100002,80,LT,0,0,NULL,NULL,NULL,130090,2024-02-28 14:10:11.000,0,NULL,NULL,2018-03-15,1709104211WhatsApp_Image_2024-02-28_at_14_09_23.jpeg,1709104211WhatsApp_Image_2024-02-28_at_14_09_23_thumb.jpeg,/assets/uploads/assetsre/ap/,0,0,
1823,,01823-FUR-MK-CFS-PTRE-14,Meja Kerja,CFS,UNO,Warna Cokelat,0,105007,0,0,NULL,100002,1093,LT,0,0,NULL,NULL,NULL,130090,2024-02-28 09:48:48.000,0,NULL,NULL,2018-03-15,NULL,NULL,NULL,1,1,
1859,,01859-FUR-MK-CFS-PTRE-14,Meja Kerja,CFS,UNO,Warna Cream HPL,0,105014,0,0,NULL,100002,1093,LT,0,0,NULL,NULL,NULL,130090,2024-03-20 08:54:24.000,0,NULL,NULL,2018-03-15,1709948364WhatsApp_Image_2024-03-09_at_08_36_09.jpeg,1709948364WhatsApp_Image_2024-03-09_at_08_36_09_thumb.jpeg,/assets/uploads/assetsre/ap/,0,0,
1860,,01860-FUR-MK-CFS-PTRE-14,Meja Kerja,CFS,MODERA,Warna Cokelat,0,105008,0,0,NULL,100002,80,LT,0,0,NULL,NULL,NULL,130090,2024-02-28 10:55:39.000,0,NULL,NULL,2018-03-15,NULL,NULL,NULL,1,1,
1861,,01861-FUR-MK-CFS-PTRE-14,Meja Kerja,CFS,MODERA,Warna Cokelat,0,105008,0,0,NULL,100002,80,LT,0,0,NULL,NULL,NULL,130090,2024-02-28 10:55:30.000,0,NULL,NULL,2018-03-15,NULL,NULL,NULL,1,1,
1862,,01862-FUR-MK-CFS-PTRE-14,Meja Kerja,CFS,MODERA,Warna Cokelat,0,105008,0,0,NULL,100002,80,LT,0,0,NULL,NULL,NULL,130090,2024-02-28 10:55:20.000,0,NULL,NULL,2018-03-15,NULL,NULL,NULL,1,1,
1864,,01864-FUR-MK-CFS-PTRE-14,Meja Kerja,CFS,MODERA,Warna Cokelat,0,105008,0,0,NULL,100002,80,LT,0,0,NULL,NULL,NULL,130090,2024-02-28 10:55:09.000,0,NULL,NULL,2018-03-15,NULL,NULL,NULL,1,1,
1866,,01866-FUR-MK-CFS-PTRE-14,Meja Kerja,CFS,MODERA,Warna Cokelat,0,105008,0,0,NULL,100002,80,LT,0,0,NULL,NULL,NULL,130090,2024-02-28 10:54:59.000,0,NULL,NULL,2018-03-15,NULL,NULL,NULL,1,1,
1867,,01867-FUR-MK-CFS-PTRE-14,Meja Kerja,CFS,MODERA,Warna Cokelat,0,105008,0,0,NULL,100002,80,LT,0,0,NULL,NULL,NULL,130090,2024-02-28 10:54:47.000,0,NULL,NULL,2018-03-15,NULL,NULL,NULL,1,1,
1868,,01868-FUR-MK-CFS-PTRE-14,Meja Kerja,CFS,MODERA,Warna Cokelat,0,105008,0,0,NULL,100002,80,LT,0,0,NULL,NULL,NULL,130090,2024-02-28 10:54:37.000,0,NULL,NULL,2018-03-15,NULL,NULL,NULL,1,1,
1870,,01870-FUR-MK-CFS-PTRE-14,Meja Kerja,CFS,MODERA,Warna Cokelat,0,105008,0,0,NULL,100002,80,LT,0,0,NULL,NULL,NULL,130090,2024-02-28 10:54:25.000,0,NULL,NULL,2018-03-15,NULL,NULL,NULL,1,1,
1871,,01871-FUR-MK-CFS-PTRE-14,Meja Kerja,CFS,MODERA,Warna Cokelat,0,105008,0,0,NULL,100002,80,LT,0,0,NULL,NULL,NULL,130090,2024-02-28 10:54:15.000,0,NULL,NULL,2018-03-15,NULL,NULL,NULL,1,1,
1872,,01872-FUR-MK-CFS-PTRE-14,Meja Kerja,CFS,MODERA,Warna Cokelat,0,105008,0,0,NULL,100002,80,LT,0,0,NULL,NULL,NULL,130090,2024-02-28 10:54:04.000,0,NULL,NULL,2018-03-15,NULL,NULL,NULL,1,1,
1873,,01873-FUR-MK-CFS-PTRE-14,Meja Kerja,CFS,MODERA,Warna Cokelat,0,105008,0,0,NULL,100002,80,LT,0,0,NULL,NULL,NULL,130090,2024-02-28 10:53:55.000,0,NULL,NULL,2018-03-15,NULL,NULL,NULL,1,1,
1874,,01874-FUR-MK-CFS-PTRE-14,Meja Kerja,CFS,MODERA,Warna Cokelat,0,105008,0,0,NULL,100002,80,LT,0,0,NULL,NULL,NULL,130090,2024-02-28 10:53:37.000,0,NULL,NULL,2018-03-15,NULL,NULL,NULL,1,1,
1875,,01875-FUR-MK-CFS-PTRE-14,Meja Kerja,CFS,MODERA,Warna Cokelat,0,105008,0,0,NULL,100002,80,LT,0,0,NULL,NULL,NULL,130090,2024-02-28 10:53:27.000,0,NULL,NULL,2018-03-15,NULL,NULL,NULL,1,1,
1876,,01876-FUR-MK-CFS-PTRE-14,Meja Kerja,CFS,MODERA,Warna Cokelat,0,105008,0,0,NULL,100002,80,LT,0,0,NULL,NULL,NULL,130090,2024-02-28 10:53:17.000,0,NULL,NULL,2018-03-15,NULL,NULL,NULL,1,1,
1879,,01879-FUR-MK-CFS-PTRE-14,Meja Kerja,CFS,MODERA,Warna Cokelat,0,105008,0,0,NULL,100002,80,LT,0,0,NULL,NULL,NULL,130090,2024-02-28 10:53:06.000,0,NULL,NULL,2018-03-15,NULL,NULL,NULL,1,1,
1880,,01880-FUR-MK-CFS-PTRE-14,Meja Kerja,CFS,MODERA,Warna Cokelat,0,105008,0,0,NULL,100002,80,LT,0,0,NULL,NULL,NULL,130090,2024-02-28 10:52:57.000,0,NULL,NULL,2018-03-15,NULL,NULL,NULL,1,1,
1881,,01881-FUR-MK-CFS-PTRE-14,Meja Kerja,CFS,MODERA,Warna Cokelat,0,105008,0,0,NULL,100002,80,LT,0,0,NULL,NULL,NULL,130090,2024-02-28 10:52:48.000,0,NULL,NULL,2018-03-15,NULL,NULL,NULL,1,1,
1882,,01882-FUR-MK-CFS-PTRE-14,Meja Kerja,CFS,MODERA,Warna Cokelat,0,105008,0,0,NULL,100002,80,LT,0,0,NULL,NULL,NULL,130090,2024-02-28 10:52:38.000,0,NULL,NULL,2018-03-15,NULL,NULL,NULL,1,1,
1883,,01883-FUR-MK-CFS-PTRE-14,Meja Kerja,CFS,MODERA,Warna Cokelat,0,105008,0,0,NULL,100002,80,LT,0,0,NULL,NULL,NULL,130090,2024-02-28 10:52:27.000,0,NULL,NULL,2018-03-15,NULL,NULL,NULL,1,1,
1926,,01926-FUR-MK-CFS-PTRE13,Meja Kerja,CFS,UNO,Warna Cream,0,101036,0,0,NULL,100002,9,LT,0,0,NULL,NULL,NULL,140133,2024-09-20 09:52:17.000,0,NULL,NULL,2018-03-15,1726800737MEJA_KERJA.jpeg,1726800737MEJA_KERJA_thumb.jpeg,/assets/uploads/assetsre/ap/,0,0,
1962,,01962-FUR-MK-CFS-PTRE-14,Meja Kerja,CFS,MODERA,Warna Cokelat,0,105009,0,0,NULL,100002,80,LT,0,0,NULL,NULL,NULL,130090,2024-02-16 16:53:04.000,0,NULL,NULL,2018-03-15,NULL,NULL,NULL,0,1,
1963,,01963-FUR-MK-CFS-PTRE-14,Meja Kerja,CFS,MODERA,Warna Cokelat,0,105009,0,0,NULL,100002,80,LT,0,0,NULL,NULL,NULL,130090,2024-02-16 16:52:51.000,0,NULL,NULL,2018-03-15,NULL,NULL,NULL,0,1,
1964,,01964-FUR-MK-CFS-PTRE-14,Meja Kerja,CFS,MODERA,Warna Cokelat,0,105009,0,0,NULL,100002,80,LT,0,0,NULL,NULL,NULL,130090,2024-02-16 16:52:36.000,0,NULL,NULL,2018-03-15,NULL,NULL,NULL,0,1,
1965,,01965-FUR-MK-CFS-PTRE-14,Meja Kerja,CFS,MODERA,Warna Cokelat,0,105009,0,0,NULL,100002,80,LT,0,0,NULL,NULL,NULL,130090,2024-02-16 16:52:23.000,0,NULL,NULL,2018-03-15,NULL,NULL,NULL,0,1,
1966,,01966-FUR-MK-CFS-PTRE-14,Meja Kerja,CFS,MODERA,Warna Cokelat,0,105009,0,0,NULL,100002,80,LT,0,0,NULL,NULL,NULL,130090,2024-02-16 16:52:11.000,0,NULL,NULL,2018-03-15,NULL,NULL,NULL,0,1,
1967,,01967-FUR-MK-CFS-PTRE-14,Meja Kerja,CFS,MODERA,Warna Cokelat,0,105009,0,0,NULL,100002,80,LT,0,0,NULL,NULL,NULL,130090,2024-02-16 16:51:59.000,0,NULL,NULL,2018-03-15,NULL,NULL,NULL,0,1,
1968,,01968-FUR-MK-CFS-PTRE-14,Meja Kerja,CFS,MODERA,Warna Cokelat,0,105009,0,0,NULL,100002,80,LT,0,0,NULL,NULL,NULL,130090,2024-02-16 16:51:22.000,0,NULL,NULL,2018-03-15,NULL,NULL,NULL,0,1,
1969,,01969-FUR-MK-CFS-PTRE-14,Meja Kerja,CFS,MODERA,Warna Cokelat,0,105009,0,0,NULL,100002,80,LT,0,0,NULL,NULL,NULL,130090,2024-02-16 16:51:04.000,0,NULL,NULL,2018-03-15,NULL,NULL,NULL,0,1,
2011,,02011-FUR-MK-CFS-PTRE-14,Meja Kerja Lipat,CFS,FUTURA,Warna Cokelat,0,105014,0,0,23-1131109,100002,80,LT,0,0,NULL,NULL,NULL,255578,2026-05-12 08:25:28.000,0,NULL,NULL,2018-03-15,NULL,NULL,NULL,0,0,
2012,,02012-FUR-MK-CFS-PTRE-14,Meja Kerja Lipat,CFS,FUTURA,Warna Cokelat,0,111004,0,0,23-1131109,100002,80,LT,0,0,NULL,NULL,NULL,255578,2026-05-12 08:25:46.000,0,NULL,NULL,2018-03-15,NULL,NULL,NULL,0,0,
2013,,02013-FUR-MK-CFS-PTRE-14,Meja Kerja,CFS,MODERA,Warna Cokelat,0,111004,0,0,23-1131109,100002,80,LT,0,0,NULL,NULL,NULL,255578,2026-06-07 21:06:00.000,0,NULL,NULL,2018-03-15,NULL,NULL,NULL,0,1,
2014,,02014-FUR-MK-CFS-PTRE-14,Meja Kerja,CFS,MODERA,Warna Cokelat,0,111004,0,0,23-1131109,100002,80,LT,0,0,NULL,NULL,NULL,255578,2026-06-07 21:05:51.000,0,NULL,NULL,2018-03-15,NULL,NULL,NULL,0,1,
2015,,02015-FUR-MK-CFS-PTRE-14,Meja Kerja,CFS,MODERA,Warna Cokelat,0,111004,0,0,23-1131109,100002,80,LT,0,0,NULL,NULL,NULL,255578,2026-06-07 21:05:45.000,0,NULL,NULL,2018-03-15,NULL,NULL,NULL,0,1,
2016,,02016-FUR-MK-CFS-PTRE-14,Meja Kerja,CFS,MODERA,Warna Cokelat,0,111004,0,0,23-1131109,100002,80,LT,0,0,NULL,NULL,NULL,255578,2026-06-07 21:05:29.000,0,NULL,NULL,2018-03-15,NULL,NULL,NULL,0,1,
2017,,02017-FUR-MK-CFS-PTRE-14,Meja Kerja,CFS,MODERA,Warna Cokelat,0,111004,0,0,23-1131109,100002,80,LT,0,0,NULL,NULL,NULL,255578,2026-06-07 21:05:35.000,0,NULL,NULL,2018-03-15,NULL,NULL,NULL,0,1,
2018,,02018-FUR-MK-CFS-PTRE-14,Meja Kerja,CFS,MODERA,Warna Cokelat,0,111004,0,0,23-1131109,100002,80,LT,0,0,NULL,NULL,NULL,255578,2026-06-07 21:05:24.000,0,NULL,NULL,2018-03-15,NULL,NULL,NULL,0,1,
2019,,02019-FUR-MK-CFS-PTRE-14,Meja Kerja,CFS,MODERA,Warna Cokelat,0,111004,0,0,23-1131109,100002,80,LT,0,0,NULL,NULL,NULL,255578,2026-06-07 21:05:55.000,0,NULL,NULL,2018-03-15,NULL,NULL,NULL,0,1,
2020,,02020-FUR-MK-CFS-PTRE-14,Meja Kerja,CFS,MODERA,Warna Cokelat,0,111004,0,0,23-1131109,100002,80,LT,0,0,NULL,NULL,NULL,255578,2026-06-07 21:05:19.000,0,NULL,NULL,2018-03-15,NULL,NULL,NULL,0,1,
2021,,02021-FUR-MK-CFS-PTRE-14,Meja Kerja,CFS,MODERA,Warna Cokelat,0,111004,0,0,23-1131109,100002,80,LT,0,0,NULL,NULL,NULL,255578,2026-06-07 21:05:40.000,0,NULL,NULL,2018-03-15,NULL,NULL,NULL,0,1,
2022,,02022-FUR-MK-CFS-PTRE-14,Meja Kerja,CFS,MODERA,Warna Cokelat,0,111004,0,0,23-1131109,100002,80,LT,0,1,184705,221121045027,2022-10-13,255578,2026-06-07 21:05:15.000,0,NULL,NULL,2018-03-15,NULL,NULL,NULL,0,1,
2104,,02104-FUR-MK-CFS-PTRE-14,Meja Kerja,CFS,MODERA,Warna Cokelat,0,112009,0,0,NULL,100002,80,LT,0,0,NULL,NULL,NULL,130090,2024-02-28 11:38:44.000,0,NULL,NULL,2018-03-15,NULL,NULL,NULL,1,1,
2105,,02105-FUR-MK-CFS-PTRE-14,Meja Kerja,CFS,MODERA,Warna Cokelat,0,112009,0,0,NULL,100002,80,LT,0,0,NULL,NULL,NULL,130090,2024-02-28 11:38:33.000,0,NULL,NULL,2018-03-15,NULL,NULL,NULL,1,1,
2106,,02106-FUR-MK-CFS-PTRE-14,Meja Kerja,CFS,MODERA,Warna Cokelat,0,112009,0,0,NULL,100002,80,LT,0,0,NULL,NULL,NULL,130090,2024-02-28 11:38:20.000,0,NULL,NULL,2018-03-15,NULL,NULL,NULL,1,1,
2107,,02107-FUR-MK-CFS-PTRE-14,Meja Kerja,CFS,MODERA,Warna Cokelat,0,101005,0,0,23-1131109,100002,80,LT,0,0,NULL,NULL,NULL,255578,2026-04-09 14:18:36.000,0,NULL,NULL,2018-03-15,NULL,NULL,NULL,1,0,
2108,,02108-FUR-MK-CFS-PTRE-14,Meja Kerja,CFS,MODERA,Warna Cokelat,0,112009,0,0,NULL,100002,80,LT,0,0,NULL,NULL,NULL,130090,2024-02-28 11:38:02.000,0,NULL,NULL,2018-03-15,NULL,NULL,NULL,1,1,
2109,,02109-FUR-MK-CFS-PTRE-14,Meja Kerja,CFS,MODERA,Warna Cokelat,0,101005,0,0,23-1131109,100002,80,LT,0,0,NULL,NULL,NULL,255578,2026-04-09 14:18:57.000,0,NULL,NULL,2018-03-15,NULL,NULL,NULL,1,0,
2110,,02110-FUR-MK-CFS-PTRE-14,Meja Kerja,CFS,MODERA,Warna Cokelat,0,101005,0,0,23-1131109,100002,80,LT,0,0,NULL,NULL,NULL,255578,2026-04-09 14:18:52.000,0,NULL,NULL,2018-03-15,NULL,NULL,NULL,1,0,
2111,,02111-FUR-MK-CFS-PTRE-14,Meja Kerja,CFS,MODERA,Warna Cokelat,0,112009,0,0,NULL,100002,80,LT,0,0,NULL,NULL,NULL,130090,2024-02-28 11:37:30.000,0,NULL,NULL,2018-03-15,NULL,NULL,NULL,1,1,
2112,,02112-FUR-MK-CFS-PTRE-14,Meja Kerja,CFS,MODERA,Warna Cokelat,0,112009,0,0,NULL,100002,80,LT,0,0,NULL,NULL,NULL,130090,2024-02-28 11:37:21.000,0,NULL,NULL,2018-03-15,NULL,NULL,NULL,1,1,
2113,,02113-FUR-MK-CFS-PTRE-14,Meja Kerja,CFS,MODERA,Warna Cokelat,0,112009,0,0,NULL,100002,80,LT,0,0,NULL,NULL,NULL,130090,2024-02-28 11:37:11.000,0,NULL,NULL,2018-03-15,NULL,NULL,NULL,1,1,
2114,,02114-FUR-MK-CFS-PTRE-14,Meja Kerja,CFS,MODERA,Warna Cokelat,0,112009,0,0,NULL,100002,80,LT,0,0,NULL,NULL,NULL,130090,2024-02-28 11:37:01.000,0,NULL,NULL,2018-03-15,NULL,NULL,NULL,1,1,
2115,,02115-FUR-MK-CFS-PTRE-14,Meja Kerja,CFS,MODERA,Warna Cokelat,0,112009,0,0,NULL,100002,80,LT,0,0,NULL,NULL,NULL,130090,2024-02-28 11:36:53.000,0,NULL,NULL,2018-03-15,NULL,NULL,NULL,1,1,
2116,,02116-FUR-MK-CFS-PTRE-14,Meja Kerja,CFS,MODERA,Warna Cokelat,0,112009,0,0,NULL,100002,80,LT,0,0,NULL,NULL,NULL,130090,2024-02-28 11:36:44.000,0,NULL,NULL,2018-03-15,NULL,NULL,NULL,1,1,
2117,,02117-FUR-MK-CFS-PTRE-14,Meja Kerja,CFS,MODERA,Warna Cokelat,0,112009,0,0,NULL,100002,80,LT,0,0,NULL,NULL,NULL,130090,2024-02-28 11:36:12.000,0,NULL,NULL,2018-03-15,NULL,NULL,NULL,1,1,
2118,,02118-FUR-MK-CFS-PTRE-14,Meja Kerja,CFS,MODERA,Warna Cokelat,0,112009,0,0,NULL,100002,80,LT,0,0,NULL,NULL,NULL,130090,2024-02-28 11:36:04.000,0,NULL,NULL,2018-03-15,NULL,NULL,NULL,1,1,
2119,,02119-FUR-MK-CFS-PTRE-14,Meja Kerja,CFS,MODERA,Warna Cokelat,0,112009,0,0,NULL,100002,80,LT,0,0,NULL,NULL,NULL,130090,2024-02-28 11:35:55.000,0,NULL,NULL,2018-03-15,NULL,NULL,NULL,1,1,
2120,,02120-FUR-MK-CFS-PTRE-14,Meja Meeting Oval,CFS,NOBRAND,Warna Cokelat,0,102029,0,0,23-1131109,100002,80,LT,0,0,NULL,NULL,NULL,255578,2026-06-07 20:44:06.000,0,NULL,NULL,2018-03-15,NULL,NULL,NULL,0,0,
2121,,02121-FUR-MK-CFS-PTRE-14,Meja Kerja,CFS,MODERA,Warna Cokelat,0,112009,0,0,NULL,100002,80,LT,0,0,NULL,NULL,NULL,130090,2024-02-28 11:35:37.000,0,NULL,NULL,2018-03-15,NULL,NULL,NULL,1,1,
2122,,02122-FUR-MK-CFS-PTRE-14,Meja Kerja,CFS,MODERA,Warna Cokelat,0,112009,0,0,NULL,100002,80,LT,0,0,NULL,NULL,NULL,130090,2024-02-28 11:35:29.000,0,NULL,NULL,2018-03-15,NULL,NULL,NULL,1,1,
2123,,02123-FUR-MK-CFS-PTRE-14,Meja Lipat Putih,CFS,FULTURA,Meja Lipat,0,102023,0,0,23-1131109,100002,80,LT,0,0,NULL,NULL,NULL,140133,2025-02-14 09:13:27.000,0,NULL,NULL,2018-03-15,1714632557WhatsApp_Image_2024-03-09_at_10_10_44.jpeg,1714632557WhatsApp_Image_2024-03-09_at_10_10_44_thumb.jpeg,/assets/uploads/assetsre/ap/,1,0,
2124,,02124-FUR-MK-CFS-PTRE-14,Meja Kerja,CFS,MODERA,Warna Cokelat,0,102023,0,0,NULL,100002,80,LT,0,0,NULL,NULL,NULL,130090,2024-05-02 11:09:04.000,0,NULL,NULL,2018-03-15,17146229445.JPG,17146229445_thumb.JPG,/assets/uploads/assetsre/ap/,0,0,
2125,,02125-FUR-MK-CFS-PTRE-14,Meja Kerja,CFS,MODERA,Warna Cokelat,0,102023,0,0,NULL,100002,80,LT,0,0,NULL,NULL,NULL,130090,2024-05-02 11:08:40.000,0,NULL,NULL,2018-03-15,17146229205.JPG,17146229205_thumb.JPG,/assets/uploads/assetsre/ap/,0,0,
2126,,02126-FUR-MK-CFS-PTRE-14,Meja Kerja,CFS,MODERA,Warna Cokelat,0,102023,0,0,NULL,100002,80,LT,0,0,NULL,NULL,NULL,130090,2024-05-02 11:08:15.000,0,NULL,NULL,2018-03-15,17146228955.JPG,17146228955_thumb.JPG,/assets/uploads/assetsre/ap/,0,0,
2127,,02127-FUR-MK-CFS-PTRE-14,Meja Kerja,CFS,MODERA,Warna Cokelat,0,102023,0,0,NULL,100002,80,LT,0,0,NULL,NULL,NULL,130090,2024-05-02 11:07:46.000,0,NULL,NULL,2018-03-15,17146228665.JPG,17146228665_thumb.JPG,/assets/uploads/assetsre/ap/,0,0,
2128,,02128-FUR-MK-CFS-PTRE-14,Meja Kerja,CFS,MODERA,Warna Cokelat,0,102023,0,0,NULL,100002,80,LT,0,0,NULL,NULL,NULL,130090,2024-05-02 11:07:17.000,0,NULL,NULL,2018-03-15,17146228375.JPG,17146228375_thumb.JPG,/assets/uploads/assetsre/ap/,0,0,
2129,,02129-FUR-MK-CFS-PTRE-14,Meja Kerja,CFS,MODERA,Warna Cokelat,0,102023,0,0,NULL,100002,80,LT,0,0,NULL,NULL,NULL,130090,2024-05-02 11:06:53.000,0,NULL,NULL,2018-03-15,17146228135.JPG,17146228135_thumb.JPG,/assets/uploads/assetsre/ap/,0,0,
2130,,02130-FUR-MK-CFS-PTRE-14,Meja Kerja,CFS,MODERA,Warna Cokelat,0,102023,0,0,NULL,100002,80,LT,0,0,NULL,NULL,NULL,130090,2024-05-02 11:06:29.000,0,NULL,NULL,2018-03-15,17146227895.JPG,17146227895_thumb.JPG,/assets/uploads/assetsre/ap/,0,0,
2131,,02131-FUR-MK-CFS-PTRE-14,Meja Kerja,CFS,MODERA,Warna Cokelat,0,102023,0,0,NULL,100002,80,LT,0,0,NULL,NULL,NULL,130090,2024-05-02 11:05:48.000,0,NULL,NULL,2018-03-15,17146227485.JPG,17146227485_thumb.JPG,/assets/uploads/assetsre/ap/,0,0,
2132,,02132-FUR-MK-CFS-PTRE-14,Meja Kerja,CFS,MODERA,Warna Cokelat,0,102023,0,0,NULL,100002,80,LT,0,0,NULL,NULL,NULL,130090,2024-05-02 11:05:23.000,0,NULL,NULL,2018-03-15,17146227235.JPG,17146227235_thumb.JPG,/assets/uploads/assetsre/ap/,0,0,
2133,,02133-FUR-MK-CFS-PTRE-14,Meja Kerja,CFS,MODERA,Warna Cokelat,0,102023,0,0,NULL,100002,80,LT,0,0,NULL,NULL,NULL,130090,2024-05-02 11:04:05.000,0,NULL,NULL,2018-03-15,17146226455.JPG,17146226455_thumb.JPG,/assets/uploads/assetsre/ap/,0,0,
2134,,02134-FUR-MK-CFS-PTRE-14,Meja Kerja,CFS,MODERA,Warna Cokelat,0,102023,0,0,NULL,100002,80,LT,0,0,NULL,NULL,NULL,130090,2024-05-02 11:03:14.000,0,NULL,NULL,2018-03-15,17146225945.JPG,17146225945_thumb.JPG,/assets/uploads/assetsre/ap/,0,0,
2135,,02135-FUR-MK-CFS-PTRE-14,Meja Kerja,CFS,MODERA,Warna Cokelat,0,102023,0,0,NULL,100002,80,LT,0,0,NULL,NULL,NULL,130090,2024-05-02 11:00:10.000,0,NULL,NULL,2018-03-15,17146224105.JPG,17146224105_thumb.JPG,/assets/uploads/assetsre/ap/,0,0,
2136,,02136-FUR-MK-CFS-PTRE-14,Meja Kerja,CFS,MODERA,Warna Cokelat,0,102023,0,0,NULL,100002,80,LT,0,0,NULL,NULL,NULL,130090,2024-05-02 10:59:06.000,0,NULL,NULL,2018-03-15,17146223465.JPG,17146223465_thumb.JPG,/assets/uploads/assetsre/ap/,0,0,
2137,,02137-FUR-MK-CFS-PTRE-14,Meja Lipat Putih,CFS,FULTURA,Meja Plastik Lipat warna putih,0,104011,0,0,23-1131109,100002,80,LT,0,0,NULL,NULL,NULL,140133,2025-02-14 10:40:34.000,0,NULL,NULL,2018-03-15,1710229657WhatsApp_Image_2024-03-09_at_10_10_44.jpeg,1710229657WhatsApp_Image_2024-03-09_at_10_10_44_thumb.jpeg,/assets/uploads/assetsre/ap/,1,0,
2244,,02244-FUR-MK-CFS-PTRE-14,Meja Kerja,CFS,UNO,Warna Cokelat,0,101045,0,0,23-1131109,100002,9,LT,1,0,NULL,NULL,NULL,255578,2026-09-09 16:47:54.000,0,NULL,NULL,2018-03-15,NULL,NULL,NULL,1,0,
2245,,02245-FUR-MK-CFS-PTRE-14,Meja Meeting Recon,CFS,UNO,Meja Meeting,0,102023,0,0,NULL,100002,9,LT,0,0,NULL,NULL,NULL,140133,2024-09-20 09:51:59.000,0,NULL,NULL,2018-03-15,1726800719MEJA_KERJA.jpeg,1726800719MEJA_KERJA_thumb.jpeg,/assets/uploads/assetsre/ap/,0,0,
2246,,02246-FUR-MK-CFS-PTRE-14,Meja Kerja,CFS,UNO,Warna Cokelat,0,102023,0,0,NULL,100002,9,LT,0,0,NULL,NULL,NULL,130090,2024-05-02 11:38:05.000,0,NULL,NULL,2018-03-15,17146246855.JPG,17146246855_thumb.JPG,/assets/uploads/assetsre/ap/,1,0,
2247,,02247-FUR-MK-CFS-PTRE-14,Meja Kerja,CFS,UNO,Warna Cokelat,0,102023,0,0,NULL,100002,9,LT,0,0,NULL,NULL,NULL,130090,2024-05-02 11:37:39.000,0,NULL,NULL,2018-03-15,17146246595.JPG,17146246595_thumb.JPG,/assets/uploads/assetsre/ap/,1,0,
2248,,02248-FUR-MK-CFS-PTRE-14,Meja Kerja,CFS,UNO,Warna Cokelat,0,102023,0,0,NULL,100002,9,LT,0,0,NULL,NULL,NULL,130090,2024-05-02 11:37:11.000,0,NULL,NULL,2018-03-15,17146246315.JPG,17146246315_thumb.JPG,/assets/uploads/assetsre/ap/,1,0,
2249,,02249-FUR-MK-CFS-PTRE-14,Meja Kerja,CFS,UNO,Warna Cokelat,0,102023,0,0,NULL,100002,9,LT,0,0,NULL,NULL,NULL,130090,2024-05-02 11:36:39.000,0,NULL,NULL,2018-03-15,17146245995.JPG,17146245995_thumb.JPG,/assets/uploads/assetsre/ap/,1,0,
2272,,02272-FUR-MK-CFS-PTRE-14,Meja Kerja Lipat,CFS,FUTURA,"Meja Lipat Putih
",0,111004,0,0,23-1131109,100002,9,LT,0,0,NULL,NULL,NULL,255578,2026-02-06 09:44:28.000,0,NULL,NULL,2018-03-15,NULL,NULL,NULL,0,0,
2281,,02281-FUR-MK-CFS-PTRE-12,Meja Kerja,CFS,MODERA,Warna Abu-abu,0,113004,0,0,23-1131109,100002,80,LT,0,0,NULL,NULL,NULL,140133,2024-09-20 10:12:49.000,0,NULL,NULL,2018-03-15,1726801969MEJA_KERJA.jpeg,1726801969MEJA_KERJA_thumb.jpeg,/assets/uploads/assetsre/ap/,0,0,
2282,,02282-FUR-MK-CFS-PTRE-12,Meja Kerja,CFS,MODERA,Warna Abu-abu,0,113004,0,0,23-1131109,100002,9,LT,0,0,NULL,NULL,NULL,140133,2024-09-20 10:12:37.000,0,NULL,NULL,2018-03-15,1726801957MEJA_KERJA.jpeg,1726801957MEJA_KERJA_thumb.jpeg,/assets/uploads/assetsre/ap/,0,0,
2283,NULL,02283-FUR-MK-CFS-PTRE-12,Meja Kerja,CFS,MODERA,Warna Abu-abu,0,113004,0,0,NULL,100002,NULL,LT,0,0,NULL,NULL,NULL,130090,2018-03-15 16:23:06.777,0,NULL,NULL,2018-03-15,NULL,NULL,NULL,0,0,
2284,,02284-FUR-MK-CFS-PTRE-12,Meja Kerja,CFS,MODERA,Warna Abu-abu,0,113004,0,0,23-1131109,100002,9,LT,0,0,NULL,NULL,NULL,140133,2024-09-20 10:12:27.000,0,NULL,NULL,2018-03-15,1726801947MEJA_KERJA.jpeg,1726801947MEJA_KERJA_thumb.jpeg,/assets/uploads/assetsre/ap/,0,0,
2285,,02285-FUR-MK-CFS-PTRE-12,Meja Kerja,CFS,MODERA,Warna Abu-abu,0,113004,0,0,23-1131109,100002,9,LT,0,0,NULL,NULL,NULL,140133,2024-09-20 10:12:29.000,0,NULL,NULL,2018-03-15,1726801949MEJA_KERJA.jpeg,1726801949MEJA_KERJA_thumb.jpeg,/assets/uploads/assetsre/ap/,0,0,
2286,,02286-FUR-MK-CFS-PTRE-12,Meja Kerja,CFS,MODERA,Warna Abu-abu,0,113004,0,0,23-1131109,100002,9,LT,0,0,NULL,NULL,NULL,140133,2024-09-20 10:12:32.000,0,NULL,NULL,2018-03-15,1726801952MEJA_KERJA.jpeg,1726801952MEJA_KERJA_thumb.jpeg,/assets/uploads/assetsre/ap/,0,0,
2287,,02287-FUR-MK-CFS-PTRE-12,Meja Kerja,CFS,MODERA,Warna Abu-abu,0,113004,0,0,23-1131109,100002,9,LT,0,0,NULL,NULL,NULL,140133,2024-09-20 10:12:18.000,0,NULL,NULL,2018-03-15,1726801938MEJA_KERJA.jpeg,1726801938MEJA_KERJA_thumb.jpeg,/assets/uploads/assetsre/ap/,0,0,
2288,,02288-FUR-MK-CFS-PTRE-12,Meja Kerja,CFS,MODERA,Warna Abu-abu,0,113004,0,0,23-1131109,100002,9,LT,0,0,NULL,NULL,NULL,140133,2024-09-20 10:12:24.000,0,NULL,NULL,2018-03-15,1726801944MEJA_KERJA.jpeg,1726801944MEJA_KERJA_thumb.jpeg,/assets/uploads/assetsre/ap/,0,0,
2289,,02289-FUR-MK-CFS-PTRE-12,Meja Kerja,CFS,MODERA,Warna Abu-abu,0,113004,0,0,23-1131109,100002,9,LT,0,1,235248,231004024738,2023-10-02,140133,2024-09-20 10:12:07.000,0,NULL,NULL,2018-03-15,1726801927MEJA_KERJA.jpeg,1726801927MEJA_KERJA_thumb.jpeg,/assets/uploads/assetsre/ap/,0,0,
2290,,02290-FUR-MK-CFS-PTRE-12,Meja Kerja,CFS,MODERA,Warna Abu-abu,0,113004,0,0,23-1131109,100002,9,LT,0,0,NULL,NULL,NULL,140133,2024-09-20 10:12:10.000,0,NULL,NULL,2018-03-15,1726801930MEJA_KERJA.jpeg,1726801930MEJA_KERJA_thumb.jpeg,/assets/uploads/assetsre/ap/,0,0,
2291,,02291-FUR-MK-CFS-PTRE-12,Meja Kerja,CFS,MODERA,Warna Abu-abu,0,113004,0,0,23-1131109,100002,9,LT,0,0,NULL,NULL,NULL,140133,2024-09-20 10:12:13.000,0,NULL,NULL,2018-03-15,1726801933MEJA_KERJA.jpeg,1726801933MEJA_KERJA_thumb.jpeg,/assets/uploads/assetsre/ap/,0,0,
2292,,02292-FUR-MK-CFS-PTRE-12,Meja Kerja,CFS,MODERA,Warna Abu-abu,0,113004,0,0,23-1131109,100002,9,LT,0,0,NULL,NULL,NULL,140133,2024-09-20 10:12:04.000,0,NULL,NULL,2018-03-15,1726801924MEJA_KERJA.jpeg,1726801924MEJA_KERJA_thumb.jpeg,/assets/uploads/assetsre/ap/,0,0,
2293,,02293-FUR-MK-CFS-PTRE-12,Meja Kerja,CFS,MODERA,Warna Abu-abu,0,113004,0,0,23-1131109,100002,9,LT,0,0,NULL,NULL,NULL,140133,2024-09-20 10:11:56.000,0,NULL,NULL,2018-03-15,1726801916MEJA_KERJA.jpeg,1726801916MEJA_KERJA_thumb.jpeg,/assets/uploads/assetsre/ap/,0,0,
2294,,02294-FUR-MK-CFS-PTRE-12,Meja Kerja,CFS,MODERA,Warna Abu-abu,0,113004,0,0,23-1131109,100002,9,LT,0,0,NULL,NULL,NULL,140133,2024-09-20 10:11:59.000,0,NULL,NULL,2018-03-15,1726801919MEJA_KERJA.jpeg,1726801919MEJA_KERJA_thumb.jpeg,/assets/uploads/assetsre/ap/,0,0,
2295,,02295-FUR-MK-CFS-PTRE-12,Meja Kerja,CFS,MODERA,Warna Abu-abu,0,113004,0,0,23-1131109,100002,9,LT,0,0,NULL,NULL,NULL,140133,2024-09-20 10:11:37.000,0,NULL,NULL,2018-03-15,1726801897MEJA_KERJA.jpeg,1726801897MEJA_KERJA_thumb.jpeg,/assets/uploads/assetsre/ap/,0,0,
2296,,02296-FUR-MK-CFS-PTRE-12,Meja Kerja,CFS,MODERA,Warna Abu-abu,0,113004,0,0,23-1131109,100002,9,LT,0,0,NULL,NULL,NULL,140133,2024-09-20 10:11:41.000,0,NULL,NULL,2018-03-15,1726801901MEJA_KERJA.jpeg,1726801901MEJA_KERJA_thumb.jpeg,/assets/uploads/assetsre/ap/,0,0,
2297,,02297-FUR-MK-CFS-PTRE-12,Meja Kerja,CFS,MODERA,Warna Abu-abu,0,113004,0,0,23-1131109,100002,9,LT,0,0,NULL,NULL,NULL,140133,2024-09-20 10:11:44.000,0,NULL,NULL,2018-03-15,1726801904MEJA_KERJA.jpeg,1726801904MEJA_KERJA_thumb.jpeg,/assets/uploads/assetsre/ap/,0,0,
2298,,02298-FUR-MK-CFS-PTRE-12,Meja Kerja,CFS,MODERA,Warna Abu-abu,0,113004,0,0,23-1131109,100002,9,LT,0,0,NULL,NULL,NULL,140133,2024-09-20 10:11:46.000,0,NULL,NULL,2018-03-15,1726801906MEJA_KERJA.jpeg,1726801906MEJA_KERJA_thumb.jpeg,/assets/uploads/assetsre/ap/,0,0,
2299,,02299-FUR-MK-CFS-PTRE-12,Meja Kerja,CFS,MODERA,Warna Abu-abu,0,113004,0,0,23-1131109,100002,9,LT,0,0,NULL,NULL,NULL,140133,2024-09-20 10:11:50.000,0,NULL,NULL,2018-03-15,1726801910MEJA_KERJA.jpeg,1726801910MEJA_KERJA_thumb.jpeg,/assets/uploads/assetsre/ap/,0,0,
2300,,02300-FUR-MK-CFS-PTRE-12,Meja Kerja,CFS,MODERA,Warna Abu-abu,0,113004,0,0,23-1131109,100002,9,LT,0,0,NULL,NULL,NULL,140133,2024-09-20 10:11:29.000,0,NULL,NULL,2018-03-15,1726801889MEJA_KERJA.jpeg,1726801889MEJA_KERJA_thumb.jpeg,/assets/uploads/assetsre/ap/,0,0,
2301,,02301-FUR-MK-CFS-PTRE-12,Meja Kerja,CFS,MODERA,Warna Abu-abu,0,113004,0,0,23-1131109,100002,9,LT,0,0,NULL,NULL,NULL,140133,2024-09-20 10:11:23.000,0,NULL,NULL,2018-03-15,1726801883MEJA_KERJA.jpeg,1726801883MEJA_KERJA_thumb.jpeg,/assets/uploads/assetsre/ap/,0,0,
2302,,02302-FUR-MK-CFS-PTRE-12,Meja Kerja,CFS,MODERA,Warna Abu-abu,0,113004,0,0,23-1131109,100002,9,LT,0,0,NULL,NULL,NULL,140133,2024-09-20 10:11:25.000,0,NULL,NULL,2018-03-15,1726801885MEJA_KERJA.jpeg,1726801885MEJA_KERJA_thumb.jpeg,/assets/uploads/assetsre/ap/,0,0,
2303,,02303-FUR-MK-CFS-PTRE-12,Meja Kerja,CFS,MODERA,Warna Abu-abu,0,113004,0,0,23-1131109,100002,9,LT,0,0,NULL,NULL,NULL,140133,2024-09-20 10:11:20.000,0,NULL,NULL,2018-03-15,1726801880MEJA_KERJA.jpeg,1726801880MEJA_KERJA_thumb.jpeg,/assets/uploads/assetsre/ap/,0,0,
2304,,02304-FUR-MK-CFS-PTRE-12,Meja Kerja,CFS,MODERA,Warna Abu-abu,0,113004,0,0,23-1131109,100002,9,LT,0,0,NULL,NULL,NULL,140133,2024-09-20 10:11:17.000,0,NULL,NULL,2018-03-15,1726801877MEJA_KERJA.jpeg,1726801877MEJA_KERJA_thumb.jpeg,/assets/uploads/assetsre/ap/,0,0,
2305,,02305-FUR-MK-CFS-PTRE-12,Meja Kerja,CFS,MODERA,Warna Abu-abu,0,113004,0,0,23-1131109,100002,9,LT,0,0,NULL,NULL,NULL,140133,2024-09-20 10:11:32.000,0,NULL,NULL,2018-03-15,1726801892MEJA_KERJA.jpeg,1726801892MEJA_KERJA_thumb.jpeg,/assets/uploads/assetsre/ap/,0,0,
2306,,02306-FUR-MK-CFS-PTRE-12,Meja Kerja,CFS,MODERA,Warna Abu-abu,0,113004,0,0,23-1131109,100002,9,LT,0,0,NULL,NULL,NULL,140133,2024-09-20 10:11:14.000,0,NULL,NULL,2018-03-15,1726801874MEJA_KERJA.jpeg,1726801874MEJA_KERJA_thumb.jpeg,/assets/uploads/assetsre/ap/,0,0,
2307,,02307-FUR-MK-CFS-PTRE-12,Meja Kerja,CFS,MODERA,Warna Abu-abu,0,113004,0,0,23-1131109,100002,9,LT,0,0,NULL,NULL,NULL,140133,2024-09-20 10:11:04.000,0,NULL,NULL,2018-03-15,1726801864MEJA_KERJA.jpeg,1726801864MEJA_KERJA_thumb.jpeg,/assets/uploads/assetsre/ap/,0,0,
2308,,02308-FUR-MK-CFS-PTRE-12,Meja Kerja,CFS,MODERA,Warna Abu-abu,0,113004,0,0,23-1131109,100002,9,LT,0,0,NULL,NULL,NULL,140133,2024-09-20 10:11:07.000,0,NULL,NULL,2018-03-15,1726801867MEJA_KERJA.jpeg,1726801867MEJA_KERJA_thumb.jpeg,/assets/uploads/assetsre/ap/,0,0,
2309,,02309-FUR-MK-CFS-PTRE-12,Meja Kerja,CFS,MODERA,Warna Abu-abu,0,113004,0,0,23-1131109,100002,9,LT,0,0,NULL,NULL,NULL,140133,2024-09-20 10:11:10.000,0,NULL,NULL,2018-03-15,1726801870MEJA_KERJA.jpeg,1726801870MEJA_KERJA_thumb.jpeg,/assets/uploads/assetsre/ap/,0,0,
2310,,02310-FUR-MK-CFS-PTRE-12,Meja Kerja,CFS,MODERA,Warna Abu-abu,0,113004,0,0,23-1131109,100002,9,LT,0,0,NULL,NULL,NULL,140133,2024-09-20 10:10:55.000,0,NULL,NULL,2018-03-15,1726801855MEJA_KERJA.jpeg,1726801855MEJA_KERJA_thumb.jpeg,/assets/uploads/assetsre/ap/,0,0,
2311,,02311-FUR-MK-CFS-PTRE-12,Meja Kerja,CFS,MODERA,Warna Abu-abu,0,113004,0,0,23-1131109,100002,9,LT,0,0,NULL,NULL,NULL,140133,2024-09-20 10:10:59.000,0,NULL,NULL,2018-03-15,1726801859MEJA_KERJA.jpeg,1726801859MEJA_KERJA_thumb.jpeg,/assets/uploads/assetsre/ap/,0,0,
2312,,02312-FUR-MK-CFS-PTRE-12,Meja Kerja,CFS,MODERA,Warna Abu-abu,0,113004,0,0,23-1131109,100002,9,LT,0,0,NULL,NULL,NULL,140133,2024-09-20 10:11:02.000,0,NULL,NULL,2018-03-15,1726801862MEJA_KERJA.jpeg,1726801862MEJA_KERJA_thumb.jpeg,/assets/uploads/assetsre/ap/,0,0,
2313,,02313-FUR-MK-CFS-PTRE-12,Meja Kerja,CFS,MODERA,Warna Abu-abu,0,113004,0,0,23-1131109,100002,9,LT,0,0,NULL,NULL,NULL,140133,2024-09-20 10:10:47.000,0,NULL,NULL,2018-03-15,1726801847MEJA_KERJA.jpeg,1726801847MEJA_KERJA_thumb.jpeg,/assets/uploads/assetsre/ap/,0,0,
2314,,02314-FUR-MK-CFS-PTRE-12,Meja Kerja,CFS,MODERA,Warna Abu-abu,0,113004,0,0,23-1131109,100002,9,LT,0,0,NULL,NULL,NULL,140133,2024-09-20 10:10:45.000,0,NULL,NULL,2018-03-15,1726801845MEJA_KERJA.jpeg,1726801845MEJA_KERJA_thumb.jpeg,/assets/uploads/assetsre/ap/,0,0,
2315,,02315-FUR-MK-CFS-PTRE-12,Meja Kerja,CFS,MODERA,Warna Abu-abu,0,113004,0,0,23-1131109,100002,9,LT,0,0,NULL,NULL,NULL,140133,2024-09-20 10:10:42.000,0,NULL,NULL,2018-03-15,1726801842MEJA_KERJA.jpeg,1726801842MEJA_KERJA_thumb.jpeg,/assets/uploads/assetsre/ap/,0,0,
2316,,02316-FUR-MK-CFS-PTRE-12,Meja Kerja,CFS,MODERA,Warna Abu-abu,0,113004,0,0,23-1131109,100002,9,LT,0,0,NULL,NULL,NULL,140133,2024-09-20 10:10:52.000,0,NULL,NULL,2018-03-15,1726801852MEJA_KERJA.jpeg,1726801852MEJA_KERJA_thumb.jpeg,/assets/uploads/assetsre/ap/,0,0,
2401,,02401-FUR-MK-CFS-PTRE-14,Meja Kerja,CFS,MODERA,Warna Cokelat,0,102023,0,0,NULL,100002,80,LT,0,0,NULL,NULL,NULL,130090,2024-05-02 11:33:10.000,0,NULL,NULL,2018-03-15,17146243905.JPG,17146243905_thumb.JPG,/assets/uploads/assetsre/ap/,0,0,
2410,,02410-FUR-MK-CFS-PTRE-14,Meja Kerja,CFS,MODERA,Warna Cokelat,0,103013,0,0,23-1131109,100002,9,LT,0,0,NULL,NULL,NULL,140133,2024-09-20 10:10:34.000,0,NULL,NULL,2018-03-15,1726801834MEJA_KERJA.jpeg,1726801834MEJA_KERJA_thumb.jpeg,/assets/uploads/assetsre/ap/,0,0,
2420,,02420-FUR-MK-CFS-PTRE-14,Meja Kerja,CFS,MODERA,Warna Cokelat,0,102023,0,0,NULL,100002,9,LT,0,0,NULL,NULL,NULL,130090,2024-05-02 11:35:55.000,0,NULL,NULL,2018-03-15,17146245555.JPG,17146245555_thumb.JPG,/assets/uploads/assetsre/ap/,1,0,
2421,,02421-FUR-MK-CFS-PTRE-14,Meja Kerja,CFS,MODERA,Warna Cokelat,0,102023,0,0,NULL,100002,9,LT,0,0,NULL,NULL,NULL,130090,2024-05-02 11:33:41.000,0,NULL,NULL,2018-03-15,17146244215.JPG,17146244215_thumb.JPG,/assets/uploads/assetsre/ap/,0,0,
2428,NULL,02428-FUR-MK-CFS-PTRE-14,Meja Kerja,CFS,MODERA,Warna Cokelat,0,114006,0,0,NULL,100002,NULL,LT,0,0,NULL,NULL,NULL,130090,2018-03-15 16:23:06.777,0,NULL,NULL,2018-03-15,NULL,NULL,NULL,0,0,
2429,NULL,02429-FUR-MK-CFS-PTRE-14,Meja Kerja,CFS,MODERA,Warna Cokelat,0,114006,0,0,NULL,100002,NULL,LT,0,0,NULL,NULL,NULL,130090,2018-03-15 16:23:06.777,0,NULL,NULL,2018-03-15,NULL,NULL,NULL,0,0,
2430,,02430-FUR-MK-CFS-PTRE-14,Meja Kerja,CFS,MODERA,Warna Cokelat,0,114006,0,0,23-1131109,100002,9,LT,0,0,NULL,NULL,NULL,140133,2024-09-20 10:10:00.000,0,NULL,NULL,2018-03-15,1726801800MEJA_KERJA_DEPT.jpeg,1726801800MEJA_KERJA_DEPT_thumb.jpeg,/assets/uploads/assetsre/ap/,0,0,
2431,,02431-FUR-MK-CFS-PTRE-14,Meja Kerja,CFS,MODERA,Warna Cokelat,0,114006,0,0,23-1131109,100002,9,LT,0,0,NULL,NULL,NULL,140133,2024-09-20 10:10:04.000,0,NULL,NULL,2018-03-15,1726801804MEJA_KERJA_DEPT.jpeg,1726801804MEJA_KERJA_DEPT_thumb.jpeg,/assets/uploads/assetsre/ap/,0,0,
2432,,02432-FUR-MK-CFS-PTRE-14,Meja Kerja,CFS,MODERA,Warna Cokelat,0,114006,0,0,23-1131109,100002,9,LT,0,0,NULL,NULL,NULL,140133,2024-09-20 10:09:55.000,0,NULL,NULL,2018-03-15,1726801795MEJA_KERJA_DEPT.jpeg,1726801795MEJA_KERJA_DEPT_thumb.jpeg,/assets/uploads/assetsre/ap/,0,0,
2433,,02433-FUR-MK-CFS-PTRE-14,Meja Kerja,CFS,MODERA,Warna Cokelat,0,114006,0,0,23-1131109,100002,9,LT,0,0,NULL,NULL,NULL,140133,2024-09-20 10:09:58.000,0,NULL,NULL,2018-03-15,1726801798MEJA_KERJA_DEPT.jpeg,1726801798MEJA_KERJA_DEPT_thumb.jpeg,/assets/uploads/assetsre/ap/,0,0,
2434,,02434-FUR-MK-CFS-PTRE-14,Meja Kerja,CFS,MODERA,Warna Cokelat,0,114006,0,0,23-1131109,100002,9,LT,0,0,NULL,NULL,NULL,140133,2024-09-20 10:09:49.000,0,NULL,NULL,2018-03-15,1726801789MEJA_KERJA_DEPT.jpeg,1726801789MEJA_KERJA_DEPT_thumb.jpeg,/assets/uploads/assetsre/ap/,0,0,
2435,,02435-FUR-MK-CFS-PTRE-14,Meja Kerja,CFS,MODERA,Warna Cokelat,0,114006,0,0,23-1131109,100002,9,LT,0,0,NULL,NULL,NULL,140133,2024-09-20 10:09:51.000,0,NULL,NULL,2018-03-15,1726801791MEJA_KERJA_DEPT.jpeg,1726801791MEJA_KERJA_DEPT_thumb.jpeg,/assets/uploads/assetsre/ap/,0,0,
2436,,02436-FUR-MK-CFS-PTRE-14,Meja Kerja,CFS,MODERA,Warna Cokelat,0,114006,0,0,23-1131109,100002,9,LT,0,0,NULL,NULL,NULL,140133,2024-09-20 10:09:46.000,0,NULL,NULL,2018-03-15,1726801786MEJA_KERJA_DEPT1.jpeg,1726801786MEJA_KERJA_DEPT1_thumb.jpeg,/assets/uploads/assetsre/ap/,0,0,
2437,,02437-FUR-MK-CFS-PTRE-14,Meja Kerja,CFS,MODERA,Warna Cokelat,0,114006,0,0,23-1131109,100002,9,LT,0,0,NULL,NULL,NULL,140133,2024-09-20 10:09:31.000,0,NULL,NULL,2018-03-15,1726801771MEJA_KERJA_DEPT.jpeg,1726801771MEJA_KERJA_DEPT_thumb.jpeg,/assets/uploads/assetsre/ap/,0,0,
2438,,02438-FUR-MK-CFS-PTRE-14,Meja Kerja,CFS,MODERA,Warna Cokelat,0,114006,0,0,23-1131109,100002,9,LT,0,0,NULL,NULL,NULL,140133,2024-09-20 10:09:37.000,0,NULL,NULL,2018-03-15,1726801777MEJA_KERJA_DEPT.jpeg,1726801777MEJA_KERJA_DEPT_thumb.jpeg,/assets/uploads/assetsre/ap/,0,0,
2439,,02439-FUR-MK-CFS-PTRE-14,Meja Kerja,CFS,MODERA,Warna Cokelat,0,114006,0,0,23-1131109,100002,9,LT,0,0,NULL,NULL,NULL,140133,2024-09-20 10:09:24.000,0,NULL,NULL,2018-03-15,1726801764MEJA_KERJA_DEPT.jpeg,1726801764MEJA_KERJA_DEPT_thumb.jpeg,/assets/uploads/assetsre/ap/,0,0,
2440,,02440-FUR-MK-CFS-PTRE-14,Meja Kerja,CFS,MODERA,Warna Cokelat,0,114006,0,0,23-1131109,100002,9,LT,0,0,NULL,NULL,NULL,140133,2024-09-20 10:09:26.000,0,NULL,NULL,2018-03-15,1726801766MEJA_KERJA_DEPT.jpeg,1726801766MEJA_KERJA_DEPT_thumb.jpeg,/assets/uploads/assetsre/ap/,0,0,
2487,,02487-FUR-MK-CFS-PTRE-14,Meja Kerja,CFS,MODERA,Warna Cokelat,0,114007,0,0,23-1131109,100002,9,LT,0,0,NULL,NULL,NULL,140133,2024-09-20 10:09:29.000,0,NULL,NULL,2018-03-15,1726801769MEJA_KERJA_DEPT.jpeg,1726801769MEJA_KERJA_DEPT_thumb.jpeg,/assets/uploads/assetsre/ap/,0,0,
2488,,02488-FUR-MK-CFS-PTRE-14,Meja Kerja,CFS,MODERA,Warna Cokelat,0,114007,0,0,23-1131109,100002,9,LT,0,0,NULL,NULL,NULL,140133,2024-09-20 10:09:21.000,0,NULL,NULL,2018-03-15,1726801761MEJA_KERJA_DEPT.jpeg,1726801761MEJA_KERJA_DEPT_thumb.jpeg,/assets/uploads/assetsre/ap/,0,0,
2489,,02489-FUR-MK-CFS-PTRE-14,Meja Kerja,CFS,MODERA,Warna Cokelat,0,114007,0,0,23-1131109,100002,9,LT,0,0,NULL,NULL,NULL,140133,2024-09-20 10:09:41.000,0,NULL,NULL,2018-03-15,1726801781MEJA_KERJA_DEPT.jpeg,1726801781MEJA_KERJA_DEPT_thumb.jpeg,/assets/uploads/assetsre/ap/,0,0,
2490,,02490-FUR-MK-CFS-PTRE-14,Meja Kerja,CFS,MODERA,Warna Cokelat,0,114007,0,0,23-1131109,100002,9,LT,0,0,NULL,NULL,NULL,140133,2024-09-20 10:09:13.000,0,NULL,NULL,2018-03-15,1726801753MEJA_KERJA_DEPT.jpeg,1726801753MEJA_KERJA_DEPT_thumb.jpeg,/assets/uploads/assetsre/ap/,0,0,
2491,,02491-FUR-MK-CFS-PTRE-14,Meja Kerja,CFS,MODERA,Warna Cokelat,0,114007,0,0,23-1131109,100002,9,LT,0,0,NULL,NULL,NULL,140133,2024-09-20 10:09:16.000,0,NULL,NULL,2018-03-15,1726801756MEJA_KERJA_DEPT.jpeg,1726801756MEJA_KERJA_DEPT_thumb.jpeg,/assets/uploads/assetsre/ap/,0,0,
2492,,02492-FUR-MK-CFS-PTRE-14,Meja Kerja,CFS,MODERA,Warna Cokelat,0,114007,0,0,23-1131109,100002,9,LT,0,0,NULL,NULL,NULL,140133,2024-09-20 10:09:07.000,0,NULL,NULL,2018-03-15,1726801747MEJA_KERJA_DEPT.jpeg,1726801747MEJA_KERJA_DEPT_thumb.jpeg,/assets/uploads/assetsre/ap/,0,0,
2493,,02493-FUR-MK-CFS-PTRE-14,Meja Kerja,CFS,MODERA,Warna Cokelat,0,114007,0,0,23-1131109,100002,9,LT,0,0,NULL,NULL,NULL,140133,2024-09-20 10:09:10.000,0,NULL,NULL,2018-03-15,1726801750MEJA_KERJA_DEPT.jpeg,1726801750MEJA_KERJA_DEPT_thumb.jpeg,/assets/uploads/assetsre/ap/,0,0,
2494,,02494-FUR-MK-CFS-PTRE-14,Meja Kerja,CFS,MODERA,Warna Cokelat,0,114007,0,0,23-1131109,100002,9,LT,0,0,NULL,NULL,NULL,140133,2024-09-20 10:09:04.000,0,NULL,NULL,2018-03-15,1726801744MEJA_KERJA_DEPT.jpeg,1726801744MEJA_KERJA_DEPT_thumb.jpeg,/assets/uploads/assetsre/ap/,0,0,
2495,,02495-FUR-MK-CFS-PTRE-14,Meja Kerja,CFS,MODERA,Warna Cokelat,0,114007,0,0,23-1131109,100002,9,LT,0,0,NULL,NULL,NULL,140133,2024-09-20 10:08:58.000,0,NULL,NULL,2018-03-15,1726801738MEJA_KERJA_DEPT.jpeg,1726801738MEJA_KERJA_DEPT_thumb.jpeg,/assets/uploads/assetsre/ap/,0,0,
2496,,02496-FUR-MK-CFS-PTRE-14,Meja Kerja,CFS,MODERA,Warna Cokelat,0,114007,0,0,23-1131109,100002,9,LT,0,0,NULL,NULL,NULL,140133,2024-09-20 10:09:01.000,0,NULL,NULL,2018-03-15,1726801741MEJA_KERJA_DEPT.jpeg,1726801741MEJA_KERJA_DEPT_thumb.jpeg,/assets/uploads/assetsre/ap/,0,0,
2497,,02497-FUR-MK-CFS-PTRE-14,Meja Kerja,CFS,MODERA,Warna Cokelat,0,114007,0,0,23-1131109,100002,9,LT,0,0,NULL,NULL,NULL,140133,2024-09-20 10:08:48.000,0,NULL,NULL,2018-03-15,1726801728MEJA_KERJA_DEPT.jpeg,1726801728MEJA_KERJA_DEPT_thumb.jpeg,/assets/uploads/assetsre/ap/,0,0,
2498,,02498-FUR-MK-CFS-PTRE-14,Meja Kerja,CFS,MODERA,Warna Cokelat,0,114007,0,0,23-1131109,100002,9,LT,0,0,NULL,NULL,NULL,140133,2024-09-20 10:08:51.000,0,NULL,NULL,2018-03-15,1726801731MEJA_KERJA_DEPT.jpeg,1726801731MEJA_KERJA_DEPT_thumb.jpeg,/assets/uploads/assetsre/ap/,0,0,
2499,,02499-FUR-MK-CFS-PTRE-14,Meja Kerja,CFS,MODERA,Warna Cokelat,0,114007,0,0,23-1131109,100002,9,LT,0,0,NULL,NULL,NULL,140133,2024-09-20 10:08:45.000,0,NULL,NULL,2018-03-15,1726801725MEJA_KERJA_DEPT.jpeg,1726801725MEJA_KERJA_DEPT_thumb.jpeg,/assets/uploads/assetsre/ap/,0,0,
2500,,02500-FUR-MK-CFS-PTRE-14,Meja Kerja,CFS,MODERA,Warna Cokelat,0,114007,0,0,23-1131109,100002,9,LT,0,0,NULL,NULL,NULL,140133,2024-09-20 10:08:42.000,0,NULL,NULL,2018-03-15,1726801722MEJA_KERJA_DEPT.jpeg,1726801722MEJA_KERJA_DEPT_thumb.jpeg,/assets/uploads/assetsre/ap/,0,0,
2501,,02501-FUR-MK-CFS-PTRE-14,Meja Kerja,CFS,MODERA,Warna Cokelat,0,114007,0,0,23-1131109,100002,9,LT,0,0,NULL,NULL,NULL,140133,2024-09-20 10:08:40.000,0,NULL,NULL,2018-03-15,1726801720MEJA_KERJA_DEPT.jpeg,1726801720MEJA_KERJA_DEPT_thumb.jpeg,/assets/uploads/assetsre/ap/,0,0,
2502,,02502-FUR-MK-CFS-PTRE-14,Meja Kerja,CFS,MODERA,Warna Cokelat,0,114007,0,0,23-1131109,100002,9,LT,0,0,NULL,NULL,NULL,140133,2024-09-20 10:08:37.000,0,NULL,NULL,2018-03-15,1726801717MEJA_KERJA_DEPT.jpeg,1726801717MEJA_KERJA_DEPT_thumb.jpeg,/assets/uploads/assetsre/ap/,0,0,
2503,,02503-FUR-MK-CFS-PTRE-14,Meja Kerja,CFS,MODERA,Warna Cokelat,0,114007,0,0,23-1131109,100002,9,LT,0,0,NULL,NULL,NULL,140133,2024-09-20 10:08:25.000,0,NULL,NULL,2018-03-15,1726801705MEJA_KERJA_DEPT.jpeg,1726801705MEJA_KERJA_DEPT_thumb.jpeg,/assets/uploads/assetsre/ap/,0,0,
2504,,02504-FUR-MK-CFS-PTRE-14,Meja Kerja,CFS,MODERA,Warna Cokelat,0,114007,0,0,23-1131109,100002,9,LT,0,0,NULL,NULL,NULL,140133,2024-09-20 10:08:32.000,0,NULL,NULL,2018-03-15,1726801712MEJA_KERJA_DEPT.jpeg,1726801712MEJA_KERJA_DEPT_thumb.jpeg,/assets/uploads/assetsre/ap/,0,0,
2532,,02532-FUR-MK-CFS-PTRE-14,Meja Kerja,CFS,MODERA,Warna Cokelat,0,102023,0,0,23-1131109,100002,9,LT,0,0,NULL,NULL,NULL,140133,2024-09-20 10:08:04.000,0,NULL,NULL,2018-03-15,1726801684MEJA_KERJA.jpeg,1726801684MEJA_KERJA_thumb.jpeg,/assets/uploads/assetsre/ap/,0,0,
2533,,02533-FUR-MK-CFS-PTRE-14,Meja Kerja,CFS,MODERA,Warna Cokelat,0,102023,0,0,23-1131109,100002,9,LT,0,0,NULL,NULL,NULL,140133,2024-09-20 10:08:01.000,0,NULL,NULL,2018-03-15,1726801681MEJA_KERJA.jpeg,1726801681MEJA_KERJA_thumb.jpeg,/assets/uploads/assetsre/ap/,0,0,
2555,,02555-FUR-MK-CFS-PTRE-14,Meja Kerja,CFS,MODERA,Warna Cokelat,0,115002,0,0,23-1131109,100002,9,LT,0,0,NULL,NULL,NULL,140133,2024-09-20 10:07:52.000,0,NULL,NULL,2018-03-15,1726801672MEJA_KERJA.jpeg,1726801672MEJA_KERJA_thumb.jpeg,/assets/uploads/assetsre/ap/,0,0,
2556,,02556-FUR-MK-CFS-PTRE-14,Meja Kerja,CFS,MODERA,Warna Cokelat,0,115002,0,0,23-1131109,100002,9,LT,0,0,NULL,NULL,NULL,140133,2024-09-20 10:07:46.000,0,NULL,NULL,2018-03-15,1726801666MEJA_KERJA.jpeg,1726801666MEJA_KERJA_thumb.jpeg,/assets/uploads/assetsre/ap/,0,0,
2557,,02557-FUR-MK-CFS-PTRE-14,Meja Kerja,CFS,MODERA,Warna Cokelat,0,115002,0,0,23-1131109,100002,9,LT,0,0,NULL,NULL,NULL,140133,2024-09-20 10:07:35.000,0,NULL,NULL,2018-03-15,1726801655MEJA_KERJA.jpeg,1726801655MEJA_KERJA_thumb.jpeg,/assets/uploads/assetsre/ap/,0,0,
4007,,02597-FUR-LM-CFS-PTRE-11,Meja Kerja,CFS,UNO,Meja Kerja Cream,0,101036,0,0,NULL,100002,9,LT,0,0,,200925113124,2020-09-25,140133,2024-09-20 09:51:33.000,0,NULL,NULL,2017-02-09,1726800693MEJA_KERJA.jpeg,1726800693MEJA_KERJA_thumb.jpeg,/assets/uploads/assetsre/ap/,0,0,
6573,,02606-FUR-MK-CFS-PTRE-14,Meja Kerja,CFS,UNO," 
",0,101036,0,0,NULL,100002,9,LT,0,1,022020,200616012830,2020-06-16,130090,2023-06-14 09:11:54.000,0,NULL,NULL,2020-06-15,1601607083meja_cream.jpg,1601607083meja_cream_thumb.jpg,/assets/uploads/assetsre/ap/,0,0,
6574,,02607-FUR-MK.CFS-PTRE-13,Meja Kerja,CFS,UNO,,0,101036,0,0,NULL,100002,9,LT,0,NULL,NULL,NULL,NULL,130090,2023-06-14 09:11:34.000,0,NULL,NULL,2020-10-02,1601607230meja_cream.jpg,1601607230meja_cream_thumb.jpg,/assets/uploads/assetsre/ap/,0,0,
6577,,02610-FUR-MK-CFS-PTRE-13,MEJA LIPAT,CFS,UNO,Meja Plastik Lipat,0,105007,0,0,NULL,100002,80,LT,0,1,316618,201019105652,2020-10-19,130090,2024-03-09 11:15:45.000,1,140133,2024-08-02 09:19:33.000,2020-10-15,1709957745WhatsApp_Image_2024-03-09_at_10_10_44.jpeg,1709957745WhatsApp_Image_2024-03-09_at_10_10_44_thumb.jpeg,/assets/uploads/assetsre/ap/,0,0,
8591,,03142-FUR-MK -CFS-PTRE-14,Meja Lipat Putih,CFS,FULTURA,Meja ukuran 200 cm x 60 cm kaki besi lipat,0,105003,0,0,NULL,100002,1093,LT,0,NULL,NULL,NULL,NULL,130090,2024-04-18 11:47:37.000,0,NULL,NULL,2024-04-18,1713415657WhatsApp_Image_2024-04-18_at_11_46_42.jpeg,1713415657WhatsApp_Image_2024-04-18_at_11_46_42_thumb.jpeg,/assets/uploads/assetsre/ap/,0,0,
8592,,03143-FUR-MK -CFS-PTRE-14,Meja Lipat Putih,CFS,FULTURA,Meja Lipat kaki besi ukuran 200 cm x 60 cm,0,105003,0,0,NULL,100002,1093,LT,0,NULL,NULL,NULL,NULL,130090,2024-04-18 11:49:21.000,0,NULL,NULL,2024-04-18,1713415760WhatsApp_Image_2024-04-18_at_11_46_42.jpeg,1713415760WhatsApp_Image_2024-04-18_at_11_46_42_thumb.jpeg,/assets/uploads/assetsre/ap/,0,0,
8593,,03144-FUR-MK -CFS-PTRE-14,Meja Lipat Putih,CFS,FULTURA,Meja Lipat kaki besi ukuran 200 cm x 60 cm,0,105003,0,0,NULL,100002,1093,LT,0,NULL,NULL,NULL,NULL,130090,2024-04-18 11:50:13.000,0,NULL,NULL,2024-04-18,1713415813WhatsApp_Image_2024-04-18_at_11_46_42.jpeg,1713415813WhatsApp_Image_2024-04-18_at_11_46_42_thumb.jpeg,/assets/uploads/assetsre/ap/,0,0,
8594,,03145-FUR-MK -CFS-PTRE-14,Meja Lipat Putih,CFS,FULTURA,Meja Lipat kaki besi ukuran 200 cm x 60 cm,0,105003,0,0,NULL,100002,1093,LT,0,NULL,NULL,NULL,NULL,130090,2024-04-18 11:51:24.000,0,NULL,NULL,2024-04-18,1713415884WhatsApp_Image_2024-04-18_at_11_46_42.jpeg,1713415884WhatsApp_Image_2024-04-18_at_11_46_42_thumb.jpeg,/assets/uploads/assetsre/ap/,0,0,
8595,,03146-FUR-MK -CFS-PTRE-14,Meja Lipat Putih,CFS,FULTURA,Meja Lipat kaki besi ukuran 200 cm x 60 cm,0,105003,0,0,NULL,100002,1093,LT,0,NULL,NULL,NULL,NULL,130090,2024-04-18 11:52:17.000,0,NULL,NULL,2024-04-18,1713415937WhatsApp_Image_2024-04-18_at_11_46_42.jpeg,1713415937WhatsApp_Image_2024-04-18_at_11_46_42_thumb.jpeg,/assets/uploads/assetsre/ap/,0,0,
8596,,03147-FUR-MK -CFS-PTRE-14,Meja Lipat Putih,CFS,FULTURA,Meja Lipat kaki besi ukuran 200 cm x 60 cm,0,105014,0,0,NULL,100002,1093,LT,0,NULL,NULL,NULL,NULL,140133,2024-08-02 09:37:51.000,0,NULL,NULL,2024-04-18,1713415986WhatsApp_Image_2024-04-18_at_11_46_42.jpeg,1713415986WhatsApp_Image_2024-04-18_at_11_46_42_thumb.jpeg,/assets/uploads/assetsre/ap/,0,1,
8597,,03148-FUR-MK -CFS-PTRE-14,Meja Lipat Putih,CFS,FULTURA,Meja Lipat kaki besi ukuran 200 cm x 60 cm,0,105014,0,0,NULL,100002,1093,LT,0,NULL,NULL,NULL,NULL,130090,2024-04-18 11:53:54.000,1,140133,2024-08-23 14:15:45.000,2024-04-18,1713416034WhatsApp_Image_2024-04-18_at_11_46_42.jpeg,1713416034WhatsApp_Image_2024-04-18_at_11_46_42_thumb.jpeg,/assets/uploads/assetsre/ap/,0,0,
8604,,03155-FUR-MK -CFS-PTRE-14,Meja Kerja L,CFS,UNO,Custum HPL,0,102014,0,0,23-1131109,100002,9,LT,0,NULL,NULL,NULL,NULL,255578,2026-06-07 20:56:20.000,0,NULL,NULL,2024-04-19,1713516164WhatsApp_Image_2024-04-19_at_14_25_49.jpeg,1713516164WhatsApp_Image_2024-04-19_at_14_25_49_thumb.jpeg,/assets/uploads/assetsre/ap/,0,0,
8627,,03178-FUR-MK -CFS-PTRE-24,Meja Kerja,CFS,UNO,"meja Cojlat ukuran 120 x 60 cm

Meja Ruko Mess Jogya",0,101026,0,0,NULL,100002,9,LT,0,NULL,NULL,NULL,NULL,140133,2025-05-19 10:31:18.000,0,NULL,NULL,2024-05-08,1715161140WhatsApp_Image_2024-03-09_at_10_11_08.jpeg,1715161140WhatsApp_Image_2024-03-09_at_10_11_08_thumb.jpeg,/assets/uploads/assetsre/ap/,0,0,
8628,,03179-FUR-MK -CFS-PTRE-24,Meja Kerja,CFS,UNO,"Meja Coklat Ukuran 120 cm X 60 cm

Mess Ruko Jogya",0,101026,0,0,NULL,100002,9,LT,0,NULL,NULL,NULL,NULL,140133,2025-05-19 10:31:10.000,0,NULL,NULL,2024-05-08,1715161272WhatsApp_Image_2024-03-09_at_10_11_08.jpeg,1715161272WhatsApp_Image_2024-03-09_at_10_11_08_thumb.jpeg,/assets/uploads/assetsre/ap/,0,0,
8629,,03180-FUR-MK -CFS-PTRE-24,Meja Kerja,CFS,UNO,"Meja Coklat Ukuran 120 cm X 60 cm

Mess Ruko Jogya",0,101026,0,0,NULL,100002,9,LT,0,NULL,NULL,NULL,NULL,140133,2025-05-19 10:31:04.000,0,NULL,NULL,2024-05-08,1715161352WhatsApp_Image_2024-03-09_at_10_11_08.jpeg,1715161352WhatsApp_Image_2024-03-09_at_10_11_08_thumb.jpeg,/assets/uploads/assetsre/ap/,0,0,
8630,,03181-FUR-MK -CFS-PTRE-24,Meja Kerja,CFS,UNO,"Meja Coklat Ukuran 120 cm X 60 cm

Mess Ruko Jogya",0,101026,0,0,NULL,100002,9,LT,0,NULL,NULL,NULL,NULL,140133,2025-05-19 10:30:53.000,0,NULL,NULL,2024-05-08,1715161561WhatsApp_Image_2024-03-09_at_10_11_08.jpeg,1715161561WhatsApp_Image_2024-03-09_at_10_11_08_thumb.jpeg,/assets/uploads/assetsre/ap/,0,0,
8701,,03246-FUR-MK -CFS-PTRE-24,Meja Kerja,CFS,MODERA,,0,101045,0,0,23-1131109,100002,9,LT,0,1,130090,260119061857,2026-01-19,140133,2025-03-18 14:07:46.000,0,NULL,NULL,2024-07-26,1726801651MEJA_KERJA.jpeg,1726801651MEJA_KERJA_thumb.jpeg,/assets/uploads/assetsre/ap/,0,0,
8702,,03247-FUR-MK -CFS-PTRE-24,Meja Kerja,CFS,MODERA,,0,101045,0,0,23-1131109,100002,9,LT,0,NULL,NULL,NULL,NULL,140133,2025-03-18 14:09:12.000,0,NULL,NULL,2024-07-26,1726801644MEJA_KERJA.jpeg,1726801644MEJA_KERJA_thumb.jpeg,/assets/uploads/assetsre/ap/,0,0,
8703,,03248-FUR-MK -CFS-PTRE-24,Meja Kerja,CFS,MODERA,,0,101045,0,0,23-1131109,100002,9,LT,0,1,215050,260119061803,2026-01-19,140133,2025-03-18 14:08:59.000,0,NULL,NULL,2024-07-26,1726801647MEJA_KERJA.jpeg,1726801647MEJA_KERJA_thumb.jpeg,/assets/uploads/assetsre/ap/,0,0,
8704,,03249-FUR-MK -CFS-PTRE-24,Meja Kerja,CFS,MODERA,,0,101045,0,0,23-1131109,100002,9,LT,0,1,053573,260119061734,2026-01-19,140133,2025-03-18 14:07:32.000,0,NULL,NULL,2024-07-26,1726801633MEJA_KERJA.jpeg,1726801633MEJA_KERJA_thumb.jpeg,/assets/uploads/assetsre/ap/,0,0,
8705,,03250-FUR-MK -CFS-PTRE-24,Meja Kerja,CFS,MODERA,,0,101045,0,0,23-1131109,100002,9,LT,0,NULL,NULL,NULL,NULL,140133,2025-03-18 14:07:41.000,0,NULL,NULL,2024-07-26,1726801641MEJA_KERJA.jpeg,1726801641MEJA_KERJA_thumb.jpeg,/assets/uploads/assetsre/ap/,0,0,
8706,,03251-FUR-MK -CFS-PTRE-24,Meja Kerja,CFS,MODERA,,0,101045,0,0,23-1131109,100002,9,LT,0,1,235361,260119061711,2026-01-19,140133,2025-03-18 14:08:52.000,0,NULL,NULL,2024-07-26,1726801630MEJA_KERJA.jpeg,1726801630MEJA_KERJA_thumb.jpeg,/assets/uploads/assetsre/ap/,0,0,
8707,,03252-FUR-MK -CFS-PTRE-24,Meja Kerja,CFS,MODERA,,0,101045,0,0,23-1131109,100002,9,LT,0,1,033340,260119061638,2026-01-19,140133,2025-03-18 14:07:26.000,0,NULL,NULL,2024-07-26,1726801628MEJA_KERJA.jpeg,1726801628MEJA_KERJA_thumb.jpeg,/assets/uploads/assetsre/ap/,0,0,
8738,,03282-FUR-MK -CFS-PTRE-24,Meja Kerja,CFS,UNO,,0,101036,0,0,NULL,100002,9,LT,0,NULL,NULL,NULL,NULL,140133,2024-09-20 09:51:09.000,0,NULL,NULL,2024-07-26,1726800669MEJA_KERJA.jpeg,1726800669MEJA_KERJA_thumb.jpeg,/assets/uploads/assetsre/ap/,0,0,
8739,,03283-FUR-MK -CFS-PTRE-24,Meja Kerja,CFS,UNO,,0,101036,0,0,NULL,100002,9,LT,0,NULL,NULL,NULL,NULL,140133,2024-09-20 09:51:02.000,0,NULL,NULL,2024-07-26,1726800662MEJA_KERJA.jpeg,1726800662MEJA_KERJA_thumb.jpeg,/assets/uploads/assetsre/ap/,0,0,
8740,,03284-FUR-MK -CFS-PTRE-24,Meja Kerja,CFS,UNO,,0,101036,0,0,NULL,100002,9,LT,0,NULL,NULL,NULL,NULL,140133,2024-09-20 09:51:05.000,0,NULL,NULL,2024-07-26,1726800665MEJA_KERJA.jpeg,1726800665MEJA_KERJA_thumb.jpeg,/assets/uploads/assetsre/ap/,0,0,
8741,,03285-FUR-MK -CFS-PTRE-24,Meja Kerja,CFS,UNO,,0,101036,0,0,NULL,100002,9,LT,0,NULL,NULL,NULL,NULL,140133,2024-09-20 09:50:46.000,0,NULL,NULL,2024-07-26,1726800646MEJA_KERJA.jpeg,1726800646MEJA_KERJA_thumb.jpeg,/assets/uploads/assetsre/ap/,0,0,
8742,,03286-FUR-MK -CFS-PTRE-24,Meja Kerja,CFS,UNO,,0,101036,0,0,NULL,100002,9,LT,0,NULL,NULL,NULL,NULL,140133,2024-09-20 09:50:49.000,0,NULL,NULL,2024-07-26,1726800649MEJA_KERJA.jpeg,1726800649MEJA_KERJA_thumb.jpeg,/assets/uploads/assetsre/ap/,0,0,
8743,,03287-FUR-MK -CFS-PTRE-24,Meja Kerja,CFS,UNO,,0,101036,0,0,NULL,100002,9,LT,0,NULL,NULL,NULL,NULL,140133,2024-09-20 09:50:26.000,0,NULL,NULL,2024-07-26,1726800626MEJA_KERJA.jpeg,1726800626MEJA_KERJA_thumb.jpeg,/assets/uploads/assetsre/ap/,0,0,
8744,,03288-FUR-MK -CFS-PTRE-24,Meja Kerja,CFS,UNO,,0,101036,0,0,NULL,100002,9,LT,0,NULL,NULL,NULL,NULL,140133,2024-09-20 09:50:29.000,0,NULL,NULL,2024-07-26,1726800629MEJA_KERJA.jpeg,1726800629MEJA_KERJA_thumb.jpeg,/assets/uploads/assetsre/ap/,0,0,
8745,,03289-FUR-MK -CFS-PTRE-24,Meja Kerja,CFS,UNO,,0,101036,0,0,NULL,100002,9,LT,0,NULL,NULL,NULL,NULL,140133,2024-09-20 09:50:52.000,0,NULL,NULL,2024-07-26,1726800652MEJA_KERJA.jpeg,1726800652MEJA_KERJA_thumb.jpeg,/assets/uploads/assetsre/ap/,0,0,
8746,,03290-FUR-MK -CFS-PTRE-24,Meja Kerja,CFS,UNO,,0,101036,0,0,NULL,100002,9,LT,0,NULL,NULL,NULL,NULL,140133,2024-09-20 09:50:35.000,0,NULL,NULL,2024-07-26,1726800635MEJA_KERJA.jpeg,1726800635MEJA_KERJA_thumb.jpeg,/assets/uploads/assetsre/ap/,0,0,
8747,,03291-FUR-MK -CFS-PTRE-24,Meja Kerja,CFS,UNO,,0,101036,0,0,NULL,100002,9,LT,0,NULL,NULL,NULL,NULL,140133,2024-09-20 09:50:38.000,0,NULL,NULL,2024-07-26,1726800638MEJA_KERJA.jpeg,1726800638MEJA_KERJA_thumb.jpeg,/assets/uploads/assetsre/ap/,0,0,
8748,,03292-FUR-MK -CFS-PTRE-24,Meja Kerja,CFS,UNO,,0,101036,0,0,NULL,100002,9,LT,0,NULL,NULL,NULL,NULL,140133,2024-09-20 09:50:22.000,1,140133,2025-03-10 10:25:12.000,2024-07-26,1726800622MEJA_KERJA.jpeg,1726800622MEJA_KERJA_thumb.jpeg,/assets/uploads/assetsre/ap/,0,0,
8749,,03293-FUR-MK -CFS-PTRE-24,Meja Kerja,CFS,UNO,,0,101036,0,0,NULL,100002,9,LT,0,NULL,NULL,NULL,NULL,140133,2024-09-20 09:50:42.000,1,140133,2025-03-10 10:25:09.000,2024-07-26,1726800642MEJA_KERJA.jpeg,1726800642MEJA_KERJA_thumb.jpeg,/assets/uploads/assetsre/ap/,0,0,
8805,,03348-FUR-MK -CFS-PTRE-24,Meja Kerja,CFS,UNO,,0,101045,0,0,23-1131109,100002,9,LT,0,NULL,NULL,NULL,NULL,255578,2026-09-09 16:47:25.000,0,NULL,NULL,2024-07-26,1726800619MEJA_KERJA.jpeg,1726800619MEJA_KERJA_thumb.jpeg,/assets/uploads/assetsre/ap/,1,0,
8806,,03349-FUR-MK -CFS-PTRE-24,Meja Kerja,CFS,UNO,,0,111006,0,0,23-1131109,100002,9,LT,0,NULL,NULL,NULL,NULL,255578,2026-02-06 11:33:26.000,0,NULL,NULL,2024-07-26,1726800600MEJA_KERJA.jpeg,1726800600MEJA_KERJA_thumb.jpeg,/assets/uploads/assetsre/ap/,0,0,
8813,,03355-FUR-MK -CFS-PTRE-24,Meja Kerja,CFS,UNO,,0,101046,0,0,NULL,100002,9,LT,0,NULL,NULL,NULL,NULL,140133,2024-09-20 09:50:03.000,0,NULL,NULL,2024-07-26,1726800603MEJA_KERJA.jpeg,1726800603MEJA_KERJA_thumb.jpeg,/assets/uploads/assetsre/ap/,0,0,
8814,,03356-FUR-MK -CFS-PTRE-24,Meja Kerja,CFS,UNO,,0,101046,0,0,NULL,100002,9,LT,0,NULL,NULL,NULL,NULL,140133,2024-09-20 09:50:06.000,0,NULL,NULL,2024-07-26,1726800606MEJA_KERJA.jpeg,1726800606MEJA_KERJA_thumb.jpeg,/assets/uploads/assetsre/ap/,0,0,
8815,,03357-FUR-MK -CFS-PTRE-24,Meja Kerja,CFS,UNO,,0,101046,0,0,NULL,100002,9,LT,0,NULL,NULL,NULL,NULL,140133,2024-09-20 09:50:09.000,0,NULL,NULL,2024-07-26,1726800609MEJA_KERJA.jpeg,1726800609MEJA_KERJA_thumb.jpeg,/assets/uploads/assetsre/ap/,0,0,
8841,,03383-FUR-MK-CFS-PTRE-24,Meja Kerja + Laci,CFS,MODERA,,0,101040,0,0,23-1131109,100002,10,LT,0,NULL,NULL,NULL,NULL,255578,2026-09-07 08:46:37.000,0,NULL,NULL,2024-07-29,1726801581MEJA_KERJA.jpeg,1726801581MEJA_KERJA_thumb.jpeg,/assets/uploads/assetsre/ap/,0,0,
8842,,03384-FUR-MK -CFS-PTRE-24,Meja Kerja,CFS,MODERA,,0,102029,0,0,23-1131109,100002,9,LT,0,NULL,NULL,NULL,NULL,255578,2026-09-03 10:23:42.000,0,NULL,NULL,2024-07-29,1726801619MEJA_KERJA.jpeg,1726801619MEJA_KERJA_thumb.jpeg,/assets/uploads/assetsre/ap/,1,0,
8843,,03385-FUR-MK -CFS-PTRE-24,Meja Kerja (120 x 50 x 70),CFS,UNO,,0,101034,0,0,23-1131109,100002,9,LT,0,NULL,NULL,NULL,NULL,255578,2026-09-07 13:22:46.000,0,NULL,NULL,2024-07-29,1726801586MEJA_KERJA.jpeg,1726801586MEJA_KERJA_thumb.jpeg,/assets/uploads/assetsre/ap/,1,0,
8867,,03409-FUR-MK -CFS-PTRE-24,Meja Kerja,CFS,UNO,,0,101051,0,0,NULL,100002,9,LT,0,NULL,NULL,NULL,NULL,140133,2024-09-20 09:49:53.000,0,NULL,NULL,2024-07-29,1726800593MEJA_KERJA.jpeg,1726800593MEJA_KERJA_thumb.jpeg,/assets/uploads/assetsre/ap/,0,0,
8868,,02339-FUR-MK -ICT-PTRE-0724,Meja Kerja,CFS,UNO,,0,101051,0,0,NULL,100002,9,LT,0,NULL,NULL,NULL,NULL,140133,2024-09-20 09:49:56.000,1,140133,2025-02-12 14:35:36.000,2024-07-29,1726800596MEJA_KERJA.jpeg,1726800596MEJA_KERJA_thumb.jpeg,/assets/uploads/assetsre/ap/,0,0,
8869,,03410-FUR-MK -CFS-PTRE-24,Meja Kerja,CFS,UNO,,0,101051,0,0,NULL,100002,9,LT,0,NULL,NULL,NULL,NULL,140133,2024-09-20 09:49:43.000,0,NULL,NULL,2024-07-29,1726800583MEJA_KERJA.jpeg,1726800583MEJA_KERJA_thumb.jpeg,/assets/uploads/assetsre/ap/,0,0,
8870,,03411-FUR-MK -CFS-PTRE-24,Meja Kerja,CFS,UNO,,0,101051,0,0,NULL,100002,9,LT,0,NULL,NULL,NULL,NULL,140133,2024-09-20 09:49:47.000,0,NULL,NULL,2024-07-29,1726800587MEJA_KERJA.jpeg,1726800587MEJA_KERJA_thumb.jpeg,/assets/uploads/assetsre/ap/,0,0,
8871,,03412-FUR-MK -CFS-PTRE-24,Meja Kerja,CFS,UNO,,0,101051,0,0,NULL,100002,9,LT,0,NULL,NULL,NULL,NULL,140133,2024-09-20 09:49:50.000,0,NULL,NULL,2024-07-29,1726800590MEJA_KERJA.jpeg,1726800590MEJA_KERJA_thumb.jpeg,/assets/uploads/assetsre/ap/,0,0,
8872,,03413-FUR-MK -CFS-PTRE-24,Meja Kerja,CFS,UNO,,0,101051,0,0,NULL,100002,9,LT,0,NULL,NULL,NULL,NULL,140133,2024-09-20 09:49:38.000,0,NULL,NULL,2024-07-29,1726800578MEJA_KERJA.jpeg,1726800578MEJA_KERJA_thumb.jpeg,/assets/uploads/assetsre/ap/,0,0,
8873,,03414-FUR-MK -CFS-PTRE-24,Meja Kerja,CFS,UNO,,0,101051,0,0,NULL,100002,9,LT,0,NULL,NULL,NULL,NULL,140133,2024-09-20 09:49:23.000,0,NULL,NULL,2024-07-29,1726800563MEJA_KERJA.jpeg,1726800563MEJA_KERJA_thumb.jpeg,/assets/uploads/assetsre/ap/,0,0,
8900,,03436-FUR-MK -CFS-PTRE-24,Meja Kerja,CFS,UNO,,0,101047,0,0,NULL,100002,9,LT,0,NULL,NULL,NULL,NULL,140133,2024-09-20 09:49:29.000,0,NULL,NULL,2024-07-29,1726800569MEJA_KERJA.jpeg,1726800569MEJA_KERJA_thumb.jpeg,/assets/uploads/assetsre/ap/,0,0,
8901,,03437-FUR-MK -CFS-PTRE-24,Meja Kerja,CFS,UNO,,0,101047,0,0,NULL,100002,9,LT,0,NULL,NULL,NULL,NULL,140133,2024-09-20 09:49:33.000,0,NULL,NULL,2024-07-29,1726800573MEJA_KERJA.jpeg,1726800573MEJA_KERJA_thumb.jpeg,/assets/uploads/assetsre/ap/,0,0,
8902,,03438-FUR-MK -CFS-PTRE-24,Meja Kerja,CFS,UNO,,0,101047,0,0,NULL,100002,9,LT,0,NULL,NULL,NULL,NULL,140133,2024-09-20 09:49:20.000,0,NULL,NULL,2024-07-29,1726800560MEJA_KERJA.jpeg,1726800560MEJA_KERJA_thumb.jpeg,/assets/uploads/assetsre/ap/,0,0,
8903,,03439-FUR-MK -CFS-PTRE-24,Meja Kerja,CFS,UNO,,0,101047,0,0,NULL,100002,9,LT,0,NULL,NULL,NULL,NULL,140133,2024-09-20 09:49:16.000,0,NULL,NULL,2024-07-29,1726800556MEJA_KERJA.jpeg,1726800556MEJA_KERJA_thumb.jpeg,/assets/uploads/assetsre/ap/,0,0,
8904,,03440-FUR-MK -CFS-PTRE-24,Meja Kerja,CFS,UNO,,0,101047,0,0,NULL,100002,9,LT,0,NULL,NULL,NULL,NULL,140133,2024-09-20 09:49:11.000,0,NULL,NULL,2024-07-29,1726800551MEJA_KERJA.jpeg,1726800551MEJA_KERJA_thumb.jpeg,/assets/uploads/assetsre/ap/,0,0,
8905,,03441-FUR-MK -CFS-PTRE-24,Meja Kerja,CFS,UNO,,0,101047,0,0,NULL,100002,9,LT,0,NULL,NULL,NULL,NULL,140133,2024-09-20 09:49:08.000,0,NULL,NULL,2024-07-29,1726800548MEJA_KERJA.jpeg,1726800548MEJA_KERJA_thumb.jpeg,/assets/uploads/assetsre/ap/,0,0,
8906,,03442-FUR-MK -CFS-PTRE-24,Meja Kerja,CFS,UNO,,0,101047,0,0,NULL,100002,9,LT,0,NULL,NULL,NULL,NULL,140133,2024-09-20 09:49:01.000,0,NULL,NULL,2024-07-29,1726800541MEJA_KERJA.jpeg,1726800541MEJA_KERJA_thumb.jpeg,/assets/uploads/assetsre/ap/,0,0,
8907,,03443-FUR-MK -CFS-PTRE-24,Meja Kerja,CFS,UNO,,0,101047,0,0,NULL,100002,9,LT,0,NULL,NULL,NULL,NULL,140133,2024-09-20 09:48:58.000,0,NULL,NULL,2024-07-29,1726800538MEJA_KERJA.jpeg,1726800538MEJA_KERJA_thumb.jpeg,/assets/uploads/assetsre/ap/,0,0,
8969,,03505-FUR-MK -CFS-PTRE-24,Meja Kerja,CFS,UNO,,0,102015,0,0,NULL,100002,9,LT,0,1,022020,260126083008,2026-01-26,140133,2024-09-20 09:48:55.000,0,NULL,NULL,2024-07-30,1726800535MEJA_KERJA.jpeg,1726800535MEJA_KERJA_thumb.jpeg,/assets/uploads/assetsre/ap/,0,0,
8970,,03506-FUR-MK -CFS-PTRE-24,Meja Kerja,CFS,UNO,,0,102015,0,0,NULL,100002,9,LT,0,NULL,NULL,NULL,NULL,140133,2024-09-20 09:49:05.000,0,NULL,NULL,2024-07-30,1726800545MEJA_KERJA.jpeg,1726800545MEJA_KERJA_thumb.jpeg,/assets/uploads/assetsre/ap/,0,0,
8971,,03507-FUR-MK -CFS-PTRE-24,Meja Kerja,CFS,UNO,,0,102015,0,0,NULL,100002,9,LT,0,NULL,NULL,NULL,NULL,140133,2024-09-20 09:48:52.000,0,NULL,NULL,2024-07-30,1726800532MEJA_KERJA.jpeg,1726800532MEJA_KERJA_thumb.jpeg,/assets/uploads/assetsre/ap/,0,0,
8972,,03508-FUR-MK -CFS-PTRE-24,Meja Kerja,CFS,UNO,,0,102015,0,0,NULL,100002,9,LT,0,NULL,NULL,NULL,NULL,140133,2024-09-20 09:48:49.000,0,NULL,NULL,2024-07-30,1726800529MEJA_KERJA.jpeg,1726800529MEJA_KERJA_thumb.jpeg,/assets/uploads/assetsre/ap/,0,0,
8973,,03509-FUR-MK -CFS-PTRE-24,Meja Kerja (120 x 50 x 70),CFS,UNO,ukuran : 120 x 50 x 70,0,101034,0,0,23-1131109,100002,9,LT,0,NULL,NULL,NULL,NULL,255578,2026-09-07 13:22:39.000,0,NULL,NULL,2024-07-30,1726800524MEJA_KERJA.jpeg,1726800524MEJA_KERJA_thumb.jpeg,/assets/uploads/assetsre/ap/,1,0,
8974,,03510-FUR-MK -CFS-PTRE-24,Meja Kerja,CFS,UNO,,0,102016,0,0,NULL,100002,9,LT,0,1,124278,260119111919,2026-01-19,255578,2026-01-19 11:19:42.000,0,NULL,NULL,2024-07-30,1726800518MEJA_KERJA.jpeg,1726800518MEJA_KERJA_thumb.jpeg,/assets/uploads/assetsre/ap/,0,0,
8975,,03511-FUR-MK -CFS-PTRE-14,Meja Lipat,CFS,UNO,,0,105007,0,0,23-1131109,100002,9,LT,0,1,134408,260126083854,2026-01-26,255578,2026-06-07 21:30:32.000,0,NULL,NULL,2018-03-15,1726800520MEJA_KERJA.jpeg,1726800520MEJA_KERJA_thumb.jpeg,/assets/uploads/assetsre/ap/,0,0,
8976,,03512-FUR-MK -CFS-PTRE-24,Meja Kerja,CFS,UNO,,0,102029,0,0,23-1131109,100002,9,LT,0,NULL,NULL,NULL,NULL,255578,2026-09-03 10:20:23.000,0,NULL,NULL,2024-07-30,1726800515MEJA_KERJA.jpeg,1726800515MEJA_KERJA_thumb.jpeg,/assets/uploads/assetsre/ap/,1,0,
8977,,03513-FUR-MK -CFS-PTRE-24,Meja Lipat,CFS,UNO,,0,111005,0,0,23-1131109,100002,9,LT,0,1,032029,260126084216,2026-01-26,255578,2026-06-07 21:17:40.000,0,NULL,NULL,2024-07-30,1726800512MEJA_KERJA.jpeg,1726800512MEJA_KERJA_thumb.jpeg,/assets/uploads/assetsre/ap/,0,0,
8989,,03525-FUR-MK -CFS-PTRE-24,Meja Kerja,CFS,UNO,,0,102016,0,0,NULL,100002,9,LT,0,1,194889,260119020010,2026-01-19,140133,2024-09-20 09:48:27.000,0,NULL,NULL,2024-07-30,1726800507MEJA_KERJA.jpeg,1726800507MEJA_KERJA_thumb.jpeg,/assets/uploads/assetsre/ap/,0,0,
8990,,03526-FUR-MK -CFS-PTRE-24,Meja Kerja,CFS,UNO,,0,102016,0,0,NULL,100002,9,LT,0,1,215078,260119112452,2026-01-19,140133,2024-09-20 09:48:13.000,0,NULL,NULL,2024-07-30,1726800493MEJA_KERJA.jpeg,1726800493MEJA_KERJA_thumb.jpeg,/assets/uploads/assetsre/ap/,0,0,
8991,,03527-FUR-MK -CFS-PTRE-24,Meja Kerja,CFS,UNO,,0,102016,0,0,NULL,100002,9,LT,0,NULL,NULL,NULL,NULL,140133,2024-09-20 09:48:17.000,0,NULL,NULL,2024-07-30,1726800497MEJA_KERJA.jpeg,1726800497MEJA_KERJA_thumb.jpeg,/assets/uploads/assetsre/ap/,0,0,
8992,,03528-FUR-MK -CFS-PTRE-24,Meja Kerja,CFS,UNO,,0,102016,0,0,NULL,100002,9,LT,0,1,255562,260119015704,2026-01-19,140133,2024-09-20 09:48:24.000,0,NULL,NULL,2024-07-30,1726800504MEJA_KERJA.jpeg,1726800504MEJA_KERJA_thumb.jpeg,/assets/uploads/assetsre/ap/,0,0,
8993,,03529-FUR-MK -CFS-PTRE-24,Meja Kerja,CFS,UNO,,0,102016,0,0,NULL,100002,9,LT,0,NULL,NULL,NULL,NULL,140133,2024-09-20 09:48:00.000,0,NULL,NULL,2024-07-30,1726800480MEJA_KERJA.jpeg,1726800480MEJA_KERJA_thumb.jpeg,/assets/uploads/assetsre/ap/,0,0,
8994,,03530-FUR-MK -CFS-PTRE-24,Meja Kerja,CFS,UNO,,0,102016,0,0,NULL,100002,9,LT,0,1,225163,260119114308,2026-01-19,140133,2024-09-20 09:48:03.000,0,NULL,NULL,2024-07-30,1726800483MEJA_KERJA.jpeg,1726800483MEJA_KERJA_thumb.jpeg,/assets/uploads/assetsre/ap/,0,0,
9022,,03558-FUR-MK -CFS-PTRE-24,Meja Kerja,CFS,UNO,,0,101047,0,0,23-1131109,100002,9,LT,0,NULL,NULL,NULL,NULL,255578,2026-06-07 18:15:34.000,0,NULL,NULL,2024-07-30,1726800486MEJA_KERJA.jpeg,1726800486MEJA_KERJA_thumb.jpeg,/assets/uploads/assetsre/ap/,0,0,
9023,,03559-FUR-MK -CFS-PTRE-24,Meja Kerja,CFS,UNO,,0,102025,0,0,NULL,100002,9,LT,0,NULL,NULL,NULL,NULL,140133,2024-09-20 09:48:10.000,0,NULL,NULL,2024-07-30,1726800490MEJA_KERJA.jpeg,1726800490MEJA_KERJA_thumb.jpeg,/assets/uploads/assetsre/ap/,0,0,
9024,,03560-FUR-MK -CFS-PTRE-24,Meja Kerja,CFS,UNO,,0,102025,0,0,NULL,100002,9,LT,0,NULL,NULL,NULL,NULL,140133,2024-09-20 09:47:49.000,0,NULL,NULL,2024-07-30,1726800469MEJA_KERJA.jpeg,1726800469MEJA_KERJA_thumb.jpeg,/assets/uploads/assetsre/ap/,0,0,
9025,,03561-FUR-MK -CFS-PTRE-24,Meja Kerja,CFS,UNO,,0,102025,0,0,NULL,100002,9,LT,0,NULL,NULL,NULL,NULL,140133,2024-09-20 09:47:39.000,0,NULL,NULL,2024-07-30,1726800459MEJA_KERJA.jpeg,1726800459MEJA_KERJA_thumb.jpeg,/assets/uploads/assetsre/ap/,0,0,
9026,,03562-FUR-MK -CFS-PTRE-24,Meja Kerja,CFS,UNO,,0,102025,0,0,NULL,100002,9,LT,0,NULL,NULL,NULL,NULL,140133,2024-09-20 09:47:41.000,0,NULL,NULL,2024-07-30,1726800461MEJA_KERJA1.jpeg,1726800461MEJA_KERJA1_thumb.jpeg,/assets/uploads/assetsre/ap/,0,0,
9027,,03563-FUR-MK -CFS-PTRE-24,Meja Kerja,CFS,UNO,,0,102025,0,0,NULL,100002,9,LT,0,NULL,NULL,NULL,NULL,140133,2024-09-20 09:47:45.000,0,NULL,NULL,2024-07-30,1726800465MEJA_KERJA.jpeg,1726800465MEJA_KERJA_thumb.jpeg,/assets/uploads/assetsre/ap/,0,0,
9043,,03579-FUR-MK -CFS-PTRE-24,Meja Lipat,CFS,UNO,,0,111005,0,0,23-1131109,100002,9,LT,0,NULL,NULL,NULL,NULL,255578,2026-06-07 21:17:23.000,0,NULL,NULL,2024-07-30,1726800455MEJA_KERJA.jpeg,1726800455MEJA_KERJA_thumb.jpeg,/assets/uploads/assetsre/ap/,0,0,
9044,,03580-FUR-MK -CFS-PTRE-24,MEJA KERJA,CFS,UNO,,0,104011,0,0,23-1131109,100002,9,LT,0,NULL,NULL,NULL,NULL,255578,2026-05-31 18:11:05.000,0,NULL,NULL,2024-07-30,1726800451MEJA_KERJA.jpeg,1726800451MEJA_KERJA_thumb.jpeg,/assets/uploads/assetsre/ap/,0,0,
9045,,03581-FUR-MK -CFS-PTRE-24,Meja Kerja,CFS,UNO,,0,102024,0,0,NULL,100002,9,LT,0,NULL,NULL,NULL,NULL,140133,2024-09-20 09:47:18.000,0,NULL,NULL,2024-07-30,1726800438MEJA_KERJA.jpeg,1726800438MEJA_KERJA_thumb.jpeg,/assets/uploads/assetsre/ap/,0,0,
9046,,03582-FUR-MK -CFS-PTRE-24,Meja Kerja,CFS,UNO,,0,102024,0,0,NULL,100002,9,LT,0,NULL,NULL,NULL,NULL,140133,2024-09-20 09:47:28.000,0,NULL,NULL,2024-07-30,1726800448MEJA_KERJA.jpeg,1726800448MEJA_KERJA_thumb.jpeg,/assets/uploads/assetsre/ap/,0,0,
9047,,03583-FUR-MK -CFS-PTRE-24,Meja Kerja,CFS,UNO,,0,102024,0,0,NULL,100002,9,LT,0,NULL,NULL,NULL,NULL,140133,2024-09-20 09:47:21.000,0,NULL,NULL,2024-07-30,1726800441MEJA_KERJA.jpeg,1726800441MEJA_KERJA_thumb.jpeg,/assets/uploads/assetsre/ap/,0,0,
9107,,03643-FUR-MK -CFS-PTRE-0724,Meja Kerja,CFS,UNO,,0,102031,0,0,NULL,100002,9,LT,0,NULL,NULL,NULL,NULL,140133,2024-07-30 10:35:59.000,1,140133,2024-07-30 11:04:24.000,2024-07-30,NULL,NULL,NULL,0,0,
9108,,03644-FUR-MK -CFS-PTRE-0724,Meja Kerja,CFS,UNO,,0,102031,0,0,NULL,100002,9,LT,0,NULL,NULL,NULL,NULL,140133,2024-07-30 10:36:23.000,1,140133,2024-07-30 11:04:40.000,2024-07-30,NULL,NULL,NULL,0,0,
9109,,03645-FUR-MK -CFS-PTRE-24,Meja Kerja,CFS,UNO,,0,102031,0,0,NULL,100002,9,LT,0,NULL,NULL,NULL,NULL,140133,2024-09-20 09:47:11.000,0,NULL,NULL,2024-07-30,1726800431MEJA_KERJA.jpeg,1726800431MEJA_KERJA_thumb.jpeg,/assets/uploads/assetsre/ap/,0,0,
9110,,03646-FUR-MK -CFS-PTRE-24,Meja Kerja,CFS,UNO,,0,102031,0,0,NULL,100002,9,LT,0,NULL,NULL,NULL,NULL,140133,2024-09-20 09:47:15.000,0,NULL,NULL,2024-07-30,1726800435MEJA_KERJA.jpeg,1726800435MEJA_KERJA_thumb.jpeg,/assets/uploads/assetsre/ap/,0,0,
9111,,03647-FUR-MK -CFS-PTRE-24,Meja Kerja,CFS,UNO,,0,102031,0,0,NULL,100002,9,LT,0,NULL,NULL,NULL,NULL,140133,2024-09-20 09:47:08.000,0,NULL,NULL,2024-07-30,1726800428MEJA_KERJA.jpeg,1726800428MEJA_KERJA_thumb.jpeg,/assets/uploads/assetsre/ap/,0,0,
9112,,03648-FUR-MK -CFS-PTRE-24,Meja Kerja,CFS,UNO,,0,102031,0,0,NULL,100002,9,LT,0,NULL,NULL,NULL,NULL,140133,2024-09-20 09:47:03.000,0,NULL,NULL,2024-07-30,1726800423MEJA_KERJA.jpeg,1726800423MEJA_KERJA_thumb.jpeg,/assets/uploads/assetsre/ap/,0,0,
9113,,03649-FUR-MK -CFS-PTRE-24,Meja Kerja,CFS,UNO,,0,102031,0,0,NULL,100002,9,LT,0,NULL,NULL,NULL,NULL,140133,2024-09-20 09:47:00.000,0,NULL,NULL,2024-07-30,1726800420MEJA_KERJA.jpeg,1726800420MEJA_KERJA_thumb.jpeg,/assets/uploads/assetsre/ap/,0,0,
9114,,03650-FUR-MK -CFS-PTRE-24,Meja Kerja,CFS,UNO,,0,102031,0,0,NULL,100002,9,LT,0,NULL,NULL,NULL,NULL,140133,2024-09-20 09:46:54.000,0,NULL,NULL,2024-07-30,1726800414MEJA_KERJA.jpeg,1726800414MEJA_KERJA_thumb.jpeg,/assets/uploads/assetsre/ap/,0,0,
9115,,03651-FUR-MK -CFS-PTRE-24,Meja Kerja,CFS,UNO,,0,102031,0,0,NULL,100002,9,LT,0,NULL,NULL,NULL,NULL,140133,2024-09-20 09:46:57.000,0,NULL,NULL,2024-07-30,1726800417MEJA_KERJA.jpeg,1726800417MEJA_KERJA_thumb.jpeg,/assets/uploads/assetsre/ap/,0,0,
9116,,03652-FUR-MK -CFS-PTRE-24,Meja Kerja,CFS,UNO,,0,102031,0,0,NULL,100002,9,LT,0,NULL,NULL,NULL,NULL,140133,2024-09-20 09:46:51.000,0,NULL,NULL,2024-07-30,1726800411MEJA_KERJA.jpeg,1726800411MEJA_KERJA_thumb.jpeg,/assets/uploads/assetsre/ap/,0,0,
9117,,03653-FUR-MK -CFS-PTRE-24,Meja Kerja,CFS,UNO,,0,102031,0,0,NULL,100002,9,LT,0,NULL,NULL,NULL,NULL,140133,2024-09-20 09:46:43.000,0,NULL,NULL,2024-07-30,1726800403MEJA_KERJA.jpeg,1726800403MEJA_KERJA_thumb.jpeg,/assets/uploads/assetsre/ap/,0,0,
9118,,03654-FUR-MK -CFS-PTRE-24,Meja Kerja,CFS,UNO,,0,102031,0,0,NULL,100002,9,LT,0,NULL,NULL,NULL,NULL,140133,2024-09-20 09:46:38.000,0,NULL,NULL,2024-07-30,1726800398MEJA_KERJA.jpeg,1726800398MEJA_KERJA_thumb.jpeg,/assets/uploads/assetsre/ap/,0,0,
9119,,03655-FUR-MK -CFS-PTRE-24,Meja Kerja,CFS,UNO,,0,102031,0,0,NULL,100002,9,LT,0,NULL,NULL,NULL,NULL,140133,2024-09-20 09:46:30.000,0,NULL,NULL,2024-07-30,1726800390MEJA_KERJA.jpeg,1726800390MEJA_KERJA_thumb.jpeg,/assets/uploads/assetsre/ap/,0,0,
9120,,03656-FUR-MK -CFS-PTRE-24,Meja Kerja,CFS,UNO,,0,102031,0,0,NULL,100002,9,LT,0,NULL,NULL,NULL,NULL,140133,2024-09-20 09:46:32.000,0,NULL,NULL,2024-07-30,1726800392MEJA_KERJA.jpeg,1726800392MEJA_KERJA_thumb.jpeg,/assets/uploads/assetsre/ap/,0,0,
9121,,03657-FUR-MK -CFS-PTRE-24,Meja Kerja,CFS,UNO,,0,102031,0,0,NULL,100002,9,LT,0,NULL,NULL,NULL,NULL,140133,2024-09-20 09:46:25.000,0,NULL,NULL,2024-07-30,1726800385MEJA_KERJA.jpeg,1726800385MEJA_KERJA_thumb.jpeg,/assets/uploads/assetsre/ap/,0,0,
9122,,03658-FUR-MK -CFS-PTRE-24,Meja Kerja,CFS,UNO,,0,102031,0,0,NULL,100002,9,LT,0,NULL,NULL,NULL,NULL,140133,2024-09-20 09:46:09.000,0,NULL,NULL,2024-07-30,1726800369MEJA_KERJA.jpeg,1726800369MEJA_KERJA_thumb.jpeg,/assets/uploads/assetsre/ap/,0,0,
9123,,03659-FUR-MK -CFS-PTRE-24,Meja Kerja,CFS,UNO,,0,102031,0,0,NULL,100002,9,LT,0,NULL,NULL,NULL,NULL,140133,2024-09-20 09:46:13.000,0,NULL,NULL,2024-07-30,1726800373MEJA_KERJA.jpeg,1726800373MEJA_KERJA_thumb.jpeg,/assets/uploads/assetsre/ap/,0,0,
9124,,03660-FUR-MK -CFS-PTRE-24,Meja Kerja,CFS,UNO,,0,102031,0,0,NULL,100002,9,LT,0,NULL,NULL,NULL,NULL,140133,2024-09-20 09:46:18.000,0,NULL,NULL,2024-07-30,1726800378MEJA_KERJA.jpeg,1726800378MEJA_KERJA_thumb.jpeg,/assets/uploads/assetsre/ap/,0,0,
9125,,03661-FUR-MK -CFS-PTRE-24,Meja Kerja,CFS,UNO,,0,102031,0,0,NULL,100002,9,LT,0,NULL,NULL,NULL,NULL,140133,2024-09-20 09:46:22.000,0,NULL,NULL,2024-07-30,1726800382MEJA_KERJA.jpeg,1726800382MEJA_KERJA_thumb.jpeg,/assets/uploads/assetsre/ap/,0,0,
9126,,03662-FUR-MK -CFS-PTRE-24,Meja Kerja,CFS,UNO,,0,102031,0,0,NULL,100002,9,LT,0,NULL,NULL,NULL,NULL,140133,2024-09-20 09:46:01.000,0,NULL,NULL,2024-07-30,1726800361MEJA_KERJA.jpeg,1726800361MEJA_KERJA_thumb.jpeg,/assets/uploads/assetsre/ap/,0,0,
9127,,03663-FUR-MK -CFS-PTRE-24,Meja Kerja,CFS,UNO,,0,102031,0,0,NULL,100002,9,LT,0,NULL,NULL,NULL,NULL,140133,2024-09-20 09:45:55.000,0,NULL,NULL,2024-07-30,1726800355MEJA_KERJA.jpeg,1726800355MEJA_KERJA_thumb.jpeg,/assets/uploads/assetsre/ap/,0,0,
9128,,03664-FUR-MK -CFS-PTRE-24,Meja Kerja,CFS,UNO,,0,102031,0,0,NULL,100002,9,LT,0,NULL,NULL,NULL,NULL,140133,2024-09-20 09:45:24.000,0,NULL,NULL,2024-07-30,1726800324MEJA_KERJA.jpeg,1726800324MEJA_KERJA_thumb.jpeg,/assets/uploads/assetsre/ap/,0,0,
9129,,03665-FUR-MK -CFS-PTRE-24,Meja Kerja,CFS,UNO,,0,102031,0,0,NULL,100002,9,LT,0,NULL,NULL,NULL,NULL,140133,2024-09-20 09:45:21.000,0,NULL,NULL,2024-07-30,1726800321MEJA_KERJA.jpeg,1726800321MEJA_KERJA_thumb.jpeg,/assets/uploads/assetsre/ap/,0,0,
9130,,03666-FUR-MK -CFS-PTRE-24,Meja Kerja,CFS,UNO,,0,102031,0,0,NULL,100002,9,LT,0,NULL,NULL,NULL,NULL,140133,2024-09-20 09:45:18.000,0,NULL,NULL,2024-07-30,1726800318MEJA_KERJA.jpeg,1726800318MEJA_KERJA_thumb.jpeg,/assets/uploads/assetsre/ap/,0,0,
9131,,03667-FUR-MK -CFS-PTRE-24,Meja Kerja,CFS,UNO,,0,102031,0,0,NULL,100002,9,LT,0,NULL,NULL,NULL,NULL,140133,2024-09-20 09:45:14.000,0,NULL,NULL,2024-07-30,1726800314MEJA_KERJA.jpeg,1726800314MEJA_KERJA_thumb.jpeg,/assets/uploads/assetsre/ap/,0,0,
9132,,03668-FUR-MK -CFS-PTRE-24,Meja Kerja,CFS,UNO,,0,102031,0,0,NULL,100002,9,LT,0,NULL,NULL,NULL,NULL,140133,2024-09-20 09:45:07.000,0,NULL,NULL,2024-07-30,1726800307MEJA_KERJA.jpeg,1726800307MEJA_KERJA_thumb.jpeg,/assets/uploads/assetsre/ap/,0,0,
9133,,03669-FUR-MK -CFS-PTRE-24,Meja Kerja,CFS,UNO,,0,102031,0,0,NULL,100002,9,LT,0,NULL,NULL,NULL,NULL,140133,2024-09-20 09:45:04.000,0,NULL,NULL,2024-07-30,1726800304MEJA_KERJA.jpeg,1726800304MEJA_KERJA_thumb.jpeg,/assets/uploads/assetsre/ap/,0,0,
9134,,03670-FUR-MK -CFS-PTRE-24,Meja Kerja,CFS,UNO,,0,102031,0,0,NULL,100002,9,LT,0,NULL,NULL,NULL,NULL,140133,2024-09-20 09:45:01.000,0,NULL,NULL,2024-07-30,1726800301MEJA_KERJA.jpeg,1726800301MEJA_KERJA_thumb.jpeg,/assets/uploads/assetsre/ap/,0,0,
9135,,03671-FUR-MK -CFS-PTRE-24,Meja Kerja,CFS,UNO,,0,102031,0,0,NULL,100002,9,LT,0,NULL,NULL,NULL,NULL,140133,2024-09-20 09:44:55.000,0,NULL,NULL,2024-07-30,1726800295MEJA_KERJA.jpeg,1726800295MEJA_KERJA_thumb.jpeg,/assets/uploads/assetsre/ap/,0,0,
9136,,03672-FUR-MK -CFS-PTRE-24,Meja Kerja,CFS,UNO,,0,102031,0,0,NULL,100002,9,LT,0,NULL,NULL,NULL,NULL,140133,2024-09-20 09:44:50.000,0,NULL,NULL,2024-07-30,1726800290MEJA_KERJA.jpeg,1726800290MEJA_KERJA_thumb.jpeg,/assets/uploads/assetsre/ap/,0,0,
9137,,03673-FUR-MK -CFS-PTRE-24,Meja Kerja,CFS,UNO,,0,102031,0,0,NULL,100002,9,LT,0,NULL,NULL,NULL,NULL,140133,2024-09-20 09:44:34.000,0,NULL,NULL,2024-07-30,1726800274MEJA_KERJA.jpeg,1726800274MEJA_KERJA_thumb.jpeg,/assets/uploads/assetsre/ap/,0,0,
9138,,03674-FUR-MK -CFS-PTRE-24,Meja Kerja,CFS,UNO,,0,102031,0,0,NULL,100002,9,LT,0,NULL,NULL,NULL,NULL,140133,2024-09-20 09:44:27.000,0,NULL,NULL,2024-07-30,1726800267MEJA_KERJA.jpeg,1726800267MEJA_KERJA_thumb.jpeg,/assets/uploads/assetsre/ap/,0,0,
9139,,03675-FUR-MK -CFS-PTRE-24,Meja Kerja,CFS,UNO,,0,102031,0,0,NULL,100002,9,LT,0,NULL,NULL,NULL,NULL,140133,2024-09-20 09:44:31.000,0,NULL,NULL,2024-07-30,1726800271MEJA_KERJA.jpeg,1726800271MEJA_KERJA_thumb.jpeg,/assets/uploads/assetsre/ap/,0,0,
9140,,03676-FUR-MK -CFS-PTRE-24,Meja Kerja,CFS,UNO,,0,102031,0,0,NULL,100002,9,LT,0,NULL,NULL,NULL,NULL,140133,2024-09-20 09:42:06.000,0,NULL,NULL,2024-07-30,1726800126MEJA_KERJA.jpeg,1726800126MEJA_KERJA_thumb.jpeg,/assets/uploads/assetsre/ap/,0,0,
9141,,03677-FUR-MK -CFS-PTRE-24,Meja Kerja,CFS,UNO,,0,102031,0,0,NULL,100002,9,LT,0,NULL,NULL,NULL,NULL,140133,2024-09-20 09:44:23.000,0,NULL,NULL,2024-07-30,1726800263MEJA_KERJA.jpeg,1726800263MEJA_KERJA_thumb.jpeg,/assets/uploads/assetsre/ap/,0,0,
9142,,03678-FUR-MK -CFS-PTRE-24,Meja Kerja,CFS,UNO,,0,102031,0,0,NULL,100002,9,LT,0,NULL,NULL,NULL,NULL,140133,2024-09-20 09:41:59.000,0,NULL,NULL,2024-07-30,1726800119MEJA_KERJA.jpeg,1726800119MEJA_KERJA_thumb.jpeg,/assets/uploads/assetsre/ap/,0,0,
9143,,03679-FUR-MK -CFS-PTRE-24,Meja Kerja,CFS,UNO,,0,102031,0,0,NULL,100002,9,LT,0,NULL,NULL,NULL,NULL,140133,2024-09-20 09:42:01.000,0,NULL,NULL,2024-07-30,1726800121MEJA_KERJA.jpeg,1726800121MEJA_KERJA_thumb.jpeg,/assets/uploads/assetsre/ap/,0,0,
9144,,03680-FUR-MK -CFS-PTRE-24,Meja Kerja,CFS,UNO,,0,102031,0,0,NULL,100002,9,LT,0,NULL,NULL,NULL,NULL,140133,2024-09-20 09:41:55.000,0,NULL,NULL,2024-07-30,1726800115MEJA_KERJA.jpeg,1726800115MEJA_KERJA_thumb.jpeg,/assets/uploads/assetsre/ap/,0,0,
9145,,03681-FUR-MK -CFS-PTRE-24,Meja Kerja,CFS,UNO,,0,102031,0,0,NULL,100002,9,LT,0,NULL,NULL,NULL,NULL,140133,2024-09-20 09:41:46.000,0,NULL,NULL,2024-07-30,1726800106MEJA_KERJA.jpeg,1726800106MEJA_KERJA_thumb.jpeg,/assets/uploads/assetsre/ap/,0,0,
9146,,03682-FUR-MK -CFS-PTRE-24,Meja Kerja,CFS,UNO,,0,102031,0,0,NULL,100002,9,LT,0,NULL,NULL,NULL,NULL,140133,2024-09-20 09:39:46.000,0,NULL,NULL,2024-07-30,1726799986MEJA_KERJA.jpeg,1726799986MEJA_KERJA_thumb.jpeg,/assets/uploads/assetsre/ap/,0,0,
9147,,03683-FUR-MK -CFS-PTRE-24,Meja Kerja,CFS,UNO,,0,102031,0,0,NULL,100002,9,LT,0,NULL,NULL,NULL,NULL,140133,2024-09-20 09:39:49.000,0,NULL,NULL,2024-07-30,1726799989MEJA_KERJA.jpeg,1726799989MEJA_KERJA_thumb.jpeg,/assets/uploads/assetsre/ap/,0,0,
9148,,03684-FUR-MK -CFS-PTRE-24,Meja Kerja,CFS,UNO,,0,102031,0,0,NULL,100002,9,LT,0,NULL,NULL,NULL,NULL,140133,2024-09-20 09:39:42.000,0,NULL,NULL,2024-07-30,1726799982MEJA_KERJA.jpeg,1726799982MEJA_KERJA_thumb.jpeg,/assets/uploads/assetsre/ap/,0,0,
9149,,03685-FUR-MK -CFS-PTRE-24,Meja Kerja,CFS,UNO,,0,102031,0,0,NULL,100002,9,LT,0,NULL,NULL,NULL,NULL,140133,2024-09-20 09:37:55.000,0,NULL,NULL,2024-07-30,1726799875MEJA_KERJA.jpeg,1726799875MEJA_KERJA_thumb.jpeg,/assets/uploads/assetsre/ap/,0,0,
9150,,03686-FUR-MK -CFS-PTRE-24,Meja Kerja,CFS,UNO,,0,102031,0,0,NULL,100002,9,LT,0,NULL,NULL,NULL,NULL,140133,2024-09-20 09:37:51.000,0,NULL,NULL,2024-07-30,1726799871MEJA_KERJA.jpeg,1726799871MEJA_KERJA_thumb.jpeg,/assets/uploads/assetsre/ap/,0,0,
9151,,03687-FUR-MK -CFS-PTRE-24,Meja Kerja,CFS,UNO,,0,102031,0,0,NULL,100002,9,LT,0,NULL,NULL,NULL,NULL,140133,2024-09-20 09:37:41.000,0,NULL,NULL,2024-07-30,1726799861MEJA_KERJA.jpeg,1726799861MEJA_KERJA_thumb.jpeg,/assets/uploads/assetsre/ap/,0,0,
9152,,03688-FUR-MK -CFS-PTRE-24,Meja Kerja,CFS,UNO,,0,102031,0,0,NULL,100002,9,LT,0,NULL,NULL,NULL,NULL,140133,2024-09-20 09:37:33.000,0,NULL,NULL,2024-07-30,1726799853MEJA_KERJA.jpeg,1726799853MEJA_KERJA_thumb.jpeg,/assets/uploads/assetsre/ap/,0,0,
9153,,03689-FUR-MK -CFS-PTRE-24,Meja Kerja,CFS,UNO,,0,102031,0,0,NULL,100002,9,LT,0,NULL,NULL,NULL,NULL,140133,2024-09-20 09:37:28.000,0,NULL,NULL,2024-07-30,1726799848MEJA_KERJA.jpeg,1726799848MEJA_KERJA_thumb.jpeg,/assets/uploads/assetsre/ap/,0,0,
9154,,03690-FUR-MK -CFS-PTRE-24,Meja Kerja,CFS,UNO,,0,102031,0,0,NULL,100002,9,LT,0,NULL,NULL,NULL,NULL,140133,2024-09-20 09:37:22.000,0,NULL,NULL,2024-07-30,1726799842MEJA_KERJA.jpeg,1726799842MEJA_KERJA_thumb.jpeg,/assets/uploads/assetsre/ap/,0,0,
9155,,03691-FUR-MK -CFS-PTRE-24,Meja Kerja,CFS,UNO,,0,102031,0,0,NULL,100002,9,LT,0,NULL,NULL,NULL,NULL,140133,2024-09-20 09:37:18.000,0,NULL,NULL,2024-07-30,1726799838MEJA_KERJA.jpeg,1726799838MEJA_KERJA_thumb.jpeg,/assets/uploads/assetsre/ap/,0,0,
9156,,03692-FUR-MK -CFS-PTRE-24,Meja Kerja,CFS,UNO,,0,102031,0,0,NULL,100002,9,LT,0,NULL,NULL,NULL,NULL,140133,2024-09-20 09:37:08.000,0,NULL,NULL,2024-07-30,1726799828MEJA_KERJA.jpeg,1726799828MEJA_KERJA_thumb.jpeg,/assets/uploads/assetsre/ap/,0,0,
9157,,03693-FUR-MK -CFS-PTRE-24,Meja Kerja,CFS,UNO,,0,102031,0,0,NULL,100002,9,LT,0,NULL,NULL,NULL,NULL,140133,2024-09-20 09:37:00.000,0,NULL,NULL,2024-07-30,1726799820MEJA_KERJA.jpeg,1726799820MEJA_KERJA_thumb.jpeg,/assets/uploads/assetsre/ap/,0,0,
9158,,03694-FUR-MK -CFS-PTRE-24,Meja Kerja,CFS,UNO,,0,102031,0,0,NULL,100002,10,LT,0,NULL,NULL,NULL,NULL,140133,2024-09-20 09:36:56.000,0,NULL,NULL,2024-07-30,1726799816MEJA_KERJA.jpeg,1726799816MEJA_KERJA_thumb.jpeg,/assets/uploads/assetsre/ap/,0,0,
9159,,03695-FUR-MK -CFS-PTRE-24,Meja Kerja,CFS,UNO,,0,102031,0,0,NULL,100002,9,LT,0,NULL,NULL,NULL,NULL,140133,2024-09-20 09:36:51.000,0,NULL,NULL,2024-07-30,1726799811MEJA_KERJA.jpeg,1726799811MEJA_KERJA_thumb.jpeg,/assets/uploads/assetsre/ap/,0,0,
9160,,03696-FUR-MK -CFS-PTRE-24,Meja Kerja,CFS,UNO,,0,102031,0,0,NULL,100002,9,LT,0,NULL,NULL,NULL,NULL,140133,2024-09-20 09:36:40.000,0,NULL,NULL,2024-07-30,1726799800MEJA_KERJA.jpeg,1726799800MEJA_KERJA_thumb.jpeg,/assets/uploads/assetsre/ap/,0,0,
9161,,03697-FUR-MK -CFS-PTRE-24,Meja Kerja,CFS,UNO,,0,102031,0,0,NULL,100002,9,LT,0,NULL,NULL,NULL,NULL,140133,2024-09-20 09:36:45.000,0,NULL,NULL,2024-07-30,1726799805MEJA_KERJA.jpeg,1726799805MEJA_KERJA_thumb.jpeg,/assets/uploads/assetsre/ap/,0,0,
9162,,04904-FUR-MK -CFS-PTRE-24,Meja Kerja,CFS,UNO,,0,102031,0,0,NULL,100002,9,LT,0,NULL,NULL,NULL,NULL,140133,2024-09-20 09:36:29.000,0,NULL,NULL,2024-07-30,1726799789MEJA_KERJA.jpeg,1726799789MEJA_KERJA_thumb.jpeg,/assets/uploads/assetsre/ap/,0,0,03697-FUR-MK -CFS-PTRE-24
9249,,03782-FUR-MK -CFS-PTRE-24,Meja Kerja,CFS,UNO,,0,101014,0,0,NULL,100002,9,LT,0,NULL,NULL,NULL,NULL,140133,2024-09-20 09:36:33.000,0,NULL,NULL,2024-07-30,1726799793MEJA_KERJA.jpeg,1726799793MEJA_KERJA_thumb.jpeg,/assets/uploads/assetsre/ap/,0,0,
9273,,03806-FUR-MK -CFS-PTRE-24,Meja Kerja,CFS,UNO,,0,104011,0,0,NULL,100002,9,LT,0,NULL,NULL,NULL,NULL,140133,2024-09-20 09:36:27.000,0,NULL,NULL,2024-07-31,1726799787MEJA_KERJA.jpeg,1726799787MEJA_KERJA_thumb.jpeg,/assets/uploads/assetsre/ap/,0,0,
9274,,03807-FUR-MK -CFS-PTRE-24,Meja Kerja,CFS,UNO,,0,104011,0,0,NULL,100002,9,LT,0,NULL,NULL,NULL,NULL,140133,2024-09-20 09:36:22.000,0,NULL,NULL,2024-07-31,1726799782MEJA_KERJA.jpeg,1726799782MEJA_KERJA_thumb.jpeg,/assets/uploads/assetsre/ap/,0,0,
9275,,03808-FUR-MK -CFS-PTRE-24,Meja Kerja,CFS,UNO,,0,104011,0,0,NULL,100002,9,LT,0,NULL,NULL,NULL,NULL,140133,2024-09-20 09:36:17.000,0,NULL,NULL,2024-07-31,1726799777MEJA_KERJA.jpeg,1726799777MEJA_KERJA_thumb.jpeg,/assets/uploads/assetsre/ap/,0,0,
9276,,03809-FUR-MK -CFS-PTRE-24,Meja Kerja,CFS,UNO,,0,104011,0,0,NULL,100002,9,LT,0,NULL,NULL,NULL,NULL,140133,2024-09-20 09:36:08.000,0,NULL,NULL,2024-07-31,1726799768MEJA_KERJA.jpeg,1726799768MEJA_KERJA_thumb.jpeg,/assets/uploads/assetsre/ap/,0,0,
9277,,03810-FUR-MK -CFS-PTRE-24,Meja Kerja,CFS,UNO,,0,104011,0,0,NULL,100002,9,LT,0,NULL,NULL,NULL,NULL,140133,2024-09-20 09:36:11.000,0,NULL,NULL,2024-07-31,1726799771MEJA_KERJA.jpeg,1726799771MEJA_KERJA_thumb.jpeg,/assets/uploads/assetsre/ap/,0,0,
9278,,03811-FUR-MK -CFS-PTRE-24,Meja Kerja Working Space,CFS,UNO,,0,104011,0,0,NULL,100002,9,LT,0,NULL,NULL,NULL,NULL,140133,2024-09-20 09:36:04.000,0,NULL,NULL,2024-07-31,1726799764MEJA_KERJA.jpeg,1726799764MEJA_KERJA_thumb.jpeg,/assets/uploads/assetsre/ap/,0,0,
9279,,03812-FUR-MK -CFS-PTRE-24,Meja Kerja Working Space,CFS,UNO,,0,104011,0,0,NULL,100002,9,LT,0,NULL,NULL,NULL,NULL,140133,2024-09-20 09:35:58.000,0,NULL,NULL,2024-07-31,1726799758MEJA_KERJA1.jpeg,1726799758MEJA_KERJA1_thumb.jpeg,/assets/uploads/assetsre/ap/,0,0,
9294,,03827-FUR-MK -CFS-PTRE-24,Meja Kerja,CFS,UNO,,0,101042,0,0,NULL,100002,9,LT,0,NULL,NULL,NULL,NULL,255578,2025-12-19 15:25:21.000,0,NULL,NULL,2024-07-31,1726799753MEJA_KERJA.jpeg,1726799753MEJA_KERJA_thumb.jpeg,/assets/uploads/assetsre/ap/,0,0,
9295,,03828-FUR-MK -CFS-PTRE-24,Meja Kerja,CFS,UNO,,0,111006,0,0,NULL,100002,9,LT,0,NULL,NULL,NULL,NULL,255578,2025-12-19 15:25:04.000,0,NULL,NULL,2024-07-31,1726799750MEJA_KERJA.jpeg,1726799750MEJA_KERJA_thumb.jpeg,/assets/uploads/assetsre/ap/,0,0,
9296,,03829-FUR-MK -CFS-PTRE-24,Meja Kerja,CFS,UNO,,0,111006,0,0,NULL,100002,9,LT,0,NULL,NULL,NULL,NULL,255578,2025-12-19 15:24:54.000,0,NULL,NULL,2024-07-31,1726799746MEJA_KERJA.jpeg,1726799746MEJA_KERJA_thumb.jpeg,/assets/uploads/assetsre/ap/,0,0,
9297,,03830-FUR-MK -CFS-PTRE-24,Meja Kerja,CFS,UNO,,0,111006,0,0,NULL,100002,9,LT,0,NULL,NULL,NULL,NULL,255578,2025-12-19 15:24:25.000,0,NULL,NULL,2024-07-31,1726799740MEJA_KERJA.jpeg,1726799740MEJA_KERJA_thumb.jpeg,/assets/uploads/assetsre/ap/,0,0,
9332,,03865-FUR-MK -CFS-PTRE-24,Meja Kerja,CFS,CUSTOM,,0,103007,0,0,NULL,100002,9,LT,0,NULL,NULL,NULL,NULL,140133,2024-08-05 11:49:03.000,0,NULL,NULL,2024-08-01,NULL,NULL,NULL,0,0,
9351,,03884-FUR-MK -CFS-PTRE-24,Meja Lipat,CFS,FULTURA,,0,103009,0,0,23-1131109,100002,9,LT,0,NULL,NULL,NULL,NULL,130090,2025-11-18 10:19:40.000,0,NULL,NULL,2024-08-01,1726801547MEJA_KERJA.jpeg,1726801547MEJA_KERJA_thumb.jpeg,/assets/uploads/assetsre/ap/,0,0,
9353,,03886-FUR-MK -CFS-PTRE-24,Meja Kerja,CFS,UNO,,0,101046,0,0,NULL,100002,9,LT,0,NULL,NULL,NULL,NULL,255578,2026-01-28 18:30:16.000,0,NULL,NULL,2024-08-01,NULL,NULL,NULL,0,0,
9365,,03899-FUR-MK -CFS-PTRE-24,Meja Kerja,CFS,UNO,,0,103012,0,0,NULL,100002,9,LT,0,NULL,NULL,NULL,NULL,140133,2024-09-20 09:35:31.000,0,NULL,NULL,2024-08-01,1726799731MEJA_KERJA.jpeg,1726799731MEJA_KERJA_thumb.jpeg,/assets/uploads/assetsre/ap/,0,0,
9402,,03940-FUR-MT-CFS-PTRE-24,Meja Tamu Kaca,CFS,Agram,,0,103014,0,0,NULL,100002,9,LT,0,NULL,NULL,NULL,NULL,130090,2025-11-12 13:31:32.000,0,NULL,NULL,2024-08-01,NULL,NULL,NULL,0,0,
9418,,03958-FUR-MK -CFS-PTRE-24,Meja Lipat Putih,CFS,FULTURA,Meja Lipat Putih,0,105006,0,0,23-1131109,100002,9,LT,0,NULL,NULL,NULL,NULL,140133,2025-02-14 11:06:19.000,0,NULL,NULL,2024-08-02,1726830259MEJA_LIPAT.jpeg,1726830259MEJA_LIPAT_thumb.jpeg,/assets/uploads/assetsre/ap/,0,0,
9422,,03962-FUR-MK -CFS-PTRE-24,Meja Kerja,CFS,UNO,,0,105007,0,0,NULL,100002,9,LT,0,NULL,NULL,NULL,NULL,140133,2024-09-20 09:35:02.000,1,140133,2025-03-11 15:51:16.000,2024-08-02,1726799702MEJA_KERJA.jpeg,1726799702MEJA_KERJA_thumb.jpeg,/assets/uploads/assetsre/ap/,0,0,
9444,,03986-FUR-MK -CFS-PTRE-24,Meja Kerja,CFS,UNO,,0,101023,0,0,NULL,100002,9,LT,0,NULL,NULL,NULL,NULL,140133,2024-09-20 09:34:54.000,0,NULL,NULL,2024-08-02,1726799694MEJA_KERJA.jpeg,1726799694MEJA_KERJA_thumb.jpeg,/assets/uploads/assetsre/ap/,0,0,
10657,,04685-FUR-MK-CFS-PTRE-25,Meja Kerja,CFS,UNO,,0,101047,0,0,NULL,100002,9,LT,0,NULL,NULL,NULL,NULL,140133,2025-02-13 09:22:01.000,0,NULL,NULL,2025-02-13,1739413171MEJA_KERJA.jpeg,1739413171MEJA_KERJA_thumb.jpeg,/assets/uploads/assetsre/ap/,0,0,
10658,,04686-FUR-MK-CFS-PTRE-25,Meja Kerja,CFS,UNO,,0,101047,0,0,NULL,100002,9,LT,0,NULL,NULL,NULL,NULL,140133,2025-02-13 09:20:12.000,0,NULL,NULL,2025-02-13,1739413212MEJA_KERJA.jpeg,1739413212MEJA_KERJA_thumb.jpeg,/assets/uploads/assetsre/ap/,0,0,
10659,,04687-FUR-MK-CFS-PTRE-0225,Meja Kerja,CFS,UNO,,0,101047,0,0,NULL,100002,9,LT,0,NULL,NULL,NULL,NULL,140133,2025-02-13 09:20:54.000,0,NULL,NULL,2025-02-13,1739413254MEJA_KERJA.jpeg,1739413254MEJA_KERJA_thumb.jpeg,/assets/uploads/assetsre/ap/,0,0,
10660,,04688-FUR-MK-CFS-PTRE-0225,Meja Kerja,CFS,UNO,,0,101047,0,0,NULL,100002,9,LT,0,NULL,NULL,NULL,NULL,140133,2025-02-13 09:21:47.000,0,NULL,NULL,2025-02-13,1739413307MEJA_KERJA.jpeg,1739413307MEJA_KERJA_thumb.jpeg,/assets/uploads/assetsre/ap/,0,0,
10674,,04704-FUR-MK -CFS-PTRE-25,Meja Lipat Putih,CFS,FULTURA,,0,105011,0,0,NULL,100002,9,LT,0,NULL,NULL,NULL,NULL,140133,2025-02-14 11:14:25.000,0,NULL,NULL,2025-02-14,NULL,NULL,NULL,0,0,
10677,,04708-FUR-MK-CFS-PTRE-25,Meja Lipat Besar,CFS,NOBRAND,,0,101040,0,0,NULL,100002,9,LT,0,NULL,NULL,NULL,NULL,140133,2025-03-10 10:06:18.000,0,NULL,NULL,2025-02-14,NULL,NULL,NULL,0,0,
10678,,04709-FUR-MK-CFS-PTRE-25,Meja Lipat Besar,CFS,NOBRAND,,0,101040,0,0,NULL,100002,9,LT,0,NULL,NULL,NULL,NULL,140133,2025-03-10 10:06:11.000,0,NULL,NULL,2025-02-14,NULL,NULL,NULL,0,0,
10679,,04710-FUR-MK-CFS-PTRE-25,Meja Coklat,CFS,UNO,,0,101040,0,0,NULL,100002,9,LT,0,NULL,NULL,NULL,NULL,140133,2025-02-14 15:20:06.000,0,NULL,NULL,2025-02-14,NULL,NULL,NULL,0,0,
10682,,04713-FUR-MK-CFS-PTRE-25,Meja Kerja,CFS,UNO,,0,101040,0,0,23-1131109,100002,9,LT,0,NULL,NULL,NULL,NULL,140133,2025-04-25 10:17:24.000,0,NULL,NULL,2025-02-14,NULL,NULL,NULL,0,0,
10695,,04727-FUR-MK-CFS-PTRE-25,Meja Kerja,CFS,UNO,,0,104012,0,0,NULL,100002,9,LT,0,NULL,NULL,NULL,NULL,255578,2026-05-29 09:58:33.000,0,NULL,NULL,2025-03-11,NULL,NULL,NULL,0,0,
10702,,04734-FUR-MK -CFS-PTRE-25,Meja Kerja,CFS,UNO,,0,105014,0,0,NULL,100002,9,LT,0,NULL,NULL,NULL,NULL,140133,2025-03-12 08:52:30.000,0,NULL,NULL,2025-03-12,NULL,NULL,NULL,0,0,
10703,,04735-FUR-MK-CFS-PTRE-25,Meja Kerja,CFS,UNO,,0,105014,0,0,NULL,100002,9,LT,0,NULL,NULL,NULL,NULL,140133,2025-03-12 08:53:04.000,0,NULL,NULL,2025-03-12,NULL,NULL,NULL,0,0,
10704,,04736-FUR-MK-CFS-PTRE-25,Meja Kerja,CFS,UNO,,0,105014,0,0,NULL,100002,9,LT,0,NULL,NULL,NULL,NULL,140133,2025-03-12 08:53:36.000,0,NULL,NULL,2025-03-12,NULL,NULL,NULL,0,0,
10705,,04737-FUR-MK-CFS-PTRE-25,Meja Kerja,CFS,UNO,,0,102016,0,0,NULL,100002,9,LT,0,NULL,NULL,NULL,NULL,140133,2025-03-12 13:41:49.000,0,NULL,NULL,2025-03-12,NULL,NULL,NULL,0,0,
10706,,04738-FUR-MK -CFS-PTRE-25,Meja Kerja Lipat,CFS,FUTURA,,0,105014,0,0,NULL,100002,9,LT,0,NULL,NULL,NULL,NULL,255578,2026-05-12 08:30:31.000,0,NULL,NULL,2025-03-14,NULL,NULL,NULL,0,0,
10708,,04739-FUR-MK-CFS-PTRE-25,Meja Kecil,CFS,UNO,,0,104011,0,0,NULL,100002,9,LT,0,NULL,NULL,NULL,NULL,140133,2025-03-14 09:00:31.000,0,NULL,NULL,2025-03-14,NULL,NULL,NULL,0,0,
10709,,04740-FUR-MK -CFS-PTRE-25,Meja Kerja,CFS,UNO,,0,104011,0,0,NULL,100002,9,LT,0,NULL,NULL,NULL,NULL,140133,2025-03-14 09:03:52.000,0,NULL,NULL,2025-03-14,NULL,NULL,NULL,0,0,
10734,,04756-FUR-MK-CFS-PTRE-25,Meja Kerja,CFS,UNO,,0,101040,0,0,NULL,100002,9,LT,0,NULL,NULL,NULL,NULL,140133,2025-04-25 09:50:56.000,0,NULL,NULL,2025-04-25,NULL,NULL,NULL,0,0,
10735,,04757-FUR-MK-CFS-PTRE-25,Meja Kerja,CFS,UNO,,0,101040,0,0,NULL,100002,9,LT,0,NULL,NULL,NULL,NULL,140133,2025-04-25 09:53:14.000,0,NULL,NULL,2025-04-25,NULL,NULL,NULL,0,0,
10736,,04758-FUR-MK-CFS-PTRE-25,Meja Kerja,CFS,UNO,,0,101040,0,0,NULL,100002,9,LT,0,NULL,NULL,NULL,NULL,140133,2025-04-25 09:53:57.000,0,NULL,NULL,2025-04-25,NULL,NULL,NULL,0,0,
10737,,04759-FUR-MK-CFS-PTRE-25,Meja Kerja,CFS,UNO,,0,101040,0,0,NULL,100002,9,LT,0,NULL,NULL,NULL,NULL,140133,2025-04-25 09:54:32.000,0,NULL,NULL,2025-04-25,NULL,NULL,NULL,0,0,
10738,,04760-FUR-MK-CFS-PTRE-25,Meja Kerja,CFS,UNO,,0,101040,0,0,NULL,100002,9,LT,0,NULL,NULL,NULL,NULL,140133,2025-04-25 09:55:20.000,0,NULL,NULL,2025-04-25,NULL,NULL,NULL,0,0,
10739,,04761-FUR-MK-CFS-PTRE-25,Meja Kerja,CFS,UNO,,0,101040,0,0,NULL,100002,9,LT,0,NULL,NULL,NULL,NULL,140133,2025-04-25 09:56:21.000,0,NULL,NULL,2025-04-25,NULL,NULL,NULL,0,0,
11784,,04789-FUR-MK -CFS-PTRE-25,Meja Kerja,CFS,UNO,,0,102016,0,0,23-1131109,100002,9,LT,0,NULL,NULL,NULL,NULL,255578,2026-05-29 15:15:38.000,0,NULL,NULL,2025-10-15,NULL,NULL,NULL,0,0,
11788,,04793-FUR-MK-CFS-PTRE-25,Meja Kerja,CFS,UNO,,0,101040,0,0,NULL,100002,9,LT,0,NULL,NULL,NULL,NULL,130090,2025-11-12 10:32:36.000,0,NULL,NULL,2025-10-16,NULL,NULL,NULL,0,0,
11789,,04794-FUR-MK-CFS-PTRE-25,Meja Kerja,CFS,UNO,,0,101040,0,0,NULL,100002,9,LT,0,NULL,NULL,NULL,NULL,130090,2025-11-12 10:32:27.000,0,NULL,NULL,2025-10-16,NULL,NULL,NULL,0,0,
11790,,04795-FUR-MK-CFS-PTRE-25,Meja Kerja,CFS,UNO,,0,101040,0,0,NULL,100002,9,LT,0,NULL,NULL,NULL,NULL,130090,2025-11-12 10:32:17.000,0,NULL,NULL,2025-10-16,NULL,NULL,NULL,0,0,
11906,31/PO-II/2026,01590-FUR-MK-CFS-PTRE-26,Meja Kerja Lipat,CFS,FUTURA,Meja Kerja Lipat 180mx 60,2200000,105014,0,0,NULL,100002,9,LT,0,NULL,NULL,NULL,NULL,255578,2026-07-24 08:37:49.000,0,NULL,NULL,2026-03-09,NULL,NULL,NULL,1,0,
11907,31/PO-II/2026,01598-FUR-MK-CFS-PTRE-26,Meja Kerja Lipat,CFS,FUTURA,Meja Lipat Ukuran 180 x 60,2200000,105014,0,0,NULL,100002,9,LT,0,NULL,NULL,NULL,NULL,255578,2026-03-09 09:52:39.000,0,NULL,NULL,2026-03-09,NULL,NULL,NULL,0,0,
11908,31/PO-II/2026,01597-FUR-MK-CFS-PTRE-26,Meja Kerja Lipat,CFS,FUTURA,Meja Lipat 180 x 60,2200000,105014,0,0,NULL,100002,9,LT,0,NULL,NULL,NULL,NULL,255578,2026-03-09 09:52:29.000,0,NULL,NULL,2026-03-09,NULL,NULL,NULL,0,0,
11909,31/PO-II/2026,01596-FUR-MK-CFS-PTRE-26,Meja Kerja Lipat,CFS,FUTURA,Meja Lipat 180 x 60,2200000,105014,0,0,NULL,100002,9,LT,0,NULL,NULL,NULL,NULL,255578,2026-03-09 09:52:19.000,0,NULL,NULL,2026-03-09,NULL,NULL,NULL,0,0,
11910,31/PO-II/2026,01595-FUR-MK-CFS-PTRE-26,Meja Kerja Lipat,CFS,FUTURA,Meja Lipat Ukuran 180 x 60,2200000,105014,0,0,NULL,100002,9,LT,0,NULL,NULL,NULL,NULL,255578,2026-07-24 08:37:23.000,0,NULL,NULL,2026-03-09,NULL,NULL,NULL,1,0,
11911,,01594-FUR-MK-CFS-PTRE-26,Meja Kerja Lipat,CFS,FUTURA,Meja Kerja Lipat Ukuran 180 x 60,2200000,105014,0,0,NULL,100002,9,LT,0,NULL,NULL,NULL,NULL,255578,2026-07-24 08:37:15.000,0,NULL,NULL,2026-03-09,NULL,NULL,NULL,1,0,
11912,31/PO-II/2026,01593-FUR-MK-CFS-PTRE-26,Meja Kerja Lipat,CFS,FUTURA,Meja Lipat Ukuran 180 x 60,2200000,105014,0,0,NULL,100002,9,LT,0,NULL,NULL,NULL,NULL,255578,2026-07-24 08:37:06.000,0,NULL,NULL,2026-03-09,NULL,NULL,NULL,1,0,
11913,31/PO-II/2026,01592-FUR-MK-CFS-PTRE-26,Meja Kerja Lipat,CFS,FUTURA,Meja Kerja Lipat Ukuran 180 x 60,2200000,105014,0,0,23-1131109,100002,9,LT,0,NULL,NULL,NULL,NULL,255578,2026-07-17 08:56:13.000,0,NULL,NULL,2026-03-09,NULL,NULL,NULL,1,0,
11914,31/PO-II/2026,01591-FUR-MK-CFS-PTRE-26,Meja Kerja Lipat,CFS,FUTURA,Meja Kerja Lipat Ukuran 180 x60,2200000,105014,0,0,NULL,100002,9,LT,0,NULL,NULL,NULL,NULL,255578,2026-07-24 08:36:43.000,0,NULL,NULL,2026-03-09,NULL,NULL,NULL,1,0,
11915,31/PO-II/2026,01589-FUR-MK-CFS-PTRE-26,Meja Kerja Lipat,CFS,FUTURA,Meja Kerja Lipat Ukuran 180 x 60,2200000,105014,0,0,23-1131109,100002,9,LT,0,NULL,NULL,NULL,NULL,255578,2026-07-17 08:56:05.000,0,NULL,NULL,2026-03-09,NULL,NULL,NULL,1,0,
11943,,01625-FUR-MK-CFS-PTRE-26,Meja Meeting,CFS,NOBRAND,,0,101052,0,0,NULL,100002,9,LT,0,NULL,NULL,NULL,NULL,255578,2026-07-17 08:49:12.000,0,NULL,NULL,2026-04-21,NULL,NULL,NULL,1,0,
12034,,04869-FUR-MK -CFS-PTRE-26,Meja Kerja (120 x 50 x 70),CFS,UNO,,0,101047,0,0,NULL,100002,9,LT,0,NULL,NULL,NULL,NULL,255578,2026-09-18 08:38:37.000,0,NULL,NULL,2026-09-17,NULL,NULL,NULL,1,0,
12035,,04870-FUR-MK -CFS-PTRE-26,Meja Kerja (120 x 50 x 70),CFS,UNO,,0,101044,0,0,NULL,100002,9,LT,0,NULL,NULL,NULL,NULL,255578,2026-09-18 08:38:56.000,0,NULL,NULL,2026-09-17,NULL,NULL,NULL,1,0,
12044,,04873-FUR-MK -CFS-PTRE-26,Meja Kerja (120 x 60 x 70),CFS,UNO,,1300000,991001,0,0,NULL,100002,9,LT,0,NULL,NULL,NULL,NULL,255578,2026-10-02 09:57:11.000,0,NULL,NULL,2026-10-02,NULL,NULL,NULL,1,0,
12045,,04874-FUR-MK -CFS-PTRE-26,Meja Kerja (120 x 60 x 70),CFS,UNO,,1300000,991001,0,0,NULL,100002,9,LT,0,NULL,NULL,NULL,NULL,255578,2026-10-02 09:57:34.000,0,NULL,NULL,2026-10-02,NULL,NULL,NULL,1,0,
12046,,04875-FUR-MK -CFS-PTRE-26,Meja Kerja (120 x 60 x 70),CFS,UNO,,1300000,991001,0,0,NULL,100002,9,LT,0,NULL,NULL,NULL,NULL,255578,2026-10-02 09:57:56.000,0,NULL,NULL,2026-10-02,NULL,NULL,NULL,1,0,
12047,,04876-FUR-MK -CFS-PTRE-26,Meja Kerja (120 x 60 x 70),CFS,UNO,,1300000,991001,0,0,NULL,100002,9,LT,0,NULL,NULL,NULL,NULL,255578,2026-10-02 09:58:22.000,0,NULL,NULL,2026-10-02,NULL,NULL,NULL,1,0,
12048,,04877-FUR-MK -CFS-PTRE-26,Meja Kerja (120 x 60 x 70),CFS,UNO,,1300000,991001,0,0,NULL,100002,9,LT,0,NULL,NULL,NULL,NULL,255578,2026-10-02 09:58:44.000,0,NULL,NULL,2026-10-02,NULL,NULL,NULL,1,0,
12049,,04878-FUR-MK -CFS-PTRE-26,Meja Kerja (120 x 60 x 70),CFS,UNO,,1300000,991001,0,0,NULL,100002,9,LT,0,NULL,NULL,NULL,NULL,255578,2026-10-02 09:59:01.000,0,NULL,NULL,2026-10-02,NULL,NULL,NULL,1,0,
12050,,04879-FUR-MK -CFS-PTRE-26,Meja Kerja (120 x 60 x 70),CFS,UNO,,1300000,991001,0,0,NULL,100002,9,LT,0,NULL,NULL,NULL,NULL,255578,2026-10-02 09:59:14.000,0,NULL,NULL,2026-10-02,NULL,NULL,NULL,1,0,
12051,,04880-FUR-MK -CFS-PTRE-26,Meja Kerja (120 x 60 x 70),CFS,UNO,,1300000,991001,0,0,NULL,100002,9,LT,0,NULL,NULL,NULL,NULL,255578,2026-10-02 09:59:31.000,0,NULL,NULL,2026-10-02,NULL,NULL,NULL,1,0,
12052,,04881-FUR-MK -CFS-PTRE-26,Meja Kerja (120 x 60 x 70),CFS,UNO,,1300000,991001,0,0,NULL,100002,9,LT,0,NULL,NULL,NULL,NULL,255578,2026-10-02 09:59:45.000,0,NULL,NULL,2026-10-02,NULL,NULL,NULL,0,0,
12053,,04882-FUR-MK -CFS-PTRE-26,Meja Kerja (120 x 60 x 70),CFS,UNO,,1300000,991001,0,0,NULL,100002,9,LT,0,NULL,NULL,NULL,NULL,255578,2026-10-02 10:00:00.000,0,NULL,NULL,2026-10-02,NULL,NULL,NULL,1,0,
12054,,04883-FUR-MK -CFS-PTRE-26,Meja Kerja (120 x 60 x 70),CFS,UNO,,1300000,991001,0,0,NULL,100002,9,LT,0,NULL,NULL,NULL,NULL,255578,2026-10-02 10:00:12.000,0,NULL,NULL,2026-10-02,NULL,NULL,NULL,1,0,
