id,po_ref,code,name,organizer,brand,spesifikasi,value,location,umur_ekonomis,pembebanan,project_no,category,vendor,rent_type,kondisi,peminjaman,peminjaman_owner,peminjaman_token,peminjaman_start,create_owner,create_date,deletion,deletion_owner,deletion_date,buy_date,sample_photo,thumbnail,patch,assets_or_inventaris,status,duplicated_number
1,,00001-FUR-KK-CFS-PTRE-15,Kursi Kerja Jaring,CFS,SAVELLO,,0,101045,0,0,23-1131109,100001,80,LT,0,1,606718,260119062957,2025-05-23,140133,2025-03-18 14:14:12.000,0,NULL,NULL,2018-03-15,1726197313kursi_cokelat_jaring.jpeg,1726197313kursi_cokelat_jaring_thumb.jpeg,/assets/uploads/assetsre/ap/,0,0,
2,,00002-FUR-KK-CFS-PTRE-14,Kursi Kerja,CFS,SAVELLO,JARING HITAM,0,101044,0,0,NULL,100001,80,LT,0,1,120037,201019013807,2020-10-19,130090,2024-04-26 09:39:39.000,1,140133,2024-08-02 15:09:11.000,2018-03-15,17140991791.png,17140991791_thumb.png,/assets/uploads/assetsre/ap/,0,0,
3,,00003-FUR-KK-CFS-PTRE-14,Kursi Kerja Jaring,CFS,SAVELLO,,0,101045,0,0,23-1131109,100001,80,LT,0,1,306117,260119062725,2025-05-21,140133,2025-03-18 14:14:02.000,0,NULL,NULL,2018-03-15,1726197319kursi_cokelat_jaring.jpeg,1726197319kursi_cokelat_jaring_thumb.jpeg,/assets/uploads/assetsre/ap/,0,0,
4,,00004-FUR-KK-CFS-PTRE-12,Kursi Coklat,CFS,SAVELLO,,0,101005,0,0,23-1131109,100001,9,LT,0,0,NULL,NULL,NULL,255578,2026-04-09 14:16:15.000,0,NULL,NULL,2018-03-15,1726197325kursi_cokelat_jaring.jpeg,1726197325kursi_cokelat_jaring_thumb.jpeg,/assets/uploads/assetsre/ap/,0,0,
5,,00005-FUR-KK-CFS-PTRE-13,Kursi Kerja,CFS,SAVELLO,,0,103010,0,0,NULL,100001,80,LT,0,0,NULL,NULL,NULL,140133,2024-09-13 10:15:31.000,0,NULL,NULL,2018-03-15,1726197331kursi_cokelat_jaring.jpeg,1726197331kursi_cokelat_jaring_thumb.jpeg,/assets/uploads/assetsre/ap/,0,0,
6,,00006-FUR-KK-CFS-PTRE-12,Kursi Coklat,CFS,SAVELLO,,0,101005,0,0,23-1131109,100001,9,LT,0,0,NULL,NULL,NULL,255578,2026-04-09 14:15:59.000,0,NULL,NULL,2018-03-15,1726197337kursi_cokelat_jaring.jpeg,1726197337kursi_cokelat_jaring_thumb.jpeg,/assets/uploads/assetsre/ap/,0,0,
7,,00007-FUR-KK-CFS-PTRE-12,Kursi Kerja,CFS,SAVELLO,Warna HITAM,0,101039,0,0,NULL,100001,80,LT,0,0,NULL,NULL,NULL,140133,2024-07-26 14:50:40.000,0,NULL,NULL,2018-03-15,1603176200KURSI_JARING_HITAM_SAVELLO.jpg,1603176200KURSI_JARING_HITAM_SAVELLO_thumb.jpg,/assets/uploads/assetsre/ap/,0,1,
8,,00008-FUR-KK-CFS-PTRE-14,Kursi Kerja,CFS,SAVELLO,JARING HITAM,0,101044,0,0,NULL,100001,80,LT,0,1,073749,201019013346,2020-10-19,130090,2024-04-26 09:40:56.000,1,140133,2024-08-02 15:09:11.000,2018-03-15,17140992561.png,17140992561_thumb.png,/assets/uploads/assetsre/ap/,0,0,
9,,00009-FUR-KK-CFS-PTRE-12,Kursi Kerja,CFS,RIVERA,WARNA HITAM,0,103009,0,0,23-1131109,100001,80,LT,0,0,NULL,NULL,NULL,255578,2026-05-29 10:22:09.000,0,NULL,NULL,2018-03-15,1601879871WhatsApp_Image_2020-10-05_at_13_41_12.jpeg,1601879871WhatsApp_Image_2020-10-05_at_13_41_12_thumb.jpeg,/assets/uploads/assetsre/ap/,0,1,
10,,00010-FUR-KK-CFS-RE-12,Kursi Kerja,CFS,RIVERA,"WARNA HITAM
",0,103009,0,0,23-1131109,100001,80,LT,0,0,NULL,NULL,NULL,255578,2026-05-29 10:22:24.000,0,NULL,NULL,2018-03-15,1601879996WhatsApp_Image_2020-10-05_at_13_41_12.jpeg,1601879996WhatsApp_Image_2020-10-05_at_13_41_12_thumb.jpeg,/assets/uploads/assetsre/ap/,0,1,
11,,00011-FUR-KK-CFS-PTRE-12,Kursi Kerja,CFS,RIVERA,Warna Hitam,0,103009,0,0,23-1131109,100001,80,LT,0,0,NULL,NULL,NULL,255578,2026-05-29 10:22:32.000,0,NULL,NULL,2018-03-15,1601880121WhatsApp_Image_2020-10-05_at_13_41_12.jpeg,1601880121WhatsApp_Image_2020-10-05_at_13_41_12_thumb.jpeg,/assets/uploads/assetsre/ap/,0,1,
12,,00012-FUR-KK-CFS-PTRE-12,Kursi Kerja,CFS,RIVERA,Warna Hitam,0,103009,0,0,NULL,100001,80,LT,0,0,NULL,NULL,NULL,130090,2020-10-05 13:43:12.000,0,NULL,NULL,2018-03-15,1601880192WhatsApp_Image_2020-10-05_at_13_41_12.jpeg,1601880192WhatsApp_Image_2020-10-05_at_13_41_12_thumb.jpeg,/assets/uploads/assetsre/ap/,0,0,
13,,00013-FUR-KK-CFS-PTRE-12,Kursi Kerja,CFS,RIVERA,Warna Hitam,0,103009,0,0,NULL,100001,80,LT,0,0,NULL,NULL,NULL,130090,2020-10-05 13:44:10.000,0,NULL,NULL,2018-03-15,1601880250WhatsApp_Image_2020-10-05_at_13_41_12.jpeg,1601880250WhatsApp_Image_2020-10-05_at_13_41_12_thumb.jpeg,/assets/uploads/assetsre/ap/,0,0,
14,,00014-FUR-KK-CFS-PTRE-12,Kursi Kerja,CFS,RIVERA,Warna Hitam,0,103009,0,0,NULL,100001,80,LT,0,0,NULL,NULL,NULL,130090,2020-10-05 13:45:22.000,0,NULL,NULL,2018-03-15,1601880322WhatsApp_Image_2020-10-05_at_13_41_12.jpeg,1601880322WhatsApp_Image_2020-10-05_at_13_41_12_thumb.jpeg,/assets/uploads/assetsre/ap/,0,0,
15,,00015-FUR-KK-CFS-PTRE-12,Kursi Kerja,CFS,RIVERA,Warna Hitam,0,103009,0,0,NULL,100001,80,LT,0,0,NULL,NULL,NULL,130090,2020-10-05 13:46:30.000,0,NULL,NULL,2018-03-15,1601880390WhatsApp_Image_2020-10-05_at_13_41_12.jpeg,1601880390WhatsApp_Image_2020-10-05_at_13_41_12_thumb.jpeg,/assets/uploads/assetsre/ap/,0,0,
16,,00016-FUR-KK-CFS-PTRE-12,Kursi Kerja,CFS,RIVERA,Warna Hitam,0,103009,0,0,NULL,100001,80,LT,0,0,NULL,NULL,NULL,130090,2020-10-05 13:47:47.000,0,NULL,NULL,2018-03-15,1601880467WhatsApp_Image_2020-10-05_at_13_41_12.jpeg,1601880467WhatsApp_Image_2020-10-05_at_13_41_12_thumb.jpeg,/assets/uploads/assetsre/ap/,0,0,
17,,00017-FUR-KK-CFS-PTRE-12,Kursi Kerja,CFS,RIVERA,Warna Hitam,0,103009,0,0,NULL,100001,80,LT,0,0,NULL,NULL,NULL,130090,2020-10-05 13:49:31.000,0,NULL,NULL,2018-03-15,1601880571WhatsApp_Image_2020-10-05_at_13_41_12.jpeg,1601880571WhatsApp_Image_2020-10-05_at_13_41_12_thumb.jpeg,/assets/uploads/assetsre/ap/,0,0,
18,,00018-FUR-KK-CFS-PTRE-12,Kursi Kerja,CFS,RIVERA,Warna Hitam,0,103009,0,0,NULL,100001,80,LT,0,0,NULL,NULL,NULL,130090,2020-10-05 13:51:30.000,0,NULL,NULL,2018-03-15,1601880690WhatsApp_Image_2020-10-05_at_13_41_12.jpeg,1601880690WhatsApp_Image_2020-10-05_at_13_41_12_thumb.jpeg,/assets/uploads/assetsre/ap/,0,0,
19,,00019-FUR-KK-CFS-PTRE-12,Kursi Kerja,CFS,RIVERA,Warna Hitam,0,103009,0,0,NULL,100001,80,LT,0,0,NULL,NULL,NULL,130090,2020-10-05 13:52:52.000,0,NULL,NULL,2018-03-15,1601880772WhatsApp_Image_2020-10-05_at_13_41_12.jpeg,1601880772WhatsApp_Image_2020-10-05_at_13_41_12_thumb.jpeg,/assets/uploads/assetsre/ap/,0,0,
20,,00020-FUR-KK-CFS-PTRE-12,Kursi Kerja,CFS,RIVERA,Warna Hitam,0,103009,0,0,NULL,100001,80,LT,0,0,NULL,NULL,NULL,130090,2020-10-05 14:00:30.000,0,NULL,NULL,2018-03-15,1601881230WhatsApp_Image_2020-10-05_at_13_41_12.jpeg,1601881230WhatsApp_Image_2020-10-05_at_13_41_12_thumb.jpeg,/assets/uploads/assetsre/ap/,0,0,
21,,00021-FUR-KK-CFS-PTRE-12,Kursi Kerja,CFS,RIVERA,Warna Hitam,0,103009,0,0,NULL,100001,80,LT,0,0,NULL,NULL,NULL,130090,2020-10-05 14:02:07.000,0,NULL,NULL,2018-03-15,1601881327WhatsApp_Image_2020-10-05_at_13_41_12.jpeg,1601881327WhatsApp_Image_2020-10-05_at_13_41_12_thumb.jpeg,/assets/uploads/assetsre/ap/,0,0,
22,,00022-FUR-KK-CFS-PTRE-14,Kursi Kerja Jaring,CFS,SAVELLO,JARING HITAM,0,101044,0,0,23-1131109,100001,80,LT,0,1,245423,250523103255,2020-10-19,255578,2026-04-21 10:23:27.000,0,NULL,NULL,2018-03-15,1714099628DSC_0011.png,1714099628DSC_0011_thumb.png,/assets/uploads/assetsre/ap/,0,0,
23,,00023-FUR-KK-CFS-PTRE-14,Kursi Kerja,CFS,Chitose,Lipat ,0,101008,0,0,NULL,100001,9,LT,0,0,NULL,NULL,NULL,140133,2024-08-07 08:20:05.000,0,NULL,NULL,2018-03-15,NULL,NULL,NULL,0,1,
24,,00024-FUR-KK-CFS-PTRE-12,Kursi Kerja,CFS,RIVERA,Warna Hitam,0,103009,0,0,NULL,100001,80,LT,0,0,NULL,NULL,NULL,130090,2020-10-05 14:03:25.000,0,NULL,NULL,2018-03-15,1601881405WhatsApp_Image_2020-10-05_at_13_41_121.jpeg,1601881405WhatsApp_Image_2020-10-05_at_13_41_121_thumb.jpeg,/assets/uploads/assetsre/ap/,0,0,
25,,00025-FUR-KK-CFS-PTRE-12,Kursi Kerja,CFS,RIVERA,Warna Hitam,0,103009,0,0,NULL,100001,80,LT,0,0,NULL,NULL,NULL,130090,2020-10-05 14:04:54.000,0,NULL,NULL,2018-03-15,1601881494WhatsApp_Image_2020-10-05_at_13_41_12.jpeg,1601881494WhatsApp_Image_2020-10-05_at_13_41_12_thumb.jpeg,/assets/uploads/assetsre/ap/,0,0,
26,,00026-FUR-KK-CFS-PTRE-12,Kursi Kerja,CFS,RIVERA,Warna Hitam,0,103009,0,0,NULL,100001,80,LT,0,0,NULL,NULL,NULL,130090,2020-10-05 14:06:21.000,0,NULL,NULL,2018-03-15,1601881581WhatsApp_Image_2020-10-05_at_13_41_12.jpeg,1601881581WhatsApp_Image_2020-10-05_at_13_41_12_thumb.jpeg,/assets/uploads/assetsre/ap/,0,0,
27,,00027-FUR-KK-CFS-PTRE-12,Kursi Kerja,CFS,RIVERA,Warna Hitam,0,103009,0,0,NULL,100001,80,LT,0,0,NULL,NULL,NULL,130090,2020-10-05 14:08:32.000,0,NULL,NULL,2018-03-15,1601881712WhatsApp_Image_2020-10-05_at_13_41_12.jpeg,1601881712WhatsApp_Image_2020-10-05_at_13_41_12_thumb.jpeg,/assets/uploads/assetsre/ap/,0,0,
28,,00028-FUR-KK-CFS-PTRE-12,Kursi Kerja,CFS,RIVERA,Warna Hitam,0,103009,0,0,NULL,100001,80,LT,0,0,NULL,NULL,NULL,130090,2020-10-05 14:10:30.000,0,NULL,NULL,2018-03-15,1601881830WhatsApp_Image_2020-10-05_at_13_41_12.jpeg,1601881830WhatsApp_Image_2020-10-05_at_13_41_12_thumb.jpeg,/assets/uploads/assetsre/ap/,0,0,
29,,00029-FUR-KK-CFS-PTRE-12,Kursi Kerja,CFS,RIVERA,Warna Hitam,0,103009,0,0,NULL,100001,80,LT,0,0,NULL,NULL,NULL,130090,2020-10-05 14:11:44.000,0,NULL,NULL,2018-03-15,1601881904WhatsApp_Image_2020-10-05_at_13_41_12.jpeg,1601881904WhatsApp_Image_2020-10-05_at_13_41_12_thumb.jpeg,/assets/uploads/assetsre/ap/,0,0,
30,,00030-FUR-KK-CFS-PTRE-12,Kursi Kerja,CFS,RIVERA,Warna Hitam,0,103009,0,0,NULL,100001,80,LT,0,0,NULL,NULL,NULL,130090,2020-10-05 14:12:57.000,0,NULL,NULL,2018-03-15,1601881977WhatsApp_Image_2020-10-05_at_13_41_12.jpeg,1601881977WhatsApp_Image_2020-10-05_at_13_41_12_thumb.jpeg,/assets/uploads/assetsre/ap/,0,0,
31,,00031-FUR-KK-CFS-PTRE-12,Kursi Kerja,CFS,RIVERA,Warna Hitam,0,103009,0,0,NULL,100001,80,LT,0,0,NULL,NULL,NULL,130090,2020-10-05 14:14:11.000,0,NULL,NULL,2018-03-15,1601882051WhatsApp_Image_2020-10-05_at_13_41_12.jpeg,1601882051WhatsApp_Image_2020-10-05_at_13_41_12_thumb.jpeg,/assets/uploads/assetsre/ap/,0,0,
32,,00032-FUR-KK-CFS-PTRE-12,Kursi Kerja,CFS,RIVERA,Warna Hitam,0,103009,0,0,NULL,100001,80,LT,0,0,NULL,NULL,NULL,130090,2020-10-05 14:15:26.000,0,NULL,NULL,2018-03-15,1601882126WhatsApp_Image_2020-10-05_at_13_41_12.jpeg,1601882126WhatsApp_Image_2020-10-05_at_13_41_12_thumb.jpeg,/assets/uploads/assetsre/ap/,0,0,
33,,00033-FUR-KK-CFS-PTRE-12,Kursi Kerja,CFS,RIVERA,Warna Hitam,0,103009,0,0,NULL,100001,80,LT,0,0,NULL,NULL,NULL,130090,2020-10-05 14:18:24.000,0,NULL,NULL,2018-03-15,1601882304WhatsApp_Image_2020-10-05_at_13_41_12.jpeg,1601882304WhatsApp_Image_2020-10-05_at_13_41_12_thumb.jpeg,/assets/uploads/assetsre/ap/,0,0,
34,,00034-FUR-KK-CFS-PTRE-12,Kursi Kerja,CFS,RIVERA,Warna Hitam,0,103009,0,0,NULL,100001,80,LT,0,0,NULL,NULL,NULL,130090,2020-10-05 14:23:15.000,0,NULL,NULL,2018-03-15,1601882595WhatsApp_Image_2020-10-05_at_13_41_12.jpeg,1601882595WhatsApp_Image_2020-10-05_at_13_41_12_thumb.jpeg,/assets/uploads/assetsre/ap/,0,0,
35,,00035-FUR-KK-CFS-PTRE-12,Kursi Kerja,CFS,RIVERA,Warna Hitam,0,103009,0,0,NULL,100001,80,LT,0,0,NULL,NULL,NULL,130090,2020-10-05 14:27:18.000,0,NULL,NULL,2018-03-15,1601882838WhatsApp_Image_2020-10-05_at_13_41_12.jpeg,1601882838WhatsApp_Image_2020-10-05_at_13_41_12_thumb.jpeg,/assets/uploads/assetsre/ap/,0,0,
36,,00036-FUR-KK-CFS-PTRE-12,Kursi Kerja,CFS,RIVERA,Warna Hitam,0,103009,0,0,NULL,100001,80,LT,0,0,NULL,NULL,NULL,130090,2020-10-05 14:29:39.000,0,NULL,NULL,2018-03-15,1601882979WhatsApp_Image_2020-10-05_at_13_41_12.jpeg,1601882979WhatsApp_Image_2020-10-05_at_13_41_12_thumb.jpeg,/assets/uploads/assetsre/ap/,0,0,
37,,00037-FUR-KK-CFS-PTRE-12,Kursi Kerja,CFS,RIVERA,Warna Hitam,0,103009,0,0,NULL,100001,80,LT,0,0,NULL,NULL,NULL,130090,2020-10-05 14:31:05.000,0,NULL,NULL,2018-03-15,1601883065WhatsApp_Image_2020-10-05_at_13_41_12.jpeg,1601883065WhatsApp_Image_2020-10-05_at_13_41_12_thumb.jpeg,/assets/uploads/assetsre/ap/,0,0,
38,,00038-FUR-KK-CFS-PTRE-12,Kursi Kerja,CFS,RIVERA,Warna Hitam,0,103009,0,0,NULL,100001,80,LT,0,0,NULL,NULL,NULL,130090,2020-10-05 14:32:21.000,0,NULL,NULL,2018-03-15,1601883141WhatsApp_Image_2020-10-05_at_13_41_12.jpeg,1601883141WhatsApp_Image_2020-10-05_at_13_41_12_thumb.jpeg,/assets/uploads/assetsre/ap/,0,0,
39,,00039-FUR-KK-CFS-PTRE-14,Kursi Kerja,CFS,SAVELLO,WARNA JARING HITAM,0,104008,0,0,NULL,100001,80,LT,0,1,083933,201019022731,2020-10-19,130090,2020-10-15 13:48:13.000,1,140133,2024-07-31 14:44:22.000,2018-03-15,1602744493Kursi_Kerja_Hitam.jpg,1602744493Kursi_Kerja_Hitam_thumb.jpg,/assets/uploads/assetsre/ap/,0,0,
40,,00040-FUR-KK-CFS-PTRE-14,Kursi Kerja,CFS,SAVELLO,WARNA HITAM,0,104008,0,0,NULL,100001,80,LT,0,0,NULL,NULL,NULL,130090,2020-10-22 14:08:08.000,1,140133,2024-07-31 14:44:22.000,2018-03-15,1603350488KURSI_JARING_HITAM_SAVELLO.jpg,1603350488KURSI_JARING_HITAM_SAVELLO_thumb.jpg,/assets/uploads/assetsre/ap/,0,0,
41,,00041-FUR-KK-CFS-PTRE-14,Kursi Kerja,CFS,SAVELLO,WARNA JARING HITAM,0,104008,0,0,NULL,100001,80,LT,0,1,094062,201019022806,2020-10-19,130090,2020-10-15 13:50:46.000,1,140133,2024-07-31 14:44:22.000,2018-03-15,1602744646Kursi_Kerja_Hitam.jpg,1602744646Kursi_Kerja_Hitam_thumb.jpg,/assets/uploads/assetsre/ap/,0,0,
42,,00042-FUR-KK-CFS-PTRE-14,Kursi Kerja,CFS,SAVELLO,WARNA JARING HITAM,0,104008,0,0,NULL,100001,80,LT,0,1,308618,201019022120,2020-10-19,130090,2020-10-15 10:59:42.000,1,140133,2024-07-31 14:44:22.000,2018-03-15,1602734382Kursi_Kerja_Hitam.jpg,1602734382Kursi_Kerja_Hitam_thumb.jpg,/assets/uploads/assetsre/ap/,0,0,
43,,00043-FUR-KK-CFS-PTRE-14,Kursi Kerja,CFS,SAVELLO,WARNA HITAM,0,104008,0,0,NULL,100001,80,LT,0,0,NULL,NULL,NULL,130090,2020-10-22 14:25:45.000,1,140133,2024-07-31 14:44:22.000,2018-03-15,1603351545KURSI_JARING_HITAM_SAVELLO.jpg,1603351545KURSI_JARING_HITAM_SAVELLO_thumb.jpg,/assets/uploads/assetsre/ap/,0,0,
45,,00045-FUR-KK-CFS-PTRE-14,Kursi Kerja,CFS,SAVELLO,WARNA JARING HITAM,0,104008,0,0,NULL,100001,80,LT,0,1,083914,201016051748,2020-10-16,130090,2023-06-14 10:45:45.000,1,140133,2024-07-31 14:44:22.000,2018-03-15,1602745305Kursi_Kerja_Hitam.jpg,1602745305Kursi_Kerja_Hitam_thumb.jpg,/assets/uploads/assetsre/ap/,0,0,
46,,00046-FUR-KK-CFS-PTRE-14,Kursi Kerja,CFS,SAVELLO,WARNA JARING HITAM,0,104008,0,0,NULL,100001,80,LT,0,1,114208,201019033519,2020-10-19,130090,2020-10-15 14:16:15.000,1,140133,2024-07-31 14:44:22.000,2018-03-15,1602746175Kursi_Kerja_Hitam.jpg,1602746175Kursi_Kerja_Hitam_thumb.jpg,/assets/uploads/assetsre/ap/,0,0,
48,,04896-FUR-KK-CFS-PTRE-14,Kursi Kerja Jaring,CFS,UNO,JARING HITAM COKLAT,0,105014,0,0,NULL,100001,80,LT,0,0,NULL,NULL,NULL,130090,2024-03-01 15:57:26.000,1,140133,2024-08-23 14:16:55.000,2018-03-15,1709283446WhatsApp_Image_2024-02-28_at_14_18_19.jpeg,1709283446WhatsApp_Image_2024-02-28_at_14_18_19_thumb.jpeg,/assets/uploads/assetsre/ap/,0,0,01906-FUR-KK-CFS-PTRE-14
51,,00051-FUR-KK-CFS-PTRE-14,Kursi Kerja,CFS,SAVELLO,WARNA HITAM,0,104008,0,0,NULL,100001,80,LT,0,0,NULL,NULL,NULL,130090,2020-10-22 14:06:17.000,1,140133,2024-07-31 14:44:22.000,2018-03-15,1603350377KURSI_JARING_HITAM_SAVELLO.jpg,1603350377KURSI_JARING_HITAM_SAVELLO_thumb.jpg,/assets/uploads/assetsre/ap/,0,0,
52,,00052-FUR-KK-CFS-PTRE-14,Kursi Kerja,CFS,SAVELLO,WARNA HITAM,0,104008,0,0,NULL,100001,80,LT,0,0,NULL,NULL,NULL,130090,2020-10-22 14:26:29.000,1,140133,2024-07-31 14:44:22.000,2018-03-15,1603351589KURSI_JARING_HITAM_SAVELLO.jpg,1603351589KURSI_JARING_HITAM_SAVELLO_thumb.jpg,/assets/uploads/assetsre/ap/,0,0,
53,,00053-FUR-KK-CFS-PTRE-14,Kursi Kerja,CFS,SAVELLO,WARNA JARING HITAM,0,104008,0,0,NULL,100001,80,LT,0,1,303617,201019033322,2020-10-19,130090,2023-06-14 10:46:10.000,1,140133,2024-07-31 14:44:10.000,2018-03-15,1602745509Kursi_Kerja_Hitam.jpg,1602745509Kursi_Kerja_Hitam_thumb.jpg,/assets/uploads/assetsre/ap/,0,0,
55,,00055-FUR-KK-CFS-PTRE-14,Kursi Kerja,CFS,SAVELLO,WARNA HITAM,0,104008,0,0,NULL,100001,80,LT,0,0,NULL,NULL,NULL,130090,2020-10-22 14:32:22.000,1,140133,2024-07-31 14:44:10.000,2018-03-15,1603351942KURSI_JARING_HITAM_SAVELLO.jpg,1603351942KURSI_JARING_HITAM_SAVELLO_thumb.jpg,/assets/uploads/assetsre/ap/,0,0,
56,,00056-FUR-KK-CFS-PTRE-14,Kursi Kerja,CFS,SAVELLO,WARNA HITAM,0,104008,0,0,NULL,100001,80,LT,0,0,NULL,NULL,NULL,130090,2020-10-22 14:28:44.000,1,140133,2024-07-31 14:44:10.000,2018-03-15,1603351724KURSI_JARING_HITAM_SAVELLO.jpg,1603351724KURSI_JARING_HITAM_SAVELLO_thumb.jpg,/assets/uploads/assetsre/ap/,0,0,
57,,00057-FUR-KK-CFS-PTRE-13,Kursi Kerja,CFS,SAVELLO,,0,103010,0,0,NULL,100001,80,LT,0,0,NULL,NULL,NULL,140133,2024-09-13 10:14:53.000,0,NULL,NULL,2018-03-15,1726197293kursi_cokelat_jaring.jpeg,1726197293kursi_cokelat_jaring_thumb.jpeg,/assets/uploads/assetsre/ap/,0,0,
58,,00058-FUR-KK-CFS-PTRE-14,Kursi Kerja,CFS,SAVELLO,WARNA HITAM,0,104008,0,0,NULL,100001,80,LT,0,0,NULL,NULL,NULL,130090,2020-10-22 14:36:14.000,1,140133,2024-07-31 14:44:10.000,2018-03-15,1603352174KURSI_JARING_HITAM_SAVELLO.jpg,1603352174KURSI_JARING_HITAM_SAVELLO_thumb.jpg,/assets/uploads/assetsre/ap/,0,0,
59,,01905-FUR-KK-CFS-PTRE-14,Kursi Kerja Jaring,CFS,UNO,JARING HITAM COKLAT,0,105014,0,0,NULL,100001,80,LT,0,0,NULL,NULL,NULL,130090,2024-03-01 15:56:53.000,0,NULL,NULL,2018-03-15,1709283413WhatsApp_Image_2024-02-28_at_14_18_19.jpeg,1709283413WhatsApp_Image_2024-02-28_at_14_18_19_thumb.jpeg,/assets/uploads/assetsre/ap/,0,0,
60,,00060-FUR-KK-CFS-PTRE-14,Kursi Kerja,CFS,SAVELLO,WARNA HITAM,0,104008,0,0,NULL,100001,80,LT,0,0,NULL,NULL,NULL,130090,2020-10-22 14:31:36.000,1,140133,2024-07-31 14:44:10.000,2018-03-15,1603351896KURSI_JARING_HITAM_SAVELLO.jpg,1603351896KURSI_JARING_HITAM_SAVELLO_thumb.jpg,/assets/uploads/assetsre/ap/,0,0,
61,,00061-FUR-KK-CFS-PTRE-14,Kursi Kerja,CFS,SAVELLO,WARNA JARING HITAM,0,104008,0,0,NULL,100001,80,LT,0,1,023224,201019022626,2020-10-19,130090,2020-10-15 13:39:47.000,1,140133,2024-07-31 14:44:10.000,2018-03-15,1602743987Kursi_Kerja_Hitam.jpg,1602743987Kursi_Kerja_Hitam_thumb.jpg,/assets/uploads/assetsre/ap/,0,0,
66,,00066-FUR-KK-CFS-PTRE-14,Kursi Kerja,CFS,SAVELLO,WARNA HITAM,0,104008,0,0,NULL,100001,80,LT,0,0,NULL,NULL,NULL,130090,2020-10-22 14:17:06.000,1,140133,2024-07-31 14:44:10.000,2018-03-15,1603351026KURSI_JARING_HITAM_SAVELLO.jpg,1603351026KURSI_JARING_HITAM_SAVELLO_thumb.jpg,/assets/uploads/assetsre/ap/,0,0,
67,,00067-FUR-KK-CFS-PTRE-14,Kursi Kerja,CFS,SAVELLO,WARNA HITAM,0,104008,0,0,NULL,100001,80,LT,0,0,NULL,NULL,NULL,130090,2020-10-22 14:23:25.000,1,140133,2024-07-31 14:44:10.000,2018-03-15,1603351405KURSI_JARING_HITAM_SAVELLO.jpg,1603351405KURSI_JARING_HITAM_SAVELLO_thumb.jpg,/assets/uploads/assetsre/ap/,0,0,
73,,00073-FUR-KK-CFS-PTRE-14,Kursi Kerja,CFS,SAVELLO,WARNA JARING HITAM,0,104008,0,0,NULL,100001,80,LT,0,1,073833,201019033625,2020-10-19,130090,2020-10-15 14:19:50.000,1,140133,2024-07-31 14:44:10.000,2018-03-15,1602746390Kursi_Kerja_Hitam.jpg,1602746390Kursi_Kerja_Hitam_thumb.jpg,/assets/uploads/assetsre/ap/,0,0,
74,NULL,00074-FUR-KK-CFS-PTRE-14,Kursi Kerja,CFS,CHAIRMAN,Kursi Stetlis,0,101010,0,0,NULL,100001,NULL,LT,0,0,NULL,NULL,NULL,130090,2017-02-27 00:00:00.000,1,140133,2024-07-25 10:31:28.000,2018-03-15,NULL,NULL,NULL,0,0,
75,,00075-FUR-KK-CFS-PTRE-14,Kursi Kerja,CFS,SAVELLO,WARNA HITAM,0,104008,0,0,NULL,100001,80,LT,0,0,NULL,NULL,NULL,130090,2020-10-22 14:37:00.000,1,140133,2024-07-31 14:44:10.000,2018-03-15,1603352220KURSI_JARING_HITAM_SAVELLO.jpg,1603352220KURSI_JARING_HITAM_SAVELLO_thumb.jpg,/assets/uploads/assetsre/ap/,0,0,
76,,00076-FUR-KK-CFS-PTRE-14,Kursi Kerja,CFS,SAVELLO,WARNA JARING HITAM,0,104008,0,0,NULL,100001,80,LT,0,1,104156,201019033726,2020-10-19,130090,2020-10-15 14:26:06.000,1,140133,2024-07-31 14:44:10.000,2018-03-15,1602746766Kursi_Kerja_Hitam.jpg,1602746766Kursi_Kerja_Hitam_thumb.jpg,/assets/uploads/assetsre/ap/,0,0,
77,,00077-FUR-KK-CFS-PTRE-14,Kursi Kerja,CFS,SAVELLO,WARNA JARING HITAM,0,104008,0,0,NULL,100001,80,LT,0,1,305217,201019033251,2020-10-19,130090,2020-10-15 14:06:04.000,1,140133,2024-07-31 14:44:10.000,2018-03-15,1602745564Kursi_Kerja_Hitam.jpg,1602745564Kursi_Kerja_Hitam_thumb.jpg,/assets/uploads/assetsre/ap/,0,0,
78,,00078-FUR-KK-CFS-PTRE-14,Kursi Kerja,CFS,SAVELLO,WARNA JARING HITAM,0,104008,0,0,NULL,100001,80,LT,0,1,083943,201019033551,2020-10-19,130090,2020-10-15 14:17:57.000,1,140133,2024-07-31 14:44:10.000,2018-03-15,1602746277Kursi_Kerja_Hitam.jpg,1602746277Kursi_Kerja_Hitam_thumb.jpg,/assets/uploads/assetsre/ap/,0,0,
80,NULL,00080-FUR-KK-CFS-PTRE-14,Kursi Kerja,CFS,Chitose,Lipat ,0,101010,0,0,NULL,100001,NULL,LT,0,0,NULL,NULL,NULL,130090,2017-02-27 00:00:00.000,1,140133,2024-07-25 10:31:21.000,2018-03-15,NULL,NULL,NULL,0,0,
81,,00081-FUR-KK-CFS-PTRE-14,Kursi Kerja,CFS,SAVELLO,WARNA JARING HITAM,0,104008,0,0,NULL,100001,80,LT,0,1,300320,201019022842,2020-10-19,130090,2020-10-15 13:53:12.000,1,140133,2024-07-31 14:44:10.000,2018-03-15,1602744792Kursi_Kerja_Hitam.jpg,1602744792Kursi_Kerja_Hitam_thumb.jpg,/assets/uploads/assetsre/ap/,0,0,
82,,00082-FUR-KK-CFS-PTRE-14,Kursi Kerja,CFS,UNO,WARNA HITAM,0,104008,0,0,NULL,100001,80,LT,0,0,NULL,NULL,NULL,130090,2020-10-22 14:11:31.000,1,140133,2024-07-31 14:44:10.000,2018-03-15,1603350691KURSI_JARING_HITAM_SAVELLO.jpg,1603350691KURSI_JARING_HITAM_SAVELLO_thumb.jpg,/assets/uploads/assetsre/ap/,0,0,
83,,00083-FUR-KK-CFS-PTRE-14,Kursi Kerja,CFS,SAVELLO,WARNA HITAM,0,104008,0,0,NULL,100001,80,LT,0,0,NULL,NULL,NULL,130090,2020-10-22 14:37:52.000,1,140133,2024-07-31 14:44:10.000,2018-03-15,1603352272KURSI_JARING_HITAM_SAVELLO.jpg,1603352272KURSI_JARING_HITAM_SAVELLO_thumb.jpg,/assets/uploads/assetsre/ap/,0,0,
84,,00084-FUR-KK-CFS-PTRE-14,Kursi Kerja,CFS,SAVELLO,WARNA HITAM,0,104008,0,0,NULL,100001,80,LT,0,0,NULL,NULL,NULL,130090,2020-10-22 14:21:05.000,1,140133,2024-07-31 14:44:10.000,2018-03-15,1603351265KURSI_JARING_HITAM_SAVELLO.jpg,1603351265KURSI_JARING_HITAM_SAVELLO_thumb.jpg,/assets/uploads/assetsre/ap/,0,0,
85,,00085-FUR-KK-CFS-PTRE-14,Kursi Kerja,CFS,SAVELLO,Warna JARING HITAM,0,104008,0,0,NULL,100001,80,LT,0,1,073752,201019022245,2020-10-19,130090,2020-10-15 11:07:47.000,1,140133,2024-07-31 14:44:10.000,2018-03-15,1602734867Kursi_Kerja_Hitam.jpg,1602734867Kursi_Kerja_Hitam_thumb.jpg,/assets/uploads/assetsre/ap/,0,0,
87,,00087-FUR-KK-CFS-PTRE-14,Kursi Kerja,CFS,SAVELLO,WARNA HITAM,0,104008,0,0,NULL,100001,80,LT,0,0,NULL,NULL,NULL,130090,2020-10-22 14:24:42.000,1,140133,2024-07-31 14:44:10.000,2018-03-15,1603351482KURSI_JARING_HITAM_SAVELLO.jpg,1603351482KURSI_JARING_HITAM_SAVELLO_thumb.jpg,/assets/uploads/assetsre/ap/,0,0,
90,,00090-FUR-MK-CFS-PTRE-14,Kursi Kerja,CFS,CHAIRMAN,Warna Coklat,0,101015,0,0,NULL,100001,9,LT,0,0,NULL,NULL,NULL,140133,2024-07-25 14:14:47.000,0,NULL,NULL,2018-03-15,NULL,NULL,NULL,0,1,
91,,00091-FUR-MK-CFS-PTRE-14,Kursi Kerja,CFS,CHAIRMAN,Warna Coklat,0,101015,0,0,NULL,100001,9,LT,0,0,NULL,NULL,NULL,140133,2024-07-25 14:14:54.000,0,NULL,NULL,2018-03-15,NULL,NULL,NULL,0,1,
92,,00092-FUR-MK-CFS-PTRE-14,Kursi Kerja,CFS,AGRAM,Sofa,0,101015,0,0,NULL,100001,9,LT,0,0,NULL,NULL,NULL,140133,2024-07-25 14:15:04.000,0,NULL,NULL,2018-03-15,NULL,NULL,NULL,0,1,
93,,00093-FUR-MK-CFS-PTRE-14,Kursi Kerja,CFS,AGRAM,Sofa,0,101015,0,0,NULL,100001,9,LT,0,0,NULL,NULL,NULL,140133,2024-07-25 14:15:11.000,0,NULL,NULL,2018-03-15,NULL,NULL,NULL,0,1,
94,,00094-FUR-MK-CFS-PTRE-14,Kursi Kerja,CFS,AGRAM,Sofa,0,101015,0,0,NULL,100001,9,LT,0,0,NULL,NULL,NULL,140133,2024-07-25 14:15:19.000,0,NULL,NULL,2018-03-15,NULL,NULL,NULL,0,1,
95,,00095-FUR-KK-CFS-PTRE-14,Kursi Coklat,CFS,SAVELLO,kursi jaring pendek,0,105007,0,0,23-1321012,100001,80,LT,0,0,NULL,NULL,NULL,255578,2026-06-07 21:26:46.000,0,NULL,NULL,2018-03-15,1739506760kursi_cokelat_jaring.jpeg,1739506760kursi_cokelat_jaring_thumb.jpeg,/assets/uploads/assetsre/ap/,0,1,
96,,00096-FUR-KK-CFS-PTRE-13,Kursi Kerja,CFS,SAVELLO,,0,103010,0,0,NULL,100001,80,LT,0,0,NULL,NULL,NULL,140133,2024-09-13 10:14:42.000,0,NULL,NULL,2018-03-15,1726197282kursi_cokelat_jaring.jpeg,1726197282kursi_cokelat_jaring_thumb.jpeg,/assets/uploads/assetsre/ap/,0,0,
98,,00098-FUR-KK-CFS-PTRE-14,Kursi Kerja,CFS,SAVELLO,WARNA HITAM,0,104008,0,0,NULL,100001,80,LT,0,0,NULL,NULL,NULL,130090,2020-10-22 14:27:57.000,1,140133,2024-07-31 14:44:10.000,2018-03-15,1603351677KURSI_JARING_HITAM_SAVELLO.jpg,1603351677KURSI_JARING_HITAM_SAVELLO_thumb.jpg,/assets/uploads/assetsre/ap/,0,0,
99,,00099-FUR-KK-CFS-PTRE-14,Kursi Kerja,CFS,SAVELLO,WARNA JARING HITAM,0,104008,0,0,NULL,100001,80,LT,0,1,306217,201019033405,2020-10-19,130090,2020-10-15 14:11:18.000,1,140133,2024-07-31 14:44:10.000,2018-03-15,1602745878Kursi_Kerja_Hitam.jpg,1602745878Kursi_Kerja_Hitam_thumb.jpg,/assets/uploads/assetsre/ap/,0,0,
100,,00100-FUR-KK-CFS-PTRE-12,Kursi Kerja,CFS,RIVERA,Warna Hitam,0,103009,0,0,NULL,100001,80,LT,0,0,NULL,NULL,NULL,130090,2020-10-05 14:35:03.000,0,NULL,NULL,2018-03-15,1601883303WhatsApp_Image_2020-10-05_at_13_41_12.jpeg,1601883303WhatsApp_Image_2020-10-05_at_13_41_12_thumb.jpeg,/assets/uploads/assetsre/ap/,0,0,
107,,00107-FUR-KK-CFS-PTRE-14,Kursi Kerja,CFS,SAVELLO,Warna Cream,0,101000,0,0,23-1131109,100001,9,LT,0,0,NULL,NULL,NULL,130090,2025-11-18 09:50:22.000,0,NULL,NULL,2018-03-15,NULL,NULL,NULL,0,0,
108,,00108-FUR-KK-CFS-PTRE-14,Kursi Kerja,CFS,SAVELLO,Warna Cream,0,101000,0,0,23-1131109,100001,9,LT,0,0,NULL,NULL,NULL,130090,2025-11-18 09:49:59.000,0,NULL,NULL,2018-03-15,NULL,NULL,NULL,0,0,
109,,00109-FUR-KK-CFS-PTRE-14,Kursi Kerja,CFS,SAVELLO,Warna Cream,0,101000,0,0,23-1131109,100001,9,LT,0,0,NULL,NULL,NULL,130090,2025-11-18 09:49:50.000,0,NULL,NULL,2018-03-15,NULL,NULL,NULL,0,0,
110,,00110-FUR-KK-CFS-PTRE-14,Kursi Kerja,CFS,SAVELLO,Warna Cream,0,101000,0,0,23-1131109,100001,9,LT,0,0,NULL,NULL,NULL,130090,2025-11-18 09:49:34.000,0,NULL,NULL,2018-03-15,NULL,NULL,NULL,0,0,
115,,00115-FUR-KK-CFS-PTRE-14,Kursi Kerja Jaring,CFS,SAVELLO,WARNA HITAM,0,101044,0,0,23-1131109,100001,80,LT,0,1,225152,250523103409,2025-05-23,255578,2026-04-21 10:23:18.000,0,NULL,NULL,2018-03-15,17140996711.png,17140996711_thumb.png,/assets/uploads/assetsre/ap/,0,0,
117,,00117-FUR-KK-CFS-PTRE-13,Kursi Kerja,CFS,SAVELLO,Warna HITAM,0,101040,0,0,NULL,100001,80,LT,0,0,NULL,NULL,NULL,140133,2024-07-26 15:34:21.000,0,NULL,NULL,2018-03-15,1603175999LACI_KERJA.jpg,1603175999LACI_KERJA_thumb.jpg,/assets/uploads/assetsre/ap/,0,1,
118,,00118-FUR-KK-CFS-PTRE-14,Kursi Kerja,CFS,UNO,WARNA HITAM,0,104008,0,0,NULL,100001,80,LT,0,0,NULL,NULL,NULL,130090,2020-10-22 14:09:46.000,1,140133,2024-07-31 14:44:10.000,2018-03-15,1603350586KURSI_JARING_HITAM_SAVELLO.jpg,1603350586KURSI_JARING_HITAM_SAVELLO_thumb.jpg,/assets/uploads/assetsre/ap/,0,0,
125,,00125-ACC-KK-CFS-PTRE-13,Kursi Kerja,CFS,SAVELLO,WARNA JARING HITAM,0,104008,0,0,NULL,100001,80,LT,0,1,083914,201019022205,2020-10-19,130090,2020-10-15 11:03:41.000,1,140133,2024-07-31 14:44:10.000,2018-03-15,1602734621Kursi_Kerja_Hitam.jpg,1602734621Kursi_Kerja_Hitam_thumb.jpg,/assets/uploads/assetsre/ap/,0,0,
130,,00130-ACC-TS-CFS-PTRE-14,Kursi Kerja Jaring,CFS,SAVELLO,KURSI KERJA JARING HITAM,0,101044,0,0,23-1131109,100001,80,LT,0,1,154576,250523102646,2025-05-23,255578,2026-04-21 10:23:10.000,0,NULL,NULL,2018-03-15,1714099708DSC_0011.png,1714099708DSC_0011_thumb.png,/assets/uploads/assetsre/ap/,0,0,
131,,00131-FUR-KK-CFS-PTRE-14,Kursi Kerja Jaring,CFS,SAVELLO,,0,101044,0,0,NULL,100001,80,LT,0,1,225148,250523102608,2020-10-19,140133,2025-05-23 10:25:25.000,0,NULL,NULL,2018-03-15,1747970725Kursi_Savello_Jaring.jpeg,1747970725Kursi_Savello_Jaring_thumb.jpeg,/assets/uploads/assetsre/ap/,0,0,
132,,00132-FUR-KK-CFS-PTRE-13,Kursi Kerja,CFS,SAVELLO,Warna HITAM,0,101040,0,0,NULL,100001,80,LT,0,0,NULL,NULL,NULL,140133,2024-07-26 15:34:38.000,0,NULL,NULL,2018-03-15,1603175841KURSI_JARING_HITAM_SAVELLO.jpg,1603175841KURSI_JARING_HITAM_SAVELLO_thumb.jpg,/assets/uploads/assetsre/ap/,0,1,
135,,00135-FUR-LK-CFS-PTRE-13,Kursi Kerja,CFS,SAVELLO,Warna HITAM,0,101040,0,0,NULL,100001,80,LT,0,0,NULL,NULL,NULL,140133,2024-07-26 15:34:29.000,0,NULL,NULL,2018-03-15,1603175915KURSI_JARING_HITAM_SAVELLO.jpg,1603175915KURSI_JARING_HITAM_SAVELLO_thumb.jpg,/assets/uploads/assetsre/ap/,0,1,
141,,00141-FUR-KK-CFS-PTRE-14,Kursi Kerja Jaring,CFS,SAVELLO,Kursi Besi Coklat,0,101044,0,0,23-1131109,100001,80,LT,0,0,NULL,NULL,NULL,255578,2026-04-21 10:22:51.000,0,NULL,NULL,2018-03-15,1714099850DSC_0007.png,1714099850DSC_0007_thumb.png,/assets/uploads/assetsre/ap/,0,0,
150,,00150-FUR-KK-CFS-PTRE-14,Kursi Kerja,CFS,SAVELLO,WARNA HITAM,0,102017,0,0,NULL,100001,80,LT,0,0,NULL,NULL,NULL,130090,2024-04-05 13:38:56.000,0,NULL,NULL,2018-03-15,1712299136WhatsApp_Image_2024-02-28_at_14_29_47.jpeg,1712299136WhatsApp_Image_2024-02-28_at_14_29_47_thumb.jpeg,/assets/uploads/assetsre/ap/,0,1,
153,,00153-FUR-KK-CFS-PTRE-13,Kursi Kerja,CFS,SAVELLO,Warna HITAM,0,101040,0,0,NULL,100001,80,LT,0,0,NULL,NULL,NULL,140133,2024-07-26 15:34:45.000,0,NULL,NULL,2018-03-15,1603178032KURSI_JARING_HITAM_SAVELLO.jpg,1603178032KURSI_JARING_HITAM_SAVELLO_thumb.jpg,/assets/uploads/assetsre/ap/,0,1,
155,,00155-FUR-KK-CFS-PTRE-13,Kursi Kerja,CFS,SAVELLO,Kursi Jaring Hitam,0,104008,0,0,NULL,100001,80,LT,0,1,063614,201019022334,2020-10-19,140133,2024-07-31 14:43:10.000,0,NULL,NULL,2018-03-15,1602743026Kursi_Kerja_Hitam.jpg,1602743026Kursi_Kerja_Hitam_thumb.jpg,/assets/uploads/assetsre/ap/,0,1,
157,,00157-FUR-KK-CFS-PTRE-14,Kursi Kerja,CFS,CHAIRMAN,Warna Coklat ,0,101022,0,0,NULL,100001,9,LT,0,0,NULL,NULL,NULL,140133,2024-07-26 09:39:00.000,0,NULL,NULL,2018-03-15,NULL,NULL,NULL,0,1,
158,,00158-FUR-KK-CFS-PTRE-14,Kursi Kerja,CFS,CHAIRMAN,Warna Coklat,0,101022,0,0,NULL,100001,9,LT,0,0,NULL,NULL,NULL,140133,2024-07-26 09:39:19.000,0,NULL,NULL,2018-03-15,NULL,NULL,NULL,0,1,
159,,00159-FUR-KK-CFS-PTRE-14,Kursi Kerja,CFS,SAVELLO,WARNA HITAM,0,104008,0,0,NULL,100001,80,LT,0,0,NULL,NULL,NULL,140133,2024-07-31 14:43:02.000,0,NULL,NULL,2018-03-15,1603352082KURSI_JARING_HITAM_SAVELLO.jpg,1603352082KURSI_JARING_HITAM_SAVELLO_thumb.jpg,/assets/uploads/assetsre/ap/,0,1,
162,,00162-FUR-KK-CFS-PTRE-13,Kursi Kerja,CFS,SAVELLO,Warna HITAM,0,101039,0,0,NULL,100001,80,LT,0,0,NULL,NULL,NULL,140133,2024-07-26 14:50:47.000,0,NULL,NULL,2018-03-15,1603176943KURSI_JARING_HITAM_SAVELLO.jpg,1603176943KURSI_JARING_HITAM_SAVELLO_thumb.jpg,/assets/uploads/assetsre/ap/,0,1,
165,,00165-FUR-KK-CFS-PTRE-13,Kursi Kerja,CFS,SAVELLO,Warna HITAM,0,101040,0,0,NULL,100001,80,LT,0,0,NULL,NULL,NULL,140133,2024-07-26 15:35:11.000,0,NULL,NULL,2018-03-15,1603176581KURSI_JARING_HITAM_SAVELLO.jpg,1603176581KURSI_JARING_HITAM_SAVELLO_thumb.jpg,/assets/uploads/assetsre/ap/,0,1,
166,,00166-FUR-KK-CFS-PTRE-13,Kursi Kerja,CFS,SAVELLO,Warna HITAM,0,101040,0,0,NULL,100001,80,LT,0,0,NULL,NULL,NULL,140133,2024-07-26 15:34:51.000,0,NULL,NULL,2018-03-15,1603177801KURSI_JARING_HITAM_SAVELLO.jpg,1603177801KURSI_JARING_HITAM_SAVELLO_thumb.jpg,/assets/uploads/assetsre/ap/,0,1,
168,,00168-FUR-KK-CFS-PTRE-13,Kursi Kerja,CFS,SAVELLO,Warna HITAM,0,101040,0,0,NULL,100001,80,LT,0,0,NULL,NULL,NULL,140133,2024-07-26 15:34:57.000,0,NULL,NULL,2018-03-15,1603177642KURSI_JARING_HITAM_SAVELLO.jpg,1603177642KURSI_JARING_HITAM_SAVELLO_thumb.jpg,/assets/uploads/assetsre/ap/,0,1,
170,,00170-FUR-KK-CFS-PTRE-13,Kursi Kerja,CFS,SAVELLO,Warna HITAM,0,101040,0,0,NULL,100001,80,LT,0,0,NULL,NULL,NULL,140133,2024-07-26 15:35:05.000,0,NULL,NULL,2018-03-15,1603176455KURSI_JARING_HITAM_SAVELLO.jpg,1603176455KURSI_JARING_HITAM_SAVELLO_thumb.jpg,/assets/uploads/assetsre/ap/,0,1,
171,,00171-FUR-KK-CFS-PTRE-13,Kursi Kerja,CFS,SAVELLO,Warna HITAM,0,103010,0,0,NULL,100001,80,LT,0,0,NULL,NULL,NULL,130090,2020-10-05 08:53:09.000,0,NULL,NULL,2018-03-15,1601862789Kursi_Kerja_Hitam.jpg,1601862789Kursi_Kerja_Hitam_thumb.jpg,/assets/uploads/assetsre/ap/,0,0,
173,,00173-FUR-KK-CFS-PTRE-13,Kursi Kerja,CFS,SAVELLO,Warna HITAM,0,101040,0,0,NULL,100001,80,LT,0,0,NULL,NULL,NULL,140133,2024-07-26 15:35:40.000,0,NULL,NULL,2018-03-15,1603178119KURSI_JARING_HITAM_SAVELLO.jpg,1603178119KURSI_JARING_HITAM_SAVELLO_thumb.jpg,/assets/uploads/assetsre/ap/,0,1,
174,,00174-FUR-KK-CFS-PTRE-13,Kursi Kerja,CFS,SAVELLO,Warna HITAM,0,101040,0,0,NULL,100001,80,LT,0,0,NULL,NULL,NULL,140133,2024-07-26 15:35:47.000,0,NULL,NULL,2018-03-15,1603177138KURSI_JARING_HITAM_SAVELLO.jpg,1603177138KURSI_JARING_HITAM_SAVELLO_thumb.jpg,/assets/uploads/assetsre/ap/,0,1,
175,,00175-FUR-KK-CFS-PTRE-13,Kursi Kerja,CFS,SAVELLO,Warna HITAM,0,101040,0,0,NULL,100001,80,LT,0,0,NULL,NULL,NULL,140133,2024-07-26 15:35:24.000,0,NULL,NULL,2018-03-15,1603177351KURSI_JARING_HITAM_SAVELLO.jpg,1603177351KURSI_JARING_HITAM_SAVELLO_thumb.jpg,/assets/uploads/assetsre/ap/,0,1,
178,,00178-FUR-KK-CFS-PTRE-13,Kursi Kerja,CFS,SAVELLO,Warna HITAM,0,101040,0,0,NULL,100001,80,LT,0,0,NULL,NULL,NULL,140133,2024-07-26 15:37:48.000,0,NULL,NULL,2018-03-15,1603176801KURSI_JARING_HITAM_SAVELLO.jpg,1603176801KURSI_JARING_HITAM_SAVELLO_thumb.jpg,/assets/uploads/assetsre/ap/,0,1,
179,,00179-FUR-KK-CFS-PTRE-13,Kursi Kerja,CFS,SAVELLO,Warna HITAM,0,101027,0,0,NULL,100001,80,LT,0,0,NULL,NULL,NULL,140133,2024-07-26 09:45:28.000,0,NULL,NULL,2018-03-15,1603177075KURSI_JARING_HITAM_SAVELLO.jpg,1603177075KURSI_JARING_HITAM_SAVELLO_thumb.jpg,/assets/uploads/assetsre/ap/,0,1,
180,,00180-FUR-KK-CFS-PTRE-13,Kursi Kerja,CFS,SAVELLO,Warna HITAM,0,101040,0,0,NULL,100001,80,LT,0,0,NULL,NULL,NULL,140133,2024-07-26 15:35:54.000,0,NULL,NULL,2018-03-15,1603177281KURSI_JARING_HITAM_SAVELLO.jpg,1603177281KURSI_JARING_HITAM_SAVELLO_thumb.jpg,/assets/uploads/assetsre/ap/,0,1,
181,,00181-FUR-KK-CFS-PTRE-13,Kursi Kerja,CFS,SAVELLO,Warna HITAM,0,101040,0,0,NULL,100001,80,LT,0,0,NULL,NULL,NULL,140133,2024-07-26 15:36:07.000,0,NULL,NULL,2018-03-15,1603176868KURSI_JARING_HITAM_SAVELLO.jpg,1603176868KURSI_JARING_HITAM_SAVELLO_thumb.jpg,/assets/uploads/assetsre/ap/,0,1,
182,,00182-FUR-KK-CFS-PTRE-13,Kursi Kerja,CFS,SAVELLO,Warna HITAM,0,101039,0,0,NULL,100001,80,LT,0,0,NULL,NULL,NULL,140133,2024-07-26 14:50:55.000,0,NULL,NULL,2018-03-15,1603176295KURSI_JARING_HITAM_SAVELLO.jpg,1603176295KURSI_JARING_HITAM_SAVELLO_thumb.jpg,/assets/uploads/assetsre/ap/,0,1,
184,,00184-FUR-KK-CFS-PTRE-13,Kursi Kerja,CFS,SAVELLO,Warna HITAM,0,101040,0,0,NULL,100001,80,LT,0,0,NULL,NULL,NULL,140133,2024-07-26 15:36:00.000,0,NULL,NULL,2018-03-15,1603177217KURSI_JARING_HITAM_SAVELLO.jpg,1603177217KURSI_JARING_HITAM_SAVELLO_thumb.jpg,/assets/uploads/assetsre/ap/,0,1,
186,,00186-FUR-KK-CFS-PTRE-13,Kursi Kerja Jaring,CFS,SAVELLO,Warna HITAM,0,101040,0,0,23-1131109,100001,80,LT,0,0,NULL,NULL,NULL,255578,2026-06-07 17:59:58.000,0,NULL,NULL,2018-03-15,1603177503KURSI_JARING_HITAM_SAVELLO.jpg,1603177503KURSI_JARING_HITAM_SAVELLO_thumb.jpg,/assets/uploads/assetsre/ap/,0,1,
187,,00187-FUR-KK-CFS-PTRE-13,Kursi Kerja Jaring,CFS,SAVELLO,Warna HITAM,0,101040,0,0,23-1131109,100001,80,LT,0,1,838814,250520050351,2025-05-20,255578,2026-06-07 18:00:07.000,0,NULL,NULL,2018-03-15,1603177718KURSI_JARING_HITAM_SAVELLO.jpg,1603177718KURSI_JARING_HITAM_SAVELLO_thumb.jpg,/assets/uploads/assetsre/ap/,0,1,
188,,00188-FUR-KK-CFS-PTRE-13,Kursi Kerja Jaring,CFS,SAVELLO,Warna HITAM,0,101040,0,0,23-1131109,100001,80,LT,0,0,NULL,NULL,NULL,255578,2026-06-07 18:00:19.000,0,NULL,NULL,2018-03-15,1603176090KURSI_JARING_HITAM_SAVELLO.jpg,1603176090KURSI_JARING_HITAM_SAVELLO_thumb.jpg,/assets/uploads/assetsre/ap/,0,1,
189,,00189-FUR-KK-CFS-PTRE-13,Kursi Kerja Jaring,CFS,SAVELLO,Warna HITAM,0,101040,0,0,23-1131109,100001,80,LT,0,1,063632,250520051142,2025-05-20,255578,2026-06-07 18:00:31.000,0,NULL,NULL,2018-03-15,1603176512KURSI_JARING_HITAM_SAVELLO.jpg,1603176512KURSI_JARING_HITAM_SAVELLO_thumb.jpg,/assets/uploads/assetsre/ap/,0,1,
190,NULL,00190-FUR-KK-CFS-PTRE-14,Kursi Kerja,CFS,Savello,Warna Hitam,0,101029,0,0,NULL,100001,NULL,LT,0,0,NULL,NULL,NULL,130090,2017-02-27 00:00:00.000,1,140133,2025-02-13 16:08:45.000,2018-03-15,NULL,NULL,NULL,0,0,
191,,00191-FUR-KK-CFS-PTRE-13,Kursi Kerja Jaring,CFS,SAVELLO,,0,101040,0,0,23-1131109,100001,80,LT,0,1,154565,250520050929,2025-05-20,255578,2026-06-07 18:01:11.000,0,NULL,NULL,2018-03-15,1726197355kursi_cokelat_jaring.jpeg,1726197355kursi_cokelat_jaring_thumb.jpeg,/assets/uploads/assetsre/ap/,0,1,
193,,00193-FUR-KK-CFS-PTRE-13,Kursi Kerja,CFS,SAVELLO,Warna HITAM,0,101039,0,0,NULL,100001,80,LT,0,0,NULL,NULL,NULL,140133,2024-07-26 14:51:04.000,0,NULL,NULL,2018-03-15,1603175675KURSI_JARING_HITAM_SAVELLO.jpg,1603175675KURSI_JARING_HITAM_SAVELLO_thumb.jpg,/assets/uploads/assetsre/ap/,0,1,
195,,00195-FUR-KK-CFS-PTRE-13,Kursi Kerja,CFS,SAVELLO,Warna HITAM,0,101039,0,0,NULL,100001,80,LT,0,0,NULL,NULL,NULL,140133,2024-07-26 14:51:11.000,0,NULL,NULL,2018-03-15,1603175763KURSI_JARING_HITAM_SAVELLO.jpg,1603175763KURSI_JARING_HITAM_SAVELLO_thumb.jpg,/assets/uploads/assetsre/ap/,0,1,
196,,00196-FUR-KK-CFS-PTRE-13,Kursi Kerja Jaring,CFS,SAVELLO,Warna HITAM,0,101040,0,0,23-1131109,100001,80,LT,0,1,063679,250519043354,2025-05-19,255578,2026-06-07 18:01:20.000,0,NULL,NULL,2018-03-15,1603176729KURSI_JARING_HITAM_SAVELLO.jpg,1603176729KURSI_JARING_HITAM_SAVELLO_thumb.jpg,/assets/uploads/assetsre/ap/,0,1,
197,,00197-FUR-KK-CFS-PTRE-13,Kursi Kerja,CFS,SAVELLO,Warna HITAM,0,101039,0,0,NULL,100001,80,LT,0,0,NULL,NULL,NULL,140133,2024-07-26 14:51:19.000,0,NULL,NULL,2018-03-15,1603177008KURSI_JARING_HITAM_SAVELLO.jpg,1603177008KURSI_JARING_HITAM_SAVELLO_thumb.jpg,/assets/uploads/assetsre/ap/,0,1,
198,,00198-FUR-KK-CFS-PTRE-13,Kursi Kerja,CFS,SAVELLO,Warna HITAM,0,101030,0,0,NULL,100001,80,LT,0,0,NULL,NULL,NULL,140133,2024-07-26 09:59:57.000,0,NULL,NULL,2018-03-15,1603176373KURSI_JARING_HITAM_SAVELLO.jpg,1603176373KURSI_JARING_HITAM_SAVELLO_thumb.jpg,/assets/uploads/assetsre/ap/,0,1,
199,,00199-FUR-KK-CFS-PTRE-13,Kursi Kerja,CFS,SAVELLO,Warna HITAM,0,101030,0,0,NULL,100001,80,LT,0,0,NULL,NULL,NULL,140133,2024-07-26 09:59:50.000,0,NULL,NULL,2018-03-15,1603177438KURSI_JARING_HITAM_SAVELLO.jpg,1603177438KURSI_JARING_HITAM_SAVELLO_thumb.jpg,/assets/uploads/assetsre/ap/,0,1,
200,,00200-FUR-KK-CFS-PTRE-14,Kursi Kerja,CFS,Savello,Warna Cream,0,101030,0,0,NULL,100001,80,LT,0,0,NULL,NULL,NULL,140133,2024-07-26 09:59:41.000,0,NULL,NULL,2018-03-15,NULL,NULL,NULL,0,1,
201,,00201-FUR-KK-CFS-PTRE-14,Kursi Kerja,CFS,Savello,Warna Cream,0,101030,0,0,NULL,100001,80,LT,0,0,NULL,NULL,NULL,140133,2024-07-26 09:59:34.000,0,NULL,NULL,2018-03-15,NULL,NULL,NULL,0,1,
202,,00202-FUR-KK-CFS-PTRE-14,Kursi Kerja,CFS,Savello,Warna HITAM,0,112009,0,0,NULL,100001,80,LT,0,1,194710,201019102144,2020-10-19,130090,2024-02-28 11:23:21.000,0,NULL,NULL,2018-03-15,1601624488Kursi_Kerja_Hitam.jpg,1601624488Kursi_Kerja_Hitam_thumb.jpg,/assets/uploads/assetsre/ap/,1,1,
203,,00203-FUR-KK-CFS-PTRE-14,Kursi Kerja,CFS,Savello,Warna HITAM,0,112009,0,0,NULL,100001,80,LT,0,0,NULL,NULL,NULL,130090,2024-02-28 11:21:37.000,0,NULL,NULL,2018-03-15,1601622936Kursi_Kerja_Hitam.jpg,1601622936Kursi_Kerja_Hitam_thumb.jpg,/assets/uploads/assetsre/ap/,1,1,
204,,00204-FUR-KK-CFS-PTRE-14,Kursi Kerja,CFS,Savello,Warna Hitam,0,112009,0,0,NULL,100001,80,LT,0,1,194737,201019100602,2020-10-19,130090,2024-02-28 11:21:27.000,0,NULL,NULL,2018-03-15,NULL,NULL,NULL,1,1,
205,,00205-FUR-KK-CFS-PTRE-14,Kursi Kerja,CFS,Savello,Warna Hitam,0,112009,0,0,NULL,100001,80,LT,0,0,NULL,NULL,NULL,130090,2024-02-28 11:21:15.000,0,NULL,NULL,2018-03-15,1601604171kusi_kerja_hitam.jpeg,1601604171kusi_kerja_hitam_thumb.jpeg,/assets/uploads/assetsre/ap/,1,1,
206,,00206-FUR-KK-CFS-PTRE-14,Kursi Kerja,CFS,Savello,Warna HITAM,0,112009,0,0,NULL,100001,80,LT,0,1,073770,201019102251,2020-10-19,130090,2024-02-28 11:21:05.000,0,NULL,NULL,2018-03-15,1601624607Kursi_Kerja_Hitam.jpg,1601624607Kursi_Kerja_Hitam_thumb.jpg,/assets/uploads/assetsre/ap/,1,1,
207,,00207-FUR-KK-CFS-PTRE-14,Kursi Kerja,CFS,Savello,Warna Cream,0,101030,0,0,NULL,100001,80,LT,0,0,NULL,NULL,NULL,140133,2024-07-26 09:59:26.000,0,NULL,NULL,2018-03-15,NULL,NULL,NULL,0,1,
208,,00208-FUR-KK-CFS-PTRE-14,Kursi Kerja,CFS,Savello,Warna Hitam,0,112009,0,0,NULL,100001,80,LT,0,1,134460,201019101226,2020-10-19,130090,2024-02-28 11:20:56.000,0,NULL,NULL,2018-03-15,1601622139Kursi_Kerja_Hitam.jpg,1601622139Kursi_Kerja_Hitam_thumb.jpg,/assets/uploads/assetsre/ap/,1,1,
209,,00209-FUR-KK-CFS-PTRE-14,Kursi Kerja,CFS,Savello,Warna Hitam,0,112009,0,0,NULL,100001,80,LT,0,1,194815,201019101522,2020-10-19,130090,2024-02-28 11:20:47.000,0,NULL,NULL,2018-03-15,1601622544Kursi_Kerja_Hitam.jpg,1601622544Kursi_Kerja_Hitam_thumb.jpg,/assets/uploads/assetsre/ap/,1,1,
210,,00210-FUR-KK-CFS-PTRE-14,Kursi Kerja,CFS,Savello,Warna HITAM,0,112009,0,0,NULL,100001,80,LT,0,0,NULL,NULL,NULL,130090,2024-02-28 11:20:39.000,0,NULL,NULL,2018-03-15,1601622863Kursi_Kerja_Hitam.jpg,1601622863Kursi_Kerja_Hitam_thumb.jpg,/assets/uploads/assetsre/ap/,1,1,
211,,00211-FUR-KK-CFS-PTRE-14,Kursi Kerja,CFS,Savello,Warna Hitam,0,112009,0,0,NULL,100001,80,LT,0,1,194822,201019101141,2020-10-19,130090,2024-02-28 11:20:31.000,0,NULL,NULL,2018-03-15,1601621852Kursi_Kerja_Hitam.jpg,1601621852Kursi_Kerja_Hitam_thumb.jpg,/assets/uploads/assetsre/ap/,1,1,
212,,00212-FUR-KK-CFS-PTRE-14,Kursi Kerja,CFS,SAVELLO,WARNA HITAM,0,112009,0,0,NULL,100001,80,LT,0,1,194755,201019101757,2020-10-19,130090,2024-02-28 11:20:20.000,0,NULL,NULL,2018-03-15,1601622724Kursi_Kerja_Hitam.jpg,1601622724Kursi_Kerja_Hitam_thumb.jpg,/assets/uploads/assetsre/ap/,1,1,
213,,00213-FUR-KK--CFS-PTRE-14,Kursi Kerja,CFS,SAVELLO,WARNA HITAM,0,112009,0,0,NULL,100001,80,LT,0,1,124271,201019101302,2020-10-19,130090,2024-02-28 11:20:10.000,0,NULL,NULL,2018-03-15,1601622266Kursi_Kerja_Hitam.jpg,1601622266Kursi_Kerja_Hitam_thumb.jpg,/assets/uploads/assetsre/ap/,1,1,
215,,00215-FUR-KK-CFS-PTRE-14,kursi kerja,CFS,Seiko,Warna Putih,0,112009,0,0,NULL,100001,80,LT,0,0,NULL,NULL,NULL,130090,2024-02-28 11:20:01.000,0,NULL,NULL,2018-03-15,NULL,NULL,NULL,1,1,
216,,00216-FUR-KK-CFS-PTRE-14,Kursi Kerja,CFS,SAVELLO,WARNA HITAM,0,112009,0,0,NULL,100001,80,LT,0,1,114229,201019100959,2020-10-19,130090,2024-02-28 11:19:53.000,0,NULL,NULL,2018-03-15,1601621453Kursi_Kerja_Hitam.jpg,1601621453Kursi_Kerja_Hitam_thumb.jpg,/assets/uploads/assetsre/ap/,1,1,
217,,00217-FUR-KK-CFS-PTRE-14,Kursi Kerja,CFS,SAVELLO,Warna Hitam,0,112009,0,0,NULL,100001,80,LT,0,1,311618,201019100837,2020-10-19,130090,2024-02-28 11:53:03.000,0,NULL,NULL,2018-03-15,1601606032Kursi_Kerja_Hitam.jpg,1601606032Kursi_Kerja_Hitam_thumb.jpg,/assets/uploads/assetsre/ap/,1,1,
218,,00218-FUR-KK-CFS-PTRE-14,Kursi Kerja,CFS,SAVELLO,WARNA HITAM,0,112009,0,0,NULL,100001,80,LT,0,1,134408,201019100904,2020-10-19,130090,2024-02-28 11:52:54.000,0,NULL,NULL,2018-03-15,1601606266Kursi_Kerja_Hitam.jpg,1601606266Kursi_Kerja_Hitam_thumb.jpg,/assets/uploads/assetsre/ap/,1,1,
220,,00220-FUR-KK-CFS-PTRE-14,Kursi Kerja,CFS,Savello,Warna Hitam,0,112009,0,0,NULL,100001,80,LT,0,1,134457,201019101620,2020-10-19,130090,2024-02-28 11:52:37.000,0,NULL,NULL,2018-03-15,1601622062Kursi_Kerja_Hitam.jpg,1601622062Kursi_Kerja_Hitam_thumb.jpg,/assets/uploads/assetsre/ap/,1,1,
221,,00221-FUR-KK-CFS-PTRE-14,Kursi Kerja,CFS,Savello,Warna HITAM,0,112009,0,0,NULL,100001,80,LT,0,1,053527,201019102225,2020-10-19,130090,2024-02-28 11:52:27.000,0,NULL,NULL,2018-03-15,1601624546Kursi_Kerja_Hitam.jpg,1601624546Kursi_Kerja_Hitam_thumb.jpg,/assets/uploads/assetsre/ap/,1,1,
222,,00222-FUR-KK-CFS-PTRE-14,Kursi Kerja,CFS,Savello,Warna HITAM,0,112009,0,0,NULL,100001,80,LT,0,1,033232,201019101937,2020-10-19,130090,2024-02-28 11:52:19.000,0,NULL,NULL,2018-03-15,1601623082Kursi_Kerja_Hitam.jpg,1601623082Kursi_Kerja_Hitam_thumb.jpg,/assets/uploads/assetsre/ap/,1,1,
223,,00223-FUR-KK-CFS-PTRE-14,Kursi Kerja,CFS,Savello,Warna hitam,0,112009,0,0,NULL,100001,80,LT,0,1,114200,201019100647,2020-10-19,130090,2024-02-28 11:52:10.000,0,NULL,NULL,2018-03-15,1601604512kusi_kerja_hitam.jpeg,1601604512kusi_kerja_hitam_thumb.jpeg,/assets/uploads/assetsre/ap/,1,1,
224,,00224-FUR-KK-CFS-PTRE-14,Kursi Kerja,CFS,Savello,Warna Hitam,0,112009,0,0,NULL,100001,80,LT,0,1,104154,201019101722,2020-10-19,130090,2024-02-28 11:52:01.000,0,NULL,NULL,2018-03-15,1601622639Kursi_Kerja_Hitam.jpg,1601622639Kursi_Kerja_Hitam_thumb.jpg,/assets/uploads/assetsre/ap/,1,1,
225,,00225-FUR-KK-CFS-PTRE-14,Kursi Kerja,CFS,Savello,Warna Hitam,0,112009,0,0,NULL,100001,80,LT,0,1,124299,201019101040,2020-10-19,130090,2024-02-28 11:51:53.000,0,NULL,NULL,2018-03-15,1601621643Kursi_Kerja_Hitam.jpg,1601621643Kursi_Kerja_Hitam_thumb.jpg,/assets/uploads/assetsre/ap/,1,1,
226,,00226-FUR-KK-CFS-PTRE-14,Kursi Kerja,CFS,SAVELLO,Kerja Hitam,0,112009,0,0,NULL,100001,80,LT,0,1,314818,201019102110,2020-10-19,130090,2024-02-28 11:51:46.000,0,NULL,NULL,2018-03-15,1601623911Kursi_Kerja_Hitam.jpg,1601623911Kursi_Kerja_Hitam_thumb.jpg,/assets/uploads/assetsre/ap/,1,1,
227,,00227-FUR-KK-CFS-PTRE-14,Kursi Kerja,CFS,SAVELLO,Kerja Hitam,0,112009,0,0,NULL,100001,80,LT,0,1,194901,201019102047,2020-10-19,130090,2024-02-28 11:51:38.000,0,NULL,NULL,2018-03-15,1601623395Kursi_Kerja_Hitam.jpg,1601623395Kursi_Kerja_Hitam_thumb.jpg,/assets/uploads/assetsre/ap/,1,1,
228,,00228-FUR-KK-CFS-PTRE-14,Kursi Kerja,CFS,Morelly,Kerja Hitam,0,101031,0,0,NULL,100001,9,LT,0,0,NULL,NULL,NULL,140133,2024-07-29 11:39:17.000,0,NULL,NULL,2018-03-15,NULL,NULL,NULL,0,1,
229,,00229-FUR-KK-CFS-PTRE-14,Kursi Kerja,CFS,SAVELLO,Kerja Hitam,0,112009,0,0,NULL,100001,80,LT,0,1,194759,201019101346,2020-10-19,130090,2024-02-28 11:51:29.000,0,NULL,NULL,2018-03-15,1601622354Kursi_Kerja_Hitam.jpg,1601622354Kursi_Kerja_Hitam_thumb.jpg,/assets/uploads/assetsre/ap/,1,1,
230,,00230-FUR-KK-CFS-PTRE-14,Kursi Kerja,CFS,SAVELLO,Kerja Hitam,0,112009,0,0,NULL,100001,80,LT,0,1,033043,201019102015,2020-10-19,130090,2024-02-28 11:51:21.000,0,NULL,NULL,2018-03-15,1601623205Kursi_Kerja_Hitam.jpg,1601623205Kursi_Kerja_Hitam_thumb.jpg,/assets/uploads/assetsre/ap/,1,1,
231,,00231-FUR-KK-CFS-PTRE-14,Kursi Kerja,CFS,SAVELLO,Kerja Hitam,0,112009,0,0,NULL,100001,80,LT,0,1,194869,201019101911,2020-10-19,130090,2024-02-28 11:51:10.000,0,NULL,NULL,2018-03-15,1601623020Kursi_Kerja_Hitam.jpg,1601623020Kursi_Kerja_Hitam_thumb.jpg,/assets/uploads/assetsre/ap/,1,1,
232,,00232-FUR-KK-CFS-PTRE-14,Kursi Kerja,CFS,SAVELLO,Warna Hitam,0,112009,0,0,NULL,100001,80,LT,0,1,310718,201019101112,2020-10-19,130090,2024-02-28 11:51:01.000,0,NULL,NULL,2018-03-15,1601621776Kursi_Kerja_Hitam.jpg,1601621776Kursi_Kerja_Hitam_thumb.jpg,/assets/uploads/assetsre/ap/,1,1,
233,,00233-ACC-PH-CFS-PTRE-14,Kursi Kerja,CFS,SAVELLO,Warna HITAM,0,112009,0,0,NULL,100001,80,LT,0,1,194779,201019100930,2020-10-19,130090,2024-02-28 11:50:52.000,0,NULL,NULL,2018-03-15,1601606423Kursi_Kerja_Hitam.jpg,1601606423Kursi_Kerja_Hitam_thumb.jpg,/assets/uploads/assetsre/ap/,1,1,
234,,00234-FUR-KK-CFS-PTRE-14,Kursi Kerja,CFS,SAVELLO,Warna Hitam,0,112009,0,0,NULL,100001,80,LT,0,1,194821,201019101831,2020-10-19,130090,2024-02-28 11:50:44.000,0,NULL,NULL,2018-03-15,1601622811Kursi_Kerja_Hitam.jpg,1601622811Kursi_Kerja_Hitam_thumb.jpg,/assets/uploads/assetsre/ap/,1,1,
236,,00236-FUR-KK-CFS-PTRE-13,Kursi Kerja Jaring,CFS,SAVELLO,Warna HITAM,0,101051,0,0,23-1131109,100001,80,LT,0,1,073775,250520050317,2025-05-20,255578,2026-06-08 08:55:06.000,0,NULL,NULL,2018-03-15,1603176658KURSI_JARING_HITAM_SAVELLO.jpg,1603176658KURSI_JARING_HITAM_SAVELLO_thumb.jpg,/assets/uploads/assetsre/ap/,0,0,
237,,00237-FUR-KK-CFS-PTRE-13,Kursi Kerja,CFS,SAVELLO,WARNA HITAM,0,103011,0,0,NULL,100001,80,LT,0,0,NULL,NULL,NULL,130090,2020-10-05 08:49:16.000,1,140133,2024-08-05 13:14:26.000,2018-03-15,1601862556Kursi_Kerja_Hitam.jpg,1601862556Kursi_Kerja_Hitam_thumb.jpg,/assets/uploads/assetsre/ap/,0,0,
238,,00238-FUR-KK-CFS-PTRE-14,Kursi Kerja Jaring,CFS,SAVELLO,Warna HITAM,0,101045,0,0,23-1131109,100001,80,LT,0,1,033340,260119062829,2025-05-23,140133,2025-03-18 14:13:53.000,0,NULL,NULL,2018-03-15,1739347775Kursi_Savello_Jaring.jpeg,1739347775Kursi_Savello_Jaring_thumb.jpeg,/assets/uploads/assetsre/ap/,0,0,
240,,00240-FUR-KK-CFS-PTRE-14,Kursi Kerja Jaring,CFS,SAVELLO,Warna HITAM,0,101045,0,0,23-1131109,100001,9,LT,0,1,053573,250523104326,2025-05-23,140133,2025-03-18 14:13:46.000,0,NULL,NULL,2018-03-15,1739347784Kursi_Savello_Jaring.jpeg,1739347784Kursi_Savello_Jaring_thumb.jpeg,/assets/uploads/assetsre/ap/,0,0,
241,,00241-FUR-KK-CFS-PTRE-13,Kursi Kerja,CFS,SAVELLO,Kursi Coklat,0,101037,0,0,NULL,100001,9,LT,0,0,NULL,NULL,NULL,140133,2024-07-30 15:29:21.000,0,NULL,NULL,2018-03-15,1601630184kursi_coklt_pendek.jpg,1601630184kursi_coklt_pendek_thumb.jpg,/assets/uploads/assetsre/ap/,0,1,
242,,00242-FUR-KK-CFS-PTRE-14,Kursi Kerja Jaring,CFS,SAVELLO,Warna HITAM,0,101045,0,0,23-1131109,100001,80,LT,0,0,NULL,NULL,NULL,140133,2025-03-18 14:13:38.000,0,NULL,NULL,2018-03-15,1739347792Kursi_Savello_Jaring.jpeg,1739347792Kursi_Savello_Jaring_thumb.jpeg,/assets/uploads/assetsre/ap/,0,0,
243,,00243-FUR-KK-CFS-PTRE-14,Kursi Kerja,CFS,Savello,Warna Cream,0,101032,0,0,NULL,100001,80,LT,0,0,NULL,NULL,NULL,140133,2024-07-26 10:01:08.000,0,NULL,NULL,2018-03-15,NULL,NULL,NULL,0,1,
244,,00244-FUR-KK-CFS-PTRE-14,Kursi Kerja,CFS,Savello,Warna Cream,0,101032,0,0,NULL,100001,80,LT,0,0,NULL,NULL,NULL,140133,2024-07-26 10:01:03.000,0,NULL,NULL,2018-03-15,NULL,NULL,NULL,0,1,
245,,00245-FUR-KK-CFS-PTRE-14,Kursi Kerja,CFS,Savello,Warna Cream,0,101032,0,0,NULL,100001,80,LT,0,0,NULL,NULL,NULL,140133,2024-07-26 10:00:56.000,0,NULL,NULL,2018-03-15,NULL,NULL,NULL,0,1,
246,,00246-FUR-KK-CFS-PTRE-14,Kursi Kerja,CFS,SAVELLO,,0,103010,0,0,23-1131109,100001,80,LT,0,0,NULL,NULL,NULL,130090,2025-11-18 09:44:39.000,0,NULL,NULL,2018-03-15,1726197267kursi_cokelat_jaring.jpeg,1726197267kursi_cokelat_jaring_thumb.jpeg,/assets/uploads/assetsre/ap/,0,0,
247,,00247-FUR-KK-CFS-PTRE-14,Kursi Kerja Jaring,CFS,SAVELLO,,0,101045,0,0,23-1131109,100001,80,LT,0,1,215050,250523104258,2025-05-23,140133,2025-03-18 14:13:26.000,0,NULL,NULL,2018-03-15,1738233687Kursi_Savello_Jaring.jpeg,1738233687Kursi_Savello_Jaring_thumb.jpeg,/assets/uploads/assetsre/ap/,0,0,
248,,00248-FUR-KK-CFS-PTRE-14,Kursi Kerja Jaring,CFS,SAVELLO,,0,101045,0,0,23-1131109,100001,80,LT,0,0,NULL,260119063043,2025-05-21,140133,2025-03-18 14:13:21.000,0,NULL,NULL,2018-03-15,1739347815Kursi_Savello_Jaring.jpeg,1739347815Kursi_Savello_Jaring_thumb.jpeg,/assets/uploads/assetsre/ap/,0,0,
250,,00250-FUR-KK-CFS-PTRE-13,Kursi Kerja Jaring,CFS,SAVELLO,Warna Cokelat,0,101045,0,0,23-1131109,100001,9,LT,0,1,130090,260119062855,2025-05-23,255578,2026-01-21 09:18:02.000,0,NULL,NULL,2018-03-15,1739347826Kursi_Savello_Jaring.jpeg,1739347826Kursi_Savello_Jaring_thumb.jpeg,/assets/uploads/assetsre/ap/,0,0,
251,,00251-FUR-KK-CFS-PTRE-13,Kursi Kerja,CFS,SAVELLO,KURSI KERJA,0,101036,0,0,NULL,100001,9,LT,0,0,NULL,NULL,NULL,140133,2024-09-13 10:14:00.000,1,140133,2025-02-28 17:55:05.000,2018-03-15,1726197240kursi_cokelat_jaring.jpeg,1726197240kursi_cokelat_jaring_thumb.jpeg,/assets/uploads/assetsre/ap/,0,0,
254,,00254-FUR-KK-CFS-PTRE-14,Kursi Kerja Jaring,CFS,SAVELLO,kursi jaring,0,101045,0,0,23-1131109,100001,9,LT,0,1,020036,260119062910,2025-05-23,140133,2025-03-18 14:12:46.000,0,NULL,NULL,2018-03-15,1738233647Kursi_Savello_Jaring.jpeg,1738233647Kursi_Savello_Jaring_thumb.jpeg,/assets/uploads/assetsre/ap/,0,0,
255,,00255-FUR-KK-CFS-PTRE-14,Kursi Kerja Jaring,CFS,SAVELLO,Kursi Cokelat,0,102016,0,0,23-1131109,100001,9,LT,0,1,245365,260121092118,2026-01-21,255578,2026-01-21 09:21:09.000,0,NULL,NULL,2018-03-15,1739347842Kursi_Savello_Jaring.jpeg,1739347842Kursi_Savello_Jaring_thumb.jpeg,/assets/uploads/assetsre/ap/,0,0,
256,,00256-FUR-KK-CFS-PTRE-14,Kursi Kerja,CFS,SAVELLO,JARING HITAM,0,105008,0,0,NULL,100001,80,LT,0,1,194824,201019014323,2020-10-19,130090,2024-02-28 11:04:30.000,0,NULL,NULL,2018-03-15,1602746161KURSI_JARING_HITAM_SAVELLO.jpg,1602746161KURSI_JARING_HITAM_SAVELLO_thumb.jpg,/assets/uploads/assetsre/ap/,1,1,
257,,00257-FUR-KK-CFS-PTRE-13,Kursi Kerja,CFS,SAVELLO,Kursi Cokelat,0,101036,0,0,NULL,100001,9,LT,0,0,NULL,NULL,NULL,140133,2024-09-13 10:13:35.000,1,130090,2025-10-31 20:03:29.000,2018-03-15,1726197215kursi_cokelat_jaring.jpeg,1726197215kursi_cokelat_jaring_thumb.jpeg,/assets/uploads/assetsre/ap/,0,0,
258,,00258-FUR-KK-CFS-PTRE-13,Kursi Kerja,CFS,SAVELLO,Kursi Kerja,0,101036,0,0,NULL,100001,9,LT,0,0,NULL,NULL,NULL,140133,2024-09-13 10:13:29.000,1,130090,2025-10-31 20:03:33.000,2018-03-15,1726197209kursi_cokelat_jaring.jpeg,1726197209kursi_cokelat_jaring_thumb.jpeg,/assets/uploads/assetsre/ap/,0,0,
260,,00260-FUR-KK-CFS-PTRE-13,Kursi Kerja,CFS,SAVELLO,KURSI KERJA,0,101036,0,0,NULL,100001,9,LT,0,0,NULL,NULL,NULL,140133,2024-09-13 10:13:23.000,1,130090,2025-10-31 20:03:47.000,2018-03-15,1726197203kursi_cokelat_jaring.jpeg,1726197203kursi_cokelat_jaring_thumb.jpeg,/assets/uploads/assetsre/ap/,0,0,
261,,00261-FUR-KK-CFS-PTRE-13,Kursi Kerja Jaring,CFS,SAVELLO,Kursi Kerja,0,101036,0,0,23-1131109,100001,9,LT,0,0,NULL,NULL,NULL,255578,2026-04-10 08:27:39.000,0,NULL,NULL,2018-03-15,1726197198kursi_cokelat_jaring.jpeg,1726197198kursi_cokelat_jaring_thumb.jpeg,/assets/uploads/assetsre/ap/,0,0,
262,,00262-FUR-KK-CFS-PTRE-13,Kursi Kerja Jaring,CFS,SAVELLO,Kursi Cokelat Jaring,0,101036,0,0,23-1131109,100001,9,LT,0,0,NULL,NULL,NULL,255578,2026-04-10 08:27:44.000,0,NULL,NULL,2018-03-15,1726197192kursi_cokelat_jaring.jpeg,1726197192kursi_cokelat_jaring_thumb.jpeg,/assets/uploads/assetsre/ap/,0,0,
263,,00263-FUR-KK-CFS-PTRE-13,Kursi Kerja Jaring,CFS,SAVELLO,KURSI KERJA,0,101036,0,0,23-1131109,100001,9,LT,0,0,NULL,NULL,NULL,255578,2026-04-10 08:27:33.000,0,NULL,NULL,2018-03-15,1726197187kursi_cokelat_jaring.jpeg,1726197187kursi_cokelat_jaring_thumb.jpeg,/assets/uploads/assetsre/ap/,0,0,
265,,00265-FUR-KK-CFS-PTRE-13,Kursi Kerja Jaring,CFS,SAVELLO,Kursi Kerja,0,101036,0,0,23-1131109,100001,9,LT,0,0,NULL,NULL,NULL,255578,2026-04-10 08:27:50.000,0,NULL,NULL,2018-03-15,1726197176kursi_cokelat_jaring.jpeg,1726197176kursi_cokelat_jaring_thumb.jpeg,/assets/uploads/assetsre/ap/,0,0,
271,,00271-FUR-KK-CFS-PTRE-13,Kursi Kerja Jaring,CFS,SAVELLO,KURSI KERJA,0,101036,0,0,23-1131109,100001,9,LT,0,0,NULL,NULL,NULL,255578,2026-04-10 08:27:56.000,0,NULL,NULL,2018-03-15,1726197171kursi_cokelat_jaring.jpeg,1726197171kursi_cokelat_jaring_thumb.jpeg,/assets/uploads/assetsre/ap/,0,0,
272,,00272-FUR-KK-CFS-PTRE-13,Kursi Kerja Jaring,CFS,SAVELLO,Kursi Cokelat Jaring,0,101036,0,0,23-1131109,100001,9,LT,0,1,235363,250604103544,2025-06-04,255578,2026-04-10 08:27:24.000,0,NULL,NULL,2018-03-15,1726197165kursi_cokelat_jaring.jpeg,1726197165kursi_cokelat_jaring_thumb.jpeg,/assets/uploads/assetsre/ap/,0,0,
276,,00276-FUR-KK-CFS-PTRE-14,Kursi Kerja Jaring,CFS,SAVELLO,,0,101045,0,0,23-1131109,100001,80,LT,0,1,255476,250521014355,2025-05-21,255578,2026-01-21 09:20:00.000,0,NULL,NULL,2018-03-15,1739347878Kursi_Savello_Jaring.jpeg,1739347878Kursi_Savello_Jaring_thumb.jpeg,/assets/uploads/assetsre/ap/,0,0,
279,,00279-FUR-kK-CFS-PTRE-13,Kursi Kerja,CFS,MODERA,Warna Cokelat,0,101037,0,0,NULL,100001,9,LT,0,0,NULL,NULL,NULL,140133,2024-07-30 15:29:28.000,0,NULL,NULL,2018-03-15,1601630895kursi_coklt_pendek.jpg,1601630895kursi_coklt_pendek_thumb.jpg,/assets/uploads/assetsre/ap/,0,1,
281,NULL,00281-FUR-KK-CFS-PTRE-14,Kursi Kerja,CFS,Chitose,Warna Biru,0,101034,0,0,NULL,100001,NULL,LT,0,0,NULL,NULL,NULL,130090,2017-02-27 00:00:00.000,1,140133,2025-02-13 09:00:26.000,2018-03-15,NULL,NULL,NULL,0,0,
282,,00282-FUR-KK-CFS-PTRE-14,Kursi Kerja Jaring,CFS,SAVELLO,,0,101047,0,0,NULL,100001,9,LT,0,0,NULL,NULL,NULL,140133,2025-06-16 10:52:15.000,0,NULL,NULL,2018-03-15,1739412063Kursi_Savello_Jaring.jpeg,1739412063Kursi_Savello_Jaring_thumb.jpeg,/assets/uploads/assetsre/ap/,0,0,
283,,00283-FUR-KK-CFS-PTRE-14,Kursi Kerja,CFS,Savello,KURSI JARING,0,101029,0,0,NULL,100001,9,LT,0,0,NULL,NULL,NULL,140133,2024-09-13 10:12:31.000,1,140133,2025-02-13 16:08:45.000,2018-03-15,1726197151kursi_cokelat_jaring.jpeg,1726197151kursi_cokelat_jaring_thumb.jpeg,/assets/uploads/assetsre/ap/,0,0,
284,,00284-FUR-KK-CFS-PTRE-14,Kursi Kerja Jaring,CFS,SAVELLO,Kursi Cokelat Jaring,0,101036,0,0,23-1131109,100001,9,LT,0,1,073866,250604103412,2025-06-04,255578,2026-04-10 08:27:16.000,0,NULL,NULL,2018-03-15,1726197145kursi_cokelat_jaring.jpeg,1726197145kursi_cokelat_jaring_thumb.jpeg,/assets/uploads/assetsre/ap/,0,0,
285,,00285-FUR-KK-CFS-PTRE-14,Kursi Kerja Jaring,CFS,SAVELLO,Kursi Cokelat Jaring,0,101034,0,0,NULL,100001,80,LT,0,0,NULL,NULL,NULL,140133,2025-02-13 09:01:46.000,0,NULL,NULL,2018-03-15,1726197139kursi_cokelat_jaring.jpeg,1726197139kursi_cokelat_jaring_thumb.jpeg,/assets/uploads/assetsre/ap/,0,0,
286,,00286-FUR-KK-CFS-PTRE-14,Kursi Kerja Jaring,CFS,SAVELLO,Kursi Cokelat Jaring,0,101034,0,0,NULL,100001,80,LT,0,0,NULL,NULL,NULL,140133,2025-02-13 09:01:38.000,0,NULL,NULL,2018-03-15,1726197128kursi_cokelat_jaring.jpeg,1726197128kursi_cokelat_jaring_thumb.jpeg,/assets/uploads/assetsre/ap/,0,0,
287,,00287-FUR-KK-CFS-PTRE-16,Kursi Kerja,CFS,Savello,WARNA COKLAT,0,105007,0,0,NULL,100001,80,LT,0,0,NULL,NULL,NULL,130090,2024-02-28 14:32:47.000,1,140133,2024-08-02 09:05:07.000,2018-03-15,1709105567WhatsApp_Image_2024-02-28_at_14_29_47.jpeg,1709105567WhatsApp_Image_2024-02-28_at_14_29_47_thumb.jpeg,/assets/uploads/assetsre/ap/,0,0,
295,,00295-FUR-KK-CFS-PTRE-16,Kursi Coklat,CFS,SAVELLO,WARNA COKLAT,0,105007,0,0,23-1321012,100001,80,LT,0,0,NULL,NULL,NULL,255578,2026-06-07 21:27:43.000,0,NULL,NULL,2018-03-15,1739506766kursi_cokelat_jaring.jpeg,1739506766kursi_cokelat_jaring_thumb.jpeg,/assets/uploads/assetsre/ap/,0,1,
299,,00299-FUR-KK-CFS-PTRE-13,Kursi Kerja,CFS,SAVELLO,Kursi Kerja,0,101036,0,0,NULL,100001,9,LT,0,1,245403,250604103608,2025-06-04,255578,2026-06-07 17:40:06.000,0,NULL,NULL,2018-03-15,1726197116kursi_cokelat_jaring.jpeg,1726197116kursi_cokelat_jaring_thumb.jpeg,/assets/uploads/assetsre/ap/,0,0,
301,,00301-FUR-KK-CFS-PTRE-14,Kursi Kerja Jaring,CFS,SAVELLO,,0,101045,0,0,23-1131109,100001,80,LT,0,1,245417,250521021000,2025-05-21,140133,2025-03-18 14:12:03.000,0,NULL,NULL,2018-03-15,1739347887Kursi_Savello_Jaring.jpeg,1739347887Kursi_Savello_Jaring_thumb.jpeg,/assets/uploads/assetsre/ap/,0,0,
304,,00304-FUR-KK-CFS-PTRE-16,Kursi Kerja Jaring,CFS,SAVELLO,,0,101045,0,0,23-1131109,100001,80,LT,0,1,225154,260119062929,2025-05-23,140133,2025-03-18 14:12:29.000,0,NULL,NULL,2018-03-15,1739347896Kursi_Savello_Jaring.jpeg,1739347896Kursi_Savello_Jaring_thumb.jpeg,/assets/uploads/assetsre/ap/,0,0,
307,,00307-FUR-KK-CFS-PTRE-13,Kursi Kerja Jaring,CFS,SAVELLO,Kursi Cokelat Jaring,0,101036,0,0,23-1131109,100001,9,LT,0,1,134370,250604103738,2025-06-04,255578,2026-04-10 08:27:11.000,0,NULL,NULL,2018-03-15,1726197080kursi_cokelat_jaring.jpeg,1726197080kursi_cokelat_jaring_thumb.jpeg,/assets/uploads/assetsre/ap/,0,0,
311,,00311-FUR-KK-CFS-PTRE-13,Kursi Kerja Jaring,CFS,SAVELLO,Kursi Kerja,0,101036,0,0,23-1131109,100001,9,LT,0,1,245398,250604104249,2025-06-04,255578,2026-04-10 08:27:05.000,0,NULL,NULL,2018-03-15,1726197013Kursi_Savello_Jaring.jpeg,1726197013Kursi_Savello_Jaring_thumb.jpeg,/assets/uploads/assetsre/ap/,0,0,
312,,00312-FUR-KK-CFS-PTRE-14,Kursi Kerja,CFS,CHAIRMAN,Warna Coklat,0,101035,0,0,NULL,100001,1093,LT,1,0,NULL,NULL,NULL,130090,2024-02-28 10:29:30.000,0,NULL,NULL,2018-03-15,NULL,NULL,NULL,1,1,
313,,00313-FUR-KK-CFS-PTRE-14,Kursi Kerja,CFS,Savello,Jaring Coklat,0,101035,0,0,NULL,100001,1093,LT,0,0,NULL,NULL,NULL,130090,2024-02-28 10:30:43.000,0,NULL,NULL,2018-03-15,NULL,NULL,NULL,1,1,
314,,00314-FUR-KK-CFS-PTRE-14,Kursi Kerja,CFS,Savello,Kursi Cokelat,0,101035,0,0,NULL,100001,1093,LT,1,0,NULL,NULL,NULL,130090,2024-02-28 10:29:18.000,0,NULL,NULL,2018-03-15,NULL,NULL,NULL,1,1,
319,,00319-FUR-KK-CFS-PTRE-16,Kursi Coklat,CFS,SAVELLO,WARNA COKLAT,0,111006,0,0,23-1131109,100001,80,LT,0,0,NULL,NULL,NULL,255578,2026-02-06 10:51:26.000,0,NULL,NULL,2018-03-15,1741914522kursi_Coklat.jpeg,1741914522kursi_Coklat_thumb.jpeg,/assets/uploads/assetsre/ap/,0,0,
325,,00325-FUR-KK-CFS-PTRE-13,Kursi Kerja,CFS,SAVELLO,Warna Coklat,0,101037,0,0,NULL,100001,9,LT,0,0,NULL,NULL,NULL,140133,2024-07-30 15:29:51.000,0,NULL,NULL,2018-03-15,1601630020kursi_coklt_pendek.jpg,1601630020kursi_coklt_pendek_thumb.jpg,/assets/uploads/assetsre/ap/,0,1,
334,,00334-FUR-KK-CFS-PTRE-14,Kursi Kerja Jaring,CFS,SAVELLO,,0,101045,0,0,23-1131109,100001,80,LT,0,1,235315,260119063011,2025-05-21,140133,2025-03-18 14:12:16.000,0,NULL,NULL,2018-03-15,1739347914Kursi_Savello_Jaring.jpeg,1739347914Kursi_Savello_Jaring_thumb.jpeg,/assets/uploads/assetsre/ap/,0,0,
339,,00339-FUR-MK-CFS-PTRE-12,Kursi Kerja,CFS,SAVELLO,Warna Hitam,0,112009,0,0,NULL,100001,80,LT,0,1,194849,201019100802,2020-10-19,130090,2024-02-28 11:50:35.000,0,NULL,NULL,2018-03-15,1601605824Kursi_Kerja_Hitam.jpg,1601605824Kursi_Kerja_Hitam_thumb.jpg,/assets/uploads/assetsre/ap/,1,1,
341,,00341-FUR-KK-CFS-PTRE-16,Kursi Coklat,CFS,SAVELLO,Warna Cokelat,0,111006,0,0,23-1131109,100001,80,LT,0,0,NULL,NULL,NULL,255578,2026-06-07 21:18:19.000,0,NULL,NULL,2018-03-15,1741914537kursi_Coklat.jpeg,1741914537kursi_Coklat_thumb.jpeg,/assets/uploads/assetsre/ap/,0,0,
349,,00349-FUR-KK-CFS-PTRE-12,Kursi Kerja Jaring,CFS,SAVELLO,,0,101036,0,0,23-1131109,100001,80,LT,0,0,NULL,NULL,NULL,140133,2025-06-04 10:49:48.000,0,NULL,NULL,2018-03-15,1749008988Kursi_Savello_Jaring.jpeg,1749008988Kursi_Savello_Jaring_thumb.jpeg,/assets/uploads/assetsre/ap/,0,0,
351,,00351-FUR-KK-CFS-PTRE-13,Kursi Kerja Jaring,CFS,SAVELLO,,0,101036,0,0,23-1131109,100001,9,LT,0,1,235354,250604105033,2025-06-04,255578,2026-04-10 08:26:58.000,0,NULL,NULL,2018-03-15,1726196956Kursi_Savello_Jaring.jpeg,1726196956Kursi_Savello_Jaring_thumb.jpeg,/assets/uploads/assetsre/ap/,0,0,
352,,00352-FUR-KK-CFS-PTRE-13,Kursi Kerja Jaring,CFS,SAVELLO,,0,101036,0,0,23-1131109,100001,80,LT,0,1,184708,250604103640,2025-06-04,255578,2026-04-10 08:26:51.000,0,NULL,NULL,2018-03-15,1726196950Kursi_Savello_Jaring.jpeg,1726196950Kursi_Savello_Jaring_thumb.jpeg,/assets/uploads/assetsre/ap/,0,0,
353,,00353-FUR-KK-CFS-PTRE-13,Kursi Kerja Jaring,CFS,SAVELLO,,0,101036,0,0,23-1131109,100001,80,LT,0,0,NULL,NULL,NULL,255578,2026-04-10 08:26:44.000,0,NULL,NULL,2018-03-15,1726196939Kursi_Savello_Jaring.jpeg,1726196939Kursi_Savello_Jaring_thumb.jpeg,/assets/uploads/assetsre/ap/,0,0,
354,,00354-FUR-KK-CFS-PTRE-13,Kursi Kerja Jaring,CFS,SAVELLO,,0,101036,0,0,23-1131109,100001,80,LT,0,1,235348,250604104827,2025-06-04,255578,2026-04-10 08:26:35.000,0,NULL,NULL,2018-03-15,1726196932Kursi_Savello_Jaring.jpeg,1726196932Kursi_Savello_Jaring_thumb.jpeg,/assets/uploads/assetsre/ap/,0,0,
355,,00355-FUR-KK-CFS-PTRE-13,Kursi Kerja Jaring,CFS,SAVELLO,,0,101036,0,0,23-1131109,100001,80,LT,0,1,235355,250604105053,2025-06-04,255578,2026-04-10 08:26:29.000,0,NULL,NULL,2018-03-15,1726196927Kursi_Savello_Jaring.jpeg,1726196927Kursi_Savello_Jaring_thumb.jpeg,/assets/uploads/assetsre/ap/,0,0,
356,,00356-FUR-KK-CFS-PTRE-13,Kursi Kerja Jaring,CFS,SAVELLO,,0,101036,0,0,23-1131109,100001,80,LT,0,1,194825,250604104410,2025-06-04,255578,2026-04-10 08:26:23.000,0,NULL,NULL,2018-03-15,1726196919Kursi_Savello_Jaring.jpeg,1726196919Kursi_Savello_Jaring_thumb.jpeg,/assets/uploads/assetsre/ap/,0,0,
357,,00357-FUR-KK-CFS-PTRE-13,Kursi Kerja Jaring,CFS,SAVELLO,,0,101036,0,0,23-1131109,100001,80,LT,0,0,NULL,NULL,NULL,255578,2026-04-10 08:26:16.000,0,NULL,NULL,2018-03-15,1726196907Kursi_Savello_Jaring.jpeg,1726196907Kursi_Savello_Jaring_thumb.jpeg,/assets/uploads/assetsre/ap/,0,0,
358,,00358-FUR-KK-CFS-PTRE-13,Kursi Kerja Jaring,CFS,SAVELLO,,0,101036,0,0,23-1131109,100001,80,LT,0,1,245366,250604104559,2025-06-04,255578,2026-04-10 08:26:09.000,0,NULL,NULL,2018-03-15,1726196900Kursi_Savello_Jaring.jpeg,1726196900Kursi_Savello_Jaring_thumb.jpeg,/assets/uploads/assetsre/ap/,0,0,
359,,00359-FUR-KK-CFS-PTRE-13,Kursi Kerja Jaring,CFS,SAVELLO,,0,101036,0,0,23-1131109,100001,80,LT,0,1,114236,250604104428,2025-06-04,255578,2026-04-10 08:26:01.000,0,NULL,NULL,2018-03-15,1726196893Kursi_Savello_Jaring.jpeg,1726196893Kursi_Savello_Jaring_thumb.jpeg,/assets/uploads/assetsre/ap/,0,0,
360,,00360-FUR-KK-CFS-PTRE-13,Kursi Kerja Jaring,CFS,SAVELLO,,0,101036,0,0,23-1131109,100001,80,LT,0,1,314018,250604104312,2025-06-04,255578,2026-04-10 08:25:54.000,0,NULL,NULL,2018-03-15,1726196887Kursi_Savello_Jaring.jpeg,1726196887Kursi_Savello_Jaring_thumb.jpeg,/assets/uploads/assetsre/ap/,0,0,
361,,00361-FUR-KK-CFS-PTRE-13,Kursi Kerja Jaring,CFS,SAVELLO,,0,101036,0,0,23-1131109,100001,80,LT,0,1,130096,250604104344,2025-06-04,255578,2026-04-10 08:25:48.000,0,NULL,NULL,2018-03-15,1726196880Kursi_Savello_Jaring.jpeg,1726196880Kursi_Savello_Jaring_thumb.jpeg,/assets/uploads/assetsre/ap/,0,0,
362,,00362-FUR-KK-CFS-PTRE-13,Kursi Kerja Jaring,CFS,SAVELLO,,0,101036,0,0,NULL,100001,80,LT,0,1,245438,250604104127,2025-06-04,255578,2026-04-10 08:25:39.000,0,NULL,NULL,2018-03-15,1726196869Kursi_Savello_Jaring.jpeg,1726196869Kursi_Savello_Jaring_thumb.jpeg,/assets/uploads/assetsre/ap/,0,0,
363,,00363-FUR-KK-CFS-PTRE-13,Kursi Coklat,CFS,SAVELLO,,0,101036,0,0,23-1131109,100001,80,LT,0,0,NULL,NULL,NULL,130090,2025-11-18 09:41:11.000,0,NULL,NULL,2018-03-15,1740740165kursi_Coklat.jpeg,1740740165kursi_Coklat_thumb.jpeg,/assets/uploads/assetsre/ap/,0,0,
364,,00364-FUR-KK-CFS-PTRE-13,Kursi Coklat,CFS,SAVELLO,,0,101036,0,0,23-1131109,100001,80,LT,0,1,194757,250604104512,2025-06-04,130090,2025-11-18 09:41:02.000,0,NULL,NULL,2018-03-15,1740740146kursi_Coklat.jpeg,1740740146kursi_Coklat_thumb.jpeg,/assets/uploads/assetsre/ap/,0,0,
365,,00365-FUR-KK-CFS-PTRE-13,Kursi Kerja,CFS,Savello,,0,101036,0,0,NULL,100001,80,LT,0,0,NULL,NULL,NULL,140133,2024-09-13 10:07:30.000,1,140133,2025-02-28 17:55:13.000,2018-03-15,1726196850Kursi_Savello_Jaring.jpeg,1726196850Kursi_Savello_Jaring_thumb.jpeg,/assets/uploads/assetsre/ap/,0,0,
366,,00366-FUR-KK-CFS-PTRE-13,Kursi Kerja,CFS,Savello,,0,101036,0,0,NULL,100001,80,LT,0,0,NULL,NULL,NULL,140133,2024-09-13 10:07:24.000,1,140133,2025-02-28 17:54:59.000,2018-03-15,1726196844Kursi_Savello_Jaring.jpeg,1726196844Kursi_Savello_Jaring_thumb.jpeg,/assets/uploads/assetsre/ap/,0,0,
367,,00367-FUR-KK-CFS-PTRE-13,Kursi Kerja,CFS,Savello,,0,101036,0,0,NULL,100001,80,LT,0,0,NULL,NULL,NULL,140133,2024-09-13 10:07:15.000,1,140133,2025-02-28 17:54:56.000,2018-03-15,1726196835Kursi_Savello_Jaring.jpeg,1726196835Kursi_Savello_Jaring_thumb.jpeg,/assets/uploads/assetsre/ap/,0,0,
378,,00378-FUR-KK-CFS-PTRE-14,Kursi Kerja,CFS,SAVELLO,WARNA HITAM,0,103014,0,0,NULL,100001,80,LT,0,0,NULL,NULL,NULL,140133,2024-08-22 15:21:19.000,0,NULL,NULL,2018-03-15,1601864484Kursi_Kerja_Hitam.jpg,1601864484Kursi_Kerja_Hitam_thumb.jpg,/assets/uploads/assetsre/ap/,0,1,
380,,00380-FUR-KK-CFS-PTRE-14,Kursi Kerja,CFS,SAVELLO,Warna HITAM,0,103014,0,0,NULL,100001,80,LT,0,0,NULL,NULL,NULL,140133,2024-08-22 15:21:24.000,0,NULL,NULL,2018-03-15,1601864279Kursi_Kerja_Hitam.jpg,1601864279Kursi_Kerja_Hitam_thumb.jpg,/assets/uploads/assetsre/ap/,0,1,
381,,00381-FUR-KK-CFS-PTRE-14,Kursi Kerja,CFS,SAVELLO,Warna HITAM,0,103013,0,0,NULL,100001,80,LT,0,0,NULL,NULL,NULL,140133,2024-08-01 11:53:43.000,0,NULL,NULL,2018-03-15,1601863743Kursi_Kerja_Hitam.jpg,1601863743Kursi_Kerja_Hitam_thumb.jpg,/assets/uploads/assetsre/ap/,0,1,
382,,00382-FUR-LC-CFS-PTRE-13,Kursi Kerja,CFS,SAVELLO,Warna HITAM,0,103014,0,0,NULL,100001,80,LT,0,0,NULL,NULL,NULL,140133,2024-08-22 15:21:31.000,0,NULL,NULL,2018-03-15,1601864449Kursi_Kerja_Hitam.jpg,1601864449Kursi_Kerja_Hitam_thumb.jpg,/assets/uploads/assetsre/ap/,0,1,
388,,00388-FUR-KK-CFS-PTRE-13,Kursi Kerja,CFS,SAVELLO,,0,101036,0,0,NULL,100001,80,LT,0,0,NULL,NULL,NULL,140133,2024-09-13 10:07:08.000,1,140133,2025-02-28 17:54:51.000,2018-03-15,1726196828Kursi_Savello_Jaring.jpeg,1726196828Kursi_Savello_Jaring_thumb.jpeg,/assets/uploads/assetsre/ap/,0,0,
389,,00389-FUR-KK-CFS-RE-13,Kursi Kerja,CFS,SAVELLO,Warna Cokelat,0,101037,0,0,NULL,100001,9,LT,0,0,NULL,NULL,NULL,140133,2024-07-30 15:30:08.000,0,NULL,NULL,2018-03-15,1601629864kursi_coklt_pendek.jpg,1601629864kursi_coklt_pendek_thumb.jpg,/assets/uploads/assetsre/ap/,0,1,
403,,01913-FUR-KK-CFS-PTRE-14,Kursi Kerja Jaring,CFS,UNO,JARING COKLAT,0,105014,0,0,NULL,100001,80,LT,0,0,NULL,NULL,NULL,130090,2024-03-01 15:52:25.000,0,NULL,NULL,2018-03-15,1709283145WhatsApp_Image_2024-02-28_at_14_18_19.jpeg,1709283145WhatsApp_Image_2024-02-28_at_14_18_19_thumb.jpeg,/assets/uploads/assetsre/ap/,0,0,
405,,00405-FUR-KK-CFS-PTRE-13,Kursi Kerja,CFS,SAVELLO,,0,103010,0,0,NULL,100001,80,LT,0,0,NULL,NULL,NULL,140133,2024-09-13 10:06:36.000,0,NULL,NULL,2018-03-15,1726196796Kursi_Savello_Jaring.jpeg,1726196796Kursi_Savello_Jaring_thumb.jpeg,/assets/uploads/assetsre/ap/,0,0,
410,,00410-FUR-KK-CFS-PTRE-14,Kursi Kerja,CFS,SAVELLO,WARNA JARING HITAM,0,104008,0,0,NULL,100001,80,LT,0,1,073865,201019033802,2020-10-19,130090,2020-10-15 14:28:46.000,1,140133,2024-07-31 14:44:10.000,2018-03-15,1602746926Kursi_Kerja_Hitam.jpg,1602746926Kursi_Kerja_Hitam_thumb.jpg,/assets/uploads/assetsre/ap/,0,0,
415,,01914-FUR-KK-CFS-PTRE-14,Kursi Kerja Jaring,CFS,UNO,JARING COKLAT,0,105014,0,0,NULL,100001,80,LT,0,0,NULL,NULL,NULL,130090,2024-03-01 15:51:54.000,0,NULL,NULL,2018-03-15,1709283114WhatsApp_Image_2024-02-28_at_14_18_19.jpeg,1709283114WhatsApp_Image_2024-02-28_at_14_18_19_thumb.jpeg,/assets/uploads/assetsre/ap/,0,0,
416,,01915-FUR-KK-CFS-PTRE-14,Kursi Kerja Jaring,CFS,UNO,JARING COKLAT,0,105014,0,0,NULL,100001,80,LT,0,0,NULL,NULL,NULL,130090,2024-03-01 15:51:23.000,0,NULL,NULL,2018-03-15,1709283083WhatsApp_Image_2024-02-28_at_14_18_19.jpeg,1709283083WhatsApp_Image_2024-02-28_at_14_18_19_thumb.jpeg,/assets/uploads/assetsre/ap/,0,0,
426,,00426-FUR-KK-CFS-PTRE-14,Kursi Kerja,CFS,SAVELLO,,0,111006,0,0,23-1131109,100001,80,LT,1,0,NULL,NULL,NULL,255578,2026-02-06 10:53:36.000,0,NULL,NULL,2018-03-15,1726196802Kursi_Savello_Jaring.jpeg,1726196802Kursi_Savello_Jaring_thumb.jpeg,/assets/uploads/assetsre/ap/,0,1,
429,,00429-FUR-KK-CFS-PTRE-14,Kursi Kerja,CFS,SAVELLO,JARING HITAM,0,104008,0,0,NULL,100001,80,LT,0,0,NULL,NULL,NULL,140133,2024-07-31 14:42:48.000,0,NULL,NULL,2018-03-15,1602733997Kursi_Kerja_Hitam.jpg,1602733997Kursi_Kerja_Hitam_thumb.jpg,/assets/uploads/assetsre/ap/,0,1,
432,,00432-FUR-KK-CFS-PTRE-14,Kursi Coklat,CFS,SAVELLO,,0,111006,0,0,23-1131109,100001,80,LT,0,0,NULL,NULL,NULL,255578,2026-06-07 21:18:33.000,0,NULL,NULL,2018-03-15,1726196814Kursi_Savello_Jaring.jpeg,1726196814Kursi_Savello_Jaring_thumb.jpeg,/assets/uploads/assetsre/ap/,0,0,
435,,00435-FUR-KK-CFS-PTRE-14,Kursi Coklat,CFS,SAVELLO,,0,111005,0,0,NULL,100001,80,LT,0,0,NULL,NULL,NULL,255578,2026-02-06 11:20:29.000,0,NULL,NULL,2018-03-15,1726196808Kursi_Savello_Jaring.jpeg,1726196808Kursi_Savello_Jaring_thumb.jpeg,/assets/uploads/assetsre/ap/,0,0,
436,,00436-FUR-KK-CFS-PTRE-14,Kursi Coklat,CFS,SAVELLO,,0,111005,0,0,NULL,100001,80,LT,0,0,NULL,NULL,NULL,255578,2026-02-06 11:20:35.000,0,NULL,NULL,2018-03-15,1726196789Kursi_Savello_Jaring.jpeg,1726196789Kursi_Savello_Jaring_thumb.jpeg,/assets/uploads/assetsre/ap/,0,0,
440,,00440-FUR-KK-CFS-PTRE-12,Kursi Kerja,CFS,CHAIRMAN,Chairman,0,101037,0,0,NULL,100001,80,LT,0,0,NULL,NULL,NULL,140133,2024-07-30 15:27:30.000,0,NULL,NULL,2018-03-15,NULL,NULL,NULL,0,1,
441,,00441-FUR-KK-CFS-PTRE-12,Kursi Kerja,CFS,Chitose,Lipat Chitose,0,101037,0,0,NULL,100001,80,LT,0,0,NULL,NULL,NULL,140133,2024-07-30 15:28:27.000,0,NULL,NULL,2018-03-15,NULL,NULL,NULL,0,1,
442,,00442-FUR-KK-CFS-PTRE-14,Kursi Kerja,CFS,Savello,Kerja Hitam,0,101037,0,0,NULL,100001,80,LT,0,0,NULL,NULL,NULL,140133,2024-07-30 15:27:13.000,0,NULL,NULL,2018-03-15,NULL,NULL,NULL,0,1,
443,,00443-FUR-KK-CFS-PTRE-14,Kursi Kerja,CFS,Savello,Kerja Hitam,0,101037,0,0,NULL,100001,80,LT,0,0,NULL,NULL,NULL,140133,2024-07-30 15:27:54.000,0,NULL,NULL,2018-03-15,NULL,NULL,NULL,0,1,
444,,00444-FUR-KK-CFS-PTRE-14,Kursi Kerja,CFS,Savello,Kerja Hitam,0,101037,0,0,NULL,100001,80,LT,0,0,NULL,NULL,NULL,140133,2024-07-30 15:27:36.000,0,NULL,NULL,2018-03-15,NULL,NULL,NULL,0,1,
445,,00445-FUR-KK-CFS-PTRE-14,Kursi Kerja,CFS,Savello,Kursi Cokelat,0,101037,0,0,NULL,100001,80,LT,0,0,NULL,NULL,NULL,140133,2024-07-30 15:26:55.000,0,NULL,NULL,2018-03-15,NULL,NULL,NULL,0,1,
446,,00446-FUR-KK-CFS-PTRE-14,Kursi Kerja,CFS,Savello,Kursi Cokelat,0,101037,0,0,NULL,100001,80,LT,0,0,NULL,NULL,NULL,140133,2024-07-30 15:27:00.000,0,NULL,NULL,2018-03-15,NULL,NULL,NULL,0,1,
447,,00447-FUR-KK-CFS-PTRE-14,Kursi Kerja,CFS,Savello,Kursi Cokelat,0,101037,0,0,NULL,100001,80,LT,0,0,NULL,NULL,NULL,140133,2024-07-30 15:27:25.000,0,NULL,NULL,2018-03-15,NULL,NULL,NULL,0,1,
448,,00448-FUR-KK-CFS-PTRE-14,Kursi Kerja,CFS,Savello,Kursi Cokelat,0,101037,0,0,NULL,100001,80,LT,0,0,NULL,NULL,NULL,140133,2024-07-30 15:26:35.000,0,NULL,NULL,2018-03-15,NULL,NULL,NULL,0,1,
449,,00449-FUR-KK-CFS-PTRE-14,Kursi Kerja,CFS,Savello,Kursi Cokelat,0,101037,0,0,NULL,100001,80,LT,0,0,NULL,NULL,NULL,140133,2024-07-30 15:27:19.000,0,NULL,NULL,2018-03-15,NULL,NULL,NULL,0,1,
450,,00450-FUR-KK-CFS-PTRE-14,Kursi Kerja,CFS,Savello,Kursi Cokelat,0,101037,0,0,NULL,100001,80,LT,0,0,NULL,NULL,NULL,140133,2024-07-30 15:26:29.000,0,NULL,NULL,2018-03-15,NULL,NULL,NULL,0,1,
451,,00451-FUR-KK-CFS-PTRE-14,Kursi Coklat,CFS,SAVELLO,"'
",0,111005,0,0,23-1131109,100001,80,LT,0,0,NULL,NULL,NULL,255578,2026-02-06 11:20:43.000,0,NULL,NULL,2018-03-15,1726196772Kursi_Savello_Jaring.jpeg,1726196772Kursi_Savello_Jaring_thumb.jpeg,/assets/uploads/assetsre/ap/,0,0,
452,,00452-FUR-KK-CFS-PTRE-14,Kursi Kerja,CFS,Savello,Kursi Cokelat,0,101037,0,0,NULL,100001,80,LT,0,0,NULL,NULL,NULL,140133,2024-07-30 15:26:46.000,0,NULL,NULL,2018-03-15,NULL,NULL,NULL,0,1,
453,,00453-FUR-KK-CFS-PTRE-14,Kursi Kerja,CFS,Savello,Kursi Cokelat,0,101037,0,0,NULL,100001,80,LT,0,0,NULL,NULL,NULL,140133,2024-07-30 15:28:00.000,0,NULL,NULL,2018-03-15,NULL,NULL,NULL,0,1,
454,,00454-FUR-KK-CFS-PTRE-14,Kursi Coklat,CFS,SAVELLO,Kursi Cokelat,0,105007,0,0,23-1321012,100001,80,LT,0,0,NULL,NULL,NULL,255578,2026-06-07 21:27:49.000,0,NULL,NULL,2018-03-15,NULL,NULL,NULL,0,1,
455,,00455-FUR-KK-CFS-PTRE-14,Kursi Kerja,CFS,Savello,Kursi Cokelat,0,101037,0,0,NULL,100001,80,LT,0,0,NULL,NULL,NULL,140133,2024-07-30 15:26:17.000,0,NULL,NULL,2018-03-15,NULL,NULL,NULL,0,1,
456,,00456-FUR-KK-CFS-PTRE-14,Kursi Kerja,CFS,Savello,Kursi Cokelat,0,101037,0,0,NULL,100001,80,LT,0,0,NULL,NULL,NULL,140133,2024-07-30 15:26:05.000,0,NULL,NULL,2018-03-15,NULL,NULL,NULL,0,1,
457,,00457-FUR-KK-CFS-PTRE-14,Kursi Kerja,CFS,Savello,,0,101029,0,0,NULL,100001,9,LT,0,0,NULL,NULL,NULL,140133,2024-09-13 10:05:57.000,1,140133,2025-02-13 16:08:45.000,2018-03-15,1726196757Kursi_Savello_Jaring.jpeg,1726196757Kursi_Savello_Jaring_thumb.jpeg,/assets/uploads/assetsre/ap/,0,0,
458,,00458-FUR-KK-CFS-PTRE-14,Kursi Coklat,CFS,SAVELLO,Kursi Cokelat,0,105007,0,0,NULL,100001,9,LT,0,0,NULL,NULL,NULL,255578,2026-05-13 14:20:42.000,0,NULL,NULL,2018-03-15,NULL,NULL,NULL,0,0,
459,,00459-FUR-KK-CFS-PTRE-14,Kursi Coklat,CFS,SAVELLO,,0,111005,0,0,23-1131109,100001,80,LT,0,0,NULL,NULL,NULL,255578,2026-02-06 11:20:52.000,0,NULL,NULL,2018-03-15,1726196736Kursi_Savello_Jaring.jpeg,1726196736Kursi_Savello_Jaring_thumb.jpeg,/assets/uploads/assetsre/ap/,0,0,
460,,00460-FUR-KK-CFS-PTRE-14,Kursi Kerja,CFS,Savello,Kursi Cokelat,0,101037,0,0,NULL,100001,80,LT,0,0,NULL,NULL,NULL,140133,2024-07-30 15:25:53.000,0,NULL,NULL,2018-03-15,NULL,NULL,NULL,0,1,
461,,00461-FUR-KK-CFS-PTRE-14,Kursi Kerja,CFS,Savello,Kursi Cokelat,0,101037,0,0,NULL,100001,80,LT,0,0,NULL,NULL,NULL,140133,2024-07-30 15:25:59.000,0,NULL,NULL,2018-03-15,NULL,NULL,NULL,0,1,
462,,00462-FUR-KK-CFS-PTRE-14,Kursi Kerja,CFS,Savello,Kursi Cokelat,0,101037,0,0,NULL,100001,80,LT,0,0,NULL,NULL,NULL,140133,2024-07-30 15:24:52.000,0,NULL,NULL,2018-03-15,NULL,NULL,NULL,0,1,
463,,00463-FUR-KK-CFS-PTRE-14,Kursi Kerja,CFS,Savello,Kursi Cokelat,0,101037,0,0,NULL,100001,80,LT,0,0,NULL,NULL,NULL,140133,2024-07-30 15:24:59.000,0,NULL,NULL,2018-03-15,NULL,NULL,NULL,0,1,
464,,00464-FUR-KK-CFS-PTRE-14,Kursi Kerja,CFS,Savello,Kursi Cokelat,0,101037,0,0,NULL,100001,80,LT,0,0,NULL,NULL,NULL,140133,2024-07-30 15:26:11.000,0,NULL,NULL,2018-03-15,NULL,NULL,NULL,0,1,
488,,00488-FUR-KK-CFS-PTRE-13,Kursi Kerja,CFS,SAVELLO,,0,103009,0,0,NULL,100001,80,LT,0,0,NULL,NULL,NULL,140133,2024-09-13 10:05:26.000,0,NULL,NULL,2018-03-15,1726196726Kursi_Savello_Jaring.jpeg,1726196726Kursi_Savello_Jaring_thumb.jpeg,/assets/uploads/assetsre/ap/,0,0,
489,,00489-FUR-KK-CFS-PTRE-13,Kursi Kerja,CFS,SAVELLO,,0,103009,0,0,NULL,100001,80,LT,0,0,NULL,NULL,NULL,140133,2024-09-13 10:05:18.000,0,NULL,NULL,2018-03-15,1726196718Kursi_Savello_Jaring.jpeg,1726196718Kursi_Savello_Jaring_thumb.jpeg,/assets/uploads/assetsre/ap/,0,0,
490,,00490-FUR-KK-CFS-PTRE-13,Kursi Kerja,CFS,SAVELLO,,0,103009,0,0,NULL,100001,80,LT,0,0,NULL,NULL,NULL,140133,2024-09-13 10:05:10.000,0,NULL,NULL,2018-03-15,1726196710Kursi_Savello_Jaring.jpeg,1726196710Kursi_Savello_Jaring_thumb.jpeg,/assets/uploads/assetsre/ap/,0,0,
491,,00491-FUR-KK-CFS-PTRE-13,Kursi Kerja,CFS,SAVELLO,,0,103009,0,0,NULL,100001,80,LT,0,0,NULL,NULL,NULL,140133,2024-09-13 10:05:02.000,0,NULL,NULL,2018-03-15,1726196702Kursi_Savello_Jaring.jpeg,1726196702Kursi_Savello_Jaring_thumb.jpeg,/assets/uploads/assetsre/ap/,0,0,
492,,00492-FUR-KK-CFS-PTRE-13,Kursi Kerja,CFS,SAVELLO,,0,103009,0,0,NULL,100001,80,LT,0,0,NULL,NULL,NULL,140133,2024-09-13 10:04:22.000,0,NULL,NULL,2018-03-15,1726196662Kursi_Savello_Jaring.jpeg,1726196662Kursi_Savello_Jaring_thumb.jpeg,/assets/uploads/assetsre/ap/,0,0,
493,,00493-FUR-KK-CFS-PTRE-13,Kursi Kerja,CFS,SAVELLO,Warna CREAM,0,101037,0,0,NULL,100001,80,LT,0,0,NULL,NULL,NULL,140133,2024-07-30 15:21:52.000,0,NULL,NULL,2018-03-15,1601869670KURSI_SOFFA_SAVELLO.jpg,1601869670KURSI_SOFFA_SAVELLO_thumb.jpg,/assets/uploads/assetsre/ap/,0,1,
494,,00494-FUR-KK-CFS-PTRE-13,Kursi Kerja,CFS,SAVELLO,Warna CREAM,0,103009,0,0,NULL,100001,80,LT,0,0,NULL,NULL,NULL,140133,2024-09-13 10:04:08.000,0,NULL,NULL,2018-03-15,1726196648Kursi_Savello_Jaring.jpeg,1726196648Kursi_Savello_Jaring_thumb.jpeg,/assets/uploads/assetsre/ap/,0,0,
495,,00495-FUR-KK-CFS-PTRE-13,Kursi Kerja,CFS,SAVELLO,,0,103009,0,0,NULL,100001,80,LT,0,0,NULL,NULL,NULL,140133,2024-09-13 10:04:32.000,0,NULL,NULL,2018-03-15,1726196672Kursi_Savello_Jaring.jpeg,1726196672Kursi_Savello_Jaring_thumb.jpeg,/assets/uploads/assetsre/ap/,0,0,
496,,00496-FUR-KK-CFS-PTRE-13,Kursi Kerja,CFS,SAVELLO,,0,103009,0,0,NULL,100001,80,LT,0,0,NULL,NULL,NULL,140133,2024-09-13 10:04:38.000,0,NULL,NULL,2018-03-15,1726196678Kursi_Savello_Jaring.jpeg,1726196678Kursi_Savello_Jaring_thumb.jpeg,/assets/uploads/assetsre/ap/,0,0,
497,,00497-FUR-KK-CFS-PTRE-13,Kursi Kerja,CFS,SAVELLO,Warna CREAM,0,103009,0,0,NULL,100001,80,LT,0,0,NULL,NULL,NULL,140133,2024-09-13 10:03:57.000,0,NULL,NULL,2018-03-15,1726196637Kursi_Savello_Jaring.jpeg,1726196637Kursi_Savello_Jaring_thumb.jpeg,/assets/uploads/assetsre/ap/,0,0,
498,,00498-FUR-KK-CFS-PTRE-13,Kursi Kerja,CFS,SAVELLO,Warna CREAM,0,103009,0,0,NULL,100001,80,LT,0,0,NULL,NULL,NULL,140133,2024-09-13 10:03:50.000,0,NULL,NULL,2018-03-15,1726196630Kursi_Savello_Jaring.jpeg,1726196630Kursi_Savello_Jaring_thumb.jpeg,/assets/uploads/assetsre/ap/,0,0,
499,,00499-FUR-KK-CFS-PTRE-13,Kursi Kerja,CFS,SAVELLO,Warna CREAM,0,103009,0,0,NULL,100001,80,LT,0,0,NULL,NULL,NULL,140133,2024-09-13 10:03:44.000,0,NULL,NULL,2018-03-15,1726196624Kursi_Savello_Jaring.jpeg,1726196624Kursi_Savello_Jaring_thumb.jpeg,/assets/uploads/assetsre/ap/,0,0,
500,,00500-FUR-KK-CFS-PTRE-13,Kursi Kerja,CFS,SAVELLO,Warna CREAM,0,103009,0,0,NULL,100001,80,LT,0,0,NULL,NULL,NULL,140133,2024-09-13 10:03:40.000,0,NULL,NULL,2018-03-15,1726196620Kursi_Savello_Jaring.jpeg,1726196620Kursi_Savello_Jaring_thumb.jpeg,/assets/uploads/assetsre/ap/,0,0,
501,,00501-FUR-KK-CFS-PTRE-13,Kursi Kerja,CFS,SAVELLO,Warna CREAM,0,103009,0,0,NULL,100001,80,LT,0,0,NULL,NULL,NULL,140133,2024-09-13 10:03:34.000,0,NULL,NULL,2018-03-15,1726196614Kursi_Savello_Jaring.jpeg,1726196614Kursi_Savello_Jaring_thumb.jpeg,/assets/uploads/assetsre/ap/,0,0,
502,,00502-FUR-KK-CFS-PTRE-13,Kursi Kerja,CFS,SAVELLO,Warna CREAM,0,103009,0,0,NULL,100001,80,LT,0,0,NULL,NULL,NULL,140133,2024-09-13 10:03:23.000,0,NULL,NULL,2018-03-15,1726196603Kursi_Savello_Jaring.jpeg,1726196603Kursi_Savello_Jaring_thumb.jpeg,/assets/uploads/assetsre/ap/,0,0,
503,,00503-FUR-KK-CFS-PTRE-13,Kursi Kerja,CFS,SAVELLO,Warna CREAM,0,101037,0,0,NULL,100001,80,LT,0,0,NULL,NULL,NULL,140133,2024-07-30 15:20:58.000,0,NULL,NULL,2018-03-15,1601872613KURSI_SOFFA_SAVELLO.jpg,1601872613KURSI_SOFFA_SAVELLO_thumb.jpg,/assets/uploads/assetsre/ap/,0,1,
504,,00504-FUR-KK-CFS-PTRE-13,Kursi Kerja,CFS,SAVELLO,Warna CREAM,0,103009,0,0,NULL,100001,80,LT,0,0,NULL,NULL,NULL,140133,2024-09-13 10:03:28.000,0,NULL,NULL,2018-03-15,1726196608Kursi_Savello_Jaring.jpeg,1726196608Kursi_Savello_Jaring_thumb.jpeg,/assets/uploads/assetsre/ap/,0,0,
505,,00505-FUR-KK-CFS-PTRE-13,Kursi Kerja,CFS,SAVELLO,Warna CREAM,0,103009,0,0,NULL,100001,80,LT,0,0,NULL,NULL,NULL,140133,2024-09-13 10:03:17.000,0,NULL,NULL,2018-03-15,1726196597Kursi_Savello_Jaring.jpeg,1726196597Kursi_Savello_Jaring_thumb.jpeg,/assets/uploads/assetsre/ap/,0,0,
508,,00508-FUR-KK-CFS-PTRE-14,Kursi Coklat,CFS,SAVELLO,Warna Cokelat,0,111005,0,0,23-1131109,100001,80,LT,0,0,NULL,NULL,NULL,255578,2026-02-06 11:20:59.000,0,NULL,NULL,2018-03-15,1726196590Kursi_Savello_Jaring.jpeg,1726196590Kursi_Savello_Jaring_thumb.jpeg,/assets/uploads/assetsre/ap/,0,0,
515,,00515-FUR-KK-CFS-PTRE-12,Kursi Kerja,CFS,CHAIRMAN,Chairman,0,101038,0,0,NULL,100001,9,LT,0,0,NULL,NULL,NULL,140133,2024-07-26 14:32:23.000,0,NULL,NULL,2018-03-15,NULL,NULL,NULL,0,1,
516,,00516-FUR-KK-CFS-PTRE-12,Kursi Kerja,CFS,CHAIRMAN,Chairman,0,101038,0,0,NULL,100001,9,LT,0,0,NULL,NULL,NULL,140133,2024-07-26 14:30:49.000,0,NULL,NULL,2018-03-15,NULL,NULL,NULL,0,1,
517,,00517-FUR-KK-CFS-PTRE-12,Kursi Kerja,CFS,CHAIRMAN,Chairman,0,101038,0,0,NULL,100001,9,LT,0,0,NULL,NULL,NULL,140133,2024-07-26 14:30:42.000,0,NULL,NULL,2018-03-15,NULL,NULL,NULL,0,1,
518,,00518-FUR-KK-CFS-PTRE-12,Kursi Kerja,CFS,CHAIRMAN,Chairman,0,101038,0,0,NULL,100001,9,LT,0,0,NULL,NULL,NULL,140133,2024-07-26 14:30:55.000,0,NULL,NULL,2018-03-15,NULL,NULL,NULL,0,1,
519,,00519-FUR-KK-CFS-PTRE-12,Kursi Kerja,CFS,CHAIRMAN,Chairman,0,101038,0,0,NULL,100001,9,LT,0,0,NULL,NULL,NULL,140133,2024-07-26 14:31:02.000,0,NULL,NULL,2018-03-15,NULL,NULL,NULL,0,1,
520,,00520-FUR-KK-CFS-PTRE-12,Kursi Kerja,CFS,CHAIRMAN,Chairman,0,101038,0,0,NULL,100001,9,LT,0,0,NULL,NULL,NULL,140133,2024-07-26 14:31:08.000,0,NULL,NULL,2018-03-15,NULL,NULL,NULL,0,1,
521,,00521-FUR-KK-CFS-PTRE-12,Kursi Kerja,CFS,CHAIRMAN,Chairman,0,101038,0,0,NULL,100001,9,LT,0,0,NULL,NULL,NULL,140133,2024-07-26 14:30:18.000,0,NULL,NULL,2018-03-15,NULL,NULL,NULL,0,1,
522,,00522-FUR-KK-CFS-PTRE-12,Kursi Kerja,CFS,CHAIRMAN,Chairman,0,101038,0,0,NULL,100001,9,LT,0,0,NULL,NULL,NULL,140133,2024-07-26 14:30:27.000,0,NULL,NULL,2018-03-15,NULL,NULL,NULL,0,1,
523,,00523-FUR-KK-CFS-PTRE-12,Kursi Kerja,CFS,CHAIRMAN,Chairman,0,101038,0,0,NULL,100001,9,LT,0,0,NULL,NULL,NULL,140133,2024-07-26 14:30:35.000,0,NULL,NULL,2018-03-15,NULL,NULL,NULL,0,1,
524,,00524-FUR-KK-CFS-PTRE-12,Kursi Kerja,CFS,CHAIRMAN,Chairman,0,101038,0,0,NULL,100001,9,LT,0,0,NULL,NULL,NULL,140133,2024-07-26 14:30:10.000,0,NULL,NULL,2018-03-15,NULL,NULL,NULL,0,1,
534,,00534-FUR-KK-CFS-PTRE-14,Kursi Coklat,CFS,SAVELLO,Warna Cokelat,0,111005,0,0,23-1131109,100001,80,LT,0,0,NULL,NULL,NULL,255578,2026-02-06 11:21:14.000,0,NULL,NULL,2018-03-15,1726196586Kursi_Savello_Jaring.jpeg,1726196586Kursi_Savello_Jaring_thumb.jpeg,/assets/uploads/assetsre/ap/,0,0,
535,,00535-FUR-KK-CFS-PTRE-14,Kursi Coklat,CFS,SAVELLO,Warna Cokelat,0,111005,0,0,23-1131109,100001,80,LT,0,0,NULL,NULL,NULL,255578,2026-02-06 11:21:07.000,0,NULL,NULL,2018-03-15,1726196576Kursi_Savello_Jaring.jpeg,1726196576Kursi_Savello_Jaring_thumb.jpeg,/assets/uploads/assetsre/ap/,0,0,
536,,00536-FUR-KK-CFS-PTRE-14,Kursi Coklat,CFS,SAVELLO,Warna Cokelat,0,111005,0,0,23-1131109,100001,80,LT,0,0,NULL,NULL,NULL,255578,2026-02-06 11:21:21.000,0,NULL,NULL,2018-03-15,1726196567Kursi_Savello_Jaring.jpeg,1726196567Kursi_Savello_Jaring_thumb.jpeg,/assets/uploads/assetsre/ap/,0,0,
538,,00538-FUR-KK-CFS-PTRE-14,Kursi Coklat,CFS,SAVELLO,Warna Cokelat,0,111005,0,0,23-1131109,100001,80,LT,0,0,NULL,NULL,NULL,255578,2026-02-06 11:21:28.000,0,NULL,NULL,2018-03-15,1726196550Kursi_Savello_Jaring.jpeg,1726196550Kursi_Savello_Jaring_thumb.jpeg,/assets/uploads/assetsre/ap/,0,0,
539,,00539-FUR-kK-CFS-PTRE-14,Kursi Coklat,CFS,SAVELLO,Warna Cokelat,0,111005,0,0,23-1131109,100001,80,LT,0,0,NULL,NULL,NULL,255578,2026-02-06 11:21:36.000,0,NULL,NULL,2018-03-15,1726196541Kursi_Savello_Jaring.jpeg,1726196541Kursi_Savello_Jaring_thumb.jpeg,/assets/uploads/assetsre/ap/,0,0,
541,,00541-FUR-KK-CFS-PTRE-12,Kursi Kerja,CFS,Chitose,Lipat Chitose,0,101039,0,0,NULL,100001,80,LT,0,0,NULL,NULL,NULL,140133,2024-07-26 14:51:41.000,0,NULL,NULL,2018-03-15,NULL,NULL,NULL,0,1,
542,,00542-FUR-KK-CFS-PTRE-14,Kursi Kerja,CFS,SAVELLO,kursi jaring,0,111006,0,0,23-1131109,100001,80,LT,1,0,NULL,NULL,NULL,255578,2026-02-06 10:53:43.000,0,NULL,NULL,2018-03-15,1726196532Kursi_Savello_Jaring.jpeg,1726196532Kursi_Savello_Jaring_thumb.jpeg,/assets/uploads/assetsre/ap/,0,1,
543,,00543-FUR-KK-CFS-PTRE-14,Kursi Kerja,CFS,Savello,Kerja Hitam,0,101039,0,0,NULL,100001,80,LT,0,0,NULL,NULL,NULL,140133,2024-07-26 14:51:49.000,0,NULL,NULL,2018-03-15,NULL,NULL,NULL,0,1,
544,,00544-FUR-KK-CFS-PTRE-14,Kursi Kerja,CFS,Savello,Kerja Hitam,0,101039,0,0,NULL,100001,80,LT,0,0,NULL,NULL,NULL,140133,2024-07-26 14:51:57.000,0,NULL,NULL,2018-03-15,NULL,NULL,NULL,0,1,
545,,00545-FUR-KK-CFS-PTRE-14,Kursi Kerja,CFS,SAVELLO,WARNA COKLAT,0,111006,0,0,23-1131109,100001,80,LT,1,0,NULL,NULL,NULL,255578,2026-02-06 10:53:49.000,0,NULL,NULL,2018-03-15,1726196514Kursi_Savello_Jaring.jpeg,1726196514Kursi_Savello_Jaring_thumb.jpeg,/assets/uploads/assetsre/ap/,0,1,
546,,00546-FUR-KK-CFS-PTRE-14,Kursi Kerja,CFS,Savello,Kerja Hitam,0,101039,0,0,NULL,100001,80,LT,0,0,NULL,NULL,NULL,140133,2024-07-26 14:52:07.000,0,NULL,NULL,2018-03-15,NULL,NULL,NULL,0,1,
547,,00547-FUR-KK-CFS-PTRE-14,Kursi Kerja,CFS,Savello,Kerja Hitam,0,101039,0,0,NULL,100001,80,LT,0,0,NULL,NULL,NULL,140133,2024-07-26 14:52:14.000,0,NULL,NULL,2018-03-15,NULL,NULL,NULL,0,1,
548,,00548-FUR-KK-CFS-PTRE-14,Kursi Kerja,CFS,SAVELLO,WARNA COKLAT,0,111006,0,0,23-1131109,100001,80,LT,1,0,NULL,NULL,NULL,255578,2026-02-06 10:53:55.000,0,NULL,NULL,2018-03-15,1726196507Kursi_Savello_Jaring.jpeg,1726196507Kursi_Savello_Jaring_thumb.jpeg,/assets/uploads/assetsre/ap/,0,1,
549,,00549-FUR-KK-CFS-PTRE-14,Kursi Kerja,CFS,Savello,Kerja Hitam,0,101039,0,0,NULL,100001,80,LT,0,0,NULL,NULL,NULL,140133,2024-07-26 14:53:16.000,0,NULL,NULL,2018-03-15,NULL,NULL,NULL,0,1,
550,,00550-FUR-KK-CFS-PTRE-14,Kursi Kerja,CFS,Savello,Kerja Hitam,0,101039,0,0,NULL,100001,80,LT,0,0,NULL,NULL,NULL,140133,2024-07-26 14:53:39.000,0,NULL,NULL,2018-03-15,NULL,NULL,NULL,0,1,
551,,00551-FUR-KK-CFS-PTRE-14,Kursi Kerja,CFS,SAVELLO,WARNA COKLAT,0,111006,0,0,23-1131109,100001,80,LT,1,0,NULL,NULL,NULL,255578,2026-02-06 10:54:05.000,0,NULL,NULL,2018-03-15,1726196500Kursi_Savello_Jaring.jpeg,1726196500Kursi_Savello_Jaring_thumb.jpeg,/assets/uploads/assetsre/ap/,0,1,
552,,00552-FUR-KK-CFS-PTRE-14,Kursi Kerja,CFS,Savello,Kerja Hitam,0,101039,0,0,NULL,100001,80,LT,0,0,NULL,NULL,NULL,140133,2024-07-26 14:53:23.000,0,NULL,NULL,2018-03-15,NULL,NULL,NULL,0,1,
553,,00553-FUR-KK-CFS-PTRE-14,Kursi Kerja,CFS,Savello,Kerja Hitam,0,101039,0,0,NULL,100001,80,LT,0,0,NULL,NULL,NULL,140133,2024-07-26 14:53:29.000,0,NULL,NULL,2018-03-15,NULL,NULL,NULL,0,1,
554,,00554-FUR-KK-CFS-PTRE-14,Kursi Kerja,CFS,Savello,Kerja Hitam,0,101039,0,0,NULL,100001,80,LT,0,0,NULL,NULL,NULL,140133,2024-07-26 14:53:52.000,0,NULL,NULL,2018-03-15,NULL,NULL,NULL,0,1,
555,,00555-FUR-KK-CFS-PTRE-14,Kursi Kerja,CFS,Savello,WARNA COKLAT,0,105012,0,0,NULL,100001,80,LT,0,0,NULL,NULL,NULL,130090,2024-02-16 16:35:37.000,0,NULL,NULL,2018-03-15,1602730705KURSI_SAVELLO.jpg,1602730705KURSI_SAVELLO_thumb.jpg,/assets/uploads/assetsre/ap/,0,1,
556,,00556-FUR-KK-CFS-PTRE-14,Kursi Kerja Jaring,CFS,SAVELLO,Rusak pada tanggal 22 Juli 2026,0,102016,0,0,23-1131109,100001,9,LT,1,0,NULL,NULL,NULL,255578,2026-07-22 17:22:10.000,0,NULL,NULL,2018-03-15,1726196493Kursi_Savello_Jaring.jpeg,1726196493Kursi_Savello_Jaring_thumb.jpeg,/assets/uploads/assetsre/ap/,1,1,
557,,00557-FUR-KK-CFS-PTRE-14,Kursi Kerja Jaring,CFS,SAVELLO,Kursi Cokelat,0,991001,0,0,23-1131109,100001,9,LT,1,1,194787,250519042335,2025-05-19,255578,2026-07-15 11:37:00.000,0,NULL,NULL,2018-03-15,1726196485Kursi_Savello_Jaring.jpeg,1726196485Kursi_Savello_Jaring_thumb.jpeg,/assets/uploads/assetsre/ap/,0,1,
558,,00558-FUR-KK-CFS-PTRE-14,Kursi Kerja Jaring,CFS,SAVELLO,Kursi Cokelat,0,991001,0,0,23-1131109,100001,9,LT,0,1,300217,250519043445,2025-05-19,255578,2026-07-15 11:35:43.000,0,NULL,NULL,2018-03-15,1726196489Kursi_Savello_Jaring.jpeg,1726196489Kursi_Savello_Jaring_thumb.jpeg,/assets/uploads/assetsre/ap/,0,0,
559,,00559-FUR-KK-CFS-PTRE-14,Kursi Kerja Jaring,CFS,SAVELLO,Kursi Cokelat,0,991001,0,0,23-1131109,100001,9,LT,0,0,NULL,NULL,NULL,255578,2026-07-15 11:35:56.000,0,NULL,NULL,2018-03-15,1726196481Kursi_Savello_Jaring.jpeg,1726196481Kursi_Savello_Jaring_thumb.jpeg,/assets/uploads/assetsre/ap/,0,0,
560,,00560-FUR-KK-CFS-PTRE-14,Kursi Kerja,CFS,Savello,Kursi Cokelat,0,105012,0,0,NULL,100001,80,LT,0,0,NULL,NULL,NULL,130090,2024-02-16 16:35:23.000,0,NULL,NULL,2018-03-15,1602730792KURSI_SAVELLO.jpg,1602730792KURSI_SAVELLO_thumb.jpg,/assets/uploads/assetsre/ap/,0,1,
562,,00562-FUR-KK-CFS-PTRE-14,Kursi Kerja Jaring,CFS,SAVELLO,"Kursi jaring
",0,991001,0,0,23-1131109,100001,9,LT,0,0,NULL,NULL,NULL,255578,2026-07-15 11:36:06.000,0,NULL,NULL,2018-03-15,1726196474Kursi_Savello_Jaring.jpeg,1726196474Kursi_Savello_Jaring_thumb.jpeg,/assets/uploads/assetsre/ap/,0,0,
563,,00563-FUR-KK-CFS-PTRE-14,Kursi Kerja Jaring,CFS,SAVELLO,"Kursi Jaring
",0,991001,0,0,23-1131109,100001,9,LT,1,1,184668,250519042204,2025-05-19,255578,2026-07-15 11:36:47.000,0,NULL,NULL,2018-03-15,1726196444Kursi_Savello_Jaring.jpeg,1726196444Kursi_Savello_Jaring_thumb.jpeg,/assets/uploads/assetsre/ap/,0,1,
564,,00564-FUR-KK-CFS-PTRE-14,Kursi Kerja Jaring,CFS,SAVELLO,"Kursi Jaring
",0,101040,0,0,23-1131109,100001,9,LT,0,1,204983,250519042040,2025-05-19,255578,2026-04-10 09:08:35.000,0,NULL,NULL,2018-03-15,1726196429Kursi_Savello_Jaring.jpeg,1726196429Kursi_Savello_Jaring_thumb.jpeg,/assets/uploads/assetsre/ap/,0,0,
565,,00565-FUR-KK-CFS-PTRE-14,Kursi Kerja Jaring,CFS,SAVELLO,"Kursi Jaring
",0,101040,0,0,23-1131109,100001,9,LT,0,0,NULL,NULL,NULL,255578,2026-04-10 09:08:04.000,0,NULL,NULL,2018-03-15,1726196415Kursi_Savello_Jaring.jpeg,1726196415Kursi_Savello_Jaring_thumb.jpeg,/assets/uploads/assetsre/ap/,0,0,
566,,00566-FUR-KK-CFS-PTRE-14,Kursi Kerja Jaring,CFS,SAVELLO,Kursi Jaring,0,101040,0,0,23-1131109,100001,9,LT,0,1,235325,250523104811,2025-05-23,255578,2026-04-10 09:08:11.000,0,NULL,NULL,2018-03-15,1726196404Kursi_Savello_Jaring.jpeg,1726196404Kursi_Savello_Jaring_thumb.jpeg,/assets/uploads/assetsre/ap/,0,0,
567,,00567-FUR-KK-CFS-PTRE-14,Kursi Kerja Jaring,CFS,SAVELLO,Kursi Jaring,0,101040,0,0,23-1131109,100001,9,LT,0,0,NULL,NULL,NULL,255578,2026-04-10 09:08:22.000,0,NULL,NULL,2018-03-15,1726196393Kursi_Savello_Jaring.jpeg,1726196393Kursi_Savello_Jaring_thumb.jpeg,/assets/uploads/assetsre/ap/,0,0,
568,,00568-FUR-KK-CFS-PTRE-14,Kursi Kerja Jaring,CFS,SAVELLO,"'
",0,101040,0,0,23-1131109,100001,9,LT,0,0,NULL,NULL,NULL,255578,2026-04-10 09:07:59.000,0,NULL,NULL,2018-03-15,1726196379Kursi_Savello_Jaring.jpeg,1726196379Kursi_Savello_Jaring_thumb.jpeg,/assets/uploads/assetsre/ap/,0,0,
569,,00569-FUR-KK-CFS-PTRE-14,Kursi Kerja Jaring,CFS,SAVELLO,Kursi Cokelat,0,101040,0,0,23-1131109,100001,9,LT,0,1,114191,250523104741,2025-05-23,255578,2026-04-10 09:02:01.000,0,NULL,NULL,2018-03-15,1726196367Kursi_Savello_Jaring.jpeg,1726196367Kursi_Savello_Jaring_thumb.jpeg,/assets/uploads/assetsre/ap/,0,0,
580,,00580-FUR-KK-CFS-PTRE-14,Kursi Kerja,CFS,SAVELLO,Warna Cokelat,0,101029,0,0,NULL,100001,9,LT,0,0,NULL,NULL,NULL,140133,2024-09-13 09:58:44.000,1,140133,2025-02-13 16:08:45.000,2018-03-15,1726196324kursi_Coklat.jpeg,1726196324kursi_Coklat_thumb.jpeg,/assets/uploads/assetsre/ap/,0,0,
615,,00615-FUR-KK-CFS-PTRE-14,Kursi Kerja Jaring,CFS,SAVELLO,Kerja Hitam,0,101040,0,0,23-1131109,100001,1093,LT,0,1,245471SE,250519042235,2025-05-19,255578,2026-04-10 09:02:07.000,0,NULL,NULL,2018-03-15,1726194910Kursi_Savello_Jaring.jpeg,1726194910Kursi_Savello_Jaring_thumb.jpeg,/assets/uploads/assetsre/ap/,0,0,
618,,00618-FUR-KK-CFS-PTRE-14,Kursi Kerja Jaring,CFS,SAVELLO,Kerja Hitam,0,101040,0,0,23-1131109,100001,1093,LT,0,1,225157,250519042730,2025-05-19,255578,2026-04-10 09:01:56.000,0,NULL,NULL,2018-03-15,1726194832Kursi_Savello_Jaring.jpeg,1726194832Kursi_Savello_Jaring_thumb.jpeg,/assets/uploads/assetsre/ap/,0,0,
619,,00619-FUR-KK-CFS-PTRE-14,Kursi Kerja Jaring,CFS,SAVELLO,Kerja Hitam,0,101040,0,0,23-1131109,100001,1093,LT,0,1,184678,250519043320,2025-05-19,255578,2026-04-10 09:01:43.000,0,NULL,NULL,2018-03-15,1726194876Kursi_Savello_Jaring.jpeg,1726194876Kursi_Savello_Jaring_thumb.jpeg,/assets/uploads/assetsre/ap/,0,0,
620,,00620-FUR-KK-CFS-PTRE-14,Kursi Kerja Jaring,CFS,SAVELLO,Kerja Hitam,0,101040,0,0,23-1131109,100001,1093,LT,0,1,083898,250520051304,2025-05-20,255578,2026-04-10 09:01:28.000,0,NULL,NULL,2018-03-15,1726194848Kursi_Savello_Jaring.jpeg,1726194848Kursi_Savello_Jaring_thumb.jpeg,/assets/uploads/assetsre/ap/,0,0,
621,,00621-FUR-KK-CFS-PTRE-14,Kursi Kerja Jaring,CFS,SAVELLO,Kerja Hitam,0,101040,0,0,23-1131109,100001,1093,LT,0,1,134413,250519042527,2025-05-19,255578,2026-04-10 09:01:50.000,0,NULL,NULL,2018-03-15,1726194838Kursi_Savello_Jaring.jpeg,1726194838Kursi_Savello_Jaring_thumb.jpeg,/assets/uploads/assetsre/ap/,0,0,
624,,00624-FUR-KK-CFS-PTRE-14,Kursi Kerja Jaring,CFS,SAVELLO,Kerja Hitam,0,101040,0,0,23-1131109,100001,1093,LT,0,1,023091,250519043201,2025-05-19,255578,2026-04-10 09:01:22.000,0,NULL,NULL,2018-03-15,1726194694Kursi_Savello_Jaring.jpeg,1726194694Kursi_Savello_Jaring_thumb.jpeg,/assets/uploads/assetsre/ap/,0,0,
625,,00625-FUR-KK-CFS-PTRE-14,Kursi Kerja Jaring,CFS,SAVELLO,Kerja Hitam,0,101040,0,0,23-1131109,100001,1093,LT,0,1,194891,250519043247,2025-05-19,255578,2026-04-10 09:01:38.000,0,NULL,NULL,2018-03-15,1726194688Kursi_Savello_Jaring.jpeg,1726194688Kursi_Savello_Jaring_thumb.jpeg,/assets/uploads/assetsre/ap/,0,0,
626,,00626-FUR-KK-CFS-PTRE-14,Kursi Kerja Jaring,CFS,SAVELLO,Kerja Hitam,0,101040,0,0,23-1131109,100001,1093,LT,0,1,194820,250519043102,2025-05-19,255578,2026-07-22 17:17:57.000,0,NULL,NULL,2018-03-15,1726194682Kursi_Savello_Jaring.jpeg,1726194682Kursi_Savello_Jaring_thumb.jpeg,/assets/uploads/assetsre/ap/,1,0,
628,,00628-FUR-KK-CFS-PTRE-14,Kursi Kerja Jaring,CFS,SAVELLO,Kerja Hitam,0,101040,0,0,23-1131109,100001,1093,LT,0,1,245371,250520051705,2025-05-20,255578,2026-04-10 09:01:16.000,0,NULL,NULL,2018-03-15,1726194676Kursi_Savello_Jaring.jpeg,1726194676Kursi_Savello_Jaring_thumb.jpeg,/assets/uploads/assetsre/ap/,0,0,
630,,00630-FUR-KK-CFS-PTRE-14,Kursi Kerja Jaring,CFS,SAVELLO,Kerja Hitam,0,101040,0,0,23-1131109,100001,1093,LT,0,0,NULL,NULL,NULL,255578,2026-04-10 09:01:09.000,0,NULL,NULL,2018-03-15,1726194668Kursi_Savello_Jaring.jpeg,1726194668Kursi_Savello_Jaring_thumb.jpeg,/assets/uploads/assetsre/ap/,0,0,
631,,00631-FUR-KK-CFS-PTRE-14,Kursi Kerja Jaring,CFS,SAVELLO,Kerja Hitam,0,101040,0,0,23-1131109,100001,1093,LT,0,1,114175,250520051446,2025-05-20,255578,2026-04-10 09:00:59.000,0,NULL,NULL,2018-03-15,1726194663Kursi_Savello_Jaring.jpeg,1726194663Kursi_Savello_Jaring_thumb.jpeg,/assets/uploads/assetsre/ap/,0,0,
634,,00634-FUR-KK-CFS-PTRE-14,Kursi Kerja Jaring,CFS,SAVELLO,Kerja Hitam,0,101040,0,0,23-1131109,100001,1093,LT,0,1,194767,250520050441,2025-05-20,255578,2026-04-10 09:00:52.000,0,NULL,NULL,2018-03-15,1726194658Kursi_Savello_Jaring.jpeg,1726194658Kursi_Savello_Jaring_thumb.jpeg,/assets/uploads/assetsre/ap/,0,0,
635,,00635-FUR-KK-CFS-PTRE-14,Kursi Kerja Jaring,CFS,SAVELLO,Kerja Hitam,0,101040,0,0,23-1131109,100001,1093,LT,0,1,104133,250519042916,2025-05-19,255578,2026-04-10 09:00:45.000,0,NULL,NULL,2018-03-15,1726194650Kursi_Savello_Jaring.jpeg,1726194650Kursi_Savello_Jaring_thumb.jpeg,/assets/uploads/assetsre/ap/,0,0,
636,,00636-FUR-KK-CFS-PTRE-14,Kursi Kerja Jaring,CFS,SAVELLO,Kerja Hitam,0,101040,0,0,23-1131109,100001,1093,LT,1,1,130072,250520050037,2025-05-20,255578,2026-07-22 17:17:04.000,0,NULL,NULL,2018-03-15,1726194646Kursi_Savello_Jaring.jpeg,1726194646Kursi_Savello_Jaring_thumb.jpeg,/assets/uploads/assetsre/ap/,0,1,
637,,00637-FUR-KK-CFS-PTRE-14,Kursi Kerja Jaring,CFS,SAVELLO,Kerja Hitam,0,101040,0,0,23-1131109,100001,1093,LT,0,1,154574,250520045732,2025-05-20,255578,2026-04-10 09:00:33.000,0,NULL,NULL,2018-03-15,1726194642Kursi_Savello_Jaring.jpeg,1726194642Kursi_Savello_Jaring_thumb.jpeg,/assets/uploads/assetsre/ap/,0,0,
638,,00638-FUR-KK-CFS-PTRE-14,Kursi Kerja Jaring,CFS,SAVELLO,Kerja Hitam,0,101040,0,0,23-1131109,100001,1093,LT,0,0,NULL,NULL,NULL,255578,2026-04-10 09:00:27.000,0,NULL,NULL,2018-03-15,1726194637Kursi_Savello_Jaring.jpeg,1726194637Kursi_Savello_Jaring_thumb.jpeg,/assets/uploads/assetsre/ap/,0,0,
679,,00679-FUR-KK-CFS-PTRE-12,Kursi Kerja,CFS,Agram,Sofa,0,102001,0,0,NULL,100001,9,LT,0,0,NULL,NULL,NULL,140133,2024-07-29 16:37:34.000,0,NULL,NULL,2018-03-15,NULL,NULL,NULL,0,1,
680,,00680-FUR-KK-CFS-PTRE-12,Kursi Kerja,CFS,Agram,Sofa,0,102001,0,0,NULL,100001,9,LT,0,0,NULL,NULL,NULL,140133,2024-07-29 16:37:43.000,0,NULL,NULL,2018-03-15,NULL,NULL,NULL,0,1,
712,,00712-FUR-KK-CFS-PTRE-13,Kursi Kerja,CFS,SAVEllo,Kerja Hitam,0,102010,0,0,NULL,100001,9,LT,0,0,NULL,NULL,NULL,130090,2024-02-28 10:35:14.000,0,NULL,NULL,2018-03-15,NULL,NULL,NULL,1,1,
713,,00713-FUR-KK-CFS-PTRE-13,Kursi Kerja,CFS,SAVEllo,Kerja Hitam,0,102010,0,0,NULL,100001,9,LT,0,0,NULL,NULL,NULL,130090,2024-02-28 10:35:04.000,0,NULL,NULL,2018-03-15,NULL,NULL,NULL,1,1,
714,,00714-FUR-KK-CFS-PTRE-13,Kursi Kerja,CFS,SAVEllo,Kerja Hitam,0,102010,0,0,NULL,100001,9,LT,0,0,NULL,NULL,NULL,130090,2024-02-28 10:34:54.000,0,NULL,NULL,2018-03-15,NULL,NULL,NULL,1,1,
715,,00715-FUR-KK-CFS-PTRE-13,Kursi Kerja,CFS,SAVEllo,Kerja Hitam,0,102010,0,0,NULL,100001,9,LT,0,0,NULL,NULL,NULL,130090,2024-02-28 10:34:43.000,0,NULL,NULL,2018-03-15,NULL,NULL,NULL,1,1,
716,,00716-FUR-KK-CFS-PTRE-13,Kursi Kerja,CFS,SAVEllo,Kerja Hitam,0,102010,0,0,NULL,100001,9,LT,0,0,NULL,NULL,NULL,130090,2024-02-28 10:34:33.000,0,NULL,NULL,2018-03-15,NULL,NULL,NULL,1,1,
717,,00717-FUR-KK-CFS-PTRE-13,Kursi Kerja,CFS,SAVEllo,Kerja Hitam,0,102010,0,0,NULL,100001,9,LT,0,0,NULL,NULL,NULL,130090,2024-02-28 10:34:22.000,0,NULL,NULL,2018-03-15,NULL,NULL,NULL,1,1,
718,,00718-FUR-KK-CFS-PTRE-13,Kursi Kerja,CFS,Savello,Kerja Hitam,0,102010,0,0,NULL,100001,9,LT,0,0,NULL,NULL,NULL,130090,2024-02-28 10:34:12.000,0,NULL,NULL,2018-03-15,NULL,NULL,NULL,1,1,
719,,00719-FUR-KK-CFS-PTRE-13,Kursi Kerja,CFS,SAVEllo,Kerja Hitam,0,102010,0,0,NULL,100001,9,LT,0,0,NULL,NULL,NULL,130090,2024-02-28 10:34:02.000,0,NULL,NULL,2018-03-15,NULL,NULL,NULL,1,1,
720,,00720-FUR-KK-CFS-PTRE-13,Kursi Kerja,CFS,SAVEllo,Kerja Hitam,0,102010,0,0,NULL,100001,9,LT,0,0,NULL,NULL,NULL,130090,2024-02-28 10:33:51.000,0,NULL,NULL,2018-03-15,NULL,NULL,NULL,1,1,
734,,00734-FUR-KK-CFS-PTRE-13,Kursi Kerja,CFS,SAVEllo,Savello,0,102011,0,0,NULL,100001,1093,LT,0,0,NULL,NULL,NULL,140133,2024-10-02 08:05:07.000,0,NULL,NULL,2018-03-15,NULL,NULL,NULL,0,1,
735,,00735-FUR-KK-CFS-PTRE-13,Kursi Kerja,CFS,SAVEllo,Kursi Cokelat,0,102011,0,0,NULL,100001,1093,LT,0,0,NULL,NULL,NULL,140133,2024-10-02 08:04:47.000,0,NULL,NULL,2018-03-15,NULL,NULL,NULL,0,1,
736,,00736-FUR-KK-CFS-PTRE-13,Kursi Kerja,CFS,SAVEllo,Kursi Cokelat,0,102011,0,0,NULL,100001,1093,LT,0,0,NULL,NULL,NULL,140133,2024-10-02 08:05:18.000,0,NULL,NULL,2018-03-15,NULL,NULL,NULL,0,1,
737,,00737-FUR-KK-CFS-PTRE-13,Kursi Kerja,CFS,SAVEllo,Kursi Cokelat,0,102011,0,0,NULL,100001,1093,LT,0,0,NULL,NULL,NULL,140133,2024-10-02 08:04:42.000,0,NULL,NULL,2018-03-15,NULL,NULL,NULL,0,1,
738,,00738-FUR-KK-CFS-PTRE-13,Kursi Kerja,CFS,SAVEllo,Kursi Cokelat,0,102011,0,0,NULL,100001,1093,LT,0,0,NULL,NULL,NULL,140133,2024-10-02 08:04:52.000,0,NULL,NULL,2018-03-15,NULL,NULL,NULL,0,1,
739,,00739-FUR-KK-CFS-PTRE-13,Kursi Kerja,CFS,SAVEllo,Kursi Cokelat,0,102011,0,0,NULL,100001,1093,LT,0,0,NULL,NULL,NULL,140133,2024-10-02 08:05:02.000,0,NULL,NULL,2018-03-15,NULL,NULL,NULL,0,1,
740,,00740-FUR-KK-CFS-PTRE-13,Kursi Kerja,CFS,SAVEllo,Kursi Cokelat,0,102011,0,0,NULL,100001,1093,LT,0,0,NULL,NULL,NULL,140133,2024-10-02 08:04:37.000,0,NULL,NULL,2018-03-15,NULL,NULL,NULL,0,1,
741,,00741-FUR-KK-CFS-PTRE-13,Kursi Kerja,CFS,SAVEllo,Kursi Cokelat,0,102011,0,0,NULL,100001,1093,LT,0,0,NULL,NULL,NULL,140133,2024-10-02 08:04:31.000,0,NULL,NULL,2018-03-15,NULL,NULL,NULL,0,1,
742,,00742-FUR-KK-CFS-PTRE-13,Kursi Kerja,CFS,SAVEllo,Kursi Cokelat,0,102011,0,0,NULL,100001,1093,LT,0,0,NULL,NULL,NULL,140133,2024-10-02 08:04:26.000,0,NULL,NULL,2018-03-15,NULL,NULL,NULL,0,1,
743,,00743-FUR-KK-CFS-PTRE-13,Kursi Kerja,CFS,SAVEllo,Kursi Cokelat,0,102011,0,0,NULL,100001,1093,LT,0,0,NULL,NULL,NULL,140133,2024-10-02 08:04:57.000,0,NULL,NULL,2018-03-15,NULL,NULL,NULL,0,1,
744,,00744-FUR-KK-CFS-PTRE-13,Kursi Kerja,CFS,SAVEllo,Kursi Cokelat,0,102011,0,0,NULL,100001,1093,LT,0,0,NULL,NULL,NULL,140133,2024-10-02 08:04:20.000,0,NULL,NULL,2018-03-15,1726194618Kursi_Savello_Jaring.jpeg,1726194618Kursi_Savello_Jaring_thumb.jpeg,/assets/uploads/assetsre/ap/,0,1,
745,,00745-FUR-KK-CFS-PTRE-13,Kursi Kerja,CFS,SAVEllo,Kursi Cokelat,0,102011,0,0,NULL,100001,1093,LT,0,0,NULL,NULL,NULL,140133,2024-10-02 08:05:12.000,0,NULL,NULL,2018-03-15,1726194622Kursi_Savello_Jaring.jpeg,1726194622Kursi_Savello_Jaring_thumb.jpeg,/assets/uploads/assetsre/ap/,0,1,
746,,00746-FUR-KK-CFS-PTRE-13,Kursi Kerja,CFS,SAVEllo,Kursi Cokelat,0,102011,0,0,NULL,100001,1093,LT,0,0,NULL,NULL,NULL,140133,2024-10-02 08:04:12.000,0,NULL,NULL,2018-03-15,1726194615Kursi_Savello_Jaring.jpeg,1726194615Kursi_Savello_Jaring_thumb.jpeg,/assets/uploads/assetsre/ap/,0,1,
840,NULL,00840-FUR-KK-CFS-PTRE-16,Kursi Kerja,CFS,SAVEllo,Kursi Cokelat,0,102012,0,0,NULL,100001,NULL,LT,0,0,NULL,NULL,NULL,130090,2017-02-27 00:00:00.000,1,140133,2024-08-08 13:46:02.000,2018-03-15,NULL,NULL,NULL,0,0,
939,,00939-FUR-MK-CFS-PTRE-13,Kursi Kerja,CFS,SAVELLO,Warna Cokelat,0,101037,0,0,NULL,100001,9,LT,0,0,NULL,NULL,NULL,140133,2024-07-30 15:21:16.000,0,NULL,NULL,2018-03-15,1601629328kursi_coklt_pendek.jpg,1601629328kursi_coklt_pendek_thumb.jpg,/assets/uploads/assetsre/ap/,0,1,
949,NULL,00949-FUR-KK-CFS-PTRE-16,Kursi Kerja,CFS,SAVEllo,Kursi Cokelat,0,102013,0,0,NULL,100001,NULL,LT,0,0,NULL,NULL,NULL,130090,2017-02-27 00:00:00.000,1,140133,2024-08-08 13:44:31.000,2018-03-15,NULL,NULL,NULL,0,0,
950,NULL,00950-FUR-KK-CFS-PTRE-16,Kursi Kerja,CFS,SAVEllo,Kursi Cokelat,0,102013,0,0,NULL,100001,NULL,LT,0,0,NULL,NULL,NULL,130090,2017-02-27 00:00:00.000,1,140133,2024-08-08 13:44:31.000,2018-03-15,NULL,NULL,NULL,0,0,
951,NULL,00951-FUR-KK-CFS-PTRE-16,Kursi Kerja,CFS,SAVEllo,Kursi Cokelat,0,102013,0,0,NULL,100001,NULL,LT,0,0,NULL,NULL,NULL,130090,2017-02-27 00:00:00.000,1,140133,2024-08-08 13:44:31.000,2018-03-15,NULL,NULL,NULL,0,0,
952,NULL,00952-FUR-KK-CFS-PTRE-16,Kursi Kerja,CFS,SAVEllo,Kursi Cokelat,0,102013,0,0,NULL,100001,NULL,LT,0,0,NULL,NULL,NULL,130090,2017-02-27 00:00:00.000,1,140133,2024-08-08 13:44:31.000,2018-03-15,NULL,NULL,NULL,0,0,
953,NULL,00953-FUR-KK-CFS-PTRE-16,Kursi Kerja,CFS,SAVEllo,Kursi Cokelat,0,102013,0,0,NULL,100001,NULL,LT,0,0,NULL,NULL,NULL,130090,2017-02-27 00:00:00.000,1,140133,2024-08-08 13:44:31.000,2018-03-15,NULL,NULL,NULL,0,0,
954,NULL,00954-FUR-KK-CFS-PTRE-16,Kursi Kerja,CFS,SAVEllo,Kursi Cokelat,0,102013,0,0,NULL,100001,NULL,LT,0,0,NULL,NULL,NULL,130090,2017-02-27 00:00:00.000,1,140133,2024-08-08 13:44:31.000,2018-03-15,NULL,NULL,NULL,0,0,
955,NULL,00955-FUR-KK-CFS-PTRE-16,Kursi Kerja,CFS,SAVEllo,Kursi Cokelat,0,102013,0,0,NULL,100001,NULL,LT,0,0,NULL,NULL,NULL,130090,2017-02-27 00:00:00.000,1,140133,2024-08-08 13:44:31.000,2018-03-15,NULL,NULL,NULL,0,0,
956,NULL,00956-FUR-KK-CFS-PTRE-16,Kursi Kerja,CFS,SAVEllo,Kursi Cokelat,0,102013,0,0,NULL,100001,NULL,LT,0,0,NULL,NULL,NULL,130090,2017-02-27 00:00:00.000,1,140133,2024-08-08 13:44:31.000,2018-03-15,NULL,NULL,NULL,0,0,
957,NULL,00957-FUR-KK-CFS-PTRE-16,Kursi Kerja,CFS,SAVEllo,Kursi Cokelat,0,102013,0,0,NULL,100001,NULL,LT,0,0,NULL,NULL,NULL,130090,2017-02-27 00:00:00.000,1,140133,2024-08-08 13:44:31.000,2018-03-15,NULL,NULL,NULL,0,0,
958,NULL,00958-FUR-KK-CFS-PTRE-16,Kursi Kerja,CFS,SAVEllo,Kursi Cokelat,0,102013,0,0,NULL,100001,NULL,LT,0,0,NULL,NULL,NULL,130090,2017-02-27 00:00:00.000,1,140133,2024-08-08 13:44:31.000,2018-03-15,NULL,NULL,NULL,0,0,
959,NULL,00959-FUR-KK-CFS-PTRE-16,Kursi Kerja,CFS,SAVEllo,Kursi Cokelat,0,102013,0,0,NULL,100001,NULL,LT,0,0,NULL,NULL,NULL,130090,2017-02-27 00:00:00.000,1,140133,2024-08-08 13:44:31.000,2018-03-15,NULL,NULL,NULL,0,0,
960,NULL,00960-FUR-KK-CFS-PTRE-16,Kursi Kerja,CFS,SAVEllo,Kursi Cokelat,0,102013,0,0,NULL,100001,NULL,LT,0,0,NULL,NULL,NULL,130090,2017-02-27 00:00:00.000,1,140133,2024-08-08 13:44:31.000,2018-03-15,NULL,NULL,NULL,0,0,
961,NULL,00961-FUR-KK-CFS-PTRE-16,Kursi Kerja,CFS,SAVEllo,Kursi Cokelat,0,102013,0,0,NULL,100001,NULL,LT,0,0,NULL,NULL,NULL,130090,2017-02-27 00:00:00.000,1,140133,2024-08-08 13:44:31.000,2018-03-15,NULL,NULL,NULL,0,0,
964,NULL,00964-FUR-KK-CFS-PTRE-16,Kursi Kerja,CFS,SAVEllo,Kursi Cokelat,0,102013,0,0,NULL,100001,NULL,LT,0,0,NULL,NULL,NULL,130090,2017-02-27 00:00:00.000,1,140133,2024-08-08 13:44:31.000,2018-03-15,NULL,NULL,NULL,0,0,
965,NULL,00965-FUR-KK-CFS-PTRE-16,Kursi Kerja,CFS,SAVEllo,Kursi Cokelat,0,102013,0,0,NULL,100001,NULL,LT,0,0,NULL,NULL,NULL,130090,2017-02-27 00:00:00.000,1,140133,2024-08-08 13:44:31.000,2018-03-15,NULL,NULL,NULL,0,0,
966,NULL,00966-FUR-KK-CFS-PTRE-16,Kursi Kerja,CFS,SAVEllo,Kursi Cokelat,0,102013,0,0,NULL,100001,NULL,LT,0,0,NULL,NULL,NULL,130090,2017-02-27 00:00:00.000,1,140133,2024-08-08 13:44:31.000,2018-03-15,NULL,NULL,NULL,0,0,
968,NULL,00968-FUR-KK-CFS-PTRE-16,Kursi Kerja,CFS,SAVEllo,Kursi Cokelat,0,102013,0,0,NULL,100001,NULL,LT,0,0,NULL,NULL,NULL,130090,2017-02-27 00:00:00.000,1,140133,2024-08-08 13:44:31.000,2018-03-15,NULL,NULL,NULL,0,0,
969,NULL,00969-FUR-KK-CFS-PTRE-16,Kursi Kerja,CFS,SAVEllo,Kursi Cokelat,0,102013,0,0,NULL,100001,NULL,LT,0,0,NULL,NULL,NULL,130090,2017-02-27 00:00:00.000,1,140133,2024-08-08 13:44:31.000,2018-03-15,NULL,NULL,NULL,0,0,
970,NULL,00970-FUR-KK-CFS-PTRE-16,Kursi Kerja,CFS,SAVEllo,Kursi Cokelat,0,102013,0,0,NULL,100001,NULL,LT,0,0,NULL,NULL,NULL,130090,2017-02-27 00:00:00.000,1,140133,2024-08-08 13:44:31.000,2018-03-15,NULL,NULL,NULL,0,0,
971,NULL,00971-FUR-KK-CFS-PTRE-16,Kursi Kerja,CFS,SAVEllo,Kursi Cokelat,0,102013,0,0,NULL,100001,NULL,LT,0,0,NULL,NULL,NULL,130090,2017-02-27 00:00:00.000,1,140133,2024-08-08 13:44:31.000,2018-03-15,NULL,NULL,NULL,0,0,
972,NULL,00972-FUR-KK-CFS-PTRE-16,Kursi Kerja,CFS,SAVEllo,Kursi Cokelat,0,102013,0,0,NULL,100001,NULL,LT,0,0,NULL,NULL,NULL,130090,2017-02-27 00:00:00.000,1,140133,2024-08-08 13:44:31.000,2018-03-15,NULL,NULL,NULL,0,0,
973,NULL,00973-FUR-KK-CFS-PTRE-16,Kursi Kerja,CFS,SAVEllo,Kursi Cokelat,0,102013,0,0,NULL,100001,NULL,LT,0,0,NULL,NULL,NULL,130090,2017-02-27 00:00:00.000,1,140133,2024-08-08 13:44:31.000,2018-03-15,NULL,NULL,NULL,0,0,
974,NULL,00974-FUR-KK-CFS-PTRE-16,Kursi Kerja,CFS,SAVEllo,Kursi Cokelat,0,102013,0,0,NULL,100001,NULL,LT,0,0,NULL,NULL,NULL,130090,2017-02-27 00:00:00.000,1,140133,2024-08-08 13:44:31.000,2018-03-15,NULL,NULL,NULL,0,0,
975,NULL,00975-FUR-KK-CFS-PTRE-16,Kursi Kerja,CFS,SAVEllo,Kursi Cokelat,0,102013,0,0,NULL,100001,NULL,LT,0,0,NULL,NULL,NULL,130090,2017-02-27 00:00:00.000,1,140133,2024-08-08 13:44:31.000,2018-03-15,NULL,NULL,NULL,0,0,
976,NULL,00976-FUR-KK-CFS-PTRE-16,Kursi Kerja,CFS,SAVEllo,Kursi Cokelat,0,102013,0,0,NULL,100001,NULL,LT,0,0,NULL,NULL,NULL,130090,2017-02-27 00:00:00.000,1,140133,2024-08-08 13:44:31.000,2018-03-15,NULL,NULL,NULL,0,0,
977,NULL,00977-FUR-KK-CFS-PTRE-16,Kursi Kerja,CFS,SAVEllo,Kursi Cokelat,0,102013,0,0,NULL,100001,NULL,LT,0,0,NULL,NULL,NULL,130090,2017-02-27 00:00:00.000,1,140133,2024-08-08 13:44:31.000,2018-03-15,NULL,NULL,NULL,0,0,
978,NULL,00978-FUR-KK-CFS-PTRE-16,Kursi Kerja,CFS,SAVEllo,Kursi Cokelat,0,102013,0,0,NULL,100001,NULL,LT,0,0,NULL,NULL,NULL,130090,2017-02-27 00:00:00.000,1,140133,2024-08-08 13:44:31.000,2018-03-15,NULL,NULL,NULL,0,0,
979,NULL,00979-FUR-KK-CFS-PTRE-16,Kursi Kerja,CFS,SAVEllo,Kursi Cokelat,0,102013,0,0,NULL,100001,NULL,LT,0,0,NULL,NULL,NULL,130090,2017-02-27 00:00:00.000,1,140133,2024-08-08 13:44:31.000,2018-03-15,NULL,NULL,NULL,0,0,
1023,,01023-FUR-KK-CFS-PTRE-13,Kursi Kerja,CFS,SAVELLO,Savello,0,102021,0,0,23-1131109,100001,1093,LT,0,0,NULL,NULL,NULL,255578,2026-06-07 20:57:45.000,0,NULL,NULL,2018-03-15,1726194610Kursi_Savello_Jaring.jpeg,1726194610Kursi_Savello_Jaring_thumb.jpeg,/assets/uploads/assetsre/ap/,0,1,
1024,,01024-FUR-KK-CFS-PTRE-13,Kursi Kerja,CFS,SAVELLO,Savello,0,102021,0,0,23-1131109,100001,1093,LT,0,0,NULL,NULL,NULL,255578,2026-06-07 20:57:40.000,0,NULL,NULL,2018-03-15,1726194606Kursi_Savello_Jaring.jpeg,1726194606Kursi_Savello_Jaring_thumb.jpeg,/assets/uploads/assetsre/ap/,0,1,
1025,,01025-FUR-KK-CFS-PTRE-13,Kursi Kerja,CFS,SAVEllo,Kursi Cokelat,0,102014,0,0,NULL,100001,9,LT,0,0,NULL,NULL,NULL,140133,2024-07-29 17:13:40.000,0,NULL,NULL,2018-03-15,NULL,NULL,NULL,0,1,
1105,,0102-FUR-KK-CFS-PTRE-14,Kursi Kerja Jaring,CFS,SAVELLO,Savello,0,101045,0,0,23-1131109,100001,1093,LT,0,0,NULL,NULL,NULL,255578,2026-04-09 14:55:18.000,0,NULL,NULL,2018-03-15,1726194601Kursi_Savello_Jaring.jpeg,1726194601Kursi_Savello_Jaring_thumb.jpeg,/assets/uploads/assetsre/ap/,0,0,
1106,,01106-FUR-KK-CFS-PTRE-14,Kursi Kerja Jaring,CFS,SAVELLO,Savello,0,102016,0,0,23-1131109,100001,1093,LT,0,0,NULL,NULL,NULL,255578,2026-05-29 15:23:57.000,0,NULL,NULL,2018-03-15,1726194594Kursi_Savello_Jaring.jpeg,1726194594Kursi_Savello_Jaring_thumb.jpeg,/assets/uploads/assetsre/ap/,0,0,
1107,NULL,01107-FUR-KK-CFS-PTRE-12,Kursi Kerja,CFS,CHITOSE,Lipat Chitose,0,102016,0,0,NULL,100001,NULL,LT,0,0,NULL,NULL,NULL,130090,2018-03-15 16:23:06.777,0,NULL,NULL,2018-03-15,NULL,NULL,NULL,0,0,
1108,,01108-FUR-KK-CFS-PTRE-12,Kursi Kerja Jaring,CFS,SAVELLO,,0,102016,0,0,23-1131109,100001,1093,LT,0,0,NULL,NULL,NULL,255578,2026-05-29 15:23:46.000,0,NULL,NULL,2018-03-15,NULL,NULL,NULL,0,0,
1109,,01109-FUR-KK-CFS-PTRE-12,Kursi Kerja Jaring,CFS,SAVELLO,,0,102016,0,0,23-1131109,100001,1093,LT,0,0,NULL,NULL,NULL,255578,2026-05-29 15:23:37.000,0,NULL,NULL,2018-03-15,NULL,NULL,NULL,0,0,
1110,,01110-FUR-KK-CFS-PTRE-12,Kursi Kerja Jaring,CFS,SAVELLO,Rusak Pada Tanggal 22 Juli 2026,0,102016,0,0,23-1131109,100001,1093,LT,1,0,NULL,NULL,NULL,255578,2026-07-22 17:22:32.000,0,NULL,NULL,2018-03-15,NULL,NULL,NULL,1,1,
1111,,01111-FUR-KK-CFS-PTRE-14,Kursi Kerja Jaring,CFS,SAVELLO,Kerja Hitam,0,102016,0,0,23-1131109,100001,1093,LT,0,0,NULL,NULL,NULL,255578,2026-05-29 15:22:52.000,0,NULL,NULL,2018-03-15,1726194588Kursi_Savello_Jaring.jpeg,1726194588Kursi_Savello_Jaring_thumb.jpeg,/assets/uploads/assetsre/ap/,0,0,
1112,,01112-FUR-KK-CFS-PTRE-14,Kursi Kerja Jaring,CFS,SAVELLO,Kerja Hitam,0,102016,0,0,23-1131109,100001,1093,LT,0,0,NULL,NULL,NULL,255578,2026-05-29 15:22:44.000,0,NULL,NULL,2018-03-15,1726194582Kursi_Savello_Jaring.jpeg,1726194582Kursi_Savello_Jaring_thumb.jpeg,/assets/uploads/assetsre/ap/,0,0,
1113,,01113-FUR-KK-CFS-PTRE-14,Kursi Kerja Jaring,CFS,SAVELLO,Kerja Hitam,0,102016,0,0,23-1131109,100001,1093,LT,0,0,NULL,NULL,NULL,255578,2026-05-29 15:22:30.000,0,NULL,NULL,2018-03-15,1726194574Kursi_Savello_Jaring.jpeg,1726194574Kursi_Savello_Jaring_thumb.jpeg,/assets/uploads/assetsre/ap/,0,0,
1114,,01114-FUR-KK-CFS-PTRE-14,Kursi Kerja,CFS,SAVELLO,Kerja Hitam,0,102016,0,0,NULL,100001,1093,LT,0,0,NULL,NULL,NULL,140133,2025-02-13 10:48:10.000,0,NULL,NULL,2018-03-15,1726194568Kursi_Savello_Jaring.jpeg,1726194568Kursi_Savello_Jaring_thumb.jpeg,/assets/uploads/assetsre/ap/,0,0,
1115,,01115-FUR-KK-CFS-PTRE-14,Kursi Kerja Jaring,CFS,SAVELLO,Kerja Hitam,0,102016,0,0,23-1131109,100001,1093,LT,0,0,NULL,NULL,NULL,255578,2026-05-29 15:22:36.000,0,NULL,NULL,2018-03-15,1726194562Kursi_Savello_Jaring.jpeg,1726194562Kursi_Savello_Jaring_thumb.jpeg,/assets/uploads/assetsre/ap/,0,0,
1150,,01150-FUR-KK-CFS-PTRE-14,Kursi Kerja,CFS,SAVEllo,,0,102017,0,0,NULL,100001,9,LT,0,0,NULL,NULL,NULL,130090,2024-04-05 13:38:31.000,0,NULL,NULL,2018-03-15,1712299111WhatsApp_Image_2024-02-28_at_14_29_47.jpeg,1712299111WhatsApp_Image_2024-02-28_at_14_29_47_thumb.jpeg,/assets/uploads/assetsre/ap/,0,1,
1151,,01151-FUR-KK-CFS-PTRE-14,Kursi Kerja Besi,CFS,SAVELLO,Kursi coklat besi,0,102017,0,0,NULL,100001,9,LT,0,0,NULL,NULL,NULL,140133,2024-07-30 13:37:40.000,0,NULL,NULL,2018-03-15,1712299056WhatsApp_Image_2024-02-28_at_14_29_47.jpeg,1712299056WhatsApp_Image_2024-02-28_at_14_29_47_thumb.jpeg,/assets/uploads/assetsre/ap/,0,1,
1152,,01152-FUR-KK-CFS-PTRE-14,Kursi Kerja Besi,CFS,SAVELLO,Kursi coklat besi,0,102017,0,0,NULL,100001,9,LT,0,0,NULL,NULL,NULL,140133,2024-07-30 13:37:00.000,0,NULL,NULL,2018-03-15,1712299024WhatsApp_Image_2024-02-28_at_14_29_47.jpeg,1712299024WhatsApp_Image_2024-02-28_at_14_29_47_thumb.jpeg,/assets/uploads/assetsre/ap/,0,1,
1153,,01153-FUR-KK-CFS-PTRE-14,Kursi Kerja Besi,CFS,SAVELLO,Kursi coklat besi,0,102017,0,0,NULL,100001,9,LT,0,0,NULL,NULL,NULL,140133,2024-07-30 13:36:48.000,0,NULL,NULL,2018-03-15,1712298994WhatsApp_Image_2024-02-28_at_14_29_47.jpeg,1712298994WhatsApp_Image_2024-02-28_at_14_29_47_thumb.jpeg,/assets/uploads/assetsre/ap/,0,1,
1154,,01154-FUR-KK-CFS-PTRE-14,Kursi Kerja Besi,CFS,SAVELLO,Kursi coklat besi,0,102017,0,0,NULL,100001,9,LT,0,0,NULL,NULL,NULL,140133,2024-07-30 13:36:19.000,0,NULL,NULL,2018-03-15,1712298965WhatsApp_Image_2024-02-28_at_14_29_47.jpeg,1712298965WhatsApp_Image_2024-02-28_at_14_29_47_thumb.jpeg,/assets/uploads/assetsre/ap/,0,1,
1155,,01155-FUR-KK-CFS-PTRE-14,Kursi Kerja Besi,CFS,SAVELLO,Kursi coklat besi,0,102017,0,0,NULL,100001,9,LT,0,0,NULL,NULL,NULL,140133,2024-07-30 13:36:29.000,0,NULL,NULL,2018-03-15,1712298930WhatsApp_Image_2024-02-28_at_14_29_47.jpeg,1712298930WhatsApp_Image_2024-02-28_at_14_29_47_thumb.jpeg,/assets/uploads/assetsre/ap/,0,1,
1156,,01156-FUR-KK-CFS-PTRE-14,Kursi Kerja Besi,CFS,SAVELLO,"Kursi coklat besi
",0,102017,0,0,NULL,100001,9,LT,0,0,NULL,NULL,NULL,140133,2024-07-30 13:36:35.000,0,NULL,NULL,2018-03-15,1712298882WhatsApp_Image_2024-02-28_at_14_29_47.jpeg,1712298882WhatsApp_Image_2024-02-28_at_14_29_47_thumb.jpeg,/assets/uploads/assetsre/ap/,0,1,
1157,,01157-FUR-KK-CFS-PTRE-14,Kursi Kerja,CFS,SAVELLO,Kursi Jaring Hitam,0,991001,0,0,23-1131109,100001,9,LT,0,0,NULL,NULL,NULL,255578,2026-07-15 11:38:19.000,0,NULL,NULL,2018-03-15,1712298785WhatsApp_Image_2024-03-09_at_11_11_53.jpeg,1712298785WhatsApp_Image_2024-03-09_at_11_11_53_thumb.jpeg,/assets/uploads/assetsre/ap/,0,0,
1158,,01158-FUR-KK-CFS-PTRE-14,Kursi Kerja,CFS,SAVELLO,Kursi Jaring Hitam,0,104011,0,0,23-1131109,100001,9,LT,0,0,NULL,NULL,NULL,255578,2026-05-31 18:16:33.000,0,NULL,NULL,2018-03-15,1712298756WhatsApp_Image_2024-03-09_at_11_11_53.jpeg,1712298756WhatsApp_Image_2024-03-09_at_11_11_53_thumb.jpeg,/assets/uploads/assetsre/ap/,0,0,
1159,,01159-FUR-KK-CFS-PTRE-14,Kursi Kerja,CFS,SAVELLO,Kursi Jaring Hitam,0,102017,0,0,NULL,100001,9,LT,0,0,NULL,NULL,NULL,140133,2024-07-30 13:36:13.000,0,NULL,NULL,2018-03-15,1712298727WhatsApp_Image_2024-03-09_at_11_11_53.jpeg,1712298727WhatsApp_Image_2024-03-09_at_11_11_53_thumb.jpeg,/assets/uploads/assetsre/ap/,0,1,
1160,,01160-FUR-KK-CFS-PTRE-14,Kursi Kerja,CFS,SAVELLO,Kursi Jaring Hitam,0,102017,0,0,NULL,100001,9,LT,0,0,NULL,NULL,NULL,140133,2024-07-30 13:36:42.000,0,NULL,NULL,2018-03-15,1712298698WhatsApp_Image_2024-03-09_at_11_11_53.jpeg,1712298698WhatsApp_Image_2024-03-09_at_11_11_53_thumb.jpeg,/assets/uploads/assetsre/ap/,0,1,
1161,,01161-FUR-KK-CFS-PTRE-14,Kursi Kerja,CFS,SAVELLO,Kursi Jaring Hitam,0,104011,0,0,23-1131109,100001,9,LT,0,0,NULL,NULL,NULL,255578,2026-05-31 18:16:21.000,0,NULL,NULL,2018-03-15,1712298668WhatsApp_Image_2024-03-09_at_11_11_53.jpeg,1712298668WhatsApp_Image_2024-03-09_at_11_11_53_thumb.jpeg,/assets/uploads/assetsre/ap/,0,0,
1162,,01162-FUR-KK-CFS-PTRE-14,Kursi Kerja,CFS,SAVELLO,Kursi Jaring Hitam,0,102017,0,0,NULL,100001,9,LT,0,0,NULL,NULL,NULL,140133,2024-07-30 13:35:46.000,0,NULL,NULL,2018-03-15,1712298639WhatsApp_Image_2024-03-09_at_11_11_53.jpeg,1712298639WhatsApp_Image_2024-03-09_at_11_11_53_thumb.jpeg,/assets/uploads/assetsre/ap/,0,1,
1163,,01163-FUR-KK-CFS-PTRE-14,Kursi Kerja,CFS,SAVELLO,Kursi Jaring Hitam,0,104011,0,0,23-1131109,100001,9,LT,0,0,NULL,NULL,NULL,255578,2026-05-31 18:16:42.000,0,NULL,NULL,2018-03-15,1712298614WhatsApp_Image_2024-03-09_at_11_11_53.jpeg,1712298614WhatsApp_Image_2024-03-09_at_11_11_53_thumb.jpeg,/assets/uploads/assetsre/ap/,0,0,
1226,,01226-FUR-KK-CFS-PTRE-14,Kursi Kerja,CFS,SAVELLO,Kursi Jaring Hitam,0,104011,0,0,23-1131109,100001,9,LT,0,0,NULL,NULL,NULL,255578,2026-05-31 18:15:45.000,0,NULL,NULL,2018-03-15,1712298535WhatsApp_Image_2024-03-09_at_11_11_53.jpeg,1712298535WhatsApp_Image_2024-03-09_at_11_11_53_thumb.jpeg,/assets/uploads/assetsre/ap/,0,0,
1227,,01227-FUR-KK-CFS-PTRE-14,Kursi Kerja,CFS,SAVELLO,Kursi Jaring Hitam,0,104011,0,0,23-1131109,100001,9,LT,0,0,NULL,NULL,NULL,255578,2026-05-31 18:17:07.000,0,NULL,NULL,2018-03-15,1712298502WhatsApp_Image_2024-03-09_at_11_11_53.jpeg,1712298502WhatsApp_Image_2024-03-09_at_11_11_53_thumb.jpeg,/assets/uploads/assetsre/ap/,0,0,
1228,,01228-FUR-KK-CFS-PTRE-14,Kursi Kerja,CFS,SAVELLO,Kursi Jaring Hitam,0,104011,0,0,23-1131109,100001,9,LT,0,0,NULL,NULL,NULL,255578,2026-05-31 18:15:01.000,0,NULL,NULL,2018-03-15,1712298464WhatsApp_Image_2024-03-09_at_11_11_53.jpeg,1712298464WhatsApp_Image_2024-03-09_at_11_11_53_thumb.jpeg,/assets/uploads/assetsre/ap/,0,0,
1230,,01230-FUR-KK-CFS-PTRE-14,Kursi Kerja,CFS,SAVELLO,Kursi Jaring Hitam,0,104011,0,0,23-1131109,100001,9,LT,0,0,NULL,NULL,NULL,255578,2026-05-31 18:15:13.000,0,NULL,NULL,2018-03-15,1712298428WhatsApp_Image_2024-03-09_at_11_11_53.jpeg,1712298428WhatsApp_Image_2024-03-09_at_11_11_53_thumb.jpeg,/assets/uploads/assetsre/ap/,0,0,
1231,,01231-FUR-KK-CFS-PTRE-14,Kursi Kerja,CFS,SAVELLO,Kursi Jaring Hitam,0,104011,0,0,23-1131109,100001,9,LT,0,0,NULL,NULL,NULL,255578,2026-05-31 18:15:26.000,0,NULL,NULL,2018-03-15,1712298399WhatsApp_Image_2024-03-09_at_11_11_53.jpeg,1712298399WhatsApp_Image_2024-03-09_at_11_11_53_thumb.jpeg,/assets/uploads/assetsre/ap/,0,0,
1232,,01232-FUR-KK-CFS-PTRE-14,Kursi Kerja,CFS,SAVELLO,Kursi Jaring Hitam,0,104011,0,0,23-1131109,100001,9,LT,0,0,NULL,NULL,NULL,255578,2026-05-31 18:15:55.000,0,NULL,NULL,2018-03-15,1712298374WhatsApp_Image_2024-03-09_at_11_11_53.jpeg,1712298374WhatsApp_Image_2024-03-09_at_11_11_53_thumb.jpeg,/assets/uploads/assetsre/ap/,0,0,
1233,,01233-FUR-KK-CFS-PTRE-14,Kursi Kerja,CFS,SAVELLO,Kursi Jaring Hitam,0,102018,0,0,NULL,100001,9,LT,0,0,NULL,NULL,NULL,140133,2024-07-30 13:53:25.000,0,NULL,NULL,2018-03-15,1712298341WhatsApp_Image_2024-03-09_at_11_11_53.jpeg,1712298341WhatsApp_Image_2024-03-09_at_11_11_53_thumb.jpeg,/assets/uploads/assetsre/ap/,0,1,
1235,,01235-FUR-KK-CFS-PTRE-14,Kursi Kerja,CFS,SAVELLO,Kursi Jaring Hitam,0,102018,0,0,NULL,100001,9,LT,0,0,NULL,NULL,NULL,140133,2024-07-30 13:53:19.000,0,NULL,NULL,2018-03-15,1712298304WhatsApp_Image_2024-03-09_at_11_11_53.jpeg,1712298304WhatsApp_Image_2024-03-09_at_11_11_53_thumb.jpeg,/assets/uploads/assetsre/ap/,0,1,
1239,,01239-FUR-KK-CFS-PTRE-14,Kursi Kerja,CFS,SAVELLO,Kursi Jaring Hitam,0,102018,0,0,NULL,100001,9,LT,0,0,NULL,NULL,NULL,140133,2024-07-30 13:54:12.000,0,NULL,NULL,2018-03-15,1712298277WhatsApp_Image_2024-03-09_at_11_11_53.jpeg,1712298277WhatsApp_Image_2024-03-09_at_11_11_53_thumb.jpeg,/assets/uploads/assetsre/ap/,0,1,
1240,,01240-FUR-KK-CFS-PTRE-14,Kursi Kerja,CFS,SAVELLO,Kursi Jaring Hitam,0,102018,0,0,NULL,100001,9,LT,0,0,NULL,NULL,NULL,140133,2024-07-30 13:47:31.000,0,NULL,NULL,2018-03-15,1712298243WhatsApp_Image_2024-03-09_at_11_11_53.jpeg,1712298243WhatsApp_Image_2024-03-09_at_11_11_53_thumb.jpeg,/assets/uploads/assetsre/ap/,0,1,
1241,,01241-FUR-KK-CFS-PTRE-14,Kursi Kerja,CFS,SAVELLO,Kursi Jaring Hitam,0,102018,0,0,NULL,100001,9,LT,0,0,NULL,NULL,NULL,140133,2024-07-30 13:47:38.000,0,NULL,NULL,2018-03-15,1712298216WhatsApp_Image_2024-03-09_at_11_11_53.jpeg,1712298216WhatsApp_Image_2024-03-09_at_11_11_53_thumb.jpeg,/assets/uploads/assetsre/ap/,0,1,
1242,,01242-FUR-KK-CFS-PTRE-14,Kursi Kerja,CFS,SAVELLO,Kursi Jaring Hitam,0,102018,0,0,NULL,100001,9,LT,0,0,NULL,NULL,NULL,140133,2024-07-30 13:47:18.000,0,NULL,NULL,2018-03-15,1712298184WhatsApp_Image_2024-03-09_at_11_11_53.jpeg,1712298184WhatsApp_Image_2024-03-09_at_11_11_53_thumb.jpeg,/assets/uploads/assetsre/ap/,0,1,
1243,,01243-FUR-KK-CFS-PTRE-14,Kursi Kerja,CFS,SAVELLO,Kursi Jaring Hitam,0,102018,0,0,NULL,100001,9,LT,0,0,NULL,NULL,NULL,140133,2024-07-30 13:47:24.000,0,NULL,NULL,2018-03-15,1712298148WhatsApp_Image_2024-03-09_at_11_11_53.jpeg,1712298148WhatsApp_Image_2024-03-09_at_11_11_53_thumb.jpeg,/assets/uploads/assetsre/ap/,0,1,
1244,,01244-FUR-KK-CFS-PTRE-14,Kursi Kerja,CFS,SAVELLO,Kursi Jaring Hitam,0,102018,0,0,NULL,100001,9,LT,0,0,NULL,NULL,NULL,140133,2024-07-30 13:46:57.000,0,NULL,NULL,2018-03-15,1712298118WhatsApp_Image_2024-03-09_at_11_11_53.jpeg,1712298118WhatsApp_Image_2024-03-09_at_11_11_53_thumb.jpeg,/assets/uploads/assetsre/ap/,0,1,
1245,,01245-FUR-KK-CFS-PTRE-14,Kursi Kerja,CFS,SAVELLO,Kursi Jaring Hitam,0,102018,0,0,NULL,100001,9,LT,0,0,NULL,NULL,NULL,140133,2024-07-30 13:47:12.000,0,NULL,NULL,2018-03-15,1712298078WhatsApp_Image_2024-03-09_at_11_11_53.jpeg,1712298078WhatsApp_Image_2024-03-09_at_11_11_53_thumb.jpeg,/assets/uploads/assetsre/ap/,0,1,
1246,,01246-FUR-KK-CFS-PTRE-14,Kursi Kerja,CFS,SAVELLO,Kursi Jaring Hitam,0,102018,0,0,NULL,100001,9,LT,0,0,NULL,NULL,NULL,140133,2024-07-30 13:46:51.000,0,NULL,NULL,2018-03-15,1712298044WhatsApp_Image_2024-03-09_at_11_11_53.jpeg,1712298044WhatsApp_Image_2024-03-09_at_11_11_53_thumb.jpeg,/assets/uploads/assetsre/ap/,0,1,
1247,,01247-FUR-KK-CFS-PTRE-14,Kursi Kerja,CFS,SAVELLO,Kursi Jaring Hitam,0,102018,0,0,NULL,100001,9,LT,0,0,NULL,NULL,NULL,140133,2024-07-30 13:53:41.000,0,NULL,NULL,2018-03-15,1712297962WhatsApp_Image_2024-03-09_at_11_11_53.jpeg,1712297962WhatsApp_Image_2024-03-09_at_11_11_53_thumb.jpeg,/assets/uploads/assetsre/ap/,0,1,
1248,,01248-FUR-KK-CFS-PTRE-14,Kursi Kerja,CFS,SAVELLO,Kursi Jaring Hitam,0,102018,0,0,NULL,100001,9,LT,0,0,NULL,NULL,NULL,140133,2024-07-30 13:46:14.000,0,NULL,NULL,2018-03-15,1712297933WhatsApp_Image_2024-03-09_at_11_11_53.jpeg,1712297933WhatsApp_Image_2024-03-09_at_11_11_53_thumb.jpeg,/assets/uploads/assetsre/ap/,0,1,
1249,,01249-FUR-KK-CFS-PTRE-14,Kursi Kerja,CFS,SAVELLO,Kursi Jaring Hitam,0,102018,0,0,NULL,100001,9,LT,0,0,NULL,NULL,NULL,140133,2024-07-30 13:41:49.000,0,NULL,NULL,2018-03-15,1712297902WhatsApp_Image_2024-03-09_at_11_11_53.jpeg,1712297902WhatsApp_Image_2024-03-09_at_11_11_53_thumb.jpeg,/assets/uploads/assetsre/ap/,0,1,
1250,,01250-FUR-KK-CFS-PTRE-14,Kursi Kerja,CFS,SAVELLO,Kursi Jaring Hitam,0,102018,0,0,NULL,100001,9,LT,0,0,NULL,NULL,NULL,140133,2024-07-30 13:46:21.000,0,NULL,NULL,2018-03-15,1712297873WhatsApp_Image_2024-03-09_at_11_11_53.jpeg,1712297873WhatsApp_Image_2024-03-09_at_11_11_53_thumb.jpeg,/assets/uploads/assetsre/ap/,0,1,
1251,,01251-FUR-KK-CFS-PTRE-14,Kursi Kerja,CFS,SAVELLO,Kursi Jaring Hitam,0,102018,0,0,NULL,100001,9,LT,0,0,NULL,NULL,NULL,140133,2024-07-30 13:41:42.000,0,NULL,NULL,2018-03-15,1712297845WhatsApp_Image_2024-03-09_at_11_11_53.jpeg,1712297845WhatsApp_Image_2024-03-09_at_11_11_53_thumb.jpeg,/assets/uploads/assetsre/ap/,0,1,
1252,,01252-FUR-KK-CFS-PTRE-14,Kursi Kerja,CFS,SAVELLO,Kursi Jaring Hitam,0,102018,0,0,NULL,100001,9,LT,0,0,NULL,NULL,NULL,140133,2024-07-30 13:46:45.000,0,NULL,NULL,2018-03-15,1712297616WhatsApp_Image_2024-03-09_at_11_11_53.jpeg,1712297616WhatsApp_Image_2024-03-09_at_11_11_53_thumb.jpeg,/assets/uploads/assetsre/ap/,0,1,
1253,,01253-FUR-KK-CFS-PTRE-14,Kursi Kerja,CFS,SAVELLO,Kursi Jaring Hitam,0,102018,0,0,NULL,100001,9,LT,0,0,NULL,NULL,NULL,140133,2024-07-30 13:46:02.000,0,NULL,NULL,2018-03-15,1712297764WhatsApp_Image_2024-03-09_at_11_11_53.jpeg,1712297764WhatsApp_Image_2024-03-09_at_11_11_53_thumb.jpeg,/assets/uploads/assetsre/ap/,0,1,
1254,,01254-FUR-KK-CFS-PTRE-14,Kursi Kerja,CFS,SAVELLO,Kursi Jaring Hitam,0,102018,0,0,NULL,100001,9,LT,0,0,NULL,NULL,NULL,140133,2024-07-30 13:45:55.000,0,NULL,NULL,2018-03-15,1712297750WhatsApp_Image_2024-03-09_at_11_11_53.jpeg,1712297750WhatsApp_Image_2024-03-09_at_11_11_53_thumb.jpeg,/assets/uploads/assetsre/ap/,0,1,
1255,,01255-FUR-KK-CFS-PTRE-14,Kursi Kerja,CFS,SAVELLO,Kursi Jaring Hitam,0,102018,0,0,NULL,100001,9,LT,0,0,NULL,NULL,NULL,140133,2024-07-30 13:53:56.000,0,NULL,NULL,2018-03-15,1712297738WhatsApp_Image_2024-03-09_at_11_11_53.jpeg,1712297738WhatsApp_Image_2024-03-09_at_11_11_53_thumb.jpeg,/assets/uploads/assetsre/ap/,0,1,
1256,,01256-FUR-KK-CFS-PTRE-14,Kursi Kerja,CFS,SAVELLO,Kursi Jaring Hitam,0,102018,0,0,NULL,100001,9,LT,0,0,NULL,NULL,NULL,140133,2024-07-30 13:41:16.000,0,NULL,NULL,2018-03-15,1712297723WhatsApp_Image_2024-03-09_at_11_11_53.jpeg,1712297723WhatsApp_Image_2024-03-09_at_11_11_53_thumb.jpeg,/assets/uploads/assetsre/ap/,0,1,
1257,,01257-FUR-KK-CFS-PTRE-14,Kursi Kerja,CFS,SAVELLO,Kursi Jaring Hitam,0,102018,0,0,NULL,100001,9,LT,0,0,NULL,NULL,NULL,140133,2024-07-30 13:41:22.000,0,NULL,NULL,2018-03-15,1712297709WhatsApp_Image_2024-03-09_at_11_11_53.jpeg,1712297709WhatsApp_Image_2024-03-09_at_11_11_53_thumb.jpeg,/assets/uploads/assetsre/ap/,0,1,
1258,,01258-FUR-KK-CFS-PTRE-14,Kursi Kerja,CFS,SAVELLO,Kursi Jaring Hitam,0,102018,0,0,NULL,100001,9,LT,0,0,NULL,NULL,NULL,140133,2024-07-30 13:41:32.000,0,NULL,NULL,2018-03-15,1712297696WhatsApp_Image_2024-03-09_at_11_11_53.jpeg,1712297696WhatsApp_Image_2024-03-09_at_11_11_53_thumb.jpeg,/assets/uploads/assetsre/ap/,0,1,
1259,,01259-FUR-KK-CFS-PTRE-13,Kursi Kerja Jaring,CFS,SAVELLO,Kerja Hitam,0,991001,0,0,23-1131109,100001,80,LT,0,0,NULL,NULL,NULL,255578,2026-07-15 11:37:35.000,0,NULL,NULL,2018-03-15,1602734144Kursi_Kerja_Hitam.jpg,1602734144Kursi_Kerja_Hitam_thumb.jpg,/assets/uploads/assetsre/ap/,0,0,
1260,,01260-FUR-KK-CFS-PTRE-14,Kursi Kerja,CFS,SAVELLO,Kursi Jaring Hitam,0,102018,0,0,NULL,100001,9,LT,0,0,NULL,NULL,NULL,140133,2024-07-30 13:46:07.000,0,NULL,NULL,2018-03-15,1712297684WhatsApp_Image_2024-03-09_at_11_11_53.jpeg,1712297684WhatsApp_Image_2024-03-09_at_11_11_53_thumb.jpeg,/assets/uploads/assetsre/ap/,0,1,
1261,,01261-FUR-KK-CFS-PTRE-14,Kursi Kerja Jaring,CFS,SAVELLO,Kursi Jaring Hitam,0,104012,0,0,23-1131109,100001,9,LT,0,0,NULL,NULL,NULL,255578,2026-05-29 10:08:11.000,0,NULL,NULL,2018-03-15,1712297671WhatsApp_Image_2024-03-09_at_11_11_53.jpeg,1712297671WhatsApp_Image_2024-03-09_at_11_11_53_thumb.jpeg,/assets/uploads/assetsre/ap/,0,0,
1262,,01262-FUR-KK-CFS-PTRE-14,Kursi Kerja Jaring,CFS,SAVELLO,Kursi Jaring Hitam,0,104012,0,0,23-1131109,100001,9,LT,0,0,NULL,NULL,NULL,255578,2026-05-29 10:08:27.000,0,NULL,NULL,2018-03-15,1712297657WhatsApp_Image_2024-03-09_at_11_11_53.jpeg,1712297657WhatsApp_Image_2024-03-09_at_11_11_53_thumb.jpeg,/assets/uploads/assetsre/ap/,0,0,
1263,,01263-FUR-KK-CFS-PTRE-14,Kursi Kerja Jaring,CFS,SAVELLO,Kursi Jaring Hitam,0,104012,0,0,23-1131109,100001,9,LT,0,0,NULL,NULL,NULL,255578,2026-05-29 10:08:40.000,0,NULL,NULL,2018-03-15,1712297645WhatsApp_Image_2024-03-09_at_11_11_53.jpeg,1712297645WhatsApp_Image_2024-03-09_at_11_11_53_thumb.jpeg,/assets/uploads/assetsre/ap/,0,0,
1264,,01264-FUR-KK-CFS-PTRE-14,Kursi Kerja,CFS,SAVELLO,Kursi Jaring Hitam,0,102018,0,0,NULL,100001,9,LT,0,0,NULL,NULL,NULL,140133,2024-07-30 13:53:47.000,0,NULL,NULL,2018-03-15,1712297632WhatsApp_Image_2024-03-09_at_11_11_53.jpeg,1712297632WhatsApp_Image_2024-03-09_at_11_11_53_thumb.jpeg,/assets/uploads/assetsre/ap/,0,1,
1317,,01317-FUR-KK-CFS-PTRE-12,Kursi Kerja,CFS,SOFA,Sofa,0,103001,0,0,NULL,100001,9,LT,0,0,NULL,NULL,NULL,140133,2024-08-01 09:02:10.000,0,NULL,NULL,2018-03-15,NULL,NULL,NULL,0,1,
1345,,01345-FUR-KK-CFS-PTRE-14,Kursi Kerja,CFS,SAVELLO,Kursi Cokelat,0,103007,0,0,NULL,100001,1093,LT,0,0,NULL,NULL,NULL,140133,2024-09-13 09:29:10.000,0,NULL,NULL,2018-03-15,1726194550kursi_Coklat.jpeg,1726194550kursi_Coklat_thumb.jpeg,/assets/uploads/assetsre/ap/,0,0,
1364,NULL,01364-FUR-KK-CFS-PTRE-14,Kursi Kerja,CFS,SOFA,Sofa,0,103009,0,0,NULL,100001,NULL,LT,0,0,NULL,NULL,NULL,130090,2018-03-15 16:23:06.777,1,140133,2024-08-01 10:34:56.000,2018-03-15,NULL,NULL,NULL,0,0,
1365,NULL,01365-FUR-KK-CFS-PTRE-14,Kursi Kerja,CFS,SOFA,Sofa,0,103009,0,0,NULL,100001,NULL,LT,0,0,NULL,NULL,NULL,130090,2018-03-15 16:23:06.777,1,140133,2024-08-01 10:34:56.000,2018-03-15,NULL,NULL,NULL,0,0,
1367,NULL,01367-FUR-KK-CFS-PTRE-14,Kursi Kerja,CFS,SOFA,Sofa,0,103009,0,0,NULL,100001,NULL,LT,0,0,NULL,NULL,NULL,130090,2018-03-15 16:23:06.777,1,140133,2024-08-01 10:33:09.000,2018-03-15,NULL,NULL,NULL,0,0,
1368,NULL,01368-FUR-KK-CFS-PTRE-14,Kursi Kerja,CFS,SOFA,Sofa,0,103009,0,0,NULL,100001,NULL,LT,0,0,NULL,NULL,NULL,130090,2018-03-15 16:23:06.777,1,140133,2024-08-01 10:33:09.000,2018-03-15,NULL,NULL,NULL,0,0,
1369,NULL,01369-FUR-KK-CFS-PTRE-14,Kursi Kerja,CFS,SOFA,Sofa,0,103009,0,0,NULL,100001,NULL,LT,0,0,NULL,NULL,NULL,130090,2018-03-15 16:23:06.777,1,140133,2024-08-01 10:33:09.000,2018-03-15,NULL,NULL,NULL,0,0,
1370,NULL,01370-FUR-KK-CFS-PTRE-14,Kursi Kerja,CFS,SOFA,Sofa,0,103009,0,0,NULL,100001,NULL,LT,0,0,NULL,NULL,NULL,130090,2018-03-15 16:23:06.777,1,140133,2024-08-01 10:33:09.000,2018-03-15,NULL,NULL,NULL,0,0,
1372,NULL,01372-FUR-KK-CFS-PTRE-14,Kursi Kerja,CFS,SOFA,Sofa,0,103009,0,0,NULL,100001,NULL,LT,0,0,NULL,NULL,NULL,130090,2018-03-15 16:23:06.777,1,140133,2024-08-01 10:33:09.000,2018-03-15,NULL,NULL,NULL,0,0,
1373,NULL,01373-FUR-KK-CFS-PTRE-14,Kursi Kerja,CFS,SOFA,Sofa,0,103009,0,0,NULL,100001,NULL,LT,0,0,NULL,NULL,NULL,130090,2018-03-15 16:23:06.777,1,140133,2024-08-01 10:33:09.000,2018-03-15,NULL,NULL,NULL,0,0,
1378,NULL,01378-FUR-KK-CFS-PTRE-14,Kursi Kerja,CFS,SOFA,Sofa,0,103009,0,0,NULL,100001,NULL,LT,0,0,NULL,NULL,NULL,130090,2018-03-15 16:23:06.777,1,140133,2024-08-01 10:33:09.000,2018-03-15,NULL,NULL,NULL,0,0,
1379,NULL,01379-FUR-KK-CFS-PTRE-14,Kursi Kerja,CFS,SOFA,Sofa,0,103009,0,0,NULL,100001,NULL,LT,0,0,NULL,NULL,NULL,130090,2018-03-15 16:23:06.777,1,140133,2024-08-01 10:33:09.000,2018-03-15,NULL,NULL,NULL,0,0,
1381,NULL,01381-FUR-KK-CFS-PTRE-14,Kursi Kerja,CFS,SAVELLO,Kursi Cokelat,0,103009,0,0,NULL,100001,NULL,LT,0,0,NULL,NULL,NULL,130090,2018-03-15 16:23:06.777,1,140133,2024-08-01 10:33:09.000,2018-03-15,NULL,NULL,NULL,0,0,
1385,NULL,01385-FUR-KK-CFS-PTRE-14,Kursi Kerja,CFS,SAVELLO,Kursi Cokelat,0,103009,0,0,NULL,100001,NULL,LT,0,0,NULL,NULL,NULL,130090,2018-03-15 16:23:06.777,1,140133,2024-08-01 10:33:09.000,2018-03-15,NULL,NULL,NULL,0,0,
1386,NULL,01386-FUR-KK-CFS-PTRE-14,Kursi Kerja,CFS,SAVELLO,Kursi Cokelat,0,103009,0,0,NULL,100001,NULL,LT,0,0,NULL,NULL,NULL,130090,2018-03-15 16:23:06.777,1,140133,2024-08-01 10:33:09.000,2018-03-15,NULL,NULL,NULL,0,0,
1388,NULL,01388-FUR-KK-CFS-PTRE-14,Kursi Kerja,CFS,SAVELLO,Kursi Cokelat,0,103009,0,0,NULL,100001,NULL,LT,0,0,NULL,NULL,NULL,130090,2018-03-15 16:23:06.777,1,140133,2024-08-01 10:33:09.000,2018-03-15,NULL,NULL,NULL,0,0,
1397,NULL,01397-FUR-KK-CFS-PTRE-14,Kursi Kerja,CFS,SAVELLO,Kursi Cokelat,0,103009,0,0,NULL,100001,NULL,LT,0,0,NULL,NULL,NULL,130090,2018-03-15 16:23:06.777,1,140133,2024-08-01 10:33:09.000,2018-03-15,NULL,NULL,NULL,0,0,
1399,NULL,01399-FUR-KK-CFS-PTRE-14,Kursi Kerja,CFS,SAVELLO,Kursi Cokelat,0,103009,0,0,NULL,100001,NULL,LT,0,0,NULL,NULL,NULL,130090,2018-03-15 16:23:06.777,1,140133,2024-08-01 10:33:09.000,2018-03-15,NULL,NULL,NULL,0,0,
1400,NULL,01400-FUR-KK-CFS-PTRE-14,Kursi Kerja,CFS,SAVELLO,Kursi Cokelat,0,103009,0,0,NULL,100001,NULL,LT,0,0,NULL,NULL,NULL,130090,2018-03-15 16:23:06.777,1,140133,2024-08-01 10:33:09.000,2018-03-15,NULL,NULL,NULL,0,0,
1404,NULL,01404-FUR-KK-CFS-PTRE-14,Kursi Kerja,CFS,SAVELLO,Kursi Cokelat,0,103009,0,0,NULL,100001,NULL,LT,0,0,NULL,NULL,NULL,130090,2018-03-15 16:23:06.777,1,140133,2024-08-01 10:33:09.000,2018-03-15,NULL,NULL,NULL,0,0,
1406,NULL,01406-FUR-KK-CFS-PTRE-14,Kursi Kerja,CFS,SAVELLO,Kursi Cokelat,0,103009,0,0,NULL,100001,NULL,LT,0,0,NULL,NULL,NULL,130090,2018-03-15 16:23:06.777,1,140133,2024-08-01 10:33:09.000,2018-03-15,NULL,NULL,NULL,0,0,
1407,,01407-FUR-KK-CFS-PTRE-14,Kursi Kerja,CFS,UNO,WARNA CREAM,0,104008,0,0,NULL,100001,80,LT,0,0,NULL,NULL,NULL,140133,2024-07-31 14:37:09.000,0,NULL,NULL,2018-03-15,1603352772LACI_KERJA.jpg,1603352772LACI_KERJA_thumb.jpg,/assets/uploads/assetsre/ap/,0,1,
1408,NULL,01408-FUR-KK-CFS-PTRE-14,Kursi Kerja,CFS,SAVELLO,Kursi Cokelat,0,103009,0,0,NULL,100001,NULL,LT,0,0,NULL,NULL,NULL,130090,2018-03-15 16:23:06.777,1,140133,2024-08-01 10:33:09.000,2018-03-15,NULL,NULL,NULL,0,0,
1421,,01421-FUR-KK-CFS-PTRE-14,Kursi Kerja,CFS,SAVELLO,WARNA COKLAT,0,111004,0,0,23-1131109,100001,80,LT,1,0,NULL,NULL,NULL,255578,2026-02-06 10:58:28.000,0,NULL,NULL,2018-03-15,1726194528kursi_Coklat.jpeg,1726194528kursi_Coklat_thumb.jpeg,/assets/uploads/assetsre/ap/,0,1,
1438,,01438-FUR-KK-CFS-PTRE-12,Kursi Kerja,CFS,SAVELLO,Chairman,0,103010,0,0,NULL,100001,9,LT,0,0,NULL,NULL,NULL,140133,2024-08-01 13:49:47.000,0,NULL,NULL,2018-03-15,NULL,NULL,NULL,0,0,
1439,NULL,01439-FUR-KK-CFS-PTRE-14,Kursi Kerja,CFS,SAVELLO,Kerja Hitam,0,103010,0,0,NULL,100001,NULL,LT,0,0,NULL,NULL,NULL,130090,2018-03-15 16:23:06.777,0,NULL,NULL,2018-03-15,NULL,NULL,NULL,0,0,
1440,,01440-FUR-KK-CFS-PTRE-14,Kursi Kerja,CFS,SAVELLO,Kerja Hitam,0,103010,0,0,NULL,100001,80,LT,0,0,NULL,NULL,NULL,140133,2024-09-13 09:26:54.000,0,NULL,NULL,2018-03-15,1726194414Kursi_Savello_Jaring.jpeg,1726194414Kursi_Savello_Jaring_thumb.jpeg,/assets/uploads/assetsre/ap/,0,0,
1441,,03910-FUR-KK-CFS-PTRE-14,SOFA,CFS,SAVELLO,Kerja Hitam,0,103010,0,0,23-1131109,100001,9,LT,0,0,NULL,NULL,NULL,140133,2024-08-23 14:39:38.000,0,NULL,NULL,2018-03-15,NULL,NULL,NULL,0,1,
1442,,03911-FUR-KK-CFS-PTRE-14,SOFA,CFS,SAVELLO,Kerja Hitam,0,103010,0,0,23-1131109,100001,9,LT,0,0,NULL,NULL,NULL,140133,2024-08-19 10:31:46.000,1,140133,2024-08-23 14:39:31.000,2018-03-15,NULL,NULL,NULL,0,0,
1462,NULL,01462-FUR-KK-CFS-PTRE-14,Kursi Kerja,CFS,UNO,Kursi Cokelat,0,103011,0,0,NULL,100001,NULL,LT,0,0,NULL,NULL,NULL,130090,2018-03-15 16:23:06.777,1,140133,2024-08-05 13:14:26.000,2018-03-15,NULL,NULL,NULL,0,0,
1472,,01472-FUR-KK-CFS-PTRE-14,Kursi Kerja,CFS,SAVELLO,Kerja Hitam,0,103012,0,0,NULL,100001,9,LT,0,0,NULL,NULL,NULL,140133,2024-08-01 11:33:09.000,0,NULL,NULL,2018-03-15,NULL,NULL,NULL,0,1,
1477,,01477-FUR-KK-CFS-PTRE-14,Kursi Kerja,CFS,SAVELLO,Kerja Hitam,0,103012,0,0,NULL,100001,80,LT,0,0,NULL,NULL,NULL,140133,2024-09-13 09:26:44.000,0,NULL,NULL,2018-03-15,1726194404Kursi_Savello_Jaring.jpeg,1726194404Kursi_Savello_Jaring_thumb.jpeg,/assets/uploads/assetsre/ap/,1,0,
1479,,01479-FUR-KK-CFS-PTRE-14,Kursi Kerja,CFS,SOFA,Sofa,0,103012,0,0,NULL,100001,9,LT,0,0,NULL,NULL,NULL,140133,2024-08-01 11:02:59.000,0,NULL,NULL,2018-03-15,NULL,NULL,NULL,0,1,
1480,,01480-FUR-KK-CFS-PTRE-14,Kursi Kerja,CFS,SOFA,Sofa,0,103012,0,0,NULL,100001,9,LT,0,0,NULL,NULL,NULL,140133,2024-08-01 11:03:09.000,0,NULL,NULL,2018-03-15,NULL,NULL,NULL,0,1,
1494,,01494-FUR-KK-CFS-PTRE-12,Kursi Kerja,CFS,SOFA,Sofa,0,103013,0,0,NULL,100001,80,LT,0,0,NULL,NULL,NULL,140133,2024-08-01 11:52:20.000,0,NULL,NULL,2018-03-15,NULL,NULL,NULL,0,1,
1497,,01497-FUR-KK-CFS-PTRE-12,Kursi Kerja Jaring,CFS,UNO,Kursi Cokelat,0,101040,0,0,23-1131109,100001,80,LT,0,0,NULL,NULL,NULL,255578,2026-04-10 09:00:20.000,0,NULL,NULL,2018-03-15,1726211860kursi_kerja_uno.jpeg,1726211860kursi_kerja_uno_thumb.jpeg,/assets/uploads/assetsre/ap/,0,0,
1498,,01498-FUR-KK-CFS-PTRE-12,Kursi Kerja,CFS,UNO,Kursi Cokelat,0,103013,0,0,NULL,100001,80,LT,0,0,NULL,NULL,NULL,140133,2024-08-01 11:43:36.000,0,NULL,NULL,2018-03-15,NULL,NULL,NULL,0,1,
1510,,01510-FUR-KK-CFS-PTRE-12,Kursi Kerja,CFS,SOFA,Sofa,0,103014,0,0,NULL,100001,9,LT,0,0,NULL,NULL,NULL,140133,2024-08-22 15:21:08.000,0,NULL,NULL,2018-03-15,NULL,NULL,NULL,0,1,
1513,,01513-FUR-KK-CFS-PTRE-14,Kursi Kerja,CFS,UNO,Kursi Cokelat,0,103014,0,0,NULL,100001,9,LT,0,0,NULL,NULL,NULL,140133,2024-08-22 15:21:01.000,0,NULL,NULL,2018-03-15,NULL,NULL,NULL,0,1,
1514,,01514-FUR-KK-CFS-PTRE-14,Kursi Kerja,CFS,UNO,Kursi Cokelat,0,103014,0,0,NULL,100001,9,LT,0,0,NULL,NULL,NULL,140133,2024-08-22 15:20:54.000,0,NULL,NULL,2018-03-15,NULL,NULL,NULL,0,1,
1515,,01515-FUR-KK-CFS-PTRE-14,Kursi Kerja,CFS,UNO,Kursi Cokelat,0,103014,0,0,NULL,100001,9,LT,0,0,NULL,NULL,NULL,140133,2024-08-22 15:20:45.000,0,NULL,NULL,2018-03-15,NULL,NULL,NULL,0,1,
1545,,01545-FUR-KK-CFS-PTRE-12,Kursi Kerja,CFS,CHAIRMAN,Chairman,0,104005,0,0,NULL,100001,9,LT,0,0,NULL,NULL,NULL,140133,2024-09-13 14:07:44.000,0,NULL,NULL,2018-03-15,1726211264Kursi_Pantry.jpeg,1726211264Kursi_Pantry_thumb.jpeg,/assets/uploads/assetsre/ap/,0,0,
1551,,01551-FUR-KK-CFS-PTRE-12,Kursi Kerja,CFS,CHAIRMAN,Chairman,0,104006,0,0,NULL,100001,9,LT,1,0,NULL,NULL,NULL,130090,2024-02-28 10:37:49.000,0,NULL,NULL,2018-03-15,NULL,NULL,NULL,1,1,
1560,,01560-FUR-KK-CFS-PTRE-14,Kursi Kerja Jaring,CFS,UNO,Kersi Coklat Jaring ,0,105014,0,0,NULL,100001,80,LT,0,0,NULL,NULL,NULL,130090,2024-03-01 14:53:15.000,0,NULL,NULL,2018-03-15,1709279595WhatsApp_Image_2024-02-28_at_14_18_19.jpeg,1709279595WhatsApp_Image_2024-02-28_at_14_18_19_thumb.jpeg,/assets/uploads/assetsre/ap/,0,0,
1561,,01561-FUR-KK-CFS-PTRE-14,Kursi Kerja Jaring,CFS,UNO,Kersi coklat jaring,0,105014,0,0,NULL,100001,80,LT,0,0,NULL,NULL,NULL,130090,2024-03-01 14:52:31.000,0,NULL,NULL,2018-03-15,1709279551WhatsApp_Image_2024-02-28_at_14_18_19.jpeg,1709279551WhatsApp_Image_2024-02-28_at_14_18_19_thumb.jpeg,/assets/uploads/assetsre/ap/,0,0,
1562,,01562-FUR-KK-CFS-PTRE-14,Kursi Kerja Jaring,CFS,UNO,Kersi Jaring coklat,0,105014,0,0,NULL,100001,80,LT,0,0,NULL,NULL,NULL,130090,2024-03-01 14:51:21.000,0,NULL,NULL,2018-03-15,1709279481WhatsApp_Image_2024-02-28_at_14_18_19.jpeg,1709279481WhatsApp_Image_2024-02-28_at_14_18_19_thumb.jpeg,/assets/uploads/assetsre/ap/,0,0,
1564,,01564-FUR-KK-CFS-PTRE-14,Kursi Kerja Jaring,CFS,UNO,Kersi jaring coklat pendek,0,105014,0,0,NULL,100001,80,LT,0,0,NULL,NULL,NULL,130090,2024-03-01 14:47:38.000,0,NULL,NULL,2018-03-15,1709279258WhatsApp_Image_2024-02-28_at_14_18_19.jpeg,1709279258WhatsApp_Image_2024-02-28_at_14_18_19_thumb.jpeg,/assets/uploads/assetsre/ap/,0,0,
1566,,01566-FUR-KK-CFS-PTRE-14,Kursi Kerja Jaring,CFS,UNO,Kersi kerja Jaring Pendek,0,105014,0,0,NULL,100001,80,LT,0,0,NULL,NULL,NULL,130090,2024-03-01 14:46:15.000,0,NULL,NULL,2018-03-15,1709279175WhatsApp_Image_2024-02-28_at_14_18_19.jpeg,1709279175WhatsApp_Image_2024-02-28_at_14_18_19_thumb.jpeg,/assets/uploads/assetsre/ap/,0,0,
1567,,01567-FUR-KK-CFS-PTRE-14,Kursi Kerja Jaring,CFS,UNO,Kersi Jaring Coklat,0,105014,0,0,NULL,100001,80,LT,0,0,NULL,NULL,NULL,130090,2024-03-01 14:45:17.000,0,NULL,NULL,2018-03-15,1709279117WhatsApp_Image_2024-02-28_at_14_18_19.jpeg,1709279117WhatsApp_Image_2024-02-28_at_14_18_19_thumb.jpeg,/assets/uploads/assetsre/ap/,0,0,
1568,,01568-FUR-KK-CFS-PTRE-14,Kursi Kerja Jaring,CFS,UNO,Kersi Jaring Coklat,0,105014,0,0,NULL,100001,80,LT,0,0,NULL,NULL,NULL,130090,2024-03-01 14:44:24.000,0,NULL,NULL,2018-03-15,1709279064WhatsApp_Image_2024-02-28_at_14_18_19.jpeg,1709279064WhatsApp_Image_2024-02-28_at_14_18_19_thumb.jpeg,/assets/uploads/assetsre/ap/,0,0,
1570,,01570-FUR-KK-CFS-PTRE-14,Kursi Kerja Jaring,CFS,UNO,Kursi Kerja Jaring Pendek,0,105014,0,0,NULL,100001,80,LT,0,0,NULL,NULL,NULL,130090,2024-03-01 14:43:35.000,0,NULL,NULL,2018-03-15,1709279015WhatsApp_Image_2024-02-28_at_14_18_19.jpeg,1709279015WhatsApp_Image_2024-02-28_at_14_18_19_thumb.jpeg,/assets/uploads/assetsre/ap/,0,0,
1571,,01571-FUR-KK-CFS-PTRE-14,Kursi Kerja Jaring,CFS,UNO,Kerja coklat Jaring Pendek,0,105014,0,0,NULL,100001,80,LT,0,0,NULL,NULL,NULL,130090,2024-03-01 14:41:32.000,0,NULL,NULL,2018-03-15,1709278892WhatsApp_Image_2024-02-28_at_14_18_19.jpeg,1709278892WhatsApp_Image_2024-02-28_at_14_18_19_thumb.jpeg,/assets/uploads/assetsre/ap/,0,0,
1630,,01630-FUR-KK-CFS-PTRE-14,Kursi Kerja,CFS,SAVELLO,Savello,0,104008,0,0,NULL,100001,9,LT,0,0,NULL,NULL,NULL,140133,2024-07-31 14:26:28.000,0,NULL,NULL,2018-03-15,NULL,NULL,NULL,0,1,
1631,,01631-FUR-KK-CFS-PTRE-14,Kursi Kerja,CFS,SAVELLO,Kerja Hitam,0,104008,0,0,NULL,100001,80,LT,0,0,NULL,NULL,NULL,140133,2024-07-31 14:36:35.000,0,NULL,NULL,2018-03-15,NULL,NULL,NULL,0,1,
1632,,01632-FUR-KK-CFS-PTRE-14,Kursi Kerja,CFS,SAVELLO,Kerja Hitam,0,104008,0,0,NULL,100001,9,LT,0,0,NULL,NULL,NULL,140133,2024-07-31 14:26:22.000,0,NULL,NULL,2018-03-15,NULL,NULL,NULL,0,1,
1633,,01633-FUR-KK-CFS-PTRE-14,Kursi Kerja Jaring,CFS,SAVELLO,Kerja Hitam,0,104012,0,0,23-1131109,100001,1093,LT,0,0,NULL,NULL,NULL,255578,2026-05-29 10:07:15.000,0,NULL,NULL,2018-03-15,1710260995WhatsApp_Image_2024-03-09_at_11_11_53.jpeg,1710260995WhatsApp_Image_2024-03-09_at_11_11_53_thumb.jpeg,/assets/uploads/assetsre/ap/,0,0,
1635,,01635-FUR-KK-CFS-PTRE-14,Kursi Kerja Jaring,CFS,SAVELLO,Kerja Hitam,0,104012,0,0,23-1131109,100001,1093,LT,0,0,NULL,NULL,NULL,255578,2026-05-29 10:07:10.000,0,NULL,NULL,2018-03-15,1710260974WhatsApp_Image_2024-03-09_at_11_11_53.jpeg,1710260974WhatsApp_Image_2024-03-09_at_11_11_53_thumb.jpeg,/assets/uploads/assetsre/ap/,0,0,
1636,,01636-FUR-KK-CFS-PTRE-14,Kursi Kerja Jaring,CFS,SAVELLO,Kerja Hitam,0,104012,0,0,23-1131109,100001,1093,LT,0,0,NULL,NULL,NULL,255578,2026-05-29 10:06:58.000,0,NULL,NULL,2018-03-15,1710260954WhatsApp_Image_2024-03-09_at_11_11_53.jpeg,1710260954WhatsApp_Image_2024-03-09_at_11_11_53_thumb.jpeg,/assets/uploads/assetsre/ap/,0,0,
1637,,01637-FUR-KK-CFS-PTRE-14,Kursi Kerja Jaring,CFS,SAVELLO,Kerja Hitam,0,104012,0,0,23-1131109,100001,1093,LT,0,0,NULL,NULL,NULL,255578,2026-05-29 10:07:04.000,0,NULL,NULL,2018-03-15,1710260937WhatsApp_Image_2024-03-09_at_11_11_53.jpeg,1710260937WhatsApp_Image_2024-03-09_at_11_11_53_thumb.jpeg,/assets/uploads/assetsre/ap/,0,0,
1638,,01638-FUR-KK-CFS-PTRE-14,Kursi Kerja Jaring,CFS,SAVELLO,Kerja Hitam,0,104012,0,0,23-1131109,100001,1093,LT,0,0,NULL,NULL,NULL,255578,2026-05-29 10:06:27.000,0,NULL,NULL,2018-03-15,1710260917WhatsApp_Image_2024-03-09_at_11_11_53.jpeg,1710260917WhatsApp_Image_2024-03-09_at_11_11_53_thumb.jpeg,/assets/uploads/assetsre/ap/,0,0,
1639,,01639-FUR-KK-CFS-PTRE-14,Kursi Kerja Jaring,CFS,SAVELLO,Kerja Hitam,0,104012,0,0,23-1131109,100001,1093,LT,0,0,NULL,NULL,NULL,255578,2026-05-29 10:06:41.000,0,NULL,NULL,2018-03-15,1710260901WhatsApp_Image_2024-03-09_at_11_11_53.jpeg,1710260901WhatsApp_Image_2024-03-09_at_11_11_53_thumb.jpeg,/assets/uploads/assetsre/ap/,0,0,
1640,,01640-FUR-KK-CFS-PTRE-14,Kursi Kerja Jaring,CFS,SAVELLO,Kerja Hitam,0,104012,0,0,23-1131109,100001,1093,LT,0,0,NULL,NULL,NULL,255578,2026-05-29 10:06:33.000,0,NULL,NULL,2018-03-15,1710260884WhatsApp_Image_2024-03-09_at_11_11_53.jpeg,1710260884WhatsApp_Image_2024-03-09_at_11_11_53_thumb.jpeg,/assets/uploads/assetsre/ap/,0,0,
1641,,01641-FUR-KK-CFS-PTRE-14,Kursi Kerja Jaring,CFS,SAVELLO,Kerja Hitam,0,104012,0,0,23-1131109,100001,1093,LT,0,0,NULL,NULL,NULL,255578,2026-05-29 10:06:46.000,0,NULL,NULL,2018-03-15,1710260851WhatsApp_Image_2024-03-09_at_11_11_53.jpeg,1710260851WhatsApp_Image_2024-03-09_at_11_11_53_thumb.jpeg,/assets/uploads/assetsre/ap/,0,0,
1642,,01642-FUR-KK-CFS-PTRE-14,Kursi Kerja Jaring,CFS,SAVELLO,Kerja Hitam,0,104012,0,0,23-1131109,100001,1093,LT,0,0,NULL,NULL,NULL,255578,2026-05-29 10:06:52.000,0,NULL,NULL,2018-03-15,1710260835WhatsApp_Image_2024-03-09_at_11_11_53.jpeg,1710260835WhatsApp_Image_2024-03-09_at_11_11_53_thumb.jpeg,/assets/uploads/assetsre/ap/,0,0,
1643,,01643-FUR-KK-CFS-PTRE-14,Kursi Kerja Jaring,CFS,SAVELLO,Kerja Hitam,0,104012,0,0,23-1131109,100001,1093,LT,0,0,NULL,NULL,NULL,255578,2026-05-29 10:06:15.000,0,NULL,NULL,2018-03-15,1710260812WhatsApp_Image_2024-03-09_at_11_11_53.jpeg,1710260812WhatsApp_Image_2024-03-09_at_11_11_53_thumb.jpeg,/assets/uploads/assetsre/ap/,0,0,
1644,,01644-FUR-KK-CFS-PTRE-14,Kursi Kerja Jaring,CFS,SAVELLO,Kerja Hitam,0,104012,0,0,23-1131109,100001,1093,LT,0,0,NULL,NULL,NULL,255578,2026-05-29 10:06:22.000,0,NULL,NULL,2018-03-15,1710260797WhatsApp_Image_2024-03-09_at_11_11_53.jpeg,1710260797WhatsApp_Image_2024-03-09_at_11_11_53_thumb.jpeg,/assets/uploads/assetsre/ap/,0,0,
1645,,01645-FUR-KK-CFS-PTRE-14,Kursi Kerja Jaring,CFS,SAVELLO,Kerja Hitam,0,104012,0,0,23-1131109,100001,1093,LT,0,0,NULL,NULL,NULL,255578,2026-05-29 10:06:06.000,0,NULL,NULL,2018-03-15,1710260779WhatsApp_Image_2024-03-09_at_11_11_53.jpeg,1710260779WhatsApp_Image_2024-03-09_at_11_11_53_thumb.jpeg,/assets/uploads/assetsre/ap/,0,0,
1646,,01646-FUR-KK-CFS-PTRE-14,Kursi Kerja Jaring,CFS,SAVELLO,Kerja Hitam,0,104012,0,0,23-1131109,100001,1093,LT,0,0,NULL,NULL,NULL,255578,2026-05-29 10:06:00.000,0,NULL,NULL,2018-03-15,1710260762WhatsApp_Image_2024-03-09_at_11_11_53.jpeg,1710260762WhatsApp_Image_2024-03-09_at_11_11_53_thumb.jpeg,/assets/uploads/assetsre/ap/,0,0,
1647,,01647-FUR-KK-CFS-PTRE-14,Kursi Kerja Jaring,CFS,SAVELLO,Kerja Hitam,0,104012,0,0,23-1131109,100001,1093,LT,0,0,NULL,NULL,NULL,255578,2026-05-29 10:05:53.000,0,NULL,NULL,2018-03-15,1710260747WhatsApp_Image_2024-03-09_at_11_11_53.jpeg,1710260747WhatsApp_Image_2024-03-09_at_11_11_53_thumb.jpeg,/assets/uploads/assetsre/ap/,0,0,
1648,,01648-FUR-KK-CFS-PTRE-14,Kursi Kerja Jaring,CFS,SAVELLO,Kerja Hitam,0,104012,0,0,23-1131109,100001,1093,LT,0,0,NULL,NULL,NULL,255578,2026-05-29 10:05:46.000,0,NULL,NULL,2018-03-15,1710260731WhatsApp_Image_2024-03-09_at_11_11_53.jpeg,1710260731WhatsApp_Image_2024-03-09_at_11_11_53_thumb.jpeg,/assets/uploads/assetsre/ap/,0,0,
1649,,01649-FUR-KK-CFS-PTRE-14,Kursi Kerja Jaring,CFS,SAVELLO,Kerja Hitam,0,104012,0,0,23-1131109,100001,1093,LT,0,0,NULL,NULL,NULL,255578,2026-05-29 10:05:33.000,0,NULL,NULL,2018-03-15,1710260715WhatsApp_Image_2024-03-09_at_11_11_53.jpeg,1710260715WhatsApp_Image_2024-03-09_at_11_11_53_thumb.jpeg,/assets/uploads/assetsre/ap/,0,0,
1650,,01650-FUR-KK-CFS-PTRE-14,Kursi Kerja Jaring,CFS,SAVELLO,Kerja Hitam,0,104012,0,0,23-1131109,100001,1093,LT,0,0,NULL,NULL,NULL,255578,2026-05-29 10:05:40.000,0,NULL,NULL,2018-03-15,1710260687WhatsApp_Image_2024-03-09_at_11_11_53.jpeg,1710260687WhatsApp_Image_2024-03-09_at_11_11_53_thumb.jpeg,/assets/uploads/assetsre/ap/,0,0,
1651,,01651-FUR-KK-CFS-PTRE-14,Kursi Kerja Jaring,CFS,SAVELLO,Kerja Hitam,0,104012,0,0,23-1131109,100001,1093,LT,0,0,NULL,NULL,NULL,255578,2026-05-29 10:05:16.000,0,NULL,NULL,2018-03-15,1710260669WhatsApp_Image_2024-03-09_at_11_11_53.jpeg,1710260669WhatsApp_Image_2024-03-09_at_11_11_53_thumb.jpeg,/assets/uploads/assetsre/ap/,0,0,
1652,,01652-FUR-KK-CFS-PTRE-14,Kursi Kerja Jaring,CFS,SAVELLO,Kerja Hitam,0,104012,0,0,23-1131109,100001,1093,LT,0,0,NULL,NULL,NULL,255578,2026-05-29 10:05:21.000,0,NULL,NULL,2018-03-15,1710260653WhatsApp_Image_2024-03-09_at_11_11_53.jpeg,1710260653WhatsApp_Image_2024-03-09_at_11_11_53_thumb.jpeg,/assets/uploads/assetsre/ap/,0,0,
1653,,01653-FUR-KK-CFS-PTRE-14,Kursi Kerja Jaring,CFS,SAVELLO,Kerja Hitam,0,104012,0,0,23-1131109,100001,1093,LT,0,0,NULL,NULL,NULL,255578,2026-05-29 10:05:28.000,0,NULL,NULL,2018-03-15,1710260634WhatsApp_Image_2024-03-09_at_11_11_53.jpeg,1710260634WhatsApp_Image_2024-03-09_at_11_11_53_thumb.jpeg,/assets/uploads/assetsre/ap/,0,0,
1654,,01654-FUR-KK-CFS-PTRE-14,Kursi Kerja Jaring,CFS,SAVELLO,Kerja Hitam,0,104012,0,0,23-1131109,100001,1093,LT,0,0,NULL,NULL,NULL,255578,2026-05-29 10:04:59.000,0,NULL,NULL,2018-03-15,1710260614WhatsApp_Image_2024-03-09_at_11_11_53.jpeg,1710260614WhatsApp_Image_2024-03-09_at_11_11_53_thumb.jpeg,/assets/uploads/assetsre/ap/,0,0,
1655,,01655-FUR-KK-CFS-PTRE-14,Kursi Kerja Jaring,CFS,SAVELLO,Kerja Hitam,0,104012,0,0,23-1131109,100001,1093,LT,0,0,NULL,NULL,NULL,255578,2026-05-29 10:05:10.000,0,NULL,NULL,2018-03-15,1710260597WhatsApp_Image_2024-03-09_at_11_11_53.jpeg,1710260597WhatsApp_Image_2024-03-09_at_11_11_53_thumb.jpeg,/assets/uploads/assetsre/ap/,0,0,
1656,,01656-FUR-KK-CFS-PTRE-14,Kursi Kerja Jaring,CFS,SAVELLO,Kerja Hitam,0,104012,0,0,23-1131109,100001,1093,LT,0,0,NULL,NULL,NULL,255578,2026-05-29 10:04:18.000,0,NULL,NULL,2018-03-15,1710260580WhatsApp_Image_2024-03-09_at_11_11_53.jpeg,1710260580WhatsApp_Image_2024-03-09_at_11_11_53_thumb.jpeg,/assets/uploads/assetsre/ap/,0,0,
1657,,01657-FUR-KK-CFS-PTRE-14,Kursi Kerja Jaring,CFS,SAVELLO,Kerja Hitam,0,104012,0,0,23-1131109,100001,1093,LT,0,0,NULL,NULL,NULL,255578,2026-05-29 10:04:31.000,0,NULL,NULL,2018-03-15,1710260560WhatsApp_Image_2024-03-09_at_11_11_53.jpeg,1710260560WhatsApp_Image_2024-03-09_at_11_11_53_thumb.jpeg,/assets/uploads/assetsre/ap/,0,0,
1658,,01658-FUR-KK-CFS-PTRE-14,Kursi Kerja Jaring,CFS,SAVELLO,Kerja Hitam,0,104012,0,0,23-1131109,100001,1093,LT,0,0,NULL,NULL,NULL,255578,2026-05-29 10:04:24.000,0,NULL,NULL,2018-03-15,1710260542WhatsApp_Image_2024-03-09_at_11_11_53.jpeg,1710260542WhatsApp_Image_2024-03-09_at_11_11_53_thumb.jpeg,/assets/uploads/assetsre/ap/,0,0,
1659,,01659-FUR-KK-CFS-PTRE-14,Kursi Kerja Jaring,CFS,SAVELLO,Kerja Hitam,0,104012,0,0,23-1131109,100001,1093,LT,0,0,NULL,NULL,NULL,255578,2026-05-29 10:04:05.000,0,NULL,NULL,2018-03-15,1710260517WhatsApp_Image_2024-03-09_at_11_11_53.jpeg,1710260517WhatsApp_Image_2024-03-09_at_11_11_53_thumb.jpeg,/assets/uploads/assetsre/ap/,0,0,
1660,,01660-FUR-KK-CFS-PTRE-14,Kursi Kerja Jaring,CFS,SAVELLO,Kerja Hitam,0,104012,0,0,23-1131109,100001,1093,LT,0,0,NULL,NULL,NULL,255578,2026-05-29 10:04:11.000,0,NULL,NULL,2018-03-15,1710260498WhatsApp_Image_2024-03-09_at_11_11_53.jpeg,1710260498WhatsApp_Image_2024-03-09_at_11_11_53_thumb.jpeg,/assets/uploads/assetsre/ap/,0,0,
1661,,01661-FUR-KK-CFS-PTRE-14,Kursi Kerja Jaring,CFS,SAVELLO,Kerja Hitam,0,104012,0,0,23-1131109,100001,1093,LT,0,0,NULL,NULL,NULL,255578,2026-05-29 10:04:00.000,0,NULL,NULL,2018-03-15,1710260480WhatsApp_Image_2024-03-09_at_11_11_53.jpeg,1710260480WhatsApp_Image_2024-03-09_at_11_11_53_thumb.jpeg,/assets/uploads/assetsre/ap/,0,0,
1662,,01662-FUR-KK-CFS-PTRE-14,Kursi Kerja Jaring,CFS,SAVELLO,Kerja Hitam,0,104012,0,0,23-1131109,100001,1093,LT,0,0,NULL,NULL,NULL,255578,2026-05-29 10:03:54.000,0,NULL,NULL,2018-03-15,1710260461WhatsApp_Image_2024-03-09_at_11_11_53.jpeg,1710260461WhatsApp_Image_2024-03-09_at_11_11_53_thumb.jpeg,/assets/uploads/assetsre/ap/,0,0,
1663,,01663-FUR-KK-CFS-PTRE-14,Kursi Kerja Jaring,CFS,SAVELLO,Kerja Hitam,0,104012,0,0,23-1131109,100001,1093,LT,0,0,NULL,NULL,NULL,255578,2026-05-29 10:03:48.000,0,NULL,NULL,2018-03-15,1710260442WhatsApp_Image_2024-03-09_at_11_11_53.jpeg,1710260442WhatsApp_Image_2024-03-09_at_11_11_53_thumb.jpeg,/assets/uploads/assetsre/ap/,0,0,
1664,,01664-FUR-KK-CFS-PTRE-14,Kursi Kerja,CFS,SAVELLO,Kerja Hitam,0,104011,0,0,NULL,100001,80,LT,0,0,NULL,NULL,NULL,130090,2024-03-12 16:40:36.000,1,140133,2025-01-22 18:20:32.000,2018-03-15,1710236436WhatsApp_Image_2024-03-09_at_11_11_53.jpeg,1710236436WhatsApp_Image_2024-03-09_at_11_11_53_thumb.jpeg,/assets/uploads/assetsre/ap/,0,0,
1665,,01665-FUR-KK-CFS-PTRE-14,Kursi Kerja,CFS,SAVELLO,Kerja Hitam,0,104011,0,0,NULL,100001,80,LT,0,0,NULL,NULL,NULL,130090,2024-03-12 16:40:19.000,0,NULL,NULL,2018-03-15,1710236419WhatsApp_Image_2024-03-09_at_11_11_53.jpeg,1710236419WhatsApp_Image_2024-03-09_at_11_11_53_thumb.jpeg,/assets/uploads/assetsre/ap/,0,0,
1666,,01666-FUR-KK-CFS-PTRE-14,Kursi Kerja,CFS,SAVELLO,Kerja Hitam,0,104011,0,0,NULL,100001,80,LT,0,0,NULL,NULL,NULL,130090,2024-03-12 16:40:00.000,0,NULL,NULL,2018-03-15,1710236400WhatsApp_Image_2024-03-09_at_11_11_53.jpeg,1710236400WhatsApp_Image_2024-03-09_at_11_11_53_thumb.jpeg,/assets/uploads/assetsre/ap/,0,0,
1667,,01667-FUR-KK-CFS-PTRE-14,Kursi Kerja,CFS,SAVELLO,Kerja Hitam,0,104011,0,0,NULL,100001,80,LT,0,0,NULL,NULL,NULL,130090,2024-03-12 16:39:40.000,0,NULL,NULL,2018-03-15,1710236380WhatsApp_Image_2024-03-09_at_11_11_53.jpeg,1710236380WhatsApp_Image_2024-03-09_at_11_11_53_thumb.jpeg,/assets/uploads/assetsre/ap/,0,0,
1668,,01668-FUR-KK-CFS-PTRE-14,Kursi Kerja,CFS,SAVELLO,Kerja Hitam,0,104011,0,0,NULL,100001,80,LT,0,0,NULL,NULL,NULL,130090,2024-03-12 16:39:19.000,0,NULL,NULL,2018-03-15,1710236359WhatsApp_Image_2024-03-09_at_11_11_53.jpeg,1710236359WhatsApp_Image_2024-03-09_at_11_11_53_thumb.jpeg,/assets/uploads/assetsre/ap/,0,0,
1669,,01669-FUR-KK-CFS-PTRE-14,Kursi Kerja,CFS,SAVELLO,Kerja Hitam,0,104011,0,0,NULL,100001,80,LT,0,0,NULL,NULL,NULL,130090,2024-03-12 16:39:02.000,0,NULL,NULL,2018-03-15,1710236342WhatsApp_Image_2024-03-09_at_11_11_53.jpeg,1710236342WhatsApp_Image_2024-03-09_at_11_11_53_thumb.jpeg,/assets/uploads/assetsre/ap/,0,0,
1670,,01670-FUR-KK-CFS-PTRE-14,Kursi Kerja,CFS,SAVELLO,Kerja Hitam,0,104011,0,0,NULL,100001,80,LT,0,0,NULL,NULL,NULL,130090,2024-03-12 16:38:46.000,0,NULL,NULL,2018-03-15,1710236326WhatsApp_Image_2024-03-09_at_11_11_53.jpeg,1710236326WhatsApp_Image_2024-03-09_at_11_11_53_thumb.jpeg,/assets/uploads/assetsre/ap/,0,0,
1671,,01671-FUR-KK-CFS-PTRE-14,Kursi Kerja,CFS,SAVELLO,Kerja Hitam,0,104011,0,0,NULL,100001,80,LT,0,0,NULL,NULL,NULL,130090,2024-03-12 16:38:27.000,0,NULL,NULL,2018-03-15,1710236307WhatsApp_Image_2024-03-09_at_11_11_53.jpeg,1710236307WhatsApp_Image_2024-03-09_at_11_11_53_thumb.jpeg,/assets/uploads/assetsre/ap/,0,0,
1672,,01672-FUR-KK-CFS-PTRE-14,Kursi Kerja,CFS,SAVELLO,Kerja Hitam,0,104011,0,0,NULL,100001,80,LT,0,0,NULL,NULL,NULL,130090,2024-03-12 16:38:10.000,0,NULL,NULL,2018-03-15,1710236290WhatsApp_Image_2024-03-09_at_11_11_53.jpeg,1710236290WhatsApp_Image_2024-03-09_at_11_11_53_thumb.jpeg,/assets/uploads/assetsre/ap/,0,0,
1673,,01673-FUR-KK-CFS-PTRE-14,Kursi Kerja,CFS,SAVELLO,Kerja Hitam,0,104011,0,0,NULL,100001,80,LT,0,0,NULL,NULL,NULL,130090,2024-03-12 16:37:42.000,0,NULL,NULL,2018-03-15,1710236262WhatsApp_Image_2024-03-09_at_11_11_53.jpeg,1710236262WhatsApp_Image_2024-03-09_at_11_11_53_thumb.jpeg,/assets/uploads/assetsre/ap/,0,0,
1674,,01674-FUR-KK-CFS-PTRE-14,Kursi Kerja,CFS,SAVELLO,Kerja Hitam,0,104011,0,0,NULL,100001,80,LT,0,0,NULL,NULL,NULL,130090,2024-03-12 16:37:24.000,0,NULL,NULL,2018-03-15,1710236244WhatsApp_Image_2024-03-09_at_11_11_53.jpeg,1710236244WhatsApp_Image_2024-03-09_at_11_11_53_thumb.jpeg,/assets/uploads/assetsre/ap/,0,0,
1676,,01676-FUR-KK-CFS-PTRE-14,Kursi Kerja,CFS,SAVELLO,Kerja Hitam,0,104011,0,0,NULL,100001,80,LT,0,1,094062,201016054329,2020-10-16,130090,2024-03-12 16:37:07.000,0,NULL,NULL,2018-03-15,1710236227WhatsApp_Image_2024-03-09_at_11_11_53.jpeg,1710236227WhatsApp_Image_2024-03-09_at_11_11_53_thumb.jpeg,/assets/uploads/assetsre/ap/,0,0,
1677,,01677-FUR-KK-CFS-PTRE-14,Kursi Kerja,CFS,SAVELLO,Kerja Hitam,0,104011,0,0,NULL,100001,80,LT,0,1,083933,201016054300,2020-10-16,130090,2024-03-12 16:36:49.000,0,NULL,NULL,2018-03-15,1710236209WhatsApp_Image_2024-03-09_at_11_12_11.jpeg,1710236209WhatsApp_Image_2024-03-09_at_11_12_11_thumb.jpeg,/assets/uploads/assetsre/ap/,0,0,
1754,,01754-FUR-KK-CFS-PTRE-14,Kursi Kerja Jaring,CFS,SAVELLO,Kerja Hitam,0,104012,0,0,23-1131109,100001,1093,LT,0,0,NULL,NULL,NULL,255578,2026-05-29 10:03:42.000,0,NULL,NULL,2018-03-15,1710260386WhatsApp_Image_2024-03-09_at_11_11_53.jpeg,1710260386WhatsApp_Image_2024-03-09_at_11_11_53_thumb.jpeg,/assets/uploads/assetsre/ap/,0,0,
1755,,01755-FUR-KK-CFS-PTRE-14,Kursi Kerja Jaring,CFS,SAVELLO,Kerja Hitam,0,104012,0,0,23-1131109,100001,1093,LT,0,0,NULL,NULL,NULL,255578,2026-05-29 10:03:36.000,0,NULL,NULL,2018-03-15,1710260368WhatsApp_Image_2024-03-09_at_11_11_53.jpeg,1710260368WhatsApp_Image_2024-03-09_at_11_11_53_thumb.jpeg,/assets/uploads/assetsre/ap/,0,0,
1756,,01756-FUR-KK-CFS-PTRE-14,Kursi Kerja Jaring,CFS,SAVELLO,Kerja Hitam,0,104012,0,0,23-1131109,100001,1093,LT,0,0,NULL,NULL,NULL,255578,2026-05-29 10:03:24.000,0,NULL,NULL,2018-03-15,1710260353WhatsApp_Image_2024-03-09_at_11_11_53.jpeg,1710260353WhatsApp_Image_2024-03-09_at_11_11_53_thumb.jpeg,/assets/uploads/assetsre/ap/,0,0,
1757,,01757-FUR-KK-CFS-PTRE-14,Kursi Kerja Jaring,CFS,SAVELLO,Kerja Hitam,0,104012,0,0,23-1131109,100001,1093,LT,0,0,NULL,NULL,NULL,255578,2026-05-29 10:03:19.000,0,NULL,NULL,2018-03-15,1710260332WhatsApp_Image_2024-03-09_at_11_11_53.jpeg,1710260332WhatsApp_Image_2024-03-09_at_11_11_53_thumb.jpeg,/assets/uploads/assetsre/ap/,0,0,
1758,,01758-FUR-KK-CFS-PTRE-14,Kursi Kerja Jaring,CFS,SAVELLO,Kerja Hitam,0,104012,0,0,23-1131109,100001,1093,LT,0,0,NULL,NULL,NULL,255578,2026-05-29 10:03:30.000,0,NULL,NULL,2018-03-15,1710260313WhatsApp_Image_2024-03-09_at_11_11_53.jpeg,1710260313WhatsApp_Image_2024-03-09_at_11_11_53_thumb.jpeg,/assets/uploads/assetsre/ap/,0,0,
1759,,01759-FUR-KK-CFS-PTRE-14,Kursi Kerja Jaring,CFS,SAVELLO,Kerja Hitam,0,104012,0,0,23-1131109,100001,1093,LT,0,0,NULL,NULL,NULL,255578,2026-05-29 10:03:13.000,0,NULL,NULL,2018-03-15,1710260297WhatsApp_Image_2024-03-09_at_11_11_53.jpeg,1710260297WhatsApp_Image_2024-03-09_at_11_11_53_thumb.jpeg,/assets/uploads/assetsre/ap/,0,0,
1760,,01760-FUR-KK-CFS-PTRE-14,Kursi Kerja Jaring,CFS,SAVELLO,Kerja Hitam,0,104012,0,0,23-1131109,100001,1093,LT,0,0,NULL,NULL,NULL,255578,2026-05-29 10:03:06.000,0,NULL,NULL,2018-03-15,1710260279WhatsApp_Image_2024-03-09_at_11_11_53.jpeg,1710260279WhatsApp_Image_2024-03-09_at_11_11_53_thumb.jpeg,/assets/uploads/assetsre/ap/,0,0,
1764,,01764-FUR-KK-CFS-PTRE-14,Kursi Coklat,CFS,SAVELLO,Kerja Hitam,0,102015,0,0,NULL,100001,1093,LT,0,0,NULL,NULL,NULL,255578,2026-01-26 08:48:01.000,0,NULL,NULL,2018-03-15,1710260260WhatsApp_Image_2024-03-09_at_11_11_53.jpeg,1710260260WhatsApp_Image_2024-03-09_at_11_11_53_thumb.jpeg,/assets/uploads/assetsre/ap/,0,0,
1765,,01765-FUR-KK-CFS-PTRE-14,Kursi Kerja Jaring,CFS,SAVELLO,Kerja Hitam,0,104012,0,0,23-1131109,100001,1093,LT,0,0,NULL,NULL,NULL,255578,2026-05-29 10:02:57.000,0,NULL,NULL,2018-03-15,1710260234WhatsApp_Image_2024-03-09_at_11_11_53.jpeg,1710260234WhatsApp_Image_2024-03-09_at_11_11_53_thumb.jpeg,/assets/uploads/assetsre/ap/,0,0,
1799,,01799-FUR-KK-CFS-PTRE-13,Kursi Kerja Jaring,CFS,UNO,,0,101015,0,0,23-1131109,100001,9,LT,0,0,NULL,NULL,NULL,255578,2026-04-21 08:53:40.000,0,NULL,NULL,2018-03-15,1726211827kursi_kerja_uno.jpeg,1726211827kursi_kerja_uno_thumb.jpeg,/assets/uploads/assetsre/ap/,0,0,
1800,NULL,01800-FUR-KK-CFS-PTRE-12,Kursi Kerja,CFS,CHITOSE,Lipat Chitose,0,115006,0,0,NULL,100001,NULL,LT,0,0,NULL,NULL,NULL,130090,2018-03-15 16:23:06.777,0,NULL,NULL,2018-03-15,NULL,NULL,NULL,0,0,
1801,NULL,01801-FUR-KK-CFS-PTRE-12,Kursi Kerja,CFS,CHITOSE,Lipat Chitose,0,115006,0,0,NULL,100001,NULL,LT,0,0,NULL,NULL,NULL,130090,2018-03-15 16:23:06.777,0,NULL,NULL,2018-03-15,NULL,NULL,NULL,0,0,
1802,NULL,01802-FUR-KK-CFS-PTRE-12,Kursi Kerja,CFS,CHITOSE,Lipat Chitose,0,115006,0,0,NULL,100001,NULL,LT,0,0,NULL,NULL,NULL,130090,2018-03-15 16:23:06.777,0,NULL,NULL,2018-03-15,NULL,NULL,NULL,0,0,
1812,NULL,01812-FUR-KK-CFS-PTRE-14,Kursi Kerja,CFS,CHAIRMAN,Chairman,0,105006,0,0,NULL,100001,NULL,LT,0,0,NULL,NULL,NULL,130090,2018-03-15 16:23:06.777,1,140133,2024-08-02 09:00:01.000,2018-03-15,NULL,NULL,NULL,0,0,
1824,,01824-FUR-KK-CFS-PTRE-14,Kursi Coklat,CFS,SAVELLO,Savello,0,105007,0,0,NULL,100001,1093,LT,0,0,NULL,NULL,NULL,255578,2026-04-21 17:46:43.000,0,NULL,NULL,2018-03-15,NULL,NULL,NULL,1,0,
1825,,01825-FUR-KK-CFS-PTRE-14,Kursi Coklat,CFS,SAVELLO,kursi coklat,0,111006,0,0,23-1131109,100001,80,LT,0,0,NULL,NULL,NULL,255578,2026-02-06 10:56:53.000,0,NULL,NULL,2018-03-15,1741914552kursi_Coklat.jpeg,1741914552kursi_Coklat_thumb.jpeg,/assets/uploads/assetsre/ap/,0,0,
1826,,01826-FUR-KK-CFS-PTRE-14,Kursi Coklat,CFS,SAVELLO,Savello,0,105007,0,0,NULL,100001,1093,LT,0,0,NULL,NULL,NULL,255578,2026-04-21 17:46:31.000,0,NULL,NULL,2018-03-15,NULL,NULL,NULL,1,0,
1827,,01827-FUR-KK-CFS-PTRE-14,Kursi Kerja,CFS,UNO,Kursi Jaring Pendek,0,105007,0,0,NULL,100001,80,LT,0,0,NULL,NULL,NULL,130090,2024-02-28 14:44:48.000,1,140133,2024-08-02 09:11:07.000,2018-03-15,1709106288WhatsApp_Image_2024-02-28_at_14_29_47.jpeg,1709106288WhatsApp_Image_2024-02-28_at_14_29_47_thumb.jpeg,/assets/uploads/assetsre/ap/,0,0,
1828,,01828-FUR-KK-CFS-PTRE-14,Kursi Kerja,CFS,UNO,Kursi Jaring Pendek,0,105007,0,0,NULL,100001,80,LT,0,0,NULL,NULL,NULL,130090,2024-02-28 14:44:24.000,1,140133,2024-08-02 09:11:07.000,2018-03-15,1709106264WhatsApp_Image_2024-02-28_at_14_29_47.jpeg,1709106264WhatsApp_Image_2024-02-28_at_14_29_47_thumb.jpeg,/assets/uploads/assetsre/ap/,0,0,
1829,,01829-FUR-KK-CFS-PTRE-14,Kursi Kerja,CFS,UNO,Kursi Jaring Pendek,0,105007,0,0,NULL,100001,80,LT,0,0,NULL,NULL,NULL,130090,2024-02-28 14:44:06.000,1,140133,2024-08-02 09:11:07.000,2018-03-15,1709106246WhatsApp_Image_2024-02-28_at_14_29_47.jpeg,1709106246WhatsApp_Image_2024-02-28_at_14_29_47_thumb.jpeg,/assets/uploads/assetsre/ap/,0,0,
1830,,01830-FUR-KK-CFS-PTRE-14,Kursi Kerja,CFS,UNO,Kursi Jaring Pendek,0,105007,0,0,NULL,100001,80,LT,0,0,NULL,NULL,NULL,130090,2024-02-28 14:43:47.000,1,140133,2024-08-02 09:11:07.000,2018-03-15,1709106227WhatsApp_Image_2024-02-28_at_14_29_47.jpeg,1709106227WhatsApp_Image_2024-02-28_at_14_29_47_thumb.jpeg,/assets/uploads/assetsre/ap/,0,0,
1831,,01831-FUR-KK-CFS-PTRE-14,Kursi Kerja,CFS,UNO,Kursi Jaring Pendek,0,105007,0,0,NULL,100001,80,LT,0,0,NULL,NULL,NULL,130090,2024-02-28 14:43:27.000,1,140133,2024-08-02 09:11:07.000,2018-03-15,1709106207WhatsApp_Image_2024-02-28_at_14_29_47.jpeg,1709106207WhatsApp_Image_2024-02-28_at_14_29_47_thumb.jpeg,/assets/uploads/assetsre/ap/,0,0,
1832,,01832-FUR-KK-CFS-PTRE-14,Kursi Kerja,CFS,UNO,Kursi Jaring Pendek,0,105007,0,0,NULL,100001,80,LT,0,0,NULL,NULL,NULL,130090,2024-02-28 14:43:08.000,1,140133,2024-08-02 09:11:07.000,2018-03-15,1709106188WhatsApp_Image_2024-02-28_at_14_29_47.jpeg,1709106188WhatsApp_Image_2024-02-28_at_14_29_47_thumb.jpeg,/assets/uploads/assetsre/ap/,0,0,
1833,,01833-FUR-KK-CFS-PTRE-14,Kursi Kerja,CFS,UNO,Kursi Jaring Pendek,0,105007,0,0,NULL,100001,80,LT,0,0,NULL,NULL,NULL,130090,2024-02-28 14:42:47.000,1,140133,2024-08-02 09:11:07.000,2018-03-15,1709106167WhatsApp_Image_2024-02-28_at_14_29_47.jpeg,1709106167WhatsApp_Image_2024-02-28_at_14_29_47_thumb.jpeg,/assets/uploads/assetsre/ap/,0,0,
1834,,01834-FUR-KK-CFS-PTRE-14,Kursi Kerja,CFS,UNO,Kursi Jaring Pendek,0,105007,0,0,NULL,100001,80,LT,0,0,NULL,NULL,NULL,130090,2024-02-28 14:42:26.000,1,140133,2024-08-02 09:11:07.000,2018-03-15,1709106146WhatsApp_Image_2024-02-28_at_14_29_47.jpeg,1709106146WhatsApp_Image_2024-02-28_at_14_29_47_thumb.jpeg,/assets/uploads/assetsre/ap/,0,0,
1835,,01835-FUR-KK-CFS-PTRE-14,Kursi Kerja,CFS,UNO,Kursi Jaring Pendek,0,105007,0,0,NULL,100001,80,LT,0,0,NULL,NULL,NULL,130090,2024-02-28 14:42:06.000,1,140133,2024-08-02 09:11:07.000,2018-03-15,1709106126WhatsApp_Image_2024-02-28_at_14_29_47.jpeg,1709106126WhatsApp_Image_2024-02-28_at_14_29_47_thumb.jpeg,/assets/uploads/assetsre/ap/,0,0,
1836,,01836-FUR-KK-CFS-PTRE-14,Kursi Kerja,CFS,UNO,Kursi jaring Pendek,0,105007,0,0,NULL,100001,80,LT,0,0,NULL,NULL,NULL,130090,2024-02-28 14:41:46.000,1,140133,2024-08-02 09:11:07.000,2018-03-15,1709106106WhatsApp_Image_2024-02-28_at_14_29_47.jpeg,1709106106WhatsApp_Image_2024-02-28_at_14_29_47_thumb.jpeg,/assets/uploads/assetsre/ap/,0,0,
1837,,01837-FUR-KK-CFS-PTRE-14,Kursi Coklat,CFS,SAVELLO,Kursi Jaring Pendek,0,105007,0,0,NULL,100001,80,LT,0,0,NULL,NULL,NULL,255578,2026-04-21 17:47:51.000,0,NULL,NULL,2018-03-15,1737539478Kursi_Savello_Jaring.jpeg,1737539478Kursi_Savello_Jaring_thumb.jpeg,/assets/uploads/assetsre/ap/,0,0,
1838,,01838-FUR-KK-CFS-PTRE-14,Kursi Coklat,CFS,SAVELLO,kursi coklat,0,111006,0,0,23-1131109,100001,80,LT,0,0,NULL,NULL,NULL,255578,2026-02-06 10:57:06.000,0,NULL,NULL,2018-03-15,1741914563kursi_Coklat.jpeg,1741914563kursi_Coklat_thumb.jpeg,/assets/uploads/assetsre/ap/,0,0,
1839,,01839-FUR-KK-CFS-PTRE-14,Kursi Coklat,CFS,SAVELLO,kursi coklat,0,101036,0,0,NULL,100001,80,LT,0,0,NULL,NULL,NULL,255578,2026-06-07 17:38:09.000,0,NULL,NULL,2018-03-15,1741914573kursi_Coklat.jpeg,1741914573kursi_Coklat_thumb.jpeg,/assets/uploads/assetsre/ap/,0,0,
1840,,01840-FUR-KK-CFS-PTRE-14,Kursi Coklat,CFS,SAVELLO,kursi coklat,0,111004,0,0,NULL,100001,80,LT,0,0,NULL,NULL,NULL,140133,2025-03-14 08:09:43.000,0,NULL,NULL,2018-03-15,1741914583kursi_Coklat.jpeg,1741914583kursi_Coklat_thumb.jpeg,/assets/uploads/assetsre/ap/,0,0,
1841,,01841-FUR-KK-CFS-PTRE-14,Kursi Coklat,CFS,SAVELLO,Kursi Coklat,0,111004,0,0,NULL,100001,80,LT,0,0,NULL,NULL,NULL,140133,2025-03-14 08:09:54.000,0,NULL,NULL,2018-03-15,1741914594kursi_Coklat.jpeg,1741914594kursi_Coklat_thumb.jpeg,/assets/uploads/assetsre/ap/,0,0,
1842,,01842-FUR-KK-CFS-PTRE-14,Kursi Coklat,CFS,SAVELLO,"kursi coklat
",0,111004,0,0,NULL,100001,80,LT,0,0,NULL,NULL,NULL,140133,2025-03-14 08:10:06.000,0,NULL,NULL,2018-03-15,1741914606kursi_Coklat.jpeg,1741914606kursi_Coklat_thumb.jpeg,/assets/uploads/assetsre/ap/,0,0,
1843,,01843-FUR-KK-CFS-PTRE-14,Kursi Coklat,CFS,SAVELLO,Kursi Coklat,0,111004,0,0,NULL,100001,80,LT,0,0,NULL,NULL,NULL,140133,2025-03-14 08:10:23.000,0,NULL,NULL,2018-03-15,1741914623kursi_Coklat.jpeg,1741914623kursi_Coklat_thumb.jpeg,/assets/uploads/assetsre/ap/,0,0,
1844,,01844-FUR-KK-CFS-PTRE-14,Kursi Coklat,CFS,SAVELLO,"kursi coklat
",0,111004,0,0,NULL,100001,80,LT,0,0,NULL,NULL,NULL,140133,2025-03-14 08:10:54.000,0,NULL,NULL,2018-03-15,1741914654kursi_Coklat.jpeg,1741914654kursi_Coklat_thumb.jpeg,/assets/uploads/assetsre/ap/,0,0,
1845,,01845-FUR-KK-CFS-PTRE-14,Kursi Coklat,CFS,SAVELLO,kursi coklat,0,111004,0,0,NULL,100001,80,LT,0,0,NULL,NULL,NULL,255578,2026-05-12 08:58:35.000,0,NULL,NULL,2018-03-15,1741914852kursi_Coklat.jpeg,1741914852kursi_Coklat_thumb.jpeg,/assets/uploads/assetsre/ap/,0,0,
1846,,01846-FUR-KK-CFS-PTRE-14,Kursi Kerja Jaring,CFS,UNO,kursi coklat,0,105014,0,0,NULL,100001,80,LT,0,0,NULL,NULL,NULL,255578,2026-05-12 08:58:08.000,0,NULL,NULL,2018-03-15,1741914863kursi_Coklat.jpeg,1741914863kursi_Coklat_thumb.jpeg,/assets/uploads/assetsre/ap/,0,0,
1847,,01847-FUR-KK-CFS-PTRE-14,Kursi Coklat,CFS,SAVELLO,Kursi Jaring Pendek,0,105007,0,0,NULL,100001,80,LT,0,0,NULL,NULL,NULL,255578,2026-04-21 17:47:43.000,0,NULL,NULL,2018-03-15,1737538827Kursi_Savello_Jaring.jpeg,1737538827Kursi_Savello_Jaring_thumb.jpeg,/assets/uploads/assetsre/ap/,0,0,
1884,,01884-FUR-KK-CFS-PTRE-12,Kursi Kerja Jaring,CFS,UNO,Coklat Jaring,0,105014,0,0,NULL,100001,80,LT,0,0,NULL,NULL,NULL,130090,2024-03-01 16:06:20.000,0,NULL,NULL,2018-03-15,1709283980WhatsApp_Image_2024-02-28_at_14_18_19.jpeg,1709283980WhatsApp_Image_2024-02-28_at_14_18_19_thumb.jpeg,/assets/uploads/assetsre/ap/,0,0,
1885,,01885-FUR-KK-CFS-PTRE-12,Kursi Kerja Jaring,CFS,UNO,Coklat Jaring,0,105014,0,0,NULL,100001,80,LT,0,0,NULL,NULL,NULL,130090,2024-03-01 16:04:07.000,0,NULL,NULL,2018-03-15,1709283847WhatsApp_Image_2024-02-28_at_14_18_19.jpeg,1709283847WhatsApp_Image_2024-02-28_at_14_18_19_thumb.jpeg,/assets/uploads/assetsre/ap/,0,0,
1886,,01886-FUR-KK-CFS-PTRE-12,Kursi Kerja Jaring,CFS,UNO,Jaring Coklat Jaring,0,105014,0,0,NULL,100001,80,LT,0,0,NULL,NULL,NULL,130090,2024-03-01 16:03:16.000,0,NULL,NULL,2018-03-15,1709283796WhatsApp_Image_2024-02-28_at_14_18_19.jpeg,1709283796WhatsApp_Image_2024-02-28_at_14_18_19_thumb.jpeg,/assets/uploads/assetsre/ap/,0,0,
1887,,01887-FUR-KK-CFS-PTRE-12,Kursi Kerja Jaring,CFS,UNO,Jaring Coklat Pendek,0,105014,0,0,NULL,100001,80,LT,0,0,NULL,NULL,NULL,130090,2024-03-01 16:01:23.000,0,NULL,NULL,2018-03-15,1709283683WhatsApp_Image_2024-02-28_at_14_18_19.jpeg,1709283683WhatsApp_Image_2024-02-28_at_14_18_19_thumb.jpeg,/assets/uploads/assetsre/ap/,1,0,
1888,,01888-FUR-KK-CFS-PTRE-12,Kursi Kerja Jaring,CFS,UNO,Jaring coklat Pendek,0,105014,0,0,NULL,100001,80,LT,0,0,NULL,NULL,NULL,130090,2024-03-01 16:00:31.000,0,NULL,NULL,2018-03-15,1709283631WhatsApp_Image_2024-02-28_at_14_18_19.jpeg,1709283631WhatsApp_Image_2024-02-28_at_14_18_19_thumb.jpeg,/assets/uploads/assetsre/ap/,1,0,
1889,,01889-FUR-KK-CFS-PTRE-12,Kursi Kerja Jaring,CFS,UNO,Jaring Pendek,0,105014,0,0,NULL,100001,80,LT,0,0,NULL,NULL,NULL,130090,2024-03-01 16:02:15.000,0,NULL,NULL,2018-03-15,1709283735WhatsApp_Image_2024-02-28_at_14_18_19.jpeg,1709283735WhatsApp_Image_2024-02-28_at_14_18_19_thumb.jpeg,/assets/uploads/assetsre/ap/,0,0,
1890,,01890-FUR-KK-CFS-PTRE-12,Kursi Kerja,CFS,CHAIRMAN,Chairman,0,105008,0,0,NULL,100001,80,LT,1,0,NULL,NULL,NULL,130090,2024-02-28 10:51:03.000,0,NULL,NULL,2018-03-15,NULL,NULL,NULL,1,1,
1891,,01891-FUR-KK-CFS-PTRE-14,Kursi Kerja,CFS,SAVELLO,Kerja Hitam,0,105008,0,0,NULL,100001,80,LT,1,0,NULL,NULL,NULL,130090,2024-02-28 10:50:51.000,0,NULL,NULL,2018-03-15,NULL,NULL,NULL,1,1,
1892,,01892-FUR-KK-CFS-PTRE-14,Kursi Kerja,CFS,SAVELLO,Kerja Hitam,0,105008,0,0,NULL,100001,80,LT,0,0,NULL,NULL,NULL,130090,2024-02-28 10:50:38.000,0,NULL,NULL,2018-03-15,NULL,NULL,NULL,1,1,
1893,,01893-FUR-KK-CFS-PTRE-14,Kursi Kerja,CFS,SAVELLO,Kerja Hitam,0,105008,0,0,NULL,100001,80,LT,1,0,NULL,NULL,NULL,130090,2024-02-28 10:50:26.000,0,NULL,NULL,2018-03-15,NULL,NULL,NULL,1,1,
1894,,01894-FUR-KK-CFS-PTRE-14,Kursi Kerja,CFS,SAVELLO,Kerja Hitam,0,105008,0,0,NULL,100001,80,LT,1,0,NULL,NULL,NULL,130090,2024-02-28 10:48:14.000,0,NULL,NULL,2018-03-15,NULL,NULL,NULL,1,1,
1895,,01895-FUR-KK-CFS-PTRE-14,Kursi Kerja,CFS,SAVELLO,Kerja Hitam,0,105008,0,0,NULL,100001,80,LT,1,0,NULL,NULL,NULL,130090,2024-02-28 10:48:02.000,0,NULL,NULL,2018-03-15,NULL,NULL,NULL,1,1,
1896,,01896-FUR-KK-CFS-PTRE-14,Kursi Kerja,CFS,SAVELLO,Kerja Hitam,0,105008,0,0,NULL,100001,80,LT,1,0,NULL,NULL,NULL,130090,2024-02-28 10:47:50.000,0,NULL,NULL,2018-03-15,NULL,NULL,NULL,1,1,
1897,,01897-FUR-KK-CFS-PTRE-14,Kursi Kerja,CFS,SAVELLO,Kerja Hitam,0,105008,0,0,NULL,100001,80,LT,0,0,NULL,NULL,NULL,130090,2024-02-28 10:47:36.000,0,NULL,NULL,2018-03-15,NULL,NULL,NULL,1,1,
1898,,01898-FUR-KK-CFS-PTRE-14,Kursi Kerja,CFS,SAVELLO,Kerja Hitam,0,105008,0,0,NULL,100001,80,LT,0,0,NULL,NULL,NULL,130090,2024-02-28 10:47:27.000,0,NULL,NULL,2018-03-15,NULL,NULL,NULL,1,1,
1899,,01899-FUR-KK-CFS-PTRE-14,Kursi Kerja,CFS,SAVELLO,Kerja Hitam,0,105008,0,0,NULL,100001,80,LT,0,0,NULL,NULL,NULL,130090,2024-02-28 10:47:17.000,0,NULL,NULL,2018-03-15,NULL,NULL,NULL,1,1,
1901,,04891-FUR-KK-CFS-PTRE-14,Kursi Kerja,CFS,SAVELLO,Kerja Hitam,0,105008,0,0,NULL,100001,80,LT,0,0,NULL,NULL,NULL,130090,2024-02-16 17:31:01.000,1,130090,2024-03-01 15:58:34.000,2018-03-15,NULL,NULL,NULL,0,1,01901-FUR-KK-CFS-PTRE-14
1902,,04892-FUR-KK-CFS-PTRE-14,Kursi Kerja,CFS,SAVELLO,Kerja Hitam,0,105008,0,0,NULL,100001,80,LT,0,0,NULL,NULL,NULL,130090,2024-02-16 17:30:48.000,1,130090,2024-03-01 15:58:43.000,2018-03-15,NULL,NULL,NULL,0,1,01902-FUR-KK-CFS-PTRE-14
1903,,04893-FUR-KK-CFS-PTRE-14,Kursi Kerja,CFS,SAVELLO,Kerja Hitam,0,105008,0,0,NULL,100001,80,LT,0,0,NULL,NULL,NULL,130090,2024-02-16 17:30:38.000,1,130090,2024-03-01 15:58:52.000,2018-03-15,NULL,NULL,NULL,0,1,01903-FUR-KK-CFS-PTRE-14
1904,,04894-FUR-KK-CFS-PTRE-14,Kursi Kerja,CFS,SAVELLO,Kerja Hitam,0,105008,0,0,NULL,100001,80,LT,0,0,NULL,NULL,NULL,130090,2024-02-16 17:30:29.000,1,130090,2024-03-01 15:59:00.000,2018-03-15,NULL,NULL,NULL,0,1,01904-FUR-KK-CFS-PTRE-14
1905,,04895-FUR-KK-CFS-PTRE-14,Kursi Kerja,CFS,SAVELLO,Kerja Hitam,0,105008,0,0,NULL,100001,80,LT,0,0,NULL,NULL,NULL,130090,2024-02-16 17:30:20.000,1,130090,2024-03-01 15:59:07.000,2018-03-15,NULL,NULL,NULL,0,1,01905-FUR-KK-CFS-PTRE-14
1906,,04897-FUR-KK-CFS-PTRE-14,Kursi Kerja,CFS,SAVELLO,Kerja Hitam,0,105008,0,0,NULL,100001,80,LT,0,0,NULL,NULL,NULL,130090,2024-02-16 17:30:10.000,1,130090,2024-03-01 15:59:16.000,2018-03-15,NULL,NULL,NULL,0,1,01906-FUR-KK-CFS-PTRE-14
1908,,01908-FUR-KK-CFS-PTRE-14,Kursi Kerja,CFS,SAVELLO,Kerja Hitam,0,105008,0,0,NULL,100001,80,LT,0,0,NULL,NULL,NULL,130090,2024-02-16 17:29:52.000,0,NULL,NULL,2018-03-15,NULL,NULL,NULL,0,1,
1909,,01909-FUR-KK-CFS-PTRE-14,Kursi Kerja,CFS,SAVELLO,Kerja Hitam,0,105008,0,0,NULL,100001,80,LT,0,0,NULL,NULL,NULL,130090,2024-02-16 17:29:41.000,0,NULL,NULL,2018-03-15,NULL,NULL,NULL,0,1,
1910,,01910-FUR-KK-CFS-PTRE-14,Kursi Kerja,CFS,SAVELLO,Kerja Hitam,0,105008,0,0,NULL,100001,80,LT,0,0,NULL,NULL,NULL,130090,2024-02-28 10:47:06.000,0,NULL,NULL,2018-03-15,NULL,NULL,NULL,1,1,
1911,,01911-FUR-KK-CFS-PTRE-14,Kursi Kerja,CFS,SAVELLO,Kerja Hitam,0,105008,0,0,NULL,100001,80,LT,0,0,NULL,NULL,NULL,130090,2024-02-16 17:29:25.000,0,NULL,NULL,2018-03-15,NULL,NULL,NULL,0,1,
1912,,01912-FUR-KK-CFS-PTRE-14,Kursi Kerja,CFS,SAVELLO,Kerja Hitam,0,105008,0,0,NULL,100001,80,LT,0,0,NULL,NULL,NULL,130090,2024-02-16 17:29:07.000,0,NULL,NULL,2018-03-15,NULL,NULL,NULL,0,1,
1913,,04898-FUR-KK-CFS-PTRE-14,Kursi Kerja,CFS,SAVELLO,Kerja Hitam,0,105008,0,0,NULL,100001,80,LT,0,0,NULL,NULL,NULL,130090,2024-02-16 17:28:53.000,0,NULL,NULL,2018-03-15,NULL,NULL,NULL,0,1,01913-FUR-KK-CFS-PTRE-14
1914,,04899-FUR-KK-CFS-PTRE-14,Kursi Kerja,CFS,SAVELLO,Kerja Hitam,0,105008,0,0,NULL,100001,80,LT,0,0,NULL,NULL,NULL,130090,2024-02-28 10:46:54.000,0,NULL,NULL,2018-03-15,NULL,NULL,NULL,1,1,01914-FUR-KK-CFS-PTRE-14
1915,,04900-FUR-KK-CFS-PTRE-14,Kursi Kerja,CFS,SAVELLO,Kerja Hitam,0,105008,0,0,NULL,100001,80,LT,0,0,NULL,NULL,NULL,130090,2024-02-16 17:28:43.000,0,NULL,NULL,2018-03-15,NULL,NULL,NULL,0,1,01915-FUR-KK-CFS-PTRE-14
1916,,01916-FUR-KK-CFS-PTRE-14,Kursi Kerja Jaring,CFS,UNO,Kerja Hitam,0,105014,0,0,NULL,100001,80,LT,0,0,NULL,NULL,NULL,130090,2024-03-01 15:15:04.000,0,NULL,NULL,2018-03-15,1709280904WhatsApp_Image_2024-02-28_at_14_18_19.jpeg,1709280904WhatsApp_Image_2024-02-28_at_14_18_19_thumb.jpeg,/assets/uploads/assetsre/ap/,0,0,
1920,,01920-FUR-KK-CFS-PTRE-14,Kursi Kerja,CFS,SAVELLO,WARNA HITAM,0,104011,0,0,NULL,100001,80,LT,0,0,NULL,NULL,NULL,130090,2024-03-12 16:36:31.000,0,NULL,NULL,2018-03-15,1710236191WhatsApp_Image_2024-03-09_at_11_12_11.jpeg,1710236191WhatsApp_Image_2024-03-09_at_11_12_11_thumb.jpeg,/assets/uploads/assetsre/ap/,0,0,
1970,,01970-FUR-KK-CFS-PTRE-12,Kursi Kerja,CFS,MODERA,Chairman,0,105009,0,0,NULL,100001,80,LT,0,0,NULL,NULL,NULL,130090,2024-02-16 16:50:19.000,0,NULL,NULL,2018-03-15,NULL,NULL,NULL,0,1,
1971,,01971-FUR-KK-CFS-PTRE-14,Kursi Kerja,CFS,MODERA,Savello,0,105009,0,0,NULL,100001,80,LT,0,0,NULL,NULL,NULL,130090,2024-02-16 16:50:51.000,0,NULL,NULL,2018-03-15,NULL,NULL,NULL,0,1,
1972,,01972-FUR-KK-CFS-PTRE-14,Kursi Kerja,CFS,MODERA,Kerja Hitam,0,105009,0,0,NULL,100001,80,LT,0,0,NULL,NULL,NULL,130090,2024-02-16 16:50:38.000,0,NULL,NULL,2018-03-15,NULL,NULL,NULL,0,1,
1973,,01973-FUR-KK-CFS-PTRE-14,Kursi Kerja,CFS,MODERA,Kerja Hitam,0,105009,0,0,NULL,100001,80,LT,0,0,NULL,NULL,NULL,130090,2024-02-16 16:50:05.000,0,NULL,NULL,2018-03-15,NULL,NULL,NULL,0,1,
1975,,01975-FUR-KK-CFS-PTRE-14,Kursi Kerja,CFS,MODERA,Kerja Hitam,0,105009,0,0,NULL,100001,80,LT,0,0,NULL,NULL,NULL,130090,2024-02-16 16:49:46.000,0,NULL,NULL,2018-03-15,NULL,NULL,NULL,0,1,
1976,,01976-FUR-KK-CFS-PTRE-14,Kursi Coklat,CFS,SAVELLO,,0,102016,0,0,23-1131109,100001,80,LT,0,0,NULL,NULL,NULL,255578,2026-05-29 15:28:12.000,0,NULL,NULL,2018-03-15,NULL,NULL,NULL,0,0,
1977,,01977-FUR-KK-CFS-PTRE-14,Kursi Kerja,CFS,MODERA,Kerja Hitam,0,105009,0,0,NULL,100001,80,LT,0,0,NULL,NULL,NULL,130090,2024-02-16 16:47:55.000,0,NULL,NULL,2018-03-15,NULL,NULL,NULL,0,1,
1998,,01998-FUR-KK-CFS-PTRE-14,Kursi Kerja,CFS,SAVELLO,Savello,0,101006,0,0,NULL,100001,9,LT,0,0,NULL,NULL,NULL,140133,2024-07-25 13:54:24.000,0,NULL,NULL,2018-03-15,NULL,NULL,NULL,0,1,
1999,,01999-FUR-KK-CFS-PTRE-14,Kursi Kerja,CFS,SAVELLO,Savello,0,101006,0,0,NULL,100001,9,LT,0,0,NULL,NULL,NULL,140133,2024-07-25 13:54:40.000,0,NULL,NULL,2018-03-15,NULL,NULL,NULL,0,1,
2000,,02000-FUR-KK-CFS-PTRE-14,Kursi Kerja,CFS,SAVELLO,Savello,0,101006,0,0,NULL,100001,9,LT,0,0,NULL,NULL,NULL,140133,2024-07-25 13:54:49.000,0,NULL,NULL,2018-03-15,NULL,NULL,NULL,0,1,
2001,,02001-FUR-KK-CFS-PTRE-14,Kursi Kerja,CFS,SAVELLO,Savello,0,101006,0,0,NULL,100001,9,LT,0,0,NULL,NULL,NULL,140133,2024-07-25 13:54:57.000,0,NULL,NULL,2018-03-15,NULL,NULL,NULL,0,1,
2002,,02002-FUR-KK-CFS-PTRE-14,Kursi Kerja,CFS,SAVELLO,Savello,0,101006,0,0,NULL,100001,9,LT,0,0,NULL,NULL,NULL,140133,2024-07-25 13:55:08.000,0,NULL,NULL,2018-03-15,NULL,NULL,NULL,0,1,
2003,,02003-FUR-KK-CFS-PTRE-14,Kursi Kerja,CFS,SAVELLO,Savello,0,101006,0,0,NULL,100001,9,LT,0,0,NULL,NULL,NULL,140133,2024-07-25 13:55:20.000,0,NULL,NULL,2018-03-15,NULL,NULL,NULL,0,1,
2004,,02004-FUR-KK-CFS-PTRE-14,Kursi Kerja,CFS,SAVELLO,Savello,0,101006,0,0,NULL,100001,9,LT,0,0,NULL,NULL,NULL,140133,2024-07-25 13:55:37.000,0,NULL,NULL,2018-03-15,NULL,NULL,NULL,0,1,
2005,,02005-FUR-KK-CFS-PTRE-14,Kursi Kerja,CFS,SAVELLO,Savello,0,101006,0,0,NULL,100001,9,LT,0,0,NULL,NULL,NULL,140133,2024-07-25 13:55:53.000,0,NULL,NULL,2018-03-15,NULL,NULL,NULL,0,1,
2006,,02006-FUR-KK-CFS-PTRE-14,Kursi Kerja,CFS,SAVELLO,Savello,0,101006,0,0,NULL,100001,9,LT,0,0,NULL,NULL,NULL,140133,2024-07-25 13:56:12.000,0,NULL,NULL,2018-03-15,NULL,NULL,NULL,0,1,
2007,,02007-FUR-KK-CFS-PTRE-14,Kursi Kerja,CFS,SAVELLO,Lipat,0,101006,0,0,NULL,100001,9,LT,0,0,NULL,NULL,NULL,140133,2024-07-25 13:56:24.000,0,NULL,NULL,2018-03-15,NULL,NULL,NULL,0,1,
2008,,02008-FUR-KK-CFS-PTRE-14,Kursi Kerja,CFS,SAVELLO,Lipat,0,101006,0,0,NULL,100001,9,LT,0,0,NULL,NULL,NULL,140133,2024-07-25 13:56:32.000,0,NULL,NULL,2018-03-15,NULL,NULL,NULL,0,1,
2023,,02023-FUR-KK-CFS-PTRE-14,Kursi Kerja Jaring,CFS,SAVELLO,Savello,0,101034,0,0,23-1131109,100001,9,LT,0,0,NULL,NULL,NULL,255578,2026-04-22 07:34:50.000,0,NULL,NULL,2018-03-15,1726196108Kursi_Savello_Jaring.jpeg,1726196108Kursi_Savello_Jaring_thumb.jpeg,/assets/uploads/assetsre/ap/,0,0,
2024,,02024-FUR-KK-CFS-PTRE-14,Kursi Kerja Jaring,CFS,SAVELLO,Savello,0,101034,0,0,23-1131109,100001,9,LT,0,0,NULL,NULL,NULL,255578,2026-04-22 07:35:19.000,0,NULL,NULL,2018-03-15,1726196104Kursi_Savello_Jaring.jpeg,1726196104Kursi_Savello_Jaring_thumb.jpeg,/assets/uploads/assetsre/ap/,0,0,
2025,,02025-FUR-KK-CFS-PTRE-14,Kursi Kerja,CFS,SAVELLO,Savello,0,111004,0,0,23-1131109,100001,9,LT,1,0,NULL,NULL,NULL,255578,2026-02-06 10:58:56.000,0,NULL,NULL,2018-03-15,1726195985Kursi_Savello_Jaring.jpeg,1726195985Kursi_Savello_Jaring_thumb.jpeg,/assets/uploads/assetsre/ap/,0,1,
2026,,02026-FUR-KK-CFS-PTRE-14,Kursi Kerja,CFS,SAVELLO,Savello,0,111004,0,0,23-1131109,100001,9,LT,1,0,NULL,NULL,NULL,255578,2026-02-06 11:00:01.000,0,NULL,NULL,2018-03-15,1726195979Kursi_Savello_Jaring.jpeg,1726195979Kursi_Savello_Jaring_thumb.jpeg,/assets/uploads/assetsre/ap/,0,1,
2027,,02027-FUR-KK-CFS-PTRE-14,Kursi Kerja,CFS,SAVELLO,Savello,0,111004,0,0,23-1131109,100001,9,LT,1,0,NULL,NULL,NULL,255578,2026-02-06 11:00:39.000,0,NULL,NULL,2018-03-15,1726195975Kursi_Savello_Jaring.jpeg,1726195975Kursi_Savello_Jaring_thumb.jpeg,/assets/uploads/assetsre/ap/,0,1,
2028,,02028-FUR-KK-CFS-PTRE-14,Kursi Kerja,CFS,SAVELLO,Savello,0,111004,0,0,23-1131109,100001,9,LT,1,0,NULL,NULL,NULL,255578,2026-02-06 10:59:10.000,0,NULL,NULL,2018-03-15,1726195971Kursi_Savello_Jaring.jpeg,1726195971Kursi_Savello_Jaring_thumb.jpeg,/assets/uploads/assetsre/ap/,0,1,
2029,,02029-FUR-KK-CFS-PTRE-14,Kursi Kerja,CFS,SAVELLO,Savello,0,111004,0,0,23-1131109,100001,9,LT,1,0,NULL,NULL,NULL,255578,2026-02-06 10:59:48.000,0,NULL,NULL,2018-03-15,1726195964Kursi_Savello_Jaring.jpeg,1726195964Kursi_Savello_Jaring_thumb.jpeg,/assets/uploads/assetsre/ap/,0,1,
2030,,02030-FUR-KK-CFS-PTRE-14,Kursi Kerja,CFS,SAVELLO,Savello,0,111004,0,0,23-1131109,100001,9,LT,1,0,NULL,NULL,NULL,255578,2026-02-06 10:59:17.000,0,NULL,NULL,2018-03-15,1726195650Kursi_Savello_Jaring.jpeg,1726195650Kursi_Savello_Jaring_thumb.jpeg,/assets/uploads/assetsre/ap/,0,1,
2031,,02031-FUR-KK-CFS-PTRE-14,Kursi Kerja,CFS,SAVELLO,Savello,0,111004,0,0,23-1131109,100001,9,LT,1,0,NULL,NULL,NULL,255578,2026-02-06 10:59:23.000,0,NULL,NULL,2018-03-15,1726195622Kursi_Savello_Jaring.jpeg,1726195622Kursi_Savello_Jaring_thumb.jpeg,/assets/uploads/assetsre/ap/,0,1,
2032,,02032-FUR-KK-CFS-PTRE-14,Kursi Kerja,CFS,SAVELLO,Savello,0,111004,0,0,23-1131109,100001,9,LT,1,0,NULL,NULL,NULL,255578,2026-02-06 10:59:29.000,0,NULL,NULL,2018-03-15,1726195615Kursi_Savello_Jaring.jpeg,1726195615Kursi_Savello_Jaring_thumb.jpeg,/assets/uploads/assetsre/ap/,0,1,
2033,,02033-FUR-KK-CFS-PTRE-14,Kursi Kerja,CFS,SAVELLO,Savello,0,111004,0,0,23-1131109,100001,9,LT,1,0,NULL,NULL,NULL,255578,2026-02-06 10:59:35.000,0,NULL,NULL,2018-03-15,1726195608Kursi_Savello_Jaring.jpeg,1726195608Kursi_Savello_Jaring_thumb.jpeg,/assets/uploads/assetsre/ap/,0,1,
2034,,02034-FUR-KK-CFS-PTRE-14,Kursi Kerja,CFS,SAVELLO,Savello,0,111004,0,0,23-1131109,100001,9,LT,1,0,NULL,NULL,NULL,255578,2026-02-06 10:59:55.000,0,NULL,NULL,2018-03-15,1726195595Kursi_Savello_Jaring.jpeg,1726195595Kursi_Savello_Jaring_thumb.jpeg,/assets/uploads/assetsre/ap/,0,1,
2035,,02035-FUR-KK-CFS-PTRE-14,Kursi Kerja,CFS,SAVELLO,Savello,0,111004,0,0,23-1131109,100001,9,LT,1,0,NULL,NULL,NULL,255578,2026-02-06 11:00:31.000,0,NULL,NULL,2018-03-15,1726195590Kursi_Savello_Jaring.jpeg,1726195590Kursi_Savello_Jaring_thumb.jpeg,/assets/uploads/assetsre/ap/,0,1,
2036,,02036-FUR-KK-CFS-PTRE-14,Kursi Kerja,CFS,SAVELLO,Savello,0,111004,0,0,23-1131109,100001,9,LT,1,0,NULL,NULL,NULL,255578,2026-02-06 11:00:09.000,0,NULL,NULL,2018-03-15,1726195583Kursi_Savello_Jaring.jpeg,1726195583Kursi_Savello_Jaring_thumb.jpeg,/assets/uploads/assetsre/ap/,0,1,
2037,,02037-FUR-KK-CFS-PTRE-14,Kursi Kerja,CFS,SAVELLO,Savello,0,111004,0,0,23-1131109,100001,9,LT,1,0,NULL,NULL,NULL,255578,2026-02-06 11:00:17.000,0,NULL,NULL,2018-03-15,1726195471Kursi_Savello_Jaring.jpeg,1726195471Kursi_Savello_Jaring_thumb.jpeg,/assets/uploads/assetsre/ap/,0,1,
2038,,02038-FUR-KK-CFS-PTRE-14,Kursi Coklat,CFS,SAVELLO,Savello,0,111006,0,0,23-1131109,100001,9,LT,0,0,NULL,NULL,NULL,255578,2026-02-06 10:58:07.000,0,NULL,NULL,2018-03-15,1726195475Kursi_Savello_Jaring.jpeg,1726195475Kursi_Savello_Jaring_thumb.jpeg,/assets/uploads/assetsre/ap/,0,0,
2039,,02039-FUR-KK-CFS-PTRE-14,Kursi Coklat,CFS,SAVELLO,Savello,0,111006,0,0,23-1131109,100001,9,LT,0,0,NULL,NULL,NULL,255578,2026-02-06 10:57:48.000,0,NULL,NULL,2018-03-15,1726195467Kursi_Savello_Jaring.jpeg,1726195467Kursi_Savello_Jaring_thumb.jpeg,/assets/uploads/assetsre/ap/,0,0,
2040,,02040-FUR-KK-CFS-PTRE-14,Kursi Coklat,CFS,SAVELLO,Savello,0,111006,0,0,23-1131109,100001,9,LT,0,0,NULL,NULL,NULL,255578,2026-02-06 10:57:32.000,0,NULL,NULL,2018-03-15,1726195459Kursi_Savello_Jaring.jpeg,1726195459Kursi_Savello_Jaring_thumb.jpeg,/assets/uploads/assetsre/ap/,0,0,
2041,,02041-FUR-KK-CFS-PTRE-14,Kursi Coklat,CFS,SAVELLO,Savello,0,111004,0,0,23-1131109,100001,9,LT,0,0,NULL,NULL,NULL,255578,2026-02-06 10:56:29.000,0,NULL,NULL,2018-03-15,1726195331Kursi_Savello_Jaring.jpeg,1726195331Kursi_Savello_Jaring_thumb.jpeg,/assets/uploads/assetsre/ap/,0,0,
2042,,02042-FUR-KK-CFS-PTRE-14,Kursi Coklat,CFS,SAVELLO,Savello,0,111004,0,0,23-1131109,100001,9,LT,0,0,NULL,NULL,NULL,255578,2026-02-06 10:56:21.000,0,NULL,NULL,2018-03-15,1726195324Kursi_Savello_Jaring.jpeg,1726195324Kursi_Savello_Jaring_thumb.jpeg,/assets/uploads/assetsre/ap/,0,0,
2043,,02043-FUR-KK-CFS-PTRE-14,Kursi Coklat,CFS,SAVELLO,Savello,0,111004,0,0,23-1131109,100001,9,LT,0,0,NULL,NULL,NULL,255578,2026-02-06 10:56:09.000,0,NULL,NULL,2018-03-15,1726195125Kursi_Savello_Jaring.jpeg,1726195125Kursi_Savello_Jaring_thumb.jpeg,/assets/uploads/assetsre/ap/,0,0,
2044,,02044-FUR-KK-CFS-PTRE-14,Kursi Coklat,CFS,SAVELLO,Savello,0,111004,0,0,23-1131109,100001,9,LT,0,0,NULL,NULL,NULL,255578,2026-02-06 10:56:00.000,0,NULL,NULL,2018-03-15,1726195116Kursi_Savello_Jaring.jpeg,1726195116Kursi_Savello_Jaring_thumb.jpeg,/assets/uploads/assetsre/ap/,0,0,
2045,,02045-FUR-KK-CFS-PTRE-14,Kursi Coklat,CFS,SAVELLO,Savello,0,111004,0,0,23-1131109,100001,9,LT,0,0,NULL,NULL,NULL,255578,2026-02-06 10:55:46.000,0,NULL,NULL,2018-03-15,1726195003Kursi_Savello_Jaring.jpeg,1726195003Kursi_Savello_Jaring_thumb.jpeg,/assets/uploads/assetsre/ap/,0,0,
2046,,02046-FUR-KK-CFS-PTRE-14,Kursi Coklat,CFS,SAVELLO,Savello,0,111004,0,0,23-1131109,100001,9,LT,0,0,NULL,NULL,NULL,255578,2026-02-06 10:55:52.000,0,NULL,NULL,2018-03-15,1726194996Kursi_Savello_Jaring.jpeg,1726194996Kursi_Savello_Jaring_thumb.jpeg,/assets/uploads/assetsre/ap/,0,0,
2047,,02047-FUR-KK-CFS-PTRE-14,Kursi Coklat,CFS,SAVELLO,Savello,0,111004,0,0,23-1131109,100001,9,LT,0,0,NULL,NULL,NULL,255578,2026-02-06 10:55:40.000,0,NULL,NULL,2018-03-15,1726194989Kursi_Savello_Jaring.jpeg,1726194989Kursi_Savello_Jaring_thumb.jpeg,/assets/uploads/assetsre/ap/,0,0,
2048,,02048-FUR-KK-CFS-PTRE-14,Kursi Coklat,CFS,SAVELLO,Savello,0,101046,0,0,23-1131109,100001,9,LT,0,0,NULL,NULL,NULL,255578,2026-06-07 18:07:54.000,0,NULL,NULL,2018-03-15,1726194981Kursi_Savello_Jaring.jpeg,1726194981Kursi_Savello_Jaring_thumb.jpeg,/assets/uploads/assetsre/ap/,0,0,
2049,,02049-FUR-KK-CFS-PTRE-14,Kursi Coklat,CFS,SAVELLO,Savello,0,111004,0,0,23-1131109,100001,9,LT,0,0,NULL,NULL,NULL,255578,2026-02-06 10:55:23.000,0,NULL,NULL,2018-03-15,1726194974Kursi_Savello_Jaring.jpeg,1726194974Kursi_Savello_Jaring_thumb.jpeg,/assets/uploads/assetsre/ap/,0,0,
2050,,02050-FUR-KK-CFS-PTRE-14,Kursi Coklat,CFS,SAVELLO,Savello,0,111004,0,0,23-1131109,100001,9,LT,0,0,NULL,NULL,NULL,255578,2026-02-06 10:55:16.000,0,NULL,NULL,2018-03-15,1726194968Kursi_Savello_Jaring.jpeg,1726194968Kursi_Savello_Jaring_thumb.jpeg,/assets/uploads/assetsre/ap/,0,0,
2075,NULL,02075-FUR-KK-CFS-PTRE-12,Kursi Kerja,CFS,AGRAM,Sofa,0,112002,0,0,NULL,100001,NULL,LT,0,0,NULL,NULL,NULL,130090,2018-03-15 16:23:06.777,0,NULL,NULL,2018-03-15,NULL,NULL,NULL,0,0,
2076,NULL,02076-FUR-KK-CFS-PTRE-12,Kursi Kerja,CFS,AGRAM,Sofa,0,112002,0,0,NULL,100001,NULL,LT,0,0,NULL,NULL,NULL,130090,2018-03-15 16:23:06.777,0,NULL,NULL,2018-03-15,NULL,NULL,NULL,0,0,
2077,NULL,02077-FUR-KK-CFS-PTRE-12,Kursi Kerja,CFS,AGRAM,Sofa,0,112002,0,0,NULL,100001,NULL,LT,0,0,NULL,NULL,NULL,130090,2018-03-15 16:23:06.777,0,NULL,NULL,2018-03-15,NULL,NULL,NULL,0,0,
2078,NULL,02078-FUR-KK-CFS-PTRE-12,Kursi Kerja,CFS,AGRAM,Sofa,0,112002,0,0,NULL,100001,NULL,LT,0,0,NULL,NULL,NULL,130090,2018-03-15 16:23:06.777,0,NULL,NULL,2018-03-15,NULL,NULL,NULL,0,0,
2096,,02096-FUR-KK-CFS-PTRE-12,Kursi Kerja,CFS,CHAIRMAN,Chairman,0,112006,0,0,NULL,100001,9,LT,0,0,NULL,NULL,NULL,140133,2024-09-13 14:08:02.000,0,NULL,NULL,2018-03-15,1726211282Kursi_Pantry.jpeg,1726211282Kursi_Pantry_thumb.jpeg,/assets/uploads/assetsre/ap/,0,0,
2138,,02138-FUR-KK-CFS-PTRE-14,Kursi Kerja,CFS,SAVELLO,Savello,0,112009,0,0,NULL,100001,80,LT,0,0,NULL,NULL,NULL,130090,2024-02-28 11:32:45.000,0,NULL,NULL,2018-03-15,NULL,NULL,NULL,1,1,
2139,,02139-FUR-KK-CFS-PTRE-14,Kursi Kerja,CFS,SAVELLO,Savello,0,112009,0,0,NULL,100001,80,LT,0,0,NULL,NULL,NULL,130090,2024-02-28 11:32:35.000,0,NULL,NULL,2018-03-15,NULL,NULL,NULL,1,1,
2140,,02140-FUR-KK-CFS-PTRE-14,Kursi Kerja,CFS,SAVELLO,Jaring Hitam,0,112009,0,0,NULL,100001,80,LT,0,0,NULL,NULL,NULL,130090,2024-02-28 11:32:12.000,0,NULL,NULL,2018-03-15,NULL,NULL,NULL,1,1,
2141,,02141-FUR-KK-CFS-PTRE-14,Kursi Kerja,CFS,SAVELLO,Jaring Hitam,0,112009,0,0,NULL,100001,80,LT,0,0,NULL,NULL,NULL,130090,2024-02-28 11:32:01.000,0,NULL,NULL,2018-03-15,NULL,NULL,NULL,1,1,
2142,,02142-FUR-KK-CFS-PTRE-14,Kursi Kerja,CFS,SAVELLO,Jaring Hitam,0,112009,0,0,NULL,100001,80,LT,0,0,NULL,NULL,NULL,130090,2024-02-28 11:31:52.000,0,NULL,NULL,2018-03-15,NULL,NULL,NULL,1,1,
2143,,02143-FUR-KK-CFS-PTRE-14,Kursi Kerja,CFS,SAVELLO,Jaring Hitam,0,112009,0,0,NULL,100001,80,LT,0,0,NULL,NULL,NULL,130090,2024-02-28 11:31:43.000,0,NULL,NULL,2018-03-15,NULL,NULL,NULL,1,1,
2144,,02144-FUR-KK-CFS-PTRE-14,Kursi Kerja,CFS,SAVELLO,Jaring Hitam,0,112009,0,0,NULL,100001,80,LT,0,0,NULL,NULL,NULL,130090,2024-02-28 11:31:34.000,0,NULL,NULL,2018-03-15,NULL,NULL,NULL,1,1,
2145,,02145-FUR-KK-CFS-PTRE-14,Kursi Kerja,CFS,SAVELLO,Jaring Hitam,0,112009,0,0,NULL,100001,80,LT,0,0,NULL,NULL,NULL,130090,2024-02-28 11:31:25.000,0,NULL,NULL,2018-03-15,NULL,NULL,NULL,1,1,
2146,,02146-FUR-KK-CFS-PTRE-14,Kursi Coklat,CFS,SAVELLO,kursi besi,0,105007,0,0,NULL,100001,80,LT,0,0,NULL,NULL,NULL,255578,2026-06-07 17:51:15.000,0,NULL,NULL,2018-03-15,1776824512tempat_sampah_rokok.jpeg,1776824512tempat_sampah_rokok_thumb.jpeg,/assets/uploads/assetsre/ap/,1,0,
2147,,02147-FUR-KK-CFS-PTRE-14,Kursi Coklat,CFS,SAVELLO,kursi besi,0,101044,0,0,NULL,100001,80,LT,0,0,NULL,NULL,NULL,255578,2026-04-22 09:21:23.000,0,NULL,NULL,2018-03-15,1776824483tempat_sampah_rokok.jpeg,1776824483tempat_sampah_rokok_thumb.jpeg,/assets/uploads/assetsre/ap/,1,0,
2148,,02148-FUR-KK-CFS-PTRE-14,Kursi Coklat,CFS,SAVELLO,KURSI BESI,0,101044,0,0,NULL,100001,80,LT,0,0,NULL,NULL,NULL,255578,2026-04-22 09:20:32.000,0,NULL,NULL,2018-03-15,1776824432tempat_sampah_rokok.jpeg,1776824432tempat_sampah_rokok_thumb.jpeg,/assets/uploads/assetsre/ap/,1,0,
2149,,02149-FUR-KK-CFS-PTRE-14,Kursi Kerja,CFS,SAVELLO,Jaring Hitam,0,112009,0,0,NULL,100001,80,LT,0,0,NULL,NULL,NULL,130090,2024-02-28 11:30:48.000,0,NULL,NULL,2018-03-15,NULL,NULL,NULL,1,1,
2150,,02150-FUR-KK-CFS-PTRE-14,Kursi Coklat,CFS,SAVELLO,Kursi Besi,0,105007,0,0,NULL,100001,80,LT,0,0,NULL,NULL,NULL,255578,2026-06-07 17:47:30.000,0,NULL,NULL,2018-03-15,1776824457tempat_sampah_rokok.jpeg,1776824457tempat_sampah_rokok_thumb.jpeg,/assets/uploads/assetsre/ap/,1,0,
2151,,02151-FUR-KK-CFS-PTRE-14,Kursi Kerja,CFS,SAVELLO,Memo no : 020/MEM/IFS-PTRE/V/2022,0,112009,0,0,NULL,100001,80,LT,4,0,NULL,NULL,NULL,130090,2024-06-06 08:47:16.000,0,NULL,NULL,2018-03-15,NULL,NULL,NULL,1,1,
2152,,02152-FUR-KK-CFS-PTRE-14,Kursi Kerja,CFS,SAVELLO,Memo no : 020/MEM/IFS-PTRE/V/2022,0,112009,0,0,NULL,100001,80,LT,4,0,NULL,NULL,NULL,130090,2024-06-06 08:46:52.000,0,NULL,NULL,2018-03-15,NULL,NULL,NULL,1,1,
2153,,02153-FUR-KK-CFS-PTRE-14,Kursi Kerja,CFS,SAVELLO,Memo no : 020/MEM/IFS-PTRE/V/2022,0,112009,0,0,NULL,100001,80,LT,4,0,NULL,NULL,NULL,130090,2024-06-06 08:46:31.000,0,NULL,NULL,2018-03-15,NULL,NULL,NULL,1,1,
2154,,02154-FUR-KK-CFS-PTRE-14,Kursi Kerja,CFS,SAVELLO,Memo no : 020/MEM/IFS-PTRE/V/2022,0,112009,0,0,NULL,100001,80,LT,4,0,NULL,NULL,NULL,130090,2024-06-06 08:46:09.000,0,NULL,NULL,2018-03-15,NULL,NULL,NULL,1,1,
2155,,02155-FUR-KK-CFS-PTRE-14,Kursi Kerja,CFS,SAVELLO,Memo no : 020/MEM/IFS-PTRE/V/2022,0,112009,0,0,NULL,100001,80,LT,4,0,NULL,NULL,NULL,130090,2024-06-06 08:45:46.000,0,NULL,NULL,2018-03-15,NULL,NULL,NULL,1,1,
2156,,02156-FUR-KK-CFS-PTRE-14,Kursi Kerja,CFS,SAVELLO,Memo no : 020/MEM/IFS-PTRE/V/2022,0,112009,0,0,NULL,100001,80,LT,4,0,NULL,NULL,NULL,130090,2024-06-06 08:45:22.000,0,NULL,NULL,2018-03-15,NULL,NULL,NULL,1,1,
2157,,02157-FUR-KK-CFS-PTRE-14,Kursi Kerja,CFS,SAVELLO,Memo no : 020/MEM/IFS-PTRE/V/2022,0,112009,0,0,NULL,100001,80,LT,4,0,NULL,NULL,NULL,130090,2024-06-06 08:44:59.000,0,NULL,NULL,2018-03-15,NULL,NULL,NULL,1,1,
2158,,02158-FUR-KK-CFS-PTRE-14,Kursi Kerja,CFS,SAVELLO,Memo no : 020/MEM/IFS-PTRE/V/2022,0,112009,0,0,NULL,100001,80,LT,4,0,NULL,NULL,NULL,130090,2024-06-06 08:44:37.000,0,NULL,NULL,2018-03-15,NULL,NULL,NULL,1,1,
2159,,02159-FUR-KK-CFS-PTRE-14,Kursi Kerja,CFS,SAVELLO,Memo no : 020/MEM/IFS-PTRE/V/2022,0,112009,0,0,NULL,100001,80,LT,4,0,NULL,NULL,NULL,130090,2024-06-06 08:44:17.000,0,NULL,NULL,2018-03-15,NULL,NULL,NULL,1,1,
2160,,02160-FUR-KK-CFS-PTRE-14,Kursi Kerja,CFS,SAVELLO,Memo no : 020/MEM/IFS-PTRE/V/2022,0,112009,0,0,NULL,100001,80,LT,4,0,NULL,NULL,NULL,130090,2024-06-06 08:43:54.000,0,NULL,NULL,2018-03-15,1601607051Kursi_Kerja_Hitam.jpg,1601607051Kursi_Kerja_Hitam_thumb.jpg,/assets/uploads/assetsre/ap/,1,1,
2161,,02161-FUR-KK-CFS-PTRE-14,Kursi Kerja,CFS,SAVELLO,Memo no : 020/MEM/IFS-PTRE/V/2022,0,112009,0,0,NULL,100001,80,LT,4,0,NULL,NULL,NULL,130090,2024-06-06 08:43:32.000,0,NULL,NULL,2018-03-15,NULL,NULL,NULL,1,1,
2162,,02162-FUR-KK-CFS-PTRE-14,Kursi Kerja,CFS,SAVELLO,Memo no : 020/MEM/IFS-PTRE/V/2022,0,112009,0,0,NULL,100001,80,LT,4,0,NULL,NULL,NULL,130090,2024-06-06 08:42:46.000,0,NULL,NULL,2018-03-15,NULL,NULL,NULL,1,1,
2163,,02163-FUR-KK-CFS-PTRE-14,Kursi Kerja,CFS,SAVELLO,Memo no : 020/MEM/IFS-PTRE/V/2022,0,112009,0,0,NULL,100001,80,LT,4,0,NULL,NULL,NULL,130090,2024-06-06 08:42:26.000,0,NULL,NULL,2018-03-15,NULL,NULL,NULL,1,1,
2164,,02164-FUR-KK-CFS-PTRE-14,Kursi Kerja,CFS,SAVELLO,Memo no : 020/MEM/IFS-PTRE/V/2022,0,112009,0,0,NULL,100001,80,LT,4,0,NULL,NULL,NULL,130090,2024-06-06 08:42:01.000,0,NULL,NULL,2018-03-15,NULL,NULL,NULL,1,1,
2165,,02165-FUR-KK-CFS-PTRE-14,Kursi Kerja,CFS,SAVELLO,Memo no : 020/MEM/IFS-PTRE/V/2022,0,112009,0,0,NULL,100001,80,LT,4,0,NULL,NULL,NULL,130090,2024-06-06 08:41:41.000,0,NULL,NULL,2018-03-15,NULL,NULL,NULL,1,1,
2166,,02166-FUR-KK-CFS-PTRE-14,Kursi Kerja,CFS,SAVELLO,Memo no : 020/MEM/IFS-PTRE/V/2022,0,112009,0,0,NULL,100001,80,LT,4,0,NULL,NULL,NULL,130090,2024-06-06 08:41:22.000,0,NULL,NULL,2018-03-15,NULL,NULL,NULL,1,1,
2167,,02167-FUR-KK-CFS-PTRE-14,Kursi Kerja,CFS,SAVELLO,Memo no : 020/MEM/IFS-PTRE/V/2022,0,112009,0,0,NULL,100001,80,LT,4,0,NULL,NULL,NULL,130090,2024-06-06 08:41:00.000,0,NULL,NULL,2018-03-15,NULL,NULL,NULL,1,1,
2168,,02168-FUR-KK-CFS-PTRE-14,Kursi Kerja,CFS,SAVELLO,Memo no : 020/MEM/IFS-PTRE/V/2022,0,112009,0,0,NULL,100001,80,LT,4,0,NULL,NULL,NULL,130090,2024-06-06 08:40:39.000,0,NULL,NULL,2018-03-15,NULL,NULL,NULL,1,1,
2169,,02169-FUR-KK-CFS-PTRE-14,Kursi Kerja,CFS,SAVELLO,Memo no : 020/MEM/IFS-PTRE/V/2022,0,112009,0,0,NULL,100001,80,LT,4,0,NULL,NULL,NULL,130090,2024-06-06 08:40:18.000,0,NULL,NULL,2018-03-15,NULL,NULL,NULL,1,1,
2170,,02170-FUR-KK-CFS-PTRE-14,Kursi Kerja,CFS,SAVELLO,Memo no : 020/MEM/IFS-PTRE/V/2022,0,112009,0,0,NULL,100001,80,LT,4,0,NULL,NULL,NULL,130090,2024-06-06 08:39:57.000,0,NULL,NULL,2018-03-15,NULL,NULL,NULL,1,1,
2171,,02171-FUR-KK-CFS-PTRE-14,Kursi Kerja,CFS,SAVELLO,Memo no : 020/MEM/IFS-PTRE/V/2022,0,112009,0,0,NULL,100001,80,LT,4,0,NULL,NULL,NULL,130090,2024-06-06 08:39:32.000,0,NULL,NULL,2018-03-15,NULL,NULL,NULL,1,1,
2172,,02172-FUR-KK-CFS-PTRE-14,Kursi Kerja,CFS,SAVELLO,Memo no : 020/MEM/IFS-PTRE/V/2022,0,112009,0,0,NULL,100001,80,LT,4,0,NULL,NULL,NULL,130090,2024-06-06 08:39:08.000,0,NULL,NULL,2018-03-15,NULL,NULL,NULL,1,1,
2173,,02173-FUR-KK-CFS-PTRE-14,Kursi Kerja,CFS,SAVELLO,Memo no : 020/MEM/IFS-PTRE/V/2022,0,112009,0,0,NULL,100001,80,LT,4,0,NULL,NULL,NULL,130090,2024-06-06 08:36:46.000,0,NULL,NULL,2018-03-15,NULL,NULL,NULL,1,1,
2250,,02250-FUR-KK-CFS-PTRE-14,Kursi Kerja,CFS,UNO,Memo no : 020/MEM/IFS-PTRE/V/2022,0,113002,0,0,NULL,100001,9,LT,4,0,NULL,NULL,NULL,130090,2024-06-06 08:36:23.000,0,NULL,NULL,2018-03-15,NULL,NULL,NULL,1,1,
2251,,02251-FUR-KK-CFS-PTRE-14,Kursi Kerja,CFS,UNO,Memo no : 020/MEM/IFS-PTRE/V/2022,0,113002,0,0,NULL,100001,9,LT,4,0,NULL,NULL,NULL,130090,2024-06-06 08:36:01.000,0,NULL,NULL,2018-03-15,NULL,NULL,NULL,1,1,
2252,,02252-FUR-KK-CFS-PTRE-14,Kursi Kerja,CFS,UNO,Memo no : 020/MEM/IFS-PTRE/V/2022,0,113002,0,0,NULL,100001,9,LT,4,0,NULL,NULL,NULL,130090,2024-06-06 08:35:34.000,0,NULL,NULL,2018-03-15,NULL,NULL,NULL,1,1,
2253,,02253-FUR-KK-CFS-PTRE-14,Kursi Tamu,CFS,UNO,Kursi Kaki Besi,0,102023,0,0,NULL,100001,9,LT,0,0,NULL,NULL,NULL,140133,2024-07-30 14:54:12.000,0,NULL,NULL,2018-03-15,1714632368DSC_0007.png,1714632368DSC_0007_thumb.png,/assets/uploads/assetsre/ap/,1,1,
2254,,02254-FUR-KK-CFS-PTRE-14,Kursi Coklat,CFS,SAVELLO,Kursi Kaki Besi,0,102023,0,0,23-1131109,100001,9,LT,0,0,NULL,NULL,NULL,140133,2025-02-12 10:34:39.000,0,NULL,NULL,2018-03-15,1714632331DSC_0007.png,1714632331DSC_0007_thumb.png,/assets/uploads/assetsre/ap/,1,0,
2255,,02255-FUR-KK-CFS-PTRE-14,Kursi Coklat,CFS,SAVELLO,Kursi Kaki Besi,0,102023,0,0,23-1131109,100001,9,LT,0,0,NULL,NULL,NULL,140133,2025-02-12 10:34:27.000,0,NULL,NULL,2018-03-15,1714632298DSC_0007.png,1714632298DSC_0007_thumb.png,/assets/uploads/assetsre/ap/,1,0,
2256,,02256-FUR-KK-CFS-PTRE-14,Kursi Coklat,CFS,SAVELLO,Kursi Kaki Besi,0,102023,0,0,23-1131109,100001,9,LT,0,0,NULL,NULL,NULL,140133,2025-02-12 10:34:07.000,0,NULL,NULL,2018-03-15,1714632257DSC_0007.png,1714632257DSC_0007_thumb.png,/assets/uploads/assetsre/ap/,1,0,
2257,,02257-FUR-KK-CFS-PTRE-14,Kursi Coklat,CFS,SAVELLO,Kursi Kaki Besi,0,102023,0,0,23-1131109,100001,9,LT,0,0,NULL,NULL,NULL,140133,2025-02-12 10:32:09.000,0,NULL,NULL,2018-03-15,1714632221DSC_0007.png,1714632221DSC_0007_thumb.png,/assets/uploads/assetsre/ap/,1,0,
2258,,02258-FUR-KK-CFS-PTRE-14,Kursi Kerja Jaring,CFS,UNO,Kursi Kaki Besi,0,102023,0,0,23-1131109,100001,9,LT,0,0,NULL,NULL,NULL,140133,2025-02-13 14:02:08.000,0,NULL,NULL,2018-03-15,1726211802kursi_kerja_uno1.jpeg,1726211802kursi_kerja_uno1_thumb.jpeg,/assets/uploads/assetsre/ap/,1,0,
2259,,02259-FUR-KK-CFS-PTRE-14,Kursi Coklat,CFS,SAVELLO,Kursi Kaki Besi,0,102023,0,0,23-1131109,100001,9,LT,0,0,NULL,NULL,NULL,140133,2025-02-12 10:23:14.000,0,NULL,NULL,2018-03-15,1714632148DSC_0007.png,1714632148DSC_0007_thumb.png,/assets/uploads/assetsre/ap/,1,0,
2260,,02260-FUR-KK-CFS-PTRE-14,Kursi Coklat,CFS,SAVELLO,Kursi Kaki Besi,0,102023,0,0,23-1131109,100001,9,LT,0,0,NULL,NULL,NULL,140133,2025-02-12 10:22:54.000,0,NULL,NULL,2018-03-15,1714632107DSC_0007.png,1714632107DSC_0007_thumb.png,/assets/uploads/assetsre/ap/,1,0,
2261,,02261-FUR-KK-CFS-PTRE-14,Kursi Coklat,CFS,SAVELLO,Coklat besi,0,102023,0,0,23-1131109,100001,9,LT,1,0,NULL,NULL,NULL,140133,2025-02-12 10:22:28.000,0,NULL,NULL,2018-03-15,1714632043DSC_0007.png,1714632043DSC_0007_thumb.png,/assets/uploads/assetsre/ap/,1,0,
2262,,02262-FUR-KK-CFS-PTRE-14,Kursi Coklat,CFS,SAVELLO,coklat besi,0,102023,0,0,23-1131109,100001,9,LT,0,0,NULL,NULL,NULL,140133,2025-02-13 14:01:58.000,0,NULL,NULL,2018-03-15,1714625840DSC_0007.png,1714625840DSC_0007_thumb.png,/assets/uploads/assetsre/ap/,1,0,
2263,,02263-FUR-KK-CFS-PTRE-14,Kursi Kerja Jaring,CFS,SAVELLO,Savello,0,102023,0,0,NULL,100001,9,LT,0,0,NULL,NULL,NULL,140133,2025-02-13 14:01:43.000,0,NULL,NULL,2018-03-15,1714620179DSC_0011.png,1714620179DSC_0011_thumb.png,/assets/uploads/assetsre/ap/,0,0,
2264,,02264-FUR-KK-CFS-PTRE-14,Kursi Kerja Jaring,CFS,SAVELLO,Savello,0,102023,0,0,NULL,100001,9,LT,0,0,NULL,NULL,NULL,140133,2024-09-13 09:26:16.000,0,NULL,NULL,2018-03-15,1726194376Kursi_Savello_Jaring.jpeg,1726194376Kursi_Savello_Jaring_thumb.jpeg,/assets/uploads/assetsre/ap/,0,0,
2273,,02273-FUR-KK-CFS-PTRE-14,Kursi Kerja,CFS,SAVELLO,Savello,0,113003,0,0,NULL,100001,80,LT,0,0,NULL,NULL,NULL,140133,2024-09-13 09:26:11.000,0,NULL,NULL,2018-03-15,1726194371Kursi_Savello_Jaring.jpeg,1726194371Kursi_Savello_Jaring_thumb.jpeg,/assets/uploads/assetsre/ap/,0,0,
2274,,02274-FUR-KK-CFS-PTRE-14,Kursi Kerja,CFS,SAVELLO,Savello,0,113003,0,0,NULL,100001,80,LT,0,0,NULL,NULL,NULL,140133,2024-09-13 09:26:05.000,0,NULL,NULL,2018-03-15,1726194365Kursi_Savello_Jaring.jpeg,1726194365Kursi_Savello_Jaring_thumb.jpeg,/assets/uploads/assetsre/ap/,0,0,
2275,,02275-FUR-KK-CFS-PTRE-14,Kursi Kerja,CFS,SAVELLO,Savello,0,113003,0,0,NULL,100001,80,LT,0,0,NULL,NULL,NULL,140133,2024-09-13 09:26:00.000,0,NULL,NULL,2018-03-15,1726194360Kursi_Savello_Jaring.jpeg,1726194360Kursi_Savello_Jaring_thumb.jpeg,/assets/uploads/assetsre/ap/,0,0,
2276,,02276-FUR-KK-CFS-PTRE-14,Kursi Kerja,CFS,SAVELLO,Savello,0,113003,0,0,NULL,100001,80,LT,0,0,NULL,NULL,NULL,140133,2024-09-13 09:25:55.000,0,NULL,NULL,2018-03-15,1726194355Kursi_Savello_Jaring.jpeg,1726194355Kursi_Savello_Jaring_thumb.jpeg,/assets/uploads/assetsre/ap/,0,0,
2317,NULL,02317-FUR-KK-CFS-PTRE-12,Kursi Kerja,CFS,CHAIRMAN,Chairman,0,113004,0,0,NULL,100001,NULL,LT,0,0,NULL,NULL,NULL,130090,2018-03-15 16:23:06.777,0,NULL,NULL,2018-03-15,NULL,NULL,NULL,0,0,
2318,NULL,02318-FUR-KK-CFS-PTRE-12,Kursi Kerja,CFS,CHAIRMAN,Chairman,0,113004,0,0,NULL,100001,NULL,LT,0,0,NULL,NULL,NULL,130090,2018-03-15 16:23:06.777,0,NULL,NULL,2018-03-15,NULL,NULL,NULL,0,0,
2319,NULL,02319-FUR-KK-CFS-PTRE-12,Kursi Kerja,CFS,CHAIRMAN,Chairman,0,113004,0,0,NULL,100001,NULL,LT,0,0,NULL,NULL,NULL,130090,2018-03-15 16:23:06.777,0,NULL,NULL,2018-03-15,NULL,NULL,NULL,0,0,
2320,NULL,02320-FUR-KK-CFS-PTRE-12,Kursi Kerja,CFS,CHAIRMAN,Chairman,0,113004,0,0,NULL,100001,NULL,LT,0,0,NULL,NULL,NULL,130090,2018-03-15 16:23:06.777,0,NULL,NULL,2018-03-15,NULL,NULL,NULL,0,0,
2321,NULL,02321-FUR-KK-CFS-PTRE-12,Kursi Kerja,CFS,CHAIRMAN,Chairman,0,113004,0,0,NULL,100001,NULL,LT,0,0,NULL,NULL,NULL,130090,2018-03-15 16:23:06.777,0,NULL,NULL,2018-03-15,NULL,NULL,NULL,0,0,
2322,NULL,02322-FUR-KK-CFS-PTRE-12,Kursi Kerja,CFS,CHAIRMAN,Chairman,0,113004,0,0,NULL,100001,NULL,LT,0,0,NULL,NULL,NULL,130090,2018-03-15 16:23:06.777,0,NULL,NULL,2018-03-15,NULL,NULL,NULL,0,0,
2323,NULL,02323-FUR-KK-CFS-PTRE-12,Kursi Kerja,CFS,CHAIRMAN,Chairman,0,113004,0,0,NULL,100001,NULL,LT,0,0,NULL,NULL,NULL,130090,2018-03-15 16:23:06.777,0,NULL,NULL,2018-03-15,NULL,NULL,NULL,0,0,
2324,NULL,02324-FUR-KK-CFS-PTRE-12,Kursi Kerja,CFS,CHAIRMAN,Chairman,0,113004,0,0,NULL,100001,NULL,LT,0,0,NULL,NULL,NULL,130090,2018-03-15 16:23:06.777,0,NULL,NULL,2018-03-15,NULL,NULL,NULL,0,0,
2325,NULL,02325-FUR-KK-CFS-PTRE-12,Kursi Kerja,CFS,CHAIRMAN,Chairman,0,113004,0,0,NULL,100001,NULL,LT,0,0,NULL,NULL,NULL,130090,2018-03-15 16:23:06.777,0,NULL,NULL,2018-03-15,NULL,NULL,NULL,0,0,
2326,NULL,02326-FUR-KK-CFS-PTRE-12,Kursi Kerja,CFS,CHAIRMAN,Chairman,0,113004,0,0,NULL,100001,NULL,LT,0,0,NULL,NULL,NULL,130090,2018-03-15 16:23:06.777,0,NULL,NULL,2018-03-15,NULL,NULL,NULL,0,0,
2327,NULL,02327-FUR-KK-CFS-PTRE-12,Kursi Kerja,CFS,CHAIRMAN,Chairman,0,113004,0,0,NULL,100001,NULL,LT,0,0,NULL,NULL,NULL,130090,2018-03-15 16:23:06.777,0,NULL,NULL,2018-03-15,NULL,NULL,NULL,0,0,
2328,NULL,02328-FUR-KK-CFS-PTRE-12,Kursi Kerja,CFS,CHAIRMAN,Chairman,0,113004,0,0,NULL,100001,NULL,LT,0,0,NULL,NULL,NULL,130090,2018-03-15 16:23:06.777,0,NULL,NULL,2018-03-15,NULL,NULL,NULL,0,0,
2329,NULL,02329-FUR-KK-CFS-PTRE-12,Kursi Kerja,CFS,CHAIRMAN,Chairman,0,113004,0,0,NULL,100001,NULL,LT,0,0,NULL,NULL,NULL,130090,2018-03-15 16:23:06.777,0,NULL,NULL,2018-03-15,NULL,NULL,NULL,0,0,
2330,NULL,02330-FUR-KK-CFS-PTRE-12,Kursi Kerja,CFS,CHAIRMAN,Chairman,0,113004,0,0,NULL,100001,NULL,LT,0,0,NULL,NULL,NULL,130090,2018-03-15 16:23:06.777,0,NULL,NULL,2018-03-15,NULL,NULL,NULL,0,0,
2331,NULL,02331-FUR-KK-CFS-PTRE-12,Kursi Kerja,CFS,CHAIRMAN,Chairman,0,113004,0,0,NULL,100001,NULL,LT,0,0,NULL,NULL,NULL,130090,2018-03-15 16:23:06.777,0,NULL,NULL,2018-03-15,NULL,NULL,NULL,0,0,
2332,NULL,02332-FUR-KK-CFS-PTRE-12,Kursi Kerja,CFS,CHAIRMAN,Chairman,0,113004,0,0,NULL,100001,NULL,LT,0,0,NULL,NULL,NULL,130090,2018-03-15 16:23:06.777,0,NULL,NULL,2018-03-15,NULL,NULL,NULL,0,0,
2333,NULL,02333-FUR-KK-CFS-PTRE-12,Kursi Kerja,CFS,CHAIRMAN,Chairman,0,113004,0,0,NULL,100001,NULL,LT,0,0,NULL,NULL,NULL,130090,2018-03-15 16:23:06.777,0,NULL,NULL,2018-03-15,NULL,NULL,NULL,0,0,
2334,NULL,02334-FUR-KK-CFS-PTRE-12,Kursi Kerja,CFS,CHAIRMAN,Chairman,0,113004,0,0,NULL,100001,NULL,LT,0,0,NULL,NULL,NULL,130090,2018-03-15 16:23:06.777,0,NULL,NULL,2018-03-15,NULL,NULL,NULL,0,0,
2335,NULL,02335-FUR-KK-CFS-PTRE-12,Kursi Kerja,CFS,CHAIRMAN,Chairman,0,113004,0,0,NULL,100001,NULL,LT,0,0,NULL,NULL,NULL,130090,2018-03-15 16:23:06.777,0,NULL,NULL,2018-03-15,NULL,NULL,NULL,0,0,
2336,NULL,02336-FUR-KK-CFS-PTRE-12,Kursi Kerja,CFS,CHAIRMAN,Chairman,0,113004,0,0,NULL,100001,NULL,LT,0,0,NULL,NULL,NULL,130090,2018-03-15 16:23:06.777,0,NULL,NULL,2018-03-15,NULL,NULL,NULL,0,0,
2337,NULL,02337-FUR-KK-CFS-PTRE-12,Kursi Kerja,CFS,CHAIRMAN,Chairman,0,113004,0,0,NULL,100001,NULL,LT,0,0,NULL,NULL,NULL,130090,2018-03-15 16:23:06.777,0,NULL,NULL,2018-03-15,NULL,NULL,NULL,0,0,
2338,NULL,02338-FUR-KK-CFS-PTRE-12,Kursi Kerja,CFS,CHAIRMAN,Chairman,0,113004,0,0,NULL,100001,NULL,LT,0,0,NULL,NULL,NULL,130090,2018-03-15 16:23:06.777,0,NULL,NULL,2018-03-15,NULL,NULL,NULL,0,0,
2339,NULL,02339-FUR-KK-CFS-PTRE-12,Kursi Kerja,CFS,CHAIRMAN,Chairman,0,113004,0,0,NULL,100001,NULL,LT,0,0,NULL,NULL,NULL,130090,2018-03-15 16:23:06.777,0,NULL,NULL,2018-03-15,NULL,NULL,NULL,0,0,
2340,NULL,02340-FUR-KK-CFS-PTRE-12,Kursi Kerja,CFS,CHAIRMAN,Chairman,0,113004,0,0,NULL,100001,NULL,LT,0,0,NULL,NULL,NULL,130090,2018-03-15 16:23:06.777,0,NULL,NULL,2018-03-15,NULL,NULL,NULL,0,0,
2341,NULL,02341-FUR-KK-CFS-PTRE-12,Kursi Kerja,CFS,CHAIRMAN,Chairman,0,113004,0,0,NULL,100001,NULL,LT,0,0,NULL,NULL,NULL,130090,2018-03-15 16:23:06.777,0,NULL,NULL,2018-03-15,NULL,NULL,NULL,0,0,
2342,NULL,02342-FUR-KK-CFS-PTRE-12,Kursi Kerja,CFS,CHAIRMAN,Chairman,0,113004,0,0,NULL,100001,NULL,LT,0,0,NULL,NULL,NULL,130090,2018-03-15 16:23:06.777,0,NULL,NULL,2018-03-15,NULL,NULL,NULL,0,0,
2343,NULL,02343-FUR-KK-CFS-PTRE-12,Kursi Kerja,CFS,CHAIRMAN,Chairman,0,113004,0,0,NULL,100001,NULL,LT,0,0,NULL,NULL,NULL,130090,2018-03-15 16:23:06.777,0,NULL,NULL,2018-03-15,NULL,NULL,NULL,0,0,
2344,NULL,02344-FUR-KK-CFS-PTRE-12,Kursi Kerja,CFS,CHAIRMAN,Chairman,0,113004,0,0,NULL,100001,NULL,LT,0,0,NULL,NULL,NULL,130090,2018-03-15 16:23:06.777,0,NULL,NULL,2018-03-15,NULL,NULL,NULL,0,0,
2345,,02345-FUR-KK-CFS-PTRE-12,Kursi Kerja,CFS,CHAIRMAN,Memo no : 020/MEM/IFS-PTRE/V/2022,0,113004,0,0,NULL,100001,9,LT,4,0,NULL,NULL,NULL,130090,2024-06-06 08:35:10.000,0,NULL,NULL,2018-03-15,NULL,NULL,NULL,0,1,
2346,,02346-FUR-KK-CFS-PTRE-12,Kursi Kerja,CFS,CHAIRMAN,Memo no : 020/MEM/IFS-PTRE/V/2022,0,113004,0,0,NULL,100001,9,LT,4,0,NULL,NULL,NULL,130090,2024-06-06 08:34:48.000,0,NULL,NULL,2018-03-15,NULL,NULL,NULL,0,1,
2347,,02347-FUR-KK-CFS-PTRE-12,Kursi Kerja,CFS,CHAIRMAN,Memo no : 020/MEM/IFS-PTRE/V/2022,0,113004,0,0,NULL,100001,9,LT,4,0,NULL,NULL,NULL,130090,2024-06-06 08:34:27.000,0,NULL,NULL,2018-03-15,NULL,NULL,NULL,0,1,
2348,,02348-FUR-KK-CFS-PTRE-12,Kursi Kerja,CFS,CHAIRMAN,Memo no : 020/MEM/IFS-PTRE/V/2022,0,113004,0,0,NULL,100001,9,LT,4,0,NULL,NULL,NULL,130090,2024-06-06 08:33:22.000,0,NULL,NULL,2018-03-15,NULL,NULL,NULL,0,1,
2402,,02402-FUR-KK-CFS-PTRE-14,Kursi Kerja Jaring,CFS,SAVELLO,Jaring Hitam,0,102023,0,0,NULL,100001,80,LT,0,0,NULL,NULL,NULL,140133,2024-09-13 09:25:47.000,0,NULL,NULL,2018-03-15,1726194347Kursi_Savello_Jaring.jpeg,1726194347Kursi_Savello_Jaring_thumb.jpeg,/assets/uploads/assetsre/ap/,0,0,
2403,,02403-FUR-KK-CFS-PTRE-14,Kursi Kerja Jaring,CFS,SAVELLO,Jaring Hitam,0,102023,0,0,NULL,100001,80,LT,0,0,NULL,NULL,NULL,140133,2024-09-13 09:25:40.000,0,NULL,NULL,2018-03-15,1726194340Kursi_Savello_Jaring.jpeg,1726194340Kursi_Savello_Jaring_thumb.jpeg,/assets/uploads/assetsre/ap/,0,0,
2411,,02411-FUR-KK-CFS-PTRE-14,Kursi Kerja,CFS,SAVELLO,Savello,0,103013,0,0,NULL,100001,9,LT,0,0,NULL,NULL,NULL,140133,2024-09-13 09:25:33.000,0,NULL,NULL,2018-03-15,1726194333Kursi_Savello_Jaring.jpeg,1726194333Kursi_Savello_Jaring_thumb.jpeg,/assets/uploads/assetsre/ap/,0,0,
2412,,02412-FUR-KK-CFS-PTRE-14,Kursi Coklat,CFS,SAVELLO,Savello,0,102016,0,0,23-1131109,100001,9,LT,0,0,NULL,NULL,NULL,255578,2026-05-29 15:21:50.000,0,NULL,NULL,2018-03-15,NULL,NULL,NULL,0,0,
2413,,02413-FUR-KK-CFS-PTRE-14,Kursi Coklat,CFS,SAVELLO,,0,102016,0,0,23-1131109,100001,9,LT,0,0,NULL,NULL,NULL,255578,2026-05-29 15:27:16.000,0,NULL,NULL,2018-03-15,NULL,NULL,NULL,0,0,
2422,,02422-FUR-KK-CFS-PTRE-14,Kursi Coklat,CFS,SAVELLO,,0,111006,0,0,23-1131109,100001,9,LT,4,0,NULL,NULL,NULL,255578,2026-06-07 21:22:19.000,0,NULL,NULL,2018-03-15,NULL,NULL,NULL,0,1,
2441,NULL,02441-FUR-KK-CFS-PTRE-12,Kursi Kerja,CFS,CHAIRMAN,Chairman,0,114006,0,0,NULL,100001,NULL,LT,0,0,NULL,NULL,NULL,130090,2018-03-15 16:23:06.777,0,NULL,NULL,2018-03-15,NULL,NULL,NULL,0,0,
2442,NULL,02442-FUR-KK-CFS-PTRE-12,Kursi Kerja,CFS,CHAIRMAN,Chairman,0,114006,0,0,NULL,100001,NULL,LT,0,0,NULL,NULL,NULL,130090,2018-03-15 16:23:06.777,0,NULL,NULL,2018-03-15,NULL,NULL,NULL,0,0,
2443,,02443-FUR-KK-CFS-PTRE-12,Kursi Kerja,CFS,CHAIRMAN,Memo no : 020/MEM/IFS-PTRE/V/2022,0,114006,0,0,NULL,100001,9,LT,4,0,NULL,NULL,NULL,130090,2024-06-06 08:33:01.000,0,NULL,NULL,2018-03-15,NULL,NULL,NULL,0,1,
2444,NULL,02444-FUR-KK-CFS-PTRE-12,Kursi Kerja,CFS,CHAIRMAN,Chairman,0,114006,0,0,NULL,100001,NULL,LT,0,0,NULL,NULL,NULL,130090,2018-03-15 16:23:06.777,0,NULL,NULL,2018-03-15,NULL,NULL,NULL,0,0,
2445,NULL,02445-FUR-KK-CFS-PTRE-12,Kursi Kerja,CFS,CHAIRMAN,Chairman,0,114006,0,0,NULL,100001,NULL,LT,0,0,NULL,NULL,NULL,130090,2018-03-15 16:23:06.777,0,NULL,NULL,2018-03-15,NULL,NULL,NULL,0,0,
2446,NULL,02446-FUR-KK-CFS-PTRE-12,Kursi Kerja,CFS,CHAIRMAN,Chairman,0,114006,0,0,NULL,100001,NULL,LT,0,0,NULL,NULL,NULL,130090,2018-03-15 16:23:06.777,0,NULL,NULL,2018-03-15,NULL,NULL,NULL,0,0,
2447,,02447-FUR-KK-CFS-PTRE-12,Kursi Kerja,CFS,CHAIRMAN,Memo no : 020/MEM/IFS-PTRE/V/2022,0,114006,0,0,NULL,100001,9,LT,4,0,NULL,NULL,NULL,130090,2024-06-06 08:32:29.000,0,NULL,NULL,2018-03-15,NULL,NULL,NULL,0,1,
2448,NULL,02448-FUR-KK-CFS-PTRE-12,Kursi Kerja,CFS,CHAIRMAN,Chairman,0,114006,0,0,NULL,100001,NULL,LT,0,0,NULL,NULL,NULL,130090,2018-03-15 16:23:06.777,0,NULL,NULL,2018-03-15,NULL,NULL,NULL,0,0,
2449,NULL,02449-FUR-KK-CFS-PTRE-12,Kursi Kerja,CFS,CHAIRMAN,Chairman,0,114006,0,0,NULL,100001,NULL,LT,0,0,NULL,NULL,NULL,130090,2018-03-15 16:23:06.777,0,NULL,NULL,2018-03-15,NULL,NULL,NULL,0,0,
2450,,02450-FUR-KK-CFS-PTRE-12,Kursi Kerja,CFS,CHAIRMAN,Memo no : 020/MEM/IFS-PTRE/V/2022,0,114006,0,0,NULL,100001,9,LT,4,0,NULL,NULL,NULL,130090,2024-06-06 08:32:06.000,0,NULL,NULL,2018-03-15,NULL,NULL,NULL,0,1,
2451,,02451-FUR-KK-CFS-PTRE-12,Kursi Kerja,CFS,CHAIRMAN,Memo no : 020/MEM/IFS-PTRE/V/2022,0,114006,0,0,NULL,100001,9,LT,4,0,NULL,NULL,NULL,130090,2024-06-06 08:31:21.000,0,NULL,NULL,2018-03-15,NULL,NULL,NULL,0,1,
2452,,02452-FUR-KK-CFS-PTRE-12,Kursi Kerja,CFS,CHAIRMAN,Memo no : 020/MEM/IFS-PTRE/V/2022,0,114006,0,0,NULL,100001,9,LT,4,0,NULL,NULL,NULL,130090,2024-06-06 08:30:53.000,0,NULL,NULL,2018-03-15,NULL,NULL,NULL,0,1,
2453,,02453-FUR-KK-CFS-PTRE-12,Kursi Kerja,CFS,SAVELLO,Savello,0,114006,0,0,NULL,100001,9,LT,0,0,NULL,NULL,NULL,140133,2024-09-13 09:25:26.000,0,NULL,NULL,2018-03-15,1726194326Kursi_Savello_Jaring.jpeg,1726194326Kursi_Savello_Jaring_thumb.jpeg,/assets/uploads/assetsre/ap/,0,0,
2454,,02454-FUR-KK-CFS-PTRE-12,Kursi Kerja,CFS,SAVELLO,Savello,0,114006,0,0,NULL,100001,9,LT,0,0,NULL,NULL,NULL,140133,2024-09-13 09:25:20.000,0,NULL,NULL,2018-03-15,1726194320Kursi_Savello_Jaring.jpeg,1726194320Kursi_Savello_Jaring_thumb.jpeg,/assets/uploads/assetsre/ap/,0,0,
2455,,02455-FUR-KK-CFS-PTRE-12,Kursi Kerja,CFS,SAVELLO,Savello,0,114006,0,0,NULL,100001,9,LT,0,0,NULL,NULL,NULL,140133,2024-09-13 09:25:11.000,0,NULL,NULL,2018-03-15,1726194311Kursi_Savello_Jaring.jpeg,1726194311Kursi_Savello_Jaring_thumb.jpeg,/assets/uploads/assetsre/ap/,0,0,
2456,,02456-FUR-KK-CFS-PTRE-12,Kursi Kerja,CFS,SAVELLO,Savello,0,114006,0,0,NULL,100001,9,LT,0,0,NULL,NULL,NULL,140133,2024-09-13 09:25:06.000,0,NULL,NULL,2018-03-15,1726194306Kursi_Savello_Jaring.jpeg,1726194306Kursi_Savello_Jaring_thumb.jpeg,/assets/uploads/assetsre/ap/,0,0,
2457,,02457-FUR-KK-CFS-PTRE-12,Kursi Kerja,CFS,SAVELLO,Sofa,0,114006,0,0,NULL,100001,9,LT,0,0,NULL,NULL,NULL,140133,2024-09-13 09:25:02.000,0,NULL,NULL,2018-03-15,1726194302Kursi_Savello_Jaring.jpeg,1726194302Kursi_Savello_Jaring_thumb.jpeg,/assets/uploads/assetsre/ap/,0,0,
2458,,02458-FUR-KK-CFS-PTRE-12,Kursi Kerja,CFS,SAVELLO,Sofa,0,114006,0,0,NULL,100001,9,LT,0,0,NULL,NULL,NULL,140133,2024-09-13 09:24:57.000,0,NULL,NULL,2018-03-15,1726194297Kursi_Savello_Jaring.jpeg,1726194297Kursi_Savello_Jaring_thumb.jpeg,/assets/uploads/assetsre/ap/,0,0,
2505,NULL,02505-FUR-KK-CFS-PTRE-12,Kursi Kerja,CFS,CHAIRMAN,Chairman,0,114007,0,0,NULL,100001,NULL,LT,0,0,NULL,NULL,NULL,130090,2018-03-15 16:23:06.777,0,NULL,NULL,2018-03-15,NULL,NULL,NULL,0,0,
2506,NULL,02506-FUR-KK-CFS-PTRE-12,Kursi Kerja,CFS,CHAIRMAN,Chairman,0,114007,0,0,NULL,100001,NULL,LT,0,0,NULL,NULL,NULL,130090,2018-03-15 16:23:06.777,0,NULL,NULL,2018-03-15,NULL,NULL,NULL,0,0,
2507,NULL,02507-FUR-KK-CFS-PTRE-12,Kursi Kerja,CFS,CHAIRMAN,Chairman,0,114007,0,0,NULL,100001,NULL,LT,0,0,NULL,NULL,NULL,130090,2018-03-15 16:23:06.777,0,NULL,NULL,2018-03-15,NULL,NULL,NULL,0,0,
2508,NULL,02508-FUR-KK-CFS-PTRE-12,Kursi Kerja,CFS,CHAIRMAN,Chairman,0,114007,0,0,NULL,100001,NULL,LT,0,0,NULL,NULL,NULL,130090,2018-03-15 16:23:06.777,0,NULL,NULL,2018-03-15,NULL,NULL,NULL,0,0,
2509,NULL,02509-FUR-KK-CFS-PTRE-12,Kursi Kerja,CFS,CHAIRMAN,Chairman,0,114007,0,0,NULL,100001,NULL,LT,0,0,NULL,NULL,NULL,130090,2018-03-15 16:23:06.777,0,NULL,NULL,2018-03-15,NULL,NULL,NULL,0,0,
2510,NULL,02510-FUR-KK-CFS-PTRE-12,Kursi Kerja,CFS,CHAIRMAN,Chairman,0,114007,0,0,NULL,100001,NULL,LT,0,0,NULL,NULL,NULL,130090,2018-03-15 16:23:06.777,0,NULL,NULL,2018-03-15,NULL,NULL,NULL,0,0,
2511,NULL,02511-FUR-KK-CFS-PTRE-12,Kursi Kerja,CFS,CHAIRMAN,Chairman,0,114007,0,0,NULL,100001,NULL,LT,0,0,NULL,NULL,NULL,130090,2018-03-15 16:23:06.777,0,NULL,NULL,2018-03-15,NULL,NULL,NULL,0,0,
2512,NULL,02512-FUR-KK-CFS-PTRE-12,Kursi Kerja,CFS,CHAIRMAN,Chairman,0,114007,0,0,NULL,100001,NULL,LT,0,0,NULL,NULL,NULL,130090,2018-03-15 16:23:06.777,0,NULL,NULL,2018-03-15,NULL,NULL,NULL,0,0,
2513,NULL,02513-FUR-KK-CFS-PTRE-14,Kursi Kerja,CFS,CHAIRMAN,Chairman,0,114007,0,0,NULL,100001,NULL,LT,0,0,NULL,NULL,NULL,130090,2018-03-15 16:23:06.777,0,NULL,NULL,2018-03-15,NULL,NULL,NULL,0,0,
2534,,02534-FUR-KK-CFS-PTRE-14,Kursi Kerja Jaring,CFS,SAVELLO,Savello,0,102023,0,0,NULL,100001,9,LT,0,0,NULL,NULL,NULL,130090,2024-05-02 10:12:37.000,0,NULL,NULL,2018-03-15,1714619557DSC_0011.png,1714619557DSC_0011_thumb.png,/assets/uploads/assetsre/ap/,0,0,
2535,,02535-FUR-KK-CFS-PTRE-14,Kursi Kerja Jaring,CFS,SAVELLO,Savello,0,102023,0,0,NULL,100001,9,LT,0,0,NULL,NULL,NULL,130090,2024-05-02 10:11:56.000,0,NULL,NULL,2018-03-15,17146195161.png,17146195161_thumb.png,/assets/uploads/assetsre/ap/,0,0,
2536,,02536-FUR-KK-CFS-PTRE-14,Kursi Kerja Jaring,CFS,SAVELLO,Savello,0,102023,0,0,NULL,100001,9,LT,0,0,NULL,NULL,NULL,130090,2024-05-02 10:11:15.000,0,NULL,NULL,2018-03-15,1714619475DSC_0011.png,1714619475DSC_0011_thumb.png,/assets/uploads/assetsre/ap/,0,0,
2537,,02537-FUR-KK-CFS-PTRE-14,Kursi Kerja Jaring,CFS,SAVELLO,Savello,0,102023,0,0,NULL,100001,9,LT,0,0,NULL,NULL,NULL,130090,2024-05-02 10:10:34.000,0,NULL,NULL,2018-03-15,17146194331.png,17146194331_thumb.png,/assets/uploads/assetsre/ap/,0,0,
2538,,02538-FUR-KK-CFS-PTRE-14,Kursi Kerja Jaring,CFS,SAVELLO,Savello,0,102023,0,0,NULL,100001,9,LT,0,0,NULL,NULL,NULL,130090,2024-05-02 10:08:06.000,0,NULL,NULL,2018-03-15,1714619286DSC_0011.png,1714619286DSC_0011_thumb.png,/assets/uploads/assetsre/ap/,0,0,
2539,,02539-FUR-KK-CFS-PTRE-14,Kursi Kerja Jaring,CFS,SAVELLO,Savello,0,102023,0,0,NULL,100001,9,LT,0,0,NULL,NULL,NULL,130090,2024-05-02 10:07:21.000,0,NULL,NULL,2018-03-15,17146192411.png,17146192411_thumb.png,/assets/uploads/assetsre/ap/,0,0,
2540,,02540-FUR-KK-CFS-PTRE-14,Kursi Kerja Jaring,CFS,SAVELLO,Savello,0,102023,0,0,NULL,100001,9,LT,0,0,NULL,NULL,NULL,130090,2024-05-02 10:06:42.000,0,NULL,NULL,2018-03-15,1714619202DSC_0011.png,1714619202DSC_0011_thumb.png,/assets/uploads/assetsre/ap/,0,0,
2541,,02541-FUR-KK-CFS-PTRE-14,Kursi Kerja Jaring,CFS,SAVELLO,Savello,0,102023,0,0,NULL,100001,9,LT,0,0,NULL,NULL,NULL,130090,2024-05-02 10:05:39.000,0,NULL,NULL,2018-03-15,17146191391.png,17146191391_thumb.png,/assets/uploads/assetsre/ap/,0,0,
2542,,02542-FUR-KK-CFS-PTRE-14,Kursi Kerja Jaring,CFS,SAVELLO,Savello,0,102023,0,0,NULL,100001,9,LT,0,0,NULL,NULL,NULL,130090,2024-05-02 10:04:51.000,0,NULL,NULL,2018-03-15,1714619091DSC_0011.png,1714619091DSC_0011_thumb.png,/assets/uploads/assetsre/ap/,0,0,
2543,,02543-FUR-KK-CFS-PTRE-14,Kursi Kerja Jaring,CFS,SAVELLO,Savello,0,102023,0,0,NULL,100001,9,LT,0,0,NULL,NULL,NULL,130090,2024-05-02 10:04:08.000,0,NULL,NULL,2018-03-15,17146190481.png,17146190481_thumb.png,/assets/uploads/assetsre/ap/,0,0,
2544,,02544-FUR-KK-CFS-PTRE-14,Kursi Kerja Jaring,CFS,SAVELLO,Savello,0,102023,0,0,NULL,100001,9,LT,0,0,NULL,NULL,NULL,130090,2024-05-02 10:03:27.000,0,NULL,NULL,2018-03-15,1714619007DSC_0011.png,1714619007DSC_0011_thumb.png,/assets/uploads/assetsre/ap/,0,0,
2545,,02545-FUR-KK-CFS-PTRE-14,Kursi Kerja Jaring,CFS,SAVELLO,Savello,0,102023,0,0,NULL,100001,9,LT,0,0,NULL,NULL,NULL,130090,2024-05-02 10:02:41.000,0,NULL,NULL,2018-03-15,17146189611.png,17146189611_thumb.png,/assets/uploads/assetsre/ap/,0,0,
2546,,02546-FUR-KK-CFS-PTRE-14,Kursi Kerja Jaring,CFS,SAVELLO,Savello,0,102023,0,0,NULL,100001,9,LT,0,0,NULL,NULL,NULL,130090,2024-05-02 10:01:47.000,0,NULL,NULL,2018-03-15,1714618907DSC_0011.png,1714618907DSC_0011_thumb.png,/assets/uploads/assetsre/ap/,0,0,
2547,,02547-FUR-KK-CFS-PTRE-14,Kursi Kerja Jaring,CFS,SAVELLO,Savello,0,102023,0,0,NULL,100001,9,LT,0,0,NULL,NULL,NULL,130090,2024-05-02 10:01:10.000,0,NULL,NULL,2018-03-15,17146188701.png,17146188701_thumb.png,/assets/uploads/assetsre/ap/,0,0,
2548,,02548-FUR-KK-CFS-PTRE-14,Kursi Kerja Jaring,CFS,SAVELLO,Savello,0,102023,0,0,NULL,100001,9,LT,0,0,NULL,NULL,NULL,140133,2024-09-13 09:23:26.000,0,NULL,NULL,2018-03-15,1726194206Kursi_Savello_Jaring.jpeg,1726194206Kursi_Savello_Jaring_thumb.jpeg,/assets/uploads/assetsre/ap/,0,0,
2558,,02558-FUR-KK-CFS-PTRE-14,Kursi Kerja,CFS,SAVELLO,Savello,0,115002,0,0,NULL,100001,9,LT,0,0,NULL,NULL,NULL,140133,2024-09-13 09:23:19.000,0,NULL,NULL,2018-03-15,1726194199Kursi_Savello_Jaring.jpeg,1726194199Kursi_Savello_Jaring_thumb.jpeg,/assets/uploads/assetsre/ap/,0,0,
2559,,02559-FUR-KK-CFS-PTRE-14,Kursi Kerja,CFS,SAVELLO,Savello,0,115002,0,0,NULL,100001,9,LT,0,0,NULL,NULL,NULL,140133,2024-09-13 09:23:13.000,0,NULL,NULL,2018-03-15,1726194193Kursi_Savello_Jaring.jpeg,1726194193Kursi_Savello_Jaring_thumb.jpeg,/assets/uploads/assetsre/ap/,0,0,
2560,,02560-FUR-KK-CFS-PTRE-14,Kursi Kerja,CFS,SAVELLO,Savello,0,115002,0,0,NULL,100001,9,LT,0,0,NULL,NULL,NULL,140133,2024-09-13 09:23:06.000,0,NULL,NULL,2018-03-15,1726194186Kursi_Savello_Jaring.jpeg,1726194186Kursi_Savello_Jaring_thumb.jpeg,/assets/uploads/assetsre/ap/,0,0,
2561,,02561-FUR-KK-CFS-PTRE-14,Kursi Kerja,CFS,SAVELLO,Savello,0,115002,0,0,NULL,100001,9,LT,0,0,NULL,NULL,NULL,140133,2024-09-13 09:23:02.000,0,NULL,NULL,2018-03-15,1726194182Kursi_Savello_Jaring.jpeg,1726194182Kursi_Savello_Jaring_thumb.jpeg,/assets/uploads/assetsre/ap/,0,0,
2562,,02562-FUR-KK-CFS-PTRE-14,Kursi Kerja,CFS,SAVELLO,Savello,0,115002,0,0,NULL,100001,9,LT,0,0,NULL,NULL,NULL,140133,2024-09-13 09:22:53.000,0,NULL,NULL,2018-03-15,1726194173Kursi_Savello_Jaring.jpeg,1726194173Kursi_Savello_Jaring_thumb.jpeg,/assets/uploads/assetsre/ap/,0,0,
2563,,02563-FUR-KK-CFS-PTRE-14,Kursi Kerja,CFS,SAVELLO,Savello,0,115002,0,0,NULL,100001,9,LT,0,0,NULL,NULL,NULL,140133,2024-09-13 09:22:48.000,0,NULL,NULL,2018-03-15,1726194168Kursi_Savello_Jaring.jpeg,1726194168Kursi_Savello_Jaring_thumb.jpeg,/assets/uploads/assetsre/ap/,0,0,
2564,,02564-FUR-KK-CFS-PTRE-14,Kursi Kerja,CFS,SAVELLO,Savello,0,115002,0,0,NULL,100001,80,LT,0,0,NULL,NULL,NULL,140133,2024-09-13 09:22:36.000,0,NULL,NULL,2018-03-15,1726194156Kursi_Savello_Jaring.jpeg,1726194156Kursi_Savello_Jaring_thumb.jpeg,/assets/uploads/assetsre/ap/,0,0,
2565,,02565-FUR-KK-CFS-PTRE-14,Kursi Kerja,CFS,SAVELLO,Savello,0,115002,0,0,NULL,100001,80,LT,0,0,NULL,NULL,NULL,140133,2024-09-13 09:22:29.000,0,NULL,NULL,2018-03-15,1726194149Kursi_Savello_Jaring.jpeg,1726194149Kursi_Savello_Jaring_thumb.jpeg,/assets/uploads/assetsre/ap/,0,0,
2566,,02566-FUR-KK-CFS-PTRE-14,Kursi Kerja,CFS,SAVELLO,Savello,0,115002,0,0,NULL,100001,80,LT,0,0,NULL,NULL,NULL,140133,2024-09-13 09:22:22.000,0,NULL,NULL,2018-03-15,1726194142Kursi_Savello_Jaring.jpeg,1726194142Kursi_Savello_Jaring_thumb.jpeg,/assets/uploads/assetsre/ap/,0,0,
2567,,02567-FUR-KK-CFS-PTRE-14,Kursi Kerja,CFS,SAVELLO,Savello,0,115002,0,0,NULL,100001,80,LT,0,0,NULL,NULL,NULL,140133,2024-09-13 09:22:15.000,0,NULL,NULL,2018-03-15,1726194135Kursi_Savello_Jaring.jpeg,1726194135Kursi_Savello_Jaring_thumb.jpeg,/assets/uploads/assetsre/ap/,0,0,
2568,,02568-FUR-KK-CFS-PTRE-14,Kursi Kerja,CFS,SAVELLO,Savello,0,115002,0,0,NULL,100001,80,LT,0,0,NULL,NULL,NULL,140133,2024-09-13 09:22:09.000,0,NULL,NULL,2018-03-15,1726194129Kursi_Savello_Jaring.jpeg,1726194129Kursi_Savello_Jaring_thumb.jpeg,/assets/uploads/assetsre/ap/,0,0,
2569,,02569-FUR-KK-CFS-PTRE-14,Kursi Kerja,CFS,SAVELLO,Savello,0,115002,0,0,NULL,100001,80,LT,0,0,NULL,NULL,NULL,140133,2024-09-13 09:22:01.000,0,NULL,NULL,2018-03-15,1726194121Kursi_Savello_Jaring.jpeg,1726194121Kursi_Savello_Jaring_thumb.jpeg,/assets/uploads/assetsre/ap/,0,0,
2570,,02570-FUR-KK-CFS-PTRE-14,Kursi Kerja,CFS,SAVELLO,Savello,0,115002,0,0,NULL,100001,80,LT,0,0,NULL,NULL,NULL,140133,2024-09-13 09:21:55.000,0,NULL,NULL,2018-03-15,1726194115Kursi_Savello_Jaring.jpeg,1726194115Kursi_Savello_Jaring_thumb.jpeg,/assets/uploads/assetsre/ap/,0,0,
2571,,02571-FUR-KK-CFS-PTRE-14,Kursi Kerja,CFS,SAVELLO,Savello,0,115002,0,0,NULL,100001,80,LT,0,0,NULL,NULL,NULL,140133,2024-09-13 09:21:39.000,0,NULL,NULL,2018-03-15,1726194099Kursi_Savello_Jaring.jpeg,1726194099Kursi_Savello_Jaring_thumb.jpeg,/assets/uploads/assetsre/ap/,0,0,
2572,,02572-FUR-KK-CFS-PTRE-14,Kursi Kerja,CFS,SAVELLO,Savello,0,115002,0,0,NULL,100001,80,LT,0,0,NULL,NULL,NULL,140133,2024-09-13 09:21:30.000,0,NULL,NULL,2018-03-15,1726194090Kursi_Savello_Jaring.jpeg,1726194090Kursi_Savello_Jaring_thumb.jpeg,/assets/uploads/assetsre/ap/,0,0,
2573,,02573-FUR-KK-CFS-PTRE-14,Kursi Kerja,CFS,SAVELLO,Savello,0,115002,0,0,NULL,100001,80,LT,0,0,NULL,NULL,NULL,140133,2024-09-13 09:20:17.000,0,NULL,NULL,2018-03-15,1726194017Kursi_Savello_Jaring.jpeg,1726194017Kursi_Savello_Jaring_thumb.jpeg,/assets/uploads/assetsre/ap/,0,0,
2574,,02574-FUR-KK-CFS-PTRE-14,Kursi Kerja,CFS,SAVELLO,Savello,0,115002,0,0,NULL,100001,80,LT,0,0,NULL,NULL,NULL,140133,2024-09-13 09:20:07.000,0,NULL,NULL,2018-03-15,1726194007Kursi_Savello_Jaring.jpeg,1726194007Kursi_Savello_Jaring_thumb.jpeg,/assets/uploads/assetsre/ap/,0,0,
2575,,02575-FUR-KK-CFS-PTRE-14,Kursi Kerja,CFS,SAVELLO,Savello,0,115002,0,0,NULL,100001,80,LT,0,0,NULL,NULL,NULL,140133,2024-09-13 09:19:59.000,0,NULL,NULL,2018-03-15,1726193999Kursi_Savello_Jaring.jpeg,1726193999Kursi_Savello_Jaring_thumb.jpeg,/assets/uploads/assetsre/ap/,0,0,
2576,,02576-FUR-KK-CFS-PTRE-14,Kursi Kerja,CFS,SAVELLO,Savello,0,115002,0,0,NULL,100001,80,LT,0,0,NULL,NULL,NULL,140133,2024-09-13 09:19:38.000,0,NULL,NULL,2018-03-15,1726193978Kursi_Savello_Jaring.jpeg,1726193978Kursi_Savello_Jaring_thumb.jpeg,/assets/uploads/assetsre/ap/,0,0,
2577,,02577-FUR-KK-CFS-PTRE-14,Kursi Kerja,CFS,SAVELLO,Savello,0,115002,0,0,NULL,100001,80,LT,0,0,NULL,NULL,NULL,140133,2024-09-13 09:19:49.000,0,NULL,NULL,2018-03-15,1726193989Kursi_Savello_Jaring.jpeg,1726193989Kursi_Savello_Jaring_thumb.jpeg,/assets/uploads/assetsre/ap/,0,0,
2578,,02578-FUR-KK-CFS-PTRE-14,Kursi Kerja,CFS,SAVELLO,Savello,0,115002,0,0,NULL,100001,80,LT,0,0,NULL,NULL,NULL,140133,2024-09-13 09:20:28.000,0,NULL,NULL,2018-03-15,1726194028Kursi_Savello_Jaring.jpeg,1726194028Kursi_Savello_Jaring_thumb.jpeg,/assets/uploads/assetsre/ap/,0,0,
2579,,02579-FUR-KK-CFS-PTRE-14,Kursi Kerja,CFS,SAVELLO,Savello,0,115002,0,0,NULL,100001,80,LT,0,0,NULL,NULL,NULL,140133,2024-09-13 09:20:36.000,0,NULL,NULL,2018-03-15,1726194036Kursi_Savello_Jaring.jpeg,1726194036Kursi_Savello_Jaring_thumb.jpeg,/assets/uploads/assetsre/ap/,0,0,
2580,,02580-FUR-KK-CFS-PTRE-14,Kursi Kerja Jaring,CFS,SAVELLO,Savello,0,102023,0,0,NULL,100001,80,LT,0,0,NULL,NULL,NULL,140133,2024-09-13 09:21:01.000,0,NULL,NULL,2018-03-15,1726194061Kursi_Savello_Jaring.jpeg,1726194061Kursi_Savello_Jaring_thumb.jpeg,/assets/uploads/assetsre/ap/,0,0,
2581,,02581-FUR-KK-CFS-PTRE-14,Kursi Coklat,CFS,SAVELLO,Savello,0,111004,0,0,23-1131109,100001,9,LT,0,0,NULL,NULL,NULL,255578,2026-02-06 10:55:06.000,0,NULL,NULL,2018-03-15,1726194068Kursi_Savello_Jaring.jpeg,1726194068Kursi_Savello_Jaring_thumb.jpeg,/assets/uploads/assetsre/ap/,0,0,
2582,,02582-FUR-KK-CFS-PTRE-14,Kursi Coklat,CFS,SAVELLO,KURSI BESI,0,105007,0,0,23-1131109,100001,9,LT,0,0,NULL,NULL,NULL,255578,2026-06-07 21:06:36.000,0,NULL,NULL,2018-03-15,1726194075Kursi_Savello_Jaring.jpeg,1726194075Kursi_Savello_Jaring_thumb.jpeg,/assets/uploads/assetsre/ap/,0,0,
6575,,02608-FUR-KK-CFS-PTRE-14,Kursi Kerja,CFS,SAVELLO,WARNA JARING HITAM,0,104011,0,0,NULL,100001,80,LT,0,1,184676,201016054130,2020-10-16,130090,2024-03-12 16:36:11.000,1,140133,2025-03-14 09:17:35.000,2020-10-15,1710236171WhatsApp_Image_2024-03-09_at_11_11_53.jpeg,1710236171WhatsApp_Image_2024-03-09_at_11_11_53_thumb.jpeg,/assets/uploads/assetsre/ap/,0,0,
6576,,02609-FUR-KK-CFS-PTRE-14,Kursi Kerja Jaring,CFS,UNO,JARING HITAM COKLAT,0,105014,0,0,NULL,100001,80,LT,0,1,184658,201019013237,2020-10-19,130090,2024-03-01 15:10:46.000,0,NULL,NULL,2020-10-15,1709280646WhatsApp_Image_2024-02-28_at_14_18_19.jpeg,1709280646WhatsApp_Image_2024-02-28_at_14_18_19_thumb.jpeg,/assets/uploads/assetsre/ap/,0,0,
6578,,02611-FUR-KK-CFS-PTRE-14,Kursi Kerja Jaring,CFS,UNO,JARING HITAM COKLAT,0,105014,0,0,NULL,100001,80,LT,0,1,316618,201016052458,2020-10-16,130090,2024-03-01 15:09:51.000,0,NULL,NULL,2020-10-15,1709280591WhatsApp_Image_2024-02-28_at_14_18_19.jpeg,1709280591WhatsApp_Image_2024-02-28_at_14_18_19_thumb.jpeg,/assets/uploads/assetsre/ap/,0,0,
6579,,02612-FUR-KK-CFS-PTRE-14,Kursi Kerja,CFS,SAVELLO,WARNA JARING HITAM,0,104011,0,0,NULL,100001,80,LT,0,1,063614,201016052253,2020-10-16,130090,2024-03-12 16:35:45.000,1,140133,2025-03-14 09:17:30.000,2020-10-15,1710236145WhatsApp_Image_2024-03-09_at_11_11_53.jpeg,1710236145WhatsApp_Image_2024-03-09_at_11_11_53_thumb.jpeg,/assets/uploads/assetsre/ap/,0,0,
6580,,02613-FUR-KK-CFS-PTRE-14,Kursi Kerja,CFS,SAVELLO,WARNA JARING HITAM,0,104008,0,0,NULL,100001,80,LT,0,1,104094,201019033449,2020-10-16,130090,2020-10-15 13:56:11.000,1,130090,2020-10-16 17:40:44.000,2020-10-15,1602744971Kursi_Kerja_Hitam.jpg,1602744971Kursi_Kerja_Hitam_thumb.jpg,/assets/uploads/assetsre/ap/,0,0,
6581,,02614-FUR-KK-CFS-PTRE-14,Kursi Kerja,CFS,SAVELLO,WARNA JARING HITAM ,0,104011,0,0,NULL,100001,80,LT,0,1,073752,201016052124,2020-10-16,130090,2024-03-12 16:35:25.000,0,NULL,NULL,2020-10-15,1710236125WhatsApp_Image_2024-03-09_at_11_11_53.jpeg,1710236125WhatsApp_Image_2024-03-09_at_11_11_53_thumb.jpeg,/assets/uploads/assetsre/ap/,0,0,
6582,,04901-FUR-KK-CFS-PTRE-14,Kursi Kerja Jaring,CFS,UNO,JARING HITAM COKLAT,0,105014,0,0,NULL,100001,80,LT,0,1,308418,201016052050,2020-10-16,130090,2024-03-01 15:08:08.000,0,NULL,NULL,2020-10-15,1709280488WhatsApp_Image_2024-02-28_at_14_18_19.jpeg,1709280488WhatsApp_Image_2024-02-28_at_14_18_19_thumb.jpeg,/assets/uploads/assetsre/ap/,0,0,02614-FUR-KK-CFS-PTRE-14
6583,,01904-FUR-KK-CFS-PTRE-14,Kursi Kerja Jaring,CFS,UNO,JARING HITAM COKLAT,0,105014,0,0,NULL,100001,80,LT,0,1,033031,201016051943,2020-10-16,130090,2024-03-01 15:55:55.000,0,NULL,NULL,2018-03-15,1709283355WhatsApp_Image_2024-02-28_at_14_18_19.jpeg,1709283355WhatsApp_Image_2024-02-28_at_14_18_19_thumb.jpeg,/assets/uploads/assetsre/ap/,0,0,
6584,,01903-FUR-KK-CFS-PTRE-14,Kursi Kerja Jaring,CFS,UNO,JARING HITAM COKLAT,0,105014,0,0,NULL,100001,80,LT,0,1,073749,201016051858,2020-10-16,130090,2024-03-01 15:55:28.000,0,NULL,NULL,2018-03-15,1709283328WhatsApp_Image_2024-02-28_at_14_18_19.jpeg,1709283328WhatsApp_Image_2024-02-28_at_14_18_19_thumb.jpeg,/assets/uploads/assetsre/ap/,0,0,
6585,,01902-FUR-KK-CFS-PTRE-14,Kursi Kerja Jaring,CFS,UNO,JARING HITAM COKLAT,0,105014,0,0,NULL,100001,80,LT,0,1,124293,201016051818,2020-10-16,130090,2024-03-01 15:55:06.000,0,NULL,NULL,2018-03-15,1709283306WhatsApp_Image_2024-02-28_at_14_18_19.jpeg,1709283306WhatsApp_Image_2024-02-28_at_14_18_19_thumb.jpeg,/assets/uploads/assetsre/ap/,0,0,
6586,,02618-FUR-KK-CFS-PTRE-14,Kursi Kerja,CFS,SAVELLO,WARNA JARING HITAM,0,104011,0,0,NULL,100001,80,LT,0,1,083914,201016051748,2020-10-16,140133,2024-09-13 09:19:23.000,0,NULL,NULL,2020-10-15,1726193963Kursi_Savello_Jaring.jpeg,1726193963Kursi_Savello_Jaring_thumb.jpeg,/assets/uploads/assetsre/ap/,0,0,
6587,,02619-FUR-KK-CFS-PTRE-14,Kursi Kerja,CFS,SAVELLO,WARNA JARING HITAM,0,104011,0,0,NULL,100001,80,LT,0,1,104094,201019033449,2020-10-16,130090,2024-03-12 16:34:42.000,1,140133,2025-03-14 09:17:02.000,2020-10-15,1710236082WhatsApp_Image_2024-03-09_at_11_11_53.jpeg,1710236082WhatsApp_Image_2024-03-09_at_11_11_53_thumb.jpeg,/assets/uploads/assetsre/ap/,0,0,
6588,,01901-FUR-KK-CFS-PTRE-14,Kursi Kerja Jaring,CFS,UNO,JARING COKLAT,0,105014,0,0,NULL,100001,80,LT,0,1,184658,201016051304,2020-10-16,130090,2024-03-01 15:54:47.000,0,NULL,NULL,2018-03-15,1709283287WhatsApp_Image_2024-02-28_at_14_18_19.jpeg,1709283287WhatsApp_Image_2024-02-28_at_14_18_19_thumb.jpeg,/assets/uploads/assetsre/ap/,0,0,
8557,,03108-FUR-KK-CFS-PTRE-13,Kursi Coklat,CFS,SAVELLO,Kursi Tamu warna coklat,0,104012,0,0,NULL,100001,1093,LT,0,NULL,NULL,NULL,NULL,130090,2024-04-05 09:21:22.000,0,NULL,NULL,2024-04-05,1712283682WhatsApp_Image_2024-02-28_at_14_29_47.jpeg,1712283682WhatsApp_Image_2024-02-28_at_14_29_47_thumb.jpeg,/assets/uploads/assetsre/ap/,0,0,
8558,,03109-FUR-KK-CFS-PTRE-13,Kursi Coklat,CFS,SAVELLO,Kursi Coklat,0,104012,0,0,NULL,100001,1093,LT,0,NULL,NULL,NULL,NULL,130090,2024-04-05 09:22:35.000,0,NULL,NULL,2024-04-05,1712283755WhatsApp_Image_2024-02-28_at_14_29_47.jpeg,1712283755WhatsApp_Image_2024-02-28_at_14_29_47_thumb.jpeg,/assets/uploads/assetsre/ap/,0,0,
8559,,03110-FUR-KK-CFS-PTRE-13,Kursi Coklat,CFS,SAVELLO,Kursi Coklat,0,102025,0,0,23-1131109,100001,1093,LT,0,NULL,NULL,NULL,NULL,255578,2026-05-29 15:03:14.000,0,NULL,NULL,2024-04-05,1712283824WhatsApp_Image_2024-02-28_at_14_29_47.jpeg,1712283824WhatsApp_Image_2024-02-28_at_14_29_47_thumb.jpeg,/assets/uploads/assetsre/ap/,0,0,
8560,,03111-FUR-KK-CFS-PTRE-13,Kursi Coklat,CFS,SAVELLO,Kursi Coklat,0,105007,0,0,NULL,100001,1093,LT,0,NULL,NULL,NULL,NULL,255578,2026-04-21 17:49:02.000,0,NULL,NULL,2024-04-05,1712283890WhatsApp_Image_2024-02-28_at_14_29_47.jpeg,1712283890WhatsApp_Image_2024-02-28_at_14_29_47_thumb.jpeg,/assets/uploads/assetsre/ap/,0,0,
8577,,03128-FUR-KK-CFS-PTRE-14,Kursi Kerja Jaring,CFS,UNO,Kursi Coklat Besi,0,105014,0,0,NULL,100001,1093,LT,0,NULL,NULL,NULL,NULL,255578,2026-05-12 08:58:49.000,0,NULL,NULL,2024-04-18,1741914872kursi_Coklat.jpeg,1741914872kursi_Coklat_thumb.jpeg,/assets/uploads/assetsre/ap/,0,0,
8578,,03129-FUR-KK-CFS-PTRE-14,Kursi Kerja Jaring,CFS,UNO,Kursi kerja Jaring,0,105014,0,0,23-1321012,100001,1093,LT,0,NULL,NULL,NULL,NULL,255578,2026-06-07 21:29:42.000,0,NULL,NULL,2024-04-18,1741914881kursi_Coklat.jpeg,1741914881kursi_Coklat_thumb.jpeg,/assets/uploads/assetsre/ap/,0,1,
8579,,03130-FUR-KK-CFS-PTRE-14,Kursi Coklat,CFS,SAVELLO,Kursi kaki besi,0,105007,0,0,NULL,100001,1093,LT,0,NULL,NULL,NULL,NULL,130090,2024-04-18 11:17:41.000,0,NULL,NULL,2024-04-18,1713413861DSC_0007.png,1713413861DSC_0007_thumb.png,/assets/uploads/assetsre/ap/,0,0,
8580,,03131-FUR-KK-CFS-PTRE-14,Kursi Coklat,CFS,SAVELLO,Kursi kaki besi,0,105007,0,0,NULL,100001,1093,LT,0,NULL,NULL,NULL,NULL,130090,2024-04-18 11:19:13.000,0,NULL,NULL,2024-04-18,1713413953DSC_0007.png,1713413953DSC_0007_thumb.png,/assets/uploads/assetsre/ap/,0,0,
8581,,03132-FUR-KK-CFS-PTRE-14,Kursi Coklat,CFS,SAVELLO,Kursi Kaki Besi,0,105007,0,0,NULL,100001,1093,LT,0,NULL,NULL,NULL,NULL,130090,2024-04-18 11:20:10.000,0,NULL,NULL,2024-04-18,1713414010DSC_0007.png,1713414010DSC_0007_thumb.png,/assets/uploads/assetsre/ap/,0,0,
8582,,03133-FUR-KK-CFS-PTRE-14,Kursi Coklat,CFS,SAVELLO,Kursi kaki Besi,0,105007,0,0,NULL,100001,1093,LT,0,NULL,NULL,NULL,NULL,130090,2024-04-18 11:21:13.000,0,NULL,NULL,2024-04-18,1713414073DSC_0007.png,1713414073DSC_0007_thumb.png,/assets/uploads/assetsre/ap/,0,0,
8583,,03134-FUR-KK-CFS-PTRE-14,Kursi Coklat,CFS,SAVELLO,Kursi kaki Besi,0,105007,0,0,NULL,100001,1093,LT,0,NULL,NULL,NULL,NULL,130090,2024-04-18 11:22:07.000,0,NULL,NULL,2024-04-18,1713414127DSC_0007.png,1713414127DSC_0007_thumb.png,/assets/uploads/assetsre/ap/,0,0,
8584,,03135-FUR-KK-CFS-PTRE-14,Kursi Coklat,CFS,SAVELLO,Kursi kaki Besi,0,105007,0,0,NULL,100001,1093,LT,0,NULL,NULL,NULL,NULL,130090,2024-04-18 11:22:52.000,0,NULL,NULL,2024-04-18,1713414172DSC_0007.png,1713414172DSC_0007_thumb.png,/assets/uploads/assetsre/ap/,0,0,
8585,,03136-FUR-KK-CFS-PTRE-14,Kursi Coklat,CFS,SAVELLO,Kursi kaki Besi,0,105007,0,0,NULL,100001,1093,LT,0,NULL,NULL,NULL,NULL,130090,2024-04-18 11:23:35.000,0,NULL,NULL,2024-04-18,1713414215DSC_0007.png,1713414215DSC_0007_thumb.png,/assets/uploads/assetsre/ap/,0,0,
8586,,03137-FUR-KK-CFS-PTRE-14,Kursi Coklat,CFS,SAVELLO,Kursi jaring pendek,0,105007,0,0,NULL,100001,1093,LT,0,NULL,NULL,NULL,NULL,255578,2026-04-21 17:47:33.000,0,NULL,NULL,2024-04-18,1737539644Kursi_Savello_Jaring.jpeg,1737539644Kursi_Savello_Jaring_thumb.jpeg,/assets/uploads/assetsre/ap/,0,0,
8587,,03138-FUR-KK-CFS-PTRE-14,Kursi Coklat,CFS,SAVELLO,kursi jaring pendek,0,105007,0,0,NULL,100001,1093,LT,0,NULL,NULL,NULL,NULL,255578,2026-04-21 17:47:25.000,0,NULL,NULL,2024-04-18,1737539597Kursi_Savello_Jaring.jpeg,1737539597Kursi_Savello_Jaring_thumb.jpeg,/assets/uploads/assetsre/ap/,0,0,
8588,,03139-FUR-KK-CFS-PTRE-14,Kursi Coklat,CFS,SAVELLO,Kursi kaki Besi,0,105007,0,0,NULL,100001,1093,LT,0,NULL,NULL,NULL,NULL,255578,2026-04-21 17:47:13.000,0,NULL,NULL,2024-04-18,1737539549Kursi_Savello_Jaring.jpeg,1737539549Kursi_Savello_Jaring_thumb.jpeg,/assets/uploads/assetsre/ap/,0,0,
8589,,03140-FUR-KK-CFS-PTRE-14,Kursi Kerja Jaring,CFS,SAVELLO,Kursi jaring pendek,0,101045,0,0,23-1131109,100001,1093,LT,0,NULL,NULL,NULL,NULL,255578,2026-04-09 14:56:47.000,0,NULL,NULL,2024-04-18,1737539524Kursi_Savello_Jaring.jpeg,1737539524Kursi_Savello_Jaring_thumb.jpeg,/assets/uploads/assetsre/ap/,0,0,
8590,,03141-FUR-KK-CFS-PTRE-14,Kursi Kerja Jaring,CFS,SAVELLO,Kursi Jaring ,0,101045,0,0,23-1131109,100001,1093,LT,0,NULL,NULL,NULL,NULL,255578,2026-04-09 14:56:37.000,0,NULL,NULL,2024-04-18,1737538746Kursi_Savello_Jaring.jpeg,1737538746Kursi_Savello_Jaring_thumb.jpeg,/assets/uploads/assetsre/ap/,0,0,
8609,,03160-FUR-KK-CFS-PTRE-13,Kursi Kerja Jaring,CFS,SAVELLO,Kursi Jaring hitam,0,101049,0,0,NULL,100001,9,LT,0,NULL,NULL,NULL,NULL,140133,2024-09-13 09:18:34.000,1,140133,2025-02-13 16:16:23.000,2024-04-19,1726193914Kursi_Savello_Jaring.jpeg,1726193914Kursi_Savello_Jaring_thumb.jpeg,/assets/uploads/assetsre/ap/,0,0,
8610,,03161-FUR-KK-CFS-PTRE-13,Kursi Kerja Jaring,CFS,SAVELLO,,0,101049,0,0,NULL,100001,9,LT,0,NULL,NULL,NULL,NULL,140133,2024-09-13 09:18:29.000,1,140133,2025-02-13 16:16:23.000,2024-04-19,1726193909Kursi_Savello_Jaring.jpeg,1726193909Kursi_Savello_Jaring_thumb.jpeg,/assets/uploads/assetsre/ap/,1,0,
8631,,03182-FUR-KK-CFS-PTRE-24,Kursi Coklat,CFS,SAVELLO,Kursi kaki Besi,0,101026,0,0,NULL,100001,9,LT,0,NULL,NULL,NULL,NULL,140133,2025-05-19 10:30:33.000,0,NULL,NULL,2024-05-08,1726193880Kursi_Savello_Jaring.jpeg,1726193880Kursi_Savello_Jaring_thumb.jpeg,/assets/uploads/assetsre/ap/,0,0,
8632,,03183-FUR-KK-CFS-PTRE-24,Kursi Coklat,CFS,SAVELLO,Kursi kaki Besi,0,101026,0,0,NULL,100001,9,LT,0,NULL,NULL,NULL,NULL,140133,2025-05-19 10:30:26.000,0,NULL,NULL,2024-05-08,1726193868Kursi_Savello_Jaring.jpeg,1726193868Kursi_Savello_Jaring_thumb.jpeg,/assets/uploads/assetsre/ap/,0,0,
8642,,03192-FUR-KK-CFS-PTRE-24,Kursi Kerja Jaring,CFS,UNO,menggunakan hidrolic,0,101029,0,0,NULL,100001,9,LT,0,NULL,NULL,NULL,NULL,140133,2024-09-13 14:16:04.000,1,140133,2025-02-13 16:08:18.000,2024-07-23,1726211764kursi_kerja_uno.jpeg,1726211764kursi_kerja_uno_thumb.jpeg,/assets/uploads/assetsre/ap/,0,0,
8646,,03194-FUR-KK-CFS-PTRE-0724,Kursi Kerja,CFS,SAVELLO,,0,101005,0,0,NULL,100001,9,LT,0,NULL,NULL,NULL,NULL,140133,2024-07-25 09:05:07.000,1,140133,2024-07-29 11:58:46.000,2024-07-25,NULL,NULL,NULL,0,0,
8658,,03204-FUR-KK-CFS-PTRE-24,Kursi Kerja Jaring,CFS,UNO,,0,101015,0,0,23-1131109,100001,9,LT,0,NULL,NULL,NULL,NULL,255578,2026-04-21 08:53:32.000,0,NULL,NULL,2024-07-25,1726211779kursi_kerja_uno.jpeg,1726211779kursi_kerja_uno_thumb.jpeg,/assets/uploads/assetsre/ap/,0,0,
8668,,03213-FUR-KK-CFS-PTRE-24,Kursi Coklat,CFS,SAVELLO,,0,101027,0,0,23-1131109,100001,9,LT,0,NULL,NULL,NULL,NULL,255578,2026-06-29 09:38:14.000,0,NULL,NULL,2024-07-25,1726539686kursi_Coklat.jpeg,1726539686kursi_Coklat_thumb.jpeg,/assets/uploads/assetsre/ap/,0,0,
8669,,03214-FUR-KK-CFS-PTRE-24,Kursi Coklat,CFS,SAVELLO,,0,102015,0,0,NULL,100001,9,LT,0,NULL,NULL,NULL,NULL,255578,2026-01-26 08:44:49.000,0,NULL,NULL,2024-07-25,1726539665kursi_Coklat.jpeg,1726539665kursi_Coklat_thumb.jpeg,/assets/uploads/assetsre/ap/,0,0,
8670,,03215-FUR-KK-CFS-PTRE-24,Kursi Coklat,CFS,SAVELLO,,0,101027,0,0,23-1131109,100001,9,LT,0,NULL,NULL,NULL,NULL,255578,2026-06-29 09:38:01.000,0,NULL,NULL,2024-07-25,1726539669kursi_Coklat.jpeg,1726539669kursi_Coklat_thumb.jpeg,/assets/uploads/assetsre/ap/,0,0,
8671,,03216-FUR-KK-CFS-PTRE-24,Kursi Coklat,CFS,SAVELLO,,0,101027,0,0,23-1131109,100001,9,LT,0,NULL,NULL,NULL,NULL,255578,2026-06-29 09:37:38.000,0,NULL,NULL,2024-07-25,1726539673kursi_Coklat.jpeg,1726539673kursi_Coklat_thumb.jpeg,/assets/uploads/assetsre/ap/,0,0,
8672,,03217-FUR-KK-CFS-PTRE-24,Kursi Coklat,CFS,SAVELLO,,0,101027,0,0,23-1131109,100001,9,LT,0,NULL,NULL,NULL,NULL,255578,2026-06-29 09:37:28.000,0,NULL,NULL,2024-07-25,1726539652kursi_Coklat.jpeg,1726539652kursi_Coklat_thumb.jpeg,/assets/uploads/assetsre/ap/,0,0,
8708,,03253-FUR-KK-CFS-PTRE-24,Kursi Coklat,CFS,SAVELLO,,0,101045,0,0,23-1131109,100001,9,LT,0,NULL,NULL,NULL,NULL,255578,2026-01-19 18:24:09.000,0,NULL,NULL,2024-07-26,1726193815Kursi_Savello_Jaring.jpeg,1726193815Kursi_Savello_Jaring_thumb.jpeg,/assets/uploads/assetsre/ap/,0,0,
8709,,03254-FUR-KK-CFS-PTRE-24,Kursi Coklat,CFS,SAVELLO,,0,101045,0,0,23-1131109,100001,9,LT,0,NULL,NULL,NULL,NULL,255578,2026-01-19 18:23:39.000,0,NULL,NULL,2024-07-26,1726193819Kursi_Savello_Jaring.jpeg,1726193819Kursi_Savello_Jaring_thumb.jpeg,/assets/uploads/assetsre/ap/,0,0,
8732,,03276-FUR-KK-CFS-PTRE-24,Kursi,CFS,BROTHER,,0,101028,0,0,NULL,100001,9,LT,0,NULL,NULL,NULL,NULL,140133,2024-09-13 14:07:48.000,1,140133,2025-02-12 14:29:11.000,2024-07-26,1726211268Kursi_Pantry.jpeg,1726211268Kursi_Pantry_thumb.jpeg,/assets/uploads/assetsre/ap/,0,0,
8733,,03277-FUR-KK-CFS-PTRE-24,Kursi,CFS,BROTHER,,0,101028,0,0,NULL,100001,9,LT,0,NULL,NULL,NULL,NULL,140133,2024-09-13 14:07:39.000,1,140133,2025-02-12 14:29:05.000,2024-07-26,1726211259Kursi_Pantry.jpeg,1726211259Kursi_Pantry_thumb.jpeg,/assets/uploads/assetsre/ap/,0,0,
8763,,03307-FUR-KK-CFS-PTRE-24,Kursi Kerja,CFS,SAVELLO,,0,101036,0,0,23-1131109,100001,9,LT,0,NULL,NULL,NULL,NULL,140133,2025-02-12 10:21:02.000,1,140133,2025-02-28 17:54:48.000,2024-07-26,1726193802Kursi_Savello_Jaring.jpeg,1726193802Kursi_Savello_Jaring_thumb.jpeg,/assets/uploads/assetsre/ap/,0,0,
8764,,03308-FUR-KK-CFS-PTRE-24,Kursi Kerja,CFS,SAVELLO,,0,101036,0,0,23-1131109,100001,10,LT,0,NULL,NULL,NULL,NULL,140133,2025-02-12 10:19:36.000,1,140133,2025-02-28 17:54:43.000,2024-07-26,1726193796Kursi_Savello_Jaring.jpeg,1726193796Kursi_Savello_Jaring_thumb.jpeg,/assets/uploads/assetsre/ap/,0,0,
8782,,03325-FUR-KK-CFS-PTRE-24,Kursi Coklat,CFS,SAVELLO,,0,101040,0,0,23-1131109,100001,9,LT,0,NULL,NULL,NULL,NULL,140133,2025-04-25 10:16:45.000,0,NULL,NULL,2024-07-26,1726539655kursi_Coklat.jpeg,1726539655kursi_Coklat_thumb.jpeg,/assets/uploads/assetsre/ap/,0,0,
8783,,03326-FUR-KK-CFS-PTRE-24,Kursi Coklat,CFS,SAVELLO,,0,101040,0,0,23-1131109,100001,9,LT,0,NULL,NULL,NULL,NULL,140133,2025-04-25 10:16:38.000,0,NULL,NULL,2024-07-26,1726539647kursi_Coklat.jpeg,1726539647kursi_Coklat_thumb.jpeg,/assets/uploads/assetsre/ap/,0,0,
8816,,03358-FUR-KK-CFS-PTRE-24,Kursi Kerja Jaring,CFS,UNO,,0,102031,0,0,NULL,100001,9,LT,0,1,235280,250523103617,2025-05-23,255578,2026-01-28 18:28:51.000,0,NULL,NULL,2024-07-26,1726211782kursi_kerja_uno.jpeg,1726211782kursi_kerja_uno_thumb.jpeg,/assets/uploads/assetsre/ap/,0,0,
8817,,03359-FUR-KK-CFS-PTRE-24,Kursi Kerja Jaring,CFS,UNO,,0,101046,0,0,NULL,100001,9,LT,0,1,073749,250523103544,2025-05-23,255578,2026-01-28 18:29:05.000,0,NULL,NULL,2024-07-26,1726211788kursi_kerja_uno.jpeg,1726211788kursi_kerja_uno_thumb.jpeg,/assets/uploads/assetsre/ap/,0,0,
8818,,03360-FUR-KK-CFS-PTRE-24,Kursi Kerja Jaring,CFS,UNO,,0,101046,0,0,NULL,100001,9,LT,0,NULL,NULL,NULL,NULL,255578,2026-01-28 18:28:58.000,0,NULL,NULL,2024-07-26,1726211760kursi_kerja_uno.jpeg,1726211760kursi_kerja_uno_thumb.jpeg,/assets/uploads/assetsre/ap/,0,0,
8819,,03361-FUR-KK-CFS-PTRE-24,Kursi Coklat,CFS,SAVELLO,,0,101046,0,0,NULL,100001,9,LT,0,NULL,NULL,NULL,NULL,140133,2025-02-12 09:16:10.000,0,NULL,NULL,2024-07-26,1726539632kursi_Coklat.jpeg,1726539632kursi_Coklat_thumb.jpeg,/assets/uploads/assetsre/ap/,0,0,
8820,,03362-FUR-KK-CFS-PTRE-24,Kursi Coklat,CFS,SAVELLO,,0,102030,0,0,NULL,100001,9,LT,0,NULL,NULL,NULL,NULL,255578,2026-01-28 18:09:43.000,0,NULL,NULL,2024-07-26,1726539637kursi_Coklat.jpeg,1726539637kursi_Coklat_thumb.jpeg,/assets/uploads/assetsre/ap/,0,0,
8821,,03363-FUR-KK-CFS-PTRE-24,Kursi Coklat,CFS,SAVELLO,,0,105007,0,0,NULL,100001,9,LT,0,NULL,NULL,NULL,NULL,255578,2026-04-21 17:48:47.000,0,NULL,NULL,2024-07-26,1726539626kursi_Coklat.jpeg,1726539626kursi_Coklat_thumb.jpeg,/assets/uploads/assetsre/ap/,0,0,
8837,,03379-FUR-KK-CFS-PTRE-24,Kursi Kerja Jaring,CFS,SAVELLO,,0,101034,0,0,NULL,100001,9,LT,0,NULL,NULL,NULL,NULL,140133,2025-02-13 09:01:52.000,0,NULL,NULL,2024-07-29,1726193718Kursi_Savello_Jaring.jpeg,1726193718Kursi_Savello_Jaring_thumb.jpeg,/assets/uploads/assetsre/ap/,0,0,
8838,,03380-FUR-KK-CFS-PTRE-24,Kursi Kerja Jaring,CFS,SAVELLO,,0,101034,0,0,NULL,100001,9,LT,0,1,245388,250616104336,2025-06-16,140133,2025-02-13 09:01:59.000,0,NULL,NULL,2024-07-29,1726193726Kursi_Savello_Jaring.jpeg,1726193726Kursi_Savello_Jaring_thumb.jpeg,/assets/uploads/assetsre/ap/,0,0,
8839,,03381-FUR-KK-CFS-PTRE-24,Kursi Kerja Jaring,CFS,SAVELLO,,0,101034,0,0,NULL,100001,9,LT,0,1,194778,250616103024,2025-06-16,140133,2025-02-13 09:02:05.000,0,NULL,NULL,2024-07-29,1726193707Kursi_Savello_Jaring.jpeg,1726193707Kursi_Savello_Jaring_thumb.jpeg,/assets/uploads/assetsre/ap/,0,0,
8840,,03382-FUR-KK-CFS-PTRE-24,Kursi Kerja Jaring,CFS,SAVELLO,,0,101049,0,0,23-1131109,100001,9,LT,0,NULL,NULL,NULL,NULL,255578,2026-09-03 10:25:09.000,0,NULL,NULL,2024-07-29,1726193701Kursi_Savello_Jaring.jpeg,1726193701Kursi_Savello_Jaring_thumb.jpeg,/assets/uploads/assetsre/ap/,1,0,
8861,,03403-FUR-KK-CFS-PTRE-24,Kursi Kerja Jaring,CFS,SAVELLO,,0,101051,0,0,23-1131109,100001,9,LT,0,NULL,NULL,NULL,NULL,140133,2025-02-12 14:34:20.000,0,NULL,NULL,2024-07-29,1739345660KURSI_PLASTIK.jpeg,1739345660KURSI_PLASTIK_thumb.jpeg,/assets/uploads/assetsre/ap/,0,0,
8862,,03404-FUR-KK-CFS-PTRE-24,Kursi Kerja Jaring,CFS,SAVELLO,,0,101051,0,0,23-1131109,100001,9,LT,0,NULL,NULL,NULL,NULL,140133,2025-02-12 14:34:28.000,0,NULL,NULL,2024-07-29,1739345668KURSI_PLASTIK.jpeg,1739345668KURSI_PLASTIK_thumb.jpeg,/assets/uploads/assetsre/ap/,0,0,
8863,,03405-FUR-KK-CFS-PTRE-24,Kursi Kerja Jaring,CFS,SAVELLO,,0,101051,0,0,23-1131109,100001,9,LT,0,NULL,NULL,NULL,NULL,140133,2025-02-12 14:34:34.000,0,NULL,NULL,2024-07-29,1739345674KURSI_PLASTIK.jpeg,1739345674KURSI_PLASTIK_thumb.jpeg,/assets/uploads/assetsre/ap/,0,0,
8864,,03406-FUR-KK-CFS-PTRE-24,Kursi Kerja Jaring,CFS,SAVELLO,,0,101040,0,0,23-1131109,100001,9,LT,0,NULL,NULL,NULL,NULL,255578,2026-06-08 08:54:27.000,0,NULL,NULL,2024-07-29,1739345682KURSI_PLASTIK.jpeg,1739345682KURSI_PLASTIK_thumb.jpeg,/assets/uploads/assetsre/ap/,0,0,
8865,,03407-FUR-KK-CFS-PTRE-24,Kursi Kerja Jaring,CFS,SAVELLO,,0,101051,0,0,23-1131109,100001,9,LT,0,NULL,NULL,NULL,NULL,140133,2025-02-12 14:34:49.000,0,NULL,NULL,2024-07-29,1739345689KURSI_PLASTIK.jpeg,1739345689KURSI_PLASTIK_thumb.jpeg,/assets/uploads/assetsre/ap/,0,0,
8866,,03408-FUR-KK-CFS-PTRE-24,Kursi Kerja Jaring,CFS,SAVELLO,,0,101051,0,0,23-1131109,100001,9,LT,0,NULL,NULL,NULL,NULL,140133,2025-02-12 14:34:55.000,0,NULL,NULL,2024-07-29,1739345695KURSI_PLASTIK.jpeg,1739345695KURSI_PLASTIK_thumb.jpeg,/assets/uploads/assetsre/ap/,0,0,
8874,,03415-FUR-KK-CFS-PTRE-24,Kursi Coklat,CFS,SAVELLO,,0,101051,0,0,NULL,100001,9,LT,0,NULL,NULL,NULL,NULL,140133,2025-02-12 09:17:14.000,1,140133,2025-02-12 14:35:04.000,2024-07-29,1726539618kursi_Coklat.jpeg,1726539618kursi_Coklat_thumb.jpeg,/assets/uploads/assetsre/ap/,0,0,
8875,,03416-FUR-KK-CFS-PTRE-24,Kursi Coklat,CFS,SAVELLO,,0,101051,0,0,NULL,100001,9,LT,0,NULL,NULL,NULL,NULL,140133,2025-02-12 09:17:31.000,1,140133,2025-02-12 14:35:09.000,2024-07-29,1726539622kursi_Coklat.jpeg,1726539622kursi_Coklat_thumb.jpeg,/assets/uploads/assetsre/ap/,0,0,
8876,,03417-FUR-KK-CFS-PTRE-24,Kursi Coklat,CFS,SAVELLO,,0,101051,0,0,NULL,100001,9,LT,0,NULL,NULL,NULL,NULL,140133,2025-02-12 09:17:44.000,1,140133,2025-02-12 14:35:18.000,2024-07-29,1726539614kursi_Coklat.jpeg,1726539614kursi_Coklat_thumb.jpeg,/assets/uploads/assetsre/ap/,0,0,
8877,,03418-FUR-KK-CFS-PTRE-24,Kursi Coklat,CFS,SAVELLO,,0,101051,0,0,NULL,100001,9,LT,0,NULL,NULL,NULL,NULL,140133,2025-02-12 09:18:17.000,1,140133,2025-02-12 14:35:12.000,2024-07-29,1726539609kursi_Coklat.jpeg,1726539609kursi_Coklat_thumb.jpeg,/assets/uploads/assetsre/ap/,0,0,
8893,,03429-FUR-KK-CFS-PTRE-18,Kursi Coklat,CFS,SAVELLO,,0,111006,0,0,23-1131109,100001,9,LT,0,NULL,NULL,NULL,NULL,255578,2026-06-07 21:21:57.000,0,NULL,NULL,2018-03-15,1726539604kursi_Coklat.jpeg,1726539604kursi_Coklat_thumb.jpeg,/assets/uploads/assetsre/ap/,0,0,
8894,,03430-FUR-KK-CFS-PTRE-24,Kursi Kerja Jaring,CFS,SAVELLO,,0,101047,0,0,NULL,100001,9,LT,0,NULL,NULL,NULL,NULL,140133,2025-02-13 09:24:30.000,0,NULL,NULL,2024-07-29,1739413470kursi_cokelat_jaring.jpeg,1739413470kursi_cokelat_jaring_thumb.jpeg,/assets/uploads/assetsre/ap/,0,0,
8908,,03444-FUR-KK-CFS-PTRE-24,Kursi Kerja Jaring,CFS,SAVELLO,,0,101047,0,0,NULL,100001,9,LT,0,NULL,NULL,NULL,NULL,140133,2025-02-13 09:24:44.000,0,NULL,NULL,2024-07-29,1726193653Kursi_Savello_Jaring.jpeg,1726193653Kursi_Savello_Jaring_thumb.jpeg,/assets/uploads/assetsre/ap/,0,0,
8909,,03445-FUR-KK-CFS-PTRE-24,Kursi Kerja Jaring,CFS,SAVELLO,,0,101034,0,0,NULL,100001,9,LT,0,1,205002,250616104158,2025-06-16,140133,2025-06-16 10:42:23.000,0,NULL,NULL,2024-07-29,1726193657Kursi_Savello_Jaring.jpeg,1726193657Kursi_Savello_Jaring_thumb.jpeg,/assets/uploads/assetsre/ap/,0,0,
8910,,03446-FUR-KK-CFS-PTRE-24,Kursi Kerja Jaring,CFS,SAVELLO,,0,101047,0,0,NULL,100001,9,LT,0,NULL,NULL,NULL,NULL,140133,2025-02-13 09:24:58.000,0,NULL,NULL,2024-07-29,1726193649Kursi_Savello_Jaring.jpeg,1726193649Kursi_Savello_Jaring_thumb.jpeg,/assets/uploads/assetsre/ap/,0,0,
8911,,03447-FUR-KK-CFS-PTRE-24,Kursi Kerja Jaring,CFS,SAVELLO,,0,101047,0,0,NULL,100001,9,LT,0,NULL,NULL,NULL,NULL,140133,2025-02-13 09:25:24.000,0,NULL,NULL,2024-07-29,1726193536Kursi_Savello_Jaring.jpeg,1726193536Kursi_Savello_Jaring_thumb.jpeg,/assets/uploads/assetsre/ap/,0,0,
8912,,03448-FUR-KK-CFS-PTRE-24,Kursi Kerja Jaring,CFS,SAVELLO,,0,101047,0,0,NULL,100001,9,LT,0,NULL,NULL,NULL,NULL,140133,2025-02-13 09:25:33.000,0,NULL,NULL,2024-07-29,1726193530Kursi_Savello_Jaring.jpeg,1726193530Kursi_Savello_Jaring_thumb.jpeg,/assets/uploads/assetsre/ap/,0,0,
8913,,03449-FUR-KK-CFS-PTRE-24,Kursi Kerja Jaring,CFS,SAVELLO,,0,101047,0,0,NULL,100001,9,LT,0,NULL,NULL,NULL,NULL,140133,2025-02-13 09:27:09.000,0,NULL,NULL,2024-07-29,1726193520Kursi_Savello_Jaring.jpeg,1726193520Kursi_Savello_Jaring_thumb.jpeg,/assets/uploads/assetsre/ap/,0,0,
8914,,03450-FUR-KK-CFS-PTRE-24,Kursi Kerja Jaring,CFS,SAVELLO,,0,102015,0,0,NULL,100001,9,LT,0,NULL,NULL,NULL,NULL,255578,2026-01-26 08:34:06.000,0,NULL,NULL,2024-07-29,1726193515Kursi_Savello_Jaring.jpeg,1726193515Kursi_Savello_Jaring_thumb.jpeg,/assets/uploads/assetsre/ap/,0,0,
8918,,03454-FUR-KK-CFS-PTRE-24,Kursi Coklat,CFS,SAVELLO,,0,101005,0,0,NULL,100001,9,LT,0,NULL,NULL,NULL,NULL,140133,2025-02-12 09:19:03.000,0,NULL,NULL,2024-07-29,1726539595kursi_Coklat.jpeg,1726539595kursi_Coklat_thumb.jpeg,/assets/uploads/assetsre/ap/,0,0,
8919,,03455-FUR-KK-CFS-PTRE-24,Kursi Coklat,CFS,SAVELLO,,0,101005,0,0,NULL,100001,9,LT,0,NULL,NULL,NULL,NULL,140133,2025-02-12 09:19:15.000,0,NULL,NULL,2024-07-29,1726539591kursi_Coklat.jpeg,1726539591kursi_Coklat_thumb.jpeg,/assets/uploads/assetsre/ap/,0,0,
8920,,03456-FUR-KK-CFS-PTRE-24,Kursi Coklat,CFS,SAVELLO,,0,101005,0,0,NULL,100001,9,LT,0,NULL,NULL,NULL,NULL,140133,2025-02-12 09:19:30.000,0,NULL,NULL,2024-07-29,1726539586kursi_Coklat.jpeg,1726539586kursi_Coklat_thumb.jpeg,/assets/uploads/assetsre/ap/,0,0,
8921,,03457-FUR-KK-CFS-PTRE-24,Kursi Kerja Jaring,CFS,SAVELLO,,0,101005,0,0,23-1131109,100001,9,LT,0,NULL,NULL,NULL,NULL,255578,2026-04-09 14:16:27.000,0,NULL,NULL,2024-07-29,1726193470Kursi_Savello_Jaring.jpeg,1726193470Kursi_Savello_Jaring_thumb.jpeg,/assets/uploads/assetsre/ap/,0,0,
8922,,03458-FUR-KK-CFS-PTRE-24,Kursi Kerja Jaring,CFS,SAVELLO,,0,101005,0,0,23-1131109,100001,9,LT,0,NULL,NULL,NULL,NULL,255578,2026-04-09 14:16:41.000,0,NULL,NULL,2024-07-29,1726193461Kursi_Savello_Jaring.jpeg,1726193461Kursi_Savello_Jaring_thumb.jpeg,/assets/uploads/assetsre/ap/,0,0,
8923,,03459-FUR-KK-CFS-PTRE-24,Kursi Kerja Jaring,CFS,SAVELLO,,0,101005,0,0,23-1131109,100001,9,LT,0,NULL,NULL,NULL,NULL,255578,2026-04-09 14:16:48.000,0,NULL,NULL,2024-07-29,1726193466Kursi_Savello_Jaring.jpeg,1726193466Kursi_Savello_Jaring_thumb.jpeg,/assets/uploads/assetsre/ap/,0,0,
8924,,03460-FUR-KK-CFS-PTRE-24,Kursi Kerja Jaring,CFS,SAVELLO,,0,101005,0,0,23-1131109,100001,9,LT,0,NULL,NULL,NULL,NULL,255578,2026-04-09 14:16:55.000,0,NULL,NULL,2024-07-29,1726193454Kursi_Savello_Jaring.jpeg,1726193454Kursi_Savello_Jaring_thumb.jpeg,/assets/uploads/assetsre/ap/,0,0,
8956,,03492-FUR-KK-CFS-PTRE-24,Kursi Coklat,CFS,SAVELLO,,0,101052,0,0,23-1131109,100001,9,LT,0,NULL,NULL,NULL,NULL,255578,2026-01-19 14:52:42.000,0,NULL,NULL,2024-07-29,1738900030kursi_Coklat.jpeg,1738900030kursi_Coklat_thumb.jpeg,/assets/uploads/assetsre/ap/,0,0,
8957,,03493-FUR-KK-CFS-PTRE-24,Kursi Coklat,CFS,SAVELLO,,0,102014,0,0,23-1131109,100001,9,LT,0,NULL,NULL,NULL,NULL,255578,2026-06-07 20:51:34.000,0,NULL,NULL,2024-07-29,1738899994kursi_Coklat.jpeg,1738899994kursi_Coklat_thumb.jpeg,/assets/uploads/assetsre/ap/,0,0,
8958,,03494-FUR-KK-CFS-PTRE-24,Kursi Coklat,CFS,SAVELLO,,0,102014,0,0,23-1131109,100001,9,LT,0,NULL,NULL,NULL,NULL,255578,2026-06-07 20:51:25.000,0,NULL,NULL,2024-07-29,1726539417kursi_Coklat.jpeg,1726539417kursi_Coklat_thumb.jpeg,/assets/uploads/assetsre/ap/,0,0,
8959,,03495-FUR-KK-CFS-PTRE-24,Kursi Coklat,CFS,SAVELLO,,0,102014,0,0,23-1131109,100001,9,LT,0,NULL,NULL,NULL,NULL,255578,2026-06-07 20:51:14.000,0,NULL,NULL,2024-07-29,1738899962kursi_Coklat.jpeg,1738899962kursi_Coklat_thumb.jpeg,/assets/uploads/assetsre/ap/,0,0,
8960,,03496-FUR-KK-CFS-PTRE-24,Kursi Kerja Jaring,CFS,MORELLI,,0,102014,0,0,23-1131109,100001,9,LT,0,NULL,NULL,NULL,NULL,255578,2026-06-07 20:50:53.000,0,NULL,NULL,2024-07-29,1738899806KURSI_MORELLI.jpeg,1738899806KURSI_MORELLI_thumb.jpeg,/assets/uploads/assetsre/ap/,0,0,
8961,,03497-FUR-KK-CFS-PTRE-24,Kursi Kerja Kulit,CFS,SAVELLO,,0,102014,0,0,23-1131109,100001,9,LT,0,NULL,NULL,NULL,NULL,255578,2026-06-07 20:50:17.000,0,NULL,NULL,2024-07-29,1738899776KURSI_MORELLI.jpeg,1738899776KURSI_MORELLI_thumb.jpeg,/assets/uploads/assetsre/ap/,0,0,
8978,,03514-FUR-KK-CFS-PTRE-24,Kursi Coklat,CFS,SAVELLO,,0,102015,0,0,23-1131109,100001,9,LT,0,NULL,NULL,NULL,NULL,140133,2025-02-07 10:38:03.000,0,NULL,NULL,2024-07-30,1726539369kursi_Coklat.jpeg,1726539369kursi_Coklat_thumb.jpeg,/assets/uploads/assetsre/ap/,0,0,
8979,,03515-FUR-KK-CFS-PTRE-24,Kursi Coklat,CFS,SAVELLO,,0,102015,0,0,23-1131109,100001,9,LT,0,NULL,NULL,NULL,NULL,140133,2025-02-12 10:20:07.000,0,NULL,NULL,2024-07-30,1726539365kursi_Coklat.jpeg,1726539365kursi_Coklat_thumb.jpeg,/assets/uploads/assetsre/ap/,0,0,
8986,,03522-FUR-KK-CFS-PTRE-24,Kursi Kerja Jaring,CFS,SAVELLO,,0,102016,0,0,23-1131109,100001,9,LT,0,NULL,NULL,NULL,NULL,255578,2026-05-29 15:22:15.000,0,NULL,NULL,2024-07-30,1726193404Kursi_Savello_Jaring.jpeg,1726193404Kursi_Savello_Jaring_thumb.jpeg,/assets/uploads/assetsre/ap/,0,0,
8987,,03523-FUR-KK-CFS-PTRE-24,Kursi Kerja Jaring,CFS,SAVELLO,,0,102016,0,0,23-1131109,100001,9,LT,0,NULL,NULL,NULL,NULL,255578,2026-05-29 15:22:22.000,0,NULL,NULL,2024-07-30,1726193393Kursi_Savello_Jaring.jpeg,1726193393Kursi_Savello_Jaring_thumb.jpeg,/assets/uploads/assetsre/ap/,0,0,
8988,,03524-FUR-KK-CFS-PTRE-24,Kursi Coklat,CFS,SAVELLO,,0,102016,0,0,23-1131109,100001,9,LT,0,NULL,NULL,NULL,NULL,140133,2025-02-07 10:37:11.000,0,NULL,NULL,2024-07-30,1726539360kursi_Coklat.jpeg,1726539360kursi_Coklat_thumb.jpeg,/assets/uploads/assetsre/ap/,0,0,
8995,,03531-FUR-KK-CFS-PTRE-24,Kursi Kerja Jaring,CFS,SAVELLO,,0,102015,0,0,23-1131109,100001,9,LT,0,1,134408,260126090832,2026-01-26,255578,2026-05-29 14:55:12.000,0,NULL,NULL,2024-07-30,1726193374Kursi_Savello_Jaring.jpeg,1726193374Kursi_Savello_Jaring_thumb.jpeg,/assets/uploads/assetsre/ap/,0,0,
8996,,03532-FUR-KK-CFS-PTRE-24,Kursi Kerja Jaring,CFS,SAVELLO,,0,102015,0,0,23-1131109,100001,9,LT,0,NULL,NULL,NULL,NULL,255578,2026-05-29 14:55:04.000,0,NULL,NULL,2024-07-30,1726193381Kursi_Savello_Jaring.jpeg,1726193381Kursi_Savello_Jaring_thumb.jpeg,/assets/uploads/assetsre/ap/,0,0,
8997,,03533-FUR-KK-CFS-PTRE-24,Kursi Kerja Jaring,CFS,SAVELLO,,0,102015,0,0,NULL,100001,9,LT,0,1,114229,260126084120,2026-01-26,255578,2026-01-26 08:58:05.000,0,NULL,NULL,2024-07-30,1726193351Kursi_Savello_Jaring.jpeg,1726193351Kursi_Savello_Jaring_thumb.jpeg,/assets/uploads/assetsre/ap/,0,0,
8998,,03534-FUR-KK-CFS-PTRE-24,Kursi Coklat,CFS,SAVELLO,,0,105007,0,0,NULL,100001,9,LT,0,NULL,NULL,NULL,NULL,255578,2026-05-13 13:58:30.000,0,NULL,NULL,2024-07-30,1726193346Kursi_Savello_Jaring.jpeg,1726193346Kursi_Savello_Jaring_thumb.jpeg,/assets/uploads/assetsre/ap/,0,0,
8999,,03535-FUR-KK-CFS-PTRE-24,Kursi Coklat,CFS,SAVELLO,,0,105007,0,0,NULL,100001,9,LT,0,NULL,NULL,NULL,NULL,255578,2026-05-13 13:58:13.000,0,NULL,NULL,2024-07-30,1726193331Kursi_Savello_Jaring.jpeg,1726193331Kursi_Savello_Jaring_thumb.jpeg,/assets/uploads/assetsre/ap/,0,0,
9000,,03536-FUR-KK-CFS-PTRE-24,Kursi Coklat,CFS,SAVELLO,,0,105007,0,0,NULL,100001,9,LT,0,NULL,NULL,NULL,NULL,255578,2026-05-13 13:56:21.000,0,NULL,NULL,2024-07-30,1726193340Kursi_Savello_Jaring.jpeg,1726193340Kursi_Savello_Jaring_thumb.jpeg,/assets/uploads/assetsre/ap/,0,0,
9001,,03537-FUR-KK-CFS-PTRE-24,Kursi Coklat,CFS,SAVELLO,,0,105007,0,0,NULL,100001,9,LT,0,NULL,NULL,NULL,NULL,255578,2026-05-13 13:56:02.000,0,NULL,NULL,2024-07-30,1726193319Kursi_Savello_Jaring.jpeg,1726193319Kursi_Savello_Jaring_thumb.jpeg,/assets/uploads/assetsre/ap/,0,0,
9002,,03538-FUR-KK-CFS-PTRE-24,Kursi Coklat,CFS,SAVELLO,,0,105007,0,0,NULL,100001,9,LT,0,NULL,NULL,NULL,NULL,255578,2026-05-13 13:55:47.000,0,NULL,NULL,2024-07-30,1726193324Kursi_Savello_Jaring.jpeg,1726193324Kursi_Savello_Jaring_thumb.jpeg,/assets/uploads/assetsre/ap/,0,0,
9003,,03539-FUR-KK-CFS-PTRE-24,Kursi Kerja Jaring,CFS,SAVELLO,,0,101047,0,0,NULL,100001,9,LT,0,NULL,NULL,NULL,NULL,255578,2026-01-26 09:03:44.000,0,NULL,NULL,2024-07-30,1726193313Kursi_Savello_Jaring.jpeg,1726193313Kursi_Savello_Jaring_thumb.jpeg,/assets/uploads/assetsre/ap/,0,0,
9004,,0181-FUR-KK-CFS-PTRE-13,Kursi Kerja Jaring,CFS,SAVELLO,,0,102015,0,0,NULL,100001,9,LT,0,1,032029,260126090004,2026-01-26,255578,2026-01-26 08:59:28.000,0,NULL,NULL,2024-07-30,1726193299Kursi_Savello_Jaring.jpeg,1726193299Kursi_Savello_Jaring_thumb.jpeg,/assets/uploads/assetsre/ap/,0,0,
9005,,0183-FUR-KK-CFS-PTRE-13,Kursi Kerja Jaring,CFS,SAVELLO,,0,102015,0,0,NULL,100001,9,LT,0,1,300317,260126085626,2026-01-26,255578,2026-01-26 08:56:09.000,0,NULL,NULL,2013-08-06,1726193307Kursi_Savello_Jaring.jpeg,1726193307Kursi_Savello_Jaring_thumb.jpeg,/assets/uploads/assetsre/ap/,0,0,
9006,,0112-FUR-KK-CFS-PTRE-14,Kursi Kerja Jaring,CFS,SAVELLO,,0,102015,0,0,NULL,100001,9,LT,0,1,022020,260126085410,2026-01-26,255578,2026-01-26 08:54:24.000,0,NULL,NULL,2024-07-30,1726193293Kursi_Savello_Jaring.jpeg,1726193293Kursi_Savello_Jaring_thumb.jpeg,/assets/uploads/assetsre/ap/,0,0,
9007,,04884-FUR-KK-CFS-PTRE-14,Kursi Kerja Jaring,CFS,SAVELLO,,0,102015,0,0,NULL,100001,9,LT,0,NULL,NULL,NULL,NULL,255578,2026-01-26 08:51:09.000,0,NULL,NULL,2024-07-30,1726193288Kursi_Savello_Jaring.jpeg,1726193288Kursi_Savello_Jaring_thumb.jpeg,/assets/uploads/assetsre/ap/,0,0,00282-FUR-KK-CFS-PTRE-14
9014,,03550-FUR-KK-CFS-PTRE-24,Kursi Kerja Jaring,CFS,SAVELLO,,0,102025,0,0,23-1131109,100001,9,LT,0,NULL,NULL,NULL,NULL,255578,2026-05-29 15:05:41.000,0,NULL,NULL,2024-07-30,1726193275Kursi_Savello_Jaring.jpeg,1726193275Kursi_Savello_Jaring_thumb.jpeg,/assets/uploads/assetsre/ap/,0,0,
9015,,03551-FUR-KK-CFS-PTRE-24,Kursi Kerja Jaring,CFS,SAVELLO,,0,102025,0,0,23-1131109,100001,9,LT,0,NULL,NULL,NULL,NULL,255578,2026-05-29 15:05:35.000,0,NULL,NULL,2024-07-30,1726193270Kursi_Savello_Jaring.jpeg,1726193270Kursi_Savello_Jaring_thumb.jpeg,/assets/uploads/assetsre/ap/,0,0,
9016,,03552-FUR-KK-CFS-PTRE-24,Kursi Kerja Jaring,CFS,SAVELLO,,0,102025,0,0,23-1131109,100001,9,LT,0,NULL,NULL,NULL,NULL,255578,2026-05-29 15:05:29.000,0,NULL,NULL,2024-07-30,1726193259Kursi_Savello_Jaring.jpeg,1726193259Kursi_Savello_Jaring_thumb.jpeg,/assets/uploads/assetsre/ap/,0,0,
9017,,03553-FUR-KK-CFS-PTRE-24,Kursi Kerja Jaring,CFS,SAVELLO,,0,991001,0,0,23-1131109,100001,9,LT,1,NULL,NULL,NULL,NULL,255578,2026-09-22 17:43:15.000,0,NULL,NULL,2024-07-30,1726193264Kursi_Savello_Jaring.jpeg,1726193264Kursi_Savello_Jaring_thumb.jpeg,/assets/uploads/assetsre/ap/,1,1,
9018,,03554-FUR-KK-CFS-PTRE-24,Kursi Coklat,CFS,SAVELLO,,0,102016,0,0,23-1131109,100001,9,LT,0,NULL,NULL,NULL,NULL,255578,2026-05-29 15:21:19.000,0,NULL,NULL,2024-07-30,1726193253Kursi_Savello_Jaring.jpeg,1726193253Kursi_Savello_Jaring_thumb.jpeg,/assets/uploads/assetsre/ap/,0,0,
9019,,03555-FUR-KK-CFS-PTRE-24,Kursi Coklat,CFS,SAVELLO,,0,102025,0,0,23-1131109,100001,9,LT,0,NULL,NULL,NULL,NULL,140133,2025-02-07 10:36:39.000,0,NULL,NULL,2024-07-30,1726539345kursi_Coklat.jpeg,1726539345kursi_Coklat_thumb.jpeg,/assets/uploads/assetsre/ap/,0,0,
9020,,04660-FUR-KK-CFS-PTRE-25,Kursi Coklat,CFS,SAVELLO,,0,102025,0,0,23-1131109,100001,9,LT,0,NULL,NULL,NULL,NULL,140133,2025-02-07 10:36:04.000,0,NULL,NULL,2024-07-30,1726539340kursi_Coklat.jpeg,1726539340kursi_Coklat_thumb.jpeg,/assets/uploads/assetsre/ap/,0,0,
9021,,03557-FUR-KK-CFS-PTRE-24,Kursi Coklat,CFS,SAVELLO,,0,991001,0,0,23-1131109,100001,9,LT,0,NULL,NULL,NULL,NULL,255578,2026-09-22 17:42:51.000,0,NULL,NULL,2024-07-30,1726539331kursi_Coklat.jpeg,1726539331kursi_Coklat_thumb.jpeg,/assets/uploads/assetsre/ap/,1,0,
9036,,03572-FUR-KK-CFS-PTRE-24,Kursi Kerja Jaring,CFS,SAVELLO,,0,102024,0,0,23-1131109,100001,9,LT,0,NULL,NULL,NULL,NULL,255578,2026-05-29 15:07:32.000,0,NULL,NULL,2024-07-30,1726193232Kursi_Savello_Jaring.jpeg,1726193232Kursi_Savello_Jaring_thumb.jpeg,/assets/uploads/assetsre/ap/,0,0,
9037,,03573-FUR-KK-CFS-PTRE-24,Kursi Kerja Jaring,CFS,SAVELLO,,0,102024,0,0,23-1131109,100001,9,LT,0,NULL,NULL,NULL,NULL,255578,2026-05-29 15:07:37.000,0,NULL,NULL,2024-07-30,1726193213Kursi_Savello_Jaring.jpeg,1726193213Kursi_Savello_Jaring_thumb.jpeg,/assets/uploads/assetsre/ap/,0,0,
9038,,03574-FUR-KK-CFS-PTRE-24,Kursi Kerja Jaring,CFS,SAVELLO,,0,102024,0,0,23-1131109,100001,9,LT,0,NULL,NULL,NULL,NULL,255578,2026-05-29 15:07:43.000,0,NULL,NULL,2024-07-30,1726193221Kursi_Savello_Jaring.jpeg,1726193221Kursi_Savello_Jaring_thumb.jpeg,/assets/uploads/assetsre/ap/,0,0,
9039,,03575-FUR-KK-CFS-PTRE-24,Kursi Kerja Jaring,CFS,SAVELLO,,0,102024,0,0,23-1131109,100001,9,LT,0,NULL,NULL,NULL,NULL,255578,2026-05-29 15:07:49.000,0,NULL,NULL,2024-07-30,1726193204Kursi_Savello_Jaring.jpeg,1726193204Kursi_Savello_Jaring_thumb.jpeg,/assets/uploads/assetsre/ap/,0,0,
9040,,03576-FUR-KK-CFS-PTRE-24,Kursi Kerja Jaring,CFS,SAVELLO,,0,102024,0,0,23-1131109,100001,9,LT,0,NULL,NULL,NULL,NULL,255578,2026-05-29 15:07:55.000,0,NULL,NULL,2024-07-30,1726193196Kursi_Savello_Jaring.jpeg,1726193196Kursi_Savello_Jaring_thumb.jpeg,/assets/uploads/assetsre/ap/,0,0,
9041,,03577-FUR-KK-CFS-PTRE-24,Kursi Coklat,CFS,SAVELLO,,0,102016,0,0,23-1131109,100001,9,LT,0,NULL,NULL,NULL,NULL,255578,2026-05-29 15:26:31.000,0,NULL,NULL,2024-07-30,1726539300kursi_cokelat_jaring.jpeg,1726539300kursi_cokelat_jaring_thumb.jpeg,/assets/uploads/assetsre/ap/,0,0,
9042,,03578-FUR-KK-CFS-PTRE-24,Kursi Coklat,CFS,SAVELLO,,0,102016,0,0,23-1131109,100001,9,LT,0,NULL,NULL,NULL,NULL,255578,2026-05-29 15:24:42.000,0,NULL,NULL,2024-07-30,1726539292kursi_cokelat_jaring.jpeg,1726539292kursi_cokelat_jaring_thumb.jpeg,/assets/uploads/assetsre/ap/,0,0,
9103,,03639-FUR-KK-CFS-PTRE-24,Kursi Kerja Jaring,CFS,SAVELLO,,0,991001,0,0,23-1131109,100001,9,LT,0,NULL,NULL,NULL,NULL,255578,2026-07-15 11:39:45.000,0,NULL,NULL,2024-07-30,1726539260Kursi_tamu_Hitam.jpeg,1726539260Kursi_tamu_Hitam_thumb.jpeg,/assets/uploads/assetsre/ap/,0,0,
9104,,03640-FUR-KK-CFS-PTRE-24,Kursi Coklat,CFS,SAVELLO,,0,102031,0,0,23-1131109,100001,9,LT,0,NULL,NULL,NULL,NULL,255578,2026-05-29 14:47:40.000,0,NULL,NULL,2024-07-30,1726539267Kursi_tamu_Hitam.jpeg,1726539267Kursi_tamu_Hitam_thumb.jpeg,/assets/uploads/assetsre/ap/,0,0,
9105,,04659-FUR-KK-CFS-PTRE-25,Kursi Coklat,CFS,SAVELLO,,0,102031,0,0,23-1131109,100001,9,LT,0,NULL,NULL,NULL,NULL,255578,2026-05-29 14:47:33.000,0,NULL,NULL,2024-07-30,1726539273Kursi_tamu_Hitam.jpeg,1726539273Kursi_tamu_Hitam_thumb.jpeg,/assets/uploads/assetsre/ap/,0,0,
9106,,04658-FUR-KK-CFS-PTRE-25,Kursi Coklat,CFS,SAVELLO,,0,102031,0,0,23-1131109,100001,9,LT,0,NULL,NULL,NULL,NULL,255578,2026-05-29 14:47:22.000,0,NULL,NULL,2024-07-30,1726539214Kursi_tamu_Hitam.jpeg,1726539214Kursi_tamu_Hitam_thumb.jpeg,/assets/uploads/assetsre/ap/,0,0,
9163,,03698-FUR-KK-CFS-PTRE-24,Kursi Kerja Jaring,CFS,SAVELLO,,0,102031,0,0,23-1131109,100001,9,LT,0,NULL,NULL,NULL,NULL,255578,2026-05-29 14:47:11.000,0,NULL,NULL,2024-07-30,1726193184Kursi_Savello_Jaring.jpeg,1726193184Kursi_Savello_Jaring_thumb.jpeg,/assets/uploads/assetsre/ap/,0,0,
9164,,03699-FUR-KK-CFS-PTRE-24,Kursi Kerja Jaring,CFS,SAVELLO,,0,102031,0,0,23-1131109,100001,9,LT,0,NULL,NULL,NULL,NULL,255578,2026-05-29 14:47:02.000,0,NULL,NULL,2024-07-30,1726193189Kursi_Savello_Jaring.jpeg,1726193189Kursi_Savello_Jaring_thumb.jpeg,/assets/uploads/assetsre/ap/,0,0,
9165,,03700-FUR-KK-CFS-PTRE-24,Kursi Kerja Jaring,CFS,SAVELLO,,0,102031,0,0,23-1131109,100001,9,LT,0,NULL,NULL,NULL,NULL,255578,2026-05-29 14:46:46.000,0,NULL,NULL,2024-07-30,1726193177Kursi_Savello_Jaring.jpeg,1726193177Kursi_Savello_Jaring_thumb.jpeg,/assets/uploads/assetsre/ap/,0,0,
9166,,03701-FUR-KK-CFS-PTRE-24,Kursi Kerja Jaring,CFS,SAVELLO,,0,102031,0,0,23-1131109,100001,9,LT,0,NULL,NULL,NULL,NULL,255578,2026-05-29 14:46:54.000,0,NULL,NULL,2024-07-30,1726193171Kursi_Savello_Jaring.jpeg,1726193171Kursi_Savello_Jaring_thumb.jpeg,/assets/uploads/assetsre/ap/,0,0,
9167,,03702-FUR-KK-CFS-PTRE-24,Kursi Kerja Jaring,CFS,SAVELLO,,0,102031,0,0,23-1131109,100001,9,LT,0,NULL,NULL,NULL,NULL,255578,2026-05-29 14:46:35.000,0,NULL,NULL,2024-07-30,1726193166Kursi_Savello_Jaring.jpeg,1726193166Kursi_Savello_Jaring_thumb.jpeg,/assets/uploads/assetsre/ap/,0,0,
9168,,03703-FUR-KK-CFS-PTRE-24,Kursi Kerja Jaring,CFS,SAVELLO,,0,102031,0,0,23-1131109,100001,9,LT,0,NULL,NULL,NULL,NULL,255578,2026-05-29 14:46:41.000,0,NULL,NULL,2024-07-30,1726193153Kursi_Savello_Jaring.jpeg,1726193153Kursi_Savello_Jaring_thumb.jpeg,/assets/uploads/assetsre/ap/,0,0,
9169,,03704-FUR-KK-CFS-PTRE-24,Kursi Kerja Jaring,CFS,SAVELLO,,0,102031,0,0,23-1131109,100001,9,LT,0,NULL,NULL,NULL,NULL,255578,2026-05-29 14:46:28.000,0,NULL,NULL,2024-07-30,1726193147Kursi_Savello_Jaring.jpeg,1726193147Kursi_Savello_Jaring_thumb.jpeg,/assets/uploads/assetsre/ap/,0,0,
9170,,03705-FUR-KK-CFS-PTRE-24,Kursi Kerja Jaring,CFS,SAVELLO,,0,102031,0,0,23-1131109,100001,9,LT,0,NULL,NULL,NULL,NULL,255578,2026-05-29 14:46:22.000,0,NULL,NULL,2024-07-30,1726193131Kursi_Savello_Jaring.jpeg,1726193131Kursi_Savello_Jaring_thumb.jpeg,/assets/uploads/assetsre/ap/,0,0,
9171,,03706-FUR-KK-CFS-PTRE-24,Kursi Kerja Jaring,CFS,SAVELLO,,0,102031,0,0,23-1131109,100001,9,LT,0,NULL,NULL,NULL,NULL,255578,2026-05-29 14:46:17.000,0,NULL,NULL,2024-07-30,1726193138Kursi_Savello_Jaring.jpeg,1726193138Kursi_Savello_Jaring_thumb.jpeg,/assets/uploads/assetsre/ap/,0,0,
9172,,03707-FUR-KK-CFS-PTRE-24,Kursi Kerja Jaring,CFS,SAVELLO,,0,102031,0,0,23-1131109,100001,9,LT,0,NULL,NULL,NULL,NULL,255578,2026-05-29 14:46:11.000,0,NULL,NULL,2024-07-30,1726193125Kursi_Savello_Jaring.jpeg,1726193125Kursi_Savello_Jaring_thumb.jpeg,/assets/uploads/assetsre/ap/,0,0,
9173,,03708-FUR-KK-CFS-PTRE-24,Kursi Kerja Jaring,CFS,SAVELLO,,0,102031,0,0,23-1131109,100001,9,LT,0,NULL,NULL,NULL,NULL,255578,2026-05-29 14:46:05.000,0,NULL,NULL,2024-07-30,1726193118Kursi_Savello_Jaring.jpeg,1726193118Kursi_Savello_Jaring_thumb.jpeg,/assets/uploads/assetsre/ap/,0,0,
9174,,03709-FUR-KK-CFS-PTRE-24,Kursi Kerja Jaring,CFS,SAVELLO,,0,102031,0,0,23-1131109,100001,9,LT,0,NULL,NULL,NULL,NULL,255578,2026-05-29 14:45:54.000,0,NULL,NULL,2024-07-30,1726193108Kursi_Savello_Jaring.jpeg,1726193108Kursi_Savello_Jaring_thumb.jpeg,/assets/uploads/assetsre/ap/,0,0,
9175,,03710-FUR-KK-CFS-PTRE-24,Kursi Kerja Jaring,CFS,SAVELLO,,0,102031,0,0,23-1131109,100001,9,LT,0,NULL,NULL,NULL,NULL,255578,2026-05-29 14:45:59.000,0,NULL,NULL,2024-07-30,1726193112Kursi_Savello_Jaring.jpeg,1726193112Kursi_Savello_Jaring_thumb.jpeg,/assets/uploads/assetsre/ap/,0,0,
9176,,03711-FUR-KK-CFS-PTRE-24,Kursi Kerja Jaring,CFS,SAVELLO,,0,102031,0,0,23-1131109,100001,9,LT,0,NULL,NULL,NULL,NULL,255578,2026-05-29 14:45:48.000,0,NULL,NULL,2024-07-30,1726193104Kursi_Savello_Jaring.jpeg,1726193104Kursi_Savello_Jaring_thumb.jpeg,/assets/uploads/assetsre/ap/,0,0,
9177,,03712-FUR-KK-CFS-PTRE-24,Kursi Kerja Jaring,CFS,SAVELLO,,0,102031,0,0,23-1131109,100001,9,LT,0,NULL,NULL,NULL,NULL,255578,2026-05-29 14:45:27.000,0,NULL,NULL,2024-07-30,1726193078Kursi_Savello_Jaring.jpeg,1726193078Kursi_Savello_Jaring_thumb.jpeg,/assets/uploads/assetsre/ap/,0,0,
9178,,03713-FUR-KK-CFS-PTRE-24,Kursi Kerja Jaring,CFS,SAVELLO,,0,102031,0,0,23-1131109,100001,9,LT,0,NULL,NULL,NULL,NULL,255578,2026-05-29 14:45:36.000,0,NULL,NULL,2024-07-30,1726193069Kursi_Savello_Jaring.jpeg,1726193069Kursi_Savello_Jaring_thumb.jpeg,/assets/uploads/assetsre/ap/,0,0,
9179,,03714-FUR-KK-CFS-PTRE-24,Kursi Kerja Jaring,CFS,SAVELLO,,0,102031,0,0,23-1131109,100001,9,LT,0,NULL,NULL,NULL,NULL,255578,2026-05-29 14:45:41.000,0,NULL,NULL,2024-07-30,1726193064Kursi_Savello_Jaring.jpeg,1726193064Kursi_Savello_Jaring_thumb.jpeg,/assets/uploads/assetsre/ap/,0,0,
9180,,03715-FUR-KK-CFS-PTRE-24,Kursi Kerja Jaring,CFS,SAVELLO,,0,102031,0,0,23-1131109,100001,9,LT,0,NULL,NULL,NULL,NULL,255578,2026-05-29 14:45:21.000,0,NULL,NULL,2024-07-30,1726193058Kursi_Savello_Jaring.jpeg,1726193058Kursi_Savello_Jaring_thumb.jpeg,/assets/uploads/assetsre/ap/,0,0,
9181,,03716-FUR-KK-CFS-PTRE-24,Kursi Kerja Jaring,CFS,SAVELLO,,0,102031,0,0,23-1131109,100001,9,LT,0,NULL,NULL,NULL,NULL,255578,2026-05-29 14:45:15.000,0,NULL,NULL,2024-07-30,1726193054Kursi_Savello_Jaring.jpeg,1726193054Kursi_Savello_Jaring_thumb.jpeg,/assets/uploads/assetsre/ap/,0,0,
9182,,03717-FUR-KK-CFS-PTRE-24,Kursi Kerja Jaring,CFS,SAVELLO,,0,102031,0,0,23-1131109,100001,9,LT,0,NULL,NULL,NULL,NULL,255578,2026-05-29 14:45:10.000,0,NULL,NULL,2024-07-30,1726193050Kursi_Savello_Jaring.jpeg,1726193050Kursi_Savello_Jaring_thumb.jpeg,/assets/uploads/assetsre/ap/,0,0,
9183,,03718-FUR-KK-CFS-PTRE-24,Kursi Kerja Jaring,CFS,SAVELLO,,0,102031,0,0,23-1131109,100001,9,LT,0,NULL,NULL,NULL,NULL,255578,2026-05-29 14:45:04.000,0,NULL,NULL,2024-07-30,1726193040Kursi_Savello_Jaring.jpeg,1726193040Kursi_Savello_Jaring_thumb.jpeg,/assets/uploads/assetsre/ap/,0,0,
9184,,04905-FUR-KK-CFS-PTRE-24,Kursi Kerja Jaring,CFS,SAVELLO,,0,102031,0,0,23-1131109,100001,9,LT,0,NULL,NULL,NULL,NULL,255578,2026-05-29 14:44:52.000,0,NULL,NULL,2024-07-30,1726193030Kursi_Savello_Jaring.jpeg,1726193030Kursi_Savello_Jaring_thumb.jpeg,/assets/uploads/assetsre/ap/,0,0,03718-FUR-KK-CFS-PTRE-24
9185,,03719-FUR-KK-CFS-PTRE-24,Kursi Kerja Jaring,CFS,SAVELLO,,0,102031,0,0,23-1131109,100001,9,LT,0,NULL,NULL,NULL,NULL,255578,2026-05-29 14:44:46.000,0,NULL,NULL,2024-07-30,1726193024Kursi_Savello_Jaring.jpeg,1726193024Kursi_Savello_Jaring_thumb.jpeg,/assets/uploads/assetsre/ap/,0,0,
9186,,03720-FUR-KK-CFS-PTRE-24,Kursi Kerja Jaring,CFS,SAVELLO,,0,102031,0,0,23-1131109,100001,9,LT,0,NULL,NULL,NULL,NULL,255578,2026-05-29 14:44:58.000,0,NULL,NULL,2024-07-30,1726193019Kursi_Savello_Jaring.jpeg,1726193019Kursi_Savello_Jaring_thumb.jpeg,/assets/uploads/assetsre/ap/,0,0,
9187,,03721-FUR-KK-CFS-PTRE-24,Kursi Kerja Jaring,CFS,SAVELLO,,0,102031,0,0,23-1131109,100001,9,LT,0,NULL,NULL,NULL,NULL,255578,2026-05-29 14:44:41.000,0,NULL,NULL,2024-07-30,1726193016Kursi_Savello_Jaring.jpeg,1726193016Kursi_Savello_Jaring_thumb.jpeg,/assets/uploads/assetsre/ap/,0,0,
9188,,03722-FUR-KK-CFS-PTRE-24,Kursi Kerja Jaring,CFS,SAVELLO,,0,102031,0,0,23-1131109,100001,9,LT,0,NULL,NULL,NULL,NULL,255578,2026-05-29 14:44:35.000,0,NULL,NULL,2024-07-30,1726193011Kursi_Savello_Jaring.jpeg,1726193011Kursi_Savello_Jaring_thumb.jpeg,/assets/uploads/assetsre/ap/,0,0,
9189,,03723-FUR-KK-CFS-PTRE-24,Kursi Kerja Jaring,CFS,SAVELLO,,0,102031,0,0,23-1131109,100001,9,LT,0,NULL,NULL,NULL,NULL,255578,2026-05-29 14:44:29.000,0,NULL,NULL,2024-07-30,1726193007Kursi_Savello_Jaring.jpeg,1726193007Kursi_Savello_Jaring_thumb.jpeg,/assets/uploads/assetsre/ap/,0,0,
9190,,03724-FUR-KK-CFS-PTRE-24,Kursi Kerja Jaring,CFS,SAVELLO,,0,102031,0,0,23-1131109,100001,9,LT,0,NULL,NULL,NULL,NULL,255578,2026-05-29 14:44:23.000,0,NULL,NULL,2024-07-30,1726193003Kursi_Savello_Jaring.jpeg,1726193003Kursi_Savello_Jaring_thumb.jpeg,/assets/uploads/assetsre/ap/,0,0,
9191,,03725-FUR-KK-CFS-PTRE-24,Kursi Kerja Jaring,CFS,SAVELLO,,0,102031,0,0,23-1131109,100001,9,LT,0,NULL,NULL,NULL,NULL,255578,2026-05-29 14:44:17.000,0,NULL,NULL,2024-07-30,1726192998Kursi_Savello_Jaring.jpeg,1726192998Kursi_Savello_Jaring_thumb.jpeg,/assets/uploads/assetsre/ap/,0,0,
9192,,03726-FUR-KK-CFS-PTRE-24,Kursi Kerja Jaring,CFS,SAVELLO,,0,102031,0,0,23-1131109,100001,9,LT,0,NULL,NULL,NULL,NULL,255578,2026-05-29 14:44:12.000,0,NULL,NULL,2024-07-30,1726192994Kursi_Savello_Jaring.jpeg,1726192994Kursi_Savello_Jaring_thumb.jpeg,/assets/uploads/assetsre/ap/,0,0,
9193,,03727-FUR-KK-CFS-PTRE-24,Kursi Kerja Jaring,CFS,SAVELLO,,0,102031,0,0,23-1131109,100001,9,LT,0,NULL,NULL,NULL,NULL,255578,2026-05-29 14:44:00.000,0,NULL,NULL,2024-07-30,1726192990Kursi_Savello_Jaring.jpeg,1726192990Kursi_Savello_Jaring_thumb.jpeg,/assets/uploads/assetsre/ap/,0,0,
9194,,03728-FUR-KK-CFS-PTRE-24,Kursi Kerja Jaring,CFS,SAVELLO,,0,102031,0,0,23-1131109,100001,9,LT,0,NULL,NULL,NULL,NULL,255578,2026-05-29 14:44:05.000,0,NULL,NULL,2024-07-30,1726192986Kursi_Savello_Jaring.jpeg,1726192986Kursi_Savello_Jaring_thumb.jpeg,/assets/uploads/assetsre/ap/,0,0,
9195,,03729-FUR-KK-CFS-PTRE-24,Kursi Kerja Jaring,CFS,SAVELLO,,0,102031,0,0,23-1131109,100001,9,LT,0,NULL,NULL,NULL,NULL,255578,2026-05-29 14:43:53.000,0,NULL,NULL,2024-07-30,1726192982Kursi_Savello_Jaring.jpeg,1726192982Kursi_Savello_Jaring_thumb.jpeg,/assets/uploads/assetsre/ap/,0,0,
9196,,03730-FUR-KK-CFS-PTRE-24,Kursi Kerja Jaring,CFS,SAVELLO,,0,102031,0,0,23-1131109,100001,9,LT,0,NULL,NULL,NULL,NULL,255578,2026-05-29 14:43:47.000,0,NULL,NULL,2024-07-30,1726192977Kursi_Savello_Jaring.jpeg,1726192977Kursi_Savello_Jaring_thumb.jpeg,/assets/uploads/assetsre/ap/,0,0,
9197,,03731-FUR-KK-CFS-PTRE-24,Kursi Kerja Jaring,CFS,SAVELLO,,0,102031,0,0,23-1131109,100001,9,LT,0,NULL,NULL,NULL,NULL,255578,2026-05-29 14:43:40.000,0,NULL,NULL,2024-07-30,1726192974Kursi_Savello_Jaring.jpeg,1726192974Kursi_Savello_Jaring_thumb.jpeg,/assets/uploads/assetsre/ap/,0,0,
9198,,03732-FUR-KK-CFS-PTRE-24,Kursi Kerja Jaring,CFS,SAVELLO,,0,102031,0,0,23-1131109,100001,9,LT,0,NULL,NULL,NULL,NULL,255578,2026-05-29 14:43:33.000,0,NULL,NULL,2024-07-30,1726192970Kursi_Savello_Jaring.jpeg,1726192970Kursi_Savello_Jaring_thumb.jpeg,/assets/uploads/assetsre/ap/,0,0,
9199,,03733-FUR-KK-CFS-PTRE-24,Kursi Kerja Jaring,CFS,SAVELLO,,0,102031,0,0,23-1131109,100001,9,LT,0,NULL,NULL,NULL,NULL,255578,2026-05-29 14:43:28.000,0,NULL,NULL,2024-07-30,1726192966Kursi_Savello_Jaring.jpeg,1726192966Kursi_Savello_Jaring_thumb.jpeg,/assets/uploads/assetsre/ap/,0,0,
9200,,03734-FUR-KK-CFS-PTRE-24,Kursi Kerja Jaring,CFS,SAVELLO,,0,102031,0,0,23-1131109,100001,9,LT,0,NULL,NULL,NULL,NULL,255578,2026-05-29 14:43:22.000,0,NULL,NULL,2024-07-30,1726192962Kursi_Savello_Jaring.jpeg,1726192962Kursi_Savello_Jaring_thumb.jpeg,/assets/uploads/assetsre/ap/,0,0,
9201,,03735-FUR-KK-CFS-PTRE-24,Kursi Kerja Jaring,CFS,SAVELLO,,0,102031,0,0,23-1131109,100001,9,LT,0,NULL,NULL,NULL,NULL,255578,2026-05-29 14:43:17.000,0,NULL,NULL,2024-07-30,1726192958Kursi_Savello_Jaring.jpeg,1726192958Kursi_Savello_Jaring_thumb.jpeg,/assets/uploads/assetsre/ap/,0,0,
9202,,03736-FUR-KK-CFS-PTRE-24,Kursi Kerja Jaring,CFS,SAVELLO,,0,102031,0,0,23-1131109,100001,9,LT,0,NULL,NULL,NULL,NULL,255578,2026-05-29 14:43:12.000,0,NULL,NULL,2024-07-30,1726192954Kursi_Savello_Jaring.jpeg,1726192954Kursi_Savello_Jaring_thumb.jpeg,/assets/uploads/assetsre/ap/,0,0,
9203,,03737-FUR-KK-CFS-PTRE-24,Kursi Kerja Jaring,CFS,SAVELLO,,0,102031,0,0,23-1131109,100001,9,LT,0,NULL,NULL,NULL,NULL,255578,2026-05-29 14:43:06.000,0,NULL,NULL,2024-07-30,1726192950Kursi_Savello_Jaring.jpeg,1726192950Kursi_Savello_Jaring_thumb.jpeg,/assets/uploads/assetsre/ap/,0,0,
9204,,03738-FUR-KK-CFS-PTRE-24,Kursi Kerja Jaring,CFS,SAVELLO,,0,102031,0,0,23-1131109,100001,9,LT,0,NULL,NULL,NULL,NULL,255578,2026-05-29 14:43:00.000,0,NULL,NULL,2024-07-30,1726192946Kursi_Savello_Jaring.jpeg,1726192946Kursi_Savello_Jaring_thumb.jpeg,/assets/uploads/assetsre/ap/,0,0,
9205,,03739-FUR-KK-CFS-PTRE-24,Kursi Kerja Jaring,CFS,SAVELLO,,0,102031,0,0,23-1131109,100001,9,LT,0,NULL,NULL,NULL,NULL,255578,2026-05-29 14:42:55.000,0,NULL,NULL,2024-07-30,NULL,NULL,NULL,0,0,
9206,,03740-FUR-KK-CFS-PTRE-24,Kursi Kerja Jaring,CFS,SAVELLO,,0,102031,0,0,23-1131109,100001,9,LT,0,NULL,NULL,NULL,NULL,255578,2026-05-29 14:42:42.000,0,NULL,NULL,2024-07-30,1726192941Kursi_Savello_Jaring.jpeg,1726192941Kursi_Savello_Jaring_thumb.jpeg,/assets/uploads/assetsre/ap/,0,0,
9207,,03741-FUR-KK-CFS-PTRE-24,Kursi Kerja Jaring,CFS,SAVELLO,,0,102031,0,0,23-1131109,100001,9,LT,0,NULL,NULL,NULL,NULL,255578,2026-05-29 14:42:49.000,0,NULL,NULL,2024-07-30,1726192935Kursi_Savello_Jaring.jpeg,1726192935Kursi_Savello_Jaring_thumb.jpeg,/assets/uploads/assetsre/ap/,0,0,
9208,,03742-FUR-KK-CFS-PTRE-24,Kursi Kerja Jaring,CFS,SAVELLO,,0,102031,0,0,23-1131109,100001,9,LT,0,NULL,NULL,NULL,NULL,255578,2026-05-29 14:42:36.000,0,NULL,NULL,2024-07-30,1726192925Kursi_Savello_Jaring.jpeg,1726192925Kursi_Savello_Jaring_thumb.jpeg,/assets/uploads/assetsre/ap/,0,0,
9209,,03743-FUR-KK-CFS-PTRE-24,Kursi Kerja Jaring,CFS,SAVELLO,,0,102031,0,0,23-1131109,100001,9,LT,0,NULL,NULL,NULL,NULL,255578,2026-05-29 14:42:24.000,0,NULL,NULL,2024-07-30,1726192906Kursi_Savello_Jaring.jpeg,1726192906Kursi_Savello_Jaring_thumb.jpeg,/assets/uploads/assetsre/ap/,0,0,
9210,,03744-FUR-KK-CFS-PTRE-24,Kursi Kerja Jaring,CFS,SAVELLO,,0,102031,0,0,23-1131109,100001,9,LT,0,NULL,NULL,NULL,NULL,255578,2026-05-29 14:42:30.000,0,NULL,NULL,2024-07-30,1726192917Kursi_Savello_Jaring.jpeg,1726192917Kursi_Savello_Jaring_thumb.jpeg,/assets/uploads/assetsre/ap/,0,0,
9211,,04906-FUR-KK-CFS-PTRE-24,Kursi Kerja Jaring,CFS,SAVELLO,,0,102031,0,0,23-1131109,100001,9,LT,0,NULL,NULL,NULL,NULL,255578,2026-05-29 14:42:18.000,0,NULL,NULL,2024-07-30,1726192893Kursi_Savello_Jaring.jpeg,1726192893Kursi_Savello_Jaring_thumb.jpeg,/assets/uploads/assetsre/ap/,0,0,03744-FUR-KK-CFS-PTRE-24
9212,,03745-FUR-KK-CFS-PTRE-24,Kursi Kerja Jaring,CFS,SAVELLO,,0,102031,0,0,23-1131109,100001,9,LT,0,NULL,NULL,NULL,NULL,255578,2026-05-29 14:42:13.000,0,NULL,NULL,2024-07-30,1726192882Kursi_Savello_Jaring.jpeg,1726192882Kursi_Savello_Jaring_thumb.jpeg,/assets/uploads/assetsre/ap/,0,0,
9213,,03746-FUR-KK-CFS-PTRE-24,Kursi Kerja Jaring,CFS,SAVELLO,,0,102031,0,0,23-1131109,100001,9,LT,0,NULL,NULL,NULL,NULL,255578,2026-05-29 14:42:06.000,0,NULL,NULL,2024-07-30,1726192870Kursi_Savello_Jaring.jpeg,1726192870Kursi_Savello_Jaring_thumb.jpeg,/assets/uploads/assetsre/ap/,0,0,
9214,,03747-FUR-KK-CFS-PTRE-24,Kursi Kerja Jaring,CFS,SAVELLO,,0,102031,0,0,23-1131109,100001,9,LT,0,NULL,NULL,NULL,NULL,255578,2026-05-29 14:42:00.000,0,NULL,NULL,2024-07-30,1726192860Kursi_Savello_Jaring.jpeg,1726192860Kursi_Savello_Jaring_thumb.jpeg,/assets/uploads/assetsre/ap/,0,0,
9215,,03748-FUR-KK-CFS-PTRE-24,Kursi Kerja Jaring,CFS,SAVELLO,,0,102031,0,0,23-1131109,100001,9,LT,0,NULL,NULL,NULL,NULL,255578,2026-05-29 14:41:54.000,0,NULL,NULL,2024-07-30,1726192850Kursi_Savello_Jaring.jpeg,1726192850Kursi_Savello_Jaring_thumb.jpeg,/assets/uploads/assetsre/ap/,0,0,
9216,,03749-FUR-KK-CFS-PTRE-24,Kursi Kerja Jaring,CFS,SAVELLO,,0,102031,0,0,23-1131109,100001,9,LT,0,NULL,NULL,NULL,NULL,255578,2026-05-29 14:41:48.000,0,NULL,NULL,2024-07-30,1726192840Kursi_Savello_Jaring.jpeg,1726192840Kursi_Savello_Jaring_thumb.jpeg,/assets/uploads/assetsre/ap/,0,0,
9244,,04657-FUR-KK-CFS-PTRE-25,Kursi Kerja,CFS,SAVELLO,,0,102028,0,0,23-1131109,100001,9,LT,0,NULL,NULL,NULL,NULL,140133,2025-02-07 10:21:40.000,0,NULL,NULL,2024-07-30,1726539199Kursi_tamu_Hitam.jpeg,1726539199Kursi_tamu_Hitam_thumb.jpeg,/assets/uploads/assetsre/ap/,0,0,
9250,,03783-FUR-KK-CFS-PTRE-24,Kursi Kerja Jaring,CFS,SAVELLO,,0,101014,0,0,NULL,100001,9,LT,0,NULL,NULL,NULL,NULL,140133,2025-03-11 11:06:45.000,0,NULL,NULL,2024-07-30,1726192809Kursi_Savello_Jaring.jpeg,1726192809Kursi_Savello_Jaring_thumb.jpeg,/assets/uploads/assetsre/ap/,0,0,
9270,,03803-FUR-KK-CFS-PTRE-24,Kursi Coklat,CFS,SAVELLO,,0,101045,0,0,23-1131109,100001,9,LT,0,NULL,NULL,NULL,NULL,255578,2026-01-19 18:23:07.000,0,NULL,NULL,2024-07-31,1726192782Kursi_Savello_Jaring.jpeg,1726192782Kursi_Savello_Jaring_thumb.jpeg,/assets/uploads/assetsre/ap/,0,0,
9271,,03804-FUR-KK-CFS-PTRE-24,Kursi Kerja Jaring,CFS,SAVELLO,,0,104011,0,0,NULL,100001,9,LT,0,NULL,NULL,NULL,NULL,140133,2025-03-11 11:06:23.000,0,NULL,NULL,2024-07-31,1726190657Kursi_Savello_Jaring.jpeg,1726190657Kursi_Savello_Jaring_thumb.jpeg,/assets/uploads/assetsre/ap/,0,0,
9272,,03805-FUR-KK-CFS-PTRE-24,Kursi Kerja Jaring,CFS,SAVELLO,,0,104011,0,0,NULL,100001,9,LT,0,NULL,NULL,NULL,NULL,140133,2025-03-11 11:05:43.000,0,NULL,NULL,2024-07-31,1726190639Kursi_Savello_Jaring.jpeg,1726190639Kursi_Savello_Jaring_thumb.jpeg,/assets/uploads/assetsre/ap/,0,0,
9285,,03818-FUR-KK-CFS-PTRE-24,Kursi Coklat,CFS,SAVELLO,,0,102015,0,0,23-1131109,100001,9,LT,0,NULL,NULL,NULL,NULL,255578,2026-01-19 14:54:29.000,0,NULL,NULL,2024-07-31,1739346986kursi_Coklat.jpeg,1739346986kursi_Coklat_thumb.jpeg,/assets/uploads/assetsre/ap/,0,0,
9286,,03819-FUR-KK-CFS-PTRE-24,Kursi Coklat,CFS,SAVELLO,,0,101052,0,0,23-1131109,100001,9,LT,0,NULL,NULL,NULL,NULL,140133,2025-02-12 14:56:38.000,0,NULL,NULL,2024-07-31,1739346998kursi_Coklat.jpeg,1739346998kursi_Coklat_thumb.jpeg,/assets/uploads/assetsre/ap/,0,0,
9287,,03820-FUR-KK-CFS-PTRE-24,Kursi Coklat,CFS,SAVELLO,,0,101052,0,0,23-1131109,100001,9,LT,0,NULL,NULL,NULL,NULL,140133,2025-02-12 14:56:44.000,0,NULL,NULL,2024-07-31,1739347004kursi_Coklat.jpeg,1739347004kursi_Coklat_thumb.jpeg,/assets/uploads/assetsre/ap/,0,0,
9288,,03821-FUR-KK-CFS-PTRE-24,Kursi Coklat,CFS,SAVELLO,,0,102015,0,0,23-1131109,100001,9,LT,0,NULL,NULL,NULL,NULL,255578,2026-01-19 14:54:54.000,0,NULL,NULL,2024-07-31,1739347014kursi_Coklat.jpeg,1739347014kursi_Coklat_thumb.jpeg,/assets/uploads/assetsre/ap/,0,0,
9324,,03857-FUR-KK-CFS-PTRE-24,Kursi Kerja,CFS,UNO,,0,103006,0,0,NULL,100001,9,LT,0,NULL,NULL,NULL,NULL,140133,2024-09-13 14:07:15.000,0,NULL,NULL,2024-08-01,1726211235Kursi_Pantry.jpeg,1726211235Kursi_Pantry_thumb.jpeg,/assets/uploads/assetsre/ap/,0,0,
9335,,03868-FUR-KK-CFS-PTRE-24,Kursi Kerja,CFS,SAVELLO,,0,103009,0,0,NULL,100001,9,LT,0,NULL,NULL,NULL,NULL,140133,2024-09-13 08:23:42.000,0,NULL,NULL,2024-08-01,1726190622Kursi_Savello_Jaring.jpeg,1726190622Kursi_Savello_Jaring_thumb.jpeg,/assets/uploads/assetsre/ap/,0,0,
9336,,03869-FUR-KK-CFS-PTRE-24,Kursi Kerja,CFS,SAVELLO,,0,103009,0,0,NULL,100001,9,LT,0,NULL,NULL,NULL,NULL,140133,2024-09-11 18:16:32.000,0,NULL,NULL,2024-08-01,1726053392Kursi_Savello_Jaring.jpeg,1726053392Kursi_Savello_Jaring_thumb.jpeg,/assets/uploads/assetsre/ap/,0,0,
9355,,03888-FUR-KK-CFS-PTRE-24,Kursi Kerja,CFS,Chairman,,0,103012,0,0,NULL,100001,9,LT,0,NULL,NULL,NULL,NULL,140133,2024-08-05 13:21:00.000,0,NULL,NULL,2024-08-01,NULL,NULL,NULL,0,0,
9356,,03889-FUR-KK-CFS-PTRE-24,Kursi Kerja,CFS,SAVELLO,,0,103012,0,0,NULL,100001,9,LT,0,NULL,NULL,NULL,NULL,140133,2024-09-11 18:16:08.000,0,NULL,NULL,2024-08-01,1726053368Kursi_Savello_Jaring.jpeg,1726053368Kursi_Savello_Jaring_thumb.jpeg,/assets/uploads/assetsre/ap/,0,0,
9357,,03890-FUR-KK-CFS-PTRE-24,Kursi Kerja,CFS,SAVELLO,,0,103012,0,0,NULL,100001,9,LT,0,NULL,NULL,NULL,NULL,140133,2024-09-11 18:15:55.000,0,NULL,NULL,2024-08-01,1726053355Kursi_Savello_Jaring.jpeg,1726053355Kursi_Savello_Jaring_thumb.jpeg,/assets/uploads/assetsre/ap/,0,0,
9358,,03891-FUR-KK-CFS-PTRE-24,Kursi Kerja,CFS,SAVELLO,,0,103012,0,0,NULL,100001,9,LT,0,NULL,NULL,NULL,NULL,140133,2024-09-11 18:15:32.000,0,NULL,NULL,2024-08-01,1726053332Kursi_Savello_Jaring.jpeg,1726053332Kursi_Savello_Jaring_thumb.jpeg,/assets/uploads/assetsre/ap/,0,0,
9359,,03892-FUR-KK-CFS-PTRE-24,Kursi Kerja,CFS,SAVELLO,,0,103012,0,0,NULL,100001,9,LT,0,NULL,NULL,NULL,NULL,140133,2024-09-11 18:15:17.000,0,NULL,NULL,2024-08-01,1726053317Kursi_Savello_Jaring.jpeg,1726053317Kursi_Savello_Jaring_thumb.jpeg,/assets/uploads/assetsre/ap/,0,0,
9360,,03893-FUR-KK-CFS-PTRE-24,Kursi Kerja,CFS,SAVELLO,,0,103012,0,0,NULL,100001,9,LT,0,NULL,NULL,NULL,NULL,140133,2024-09-11 18:15:05.000,0,NULL,NULL,2024-08-01,1726053305Kursi_Savello_Jaring.jpeg,1726053305Kursi_Savello_Jaring_thumb.jpeg,/assets/uploads/assetsre/ap/,0,0,
9361,,03894-FUR-KK-CFS-PTRE-24,Kursi Kerja,CFS,SAVELLO,,0,103012,0,0,NULL,100001,9,LT,0,NULL,NULL,NULL,NULL,140133,2024-09-11 18:14:53.000,0,NULL,NULL,2024-08-01,1726053293Kursi_Savello_Jaring.jpeg,1726053293Kursi_Savello_Jaring_thumb.jpeg,/assets/uploads/assetsre/ap/,0,0,
9398,,03936-FUR-KK-CFS-PTRE-24,Kursi Coklat,CFS,SAVELLO,,0,102016,0,0,23-1131109,100001,9,LT,0,NULL,NULL,NULL,NULL,255578,2026-05-29 15:26:03.000,0,NULL,NULL,2024-08-01,NULL,NULL,NULL,0,0,
9403,,03941-FUR-KK-CFS-PTRE-24,Kursi Coklat,CFS,SAVELLO,,0,102016,0,0,23-1131109,100001,9,LT,0,NULL,NULL,NULL,NULL,255578,2026-05-29 15:25:32.000,0,NULL,NULL,2024-08-01,1726053253Kursi_Savello_Jaring.jpeg,1726053253Kursi_Savello_Jaring_thumb.jpeg,/assets/uploads/assetsre/ap/,0,0,
9404,,03942-FUR-KK-CFS-PTRE-24,Kursi Coklat,CFS,SAVELLO,,0,102016,0,0,23-1131109,100001,9,LT,0,NULL,NULL,NULL,NULL,255578,2026-05-29 15:25:12.000,0,NULL,NULL,2024-08-01,1726053238Kursi_Savello_Jaring.jpeg,1726053238Kursi_Savello_Jaring_thumb.jpeg,/assets/uploads/assetsre/ap/,0,0,
9405,,03943-FUR-KK-CFS-PTRE-24,Kursi Kerja,CFS,SAVELLO,,0,103014,0,0,NULL,100001,9,LT,0,NULL,NULL,NULL,NULL,140133,2024-09-11 18:14:34.000,0,NULL,NULL,2024-08-01,1726053274Kursi_Savello_Jaring.jpeg,1726053274Kursi_Savello_Jaring_thumb.jpeg,/assets/uploads/assetsre/ap/,0,0,
9406,,03944-FUR-KK-CFS-PTRE-24,Kursi Kerja,CFS,SAVELLO,,0,103014,0,0,NULL,100001,9,LT,0,NULL,NULL,NULL,NULL,140133,2024-09-11 18:13:46.000,0,NULL,NULL,2024-08-01,1726053226Kursi_Savello_Jaring.jpeg,1726053226Kursi_Savello_Jaring_thumb.jpeg,/assets/uploads/assetsre/ap/,0,0,
9407,,03945-FUR-KK-CFS-PTRE-24,Kursi Kerja,CFS,SAVELLO,,0,103014,0,0,NULL,100001,9,LT,0,NULL,NULL,NULL,NULL,140133,2024-09-11 18:13:32.000,0,NULL,NULL,2024-08-01,1726053212Kursi_Savello_Jaring.jpeg,1726053212Kursi_Savello_Jaring_thumb.jpeg,/assets/uploads/assetsre/ap/,0,0,
9420,,03960-FUR-KK-CFS-PTRE-24,Kursi Coklat,CFS,SAVELLO,KURSI ABU ABU,0,105006,0,0,23-1131109,100001,9,LT,0,NULL,NULL,NULL,NULL,140133,2025-02-14 11:04:20.000,0,NULL,NULL,2024-08-02,1739505860kursi_Coklat.jpeg,1739505860kursi_Coklat_thumb.jpeg,/assets/uploads/assetsre/ap/,0,0,
9424,,03964-FUR-KK-CFS-PTRE-0824,Kursi Cafe Hitam,CFS,CLINTON,,0,104007,0,0,NULL,100001,9,LT,0,NULL,NULL,NULL,NULL,140133,2024-08-02 09:39:24.000,1,140133,2024-08-02 10:51:22.000,2024-08-02,NULL,NULL,NULL,0,0,
9442,,03984-FUR-KK-CFS-PTRE-24,Kursi Kerja,CFS,SAVELLO,KURSI JARING ABU-ABU,0,101023,0,0,NULL,100001,9,LT,0,NULL,NULL,NULL,NULL,140133,2024-09-11 18:11:29.000,0,NULL,NULL,2024-08-02,1726053089WhatsApp_Image_2024-09-11_at_11_39_29.jpeg,1726053089WhatsApp_Image_2024-09-11_at_11_39_29_thumb.jpeg,/assets/uploads/assetsre/ap/,0,0,
9443,,03985-FUR-KK-CFS-PTRE-24,Kursi Kerja,CFS,SAVELLO,KURSI JARING ABU-ABU,0,101023,0,0,NULL,100001,9,LT,0,NULL,NULL,NULL,NULL,130090,2024-09-11 16:09:04.000,0,NULL,NULL,2024-08-02,17260457441.png,17260457441_thumb.png,/assets/uploads/assetsre/ap/,0,0,
10616,,04614-FUR-KK-CFS-PTRE-25,Kursi Coklat,CFS,SAVELLO,Kaki besi,0,105007,0,0,23-1321012,100001,9,LT,0,NULL,NULL,NULL,NULL,255578,2026-06-07 21:27:35.000,0,NULL,NULL,2025-01-22,1737539794kursi_Coklat.jpeg,1737539794kursi_Coklat_thumb.jpeg,/assets/uploads/assetsre/ap/,0,1,
10617,,04615-FUR-KK-CFS-PTRE-25,Kursi Coklat,CFS,SAVELLO,Kursi besi,0,105007,0,0,23-1321012,100001,9,LT,0,NULL,NULL,NULL,NULL,255578,2026-06-07 21:27:26.000,0,NULL,NULL,2025-01-22,1737539847kursi_Coklat.jpeg,1737539847kursi_Coklat_thumb.jpeg,/assets/uploads/assetsre/ap/,0,1,
10618,,04616-FUR-KK-CFS-PTRE-14,Kursi Coklat,CFS,SAVELLO,kaki besi,0,105007,0,0,23-1321012,100001,10,LT,0,NULL,NULL,NULL,NULL,255578,2026-06-07 21:27:14.000,0,NULL,NULL,2018-03-15,1737539906kursi_Coklat.jpeg,1737539906kursi_Coklat_thumb.jpeg,/assets/uploads/assetsre/ap/,0,0,
10619,,04617-FUR-KK-CFS-PTRE-25,Kursi Kerja,CFS,SAVELLO,kursi jaring,0,104011,0,0,NULL,100001,9,LT,0,NULL,NULL,NULL,NULL,140133,2025-01-31 09:58:25.000,0,NULL,NULL,2025-01-22,1737544579Kursi_Savello_Jaring.jpeg,1737544579Kursi_Savello_Jaring_thumb.jpeg,/assets/uploads/assetsre/ap/,0,0,
10620,,04618-COMP-NB-CFS-PTRE-25,Kursi Kerja,CFS,SAVELLO,kursi jaring,0,104011,0,0,NULL,100001,9,LT,0,NULL,NULL,NULL,NULL,140133,2025-01-31 09:58:16.000,0,NULL,NULL,2025-01-22,1737544615Kursi_Savello_Jaring.jpeg,1737544615Kursi_Savello_Jaring_thumb.jpeg,/assets/uploads/assetsre/ap/,0,0,
10621,,04619-FUR-KK-CFS-PTRE-25,Kursi Kerja,CFS,SAVELLO,kursi jaring,0,104011,0,0,NULL,100001,9,LT,0,NULL,NULL,NULL,NULL,140133,2025-01-31 09:57:54.000,0,NULL,NULL,2025-01-22,1737544680Kursi_Savello_Jaring.jpeg,1737544680Kursi_Savello_Jaring_thumb.jpeg,/assets/uploads/assetsre/ap/,0,0,
10622,,04620-FUR-KK-CFS-PTRE-25,Kursi Coklat,CFS,SAVELLO,,0,102029,0,0,23-1131109,100001,9,LT,0,NULL,NULL,NULL,NULL,255578,2026-06-03 14:26:07.000,0,NULL,NULL,2025-01-22,1741919448kursi_Coklat.jpeg,1741919448kursi_Coklat_thumb.jpeg,/assets/uploads/assetsre/ap/,0,0,
10623,,04621-FUR-KK-CFS-PTRE-25,Kursi Kerja,CFS,SAVELLO,kursi jaring,0,104011,0,0,NULL,100001,9,LT,0,NULL,NULL,NULL,NULL,140133,2025-01-31 09:57:45.000,1,140133,2025-03-14 09:17:20.000,2025-01-22,1737544757Kursi_Savello_Jaring.jpeg,1737544757Kursi_Savello_Jaring_thumb.jpeg,/assets/uploads/assetsre/ap/,0,0,
10624,,04622-FUR-KK-CFS-PTRE-25,Kursi Kerja,CFS,SAVELLO,kursi jaring,0,104011,0,0,NULL,100001,9,LT,0,NULL,NULL,NULL,NULL,140133,2025-01-31 09:57:37.000,1,140133,2025-03-14 09:16:45.000,2025-01-22,1737544794Kursi_Savello_Jaring.jpeg,1737544794Kursi_Savello_Jaring_thumb.jpeg,/assets/uploads/assetsre/ap/,0,0,
10625,,04623-FUR-KK-CFS-PTRE-0125,Kursi Coklat,CFS,SAVELLO,,0,104011,0,0,NULL,100001,9,LT,0,NULL,NULL,NULL,NULL,140133,2025-01-22 18:23:23.000,1,140133,2025-01-22 18:31:11.000,2025-01-22,1737545003kursi_Coklat.jpeg,1737545003kursi_Coklat_thumb.jpeg,/assets/uploads/assetsre/ap/,0,0,
10626,,04624-FUR-KK-CFS-PTRE-25,Kursi Coklat,CFS,SAVELLO,,0,102029,0,0,23-1131109,100001,9,LT,0,NULL,NULL,NULL,NULL,255578,2026-06-03 14:25:57.000,0,NULL,NULL,2025-01-22,1737545037kursi_Coklat.jpeg,1737545037kursi_Coklat_thumb.jpeg,/assets/uploads/assetsre/ap/,0,0,
10627,,04625-FUR-KK-CFS-PTRE-25,Kursi Coklat,CFS,SAVELLO,,0,104011,0,0,NULL,100001,9,LT,0,NULL,NULL,NULL,NULL,140133,2025-01-31 09:57:23.000,1,140133,2025-03-14 09:17:10.000,2025-01-22,1737545084kursi_Coklat.jpeg,1737545084kursi_Coklat_thumb.jpeg,/assets/uploads/assetsre/ap/,0,0,
10628,,04626-FUR-KK-CFS-PTRE-25,Kursi Coklat,CFS,SAVELLO,,0,102029,0,0,23-1131109,100001,9,LT,0,NULL,NULL,NULL,NULL,255578,2026-06-03 14:25:51.000,0,NULL,NULL,2025-01-22,1737545131kursi_Coklat.jpeg,1737545131kursi_Coklat_thumb.jpeg,/assets/uploads/assetsre/ap/,0,0,
10629,,04627-FUR-KK-CFS-PTRE-25,Kursi Coklat,CFS,SAVELLO,,0,102029,0,0,23-1131109,100001,9,LT,0,NULL,NULL,NULL,NULL,255578,2026-06-03 14:25:41.000,0,NULL,NULL,2025-01-22,1737545233kursi_Coklat.jpeg,1737545233kursi_Coklat_thumb.jpeg,/assets/uploads/assetsre/ap/,0,0,
10630,,04628-FUR-KK-CFS-PTRE-25,Kursi Coklat,CFS,SAVELLO,,0,102029,0,0,23-1131109,100001,9,LT,0,NULL,NULL,NULL,NULL,255578,2026-06-03 14:25:30.000,0,NULL,NULL,2025-01-22,1737545276kursi_Coklat.jpeg,1737545276kursi_Coklat_thumb.jpeg,/assets/uploads/assetsre/ap/,0,0,
10631,,04629-FUR-KK-CFS-PTRE-25,Kursi Coklat,CFS,SAVELLO,,0,102029,0,0,23-1131109,100001,9,LT,0,NULL,NULL,NULL,NULL,255578,2026-06-03 14:25:21.000,0,NULL,NULL,2025-01-22,1737545335kursi_Coklat.jpeg,1737545335kursi_Coklat_thumb.jpeg,/assets/uploads/assetsre/ap/,0,0,
10632,,04630-FUR-KK-CFS-PTRE-25,Kursi Coklat,CFS,SAVELLO,,0,102029,0,0,23-1131109,100001,9,LT,0,NULL,NULL,NULL,NULL,255578,2026-06-03 14:25:12.000,0,NULL,NULL,2025-01-22,1737545375kursi_Coklat.jpeg,1737545375kursi_Coklat_thumb.jpeg,/assets/uploads/assetsre/ap/,0,0,
10633,,04631-FUR-KK-CFS-PTRE-25,Kursi Coklat,CFS,SAVELLO,,0,104011,0,0,23-1131109,100001,9,LT,0,NULL,NULL,NULL,NULL,255578,2026-05-31 18:13:54.000,0,NULL,NULL,2025-01-22,1737545421kursi_Coklat.jpeg,1737545421kursi_Coklat_thumb.jpeg,/assets/uploads/assetsre/ap/,0,0,
10636,,04633-FUR-KK-CFS-PTRE-25,Kursi Coklat,CFS,SAVELLO,,0,101045,0,0,23-1131109,100001,9,LT,0,NULL,NULL,NULL,NULL,140133,2025-03-18 14:03:02.000,0,NULL,NULL,2025-01-30,1738233743kursi_Coklat.jpeg,1738233743kursi_Coklat_thumb.jpeg,/assets/uploads/assetsre/ap/,0,0,
10637,,04634-FUR-KK-CFS-PTRE-25,Kursi Coklat,CFS,SAVELLO,,0,104011,0,0,23-1131109,100001,9,LT,0,NULL,NULL,NULL,NULL,255578,2026-05-31 18:13:46.000,0,NULL,NULL,2025-01-30,1738233774kursi_Coklat.jpeg,1738233774kursi_Coklat_thumb.jpeg,/assets/uploads/assetsre/ap/,0,0,
10638,,04635-FUR-KK-CFS-PTRE-25,Kursi Coklat,CFS,SAVELLO,,0,101052,0,0,23-1131109,100001,9,LT,0,NULL,NULL,NULL,NULL,255578,2026-05-29 14:00:43.000,0,NULL,NULL,2025-01-31,1738292106kursi_Coklat.jpeg,1738292106kursi_Coklat_thumb.jpeg,/assets/uploads/assetsre/ap/,0,0,
10639,,04676-FUR-KK-CFS-PTRE-25,Kursi Coklat,CFS,SAVELLO,,0,101052,0,0,23-1131109,100001,9,LT,0,NULL,NULL,NULL,NULL,255578,2026-05-29 14:00:27.000,0,NULL,NULL,2025-01-31,1738292145kursi_Coklat.jpeg,1738292145kursi_Coklat_thumb.jpeg,/assets/uploads/assetsre/ap/,0,0,
10640,,04675-FUR-KK-CFS-PTRE-25,Kursi Coklat,CFS,SAVELLO,,0,101052,0,0,23-1131109,100001,9,LT,0,NULL,NULL,NULL,NULL,255578,2026-05-29 14:00:15.000,0,NULL,NULL,2025-01-31,1738292176kursi_Coklat.jpeg,1738292176kursi_Coklat_thumb.jpeg,/assets/uploads/assetsre/ap/,0,0,
10661,,04689-FUR-KK-CFS-PTRE-25,Kursi Kerja Jaring,CFS,SAVELLO,,0,101047,0,0,NULL,100001,9,LT,0,NULL,NULL,NULL,NULL,140133,2025-02-13 09:30:18.000,0,NULL,NULL,2025-02-13,1739413701Kursi_Savello_Jaring.jpeg,1739413701Kursi_Savello_Jaring_thumb.jpeg,/assets/uploads/assetsre/ap/,0,0,
10662,,04690-FUR-KK-CFS-PTRE-25,Kursi Kerja Jaring,CFS,SAVELLO,,0,101047,0,0,NULL,100001,9,LT,0,NULL,NULL,NULL,NULL,140133,2025-02-13 09:28:54.000,0,NULL,NULL,2025-02-13,1739413734Kursi_Savello_Jaring.jpeg,1739413734Kursi_Savello_Jaring_thumb.jpeg,/assets/uploads/assetsre/ap/,0,0,
10663,,04691-FUR-KK-CFS-PTRE-25,Kursi Kerja Jaring,CFS,SAVELLO,,0,101047,0,0,NULL,100001,9,LT,0,NULL,NULL,NULL,NULL,140133,2025-02-13 09:30:09.000,0,NULL,NULL,2025-02-13,1739413769Kursi_Savello_Jaring.jpeg,1739413769Kursi_Savello_Jaring_thumb.jpeg,/assets/uploads/assetsre/ap/,0,0,
10664,,04692-FUR-KK-CFS-PTRE-25,Kursi Kerja Kulit,CFS,SAVELLO,,0,101047,0,0,23-1131109,100001,9,LT,0,NULL,NULL,NULL,NULL,255578,2026-06-07 18:13:48.000,0,NULL,NULL,2018-03-15,NULL,NULL,NULL,0,0,
10675,,04705-FUR-KK-CFS-PTRE-25,Kursi Tamu,CFS,SAVELLO,,0,105007,0,0,NULL,100001,9,LT,0,NULL,NULL,NULL,NULL,140133,2025-02-14 14:03:20.000,1,140133,2025-03-14 08:12:41.000,2025-02-14,1739516522kursi_Coklat.jpeg,1739516522kursi_Coklat_thumb.jpeg,/assets/uploads/assetsre/ap/,0,0,
10676,,04706-FUR-KK-CFS-PTRE-25,Kursi Coklat,CFS,SAVELLO,,0,105007,0,0,23-1321012,100001,9,LT,0,NULL,NULL,NULL,NULL,255578,2026-06-07 21:26:54.000,0,NULL,NULL,2025-02-14,1739516590kursi_cokelat_jaring.jpeg,1739516590kursi_cokelat_jaring_thumb.jpeg,/assets/uploads/assetsre/ap/,0,1,
10680,,04711-FUR-KK-CFS-PTRE-25,Kursi Kerja Jaring,CFS,SAVELLO,,0,101040,0,0,NULL,100001,9,LT,0,NULL,NULL,NULL,NULL,140133,2025-02-14 15:20:39.000,0,NULL,NULL,2025-02-14,NULL,NULL,NULL,0,0,
10681,,04712-FUR-KK-CFS-PTRE-25,Kursi Kerja Jaring,CFS,SAVELLO,,0,101040,0,0,NULL,100001,9,LT,0,NULL,NULL,NULL,NULL,140133,2025-02-14 15:21:28.000,0,NULL,NULL,2025-02-14,NULL,NULL,NULL,0,0,
10683,,04714-FUR-KK-CFS-PTRE-25,Kursi Kerja Jaring,CFS,SAVELLO,,0,101040,0,0,NULL,100001,9,LT,0,NULL,NULL,NULL,NULL,140133,2025-04-25 10:15:44.000,0,NULL,NULL,2025-02-14,NULL,NULL,NULL,0,0,
10686,,04717-FUR-KK-CFS-PTRE-25,Kursi Kerja Jaring,CFS,SAVELLO,,0,102029,0,0,23-1131109,100001,9,LT,0,NULL,NULL,NULL,NULL,255578,2026-09-03 10:25:34.000,0,NULL,NULL,2025-02-26,1740540503Kursi_Savello_Jaring.jpeg,1740540503Kursi_Savello_Jaring_thumb.jpeg,/assets/uploads/assetsre/ap/,1,0,
10687,,04718-FUR-KK-CFS-PTRE-25,Kursi Kerja Jaring,CFS,SAVELLO,,0,101049,0,0,NULL,100001,9,LT,0,NULL,NULL,NULL,NULL,140133,2025-02-26 10:29:16.000,0,NULL,NULL,2025-02-26,1740540556Kursi_Savello_Jaring.jpeg,1740540556Kursi_Savello_Jaring_thumb.jpeg,/assets/uploads/assetsre/ap/,0,0,
10693,,04725-FUR-KK-CFS-PTRE-25,Kursi Kerja Jaring,CFS,SAVELLO,,0,101036,0,0,NULL,100001,9,LT,0,NULL,NULL,NULL,NULL,140133,2025-03-10 10:23:51.000,0,NULL,NULL,2025-03-10,1741577030Kursi_Savello_Jaring.jpeg,1741577030Kursi_Savello_Jaring_thumb.jpeg,/assets/uploads/assetsre/ap/,0,0,
10694,,04726-FUR-KK-CFS-PTRE-25,Kursi Kerja Jaring,CFS,SAVELLO,,0,101036,0,0,NULL,100001,9,LT,0,NULL,NULL,NULL,NULL,140133,2025-03-10 10:24:17.000,0,NULL,NULL,2025-03-10,1741577057Kursi_Savello_Jaring.jpeg,1741577057Kursi_Savello_Jaring_thumb.jpeg,/assets/uploads/assetsre/ap/,0,0,
10696,,04728-FUR-KK-CFS-PTRE-25,Kursi Kerja Jaring,CFS,SAVELLO,,0,105014,0,0,NULL,100001,9,LT,0,NULL,NULL,NULL,NULL,140133,2025-03-12 08:29:11.000,0,NULL,NULL,2025-03-12,1741742951kursi_kerja_uno.jpeg,1741742951kursi_kerja_uno_thumb.jpeg,/assets/uploads/assetsre/ap/,0,0,
10697,,04729-FUR-KK-CFS-PTRE-25,Kursi Coklat,CFS,SAVELLO,,0,105014,0,0,NULL,100001,9,LT,0,NULL,NULL,NULL,NULL,140133,2025-03-12 08:30:17.000,1,140133,2025-03-14 08:15:06.000,2025-03-12,1741743017kursi_Coklat.jpeg,1741743017kursi_Coklat_thumb.jpeg,/assets/uploads/assetsre/ap/,0,0,
10698,,04730-FUR-KK-CFS-PTRE-25,Kursi Coklat,CFS,SAVELLO,,0,105014,0,0,NULL,100001,9,LT,0,NULL,NULL,NULL,NULL,140133,2025-03-12 08:31:00.000,1,140133,2025-03-14 08:15:10.000,2025-03-12,1741743060kursi_Coklat.jpeg,1741743060kursi_Coklat_thumb.jpeg,/assets/uploads/assetsre/ap/,0,0,
10699,,04731-FUR-KK-CFS-PTRE-25,Kursi Coklat,CFS,SAVELLO,,0,105014,0,0,NULL,100001,9,LT,0,NULL,NULL,NULL,NULL,140133,2025-03-12 08:31:46.000,1,140133,2025-03-14 08:15:18.000,2025-03-12,1741743106kursi_Coklat.jpeg,1741743106kursi_Coklat_thumb.jpeg,/assets/uploads/assetsre/ap/,0,0,
10700,,04732-FUR-KK-CFS-PTRE-25,Kursi Coklat,CFS,SAVELLO,,0,105014,0,0,NULL,100001,9,LT,0,NULL,NULL,NULL,NULL,140133,2025-03-12 08:32:39.000,1,140133,2025-03-14 08:15:15.000,2025-03-12,1741743159kursi_Coklat.jpeg,1741743159kursi_Coklat_thumb.jpeg,/assets/uploads/assetsre/ap/,0,0,
10710,,04741-FUR-KK-CFS-PTRE-25,Kursi Kerja Jaring,CFS,SAVELLO,,0,104011,0,0,NULL,100001,9,LT,0,NULL,NULL,NULL,NULL,140133,2025-03-14 09:06:20.000,1,140133,2025-03-14 09:16:37.000,2025-03-14,1741917980Kursi_Savello_Jaring.jpeg,1741917980Kursi_Savello_Jaring_thumb.jpeg,/assets/uploads/assetsre/ap/,0,0,
10711,,04742-FUR-KK-CFS-PTRE-25,Kursi Kerja Jaring,CFS,SAVELLO,,0,104011,0,0,NULL,100001,9,LT,0,NULL,NULL,NULL,NULL,140133,2025-03-14 09:06:54.000,1,140133,2025-03-14 09:16:33.000,2025-03-14,1741918014Kursi_Savello_Jaring.jpeg,1741918014Kursi_Savello_Jaring_thumb.jpeg,/assets/uploads/assetsre/ap/,0,0,
10722,37/PO-111/2025,04744-FUR-KK-CFS-PTRE-25,Kursi Kerja Jaring,CFS,INCO,,0,101040,0,0,NULL,100001,9,LT,0,NULL,NULL,NULL,NULL,140133,2025-04-25 10:15:03.000,0,NULL,NULL,2025-04-11,1744343605Kursi_Inco.jpeg,1744343605Kursi_Inco_thumb.jpeg,/assets/uploads/assetsre/ap/,0,0,
10723,37/PO-111/2025,04745-FUR-KK-CFS-PTRE-25,Kursi Kerja Jaring,CFS,INCO,,0,101040,0,0,NULL,100001,9,LT,0,NULL,NULL,NULL,NULL,140133,2025-04-25 10:14:48.000,0,NULL,NULL,2025-04-11,1744343588Kursi_Inco.jpeg,1744343588Kursi_Inco_thumb.jpeg,/assets/uploads/assetsre/ap/,0,0,
10724,37/PO-111/2025,04746-FUR-KK-CFS-PTRE-25,Kursi Kerja Jaring,CFS,INCO,,0,101040,0,0,NULL,100001,9,LT,0,NULL,NULL,NULL,NULL,140133,2025-04-25 10:14:40.000,0,NULL,NULL,2025-04-11,1744343580Kursi_Inco.jpeg,1744343580Kursi_Inco_thumb.jpeg,/assets/uploads/assetsre/ap/,0,0,
10725,37/PO-111/2025,04747-FUR-KK-CFS-PTRE-25,Kursi Kerja Jaring,CFS,INCO,,0,101040,0,0,NULL,100001,9,LT,0,NULL,NULL,NULL,NULL,140133,2025-04-25 10:15:09.000,0,NULL,NULL,2025-04-11,1744343548Kursi_Inco.jpeg,1744343548Kursi_Inco_thumb.jpeg,/assets/uploads/assetsre/ap/,0,0,
10726,37/PO-111/2025,04748-FUR-KK-CFS-PTRE-25,Kursi Kerja Jaring,CFS,INCO,,0,101040,0,0,NULL,100001,9,LT,0,NULL,NULL,NULL,NULL,140133,2025-04-25 10:14:31.000,0,NULL,NULL,2025-04-11,1744343564Kursi_Inco.jpeg,1744343564Kursi_Inco_thumb.jpeg,/assets/uploads/assetsre/ap/,0,0,
10727,37/PO-111/2025,04749-FUR-KK-CFS-PTRE-25,Kursi Kerja Jaring,CFS,INCO,,0,101040,0,0,NULL,100001,9,LT,0,NULL,NULL,NULL,NULL,140133,2025-04-25 10:14:55.000,0,NULL,NULL,2025-04-11,1744343537Kursi_Inco.jpeg,1744343537Kursi_Inco_thumb.jpeg,/assets/uploads/assetsre/ap/,0,0,
10728,37/PO-111/2025,04750-FUR-KK-CFS-PTRE-25,Kursi Kerja Jaring,CFS,INCO,,0,101040,0,0,NULL,100001,9,LT,0,NULL,NULL,NULL,NULL,140133,2025-04-25 10:14:11.000,0,NULL,NULL,2025-04-11,1744343529Kursi_Inco.jpeg,1744343529Kursi_Inco_thumb.jpeg,/assets/uploads/assetsre/ap/,0,0,
10729,37/PO-111/2025,04751-FUR-KK-CFS-PTRE-25,Kursi Kerja Jaring,CFS,INCO,,0,101040,0,0,NULL,100001,9,LT,0,NULL,NULL,NULL,NULL,140133,2025-04-25 10:14:18.000,0,NULL,NULL,2025-04-11,1744343514Kursi_Inco.jpeg,1744343514Kursi_Inco_thumb.jpeg,/assets/uploads/assetsre/ap/,0,0,
10730,37/PO-111/2025,04752-FUR-KK-CFS-PTRE-25,Kursi Kerja Jaring,CFS,INCO,,0,101040,0,0,NULL,100001,9,LT,0,NULL,NULL,NULL,NULL,140133,2025-04-25 10:14:01.000,0,NULL,NULL,2025-04-11,1744343499Kursi_Inco.jpeg,1744343499Kursi_Inco_thumb.jpeg,/assets/uploads/assetsre/ap/,0,0,
10731,37/PO-111/2025,04753-FUR-KK-CFS-PTRE-25,Kursi Kerja Jaring,CFS,INCO,,0,101040,0,0,NULL,100001,9,LT,0,NULL,NULL,NULL,NULL,140133,2025-04-25 10:13:48.000,0,NULL,NULL,2025-04-11,1744343476Kursi_Inco.jpeg,1744343476Kursi_Inco_thumb.jpeg,/assets/uploads/assetsre/ap/,0,0,
10745,,04763-FUR-KK-CFS-PTRE-25,Kursi Kerja Jaring,CFS,INCO,,0,101040,0,0,NULL,100001,9,LT,0,NULL,NULL,NULL,NULL,140133,2025-05-26 14:44:09.000,0,NULL,NULL,2025-05-05,1746436048Kursi_Inco.jpeg,1746436048Kursi_Inco_thumb.jpeg,/assets/uploads/assetsre/ap/,0,0,
10746,,04764-FUR-KK-CFS-PTRE-25,Kursi Kerja Jaring,CFS,INCO,,0,101040,0,0,NULL,100001,9,LT,0,NULL,NULL,NULL,NULL,140133,2025-05-26 14:44:00.000,0,NULL,NULL,2025-05-05,1746436088Kursi_Inco.jpeg,1746436088Kursi_Inco_thumb.jpeg,/assets/uploads/assetsre/ap/,0,0,
10747,,04765-FUR-KK-CFS-PTRE-25,Kursi Kerja Jaring,CFS,INCO,,0,101040,0,0,NULL,100001,9,LT,0,NULL,NULL,NULL,NULL,140133,2025-05-26 14:43:45.000,0,NULL,NULL,2025-05-05,1746436122Kursi_Inco.jpeg,1746436122Kursi_Inco_thumb.jpeg,/assets/uploads/assetsre/ap/,0,0,
10748,,04766-FUR-KK-CFS-PTRE-25,Kursi Kerja Jaring,CFS,INCO,,0,101040,0,0,NULL,100001,9,LT,0,NULL,NULL,NULL,NULL,140133,2025-05-26 14:43:38.000,0,NULL,NULL,2025-05-05,1746436143Kursi_Inco.jpeg,1746436143Kursi_Inco_thumb.jpeg,/assets/uploads/assetsre/ap/,0,0,
10749,,04767-FUR-KK-CFS-PTRE-25,Kursi Kerja Jaring,CFS,INCO,,0,101040,0,0,NULL,100001,9,LT,0,NULL,NULL,NULL,NULL,140133,2025-05-26 17:58:29.000,0,NULL,NULL,2025-05-05,1746436183Kursi_Inco.jpeg,1746436183Kursi_Inco_thumb.jpeg,/assets/uploads/assetsre/ap/,0,0,
10750,,04768-FUR-KK-CFS-PTRE-25,Kursi Kerja Jaring,CFS,INCO,,0,101046,0,0,NULL,100001,9,LT,0,NULL,NULL,NULL,NULL,255578,2026-01-28 18:11:32.000,0,NULL,NULL,2025-05-05,1746436213Kursi_Inco.jpeg,1746436213Kursi_Inco_thumb.jpeg,/assets/uploads/assetsre/ap/,0,0,
10751,,04769-FUR-KK-CFS-PTRE-25,Kursi Kerja Jaring,CFS,INCO,,0,102016,0,0,23-1131109,100001,9,LT,0,NULL,NULL,NULL,NULL,255578,2026-05-29 15:19:33.000,0,NULL,NULL,2025-05-05,1746436242Kursi_Inco.jpeg,1746436242Kursi_Inco_thumb.jpeg,/assets/uploads/assetsre/ap/,0,0,
10752,,04770-FUR-KK-CFS-PTRE-25,Kursi Kerja Jaring,CFS,INCO,,0,102016,0,0,23-1131109,100001,9,LT,0,1,255530,250523104613,2025-05-23,255578,2026-05-29 15:18:11.000,0,NULL,NULL,2025-05-05,1746436271Kursi_Inco.jpeg,1746436271Kursi_Inco_thumb.jpeg,/assets/uploads/assetsre/ap/,0,0,
10753,,04771-FUR-KK-CFS-PTRE-25,Kursi Kerja Jaring,CFS,INCO,,0,102016,0,0,23-1131109,100001,9,LT,0,1,255529,250523104537,2025-05-23,255578,2026-06-07 20:37:58.000,0,NULL,NULL,2025-05-05,1746436295Kursi_Inco.jpeg,1746436295Kursi_Inco_thumb.jpeg,/assets/uploads/assetsre/ap/,0,0,
10754,,04772-FUR-KK-CFS-PTRE-25,Kursi Kerja Jaring,CFS,INCO,,0,102016,0,0,23-1131109,100001,9,LT,0,1,205009,250523104510,2025-05-23,255578,2026-05-29 15:17:58.000,0,NULL,NULL,2025-05-05,1746436335Kursi_Inco.jpeg,1746436335Kursi_Inco_thumb.jpeg,/assets/uploads/assetsre/ap/,0,0,
11785,,04790-FUR-KK-CFS-PTRE-25,Kursi Coklat,CFS,SAVELLO,,0,102031,0,0,23-1131109,100001,9,LT,0,NULL,NULL,NULL,NULL,255578,2026-05-29 14:41:31.000,0,NULL,NULL,2025-10-15,NULL,NULL,NULL,0,0,
11919,,01602-FUR-KK-CFS-PTRE-26,Kursi Kerja Jaring,CFS,INDACHI,,726000,105014,0,0,23-1131109,100001,9,LT,0,NULL,NULL,NULL,NULL,255578,2026-07-17 08:55:57.000,0,NULL,NULL,2026-03-12,NULL,NULL,NULL,1,0,
11920,,01603-FUR-KK-CFS-PTRE-26,Kursi Kerja Jaring,CFS,INDACHI,,726000,105014,0,0,23-1131109,100001,9,LT,0,NULL,NULL,NULL,NULL,255578,2026-07-17 08:55:30.000,0,NULL,NULL,2026-03-12,NULL,NULL,NULL,1,0,
11921,,01604-FUR-KK-CFS-PTRE-26,Kursi Kerja Jaring,CFS,INDACHI,,726000,105014,0,0,23-1131109,100001,9,LT,0,NULL,NULL,NULL,NULL,255578,2026-07-17 08:55:37.000,0,NULL,NULL,2026-03-12,NULL,NULL,NULL,1,0,
11922,,01605-FUR-KK-CFS-PTRE-26,Kursi Kerja Jaring,CFS,INDACHI,,726000,105014,0,0,23-1131109,100001,9,LT,0,NULL,NULL,NULL,NULL,255578,2026-07-17 08:55:18.000,0,NULL,NULL,2026-03-12,NULL,NULL,NULL,1,0,
11923,,01606-FUR-KK-CFS-PTRE-26,Kursi Kerja Jaring,CFS,INDACHI,,726000,105014,0,0,23-1131109,100001,9,LT,0,NULL,NULL,NULL,NULL,255578,2026-07-17 08:55:11.000,0,NULL,NULL,2026-03-12,NULL,NULL,NULL,1,0,
11924,,01621-FUR-KK-CFS-PTRE-26,Kursi Kerja Jaring,CFS,INDACHI,,726000,105014,0,0,23-1131109,100001,9,LT,0,NULL,NULL,NULL,NULL,255578,2026-07-17 08:55:03.000,0,NULL,NULL,2026-03-12,NULL,NULL,NULL,1,0,
11925,,01607-FUR-KK-CFS-PTRE-26,Kursi Kerja Jaring,CFS,INDACHI,,726000,105014,0,0,23-1131109,100001,9,LT,0,NULL,NULL,NULL,NULL,255578,2026-07-17 08:54:48.000,0,NULL,NULL,2026-03-12,NULL,NULL,NULL,1,0,
11926,,01608-FUR-KK-CFS-PTRE-26,Kursi Kerja Jaring,CFS,INDACHI,,726000,105014,0,0,23-1131109,100001,9,LT,0,NULL,NULL,NULL,NULL,255578,2026-07-17 08:54:40.000,0,NULL,NULL,2026-03-12,NULL,NULL,NULL,1,0,
11927,,01610-FUR-KK-CFS-PTRE-26,Kursi Kerja Jaring,CFS,INDACHI,,726000,101040,0,0,23-1131109,100001,9,LT,0,1,073775,260317020333,2026-03-17,255578,2026-07-17 08:54:31.000,0,NULL,NULL,2026-03-12,NULL,NULL,NULL,1,0,
11928,,01609-FUR-KK-CFS-PTRE-26,Kursi Kerja Jaring,CFS,INDACHI,,726000,105014,0,0,23-1131109,100001,9,LT,0,NULL,NULL,NULL,NULL,255578,2026-07-17 08:54:24.000,0,NULL,NULL,2026-03-12,NULL,NULL,NULL,1,0,
11929,,01611-FUR-KK-CFS-PTRE-26,Kursi Kerja Jaring,CFS,INDACHI,,0,105014,0,0,23-1131109,100001,9,LT,0,NULL,NULL,NULL,NULL,255578,2026-07-17 08:54:11.000,0,NULL,NULL,2026-03-12,NULL,NULL,NULL,1,0,
11930,,01612-FUR-KK-CFS-PTRE-26,Kursi Kerja Jaring,CFS,INDACHI,,726000,105014,0,0,23-1131109,100001,9,LT,0,NULL,NULL,NULL,NULL,255578,2026-07-17 08:54:01.000,0,NULL,NULL,2026-03-12,NULL,NULL,NULL,1,0,
11931,,01613-FUR-KK-CFS-PTRE-26,Kursi Kerja Jaring,CFS,INDACHI,,726000,105014,0,0,23-1131109,100001,9,LT,0,NULL,NULL,NULL,NULL,255578,2026-07-17 08:53:40.000,0,NULL,NULL,2026-03-12,NULL,NULL,NULL,1,0,
11932,,01614-FUR-KK-CFS-PTRE-26,Kursi Kerja Jaring,CFS,INDACHI,,726000,105014,0,0,23-1131109,100001,9,LT,0,NULL,NULL,NULL,NULL,255578,2026-07-17 08:50:58.000,0,NULL,NULL,2026-03-12,NULL,NULL,NULL,1,0,
11933,,01615-FUR-KK-CFS-PTRE-26,Kursi Kerja Jaring,CFS,INDACHI,,726000,105014,0,0,23-1131109,100001,9,LT,0,NULL,NULL,NULL,NULL,255578,2026-07-17 08:50:43.000,0,NULL,NULL,2026-03-12,NULL,NULL,NULL,1,0,
11934,,01616-FUR-KK-CFS-PTRE-26,Kursi Kerja Jaring,CFS,INDACHI,,726000,105014,0,0,23-1131109,100001,9,LT,0,NULL,NULL,NULL,NULL,255578,2026-07-17 08:50:27.000,0,NULL,NULL,2026-03-12,NULL,NULL,NULL,1,0,
11935,,01617-FUR-KK-CFS-PTRE-26,Kursi Kerja Jaring,CFS,INDACHI,,726000,105014,0,0,23-1131109,100001,9,LT,0,NULL,NULL,NULL,NULL,255578,2026-07-17 08:50:19.000,0,NULL,NULL,2026-03-12,NULL,NULL,NULL,1,0,
11936,,01618-FUR-KK-CFS-PTRE-26,Kursi Kerja Jaring,CFS,INDACHI,,726000,105014,0,0,23-1131109,100001,9,LT,0,NULL,NULL,NULL,NULL,255578,2026-07-17 08:49:51.000,0,NULL,NULL,2026-03-12,NULL,NULL,NULL,1,0,
11937,,01619-FUR-KK-CFS-PTRE-26,Kursi Kerja Jaring,CFS,INDACHI,,726000,105014,0,0,23-1131109,100001,9,LT,0,NULL,NULL,NULL,NULL,255578,2026-07-17 08:49:45.000,0,NULL,NULL,2026-03-12,NULL,NULL,NULL,1,0,
11938,,01620-FUR-KK-CFS-PTRE-26,Kursi Kerja Jaring,CFS,INDACHI,,726000,105014,0,0,23-1131109,100001,9,LT,0,NULL,NULL,NULL,NULL,255578,2026-07-17 08:49:38.000,0,NULL,NULL,2026-03-12,NULL,NULL,NULL,1,0,
11973,,04817-FUR-KK-CFS-PTRE-26,Kursi Kerja Jaring,CFS,INDACHI,Bayu Shafar Nur Rohman (3D),760000,101040,0,0,23-1131109,100001,9,LT,0,1,245385,260715112718,2026-07-15,255578,2026-07-16 10:42:41.000,0,NULL,NULL,2026-07-15,1784173361WhatsApp_Image_2026-07-16_at_10_31_56.jpeg,1784173361WhatsApp_Image_2026-07-16_at_10_31_56_thumb.jpeg,/assets/uploads/assetsre/ap/,1,0,
11974,,04818-FUR-KK-CFS-PTRE-26,Kursi Kerja Jaring,CFS,INDACHI,,760000,101040,0,0,23-1131109,100001,9,LT,0,1,245385,260715112718,2026-07-15,255578,2026-07-16 10:41:40.000,0,NULL,NULL,2026-07-15,1784173300WhatsApp_Image_2026-07-16_at_10_31_14.jpeg,1784173300WhatsApp_Image_2026-07-16_at_10_31_14_thumb.jpeg,/assets/uploads/assetsre/ap/,1,0,
11975,,04819-FUR-KK-CFS-PTRE-26,Kursi Kerja Jaring,CFS,INDACHI,,760000,101040,0,0,23-1131109,100001,9,LT,0,NULL,NULL,NULL,NULL,255578,2026-07-16 10:41:13.000,0,NULL,NULL,2026-07-15,1784173273WhatsApp_Image_2026-07-16_at_10_30_43.jpeg,1784173273WhatsApp_Image_2026-07-16_at_10_30_43_thumb.jpeg,/assets/uploads/assetsre/ap/,1,0,
11976,,04820-FUR-KK-CFS-PTRE-26,Kursi Kerja Jaring,CFS,INDACHI,,760000,101040,0,0,23-1131109,100001,9,LT,0,NULL,NULL,NULL,NULL,255578,2026-07-15 11:42:36.000,0,NULL,NULL,2026-07-15,NULL,NULL,NULL,1,0,
11977,,04821-FUR-KK-CFS-PTRE-26,Kursi Kerja Jaring,CFS,INDACHI,Muchamad Khozin (3d),760000,101040,0,0,23-1131109,100001,9,LT,0,NULL,NULL,NULL,NULL,255578,2026-07-16 10:46:23.000,0,NULL,NULL,2026-07-15,1784173583WhatsApp_Image_2026-07-16_at_10_31_56.jpeg,1784173583WhatsApp_Image_2026-07-16_at_10_31_56_thumb.jpeg,/assets/uploads/assetsre/ap/,1,0,
11978,,04822-FUR-KK-CFS-PTRE-26,Kursi Kerja Jaring,CFS,INDACHI,Ihsan Gani (Civil),760000,104012,0,0,23-1131109,100001,9,LT,0,NULL,NULL,NULL,NULL,255578,2026-07-16 10:25:45.000,0,NULL,NULL,2026-07-15,1784172345Kursi_Indachi_(Ichsan)_.jpeg,1784172345Kursi_Indachi_(Ichsan)__thumb.jpeg,/assets/uploads/assetsre/ap/,1,0,
11979,,04823-FUR-KK-CFS-PTRE-26,Kursi Kerja Jaring,CFS,INDACHI,Hana Fitria Ramadhani (Electrical),760000,104011,0,0,23-1131109,100001,9,LT,0,NULL,NULL,NULL,NULL,255578,2026-07-16 10:19:39.000,0,NULL,NULL,2026-07-15,1784171979Kursi_Indachi_(Hana).jpeg,1784171979Kursi_Indachi_(Hana)_thumb.jpeg,/assets/uploads/assetsre/ap/,1,0,
11980,,04824-FUR-KK-CFS-PTRE-26,Kursi Kerja Jaring,CFS,INDACHI,,760000,102031,0,0,23-1131109,100001,9,LT,0,NULL,NULL,NULL,NULL,255578,2026-07-15 11:43:35.000,0,NULL,NULL,2026-07-15,NULL,NULL,NULL,1,0,
11981,,04825-FUR-KK-CFS-PTRE-26,Kursi Kerja Jaring,CFS,INDACHI,,760000,102016,0,0,23-1131109,100001,9,LT,0,NULL,NULL,NULL,NULL,255578,2026-07-22 17:24:03.000,0,NULL,NULL,2026-07-15,NULL,NULL,NULL,1,0,
11982,,04826-FUR-KK-CFS-PTRE-26,Kursi Kerja Jaring,CFS,INDACHI,,760000,102016,0,0,23-1131109,100001,9,LT,0,1,020036,260715012150,2026-07-15,255578,2026-07-22 17:23:50.000,0,NULL,NULL,2026-07-15,NULL,NULL,NULL,1,0,
12024,,04860-FUR-KK-CFS-PTRE-26,Kursi Kerja Jaring,CFS,INDACHI,,0,102025,0,0,NULL,100001,9,LT,0,NULL,NULL,NULL,NULL,255578,2026-09-22 17:42:25.000,0,NULL,NULL,2026-09-16,NULL,NULL,NULL,1,0,
12025,,04859-FUR-KK-CFS-PTRE-26,Kursi Kerja Jaring,CFS,INDACHI,,0,991001,0,0,NULL,100001,9,LT,0,NULL,NULL,NULL,NULL,255578,2026-09-16 17:00:06.000,0,NULL,NULL,2026-09-16,NULL,NULL,NULL,1,0,
12026,,04861-FUR-KK-CFS-PTRE-26,Kursi Kerja Jaring,CFS,INDACHI,,0,991001,0,0,NULL,100001,9,LT,0,NULL,NULL,NULL,NULL,255578,2026-09-16 17:01:06.000,0,NULL,NULL,2026-09-16,NULL,NULL,NULL,1,0,
12027,,04862-FUR-KK-CFS-PTRE-26,Kursi Kerja Jaring,CFS,INDACHI,,0,991001,0,0,NULL,100001,9,LT,0,NULL,NULL,NULL,NULL,255578,2026-09-16 17:01:34.000,0,NULL,NULL,2026-09-16,NULL,NULL,NULL,1,0,
12028,,04863-FUR-KK-CFS-PTRE-26,Kursi Kerja Jaring,CFS,INDACHI,,0,991001,0,0,NULL,100001,9,LT,0,NULL,NULL,NULL,NULL,255578,2026-09-16 17:01:46.000,0,NULL,NULL,2026-09-16,NULL,NULL,NULL,1,0,
12029,,04864-FUR-KK-CFS-PTRE-26,Kursi Kerja Jaring,CFS,INDACHI,,0,991001,0,0,NULL,100001,9,LT,0,NULL,NULL,NULL,NULL,255578,2026-09-16 17:02:01.000,0,NULL,NULL,2026-09-16,NULL,NULL,NULL,1,0,
12030,,04865-FUR-KK-CFS-PTRE-26,Kursi Kerja Jaring,CFS,INDACHI,,0,991001,0,0,NULL,100001,9,LT,0,NULL,NULL,NULL,NULL,255578,2026-09-16 17:02:18.000,0,NULL,NULL,2026-09-16,NULL,NULL,NULL,1,0,
12031,,04866-FUR-KK-CFS-PTRE-26,Kursi Kerja Jaring,CFS,INDACHI,,0,102025,0,0,NULL,100001,9,LT,0,NULL,NULL,NULL,NULL,255578,2026-09-22 17:42:11.000,0,NULL,NULL,2026-09-16,NULL,NULL,NULL,1,0,
12032,,04867-FUR-KK-CFS-PTRE-26,Kursi Kerja Jaring,CFS,INDACHI,,0,991001,0,0,NULL,100001,9,LT,0,NULL,NULL,NULL,NULL,255578,2026-09-16 17:02:44.000,0,NULL,NULL,2026-09-16,NULL,NULL,NULL,1,0,
12033,,04868-FUR-KK-CFS-PTRE-26,Kursi Kerja Jaring,CFS,INDACHI,,0,102015,0,0,NULL,100001,9,LT,0,NULL,NULL,NULL,NULL,255578,2026-09-22 13:09:33.000,0,NULL,NULL,2026-09-16,NULL,NULL,NULL,1,0,
