id,po_ref,code,name,organizer,brand,spesifikasi,value,location,umur_ekonomis,pembebanan,project_no,category,vendor,rent_type,kondisi,peminjaman,peminjaman_owner,peminjaman_token,peminjaman_start,create_owner,create_date,deletion,deletion_owner,deletion_date,buy_date,sample_photo,thumbnail,patch,assets_or_inventaris,status,duplicated_number
3023,,00430-MON-LCD-ICT-PTRE-07,LCD,ICT,Samsung,"LCD, 17""",0,121001,0,0,NULL,130004,9,LT,1,0,NULL,NULL,NULL,053573,2020-05-29 13:14:37.000,0,NULL,NULL,2007-06-08,NULL,NULL,NULL,0,1,
3025,,00432-MON-LCD-ICT-PTRE-07,LCD,ICT,Samsung,"LCD, 17""",0,121001,0,0,NULL,130004,9,LT,1,0,NULL,NULL,NULL,053573,2020-05-29 13:16:28.000,0,NULL,NULL,2007-06-08,NULL,NULL,NULL,0,1,
3026,,00433-MON-LCD-ICT-PTRE-07,LCD,ICT,Samsung,"LCD, 17""",0,121001,0,0,NULL,130004,9,LT,1,0,NULL,NULL,NULL,053573,2020-05-29 13:14:43.000,0,NULL,NULL,2007-06-08,NULL,NULL,NULL,0,1,
3050,,00457-MON-LCD-ICT-PTRE-07,LCD,ICT,LG,"LCD, 19""",0,121001,0,0,NULL,130004,9,LT,1,0,NULL,NULL,NULL,053573,2020-05-29 13:30:12.000,0,NULL,NULL,2007-12-16,NULL,NULL,NULL,0,1,
3051,,00458-MON-LCD-ICT-PTRE-07,LCD,ICT,LG,"LCD, 19""",0,121001,0,0,NULL,130004,9,LT,1,0,NULL,NULL,NULL,053573,2020-05-29 13:30:18.000,0,NULL,NULL,2007-12-16,NULL,NULL,NULL,0,1,
3055,,00462-MON-LCD-ICT-PTRE-08,LCD,ICT,DELL,"LCD, Wide 19""",0,121001,0,0,NULL,130004,9,LT,1,0,NULL,NULL,NULL,053573,2020-05-29 13:30:23.000,0,NULL,NULL,2008-05-21,NULL,NULL,NULL,0,1,
3057,,00464-MON-LCD-ICT-PTRE-08,LCD,ICT,DELL,"LCD, Wide 19""",0,121001,0,0,NULL,130004,9,LT,1,0,NULL,NULL,NULL,053573,2020-05-29 13:30:30.000,0,NULL,NULL,2008-05-21,NULL,NULL,NULL,0,1,
3059,,00466-MON-LCD-ICT-PTRE-08,LCD,ICT,DELL,"LCD, Wide 19""",0,121001,0,0,NULL,130004,9,LT,1,0,NULL,NULL,NULL,053573,2020-05-29 13:30:36.000,0,NULL,NULL,2008-06-03,NULL,NULL,NULL,0,1,
3061,,00468-MON-LCD-ICT-PTRE-08,LCD,ICT,DELL,"LCD, Wide 19""",0,121001,0,0,NULL,130004,9,LT,1,0,NULL,NULL,NULL,053573,2020-05-29 13:33:57.000,0,NULL,NULL,2008-05-16,NULL,NULL,NULL,0,1,
3063,,00470-MON-LCD-ICT-PTRE-08,LCD,ICT,DELL,"LCD, Wide 19""",0,121001,0,0,NULL,130004,9,LT,1,0,NULL,NULL,NULL,053573,2020-05-29 13:34:04.000,0,NULL,NULL,2008-06-03,NULL,NULL,NULL,0,1,
3065,,00472-MON-LCD-ICT-PTRE-08,LCD,ICT,DELL,"LCD, Wide 19""",0,121001,0,0,NULL,130004,9,LT,1,0,NULL,NULL,NULL,053573,2020-05-29 13:34:11.000,0,NULL,NULL,2008-06-03,NULL,NULL,NULL,0,1,
3067,,00474-MON-LCD-ICT-PTRE-08,LCD,ICT,DELL,"LCD, Wide 19""",0,121001,0,0,NULL,130004,9,LT,1,0,NULL,NULL,NULL,053573,2020-05-29 13:42:16.000,0,NULL,NULL,2008-04-30,NULL,NULL,NULL,0,1,
3070,,00477-MON-LCD-ICT-PTRE-08,LCD,ICT,LG,"LCD, WIDE 19""",0,121001,0,0,NULL,130004,9,LT,1,0,NULL,NULL,NULL,053573,2020-05-29 13:42:23.000,0,NULL,NULL,2008-05-07,NULL,NULL,NULL,0,1,
3077,,00484-MON-LCD-ICT-PTRE-08,LCD,ICT,DELL,"LCD, Wide 19""",0,121001,0,0,NULL,130004,9,LT,1,0,NULL,NULL,NULL,053573,2020-05-29 13:42:29.000,0,NULL,NULL,2008-05-16,NULL,NULL,NULL,0,1,
3079,,00486-MON-LCD-ICT-PTRE-08,LCD,ICT,DELL,"LCD, Wide 19""",0,121001,0,0,NULL,130004,9,LT,1,0,NULL,NULL,NULL,053573,2020-05-29 13:42:36.000,0,NULL,NULL,2008-06-03,NULL,NULL,NULL,0,1,
3080,,00487-MON-LCD-ICT-PTRE-08,LCD,ICT,DELL,"LCD, Wide 19""",0,121001,0,0,NULL,130004,9,LT,1,0,NULL,NULL,NULL,053573,2020-05-29 13:42:41.000,0,NULL,NULL,2008-05-16,NULL,NULL,NULL,0,1,
3082,,00489-MON-LCD-ICT-PTRE-08,LCD,ICT,DELL,"LCD, Wide 19""",0,121001,0,0,NULL,130004,9,LT,1,0,NULL,NULL,NULL,053573,2020-05-29 13:43:04.000,0,NULL,NULL,2008-05-16,NULL,NULL,NULL,0,1,
3084,,00491-MON-LCD-ICT-PTRE-08,LCD,ICT,DELL,"LCD, Wide 19""",0,121001,0,0,NULL,130004,9,LT,1,0,NULL,NULL,NULL,053573,2020-05-29 13:43:15.000,0,NULL,NULL,2008-05-26,NULL,NULL,NULL,0,1,
3086,,00493-MON-LCD-ICT-PTRE-08,LCD,ICT,DELL,"LCD, Wide 19""",0,121001,0,0,NULL,130004,9,LT,1,0,NULL,NULL,NULL,053573,2020-05-29 13:43:22.000,0,NULL,NULL,2008-05-21,NULL,NULL,NULL,0,1,
3088,,00495-MON-LCD-ICT-PTRE-08,LCD,ICT,DELL,"LCD, Wide 19""",0,121001,0,0,NULL,130004,9,LT,1,0,NULL,NULL,NULL,053573,2020-05-29 13:43:27.000,0,NULL,NULL,2008-04-18,NULL,NULL,NULL,0,1,
3090,,00497-MON-LCD-ICT-PTRE-08,LCD,ICT,DELL,"LCD, Wide 19""",0,121001,0,0,NULL,130004,9,LT,1,0,NULL,NULL,NULL,053573,2020-05-29 13:43:34.000,0,NULL,NULL,2008-04-18,NULL,NULL,NULL,0,1,
3092,,00499-MON-LCD-ICT-PTRE-08,LCD,ICT,DELL,"LCD, Wide 19""",0,121001,0,0,NULL,130004,9,LT,1,0,NULL,NULL,NULL,053573,2020-05-29 13:43:42.000,0,NULL,NULL,2008-06-09,NULL,NULL,NULL,0,1,
3094,,00501-MON-LCD-ICT-PTRE-08,LCD,ICT,DELL,"LCD, Wide 19""",0,121001,0,0,NULL,130004,9,LT,1,0,NULL,NULL,NULL,053573,2020-05-29 13:43:48.000,0,NULL,NULL,2008-06-09,NULL,NULL,NULL,0,1,
3095,,00502-MON-LCD-ICT-PTRE-08,LCD,ICT,LG,"LCD, WIDE 19""",0,121001,0,0,NULL,130004,9,LT,1,0,NULL,NULL,NULL,053573,2020-05-29 13:43:54.000,0,NULL,NULL,2008-05-26,NULL,NULL,NULL,0,1,
3096,,00503-MON-LCD-ICT-PTRE-08,LCD,ICT,LG,"LCD, WIDE 19""",0,121001,0,0,NULL,130004,9,LT,1,0,NULL,NULL,NULL,053573,2020-05-29 13:44:00.000,0,NULL,NULL,2008-05-26,NULL,NULL,NULL,0,1,
3098,,00505-MON-LCD-ICT-PTRE-08,LCD,ICT,DELL,"LCD, Wide 19""",0,121001,0,0,NULL,130004,9,LT,1,0,NULL,NULL,NULL,053573,2020-05-29 13:44:07.000,0,NULL,NULL,2008-05-16,NULL,NULL,NULL,0,1,
3099,,00506-MON-LCD-ICT-PTRE-08,LCD,ICT,LG,"LCD, WIDE 19""",0,121001,0,0,NULL,130004,9,LT,1,0,NULL,NULL,NULL,053573,2020-05-29 13:44:12.000,0,NULL,NULL,2008-05-26,NULL,NULL,NULL,0,1,
3100,,00507-MON-LCD-ICT-PTRE-08,LCD,ICT,LG,"LCD, WIDE 19""",0,121001,0,0,NULL,130004,9,LT,1,0,NULL,NULL,NULL,053573,2020-05-29 13:44:18.000,0,NULL,NULL,2008-05-26,NULL,NULL,NULL,0,1,
3101,,00508-MON-LCD-ICT-PTRE-08,LCD,ICT,LG,"LCD, WIDE 19""",0,121001,0,0,NULL,130004,9,LT,1,0,NULL,NULL,NULL,053573,2020-05-29 13:44:27.000,0,NULL,NULL,2008-05-26,NULL,NULL,NULL,0,1,
3102,,00509-MON-LCD-ICT-PTRE-08,LCD,ICT,LG,"LCD, WIDE 19""",0,121001,0,0,NULL,130004,9,LT,1,0,NULL,NULL,NULL,053573,2020-05-29 13:44:32.000,0,NULL,NULL,2008-05-26,NULL,NULL,NULL,0,1,
3104,,00511-MON-LCD-ICT-PTRE-08,LCD,ICT,DELL,"LCD, Wide 19""",0,121001,0,0,NULL,130004,9,LT,1,0,NULL,NULL,NULL,053573,2020-05-29 13:44:38.000,0,NULL,NULL,2008-05-26,NULL,NULL,NULL,0,1,
3105,,00512-MON-LCD-ICT-PTRE-08,LCD,ICT,LG,"LCD, WIDE 19""",0,121001,0,0,NULL,130004,9,LT,1,0,NULL,NULL,NULL,053573,2020-05-29 13:44:46.000,0,NULL,NULL,2008-05-26,NULL,NULL,NULL,0,1,
3106,,00513-MON-LCD-ICT-PTRE-08,LCD,ICT,LG,"LCD, WIDE 19""",0,121001,0,0,NULL,130004,9,LT,1,0,NULL,NULL,NULL,053573,2020-05-29 13:44:55.000,0,NULL,NULL,2008-05-26,NULL,NULL,NULL,0,1,
3107,,00514-MON-LCD-ICT-PTRE-08,LCD,ICT,LG,"LCD, WIDE 19""",0,121001,0,0,NULL,130004,9,LT,1,0,NULL,NULL,NULL,053573,2020-05-29 13:44:59.000,0,NULL,NULL,2008-05-26,NULL,NULL,NULL,0,1,
3108,,00515-MON-LCD-ICT-PTRE-08,LCD,ICT,LG,"LCD, WIDE 19""",0,121001,0,0,NULL,130004,9,LT,1,0,NULL,NULL,NULL,053573,2020-05-29 13:45:04.000,0,NULL,NULL,2008-05-26,NULL,NULL,NULL,0,1,
3110,,00517-MON-LCD-ICT-PTRE-08,LCD,ICT,DELL,"LCD, Wide 19""",0,121001,0,0,NULL,130004,9,LT,1,0,NULL,NULL,NULL,053573,2020-05-29 13:45:09.000,0,NULL,NULL,2008-05-26,NULL,NULL,NULL,0,1,
3112,,00519-MON-LCD-ICT-PTRE-08,LCD,ICT,DELL,"LCD, Wide 19""",0,121001,0,0,NULL,130004,9,LT,1,0,NULL,NULL,NULL,053573,2020-05-29 13:45:23.000,0,NULL,NULL,2008-05-26,NULL,NULL,NULL,0,1,
3113,,00520-MON-LCD-ICT-PTRE-08,LCD,ICT,LG,"LCD, WIDE 19""",0,121001,0,0,NULL,130004,9,LT,1,0,NULL,NULL,NULL,053573,2020-05-29 13:45:31.000,0,NULL,NULL,2008-05-26,NULL,NULL,NULL,0,1,
3114,,00521-MON-LCD-ICT-PTRE-08,LCD,ICT,LG,"LCD, WIDE 19""",0,121001,0,0,NULL,130004,9,LT,1,0,NULL,NULL,NULL,053573,2020-05-29 13:45:36.000,0,NULL,NULL,2008-05-26,NULL,NULL,NULL,0,1,
3115,,00522-MON-LCD-ICT-PTRE-08,LCD,ICT,LG,"LCD, WIDE 19""",0,121001,0,0,NULL,130004,9,LT,1,0,NULL,NULL,NULL,053573,2020-05-29 13:45:44.000,0,NULL,NULL,2008-05-26,NULL,NULL,NULL,0,1,
3116,,00523-MON-LCD-ICT-PTRE-08,LCD,ICT,LG,"LCD, WIDE 19""",0,121001,0,0,NULL,130004,9,LT,1,0,NULL,NULL,NULL,053573,2020-05-29 13:45:49.000,0,NULL,NULL,2008-05-26,NULL,NULL,NULL,0,1,
3118,,00525-MON-LCD-ICT-PTRE-08,LCD,ICT,DELL,"LCD, Wide 19""",0,121001,0,0,NULL,130004,9,LT,1,0,NULL,NULL,NULL,053573,2020-05-29 13:46:03.000,0,NULL,NULL,2008-05-26,NULL,NULL,NULL,0,1,
3121,,00528-MON-LCD-ICT-PTRE-08,LCD,ICT,DELL,"LCD, Wide 19""",0,121001,0,0,NULL,130004,9,LT,1,0,NULL,NULL,NULL,053573,2020-05-29 13:46:09.000,0,NULL,NULL,2008-04-25,NULL,NULL,NULL,0,1,
3123,,00530-MON-LCD-ICT-PTRE-08,LCD,ICT,DELL,"LCD, Wide 19""",0,121001,0,0,NULL,130004,9,LT,1,0,NULL,NULL,NULL,053573,2020-05-29 13:46:14.000,0,NULL,NULL,2008-04-25,NULL,NULL,NULL,0,1,
3125,,00532-MON-LCD-ICT-PTRE-08,LCD,ICT,DELL,"LCD, Wide 19""",0,121001,0,0,NULL,130004,9,LT,1,0,NULL,NULL,NULL,053573,2020-05-29 13:46:21.000,0,NULL,NULL,2008-04-25,NULL,NULL,NULL,0,1,
3127,,00534-MON-LCD-ICT-PTRE-08,LCD,ICT,DELL,"LCD, Wide 19""",0,121001,0,0,NULL,130004,9,LT,1,0,NULL,NULL,NULL,053573,2020-05-29 13:46:29.000,0,NULL,NULL,2008-06-09,NULL,NULL,NULL,0,1,
3130,,00537-MON-LCD-ICT-PTRE-08,LCD,ICT,DELL,"LCD, Wide 19""",0,121001,0,0,NULL,130004,9,LT,1,0,NULL,NULL,NULL,053573,2020-05-29 13:46:38.000,0,NULL,NULL,2008-04-21,NULL,NULL,NULL,0,1,
3132,,00539-MON-LCD-ICT-PTRE-08,LCD,ICT,DELL,"LCD, Wide 19""",0,121001,0,0,NULL,130004,9,LT,1,0,NULL,NULL,NULL,053573,2020-05-29 13:46:45.000,0,NULL,NULL,2008-04-21,NULL,NULL,NULL,0,1,
3134,,00541-MON-LCD-ICT-PTRE-08,LCD,ICT,DELL,"LCD, Wide 19""",0,121001,0,0,NULL,130004,9,LT,1,0,NULL,NULL,NULL,053573,2023-03-17 09:18:12.000,0,NULL,NULL,2008-05-26,NULL,NULL,NULL,0,1,
3138,,00545-MON-LCD-ICT-PTRE-08,LCD,ICT,DELL,"LCD, Wide 19""",0,121001,0,0,NULL,130004,9,LT,1,0,NULL,NULL,NULL,053573,2023-03-17 09:21:53.000,0,NULL,NULL,2008-06-24,NULL,NULL,NULL,0,1,
3140,,00547-MON-LCD-ICT-PTRE-08,LCD,ICT,DELL,"LCD, Wide 19""",0,121001,0,0,NULL,130004,9,LT,1,0,NULL,NULL,NULL,053573,2023-03-17 09:18:32.000,0,NULL,NULL,2008-07-01,NULL,NULL,NULL,0,1,
3141,,00548-MON-LCD-ICT-PTRE-08,LCD,ICT,DELL,"LCD, Wide 19""",0,121001,0,0,NULL,130004,9,LT,1,0,NULL,NULL,NULL,053573,2023-03-17 09:23:33.000,0,NULL,NULL,2008-07-07,NULL,NULL,NULL,0,1,
3162,,00569-MON-LCD-ICT-PTRE-09,"DELL 2208 WPF 22 "" WIDE",ICT,DELL,"DELL 2208 WPF 22 "" WIDE",0,121001,0,0,NULL,130004,9,LT,1,0,NULL,NULL,NULL,053573,2023-03-17 09:18:41.000,0,NULL,NULL,2009-07-21,NULL,NULL,NULL,0,1,
3163,,00570-MON-LCD-ICT-PTRE-09,"DELL 2208 WPF 22 "" WIDE",ICT,DELL,"DELL 2208 WPF 22 "" WIDE",0,121001,0,0,NULL,130004,9,LT,1,0,NULL,NULL,NULL,053573,2023-03-17 09:22:00.000,0,NULL,NULL,2009-07-21,NULL,NULL,NULL,0,1,
3167,,00574-MON-LCD-ICT-PTRE-09,"DELL 2208 WPF 22 "" WIDE",ICT,DELL,"DELL 2208 WPF 22 "" WIDE",0,121001,0,0,NULL,130004,9,LT,1,0,NULL,NULL,NULL,053573,2023-03-17 09:18:51.000,0,NULL,NULL,2009-10-23,NULL,NULL,NULL,0,1,
3169,,00576-MON-LCD-ICT-PTRE-09,"DELL 2208 WPF 22 "" WIDE",ICT,DELL,"DELL 2208 WPF 22 "" WIDE",0,121001,0,0,NULL,130004,9,LT,1,0,NULL,NULL,NULL,053573,2023-03-17 09:24:29.000,0,NULL,NULL,2009-10-23,NULL,NULL,NULL,0,1,
3170,,00577-MON-LCD-ICT-PTRE-09,"DELL 2208 WPF 22 "" WIDE",ICT,DELL,"DELL 2208 WPF 22 "" WIDE",0,121001,0,0,NULL,130004,9,LT,1,0,NULL,NULL,NULL,053573,2023-03-17 09:19:04.000,0,NULL,NULL,2009-10-23,NULL,NULL,NULL,0,1,
3172,,00579-MON-LCD-ICT-PTRE-09,"DELL 2208 WPF 22 "" WIDE",ICT,DELL,"DELL 2208 WPF 22 "" WIDE",0,121001,0,0,NULL,130004,9,LT,1,0,NULL,NULL,NULL,053573,2023-03-17 09:22:07.000,0,NULL,NULL,2009-11-09,NULL,NULL,NULL,0,1,
3174,,00581-MON-LCD-ICT-PTRE-09,"DELL 2208 WPF 22 "" WIDE",ICT,DELL,"DELL 2208 WPF 22 "" WIDE",0,121001,0,0,NULL,130004,9,LT,1,0,NULL,NULL,NULL,053573,2023-03-17 09:23:39.000,0,NULL,NULL,2009-11-09,NULL,NULL,NULL,0,1,
3176,,00583-MON-LCD-ICT-PTRE-10,"DELL DELL 2208 WPF 22 "" W",ICT,DELL,"DELL 2208 WPF 22 "" WIDE",0,121001,0,0,NULL,130004,9,LT,1,0,NULL,NULL,NULL,053573,2023-03-17 09:19:10.000,0,NULL,NULL,2010-01-07,NULL,NULL,NULL,0,1,
3178,,00585-MON-LCD-ICT-PTRE-10,"DELL DELL 2208 WPF 22 "" W",ICT,DELL,"DELL 2208 WPF 22 "" WIDE",0,121001,0,0,NULL,130004,9,LT,1,0,NULL,NULL,NULL,053573,2023-03-17 09:19:35.000,0,NULL,NULL,2010-01-07,NULL,NULL,NULL,0,1,
3193,,00600-MON-LCD-ICT-PTRE-10,SAMSUNG 18.5 INC,ICT,SAMSUNG,LCD 18.5 INC WIDE SCREEN,0,121001,0,0,NULL,130004,9,LT,1,0,NULL,NULL,NULL,053573,2020-05-29 13:16:11.000,0,NULL,NULL,2010-03-08,NULL,NULL,NULL,0,1,
3195,,00602-MON-LCD-ICT-PTRE-10,SAMSUNG 18.5 INC,ICT,SAMSUNG,LCD 18.5 INC WIDE SCREEN,0,121001,0,0,NULL,130004,9,LT,1,0,NULL,NULL,NULL,053573,2020-05-29 13:14:50.000,0,NULL,NULL,2010-03-08,NULL,NULL,NULL,0,1,
3200,,00607-MON-LCD-ICT-PTRE-10,DELL 19 INC,ICT,DELL,LCD 19 INC WIDE SCREEN,0,121001,0,0,NULL,130004,9,LT,1,0,NULL,NULL,NULL,053573,2023-03-17 09:19:22.000,0,NULL,NULL,2010-03-12,NULL,NULL,NULL,0,1,
3202,,00609-MON-LCD-ICT-PTRE-10,DELL 19 INC,ICT,DELL,LCD 19 INC WIDE SCREEN,0,121001,0,0,NULL,130004,9,LT,1,0,NULL,NULL,NULL,053573,2023-03-17 09:26:07.000,0,NULL,NULL,2010-03-12,NULL,NULL,NULL,0,1,
3204,,00611-MON-LCD-ICT-PTRE-10,DELL 19 INC,ICT,DELL,LCD 19 INC WIDE SCREEN,0,121001,0,0,NULL,130004,9,LT,1,0,NULL,NULL,NULL,053573,2023-03-17 09:19:40.000,0,NULL,NULL,2010-03-12,NULL,NULL,NULL,0,1,
3208,,00615-MON-LCD-ICT-PTRE-10,DELL 18.5 INC,ICT,DELL,LCD 18.5 INC WIDE SCREEN,0,121001,0,0,NULL,130004,9,LT,1,0,NULL,NULL,NULL,053573,2023-03-17 09:22:13.000,0,NULL,NULL,2010-03-23,NULL,NULL,NULL,0,1,
3210,,00617-MON-LCD-ICT-PTRE-10,DELL 18.5 INC,ICT,DELL,LCD 18.5 INC WIDE SCREEN,0,121001,0,0,NULL,130004,9,LT,1,0,NULL,NULL,NULL,053573,2023-03-17 09:19:45.000,0,NULL,NULL,2010-03-23,NULL,NULL,NULL,0,1,
3212,,00619-MON-LCD-ICT-PTRE-10,DELL 18.5 INC,ICT,DELL,LCD 18.5 INC WIDE SCREEN,0,121001,0,0,NULL,130004,9,LT,1,0,NULL,NULL,NULL,053573,2023-03-17 09:23:45.000,0,NULL,NULL,2010-03-23,NULL,NULL,NULL,0,1,
3215,,00622-MON-LCD-ICT-PTRE-10,DELL 18.5 INC,ICT,DELL,LCD 18.5 INC WIDE SCREEN,0,121001,0,0,NULL,130004,9,LT,1,0,NULL,NULL,NULL,053573,2023-03-17 09:22:18.000,0,NULL,NULL,2010-04-16,NULL,NULL,NULL,0,1,
3217,,00624-MON-LCD-ICT-PTRE-10,DELL 18.5 INC,ICT,DELL,LCD 18.5 INC WIDE SCREEN,0,121001,0,0,NULL,130004,9,LT,1,0,NULL,NULL,NULL,053573,2023-03-17 09:24:33.000,0,NULL,NULL,2010-04-16,NULL,NULL,NULL,0,1,
3219,,00626-MON-LCD-ICT-PTRE-10,DELL 18.5 INC,ICT,DELL,LCD 18.5 INC WIDE SCREEN,0,121001,0,0,NULL,130004,9,LT,1,0,NULL,NULL,NULL,053573,2023-03-17 09:19:51.000,0,NULL,NULL,2010-04-16,NULL,NULL,NULL,0,1,
3221,,00628-MON-LCD-ICT-PTRE-10,DELL 18.5 INC,ICT,DELL,LCD 18.5 INC WIDE SCREEN,0,121001,0,0,NULL,130004,9,LT,1,0,NULL,NULL,NULL,053573,2023-03-17 09:26:04.000,0,NULL,NULL,2010-04-16,NULL,NULL,NULL,0,1,
3223,,00630-MON-LCD-ICT-PTRE-10,DELL 18.5 INC,ICT,DELL,LCD 18.5 INC WIDE SCREEN,0,121001,0,0,NULL,130004,9,LT,1,0,NULL,NULL,NULL,053573,2023-03-17 09:22:29.000,0,NULL,NULL,2010-04-21,NULL,NULL,NULL,0,1,
3225,,00632-MON-LCD-ICT-PTRE-10,DELL 18.5 INC,ICT,DELL,LCD 18.5 INC WIDE SCREEN,0,121001,0,0,NULL,130004,9,LT,1,0,NULL,NULL,NULL,053573,2023-03-17 09:23:50.000,0,NULL,NULL,2010-04-21,NULL,NULL,NULL,0,1,
3227,,00634-MON-LCD-ICT-PTRE-10,DELL 18.5 INC,ICT,DELL,LCD 18.5 INC WIDE SCREEN,0,121001,0,0,NULL,130004,9,LT,1,0,NULL,NULL,NULL,053573,2023-03-17 09:24:38.000,0,NULL,NULL,2010-04-21,NULL,NULL,NULL,0,1,
3230,,00637-MON-LCD-ICT-PTRE-10,DELL 18.5 INC,ICT,DELL,LCD 18.5 INC WIDE SCREEN,0,121001,0,0,NULL,130004,9,LT,1,0,NULL,NULL,NULL,053573,2023-03-17 09:22:57.000,0,NULL,NULL,2010-04-22,NULL,NULL,NULL,0,1,
3232,,00639-MON-LCD-ICT-PTRE-10,DELL 18.5 INC,ICT,DELL,LCD 18.5 INC WIDE SCREEN,0,121001,0,0,NULL,130004,9,LT,1,0,NULL,NULL,NULL,053573,2023-03-17 09:22:36.000,0,NULL,NULL,2010-04-26,NULL,NULL,NULL,0,1,
3234,,00641-MON-LCD-ICT-PTRE-10,DELL 18.5 INC,ICT,DELL,LCD 18.5 INC WIDE SCREEN,0,121001,0,0,NULL,130004,9,LT,1,0,NULL,NULL,NULL,053573,2023-03-17 09:24:43.000,0,NULL,NULL,2010-04-26,NULL,NULL,NULL,0,1,
3237,,00644-MON-LCD-ICT-PTRE-10,DELL 18.5 INC,ICT,DELL,LCD 18.5 INC WIDE SCREEN,0,121001,0,0,NULL,130004,9,LT,1,0,NULL,NULL,NULL,053573,2023-03-17 09:23:55.000,0,NULL,NULL,2010-05-14,NULL,NULL,NULL,0,1,
3240,,00647-MON-LCD-ICT-PTRE-10,DELL 18.5 INC,ICT,DELL,LCD 18.5 INC WIDE SCREEN,0,121001,0,0,NULL,130004,9,LT,1,0,NULL,NULL,NULL,053573,2023-03-17 09:23:04.000,0,NULL,NULL,2010-05-14,NULL,NULL,NULL,0,1,
3242,,00649-MON-LCD-ICT-PTRE-10,DELL 18.5 INC,ICT,DELL,LCD 18.5 INC WIDE SCREEN,0,121001,0,0,NULL,130004,9,LT,1,0,NULL,NULL,NULL,053573,2023-03-17 09:25:59.000,0,NULL,NULL,2010-06-30,NULL,NULL,NULL,0,1,
3244,,00651-MON-LCD-ICT-PTRE-10,DELL 18.5 INC,ICT,DELL,LCD 18.5 INC WIDE SCREEN,0,121001,0,0,NULL,130004,9,LT,1,0,NULL,NULL,NULL,053573,2023-03-17 09:25:54.000,0,NULL,NULL,2010-07-01,NULL,NULL,NULL,0,1,
3248,,00655-MON-LCD-ICT-PTRE-10,DELL 23 INC 2310F,ICT,DELL,LCD 23 INC WIDE SCREEN,0,121001,0,0,NULL,130004,9,LT,1,0,NULL,NULL,NULL,053573,2023-03-17 09:24:00.000,0,NULL,NULL,2010-12-01,NULL,NULL,NULL,0,1,
3249,,00656-MON-LCD-ICT-PTRE-10,DELL 23 INC 2310F,ICT,DELL,LCD 23 INC WIDE SCREEN,0,121001,0,0,NULL,130004,9,LT,1,0,NULL,NULL,NULL,053573,2023-03-17 09:24:48.000,0,NULL,NULL,2010-12-01,NULL,NULL,NULL,0,1,
3254,,00661-MON-LCD-ICT-PTRE-10,DELL 19 INC,ICT,DELL,LCD 19 INC WIDE SCREEN,0,121001,0,0,NULL,130004,9,LT,1,0,NULL,NULL,NULL,053573,2023-03-17 09:24:07.000,0,NULL,NULL,2010-12-06,NULL,NULL,NULL,0,1,
3261,,00668-MON-LCD-ICT-PTRE-11,SAMSUNG B2030,ICT,SAMSUNG,"LCD Monitor 20""",0,121001,0,0,NULL,130004,9,LT,1,0,NULL,NULL,NULL,053573,2020-05-29 13:16:06.000,0,NULL,NULL,2011-04-14,NULL,NULL,NULL,0,1,
3263,,00670-MON-LCD-ICT-PTRE-11,SAMSUNG B2030,ICT,SAMSUNG,"LCD Monitor 20""",0,121001,0,0,NULL,130004,9,LT,1,0,NULL,NULL,NULL,053573,2020-05-29 13:14:55.000,0,NULL,NULL,2011-04-14,NULL,NULL,NULL,0,1,
3265,,00672-MON-LCD-ICT-PTRE-11,SAMSUNG B2030,ICT,SAMSUNG,"LCD Monitor 20""",0,121001,0,0,NULL,130004,9,LT,1,0,NULL,NULL,NULL,053573,2020-05-29 13:15:59.000,0,NULL,NULL,2011-05-05,NULL,NULL,NULL,0,1,
3267,,00674-MON-LCD-ICT-PTRE-11,SAMSUNG,ICT,SAMSUNG,"LCD Monitor 19""",0,121001,0,0,NULL,130004,9,LT,1,0,NULL,NULL,NULL,053573,2020-05-29 13:15:02.000,0,NULL,NULL,2010-01-01,NULL,NULL,NULL,0,1,
3269,,00676-MON-LCD-ICT-PTRE-11,SAMSUNG,ICT,SAMSUNG,"LCD Monitor 19""",0,121001,0,0,NULL,130004,9,LT,1,0,NULL,NULL,NULL,053573,2020-05-29 13:15:33.000,0,NULL,NULL,2010-01-01,NULL,NULL,NULL,0,1,
3271,,00678-MON-LCD-ICT-PTRE-11,SAMSUNG,ICT,SAMSUNG,"LCD Monitor 19""",0,121001,0,0,NULL,130004,9,LT,1,0,NULL,NULL,NULL,053573,2020-05-29 13:15:10.000,0,NULL,NULL,2010-01-01,NULL,NULL,NULL,0,1,
3273,,00680-MON-LCD-ICT-PTRE-11,SAMSUNG,ICT,SAMSUNG,"LCD Monitor 19""",0,121001,0,0,NULL,130004,9,LT,1,0,NULL,NULL,NULL,053573,2020-05-29 13:15:16.000,0,NULL,NULL,2010-01-01,NULL,NULL,NULL,0,1,
3275,,00682-MON-LCD-ICT-PTRE-11,SAMSUNG,ICT,SAMSUNG,"LCD Monitor 19""",0,121001,0,0,NULL,130004,9,LT,1,0,NULL,NULL,NULL,053573,2020-05-29 13:15:26.000,0,NULL,NULL,2010-01-01,NULL,NULL,NULL,0,1,
3277,,00684-MON-LCD-ICT-PTRE-11,SAMSUNG,ICT,SAMSUNG,"LCD Monitor 19""",0,121001,0,0,NULL,130004,9,LT,1,0,NULL,NULL,NULL,053573,2020-05-29 13:15:54.000,0,NULL,NULL,2010-01-01,NULL,NULL,NULL,0,1,
3279,,00686-MON-LCD-ICT-PTRE-11,SAMSUNG,ICT,SAMSUNG,"LCD Monitor 19""",0,121001,0,0,NULL,130004,9,LT,1,0,NULL,NULL,NULL,053573,2020-05-29 13:15:47.000,0,NULL,NULL,2010-01-01,NULL,NULL,NULL,0,1,
3281,,00688-MON-LCD-ICT-PTRE-11,SAMSUNG,ICT,SAMSUNG,"LCD Monitor 19""",0,121001,0,0,NULL,130004,9,LT,1,0,NULL,NULL,NULL,053573,2020-05-29 13:15:42.000,0,NULL,NULL,2010-01-01,NULL,NULL,NULL,0,1,
3283,,00690-MON-LCD-ICT-PTRE-11,SAMSUNG,ICT,SAMSUNG,"LCD Monitor 19""",0,121001,0,0,NULL,130004,9,LT,1,0,NULL,NULL,NULL,053573,2020-05-29 13:20:28.000,0,NULL,NULL,2010-01-01,NULL,NULL,NULL,0,1,
3285,,00692-MON-LCD-ICT-PTRE-11,SAMSUNG,ICT,SAMSUNG,"LCD Monitor 19""",0,121001,0,0,NULL,130004,9,LT,1,0,NULL,NULL,NULL,053573,2020-05-29 13:20:23.000,0,NULL,NULL,2010-01-01,NULL,NULL,NULL,0,1,
3287,,00694-MON-LCD-ICT-PTRE-11,SAMSUNG,ICT,SAMSUNG,"LCD Monitor 19""",0,121001,0,0,NULL,130004,9,LT,1,0,NULL,NULL,NULL,053573,2020-05-29 13:20:17.000,0,NULL,NULL,2010-01-01,NULL,NULL,NULL,0,1,
3289,,00696-MON-LCD-ICT-PTRE-11,SAMSUNG,ICT,SAMSUNG,"LCD Monitor 19""",0,121001,0,0,NULL,130004,9,LT,1,0,NULL,NULL,NULL,053573,2020-05-29 13:20:12.000,0,NULL,NULL,2010-01-01,NULL,NULL,NULL,0,1,
3291,,00698-MON-LCD-ICT-PTRE-11,SAMSUNG,ICT,SAMSUNG,"LCD Monitor 19""",0,121001,0,0,NULL,130004,9,LT,1,0,NULL,NULL,NULL,053573,2020-05-29 13:20:07.000,0,NULL,NULL,2010-01-01,NULL,NULL,NULL,0,1,
3293,,00700-MON-LCD-ICT-PTRE-11,SAMSUNG,ICT,SAMSUNG,"LCD Monitor 19""",0,121001,0,0,NULL,130004,9,LT,1,0,NULL,NULL,NULL,053573,2020-05-29 13:20:01.000,0,NULL,NULL,2010-01-01,NULL,NULL,NULL,0,1,
3295,,00702-MON-LCD-ICT-PTRE-11,SAMSUNG,ICT,SAMSUNG,"LCD Monitor 19""",0,121001,0,0,NULL,130004,9,LT,1,0,NULL,NULL,NULL,053573,2020-05-29 13:19:55.000,0,NULL,NULL,2010-01-01,NULL,NULL,NULL,0,1,
3297,,00704-MON-LCD-ICT-PTRE-11,SAMSUNG,ICT,SAMSUNG,"LCD Monitor 19""",0,121001,0,0,NULL,130004,9,LT,1,0,NULL,NULL,NULL,053573,2020-05-29 13:19:50.000,0,NULL,NULL,2010-01-01,NULL,NULL,NULL,0,1,
3299,,00706-MON-LCD-ICT-PTRE-11,SAMSUNG,ICT,SAMSUNG,"LCD Monitor 19""",0,121001,0,0,NULL,130004,9,LT,1,0,NULL,NULL,NULL,053573,2020-05-29 13:19:46.000,0,NULL,NULL,2010-01-01,NULL,NULL,NULL,0,1,
3301,,00708-MON-LCD-ICT-PTRE-11,SAMSUNG,ICT,SAMSUNG,"LCD Monitor 19""",0,121001,0,0,NULL,130004,9,LT,1,0,NULL,NULL,NULL,053573,2020-05-29 13:19:37.000,0,NULL,NULL,2010-01-01,NULL,NULL,NULL,0,1,
3303,,00710-MON-LCD-ICT-PTRE-11,SAMSUNG,ICT,SAMSUNG,"LCD Monitor 19""",0,121001,0,0,NULL,130004,9,LT,1,0,NULL,NULL,NULL,053573,2020-05-29 13:19:32.000,0,NULL,NULL,2010-01-01,NULL,NULL,NULL,0,1,
3305,,00712-MON-LCD-ICT-PTRE-11,SAMSUNG,ICT,SAMSUNG,"LCD Monitor 19""",0,121001,0,0,NULL,130004,9,LT,1,0,NULL,NULL,NULL,053573,2020-05-29 13:19:27.000,0,NULL,NULL,2010-01-01,NULL,NULL,NULL,0,1,
3307,,00714-MON-LCD-ICT-PTRE-11,SAMSUNG,ICT,SAMSUNG,"LCD Monitor 19""",0,121001,0,0,NULL,130004,9,LT,1,0,NULL,NULL,NULL,053573,2020-05-29 13:19:19.000,0,NULL,NULL,2010-01-01,NULL,NULL,NULL,0,1,
3309,,00716-MON-LCD-ICT-PTRE-11,SAMSUNG,ICT,SAMSUNG,"LCD Monitor 19""",0,121001,0,0,NULL,130004,9,LT,1,0,NULL,NULL,NULL,053573,2020-05-29 13:19:13.000,0,NULL,NULL,2010-01-01,NULL,NULL,NULL,0,1,
3311,,00718-MON-LCD-ICT-PTRE-11,SAMSUNG,ICT,SAMSUNG,"LCD Monitor 19""",0,121001,0,0,NULL,130004,9,LT,1,0,NULL,NULL,NULL,053573,2020-05-29 13:19:09.000,0,NULL,NULL,2010-01-01,NULL,NULL,NULL,0,1,
3313,,00720-MON-LCD-ICT-PTRE-11,SAMSUNG,ICT,SAMSUNG,"LCD Monitor 19""",0,121001,0,0,NULL,130004,9,LT,1,0,NULL,NULL,NULL,053573,2020-05-29 13:19:01.000,0,NULL,NULL,2010-01-01,NULL,NULL,NULL,0,1,
3315,,00722-MON-LCD-ICT-PTRE-11,SAMSUNG,ICT,SAMSUNG,"LCD Monitor 19""",0,121001,0,0,NULL,130004,9,LT,1,0,NULL,NULL,NULL,053573,2020-05-29 13:18:56.000,0,NULL,NULL,2010-01-01,NULL,NULL,NULL,0,1,
3317,,00724-MON-LCD-ICT-PTRE-11,SAMSUNG,ICT,SAMSUNG,"LCD Monitor 19""",0,121001,0,0,NULL,130004,9,LT,1,0,NULL,NULL,NULL,053573,2020-05-29 13:18:51.000,0,NULL,NULL,2010-01-01,NULL,NULL,NULL,0,1,
3319,,00726-MON-LCD-ICT-PTRE-11,SAMSUNG,ICT,SAMSUNG,"LCD Monitor 19""",0,121001,0,0,NULL,130004,9,LT,1,0,NULL,NULL,NULL,053573,2020-05-29 13:18:46.000,0,NULL,NULL,2010-01-01,NULL,NULL,NULL,0,1,
3321,,00728-MON-LCD-ICT-PTRE-11,SAMSUNG,ICT,SAMSUNG,"LCD Monitor 19""",0,121001,0,0,NULL,130004,9,LT,1,0,NULL,NULL,NULL,053573,2020-05-29 13:18:41.000,0,NULL,NULL,2010-01-01,NULL,NULL,NULL,0,1,
3323,,00730-MON-LCD-ICT-PTRE-11,SAMSUNG,ICT,SAMSUNG,"LCD Monitor 19""",0,121001,0,0,NULL,130004,9,LT,1,0,NULL,NULL,NULL,053573,2020-05-29 13:18:33.000,0,NULL,NULL,2010-01-01,NULL,NULL,NULL,0,1,
3325,,00732-MON-LCD-ICT-PTRE-11,SAMSUNG,ICT,SAMSUNG,"LCD Monitor 19""",0,121001,0,0,NULL,130004,9,LT,1,0,NULL,NULL,NULL,053573,2020-05-29 13:18:26.000,0,NULL,NULL,2010-01-01,NULL,NULL,NULL,0,1,
3327,,00734-MON-LCD-ICT-PTRE-11,SAMSUNG,ICT,SAMSUNG,"LCD Monitor 20""",0,121001,0,0,NULL,130004,9,LT,1,0,NULL,NULL,NULL,053573,2020-05-29 13:18:19.000,0,NULL,NULL,2011-10-23,NULL,NULL,NULL,0,1,
3329,,00736-MON-LCD-ICT-PTRE-11,SAMSUNG,ICT,SAMSUNG,"LCD Monitor 20""",0,121001,0,0,NULL,130004,9,LT,1,0,NULL,NULL,NULL,053573,2020-05-29 13:18:11.000,0,NULL,NULL,2011-10-23,NULL,NULL,NULL,0,1,
3331,,00738-MON-LCD-ICT-PTRE-11,SAMSUNG,ICT,SAMSUNG,"LCD Monitor 20""",0,121001,0,0,NULL,130004,9,LT,1,0,NULL,NULL,NULL,053573,2020-05-29 13:18:07.000,0,NULL,NULL,2011-10-23,NULL,NULL,NULL,0,1,
3333,,00740-MON-LCD-ICT-PTRE-11,LCD HP 2011X,ICT,HP,"LCD Monitor 20""",0,121001,0,0,NULL,130004,9,LT,1,0,NULL,NULL,NULL,053573,2023-03-17 09:25:50.000,0,NULL,NULL,2011-10-24,NULL,NULL,NULL,0,1,
3335,,00742-MON-LCD-ICT-PTRE-11,LCD HP 2011X,ICT,HP,"LCD Monitor 20""",0,121001,0,0,NULL,130004,9,LT,1,0,NULL,NULL,NULL,053573,2023-03-17 09:24:52.000,0,NULL,NULL,2011-10-24,NULL,NULL,NULL,0,1,
3337,,00744-MON-LCD-ICT-PTRE-11,LCD HP 2011X,ICT,HP,"LCD Monitor 20""",0,121001,0,0,NULL,130004,9,LT,1,1,124271,190218023231,2019-02-18,053573,2023-03-17 09:25:44.000,0,NULL,NULL,2011-10-24,NULL,NULL,NULL,0,1,
3339,,00746-MON-LCD-ICT-PTRE-11,LCD HP 2011X,ICT,HP,"LCD Monitor 20""",0,121001,0,0,NULL,130004,9,LT,1,0,NULL,NULL,NULL,053573,2023-03-17 09:25:40.000,0,NULL,NULL,2011-10-28,NULL,NULL,NULL,0,1,
3341,,00748-MON-LCD-ICT-PTRE-11,LCD HP 2011X,ICT,HP,"LCD Monitor 20""",0,121001,0,0,NULL,130004,9,LT,1,0,NULL,NULL,NULL,053573,2023-03-17 09:24:57.000,0,NULL,NULL,2011-10-28,NULL,NULL,NULL,0,1,
3343,,00750-MON-LCD-ICT-PTRE-11,LCD HP 2011X,ICT,HP,"LCD Monitor 20""",0,121001,0,0,NULL,130004,9,LT,1,0,NULL,NULL,NULL,053573,2023-03-17 09:25:34.000,0,NULL,NULL,2011-10-28,NULL,NULL,NULL,0,1,
3345,,00752-MON-LCD-ICT-PTRE-11,LCD HP 2011X,ICT,HP,"LCD Monitor 20""",0,121001,0,0,NULL,130004,9,LT,1,0,NULL,NULL,NULL,053573,2023-03-17 09:21:23.000,0,NULL,NULL,2011-11-08,NULL,NULL,NULL,0,1,
3347,,00754-MON-LCD-ICT-PTRE-11,LCD HP 2011X,ICT,HP,"LCD Monitor 20""",0,121001,0,0,NULL,130004,9,LT,1,0,NULL,NULL,NULL,053573,2023-03-17 09:25:02.000,0,NULL,NULL,2011-11-08,NULL,NULL,NULL,0,1,
3349,,00756-MON-LCD-ICT-PTRE-11,LCD HP 2011X,ICT,HP,"LCD Monitor 20""",0,121001,0,0,NULL,130004,9,LT,1,0,NULL,NULL,NULL,053573,2023-03-17 09:25:08.000,0,NULL,NULL,2011-11-08,NULL,NULL,NULL,0,1,
3364,,00771-MON-LCD-ICT-PTRE-11,LCD HP 2011X,ICT,HP,"LCD Monitor 20""",0,121001,0,0,NULL,130004,9,LT,1,0,NULL,NULL,NULL,053573,2023-03-17 09:21:15.000,0,NULL,NULL,2011-11-28,NULL,NULL,NULL,0,1,
3366,,00773-MON-LCD-ICT-PTRE-11,LCD HP 2011X,ICT,HP,"LCD Monitor 20""",0,121001,0,0,NULL,130004,9,LT,1,0,NULL,NULL,NULL,053573,2023-03-17 09:25:28.000,0,NULL,NULL,2011-11-28,NULL,NULL,NULL,0,1,
3368,,00775-MON-LCD-ICT-PTRE-11,LCD HP 2011X,ICT,HP,"LCD Monitor 20""",0,121001,0,0,NULL,130004,9,LT,1,0,NULL,NULL,NULL,053573,2023-03-17 09:25:16.000,0,NULL,NULL,2011-11-28,NULL,NULL,NULL,0,1,
3370,,00777-MON-LCD-ICT-PTRE-11,LCD HP 2011X,ICT,HP,"LCD Monitor 20""",0,121001,0,0,NULL,130004,9,LT,1,0,NULL,NULL,NULL,053573,2023-03-17 09:21:07.000,0,NULL,NULL,2011-11-28,NULL,NULL,NULL,0,1,
3372,,00779-MON-LCD-ICT-PTRE-11,LCD HP 2011X,ICT,HP,"LCD Monitor 20""",0,121001,0,0,NULL,130004,9,LT,1,0,NULL,NULL,NULL,053573,2023-03-17 09:25:20.000,0,NULL,NULL,2011-11-28,NULL,NULL,NULL,0,1,
3401,,00808-MON-LCD-ICT-PTRE-12,LCD HP 2201X,ICT,HP,"LCD Monitor 22""",0,121001,0,0,NULL,130004,9,LT,1,0,NULL,NULL,NULL,053573,2023-03-17 09:20:33.000,0,NULL,NULL,2012-01-12,NULL,NULL,NULL,0,1,
3402,,00809-MON-LCD-ICT-PTRE-12,LCD HP 2201X,ICT,HP,"LCD Monitor 22""",0,121001,0,0,NULL,130004,9,LT,1,0,NULL,NULL,NULL,053573,2023-03-17 09:28:52.000,0,NULL,NULL,2012-01-12,NULL,NULL,NULL,0,1,
3403,,00810-MON-LCD-ICT-PTRE-12,LCD HP 2201X,ICT,HP,"LCD Monitor 22""",0,121001,0,0,NULL,130004,9,LT,1,0,NULL,NULL,NULL,053573,2023-03-17 09:29:04.000,0,NULL,NULL,2012-01-12,NULL,NULL,NULL,0,1,
3404,,00811-MON-LCD-ICT-PTRE-12,LCD HP 2201X,ICT,HP,"LCD Monitor 22""",0,121001,0,0,NULL,130004,9,LT,1,0,NULL,NULL,NULL,053573,2023-03-17 09:28:59.000,0,NULL,NULL,2012-01-12,NULL,NULL,NULL,0,1,
3406,,00813-MON-LCD-ICT-PTRE-12,LCD HP 2011X,ICT,HP,"LED Monitor 20""",0,121001,0,0,NULL,130004,9,LT,1,0,NULL,NULL,NULL,053573,2023-03-17 09:29:09.000,0,NULL,NULL,2012-02-03,NULL,NULL,NULL,0,1,
3408,,00815-MON-LCD-ICT-PTRE-12,LCD HP 2011X,ICT,HP,"LED Monitor 20""",0,121001,0,0,NULL,130004,9,LT,1,0,NULL,NULL,NULL,053573,2023-03-17 09:29:14.000,0,NULL,NULL,2012-02-03,NULL,NULL,NULL,0,1,
3410,,00817-MON-LCD-ICT-PTRE-12,LCD HP 2011X,ICT,HP,"LED Monitor 20""",0,121001,0,0,NULL,130004,9,LT,1,0,NULL,NULL,NULL,053573,2023-03-17 09:29:19.000,0,NULL,NULL,2012-02-03,NULL,NULL,NULL,0,1,
3412,,00819-MON-LCD-ICT-PTRE-12,LCD HP 2011X,ICT,HP,"LED Monitor 20""",0,121001,0,0,NULL,130004,9,LT,1,0,NULL,NULL,NULL,053573,2023-03-17 09:29:25.000,0,NULL,NULL,2012-02-03,NULL,NULL,NULL,0,1,
3414,,00821-MON-LCD-ICT-PTRE-12,LCD HP 2011X,ICT,HP,"LED Monitor 20""",0,121001,0,0,NULL,130004,9,LT,1,0,NULL,NULL,NULL,053573,2023-03-17 09:29:30.000,0,NULL,NULL,2012-02-03,NULL,NULL,NULL,0,1,
3416,,00823-MON-LCD-ICT-PTRE-12,LCD HP 2011X,ICT,HP,"LED Monitor 20""",0,121001,0,0,NULL,130004,9,LT,1,0,NULL,NULL,NULL,053573,2023-03-17 09:29:35.000,0,NULL,NULL,2012-02-03,NULL,NULL,NULL,0,1,
3418,,00825-MON-LCD-ICT-PTRE-12,LCD HP 2011X,ICT,HP,"LED Monitor 20""",0,121001,0,0,NULL,130004,9,LT,1,0,NULL,NULL,NULL,053573,2023-03-17 09:29:39.000,0,NULL,NULL,2012-02-03,NULL,NULL,NULL,0,1,
3420,,00827-MON-LCD-ICT-PTRE-12,LCD HP 2011X,ICT,HP,"LED Monitor 20""",0,121001,0,0,NULL,130004,9,LT,1,0,NULL,NULL,NULL,053573,2023-03-17 09:29:44.000,0,NULL,NULL,2012-02-03,NULL,NULL,NULL,0,1,
3422,,00829-MON-LCD-ICT-PTRE-12,LCD HP 2011X,ICT,HP,"LED Monitor 20""",0,121001,0,0,NULL,130004,9,LT,1,0,NULL,NULL,NULL,053573,2023-03-17 09:29:56.000,0,NULL,NULL,2012-02-03,NULL,NULL,NULL,0,1,
3424,,00831-MON-LCD-ICT-PTRE-12,LCD HP 2011X,ICT,HP,"LED Monitor 20""",0,121001,0,0,NULL,130004,9,LT,1,0,NULL,NULL,NULL,053573,2023-03-17 09:29:50.000,0,NULL,NULL,2012-02-03,NULL,NULL,NULL,0,1,
3443,,00850-MON-LCD-ICT-PTRE-12,LCD HP 2011X,ICT,HP,"LED Monitor 20""",0,121001,0,0,NULL,130004,9,LT,1,0,NULL,NULL,NULL,053573,2023-03-17 09:30:04.000,0,NULL,NULL,2012-02-18,NULL,NULL,NULL,0,1,
3445,,00852-MON-LCD-ICT-PTRE-12,LCD HP 2011X,ICT,HP,"LED Monitor 20""",0,121001,0,0,NULL,130004,9,LT,1,0,NULL,NULL,NULL,053573,2023-03-17 09:30:09.000,0,NULL,NULL,2012-02-18,NULL,NULL,NULL,0,1,
3447,,00854-MON-LCD-ICT-PTRE-12,LCD HP 2011X,ICT,HP,"LED Monitor 20""",0,121001,0,0,NULL,130004,9,LT,1,0,NULL,NULL,NULL,053573,2023-03-17 09:30:15.000,0,NULL,NULL,2012-02-18,NULL,NULL,NULL,0,1,
3449,,00856-MON-LCD-ICT-PTRE-12,LCD HP 2011X,ICT,HP,"LED Monitor 20""",0,121001,0,0,NULL,130004,9,LT,1,0,NULL,NULL,NULL,053573,2023-03-17 09:30:21.000,0,NULL,NULL,2012-02-18,NULL,NULL,NULL,0,1,
3451,,00858-MON-LCD-ICT-PTRE-12,LCD HP 2011X,ICT,HP,"LED Monitor 20""",0,121001,0,0,NULL,130004,9,LT,1,0,NULL,NULL,NULL,053573,2023-03-17 09:30:25.000,0,NULL,NULL,2012-02-18,NULL,NULL,NULL,0,1,
3453,,00860-MON-LCD-ICT-PTRE-12,LCD LENOVO 2060,ICT,LENOVO,"LED Monitor 20""",0,121001,0,0,NULL,130004,9,LT,1,0,NULL,NULL,NULL,053573,2023-03-17 09:30:31.000,0,NULL,NULL,2012-02-05,NULL,NULL,NULL,0,1,
3455,,00862-MON-LCD-ICT-PTRE-12,LCD LENOVO 2060,ICT,LENOVO,"LED Monitor 20""",0,121001,0,0,NULL,130004,9,LT,1,0,NULL,NULL,NULL,053573,2023-03-17 09:30:36.000,0,NULL,NULL,2012-02-05,NULL,NULL,NULL,0,1,
3457,,00864-MON-LCD-ICT-PTRE-12,LCD LENOVO 2060,ICT,LENOVO,"LED Monitor 20""",0,121001,0,0,NULL,130004,9,LT,1,0,NULL,NULL,NULL,053573,2023-03-17 09:30:44.000,0,NULL,NULL,2012-02-05,NULL,NULL,NULL,0,1,
3459,,00866-MON-LCD-ICT-PTRE-12,LCD LENOVO 2060,ICT,LENOVO,"LED Monitor 20""",0,121001,0,0,NULL,130004,9,LT,1,0,NULL,NULL,NULL,053573,2023-03-17 09:30:49.000,0,NULL,NULL,2012-02-05,NULL,NULL,NULL,0,1,
3461,,00868-MON-LCD-ICT-PTRE-12,LCD LENOVO 2060,ICT,LENOVO,"LED Monitor 20""",0,121001,0,0,NULL,130004,9,LT,1,0,NULL,NULL,NULL,053573,2023-03-17 09:30:55.000,0,NULL,NULL,2012-02-05,NULL,NULL,NULL,0,1,
3463,,00870-MON-LCD-ICT-PTRE-12,LCD LENOVO 2060,ICT,LENOVO,"LED Monitor 20""",0,121001,0,0,NULL,130004,9,LT,1,0,NULL,NULL,NULL,053573,2023-03-17 09:31:01.000,0,NULL,NULL,2012-02-05,NULL,NULL,NULL,0,1,
3465,,00872-MON-LCD-ICT-PTRE-12,LCD LENOVO 2060,ICT,LENOVO,"LED Monitor 20""",0,121001,0,0,NULL,130004,9,LT,1,0,NULL,NULL,NULL,053573,2023-03-17 09:31:12.000,0,NULL,NULL,2012-02-05,NULL,NULL,NULL,0,1,
3467,,00874-MON-LCD-ICT-PTRE-12,LCD LENOVO 2060,ICT,LENOVO,"LED Monitor 20""",0,121001,0,0,NULL,130004,9,LT,1,0,NULL,NULL,NULL,053573,2023-03-17 09:31:17.000,0,NULL,NULL,2012-02-05,NULL,NULL,NULL,0,1,
3469,,00876-MON-LCD-ICT-PTRE-12,LCD LENOVO 2060,ICT,LENOVO,"LED Monitor 20""",0,121001,0,0,NULL,130004,9,LT,1,0,NULL,NULL,NULL,053573,2023-03-17 09:31:23.000,0,NULL,NULL,2012-02-05,NULL,NULL,NULL,0,1,
3471,,00878-MON-LCD-ICT-PTRE-12,LCD LENOVO 2060,ICT,LENOVO,"LED Monitor 20""",0,121001,0,0,NULL,130004,9,LT,1,0,NULL,NULL,NULL,053573,2023-03-17 09:31:27.000,0,NULL,NULL,2012-02-05,NULL,NULL,NULL,0,1,
3497,,00904-MON-LCD-ICT-PTRE-12,LCD HP 2201X,ICT,HP,"LCD Monitor 22""",0,121001,0,0,NULL,130004,9,LT,1,0,NULL,NULL,NULL,053573,2023-03-17 09:31:33.000,0,NULL,NULL,2012-03-27,NULL,NULL,NULL,0,1,
3498,,00905-MON-LCD-ICT-PTRE-12,LCD HP 2201X,ICT,HP,"LCD Monitor 22""",0,121001,0,0,NULL,130004,9,LT,1,0,NULL,NULL,NULL,053573,2023-03-17 09:31:38.000,0,NULL,NULL,2012-03-27,NULL,NULL,NULL,0,1,
3499,,00906-MON-LCD-ICT-PTRE-12,LCD HP 2201X,ICT,HP,"LCD Monitor 22""",0,121001,0,0,NULL,130004,9,LT,1,0,NULL,NULL,NULL,053573,2023-03-17 09:31:43.000,0,NULL,NULL,2012-03-27,NULL,NULL,NULL,0,1,
3500,,00907-MON-LCD-ICT-PTRE-12,LCD HP 2201X,ICT,HP,"LCD Monitor 22""",0,121001,0,0,NULL,130004,9,LT,1,0,NULL,NULL,NULL,053573,2023-03-17 09:31:48.000,0,NULL,NULL,2012-03-27,NULL,NULL,NULL,0,1,
3501,,00908-MON-LCD-ICT-PTRE-12,LCD HP 2201X,ICT,HP,"LCD Monitor 22""",0,121001,0,0,NULL,130004,9,LT,1,0,NULL,NULL,NULL,053573,2023-03-17 09:31:53.000,0,NULL,NULL,2012-03-27,NULL,NULL,NULL,0,1,
3502,,00909-MON-LCD-ICT-PTRE-12,LCD HP 2201X,ICT,HP,"LCD Monitor 22""",0,121001,0,0,NULL,130004,9,LT,1,0,NULL,NULL,NULL,053573,2023-03-17 09:31:59.000,0,NULL,NULL,2012-03-27,NULL,NULL,NULL,0,1,
3519,,00926-MON-LCD-ICT-PTRE-12,SAMSUNG,ICT,SAMSUNG,"LCD Monitor 19""",0,121001,0,0,NULL,130004,9,LT,1,0,NULL,NULL,NULL,053573,2020-05-29 13:18:02.000,0,NULL,NULL,2010-01-01,NULL,NULL,NULL,0,1,
3521,,00928-MON-LCD-ICT-PTRE-12,SAMSUNG,ICT,SAMSUNG,"LCD Monitor 19""",0,121001,0,0,NULL,130004,9,LT,1,0,NULL,NULL,NULL,053573,2020-05-29 13:17:57.000,0,NULL,NULL,2010-01-01,NULL,NULL,NULL,0,1,
3523,,00930-MON-LCD-ICT-PTRE-12,SAMSUNG,ICT,SAMSUNG,"LCD Monitor 19""",0,121001,0,0,NULL,130004,9,LT,1,0,NULL,NULL,NULL,053573,2020-05-29 13:17:52.000,0,NULL,NULL,2010-01-01,NULL,NULL,NULL,0,1,
3525,,00932-MON-LCD-ICT-PTRE-12,SAMSUNG,ICT,SAMSUNG,"LCD Monitor 19""",0,121001,0,0,NULL,130004,9,LT,1,0,NULL,NULL,NULL,053573,2020-05-29 13:17:47.000,0,NULL,NULL,2010-01-01,NULL,NULL,NULL,0,1,
3527,,00934-MON-LCD-ICT-PTRE-12,SAMSUNG,ICT,SAMSUNG,"LCD Monitor 19""",0,121001,0,0,NULL,130004,9,LT,1,0,NULL,NULL,NULL,053573,2020-05-29 13:17:40.000,0,NULL,NULL,2010-01-01,NULL,NULL,NULL,0,1,
3529,,00936-MON-LCD-ICT-PTRE-12,SAMSUNG,ICT,SAMSUNG,"LCD Monitor 19""",0,121001,0,0,NULL,130004,9,LT,1,0,NULL,NULL,NULL,053573,2020-05-29 13:17:35.000,0,NULL,NULL,2010-01-01,NULL,NULL,NULL,0,1,
3530,,00937-MON-LCD-ICT-PTRE-12,SAMSUNG,ICT,SAMSUNG,"LCD Monitor 19""",0,121001,0,0,NULL,130004,9,LT,1,0,NULL,NULL,NULL,053573,2020-05-29 13:17:30.000,0,NULL,NULL,2010-01-01,NULL,NULL,NULL,0,1,
3533,,00940-MON-LCD-ICT-PTRE-12,SAMSUNG,ICT,SAMSUNG,"LCD Monitor 19""",0,121001,0,0,NULL,130004,9,LT,1,0,NULL,NULL,NULL,053573,2020-05-29 13:17:26.000,0,NULL,NULL,2010-01-01,NULL,NULL,NULL,0,1,
3535,,00942-MON-LCD-ICT-PTRE-12,SAMSUNG,ICT,SAMSUNG,"LCD Monitor 19""",0,121001,0,0,NULL,130004,9,LT,1,0,NULL,NULL,NULL,053573,2020-05-29 13:17:20.000,0,NULL,NULL,2010-01-01,NULL,NULL,NULL,0,1,
3537,,00944-MON-LCD-ICT-PTRE-12,SAMSUNG,ICT,SAMSUNG,"LCD Monitor 19""",0,121001,0,0,NULL,130004,9,LT,1,0,NULL,NULL,NULL,053573,2020-05-29 13:17:16.000,0,NULL,NULL,2010-01-01,NULL,NULL,NULL,0,1,
3539,,00946-MON-LCD-ICT-PTRE-12,SAMSUNG,ICT,SAMSUNG,"LCD Monitor 19""",0,121001,0,0,NULL,130004,9,LT,1,0,NULL,NULL,NULL,053573,2020-05-29 13:17:11.000,0,NULL,NULL,2010-01-01,NULL,NULL,NULL,0,1,
3541,,00948-MON-LCD-ICT-PTRE-12,SAMSUNG,ICT,SAMSUNG,"LCD Monitor 19""",0,121001,0,0,NULL,130004,9,LT,1,0,NULL,NULL,NULL,053573,2020-05-29 13:17:06.000,0,NULL,NULL,2010-01-01,NULL,NULL,NULL,0,1,
3543,,00950-MON-LCD-ICT-PTRE-12,SAMSUNG,ICT,SAMSUNG,"LCD Monitor 19""",0,121001,0,0,NULL,130004,9,LT,1,0,NULL,NULL,NULL,053573,2020-05-29 13:17:01.000,0,NULL,NULL,2010-01-01,NULL,NULL,NULL,0,1,
3545,,00952-MON-LCD-ICT-PTRE-12,SAMSUNG,ICT,SAMSUNG,"LCD Monitor 19""",0,121001,0,0,NULL,130004,9,LT,1,0,NULL,NULL,NULL,053573,2020-05-29 13:16:56.000,0,NULL,NULL,2010-01-01,NULL,NULL,NULL,0,1,
3547,,00954-MON-LCD-ICT-PTRE-12,SAMSUNG,ICT,SAMSUNG,"LCD Monitor 19""",0,121001,0,0,NULL,130004,9,LT,1,0,NULL,NULL,NULL,053573,2020-05-29 13:16:50.000,0,NULL,NULL,2010-01-01,NULL,NULL,NULL,0,1,
3566,,00973-MON-LCD-ICT-PTRE-12,HP W2720A,ICT,HP,"LCD Monitor 20""",0,121001,0,0,NULL,130004,9,LT,1,0,NULL,NULL,NULL,053573,2023-03-17 09:32:04.000,0,NULL,NULL,2012-11-21,NULL,NULL,NULL,0,1,
3568,,00975-MON-LCD-ICT-PTRE-12,HP W2720A,ICT,HP,"LCD Monitor 20""",0,121001,0,0,NULL,130004,9,LT,1,0,NULL,NULL,NULL,053573,2023-03-17 09:32:12.000,0,NULL,NULL,2012-11-21,NULL,NULL,NULL,0,1,
3570,,00977-MON-LCD-ICT-PTRE-12,HP W2720A,ICT,HP,"LCD Monitor 20""",0,121001,0,0,NULL,130004,9,LT,1,0,NULL,NULL,NULL,053573,2023-03-17 09:32:18.000,0,NULL,NULL,2012-11-21,NULL,NULL,NULL,0,1,
3572,,00979-MON-LCD-ICT-PTRE-12,HP W2720A,ICT,HP,"LCD Monitor 20""",0,121001,0,0,NULL,130004,9,LT,1,0,NULL,NULL,NULL,053573,2023-03-17 09:32:22.000,0,NULL,NULL,2012-11-21,NULL,NULL,NULL,0,1,
3574,,00981-MON-LCD-ICT-PTRE-12,HP W2720A,ICT,HP,"LCD Monitor 20""",0,121001,0,0,NULL,130004,9,LT,1,0,NULL,NULL,NULL,053573,2023-03-17 09:32:28.000,0,NULL,NULL,2012-11-21,NULL,NULL,NULL,0,1,
3576,,00983-MON-LCD-ICT-PTRE-12,HP W2720A,ICT,HP,"LCD Monitor 20""",0,121001,0,0,NULL,130004,9,LT,1,0,NULL,NULL,NULL,053573,2023-03-17 09:32:35.000,0,NULL,NULL,2012-11-21,NULL,NULL,NULL,0,1,
3578,,00985-MON-LCD-ICT-PTRE-12,HP W2720A,ICT,HP,"LCD Monitor 20""",0,121001,0,0,NULL,130004,9,LT,1,0,NULL,NULL,NULL,053573,2023-03-17 09:32:41.000,0,NULL,NULL,2012-11-26,NULL,NULL,NULL,0,1,
3580,,00987-MON-LCD-ICT-PTRE-12,HP W2720A,ICT,HP,"LCD Monitor 20""",0,121001,0,0,NULL,130004,9,LT,1,0,NULL,NULL,NULL,053573,2023-03-17 09:32:45.000,0,NULL,NULL,2012-11-26,NULL,NULL,NULL,0,1,
3582,,00989-MON-LCD-ICT-PTRE-12,HP W2720A,ICT,HP,"LCD Monitor 20""",0,121001,0,0,NULL,130004,9,LT,1,0,NULL,NULL,NULL,053573,2023-03-17 09:32:54.000,0,NULL,NULL,2012-11-26,NULL,NULL,NULL,0,1,
3584,,00991-MON-LCD-ICT-PTRE-12,HP W2720A,ICT,HP,"LCD Monitor 20""",0,121001,0,0,NULL,130004,9,LT,1,0,NULL,NULL,NULL,053573,2023-03-17 09:32:59.000,0,NULL,NULL,2012-11-26,NULL,NULL,NULL,0,1,
3586,,00993-MON-LCD-ICT-PTRE-12,HP W2720A,ICT,HP,"LCD Monitor 20""",0,121001,0,0,NULL,130004,9,LT,1,0,NULL,NULL,NULL,053573,2023-03-17 09:33:04.000,0,NULL,NULL,2012-11-26,NULL,NULL,NULL,0,1,
3589,,00996-MON-LCD-ICT-PTRE-12,Lenovo LCD,ICT,LENOVO,"LCD Monitor 18,5""",0,121001,0,0,NULL,130004,9,LT,1,0,NULL,NULL,NULL,053573,2023-03-17 09:33:09.000,0,NULL,NULL,2012-11-26,NULL,NULL,NULL,0,1,
3664,,01071-MON-LCD-ICT-PTRE-13,Monitor Workstation ZR 2240,ICT,HP,"Monitor LED ZR 2240, 22 """,0,121001,0,0,NULL,130004,9,LT,1,0,NULL,NULL,NULL,053573,2023-03-17 09:33:17.000,0,NULL,NULL,2013-02-25,NULL,NULL,NULL,0,1,
3665,,01072-MON-LCD-ICT-PTRE-13,Monitor Workstation ZR 2240,ICT,HP,"Monitor LED ZR 2240, 22 """,0,121001,0,0,NULL,130004,9,LT,1,0,NULL,NULL,NULL,053573,2023-03-17 09:33:25.000,0,NULL,NULL,2013-02-25,NULL,NULL,NULL,0,1,
3666,,01073-MON-LCD-ICT-PTRE-13,Monitor Workstation ZR 2240,ICT,HP,"Monitor LED ZR 2240, 22 """,0,121001,0,0,NULL,130004,9,LT,1,0,NULL,NULL,NULL,053573,2023-03-17 09:33:30.000,0,NULL,NULL,2013-02-25,NULL,NULL,NULL,0,1,
3667,,01074-MON-LCD-ICT-PTRE-13,Monitor Workstation ZR 2240,ICT,HP,"Monitor LED ZR 2240, 22 """,0,121001,0,0,NULL,130004,9,LT,1,0,NULL,NULL,NULL,053573,2023-03-17 09:33:35.000,0,NULL,NULL,2013-02-25,NULL,NULL,NULL,0,1,
3668,,01075-MON-LCD-ICT-PTRE-13,Monitor Workstation ZR 2240,ICT,HP,"Monitor LED ZR 2240, 22 """,0,121001,0,0,NULL,130004,9,LT,1,0,NULL,NULL,NULL,053573,2023-03-17 09:33:48.000,0,NULL,NULL,2013-02-25,NULL,NULL,NULL,0,1,
3669,,01076-MON-LCD-ICT-PTRE-13,Monitor Workstation ZR 2240,ICT,HP,"Monitor LED ZR 2240, 22 """,0,121001,0,0,NULL,130004,9,LT,1,0,NULL,NULL,NULL,053573,2023-03-17 09:33:53.000,0,NULL,NULL,2013-02-25,NULL,NULL,NULL,0,1,
3670,,01077-MON-LCD-ICT-PTRE-13,Monitor Workstation ZR 2240,ICT,HP,"Monitor LED ZR 2240, 22 """,0,121001,0,0,NULL,130004,9,LT,1,0,NULL,NULL,NULL,053573,2023-03-17 09:33:57.000,0,NULL,NULL,2013-02-25,NULL,NULL,NULL,0,1,
3671,,01078-MON-LCD-ICT-PTRE-13,Monitor Workstation ZR 2240,ICT,HP,"Monitor LED ZR 2240, 22 """,0,121001,0,0,NULL,130004,9,LT,1,0,NULL,NULL,NULL,053573,2023-03-17 09:34:02.000,0,NULL,NULL,2013-02-25,NULL,NULL,NULL,0,1,
3672,,01079-MON-LCD-ICT-PTRE-13,Monitor Workstation ZR 2240,ICT,HP,"Monitor LED ZR 2240, 22 """,0,121001,0,0,NULL,130004,9,LT,1,0,NULL,NULL,NULL,053573,2023-03-17 09:34:06.000,0,NULL,NULL,2013-02-25,NULL,NULL,NULL,0,1,
3673,,01080-MON-LCD-ICT-PTRE-13,Monitor Workstation ZR 2240,ICT,HP,"Monitor LED ZR 2240, 22 """,0,121001,0,0,NULL,130004,9,LT,1,0,NULL,NULL,NULL,053573,2023-03-17 09:34:18.000,0,NULL,NULL,2013-02-25,NULL,NULL,NULL,0,1,
3674,,01081-MON-LCD-ICT-PTRE-13,Monitor Workstation ZR 2240,ICT,HP,"Monitor LED ZR 2240, 22 """,0,121001,0,0,NULL,130004,9,LT,1,0,NULL,NULL,NULL,053573,2023-03-17 09:34:23.000,0,NULL,NULL,2013-02-25,NULL,NULL,NULL,0,1,
3675,,01082-MON-LCD-ICT-PTRE-13,Monitor Workstation ZR 2240,ICT,HP,"Monitor LED ZR 2240, 22 """,0,121001,0,0,NULL,130004,9,LT,1,0,NULL,NULL,NULL,053573,2023-03-17 09:34:28.000,0,NULL,NULL,2013-02-25,NULL,NULL,NULL,0,1,
3676,,01083-MON-LCD-ICT-PTRE-13,Monitor Workstation ZR 2240,ICT,HP,"Monitor LED ZR 2240, 22 """,0,121001,0,0,NULL,130004,9,LT,1,0,NULL,NULL,NULL,053573,2023-03-17 09:34:36.000,0,NULL,NULL,2013-02-25,NULL,NULL,NULL,0,1,
3677,,01084-MON-LCD-ICT-PTRE-13,Monitor Workstation ZR 2240,ICT,HP,"Monitor LED ZR 2240, 22 """,0,121001,0,0,NULL,130004,9,LT,1,0,NULL,NULL,NULL,053573,2023-03-17 09:34:41.000,0,NULL,NULL,2013-02-25,NULL,NULL,NULL,0,1,
3678,,01085-MON-LCD-ICT-PTRE-13,Monitor Workstation ZR 2240,ICT,HP,"Monitor LED ZR 2240, 22 """,0,121001,0,0,NULL,130004,9,LT,1,0,NULL,NULL,NULL,053573,2023-03-17 09:34:52.000,0,NULL,NULL,2013-02-25,NULL,NULL,NULL,0,1,
3679,,01086-MON-LCD-ICT-PTRE-13,Monitor Workstation ZR 2240,ICT,HP,"Monitor LED ZR 2240, 22 """,0,121001,0,0,NULL,130004,9,LT,1,0,NULL,NULL,NULL,053573,2023-03-17 09:34:56.000,0,NULL,NULL,2013-02-25,NULL,NULL,NULL,0,1,
3680,,01087-MON-LCD-ICT-PTRE-13,Monitor Workstation ZR 2240,ICT,HP,"Monitor LED ZR 2240, 22 """,0,121001,0,0,NULL,130004,9,LT,1,0,NULL,NULL,NULL,053573,2023-03-17 09:35:00.000,0,NULL,NULL,2013-02-25,NULL,NULL,NULL,0,1,
3681,,01088-MON-LCD-ICT-PTRE-13,Monitor Workstation ZR 2240,ICT,HP,"Monitor LED ZR 2240, 22 """,0,121001,0,0,NULL,130004,9,LT,1,0,NULL,NULL,NULL,053573,2023-03-17 09:35:04.000,0,NULL,NULL,2013-02-25,NULL,NULL,NULL,0,1,
3682,,01089-MON-LCD-ICT-PTRE-13,Monitor Workstation ZR 2240,ICT,HP,"Monitor LED ZR 2240, 22 """,0,121001,0,0,NULL,130004,9,LT,1,0,NULL,NULL,NULL,053573,2023-03-17 09:35:10.000,0,NULL,NULL,2013-02-25,NULL,NULL,NULL,0,1,
3683,,01090-MON-LCD-ICT-PTRE-13,Monitor Workstation ZR 2240,ICT,HP,"Monitor LED ZR 2240, 22 """,0,121001,0,0,NULL,130004,9,LT,1,0,NULL,NULL,NULL,053573,2023-03-17 09:35:15.000,0,NULL,NULL,2013-02-25,NULL,NULL,NULL,0,1,
3684,,01091-MON-LCD-ICT-PTRE-13,Monitor Workstation ZR 2240,ICT,HP,"Monitor LED ZR 2240, 22 """,0,121001,0,0,NULL,130004,9,LT,1,0,NULL,NULL,NULL,053573,2023-03-17 09:35:20.000,0,NULL,NULL,2013-02-25,NULL,NULL,NULL,0,1,
3685,,01092-MON-LCD-ICT-PTRE-13,Monitor Workstation ZR 2240,ICT,HP,"Monitor LED ZR 2240, 22 """,0,121001,0,0,NULL,130004,9,LT,1,0,NULL,NULL,NULL,053573,2023-03-17 09:35:24.000,0,NULL,NULL,2013-02-25,NULL,NULL,NULL,0,1,
3686,,01093-MON-LCD-ICT-PTRE-13,Monitor Workstation ZR 2240,ICT,HP,"Monitor LED ZR 2240, 22 """,0,121001,0,0,NULL,130004,9,LT,1,0,NULL,NULL,NULL,053573,2023-03-17 09:36:25.000,0,NULL,NULL,2013-02-25,NULL,NULL,NULL,0,1,
3687,,01094-MON-LCD-ICT-PTRE-13,Monitor Workstation ZR 2240,ICT,HP,"Monitor LED ZR 2240, 22 """,0,121001,0,0,NULL,130004,9,LT,1,0,NULL,NULL,NULL,053573,2023-03-17 09:36:31.000,0,NULL,NULL,2013-02-25,NULL,NULL,NULL,0,1,
3688,,01095-MON-LCD-ICT-PTRE-13,Monitor Workstation ZR 2240,ICT,HP,"Monitor LED ZR 2240, 22 """,0,121001,0,0,NULL,130004,9,LT,1,0,NULL,NULL,NULL,053573,2023-03-17 09:36:36.000,0,NULL,NULL,2013-02-25,NULL,NULL,NULL,0,1,
3689,,01096-MON-LCD-ICT-PTRE-13,Monitor Workstation ZR 2240,ICT,HP,"Monitor LED ZR 2240, 22 """,0,121001,0,0,NULL,130004,9,LT,1,0,NULL,NULL,NULL,053573,2023-03-17 09:36:43.000,0,NULL,NULL,2013-02-25,NULL,NULL,NULL,0,1,
3690,,01097-MON-LCD-ICT-PTRE-13,Monitor Workstation ZR 2240,ICT,HP,"Monitor LED ZR 2240, 22 """,0,121001,0,0,NULL,130004,9,LT,1,0,NULL,NULL,NULL,053573,2023-03-17 09:36:48.000,0,NULL,NULL,2013-02-25,NULL,NULL,NULL,0,1,
3691,,01098-MON-LCD-ICT-PTRE-13,Monitor Workstation ZR 2240,ICT,HP,"Monitor LED ZR 2240, 22 """,0,121001,0,0,NULL,130004,9,LT,1,0,NULL,NULL,NULL,053573,2023-03-17 09:36:53.000,0,NULL,NULL,2013-02-25,NULL,NULL,NULL,0,1,
3692,,01099-MON-LCD-ICT-PTRE-13,Monitor Workstation ZR 2240,ICT,HP,"Monitor LED ZR 2240, 22 """,0,121001,0,0,NULL,130004,9,LT,1,0,NULL,NULL,NULL,053573,2023-03-17 09:36:58.000,0,NULL,NULL,2013-02-25,NULL,NULL,NULL,0,1,
3693,,01100-MON-LCD-ICT-PTRE-13,Monitor Workstation ZR 2240,ICT,HP,"Monitor LED ZR 2240, 22 """,0,121001,0,0,NULL,130004,9,LT,1,0,NULL,NULL,NULL,053573,2023-03-17 09:37:39.000,0,NULL,NULL,2013-02-25,NULL,NULL,NULL,0,1,
3695,,01101-MON-LCD-ICT-PTRE-13,Monitor Workstation ZR 2240,ICT,HP,"Monitor LED ZR 2240, 22 """,0,121001,0,0,NULL,130004,9,LT,1,0,NULL,NULL,NULL,053573,2023-03-17 09:37:43.000,0,NULL,NULL,2013-02-25,NULL,NULL,NULL,0,1,
3696,,01102-MON-LCD-ICT-PTRE-13,Monitor Workstation ZR 2240,ICT,HP,"Monitor LED ZR 2240, 22 """,0,121001,0,0,NULL,130004,9,LT,1,0,NULL,NULL,NULL,053573,2023-03-17 09:37:49.000,0,NULL,NULL,2013-02-25,NULL,NULL,NULL,0,1,
3697,,01103-MON-LCD-ICT-PTRE-13,Monitor Workstation ZR 2240,ICT,HP,"Monitor LED ZR 2240, 22 """,0,121001,0,0,NULL,130004,9,LT,1,0,NULL,NULL,NULL,053573,2023-03-17 09:37:54.000,0,NULL,NULL,2013-02-25,NULL,NULL,NULL,0,1,
3698,,01104-MON-LCD-ICT-PTRE-13,Monitor Workstation ZR 2240,ICT,HP,"Monitor LED ZR 2240, 22 """,0,121001,0,0,NULL,130004,9,LT,1,0,NULL,NULL,NULL,053573,2023-03-17 09:38:00.000,0,NULL,NULL,2013-02-25,NULL,NULL,NULL,0,1,
3699,,01105-MON-LCD-ICT-PTRE-13,Monitor Workstation ZR 2240,ICT,HP,"Monitor LED ZR 2240, 22 """,0,121001,0,0,NULL,130004,9,LT,1,0,NULL,NULL,NULL,053573,2023-03-17 09:38:37.000,0,NULL,NULL,2013-02-25,NULL,NULL,NULL,0,1,
3700,,01106-MON-LCD-ICT-PTRE-13,Monitor Workstation ZR 2240,ICT,HP,"Monitor LED ZR 2240, 22 """,0,121001,0,0,NULL,130004,9,LT,1,0,NULL,NULL,NULL,053573,2023-03-17 09:38:42.000,0,NULL,NULL,2013-02-25,NULL,NULL,NULL,0,1,
3701,,01107-MON-LCD-ICT-PTRE-13,Monitor Workstation ZR 2240,ICT,HP,"Monitor LED ZR 2240, 22 """,0,121001,0,0,NULL,130004,9,LT,1,0,NULL,NULL,NULL,053573,2023-03-17 09:38:47.000,0,NULL,NULL,2013-02-25,NULL,NULL,NULL,0,1,
3702,,01108-MON-LCD-ICT-PTRE-13,Monitor Workstation ZR 2240,ICT,HP,"Monitor LED ZR 2240, 22 """,0,121001,0,0,NULL,130004,9,LT,1,0,NULL,NULL,NULL,053573,2023-03-17 09:40:13.000,0,NULL,NULL,2013-02-25,NULL,NULL,NULL,0,1,
3703,,01109-MON-LCD-ICT-PTRE-13,Monitor Workstation ZR 2740,ICT,HP,"Monitor LED ZR 2240, 27 """,0,121001,0,0,NULL,130004,9,LT,1,0,NULL,NULL,NULL,053573,2023-03-17 09:40:06.000,0,NULL,NULL,2013-02-25,NULL,NULL,NULL,0,1,
3704,,01110-MON-LCD-ICT-PTRE-13,Monitor Workstation ZR 2740,ICT,HP,"Monitor LED ZR 2240, 27 """,0,121001,0,0,NULL,130004,9,LT,1,0,NULL,NULL,NULL,053573,2023-03-17 09:40:00.000,0,NULL,NULL,2013-02-25,NULL,NULL,NULL,0,1,
3705,,01111-MON-LCD-ICT-PTRE-13,Monitor Workstation ZR 2740,ICT,HP,"Monitor LED ZR 2240, 27 """,0,121001,0,0,NULL,130004,9,LT,1,0,NULL,NULL,NULL,053573,2023-03-17 09:39:55.000,0,NULL,NULL,2013-02-25,NULL,NULL,NULL,0,1,
3706,,01112-MON-LCD-ICT-PTRE-13,Monitor Workstation ZR 2740,ICT,HP,"Monitor LED ZR 2240, 27 """,0,121001,0,0,NULL,130004,9,LT,1,0,NULL,NULL,NULL,053573,2023-03-17 09:39:52.000,0,NULL,NULL,2013-02-25,NULL,NULL,NULL,0,1,
3738,,01144-MON-LCD-ICT-PTRE-13,Monitor LCD HP 2011X,ICT,HP,"LED Monitor 20""",0,121001,0,0,NULL,130004,9,LT,1,0,NULL,NULL,NULL,053573,2023-03-17 09:39:48.000,0,NULL,NULL,2013-07-03,NULL,NULL,NULL,0,1,
3739,,01145-MON-LCD-ICT-PTRE-13,Monitor LCD HP 2011X,ICT,HP,"LED Monitor 20""",0,121001,0,0,NULL,130004,9,LT,1,0,NULL,NULL,NULL,053573,2023-03-17 09:39:44.000,0,NULL,NULL,2013-07-03,NULL,NULL,NULL,0,1,
3740,,01146-MON-LCD-ICT-PTRE-13,Monitor LCD HP 2011X,ICT,HP,"LED Monitor 20""",0,121001,0,0,NULL,130004,9,LT,1,0,NULL,NULL,NULL,053573,2023-03-17 09:39:39.000,0,NULL,NULL,2013-07-03,NULL,NULL,NULL,0,1,
3741,,01147-MON-LCD-ICT-PTRE-13,Monitor LCD HP 2011X,ICT,HP,"LED Monitor 20""",0,121001,0,0,NULL,130004,9,LT,1,0,NULL,NULL,NULL,053573,2023-03-17 09:39:34.000,0,NULL,NULL,2013-07-03,NULL,NULL,NULL,0,1,
3742,,01148-MON-LCD-ICT-PTRE-13,Monitor LCD HP 2011X,ICT,HP,"LED Monitor 20""",0,121001,0,0,NULL,130004,9,LT,1,0,NULL,NULL,NULL,053573,2023-03-17 09:39:29.000,0,NULL,NULL,2013-07-03,NULL,NULL,NULL,0,1,
3743,,01149-MON-LCD-ICT-PTRE-13,Monitor LCD HP 2011X,ICT,HP,"LED Monitor 20""",0,121001,0,0,NULL,130004,9,LT,1,0,NULL,NULL,NULL,053573,2023-03-17 09:39:24.000,0,NULL,NULL,2013-07-03,NULL,NULL,NULL,0,1,
3744,,01150-MON-LCD-ICT-PTRE-13,Monitor LCD HP 2011X,ICT,HP,"LED Monitor 20""",0,121001,0,0,NULL,130004,9,LT,1,0,NULL,NULL,NULL,053573,2023-03-17 09:39:18.000,0,NULL,NULL,2013-07-03,NULL,NULL,NULL,0,1,
3754,,01160-MON-LCD-ICT-PTRE-13,Monitor LCD HP 2011X,ICT,HP,"LED Monitor 20""",0,121001,0,0,NULL,130004,9,LT,1,0,NULL,NULL,NULL,053573,2023-03-17 09:39:14.000,0,NULL,NULL,2013-09-20,NULL,NULL,NULL,0,1,
3756,,01162-MON-LCD-ICT-PTRE-13,Monitor LCD HP 2011X,ICT,HP,"LED Monitor 20""",0,121001,0,0,NULL,130004,9,LT,1,0,NULL,NULL,NULL,053573,2023-03-17 09:39:10.000,0,NULL,NULL,2013-09-20,NULL,NULL,NULL,0,1,
3777,,01183-MON-LCD-ICT-PTRE-13,Monitor LCD HP 2011X,ICT,HP,"LED Monitor 20""",0,121001,0,0,NULL,130004,9,LT,1,0,NULL,NULL,NULL,053573,2023-03-17 09:39:05.000,0,NULL,NULL,2013-11-21,NULL,NULL,NULL,0,1,
3779,,01185-MON-LCD-ICT-PTRE-13,Monitor LCD HP 2011X,ICT,HP,"LED Monitor 20""",0,121001,0,0,NULL,130004,9,LT,1,0,NULL,NULL,NULL,053573,2023-03-17 09:39:00.000,0,NULL,NULL,2013-11-21,NULL,NULL,NULL,0,1,
3801,,01207-MON-LCD-ICT-PTRE-13,"Monitor LED 20 """,ICT,HP,"Monitor LED 20 """,0,121001,0,0,NULL,130004,9,LT,1,0,NULL,NULL,NULL,053573,2023-03-17 09:38:56.000,0,NULL,NULL,2014-01-16,NULL,NULL,NULL,0,1,
3803,NULL,01209-MON-LCD-ICT-PTRE-13,"Monitor LED 20 """,ICT,HP,"Monitor LED 20 """,0,121001,0,0,NULL,130004,NULL,LT,1,0,NULL,NULL,NULL,53573,2017-01-04 00:00:00.000,1,130090,2020-10-02 09:55:23.000,2014-01-16,NULL,NULL,NULL,0,0,
3805,,01211-MON-LCD-ICT-PTRE-13,"Monitor LED 20 """,ICT,HP,"Monitor LED 20 """,0,121001,0,0,NULL,130004,9,LT,1,0,NULL,NULL,NULL,053573,2023-03-17 09:40:37.000,0,NULL,NULL,2014-01-16,NULL,NULL,NULL,0,1,
3818,,01224-MON-LCD-ICT-PTRE-14,"Monitor LED fi IPS 20 """,ICT,HP,"Monitor LED fi IPS 20 """,0,121001,0,0,NULL,130004,9,LT,1,0,NULL,NULL,NULL,053573,2023-03-17 09:40:44.000,0,NULL,NULL,2014-04-30,NULL,NULL,NULL,0,1,
3820,,01226-MON-LCD-ICT-PTRE-14,"Monitor LED fi IPS 20 """,ICT,HP,"Monitor LED fi IPS 20 """,0,121001,0,0,NULL,130004,9,LT,1,0,NULL,NULL,NULL,053573,2023-03-17 09:40:48.000,0,NULL,NULL,2014-04-30,NULL,NULL,NULL,0,1,
3823,,01229-MON-LCD-ICT-PTRE-14,"Monitor LED fi IPS 20 """,ICT,HP,"Monitor LED fi IPS 20 """,0,121001,0,0,NULL,130004,9,LT,1,0,NULL,NULL,NULL,053573,2023-03-17 09:40:55.000,0,NULL,NULL,2014-05-26,NULL,NULL,NULL,0,1,
3825,,01231-MON-LCD-ICT-PTRE-14,"Monitor LED fi IPS 20 """,ICT,HP,"Monitor LED fi IPS 20 """,0,121001,0,0,NULL,130004,9,LT,1,0,NULL,NULL,NULL,053573,2023-03-17 09:41:00.000,0,NULL,NULL,2014-05-26,NULL,NULL,NULL,0,1,
3827,,01233-MON-LCD-ICT-PTRE-14,"Monitor LED fi IPS 20 """,ICT,HP,"Monitor LED fi IPS 20 """,0,121001,0,0,NULL,130004,9,LT,1,0,NULL,NULL,NULL,053573,2023-03-17 09:41:05.000,0,NULL,NULL,2014-05-26,NULL,NULL,NULL,0,1,
3829,,01235-MON-LCD-ICT-PTRE-14,"Monitor LED fi IPS 20 """,ICT,HP,"Monitor LED fi IPS 20 """,0,121001,0,0,NULL,130004,9,LT,1,0,NULL,NULL,NULL,053573,2023-03-17 09:41:13.000,0,NULL,NULL,2014-05-26,NULL,NULL,NULL,0,1,
3839,,01245-MON-LCD-ICT-PTRE-14,"Monitor LED fi IPS 20 """,ICT,HP,"Monitor LED fi IPS 20 """,0,121001,0,0,NULL,130004,9,LT,1,0,NULL,NULL,NULL,053573,2023-03-17 09:41:20.000,0,NULL,NULL,2014-08-13,NULL,NULL,NULL,0,1,
3841,,01247-MON-LCD-ICT-PTRE-14,"Monitor LED fi IPS 20 """,ICT,HP,"Monitor LED fi IPS 20 """,0,121001,0,0,NULL,130004,9,LT,1,0,NULL,NULL,NULL,053573,2023-03-17 09:41:25.000,0,NULL,NULL,2014-08-13,NULL,NULL,NULL,0,1,
3844,,01250-MON-LCD-ICT-PTRE-14,"Monitor LED fi IPS 20 """,ICT,HP,"Monitor LED fi IPS 20 """,0,121001,0,0,NULL,130004,9,LT,1,0,NULL,NULL,NULL,053573,2023-03-17 09:41:31.000,0,NULL,NULL,2014-09-09,NULL,NULL,NULL,0,1,
3846,,01252-MON-LCD-ICT-PTRE-14,"Monitor LED fi IPS 20 """,ICT,HP,"Monitor LED fi IPS 20 """,0,121001,0,0,NULL,130004,9,LT,1,0,NULL,NULL,NULL,053573,2023-03-17 09:41:36.000,0,NULL,NULL,2014-09-09,NULL,NULL,NULL,0,1,
3848,,01254-MON-LCD-ICT-PTRE-14,"Monitor LED fi IPS 20 """,ICT,HP,"Monitor LED fi IPS 20 """,0,121001,0,0,NULL,130004,9,LT,1,0,NULL,NULL,NULL,053573,2023-03-17 09:41:42.000,0,NULL,NULL,2014-09-09,NULL,NULL,NULL,0,1,
3850,,01256-MON-LCD-ICT-PTRE-14,"Monitor LED fi IPS 20 """,ICT,HP,"Monitor LED fi IPS 20 """,0,121001,0,0,NULL,130004,9,LT,1,0,NULL,NULL,NULL,053573,2023-03-17 09:41:47.000,0,NULL,NULL,2014-09-09,NULL,NULL,NULL,0,1,
3852,,01258-MON-LCD-ICT-PTRE-14,"Monitor LED fi IPS 20 """,ICT,HP,"Monitor LED fi IPS 20 """,0,121001,0,0,NULL,130004,9,LT,1,0,NULL,NULL,NULL,053573,2023-03-17 09:41:52.000,0,NULL,NULL,2014-09-09,NULL,NULL,NULL,0,1,
3855,,01261-MON-LCD-ICT-PTRE-14,"Monitor LED fi IPS 20 """,ICT,HP,"Monitor LED fi IPS 20 """,0,121001,0,0,NULL,130004,9,LT,1,0,NULL,NULL,NULL,053573,2023-03-17 09:41:57.000,0,NULL,NULL,2014-09-26,NULL,NULL,NULL,0,1,
3857,,01263-MON-LCD-ICT-PTRE-14,"Monitor LED fi IPS 20 """,ICT,HP,"Monitor LED fi IPS 20 """,0,121001,0,0,NULL,130004,9,LT,1,0,NULL,NULL,NULL,053573,2023-03-17 09:42:04.000,0,NULL,NULL,2014-09-26,NULL,NULL,NULL,0,1,
3859,,01265-MON-LCD-ICT-PTRE-14,"Monitor LED fi IPS 20 """,ICT,HP,"Monitor LED fi IPS 20 """,0,121001,0,0,NULL,130004,9,LT,1,0,NULL,NULL,NULL,053573,2023-03-17 09:42:09.000,0,NULL,NULL,2014-09-26,NULL,NULL,NULL,0,1,
3861,,01267-MON-LCD-ICT-PTRE-14,"Monitor LED fi IPS 20 """,ICT,HP,"Monitor LED fi IPS 20 """,0,121001,0,0,NULL,130004,9,LT,1,0,NULL,NULL,NULL,053573,2023-03-17 09:42:14.000,0,NULL,NULL,2014-09-26,NULL,NULL,NULL,0,1,
3863,,01269-MON-LCD-ICT-PTRE-14,"Monitor LED fi IPS 20 """,ICT,HP,"Monitor LED fi IPS 20 """,0,121001,0,0,NULL,130004,9,LT,1,0,NULL,NULL,NULL,053573,2023-03-17 09:42:21.000,0,NULL,NULL,2014-09-26,NULL,NULL,NULL,0,1,
3867,,01273-MON-LCD-ICT-PTRE-14,"Monitor LED fi IPS 20 """,ICT,HP,"Monitor LED fi IPS 20 """,0,121001,0,0,NULL,130004,9,LT,1,0,NULL,NULL,NULL,053573,2023-03-17 09:42:25.000,0,NULL,NULL,2014-11-12,NULL,NULL,NULL,0,1,
3869,,01275-MON-LCD-ICT-PTRE-14,"Monitor LED fi IPS 20 """,ICT,HP,"Monitor LED fi IPS 20 """,0,121001,0,0,NULL,130004,9,LT,1,0,NULL,NULL,NULL,053573,2023-03-17 09:42:30.000,0,NULL,NULL,2014-11-12,NULL,NULL,NULL,0,1,
3871,,01277-MON-LCD-ICT-PTRE-14,"Monitor LED fi IPS 20 """,ICT,HP,"Monitor LED fi IPS 20 """,0,121001,0,0,NULL,130004,9,LT,1,0,NULL,NULL,NULL,053573,2023-03-17 09:42:37.000,0,NULL,NULL,2014-11-12,NULL,NULL,NULL,0,1,
3873,,01279-MON-LCD-ICT-PTRE-14,"Monitor LED fi IPS 20 """,ICT,HP,"Monitor LED fi IPS 20 """,0,121001,0,0,NULL,130004,9,LT,1,0,NULL,NULL,NULL,053573,2023-03-17 09:42:44.000,0,NULL,NULL,2014-11-12,NULL,NULL,NULL,0,1,
3875,,01281-MON-LCD-ICT-PTRE-14,"Monitor LED fi IPS 20 """,ICT,HP,"Monitor LED fi IPS 20 """,0,121001,0,0,NULL,130004,9,LT,1,0,NULL,NULL,NULL,053573,2023-03-17 09:42:49.000,0,NULL,NULL,2014-11-12,NULL,NULL,NULL,0,1,
3877,,01283-MON-LCD-ICT-PTRE-14,"Monitor LED fi IPS 20 """,ICT,HP,"Monitor LED fi IPS 20 """,0,121001,0,0,NULL,130004,9,LT,1,0,NULL,NULL,NULL,053573,2023-03-17 09:42:54.000,0,NULL,NULL,2014-11-12,NULL,NULL,NULL,0,1,
3879,,01285-MON-LCD-ICT-PTRE-14,"Monitor LED fi IPS 20 """,ICT,HP,"Monitor LED fi IPS 20 """,0,121001,0,0,NULL,130004,9,LT,1,0,NULL,NULL,NULL,053573,2023-03-17 09:43:00.000,0,NULL,NULL,2014-11-12,NULL,NULL,NULL,0,1,
3881,,01287-MON-LCD-ICT-PTRE-14,"Monitor LED fi IPS 20 """,ICT,HP,"Monitor LED fi IPS 20 """,0,121001,0,0,NULL,130004,9,LT,1,0,NULL,NULL,NULL,053573,2023-03-17 09:43:04.000,0,NULL,NULL,2014-11-12,NULL,NULL,NULL,0,1,
3883,,01289-MON-LCD-ICT-PTRE-14,"Monitor LED fi IPS 20 """,ICT,HP,"Monitor LED fi IPS 20 """,0,121001,0,0,NULL,130004,9,LT,1,0,NULL,NULL,NULL,053573,2023-03-17 09:43:43.000,0,NULL,NULL,2014-11-12,NULL,NULL,NULL,0,1,
3885,,01291-MON-LCD-ICT-PTRE-14,"Monitor LED fi IPS 20 """,ICT,HP,"Monitor LED fi IPS 20 """,0,121001,0,0,NULL,130004,9,LT,1,0,NULL,NULL,NULL,053573,2023-03-17 09:43:47.000,0,NULL,NULL,2014-11-12,NULL,NULL,NULL,0,1,
3887,,01293-MON-LCD-ICT-PTRE-15,"Monitor LED fi IPS 20 """,ICT,HP,"Monitor LED fi IPS 20 """,0,121001,0,0,NULL,130004,9,LT,1,0,NULL,NULL,NULL,053573,2023-03-17 09:43:52.000,0,NULL,NULL,2015-02-03,NULL,NULL,NULL,0,1,
3889,,01295-MON-LCD-ICT-PTRE-15,"Monitor LED fi IPS 20 """,ICT,HP,"Monitor LED fi IPS 20 """,0,121001,0,0,NULL,130004,9,LT,1,0,NULL,NULL,NULL,053573,2023-03-17 09:43:57.000,0,NULL,NULL,2015-02-03,NULL,NULL,NULL,0,1,
3891,,01297-MON-LCD-ICT-PTRE-15,"Monitor LED fi IPS 20 """,ICT,HP,"Monitor LED fi IPS 20 """,0,121001,0,0,NULL,130004,9,LT,1,0,NULL,NULL,NULL,053573,2023-03-17 09:44:02.000,0,NULL,NULL,2015-02-03,NULL,NULL,NULL,0,1,
3893,,01299-MON-LCD-ICT-PTRE-15,"Monitor LED fi IPS 20 """,ICT,HP,"Monitor LED fi IPS 20 """,0,121001,0,0,NULL,130004,9,LT,1,0,NULL,NULL,NULL,053573,2023-03-17 09:44:07.000,0,NULL,NULL,2015-02-03,NULL,NULL,NULL,0,1,
3910,,01316-MON-LCD-ICT-PTRE-15,Dell P231H Monitor,ICT,DELL,"Monitor 23""",0,121001,0,0,NULL,130004,9,LT,1,0,NULL,NULL,NULL,053573,2023-03-17 10:03:00.000,0,NULL,NULL,2015-07-23,NULL,NULL,NULL,0,1,
3911,,01317-MON-LCD-ICT-PTRE-15,Dell P231H Monitor,ICT,DELL,"Monitor 23""",0,121001,0,0,NULL,130004,9,LT,1,0,NULL,NULL,NULL,053573,2023-03-17 10:03:07.000,0,NULL,NULL,2015-07-23,NULL,NULL,NULL,0,1,
3912,,01318-MON-LCD-ICT-PTRE-15,Dell P231H Monitor,ICT,DELL,"Monitor 23""",0,121001,0,0,NULL,130004,9,LT,1,0,NULL,NULL,NULL,053573,2023-03-17 10:03:11.000,0,NULL,NULL,2015-07-23,NULL,NULL,NULL,0,1,
3913,,01319-MON-LCD-ICT-PTRE-15,Dell P231H Monitor,ICT,DELL,"Monitor 23""",0,121001,0,0,NULL,130004,9,LT,1,0,NULL,NULL,NULL,053573,2023-03-17 10:03:15.000,0,NULL,NULL,2015-07-23,NULL,NULL,NULL,0,1,
3914,,01320-MON-LCD-ICT-PTRE-15,Dell P231H Monitor,ICT,DELL,"Monitor 23""",0,121001,0,0,NULL,130004,9,LT,1,0,NULL,NULL,NULL,053573,2023-03-17 10:03:19.000,0,NULL,NULL,2015-07-23,NULL,NULL,NULL,0,1,
3915,,01321-MON-LCD-ICT-PTRE-15,Dell P231H Monitor,ICT,DELL,"Monitor 23""",0,121001,0,0,NULL,130004,9,LT,1,0,NULL,NULL,NULL,053573,2023-03-17 10:03:23.000,0,NULL,NULL,2015-07-23,NULL,NULL,NULL,0,1,
3916,,01322-MON-LCD-ICT-PTRE-15,Dell P231H Monitor,ICT,DELL,"Monitor 23""",0,121001,0,0,NULL,130004,9,LT,1,0,NULL,NULL,NULL,053573,2023-03-17 10:03:28.000,0,NULL,NULL,2015-07-23,NULL,NULL,NULL,0,1,
3917,,01323-MON-LCD-ICT-PTRE-15,Dell P231H Monitor,ICT,DELL,"Monitor 23""",0,121001,0,0,NULL,130004,9,LT,1,0,NULL,NULL,NULL,053573,2023-03-17 10:03:32.000,0,NULL,NULL,2015-07-23,NULL,NULL,NULL,0,1,
3918,,01324-MON-LCD-ICT-PTRE-15,Dell P231H Monitor,ICT,DELL,"Monitor 23""",0,121001,0,0,NULL,130004,9,LT,1,0,NULL,NULL,NULL,053573,2023-03-17 10:03:36.000,0,NULL,NULL,2015-07-23,NULL,NULL,NULL,0,1,
3919,,01325-MON-LCD-ICT-PTRE-15,Dell P231H Monitor,ICT,DELL,"Monitor 23""",0,121001,0,0,NULL,130004,9,LT,1,0,NULL,NULL,NULL,053573,2023-03-17 10:03:51.000,0,NULL,NULL,2015-07-23,NULL,NULL,NULL,0,1,
3920,,01326-MON-LCD-ICT-PTRE-15,Dell P231H Monitor,ICT,DELL,"Monitor 23""",0,121001,0,0,NULL,130004,9,LT,1,0,NULL,NULL,NULL,053573,2023-03-17 10:03:55.000,0,NULL,NULL,2015-07-23,NULL,NULL,NULL,0,1,
3921,,01327-MON-LCD-ICT-PTRE-15,Dell P231H Monitor,ICT,DELL,"Monitor 23""",0,121001,0,0,NULL,130004,9,LT,1,0,NULL,NULL,NULL,053573,2023-03-17 10:04:03.000,0,NULL,NULL,2015-07-23,NULL,NULL,NULL,0,1,
3925,,01331-MON-LCD-ICT-PTRE-15,HP Z22i Monitor,ICT,HP,"Monitor 21.5""",0,121001,0,0,NULL,130004,9,LT,1,0,NULL,NULL,NULL,053573,2023-03-17 10:04:08.000,0,NULL,NULL,2015-08-23,NULL,NULL,NULL,0,1,
3926,,01332-MON-LCD-ICT-PTRE-15,HP Z22i Monitor,ICT,HP,"Monitor 21.5""",0,121001,0,0,NULL,130004,9,LT,1,0,NULL,NULL,NULL,053573,2023-03-17 10:04:13.000,0,NULL,NULL,2015-08-23,NULL,NULL,NULL,0,1,
3927,,01333-MON-LCD-ICT-PTRE-15,HP Z22i Monitor,ICT,HP,"Monitor 21.5""",0,121001,0,0,NULL,130004,9,LT,1,0,NULL,NULL,NULL,053573,2023-03-17 10:04:23.000,0,NULL,NULL,2015-08-23,NULL,NULL,NULL,0,1,
3928,,01334-MON-LCD-ICT-PTRE-15,HP Z22i Monitor,ICT,HP,"Monitor 21.5""",0,121001,0,0,NULL,130004,9,LT,1,0,NULL,NULL,NULL,053573,2023-03-17 10:04:28.000,0,NULL,NULL,2015-08-23,NULL,NULL,NULL,0,1,
3929,,01335-MON-LCD-ICT-PTRE-15,HP Z22i Monitor,ICT,HP,"Monitor 21.5""",0,121001,0,0,NULL,130004,9,LT,0,0,NULL,NULL,NULL,053573,2023-04-10 07:26:42.000,0,NULL,NULL,2015-08-23,NULL,NULL,NULL,0,1,
3930,,01336-MON-LCD-ICT-PTRE-15,HP Z22i Monitor,ICT,HP,"Monitor 21.5""",0,121001,0,0,NULL,130004,9,LT,0,0,NULL,NULL,NULL,053573,2023-04-10 07:26:34.000,0,NULL,NULL,2015-08-23,NULL,NULL,NULL,0,1,
3933,,01339-MON-LCD-ICT-PTRE-15,"Monitor LED fi IPS 20 """,ICT,HP,"Monitor LED fi IPS 20 """,0,121001,0,0,NULL,130004,9,LT,0,0,NULL,NULL,NULL,053573,2023-04-10 07:26:22.000,0,NULL,NULL,2015-09-23,NULL,NULL,NULL,0,1,
3935,,01341-MON-LCD-ICT-PTRE-15,"Monitor LED fi IPS 20 """,ICT,HP,"Monitor LED fi IPS 20 """,0,121001,0,0,NULL,130004,9,LT,0,0,NULL,NULL,NULL,053573,2023-04-10 07:26:13.000,0,NULL,NULL,2015-09-23,NULL,NULL,NULL,0,1,
3937,,01343-MON-LCD-ICT-PTRE-15,"Monitor LED fi IPS 20 """,ICT,HP,"Monitor LED fi IPS 20 """,0,121001,0,0,NULL,130004,9,LT,1,0,NULL,NULL,NULL,053573,2023-03-17 10:05:03.000,0,NULL,NULL,2015-11-20,NULL,NULL,NULL,0,1,
3939,,01345-MON-LCD-ICT-PTRE-15,"Monitor LED fi IPS 20 """,ICT,HP,"Monitor LED fi IPS 20 """,0,121001,0,0,NULL,130004,9,LT,1,0,NULL,NULL,NULL,053573,2023-03-17 10:05:08.000,0,NULL,NULL,2015-11-20,NULL,NULL,NULL,0,1,
3942,,01348-MON-LCD-ICT-PTRE-16,"Monitor LED fi IPS 20 """,ICT,HP,"Monitor LED fi IPS 20 """,0,121001,0,0,NULL,130004,9,LT,1,0,NULL,NULL,NULL,053573,2023-03-17 10:05:12.000,0,NULL,NULL,2016-01-15,NULL,NULL,NULL,0,1,
3944,,01350-MON-LCD-ICT-PTRE-16,"Monitor LED fi IPS 20 """,ICT,HP,"Monitor LED fi IPS 20 """,0,121001,0,0,NULL,130004,9,LT,1,0,NULL,NULL,NULL,053573,2023-03-17 10:05:16.000,0,NULL,NULL,2016-01-15,NULL,NULL,NULL,0,1,
3946,,01352-MON-LCD-ICT-PTRE-16,"Monitor LED fi IPS 20 """,ICT,HP,"Monitor LED fi IPS 20 """,0,121001,0,0,NULL,130004,9,LT,1,0,NULL,NULL,NULL,053573,2023-03-17 10:05:21.000,0,NULL,NULL,2016-01-15,NULL,NULL,NULL,0,1,
3948,,01354-MON-LCD-ICT-PTRE-16,"Monitor LED fi IPS 20 """,ICT,HP,"Monitor LED fi IPS 20 """,0,121001,0,0,NULL,130004,9,LT,0,0,NULL,NULL,NULL,053573,2023-04-10 07:26:00.000,0,NULL,NULL,2016-01-15,NULL,NULL,NULL,0,1,
3966,,01372-MON-LCD-ICT-PTRE-16,Monitor LED HP 20VX,ICT,HP,"Monitor LED  20 """,0,121001,0,0,NULL,130004,9,LT,1,0,NULL,NULL,NULL,053573,2023-03-17 10:05:33.000,0,NULL,NULL,2016-02-01,NULL,NULL,NULL,0,1,
3968,,01374-MON-LCD-ICT-PTRE-16,Monitor LED HP 20VX,ICT,HP,"Monitor LED  20 """,0,121001,0,0,NULL,130004,9,LT,1,0,NULL,NULL,NULL,053573,2023-03-17 10:05:38.000,0,NULL,NULL,2016-02-01,NULL,NULL,NULL,0,1,
3970,,01376-MON-LCD-ICT-PTRE-16,Monitor LED HP 20VX,ICT,HP,"Monitor LED  20 """,0,121001,0,0,NULL,130004,9,LT,1,0,NULL,NULL,NULL,053573,2023-03-17 10:05:42.000,0,NULL,NULL,2016-02-01,NULL,NULL,NULL,0,1,
3972,,01378-MON-LCD-ICT-PTRE-16,Monitor LED HP 20VX,ICT,HP,"Monitor LED  20 """,0,121001,0,0,NULL,130004,9,LT,1,0,NULL,NULL,NULL,053573,2023-03-17 10:05:46.000,0,NULL,NULL,2016-02-01,NULL,NULL,NULL,0,1,
3974,,01380-MON-LCD-ICT-PTRE-16,Monitor LED HP 20VX,ICT,HP,"Monitor LED  20 """,0,121001,0,0,NULL,130004,9,LT,1,0,NULL,NULL,NULL,053573,2023-03-17 10:05:50.000,0,NULL,NULL,2016-02-01,NULL,NULL,NULL,0,1,
3978,,01382-MON-LCD-ICT-PTRE-16,Monitor LED HP 20VX,ICT,HP,"Monitor LED  20 """,0,121001,0,0,NULL,130004,9,LT,1,0,NULL,NULL,NULL,053573,2023-03-17 10:05:54.000,0,NULL,NULL,2016-02-24,NULL,NULL,NULL,0,1,
3980,,01384-MON-LCD-ICT-PTRE-16,Monitor LED HP 20VX,ICT,HP,"Monitor LED  20 """,0,121001,0,0,NULL,130004,9,LT,1,0,NULL,NULL,NULL,053573,2023-03-17 10:05:58.000,0,NULL,NULL,2016-02-24,NULL,NULL,NULL,0,1,
3982,,01386-MON-LCD-ICT-PTRE-16,Monitor LED HP 20VX,ICT,HP,"Monitor LED  20 """,0,121001,0,0,NULL,130004,9,LT,1,0,NULL,NULL,NULL,053573,2023-03-17 10:06:01.000,0,NULL,NULL,2016-02-24,NULL,NULL,NULL,0,1,
3984,,01388-MON-LCD-ICT-PTRE-16,Monitor LED HP 20VX,ICT,HP,"Monitor LED  20 """,0,121001,0,0,NULL,130004,9,LT,1,0,NULL,NULL,NULL,053573,2023-03-17 10:06:05.000,0,NULL,NULL,2016-02-24,NULL,NULL,NULL,0,1,
3986,,01390-MON-LCD-ICT-PTRE-16,Monitor LED HP 20VX,ICT,HP,"Monitor LED  20 """,0,121001,0,0,NULL,130004,9,LT,1,0,NULL,NULL,NULL,053573,2023-03-17 10:06:09.000,0,NULL,NULL,2016-02-24,NULL,NULL,NULL,0,1,
3988,,01392-MON-LCD-ICT-PTRE-16,Monitor LED HP 20VX,ICT,HP,"Monitor LED  20 """,0,121001,0,0,NULL,130004,9,LT,1,0,NULL,NULL,NULL,053573,2023-03-17 10:06:15.000,0,NULL,NULL,2016-02-29,NULL,NULL,NULL,0,1,
3990,,01394-MON-LCD-ICT-PTRE-16,Monitor LED HP 20VX,ICT,HP,"Monitor LED  20 """,0,121001,0,0,NULL,130004,9,LT,1,0,NULL,NULL,NULL,053573,2023-03-17 10:06:21.000,0,NULL,NULL,2016-02-29,NULL,NULL,NULL,0,1,
4049,,01412-MON-LCD-ICT-PTRE-17,Panasonic LED 43',ICT,PANASONIC,"Monitor TV 43 """,0,991001,0,0,NULL,130004,9,LT,0,NULL,NULL,NULL,NULL,053573,2023-03-17 10:07:33.000,0,NULL,NULL,2017-01-24,NULL,NULL,NULL,0,0,
4050,,01413-MON-LCD-ICT-PTRE-17,Panasonic LED 43',ICT,PANASONIC,"Monitor TV 43 """,0,991001,0,0,NULL,130004,9,LT,0,NULL,NULL,NULL,NULL,053573,2023-03-17 10:07:52.000,0,NULL,NULL,2017-01-24,NULL,NULL,NULL,0,0,
4051,,01414-MON-LCD-ICT-PTRE-17,Panasonic LED 55',ICT,PANASONIC,"Monitor TV 55 """,0,991001,0,0,NULL,130004,9,LT,1,1,053573,230109092103,2022-10-26,053573,2023-03-17 10:07:19.000,0,NULL,NULL,2017-01-24,NULL,NULL,NULL,0,1,
4052,,01415-MON-LCD-ICT-PTRE-17,Panasonic LED 55',ICT,PANASONIC,"Monitor TV 55 """,0,991001,0,0,NULL,130004,9,LT,1,NULL,NULL,NULL,NULL,053573,2018-04-26 09:43:54.000,0,NULL,NULL,2017-01-24,NULL,NULL,NULL,0,0,
4053,,01416-MON-LCD-ICT-PTRE-17,Panasonic LED 55',ICT,PANASONIC,"Monitor TV 55 """,0,991001,0,0,NULL,130004,9,LT,0,NULL,NULL,NULL,NULL,053573,2023-03-17 10:07:07.000,0,NULL,NULL,2017-01-24,NULL,NULL,NULL,0,0,
4054,,01417-MON-LCD-ICT-PTRE-17,Panasonic LED 55',ICT,PANASONIC,"Monitor TV 55 """,0,991001,0,0,NULL,130004,9,LT,0,NULL,NULL,NULL,NULL,053573,2023-03-17 10:06:55.000,0,NULL,NULL,2017-01-24,NULL,NULL,NULL,0,0,
4055,,01418-MON-LCD-ICT-PTRE-17,Panasonic LED 55',ICT,PANASONIC,"Monitor TV 55 """,0,105007,0,0,NULL,130004,9,LT,0,NULL,NULL,NULL,NULL,130090,2024-03-09 11:19:54.000,0,NULL,NULL,2017-03-02,1709957994WhatsApp_Image_2024-03-09_at_09_25_35.jpeg,1709957994WhatsApp_Image_2024-03-09_at_09_25_35_thumb.jpeg,/assets/uploads/assetsre/ap/,0,0,
5147,,01506 MON-LCD-ICT-PTRE-18,"Dell Monitor 20""",ICT,DELL,"Led Dell Monitor 20""",0,101033,0,0,NULL,130004,9,LT,0,NULL,NULL,NULL,NULL,053573,2020-07-15 07:14:10.000,0,NULL,NULL,2018-05-07,NULL,NULL,NULL,0,0,
5148,,01508 MON-LCD-ICT-PTRE-18,"Dell Monitor 20""",ICT,DELL,"LED Dell Monitor 20""",0,101033,0,0,NULL,130004,9,LT,0,NULL,NULL,NULL,NULL,053573,2020-07-15 07:14:03.000,0,NULL,NULL,2018-05-07,NULL,NULL,NULL,0,0,
5149,,01510 MON-LCD-ICT-PTRE-18,"Dell Monitor 20""",ICT,DELL,"LED Dell Monitor 20""",0,101033,0,0,NULL,130004,9,LT,0,NULL,NULL,NULL,NULL,053573,2020-07-15 07:13:57.000,0,NULL,NULL,2018-05-07,NULL,NULL,NULL,0,0,
5150,,01512 MON-LCD-ICT-PTRE-18,"Dell Monitor 20""",ICT,DELL,"LED Dell Monitor 20""",0,101033,0,0,NULL,130004,9,LT,0,NULL,NULL,NULL,NULL,053573,2020-07-15 07:13:51.000,0,NULL,NULL,2018-05-07,NULL,NULL,NULL,0,0,
5151,,01514 MON-LCD-ICT-PTRE-18,"Dell Monitor 20""",ICT,DELL,"LED Dell Monitor 20""",0,101033,0,0,NULL,130004,9,LT,0,NULL,NULL,NULL,NULL,053573,2020-07-15 07:13:43.000,0,NULL,NULL,2018-05-07,NULL,NULL,NULL,0,0,
5161,,01523 MON-LCD-ICT-PTRE-18,DELL 19.5,ICT,DELL,"MONITOR DELL 19.5""",0,101033,0,0,NULL,130004,9,LT,0,NULL,NULL,NULL,NULL,053573,2020-07-15 07:13:37.000,0,NULL,NULL,2018-07-26,NULL,NULL,NULL,0,0,
5163,,01525  MON-LCD-ICT-PTRE-18,DELL 19.5,ICT,DELL,"MONITOR DELL 19.5""",0,101033,0,0,NULL,130004,9,LT,0,NULL,NULL,NULL,NULL,053573,2020-07-15 07:13:30.000,0,NULL,NULL,2018-07-26,NULL,NULL,NULL,0,0,
5165,,01527 MON-LCD-ICT-PTRE-18,DELL 19.5,ICT,DELL,"MONITOR DELL 19.5""",0,101033,0,0,NULL,130004,9,LT,0,NULL,NULL,NULL,NULL,053573,2020-07-15 07:13:25.000,0,NULL,NULL,2018-07-26,NULL,NULL,NULL,0,0,
5167,,01529 MON-LCD-ICT-PTRE-18,DELL 19.5,ICT,DELL,"MONITOR DELL 19.5""",0,101033,0,0,NULL,130004,9,LT,0,NULL,NULL,NULL,NULL,053573,2020-07-15 07:13:20.000,0,NULL,NULL,2018-07-26,NULL,NULL,NULL,0,0,
5169,,01531 MON-LCD-ICT-PTRE-18,DELL 19.5,ICT,DELL,"MONITOR DELL 19.5""",0,101033,0,0,NULL,130004,9,LT,0,NULL,NULL,NULL,NULL,053573,2020-07-15 07:13:12.000,0,NULL,NULL,2018-07-26,NULL,NULL,NULL,0,0,
5177,,01538 MON-LCD-ICT-PTRE-18,DELL 19.5,ICT,DELL,"MONITOR DELL 19.5""",0,101033,0,0,NULL,130004,9,LT,0,NULL,NULL,NULL,NULL,053573,2020-07-15 07:13:07.000,0,NULL,NULL,2018-09-18,NULL,NULL,NULL,0,0,
5179,,01540 MON-LCD-ICT-PTRE-18,DELL 19.5,ICT,DELL,"MONITOR DELL 19.5""",0,101033,0,0,NULL,130004,9,LT,0,NULL,NULL,NULL,NULL,053573,2020-07-15 07:13:02.000,0,NULL,NULL,2018-09-18,NULL,NULL,NULL,0,0,
5181,,01542 MON-LCD-ICT-PTRE-18,DELL 19.5,ICT,DELL,"MONITOR DELL 19.5""",0,101033,0,0,NULL,130004,9,LT,0,NULL,NULL,NULL,NULL,053573,2020-07-15 07:12:56.000,0,NULL,NULL,2018-09-18,NULL,NULL,NULL,0,0,
5183,,01544 MON-LCD-ICT-PTRE-18,DELL 19.5,ICT,DELL,"MONITOR DELL 19.5""",0,101033,0,0,NULL,130004,9,LT,0,NULL,NULL,NULL,NULL,053573,2020-07-15 07:12:27.000,0,NULL,NULL,2018-09-18,NULL,NULL,NULL,0,0,
5185,,01546 MON-LCD-ICT-PTRE-18,DELL 19.5,ICT,DELL,"MONITOR DELL 19.5""",0,101033,0,0,NULL,130004,9,LT,0,NULL,NULL,NULL,NULL,053573,2020-07-15 07:12:21.000,0,NULL,NULL,2018-09-18,NULL,NULL,NULL,0,0,
5187,,01548 MON-LCD-ICT-PTRE-18,DELL 19.5,ICT,DELL,"MONITOR DELL 19.5""",0,101033,0,0,NULL,130004,9,LT,0,NULL,NULL,NULL,NULL,053573,2020-07-15 07:12:16.000,0,NULL,NULL,2018-09-18,NULL,NULL,NULL,0,0,
5190,,01550 MON-LCD-ICT-PTRE-18,DELL 19.5,ICT,DELL,"MONITOR DELL 19.5""",0,101033,0,0,NULL,130004,9,LT,0,NULL,NULL,NULL,NULL,053573,2020-07-15 07:12:10.000,0,NULL,NULL,2018-09-18,NULL,NULL,NULL,0,0,
5192,,01552 MON-LCD-ICT-PTRE-18,DELL 19.5,ICT,DELL,"MONITOR DELL 19.5""",0,101033,0,0,NULL,130004,9,LT,0,NULL,NULL,NULL,NULL,053573,2020-07-15 07:12:05.000,0,NULL,NULL,2018-09-18,NULL,NULL,NULL,0,0,
5194,,01554 MON-LCD-ICT-PTRE-18,DELL 19.5,ICT,DELL,"MONITOR DELL 19.5""",0,101033,0,0,NULL,130004,9,LT,0,1,184656,201022022006,2020-10-22,053573,2020-07-15 07:11:59.000,0,NULL,NULL,2018-09-18,NULL,NULL,NULL,0,0,
5196,,01556 MON-LCD-ICT-PTRE-18,DELL 19.5,ICT,DELL,"MONITOR DELL 19.5""",0,101033,0,0,NULL,130004,9,LT,0,NULL,NULL,NULL,NULL,053573,2020-07-15 07:11:53.000,0,NULL,NULL,2018-09-18,NULL,NULL,NULL,0,0,
5198,,01558 MON-LCD-ICT-PTRE-18,DELL 19.5,ICT,DELL,"MONITOR DELL 19.5""",0,101033,0,0,NULL,130004,9,LT,0,NULL,NULL,NULL,NULL,053573,2020-07-15 07:11:44.000,0,NULL,NULL,2018-09-27,NULL,NULL,NULL,0,0,
5200,,01560 MON-LCD-ICT-PTRE-18,DELL 19.5,ICT,DELL,"MONITOR DELL 19.5""",0,101033,0,0,NULL,130004,9,LT,0,NULL,NULL,NULL,NULL,053573,2020-07-15 07:11:37.000,0,NULL,NULL,2018-09-27,NULL,NULL,NULL,0,0,
5202,,01562 MON-LCD-ICT-PTRE-18,DELL 19.5,ICT,DELL,"MONITOR 19.5""",0,101033,0,0,NULL,130004,9,LT,0,NULL,NULL,NULL,NULL,053573,2020-07-15 07:11:32.000,0,NULL,NULL,2018-09-27,NULL,NULL,NULL,0,0,
5204,,01564 MON-LCD-ICT-PTRE-18,DELL 19.5,ICT,DELL,"MONITOR DELL 19.5""",0,101033,0,0,NULL,130004,9,LT,0,NULL,NULL,NULL,NULL,053573,2020-07-15 07:11:24.000,0,NULL,NULL,2018-09-27,NULL,NULL,NULL,0,0,
5206,,01566 MON-LCD-ICT-PTRE-18,DELL 19.5,ICT,DELL,"MONITOR DELL 19.5""",0,101033,0,0,NULL,130004,9,LT,0,NULL,NULL,NULL,NULL,053573,2020-07-15 07:11:18.000,0,NULL,NULL,2018-09-27,NULL,NULL,NULL,0,0,
5208,,01568 MON-LCD-ICT-PTRE-18,DELL 19.5,ICT,DELL,"MONITOR DELL 19.5""",0,101033,0,0,NULL,130004,9,LT,0,NULL,NULL,NULL,NULL,053573,2020-07-15 07:11:12.000,0,NULL,NULL,2018-09-27,NULL,NULL,NULL,0,0,
5210,,01570 MON-LCD-ICT-PTRE-18,DELL 19.5,ICT,DELL,"MONITOR DELL 19.5""",0,101033,0,0,NULL,130004,9,LT,0,NULL,NULL,NULL,NULL,053573,2020-07-15 07:11:06.000,0,NULL,NULL,2018-09-27,NULL,NULL,NULL,0,0,
5212,,01572 MON-LCD-ICT-PTRE-18,DELL 19.5,ICT,DELL,"MONITOR DELL 19.5""",0,101033,0,0,NULL,130004,9,LT,0,NULL,NULL,NULL,NULL,053573,2020-07-15 07:11:00.000,0,NULL,NULL,2018-09-27,NULL,NULL,NULL,0,0,
5214,,01574 MON-LCD-ICT-PTRE-18,DELL 19.5,ICT,DELL,"MONITOR DELL 19.5""",0,101033,0,0,NULL,130004,9,LT,0,NULL,NULL,NULL,NULL,053573,2020-07-15 07:10:53.000,0,NULL,NULL,2018-09-27,NULL,NULL,NULL,0,0,
5216,,01576 MON-LCD-ICT-PTRE-18,DELL 19.5,ICT,DELL,"MONITOR DELL 19.5""",0,101033,0,0,NULL,130004,9,LT,0,NULL,NULL,NULL,NULL,053573,2020-07-15 07:10:46.000,0,NULL,NULL,2018-09-27,NULL,NULL,NULL,0,0,
5218,,01578 MON-LCD-ICT-PTRE-18,DELL 19.5,ICT,DELL,"MONITOR DELL 19.5""",0,101033,0,0,NULL,130004,9,LT,0,NULL,NULL,NULL,NULL,053573,2020-07-15 07:10:17.000,0,NULL,NULL,2018-10-09,NULL,NULL,NULL,0,0,
5220,,01580 MON-LCD-ICT-PTRE-18,DELL 19.5,ICT,DELL,"MONITOR DELL 19.5""",0,101033,0,0,NULL,130004,9,LT,0,NULL,NULL,NULL,NULL,053573,2020-07-15 07:10:10.000,0,NULL,NULL,2018-10-09,NULL,NULL,NULL,0,0,
5222,,01582 MON-LCD-ICT-PTRE-18,DELL 19.5,ICT,DELL,"MONITOR DELL 19.5""",0,101033,0,0,NULL,130004,9,LT,0,NULL,NULL,NULL,NULL,053573,2020-07-15 07:10:05.000,0,NULL,NULL,2018-10-09,NULL,NULL,NULL,0,0,
5224,,01584 MON-LCD-ICT-PTRE-18,DELL 19.5,ICT,DELL,"MONITOR DELL 19.5""",0,101033,0,0,NULL,130004,9,LT,0,NULL,NULL,NULL,NULL,053573,2020-07-15 07:09:58.000,0,NULL,NULL,2018-10-09,NULL,NULL,NULL,0,0,
5226,,01586 MON-LCD-ICT-PTRE-18,DELL 19.5,ICT,DELL,"MONITOR DELL 19.5""",0,101033,0,0,NULL,130004,9,LT,0,NULL,NULL,NULL,NULL,053573,2020-07-15 07:09:51.000,0,NULL,NULL,2018-10-09,NULL,NULL,NULL,0,0,
5228,,01588 MON-LCD-ICT-PTRE-18,DELL 19.5,ICT,DELL,"MONITOR DELL 19.5""",0,101033,0,0,NULL,130004,9,LT,0,NULL,NULL,NULL,NULL,053573,2020-07-15 07:09:45.000,0,NULL,NULL,2018-10-09,NULL,NULL,NULL,0,0,
5230,,01590 MON-LCD-ICT-PTRE-18,DELL 19.5,ICT,DELL,"MONITOR DELL 19.5""",0,101033,0,0,NULL,130004,9,LT,0,NULL,NULL,NULL,NULL,053573,2020-07-15 07:09:40.000,0,NULL,NULL,2018-10-09,NULL,NULL,NULL,0,0,
5232,,01592 MON-LCD-ICT-PTRE-18,DELL 19.5,ICT,DELL,"MONITOR DELL 19.5""",0,101033,0,0,NULL,130004,9,LT,0,NULL,NULL,NULL,NULL,053573,2020-07-15 07:09:34.000,0,NULL,NULL,2018-10-09,NULL,NULL,NULL,0,0,
5234,,01594 MON-LCD-ICT-PTRE-18,DELL 19.5,ICT,DELL,"MONITOR DELL 19.5""",0,101033,0,0,NULL,130004,9,LT,0,NULL,NULL,NULL,NULL,053573,2020-07-15 07:09:29.000,0,NULL,NULL,2018-10-09,NULL,NULL,NULL,0,0,
5236,,01596 MON-LCD-ICT-PTRE-18,DELL 19.5,ICT,DELL,"MONITOR DELL 19.5""",0,101033,0,0,NULL,130004,9,LT,0,NULL,NULL,NULL,NULL,053573,2020-07-15 07:09:22.000,0,NULL,NULL,2018-10-09,NULL,NULL,NULL,0,0,
5238,,01598 MON-LCD-ICT-PTRE-18,DELL 19.5,ICT,DELL,"MONITOR DELL 19.5""",0,101033,0,0,NULL,130004,9,LT,0,NULL,NULL,NULL,NULL,053573,2020-07-15 07:09:15.000,0,NULL,NULL,2018-10-26,NULL,NULL,NULL,0,0,
5240,,01600 MON-LCD-ICT-PTRE-18,DELL 19.5,ICT,DELL,"MONITOR DELL 19.5""",0,101033,0,0,NULL,130004,9,LT,0,NULL,NULL,NULL,NULL,053573,2020-07-15 07:09:06.000,0,NULL,NULL,2018-10-26,NULL,NULL,NULL,0,0,
5242,,01602 COMP-DSK-ICT-PTRE-18,DELL 19.5,ICT,DELL,"MONITOR DELL 19.5""",0,101033,0,0,NULL,130004,9,LT,0,NULL,NULL,NULL,NULL,053573,2020-07-15 07:08:58.000,0,NULL,NULL,2018-10-26,NULL,NULL,NULL,0,0,
5244,,01604 MON-LCD-ICT-PTRE-18,DELL 19.5,ICT,DELL,"MONITOR DELL 19.5""",0,101033,0,0,NULL,130004,9,LT,0,NULL,NULL,NULL,NULL,053573,2020-07-15 07:08:50.000,0,NULL,NULL,2018-10-26,NULL,NULL,NULL,0,0,
5246,,01606 MON-LCD-ICT-PTRE-18,DELL 19.5,ICT,DELL,"MONITOR DELL 19.5""",0,101033,0,0,NULL,130004,9,LT,0,NULL,NULL,NULL,NULL,053573,2020-07-15 07:08:33.000,0,NULL,NULL,2018-10-26,NULL,NULL,NULL,0,0,
5248,,01608 MON-LCD-ICT-PTRE-18,DELL 19.5,ICT,DELL,"MONITOR DELL 19.5""",0,101033,0,0,NULL,130004,9,LT,0,NULL,NULL,NULL,NULL,053573,2020-07-15 07:08:26.000,0,NULL,NULL,2018-10-26,NULL,NULL,NULL,0,0,
5250,,01610 MON-LCD-ICT-PTRE-18,DELL 19.5,ICT,DELL,"MONITOR DELL 19.5""",0,101033,0,0,NULL,130004,9,LT,0,NULL,NULL,NULL,NULL,053573,2020-07-15 07:08:14.000,0,NULL,NULL,2018-10-26,NULL,NULL,NULL,0,0,
5252,,01612 MON-LCD-ICT-PTRE-18,DELL 19.5,ICT,DELL,"MONITOR DELL 19.5""",0,101033,0,0,NULL,130004,9,LT,0,NULL,NULL,NULL,NULL,053573,2020-07-15 07:08:07.000,0,NULL,NULL,2018-10-26,NULL,NULL,NULL,0,0,
5254,,01614 MON-LCD-ICT-PTRE-18,DELL 19.5,ICT,DELL,"MONITOR DELL 19.5""",0,101033,0,0,NULL,130004,9,LT,0,NULL,NULL,NULL,NULL,053573,2020-07-15 07:08:00.000,0,NULL,NULL,2018-10-26,NULL,NULL,NULL,0,0,
5256,,01616 MON-LCD-ICT-PTRE-18,DELL 19.5,ICT,DELL,"MONITOR DELL 19.5""",0,101033,0,0,NULL,130004,9,LT,0,NULL,NULL,NULL,NULL,053573,2020-07-15 07:07:55.000,0,NULL,NULL,2018-10-26,NULL,NULL,NULL,0,0,
5265,,01625 MON-LCD-ICT-PTRE-18,Dell 19.5,ICT,DELL,Monitor dell 19.5'',0,101033,0,0,NULL,130004,9,LT,0,NULL,NULL,NULL,NULL,053573,2020-07-15 07:07:47.000,0,NULL,NULL,2018-12-04,NULL,NULL,NULL,0,0,
5267,,01627 MON-LCD-ICT-PTRE-18,Dell 19.5,ICT,DELL,Monitor dell 19.5'',0,101033,0,0,NULL,130004,9,LT,0,NULL,NULL,NULL,NULL,053573,2020-07-15 07:07:40.000,0,NULL,NULL,2018-12-04,NULL,NULL,NULL,0,0,
5269,,01629 MON-LCD-ICT-PTRE-18,DELL 19.5,ICT,DELL,Monitor Dell 19.5'',0,101033,0,0,NULL,130004,9,LT,0,NULL,NULL,NULL,NULL,053573,2020-07-15 07:07:35.000,0,NULL,NULL,2018-12-04,NULL,NULL,NULL,0,0,
5271,,01631 MON-LCD-ICT-PTRE-18,DELL 19.5,ICT,DELL,Monitor dell 19.5'',0,101033,0,0,NULL,130004,9,LT,0,NULL,NULL,NULL,NULL,053573,2020-07-15 07:07:30.000,0,NULL,NULL,2018-12-04,NULL,NULL,NULL,0,0,
5273,,01633 MON-LCD-ICT-PTRE-18,DELL 19.5,ICT,DELL,Monitor 19.5'',0,101033,0,0,NULL,130004,9,LT,0,NULL,NULL,NULL,NULL,053573,2020-07-15 07:07:24.000,0,NULL,NULL,2018-12-04,NULL,NULL,NULL,0,0,
5275,,01635 MON-LCD-ICT-PTRE-18,DELL 19.5,ICT,DELL,Monitor dell 19.5'',0,101033,0,0,NULL,130004,9,LT,0,NULL,NULL,NULL,NULL,053573,2020-07-15 07:07:18.000,0,NULL,NULL,2018-12-04,NULL,NULL,NULL,0,0,
5277,,01637 MON-LCD-ICT-PTRE-18,DELL 19.5,ICT,DELL,Monitor dell 19.5'',0,101033,0,0,NULL,130004,9,LT,0,NULL,NULL,NULL,NULL,053573,2020-07-15 07:07:13.000,0,NULL,NULL,2018-12-04,NULL,NULL,NULL,0,0,
5279,,01639 MON-LCD-ICT-PTRE-18,Dell 19.5,ICT,DELL,Monitor Dell 19.5'',0,101033,0,0,NULL,130004,9,LT,0,NULL,NULL,NULL,NULL,053573,2020-07-15 07:07:05.000,0,NULL,NULL,2018-12-04,NULL,NULL,NULL,0,0,
5281,,01641 MON-LCD-ICT-PTRE-18,DELL 19.5,ICT,DELL,Monitor dell 19.5'',0,101033,0,0,NULL,130004,9,LT,0,NULL,NULL,NULL,NULL,053573,2020-07-15 07:06:59.000,0,NULL,NULL,2018-12-04,NULL,NULL,NULL,0,0,
5283,,01643 MON-LCD-ICT-PTRE-18,DELL 19.5,ICT,DELL,Monitor dell 19.5'',0,101033,0,0,NULL,130004,9,LT,0,NULL,NULL,NULL,NULL,053573,2020-07-15 07:06:52.000,0,NULL,NULL,2018-12-04,NULL,NULL,NULL,0,0,
6162,,01659 MON-LCD-ICT-PTRE-19,Dell 19.5,ICT,DELL,Monitor Dell 19.5,0,101033,0,0,NULL,130004,9,LT,0,NULL,NULL,NULL,NULL,053573,2020-07-15 07:06:44.000,0,NULL,NULL,2019-02-28,NULL,NULL,NULL,0,0,
6164,,01661 MON-LCD-ICT-PTRE-19,Dell 19.5,ICT,DELL,Monitor Dell 19.5,0,101033,0,0,NULL,130004,9,LT,0,NULL,NULL,NULL,NULL,053573,2020-07-15 07:06:37.000,0,NULL,NULL,2019-02-28,NULL,NULL,NULL,0,0,
6166,,01663 MON-LCD-ICT-PTRE-19,Dell 19.5,ICT,DELL,Monitor Dell 19.5,0,101033,0,0,NULL,130004,9,LT,0,NULL,NULL,NULL,NULL,053573,2020-07-15 07:06:30.000,0,NULL,NULL,2019-02-28,NULL,NULL,NULL,0,0,
6168,,01665 MON-LCD-ICT-PTRE-19,Dell 19.5,ICT,DELL,Monitor dell 19.5,0,101033,0,0,NULL,130004,9,LT,0,NULL,NULL,NULL,NULL,053573,2020-07-15 07:06:23.000,0,NULL,NULL,2019-02-28,NULL,NULL,NULL,0,0,
6170,,01667 MON-LCD-ICT-PTRE-19,Dell 19.5,ICT,DELL,Monitor dell 19.5,0,101033,0,0,NULL,130004,9,LT,0,NULL,NULL,NULL,NULL,053573,2020-07-15 07:06:17.000,0,NULL,NULL,2019-02-28,NULL,NULL,NULL,0,0,
6172,,01669 MON-LCD-ICT-PTRE-19,Dell 19.5,ICT,DELL,Monitor Dell 19.5,0,101033,0,0,NULL,130004,9,LT,0,NULL,NULL,NULL,NULL,053573,2020-07-15 07:06:09.000,0,NULL,NULL,2019-02-28,NULL,NULL,NULL,0,0,
6174,,01671 MON-LCD-ICT-PTRE-19,Dell 19.5,ICT,DELL,Monitor dell 19   ,0,101033,0,0,NULL,130004,9,LT,0,NULL,NULL,NULL,NULL,053573,2020-07-15 07:06:03.000,0,NULL,NULL,2019-02-28,NULL,NULL,NULL,0,0,
6176,,01673 MON-LCD-ICT-PTRE-19,Dell 19.5,ICT,DELL,Monitor Dell 19.5,0,101033,0,0,NULL,130004,9,LT,0,NULL,NULL,NULL,NULL,053573,2020-07-15 07:05:54.000,0,NULL,NULL,2019-02-28,NULL,NULL,NULL,0,0,
6178,,01675 MON-LCD-ICT-PTRE-19,Dell 19.5,ICT,DELL,Monitor Dell 19.5,0,101033,0,0,NULL,130004,9,LT,0,NULL,NULL,NULL,NULL,053573,2020-07-15 07:05:48.000,0,NULL,NULL,2019-02-28,NULL,NULL,NULL,0,0,
6180,,01677 MON-LCD-ICT-PTRE-19,Dell 19.5,ICT,DELL,Monitor Dell 19.5,0,101033,0,0,NULL,130004,9,LT,0,NULL,NULL,NULL,NULL,053573,2020-07-15 07:05:36.000,0,NULL,NULL,2019-02-28,NULL,NULL,NULL,0,0,
6182,,01679 MON-LCD-ICT-PTRE-19,Dell 19.5,ICT,DELL,Monitor Dell 19.5,0,101033,0,0,NULL,130004,9,LT,0,NULL,NULL,NULL,NULL,053573,2020-07-15 07:05:30.000,0,NULL,NULL,2019-02-28,NULL,NULL,NULL,0,0,
6184,,01681 MON-LCD-ICT-PTRE-19,Dell 19.5,ICT,DELL,Monitor Dell 19.5,0,101033,0,0,NULL,130004,9,LT,0,NULL,NULL,NULL,NULL,053573,2020-07-15 07:05:20.000,0,NULL,NULL,2019-02-28,NULL,NULL,NULL,0,0,
6186,,01683 MON-LCD-ICT-PTRE-19,Dell 19.5,ICT,DELL,Monitor Dell 19.5,0,101033,0,0,NULL,130004,9,LT,0,NULL,NULL,NULL,NULL,053573,2020-07-15 07:05:11.000,0,NULL,NULL,2019-02-28,NULL,NULL,NULL,0,0,
6188,,01685 MON-LCD-ICT-PTRE-19,Dell 19.5,ICT,DELL,Monitor Dell 19.5,0,101033,0,0,NULL,130004,9,LT,0,NULL,NULL,NULL,NULL,053573,2020-07-15 07:05:03.000,0,NULL,NULL,2019-02-28,NULL,NULL,NULL,0,0,
6190,,01687 MON-LCD-ICT-PTRE-19,Dell 19.5,ICT,DELL,Monitor Dell 19.5,0,101033,0,0,NULL,130004,9,LT,0,NULL,NULL,NULL,NULL,053573,2020-07-15 07:04:56.000,0,NULL,NULL,2019-02-28,NULL,NULL,NULL,0,0,
6192,,01689 MON-LCD-ICT-PTRE-19,Dell 19.5,ICT,DELL,Monitor Dell 19.5,0,101033,0,0,NULL,130004,9,LT,0,NULL,NULL,NULL,NULL,053573,2020-07-15 07:04:48.000,0,NULL,NULL,2019-02-28,NULL,NULL,NULL,0,0,
6194,,01691 MON-LCD-ICT-PTRE-19,Dell 19.5,ICT,DELL,Monitor Dell 19.5,0,101033,0,0,NULL,130004,9,LT,0,NULL,NULL,NULL,NULL,053573,2020-07-15 07:04:41.000,0,NULL,NULL,2019-02-28,NULL,NULL,NULL,0,0,
6199,,01696 MON-LCD-ICT-PTRE-19,Dell 19.5,ICT,DELL,Monitor Dell 19.5,0,101033,0,0,NULL,130004,9,LT,0,NULL,NULL,NULL,NULL,053573,2020-07-15 07:04:34.000,0,NULL,NULL,2019-04-08,NULL,NULL,NULL,0,0,
6201,,01698 MON-LCD-ICT-PTRE-19,Dell 19.5,ICT,DELL,Monitor Dell 19.5,0,101033,0,0,NULL,130004,9,LT,0,NULL,NULL,NULL,NULL,053573,2020-07-15 07:04:27.000,0,NULL,NULL,2019-04-08,NULL,NULL,NULL,0,0,
6203,,01700 MON-LCD-ICT-PTRE-19,Dell 19.5,ICT,DELL,Monitor dell 19.5,0,101033,0,0,NULL,130004,9,LT,0,NULL,NULL,NULL,NULL,053573,2020-07-15 07:04:19.000,0,NULL,NULL,2019-04-08,NULL,NULL,NULL,0,0,
6205,,01702 MON-LCD-ICT-PTRE-19,Dell 19.5,ICT,DELL,"Monitor Dell 19.5""
",0,101033,0,0,NULL,130004,9,LT,0,NULL,NULL,NULL,NULL,053573,2020-07-15 07:04:12.000,0,NULL,NULL,2019-04-08,NULL,NULL,NULL,0,0,
6207,,01704 MON-LCD-ICT-PTRE-19,Dell 19.5,ICT,DELL,"Monitor Dell 19.5""
",0,101033,0,0,NULL,130004,9,LT,0,NULL,NULL,NULL,NULL,053573,2020-07-15 07:04:04.000,0,NULL,NULL,2019-04-08,NULL,NULL,NULL,0,0,
6209,,01706 MON-LCD-ICT-PTRE-19,Dell 19.5,ICT,DELL,Monitor dell 19.5,0,101033,0,0,NULL,130004,9,LT,0,NULL,NULL,NULL,NULL,053573,2020-07-15 07:03:58.000,0,NULL,NULL,2019-04-08,NULL,NULL,NULL,0,0,
6211,,01708 MON-LCD-ICT-PTRE-19,Dell 19.5,ICT,DELL,Monitor dell 19.5,0,101033,0,0,NULL,130004,9,LT,0,NULL,NULL,NULL,NULL,053573,2020-07-15 07:03:51.000,0,NULL,NULL,2019-04-08,NULL,NULL,NULL,0,0,
6213,,01710 MON-DSK-ICT-PTRE-19,Dell 19.5,ICT,DELL,Monitor dell 19.5,0,101033,0,0,NULL,130004,9,LT,0,NULL,NULL,NULL,NULL,053573,2020-07-15 07:03:44.000,0,NULL,NULL,2019-04-08,NULL,NULL,NULL,0,0,
6215,,01712 MON-LCD-ICT-PTRE-19,Dell 19.5,ICT,DELL,"Core i5-8400,8GB DDR4,1TB HDD, Geforce 730
",0,101033,0,0,NULL,130004,9,LT,0,NULL,NULL,NULL,NULL,053573,2020-07-15 07:03:38.000,0,NULL,NULL,2019-04-08,NULL,NULL,NULL,0,0,
6217,,01714 MON-LCD-ICT-PTRE-19,Dell 19.5,ICT,DELL,Monitor Dell 19.5,0,101033,0,0,NULL,130004,9,LT,0,NULL,NULL,NULL,NULL,053573,2020-07-15 07:02:48.000,0,NULL,NULL,2019-04-08,NULL,NULL,NULL,0,0,
6219,,01716 MON-LCD-ICT-PTRE-19,Dell 19.5,ICT,DELL,Monitor dell 19.5 ,0,101033,0,0,NULL,130004,9,LT,0,NULL,NULL,NULL,NULL,053573,2020-07-15 07:03:32.000,0,NULL,NULL,2019-04-08,NULL,NULL,NULL,0,0,
6221,,01718 MON-LCD-ICT-PTRE-19,Dell 19.5,ICT,DELL,MONITOR DELL 19.5,0,101033,0,0,NULL,130004,9,LT,0,NULL,NULL,NULL,NULL,053573,2020-07-15 07:02:42.000,0,NULL,NULL,2019-04-08,NULL,NULL,NULL,0,0,
6223,,01720 MON-LCD-ICT-PTRE-19,Dell 19.5,ICT,DELL,Monitor Dell 19.5,0,101033,0,0,NULL,130004,9,LT,0,NULL,NULL,NULL,NULL,053573,2020-07-15 07:02:35.000,0,NULL,NULL,2019-04-08,NULL,NULL,NULL,0,0,
6225,,01722 MON-LCD-ICT-PTRE-19,Dell 19.5,ICT,DELL,Monitor dell 19.5,0,101033,0,0,NULL,130004,9,LT,0,NULL,NULL,NULL,NULL,053573,2020-05-27 13:42:36.000,0,NULL,NULL,2019-04-08,NULL,NULL,NULL,0,0,
6227,,01724 MON-LCD-ICT-PTRE-19,Dell 19.5,ICT,DELL,Monitor dell 19.5,0,101033,0,0,NULL,130004,9,LT,0,NULL,NULL,NULL,NULL,053573,2020-07-15 07:03:25.000,0,NULL,NULL,2019-04-08,NULL,NULL,NULL,0,0,
6229,,01726 MON-LCD-ICT-PTRE-19,Dell 19.5,ICT,DELL,Monitor dell 19.5,0,101033,0,0,NULL,130004,9,LT,0,NULL,NULL,NULL,NULL,053573,2020-07-15 07:03:20.000,0,NULL,NULL,2019-04-08,NULL,NULL,NULL,0,0,
6231,,01728 MON-LCD-ICT-PTRE-19,Dell 19.5,ICT,DELL,Monitor dell 19.5,0,101033,0,0,NULL,130004,9,LT,0,NULL,NULL,NULL,NULL,053573,2020-07-15 07:02:27.000,0,NULL,NULL,2019-04-08,NULL,NULL,NULL,0,0,
6233,,01730 MON-LCD-ICT-PTRE-19,Dell 19.5,ICT,DELL,"Monitor dell 19.5
",0,101033,0,0,NULL,130004,9,LT,0,NULL,NULL,NULL,NULL,053573,2020-07-15 07:03:13.000,0,NULL,NULL,2019-04-08,NULL,NULL,NULL,0,0,
6235,,01732 MON-LCD-ICT-PTRE-19,Dell 19.5,ICT,DELL,Monitor dell 19.5,0,101033,0,0,NULL,130004,9,LT,0,NULL,NULL,NULL,NULL,053573,2020-07-15 07:02:20.000,0,NULL,NULL,2019-04-08,NULL,NULL,NULL,0,0,
6237,,01734 MON-LCD-ICT-PTRE-19,Dell 19.5,ICT,DELL,Monitor dell 19.5,0,101033,0,0,NULL,130004,9,LT,0,NULL,NULL,NULL,NULL,053573,2020-07-15 07:02:57.000,0,NULL,NULL,2019-04-08,NULL,NULL,NULL,0,0,
6238,,01735 MON-LCD-ICT-PTRE-19,Dell 19.5,ICT,DELL,Monitor dell 19.5,0,101033,0,0,NULL,130004,9,LT,0,NULL,NULL,NULL,NULL,053573,2020-07-15 07:02:12.000,0,NULL,NULL,2019-04-08,NULL,NULL,NULL,0,0,
6239,,01736 MON-LCD-ICT-PTRE-19,Dell 19.5,ICT,DELL,Monitor dell 19.5,0,101033,0,0,NULL,130004,9,LT,0,NULL,NULL,NULL,NULL,053573,2020-07-15 07:03:06.000,0,NULL,NULL,2019-04-08,NULL,NULL,NULL,0,0,
6240,,01737 MON-LCD-ICT-PTRE-19,Dell 19.5,ICT,DELL,Monitor dell 19.5,0,101033,0,0,NULL,130004,9,LT,0,NULL,NULL,NULL,NULL,053573,2020-07-15 07:01:52.000,0,NULL,NULL,2019-04-08,NULL,NULL,NULL,0,0,
6241,,01738 MON-LCD-ICT-PTRE-19,Dell 19.5,ICT,DELL,Monitor dell 19.5,0,101033,0,0,NULL,130004,9,LT,0,NULL,NULL,NULL,NULL,053573,2020-05-31 10:17:37.000,0,NULL,NULL,2019-04-08,NULL,NULL,NULL,0,0,
6242,,01739 MON-LCD-ICT-PTRE-19,Dell 19.5,ICT,DELL,Monitor dell 19.5,0,101033,0,0,NULL,130004,9,LT,0,NULL,NULL,NULL,NULL,053573,2020-05-31 10:17:21.000,0,NULL,NULL,2019-04-08,NULL,NULL,NULL,0,0,
6243,,01740 MON-LCD-ICT-PTRE-19,Dell 19.5,ICT,DELL,Monitor dell 19.5,0,101033,0,0,NULL,130004,9,LT,0,NULL,NULL,NULL,NULL,053573,2020-05-31 10:17:15.000,0,NULL,NULL,2019-04-08,NULL,NULL,NULL,0,0,
6244,,01741 MON-LCD-ICT-PTRE-19,Dell 19.5,ICT,DELL,Monitor dell 19.5,0,101033,0,0,NULL,130004,9,LT,0,NULL,NULL,NULL,NULL,053573,2020-05-31 10:17:09.000,0,NULL,NULL,2019-04-08,NULL,NULL,NULL,0,0,
6245,,01742 MON-LCD-ICT-PTRE-19,Dell 19.5,ICT,DELL,Monitor dell 19.5,0,101033,0,0,NULL,130004,9,LT,0,NULL,NULL,NULL,NULL,053573,2020-05-31 10:17:03.000,0,NULL,NULL,2019-04-08,NULL,NULL,NULL,0,0,
6246,,01743 MON-LCD-ICT-PTRE-19,Dell 19.5,ICT,DELL,Monitor dell 19.5,0,101033,0,0,NULL,130004,9,LT,0,NULL,NULL,NULL,NULL,053573,2020-05-31 10:16:58.000,0,NULL,NULL,2019-04-08,NULL,NULL,NULL,0,0,
6247,,01744 MON-LCD-ICT-PTRE-19,Dell 19.5,ICT,DELL,Monitor dell 19.5,0,101033,0,0,NULL,130004,9,LT,0,NULL,NULL,NULL,NULL,053573,2020-05-31 10:16:46.000,0,NULL,NULL,2019-04-08,NULL,NULL,NULL,0,0,
6270,,01769 MON-LCD-ICT-PTRE-19,Dell 19.5,ICT,DELL,monitor dell 19.5,0,101033,0,0,NULL,130004,9,LT,0,NULL,NULL,NULL,NULL,053573,2020-05-31 10:16:41.000,0,NULL,NULL,2019-06-20,NULL,NULL,NULL,0,0,
6272,,01771 MON-LCD-ICT-PTRE-19,Dell 19.5,ICT,DELL,MONITOR DELL 19.5,0,101033,0,0,NULL,130004,9,LT,0,NULL,NULL,NULL,NULL,053573,2020-05-31 10:16:36.000,0,NULL,NULL,2019-06-20,NULL,NULL,NULL,0,0,
6274,,01773 MON-LCD-ICT-PTRE-19,Dell 19.5,ICT,DELL,"Monitor Dell 19.5
",0,101033,0,0,NULL,130004,9,LT,0,NULL,NULL,NULL,NULL,053573,2020-05-31 10:16:30.000,0,NULL,NULL,2019-06-20,NULL,NULL,NULL,0,0,
6276,,01775 MON-LCD-ICT-PTRE-19,Dell 19.5,ICT,DELL,Monitor dell 19.5,0,101033,0,0,NULL,130004,9,LT,0,NULL,NULL,NULL,NULL,053573,2020-05-31 10:16:19.000,0,NULL,NULL,2019-06-20,NULL,NULL,NULL,0,0,
6278,,01777 MON-LCD-ICT-PTRE-19,Dell 19.5,ICT,DELL,"Monitor Dell 19.5
",0,101033,0,0,NULL,130004,9,LT,0,NULL,NULL,NULL,NULL,053573,2020-05-31 10:16:13.000,0,NULL,NULL,2019-06-20,NULL,NULL,NULL,0,0,
6280,,01779 MON-LCD-ICT-PTRE-19,Dell 19.5,ICT,DELL,"Monitor dell 19.5
",0,101033,0,0,NULL,130004,9,LT,0,NULL,NULL,NULL,NULL,053573,2020-05-31 10:16:09.000,0,NULL,NULL,2019-06-20,NULL,NULL,NULL,0,0,
6282,,01781 MON-LCD-ICT-PTRE-19,Dell 19.5,ICT,DELL,"Monitor Dell 19.5
",0,101033,0,0,NULL,130004,9,LT,0,NULL,NULL,NULL,NULL,053573,2020-05-31 10:16:04.000,0,NULL,NULL,2019-06-20,NULL,NULL,NULL,0,0,
6284,,01783 MON-LCD-ICT-PTRE-19,Dell 19.5,ICT,DELL,Monitor Dell 19.5,0,101033,0,0,NULL,130004,9,LT,0,NULL,NULL,NULL,NULL,053573,2020-05-31 10:15:54.000,0,NULL,NULL,2019-06-20,NULL,NULL,NULL,0,0,
6286,,01785 MON-LCD-ICT-PTRE-19,Dell 19.5,ICT,DELL,Monitor dell 19.5,0,101033,0,0,NULL,130004,9,LT,0,NULL,NULL,NULL,NULL,053573,2020-05-31 10:15:48.000,0,NULL,NULL,2019-06-20,NULL,NULL,NULL,0,0,
6288,,01787 MON-LCD-ICT-PTRE-19,Dell 19.5,ICT,DELL,Monitor dell 19.5,0,101033,0,0,NULL,130004,9,LT,0,NULL,NULL,NULL,NULL,053573,2020-05-31 10:15:43.000,0,NULL,NULL,2019-06-20,NULL,NULL,NULL,0,0,
6290,,01789 MON-LCD-ICT-PTRE-19,Dell 19.5,ICT,DELL,monitor dell 19.5,0,101033,0,0,NULL,130004,9,LT,0,NULL,NULL,NULL,NULL,053573,2020-05-31 10:15:39.000,0,NULL,NULL,2019-06-27,NULL,NULL,NULL,0,0,
6292,,01791 MON-LCD-ICT-PTRE-19,Dell 19.5,ICT,DELL,monitor dell 19.5,0,101033,0,0,NULL,130004,9,LT,0,NULL,NULL,NULL,NULL,053573,2020-05-31 10:15:34.000,0,NULL,NULL,2019-06-27,NULL,NULL,NULL,0,0,
6294,,01793 MON-LCD-ICT-PTRE-19,Dell 19.5,ICT,DELL,"monitor dell 19.5
",0,101033,0,0,NULL,130004,9,LT,0,NULL,NULL,NULL,NULL,053573,2020-05-31 10:15:28.000,0,NULL,NULL,2019-06-27,NULL,NULL,NULL,0,0,
6296,,01795 MON-LCD-ICT-PTRE-19,Dell 19.5,ICT,DELL,"monitor dell 19.5
",0,101033,0,0,NULL,130004,9,LT,0,NULL,NULL,NULL,NULL,053573,2020-05-31 10:15:22.000,0,NULL,NULL,2019-06-27,NULL,NULL,NULL,0,0,
6298,,01797 MON-LCD-ICT-PTRE-19,Dell 19.5,ICT,DELL,monitor dell 19.5,0,101033,0,0,NULL,130004,9,LT,0,NULL,NULL,NULL,NULL,053573,2020-05-31 10:15:17.000,0,NULL,NULL,2019-06-27,NULL,NULL,NULL,0,0,
6300,,01799 MON-LCD-ICT-PTRE-19,Dell 19.5,ICT,DELL,monitor dell 19.5,0,101033,0,0,NULL,130004,9,LT,0,NULL,NULL,NULL,NULL,053573,2020-05-31 10:15:11.000,0,NULL,NULL,2019-06-27,NULL,NULL,NULL,0,0,
6302,,01801 MON-LCD-ICT-PTRE-19,Dell 19.5,ICT,DELL,19.5,0,101033,0,0,NULL,130004,9,LT,0,NULL,NULL,NULL,NULL,053573,2020-05-31 10:15:03.000,0,NULL,NULL,2019-06-27,NULL,NULL,NULL,0,0,
6304,,01803 MON-LCD-ICT-PTRE-19,Dell 19.5,ICT,DELL,Monitor dell 19.5,0,101033,0,0,NULL,130004,9,LT,0,NULL,NULL,NULL,NULL,053573,2020-05-31 10:14:45.000,0,NULL,NULL,2019-06-27,NULL,NULL,NULL,0,0,
6307,,01805 MON-LCD-ICT-PTRE-19,Dell 19.5,ICT,DELL,Monitor Dell 19.5,0,101033,0,0,NULL,130004,9,LT,0,NULL,NULL,NULL,NULL,053573,2020-05-31 10:14:31.000,0,NULL,NULL,2019-06-27,NULL,NULL,NULL,0,0,
6309,,01807 MON-LCD-ICT-PTRE-19,Dell 19.5,ICT,DELL,Monitor dell 19.5,0,101033,0,0,NULL,130004,9,LT,0,NULL,NULL,NULL,NULL,053573,2020-05-31 10:14:26.000,0,NULL,NULL,2019-06-27,NULL,NULL,NULL,0,0,
6311,,01809 MON-LCD-ICT-PTRE-19,Z22n G2 Display,ICT,HP,Monitor LED 21.5,0,101033,0,0,NULL,130004,9,LT,0,NULL,NULL,NULL,NULL,053573,2020-05-31 10:14:19.000,0,NULL,NULL,2019-01-08,NULL,NULL,NULL,0,0,
6313,,01811 MON-LCD-ICT-PTRE-19,Dell 19.5,ICT,DELL,Monitor dell 19.5,0,101033,0,0,NULL,130004,9,LT,0,NULL,NULL,NULL,NULL,053573,2020-05-31 10:14:15.000,0,NULL,NULL,2019-08-09,NULL,NULL,NULL,0,0,
6315,,01813 MON-LCD-ICT-PTRE-19,Dell 19.5,ICT,DELL,Monitor dell 19.5,0,101033,0,0,NULL,130004,9,LT,0,NULL,NULL,NULL,NULL,053573,2020-05-31 10:14:07.000,0,NULL,NULL,2019-08-09,NULL,NULL,NULL,0,0,
6317,,01815 MON-LCD-ICT-PTRE-19,Dell 19.5,ICT,DELL,Monitor Dell 19.5,0,101033,0,0,NULL,130004,9,LT,0,NULL,NULL,NULL,NULL,053573,2020-05-31 10:14:03.000,0,NULL,NULL,2019-08-09,NULL,NULL,NULL,0,0,
6319,,01817 MON-LCD-ICT-PTRE-19,Dell 19.5,ICT,DELL,Monitor Dell 19.5,0,101033,0,0,NULL,130004,9,LT,0,NULL,NULL,NULL,NULL,053573,2020-05-31 10:13:58.000,0,NULL,NULL,2019-08-09,NULL,NULL,NULL,0,0,
6321,,01819 MON-LCD-ICT-PTRE-19,Dell 19.5,ICT,DELL,Monitor dell 19.5,0,101033,0,0,NULL,130004,9,LT,0,NULL,NULL,NULL,NULL,053573,2020-05-31 10:13:54.000,0,NULL,NULL,2019-08-09,NULL,NULL,NULL,0,0,
6323,,01821 MON-LCD-ICT-PTRE-19,Dell 19.5,ICT,DELL,Monitor dell 19.5,0,101033,0,0,NULL,130004,9,LT,0,NULL,NULL,NULL,NULL,053573,2020-05-31 10:13:50.000,0,NULL,NULL,2019-08-09,NULL,NULL,NULL,0,0,
6325,,01823 MON-LCD-ICT-PTRE-19,Dell 19.5,ICT,DELL,Monitor dell 19.5,0,101033,0,0,NULL,130004,9,LT,0,NULL,NULL,NULL,NULL,053573,2020-05-31 10:13:45.000,0,NULL,NULL,2019-08-09,NULL,NULL,NULL,0,0,
6327,,01825 MON-LCD-ICT-PTRE-19,Dell 19.5,ICT,DELL,monitor dell 19.5,0,101033,0,0,NULL,130004,9,LT,0,NULL,NULL,NULL,NULL,053573,2020-05-31 10:13:39.000,0,NULL,NULL,2019-08-09,NULL,NULL,NULL,0,0,
6329,,01827 MON-LCD-ICT-PTRE-19,Dell 19.5,ICT,DELL,Monitor dell 19.5,0,101033,0,0,NULL,130004,9,LT,0,NULL,NULL,NULL,NULL,053573,2020-05-31 10:13:34.000,0,NULL,NULL,2019-08-09,NULL,NULL,NULL,0,0,
6331,,01829 MON-LCD-ICT-PTRE-19,Dell 19.5,ICT,DELL,Monitor dell 19.5,0,101033,0,0,NULL,130004,9,LT,0,NULL,NULL,NULL,NULL,053573,2020-05-31 10:13:29.000,0,NULL,NULL,2019-08-09,NULL,NULL,NULL,0,0,
6334,,01832 MON-LCD-ICT-PTRE-19,Z22n G2 Display,ICT,HP,Monitor LED 21.5,0,101033,0,0,NULL,130004,9,LT,0,NULL,NULL,NULL,NULL,053573,2020-05-31 10:13:24.000,0,NULL,NULL,2019-08-26,NULL,NULL,NULL,0,0,
6336,,01834 MON-LCD-ICT-PTRE-19,Z22n G2 Display,ICT,HP,Monitor LED 21.5,0,101033,0,0,NULL,130004,9,LT,0,NULL,NULL,NULL,NULL,053573,2020-05-31 10:12:56.000,0,NULL,NULL,2019-08-26,NULL,NULL,NULL,0,0,
6338,,01836 MON-LCD-ICT-PTRE-19,Dell 19.5,ICT,DELL,Monitor dell 19.5,0,101033,0,0,NULL,130004,9,LT,0,NULL,NULL,NULL,NULL,053573,2020-05-31 10:12:50.000,0,NULL,NULL,2019-08-26,NULL,NULL,NULL,0,0,
6340,,01838 MON-LCD-ICT-PTRE-19,Dell 19.5,ICT,DELL,Monitor Dell 19.5,0,101033,0,0,NULL,130004,9,LT,0,NULL,NULL,NULL,NULL,053573,2020-05-31 10:12:37.000,0,NULL,NULL,2019-08-26,NULL,NULL,NULL,0,0,
6342,,01840 MON-LCD-ICT-PTRE-19,Dell 19.5,ICT,DELL,Monitor Dell 19.5,0,101033,0,0,NULL,130004,9,LT,0,NULL,NULL,NULL,NULL,053573,2020-05-31 10:12:27.000,0,NULL,NULL,2019-08-26,NULL,NULL,NULL,0,0,
6344,,01842 MON-LCD-ICT-PTRE-19,Dell 19.5,ICT,DELL,Monitor dell 19.5,0,101033,0,0,NULL,130004,9,LT,0,NULL,NULL,NULL,NULL,053573,2020-05-31 10:12:16.000,0,NULL,NULL,2019-08-26,NULL,NULL,NULL,0,0,
6346,,01844 MON-LCD-ICT-PTRE-19,Dell 19.5,ICT,DELL,Monitor Dell 19.5,0,101033,0,0,NULL,130004,9,LT,0,NULL,NULL,NULL,NULL,053573,2020-05-31 10:11:42.000,0,NULL,NULL,2019-08-26,NULL,NULL,NULL,0,0,
6348,,01846 MON-LCD-ICT-PTRE-19,Dell 19.5,ICT,DELL,Monitor dell 19.5,0,101033,0,0,NULL,130004,9,LT,0,NULL,NULL,NULL,NULL,053573,2020-05-31 10:11:38.000,0,NULL,NULL,2019-08-26,NULL,NULL,NULL,0,0,
6350,,01848 MON-LCD-ICT-PTRE-19,Dell 19.5,ICT,DELL,Monitor dell 19.5,0,101033,0,0,NULL,130004,9,LT,0,NULL,NULL,NULL,NULL,053573,2020-05-31 10:11:26.000,0,NULL,NULL,2019-08-26,NULL,NULL,NULL,0,0,
6352,,01850 MON-LCD-ICT-PTRE-19,Dell 19.5,ICT,DELL,Monitor dell 19.5,0,101033,0,0,NULL,130004,9,LT,0,NULL,NULL,NULL,NULL,053573,2020-05-31 10:11:15.000,0,NULL,NULL,2019-08-26,NULL,NULL,NULL,0,0,
6354,,01852 MON-LCD-ICT-PTRE-19,Dell 19.5,ICT,DELL,Monitor dell 19.5,0,101033,0,0,NULL,130004,9,LT,0,NULL,NULL,NULL,NULL,053573,2020-05-31 10:11:10.000,0,NULL,NULL,2019-08-26,NULL,NULL,NULL,0,0,
6356,,01854 MON-LCD-ICT-PTRE-19,Dell 19.5,ICT,DELL,monitor dell 19.5,0,101033,0,0,NULL,130004,9,LT,0,NULL,NULL,NULL,NULL,053573,2020-05-31 10:11:01.000,0,NULL,NULL,2019-08-26,NULL,NULL,NULL,0,0,
6357,,01855 MON-LCD-ICT-PTRE-19,Dell 19.5,ICT,DELL,Monitor Dell 19.5,0,101033,0,0,NULL,130004,9,LT,0,NULL,NULL,NULL,NULL,053573,2020-05-31 10:10:50.000,0,NULL,NULL,2019-08-26,NULL,NULL,NULL,0,0,
6358,,01856 MON-LCD-ICT-PTRE-19,Dell 19.5,ICT,DELL,Monitor Dell 19.5,0,101033,0,0,NULL,130004,9,LT,0,NULL,NULL,NULL,NULL,053573,2020-05-31 10:10:45.000,0,NULL,NULL,2019-08-26,NULL,NULL,NULL,0,0,
6359,,01857 MON-LCD-ICT-PTRE-19,Dell 19.5,ICT,DELL,Monitor Dell 19.5,0,101033,0,0,NULL,130004,9,LT,0,NULL,NULL,NULL,NULL,053573,2020-05-31 10:10:40.000,0,NULL,NULL,2019-08-26,NULL,NULL,NULL,0,0,
6360,,01858 MON-LCD-ICT-PTRE-19,Dell 19.5,ICT,DELL,Monitor Dell 19.5,0,101033,0,0,NULL,130004,9,LT,0,NULL,NULL,NULL,NULL,053573,2020-05-31 10:10:35.000,0,NULL,NULL,2019-08-26,NULL,NULL,NULL,0,0,
6361,,01859 MON-LCD-ICT-PTRE-19,Dell 19.5,ICT,DELL,Monitor Dell 19.5,0,101033,0,0,NULL,130004,9,LT,0,NULL,NULL,NULL,NULL,053573,2020-05-31 10:10:30.000,0,NULL,NULL,2019-08-26,NULL,NULL,NULL,0,0,
6362,,01860 MON-LCD-ICT-PTRE-19,Dell 19.5,ICT,DELL,Monitor Dell 19.5,0,101033,0,0,NULL,130004,9,LT,0,NULL,NULL,NULL,NULL,053573,2020-05-31 10:10:24.000,0,NULL,NULL,2019-08-26,NULL,NULL,NULL,0,0,
6363,,01861 MON-LCD-ICT-PTRE-19,Dell 19.5,ICT,DELL,Monitor Dell 19.5,0,101033,0,0,NULL,130004,9,LT,0,NULL,NULL,NULL,NULL,053573,2020-05-31 10:10:20.000,0,NULL,NULL,2019-08-26,NULL,NULL,NULL,0,0,
6364,,01862 MON-LCD-ICT-PTRE-19,Dell 19.5,ICT,DELL,Monitor Dell 19.5,0,101033,0,0,NULL,130004,9,LT,0,NULL,NULL,NULL,NULL,053573,2020-05-31 10:10:15.000,0,NULL,NULL,2019-08-26,NULL,NULL,NULL,0,0,
6365,,01863 MON-LCD-ICT-PTRE-19,Dell 19.5,ICT,DELL,Monitor Dell 19.5,0,101033,0,0,NULL,130004,9,LT,0,NULL,NULL,NULL,NULL,053573,2020-05-31 10:10:11.000,0,NULL,NULL,2019-08-26,NULL,NULL,NULL,0,0,
6366,,01864 MON-LCD-ICT-PTRE-19,Dell 19.5,ICT,DELL,Monitor Dell 19.5,0,101033,0,0,NULL,130004,9,LT,0,NULL,NULL,NULL,NULL,053573,2020-05-31 10:10:04.000,0,NULL,NULL,2019-08-26,NULL,NULL,NULL,0,0,
6367,,01865 MON-LCD-ICT-PTRE-19,Dell 19.5,ICT,DELL,Monitor Dell 19.5,0,101033,0,0,NULL,130004,9,LT,0,NULL,NULL,NULL,NULL,053573,2020-05-31 10:09:58.000,0,NULL,NULL,2019-08-26,NULL,NULL,NULL,0,0,
6368,,01866 MON-LCD-ICT-PTRE-19,Dell 19.5,ICT,DELL,Monitor Dell 19.5,0,101033,0,0,NULL,130004,9,LT,0,NULL,NULL,NULL,NULL,053573,2020-05-31 10:09:46.000,0,NULL,NULL,2019-08-26,NULL,NULL,NULL,0,0,
6369,,01867 MON-LCD-ICT-PTRE-19,Dell 19.5,ICT,DELL,Monitor Dell 19.5,0,101033,0,0,NULL,130004,9,LT,0,NULL,NULL,NULL,NULL,053573,2020-05-31 10:09:40.000,0,NULL,NULL,2019-08-26,NULL,NULL,NULL,0,0,
6370,,01868 MON-LCD-ICT-PTRE-19,Dell 19.5,ICT,DELL,Monitor Dell 19.5,0,101033,0,0,NULL,130004,9,LT,0,NULL,NULL,NULL,NULL,053573,2020-05-31 10:09:34.000,0,NULL,NULL,2019-08-26,NULL,NULL,NULL,0,0,
6371,,01869 MON-LCD-ICT-PTRE-19,Dell 19.5,ICT,DELL,Monitor Dell 19.5,0,101033,0,0,NULL,130004,9,LT,0,NULL,NULL,NULL,NULL,053573,2020-05-31 10:09:29.000,0,NULL,NULL,2019-08-26,NULL,NULL,NULL,0,0,
6398,,01896 MON-LCD-ICT-PTRE-19,Dell 19.5,ICT,DELL,Monitor dell 19.5,0,101033,0,0,NULL,130004,9,LT,0,NULL,NULL,NULL,NULL,053573,2020-05-31 10:09:23.000,0,NULL,NULL,2019-10-01,NULL,NULL,NULL,0,0,
6400,,01898 MON-LCD-ICT-PTRE-19,Dell 19.5,ICT,DELL,Monitor dell 19.5,0,101033,0,0,NULL,130004,9,LT,0,NULL,NULL,NULL,NULL,053573,2020-05-31 10:09:14.000,0,NULL,NULL,2019-10-01,NULL,NULL,NULL,0,0,
6402,,01900 MON-LCD-ICT-PTRE-19,Dell 19.5,ICT,DELL,Monitor dell 19.5,0,101033,0,0,NULL,130004,9,LT,0,NULL,NULL,NULL,NULL,053573,2020-05-31 10:09:09.000,0,NULL,NULL,2019-10-01,NULL,NULL,NULL,0,0,
6404,,01902 MON-LCD-ICT-PTRE-19,Dell 19.5,ICT,DELL,monitor dell 19.5,0,101033,0,0,NULL,130004,9,LT,0,NULL,NULL,NULL,NULL,053573,2020-05-31 10:09:04.000,0,NULL,NULL,2019-10-01,NULL,NULL,NULL,0,0,
6406,,01904 MON-LCD-ICT-PTRE-19,Dell 19.5,ICT,DELL,Monitor dell 19.5,0,101033,0,0,NULL,130004,9,LT,0,NULL,NULL,NULL,NULL,053573,2020-05-31 10:08:58.000,0,NULL,NULL,2019-10-01,NULL,NULL,NULL,0,0,
6408,,01906 MON-LCD-ICT-PTRE-19,Dell 19.5,ICT,DELL,monitor dell 19.5,0,101033,0,0,NULL,130004,9,LT,0,NULL,NULL,NULL,NULL,053573,2020-05-31 10:08:20.000,0,NULL,NULL,2019-10-01,NULL,NULL,NULL,0,0,
6410,,01908 MON-LCD-ICT-PTRE-19,Dell 19.5,ICT,DELL,monitor dell 19.5,0,101033,0,0,NULL,130004,9,LT,0,NULL,NULL,NULL,NULL,053573,2020-05-31 10:08:15.000,0,NULL,NULL,2019-10-01,NULL,NULL,NULL,0,0,
6412,,01910 MON-LCD-ICT-PTRE-19,Dell 19.5,ICT,DELL,monitor dell 19.5,0,101033,0,0,NULL,130004,9,LT,0,1,020036,200921012824,NULL,053573,2020-05-31 10:08:10.000,0,NULL,NULL,2019-10-01,NULL,NULL,NULL,0,0,
6414,,01912 MON-LCD-ICT-PTRE-19,Dell 19.5,ICT,DELL,monitor dell 19.5,0,101033,0,0,NULL,130004,9,LT,0,NULL,NULL,NULL,NULL,053573,2020-05-31 10:08:03.000,0,NULL,NULL,2019-10-01,NULL,NULL,NULL,0,0,
6416,,01914 MON-LCD-ICT-PTRE-19,Dell 19.5,ICT,DELL,monitor dell 19.5,0,101033,0,0,NULL,130004,9,LT,0,NULL,NULL,NULL,NULL,053573,2020-05-31 10:07:56.000,0,NULL,NULL,2019-10-01,NULL,NULL,NULL,0,0,
6441,,01939 MON-LCD-ICT-PTRE-19,Dell 19.5,ICT,DELL,Monitor dell 19.5,0,101033,0,0,NULL,130004,9,LT,0,NULL,NULL,NULL,NULL,053573,2020-05-31 10:07:47.000,0,NULL,NULL,2019-10-29,NULL,NULL,NULL,0,0,
6443,,01941 MON-LCD-ICT-PTRE-19,Dell 19.5,ICT,DELL,monitor dell 19.5,0,101033,0,0,NULL,130004,9,LT,0,NULL,NULL,NULL,NULL,053573,2020-05-31 10:07:42.000,0,NULL,NULL,2019-10-29,NULL,NULL,NULL,0,0,
6445,,01943 MON-LCD-ICT-PTRE-19,Dell 19.5,ICT,DELL,monitor dell 19.5,0,101033,0,0,NULL,130004,9,LT,0,NULL,NULL,NULL,NULL,053573,2020-05-31 10:07:36.000,0,NULL,NULL,2019-10-29,NULL,NULL,NULL,0,0,
6447,,01945 MON-LCD-ICT-PTRE-19,Dell 19.5,ICT,DELL,monitor dell 19.5,0,101033,0,0,NULL,130004,9,LT,0,NULL,NULL,NULL,NULL,053573,2020-05-31 10:07:31.000,0,NULL,NULL,2019-10-29,NULL,NULL,NULL,0,0,
6449,,01946 MON-LCD-ICT-PTRE-19,Dell 19.5,ICT,DELL,monitor dell 19.5,0,101033,0,0,NULL,130004,9,LT,0,NULL,NULL,NULL,NULL,053573,2020-01-30 13:56:57.000,1,053573,2020-01-30 13:57:15.000,2019-10-29,NULL,NULL,NULL,0,0,
6450,,01947 MON-LCD-ICT-PTRE-19,Dell 19.5,ICT,DELL,monitor dell 19.5,0,101033,0,0,NULL,130004,9,LT,0,NULL,NULL,NULL,NULL,053573,2020-05-31 10:07:24.000,0,NULL,NULL,2019-10-29,NULL,NULL,NULL,0,0,
6452,,01949 MON-LCD-ICT-PTRE-19,Dell 19.5,ICT,DELL,monitor dell 19.5,0,101033,0,0,NULL,130004,9,LT,0,NULL,NULL,NULL,NULL,053573,2020-05-31 10:07:15.000,0,NULL,NULL,2019-10-29,NULL,NULL,NULL,0,0,
6454,,01951 MON-LCD-ICT-PTRE-19,Dell 19.5,ICT,DELL,monitor dell 19.5,0,101033,0,0,NULL,130004,9,LT,0,NULL,NULL,NULL,NULL,053573,2020-05-31 10:07:09.000,0,NULL,NULL,2019-10-29,NULL,NULL,NULL,0,0,
6455,,01953 MON-LCD-ICT-PTRE-19,Dell 19.5,ICT,DELL,monitor dell 19.5,0,101033,0,0,NULL,130004,9,LT,0,NULL,NULL,NULL,NULL,053573,2020-05-31 10:07:04.000,0,NULL,NULL,2019-10-29,NULL,NULL,NULL,0,0,
6457,,01955 MON-LCD-ICT-PTRE-19,Dell 19.5,ICT,DELL,monitor dell 19.5,0,101033,0,0,NULL,130004,9,LT,0,NULL,NULL,NULL,NULL,053573,2020-05-31 10:06:58.000,0,NULL,NULL,2019-10-29,NULL,NULL,NULL,0,0,
6459,,01957 MON-LCD-ICT-PTRE-19,Dell 19.5,ICT,DELL,monitor dell 19.5,0,101033,0,0,NULL,130004,9,LT,0,NULL,NULL,NULL,NULL,053573,2020-05-31 10:06:53.000,0,NULL,NULL,2019-10-29,NULL,NULL,NULL,0,0,
6460,,01958 MON-LCD-ICT-PTRE-19,Dell 19.5,ICT,DELL,MONITOR DELL 19.5,0,101033,0,0,NULL,130004,9,LT,0,NULL,NULL,NULL,NULL,053573,2020-05-31 10:06:47.000,0,NULL,NULL,2019-10-29,NULL,NULL,NULL,0,0,
6461,,01959 MON-LCD-ICT-PTRE-19,Dell 19.5,ICT,DELL,MONITOR DELL 19.5,0,101033,0,0,NULL,130004,9,LT,0,NULL,NULL,NULL,NULL,053573,2020-05-31 10:06:43.000,0,NULL,NULL,2019-10-29,NULL,NULL,NULL,0,0,
6462,,01960 MON-LCD-ICT-PTRE-19,Dell 19.5,ICT,DELL,MONITOR DELL 19.5,0,101033,0,0,NULL,130004,9,LT,0,NULL,NULL,NULL,NULL,053573,2020-05-31 10:06:37.000,0,NULL,NULL,2019-10-29,NULL,NULL,NULL,0,0,
6478,,01976 MON-LCD-ICT-PTRE-19,Dell 19.5,ICT,DELL,monitor dell 19.5,0,101033,0,0,NULL,130004,9,LT,0,NULL,NULL,NULL,NULL,053573,2020-05-31 10:06:32.000,0,NULL,NULL,2019-11-21,NULL,NULL,NULL,0,0,
6480,,01978 MON-LCD-ICT-PTRE-19,Dell 19.5,ICT,DELL,monitor dell 19.5,0,101033,0,0,NULL,130004,9,LT,0,NULL,NULL,NULL,NULL,053573,2020-05-31 09:59:40.000,0,NULL,NULL,2019-11-21,NULL,NULL,NULL,0,0,
6482,,01980 MON-LCD-ICT-PTRE-19,Dell 19.5,ICT,DELL,monitor dell 19.5,0,101033,0,0,NULL,130004,9,LT,0,NULL,NULL,NULL,NULL,053573,2020-05-31 09:59:34.000,0,NULL,NULL,2019-11-21,NULL,NULL,NULL,0,0,
6484,,01982 MON-LCD-ICT-PTRE-19,Dell 19.5,ICT,DELL,monitor dell 19.5,0,101033,0,0,NULL,130004,9,LT,0,NULL,NULL,NULL,NULL,053573,2020-05-31 09:59:29.000,0,NULL,NULL,2019-11-21,NULL,NULL,NULL,0,0,
6486,,01984 MON-LCD-ICT-PTRE-19,Dell 19.5,ICT,DELL,monitor dell 19.5,0,101033,0,0,NULL,130004,9,LT,0,NULL,NULL,NULL,NULL,053573,2020-05-31 09:59:23.000,0,NULL,NULL,2019-11-21,NULL,NULL,NULL,0,0,
6488,,01986 MON-LCD-ICT-PTRE-19,Dell 19.5,ICT,DELL,monitor dell 19.5,0,101033,0,0,NULL,130004,9,LT,0,NULL,NULL,NULL,NULL,307518,2020-10-02 11:04:29.000,0,NULL,NULL,2019-11-21,1601611469Doccure.png,1601611469Doccure_thumb.png,/assets/uploads/assetsre/ap/,0,0,
6490,,01988 MON-LCD-ICT-PTRE-19,Dell 19.5,ICT,DELL,monitor dell 19.5,0,101033,0,0,NULL,130004,9,LT,0,NULL,NULL,NULL,NULL,053573,2020-05-31 09:59:05.000,0,NULL,NULL,2019-11-21,NULL,NULL,NULL,0,0,
6492,,01990 MON-LCD-ICT-PTRE-19,Dell 19.5,ICT,DELL,monitor dell 19.5,0,101033,0,0,NULL,130004,9,LT,0,NULL,NULL,NULL,NULL,053573,2020-05-31 09:58:59.000,0,NULL,NULL,2019-11-21,NULL,NULL,NULL,0,0,
6494,,01992 MON-LCD-ICT-PTRE-19,Dell 19.5,ICT,DELL,monitor dell 19.5,0,101033,0,0,NULL,130004,9,LT,0,NULL,NULL,NULL,NULL,053573,2020-05-31 09:58:53.000,0,NULL,NULL,2019-11-21,NULL,NULL,NULL,0,0,
6496,,01994 MON-LCD-ICT-PTRE-19,Dell 19.5,ICT,DELL,monitor dell 19.5,0,101033,0,0,NULL,130004,9,LT,0,NULL,NULL,NULL,NULL,053573,2020-05-31 09:58:47.000,0,NULL,NULL,2019-11-21,NULL,NULL,NULL,0,0,
6501,,01999 MON-LCD-ICT-PTRE-19,Dell 19.14,ICT,DELL,"Monitor Dell 19.5""",0,101033,0,0,NULL,130004,9,LT,0,1,053573,200924045036,2020-09-24,053573,2020-05-31 09:58:41.000,0,NULL,NULL,2019-12-09,NULL,NULL,NULL,0,0,
6502,,02000 MON-LCD-ICT-PTRE-19,Dell 19.14,ICT,DELL,"Monitor Dell 19.5""",0,101033,0,0,NULL,130004,9,LT,0,1,053573,200924045019,2020-09-24,053573,2020-05-29 13:28:00.000,0,NULL,NULL,2019-12-09,NULL,NULL,NULL,0,0,
6503,,02001 MON-LCD-ICT-PTRE-19,Dell 19.14,ICT,DELL,"Monitor Dell 19.5""",0,101033,0,0,NULL,130004,9,LT,0,1,053573,200924044955,2020-09-24,053573,2020-05-29 13:27:53.000,0,NULL,NULL,2019-12-09,NULL,NULL,NULL,0,0,
6504,,02002 MON-LCD-ICT-PTRE-19,Dell 19.14,ICT,DELL,"Monitor Dell 19.5""",0,101033,0,0,NULL,130004,9,LT,0,1,053573,200924044941,2020-09-24,053573,2020-05-29 13:27:47.000,0,NULL,NULL,2019-12-09,NULL,NULL,NULL,0,0,
6505,,02003 MON-LCD-ICT-PTRE-19,Dell 19.14,ICT,DELL,"Monitor Dell 19.5""",0,101033,0,0,NULL,130004,9,LT,0,1,053573,200924044915,2020-09-24,053573,2020-05-29 13:27:41.000,0,NULL,NULL,2019-12-09,NULL,NULL,NULL,0,0,
6506,,02004 MON-LCD-ICT-PTRE-19,Dell 19.14,ICT,DELL,"Monitor Dell 19.5""",0,101033,0,0,NULL,130004,9,LT,0,1,053573,200924044859,2020-09-24,053573,2020-05-29 13:27:33.000,0,NULL,NULL,2019-12-09,NULL,NULL,NULL,0,0,
6507,,02005 MON-LCD-ICT-PTRE-19,Dell 19.14,ICT,DELL,"Monitor Dell 19.5""",0,101033,0,0,NULL,130004,9,LT,0,1,053573,200924044837,2020-09-24,053573,2020-05-29 13:27:27.000,0,NULL,NULL,2019-12-09,NULL,NULL,NULL,0,0,
6508,,02006 MON-LCD-ICT-PTRE-19,Dell 19.14,ICT,DELL,"Monitor Dell 19.5""",0,101033,0,0,NULL,130004,9,LT,0,1,053573,200924044815,2020-09-24,053573,2020-05-29 13:27:21.000,0,NULL,NULL,2019-12-09,NULL,NULL,NULL,0,0,
6509,,02007 MON-LCD-ICT-PTRE-19,Dell 19.14,ICT,DELL,"Monitor Dell 19.5""",0,101033,0,0,NULL,130004,9,LT,0,1,053573,200924044801,2020-09-24,053573,2020-05-29 13:25:44.000,0,NULL,NULL,2019-12-09,NULL,NULL,NULL,0,0,
6510,,02008 MON-LCD-ICT-PTRE-19,Dell 19.14,ICT,DELL,"Monitor Dell 19.5""",0,101033,0,0,NULL,130004,9,LT,0,1,053573,200924044745,2020-09-24,053573,2020-05-29 13:25:29.000,0,NULL,NULL,2019-12-09,NULL,NULL,NULL,0,0,
6531,,2029 MON-LCD-ICT-PTRE-20,Dell 19.5,ICT,DELL,"Monitor Dell 19.5""
",0,101033,0,0,NULL,130004,9,LT,0,1,204946,200924024813,2020-09-24,053573,2020-05-29 13:25:24.000,0,NULL,NULL,2020-02-11,NULL,NULL,NULL,0,0,
6533,,2031 MON-LCD-ICT-PTRE-20,Dell 19.5,ICT,DELL,"Monitor Dell 19.5""
",0,101033,0,0,NULL,130004,9,LT,0,1,194782,200924024747,2020-09-24,053573,2020-05-29 13:25:18.000,0,NULL,NULL,2020-02-11,NULL,NULL,NULL,0,0,
6535,,2033 MON-LCD-ICT-PTRE-20,Dell 19.5,ICT,DELL,"Monitor Dell 19.5""
",0,101033,0,0,NULL,130004,9,LT,0,1,194788,200924024636,2020-09-24,053573,2020-05-29 13:25:11.000,0,NULL,NULL,2020-02-11,NULL,NULL,NULL,0,0,
6537,,2035 MON-LCD-ICT-PTRE-20,Dell 19.5,ICT,DELL,"Monitor Dell 19.5""
",0,101033,0,0,NULL,130004,9,LT,0,1,194872,200924020246,2020-09-24,053573,2020-05-29 13:25:04.000,0,NULL,NULL,2020-02-11,NULL,NULL,NULL,0,0,
6539,,2037 MON-LCD-ICT-PTRE-20,Dell 19.5,ICT,DELL,"Monitor Dell 19.5""
",0,101033,0,0,NULL,130004,9,LT,0,1,194839,200924020414,2020-09-24,053573,2020-05-29 13:24:27.000,0,NULL,NULL,2020-02-11,NULL,NULL,NULL,0,0,
6541,,2039 MON-LCD-ICT-PTRE-20,Dell 19.5,ICT,DELL,"Monitor Dell 19.5""
",0,101033,0,0,NULL,130004,9,LT,0,1,204947,200924020128,2020-09-24,053573,2020-05-29 13:24:11.000,0,NULL,NULL,2020-02-11,NULL,NULL,NULL,0,0,
6543,,2041 MON-LCD-ICT-PTRE-20,Dell 19.5,ICT,DELL,"Monitor Dell 19.5""
",0,101033,0,0,NULL,130004,9,LT,0,1,053573,200924020013,2020-09-24,053573,2020-05-29 13:24:03.000,0,NULL,NULL,2020-02-11,NULL,NULL,NULL,0,0,
6544,,2042 MON-LCD-ICT-PTRE-20,Dell 19.5,ICT,DELL,"Monitor Dell 19.5""
",0,101033,0,0,NULL,130004,9,LT,0,1,053573,200924015905,2020-09-24,053573,2020-05-29 13:23:53.000,0,NULL,NULL,2020-02-11,NULL,NULL,NULL,0,0,
6545,,2043 MON-LCD-ICT-PTRE-20,Dell 19.5,ICT,DELL,"Monitor Dell 19.5""
",0,101033,0,0,NULL,130004,9,LT,0,1,053573,200924015921,2020-09-24,053573,2020-05-29 13:23:41.000,0,NULL,NULL,2020-02-11,NULL,NULL,NULL,0,0,
6546,,2044 MON-LCD-ICT-PTRE-20,Dell 19.5,ICT,DELL,"Monitor Dell 19.5""
",0,101033,0,0,NULL,130004,9,LT,0,1,053573,200924015849,2020-09-24,053573,2020-05-29 13:23:32.000,0,NULL,NULL,2020-02-11,NULL,NULL,NULL,0,0,
6547,,2045 MON-LCD-ICT-PTRE-20,Dell 19.5,ICT,DELL,"Monitor Dell 19.5""
",0,101033,0,0,NULL,130004,9,LT,0,1,053573,200924015830,2020-09-24,053573,2020-05-29 13:23:22.000,0,NULL,NULL,2020-02-11,NULL,NULL,NULL,0,0,
6548,,2046 MON-LCD-ICT-PTRE-20,Dell 19.5,ICT,DELL,"Monitor Dell 19.5""
",0,101033,0,0,NULL,130004,9,LT,0,1,053573,200924015816,2020-09-24,053573,2020-05-29 13:23:08.000,0,NULL,NULL,2020-02-11,NULL,NULL,NULL,0,0,
6549,,2047 MON-LCD-ICT-PTRE-20,Dell 19.5,ICT,DELL,"Monitor Dell 19.5""
",0,101033,0,0,NULL,130004,9,LT,0,1,053573,200924015756,2020-09-24,053573,2020-05-29 13:22:59.000,0,NULL,NULL,2020-02-11,NULL,NULL,NULL,0,0,
6550,,2048 MON-LCD-ICT-PTRE-20,Dell 19.5,ICT,DELL,"Monitor Dell 19.5""
",0,101033,0,0,NULL,130004,9,LT,0,1,053573,200924015743,2020-09-24,053573,2020-05-29 13:22:47.000,0,NULL,NULL,2020-02-11,NULL,NULL,NULL,0,0,
8090,,2278-MON-LCD-ICT-PTRE-23,NEOTEZ AQUILA 34,ICT,Neotez,34 Inch VA Curved 1500R Resolution : 3440 x 1440 21:9 UltraWide,4700000,991001,0,1,22-1321027,130004,80,LT,0,1,124299,240124050743,2023-09-26,053573,2023-10-31 09:47:52.000,0,NULL,NULL,2023-09-26,NULL,NULL,NULL,0,0,
8091,,2279-MON-LCD-ICT-PTRE-23,NEOTEZ AQUILA 34,ICT,Neotez, 34 Inch VA Curved 1500R Resolution : 3440 x 1440 21:9 UltraWide,4700000,991001,0,0,22-1321027,130004,80,LT,0,1,124299,240124050813,2023-09-26,053573,2023-10-31 10:04:27.000,0,NULL,NULL,2023-09-26,NULL,NULL,NULL,0,0,
8092,,2280-MON-LCD-ICT-PTRE-23,NEOTEZ AQUILA 34,ICT,Neotez, 34 Inch VA Curved 1500R Resolution : 3440 x 1440 21:9 UltraWide,4700000,991001,0,1,22-1321027,130004,80,LT,0,1,124299,240124050835,2023-09-26,053573,2023-10-31 10:07:17.000,0,NULL,NULL,2023-09-26,NULL,NULL,NULL,0,0,
8093,,2281-MON-LCD-ICT-PTRE-23,NEOTEZ AQUILA 34,ICT,Neotez, 34 Inch VA Curved 1500R Resolution : 3440 x 1440 21:9 UltraWide,4700000,991001,0,1,22-1321027,130004,80,LT,0,1,124299,240124050930,2023-09-26,053573,2023-10-31 10:08:35.000,0,NULL,NULL,2023-09-26,NULL,NULL,NULL,0,0,
8094,,2282-MON-LCD-ICT-PTRE-23,NEOTEZ AQUILA 34,ICT,Neotez, 34 Inch VA Curved 1500R Resolution : 3440 x 1440 21:9 UltraWide,4700000,991001,0,1,22-1321027,130004,80,LT,0,1,124299,240124050954,2023-09-26,053573,2023-10-31 10:16:32.000,0,NULL,NULL,2023-09-26,NULL,NULL,NULL,0,0,
8095,,2283-MON-LCD-ICT-PTRE-23,NEOTEZ AQUILA 34,ICT,Neotez, 34 Inch VA Curved 1500R Resolution : 3440 x 1440 21:9 UltraWide,4700000,991001,0,1,22-1321027,130004,80,LT,0,1,124299,240124051011,2023-09-26,053573,2023-10-31 10:18:05.000,0,NULL,NULL,2023-09-26,NULL,NULL,NULL,0,0,
8096,,2284-MON-LCD-ICT-PTRE-23,NEOTEZ AQUILA 34,ICT,Neotez, 34 Inch VA Curved 1500R Resolution : 3440 x 1440 21:9 UltraWide,4700000,991001,0,1,22-1321027,130004,80,LT,0,1,124299,240124051040,2023-09-26,053573,2023-10-31 10:18:59.000,0,NULL,NULL,2023-09-26,NULL,NULL,NULL,0,0,
8097,,2285-MON-LCD-ICT-PTRE-23,NEOTEZ AQUILA 34,ICT,Neotez, 34 Inch VA Curved 1500R Resolution : 3440 x 1440 21:9 UltraWide,4700000,991001,0,1,22-1321027,130004,80,LT,0,1,124299,240124051059,2023-09-26,053573,2023-10-31 10:19:51.000,0,NULL,NULL,2023-09-26,NULL,NULL,NULL,0,0,
8098,,2286-MON-LCD-ICT-PTRE-23,NEOTEZ AQUILA 34,ICT,Neotez, 34 Inch VA Curved 1500R Resolution : 3440 x 1440 21:9 UltraWide,4700000,991001,0,0,22-1321027,130004,80,LT,0,1,124299,240124051126,2023-09-26,053573,2023-10-31 10:20:50.000,0,NULL,NULL,2023-09-26,NULL,NULL,NULL,0,0,
8099,,2287-MON-LCD-ICT-PTRE-23,NEOTEZ AQUILA 34,ICT,Neotez, 34 Inch VA Curved 1500R Resolution : 3440 x 1440 21:9 UltraWide,4700000,991001,0,1,22-1321027,130004,80,LT,0,1,124299,240124051153,2023-09-26,053573,2023-10-31 10:23:27.000,0,NULL,NULL,2023-09-26,NULL,NULL,NULL,0,0,
8117,,2305-MON-LCD-ICT-PTRE-23,"Xiaomi Mi 34"" Curved Ultra Wide WQHD",ICT,XIAOMI," 34"" Curved Ultra Wide WQHD 144Hz Gaming Monitor
",7000000,991001,0,1,22-1321027,130004,22,LT,0,1,124299,240121112026,2023-11-21,053573,2024-01-21 23:16:03.000,0,NULL,NULL,2023-12-27,NULL,NULL,NULL,0,0,
8698,,03243-ACC-ELET-CFS-PTRE-24,MONITOR,CFS,DELL,,0,101022,0,0,NULL,260000,9,LT,0,NULL,NULL,NULL,NULL,140133,2024-08-02 13:55:23.000,1,140133,2024-08-08 11:30:35.000,2024-07-26,NULL,NULL,NULL,0,0,
10576,,2378-MON-LCD-ICT-PTRE-24,Monitor Lenovo D24-40,ICT,LENOVO,"LED 24"" FHD",1500000,102017,0,1,16-12502,130004,22,LT,0,NULL,NULL,NULL,NULL,053573,2024-12-27 14:01:55.000,0,NULL,NULL,2024-11-25,NULL,NULL,NULL,0,0,
10577,,2379-MON-LCD-ICT-PTRE-24,Monitor Lenovo D24-40,ICT,LENOVO,"LED 24"" FHD",1500000,101039,0,1,16-12502,130004,22,LT,0,NULL,NULL,NULL,NULL,053573,2024-12-27 14:04:43.000,0,NULL,NULL,2024-11-25,NULL,NULL,NULL,0,0,
10578,,2380-MON-LCD-ICT-PTRE-24,Monitor Lenovo D24-40,ICT,LENOVO,"LED 24"" FHD",1500000,101039,0,1,16-12502,130004,22,LT,0,NULL,NULL,NULL,NULL,053573,2024-12-27 14:06:15.000,0,NULL,NULL,2024-11-25,NULL,NULL,NULL,0,0,
10579,,2381-MON-LCD-ICT-PTRE-24,Monitor Lenovo D24-40,ICT,LENOVO,"LED 24"" FHD",1500000,101039,0,1,16-12502,130004,22,LT,0,NULL,NULL,NULL,NULL,053573,2024-12-27 14:07:37.000,0,NULL,NULL,2024-11-25,NULL,NULL,NULL,0,0,
10761,,2445-MON-LCD-ICT-PTRE-25,XIAOMI G34WQI CURVE MONITOR,ICT,XIAOMI,"34"" Ultra Wide Curve VA Panel ",0,991001,0,0,NULL,130004,22,LT,0,1,124299,250923033920,2025-06-03,225164,2025-06-11 08:34:05.000,0,NULL,NULL,2025-05-28,NULL,NULL,NULL,0,0,
11772,,2450-MON-LCD-ICT-PTRE-25,XIAOMI G34WQI CURVE MONITOR,ICT,XIAOMI,"34"" Ultra Wide Curve VA Panel ",0,991001,0,0,NULL,130004,9,LT,0,1,124299,250721101359,2025-07-14,225164,2025-07-21 08:43:29.000,0,NULL,NULL,2025-07-14,NULL,NULL,NULL,0,0,
11773,,2451-MON-LCD-ICT-PTRE-25,LG 24MR400,ICT,LG,LG,0,101039,0,0,NULL,130004,9,LT,0,1,194747,250801011736,2025-07-23,225164,2025-08-01 11:06:51.000,0,NULL,NULL,2025-07-23,NULL,NULL,NULL,0,0,
11774,,2452-MON-LCD-ICT-PTRE-25,LG 24MR400,ICT,LG,LG,0,101039,0,0,NULL,130004,9,LT,0,1,194747,250801011804,2025-07-23,225164,2025-08-01 11:12:24.000,0,NULL,NULL,2025-07-23,NULL,NULL,NULL,0,0,
11778,,2456-MON-LCD-ICT-PTRE-25,LG 24MR400,ICT,LG,,0,104012,0,0,NULL,130004,9,LT,0,1,083913,250829025220,2025-08-29,225164,2025-08-29 14:51:39.000,0,NULL,NULL,2025-08-28,NULL,NULL,NULL,0,0,
11856,,2463-MON-LCD-ICT-PTRE-25,LG 24MR400,ICT,LG,"24"" LED",0,104012,0,1,15-0601,130004,1121,LT,0,NULL,NULL,NULL,NULL,225164,2025-12-08 16:48:06.000,0,NULL,NULL,2025-10-30,NULL,NULL,NULL,0,0,
11857,,2464-MON-LCD-ICT-PTRE-25,"LG 29"" Ultra Wide WQHD",ICT,LG,"29"" Inch LED UltraWide 100Hz",0,101045,0,1,15-0601,130004,1121,LT,0,NULL,NULL,NULL,NULL,225164,2025-12-08 16:50:25.000,0,NULL,NULL,2025-10-30,NULL,NULL,NULL,0,0,
11865,,2470-MON-LCD-ICT-PTRE-26,Xiaomi A24i,ICT,XIAOMI,"24"" LCD IPS 100Hz",0,101040,0,0,NULL,130004,9,LT,0,1,205009,260112022534,2026-01-12,225164,2026-01-12 14:24:48.000,0,NULL,NULL,2026-01-09,NULL,NULL,NULL,0,0,
11866,,2471-MON-LCD-ICT-PTRE-26,Xiaomi A24i,ICT,XIAOMI,"24"" LCD IPS 100Hz",0,101040,0,0,NULL,130004,9,LT,0,1,205009,260112022545,2026-01-12,225164,2026-01-12 14:25:22.000,0,NULL,NULL,2026-01-09,NULL,NULL,NULL,0,0,
12039,123/PO-IX/2026,2500-MON-LCD-ICT-PTRE-26,LG 24MS500-B,ICT,LG,"24"" LCD IPS 100Hz",1100000,102027,0,0,NULL,130004,1122,LT,0,NULL,NULL,NULL,NULL,225164,2026-09-18 17:14:19.000,0,NULL,NULL,2026-09-11,NULL,NULL,NULL,0,0,
12040,123/PO-IX/2026,2501-MON-LCD-ICT-PTRE-26,LG 24MS500-B,ICT,LG,"24"" LCD IPS 100Hz",1100000,102027,0,0,NULL,130004,1122,LT,0,NULL,NULL,NULL,NULL,225164,2026-09-18 17:15:40.000,0,NULL,NULL,2026-09-11,NULL,NULL,NULL,0,0,
12041,123/PO-IX/2026,2502-MON-LCD-ICT-PTRE-26,LG 24MS500-B,ICT,LG,"24"" LCD IPS 100Hz",1100000,102027,0,0,NULL,130004,1122,LT,0,NULL,NULL,NULL,NULL,225164,2026-09-18 17:17:12.000,0,NULL,NULL,2026-09-11,NULL,NULL,NULL,0,0,
