id,po_ref,code,name,organizer,brand,spesifikasi,value,location,umur_ekonomis,pembebanan,project_no,category,vendor,rent_type,kondisi,peminjaman,peminjaman_owner,peminjaman_token,peminjaman_start,create_owner,create_date,deletion,deletion_owner,deletion_date,buy_date,sample_photo,thumbnail,patch,assets_or_inventaris,status,duplicated_number
752,,04125-ELK-ACS-CFS-PTRE-12,AC Split,CFS,PANASONIC,1 PK,0,101029,0,0,,240005,80,LT,0,0,,,,140133,2024-09-17 14:46:33.000,1,140133,2025-02-13 16:06:15.000,2018-03-15,1726559193AC_SPLIT_PANASONIC.jpeg,1726559193AC_SPLIT_PANASONIC_thumb.jpeg,/assets/uploads/assetsre/ap/,0,0,
861,,00861-FUR-MK-CFS-PTRE-13,Meja Cream,CFS,UNO,Warna Cream,0,102012,0,0,,100003,9,LT,0,0,,,,130090,2020-10-14 09:12:21.000,1,140133,2024-08-08 13:46:02.000,2018-03-15,1602641541meja_cream.jpg,1602641541meja_cream_thumb.jpg,/assets/uploads/assetsre/ap/,0,0,
2089,,04124--ACS-CFS-PTRE-15,AC Split,CFS,Daikin,1 PK,0,112002,0,0,,240005,80,LT,0,0,,,,140133,2024-09-17 14:43:34.000,1,140133,2025-02-13 16:06:07.000,2018-03-15,1726559014AC_SPLIT_DAIKIN.jpeg,1726559014AC_SPLIT_DAIKIN_thumb.jpeg,/assets/uploads/assetsre/ap/,0,0,
2090,,04123--ACS-CFS-PTRE-15,AC Split,CFS,Daikin,2 PK,0,112002,0,0,,240005,80,LT,0,0,,,,140133,2024-09-17 14:43:30.000,1,140133,2025-02-13 16:06:11.000,2018-03-15,1726559010AC_SPLIT_DAIKIN.jpeg,1726559010AC_SPLIT_DAIKIN_thumb.jpeg,/assets/uploads/assetsre/ap/,0,0,
7946,,04100-ELK-ACS-CFS-PTRE-22,Ac Split 1 PK,CFS,DAIKIN,Daikin Inverter,0,101045,0,0,,240005,9,LT,0,,,,,140133,2024-09-17 14:42:34.000,1,140133,2025-02-13 16:10:06.000,2023-06-14,1726558954AC_SPLIT_DAIKIN.jpeg,1726558954AC_SPLIT_DAIKIN_thumb.jpeg,/assets/uploads/assetsre/ap/,0,0,
7947,,04099-ELK-ACS-CFS-PTRE-18,Ac Split 1 PK,CFS,DAIKIN,Ac Daikin Inverter,0,101045,0,0,,240005,9,LT,0,,,,,140133,2024-09-17 14:42:26.000,1,140133,2025-02-13 16:10:06.000,2023-06-14,1726558946AC_SPLIT_DAIKIN.jpeg,1726558946AC_SPLIT_DAIKIN_thumb.jpeg,/assets/uploads/assetsre/ap/,0,0,
7948,,04098-ELK-ACS-CFS-PTRE-13,Ac Split 1 PK,CFS,LG,Ac LG 1 pk,0,101045,0,0,,240005,9,LT,0,,,,,140133,2024-08-19 13:38:31.000,1,140133,2025-02-13 16:10:06.000,2023-06-14,,,,0,0,
7960,,04091-ELK-ACS-CFS-PTRE-20,Ac Split 1 PK,CFS,DAIKIN,Ac Split 1 pk,0,101034,0,0,,240005,9,LT,0,,,,,140133,2024-09-17 14:41:49.000,1,140133,2025-02-13 09:08:51.000,2023-06-14,1726558909AC_SPLIT_DAIKIN.jpeg,1726558909AC_SPLIT_DAIKIN_thumb.jpeg,/assets/uploads/assetsre/ap/,0,0,
8214,,04537-ELK-CS-CFS-PTRE-12,Celling Speaker,CFS,TOA,"Pengeras Suara Model ZS-645 R
Daya Nominal 5 W",0,101029,0,0,,240002,9,LT,0,,,,,140133,2024-08-20 09:47:18.000,1,140133,2025-02-13 16:08:29.000,2024-03-20,1710921508WhatsApp_Image_2024-03-20_at_14_05_42.jpeg,1710921508WhatsApp_Image_2024-03-20_at_14_05_42_thumb.jpeg,/assets/uploads/assetsre/ap/,1,0,
8575,,03126-PERP-ACCS-CFS-PTRE-24,Karpet Lantai,CFS,ONLINE,warna Merah jumlah ukuran 80 meter,0,101018,0,0,,140003,9,LT,0,,,,,130090,2024-04-17 13:14:43.000,1,140133,2024-08-02 11:33:22.000,2024-04-17,,,,1,0,
8686,,03231-PERP-ACCS-CFS-PTRE-24,KARPET LANTAI,CFS,ONLINE,,0,101018,0,0,,140003,9,LT,0,,,,,140133,2024-08-02 11:33:31.000,1,140133,2024-08-06 16:12:13.000,2024-07-26,,,,0,0,
8728,,04021-ACC-DP-CFS-PTRE-24,DISPENSER,CFS,SAKEN,,0,101028,0,0,,260003,9,LT,0,,,,,140133,2024-08-12 16:12:33.000,1,140133,2024-09-17 14:23:49.000,2024-07-26,,,,0,0,
8947,,04039-ELK-ACS-CFS-PTRE-24,AC Split,CFS,SHARP,,0,102003,0,0,,240005,9,LT,0,,,,,140133,2024-09-17 14:48:03.000,1,140133,2025-02-05 09:05:15.000,2024-07-29,1726559283AC_SPLIT_SHARP.jpeg,1726559283AC_SPLIT_SHARP_thumb.jpeg,/assets/uploads/assetsre/ap/,0,0,
8949,,03485-PERP-ACCS-CFS-PTRE-0724,KARPET LANTAI,CFS,NOBRAND,,0,102003,0,0,,140003,9,LT,0,,,,,140133,2024-07-29 16:53:54.000,1,140133,2024-08-05 09:01:55.000,2024-07-29,,,,0,0,
8950,,03486-PERP-ACCS-CFS-PTRE-24,KARPET LANTAI,CFS,NOBRAND,,0,101003,0,0,,140003,9,LT,0,,,,,140133,2024-08-02 10:43:30.000,1,140133,2024-08-02 10:44:00.000,2024-07-29,,,,0,0,
9368,,03902-PERP-ACCS-CFS-PTRE-24,Rak Gelas,CFS,NOBRAND,,0,103012,0,0,,140003,9,LT,0,,,,,140133,2024-08-05 13:19:39.000,1,140133,2024-08-20 09:05:38.000,2024-08-01,,,,0,0,
9462,,04004-PERP-ACCS-CFS-PTRE-24,KARPET LANTAI,CFS,NOBRAND,,0,103005,0,0,,140003,9,LT,0,,,,,140133,2024-08-05 11:37:49.000,1,140133,2024-08-05 11:44:41.000,2024-08-05,,,,0,0,
10732,,04754-ACC-LC-CFS-PTRE-25,Casing LCEX S03,CFS,LCEx S03,,0,101052,0,0,,110030,9,LT,0,,,,,140133,2025-04-22 09:50:07.000,1,130090,2025-11-13 15:02:33.000,2025-04-22,1745290207Casing_Hp_LCEX_S03.jpeg,1745290207Casing_Hp_LCEX_S03_thumb.jpeg,/assets/uploads/assetsre/ap/,0,0,
8886,,03427-ACC-LS-CFS-PTRE-0724,Lukisan,CFS,NOBRAND,,0,101051,0,0,,110009,9,LT,0,,,,,140133,2024-07-29 11:17:25.000,1,140133,2024-07-29 11:18:42.000,2024-07-29,,,,0,0,
1325,,01325-ACC-AP-CFS-PTRE-14,APAR,CFS,APPRON,"Jenis Apar Dry Chemical 3,5 kg
Pos Security Samping (pohon mangga)",0,101003,014,0,,110001,9,LT,0,0,,,,130090,2024-03-27 13:10:48.000,1,140133,2024-07-25 13:49:42.000,2018-03-15,1711005480WhatsApp_Image_2024-03-21_at_09_39_51.jpeg,1711005480WhatsApp_Image_2024-03-21_at_09_39_51_thumb.jpeg,/assets/uploads/assetsre/ap/,0,0,
2088,,02088-ACC-AP-CFS-PTRE-13,APAR,CFS,FIREX,"Jenis Apar Dry Chemical 3.5 kg
Samping Lift Lantai Mezzanin",0,101017,007,0,,110001,80,LT,0,0,,,,130090,2024-03-27 13:04:25.000,1,140133,2024-08-07 11:07:19.000,2018-03-15,171100436807.jpeg,171100436807_thumb.jpeg,/assets/uploads/assetsre/ap/,0,0,
8288,,02839-ACC-AP-CFS-PTRE-14,APAR,CFS,FIREX,"Dry Chemical 3 kg
Pos security TPS",0,101003,039,0,,110001,9,LT,0,,,,,130090,2024-03-27 14:05:34.000,1,140133,2024-08-08 10:40:39.000,2024-03-27,171152313439.jpeg,171152313439_thumb.jpeg,/assets/uploads/assetsre/ap/,0,0,
8289,,02840-ACC-AP-CFS-PTRE-14,APAR,CFS,FIREX,"Dry Chemical 3 kg
Pos Security TPS",0,101003,040,0,,110001,9,LT,0,,,,,130090,2024-03-27 14:07:12.000,1,140133,2024-08-08 10:40:39.000,2024-03-27,171152323240.jpeg,171152323240_thumb.jpeg,/assets/uploads/assetsre/ap/,0,0,
9437,,03979-ACC-AP-CFS-PTRE-24,APAR,CFS,FIREX,,0,101048,0,0,23-1131109,110001,9,LT,0,,,,,140133,2025-02-12 14:14:37.000,1,140133,2025-02-12 14:15:53.000,2024-08-02,,,,0,0,
11840,,04846-ACC-AP-CFS-PTRE-25,Apar,CFS,FIREX,,0,103010,0,0,,110001,9,LT,0,,,,,130090,2025-11-24 14:22:02.000,1,130090,2025-11-24 14:44:11.000,2025-11-24,,,,0,0,
10552,,04605--CM-CFS-PTRE-24,Cermin Cembung,CFS,NOBRAND,,0,101016,0,0,,110016,9,LT,0,,,,,140133,2025-02-07 13:45:31.000,1,140133,2025-02-07 13:48:55.000,2024-10-02,1727832579CERMIN_CEMBUNG.jpeg,1727832579CERMIN_CEMBUNG_thumb.jpeg,/assets/uploads/assetsre/ap/,0,0,
10553,,04606--CM-CFS-PTRE-24,Cermin Cembung,CFS,NOBRAND,,0,101016,0,0,,110016,9,LT,0,,,,,140133,2025-02-07 13:44:32.000,1,140133,2025-02-07 13:49:10.000,2024-10-02,1727832628CERMIN_CEMBUNG.jpeg,1727832628CERMIN_CEMBUNG_thumb.jpeg,/assets/uploads/assetsre/ap/,0,0,
10554,,04607--CM-CFS-PTRE-24,Cermin Cembung,CFS,NOBRAND,,0,101016,0,0,,110016,9,LT,0,,,,,140133,2025-02-07 13:44:10.000,1,140133,2025-02-07 13:49:06.000,2024-10-02,1727832661CERMIN_CEMBUNG.jpeg,1727832661CERMIN_CEMBUNG_thumb.jpeg,/assets/uploads/assetsre/ap/,0,0,
10555,,04608--CM-CFS-PTRE-24,Cermin Cembung,CFS,NOBRAND,,0,101016,0,0,,110016,9,LT,0,,,,,140133,2025-02-07 13:43:46.000,1,140133,2025-02-07 13:49:02.000,2024-10-02,1727832699CERMIN_CEMBUNG.jpeg,1727832699CERMIN_CEMBUNG_thumb.jpeg,/assets/uploads/assetsre/ap/,0,0,
9419,,04565-ACC-DP-CFS-PTRE-24,DISPENSER Kecil,CFS,SONIC,,0,105006,0,0,,1100011,9,LT,0,,,,,140133,2024-08-20 13:34:18.000,1,140133,2024-08-20 13:35:29.000,2024-08-02,,,,0,0,
11961,,01589-ACC-FC-CFS-PTRE-18,Flipchart,CFS,NOBRAND,,0,102024,0,0,,110039,9,LT,0,,,,,255578,2026-05-29 15:11:08.000,1,255578,2026-05-29 15:11:40.000,2018-05-17,,,,0,0,
8736,,03280-ACC-FT-CFS-PTRE-0724,FOTO,CFS,NOBRAND,,0,101028,0,0,,110003,9,LT,0,,,,,140133,2024-07-26 11:05:19.000,1,140133,2024-08-02 14:10:21.000,2024-07-26,,,,0,0,
8737,,03281-ACC-FT-CFS-PTRE-0724,FOTO,CFS,NOBRAND,,0,101028,0,0,,110003,9,LT,0,,,,,140133,2024-07-26 11:05:53.000,1,140133,2024-08-02 14:10:17.000,2024-07-26,,,,0,0,
10495,,04907-ACC-GE-CFS-PTRE-24,GEROBAK ETALASE,CFS,CUSTOM,,0,101009,0,0,,2400004,9,LT,0,,,,,140133,2024-08-22 09:28:20.000,1,140133,2024-08-22 09:29:58.000,2024-08-22,,,,0,0,04571-ACC-GE-CFS-PTRE-24
10496,,04908-ACC-GE-CFS-PTRE-24,GEROBAK ETALASE,CFS,CUSTOM,,0,101009,0,0,,2400004,9,LT,0,,,,,140133,2024-08-22 09:28:20.000,1,140133,2024-08-22 09:30:17.000,2024-08-22,,,,0,0,04571-ACC-GE-CFS-PTRE-24
302,,00302-ACC-GL -CFS-PTRE-13,Glasboard,CFS,Syly Art,Ukuran 90 x 80,0,101034,0,0,,110006,9,LT,0,0,,,,140133,2024-09-17 15:34:10.000,1,140133,2025-02-13 09:06:02.000,2018-03-15,1726562050GLASSBOARD.jpeg,1726562050GLASSBOARD_thumb.jpeg,/assets/uploads/assetsre/ap/,0,0,
1468,,01468-ACC-GL-CFS-PTRE-14,Glasboard,CFS,SYLYART,,0,103011,0,0,,110006,,LT,0,0,,,,130090,2018-03-15 16:23:06.777,1,140133,2024-08-05 13:14:26.000,2018-03-15,,,,0,0,
1014,,01014-ACC-JAM-CFS-PTRE-12,Jam Dinding,CFS,SEIKO,,0,102013,0,0,,110005,,LT,0,0,,,,130090,2017-02-27 00:00:00.000,1,140133,2024-08-08 13:43:44.000,2018-03-15,,,,0,0,
8849,,03391-ACC-JAM-CFS-PTRE-24,Jam Dinding,CFS,SEIKO,,0,101051,0,0,,110005,9,LT,0,,,,,140133,2024-09-13 13:32:47.000,1,140133,2025-03-07 14:54:51.000,2024-07-29,1726209167Jam_Dinding_Seiko.jpeg,1726209167Jam_Dinding_Seiko_thumb.jpeg,/assets/uploads/assetsre/ap/,0,0,
8781,,03325-ACC-LS-CFS-PTRE-0724,Lukisan,CFS,NOBRAND,,0,101039,0,0,,110009,9,LT,0,,,,,140133,2024-07-26 14:47:33.000,1,140133,2024-07-26 14:48:00.000,2024-07-26,,,,0,0,
8845,,03387-ACC-LS-CFS-PTRE-0724,Lukisan,CFS,NOBRAND,,0,101051,0,0,,110009,9,LT,0,,,,,140133,2024-07-29 10:45:02.000,1,140133,2024-07-29 11:19:21.000,2024-07-29,,,,0,0,
8882,,03423-ACC-LS-CFS-PTRE-0724,Lukisan,CFS,NOBRAND,,0,101051,0,0,,110009,9,LT,0,,,,,140133,2024-07-29 11:16:15.000,1,140133,2024-07-29 11:18:58.000,2024-07-29,,,,0,0,
8883,,03424-ACC-LS-CFS-PTRE-0724,Lukisan,CFS,NOBRAND,,0,101051,0,0,,110009,9,LT,0,,,,,140133,2024-07-29 11:16:29.000,1,140133,2024-07-29 11:18:54.000,2024-07-29,,,,0,0,
8884,,03425-ACC-LS-CFS-PTRE-0724,Lukisan,CFS,NOBRAND,,0,101051,0,0,,110009,9,LT,0,,,,,140133,2024-07-29 11:16:46.000,1,140133,2024-07-29 11:18:49.000,2024-07-29,,,,0,0,
8885,,03426-ACC-LS-CFS-PTRE-0724,Lukisan,CFS,NOBRAND,,0,101051,0,0,,110009,9,LT,0,,,,,140133,2024-07-29 11:16:59.000,1,140133,2024-07-29 11:19:03.000,2024-07-29,,,,0,0,
2399,,02399-ACC-PH-CFS-PTRE-12,Pengharum Ruangan,CFS,STELLA,Stella,0,101049,0,0,,110010,9,LT,0,0,,,,140133,2024-09-17 14:35:12.000,1,140133,2025-02-26 10:43:28.000,2018-03-15,1726558512PENGHARUM_RUANGAN.jpeg,1726558512PENGHARUM_RUANGAN_thumb.jpeg,/assets/uploads/assetsre/ap/,0,0,
8825,,03367-ACC-PH-CFS-PTRE-24,Pengharum Ruangan,CFS,STELLA,,0,101046,0,0,,110010,9,LT,0,,,,,140133,2024-09-17 14:34:55.000,1,140133,2025-02-27 14:46:38.000,2024-07-26,1726558495PENGHARUM_RUANGAN.jpeg,1726558495PENGHARUM_RUANGAN_thumb.jpeg,/assets/uploads/assetsre/ap/,0,0,
8952,,03488-ACC-PH-CFS-PTRE-24,Pengharum Ruangan,CFS,STELLA,,0,102007,0,0,,110010,9,LT,0,,,,,140133,2024-09-17 14:34:59.000,1,140133,2025-03-12 11:51:32.000,2024-07-29,1726558499PENGHARUM_RUANGAN.jpeg,1726558499PENGHARUM_RUANGAN_thumb.jpeg,/assets/uploads/assetsre/ap/,0,0,
1327,,01327-ACC-POT-CFS-PTRE-12,Pot Tanaman,CFS,NOBRAND,,0,103002,0,0,,110007,80,LT,0,0,,,,140133,2024-09-19 10:08:23.000,1,140133,2025-02-14 09:01:29.000,2018-03-15,1726715303POT_TANAMAN.jpeg,1726715303POT_TANAMAN_thumb.jpeg,/assets/uploads/assetsre/ap/,0,0,
10733,,04755-ACC-STB-CFS-PTRE-25,STORAGE BOX,CFS,TAFFGUARD,,0,101052,0,0,,110031,9,LT,0,,,,,140133,2025-04-24 15:32:44.000,1,130090,2025-11-13 15:02:23.000,2025-04-24,1745483564STORAGE_TOOL_BOX.jpeg,1745483564STORAGE_TOOL_BOX_thumb.jpeg,/assets/uploads/assetsre/ap/,0,0,
10478,,04484-ACC-TK-CFS-PTRE-24,Troli Kecil,CFS,NOBRAND,,0,101028,0,0,,110012,9,LT,0,,,,,140133,2025-02-07 09:23:31.000,1,140133,2025-02-12 14:21:51.000,2024-08-20,1726715971TROLI.jpeg,1726715971TROLI_thumb.jpeg,/assets/uploads/assetsre/ap/,0,0,
194,,00194-ACC-TS-CFS-PTRE-14,Tong Sampah,CFS,Pongs,Stenlis,0,101029,0,0,,110008,80,LT,0,0,,,,140133,2024-09-13 16:40:40.000,1,140133,2025-02-13 16:08:45.000,2018-03-15,1726220440tempat_sampah_stenlis.jpeg,1726220440tempat_sampah_stenlis_thumb.jpeg,/assets/uploads/assetsre/ap/,0,0,
300,,00300-ACC-TS-CFS-PTRE-12,Tempat Sampah,CFS,Pongs,Stenlis,0,101034,0,0,,110008,80,LT,0,0,,,,140133,2024-09-13 16:40:29.000,1,140133,2025-02-13 09:06:22.000,2018-03-15,1726220429tempat_sampah_stenlis.jpeg,1726220429tempat_sampah_stenlis_thumb.jpeg,/assets/uploads/assetsre/ap/,0,0,
698,,00698-ACC-TS-CFS-PTRE-12,Tong Sampah,CFS,Pongs,Bundar,0,102004,0,0,,110008,,LT,0,0,,,,130090,2017-02-27 00:00:00.000,1,140133,2024-08-20 13:28:07.000,2018-03-15,,,,0,0,
908,,00908-ACC-TS-CFS-PTRE-12,Tong Sampah,CFS,PONGS,Stenlis,0,102012,0,0,,110008,,LT,0,0,,,,130090,2017-02-27 00:00:00.000,1,140133,2024-08-08 13:46:02.000,2018-03-15,,,,0,0,
1321,,01321-ACC-TS-CFS-PTRE-12,Tong Sampah,CFS,PONGS,Stenlis,0,103001,0,0,,110008,,LT,0,0,,,,130090,2018-03-15 16:23:06.777,1,140133,2024-08-01 09:01:56.000,2018-03-15,,,,0,0,
1322,,01322-ACC-TS-CFS-PTRE-12,Tong Sampah,CFS,PONGS,Stenlis,0,103001,0,0,,110008,,LT,0,0,,,,130090,2018-03-15 16:23:06.777,1,140133,2024-08-01 09:01:56.000,2018-03-15,,,,0,0,
1467,,01467-ACC-TS-CFS-PTRE-14,Tong Sampah,CFS,PONGS,Stenlis,0,103011,0,0,,110008,,LT,0,0,,,,130090,2018-03-15 16:23:06.777,1,140133,2024-08-05 13:14:26.000,2018-03-15,,,,0,0,
9265,,03798-ACC-TS-CFS-PTRE-0724,Tempat Sampah,CFS,Lion Star,,0,104005,0,0,,110008,9,LT,0,,,,,140133,2024-07-31 13:28:35.000,1,140133,2024-07-31 13:36:51.000,2024-07-31,,,,0,0,
9421,,03961-ACC-TS-CFS-PTRE-0824,Tempat Sampah,CFS,PONGS HOME,,0,105007,0,0,,110008,9,LT,0,,,,,140133,2024-08-02 09:12:59.000,1,140133,2024-08-02 09:13:24.000,2024-08-02,,,,0,0,
4135,,2505-COMP-DSK-ICT-PTRE-18,HP 280 G3 Microtower PC,ICT,HP," Ci5,8gb,1tb",0,991001,0,0,,120003,9,LT,0,1,073770,240122034319,2019-02-18,053573,2018-04-26 13:57:09.000,1,302716,2018-07-09 09:36:52.000,2018-04-11,,,,0,0,01496-COMP-DSK-ICT-PTRE-18
5189,,01551 COMP-DSK-ICT-PTRE-18,DELL VOSTRO 3670,ICT,DELL,"CORE i5-8400, 8GB DDR4, 1TB HDD ",0,101033,0,0,,120003,9,LT,0,1,235306,240423013417,2023-12-05,053573,2018-11-14 15:29:14.000,1,053573,2018-11-14 15:31:34.000,2018-09-18,,,,0,0,
6306,,2507-DSK-ICT-PTRE-19,Dell vostro 3670,ICT,DELL,"Core i5-8400,16GB DDR4,1TB HDD, Geforce 730",0,101033,0,0,,120003,9,LT,0,,194824,,,053573,2020-01-30 08:14:26.000,1,053573,2020-01-30 08:43:30.000,2019-06-27,,,,0,0,01804 COMP-DSK-ICT-PTRE-19
4044,,01410-COMP-NB-ICT-PTRE-0418,HP Omen ce085tx,ICT,HP,,0,101000,0,0,,120004,9,LT,0,0,307518,180405054132,,302716,2018-04-05 16:04:09.000,1,053573,2018-04-14 12:14:59.000,2018-04-05,,,,0,0,
4079,,2504-COMP-NB-ICT-PTRE-17,HP Pavilion 14-BS007TX,ICT,HP,"HP Pavilion 14 Ci5,8gb,1tb",0,991001,0,0,,120004,9,LT,0,1,215122,221101095927,2021-07-07,053573,2018-04-26 10:43:10.000,1,053573,2018-04-26 10:46:05.000,2017-11-24,,,,0,0,01441-COMP-NB-ICT-PTRE-17
5172,,2506-NB-ICT-PTRE-18,HP PAVILION X360 14-BA005TX,ICT,HP,"HP PAVILION 14 Ci7 ,8GB, 128GB, 1TB",0,101033,0,0,,120004,9,LT,0,,124295,,,053573,2018-11-14 14:37:50.000,1,053573,2018-11-14 14:38:33.000,2018-08-01,,,,0,0,01533 COMP-NB-ICT-PTRE-18
7802,,2089-COMP-NB-ICT-PTRE-21,Lenovo Yoga Slim7 14ITL05 82A3001BID,ICT,Lenovo,,21000000,991001,,,,120000,22,LT,0,,,,,053573,2021-12-31 00:00:00.000,1,053573,2022-07-19 14:44:56.000,2021-01-11,,,,0,0,
7803,,2090-COMP-NB-ICT-PTRE-21,Lenovo Yoga Slim7 14ITL05 82A3001BID,ICT,Lenovo,,21000000,991001,,,,120000,22,LT,0,,,,,053573,2022-01-01 00:00:00.000,1,053573,2022-07-19 14:44:56.000,2021-01-11,,,,0,0,
7804,,2091-COMP-NB-ICT-PTRE-21,Thinkbook 14IIL  20SL00Q6ID,ICT,Lenovo,,16000000,991001,,,,120000,22,LT,0,,,,,053573,2022-01-02 00:00:00.000,1,053573,2022-07-19 14:44:56.000,2021-01-14,,,,0,0,
7805,,2092-COMP-NB-ICT-PTRE-21,HP Omen 15 dh1020TX,ICT,HP,,34000000,991001,,,,120000,22,LT,0,,,,,053573,2022-01-03 00:00:00.000,1,053573,2022-07-19 14:44:56.000,2021-01-18,,,,0,0,
7806,,2093-COMP-NB-ICT-PTRE-21,Lenovo  Ideapad Slim 3i 14IIL05,ICT,Lenovo,,12000000,991001,,,,120000,22,LT,0,,,,,053573,2022-01-04 00:00:00.000,1,053573,2022-07-19 14:44:56.000,2021-01-18,,,,0,0,
7807,,2094-COMP-NB-ICT-PTRE-21,Lenovo  Ideapad Slim 3i 14IIL05,ICT,Lenovo,,12000000,991001,,,,120000,22,LT,0,,,,,053573,2022-01-05 00:00:00.000,1,053573,2022-07-19 14:44:56.000,2021-01-18,,,,0,0,
7808,,2095-COMP-NB-ICT-PTRE-21,Lenovo  Ideapad Slim 3i 14IIL05,ICT,Lenovo,,12000000,991001,,,,120000,22,LT,0,,,,,053573,2022-01-06 00:00:00.000,1,053573,2022-07-19 14:44:56.000,2021-01-18,,,,0,0,
7809,,2096-COMP-NB-ICT-PTRE-21,Lenovo  Ideapad Slim 3i 14IIL05,ICT,Lenovo,,12000000,991001,,,,120000,22,LT,0,,,,,053573,2022-01-07 00:00:00.000,1,053573,2022-07-19 14:44:56.000,2021-01-18,,,,0,0,
7810,,2097-COMP-NB-ICT-PTRE-21,Lenovo  Ideapad Slim 3i 14IIL05,ICT,Lenovo,,12000000,991001,,,,120000,22,LT,0,,,,,053573,2022-01-08 00:00:00.000,1,053573,2022-07-19 14:44:56.000,2021-01-18,,,,0,0,
7811,,2098-COMP-NB-ICT-PTRE-21,Thinkbook 14IIL  20SL00Q6ID,ICT,Lenovo,,16000000,991001,,,,120000,22,LT,0,,,,,053573,2022-01-09 00:00:00.000,1,053573,2022-07-19 14:44:56.000,2021-01-18,,,,0,0,
7812,,2099-COMP-NB-ICT-PTRE-21,Lenovo  Ideapad Slim 3i 14IIL05,ICT,Lenovo,,12000000,991001,,,,120000,22,LT,0,,,,,053573,2022-01-10 00:00:00.000,1,053573,2022-07-19 14:44:56.000,2021-01-22,,,,0,0,
7813,,2100-COMP-NB-ICT-PTRE-21,Lenovo  Ideapad Slim 3i 14IIL05,ICT,Lenovo,,12000000,991001,,,,120000,22,LT,0,,,,,053573,2022-01-11 00:00:00.000,1,053573,2022-07-19 14:44:56.000,2021-02-01,,,,0,0,
7814,,2101-COMP-NB-ICT-PTRE-21,Lenovo  Ideapad Slim 3i 14IIL05,ICT,Lenovo,,12000000,991001,,,,120000,22,LT,0,,,,,053573,2022-01-12 00:00:00.000,1,053573,2022-07-19 14:44:56.000,2021-02-01,,,,0,0,
7815,,2102-COMP-NB-ICT-PTRE-21,Lenovo  Ideapad Slim 3i 14IIL05,ICT,Lenovo,,12000000,991001,,,,120000,22,LT,0,,,,,053573,2022-01-13 00:00:00.000,1,053573,2022-07-19 14:44:56.000,2021-02-01,,,,0,0,
7816,,2103-COMP-NB-ICT-PTRE-21,Lenovo  IdeaPad Slim 5i 82FE003TID,ICT,Lenovo,,13000000,991001,,,,120000,22,LT,0,,,,,053573,2022-01-14 00:00:00.000,1,053573,2022-07-19 14:44:56.000,2021-02-08,,,,0,0,
7817,,2104-COMP-NB-ICT-PTRE-21,Lenovo  IdeaPad Slim 5i 82FE003TID,ICT,Lenovo,,13000000,991001,,,,120000,22,LT,0,,,,,053573,2022-01-15 00:00:00.000,1,053573,2022-07-19 14:44:56.000,2021-02-19,,,,0,0,
7818,,2105-COMP-NB-ICT-PTRE-21,Lenovo  IdeaPad Slim 5i 14ITL05,ICT,Lenovo,,16000000,991001,,,,120000,22,LT,0,,,,,053573,2022-01-16 00:00:00.000,1,053573,2022-07-19 14:44:56.000,2021-02-19,,,,0,0,
7819,,2106-COMP-NB-ICT-PTRE-21,Lenovo Yoga 7 14ITL5,ICT,Lenovo,,20000000,991001,,,,120000,22,LT,0,,,,,053573,2022-01-17 00:00:00.000,1,053573,2022-07-19 14:44:56.000,2021-02-23,,,,0,0,
7820,,2107-COMP-NB-ICT-PTRE-21,Lenovo  IdeaPad Slim 5i 82FE003TID,ICT,Lenovo,,13000000,991001,,,,120000,22,LT,0,,,,,053573,2022-01-18 00:00:00.000,1,053573,2022-07-19 14:44:56.000,2021-02-24,,,,0,0,
7821,,2108-COMP-NB-ICT-PTRE-21,Lenovo  IdeaPad Slim 5i 82FE003TID,ICT,Lenovo,,13000000,991001,,,,120000,22,LT,0,,,,,053573,2022-01-19 00:00:00.000,1,053573,2022-07-19 14:44:56.000,2021-02-24,,,,0,0,
8301,,04154-ELK-CCT-CFS-PTRE-14,CCTV ICT,CFS,HIKVISION,Tipe Analoq,0,101045,0,0,,240010,9,LT,0,,,,,140133,2025-02-11 09:45:10.000,1,140133,2025-02-13 16:10:06.000,2024-03-28,171158746411.jpeg,171158746411_thumb.jpeg,/assets/uploads/assetsre/ap/,0,0,
8209,,02764-ACC-ELET-CFS-PTRE-12,Ceiling Speaker,CFS,TOA,"Pengeras Suara Model ZS-645 R
Daya Nominal 5 W",0,101044,0,0,,260000,9,LT,0,,,,,130090,2024-03-20 14:49:43.000,1,140133,2024-08-02 15:08:12.000,2024-03-20,1710920983WhatsApp_Image_2024-03-20_at_14_05_42.jpeg,1710920983WhatsApp_Image_2024-03-20_at_14_05_42_thumb.jpeg,/assets/uploads/assetsre/ap/,1,0,
8210,,04542-ELK-CS-CFS-PTRE-12,Celling Speaker,CFS,TOA,"Pengeras Suara Model ZS-645 R
Daya Nominal 5 W",0,101045,0,0,,240001,9,LT,0,,,,,140133,2025-02-06 11:42:06.000,1,140133,2025-02-13 16:10:06.000,2024-03-20,1710921046WhatsApp_Image_2024-03-20_at_14_05_42.jpeg,1710921046WhatsApp_Image_2024-03-20_at_14_05_42_thumb.jpeg,/assets/uploads/assetsre/ap/,1,0,
8211,,04544-ELK-CS-CFS-PTRE-12,Celling Speaker,CFS,TOA,"Pengeras Suara Model ZS-645 R
Daya Nominal 5 W",0,101045,0,0,,240001,9,LT,0,,,,,140133,2025-02-06 11:42:15.000,1,140133,2025-02-13 16:10:06.000,2024-03-20,1710921110WhatsApp_Image_2024-03-20_at_14_05_42.jpeg,1710921110WhatsApp_Image_2024-03-20_at_14_05_42_thumb.jpeg,/assets/uploads/assetsre/ap/,1,0,
8212,,04546-ELK-CS-CFS-PTRE-12,Celling Speaker,CFS,TOA,"Pengeras Suara Model ZS-645 R
Daya Nominal 5 W",0,101045,0,0,,240001,9,LT,0,,,,,140133,2025-02-06 11:42:22.000,1,140133,2025-02-13 16:10:06.000,2024-03-20,1710921175WhatsApp_Image_2024-03-20_at_14_05_42.jpeg,1710921175WhatsApp_Image_2024-03-20_at_14_05_42_thumb.jpeg,/assets/uploads/assetsre/ap/,1,0,
8948,,03484-ELK-FR-CFS-PTRE-24,FINGERPRINT,CFS,Solution,,0,102003,0,0,23-1131109,240012,9.0,LT,0,,,,,140133,2025-05-26 18:25:21.000,1,130090.0,2025-11-12 14:36:54.000,2024-07-29,1726628029FINGER_PRINT.jpeg,1726628029FINGER_PRINT_thumb.jpeg,/assets/uploads/assetsre/ap/,0,0,
8351,,04243-ELK-HD-CFS-PTRE-12,Heat Detector,CFS,HONG CHANG ,"Model HC 306 A
Voltage : DC 12 V-30V (DC 24v) Alarm Current 60 mA
TBFA02-H-09",0,103009,0,0,23-1131109,240006,9,LT,0,,,,,130090,2025-11-25 09:03:19.000,1,140133,2026-01-20 15:09:32.000,2024-03-28,1711608112WhatsApp_Image_2024-03-28_at_10_19_38_AM.jpeg,1711608112WhatsApp_Image_2024-03-28_at_10_19_38_AM_thumb.jpeg,/assets/uploads/assetsre/ap/,1,0,
8354,,02905-ACC-ELET-CFS-PTRE-12,HEAT SYSTEM,CFS,HONG CHANG ,"Model HC 306 A
Voltage : DC 12 V-30V (DC 24v) Alarm Current 60 mA
TBFA02-H-13",0,103011,0,0,,260000,9,LT,0,,,,,130090,2024-03-28 13:50:24.000,1,140133,2024-08-05 13:14:26.000,2024-03-28,1711608624WhatsApp_Image_2024-03-28_at_10_19_38_AM.jpeg,1711608624WhatsApp_Image_2024-03-28_at_10_19_38_AM_thumb.jpeg,/assets/uploads/assetsre/ap/,1,0,
8383,,04221-ELK-HS-CFS-PTRE-12,HEAT SYSTEM,CFS,HONG CHANG ,"Model HC 306 A
Voltage : DC 12 V-30V (DC 24v) Alarm Current 60 mA
TBFA(TMEZZ)-H-05",0,101045,0,0,,240006,9,LT,0,,,,,140133,2024-08-19 14:45:42.000,1,140133,2025-02-13 16:10:06.000,2024-04-01,1711937485WhatsApp_Image_2024-03-28_at_10_19_38_AM.jpeg,1711937485WhatsApp_Image_2024-03-28_at_10_19_38_AM_thumb.jpeg,/assets/uploads/assetsre/ap/,1,0,
8388,,04218-ELK-HS-CFS-PTRE-12,HEAT SYSTEM,CFS,HONG CHANG ,"Model HC 306 A
Voltage : DC 12 V-30V (DC 24v) Alarm Current 60 mA
TBFA(TMEZZ)-H-06",0,101045,0,0,,240006,9,LT,0,,,,,140133,2024-08-19 14:45:10.000,1,140133,2025-02-13 16:10:06.000,2024-04-01,1711937884WhatsApp_Image_2024-03-28_at_10_19_38_AM.jpeg,1711937884WhatsApp_Image_2024-03-28_at_10_19_38_AM_thumb.jpeg,/assets/uploads/assetsre/ap/,1,0,
8389,,04217-ELK-HS-CFS-PTRE-12,HEAT SYSTEM,CFS,HONG CHANG ,"Model HC 306 A
Voltage : DC 12 V-30V (DC 24v) Alarm Current 60 mA
TBFA(TMEZZ)-H-10",0,101045,0,0,,240006,9,LT,0,,,,,140133,2024-08-19 14:44:57.000,1,140133,2025-02-13 16:10:06.000,2024-04-01,1711937976WhatsApp_Image_2024-03-28_at_10_19_38_AM.jpeg,1711937976WhatsApp_Image_2024-03-28_at_10_19_38_AM_thumb.jpeg,/assets/uploads/assetsre/ap/,1,0,
8394,,04214-ELK-HS-CFS-PTRE-12,HEAT SYSTEM,CFS,HONG CHANG ,"Model HC 306 A
Voltage : DC 12 V-30V (DC 24v) Alarm Current 60 mA
TBFA(TMEZZ)-H-08",0,101045,0,0,,240006,9,LT,0,,,,,140133,2024-08-19 14:44:29.000,1,140133,2025-02-13 16:10:06.000,2024-04-01,1711938331WhatsApp_Image_2024-03-28_at_10_19_38_AM.jpeg,1711938331WhatsApp_Image_2024-03-28_at_10_19_38_AM_thumb.jpeg,/assets/uploads/assetsre/ap/,1,0,
8398,,04211-ELK-HS-CFS-PTRE-12,HEAT SYSTEM,CFS,HONG CHANG ,"Model HC 306 A
Voltage : DC 12 V-30V (DC 24v) Alarm Current 60 mA
TBFA(TMEZZ)-H-24",0,101029,0,0,,240006,9,LT,0,,,,,140133,2024-08-19 14:41:19.000,1,140133,2025-02-13 16:08:22.000,2024-04-01,1711939799WhatsApp_Image_2024-03-28_at_10_19_38_AM.jpeg,1711939799WhatsApp_Image_2024-03-28_at_10_19_38_AM_thumb.jpeg,/assets/uploads/assetsre/ap/,1,0,
9456,,03997-ACC-ELET-CFS-PTRE-24,HEAT SYSTEM,CFS,HONG CHANG ,,0,101006,0,0,,260000,9,LT,0,,,,,140133,2024-08-05 10:12:53.000,1,140133,2024-08-05 10:15:28.000,2024-08-05,,,,0,0,
10653,,04681-ELK-HS-CFS-PTRE-25,HEAT SYSTEM,CFS,HONG CHANG ,,0,101048,0,0,,240006,9,LT,0,,,,,140133,2025-02-12 14:11:42.000,1,140133,2025-02-12 14:12:26.000,2025-02-12,1739344302Heat_System.jpeg,1739344302Heat_System_thumb.jpeg,/assets/uploads/assetsre/ap/,0,0,
8734,,04034-ELK-KUL-CFS-PTRE-24,KULKAS,CFS,TOSHIBA,,0,101028,0,0,,240007,9,LT,0,,,,,140133,2024-09-17 15:41:21.000,1,140133,2025-03-05 15:27:04.000,2024-07-26,1726562481KULKAS.jpeg,1726562481KULKAS_thumb.jpeg,/assets/uploads/assetsre/ap/,0,0,
9392,,03930-SIN-KS-CFS-PTRE-0824,KULKAS,CFS,SHARP,,0,103010,0,0,,180006,9,LT,0,,,,,140133,2024-08-01 14:00:24.000,1,140133,2024-08-02 09:42:56.000,2024-08-01,,,,0,0,
10518,,04594-ELK-KUL-CFS-PTRE-24,KULKAS,CFS,TOSHIBA,,0,103006,0,0,,240007,9,LT,0,,,,,140133,2024-09-17 15:43:45.000,1,140133,2025-02-14 09:28:45.000,2024-09-17,1726562625KULKAS.jpeg,1726562625KULKAS_thumb.jpeg,/assets/uploads/assetsre/ap/,0,0,
10519,,04595-ELK-KUL-CFS-PTRE-24,KULKAS,CFS,TOSHIBA,,0,104005,0,0,,240007,9,LT,0,,,,,140133,2024-09-17 15:44:48.000,1,130090,2025-11-18 11:34:32.000,2024-09-17,1726562688KULKAS.jpeg,1726562688KULKAS_thumb.jpeg,/assets/uploads/assetsre/ap/,0,0,
10513,,04591-ACC-MIC-CFS-PTRE-24,Microwave,CFS,SHARP,,0,101028,0,0,,1100013,9,LT,0,,,,,140133,2024-09-17 13:59:47.000,1,140133,2024-09-17 14:09:46.000,2024-09-17,,,,0,0,
10514,,04592-ACC-MIC-CFS-PTRE-24,Microwave,CFS,SHARP,,0,103006,0,0,,1100013,9,LT,0,,,,,140133,2024-09-17 14:00:54.000,1,140133,2024-09-17 14:09:46.000,2024-09-17,,,,0,0,
10515,,04593-ACC-MIC-CFS-PTRE-0924,Microwave,CFS,SHARP,,0,104005,0,0,,1100013,9,LT,0,,,,,140133,2024-09-17 14:01:28.000,1,140133,2024-09-17 14:09:46.000,2024-09-17,,,,0,0,
8418,,04438-ELK-SD-CFS-PTRE-12,Smoke Detector,CFS,HONG CHANG ,"Model HC 206 A
VSupply Voltage : DC 24V Standby Current : 60 A  Alarm Current 60 mA
TBFA01-S-14",0,102007,0,0,,240014,9,LT,0,,,,,140133,2025-02-06 10:59:33.000,1,140133,2025-03-12 11:38:53.000,2024-04-01,1711944606WhatsApp_Image_2024-03-28_at_10_18_55_AM.jpeg,1711944606WhatsApp_Image_2024-03-28_at_10_18_55_AM_thumb.jpeg,/assets/uploads/assetsre/ap/,1,0,
8423,,02974-ACC-ELET-CFS-PTRE-12,Smoke Detector,CFS,HONG CHANG ,"Model HC 206 A
VSupply Voltage : DC 24V Standby Current : 60 A  Alarm Current 60 mA
TBFA01-S-12",0,103011,0,0,,260000,9,LT,0,,,,,130090,2024-04-01 11:18:16.000,1,140133,2024-08-05 13:14:26.000,2024-04-01,1711945096WhatsApp_Image_2024-03-28_at_10_18_55_AM.jpeg,1711945096WhatsApp_Image_2024-03-28_at_10_18_55_AM_thumb.jpeg,/assets/uploads/assetsre/ap/,1,0,
8441,,04418-ELK-SD-CFS-PTRE-12,Smoke Detector,CFS,HONG CHANG ,"Model HC 206 A
VSupply Voltage : DC 24V Standby Current : 60 A  Alarm Current 60 mA
TBFA(TMEZZ)-S-07",0,101045,0,0,,240014,9,LT,0,,,,,140133,2025-02-06 10:55:28.000,1,140133,2025-02-13 16:10:06.000,2024-04-01,1711946793WhatsApp_Image_2024-03-28_at_10_18_55_AM.jpeg,1711946793WhatsApp_Image_2024-03-28_at_10_18_55_AM_thumb.jpeg,/assets/uploads/assetsre/ap/,1,0,
9439,,04407-ELK-SD-CFS-PTRE-24,Smoke Detector,CFS,HONG CHANG ,,0,101024,0,0,,240014,9,LT,0,,,,,140133,2025-02-06 10:52:24.000,1,140133,2025-02-12 14:14:11.000,2024-08-02,1726559858SMOKE_DETECTOR.jpeg,1726559858SMOKE_DETECTOR_thumb.jpeg,/assets/uploads/assetsre/ap/,0,0,
10652,,04680-ELK-SD-CFS-PTRE-25,Smoke Detector,CFS,HONG CHANG ,,0,101048,0,0,,240014,9,LT,0,,,,,140133,2025-02-12 14:10:55.000,1,140133,2025-02-12 14:12:30.000,2025-02-12,1739344255SMOKE_DETECTOR.jpeg,1739344255SMOKE_DETECTOR_thumb.jpeg,/assets/uploads/assetsre/ap/,0,0,
8460,,04387-ELK-SPR-CFS-PTRE-12,SPRINKLER,CFS,HONG CHANG ,,0,101047,0,0,,240011,9,LT,0,,,,,140133,2025-02-06 11:17:05.000,1,140133,2025-02-13 09:49:09.000,2024-04-01,1711954809WhatsApp_Image_2024-04-01_at_1_37_13_PM.jpeg,1711954809WhatsApp_Image_2024-04-01_at_1_37_13_PM_thumb.jpeg,/assets/uploads/assetsre/ap/,1,0,
8477,,03028-ACC-ELET-CFS-PTRE-12,SPRINKLER,CFS,HONG CHANG ,,0,102027,0,0,,260000,9,LT,0,,,,,130090,2024-04-01 14:17:10.000,1,140133,2024-07-30 13:28:28.000,2024-04-01,1711955830WhatsApp_Image_2024-04-01_at_1_37_13_PM.jpeg,1711955830WhatsApp_Image_2024-04-01_at_1_37_13_PM_thumb.jpeg,/assets/uploads/assetsre/ap/,1,0,
8507,,03058-ACC-ELET-CFS-PTRE-12,SPRINKLER,CFS,HONG CHANG ,,0,103011,0,0,,260000,9,LT,0,,,,,130090,2024-04-01 14:43:51.000,1,140133,2024-08-05 13:14:26.000,2024-04-01,1711957431WhatsApp_Image_2024-04-01_at_1_37_13_PM.jpeg,1711957431WhatsApp_Image_2024-04-01_at_1_37_13_PM_thumb.jpeg,/assets/uploads/assetsre/ap/,1,0,
8573,,04446-ELK-TV-CFS-PTRE-13,TV 32 inch,CFS,Samsung,,0,104012,0,0,,2400013,9,LT,0,,,,,140133,2024-08-19 16:43:14.000,1,140133,2025-01-31 10:00:20.000,2024-04-05,1712289128WhatsApp_Image_2024-04-05_at_9_25_37_AM_(2).jpeg,1712289128WhatsApp_Image_2024-04-05_at_9_25_37_AM_(2)_thumb.jpeg,/assets/uploads/assetsre/ap/,1,0,
9394,,03932-ACC-ELET-CFS-PTRE-24,TV,CFS,PANASONIC,,0,103014,0,0,,260000,9,LT,0,,,,,140133,2024-08-05 13:26:07.000,1,140133,2024-08-12 15:55:30.000,2024-08-01,,,,0,0,
11883,,01589-ELK-TV-CFS-PTRE-25,TV (Besar),CFS,Samsung,,0,102010,0,0,,240002,9,LT,0,,,,,255578,2026-02-06 11:15:10.000,1,255578,2026-06-07 21:16:39.000,2025-09-03,,,,0,0,
2,,00002-FUR-KK-CFS-PTRE-14,Kursi Kerja,CFS,SAVELLO,JARING HITAM,0,101044,0,0,,100001,80,LT,0,1,120037,201019013807,2020-10-19,130090,2024-04-26 09:39:39.000,1,140133,2024-08-02 15:09:11.000,2018-03-15,17140991791.png,17140991791_thumb.png,/assets/uploads/assetsre/ap/,0,0,
8,,00008-FUR-KK-CFS-PTRE-14,Kursi Kerja,CFS,SAVELLO,JARING HITAM,0,101044,0,0,,100001,80,LT,0,1,073749,201019013346,2020-10-19,130090,2024-04-26 09:40:56.000,1,140133,2024-08-02 15:09:11.000,2018-03-15,17140992561.png,17140992561_thumb.png,/assets/uploads/assetsre/ap/,0,0,
39,,00039-FUR-KK-CFS-PTRE-14,Kursi Kerja,CFS,SAVELLO,WARNA JARING HITAM,0,104008,0,0,,100001,80,LT,0,1,083933,201019022731,2020-10-19,130090,2020-10-15 13:48:13.000,1,140133,2024-07-31 14:44:22.000,2018-03-15,1602744493Kursi_Kerja_Hitam.jpg,1602744493Kursi_Kerja_Hitam_thumb.jpg,/assets/uploads/assetsre/ap/,0,0,
40,,00040-FUR-KK-CFS-PTRE-14,Kursi Kerja,CFS,SAVELLO,WARNA HITAM,0,104008,0,0,,100001,80,LT,0,0,,,,130090,2020-10-22 14:08:08.000,1,140133,2024-07-31 14:44:22.000,2018-03-15,1603350488KURSI_JARING_HITAM_SAVELLO.jpg,1603350488KURSI_JARING_HITAM_SAVELLO_thumb.jpg,/assets/uploads/assetsre/ap/,0,0,
41,,00041-FUR-KK-CFS-PTRE-14,Kursi Kerja,CFS,SAVELLO,WARNA JARING HITAM,0,104008,0,0,,100001,80,LT,0,1,094062,201019022806,2020-10-19,130090,2020-10-15 13:50:46.000,1,140133,2024-07-31 14:44:22.000,2018-03-15,1602744646Kursi_Kerja_Hitam.jpg,1602744646Kursi_Kerja_Hitam_thumb.jpg,/assets/uploads/assetsre/ap/,0,0,
42,,00042-FUR-KK-CFS-PTRE-14,Kursi Kerja,CFS,SAVELLO,WARNA JARING HITAM,0,104008,0,0,,100001,80,LT,0,1,308618,201019022120,2020-10-19,130090,2020-10-15 10:59:42.000,1,140133,2024-07-31 14:44:22.000,2018-03-15,1602734382Kursi_Kerja_Hitam.jpg,1602734382Kursi_Kerja_Hitam_thumb.jpg,/assets/uploads/assetsre/ap/,0,0,
43,,00043-FUR-KK-CFS-PTRE-14,Kursi Kerja,CFS,SAVELLO,WARNA HITAM,0,104008,0,0,,100001,80,LT,0,0,,,,130090,2020-10-22 14:25:45.000,1,140133,2024-07-31 14:44:22.000,2018-03-15,1603351545KURSI_JARING_HITAM_SAVELLO.jpg,1603351545KURSI_JARING_HITAM_SAVELLO_thumb.jpg,/assets/uploads/assetsre/ap/,0,0,
45,,00045-FUR-KK-CFS-PTRE-14,Kursi Kerja,CFS,SAVELLO,WARNA JARING HITAM,0,104008,0,0,,100001,80,LT,0,1,083914,201016051748,2020-10-16,130090,2023-06-14 10:45:45.000,1,140133,2024-07-31 14:44:22.000,2018-03-15,1602745305Kursi_Kerja_Hitam.jpg,1602745305Kursi_Kerja_Hitam_thumb.jpg,/assets/uploads/assetsre/ap/,0,0,
46,,00046-FUR-KK-CFS-PTRE-14,Kursi Kerja,CFS,SAVELLO,WARNA JARING HITAM,0,104008,0,0,,100001,80,LT,0,1,114208,201019033519,2020-10-19,130090,2020-10-15 14:16:15.000,1,140133,2024-07-31 14:44:22.000,2018-03-15,1602746175Kursi_Kerja_Hitam.jpg,1602746175Kursi_Kerja_Hitam_thumb.jpg,/assets/uploads/assetsre/ap/,0,0,
48,,04896-FUR-KK-CFS-PTRE-14,Kursi Kerja Jaring,CFS,UNO,JARING HITAM COKLAT,0,105014,0,0,,100001,80,LT,0,0,,,,130090,2024-03-01 15:57:26.000,1,140133,2024-08-23 14:16:55.000,2018-03-15,1709283446WhatsApp_Image_2024-02-28_at_14_18_19.jpeg,1709283446WhatsApp_Image_2024-02-28_at_14_18_19_thumb.jpeg,/assets/uploads/assetsre/ap/,0,0,01906-FUR-KK-CFS-PTRE-14
51,,00051-FUR-KK-CFS-PTRE-14,Kursi Kerja,CFS,SAVELLO,WARNA HITAM,0,104008,0,0,,100001,80,LT,0,0,,,,130090,2020-10-22 14:06:17.000,1,140133,2024-07-31 14:44:22.000,2018-03-15,1603350377KURSI_JARING_HITAM_SAVELLO.jpg,1603350377KURSI_JARING_HITAM_SAVELLO_thumb.jpg,/assets/uploads/assetsre/ap/,0,0,
52,,00052-FUR-KK-CFS-PTRE-14,Kursi Kerja,CFS,SAVELLO,WARNA HITAM,0,104008,0,0,,100001,80,LT,0,0,,,,130090,2020-10-22 14:26:29.000,1,140133,2024-07-31 14:44:22.000,2018-03-15,1603351589KURSI_JARING_HITAM_SAVELLO.jpg,1603351589KURSI_JARING_HITAM_SAVELLO_thumb.jpg,/assets/uploads/assetsre/ap/,0,0,
53,,00053-FUR-KK-CFS-PTRE-14,Kursi Kerja,CFS,SAVELLO,WARNA JARING HITAM,0,104008,0,0,,100001,80,LT,0,1,303617,201019033322,2020-10-19,130090,2023-06-14 10:46:10.000,1,140133,2024-07-31 14:44:10.000,2018-03-15,1602745509Kursi_Kerja_Hitam.jpg,1602745509Kursi_Kerja_Hitam_thumb.jpg,/assets/uploads/assetsre/ap/,0,0,
55,,00055-FUR-KK-CFS-PTRE-14,Kursi Kerja,CFS,SAVELLO,WARNA HITAM,0,104008,0,0,,100001,80,LT,0,0,,,,130090,2020-10-22 14:32:22.000,1,140133,2024-07-31 14:44:10.000,2018-03-15,1603351942KURSI_JARING_HITAM_SAVELLO.jpg,1603351942KURSI_JARING_HITAM_SAVELLO_thumb.jpg,/assets/uploads/assetsre/ap/,0,0,
56,,00056-FUR-KK-CFS-PTRE-14,Kursi Kerja,CFS,SAVELLO,WARNA HITAM,0,104008,0,0,,100001,80,LT,0,0,,,,130090,2020-10-22 14:28:44.000,1,140133,2024-07-31 14:44:10.000,2018-03-15,1603351724KURSI_JARING_HITAM_SAVELLO.jpg,1603351724KURSI_JARING_HITAM_SAVELLO_thumb.jpg,/assets/uploads/assetsre/ap/,0,0,
58,,00058-FUR-KK-CFS-PTRE-14,Kursi Kerja,CFS,SAVELLO,WARNA HITAM,0,104008,0,0,,100001,80,LT,0,0,,,,130090,2020-10-22 14:36:14.000,1,140133,2024-07-31 14:44:10.000,2018-03-15,1603352174KURSI_JARING_HITAM_SAVELLO.jpg,1603352174KURSI_JARING_HITAM_SAVELLO_thumb.jpg,/assets/uploads/assetsre/ap/,0,0,
60,,00060-FUR-KK-CFS-PTRE-14,Kursi Kerja,CFS,SAVELLO,WARNA HITAM,0,104008,0,0,,100001,80,LT,0,0,,,,130090,2020-10-22 14:31:36.000,1,140133,2024-07-31 14:44:10.000,2018-03-15,1603351896KURSI_JARING_HITAM_SAVELLO.jpg,1603351896KURSI_JARING_HITAM_SAVELLO_thumb.jpg,/assets/uploads/assetsre/ap/,0,0,
61,,00061-FUR-KK-CFS-PTRE-14,Kursi Kerja,CFS,SAVELLO,WARNA JARING HITAM,0,104008,0,0,,100001,80,LT,0,1,023224,201019022626,2020-10-19,130090,2020-10-15 13:39:47.000,1,140133,2024-07-31 14:44:10.000,2018-03-15,1602743987Kursi_Kerja_Hitam.jpg,1602743987Kursi_Kerja_Hitam_thumb.jpg,/assets/uploads/assetsre/ap/,0,0,
66,,00066-FUR-KK-CFS-PTRE-14,Kursi Kerja,CFS,SAVELLO,WARNA HITAM,0,104008,0,0,,100001,80,LT,0,0,,,,130090,2020-10-22 14:17:06.000,1,140133,2024-07-31 14:44:10.000,2018-03-15,1603351026KURSI_JARING_HITAM_SAVELLO.jpg,1603351026KURSI_JARING_HITAM_SAVELLO_thumb.jpg,/assets/uploads/assetsre/ap/,0,0,
67,,00067-FUR-KK-CFS-PTRE-14,Kursi Kerja,CFS,SAVELLO,WARNA HITAM,0,104008,0,0,,100001,80,LT,0,0,,,,130090,2020-10-22 14:23:25.000,1,140133,2024-07-31 14:44:10.000,2018-03-15,1603351405KURSI_JARING_HITAM_SAVELLO.jpg,1603351405KURSI_JARING_HITAM_SAVELLO_thumb.jpg,/assets/uploads/assetsre/ap/,0,0,
73,,00073-FUR-KK-CFS-PTRE-14,Kursi Kerja,CFS,SAVELLO,WARNA JARING HITAM,0,104008,0,0,,100001,80,LT,0,1,073833,201019033625,2020-10-19,130090,2020-10-15 14:19:50.000,1,140133,2024-07-31 14:44:10.000,2018-03-15,1602746390Kursi_Kerja_Hitam.jpg,1602746390Kursi_Kerja_Hitam_thumb.jpg,/assets/uploads/assetsre/ap/,0,0,
74,,00074-FUR-KK-CFS-PTRE-14,Kursi Kerja,CFS,CHAIRMAN,Kursi Stetlis,0,101010,0,0,,100001,,LT,0,0,,,,130090,2017-02-27 00:00:00.000,1,140133,2024-07-25 10:31:28.000,2018-03-15,,,,0,0,
75,,00075-FUR-KK-CFS-PTRE-14,Kursi Kerja,CFS,SAVELLO,WARNA HITAM,0,104008,0,0,,100001,80,LT,0,0,,,,130090,2020-10-22 14:37:00.000,1,140133,2024-07-31 14:44:10.000,2018-03-15,1603352220KURSI_JARING_HITAM_SAVELLO.jpg,1603352220KURSI_JARING_HITAM_SAVELLO_thumb.jpg,/assets/uploads/assetsre/ap/,0,0,
76,,00076-FUR-KK-CFS-PTRE-14,Kursi Kerja,CFS,SAVELLO,WARNA JARING HITAM,0,104008,0,0,,100001,80,LT,0,1,104156,201019033726,2020-10-19,130090,2020-10-15 14:26:06.000,1,140133,2024-07-31 14:44:10.000,2018-03-15,1602746766Kursi_Kerja_Hitam.jpg,1602746766Kursi_Kerja_Hitam_thumb.jpg,/assets/uploads/assetsre/ap/,0,0,
77,,00077-FUR-KK-CFS-PTRE-14,Kursi Kerja,CFS,SAVELLO,WARNA JARING HITAM,0,104008,0,0,,100001,80,LT,0,1,305217,201019033251,2020-10-19,130090,2020-10-15 14:06:04.000,1,140133,2024-07-31 14:44:10.000,2018-03-15,1602745564Kursi_Kerja_Hitam.jpg,1602745564Kursi_Kerja_Hitam_thumb.jpg,/assets/uploads/assetsre/ap/,0,0,
78,,00078-FUR-KK-CFS-PTRE-14,Kursi Kerja,CFS,SAVELLO,WARNA JARING HITAM,0,104008,0,0,,100001,80,LT,0,1,083943,201019033551,2020-10-19,130090,2020-10-15 14:17:57.000,1,140133,2024-07-31 14:44:10.000,2018-03-15,1602746277Kursi_Kerja_Hitam.jpg,1602746277Kursi_Kerja_Hitam_thumb.jpg,/assets/uploads/assetsre/ap/,0,0,
80,,00080-FUR-KK-CFS-PTRE-14,Kursi Kerja,CFS,Chitose,Lipat ,0,101010,0,0,,100001,,LT,0,0,,,,130090,2017-02-27 00:00:00.000,1,140133,2024-07-25 10:31:21.000,2018-03-15,,,,0,0,
81,,00081-FUR-KK-CFS-PTRE-14,Kursi Kerja,CFS,SAVELLO,WARNA JARING HITAM,0,104008,0,0,,100001,80,LT,0,1,300320,201019022842,2020-10-19,130090,2020-10-15 13:53:12.000,1,140133,2024-07-31 14:44:10.000,2018-03-15,1602744792Kursi_Kerja_Hitam.jpg,1602744792Kursi_Kerja_Hitam_thumb.jpg,/assets/uploads/assetsre/ap/,0,0,
82,,00082-FUR-KK-CFS-PTRE-14,Kursi Kerja,CFS,UNO,WARNA HITAM,0,104008,0,0,,100001,80,LT,0,0,,,,130090,2020-10-22 14:11:31.000,1,140133,2024-07-31 14:44:10.000,2018-03-15,1603350691KURSI_JARING_HITAM_SAVELLO.jpg,1603350691KURSI_JARING_HITAM_SAVELLO_thumb.jpg,/assets/uploads/assetsre/ap/,0,0,
83,,00083-FUR-KK-CFS-PTRE-14,Kursi Kerja,CFS,SAVELLO,WARNA HITAM,0,104008,0,0,,100001,80,LT,0,0,,,,130090,2020-10-22 14:37:52.000,1,140133,2024-07-31 14:44:10.000,2018-03-15,1603352272KURSI_JARING_HITAM_SAVELLO.jpg,1603352272KURSI_JARING_HITAM_SAVELLO_thumb.jpg,/assets/uploads/assetsre/ap/,0,0,
84,,00084-FUR-KK-CFS-PTRE-14,Kursi Kerja,CFS,SAVELLO,WARNA HITAM,0,104008,0,0,,100001,80,LT,0,0,,,,130090,2020-10-22 14:21:05.000,1,140133,2024-07-31 14:44:10.000,2018-03-15,1603351265KURSI_JARING_HITAM_SAVELLO.jpg,1603351265KURSI_JARING_HITAM_SAVELLO_thumb.jpg,/assets/uploads/assetsre/ap/,0,0,
85,,00085-FUR-KK-CFS-PTRE-14,Kursi Kerja,CFS,SAVELLO,Warna JARING HITAM,0,104008,0,0,,100001,80,LT,0,1,073752,201019022245,2020-10-19,130090,2020-10-15 11:07:47.000,1,140133,2024-07-31 14:44:10.000,2018-03-15,1602734867Kursi_Kerja_Hitam.jpg,1602734867Kursi_Kerja_Hitam_thumb.jpg,/assets/uploads/assetsre/ap/,0,0,
87,,00087-FUR-KK-CFS-PTRE-14,Kursi Kerja,CFS,SAVELLO,WARNA HITAM,0,104008,0,0,,100001,80,LT,0,0,,,,130090,2020-10-22 14:24:42.000,1,140133,2024-07-31 14:44:10.000,2018-03-15,1603351482KURSI_JARING_HITAM_SAVELLO.jpg,1603351482KURSI_JARING_HITAM_SAVELLO_thumb.jpg,/assets/uploads/assetsre/ap/,0,0,
98,,00098-FUR-KK-CFS-PTRE-14,Kursi Kerja,CFS,SAVELLO,WARNA HITAM,0,104008,0,0,,100001,80,LT,0,0,,,,130090,2020-10-22 14:27:57.000,1,140133,2024-07-31 14:44:10.000,2018-03-15,1603351677KURSI_JARING_HITAM_SAVELLO.jpg,1603351677KURSI_JARING_HITAM_SAVELLO_thumb.jpg,/assets/uploads/assetsre/ap/,0,0,
99,,00099-FUR-KK-CFS-PTRE-14,Kursi Kerja,CFS,SAVELLO,WARNA JARING HITAM,0,104008,0,0,,100001,80,LT,0,1,306217,201019033405,2020-10-19,130090,2020-10-15 14:11:18.000,1,140133,2024-07-31 14:44:10.000,2018-03-15,1602745878Kursi_Kerja_Hitam.jpg,1602745878Kursi_Kerja_Hitam_thumb.jpg,/assets/uploads/assetsre/ap/,0,0,
118,,00118-FUR-KK-CFS-PTRE-14,Kursi Kerja,CFS,UNO,WARNA HITAM,0,104008,0,0,,100001,80,LT,0,0,,,,130090,2020-10-22 14:09:46.000,1,140133,2024-07-31 14:44:10.000,2018-03-15,1603350586KURSI_JARING_HITAM_SAVELLO.jpg,1603350586KURSI_JARING_HITAM_SAVELLO_thumb.jpg,/assets/uploads/assetsre/ap/,0,0,
125,,00125-ACC-KK-CFS-PTRE-13,Kursi Kerja,CFS,SAVELLO,WARNA JARING HITAM,0,104008,0,0,,100001,80,LT,0,1,083914,201019022205,2020-10-19,130090,2020-10-15 11:03:41.000,1,140133,2024-07-31 14:44:10.000,2018-03-15,1602734621Kursi_Kerja_Hitam.jpg,1602734621Kursi_Kerja_Hitam_thumb.jpg,/assets/uploads/assetsre/ap/,0,0,
190,,00190-FUR-KK-CFS-PTRE-14,Kursi Kerja,CFS,Savello,Warna Hitam,0,101029,0,0,,100001,,LT,0,0,,,,130090,2017-02-27 00:00:00.000,1,140133,2025-02-13 16:08:45.000,2018-03-15,,,,0,0,
237,,00237-FUR-KK-CFS-PTRE-13,Kursi Kerja,CFS,SAVELLO,WARNA HITAM,0,103011,0,0,,100001,80,LT,0,0,,,,130090,2020-10-05 08:49:16.000,1,140133,2024-08-05 13:14:26.000,2018-03-15,1601862556Kursi_Kerja_Hitam.jpg,1601862556Kursi_Kerja_Hitam_thumb.jpg,/assets/uploads/assetsre/ap/,0,0,
251,,00251-FUR-KK-CFS-PTRE-13,Kursi Kerja,CFS,SAVELLO,KURSI KERJA,0,101036,0,0,,100001,9,LT,0,0,,,,140133,2024-09-13 10:14:00.000,1,140133,2025-02-28 17:55:05.000,2018-03-15,1726197240kursi_cokelat_jaring.jpeg,1726197240kursi_cokelat_jaring_thumb.jpeg,/assets/uploads/assetsre/ap/,0,0,
257,,00257-FUR-KK-CFS-PTRE-13,Kursi Kerja,CFS,SAVELLO,Kursi Cokelat,0,101036,0,0,,100001,9,LT,0,0,,,,140133,2024-09-13 10:13:35.000,1,130090,2025-10-31 20:03:29.000,2018-03-15,1726197215kursi_cokelat_jaring.jpeg,1726197215kursi_cokelat_jaring_thumb.jpeg,/assets/uploads/assetsre/ap/,0,0,
258,,00258-FUR-KK-CFS-PTRE-13,Kursi Kerja,CFS,SAVELLO,Kursi Kerja,0,101036,0,0,,100001,9,LT,0,0,,,,140133,2024-09-13 10:13:29.000,1,130090,2025-10-31 20:03:33.000,2018-03-15,1726197209kursi_cokelat_jaring.jpeg,1726197209kursi_cokelat_jaring_thumb.jpeg,/assets/uploads/assetsre/ap/,0,0,
260,,00260-FUR-KK-CFS-PTRE-13,Kursi Kerja,CFS,SAVELLO,KURSI KERJA,0,101036,0,0,,100001,9,LT,0,0,,,,140133,2024-09-13 10:13:23.000,1,130090,2025-10-31 20:03:47.000,2018-03-15,1726197203kursi_cokelat_jaring.jpeg,1726197203kursi_cokelat_jaring_thumb.jpeg,/assets/uploads/assetsre/ap/,0,0,
281,,00281-FUR-KK-CFS-PTRE-14,Kursi Kerja,CFS,Chitose,Warna Biru,0,101034,0,0,,100001,,LT,0,0,,,,130090,2017-02-27 00:00:00.000,1,140133,2025-02-13 09:00:26.000,2018-03-15,,,,0,0,
283,,00283-FUR-KK-CFS-PTRE-14,Kursi Kerja,CFS,Savello,KURSI JARING,0,101029,0,0,,100001,9,LT,0,0,,,,140133,2024-09-13 10:12:31.000,1,140133,2025-02-13 16:08:45.000,2018-03-15,1726197151kursi_cokelat_jaring.jpeg,1726197151kursi_cokelat_jaring_thumb.jpeg,/assets/uploads/assetsre/ap/,0,0,
287,,00287-FUR-KK-CFS-PTRE-16,Kursi Kerja,CFS,Savello,WARNA COKLAT,0,105007,0,0,,100001,80,LT,0,0,,,,130090,2024-02-28 14:32:47.000,1,140133,2024-08-02 09:05:07.000,2018-03-15,1709105567WhatsApp_Image_2024-02-28_at_14_29_47.jpeg,1709105567WhatsApp_Image_2024-02-28_at_14_29_47_thumb.jpeg,/assets/uploads/assetsre/ap/,0,0,
365,,00365-FUR-KK-CFS-PTRE-13,Kursi Kerja,CFS,Savello,,0,101036,0,0,,100001,80,LT,0,0,,,,140133,2024-09-13 10:07:30.000,1,140133,2025-02-28 17:55:13.000,2018-03-15,1726196850Kursi_Savello_Jaring.jpeg,1726196850Kursi_Savello_Jaring_thumb.jpeg,/assets/uploads/assetsre/ap/,0,0,
366,,00366-FUR-KK-CFS-PTRE-13,Kursi Kerja,CFS,Savello,,0,101036,0,0,,100001,80,LT,0,0,,,,140133,2024-09-13 10:07:24.000,1,140133,2025-02-28 17:54:59.000,2018-03-15,1726196844Kursi_Savello_Jaring.jpeg,1726196844Kursi_Savello_Jaring_thumb.jpeg,/assets/uploads/assetsre/ap/,0,0,
367,,00367-FUR-KK-CFS-PTRE-13,Kursi Kerja,CFS,Savello,,0,101036,0,0,,100001,80,LT,0,0,,,,140133,2024-09-13 10:07:15.000,1,140133,2025-02-28 17:54:56.000,2018-03-15,1726196835Kursi_Savello_Jaring.jpeg,1726196835Kursi_Savello_Jaring_thumb.jpeg,/assets/uploads/assetsre/ap/,0,0,
388,,00388-FUR-KK-CFS-PTRE-13,Kursi Kerja,CFS,SAVELLO,,0,101036,0,0,,100001,80,LT,0,0,,,,140133,2024-09-13 10:07:08.000,1,140133,2025-02-28 17:54:51.000,2018-03-15,1726196828Kursi_Savello_Jaring.jpeg,1726196828Kursi_Savello_Jaring_thumb.jpeg,/assets/uploads/assetsre/ap/,0,0,
410,,00410-FUR-KK-CFS-PTRE-14,Kursi Kerja,CFS,SAVELLO,WARNA JARING HITAM,0,104008,0,0,,100001,80,LT,0,1,073865,201019033802,2020-10-19,130090,2020-10-15 14:28:46.000,1,140133,2024-07-31 14:44:10.000,2018-03-15,1602746926Kursi_Kerja_Hitam.jpg,1602746926Kursi_Kerja_Hitam_thumb.jpg,/assets/uploads/assetsre/ap/,0,0,
457,,00457-FUR-KK-CFS-PTRE-14,Kursi Kerja,CFS,Savello,,0,101029,0,0,,100001,9,LT,0,0,,,,140133,2024-09-13 10:05:57.000,1,140133,2025-02-13 16:08:45.000,2018-03-15,1726196757Kursi_Savello_Jaring.jpeg,1726196757Kursi_Savello_Jaring_thumb.jpeg,/assets/uploads/assetsre/ap/,0,0,
580,,00580-FUR-KK-CFS-PTRE-14,Kursi Kerja,CFS,SAVELLO,Warna Cokelat,0,101029,0,0,,100001,9,LT,0,0,,,,140133,2024-09-13 09:58:44.000,1,140133,2025-02-13 16:08:45.000,2018-03-15,1726196324kursi_Coklat.jpeg,1726196324kursi_Coklat_thumb.jpeg,/assets/uploads/assetsre/ap/,0,0,
840,,00840-FUR-KK-CFS-PTRE-16,Kursi Kerja,CFS,SAVEllo,Kursi Cokelat,0,102012,0,0,,100001,,LT,0,0,,,,130090,2017-02-27 00:00:00.000,1,140133,2024-08-08 13:46:02.000,2018-03-15,,,,0,0,
949,,00949-FUR-KK-CFS-PTRE-16,Kursi Kerja,CFS,SAVEllo,Kursi Cokelat,0,102013,0,0,,100001,,LT,0,0,,,,130090,2017-02-27 00:00:00.000,1,140133,2024-08-08 13:44:31.000,2018-03-15,,,,0,0,
950,,00950-FUR-KK-CFS-PTRE-16,Kursi Kerja,CFS,SAVEllo,Kursi Cokelat,0,102013,0,0,,100001,,LT,0,0,,,,130090,2017-02-27 00:00:00.000,1,140133,2024-08-08 13:44:31.000,2018-03-15,,,,0,0,
951,,00951-FUR-KK-CFS-PTRE-16,Kursi Kerja,CFS,SAVEllo,Kursi Cokelat,0,102013,0,0,,100001,,LT,0,0,,,,130090,2017-02-27 00:00:00.000,1,140133,2024-08-08 13:44:31.000,2018-03-15,,,,0,0,
952,,00952-FUR-KK-CFS-PTRE-16,Kursi Kerja,CFS,SAVEllo,Kursi Cokelat,0,102013,0,0,,100001,,LT,0,0,,,,130090,2017-02-27 00:00:00.000,1,140133,2024-08-08 13:44:31.000,2018-03-15,,,,0,0,
953,,00953-FUR-KK-CFS-PTRE-16,Kursi Kerja,CFS,SAVEllo,Kursi Cokelat,0,102013,0,0,,100001,,LT,0,0,,,,130090,2017-02-27 00:00:00.000,1,140133,2024-08-08 13:44:31.000,2018-03-15,,,,0,0,
954,,00954-FUR-KK-CFS-PTRE-16,Kursi Kerja,CFS,SAVEllo,Kursi Cokelat,0,102013,0,0,,100001,,LT,0,0,,,,130090,2017-02-27 00:00:00.000,1,140133,2024-08-08 13:44:31.000,2018-03-15,,,,0,0,
955,,00955-FUR-KK-CFS-PTRE-16,Kursi Kerja,CFS,SAVEllo,Kursi Cokelat,0,102013,0,0,,100001,,LT,0,0,,,,130090,2017-02-27 00:00:00.000,1,140133,2024-08-08 13:44:31.000,2018-03-15,,,,0,0,
956,,00956-FUR-KK-CFS-PTRE-16,Kursi Kerja,CFS,SAVEllo,Kursi Cokelat,0,102013,0,0,,100001,,LT,0,0,,,,130090,2017-02-27 00:00:00.000,1,140133,2024-08-08 13:44:31.000,2018-03-15,,,,0,0,
957,,00957-FUR-KK-CFS-PTRE-16,Kursi Kerja,CFS,SAVEllo,Kursi Cokelat,0,102013,0,0,,100001,,LT,0,0,,,,130090,2017-02-27 00:00:00.000,1,140133,2024-08-08 13:44:31.000,2018-03-15,,,,0,0,
958,,00958-FUR-KK-CFS-PTRE-16,Kursi Kerja,CFS,SAVEllo,Kursi Cokelat,0,102013,0,0,,100001,,LT,0,0,,,,130090,2017-02-27 00:00:00.000,1,140133,2024-08-08 13:44:31.000,2018-03-15,,,,0,0,
959,,00959-FUR-KK-CFS-PTRE-16,Kursi Kerja,CFS,SAVEllo,Kursi Cokelat,0,102013,0,0,,100001,,LT,0,0,,,,130090,2017-02-27 00:00:00.000,1,140133,2024-08-08 13:44:31.000,2018-03-15,,,,0,0,
960,,00960-FUR-KK-CFS-PTRE-16,Kursi Kerja,CFS,SAVEllo,Kursi Cokelat,0,102013,0,0,,100001,,LT,0,0,,,,130090,2017-02-27 00:00:00.000,1,140133,2024-08-08 13:44:31.000,2018-03-15,,,,0,0,
961,,00961-FUR-KK-CFS-PTRE-16,Kursi Kerja,CFS,SAVEllo,Kursi Cokelat,0,102013,0,0,,100001,,LT,0,0,,,,130090,2017-02-27 00:00:00.000,1,140133,2024-08-08 13:44:31.000,2018-03-15,,,,0,0,
964,,00964-FUR-KK-CFS-PTRE-16,Kursi Kerja,CFS,SAVEllo,Kursi Cokelat,0,102013,0,0,,100001,,LT,0,0,,,,130090,2017-02-27 00:00:00.000,1,140133,2024-08-08 13:44:31.000,2018-03-15,,,,0,0,
965,,00965-FUR-KK-CFS-PTRE-16,Kursi Kerja,CFS,SAVEllo,Kursi Cokelat,0,102013,0,0,,100001,,LT,0,0,,,,130090,2017-02-27 00:00:00.000,1,140133,2024-08-08 13:44:31.000,2018-03-15,,,,0,0,
966,,00966-FUR-KK-CFS-PTRE-16,Kursi Kerja,CFS,SAVEllo,Kursi Cokelat,0,102013,0,0,,100001,,LT,0,0,,,,130090,2017-02-27 00:00:00.000,1,140133,2024-08-08 13:44:31.000,2018-03-15,,,,0,0,
968,,00968-FUR-KK-CFS-PTRE-16,Kursi Kerja,CFS,SAVEllo,Kursi Cokelat,0,102013,0,0,,100001,,LT,0,0,,,,130090,2017-02-27 00:00:00.000,1,140133,2024-08-08 13:44:31.000,2018-03-15,,,,0,0,
969,,00969-FUR-KK-CFS-PTRE-16,Kursi Kerja,CFS,SAVEllo,Kursi Cokelat,0,102013,0,0,,100001,,LT,0,0,,,,130090,2017-02-27 00:00:00.000,1,140133,2024-08-08 13:44:31.000,2018-03-15,,,,0,0,
970,,00970-FUR-KK-CFS-PTRE-16,Kursi Kerja,CFS,SAVEllo,Kursi Cokelat,0,102013,0,0,,100001,,LT,0,0,,,,130090,2017-02-27 00:00:00.000,1,140133,2024-08-08 13:44:31.000,2018-03-15,,,,0,0,
971,,00971-FUR-KK-CFS-PTRE-16,Kursi Kerja,CFS,SAVEllo,Kursi Cokelat,0,102013,0,0,,100001,,LT,0,0,,,,130090,2017-02-27 00:00:00.000,1,140133,2024-08-08 13:44:31.000,2018-03-15,,,,0,0,
972,,00972-FUR-KK-CFS-PTRE-16,Kursi Kerja,CFS,SAVEllo,Kursi Cokelat,0,102013,0,0,,100001,,LT,0,0,,,,130090,2017-02-27 00:00:00.000,1,140133,2024-08-08 13:44:31.000,2018-03-15,,,,0,0,
973,,00973-FUR-KK-CFS-PTRE-16,Kursi Kerja,CFS,SAVEllo,Kursi Cokelat,0,102013,0,0,,100001,,LT,0,0,,,,130090,2017-02-27 00:00:00.000,1,140133,2024-08-08 13:44:31.000,2018-03-15,,,,0,0,
974,,00974-FUR-KK-CFS-PTRE-16,Kursi Kerja,CFS,SAVEllo,Kursi Cokelat,0,102013,0,0,,100001,,LT,0,0,,,,130090,2017-02-27 00:00:00.000,1,140133,2024-08-08 13:44:31.000,2018-03-15,,,,0,0,
975,,00975-FUR-KK-CFS-PTRE-16,Kursi Kerja,CFS,SAVEllo,Kursi Cokelat,0,102013,0,0,,100001,,LT,0,0,,,,130090,2017-02-27 00:00:00.000,1,140133,2024-08-08 13:44:31.000,2018-03-15,,,,0,0,
976,,00976-FUR-KK-CFS-PTRE-16,Kursi Kerja,CFS,SAVEllo,Kursi Cokelat,0,102013,0,0,,100001,,LT,0,0,,,,130090,2017-02-27 00:00:00.000,1,140133,2024-08-08 13:44:31.000,2018-03-15,,,,0,0,
977,,00977-FUR-KK-CFS-PTRE-16,Kursi Kerja,CFS,SAVEllo,Kursi Cokelat,0,102013,0,0,,100001,,LT,0,0,,,,130090,2017-02-27 00:00:00.000,1,140133,2024-08-08 13:44:31.000,2018-03-15,,,,0,0,
978,,00978-FUR-KK-CFS-PTRE-16,Kursi Kerja,CFS,SAVEllo,Kursi Cokelat,0,102013,0,0,,100001,,LT,0,0,,,,130090,2017-02-27 00:00:00.000,1,140133,2024-08-08 13:44:31.000,2018-03-15,,,,0,0,
979,,00979-FUR-KK-CFS-PTRE-16,Kursi Kerja,CFS,SAVEllo,Kursi Cokelat,0,102013,0,0,,100001,,LT,0,0,,,,130090,2017-02-27 00:00:00.000,1,140133,2024-08-08 13:44:31.000,2018-03-15,,,,0,0,
1364,,01364-FUR-KK-CFS-PTRE-14,Kursi Kerja,CFS,SOFA,Sofa,0,103009,0,0,,100001,,LT,0,0,,,,130090,2018-03-15 16:23:06.777,1,140133,2024-08-01 10:34:56.000,2018-03-15,,,,0,0,
1365,,01365-FUR-KK-CFS-PTRE-14,Kursi Kerja,CFS,SOFA,Sofa,0,103009,0,0,,100001,,LT,0,0,,,,130090,2018-03-15 16:23:06.777,1,140133,2024-08-01 10:34:56.000,2018-03-15,,,,0,0,
1367,,01367-FUR-KK-CFS-PTRE-14,Kursi Kerja,CFS,SOFA,Sofa,0,103009,0,0,,100001,,LT,0,0,,,,130090,2018-03-15 16:23:06.777,1,140133,2024-08-01 10:33:09.000,2018-03-15,,,,0,0,
1368,,01368-FUR-KK-CFS-PTRE-14,Kursi Kerja,CFS,SOFA,Sofa,0,103009,0,0,,100001,,LT,0,0,,,,130090,2018-03-15 16:23:06.777,1,140133,2024-08-01 10:33:09.000,2018-03-15,,,,0,0,
1369,,01369-FUR-KK-CFS-PTRE-14,Kursi Kerja,CFS,SOFA,Sofa,0,103009,0,0,,100001,,LT,0,0,,,,130090,2018-03-15 16:23:06.777,1,140133,2024-08-01 10:33:09.000,2018-03-15,,,,0,0,
1370,,01370-FUR-KK-CFS-PTRE-14,Kursi Kerja,CFS,SOFA,Sofa,0,103009,0,0,,100001,,LT,0,0,,,,130090,2018-03-15 16:23:06.777,1,140133,2024-08-01 10:33:09.000,2018-03-15,,,,0,0,
1372,,01372-FUR-KK-CFS-PTRE-14,Kursi Kerja,CFS,SOFA,Sofa,0,103009,0,0,,100001,,LT,0,0,,,,130090,2018-03-15 16:23:06.777,1,140133,2024-08-01 10:33:09.000,2018-03-15,,,,0,0,
1373,,01373-FUR-KK-CFS-PTRE-14,Kursi Kerja,CFS,SOFA,Sofa,0,103009,0,0,,100001,,LT,0,0,,,,130090,2018-03-15 16:23:06.777,1,140133,2024-08-01 10:33:09.000,2018-03-15,,,,0,0,
1378,,01378-FUR-KK-CFS-PTRE-14,Kursi Kerja,CFS,SOFA,Sofa,0,103009,0,0,,100001,,LT,0,0,,,,130090,2018-03-15 16:23:06.777,1,140133,2024-08-01 10:33:09.000,2018-03-15,,,,0,0,
1379,,01379-FUR-KK-CFS-PTRE-14,Kursi Kerja,CFS,SOFA,Sofa,0,103009,0,0,,100001,,LT,0,0,,,,130090,2018-03-15 16:23:06.777,1,140133,2024-08-01 10:33:09.000,2018-03-15,,,,0,0,
1381,,01381-FUR-KK-CFS-PTRE-14,Kursi Kerja,CFS,SAVELLO,Kursi Cokelat,0,103009,0,0,,100001,,LT,0,0,,,,130090,2018-03-15 16:23:06.777,1,140133,2024-08-01 10:33:09.000,2018-03-15,,,,0,0,
1385,,01385-FUR-KK-CFS-PTRE-14,Kursi Kerja,CFS,SAVELLO,Kursi Cokelat,0,103009,0,0,,100001,,LT,0,0,,,,130090,2018-03-15 16:23:06.777,1,140133,2024-08-01 10:33:09.000,2018-03-15,,,,0,0,
1386,,01386-FUR-KK-CFS-PTRE-14,Kursi Kerja,CFS,SAVELLO,Kursi Cokelat,0,103009,0,0,,100001,,LT,0,0,,,,130090,2018-03-15 16:23:06.777,1,140133,2024-08-01 10:33:09.000,2018-03-15,,,,0,0,
1388,,01388-FUR-KK-CFS-PTRE-14,Kursi Kerja,CFS,SAVELLO,Kursi Cokelat,0,103009,0,0,,100001,,LT,0,0,,,,130090,2018-03-15 16:23:06.777,1,140133,2024-08-01 10:33:09.000,2018-03-15,,,,0,0,
1397,,01397-FUR-KK-CFS-PTRE-14,Kursi Kerja,CFS,SAVELLO,Kursi Cokelat,0,103009,0,0,,100001,,LT,0,0,,,,130090,2018-03-15 16:23:06.777,1,140133,2024-08-01 10:33:09.000,2018-03-15,,,,0,0,
1399,,01399-FUR-KK-CFS-PTRE-14,Kursi Kerja,CFS,SAVELLO,Kursi Cokelat,0,103009,0,0,,100001,,LT,0,0,,,,130090,2018-03-15 16:23:06.777,1,140133,2024-08-01 10:33:09.000,2018-03-15,,,,0,0,
1400,,01400-FUR-KK-CFS-PTRE-14,Kursi Kerja,CFS,SAVELLO,Kursi Cokelat,0,103009,0,0,,100001,,LT,0,0,,,,130090,2018-03-15 16:23:06.777,1,140133,2024-08-01 10:33:09.000,2018-03-15,,,,0,0,
1404,,01404-FUR-KK-CFS-PTRE-14,Kursi Kerja,CFS,SAVELLO,Kursi Cokelat,0,103009,0,0,,100001,,LT,0,0,,,,130090,2018-03-15 16:23:06.777,1,140133,2024-08-01 10:33:09.000,2018-03-15,,,,0,0,
1406,,01406-FUR-KK-CFS-PTRE-14,Kursi Kerja,CFS,SAVELLO,Kursi Cokelat,0,103009,0,0,,100001,,LT,0,0,,,,130090,2018-03-15 16:23:06.777,1,140133,2024-08-01 10:33:09.000,2018-03-15,,,,0,0,
1408,,01408-FUR-KK-CFS-PTRE-14,Kursi Kerja,CFS,SAVELLO,Kursi Cokelat,0,103009,0,0,,100001,,LT,0,0,,,,130090,2018-03-15 16:23:06.777,1,140133,2024-08-01 10:33:09.000,2018-03-15,,,,0,0,
1442,,03911-FUR-KK-CFS-PTRE-14,SOFA,CFS,SAVELLO,Kerja Hitam,0,103010,0,0,23-1131109,100001,9,LT,0,0,,,,140133,2024-08-19 10:31:46.000,1,140133,2024-08-23 14:39:31.000,2018-03-15,,,,0,0,
1462,,01462-FUR-KK-CFS-PTRE-14,Kursi Kerja,CFS,UNO,Kursi Cokelat,0,103011,0,0,,100001,,LT,0,0,,,,130090,2018-03-15 16:23:06.777,1,140133,2024-08-05 13:14:26.000,2018-03-15,,,,0,0,
1664,,01664-FUR-KK-CFS-PTRE-14,Kursi Kerja,CFS,SAVELLO,Kerja Hitam,0,104011,0,0,,100001,80,LT,0,0,,,,130090,2024-03-12 16:40:36.000,1,140133,2025-01-22 18:20:32.000,2018-03-15,1710236436WhatsApp_Image_2024-03-09_at_11_11_53.jpeg,1710236436WhatsApp_Image_2024-03-09_at_11_11_53_thumb.jpeg,/assets/uploads/assetsre/ap/,0,0,
1812,,01812-FUR-KK-CFS-PTRE-14,Kursi Kerja,CFS,CHAIRMAN,Chairman,0,105006,0,0,,100001,,LT,0,0,,,,130090,2018-03-15 16:23:06.777,1,140133,2024-08-02 09:00:01.000,2018-03-15,,,,0,0,
1827,,01827-FUR-KK-CFS-PTRE-14,Kursi Kerja,CFS,UNO,Kursi Jaring Pendek,0,105007,0,0,,100001,80,LT,0,0,,,,130090,2024-02-28 14:44:48.000,1,140133,2024-08-02 09:11:07.000,2018-03-15,1709106288WhatsApp_Image_2024-02-28_at_14_29_47.jpeg,1709106288WhatsApp_Image_2024-02-28_at_14_29_47_thumb.jpeg,/assets/uploads/assetsre/ap/,0,0,
1828,,01828-FUR-KK-CFS-PTRE-14,Kursi Kerja,CFS,UNO,Kursi Jaring Pendek,0,105007,0,0,,100001,80,LT,0,0,,,,130090,2024-02-28 14:44:24.000,1,140133,2024-08-02 09:11:07.000,2018-03-15,1709106264WhatsApp_Image_2024-02-28_at_14_29_47.jpeg,1709106264WhatsApp_Image_2024-02-28_at_14_29_47_thumb.jpeg,/assets/uploads/assetsre/ap/,0,0,
1829,,01829-FUR-KK-CFS-PTRE-14,Kursi Kerja,CFS,UNO,Kursi Jaring Pendek,0,105007,0,0,,100001,80,LT,0,0,,,,130090,2024-02-28 14:44:06.000,1,140133,2024-08-02 09:11:07.000,2018-03-15,1709106246WhatsApp_Image_2024-02-28_at_14_29_47.jpeg,1709106246WhatsApp_Image_2024-02-28_at_14_29_47_thumb.jpeg,/assets/uploads/assetsre/ap/,0,0,
1830,,01830-FUR-KK-CFS-PTRE-14,Kursi Kerja,CFS,UNO,Kursi Jaring Pendek,0,105007,0,0,,100001,80,LT,0,0,,,,130090,2024-02-28 14:43:47.000,1,140133,2024-08-02 09:11:07.000,2018-03-15,1709106227WhatsApp_Image_2024-02-28_at_14_29_47.jpeg,1709106227WhatsApp_Image_2024-02-28_at_14_29_47_thumb.jpeg,/assets/uploads/assetsre/ap/,0,0,
1831,,01831-FUR-KK-CFS-PTRE-14,Kursi Kerja,CFS,UNO,Kursi Jaring Pendek,0,105007,0,0,,100001,80,LT,0,0,,,,130090,2024-02-28 14:43:27.000,1,140133,2024-08-02 09:11:07.000,2018-03-15,1709106207WhatsApp_Image_2024-02-28_at_14_29_47.jpeg,1709106207WhatsApp_Image_2024-02-28_at_14_29_47_thumb.jpeg,/assets/uploads/assetsre/ap/,0,0,
1832,,01832-FUR-KK-CFS-PTRE-14,Kursi Kerja,CFS,UNO,Kursi Jaring Pendek,0,105007,0,0,,100001,80,LT,0,0,,,,130090,2024-02-28 14:43:08.000,1,140133,2024-08-02 09:11:07.000,2018-03-15,1709106188WhatsApp_Image_2024-02-28_at_14_29_47.jpeg,1709106188WhatsApp_Image_2024-02-28_at_14_29_47_thumb.jpeg,/assets/uploads/assetsre/ap/,0,0,
1833,,01833-FUR-KK-CFS-PTRE-14,Kursi Kerja,CFS,UNO,Kursi Jaring Pendek,0,105007,0,0,,100001,80,LT,0,0,,,,130090,2024-02-28 14:42:47.000,1,140133,2024-08-02 09:11:07.000,2018-03-15,1709106167WhatsApp_Image_2024-02-28_at_14_29_47.jpeg,1709106167WhatsApp_Image_2024-02-28_at_14_29_47_thumb.jpeg,/assets/uploads/assetsre/ap/,0,0,
1834,,01834-FUR-KK-CFS-PTRE-14,Kursi Kerja,CFS,UNO,Kursi Jaring Pendek,0,105007,0,0,,100001,80,LT,0,0,,,,130090,2024-02-28 14:42:26.000,1,140133,2024-08-02 09:11:07.000,2018-03-15,1709106146WhatsApp_Image_2024-02-28_at_14_29_47.jpeg,1709106146WhatsApp_Image_2024-02-28_at_14_29_47_thumb.jpeg,/assets/uploads/assetsre/ap/,0,0,
1835,,01835-FUR-KK-CFS-PTRE-14,Kursi Kerja,CFS,UNO,Kursi Jaring Pendek,0,105007,0,0,,100001,80,LT,0,0,,,,130090,2024-02-28 14:42:06.000,1,140133,2024-08-02 09:11:07.000,2018-03-15,1709106126WhatsApp_Image_2024-02-28_at_14_29_47.jpeg,1709106126WhatsApp_Image_2024-02-28_at_14_29_47_thumb.jpeg,/assets/uploads/assetsre/ap/,0,0,
1836,,01836-FUR-KK-CFS-PTRE-14,Kursi Kerja,CFS,UNO,Kursi jaring Pendek,0,105007,0,0,,100001,80,LT,0,0,,,,130090,2024-02-28 14:41:46.000,1,140133,2024-08-02 09:11:07.000,2018-03-15,1709106106WhatsApp_Image_2024-02-28_at_14_29_47.jpeg,1709106106WhatsApp_Image_2024-02-28_at_14_29_47_thumb.jpeg,/assets/uploads/assetsre/ap/,0,0,
1901,,04891-FUR-KK-CFS-PTRE-14,Kursi Kerja,CFS,SAVELLO,Kerja Hitam,0,105008,0,0,,100001,80,LT,0,0,,,,130090,2024-02-16 17:31:01.000,1,130090,2024-03-01 15:58:34.000,2018-03-15,,,,0,1,01901-FUR-KK-CFS-PTRE-14
1902,,04892-FUR-KK-CFS-PTRE-14,Kursi Kerja,CFS,SAVELLO,Kerja Hitam,0,105008,0,0,,100001,80,LT,0,0,,,,130090,2024-02-16 17:30:48.000,1,130090,2024-03-01 15:58:43.000,2018-03-15,,,,0,1,01902-FUR-KK-CFS-PTRE-14
1903,,04893-FUR-KK-CFS-PTRE-14,Kursi Kerja,CFS,SAVELLO,Kerja Hitam,0,105008,0,0,,100001,80,LT,0,0,,,,130090,2024-02-16 17:30:38.000,1,130090,2024-03-01 15:58:52.000,2018-03-15,,,,0,1,01903-FUR-KK-CFS-PTRE-14
1904,,04894-FUR-KK-CFS-PTRE-14,Kursi Kerja,CFS,SAVELLO,Kerja Hitam,0,105008,0,0,,100001,80,LT,0,0,,,,130090,2024-02-16 17:30:29.000,1,130090,2024-03-01 15:59:00.000,2018-03-15,,,,0,1,01904-FUR-KK-CFS-PTRE-14
1905,,04895-FUR-KK-CFS-PTRE-14,Kursi Kerja,CFS,SAVELLO,Kerja Hitam,0,105008,0,0,,100001,80,LT,0,0,,,,130090,2024-02-16 17:30:20.000,1,130090,2024-03-01 15:59:07.000,2018-03-15,,,,0,1,01905-FUR-KK-CFS-PTRE-14
1906,,04897-FUR-KK-CFS-PTRE-14,Kursi Kerja,CFS,SAVELLO,Kerja Hitam,0,105008,0,0,,100001,80,LT,0,0,,,,130090,2024-02-16 17:30:10.000,1,130090,2024-03-01 15:59:16.000,2018-03-15,,,,0,1,01906-FUR-KK-CFS-PTRE-14
6575,,02608-FUR-KK-CFS-PTRE-14,Kursi Kerja,CFS,SAVELLO,WARNA JARING HITAM,0,104011,0,0,,100001,80,LT,0,1,184676,201016054130,2020-10-16,130090,2024-03-12 16:36:11.000,1,140133,2025-03-14 09:17:35.000,2020-10-15,1710236171WhatsApp_Image_2024-03-09_at_11_11_53.jpeg,1710236171WhatsApp_Image_2024-03-09_at_11_11_53_thumb.jpeg,/assets/uploads/assetsre/ap/,0,0,
6579,,02612-FUR-KK-CFS-PTRE-14,Kursi Kerja,CFS,SAVELLO,WARNA JARING HITAM,0,104011,0,0,,100001,80,LT,0,1,063614,201016052253,2020-10-16,130090,2024-03-12 16:35:45.000,1,140133,2025-03-14 09:17:30.000,2020-10-15,1710236145WhatsApp_Image_2024-03-09_at_11_11_53.jpeg,1710236145WhatsApp_Image_2024-03-09_at_11_11_53_thumb.jpeg,/assets/uploads/assetsre/ap/,0,0,
6580,,02613-FUR-KK-CFS-PTRE-14,Kursi Kerja,CFS,SAVELLO,WARNA JARING HITAM,0,104008,0,0,,100001,80,LT,0,1,104094,201019033449,2020-10-16,130090,2020-10-15 13:56:11.000,1,130090,2020-10-16 17:40:44.000,2020-10-15,1602744971Kursi_Kerja_Hitam.jpg,1602744971Kursi_Kerja_Hitam_thumb.jpg,/assets/uploads/assetsre/ap/,0,0,
6587,,02619-FUR-KK-CFS-PTRE-14,Kursi Kerja,CFS,SAVELLO,WARNA JARING HITAM,0,104011,0,0,,100001,80,LT,0,1,104094,201019033449,2020-10-16,130090,2024-03-12 16:34:42.000,1,140133,2025-03-14 09:17:02.000,2020-10-15,1710236082WhatsApp_Image_2024-03-09_at_11_11_53.jpeg,1710236082WhatsApp_Image_2024-03-09_at_11_11_53_thumb.jpeg,/assets/uploads/assetsre/ap/,0,0,
8609,,03160-FUR-KK-CFS-PTRE-13,Kursi Kerja Jaring,CFS,SAVELLO,Kursi Jaring hitam,0,101049,0,0,,100001,9,LT,0,,,,,140133,2024-09-13 09:18:34.000,1,140133,2025-02-13 16:16:23.000,2024-04-19,1726193914Kursi_Savello_Jaring.jpeg,1726193914Kursi_Savello_Jaring_thumb.jpeg,/assets/uploads/assetsre/ap/,0,0,
8610,,03161-FUR-KK-CFS-PTRE-13,Kursi Kerja Jaring,CFS,SAVELLO,,0,101049,0,0,,100001,9,LT,0,,,,,140133,2024-09-13 09:18:29.000,1,140133,2025-02-13 16:16:23.000,2024-04-19,1726193909Kursi_Savello_Jaring.jpeg,1726193909Kursi_Savello_Jaring_thumb.jpeg,/assets/uploads/assetsre/ap/,1,0,
8642,,03192-FUR-KK-CFS-PTRE-24,Kursi Kerja Jaring,CFS,UNO,menggunakan hidrolic,0,101029,0,0,,100001,9,LT,0,,,,,140133,2024-09-13 14:16:04.000,1,140133,2025-02-13 16:08:18.000,2024-07-23,1726211764kursi_kerja_uno.jpeg,1726211764kursi_kerja_uno_thumb.jpeg,/assets/uploads/assetsre/ap/,0,0,
8646,,03194-FUR-KK-CFS-PTRE-0724,Kursi Kerja,CFS,SAVELLO,,0,101005,0,0,,100001,9,LT,0,,,,,140133,2024-07-25 09:05:07.000,1,140133,2024-07-29 11:58:46.000,2024-07-25,,,,0,0,
8732,,03276-FUR-KK-CFS-PTRE-24,Kursi,CFS,BROTHER,,0,101028,0,0,,100001,9,LT,0,,,,,140133,2024-09-13 14:07:48.000,1,140133,2025-02-12 14:29:11.000,2024-07-26,1726211268Kursi_Pantry.jpeg,1726211268Kursi_Pantry_thumb.jpeg,/assets/uploads/assetsre/ap/,0,0,
8733,,03277-FUR-KK-CFS-PTRE-24,Kursi,CFS,BROTHER,,0,101028,0,0,,100001,9,LT,0,,,,,140133,2024-09-13 14:07:39.000,1,140133,2025-02-12 14:29:05.000,2024-07-26,1726211259Kursi_Pantry.jpeg,1726211259Kursi_Pantry_thumb.jpeg,/assets/uploads/assetsre/ap/,0,0,
8763,,03307-FUR-KK-CFS-PTRE-24,Kursi Kerja,CFS,SAVELLO,,0,101036,0,0,23-1131109,100001,9,LT,0,,,,,140133,2025-02-12 10:21:02.000,1,140133,2025-02-28 17:54:48.000,2024-07-26,1726193802Kursi_Savello_Jaring.jpeg,1726193802Kursi_Savello_Jaring_thumb.jpeg,/assets/uploads/assetsre/ap/,0,0,
8764,,03308-FUR-KK-CFS-PTRE-24,Kursi Kerja,CFS,SAVELLO,,0,101036,0,0,23-1131109,100001,10,LT,0,,,,,140133,2025-02-12 10:19:36.000,1,140133,2025-02-28 17:54:43.000,2024-07-26,1726193796Kursi_Savello_Jaring.jpeg,1726193796Kursi_Savello_Jaring_thumb.jpeg,/assets/uploads/assetsre/ap/,0,0,
8874,,03415-FUR-KK-CFS-PTRE-24,Kursi Coklat,CFS,SAVELLO,,0,101051,0,0,,100001,9,LT,0,,,,,140133,2025-02-12 09:17:14.000,1,140133,2025-02-12 14:35:04.000,2024-07-29,1726539618kursi_Coklat.jpeg,1726539618kursi_Coklat_thumb.jpeg,/assets/uploads/assetsre/ap/,0,0,
8875,,03416-FUR-KK-CFS-PTRE-24,Kursi Coklat,CFS,SAVELLO,,0,101051,0,0,,100001,9,LT,0,,,,,140133,2025-02-12 09:17:31.000,1,140133,2025-02-12 14:35:09.000,2024-07-29,1726539622kursi_Coklat.jpeg,1726539622kursi_Coklat_thumb.jpeg,/assets/uploads/assetsre/ap/,0,0,
8876,,03417-FUR-KK-CFS-PTRE-24,Kursi Coklat,CFS,SAVELLO,,0,101051,0,0,,100001,9,LT,0,,,,,140133,2025-02-12 09:17:44.000,1,140133,2025-02-12 14:35:18.000,2024-07-29,1726539614kursi_Coklat.jpeg,1726539614kursi_Coklat_thumb.jpeg,/assets/uploads/assetsre/ap/,0,0,
8877,,03418-FUR-KK-CFS-PTRE-24,Kursi Coklat,CFS,SAVELLO,,0,101051,0,0,,100001,9,LT,0,,,,,140133,2025-02-12 09:18:17.000,1,140133,2025-02-12 14:35:12.000,2024-07-29,1726539609kursi_Coklat.jpeg,1726539609kursi_Coklat_thumb.jpeg,/assets/uploads/assetsre/ap/,0,0,
9424,,03964-FUR-KK-CFS-PTRE-0824,Kursi Cafe Hitam,CFS,CLINTON,,0,104007,0,0,,100001,9,LT,0,,,,,140133,2024-08-02 09:39:24.000,1,140133,2024-08-02 10:51:22.000,2024-08-02,,,,0,0,
10623,,04621-FUR-KK-CFS-PTRE-25,Kursi Kerja,CFS,SAVELLO,kursi jaring,0,104011,0,0,,100001,9,LT,0,,,,,140133,2025-01-31 09:57:45.000,1,140133,2025-03-14 09:17:20.000,2025-01-22,1737544757Kursi_Savello_Jaring.jpeg,1737544757Kursi_Savello_Jaring_thumb.jpeg,/assets/uploads/assetsre/ap/,0,0,
10624,,04622-FUR-KK-CFS-PTRE-25,Kursi Kerja,CFS,SAVELLO,kursi jaring,0,104011,0,0,,100001,9,LT,0,,,,,140133,2025-01-31 09:57:37.000,1,140133,2025-03-14 09:16:45.000,2025-01-22,1737544794Kursi_Savello_Jaring.jpeg,1737544794Kursi_Savello_Jaring_thumb.jpeg,/assets/uploads/assetsre/ap/,0,0,
10625,,04623-FUR-KK-CFS-PTRE-0125,Kursi Coklat,CFS,SAVELLO,,0,104011,0,0,,100001,9,LT,0,,,,,140133,2025-01-22 18:23:23.000,1,140133,2025-01-22 18:31:11.000,2025-01-22,1737545003kursi_Coklat.jpeg,1737545003kursi_Coklat_thumb.jpeg,/assets/uploads/assetsre/ap/,0,0,
10627,,04625-FUR-KK-CFS-PTRE-25,Kursi Coklat,CFS,SAVELLO,,0,104011,0,0,,100001,9,LT,0,,,,,140133,2025-01-31 09:57:23.000,1,140133,2025-03-14 09:17:10.000,2025-01-22,1737545084kursi_Coklat.jpeg,1737545084kursi_Coklat_thumb.jpeg,/assets/uploads/assetsre/ap/,0,0,
10675,,04705-FUR-KK-CFS-PTRE-25,Kursi Tamu,CFS,SAVELLO,,0,105007,0,0,,100001,9,LT,0,,,,,140133,2025-02-14 14:03:20.000,1,140133,2025-03-14 08:12:41.000,2025-02-14,1739516522kursi_Coklat.jpeg,1739516522kursi_Coklat_thumb.jpeg,/assets/uploads/assetsre/ap/,0,0,
10697,,04729-FUR-KK-CFS-PTRE-25,Kursi Coklat,CFS,SAVELLO,,0,105014,0,0,,100001,9,LT,0,,,,,140133,2025-03-12 08:30:17.000,1,140133,2025-03-14 08:15:06.000,2025-03-12,1741743017kursi_Coklat.jpeg,1741743017kursi_Coklat_thumb.jpeg,/assets/uploads/assetsre/ap/,0,0,
10698,,04730-FUR-KK-CFS-PTRE-25,Kursi Coklat,CFS,SAVELLO,,0,105014,0,0,,100001,9,LT,0,,,,,140133,2025-03-12 08:31:00.000,1,140133,2025-03-14 08:15:10.000,2025-03-12,1741743060kursi_Coklat.jpeg,1741743060kursi_Coklat_thumb.jpeg,/assets/uploads/assetsre/ap/,0,0,
10699,,04731-FUR-KK-CFS-PTRE-25,Kursi Coklat,CFS,SAVELLO,,0,105014,0,0,,100001,9,LT,0,,,,,140133,2025-03-12 08:31:46.000,1,140133,2025-03-14 08:15:18.000,2025-03-12,1741743106kursi_Coklat.jpeg,1741743106kursi_Coklat_thumb.jpeg,/assets/uploads/assetsre/ap/,0,0,
10700,,04732-FUR-KK-CFS-PTRE-25,Kursi Coklat,CFS,SAVELLO,,0,105014,0,0,,100001,9,LT,0,,,,,140133,2025-03-12 08:32:39.000,1,140133,2025-03-14 08:15:15.000,2025-03-12,1741743159kursi_Coklat.jpeg,1741743159kursi_Coklat_thumb.jpeg,/assets/uploads/assetsre/ap/,0,0,
10710,,04741-FUR-KK-CFS-PTRE-25,Kursi Kerja Jaring,CFS,SAVELLO,,0,104011,0,0,,100001,9,LT,0,,,,,140133,2025-03-14 09:06:20.000,1,140133,2025-03-14 09:16:37.000,2025-03-14,1741917980Kursi_Savello_Jaring.jpeg,1741917980Kursi_Savello_Jaring_thumb.jpeg,/assets/uploads/assetsre/ap/,0,0,
10711,,04742-FUR-KK-CFS-PTRE-25,Kursi Kerja Jaring,CFS,SAVELLO,,0,104011,0,0,,100001,9,LT,0,,,,,140133,2025-03-14 09:06:54.000,1,140133,2025-03-14 09:16:33.000,2025-03-14,1741918014Kursi_Savello_Jaring.jpeg,1741918014Kursi_Savello_Jaring_thumb.jpeg,/assets/uploads/assetsre/ap/,0,0,
8606,,03157-GG-PRO-CFS-PTRE-13,Sofa Lux 1,CFS,ARCHIGRAMMA,Lux 1,0,101049,0,0,,100007,9,LT,0,,,,,140133,2025-02-07 14:55:26.000,1,140133,2025-02-13 16:16:23.000,2024-04-19,1713516650WhatsApp_Image_2024-04-19_at_14_28_34.jpeg,1713516650WhatsApp_Image_2024-04-19_at_14_28_34_thumb.jpeg,/assets/uploads/assetsre/ap/,1,0,
8607,,03158-GG-PRO-CFS-PTRE-13,Sofa Lux 1,CFS,ARCHIGRAMMA,Lux 1,0,101049,0,0,,100007,9,LT,0,,,,,140133,2025-02-07 14:54:51.000,1,140133,2025-02-13 16:16:23.000,2024-04-19,1713516718WhatsApp_Image_2024-04-19_at_14_28_34.jpeg,1713516718WhatsApp_Image_2024-04-19_at_14_28_34_thumb.jpeg,/assets/uploads/assetsre/ap/,1,0,
289,,00289-FUR-LC-CFS-PTRE-14,Laci Kerja,CFS,UNO,Warna Abu-abu,0,101034,0,0,,100003,1093,LT,0,0,,,,140133,2024-09-13 10:58:36.000,1,140133,2025-02-13 09:03:24.000,2018-03-15,1726199916Laci_Kerja.jpeg,1726199916Laci_Kerja_thumb.jpeg,/assets/uploads/assetsre/ap/,0,0,
290,,00290-FUR-LC-CFS-PTRE-14,Laci Kerja,CFS,UNO,Warna Cokelat,0,101034,0,0,,100003,1093,LT,0,0,,,,140133,2024-09-13 10:58:30.000,1,140133,2025-02-13 09:03:28.000,2018-03-15,1726199910Laci_Kerja.jpeg,1726199910Laci_Kerja_thumb.jpeg,/assets/uploads/assetsre/ap/,0,0,
291,,00291-FUR-LC-CFS-PTRE-14,Laci Kerja,CFS,UNO,Warna Cokelat,0,101034,0,0,,100003,1093,LT,0,0,,,,140133,2024-09-13 10:58:27.000,1,140133,2025-02-13 09:03:33.000,2018-03-15,1726199907Laci_Kerja.jpeg,1726199907Laci_Kerja_thumb.jpeg,/assets/uploads/assetsre/ap/,0,0,
292,,00292-ACC-LC-CFS-PTRE-14,Laci Kerja,CFS,UNO,Warna Cokelat,0,101034,0,0,,100003,1093,LT,0,0,,,,140133,2024-09-13 10:58:21.000,1,140133,2025-02-13 09:03:39.000,2018-03-15,1726199901Laci_Kerja.jpeg,1726199901Laci_Kerja_thumb.jpeg,/assets/uploads/assetsre/ap/,0,0,
561,,00561-FUR-LC-CFS-PTRE-14,Laci Kerja,CFS,UNO,WARNA CREAM,0,104008,0,0,,100003,80,LT,0,0,,,,130090,2020-10-22 15:07:29.000,1,140133,2024-07-31 14:44:10.000,2018-03-15,1603354049LACI_KERJA.jpg,1603354049LACI_KERJA_thumb.jpg,/assets/uploads/assetsre/ap/,0,0,
570,,00570-FUR-LC-CFS-PTRE-14,Laci Kerja,CFS,Modera,Warna Abu-abu,0,101039,0,0,,100003,9,LT,0,0,,,,140133,2024-09-13 10:57:11.000,1,140133,2025-02-14 15:25:07.000,2018-03-15,1726199831Laci_Kerja.jpeg,1726199831Laci_Kerja_thumb.jpeg,/assets/uploads/assetsre/ap/,0,0,
695,,00695-FUR-LC-CFS-PTRE-12,Laci Kerja,CFS,Modera,Warna Abu-abu,0,102004,0,0,,100003,,LT,0,0,,,,130090,2017-02-27 00:00:00.000,1,140133,2024-08-20 13:28:07.000,2018-03-15,,,,0,0,
696,,00696-FUR-LC-CFS-PTRE-12,Laci Kerja,CFS,UNO,Warna Cokelat,0,102004,0,0,,100003,,LT,0,0,,,,130090,2017-02-27 00:00:00.000,1,140133,2024-08-20 13:28:07.000,2018-03-15,,,,0,0,
886,,00886-FUR-LC-CFS-PTRE-16,Laci Kerja,CFS,MODERA,Warna Cream,0,102012,0,0,,100003,,LT,0,0,,,,130090,2017-02-27 00:00:00.000,1,140133,2024-08-08 13:46:02.000,2018-03-15,,,,0,0,
887,,00887-FUR-LC-CFS-PTRE-16,Laci Kerja,CFS,MODERA,Warna Cream,0,102012,0,0,,100003,,LT,0,0,,,,130090,2017-02-27 00:00:00.000,1,140133,2024-08-08 13:46:02.000,2018-03-15,,,,0,0,
888,,00888-FUR-LC-CFS-PTRE-16,Laci Kerja,CFS,MODERA,Warna Cream,0,102012,0,0,,100003,,LT,0,0,,,,130090,2017-02-27 00:00:00.000,1,140133,2024-08-08 13:46:02.000,2018-03-15,,,,0,0,
889,,00889-FUR-LC-CFS-PTRE-16,Laci Kerja,CFS,MODERA,Warna Cream,0,102012,0,0,,100003,,LT,0,0,,,,130090,2017-02-27 00:00:00.000,1,140133,2024-08-08 13:46:02.000,2018-03-15,,,,0,0,
890,,00890-FUR-LC-CFS-PTRE-16,Laci Kerja,CFS,MODERA,Warna Cream,0,102012,0,0,,100003,,LT,0,0,,,,130090,2017-02-27 00:00:00.000,1,140133,2024-08-08 13:46:02.000,2018-03-15,,,,0,0,
891,,00891-FUR-LC-CFS-PTRE-16,Laci Kerja,CFS,MODERA,Warna Cream,0,102012,0,0,,100003,,LT,0,0,,,,130090,2017-02-27 00:00:00.000,1,140133,2024-08-08 13:46:02.000,2018-03-15,,,,0,0,
892,,00892-FUR-LC-CFS-PTRE-16,Laci Kerja,CFS,MODERA,Warna Cream,0,102012,0,0,,100003,,LT,0,0,,,,130090,2017-02-27 00:00:00.000,1,140133,2024-08-08 13:46:02.000,2018-03-15,,,,0,0,
893,,00893-FUR-LC-CFS-PTRE-16,Laci Kerja,CFS,MODERA,Warna Cream,0,102012,0,0,,100003,,LT,0,0,,,,130090,2017-02-27 00:00:00.000,1,140133,2024-08-08 13:46:02.000,2018-03-15,,,,0,0,
894,,00894-FUR-LC-CFS-PTRE-16,Laci Kerja,CFS,MODERA,Warna Cream,0,102012,0,0,,100003,,LT,0,0,,,,130090,2017-02-27 00:00:00.000,1,140133,2024-08-08 13:46:02.000,2018-03-15,,,,0,0,
895,,00895-FUR-LC-CFS-PTRE-16,Laci Kerja,CFS,MODERA,Warna Cream,0,102012,0,0,,100003,,LT,0,0,,,,130090,2017-02-27 00:00:00.000,1,140133,2024-08-08 13:46:02.000,2018-03-15,,,,0,0,
896,,00896-FUR-LC-CFS-PTRE-16,Laci Kerja,CFS,MODERA,Warna Cream,0,102012,0,0,,100003,,LT,0,0,,,,130090,2017-02-27 00:00:00.000,1,140133,2024-08-08 13:46:02.000,2018-03-15,,,,0,0,
897,,00897-FUR-LC-CFS-PTRE-16,Laci Kerja,CFS,MODERA,Warna Cream,0,102012,0,0,,100003,,LT,0,0,,,,130090,2017-02-27 00:00:00.000,1,140133,2024-08-08 13:46:02.000,2018-03-15,,,,0,0,
898,,00898-FUR-LC-CFS-PTRE-16,Laci Kerja,CFS,MODERA,Warna Cream,0,102012,0,0,,100003,,LT,0,0,,,,130090,2017-02-27 00:00:00.000,1,140133,2024-08-08 13:46:02.000,2018-03-15,,,,0,0,
899,,00899-FUR-LC-CFS-PTRE-16,Laci Kerja,CFS,MODERA,Warna Cream,0,102012,0,0,,100003,,LT,0,0,,,,130090,2017-02-27 00:00:00.000,1,140133,2024-08-08 13:46:02.000,2018-03-15,,,,0,0,
900,,00900-FUR-LC-CFS-PTRE-16,Laci Kerja,CFS,MODERA,Warna Cream,0,102012,0,0,,100003,,LT,0,0,,,,130090,2017-02-27 00:00:00.000,1,140133,2024-08-08 13:46:02.000,2018-03-15,,,,0,0,
901,,00901-FUR-LC-CFS-PTRE-16,Laci Kerja,CFS,MODERA,Warna Cream,0,102012,0,0,,100003,,LT,0,0,,,,130090,2017-02-27 00:00:00.000,1,140133,2024-08-08 13:46:02.000,2018-03-15,,,,0,0,
902,,00902-FUR-LC-CFS-PTRE-16,Laci Kerja,CFS,MODERA,Warna Cream,0,102012,0,0,,100003,,LT,0,0,,,,130090,2017-02-27 00:00:00.000,1,140133,2024-08-08 13:46:02.000,2018-03-15,,,,0,0,
903,,00903-FUR-LC-CFS-PTRE-16,Laci Kerja,CFS,MODERA,Warna Cream,0,102012,0,0,,100003,,LT,0,0,,,,130090,2017-02-27 00:00:00.000,1,140133,2024-08-08 13:46:02.000,2018-03-15,,,,0,0,
904,,00904-FUR-LC-CFS-PTRE-16,Laci Kerja,CFS,MODERA,Warna Cream,0,102012,0,0,,100003,,LT,0,0,,,,130090,2017-02-27 00:00:00.000,1,140133,2024-08-08 13:46:02.000,2018-03-15,,,,0,0,
980,,00980-FUR-LC-CFS-PTRE-16,Laci Kerja,CFS,UNO,Warna Cream,0,102013,0,0,,100003,,LT,0,0,,,,130090,2017-02-27 00:00:00.000,1,140133,2024-08-08 13:44:31.000,2018-03-15,,,,0,0,
981,,00981-FUR-LC-CFS-PTRE-16,Laci Kerja,CFS,UNO,Warna Cream,0,102013,0,0,,100003,,LT,0,0,,,,130090,2017-02-27 00:00:00.000,1,140133,2024-08-08 13:44:31.000,2018-03-15,,,,0,0,
982,,00982-FUR-LC-CFS-PTRE-16,Laci Kerja,CFS,UNO,Warna Cream,0,102013,0,0,,100003,,LT,0,0,,,,130090,2017-02-27 00:00:00.000,1,140133,2024-08-08 13:44:31.000,2018-03-15,,,,0,0,
983,,00983-FUR-LC-CFS-PTRE-16,Laci Kerja,CFS,UNO,Warna Cream,0,102013,0,0,,100003,,LT,0,0,,,,130090,2017-02-27 00:00:00.000,1,140133,2024-08-08 13:44:31.000,2018-03-15,,,,0,0,
984,,00984-FUR-LC-CFS-PTRE-16,Laci Kerja,CFS,UNO,Warna Cream,0,102013,0,0,,100003,,LT,0,0,,,,130090,2017-02-27 00:00:00.000,1,140133,2024-08-08 13:44:31.000,2018-03-15,,,,0,0,
985,,00985-FUR-LC-CFS-PTRE-16,Laci Kerja,CFS,UNO,Warna Cream,0,102013,0,0,,100003,,LT,0,0,,,,130090,2017-02-27 00:00:00.000,1,140133,2024-08-08 13:44:31.000,2018-03-15,,,,0,0,
988,,00988-FUR-LC-CFS-PTRE-16,Laci Kerja,CFS,UNO,Warna Cream,0,102013,0,0,,100003,,LT,0,0,,,,130090,2017-02-27 00:00:00.000,1,140133,2024-08-08 13:44:31.000,2018-03-15,,,,0,0,
989,,00989-FUR-LC-CFS-PTRE-16,Laci Kerja,CFS,UNO,Warna Cream,0,102013,0,0,,100003,,LT,0,0,,,,130090,2017-02-27 00:00:00.000,1,140133,2024-08-08 13:43:44.000,2018-03-15,,,,0,0,
990,,00990-FUR-LC-CFS-PTRE-16,Laci Kerja,CFS,UNO,Warna Cream,0,102013,0,0,,100003,,LT,0,0,,,,130090,2017-02-27 00:00:00.000,1,140133,2024-08-08 13:43:44.000,2018-03-15,,,,0,0,
991,,00991-FUR-LC-CFS-PTRE-16,Laci Kerja,CFS,UNO,Warna Cream,0,102013,0,0,,100003,,LT,0,0,,,,130090,2017-02-27 00:00:00.000,1,140133,2024-08-08 13:43:44.000,2018-03-15,,,,0,0,
992,,00992-FUR-LC-CFS-PTRE-16,Laci Kerja,CFS,UNO,Warna Cream,0,102013,0,0,,100003,,LT,0,0,,,,130090,2017-02-27 00:00:00.000,1,140133,2024-08-08 13:43:44.000,2018-03-15,,,,0,0,
994,,00994-FUR-LC-CFS-PTRE-16,Laci Kerja,CFS,UNO,Warna Cream,0,102013,0,0,,100003,,LT,0,0,,,,130090,2017-02-27 00:00:00.000,1,140133,2024-08-08 13:43:44.000,2018-03-15,,,,0,0,
995,,00995-FUR-LC-CFS-PTRE-16,Laci Kerja,CFS,UNO,Warna Cream,0,102013,0,0,,100003,,LT,0,0,,,,130090,2017-02-27 00:00:00.000,1,140133,2024-08-08 13:43:44.000,2018-03-15,,,,0,0,
996,,00996-FUR-LC-CFS-PTRE-16,Laci Kerja,CFS,UNO,Warna Cream,0,102013,0,0,,100003,,LT,0,0,,,,130090,2017-02-27 00:00:00.000,1,140133,2024-08-08 13:43:44.000,2018-03-15,,,,0,0,
997,,00997-FUR-LC-CFS-PTRE-16,Laci Kerja,CFS,UNO,Warna Cream,0,102013,0,0,,100003,,LT,0,0,,,,130090,2017-02-27 00:00:00.000,1,140133,2024-08-08 13:43:44.000,2018-03-15,,,,0,0,
998,,00998-FUR-LC-CFS-PTRE-16,Laci Kerja,CFS,UNO,Warna Cream,0,102013,0,0,,100003,,LT,0,0,,,,130090,2017-02-27 00:00:00.000,1,140133,2024-08-08 13:43:44.000,2018-03-15,,,,0,0,
999,,00999-FUR-LC-CFS-PTRE-16,Laci Kerja,CFS,UNO,Warna Cream,0,102013,0,0,,100003,,LT,0,0,,,,130090,2017-02-27 00:00:00.000,1,140133,2024-08-08 13:43:44.000,2018-03-15,,,,0,0,
1000,,01000-FUR-LC-CFS-PTRE-16,Laci Kerja,CFS,UNO,Warna Cream,0,102013,0,0,,100003,,LT,0,0,,,,130090,2017-02-27 00:00:00.000,1,140133,2024-08-08 13:43:44.000,2018-03-15,,,,0,0,
1001,,01001-FUR-LC-CFS-PTRE-16,Laci Kerja,CFS,UNO,Warna Cream,0,102013,0,0,,100003,,LT,0,0,,,,130090,2017-02-27 00:00:00.000,1,140133,2024-08-08 13:43:44.000,2018-03-15,,,,0,0,
1002,,01002-FUR-LC-CFS-PTRE-16,Laci Kerja,CFS,UNO,Warna Cream,0,102013,0,0,,100003,,LT,0,0,,,,130090,2017-02-27 00:00:00.000,1,140133,2024-08-08 13:43:44.000,2018-03-15,,,,0,0,
1003,,01003-FUR-LC-CFS-PTRE-16,Laci Kerja,CFS,UNO,Warna Cream,0,102013,0,0,,100003,,LT,0,0,,,,130090,2017-02-27 00:00:00.000,1,140133,2024-08-08 13:43:44.000,2018-03-15,,,,0,0,
1004,,01004-FUR-LC-CFS-PTRE-16,Laci Kerja,CFS,UNO,Warna Cream,0,102013,0,0,,100003,,LT,0,0,,,,130090,2017-02-27 00:00:00.000,1,140133,2024-08-08 13:43:44.000,2018-03-15,,,,0,0,
1005,,01005-FUR-LC-CFS-PTRE-16,Laci Kerja,CFS,UNO,Warna Cream,0,102013,0,0,,100003,,LT,0,0,,,,130090,2017-02-27 00:00:00.000,1,140133,2024-08-08 13:43:44.000,2018-03-15,,,,0,0,
1006,,01006-FUR-LC-CFS-PTRE-16,Laci Kerja,CFS,UNO,Warna Cream,0,102013,0,0,,100003,,LT,0,0,,,,130090,2017-02-27 00:00:00.000,1,140133,2024-08-08 13:43:44.000,2018-03-15,,,,0,0,
1007,,01007-FUR-LC-CFS-PTRE-16,Laci Kerja,CFS,UNO,Warna Cream,0,102013,0,0,,100003,,LT,0,0,,,,130090,2017-02-27 00:00:00.000,1,140133,2024-08-08 13:43:44.000,2018-03-15,,,,0,0,
1009,,01009-FUR-LC-CFS-PTRE-16,Laci Kerja,CFS,UNO,Warna Cream,0,102013,0,0,,100003,,LT,0,0,,,,130090,2017-02-27 00:00:00.000,1,140133,2024-08-08 13:43:44.000,2018-03-15,,,,0,0,
1392,,01392-FUR-LK-CFS-PTRE-13,Laci Kerja,CFS,UNO,WARNA CREAM,0,103009,0,0,,100003,80,LT,0,0,,,,130090,2020-10-15 15:13:31.000,1,140133,2024-08-01 10:33:09.000,2018-03-15,1602749611laci-meja-kantor-uno-ump-2165-600x600.jpg,1602749611laci-meja-kantor-uno-ump-2165-600x600_thumb.jpg,/assets/uploads/assetsre/ap/,0,0,
1512,,01512-FUR-LC-CFS-PTRE-13,Laci Kerja,CFS,UNO,WARNA CREAM,0,103011,0,0,,100003,80,LT,0,0,,,,130090,2020-10-05 09:32:25.000,1,140133,2024-08-05 13:14:26.000,2018-03-15,1601865145laci-meja-kantor-uno-ump-2165-600x600.jpg,1601865145laci-meja-kantor-uno-ump-2165-600x600_thumb.jpg,/assets/uploads/assetsre/ap/,0,0,
1544,,01544-FUR-LK-CFS-PTRE-13,Laci Kerja,CFS,UNO,WARNA CREAM,0,104004,0,0,,100003,80,LT,0,0,,,,130090,2020-10-15 15:09:39.000,1,140133,2024-08-23 14:05:37.000,2018-03-15,1602749379laci-meja-kantor-uno-ump-2165-600x600.jpg,1602749379laci-meja-kantor-uno-ump-2165-600x600_thumb.jpg,/assets/uploads/assetsre/ap/,0,0,
1814,,01814-FUR-LC-CFS-PTRE-12,Laci Kerja,CFS,MODERA,Warna Abu-abu,0,105006,0,0,,100003,,LT,0,0,,,,130090,2018-03-15 16:23:06.777,1,140133,2024-08-02 08:54:04.000,2018-03-15,,,,0,0,
185,,00185-FUR-LM-CFS-PTRE-14,Lemari Document,CFS,MODERA,Lemari Coklat Tua Setengah,0,,0,0,,100004,,LT,0,0,,,,130090,2017-02-27 00:00:00.000,1,140133,2024-08-20 13:28:07.000,2018-03-15,,,,0,0,
192,,00192-FUR-LM-CFS-PTRE-14,Lemari Document,CFS,MODERA,Warna Coklat ,0,101029,0,0,,100004,1093,LT,0,0,,,,140133,2024-09-17 15:02:35.000,1,140133,2025-02-13 16:08:45.000,2018-03-15,1726560155LEMARI_DOCUMEN.jpeg,1726560155LEMARI_DOCUMEN_thumb.jpeg,/assets/uploads/assetsre/ap/,0,0,
694,,00694-FUR-LM-CFS-PTRE-12,Lemari Document,CFS,UNO,,0,102004,0,0,,100004,,LT,0,0,,,,130090,2017-02-27 00:00:00.000,1,140133,2024-08-20 13:28:07.000,2018-03-15,,,,0,0,
1059,,01059-FUR-MK-CFS-PTRE-14,LEMARI,CFS,UNO,LEMARI KACA,0,101029,0,0,,100004,80,LT,0,1,194821,201019092506,2020-10-19,130090,2020-10-20 15:29:17.000,1,140133,2025-02-13 16:08:45.000,2018-03-15,1603182557lemari-arsip-uno-ust-1580-c-grey.png,1603182557lemari-arsip-uno-ust-1580-c-grey_thumb.png,/assets/uploads/assetsre/ap/,0,0,
1808,,01808-FUR-LK-CFS-PTRE-13,Lemari Kerja,CFS,UNO,LEMARI,0,105006,0,0,,100004,9,LT,0,0,,,,130090,2023-06-14 09:43:12.000,1,140133,2024-08-02 08:54:04.000,2018-03-15,1601622902Screenshot_20201002-111345_Google.jpg,1601622902Screenshot_20201002-111345_Google_thumb.jpg,/assets/uploads/assetsre/ap/,0,0,
1813,,01813-FUR-LM-CFS-PTRE-14,Lemari Document,CFS,MODERA,,0,105006,0,0,,100004,,LT,0,0,,,,130090,2018-03-15 16:23:06.777,1,140133,2024-08-02 08:54:04.000,2018-03-15,,,,0,0,
1944,,01944-ACC-LM-CFS-PTRE-13,Lemari Kerja,CFS,MODERA, Coklat,0,101015,0,0,,100004,9,LT,0,0,,,,130090,2023-06-14 09:20:11.000,1,140133,2025-02-12 11:07:37.000,2018-03-15,1601624707Screenshot_20201002-111345_Google.jpg,1601624707Screenshot_20201002-111345_Google_thumb.jpg,/assets/uploads/assetsre/ap/,0,0,
4005,,02595-FUR-LM-CFS-PTRE-11,Lemari,CFS,Rakitan,Coklat Jati dengan 16 Rak,0,103012,0,0,,100004,,LT,0,0,,,,302716,2017-02-09 00:00:00.000,1,053573,2018-04-14 12:14:35.000,2017-02-01,,,,0,0,
4006,,02596-FUR-LM-CFS-PTRE-11,Lemari,CFS,Rakitan,Coklat Jati dengan 11 Rak,0,103013,0,0,,100004,,LT,0,0,,,,302716,2017-02-09 00:00:00.000,1,053573,2018-04-14 12:14:47.000,2017-02-09,,,,0,0,
8730,,03274-FUR-LM-CFS-PTRE-24,LEMARI,CFS,UNO,,0,101028,0,0,,100004,9,LT,0,,,,,140133,2024-08-02 14:11:19.000,1,140133,2025-03-05 15:27:32.000,2024-07-26,,,,0,0,
9305,,03838-FUR-LM-CFS-PTRE-24,LEMARI,CFS,CUSTOM,,0,103002,0,0,,100004,9,LT,0,,,,,140133,2024-08-05 11:32:35.000,1,140133,2025-02-14 09:02:14.000,2024-08-01,,,,0,0,
68,,00068-FUR-MK-CFS-PTRE-14,Meja Kerja,CFS,MODERA,Warna Abu-abu,0,101010,0,0,,100002,,LT,0,0,,,,130090,2017-02-27 00:00:00.000,1,140133,2024-07-25 10:31:44.000,2018-03-15,,,,0,0,
69,,00069-FUR-MK-CFS-PTRE-14,Meja Kerja,CFS,MODERA,Warna Abu-abu,0,101010,0,0,,100002,,LT,0,0,,,,130090,2017-02-27 00:00:00.000,1,140133,2024-07-25 10:31:39.000,2018-03-15,,,,0,0,
72,,00072-FUR-MK-CFS-PTRE-14,Meja Kerja,CFS,MODERA,Warna Abu-abu,0,101010,0,0,,100002,,LT,0,0,,,,130090,2017-02-27 00:00:00.000,1,140133,2024-07-25 10:31:34.000,2018-03-15,,,,0,0,
219,,00219-FUR-KK-CFS-PTRE-14,Meja Kerja,CFS,UNO,Meja Ukuran 120 x 60 warna cream + Partisi,0,101044,0,0,,100002,80,LT,0,0,,,,130090,2024-04-26 09:28:55.000,1,140133,2024-08-02 15:08:33.000,2018-03-15,17140985355.JPG,17140985355_thumb.JPG,/assets/uploads/assetsre/ap/,0,0,
344,,00344-FUR-MK-CFS-PTRE-12,Meja Kerja,CFS,UNO,Warna Cokelat,0,101036,0,0,23-1131109,100002,80,LT,0,0,,,,140133,2024-09-20 10:03:46.000,1,130090,2025-10-31 20:02:30.000,2018-03-15,1726801426MEJA_KERJA_DEPT.jpeg,1726801426MEJA_KERJA_DEPT_thumb.jpeg,/assets/uploads/assetsre/ap/,0,0,
439,,00439-FUR-MK-CFS-PTRE-13,Meja Kerja,CFS,UNO,Warna Cokelat,0,101037,0,0,,100002,,LT,0,0,,,,130090,2017-02-27 00:00:00.000,1,140133,2024-07-30 15:28:21.000,2018-03-15,,,,0,0,
753,,00753-FUR-MK-CFS-PTRE-16,Meja Kerja ,CFS,UNO,Warna Cream,0,102012,0,0,,100002,,LT,0,0,,,,130090,2017-02-27 00:00:00.000,1,140133,2024-08-08 13:46:02.000,2018-03-15,,,,0,0,
754,,00754-FUR-MK-CFS-PTRE-16,Meja Kerja ,CFS,UNO,Warna Cream,0,102012,0,0,,100002,,LT,0,0,,,,130090,2017-02-27 00:00:00.000,1,140133,2024-08-08 13:46:02.000,2018-03-15,,,,0,0,
755,,00755-FUR-MK-CFS-PTRE-16,Meja Kerja ,CFS,UNO,Warna Cream,0,102012,0,0,,100002,,LT,0,0,,,,130090,2017-02-27 00:00:00.000,1,140133,2024-08-08 13:46:02.000,2018-03-15,,,,0,0,
756,,00756-FUR-MK-CFS-PTRE-16,Meja Kerja ,CFS,UNO,Warna Cream,0,102012,0,0,,100002,,LT,0,0,,,,130090,2017-02-27 00:00:00.000,1,140133,2024-08-08 13:46:02.000,2018-03-15,,,,0,0,
757,,00757-FUR-MK-CFS-PTRE-16,Meja Kerja ,CFS,UNO,Warna Cream,0,102012,0,0,,100002,,LT,0,0,,,,130090,2017-02-27 00:00:00.000,1,140133,2024-08-08 13:46:02.000,2018-03-15,,,,0,0,
758,,00758-FUR-MK-CFS-PTRE-16,Meja Kerja ,CFS,UNO,Warna Cream,0,102012,0,0,,100002,,LT,0,0,,,,130090,2017-02-27 00:00:00.000,1,140133,2024-08-08 13:46:02.000,2018-03-15,,,,0,0,
759,,00759-FUR-MK-CFS-PTRE-16,Meja Kerja ,CFS,UNO,Warna Cream,0,102012,0,0,,100002,,LT,0,0,,,,130090,2017-02-27 00:00:00.000,1,140133,2024-08-08 13:46:02.000,2018-03-15,,,,0,0,
760,,00760-FUR-MK-CFS-PTRE-16,Meja Kerja ,CFS,UNO,Warna Cream,0,102012,0,0,,100002,,LT,0,0,,,,130090,2017-02-27 00:00:00.000,1,140133,2024-08-08 13:46:02.000,2018-03-15,,,,0,0,
761,,00761-FUR-MK-CFS-PTRE-16,Meja Kerja ,CFS,UNO,Warna Cream,0,102012,0,0,,100002,,LT,0,0,,,,130090,2017-02-27 00:00:00.000,1,140133,2024-08-08 13:46:02.000,2018-03-15,,,,0,0,
762,,00762-FUR-MK-CFS-PTRE-16,Meja Kerja ,CFS,UNO,Warna Cream,0,102012,0,0,,100002,,LT,0,0,,,,130090,2017-02-27 00:00:00.000,1,140133,2024-08-08 13:46:02.000,2018-03-15,,,,0,0,
763,,00763-FUR-MK-CFS-PTRE-16,Meja Kerja ,CFS,UNO,Warna Cream,0,102012,0,0,,100002,,LT,0,0,,,,130090,2017-02-27 00:00:00.000,1,140133,2024-08-08 13:46:02.000,2018-03-15,,,,0,0,
764,,00764-FUR-MK-CFS-PTRE-16,Meja Kerja ,CFS,UNO,Warna Cream,0,102012,0,0,,100002,,LT,0,0,,,,130090,2017-02-27 00:00:00.000,1,140133,2024-08-08 13:46:02.000,2018-03-15,,,,0,0,
765,,00765-FUR-MK-CFS-PTRE-16,Meja Kerja ,CFS,UNO,Warna Cream,0,102012,0,0,,100002,,LT,0,0,,,,130090,2017-02-27 00:00:00.000,1,140133,2024-08-08 13:46:02.000,2018-03-15,,,,0,0,
766,,00766-FUR-MK-CFS-PTRE-16,Meja Kerja ,CFS,UNO,Warna Cream,0,102012,0,0,,100002,,LT,0,0,,,,130090,2017-02-27 00:00:00.000,1,140133,2024-08-08 13:46:02.000,2018-03-15,,,,0,0,
767,,00767-FUR-MK-CFS-PTRE-16,Meja Kerja ,CFS,UNO,Warna Cream,0,102012,0,0,,100002,,LT,0,0,,,,130090,2017-02-27 00:00:00.000,1,140133,2024-08-08 13:46:02.000,2018-03-15,,,,0,0,
768,,00768-FUR-MK-CFS-PTRE-16,Meja Kerja ,CFS,UNO,Warna Cream,0,102012,0,0,,100002,,LT,0,0,,,,130090,2017-02-27 00:00:00.000,1,140133,2024-08-08 13:46:02.000,2018-03-15,,,,0,0,
769,,00769-FUR-MK-CFS-PTRE-16,Meja Kerja ,CFS,UNO,Warna Cream,0,102012,0,0,,100002,,LT,0,0,,,,130090,2017-02-27 00:00:00.000,1,140133,2024-08-08 13:46:02.000,2018-03-15,,,,0,0,
770,,00770-FUR-MK-CFS-PTRE-16,Meja Kerja ,CFS,UNO,Warna Cream,0,102012,0,0,,100002,,LT,0,0,,,,130090,2017-02-27 00:00:00.000,1,140133,2024-08-08 13:46:02.000,2018-03-15,,,,0,0,
771,,00771-FUR-MK-CFS-PTRE-16,Meja Kerja ,CFS,UNO,Warna Cream,0,102012,0,0,,100002,,LT,0,0,,,,130090,2017-02-27 00:00:00.000,1,140133,2024-08-08 13:46:02.000,2018-03-15,,,,0,0,
772,,00772-FUR-MK-CFS-PTRE-16,Meja Kerja ,CFS,UNO,Warna Cream,0,102012,0,0,,100002,,LT,0,0,,,,130090,2017-02-27 00:00:00.000,1,140133,2024-08-08 13:46:02.000,2018-03-15,,,,0,0,
773,,00773-FUR-MK-CFS-PTRE-16,Meja Kerja ,CFS,UNO,Warna Cream,0,102012,0,0,,100002,,LT,0,0,,,,130090,2017-02-27 00:00:00.000,1,140133,2024-08-08 13:46:02.000,2018-03-15,,,,0,0,
774,,00774-FUR-MK-CFS-PTRE-16,Meja Kerja ,CFS,UNO,Warna Cream,0,102012,0,0,,100002,,LT,0,0,,,,130090,2017-02-27 00:00:00.000,1,140133,2024-08-08 13:46:02.000,2018-03-15,,,,0,0,
775,,00775-FUR-MK-CFS-PTRE-16,Meja Kerja ,CFS,UNO,Warna Cream,0,102012,0,0,,100002,,LT,0,0,,,,130090,2017-02-27 00:00:00.000,1,140133,2024-08-08 13:46:02.000,2018-03-15,,,,0,0,
776,,00776-FUR-MK-CFS-PTRE-16,Meja Kerja ,CFS,UNO,Warna Cream,0,102012,0,0,,100002,,LT,0,0,,,,130090,2017-02-27 00:00:00.000,1,140133,2024-08-08 13:46:02.000,2018-03-15,,,,0,0,
777,,00777-FUR-MK-CFS-PTRE-16,Meja Kerja ,CFS,UNO,Warna Cream,0,102012,0,0,,100002,,LT,0,0,,,,130090,2017-02-27 00:00:00.000,1,140133,2024-08-08 13:46:02.000,2018-03-15,,,,0,0,
778,,00778-FUR-MK-CFS-PTRE-16,Meja Kerja ,CFS,UNO,Warna Cream,0,102012,0,0,,100002,,LT,0,0,,,,130090,2017-02-27 00:00:00.000,1,140133,2024-08-08 13:46:02.000,2018-03-15,,,,0,0,
779,,00779-FUR-MK-CFS-PTRE-16,Meja Kerja ,CFS,UNO,Warna Cream,0,102012,0,0,,100002,,LT,0,0,,,,130090,2017-02-27 00:00:00.000,1,140133,2024-08-08 13:46:02.000,2018-03-15,,,,0,0,
780,,00780-FUR-MK-CFS-PTRE-16,Meja Kerja ,CFS,UNO,Warna Cream,0,102012,0,0,,100002,,LT,0,0,,,,130090,2017-02-27 00:00:00.000,1,140133,2024-08-08 13:46:02.000,2018-03-15,,,,0,0,
781,,00781-FUR-MK-CFS-PTRE-16,Meja Kerja ,CFS,UNO,Warna Cream,0,102012,0,0,,100002,,LT,0,0,,,,130090,2017-02-27 00:00:00.000,1,140133,2024-08-08 13:46:02.000,2018-03-15,,,,0,0,
782,,00782-FUR-MK-CFS-PTRE-16,Meja Kerja ,CFS,UNO,Warna Cream,0,102012,0,0,,100002,,LT,0,0,,,,130090,2017-02-27 00:00:00.000,1,140133,2024-08-08 13:46:02.000,2018-03-15,,,,0,0,
783,,00783-FUR-MK-CFS-PTRE-16,Meja Kerja ,CFS,UNO,Warna Cream,0,102012,0,0,,100002,,LT,0,0,,,,130090,2017-02-27 00:00:00.000,1,140133,2024-08-08 13:46:02.000,2018-03-15,,,,0,0,
784,,00784-FUR-MK-CFS-PTRE-16,Meja Kerja ,CFS,UNO,Warna Cream,0,102012,0,0,,100002,,LT,0,0,,,,130090,2017-02-27 00:00:00.000,1,140133,2024-08-08 13:46:02.000,2018-03-15,,,,0,0,
785,,00785-FUR-MK-CFS-PTRE-16,Meja Kerja ,CFS,UNO,Warna Cream,0,102012,0,0,,100002,,LT,0,0,,,,130090,2017-02-27 00:00:00.000,1,140133,2024-08-08 13:46:02.000,2018-03-15,,,,0,0,
786,,00786-FUR-MK-CFS-PTRE-16,Meja Kerja ,CFS,UNO,Warna Cream,0,102012,0,0,,100002,,LT,0,0,,,,130090,2017-02-27 00:00:00.000,1,140133,2024-08-08 13:46:02.000,2018-03-15,,,,0,0,
793,,00793-FUR-MK-CFS-PTRE-16,Meja Kerja ,CFS,UNO,Warna Cream,0,102012,0,0,,100002,,LT,0,0,,,,130090,2017-02-27 00:00:00.000,1,140133,2024-08-08 13:46:02.000,2018-03-15,,,,0,0,
794,,00794-FUR-MK-CFS-PTRE-16,Meja Kerja ,CFS,UNO,Warna Cream,0,102012,0,0,,100002,,LT,0,0,,,,130090,2017-02-27 00:00:00.000,1,140133,2024-08-08 13:46:02.000,2018-03-15,,,,0,0,
798,,00798-FUR-MK-CFS-PTRE-13,Meja Kerja,CFS,UNO,WARNA CREAM HPL PANJANG 120 CM X 60 CM,0,105014,0,0,,100002,1093,LT,0,1,033031,201019105515,2020-10-19,130090,2024-03-09 08:59:15.000,1,140133,2024-08-23 14:16:30.000,2018-03-15,1709949555WhatsApp_Image_2024-03-09_at_08_36_09.jpeg,1709949555WhatsApp_Image_2024-03-09_at_08_36_09_thumb.jpeg,/assets/uploads/assetsre/ap/,0,0,
799,,00799-FUR-MK-CFS-PTRE-16,Meja Kerja,CFS,UNO,WARNA CREAM HPL PANJANG 120 CM X 60 CM,0,105014,0,0,,100002,1093,LT,0,1,308418,201019105612,2020-10-19,130090,2024-03-09 08:58:36.000,1,140133,2024-08-23 14:16:30.000,2018-03-15,1709949516WhatsApp_Image_2024-03-09_at_08_36_09.jpeg,1709949516WhatsApp_Image_2024-03-09_at_08_36_09_thumb.jpeg,/assets/uploads/assetsre/ap/,0,0,
801,,00801-FUR-MK-CFS-PTRE-13,Meja Kerja,CFS,UNO,WARNA CREAM HPL PANJANG 120 CM X 60 CM,0,105014,0,0,,100002,1093,LT,0,1,120037,201019105730,2020-10-19,130090,2024-03-09 08:57:53.000,1,140133,2024-08-23 14:16:30.000,2018-03-15,1709949472WhatsApp_Image_2024-03-09_at_08_36_09.jpeg,1709949472WhatsApp_Image_2024-03-09_at_08_36_09_thumb.jpeg,/assets/uploads/assetsre/ap/,0,0,
824,,00824-FUR-MK-CFS-PTRE-13,Meja Kerja,CFS,UNO,Meja Kerja Cream,0,102012,0,0,,100002,9,LT,0,0,,,,130090,2023-06-14 10:07:25.000,1,140133,2024-08-08 13:46:02.000,2018-03-15,1601610124meja_cream.jpg,1601610124meja_cream_thumb.jpg,/assets/uploads/assetsre/ap/,0,0,
829,,00829-FUR-MK-CFS-PTRE-13,Meja Kerja,CFS,UNO,WARNA CREAM,0,104008,0,0,,100002,80,LT,0,1,306217,201019020851,2020-10-19,130090,2020-10-15 10:02:15.000,1,140133,2024-07-31 14:44:10.000,2018-03-15,1602730935meja_cream.jpg,1602730935meja_cream_thumb.jpg,/assets/uploads/assetsre/ap/,0,0,
837,,00837-FUR-MK-CFS-PTRE-13,Meja Kerja,CFS,UNO,WARNA CREAM,0,102012,0,0,,100002,80,LT,0,0,,,,130090,2020-10-15 09:01:56.000,1,140133,2024-08-08 13:46:02.000,2018-03-15,1602727316meja_cream.jpg,1602727316meja_cream_thumb.jpg,/assets/uploads/assetsre/ap/,0,0,
860,,00860-FUR-MK-CFS-PTRE-13,Meja Cream,CFS,UNO,Warna Cream,0,102012,0,0,,100002,9,LT,0,0,,,,130090,2020-10-14 09:11:08.000,1,140133,2024-08-08 13:46:02.000,2018-03-15,1602641468images_(4).jpg,1602641468images_(4)_thumb.jpg,/assets/uploads/assetsre/ap/,0,0,
868,,00868-FUR-MK-CFS-PTRE-13,MEJA KERJA,CFS,UNO,Warna Cream,0,102012,0,0,,100002,80,LT,0,0,,,,130090,2020-10-19 16:06:28.000,1,140133,2024-08-08 13:46:02.000,2018-03-15,1603098388MEJA_KERJA_PARTISI.jpg,1603098388MEJA_KERJA_PARTISI_thumb.jpg,/assets/uploads/assetsre/ap/,0,0,
870,,00870-FUR-MK-CFS-PTRE-13,MEJA KERJA,CFS,UNO,Warna Cream,0,102012,0,0,,100002,80,LT,0,0,,,,130090,2020-10-19 16:08:31.000,1,140133,2024-08-08 13:46:02.000,2018-03-15,1603098511MEJA_KERJA_PARTISI.jpg,1603098511MEJA_KERJA_PARTISI_thumb.jpg,/assets/uploads/assetsre/ap/,0,0,
871,,00871-FUR-MK-CFS-PTRE-13,MEJA KERJA,CFS,UNO,Warna Cream,0,102012,0,0,,100002,80,LT,0,0,,,,130090,2020-10-19 16:09:17.000,1,140133,2024-08-08 13:46:02.000,2018-03-15,1603098557MEJA_KERJA_PARTISI.jpg,1603098557MEJA_KERJA_PARTISI_thumb.jpg,/assets/uploads/assetsre/ap/,0,0,
874,,00874-FUR-MK-CFS-PTRE-13,MEJA KERJA,CFS,UNO,Warna Cream,0,102012,0,0,,100002,80,LT,0,0,,,,130090,2020-10-19 16:12:56.000,1,140133,2024-08-08 13:46:02.000,2018-03-15,1603098776MEJA_KERJA_PARTISI.jpg,1603098776MEJA_KERJA_PARTISI_thumb.jpg,/assets/uploads/assetsre/ap/,0,0,
875,,00875-FUR-MK-CFS-PTRE-13,MEJA KERJA,CFS,UNO,Warna Cream,0,102012,0,0,,100002,80,LT,0,0,,,,130090,2020-10-19 16:13:51.000,1,140133,2024-08-08 13:46:02.000,2018-03-15,1603098831MEJA_KERJA_PARTISI.jpg,1603098831MEJA_KERJA_PARTISI_thumb.jpg,/assets/uploads/assetsre/ap/,0,0,
883,,00883-FUR-MK-CFS-PTRE-13,MEJA KERJA,CFS,UNO,Warna Cream,0,102012,0,0,,100002,80,LT,0,0,,,,130090,2020-10-19 16:23:14.000,1,140133,2024-08-08 13:46:02.000,2018-03-15,1603099394MEJA_KERJA_PARTISI.jpg,1603099394MEJA_KERJA_PARTISI_thumb.jpg,/assets/uploads/assetsre/ap/,0,0,
919,,00919-FUR-MK-CFS-PTRE-16,Meja Kerja ,CFS,UNO,Warna Cokelat,0,102013,0,0,,100002,,LT,0,0,,,,130090,2017-02-27 00:00:00.000,1,140133,2024-08-08 13:44:31.000,2018-03-15,,,,0,0,
921,,00921-FUR-MK-CFS-PTRE-16,Meja Kerja ,CFS,UNO,Warna Cokelat,0,102013,0,0,,100002,,LT,0,0,,,,130090,2017-02-27 00:00:00.000,1,140133,2024-08-08 13:44:31.000,2018-03-15,,,,0,0,
925,,00925-FUR-MK-CFS-PTRE-16,Meja Kerja ,CFS,UNO,Warna Cokelat,0,102013,0,0,,100002,,LT,0,0,,,,130090,2017-02-27 00:00:00.000,1,140133,2024-08-08 13:44:31.000,2018-03-15,,,,0,0,
930,,00930-FUR-MK-CFS-PTRE-16,Meja Kerja ,CFS,UNO,Warna Cokelat,0,102013,0,0,,100002,,LT,0,0,,,,130090,2017-02-27 00:00:00.000,1,140133,2024-08-08 13:44:31.000,2018-03-15,,,,0,0,
933,,00933-FUR-MK-CFS-PTRE-16,Meja Kerja ,CFS,UNO,Warna Cokelat,0,102013,0,0,,100002,,LT,0,0,,,,130090,2017-02-27 00:00:00.000,1,140133,2024-08-08 13:44:31.000,2018-03-15,,,,0,0,
937,,00937-FUR-MK-CFS-PTRE-16,Meja Kerja ,CFS,UNO,Warna Cokelat,0,102013,0,0,,100002,,LT,0,0,,,,130090,2017-02-27 00:00:00.000,1,140133,2024-08-08 13:44:31.000,2018-03-15,,,,0,0,
938,,00938-FUR-MK-CFS-PTRE-16,Meja Kerja ,CFS,UNO,Warna Cokelat,0,102013,0,0,,100002,,LT,0,0,,,,130090,2017-02-27 00:00:00.000,1,140133,2024-08-08 13:44:31.000,2018-03-15,,,,0,0,
941,,00941-FUR-MK-CFS-PTRE-16,Meja Kerja ,CFS,UNO,Warna Cokelat,0,102013,0,0,,100002,,LT,0,0,,,,130090,2017-02-27 00:00:00.000,1,140133,2024-08-08 13:44:31.000,2018-03-15,,,,0,0,
942,,00942-FUR-MK-CFS-PTRE-16,Meja Kerja ,CFS,UNO,Warna Cokelat,0,102013,0,0,,100002,,LT,0,0,,,,130090,2017-02-27 00:00:00.000,1,140133,2024-08-08 13:44:31.000,2018-03-15,,,,0,0,
943,,00943-FUR-MK-CFS-PTRE-16,Meja Kerja ,CFS,UNO,Warna Cokelat,0,102013,0,0,,100002,,LT,0,0,,,,130090,2017-02-27 00:00:00.000,1,140133,2024-08-08 13:44:31.000,2018-03-15,,,,0,0,
944,,00944-FUR-MK-CFS-PTRE-16,Meja Kerja ,CFS,UNO,Warna Cokelat,0,102013,0,0,,100002,,LT,0,0,,,,130090,2017-02-27 00:00:00.000,1,140133,2024-08-08 13:44:31.000,2018-03-15,,,,0,0,
945,,00945-FUR-MK-CFS-PTRE-16,Meja Kerja ,CFS,UNO,Warna Cokelat,0,102013,0,0,,100002,,LT,0,0,,,,130090,2017-02-27 00:00:00.000,1,140133,2024-08-08 13:44:31.000,2018-03-15,,,,0,0,
946,,00946-FUR-MK-CFS-PTRE-16,Meja Kerja ,CFS,UNO,Warna Cokelat,0,102013,0,0,,100002,,LT,0,0,,,,130090,2017-02-27 00:00:00.000,1,140133,2024-08-08 13:44:31.000,2018-03-15,,,,0,0,
947,,00947-FUR-MK-CFS-PTRE-16,Meja Kerja ,CFS,UNO,Warna Cokelat,0,102013,0,0,,100002,,LT,0,0,,,,130090,2017-02-27 00:00:00.000,1,140133,2024-08-08 13:44:31.000,2018-03-15,,,,0,0,
1170,,01170-FUR-MK-CFS-PTRE-12,Meja Kerja,CFS,UNO,Warna Cokelat,0,103011,0,0,,100002,80,LT,0,0,,,,130090,2020-10-05 09:25:00.000,1,140133,2024-08-05 13:14:26.000,2018-03-15,1601864700meja_coklat.jpg,1601864700meja_coklat_thumb.jpg,/assets/uploads/assetsre/ap/,0,0,
1269,,03961-FUR-MK -CFS-PTRE-14,Meja Lipat Putih,CFS,FULTURA,WARNA PUTIH,0,104011,0,0,23-1131109,100002,9,LT,0,0,,,,140133,2025-03-14 08:34:28.000,1,140133,2025-03-14 08:55:18.000,2018-03-15,1739516706MEJA_LIPAT.jpeg,1739516706MEJA_LIPAT_thumb.jpeg,/assets/uploads/assetsre/ap/,0,0,
1326,,01326-FUR-MK-CFS-PTRE-12,Meja Tamu Rotan,CFS,NOBRAND,Bundar,0,103002,0,0,,100002,9,LT,0,0,,,,140133,2025-02-14 09:01:06.000,1,140133,2025-02-14 09:03:42.000,2018-03-15,,,,0,0,
1461,,01461-FUR-MK-CFS-PTRE-14,Meja Kerja ,CFS,UNO,Warna Cokelat,0,103011,0,0,,100002,,LT,0,0,,,,130090,2018-03-15 16:23:06.777,1,140133,2024-08-05 13:14:26.000,2018-03-15,,,,0,0,
6577,,02610-FUR-MK-CFS-PTRE-13,MEJA LIPAT,CFS,UNO,Meja Plastik Lipat,0,105007,0,0,,100002,80,LT,0,1,316618,201019105652,2020-10-19,130090,2024-03-09 11:15:45.000,1,140133,2024-08-02 09:19:33.000,2020-10-15,1709957745WhatsApp_Image_2024-03-09_at_10_10_44.jpeg,1709957745WhatsApp_Image_2024-03-09_at_10_10_44_thumb.jpeg,/assets/uploads/assetsre/ap/,0,0,
8597,,03148-FUR-MK -CFS-PTRE-14,Meja Lipat Putih,CFS,FULTURA,Meja Lipat kaki besi ukuran 200 cm x 60 cm,0,105014,0,0,,100002,1093,LT,0,,,,,130090,2024-04-18 11:53:54.000,1,140133,2024-08-23 14:15:45.000,2024-04-18,1713416034WhatsApp_Image_2024-04-18_at_11_46_42.jpeg,1713416034WhatsApp_Image_2024-04-18_at_11_46_42_thumb.jpeg,/assets/uploads/assetsre/ap/,0,0,
8748,,03292-FUR-MK -CFS-PTRE-24,Meja Kerja,CFS,UNO,,0,101036,0,0,,100002,9,LT,0,,,,,140133,2024-09-20 09:50:22.000,1,140133,2025-03-10 10:25:12.000,2024-07-26,1726800622MEJA_KERJA.jpeg,1726800622MEJA_KERJA_thumb.jpeg,/assets/uploads/assetsre/ap/,0,0,
8749,,03293-FUR-MK -CFS-PTRE-24,Meja Kerja,CFS,UNO,,0,101036,0,0,,100002,9,LT,0,,,,,140133,2024-09-20 09:50:42.000,1,140133,2025-03-10 10:25:09.000,2024-07-26,1726800642MEJA_KERJA.jpeg,1726800642MEJA_KERJA_thumb.jpeg,/assets/uploads/assetsre/ap/,0,0,
8868,,02339-FUR-MK -ICT-PTRE-0724,Meja Kerja,CFS,UNO,,0,101051,0,0,,100002,9,LT,0,,,,,140133,2024-09-20 09:49:56.000,1,140133,2025-02-12 14:35:36.000,2024-07-29,1726800596MEJA_KERJA.jpeg,1726800596MEJA_KERJA_thumb.jpeg,/assets/uploads/assetsre/ap/,0,0,
9107,,03643-FUR-MK -CFS-PTRE-0724,Meja Kerja,CFS,UNO,,0,102031,0,0,,100002,9,LT,0,,,,,140133,2024-07-30 10:35:59.000,1,140133,2024-07-30 11:04:24.000,2024-07-30,,,,0,0,
9108,,03644-FUR-MK -CFS-PTRE-0724,Meja Kerja,CFS,UNO,,0,102031,0,0,,100002,9,LT,0,,,,,140133,2024-07-30 10:36:23.000,1,140133,2024-07-30 11:04:40.000,2024-07-30,,,,0,0,
9422,,03962-FUR-MK -CFS-PTRE-24,Meja Kerja,CFS,UNO,,0,105007,0,0,,100002,9,LT,0,,,,,140133,2024-09-20 09:35:02.000,1,140133,2025-03-11 15:51:16.000,2024-08-02,1726799702MEJA_KERJA.jpeg,1726799702MEJA_KERJA_thumb.jpeg,/assets/uploads/assetsre/ap/,0,0,
8696,,04661-SIN-PAN-CFS-PTRE-25,PANEL,CFS,SOLIS,,0,101023,0,0,,180003,9,LT,0,,,,,140133,2025-02-07 14:27:45.000,1,140133,2025-11-18 16:06:23.000,2024-07-26,,,,0,0,
3803,,01209-MON-LCD-ICT-PTRE-13,"Monitor LED 20 """,ICT,HP,"Monitor LED 20 """,0,121001,0,0,,130004,,LT,1,0,,,,53573,2017-01-04 00:00:00.000,1,130090,2020-10-02 09:55:23.000,2014-01-16,,,,0,0,
6449,,01946 MON-LCD-ICT-PTRE-19,Dell 19.5,ICT,DELL,monitor dell 19.5,0,101033,0,0,,130004,9,LT,0,,,,,053573,2020-01-30 13:56:57.000,1,053573,2020-01-30 13:57:15.000,2019-10-29,,,,0,0,
8698,,03243-ACC-ELET-CFS-PTRE-24,MONITOR,CFS,DELL,,0,101022,0,0,,260000,9,LT,0,,,,,140133,2024-08-02 13:55:23.000,1,140133,2024-08-08 11:30:35.000,2024-07-26,,,,0,0,
7957,,02639-ACC-AC-CFS-PTRE-18,Ac Portable,CFS,Aux,Ac Portable,0,101047,0,0,,180001,9,LT,0,,,,,130090,2023-06-14 14:05:55.000,1,140133,2024-07-29 11:42:54.000,2023-06-14,,,,0,0,
177,,00177-SIN-AC-CFS-PTRE-12,AC Split,CFS,LG,1 PK,0,101024,0,0,,180001,80,LT,0,0,,,,130090,2020-10-26 13:47:34.000,1,140133,2024-08-02 13:59:42.000,2018-03-15,1603694854AC_DAIKIN.jpg,1603694854AC_DAIKIN_thumb.jpg,/assets/uploads/assetsre/ap/,0,0,
1469,,01469-SIN-AC-CFS-PTRE-14,AC Split,CFS,Daikin,1 PK,0,103011,0,0,,180001,80,LT,0,0,,,,130090,2020-10-26 13:34:26.000,1,140133,2024-08-05 13:14:26.000,2018-03-15,1603694066AC_DAIKIN.jpg,1603694066AC_DAIKIN_thumb.jpg,/assets/uploads/assetsre/ap/,0,0,
1858,,01858-SIN-AC-CFS-PTRE-12,AC Split,CFS,Daikin,1 PK,0,105010,0,0,,180001,80,LT,0,0,,,,130090,2020-10-26 13:43:57.000,1,140133,2024-08-02 09:25:14.000,2018-03-15,1603694637AC_DAIKIN.jpg,1603694637AC_DAIKIN_thumb.jpg,/assets/uploads/assetsre/ap/,0,0,
7949,,04097-ELK-ACS-CFS-PTRE-13,Ac Split 2 PK,CFS,DAIKIN,Ac Daikin 2 pk,0,101045,0,0,23-1131109,260001,9,LT,0,,,,,140133,2025-02-13 16:05:15.000,1,140133,2025-02-13 16:10:06.000,2023-06-14,1726558939AC_SPLIT_DAIKIN.jpeg,1726558939AC_SPLIT_DAIKIN_thumb.jpeg,/assets/uploads/assetsre/ap/,0,0,
7950,,02632-ACC-AC-CFS-PTRE-20,Ac Split 1 PK,CFS,DAIKIN,Ac Split,0,101024,0,0,,180001,9,LT,0,,,,,130090,2023-06-14 13:36:13.000,1,140133,2024-08-02 13:59:38.000,2023-06-14,,,,0,0,
7951,,04096-ELK-ACS-CFS-PTRE-13,Ac Split 1 PK,CFS,PANASONIC,Ac 1 Pk Panasonic Inverter,0,101029,0,0,23-1131109,260001,9,LT,0,,,,,140133,2025-02-13 16:05:06.000,1,140133,2025-02-13 16:08:38.000,2023-06-14,1726559150AC_SPLIT_PANASONIC.jpeg,1726559150AC_SPLIT_PANASONIC_thumb.jpeg,/assets/uploads/assetsre/ap/,0,0,
7981,,02663-ACC-AC-CFS-PTRE-19,Ac Split 1 PK,CFS,DAIKIN,Ac Split,0,103011,0,0,,180001,9,LT,0,,,,,130090,2023-06-14 15:10:41.000,1,140133,2024-08-05 13:14:26.000,2023-06-14,,,,0,0,
7983,,02665-ACC-AC-CFS-PTRE-19,Ac Split 1 PK,CFS,DAIKIN,Ac Split,0,103011,0,0,,180001,9,LT,0,,,,,130090,2023-06-14 15:14:54.000,1,140133,2024-08-05 13:14:26.000,2023-06-14,,,,0,0,
8010,,04057-ELK-ACS-CFS-PTRE-18,Ac Split 2 PK,CFS,DAIKIN,Ac Split 2 PK,0,112008,0,0,,260001,9,LT,0,,,,,140133,2025-02-13 16:02:20.000,1,130090,2025-11-04 17:36:07.000,2023-06-16,1726558758AC_SPLIT_DAIKIN.jpeg,1726558758AC_SPLIT_DAIKIN_thumb.jpeg,/assets/uploads/assetsre/ap/,0,0,
8812,,03354-ACC-ELET-CFS-PTRE-24,AC,CFS,DAIKIN,,0,101046,0,0,,260001,9,LT,0,,,,,140133,2025-02-05 09:14:51.000,1,130090,2025-10-31 20:06:27.000,2024-07-26,1738721691AC_SPLIT_DAIKIN.jpeg,1738721691AC_SPLIT_DAIKIN_thumb.jpeg,/assets/uploads/assetsre/ap/,0,0,
9474,,04640-PEN-ACS-CFS-PTRE-25,AC Split,CFS,DAIKIN,,0,101024,0,0,23-1131109,260001,9,LT,0,,,,,140133,2025-11-18 16:09:55.000,1,255578,2026-01-02 15:01:21.000,2024-08-07,1726558686AC_SPLIT_DAIKIN.jpeg,1726558686AC_SPLIT_DAIKIN_thumb.jpeg,/assets/uploads/assetsre/ap/,0,0,
10486,,04559-ELK-HT-CFS-PTRE-24,HT,CFS,WEIERWEI,,0,101045,0,0,,240013,9,LT,0,,,,,140133,2025-02-07 09:14:00.000,1,140133,2025-02-13 16:10:06.000,2024-08-20,1738894440HT.jpeg,1738894440HT_thumb.jpeg,/assets/uploads/assetsre/ap/,0,0,
10487,,04560-ELK-HT-CFS-PTRE-24,HT,CFS,WEIERWEI,,0,101045,0,0,,240013,10,LT,0,,,,,140133,2025-02-07 09:03:28.000,1,140133,2025-02-13 16:10:06.000,2024-08-20,,,,0,0,
10488,,04561-ELK-HT-CFS-PTRE-24,HT,CFS,WEIERWEI,,0,101045,0,0,,240013,9,LT,0,,,,,140133,2025-02-07 09:03:09.000,1,140133,2025-02-13 16:10:06.000,2024-08-20,,,,0,0,
10490,,04563-ELK-HT-CFS-PTRE-24,HT,CFS,WEIERWEI,,0,101023,0,0,,240013,9,LT,0,,,,,140133,2025-02-07 09:02:36.000,1,140133,2025-11-18 16:07:34.000,2024-08-20,1724385345WhatsApp_Image_2024-08-23_at_10_53_50.jpeg,1724385345WhatsApp_Image_2024-08-23_at_10_53_50_thumb.jpeg,/assets/uploads/assetsre/ap/,0,0,
305,,00305-ACC-TL-CFS-PTRE-12,Telepon,CFS,Panasonic,Warna Hitam,0,101034,0,0,,110004,80,LT,0,0,,,,140133,2024-09-18 08:48:06.000,1,140133,2025-02-13 09:10:00.000,2018-03-15,1726624086telepon_panasonic_hitam.jpeg,1726624086telepon_panasonic_hitam_thumb.jpeg,/assets/uploads/assetsre/ap/,0,0,
697,,00697-ACC-TL-CFS-PTRE-12,Telepon,CFS,Panasonic,,0,102004,0,0,,110004,,LT,0,0,,,,130090,2017-02-27 00:00:00.000,1,140133,2024-08-20 13:28:07.000,2018-03-15,,,,0,0,
1011,,01011-ACC-TL-CFS-PTRE-12,Telepon,CFS,PANASONIC,,0,102013,0,0,,110004,,LT,0,0,,,,130090,2017-02-27 00:00:00.000,1,140133,2024-08-08 13:43:44.000,2018-03-15,,,,0,0,
